pop	chromosome	window_pos_1	window_pos_2	avg_pi	no_sites	count_diffs	count_comparisons	count_missing
GLOBAL	I	32589	42588	0.00023067505044615	1138	202072	876002843	6595680101
GLOBAL	I	42589	52588	8.2615842525099e-05	39	2468	29873205	7382277497
GLOBAL	I	52589	62588	7.7596948123595e-05	456	27108	349343636	7044251562
GLOBAL	I	62589	72588	NA	0	0	0	7255975210
GLOBAL	I	72589	82588	0.00038620766558081	810	240752	623374473	6927169363
GLOBAL	I	82589	92588	0.00033476818392264	784	201660	602386994	6749458320
GLOBAL	I	92589	102588	0	50	0	38389484	7045174168
GLOBAL	I	102589	112588	NA	0	0	0	7156239376
GLOBAL	I	112589	122588	0.00051891794189028	423	168488	324691028	6568678708
GLOBAL	I	122589	132588	0	418	0	320433372	7189906872
GLOBAL	I	132589	142588	0.00017594802169524	544	73248	416304766	6753851238
GLOBAL	I	142589	152588	9.1602121435804e-06	352	2484	271172759	7093042891
GLOBAL	I	152589	162588	0.00038918184325466	682	202368	519983148	6914588788
GLOBAL	I	162589	172588	0.0001099318786074	403	33972	309027740	7006479712
GLOBAL	I	172589	182588	0.00033543259924644	563	144924	432051030	7072104046
GLOBAL	I	182589	192588	0.0018643007196876	423	605716	324902519	6988285495
GLOBAL	I	192589	202588	0.00030490393746224	84	19616	64335017	7016909197
GLOBAL	I	202589	212588	NA	0	0	0	7426067330
GLOBAL	I	212589	222588	NA	0	0	0	6920429846
GLOBAL	I	222589	232588	NA	0	0	0	6973003774
GLOBAL	I	232589	242588	9.0264174370242e-05	182	12332	136621202	7070645810
GLOBAL	I	242589	252588	NA	0	0	0	7422201600
GLOBAL	I	252589	262588	0	21	0	16169031	7372014145
GLOBAL	I	262589	272588	0.00021922460722184	607	102044	465476943	6869359159
GLOBAL	I	272589	282588	5.1065954929908e-05	442	17320	339169218	6844903414
GLOBAL	I	282589	292588	0	138	0	106232422	6685855188
GLOBAL	I	292589	302588	5.1536174142164e-05	486	19156	371700079	6783766151
GLOBAL	I	302589	312588	0.00016798511523238	624	80440	478851950	6566054402
GLOBAL	I	312589	322588	0.0042875698473813	118	387580	90396195	6549381653
GLOBAL	I	322589	332588	8.3701310063734e-05	383	24584	293711054	7000148310
GLOBAL	I	332589	342588	0.00013269637569064	530	54116	407818222	6974952932
GLOBAL	I	342589	352588	0.00086573840510149	158	104584	120803235	7062496251
GLOBAL	I	352589	362588	0.00065364188196764	220	110108	168453098	7002476052
GLOBAL	I	362589	372588	0.000443723316832	252	85552	192804833	7131207225
GLOBAL	I	372589	382588	NA	0	0	0	6773532106
GLOBAL	I	382589	392588	0.00053734247419571	276	110784	206170190	7018106034
GLOBAL	I	392589	402588	0	58	0	44391850	6983505290
GLOBAL	I	402589	412588	0.0034193240362031	201	525920	153808178	7055005126
GLOBAL	I	412589	422588	0.006644351443415	459	2338300	351922986	6676747300
GLOBAL	I	422589	432588	0.0025223566162466	20	38784	15376097	6997058123
GLOBAL	I	432589	442588	0.0035297221151182	107	274780	77847488	6608319120
GLOBAL	I	442589	452588	0	23	0	17547095	7077613747
GLOBAL	I	452589	462588	0.00026827957734394	600	123380	459893374	6796854982
GLOBAL	I	462589	472588	0.00022528740734216	796	137768	611521086	6593426488
GLOBAL	I	472589	482588	0.00029181110006703	403	90108	308788802	6907755962
GLOBAL	I	482589	492588	0.00037918797521828	239	69216	182537434	6736346120
GLOBAL	I	492589	502588	0.00032605780674116	536	134288	411853350	7072973076
GLOBAL	I	502589	512588	0.00029980033058356	293	67560	225349985	6974185567
GLOBAL	I	512589	522588	7.7107150784927e-05	43	2484	32214911	7162681765
GLOBAL	I	522589	532588	0.00025610988207659	546	107060	418023698	6485396936
GLOBAL	I	532589	542588	0.00056637953983275	1110	482616	852107052	6600247242
GLOBAL	I	542589	552588	0.00048378201316461	484	179896	371853428	7140033108
GLOBAL	I	552589	562588	0.00037739670746928	291	84028	222651651	6101682629
GLOBAL	I	562589	572588	0.00060040938424805	275	125960	209790192	6168664308
GLOBAL	I	572589	582588	0.00147667936492	451	509100	344760015	6591132751
GLOBAL	I	582589	592588	0.00011439305652951	734	64240	561572546	6293913036
GLOBAL	I	592589	602588	0.00027156307265393	423	87576	322488618	4721515886
GLOBAL	I	602589	612588	NA	0	0	0	5735197028
GLOBAL	I	612589	622588	NA	0	0	0	1997036118
GLOBAL	I	622589	632588	NA	0	0	0	1508407846
GLOBAL	I	632589	642588	NA	0	0	0	3738934056
GLOBAL	I	642589	652588	6.7187862416462e-05	288	14668	218313241	6660366721
GLOBAL	I	652589	662588	0.0015194296225817	420	488224	321320575	6405049625
GLOBAL	I	662589	672588	0.0016979690112017	287	373480	219956900	6532700264
GLOBAL	I	672589	682588	0.00041075086424932	359	113340	275933686	6944476808
GLOBAL	I	682589	692588	0	149	0	113411198	6888972124
GLOBAL	I	692589	702588	0.00020251260383238	293	45104	222721940	6681471840
GLOBAL	I	702589	712588	NA	0	0	0	6478963480
GLOBAL	I	712589	722588	0.0012338268388065	452	424912	344385441	6332503415
GLOBAL	I	722589	732588	0.00027709139290174	394	82920	299251446	6678391204
GLOBAL	I	732589	742588	0.0012033875767754	176	159480	132525882	6360354226
GLOBAL	I	742589	752588	0.00096792061198588	58	43056	44482987	6597614299
GLOBAL	I	752589	762588	0.00017369253771111	295	38872	223797755	6514942781
GLOBAL	I	762589	772588	0.00063253031038887	279	135236	213801612	6411286462
GLOBAL	I	772589	782588	0.0002842280149971	79	17108	60191111	6306666199
GLOBAL	I	782589	792588	0.00078508831001757	150	89780	114356562	6281107150
GLOBAL	I	792589	802588	6.2608520760158e-05	258	12352	197289440	6762570852
GLOBAL	I	802589	812588	8.1659665268539e-05	275	17076	209111805	6540452775
GLOBAL	I	812589	822588	NA	0	0	0	6880999400
GLOBAL	I	822589	832588	3.5102795226952e-05	183	4880	139020268	6782955870
GLOBAL	I	832589	842588	0.0020041354489043	311	476096	237556798	6551438228
GLOBAL	I	842589	852588	0	274	0	209326841	5866827573
GLOBAL	I	852589	862588	0	98	0	74941454	6956821416
GLOBAL	I	862589	872588	0.00072976285361871	164	91268	125065286	6479147846
GLOBAL	I	872589	882588	0.00034844722176068	270	70992	203738172	6275998454
GLOBAL	I	882589	892588	0.00010080959983441	317	23664	234739549	6401945715
GLOBAL	I	892589	902588	8.6969855283584e-05	332	22000	252961212	6498149660
GLOBAL	I	902589	912588	0.00026320183524877	315	63544	241426888	6895483838
GLOBAL	I	912589	922588	0.0024512630192253	134	250288	102105730	6595658068
GLOBAL	I	922589	932588	0.00061551408026676	547	256884	417348698	6544057886
GLOBAL	I	932589	942588	0.0020815404857296	238	378124	181655847	6814542307
GLOBAL	I	942589	952588	0.0017120427776687	429	556908	325288601	6513187769
GLOBAL	I	952589	962588	NA	0	0	0	6588750212
GLOBAL	I	962589	972588	0.0016190771585661	319	391008	241500535	6409101357
GLOBAL	I	972589	982588	0.0020234577449	395	612632	302764909	6754511779
GLOBAL	I	982589	992588	0.00015006010597768	256	29120	194055574	4666713328
GLOBAL	I	992589	1002588	0.0008553219920399	388	252796	295556530	7007580586
GLOBAL	I	1002589	1012588	0.0055057631790403	396	1672588	303788584	6463558354
GLOBAL	I	1012589	1022588	NA	0	0	0	6796726486
GLOBAL	I	1022589	1032588	NA	0	0	0	6632046388
GLOBAL	I	1032589	1042588	4.5947268743419e-05	71	2472	53800804	6933892744
GLOBAL	I	1042589	1052588	0.0026366892172479	224	451388	171194996	6742276536
GLOBAL	I	1052589	1062588	0.00061303706936806	445	208484	340083839	5417534423
GLOBAL	I	1062589	1072588	NA	0	0	0	6240061366
GLOBAL	I	1072589	1082588	0.00045250495625178	265	91424	202039776	6153220344
GLOBAL	I	1082589	1092588	0.00031049682545726	73	17184	55343561	7043683011
GLOBAL	I	1092589	1102588	0.00073686551896487	148	83552	113388397	6703439885
GLOBAL	I	1102589	1112588	0.00085538725345523	41	26708	31223285	6659582199
GLOBAL	I	1112589	1122588	3.5200810502969e-05	95	2452	69657487	6486620593
GLOBAL	I	1122589	1132588	0.0021378296482385	235	380576	178019797	6838280153
GLOBAL	I	1132589	1142588	0.0094236015174157	164	1174536	124637698	6495038354
GLOBAL	I	1142589	1152588	0.043335262008765	266	8617132	198848042	5993278272
GLOBAL	I	1152589	1162588	0.007268172360424	219	1216684	167398892	5959783158
GLOBAL	I	1162589	1172588	0.0019507628929294	382	568080	291209148	6495466440
GLOBAL	I	1172589	1182588	2.0307121465942e-05	159	2480	122124645	6465079275
GLOBAL	I	1182589	1192588	0.00037027395433681	182	50656	136806814	6628220686
GLOBAL	I	1192589	1202588	0	29	0	22030764	6516464958
GLOBAL	I	1202589	1212588	NA	0	0	0	6954448270
GLOBAL	I	1212589	1222588	0	48	0	36396523	6948204441
GLOBAL	I	1222589	1232588	6.2134547119709e-05	157	7420	119418268	6288415780
GLOBAL	I	1232589	1242588	0.0019878646979993	233	354124	178142909	6630953913
GLOBAL	I	1242589	1252588	0.0093906866204208	202	1455436	154987176	5963690268
GLOBAL	I	1252589	1262588	0.038036570493149	251	7142092	187769084	6162852160
GLOBAL	I	1262589	1272588	0.0029258128032626	341	762652	260663293	6294841641
GLOBAL	I	1272589	1282588	0.0011005209615986	162	136436	123974013	7055459743
GLOBAL	I	1282589	1292588	NA	0	0	0	6939758496
GLOBAL	I	1292589	1302588	NA	0	0	0	6570194708
GLOBAL	I	1302589	1312588	0.0027153961383832	207	432476	159268106	6961406554
GLOBAL	I	1312589	1322588	NA	0	0	0	6355260120
GLOBAL	I	1322589	1332588	NA	0	0	0	6987693548
GLOBAL	I	1332589	1342588	0.00060921653467271	389	182144	298980723	6558824297
GLOBAL	I	1342589	1352588	0.0003891064500514	536	160032	411280769	6605792327
GLOBAL	I	1352589	1362588	NA	0	0	0	6557824372
GLOBAL	I	1362589	1372588	0.00070520754255497	287	153528	217706123	7032857065
GLOBAL	I	1372589	1382588	0.0005811416081742	310	137808	237133253	6560366379
GLOBAL	I	1382589	1392588	0	34	0	25577370	6734811254
GLOBAL	I	1392589	1402588	NA	0	0	0	6666837958
GLOBAL	I	1402589	1412588	0.00031632732119692	139	33712	106573153	6189154725
GLOBAL	I	1412589	1422588	0.00038489952796144	106	31200	81060115	6636032333
GLOBAL	I	1422589	1432588	0.0003117218422452	378	90036	288834428	6538817898
GLOBAL	I	1432589	1442588	0.00093585786870913	310	220636	235758022	6529269478
GLOBAL	I	1442589	1452588	0	63	0	48165983	6827421395
GLOBAL	I	1452589	1462588	NA	0	0	0	6715546156
GLOBAL	I	1462589	1472588	0.0027487057667096	224	470768	171268968	6391194280
GLOBAL	I	1472589	1482588	NA	0	0	0	6786675588
GLOBAL	I	1482589	1492588	NA	0	0	0	6436440450
GLOBAL	I	1492589	1502588	0	71	0	54090666	5780069050
GLOBAL	I	1502589	1512588	0	48	0	36224948	6861010518
GLOBAL	I	1512589	1522588	0.014459882645833	495	5445136	376568478	6136413426
GLOBAL	I	1522589	1532588	0.012692281102371	555	5378820	423786706	6122440476
GLOBAL	I	1532589	1542588	0.0031509773641204	165	399756	126867303	7098182067
GLOBAL	I	1542589	1552588	NA	0	0	0	6958314000
GLOBAL	I	1552589	1562588	0.002354579191167	50	90012	38228487	6872150461
GLOBAL	I	1562589	1572588	0.00077414508417872	209	123864	160001016	6802178714
GLOBAL	I	1572589	1582588	0.026719913852351	18	367284	13745703	6840193587
GLOBAL	I	1582589	1592588	0.0035086677320109	273	735256	209554183	7085078327
GLOBAL	I	1592589	1602588	0.00042372757182503	217	70272	165842406	6886795406
GLOBAL	I	1602589	1612588	0.00021516331056503	205	33496	155677099	7043085307
GLOBAL	I	1612589	1622588	0.00013137351219232	123	12380	94235130	7000152566
GLOBAL	I	1622589	1632588	NA	0	0	0	6887957714
GLOBAL	I	1632589	1642588	0.0048754857473356	91	333132	68327961	6477126075
GLOBAL	I	1642589	1652588	NA	0	0	0	6499838422
GLOBAL	I	1652589	1662588	NA	0	0	0	6843888392
GLOBAL	I	1662589	1672588	NA	0	0	0	7224276224
GLOBAL	I	1672589	1682588	2.3310504932026e-05	138	2464	105703416	6499282862
GLOBAL	I	1682589	1692588	0.00034866739526617	291	77864	223318845	7034202657
GLOBAL	I	1692589	1702588	NA	0	0	0	7216544764
GLOBAL	I	1702589	1712588	0.0043019569065195	918	2965040	689230521	6553601207
GLOBAL	I	1712589	1722588	0.00065657213720696	170	85200	129764873	6929058107
GLOBAL	I	1722589	1732588	NA	0	0	0	6533856846
GLOBAL	I	1732589	1742588	NA	0	0	0	6662972228
GLOBAL	I	1742589	1752588	0	20	0	15430623	6947522253
GLOBAL	I	1752589	1762588	0.0010817385485248	964	801480	740918405	6655769377
GLOBAL	I	1762589	1772588	0.00067998264523105	907	473840	696841314	6714536242
GLOBAL	I	1772589	1782588	0.0019424675388037	116	173112	89119636	6860689758
GLOBAL	I	1782589	1792588	NA	0	0	0	2833580090
GLOBAL	I	1792589	1802588	NA	0	0	0	2361961030
GLOBAL	I	1802589	1812588	0.00010866891687875	148	12284	113040604	7092680116
GLOBAL	I	1812589	1822588	NA	0	0	0	6825332888
GLOBAL	I	1822589	1832588	4.6565380630299e-05	278	9852	211573488	6804726462
GLOBAL	I	1832589	1842588	8.1307251886197e-05	552	34388	422938904	6696962610
GLOBAL	I	1842589	1852588	0.00037279673308066	632	180660	484607251	6707969987
GLOBAL	I	1852589	1862588	0.00023941404972942	625	114984	480272566	6719262986
GLOBAL	I	1862589	1872588	0.00040074705813377	736	225336	562289842	6489574824
GLOBAL	I	1872589	1882588	0.00038510392417962	173	51140	132795323	6551824993
GLOBAL	I	1882589	1892588	NA	0	0	0	6463500560
GLOBAL	I	1892589	1902588	NA	0	0	0	7085109944
GLOBAL	I	1902589	1912588	0.00011414530979545	529	46208	404817334	6750648896
GLOBAL	I	1912589	1922588	0.00033880400215266	477	122672	362073645	6383625205
GLOBAL	I	1922589	1932588	0.0011841089417333	242	219548	185411994	6130417680
GLOBAL	I	1932589	1942588	0.00060157420699044	114	52520	87304275	6618964129
GLOBAL	I	1942589	1952588	7.8919523925966e-05	123	7404	93817089	6583071767
GLOBAL	I	1952589	1962588	0	185	0	140979959	6957273467
GLOBAL	I	1962589	1972588	0.0011549398553879	165	144164	124823816	6848179958
GLOBAL	I	1972589	1982588	0.011363767493009	273	2370368	208589977	5774013771
GLOBAL	I	1982589	1992588	0.010707820047295	576	4722376	441021233	6971902615
GLOBAL	I	1992589	2002588	0.0070117494937991	424	2282236	325487384	6758849414
GLOBAL	I	2002589	2012588	0.01315695681279	301	3015780	229215619	6394326163
GLOBAL	I	2012589	2022588	0.00063984410649409	194	94956	148404899	6357618691
GLOBAL	I	2022589	2032588	0.0002593156283101	196	38856	149840564	6803061414
GLOBAL	I	2032589	2042588	0.00056217556223594	417	179692	319636804	6944843012
GLOBAL	I	2042589	2052588	0.00090176370507024	358	247196	274125027	6604554935
GLOBAL	I	2052589	2062588	0.00044977378782471	80	26268	58402692	6565912236
GLOBAL	I	2062589	2072588	0.00066549539076888	229	115064	172899770	6676400644
GLOBAL	I	2072589	2082588	NA	0	0	0	6681527732
GLOBAL	I	2082589	2092588	0.00014341897359655	246	27016	188371171	6761438223
GLOBAL	I	2092589	2102588	0	62	0	44204715	6597892571
GLOBAL	I	2102589	2112588	NA	0	0	0	6540042014
GLOBAL	I	2112589	2122588	0	272	0	208697987	7007073631
GLOBAL	I	2122589	2132588	0.00075251900087943	328	188676	250725895	6873041349
GLOBAL	I	2132589	2142588	NA	0	0	0	7091295112
GLOBAL	I	2142589	2152588	0.00021289618875697	492	80224	376822152	6985074060
GLOBAL	I	2152589	2162588	0.00030509332821294	369	84544	277108649	6533534465
GLOBAL	I	2162589	2172588	0.00052337238767994	355	141880	271088050	6086491508
GLOBAL	I	2172589	2182588	6.3520667194493e-06	511	2484	391053827	6297432219
GLOBAL	I	2182589	2192588	0.00037358341608549	603	173088	463318211	6613287127
GLOBAL	I	2192589	2202588	0	185	0	142411972	7096554026
GLOBAL	I	2202589	2212588	0.00018416510611521	209	29676	161138017	5482827783
GLOBAL	I	2212589	2222588	0.00043294329492054	342	113392	261909588	5388241380
GLOBAL	I	2222589	2232588	2.9133528135684e-05	223	4956	170113279	5920730909
GLOBAL	I	2232589	2242588	0.00062683020312299	216	103420	164988859	5074621583
GLOBAL	I	2242589	2252588	0.00024891279517573	178	33712	135436991	6275489641
GLOBAL	I	2252589	2262588	NA	0	0	0	6455769100
GLOBAL	I	2262589	2272588	0.00051278913081202	167	65076	126905966	6280154936
GLOBAL	I	2272589	2282588	0	89	0	66698008	6451695918
GLOBAL	I	2282589	2292588	0	60	0	45828149	6097589967
GLOBAL	I	2292589	2302588	NA	0	0	0	6223052154
GLOBAL	I	2302589	2312588	NA	0	0	0	6656013914
GLOBAL	I	2312589	2322588	0.0019540359751009	292	435572	222908895	6643400731
GLOBAL	I	2322589	2332588	0.00017552021367563	561	75404	429602941	6619942287
GLOBAL	I	2332589	2342588	0.00012191350719737	262	24480	200798095	6761381635
GLOBAL	I	2342589	2352588	0.00024717765001109	547	103664	419390669	6619330515
GLOBAL	I	2352589	2362588	0	66	0	50559295	7019087729
GLOBAL	I	2362589	2372588	0	41	0	31550254	6704870844
GLOBAL	I	2372589	2382588	6.0563820597313e-05	107	4960	81897079	6640607391
GLOBAL	I	2382589	2392588	NA	0	0	0	6615037176
GLOBAL	I	2392589	2402588	0.00066853434969407	183	93620	140037681	6527573423
GLOBAL	I	2402589	2412588	0.00047245423583604	184	65888	139459010	6694378484
GLOBAL	I	2412589	2422588	0.00020644372028689	317	50064	242506771	6906774291
GLOBAL	I	2422589	2432588	9.6766052683714e-05	100	7416	76638447	6599477263
GLOBAL	I	2432589	2442588	0.00050064468608846	162	62076	123992128	6546711560
GLOBAL	I	2442589	2452588	0.00055074185991329	301	126648	229958914	6750776320
GLOBAL	I	2452589	2462588	0.0014120634378524	370	399296	282774831	6725793659
GLOBAL	I	2462589	2472588	0.00021387948561016	393	64544	301777423	6680504103
GLOBAL	I	2472589	2482588	0.00035842288872624	343	94420	263431837	6777608785
GLOBAL	I	2482589	2492588	7.6387966947101e-05	543	31824	416610119	6734217235
GLOBAL	I	2492589	2502588	0	140	0	106245239	7097929189
GLOBAL	I	2502589	2512588	8.9770039168284e-06	357	2456	273587939	7031095469
GLOBAL	I	2512589	2522588	0.0004838377373709	797	296688	613197312	6400783200
GLOBAL	I	2522589	2532588	5.31691504605e-05	302	12280	230960997	6550302569
GLOBAL	I	2532589	2542588	0.00028629671201834	316	68548	239429924	6565801168
GLOBAL	I	2542589	2552588	1.424424339365e-05	454	4960	348210843	6829676621
GLOBAL	I	2552589	2562588	0.00051228236102905	117	45676	89161766	6546750352
GLOBAL	I	2562589	2572588	0.00050595536705123	619	239844	474041814	6483499040
GLOBAL	I	2572589	2582588	0.0012072058311338	219	202028	167351743	6469333521
GLOBAL	I	2582589	2592588	9.7442817958492e-05	164	12252	125735280	6903708152
GLOBAL	I	2592589	2602588	0.00046049998280699	130	45600	99022805	6379167529
GLOBAL	I	2602589	2612588	0.00010465230597603	368	29472	281618257	6932607069
GLOBAL	I	2612589	2622588	0.00039552530821654	638	192412	486472031	6343499733
GLOBAL	I	2622589	2632588	0.039258058667461	501	15017380	382529868	6256474834
GLOBAL	I	2632589	2642588	0.057147131558354	81	3548668	62097045	5544757747
GLOBAL	I	2642589	2652588	NA	0	0	0	6373042478
GLOBAL	I	2652589	2662588	NA	0	0	0	6884865130
GLOBAL	I	2662589	2672588	NA	0	0	0	5972552850
GLOBAL	I	2672589	2682588	NA	0	0	0	7017846242
GLOBAL	I	2682589	2692588	0	96	0	73288455	6956928123
GLOBAL	I	2692589	2702588	0.0013997135728825	384	410088	292979941	6561732495
GLOBAL	I	2702589	2712588	0.016445330005159	412	5194936	315891259	6193998061
GLOBAL	I	2712589	2722588	NA	0	0	0	5322337064
GLOBAL	I	2722589	2732588	NA	0	0	0	6969138044
GLOBAL	I	2732589	2742588	NA	0	0	0	6860897604
GLOBAL	I	2742589	2752588	0	33	0	25446751	7316347665
GLOBAL	I	2752589	2762588	NA	0	0	0	7279169590
GLOBAL	I	2762589	2772588	NA	0	0	0	7410604410
GLOBAL	I	2772589	2782588	6.5552644154146e-05	98	4940	75359279	7284990641
GLOBAL	I	2782589	2792588	8.4389020843363e-05	266	17224	204102380	6929715762
GLOBAL	I	2792589	2802588	NA	0	0	0	7018619388
GLOBAL	I	2802589	2812588	0.00012950365638742	443	43728	337658420	6607512098
GLOBAL	I	2812589	2822588	0.00079450146883216	599	365824	460444712	6785479600
GLOBAL	I	2822589	2832588	0.00028302263592359	721	156864	554245421	6942178195
GLOBAL	I	2832589	2842588	6.7463482150805e-05	379	19680	291713374	7071729130
GLOBAL	I	2842589	2852588	0.00062580397831138	138	65556	104754847	6534249855
GLOBAL	I	2852589	2862588	0.00030424955727664	76	17156	56387921	6275677819
GLOBAL	I	2862589	2872588	0.001010719091461	597	459316	454444765	6628345741
GLOBAL	I	2872589	2882588	0.00027950778261468	519	111532	399030034	6880139556
GLOBAL	I	2882589	2892588	9.7979029122831e-05	132	9900	101042030	7010354878
GLOBAL	I	2892589	2902588	NA	0	0	0	6735647952
GLOBAL	I	2902589	2912588	NA	0	0	0	6846207830
GLOBAL	I	2912589	2922588	9.1065335602415e-05	107	7380	81040716	6396376472
GLOBAL	I	2922589	2932588	0	115	0	87445028	6857725490
GLOBAL	I	2932589	2942588	2.8088176929542e-05	229	4940	175874711	7042216345
GLOBAL	I	2942589	2952588	0	16	0	12266266	7258398718
GLOBAL	I	2952589	2962588	2.9830797171909e-05	217	4920	164930222	7139753186
GLOBAL	I	2962589	2972588	0.00077243640355051	324	192224	248854144	7256074078
GLOBAL	I	2972589	2982588	0.0006646377422887	486	248508	373899922	7076908080
GLOBAL	I	2982589	2992588	0	11	0	8341880	7149443788
GLOBAL	I	2992589	3002588	0	212	0	162413681	7294579489
GLOBAL	I	3002589	3012588	6.4921805441807e-05	510	24576	378547698	6827946168
GLOBAL	I	3012589	3022588	2.3438930465187e-05	685	12336	526303878	6680189988
GLOBAL	I	3022589	3032588	0.0014675732418175	831	936828	638351786	6487734896
GLOBAL	I	3032589	3042588	0	256	0	195817808	6812750682
GLOBAL	I	3042589	3052588	6.361095948898e-05	103	4944	77722456	7060734562
GLOBAL	I	3052589	3062588	5.6892620552753e-05	342	14800	260139186	6865947496
GLOBAL	I	3062589	3072588	1.8070387199255e-05	178	2460	136134327	7085822459
GLOBAL	I	3072589	3082588	0.0018500976259363	320	453596	245174089	7094300889
GLOBAL	I	3082589	3092588	0.00025578941192655	376	73864	288768794	6865924290
GLOBAL	I	3092589	3102588	0	55	0	41961150	6890065886
GLOBAL	I	3102589	3112588	NA	0	0	0	7044133206
GLOBAL	I	3112589	3122588	NA	0	0	0	7133044996
GLOBAL	I	3122589	3132588	0.00093936101105373	176	126112	134252964	7168884152
GLOBAL	I	3132589	3142588	NA	0	0	0	7368081380
GLOBAL	I	3142589	3152588	0.00071464329299815	129	69500	97251315	7236811641
GLOBAL	I	3152589	3162588	0.00024685484862109	310	58668	237661931	6970378227
GLOBAL	I	3162589	3172588	2.7722133790951e-05	579	12292	443400212	6678820740
GLOBAL	I	3172589	3182588	4.5462725716988e-05	71	2484	54638167	7075314245
GLOBAL	I	3182589	3192588	0	108	0	82796304	6846138148
GLOBAL	I	3192589	3202588	0.00085240339136133	330	215704	253053897	6383631367
GLOBAL	I	3202589	3212588	0.0002075408935582	337	53544	257992529	6939223585
GLOBAL	I	3212589	3222588	0	14	0	10673007	6919034591
GLOBAL	I	3222589	3232588	0.00010753195547554	30	2484	23100110	7164838252
GLOBAL	I	3232589	3242588	0.00070289820291378	419	225772	321201561	6844315567
GLOBAL	I	3242589	3252588	0.00057186757178224	603	264200	461995072	6757642276
GLOBAL	I	3252589	3262588	1.3100659285396e-05	247	2480	189303450	6271877672
GLOBAL	I	3262589	3272588	0.00029611621020848	475	107612	363411378	6927355402
GLOBAL	I	3272589	3282588	0.00015001878757631	527	60684	404509335	6856877897
GLOBAL	I	3282589	3292588	5.0057376068853e-05	385	14800	295660723	7010568977
GLOBAL	I	3292589	3302588	0.00016771855153586	587	75768	451756823	6770199963
GLOBAL	I	3302589	3312588	0.00026493548066905	372	75496	284959945	6881330329
GLOBAL	I	3312589	3322588	7.1432170548016e-05	619	33940	475136059	6662547813
GLOBAL	I	3322589	3332588	0.00044130625227453	241	81860	185494766	6622828910
GLOBAL	I	3332589	3342588	NA	0	0	0	7267572400
GLOBAL	I	3342589	3352588	0.00037583951682001	411	117732	313250722	6881645954
GLOBAL	I	3352589	3362588	0.00026182185634715	219	44064	168297638	6913719722
GLOBAL	I	3362589	3372588	0.0014235125962941	353	386152	271267006	6911259334
GLOBAL	I	3372589	3382588	0.00021994233213359	583	98652	448535755	6572403071
GLOBAL	I	3382589	3392588	0.00050513731020756	1076	417972	827442344	6555328810
GLOBAL	I	3392589	3402588	4.0102018542869e-05	242	7436	185427075	7299399351
GLOBAL	I	3402589	3412588	3.284096006227e-05	786	19812	603271036	6666620802
GLOBAL	I	3412589	3422588	6.6968053988413e-05	193	9912	148010871	6892256605
GLOBAL	I	3422589	3432588	0.0011993633684828	221	203052	169299818	7314753462
GLOBAL	I	3432589	3442588	1.7343274559164e-05	370	4940	284836637	7061596655
GLOBAL	I	3442589	3452588	0.00015197017436726	210	24544	161505375	7252191619
GLOBAL	I	3452589	3462588	0.0024572178769477	329	531712	216387812	4349812464
GLOBAL	I	3462589	3472588	0	32	0	22729110	6941770058
GLOBAL	I	3472589	3482588	0.0001604685786191	60	7428	46289436	7146287802
GLOBAL	I	3482589	3492588	0.00049553074680923	1231	469204	946871618	6568107502
GLOBAL	I	3492589	3502588	0.00011883396116949	398	36360	305973138	7089941498
GLOBAL	I	3502589	3512588	9.3876409090821e-05	711	51376	547272744	6859465936
GLOBAL	I	3512589	3522588	0.00014408358088797	307	33992	235918623	7171593203
GLOBAL	I	3522589	3532588	3.3144873208084e-05	872	22208	670028208	6674858792
GLOBAL	I	3532589	3542588	9.1937110927774e-05	819	57928	630082884	6683105130
GLOBAL	I	3542589	3552588	0.00094544322632152	645	469028	496093247	7004969245
GLOBAL	I	3552589	3562588	0.00017609305094073	612	82872	470614823	7083794743
GLOBAL	I	3562589	3572588	0	36	0	27734004	7170255256
GLOBAL	I	3572589	3582588	NA	0	0	0	7381224862
GLOBAL	I	3582589	3592588	0.00029522268596102	658	149288	505679296	6847712310
GLOBAL	I	3592589	3602588	0.00024193687794421	492	91252	377172760	7028792774
GLOBAL	I	3602589	3612588	4.0395502148189e-05	556	17292	428067460	7049800652
GLOBAL	I	3612589	3622588	0.00022885254607481	312	55036	240486728	7078886454
GLOBAL	I	3622589	3632588	0.0010166017188493	137	107304	105551661	7245520507
GLOBAL	I	3632589	3642588	0.00084191846457389	731	473740	562691068	7042746134
GLOBAL	I	3642589	3652588	0.0012049962949866	585	542944	450577319	6891217097
GLOBAL	I	3652589	3662588	0.0015422633014965	349	412444	267427747	6837010847
GLOBAL	I	3662589	3672588	0	5	0	3850844	6684635202
GLOBAL	I	3672589	3682588	0.00055393981262059	535	227696	411048267	7045944903
GLOBAL	I	3682589	3692588	0.00025265993036352	772	149840	593050112	6928887322
GLOBAL	I	3692589	3702588	NA	0	0	0	7405965534
GLOBAL	I	3702589	3712588	0.00021476578210198	452	74456	346684650	7019077292
GLOBAL	I	3712589	3722588	0.00045760182125956	97	33936	74160544	7344175326
GLOBAL	I	3722589	3732588	0.00011081793851256	288	24480	220902864	6977859542
GLOBAL	I	3732589	3742588	0.00012212998116027	624	58556	479456391	6790435447
GLOBAL	I	3742589	3752588	0	68	0	51979792	7364809786
GLOBAL	I	3752589	3762588	2.7165810891921e-05	118	2452	90260512	7196640538
GLOBAL	I	3762589	3772588	NA	0	0	0	4288640862
GLOBAL	I	3772589	3782588	0	6	0	4368773	5114630893
GLOBAL	I	3782589	3792588	0.00017082033494468	38	4944	28942690	7357694194
GLOBAL	I	3792589	3802588	NA	0	0	0	7240512290
GLOBAL	I	3802589	3812588	9.7169167646705e-06	332	2468	253990032	6964101024
GLOBAL	I	3812589	3822588	4.7673708118575e-05	470	17220	361205383	6868482863
GLOBAL	I	3822589	3832588	0.00036129871457098	187	41724	115483389	7152862157
GLOBAL	I	3832589	3842588	0.00024402370214239	258	48156	197341486	6938796094
GLOBAL	I	3842589	3852588	0.0010658137479732	296	242072	227124111	6973957733
GLOBAL	I	3852589	3862588	0.00036213673386801	580	160876	444241042	6593706996
GLOBAL	I	3862589	3872588	0.00016675790355338	322	41276	247520502	6969024262
GLOBAL	I	3872589	3882588	NA	0	0	0	7047998936
GLOBAL	I	3882589	3892588	NA	0	0	0	6989239840
GLOBAL	I	3892589	3902588	NA	0	0	0	5040911920
GLOBAL	I	3902589	3912588	0.00069028235496513	248	131632	190692981	5024949935
GLOBAL	I	3912589	3922588	0	421	0	323254646	6754896984
GLOBAL	I	3922589	3932588	7.2465601568333e-05	797	44436	613201285	6818278067
GLOBAL	I	3932589	3942588	0.00011035948578108	1045	88556	802432155	6598894503
GLOBAL	I	3942589	3952588	0.0010703860420949	579	476568	445230021	6806879459
GLOBAL	I	3952589	3962588	0.00056887471786337	560	244044	428994280	7004804510
GLOBAL	I	3962589	3972588	NA	0	0	0	6704722112
GLOBAL	I	3972589	3982588	NA	0	0	0	5906062294
GLOBAL	I	3982589	3992588	7.7903971308398e-05	655	38632	495892563	6994345885
GLOBAL	I	3992589	4002588	0.00037139175980959	305	87272	234986366	7200358716
GLOBAL	I	4002589	4012588	0	37	0	26641966	4483118652
GLOBAL	I	4012589	4022588	NA	0	0	0	7450034856
GLOBAL	I	4022589	4032588	NA	0	0	0	7357257336
GLOBAL	I	4032589	4042588	0.00024730757140821	537	101932	412166920	7133738040
GLOBAL	I	4042589	4052588	1.1061484625854e-05	869	7404	669349572	6758264050
GLOBAL	I	4052589	4062588	0.00020491486604632	373	58768	286792272	7198034154
GLOBAL	I	4062589	4072588	0	265	0	203845251	7087694675
GLOBAL	I	4072589	4082588	0.00049874516490615	588	225500	452134709	7052793513
GLOBAL	I	4082589	4092588	3.0159850791856e-05	637	14732	488463955	6611335763
GLOBAL	I	4092589	4102588	1.6625963169114e-05	391	4960	298328581	7086762011
GLOBAL	I	4102589	4112588	4.3478304543161e-05	296	9912	227975771	7083665951
GLOBAL	I	4112589	4122588	0.00092371524114341	572	406132	439672295	7008043123
GLOBAL	I	4122589	4132588	0.00019857035170632	223	34096	171707406	7030920730
GLOBAL	I	4132589	4142588	6.2479224897634e-05	514	24660	394691196	7030602988
GLOBAL	I	4142589	4152588	5.6462834994834e-05	171	7416	131343033	7017938029
GLOBAL	I	4152589	4162588	0	82	0	63011612	7362282572
GLOBAL	I	4162589	4172588	0.00027539012396246	431	91252	331355383	7140327561
GLOBAL	I	4172589	4182588	0.0011586516919701	67	59700	51525407	7383819675
GLOBAL	I	4182589	4192588	0.00079511491544461	270	164468	206848088	7240094184
GLOBAL	I	4192589	4202588	0.00085992300524517	686	454664	528726406	6971562940
GLOBAL	I	4202589	4212588	0.00017138468305206	630	83096	484850796	7099711464
GLOBAL	I	4212589	4222588	3.8997125557831e-05	657	19696	505062866	7053212430
GLOBAL	I	4222589	4232588	0.00038670285075118	337	100180	259061964	7228083900
GLOBAL	I	4232589	4242588	4.7154052475799e-05	272	9868	209271515	6950060445
GLOBAL	I	4242589	4252588	0	104	0	79926482	7246405014
GLOBAL	I	4252589	4262588	0.0001380572452615	299	31668	229383108	6962420984
GLOBAL	I	4262589	4272588	0.00070710624642577	604	327244	462793253	6867403973
GLOBAL	I	4272589	4282588	0.00021445368517269	880	144880	675577106	6725749552
GLOBAL	I	4282589	4292588	7.0764707381182e-05	901	48988	692265987	6781736395
GLOBAL	I	4292589	4302588	3.0466811678158e-05	317	7444	244331441	7279925431
GLOBAL	I	4302589	4312588	0.0010081357522705	548	424304	420879826	6951067284
GLOBAL	I	4312589	4322588	0.00011785493331555	566	51200	434432387	6867931583
GLOBAL	I	4322589	4332588	0.0014849389061799	435	496528	334376046	6890673324
GLOBAL	I	4332589	4342588	0.0041150845938937	661	2075960	504475656	6596870354
GLOBAL	I	4342589	4352588	0.0023697148966777	597	1083720	457320837	6627789107
GLOBAL	I	4352589	4362588	0.0030572901803318	253	593200	194028033	6847012589
GLOBAL	I	4362589	4372588	0.0032393229683705	38	94744	29248087	7080602529
GLOBAL	I	4372589	4382588	0	25	0	19061490	7134858448
GLOBAL	I	4382589	4392588	7.8557701682965e-06	406	2444	311108898	7018315182
GLOBAL	I	4392589	4402588	0.00029529285825519	378	85772	290464187	6830210473
GLOBAL	I	4402589	4412588	1.1872383766171e-05	271	2464	207540461	6897671279
GLOBAL	I	4412589	4422588	0.00015636436637229	285	34184	218617584	7285537492
GLOBAL	I	4422589	4432588	3.1522186929202e-05	306	7396	234628391	6777032683
GLOBAL	I	4432589	4442588	0	152	0	116287855	6865993671
GLOBAL	I	4442589	4452588	0.00024027335721134	132	24200	100718616	4079681806
GLOBAL	I	4452589	4462588	0.0046480741177658	218	773360	166382889	5812355129
GLOBAL	I	4462589	4472588	0.0011026800111494	380	320508	290662746	6912738536
GLOBAL	I	4472589	4482588	0.00028621745020314	1051	231120	807497935	6571407489
GLOBAL	I	4482589	4492588	0.0001804877913308	889	122960	681264916	6778820838
GLOBAL	I	4492589	4502588	0	205	0	157612754	7020274710
GLOBAL	I	4502589	4512588	2.9034729363696e-05	664	14808	510009920	6849566854
GLOBAL	I	4512589	4522588	7.6299992687835e-05	795	46596	610694685	6832381857
GLOBAL	I	4522589	4532588	0.00071697574020863	942	518908	723745548	6692270884
GLOBAL	I	4532589	4542588	0.0036649692868577	347	976612	266472083	6891313585
GLOBAL	I	4542589	4552588	0.0045966089641473	323	1138576	247699121	6961887329
GLOBAL	I	4552589	4562588	0.0037934500671592	612	1780308	469311041	6696979233
GLOBAL	I	4562589	4572588	NA	0	0	0	5620771420
GLOBAL	I	4572589	4582588	0.0040328723696966	795	2461744	610419516	6736786922
GLOBAL	I	4582589	4592588	0.0046036501355241	179	632120	137308436	7325096756
GLOBAL	I	4592589	4602588	0.00031519055888158	450	108956	345682943	7002296641
GLOBAL	I	4602589	4612588	0.0024072472631861	338	625020	259640964	6980871326
GLOBAL	I	4612589	4622588	0.0026057299953255	174	348540	133759062	6917332458
GLOBAL	I	4622589	4632588	0.0034548863004744	90	238400	69003718	7128212396
GLOBAL	I	4632589	4642588	0.0051721933916787	667	2651788	512700860	6829093556
GLOBAL	I	4642589	4652588	0.0067440125504493	346	1788648	265220147	6839991593
GLOBAL	I	4652589	4662588	0.0031506568331947	539	1298908	412265781	6815876173
GLOBAL	I	4662589	4672588	0.0021929808660697	187	314548	143433992	7061513582
GLOBAL	I	4672589	4682588	0.0027419942627084	628	1323156	482552432	6744043230
GLOBAL	I	4682589	4692588	0.0025849751873154	319	631720	244381456	6918816234
GLOBAL	I	4692589	4702588	0.0027576988259364	243	515592	186964579	6867219525
GLOBAL	I	4702589	4712588	2.0000432025461e-05	325	4960	247994643	6911337317
GLOBAL	I	4712589	4722588	0	8	0	6081310	7223606936
GLOBAL	I	4722589	4732588	4.5540841013283e-05	141	4928	108210562	7262190256
GLOBAL	I	4732589	4742588	0.00017375051007786	463	61784	355590323	7017129933
GLOBAL	I	4742589	4752588	0.00020357547235245	283	43888	215585893	7291661767
GLOBAL	I	4752589	4762588	0.00065279943886933	710	355956	545276204	6870740228
GLOBAL	I	4762589	4772588	0.00028000156875318	724	155876	556696881	6768861469
GLOBAL	I	4772589	4782588	0.00011099213744633	490	41808	376675330	6954295042
GLOBAL	I	4782589	4792588	0.00023482004035933	214	38464	163802033	7106862951
GLOBAL	I	4792589	4802588	0.00042585868923576	285	92792	217893875	7147094921
GLOBAL	I	4802589	4812588	0.00057312117351968	158	68788	120023484	6045042720
GLOBAL	I	4812589	4822588	NA	0	0	0	1386250778
GLOBAL	I	4822589	4832588	NA	0	0	0	693511962
GLOBAL	I	4832589	4842588	NA	0	0	0	3072482204
GLOBAL	I	4842589	4852588	0.00020016298867865	159	24160	120701635	6849982701
GLOBAL	I	4852589	4862588	0	46	0	35396060	6909001312
GLOBAL	I	4862589	4872588	0.00039949371819043	953	291844	730534641	6612806067
GLOBAL	I	4872589	4882588	0	341	0	261987050	7028006584
GLOBAL	I	4882589	4892588	0.00014393037436644	682	75428	524058944	6898142656
GLOBAL	I	4892589	4902588	8.9281532934845e-05	537	36848	412716928	7089891856
GLOBAL	I	4902589	4912588	0.00010856867927772	267	22188	204368333	6881514757
GLOBAL	I	4912589	4922588	0	52	0	39888933	7365303455
GLOBAL	I	4922589	4932588	0.00078668125738408	110	66528	84567923	6128433333
GLOBAL	I	4932589	4942588	0	43	0	33049315	5975841397
GLOBAL	I	4942589	4952588	6.9080350810045e-06	471	2484	359581266	7197920884
GLOBAL	I	4952589	4962588	0.00014524473920154	454	50788	349671873	7169946123
GLOBAL	I	4962589	4972588	NA	0	0	0	7576057654
GLOBAL	I	4972589	4982588	0.00011719228797232	378	34048	290531063	6987865381
GLOBAL	I	4982589	4992588	0.000284887264862	524	114752	402797928	6829209756
GLOBAL	I	4992589	5002588	1.7079006469777e-05	378	4968	290883431	6904013245
GLOBAL	I	5002589	5012588	1.3622906124002e-05	236	2468	181165456	7220934348
GLOBAL	I	5012589	5022588	2.2220999163976e-05	288	4920	221412186	7062396280
GLOBAL	I	5022589	5032588	0.00057018033886058	919	401932	704920834	6667026276
GLOBAL	I	5032589	5042588	0.00071031341391916	877	479136	674541675	6761576553
GLOBAL	I	5042589	5052588	0.00079012392939562	596	361284	457249789	7049224725
GLOBAL	I	5052589	5062588	0.00021571840870471	319	52952	245468156	7100191990
GLOBAL	I	5062589	5072588	1.0551492295003e-05	306	2480	235037844	7193348924
GLOBAL	I	5072589	5082588	1.4964945851365e-05	431	4960	331441226	6927626568
GLOBAL	I	5082589	5092588	1.6856205483569e-05	575	7452	442092380	7003303600
GLOBAL	I	5092589	5102588	6.6088972431114e-05	718	36528	552709456	6983917752
GLOBAL	I	5102589	5112588	5.2237974404777e-06	618	2476	473984688	6830698720
GLOBAL	I	5112589	5122588	0.00011095214347107	231	19720	177734286	6116447300
GLOBAL	I	5122589	5132588	NA	0	0	0	3843308766
GLOBAL	I	5132589	5142588	5.0456439736889e-06	639	2480	491513078	7098461204
GLOBAL	I	5142589	5152588	5.795319371448e-05	877	38952	672128618	6767082194
GLOBAL	I	5152589	5162588	0	43	0	33014933	7158016013
GLOBAL	I	5162589	5172588	0.00016003706107401	781	96168	600910810	7012257852
GLOBAL	I	5172589	5182588	0.00039253906551281	555	167616	427004634	6973548878
GLOBAL	I	5182589	5192588	0.00023663911803283	908	165404	698971503	6786628069
GLOBAL	I	5192589	5202588	0.00056857357765148	720	315176	554327553	7098271555
GLOBAL	I	5202589	5212588	0	147	0	112963828	7128321608
GLOBAL	I	5212589	5222588	7.1859780706766e-05	945	51436	715782869	6516997961
GLOBAL	I	5222589	5232588	8.8142811497473e-06	364	2468	280000145	6529096677
GLOBAL	I	5232589	5242588	0.00038285342423988	350	103140	269398139	7092498073
GLOBAL	I	5242589	5252588	0.0004004412705091	455	139752	348994997	7147428619
GLOBAL	I	5252589	5262588	4.2434933431358e-05	455	14820	349240562	6735869382
GLOBAL	I	5262589	5272588	1.5089225931147e-05	638	7404	490681234	6998784068
GLOBAL	I	5272589	5282588	7.1763233697819e-05	224	12344	172010086	7115664110
GLOBAL	I	5282589	5292588	0.00017560412842298	73	9808	55852901	7376399597
GLOBAL	I	5292589	5302588	0	67	0	50487341	7404959537
GLOBAL	I	5302589	5312588	0.00049806949356246	424	162564	326388189	7084989367
GLOBAL	I	5312589	5322588	3.1548373000689e-05	511	12368	392032895	6942803207
GLOBAL	I	5322589	5332588	NA	0	0	0	7411377556
GLOBAL	I	5332589	5342588	0.00045359575108798	329	114532	252497956	7198310046
GLOBAL	I	5342589	5352588	0.00010418130208816	949	76168	731110079	6883604875
GLOBAL	I	5352589	5362588	1.6880722932046e-05	191	2484	147150096	7115783428
GLOBAL	I	5362589	5372588	0.00030651196562651	637	150064	489586107	6791902921
GLOBAL	I	5372589	5382588	0.0002832623596232	875	190788	673538130	6894788064
GLOBAL	I	5382589	5392588	2.1679676248574e-05	740	12328	568643178	6957159986
GLOBAL	I	5392589	5402588	0	393	0	301830259	7129649093
GLOBAL	I	5402589	5412588	1.5173556620978e-05	631	7380	486372456	7109013848
GLOBAL	I	5412589	5422588	0.00019349658787653	279	41556	214763477	7343511819
GLOBAL	I	5422589	5432588	NA	0	0	0	7319373182
GLOBAL	I	5432589	5442588	0.0010010978792998	505	388424	387998025	6888852127
GLOBAL	I	5442589	5452588	0.00057313329418896	513	226152	394588837	6462443037
GLOBAL	I	5452589	5462588	0	398	0	306366281	7258094183
GLOBAL	I	5462589	5472588	0.00010948852217307	1034	87168	796138246	6732757502
GLOBAL	I	5472589	5482588	0.0012972460370362	655	653584	503824241	6881266351
GLOBAL	I	5482589	5492588	0	139	0	106629896	7070484422
GLOBAL	I	5492589	5502588	0	2	0	1516596	7229717942
GLOBAL	I	5502589	5512588	2.6481306460282e-05	738	14852	560848462	6817283816
GLOBAL	I	5512589	5522588	0	213	0	163169764	7282226216
GLOBAL	I	5522589	5532588	0.00035675308117179	187	51316	143841785	7247433975
GLOBAL	I	5532589	5542588	6.9698491459328e-06	462	2472	354670517	6987123899
GLOBAL	I	5542589	5552588	NA	0	0	0	7300817678
GLOBAL	I	5552589	5562588	0.0003087137866659	405	95600	309671949	7075418643
GLOBAL	I	5562589	5572588	1.3909242283787e-05	695	7444	535183718	6776458004
GLOBAL	I	5572589	5582588	0	29	0	22260041	7147895963
GLOBAL	I	5582589	5592588	0.00015453424753017	901	107044	692687878	6922800222
GLOBAL	I	5592589	5602588	1.2410216248018e-05	519	4964	399993030	7213175632
GLOBAL	I	5602589	5612588	4.5277042680611e-05	498	17268	381385333	7146737269
GLOBAL	I	5612589	5622588	0.00017958239041119	263	36304	202157906	7117988422
GLOBAL	I	5622589	5632588	7.8474866002274e-05	550	33180	422810534	6816155464
GLOBAL	I	5632589	5642588	0.00026465999332799	270	55016	207874259	7130827573
GLOBAL	I	5642589	5652588	8.6297376848857e-05	960	63668	737774453	6916370947
GLOBAL	I	5652589	5662588	9.938387936223e-06	649	4968	499879863	6807122983
GLOBAL	I	5662589	5672588	0.00020806472753966	361	57844	278009640	7102442076
GLOBAL	I	5672589	5682588	0	617	0	473582998	6882901192
GLOBAL	I	5682589	5692588	0.00056093333405576	1011	437096	779229854	6745027018
GLOBAL	I	5692589	5702588	1.9875605477662e-05	162	2480	124776073	7509267531
GLOBAL	I	5702589	5712588	4.5851779214981e-05	280	9864	215127966	7090328588
GLOBAL	I	5712589	5722588	9.8277845610163e-05	762	57588	585971331	6707114887
GLOBAL	I	5722589	5732588	4.5754366487481e-05	630	22188	484937323	7043185279
GLOBAL	I	5732589	5742588	8.5770471237186e-05	778	51400	599273844	6908746962
GLOBAL	I	5742589	5752588	0.00012840541074151	658	64844	504994296	6975966400
GLOBAL	I	5752589	5762588	0.00074574002513694	551	316504	424416002	7058864132
GLOBAL	I	5762589	5772588	3.3539443399939e-05	671	17340	517003213	6985605571
GLOBAL	I	5772589	5782588	0.00011456300581605	1302	114872	1002697155	6562536455
GLOBAL	I	5782589	5792588	4.4028967069319e-06	731	2480	563265542	7051449412
GLOBAL	I	5792589	5802588	0	224	0	172361820	7382820892
GLOBAL	I	5802589	5812588	6.2522480264941e-05	758	36476	583406158	6976415430
GLOBAL	I	5812589	5822588	0.00021336955579204	867	142456	667649138	6782385718
GLOBAL	I	5822589	5832588	2.800359452685e-05	688	14788	528075065	6860108111
GLOBAL	I	5832589	5842588	1.2061981439283e-05	540	4964	411541008	6868401728
GLOBAL	I	5842589	5852588	0.00021814963896635	760	127388	583947792	6780267858
GLOBAL	I	5852589	5862588	0	94	0	72078863	6225195307
GLOBAL	I	5862589	5872588	0.0005665980075956	472	205856	363319315	7116095089
GLOBAL	I	5872589	5882588	0.0013258010992969	393	400456	302048324	6830996672
GLOBAL	I	5882589	5892588	0.00049587636776574	639	243244	490533560	6960274442
GLOBAL	I	5892589	5902588	1.6356026286031e-05	197	2484	151870629	6988132681
GLOBAL	I	5902589	5912588	3.8858227023165e-06	828	2480	638217487	6837331187
GLOBAL	I	5912589	5922588	4.1976460615891e-05	754	24400	581278165	7002510949
GLOBAL	I	5922589	5932588	0.00030542668000969	305	71880	235342898	7289687120
GLOBAL	I	5932589	5942588	0.00066473582474533	696	356376	536116735	6872168237
GLOBAL	I	5942589	5952588	0.00020346978031639	713	111348	547245885	6942219417
GLOBAL	I	5952589	5962588	1.004202026229e-05	956	7380	734911881	6786252407
GLOBAL	I	5962589	5972588	3.1060292992844e-05	208	4968	159946978	7233648220
GLOBAL	I	5972589	5982588	5.5664208402093e-05	403	17232	309570557	7252570469
GLOBAL	I	5982589	5992588	4.948069998688e-05	390	14824	299591558	7041429712
GLOBAL	I	5992589	6002588	1.4825341840749e-05	652	7440	501843403	7013908863
GLOBAL	I	6002589	6012588	0	75	0	57718166	7484321064
GLOBAL	I	6012589	6022588	3.5985727334994e-05	963	26664	740960430	6829685202
GLOBAL	I	6022589	6032588	7.5429365363616e-05	719	41420	549123008	6784939948
GLOBAL	I	6032589	6042588	1.6092932287908e-05	401	4964	308458391	6813762561
GLOBAL	I	6042589	6052588	0.0007454398450368	308	176980	237416877	7258233593
GLOBAL	I	6052589	6062588	0.00064073326951731	780	384984	600849087	6706153759
GLOBAL	I	6062589	6072588	0	282	0	216388018	7016392812
GLOBAL	I	6072589	6082588	0.00067771028511697	553	288228	425296777	6696151029
GLOBAL	I	6082589	6092588	0.00070198027621519	713	384760	548106568	6657614152
GLOBAL	I	6092589	6102588	1.4703811185467e-05	880	9920	674655018	6514829636
GLOBAL	I	6102589	6112588	0.0006109886042172	610	286220	468453909	6763553775
GLOBAL	I	6112589	6122588	0.0021096787639092	91	147400	69868457	7308263821
GLOBAL	I	6122589	6132588	0.00030240838826115	593	137944	456151368	7034860226
GLOBAL	I	6132589	6142588	2.8376147864588e-05	114	2484	87538309	7192404427
GLOBAL	I	6142589	6152588	1.4787072339451e-05	437	4964	335698635	7155312959
GLOBAL	I	6152589	6162588	1.9230219640874e-05	501	7428	386267039	7083869613
GLOBAL	I	6162589	6172588	0.00020002072558634	865	132976	664811107	6649923199
GLOBAL	I	6172589	6182588	0.00065435439791596	480	241492	369053835	7126596635
GLOBAL	I	6182589	6192588	0.00067760700677046	702	364952	538589472	7027417284
GLOBAL	I	6192589	6202588	0	207	0	158733322	7159866714
GLOBAL	I	6202589	6212588	8.480290269006e-05	454	29640	349516338	7150773008
GLOBAL	I	6212589	6222588	0	311	0	238931690	7223473502
GLOBAL	I	6222589	6232588	8.4056145655801e-05	494	31880	379270305	7087773763
GLOBAL	I	6232589	6242588	6.0758823444177e-05	318	14848	244376029	7101284117
GLOBAL	I	6242589	6252588	8.2769601410367e-05	232	14760	178326339	6958584387
GLOBAL	I	6252589	6262588	0.0001060389430738	756	60436	569941554	6716186350
GLOBAL	I	6262589	6272588	0	96	0	7343227	519942345
GLOBAL	I	6272589	6282588	4.8836469578484e-05	127	1592	32598589	732042805
GLOBAL	I	6282589	6292588	0.0016318617642382	457	333440	204331033	3365284049
GLOBAL	I	6292589	6302588	0.00019142692042576	563	82732	432185817	7027126791
GLOBAL	I	6302589	6312588	0.00024040294351443	952	175936	731837961	6585215783
GLOBAL	I	6312589	6322588	0.00032046372549632	1138	280520	875356484	6328817944
GLOBAL	I	6322589	6332588	0	228	0	174643296	7207354712
GLOBAL	I	6332589	6342588	2.1584503241315e-05	595	9836	455697307	6817287115
GLOBAL	I	6342589	6352588	0.00062391687642909	691	331656	531570811	7029023923
GLOBAL	I	6352589	6362588	2.182717587125e-05	442	7428	340309715	7197090639
GLOBAL	I	6362589	6372588	0.00017440433554455	578	77328	443383473	7019794865
GLOBAL	I	6372589	6382588	0	342	0	261916650	6994831706
GLOBAL	I	6382589	6392588	5.9815391546834e-05	794	36532	610745814	6847793648
GLOBAL	I	6392589	6402588	0.00042581983571788	811	263860	619651735	6886049633
GLOBAL	I	6402589	6412588	2.8206023884187e-05	456	9888	350563413	6957212579
GLOBAL	I	6412589	6422588	1.7354393524337e-05	374	4960	285806588	6967849184
GLOBAL	I	6422589	6432588	0.00020103690552714	522	79980	397837401	6671809623
GLOBAL	I	6432589	6442588	0.0017647621795482	806	340468	192925712	4332297826
GLOBAL	I	6442589	6452588	9.1494194166873e-05	901	15188	165999604	4630598180
GLOBAL	I	6452589	6462588	0.00018045185096377	558	16856	93409959	2865419783
GLOBAL	I	6462589	6472588	0.00042605917941376	1048	66100	155142767	5800400871
GLOBAL	I	6472589	6482588	0.00031318272912201	622	63044	201301011	6375852011
GLOBAL	I	6482589	6492588	3.5482254131398e-05	182	4924	138773596	6978035334
GLOBAL	I	6492589	6502588	3.8982347892102e-05	581	17276	443174948	6913309242
GLOBAL	I	6502589	6512588	0.00013533571178093	190	19724	145741281	7155076397
GLOBAL	I	6512589	6522588	7.2190155682116e-05	536	29588	409861978	6868534466
GLOBAL	I	6522589	6532588	9.4862641549218e-05	403	29236	308192978	7240031420
GLOBAL	I	6532589	6542588	7.4237009898e-06	434	2480	334065179	7172409335
GLOBAL	I	6542589	6552588	0.00013562406170572	487	50768	374328857	6784229957
GLOBAL	I	6552589	6562588	0.00014091892036082	467	50556	358759490	6946697064
GLOBAL	I	6562589	6572588	7.4182553099403e-05	1026	58200	784551051	6517812919
GLOBAL	I	6572589	6582588	9.1043019416704e-05	731	51132	561624607	6752336553
GLOBAL	I	6582589	6592588	0.0011397993248831	454	398080	349254462	7164951512
GLOBAL	I	6592589	6602588	NA	0	0	0	7152373646
GLOBAL	I	6602589	6612588	0	318	0	244854242	7290226674
GLOBAL	I	6612589	6622588	2.4485561904485e-05	263	4952	202241632	7134913908
GLOBAL	I	6622589	6632588	1.5045058117277e-05	428	4928	327549416	6939249838
GLOBAL	I	6632589	6642588	0	234	0	179895380	7031237362
GLOBAL	I	6642589	6652588	0.00014514771035989	425	47440	326839465	7055931689
GLOBAL	I	6652589	6662588	0.00017958958098471	350	48356	269258382	7162220970
GLOBAL	I	6662589	6672588	3.0514737672219e-05	739	17272	566021579	6689953631
GLOBAL	I	6672589	6682588	9.2100165641965e-05	413	29228	317350135	7186031795
GLOBAL	I	6682589	6692588	0.00015540218675844	589	70284	452271628	7020957608
GLOBAL	I	6692589	6702588	NA	0	0	0	7057276688
GLOBAL	I	6702589	6712588	0.0010387292611414	670	535768	515791766	6871618264
GLOBAL	I	6712589	6722588	1.1415453842425e-05	563	4944	433097104	6950447196
GLOBAL	I	6722589	6732588	0	413	0	317810505	7038673685
GLOBAL	I	6732589	6742588	7.0558518843807e-05	500	27144	384701953	6988018303
GLOBAL	I	6742589	6752588	2.5840744936703e-05	498	9924	384044656	7119337274
GLOBAL	I	6752589	6762588	0.00012303445659225	386	36568	297217552	7281932686
GLOBAL	I	6762589	6772588	0	164	0	122118399	7426105999
GLOBAL	I	6772589	6782588	0.00043985714755974	260	87856	199737575	6988200787
GLOBAL	I	6782589	6792588	3.0664815125319e-05	733	17288	563773169	6876210789
GLOBAL	I	6792589	6802588	4.5972181365206e-05	350	12332	268249181	7117614557
GLOBAL	I	6802589	6812588	7.4805058064595e-05	255	14664	196029525	6957117267
GLOBAL	I	6812589	6822588	5.9361897900764e-05	485	22100	372292679	6858168713
GLOBAL	I	6822589	6832588	0.00037615459965325	785	226772	602869140	6942262674
GLOBAL	I	6832589	6842588	8.7242370652479e-05	471	31616	362392720	6905952826
GLOBAL	I	6842589	6852588	NA	0	0	0	6801365362
GLOBAL	I	6852589	6862588	0.00042517315251574	969	316592	744618982	6833758110
GLOBAL	I	6862589	6872588	2.1140012849629e-05	458	7444	352128452	6722930594
GLOBAL	I	6872589	6882588	0.00013772154290728	646	68240	495492561	6965366339
GLOBAL	I	6882589	6892588	0.00027423141540255	471	99072	361271519	6667398767
GLOBAL	I	6892589	6902588	0.00027054791258413	265	55016	203350303	7232767925
GLOBAL	I	6902589	6912588	0.00017332153653117	1032	137588	793830950	6613680876
GLOBAL	I	6912589	6922588	7.7878310335148e-05	662	39288	504479358	6836541912
GLOBAL	I	6922589	6932588	0.00019433750953666	247	36852	189628858	7341586328
GLOBAL	I	6932589	6942588	0	93	0	71293632	7244213820
GLOBAL	I	6942589	6952588	9.508956788456e-05	236	17264	181555142	7283169488
GLOBAL	I	6952589	6962588	1.5847217975777e-05	611	7448	469987856	6696302418
GLOBAL	I	6962589	6972588	3.2541775301533e-05	593	14864	456766721	6723440181
GLOBAL	I	6972589	6982588	1.1970242405815e-05	804	7376	616194706	6862446552
GLOBAL	I	6982589	6992588	9.745746001841e-05	196	14640	150219388	7094931778
GLOBAL	I	6992589	7002588	2.9466420936132e-05	547	12384	420274998	7090838392
GLOBAL	I	7002589	7012588	0.00042616136441413	581	190556	447145180	6958047208
GLOBAL	I	7012589	7022588	0.0010408551370516	643	516152	495892254	7071660794
GLOBAL	I	7022589	7032588	1.7081936423926e-05	565	7440	435547810	6916297504
GLOBAL	I	7032589	7042588	0.0001578856293535	483	58616	371256081	6996825299
GLOBAL	I	7042589	7052588	0.00015296351589457	541	63456	414844021	6916899497
GLOBAL	I	7052589	7062588	3.2379707580518e-05	696	17348	535767655	7001632699
GLOBAL	I	7062589	7072588	1.1510680217808e-05	1113	9856	856248268	6708212196
GLOBAL	I	7072589	7082588	0.00017545270771626	359	48312	275356252	7037831762
GLOBAL	I	7082589	7092588	8.855556439298e-05	538	36576	413028817	6840626955
GLOBAL	I	7092589	7102588	0.00013816079396161	303	32004	231643139	7084637459
GLOBAL	I	7102589	7112588	0.00011461809747342	801	70464	614772026	6715425200
GLOBAL	I	7112589	7122588	0.00010187946486794	255	19724	193601331	7356169359
GLOBAL	I	7122589	7132588	NA	0	0	0	7051864666
GLOBAL	I	7132589	7142588	NA	0	0	0	7045679498
GLOBAL	I	7142589	7152588	4.563738287397e-05	492	17272	378461667	6869782083
GLOBAL	I	7152589	7162588	0.00020796578296629	604	96204	462595330	7026869972
GLOBAL	I	7162589	7172588	0.00018131545004794	796	111184	613207534	6879350352
GLOBAL	I	7172589	7182588	0.00021651944532518	419	69796	322354419	7024078873
GLOBAL	I	7182589	7192588	0.00024319061791155	819	153396	630764465	6849423085
GLOBAL	I	7192589	7202588	0.00025414130523508	307	59980	236010435	7086455331
GLOBAL	I	7202589	7212588	3.2993099033848e-05	681	17276	523624652	6922544474
GLOBAL	I	7212589	7222588	2.0688949033025e-05	624	9888	477936312	7014621574
GLOBAL	I	7222589	7232588	0.00012779016775925	520	50772	397307562	6351483872
GLOBAL	I	7232589	7242588	2.0194658826499e-05	319	4956	245411425	6972679631
GLOBAL	I	7242589	7252588	0.00059129588085844	720	327744	554280878	6872559598
GLOBAL	I	7252589	7262588	0	56	0	42940000	7480543726
GLOBAL	I	7262589	7272588	1.2165150420756e-05	528	4944	406406812	7020433664
GLOBAL	I	7272589	7282588	0	54	0	41511760	7375277818
GLOBAL	I	7282589	7292588	NA	0	0	0	7578377092
GLOBAL	I	7292589	7302588	1.1540873874877e-05	280	2484	215235001	7124239977
GLOBAL	I	7302589	7312588	0.00014583589558962	580	64832	444554475	7014758133
GLOBAL	I	7312589	7322588	0	43	0	33160920	7437748878
GLOBAL	I	7322589	7332588	7.5381170399557e-05	506	29324	389009614	6906396042
GLOBAL	I	7332589	7342588	0.00048227383976416	486	180252	373754463	7102567357
GLOBAL	I	7342589	7352588	0	148	0	113456705	7361318823
GLOBAL	I	7352589	7362588	0	87	0	66673095	7003747075
GLOBAL	I	7362589	7372588	3.3376567723366e-05	388	9860	295416835	6890975235
GLOBAL	I	7372589	7382588	5.6948949206627e-05	508	22276	391157349	7085937617
GLOBAL	I	7382589	7392588	0.00012504680028153	646	62172	497189851	7046395671
GLOBAL	I	7392589	7402588	NA	0	0	0	6937439058
GLOBAL	I	7402589	7412588	0.00017213615168292	827	109472	635961702	6839586972
GLOBAL	I	7412589	7422588	3.2360996440274e-05	696	17300	534594169	6629376667
GLOBAL	I	7422589	7432588	0	542	0	416544343	6585065833
GLOBAL	I	7432589	7442588	0.00020061787093268	609	93968	468392968	6673929780
GLOBAL	I	7442589	7452588	0	65	0	49670326	7041624786
GLOBAL	I	7452589	7462588	6.6602631614763e-06	485	2484	372958236	6889202142
GLOBAL	I	7462589	7472588	1.9216031441082e-05	337	4964	258325972	7295310448
GLOBAL	I	7472589	7482588	0	279	0	214919408	6956782888
GLOBAL	I	7482589	7492588	0.00021317083256637	135	22116	103747777	7257375289
GLOBAL	I	7492589	7502588	1.0546220761151e-05	305	2476	234776045	6807037723
GLOBAL	I	7502589	7512588	9.7936220792416e-06	329	2476	252817597	7105212885
GLOBAL	I	7512589	7522588	2.9172184141625e-05	552	12392	424788214	7150496294
GLOBAL	I	7522589	7532588	0.00019725857017358	512	77748	394142571	7130887447
GLOBAL	I	7532589	7542588	0.00014080382845119	159	17220	122297811	7231093795
GLOBAL	I	7542589	7552588	0.00038405304864216	591	174236	453676909	6946876603
GLOBAL	I	7552589	7562588	0	411	0	315694291	7151349777
GLOBAL	I	7562589	7572588	5.2938653490073e-05	789	32092	606211112	6909541154
GLOBAL	I	7572589	7582588	0	207	0	159012351	7075314771
GLOBAL	I	7582589	7592588	0.00014582158594058	1148	128848	883600320	6475976454
GLOBAL	I	7592589	7602588	5.7937094477279e-06	557	2480	428050461	7050590797
GLOBAL	I	7602589	7612588	0.00013835209668681	702	74716	540042412	6876747166
GLOBAL	I	7612589	7622588	1.3343713894382e-05	723	7424	556366845	6732853643
GLOBAL	I	7622589	7632588	2.8774276252952e-05	225	4948	171959147	5736422585
GLOBAL	I	7632589	7642588	0.00018302111388022	425	59796	326716403	7083888007
GLOBAL	I	7642589	7652588	1.7397478963202e-05	557	7444	427878086	6964943966
GLOBAL	I	7652589	7662588	3.5750350477945e-05	719	19740	552162419	6945034343
GLOBAL	I	7662589	7672588	0.00031960083766503	693	170108	532251421	6730682103
GLOBAL	I	7672589	7682588	0.00018145294291652	425	59124	325836545	6839680583
GLOBAL	I	7682589	7692588	0.00068611905787668	320	168948	246237148	6929330878
GLOBAL	I	7692589	7702588	0	199	0	152738735	7112514227
GLOBAL	I	7702589	7712588	0.00034173101991705	495	129960	380299102	6990874862
GLOBAL	I	7712589	7722588	0	280	0	214886404	7079746106
GLOBAL	I	7722589	7732588	0.0003144490161843	639	154056	489923619	6861921695
GLOBAL	I	7732589	7742588	1.3896198634908e-05	233	2480	178466073	7142453401
GLOBAL	I	7742589	7752588	0.00011463700929759	519	45296	395125451	7011613229
GLOBAL	I	7752589	7762588	1.9118027924355e-05	168	2456	128465133	6847631225
GLOBAL	I	7762589	7772588	0.00016643438057209	191	24280	145883320	7178901884
GLOBAL	I	7772589	7782588	0	73	0	55882393	7409615383
GLOBAL	I	7782589	7792588	0.0025769078206744	246	487476	189170911	7239215857
GLOBAL	I	7792589	7802588	1.6425590838918e-05	392	4936	300506694	7106231986
GLOBAL	I	7802589	7812588	0.00026435863116809	300	61028	230853064	7051409110
GLOBAL	I	7812589	7822588	0.00030552726307999	667	156292	511548457	7010388977
GLOBAL	I	7822589	7832588	7.7134088195229e-06	417	2472	320480874	7114864208
GLOBAL	I	7832589	7842588	0.00020555276785896	707	111744	543626832	6852287804
GLOBAL	I	7842589	7852588	5.9645202605959e-05	539	24728	414584894	6950403902
GLOBAL	I	7852589	7862588	0.00014801252964765	769	87580	591706663	6966568633
GLOBAL	I	7862589	7872588	0.0012996245027795	472	471148	362526252	7066633662
GLOBAL	I	7872589	7882588	0	61	0	46597398	7281280390
GLOBAL	I	7882589	7892588	0.00041813924976315	284	91080	217822173	7010319781
GLOBAL	I	7892589	7902588	NA	0	0	0	7182526340
GLOBAL	I	7902589	7912588	0	71	0	52575810	7356482308
GLOBAL	I	7912589	7922588	NA	0	0	0	7413696994
GLOBAL	I	7922589	7932588	8.1051544194733e-05	547	34100	420719930	6934217968
GLOBAL	I	7932589	7942588	0	92	0	70750447	7166669259
GLOBAL	I	7942589	7952588	0.00017313822904614	237	31400	181357983	7221514967
GLOBAL	I	7952589	7962588	0.00011358705012105	564	48896	430471607	6898179327
GLOBAL	I	7962589	7972588	9.8414656068717e-05	488	36544	371326807	7131281977
GLOBAL	I	7972589	7982588	5.3792033675725e-06	605	2476	460291205	6803415465
GLOBAL	I	7982589	7992588	0.00011803344119593	633	57196	484574536	6691766636
GLOBAL	I	7992589	8002588	0.00024856643837609	316	59852	240788742	6985033774
GLOBAL	I	8002589	8012588	0.0010678184198734	976	786240	736304961	5895741427
GLOBAL	I	8012589	8022588	0.00024141529660536	292	50736	210160668	6231691804
GLOBAL	I	8022589	8032588	0.0012703813601023	132	111064	87425716	2748473812
GLOBAL	I	8032589	8042588	NA	0	0	0	2224341042
GLOBAL	I	8042589	8052588	NA	0	0	0	2261452050
GLOBAL	I	8052589	8062588	NA	0	0	0	1206880906
GLOBAL	I	8062589	8072588	NA	0	0	0	838863410
GLOBAL	I	8072589	8082588	NA	0	0	0	999677778
GLOBAL	I	8082589	8092588	NA	0	0	0	685780502
GLOBAL	I	8092589	8102588	NA	0	0	0	2867598514
GLOBAL	I	8102589	8112588	0.0011946815288406	57	23912	20015376	4519124790
GLOBAL	I	8112589	8122588	NA	0	0	0	6298820462
GLOBAL	I	8122589	8132588	0	233	0	177701175	6619025311
GLOBAL	I	8132589	8142588	3.1957600195812e-05	204	4948	154830149	7088774725
GLOBAL	I	8142589	8152588	NA	0	0	0	6970684336
GLOBAL	I	8152589	8162588	2.0879808196374e-05	466	7432	355941967	6535881477
GLOBAL	I	8162589	8172588	0.00045869223639645	360	126336	275426506	7013793982
GLOBAL	I	8172589	8182588	NA	0	0	0	7399780366
GLOBAL	I	8182589	8192588	NA	0	0	0	7405192388
GLOBAL	I	8192589	8202588	5.4983869513078e-05	407	17208	312964514	6983987434
GLOBAL	I	8202589	8212588	7.4363550238601e-05	553	31512	423755992	6733256530
GLOBAL	I	8212589	8222588	0	30	0	22833090	7265614252
GLOBAL	I	8222589	8232588	NA	0	0	0	7083563652
GLOBAL	I	8232589	8242588	0.0001189977273866	480	43744	367603659	7083204343
GLOBAL	I	8242589	8252588	NA	0	0	0	6983054672
GLOBAL	I	8252589	8262588	0.0035268343142486	40	106420	30174369	7347957909
GLOBAL	I	8262589	8272588	0.00095754951251909	81	59876	62530448	7353485984
GLOBAL	I	8272589	8282588	3.1914414042134e-05	908	22316	699245174	6797951588
GLOBAL	I	8282589	8292588	0.00092665390415934	543	386544	417139558	6942437216
GLOBAL	I	8292589	8302588	0	207	0	158894719	7114862849
GLOBAL	I	8302589	8312588	1.1309189951726e-05	285	2480	219290684	6062520566
GLOBAL	I	8312589	8322588	7.3261608873678e-05	350	19688	268735567	7031308965
GLOBAL	I	8322589	8332588	0.0065335636767511	497	2501332	382843441	6747882117
GLOBAL	I	8332589	8342588	0.0037387939093137	123	354768	94888354	7206702470
GLOBAL	I	8342589	8352588	0.0061672787053845	76	356776	57849826	7019528658
GLOBAL	I	8352589	8362588	0.022402812117688	56	965900	43115123	7294813563
GLOBAL	I	8362589	8372588	0.010544640488248	186	1498416	142102142	7027280716
GLOBAL	I	8372589	8382588	0.0098376232042322	234	1772472	180172788	6815252220
GLOBAL	I	8382589	8392588	0.004587628616138	118	417408	90985569	7340493783
GLOBAL	I	8392589	8402588	0.0043392984645429	122	405856	93530326	7286921390
GLOBAL	I	8402589	8412588	NA	0	0	0	7285354758
GLOBAL	I	8412589	8422588	0.00011830808387884	324	29416	248638969	6925382765
GLOBAL	I	8422589	8432588	8.8253393132853e-05	219	14848	168242823	7076908343
GLOBAL	I	8432589	8442588	NA	0	0	0	7063461856
GLOBAL	I	8442589	8452588	2.2109112198052e-05	293	4968	224703731	7275585615
GLOBAL	I	8452589	8462588	0.0013432022503482	88	90944	67706855	7327434635
GLOBAL	I	8462589	8472588	0	172	0	132133790	7292387248
GLOBAL	I	8472589	8482588	0.00043784963383685	836	281380	642640711	6826722795
GLOBAL	I	8482589	8492588	0	389	0	299159867	7151648135
GLOBAL	I	8492589	8502588	0	83	0	63694804	7372423424
GLOBAL	I	8502589	8512588	1.3393407896833e-05	240	2472	184568410	7250003526
GLOBAL	I	8512589	8522588	6.6110600094825e-05	916	46516	703608800	6869356270
GLOBAL	I	8522589	8532588	0.00010613943936789	592	48224	454345720	6810907242
GLOBAL	I	8532589	8542588	NA	0	0	0	7002383322
GLOBAL	I	8542589	8552588	0.014259130305612	229	2488484	174518638	6730448288
GLOBAL	I	8552589	8562588	0.013408193994547	959	9889808	737594340	6578686258
GLOBAL	I	8562589	8572588	0.012360687677673	351	3335652	269859743	6650570103
GLOBAL	I	8572589	8582588	0.016173206452275	389	4822796	298196651	6736658803
GLOBAL	I	8582589	8592588	0.0068785283011481	362	1913020	278114724	6646180852
GLOBAL	I	8592589	8602588	0.0044702135428716	507	1747884	391006824	7064440054
GLOBAL	I	8602589	8612588	0.0090041894885828	99	680860	75615912	7291692322
GLOBAL	I	8612589	8622588	0.0061621830045438	725	3438180	557948376	6781526602
GLOBAL	I	8622589	8632588	0	32	0	24517766	7164966888
GLOBAL	I	8632589	8642588	5.6417694137483e-05	171	7432	131731722	7314437404
GLOBAL	I	8642589	8652588	NA	0	0	0	7375039694
GLOBAL	I	8652589	8662588	NA	0	0	0	7351845314
GLOBAL	I	8662589	8672588	0.00063766976946721	193	94620	148384014	7253715790
GLOBAL	I	8672589	8682588	0.0044650504832835	186	636024	142444974	7182340230
GLOBAL	I	8682589	8692588	0.0098746932298362	27	205496	20810368	6972295202
GLOBAL	I	8692589	8702588	0.0068481598005036	522	2749672	401519836	6944913456
GLOBAL	I	8702589	8712588	NA	0	0	0	6796726486
GLOBAL	I	8712589	8722588	0.0099909730949214	144	1100712	110170650	6866698854
GLOBAL	I	8722589	8732588	0.015037489645679	101	1165972	77537676	6621772414
GLOBAL	I	8732589	8742588	3.8772603284803e-05	83	2468	63653193	6988984619
GLOBAL	I	8742589	8752588	0.00044184023180962	100	33992	76932786	7260222754
GLOBAL	I	8752589	8762588	5.148612372193e-05	188	7444	144582646	7155461886
GLOBAL	I	8762589	8772588	0.00052129477643655	430	172436	330784055	6842464533
GLOBAL	I	8772589	8782588	0.0026522235748123	364	740048	279029267	6977719089
GLOBAL	I	8782589	8792588	NA	0	0	0	7088202528
GLOBAL	I	8792589	8802588	NA	0	0	0	7175568026
GLOBAL	I	8802589	8812588	0	23	0	17301966	6225851984
GLOBAL	I	8812589	8822588	0.010752892907036	219	1807740	168116619	6761590979
GLOBAL	I	8822589	8832588	2.3560178586154e-05	136	2452	104073914	7075359842
GLOBAL	I	8832589	8842588	1.3913737850055e-05	233	2484	178528590	7119196504
GLOBAL	I	8842589	8852588	0.00038909769605823	533	159064	408802215	6959279165
GLOBAL	I	8852589	8862588	1.487508655095e-05	216	2472	166183907	7003972097
GLOBAL	I	8862589	8872588	NA	0	0	0	7266026108
GLOBAL	I	8872589	8882588	NA	0	0	0	7419109016
GLOBAL	I	8882589	8892588	0.0018963031284668	290	412640	217602341	7296603633
GLOBAL	I	8892589	8902588	NA	0	0	0	7375039694
GLOBAL	I	8902589	8912588	0.00074336121159025	514	293560	394908956	7104607244
GLOBAL	I	8912589	8922588	4.3676014784165e-05	439	14736	337393420	7059294362
GLOBAL	I	8922589	8932588	9.9913185720826e-05	261	19712	197291277	7262794477
GLOBAL	I	8932589	8942588	NA	0	0	0	6806777384
GLOBAL	I	8942589	8952588	2.052513457165e-05	158	2472	120437700	6903593710
GLOBAL	I	8952589	8962588	0	99	0	76169388	7076977404
GLOBAL	I	8962589	8972588	0.00012146368514134	160	14860	122341093	6874630207
GLOBAL	I	8972589	8982588	0.0059233097507718	551	2501604	422332126	6739319272
GLOBAL	I	8982589	8992588	0.0066756647939318	248	1270040	190249217	6737138943
GLOBAL	I	8992589	9002588	NA	0	0	0	6899554904
GLOBAL	I	9002589	9012588	NA	0	0	0	7000063884
GLOBAL	I	9012589	9022588	NA	0	0	0	7044906352
GLOBAL	I	9022589	9032588	NA	0	0	0	7099799718
GLOBAL	I	9032589	9042588	NA	0	0	0	6906513218
GLOBAL	I	9042589	9052588	0.0066926646357812	617	3175648	474496807	6933788165
GLOBAL	I	9052589	9062588	0.0020448132722497	295	462056	225964887	6877700561
GLOBAL	I	9062589	9072588	0.0028228891258957	462	996508	353009968	6715863910
GLOBAL	I	9072589	9082588	0.0064176868347172	178	877872	136789473	6510719835
GLOBAL	I	9082589	9092588	0.00010229861723679	126	9888	96658198	6985359162
GLOBAL	I	9092589	9102588	5.1161655582865e-05	188	7388	144405022	7071366596
GLOBAL	I	9102589	9112588	NA	0	0	0	7212679034
GLOBAL	I	9112589	9122588	NA	0	0	0	6950582540
GLOBAL	I	9122589	9132588	0.00028801623270949	453	99712	346202709	6916730815
GLOBAL	I	9132589	9142588	5.4765427648407e-05	116	4864	88815156	7078248264
GLOBAL	I	9142589	9152588	0.00051366333103772	124	48848	95097308	6657559856
GLOBAL	I	9152589	9162588	0.00013031144327956	317	31668	243017798	6950332586
GLOBAL	I	9162589	9172588	NA	0	0	0	6918110408
GLOBAL	I	9172589	9182588	0.0020452698120544	501	779152	380953161	6905947889
GLOBAL	I	9182589	9192588	0.0029524021303805	371	841220	284927311	6699673653
GLOBAL	I	9192589	9202588	NA	0	0	0	6433347866
GLOBAL	I	9202589	9212588	NA	0	0	0	6152695868
GLOBAL	I	9212589	9222588	NA	0	0	0	6402422026
GLOBAL	I	9222589	9232588	NA	0	0	0	6636685264
GLOBAL	I	9232589	9242588	NA	0	0	0	6763481208
GLOBAL	I	9242589	9252588	NA	0	0	0	7249790042
GLOBAL	I	9252589	9262588	0.030656446180095	478	11226660	366208788	6405003880
GLOBAL	I	9262589	9272588	NA	0	0	0	6636685264
GLOBAL	I	9272589	9282588	0.0098699751888813	123	903064	91496076	6546735480
GLOBAL	I	9282589	9292588	0	3	0	2297121	4950476155
GLOBAL	I	9292589	9302588	0.038990136871442	161	4723232	121139149	6358597477
GLOBAL	I	9302589	9312588	0.010658596473559	59	483636	45375205	7091535521
GLOBAL	I	9312589	9322588	NA	0	0	0	7306229700
GLOBAL	I	9322589	9332588	NA	0	0	0	7182526340
GLOBAL	I	9332589	9342588	NA	0	0	0	7395141490
GLOBAL	I	9342589	9352588	NA	0	0	0	3509309694
GLOBAL	I	9352589	9362588	NA	0	0	0	4356677710
GLOBAL	I	9362589	9372588	NA	0	0	0	7511886536
GLOBAL	I	9372589	9382588	NA	0	0	0	7094387696
GLOBAL	I	9382589	9392588	NA	0	0	0	6747245142
GLOBAL	I	9392589	9402588	NA	0	0	0	7102119156
GLOBAL	I	9402589	9412588	NA	0	0	0	6072288684
GLOBAL	I	9412589	9422588	NA	0	0	0	3701049902
GLOBAL	I	9422589	9432588	NA	0	0	0	3221699382
GLOBAL	I	9432589	9442588	NA	0	0	0	3182268936
GLOBAL	I	9442589	9452588	NA	0	0	0	6172024518
GLOBAL	I	9452589	9462588	NA	0	0	0	6356033266
GLOBAL	I	9462589	9472588	NA	0	0	0	6826106034
GLOBAL	I	9472589	9482588	NA	0	0	0	6613490884
GLOBAL	I	9482589	9492588	NA	0	0	0	7336382394
GLOBAL	I	9492589	9502588	NA	0	0	0	6764254354
GLOBAL	I	9502589	9512588	NA	0	0	0	7405192388
GLOBAL	I	9512589	9522588	NA	0	0	0	6958314000
GLOBAL	I	9522589	9532588	NA	0	0	0	7283035320
GLOBAL	I	9532589	9542588	NA	0	0	0	6903420634
GLOBAL	I	9542589	9552588	NA	0	0	0	7032536016
GLOBAL	I	9552589	9562588	NA	0	0	0	6952128832
GLOBAL	I	9562589	9572588	NA	0	0	0	7232780830
GLOBAL	I	9572589	9582588	NA	0	0	0	7158558814
GLOBAL	I	9582589	9592588	NA	0	0	0	7182526340
GLOBAL	I	9592589	9602588	NA	0	0	0	7084336798
GLOBAL	I	9602589	9612588	NA	0	0	0	6448810786
GLOBAL	I	9612589	9622588	NA	0	0	0	3567295644
GLOBAL	I	9622589	9632588	NA	0	0	0	6207589234
GLOBAL	I	9632589	9642588	NA	0	0	0	6874814232
GLOBAL	I	9642589	9652588	NA	0	0	0	6761161770
GLOBAL	I	9652589	9662588	NA	0	0	0	5984923186
GLOBAL	I	9662589	9672588	0.022711694095217	108	1866908	82200297	6284657013
GLOBAL	I	9672589	9682588	0.0021639523873462	234	388664	179608388	6652682814
GLOBAL	I	9682589	9692588	0.0012152781466074	238	221380	182164059	6333910429
GLOBAL	I	9692589	9702588	0.0018713553852157	288	405620	216751988	6655742806
GLOBAL	I	9702589	9712588	0.0014942023091127	319	365016	244288205	6528470755
GLOBAL	I	9712589	9722588	0.0047291696209331	98	352508	74539090	6426072478
GLOBAL	I	9722589	9732588	NA	0	0	0	6489787524
GLOBAL	I	9732589	9742588	0.01827730819916	296	4150860	227104558	6175317468
GLOBAL	I	9742589	9752588	NA	0	0	0	6383866522
GLOBAL	I	9752589	9762588	NA	0	0	0	6855485582
GLOBAL	I	9762589	9772588	0.051380504139444	205	7922368	154190157	6088963793
GLOBAL	I	9772589	9782588	NA	0	0	0	6067649808
GLOBAL	I	9782589	9792588	NA	0	0	0	6413246070
GLOBAL	I	9792589	9802588	NA	0	0	0	7391275760
GLOBAL	I	9802589	9812588	NA	0	0	0	7036401746
GLOBAL	I	9812589	9822588	NA	0	0	0	6535403138
GLOBAL	I	9822589	9832588	NA	0	0	0	7267572400
GLOBAL	I	9832589	9842588	NA	0	0	0	6551639204
GLOBAL	I	9842589	9852588	NA	0	0	0	5996520376
GLOBAL	I	9852589	9862588	NA	0	0	0	7298498240
GLOBAL	I	9862589	9872588	NA	0	0	0	5742928488
GLOBAL	I	9872589	9882588	NA	0	0	0	6923522430
GLOBAL	I	9882589	9892588	NA	0	0	0	7030216578
GLOBAL	I	9892589	9902588	NA	0	0	0	5013851810
GLOBAL	I	9902589	9912588	NA	0	0	0	3187680958
GLOBAL	I	9912589	9922588	NA	0	0	0	6359125850
GLOBAL	I	9922589	9932588	NA	0	0	0	7202628136
GLOBAL	I	9932589	9942588	NA	0	0	0	7150827354
GLOBAL	I	9942589	9952588	NA	0	0	0	6752657164
GLOBAL	I	9952589	9962588	NA	0	0	0	6866309626
GLOBAL	I	9962589	9972588	NA	0	0	0	7165517128
GLOBAL	I	9972589	9982588	NA	0	0	0	7259840940
GLOBAL	I	9982589	9992588	NA	0	0	0	7098253426
GLOBAL	I	9992589	10002588	NA	0	0	0	6880226254
GLOBAL	I	10002589	10012588	NA	0	0	0	6713999864
GLOBAL	I	10012589	10022588	NA	0	0	0	6109399692
GLOBAL	I	10022589	10032588	NA	0	0	0	5375684138
GLOBAL	I	10032589	10042588	0.034240507919738	66	1737104	50732425	5850690993
GLOBAL	I	10042589	10052588	0.018837817206219	219	3112212	165210861	6192368697
GLOBAL	I	10052589	10062588	0.031239591181296	641	15279612	489110498	5895529170
GLOBAL	I	10062589	10072588	0.028444341801108	419	9087508	319483856	5925989532
GLOBAL	I	10072589	10082588	0.058409026550401	303	13461304	230466159	6144895757
GLOBAL	I	10082589	10092588	0.028810476366965	443	9619656	333894375	5649482519
GLOBAL	I	10092589	10102588	0.015959943736105	20	229392	14372983	6386502751
GLOBAL	I	10102589	10112588	NA	0	0	0	6693124922
GLOBAL	I	10112589	10122588	0.013521557894888	686	7120528	526605592	6780397254
GLOBAL	I	10122589	10132588	NA	0	0	0	6774305252
GLOBAL	I	10132589	10142588	NA	0	0	0	6431801574
GLOBAL	I	10142589	10152588	NA	0	0	0	6558597518
GLOBAL	I	10152589	10162588	NA	0	0	0	6677662002
GLOBAL	I	10162589	10172588	NA	0	0	0	6155015306
GLOBAL	I	10172589	10182588	NA	0	0	0	6468139436
GLOBAL	I	10182589	10192588	0	119	0	61978948	5850268514
GLOBAL	I	10192589	10202588	NA	0	0	0	6360672142
GLOBAL	I	10202589	10212588	NA	0	0	0	7279169590
GLOBAL	I	10212589	10222588	NA	0	0	0	6876360524
GLOBAL	I	10222589	10232588	NA	0	0	0	6552412350
GLOBAL	I	10232589	10242588	NA	0	0	0	6642870432
GLOBAL	I	10242589	10252588	NA	0	0	0	7006249052
GLOBAL	I	10252589	10262588	NA	0	0	0	6918883554
GLOBAL	I	10262589	10272588	0.0092491854590253	387	2748664	297179034	6577635198
GLOBAL	I	10272589	10282588	0.0048424187667419	474	1761448	363753753	6456167113
GLOBAL	I	10282589	10292588	6.7910632151722e-05	238	12388	182416208	6836203180
GLOBAL	I	10292589	10302588	0.00044158774919456	93	31668	71713946	6869590842
GLOBAL	I	10302589	10312588	0.0016683715553956	398	505256	302843811	6870404777
GLOBAL	I	10312589	10322588	0	32	0	24332427	6757704285
GLOBAL	I	10322589	10332588	0.0017016790120725	564	736160	432608027	6896042907
GLOBAL	I	10332589	10342588	0.0035861981796767	127	349896	97567391	7302986121
GLOBAL	I	10342589	10352588	0.00020804761808768	199	31756	152638133	6548218249
GLOBAL	I	10352589	10362588	0.00036485496993666	674	188612	516950612	6660936852
GLOBAL	I	10362589	10372588	0.00021038116431148	645	104296	495747803	6713838647
GLOBAL	I	10372589	10382588	1.2881560857482e-05	251	2480	192523253	7201071945
GLOBAL	I	10382589	10392588	0.00019744747257296	673	101912	516147402	6881313526
GLOBAL	I	10392589	10402588	3.2130657493386e-05	202	4964	154494193	6753565317
GLOBAL	I	10402589	10412588	4.0473372395549e-05	238	7380	182342107	6848647617
GLOBAL	I	10412589	10422588	0.00013729616044321	230	24240	176552643	6999015383
GLOBAL	I	10422589	10432588	0.0018538530975144	290	412440	222477175	6970873209
GLOBAL	I	10432589	10442588	0.0023726519146016	321	584084	246173489	6666524897
GLOBAL	I	10442589	10452588	0.006353834628847	72	351540	55327219	7314300453
GLOBAL	I	10452589	10462588	NA	0	0	0	7505701368
GLOBAL	I	10462589	10472588	0.00043758612672624	502	168540	385158463	5529408437
GLOBAL	I	10472589	10482588	0.0021832442620594	135	225988	103510177	6911243481
GLOBAL	I	10482589	10492588	3.033359800606e-05	531	12384	408260174	6966006374
GLOBAL	I	10492589	10502588	0.00020010882060624	462	70436	351988482	6963518970
GLOBAL	I	10502589	10512588	0.0025957209037542	200	398620	153568128	5932637184
GLOBAL	I	10512589	10522588	0.00048626264350447	855	320044	658171061	6460957307
GLOBAL	I	10522589	10532588	0.00017918612733549	486	66928	373511058	6903339094
GLOBAL	I	10532589	10542588	0.0019013194172663	167	243516	128077375	7216809625
GLOBAL	I	10542589	10552588	NA	0	0	0	5856580950
GLOBAL	I	10552589	10562588	0.00027823404961579	617	132128	474880771	6829029491
GLOBAL	I	10562589	10572588	0.0030310865952349	251	583848	192620033	6777291157
GLOBAL	I	10572589	10582588	0.00018941705176321	430	62444	329664090	6589219464
GLOBAL	I	10582589	10592588	5.0267133322788e-05	128	4904	97558776	6731639842
GLOBAL	I	10592589	10602588	0.00018255183494118	244	34224	187475519	6651773997
GLOBAL	I	10602589	10612588	1.4838130801174e-05	218	2480	167136955	6345844949
GLOBAL	I	10612589	10622588	0.00074588627211017	231	131920	176863424	6911339104
GLOBAL	I	10622589	10632588	0.00051894686128616	229	90948	175254938	7041289826
GLOBAL	I	10632589	10642588	NA	0	0	0	7081244214
GLOBAL	I	10642589	10652588	0	16	0	12278559	6875679155
GLOBAL	I	10652589	10662588	0.00028315638771418	551	119360	421533842	6668988124
GLOBAL	I	10662589	10672588	0.00017639362207495	677	91600	519293152	6654728582
GLOBAL	I	10672589	10682588	0.00081573564026135	191	119056	145949244	6803860150
GLOBAL	I	10682589	10692588	0.0011448756750314	867	762304	665839983	6408445917
GLOBAL	I	10692589	10702588	7.1182149411663e-05	181	9888	138911231	7028152189
GLOBAL	I	10702589	10712588	0.00021073995267789	244	39344	186694547	6350254883
GLOBAL	I	10712589	10722588	NA	0	0	0	6464273706
GLOBAL	I	10722589	10732588	NA	0	0	0	6985374110
GLOBAL	I	10732589	10742588	NA	0	0	0	6665291666
GLOBAL	I	10742589	10752588	0.0011021930755762	122	103100	93540780	6571750886
GLOBAL	I	10752589	10762588	0.00092511736743296	252	179052	193545172	6559885138
GLOBAL	I	10762589	10772588	0.0047901205068802	176	644556	134559454	7156980472
GLOBAL	I	10772589	10782588	0.00064558016233931	1344	661324	1024387115	6437244931
GLOBAL	I	10782589	10792588	0.0013111078587229	1426	1435068	1094546105	6282039881
GLOBAL	I	10792589	10802588	5.2744364376139e-05	179	7192	136355800	6855203478
GLOBAL	I	10802589	10812588	NA	0	0	0	6816055136
GLOBAL	I	10812589	10822588	NA	0	0	0	7136137580
GLOBAL	I	10822589	10832588	NA	0	0	0	7166290274
GLOBAL	I	10832589	10842588	0.00057798103391474	121	53656	92833496	6490504694
GLOBAL	I	10842589	10852588	0.0011392739947634	155	135128	118608869	6493335723
GLOBAL	I	10852589	10862588	0.046330657036842	49	1693940	36561968	6133916258
GLOBAL	I	10862589	10872588	0.026313360262744	210	4210536	160015139	6229263405
GLOBAL	I	10872589	10882588	0.033895465465462	209	5407088	159522459	5956835547
GLOBAL	I	10882589	10892588	0.04822504489859	59	2106636	43683443	4909862979
GLOBAL	I	10892589	10902588	0.05224512600985	303	11726640	224454239	5770519845
GLOBAL	I	10902589	10912588	0.036814822968903	207	5798124	157494279	5753206891
GLOBAL	I	10912589	10922588	NA	0	0	0	5395012788
GLOBAL	I	10922589	10932588	0.020361039982948	347	5421020	266244750	6397500624
GLOBAL	I	10932589	10942588	0	80	0	60721450	6637815494
GLOBAL	I	10942589	10952588	0.0016729526684094	174	222760	133153797	6490387985
GLOBAL	I	10952589	10962588	NA	0	0	0	6713999864
GLOBAL	I	10962589	10972588	NA	0	0	0	6711680426
GLOBAL	I	10972589	10982588	NA	0	0	0	6373815624
GLOBAL	I	10982589	10992588	0.059478582360717	148	6668284	112112356	6432568534
GLOBAL	I	10992589	11002588	0.041693368544802	374	11901032	285441844	6332687916
GLOBAL	I	11002589	11012588	0.0094645437649547	462	3351204	354079825	6495220589
GLOBAL	I	11012589	11022588	0.0034158122122212	429	1123520	328917379	6630942913
GLOBAL	I	11022589	11032588	0.00010330815866534	898	71308	690245581	6598201761
GLOBAL	I	11032589	11042588	0.00040909524174353	100	31408	76774298	7036168902
GLOBAL	I	11042589	11052588	0.00014630126476781	302	33992	232342489	6840397119
GLOBAL	I	11052589	11062588	0.00019162833371974	376	55276	288454212	6926544260
GLOBAL	I	11062589	11072588	NA	0	0	0	6877133670
GLOBAL	I	11072589	11082588	0.0018139021247011	246	342308	188713600	6950516564
GLOBAL	I	11082589	11092588	0.0020241448181004	945	1468304	725394738	6514344406
GLOBAL	I	11092589	11102588	NA	0	0	0	6908832656
GLOBAL	I	11102589	11112588	0.00010143621729553	748	58312	574863708	6408964110
GLOBAL	I	11112589	11122588	0.0019760953370463	625	944016	477717842	6581878284
GLOBAL	I	11122589	11132588	NA	0	0	0	6889504006
GLOBAL	I	11132589	11142588	NA	0	0	0	5009986080
GLOBAL	I	11142589	11152588	NA	0	0	0	6289542710
GLOBAL	I	11152589	11162588	0.00024796508036136	630	120016	484003634	6793619664
GLOBAL	I	11162589	11172588	0	340	0	259472421	6737498879
GLOBAL	I	11172589	11182588	0	348	0	266056264	6866988732
GLOBAL	I	11182589	11192588	0	92	0	70775837	6756876489
GLOBAL	I	11192589	11202588	0	26	0	19930655	6606703711
GLOBAL	I	11202589	11212588	NA	0	0	0	3087945124
GLOBAL	I	11212589	11222588	0.0013261803289421	507	510440	384894866	6688617888
GLOBAL	I	11222589	11232588	4.5530550125411e-05	568	19724	433203639	6654225743
GLOBAL	I	11232589	11242588	8.7409029388038e-05	37	2476	28326593	6952408641
GLOBAL	I	11242589	11252588	0.0017784320802457	266	362688	203936942	6723451218
GLOBAL	I	11252589	11262588	NA	0	0	0	6897235466
GLOBAL	I	11262589	11272588	NA	0	0	0	4105405260
GLOBAL	I	11272589	11282588	NA	0	0	0	6553185496
GLOBAL	I	11282589	11292588	NA	0	0	0	6617356614
GLOBAL	I	11292589	11302588	NA	0	0	0	6642097286
GLOBAL	I	11302589	11312588	0	4	0	2974404	6169050114
GLOBAL	I	11312589	11322588	NA	0	0	0	7198762406
GLOBAL	I	11322589	11332588	NA	0	0	0	7155466230
GLOBAL	I	11332589	11342588	NA	0	0	0	6700856382
GLOBAL	I	11342589	11352588	NA	0	0	0	6361445288
GLOBAL	I	11352589	11362588	NA	0	0	0	6894142882
GLOBAL	I	11362589	11372588	NA	0	0	0	7233553976
GLOBAL	I	11372589	11382588	NA	0	0	0	5941627010
GLOBAL	I	11382589	11392588	NA	0	0	0	7007795344
GLOBAL	I	11392589	11402588	NA	0	0	0	6834610640
GLOBAL	I	11402589	11412588	0.00031446917806064	270	64960	206570324	7029303090
GLOBAL	I	11412589	11422588	3.1034403187654e-05	104	2480	79911316	6743875280
GLOBAL	I	11422589	11432588	NA	0	0	0	6799045924
GLOBAL	I	11432589	11442588	0.012284603396118	350	3275372	266624155	6819258935
GLOBAL	I	11442589	11452588	0.014563461640884	510	5621728	386015917	6051970825
GLOBAL	I	11452589	11462588	0.014194680692677	223	2409452	169743304	5291760040
GLOBAL	I	11462589	11472588	0.0078678166279318	155	925644	117649412	6429350916
GLOBAL	I	11472589	11482588	NA	0	0	0	6238515074
GLOBAL	I	11482589	11492588	NA	0	0	0	6509889320
GLOBAL	I	11492589	11502588	0.015693761355692	258	3067292	195446581	6198470839
GLOBAL	I	11502589	11512588	0.017745515865855	566	7691336	433424199	6213311963
GLOBAL	I	11512589	11522588	0.015066921829679	606	6999828	464582486	6439611294
GLOBAL	I	11522589	11532588	0.010399383231206	354	2789860	268271679	6122553157
GLOBAL	I	11532589	11542588	0.0044888563290135	81	275184	61303811	6242928673
GLOBAL	I	11542589	11552588	0.014627267293161	385	4295176	293641725	6281965005
GLOBAL	I	11552589	11562588	NA	0	0	0	6349074952
GLOBAL	I	11562589	11572588	0	12	0	9006254	6600618900
GLOBAL	I	11572589	11582588	0	45	0	34055176	6494389648
GLOBAL	I	11582589	11592588	0.00076024068702417	514	298144	392170539	6335745953
GLOBAL	I	11592589	11602588	0	29	0	22062713	6995010383
GLOBAL	I	11602589	11612588	0.00014122878915332	137	14740	104369655	6916569171
GLOBAL	I	11612589	11622588	7.307642266879e-05	618	34592	473367452	6615608222
GLOBAL	I	11622589	11632588	0.00017144615573587	222	29144	169989230	6666940848
GLOBAL	I	11632589	11642588	0.0020108495917616	226	347628	172876182	6631581764
GLOBAL	I	11642589	11652588	0	124	0	95386693	7217028175
GLOBAL	I	11652589	11662588	NA	0	0	0	5689581414
GLOBAL	I	11662589	11672588	0.00013828838604831	526	55620	402202973	7021544919
GLOBAL	I	11672589	11682588	0.0015729947071118	706	850724	540830809	6792459001
GLOBAL	I	11682589	11692588	2.7262344165615e-05	711	14860	545074184	6666831704
GLOBAL	I	11692589	11702588	0.00036431183613475	286	79968	219504260	6856327932
GLOBAL	I	11702589	11712588	0.00018021018464114	386	52896	293523921	6273578203
GLOBAL	I	11712589	11722588	0.0028831785043186	458	991180	343780310	6546496842
GLOBAL	I	11722589	11732588	0.0039085274919344	35	103948	26595182	3271645654
GLOBAL	I	11732589	11742588	NA	0	0	0	3834031014
GLOBAL	I	11742589	11752588	NA	0	0	0	3109593212
GLOBAL	I	11752589	11762588	NA	0	0	0	1012048114
GLOBAL	I	11762589	11772588	NA	0	0	0	5246568756
GLOBAL	I	11772589	11782588	NA	0	0	0	5649377822
GLOBAL	I	11782589	11792588	NA	0	0	0	7075059046
GLOBAL	I	11792589	11802588	0.00041868892952863	135	43056	102835296	7242824850
GLOBAL	I	11802589	11812588	0.00031923853864314	383	92504	289764514	6954613506
GLOBAL	I	11812589	11822588	0.00061392092351953	159	74616	121540083	7008412329
GLOBAL	I	11822589	11832588	0	79	0	60479132	7330796628
GLOBAL	I	11832589	11842588	0.00024240482556062	409	75768	312568035	6899337853
GLOBAL	I	11842589	11852588	0.00029638989502791	202	45676	154107818	7070941552
GLOBAL	I	11852589	11862588	0.00068494332842773	366	191996	280309322	6880568930
GLOBAL	I	11862589	11872588	2.8895562470582e-05	335	7428	257063693	7106378811
GLOBAL	I	11872589	11882588	0.00087696051076475	183	123256	140549088	7244541504
GLOBAL	I	11882589	11892588	NA	0	0	0	7443849688
GLOBAL	I	11892589	11902588	NA	0	0	0	7347979584
GLOBAL	I	11902589	11912588	NA	0	0	0	7272211276
GLOBAL	I	11912589	11922588	0	215	0	163906874	7102119234
GLOBAL	I	11922589	11932588	0	34	0	26120937	7327270669
GLOBAL	I	11932589	11942588	2.5020209293442e-05	128	2468	98640262	7415565712
GLOBAL	I	11942589	11952588	NA	0	0	0	7593066866
GLOBAL	I	11952589	11962588	NA	0	0	0	7300817678
GLOBAL	I	11962589	11972588	NA	0	0	0	7567553048
GLOBAL	I	11972589	11982588	NA	0	0	0	7620126976
GLOBAL	I	11982589	11992588	0.00014484541663088	1004	111912	772630592	6842084362
GLOBAL	I	11992589	12002588	NA	0	0	0	7465497776
GLOBAL	I	12002589	12012588	9.1218265545493e-05	70	4920	53936566	7450991656
GLOBAL	I	12012589	12022588	0.00027191760285969	483	101168	372053883	7155295573
GLOBAL	I	12022589	12032588	0.00017340952792366	365	48672	280676619	7191006325
GLOBAL	I	12032589	12042588	0.0050678953461742	78	304604	60104635	7498170661
GLOBAL	I	12042589	12052588	NA	0	0	0	6059918348
GLOBAL	I	12052589	12062588	0.00026674049615725	298	61044	228851640	7323238488
GLOBAL	I	12062589	12072588	0.00039636671335033	736	225116	567948802	6894456390
GLOBAL	I	12072589	12082588	0	228	0	175672128	7250395202
GLOBAL	I	12082589	12092588	6.6578873166038e-05	621	31840	478229782	7001957768
GLOBAL	I	12092589	12102588	0.00013343515712303	873	89648	671846925	6878696911
GLOBAL	I	12102589	12112588	NA	0	0	0	7664196298
GLOBAL	I	12112589	12122588	0.00057603800277111	458	202932	352289257	7193615703
GLOBAL	I	12122589	12132588	0.00099656165543264	321	246664	247515042	7019284212
GLOBAL	I	12132589	12142588	0	180	0	138581819	7175379341
GLOBAL	I	12142589	12152588	0.0015822915991966	385	469304	296597669	7289510883
GLOBAL	I	12152589	12162588	8.8676592110066e-05	565	38616	435470050	7071004464
GLOBAL	I	12162589	12172588	0.001082040445859	619	515324	476252068	6966051328
GLOBAL	I	12172589	12182588	0.00020750956380483	259	41440	199701639	7258064677
GLOBAL	I	12182589	12192588	0	43	0	33126278	7306348700
GLOBAL	I	12192589	12202588	8.3692016144591e-05	418	26888	321273178	7243187286
GLOBAL	I	12202589	12212588	0.0012379700124876	386	367404	296779402	7139338826
GLOBAL	I	12212589	12222588	NA	0	0	0	7448488564
GLOBAL	I	12222589	12232588	6.2814971299799e-05	255	12280	195494796	6752768306
GLOBAL	I	12232589	12242588	1.2517306189941e-05	516	4968	396890507	7210866133
GLOBAL	I	12242589	12252588	NA	0	0	0	7386636884
GLOBAL	I	12252589	12262588	0.00051971523746674	556	221956	427072335	7128110377
GLOBAL	I	12262589	12272588	0	77	0	57169013	5642463299
GLOBAL	II	32716	42715	0	400	0	306067390	7131597130
GLOBAL	II	42716	52715	0.00063536240039832	916	448868	706475548	6761341666
GLOBAL	II	52716	62715	0.00034692964144323	164	43880	126480977	7206808833
GLOBAL	II	62716	72715	2.4571144412504e-05	526	9912	403400014	7215953816
GLOBAL	II	72716	82715	0	286	0	220197492	6998666710
GLOBAL	II	82716	92715	3.4486075861768e-05	653	17328	502463663	7061996801
GLOBAL	II	92716	102715	0.0001132810702035	677	58772	518815720	6917302508
GLOBAL	II	102716	112715	0.00016633788975284	210	26956	162055681	7337460519
GLOBAL	II	112716	122715	4.8553202271827e-05	532	19820	408212004	7182535424
GLOBAL	II	122716	132715	5.0777874865052e-05	569	22236	437907259	7104905117
GLOBAL	II	132716	142715	0.00017392171839625	631	84592	486379739	7019321629
GLOBAL	II	142716	152715	NA	0	0	0	7537400354
GLOBAL	II	152716	162715	3.202751138336e-05	501	12352	385668429	7200440123
GLOBAL	II	162716	172715	0.0013690595970906	147	155220	113377095	7342842929
GLOBAL	II	172716	182715	0.00028077553760078	473	102376	364618659	7132578103
GLOBAL	II	182716	192715	6.5260439889833e-05	295	14844	227457860	6438606952
GLOBAL	II	192716	202715	0	249	0	192022216	7372438248
GLOBAL	II	202716	212715	0.00019439231400081	376	56244	289332427	7081068391
GLOBAL	II	212716	222715	0.000229977497782	462	81928	356243549	7144045797
GLOBAL	II	222716	232715	6.3533829052161e-05	253	12300	193597650	7323700908
GLOBAL	II	232716	242715	0.00022665212322669	364	63608	280641536	6989250302
GLOBAL	II	242716	252715	0	79	0	60657056	7273405900
GLOBAL	II	252716	262715	0.00013021950221044	219	21996	168914791	7175972209
GLOBAL	II	262716	272715	0	7	0	5399601	7394380765
GLOBAL	II	272716	282715	0.00025831490556148	496	98700	382091772	7092683756
GLOBAL	II	282716	292715	0.00018173542669242	281	39264	216050336	7086313634
GLOBAL	II	292716	302715	2.3390143608869e-05	550	9904	423426216	7117066722
GLOBAL	II	302716	312715	0.00033881314315315	534	139072	410468138	6968437286
GLOBAL	II	312716	322715	0.0020723262882066	227	362232	174794868	7436054356
GLOBAL	II	322716	332715	NA	0	0	0	7350299022
GLOBAL	II	332716	342715	0.0012533914909156	409	394156	314471578	6897434310
GLOBAL	II	342716	352715	0.00013835750632953	320	33936	245277621	7272794083
GLOBAL	II	352716	362715	0.00034985231440161	295	79444	227078675	7156465625
GLOBAL	II	362716	372715	NA	0	0	0	7672700904
GLOBAL	II	372716	382715	1.6100843425803e-05	200	2480	154029198	7380278572
GLOBAL	II	382716	392715	0.00012783571767945	1033	101748	795927788	6746111442
GLOBAL	II	392716	402715	7.3704322839782e-05	174	9888	134157667	6961003175
GLOBAL	II	402716	412715	0.00089595056185099	792	546744	610239028	6933346494
GLOBAL	II	412716	422715	0.00017291666778696	441	58524	338452046	7103851350
GLOBAL	II	422716	432715	0	51	0	39180057	7312665257
GLOBAL	II	432716	442715	0.0006381931480022	620	304376	476933983	6878777061
GLOBAL	II	442716	452715	0.00070087003683729	552	297748	424826265	7043764095
GLOBAL	II	452716	462715	0.00038493636746778	342	100872	262048506	7271486118
GLOBAL	II	462716	472715	0.0010369365970337	456	363600	350648247	6896049211
GLOBAL	II	472716	482715	0.00089409999358439	837	574204	642214522	6558094176
GLOBAL	II	482716	492715	0.0002199823996856	364	61304	278676840	6800247936
GLOBAL	II	492716	502715	7.1065403015964e-05	136	7416	104354576	7109097604
GLOBAL	II	502716	512715	NA	0	0	0	7146188478
GLOBAL	II	512716	522715	0.00042872068829492	353	116492	271720034	7011315286
GLOBAL	II	522716	532715	0.0013106379762953	441	439616	335421381	6865660463
GLOBAL	II	532716	542715	0	45	0	34627820	7100736614
GLOBAL	II	542716	552715	0.00048682244367265	349	130324	267703352	6961984894
GLOBAL	II	552716	562715	4.8309294865863e-05	400	14812	306607663	7131830003
GLOBAL	II	562716	572715	0.00092401538323188	262	185116	200338656	6779623432
GLOBAL	II	572716	582715	0.018145612537459	326	4540972	250251789	6475345265
GLOBAL	II	582716	592715	0.017011017267555	339	4423140	260016196	6671237694
GLOBAL	II	592716	602715	0.019763159162622	138	2095288	106019892	6583239300
GLOBAL	II	602716	612715	0.0059543817675814	655	2997536	503416831	6053634395
GLOBAL	II	612716	622715	0.0064806448760776	526	2618104	403988191	6373409645
GLOBAL	II	622716	632715	0.0037932918551222	802	2337980	616345931	6450981655
GLOBAL	II	632716	642715	0.00012353507860613	78	7392	59837255	6965740447
GLOBAL	II	642716	652715	0	115	0	88303172	6992167896
GLOBAL	II	652716	662715	0.00032457761579203	344	84776	261188683	6938346869
GLOBAL	II	662716	672715	NA	0	0	0	7286127904
GLOBAL	II	672716	682715	0	81	0	62379067	7097726039
GLOBAL	II	682716	692715	0.00026395209787758	392	79440	300963700	6658896592
GLOBAL	II	692716	702715	0	11	0	8464898	6841608662
GLOBAL	II	702716	712715	0.0010964546825869	148	124780	113803153	7071815771
GLOBAL	II	712716	722715	0.0016680436119142	57	72416	43413733	7255857653
GLOBAL	II	722716	732715	0	31	0	23620854	6593735760
GLOBAL	II	732716	742715	3.3094233374593e-05	96	2440	73728857	6628673817
GLOBAL	II	742716	752715	0.0010525632579778	420	338984	322055703	6678781327
GLOBAL	II	752716	762715	0.0017186700653268	310	407184	236918073	6235087093
GLOBAL	II	762716	772715	2.4287612734798e-05	134	2480	102109665	6891769051
GLOBAL	II	772716	782715	0.00094061167653312	86	61776	65676412	6668425248
GLOBAL	II	782716	792715	NA	0	0	0	7120674660
GLOBAL	II	792716	802715	0.019402307767403	392	5825064	300225317	6485677125
GLOBAL	II	802716	812715	0.010666996272984	359	2938028	275431614	6660461152
GLOBAL	II	812716	822715	0	40	0	30443609	6903129719
GLOBAL	II	822716	832715	0.00091840832301091	194	135948	148025662	6912343610
GLOBAL	II	832716	842715	0.0009752885009622	127	93952	96332521	6747555871
GLOBAL	II	842716	852715	0.00011519767552063	141	12392	107571615	6382215909
GLOBAL	II	852716	862715	8.1710155655643e-05	121	7416	90759832	6839720912
GLOBAL	II	862716	872715	0.002325553604985	208	371120	159583507	6913156101
GLOBAL	II	872716	882715	NA	0	0	0	6618129760
GLOBAL	II	882716	892715	NA	0	0	0	6707041550
GLOBAL	II	892716	902715	0.00015662532969488	82	9808	62620778	6451907418
GLOBAL	II	902716	912715	0.0015068324198519	218	248184	164705774	6969885514
GLOBAL	II	912716	922715	0.0058347621648758	277	1236460	211912665	6195921383
GLOBAL	II	922716	932715	NA	0	0	0	6695444360
GLOBAL	II	932716	942715	0.00034936276336083	228	61068	174798251	6636618009
GLOBAL	II	942716	952715	2.9122663872177e-05	111	2476	85019695	6715572521
GLOBAL	II	952716	962715	0.00046407731489281	349	124440	268144975	6772122501
GLOBAL	II	962716	972715	0.0032116260315938	254	620688	193262850	6890300802
GLOBAL	II	972716	982715	0.00097924535515322	238	177068	180820873	6859446603
GLOBAL	II	982716	992715	0.0001557908365664	245	29220	187559170	6705037420
GLOBAL	II	992716	1002715	0.0030114796334441	158	365216	121274604	6741942438
GLOBAL	II	1002716	1012715	0.00018280157523489	177	24720	135228594	6918182364
GLOBAL	II	1012716	1022715	0.00097125819478435	277	205604	211688304	6952282532
GLOBAL	II	1022716	1032715	0.00044131994815857	197	66520	150729647	6822274127
GLOBAL	II	1032716	1042715	0.00014439198435168	178	19708	136489571	6661010061
GLOBAL	II	1042716	1052715	0.00037298895275884	233	66528	178364532	6680986780
GLOBAL	II	1052716	1062715	0.00094134106866216	444	318344	338181357	6740743419
GLOBAL	II	1062716	1072715	0.0014738111931016	500	566136	384130615	6904316727
GLOBAL	II	1072716	1082715	0.0070469534454759	190	1022416	145086243	6628445863
GLOBAL	II	1082716	1092715	0.010471035958634	266	2134492	203847261	6423560251
GLOBAL	II	1092716	1102715	0.0089602635085549	81	557160	62181207	6521156983
GLOBAL	II	1102716	1112715	0.031844441743613	74	1793220	56311868	6567229914
GLOBAL	II	1112716	1122715	0.058628029769695	134	5924820	101057805	5702176071
GLOBAL	II	1122716	1132715	0.042276455828223	548	17588892	416044620	5956997858
GLOBAL	II	1132716	1142715	0.034356457360392	71	1797864	52329726	5268461046
GLOBAL	II	1142716	1152715	0.010218592295232	511	3958868	387418138	6543835752
GLOBAL	II	1152716	1162715	0.0013050587249683	294	292800	224357720	6362846200
GLOBAL	II	1162716	1172715	0.00051177686121527	241	94484	184619523	6514690567
GLOBAL	II	1172716	1182715	0.0011559483591348	410	362248	313377321	6461701077
GLOBAL	II	1182716	1192715	0.00019425897578008	647	96336	495915309	6756967317
GLOBAL	II	1192716	1202715	0.0010052739057931	164	126516	125852267	6568045801
GLOBAL	II	1202716	1212715	0	26	0	19506358	6817423720
GLOBAL	II	1212716	1222715	3.2362443368684e-05	100	2460	76014038	6715300426
GLOBAL	II	1222716	1232715	NA	0	0	0	6720958178
GLOBAL	II	1232716	1242715	0	67	0	51259963	7052405485
GLOBAL	II	1242716	1252715	0.06443157747815	292	14273432	221528520	5897148924
GLOBAL	II	1252716	1262715	0.030936024608891	276	6460960	208849071	6314183731
GLOBAL	II	1262716	1272715	0.0022589796980701	279	463332	205106757	6695994439
GLOBAL	II	1272716	1282715	0.0013905077001195	362	383972	276137989	6439408167
GLOBAL	II	1282716	1292715	0.016284929638125	287	3570400	219245651	6630827909
GLOBAL	II	1292716	1302715	0.013051231020713	218	2170820	166330670	6162642486
GLOBAL	II	1302716	1312715	0.017657377845813	159	2107712	119367214	6170948642
GLOBAL	II	1312716	1322715	NA	0	0	0	5648604676
GLOBAL	II	1322716	1332715	NA	0	0	0	5902196564
GLOBAL	II	1332716	1342715	NA	0	0	0	5310739874
GLOBAL	II	1342716	1352715	0.072118460238825	198	10773076	149380283	5251044527
GLOBAL	II	1352716	1362715	0.071311439890311	476	25581320	358726735	5713561949
GLOBAL	II	1362716	1372715	0.02695468432114	364	7493472	278002588	5864642382
GLOBAL	II	1372716	1382715	0.025916071613612	71	1399060	53984262	5684305350
GLOBAL	II	1382716	1392715	0	3	0	2180929	6451268733
GLOBAL	II	1392716	1402715	0.083779529208511	407	25820040	308190321	5992176433
GLOBAL	II	1402716	1412715	NA	0	0	0	6193672606
GLOBAL	II	1412716	1422715	0.039307105078834	48	1440728	36653119	5907293329
GLOBAL	II	1422716	1432715	0.064735638645377	511	25113588	387940685	6409558947
GLOBAL	II	1432716	1442715	0.0051120846339342	574	2246108	439372225	6442400321
GLOBAL	II	1442716	1452715	0.0072321882745769	543	3010184	416220359	6261441643
GLOBAL	II	1452716	1462715	0.030011786372474	329	7478876	249197962	6409908536
GLOBAL	II	1462716	1472715	0.0015414990875347	276	324560	210548292	6628701224
GLOBAL	II	1472716	1482715	4.2175518874934e-05	153	4888	115896618	6999366020
GLOBAL	II	1482716	1492715	0.0047210253964039	36	130384	27617729	7218306583
GLOBAL	II	1492716	1502715	0.0021447653222307	272	448108	208931017	6573105695
GLOBAL	II	1502716	1512715	0.0040344537394388	204	630536	156287825	6733989327
GLOBAL	II	1512716	1522715	0.0023232005273498	86	152900	65814379	7146864655
GLOBAL	II	1522716	1532715	0.00069769315974567	481	256024	366957876	7005762380
GLOBAL	II	1532716	1542715	0	178	0	135557296	6274596190
GLOBAL	II	1542716	1552715	0.00035416399354932	151	40948	115618755	6331645739
GLOBAL	II	1552716	1562715	0.0012306382789883	651	611084	496558583	6334959473
GLOBAL	II	1562716	1572715	0.0023274524353213	219	390208	167654554	6602011822
GLOBAL	II	1572716	1582715	0.0018435031727457	180	252880	137173618	6463173784
GLOBAL	II	1582716	1592715	NA	0	0	0	6732555368
GLOBAL	II	1592716	1602715	NA	0	0	0	4713098016
GLOBAL	II	1602716	1612715	NA	0	0	0	4136331100
GLOBAL	II	1612716	1622715	0.00073857665365703	400	226152	306199768	6347494708
GLOBAL	II	1622716	1632715	6.0000088965649e-05	643	29580	492999269	6746739875
GLOBAL	II	1632716	1642715	0.0015706045009469	359	429660	273563459	6662329307
GLOBAL	II	1642716	1652715	0.00069486386718569	159	84596	121744710	6820333224
GLOBAL	II	1652716	1662715	0.00035558598738548	552	150644	423649990	6721765342
GLOBAL	II	1662716	1672715	0.0036973736698662	626	1769672	478629470	6436388354
GLOBAL	II	1672716	1682715	0.0005395173097917	185	76656	142082559	6820097171
GLOBAL	II	1682716	1692715	0.00052553926300828	350	141248	268767740	7086943304
GLOBAL	II	1692716	1702715	0.00029465106632555	361	81804	277630083	6378383831
GLOBAL	II	1702716	1712715	0.00036993235618674	226	63828	172539652	6689904244
GLOBAL	II	1712716	1722715	9.7234871868589e-06	331	2460	252995654	7074108988
GLOBAL	II	1722716	1732715	0.00025202964598525	488	94308	374194074	6785137886
GLOBAL	II	1732716	1742715	9.7914120742614e-05	165	12220	124803245	6598474371
GLOBAL	II	1742716	1752715	0	64	0	49015384	7025270516
GLOBAL	II	1752716	1762715	NA	0	0	0	3053926700
GLOBAL	II	1762716	1772715	NA	0	0	0	6683074024
GLOBAL	II	1772716	1782715	0.00045681081164992	205	71920	157439356	7028952714
GLOBAL	II	1782716	1792715	0.00026125760446311	336	67112	256880561	6556855137
GLOBAL	II	1792716	1802715	0.00027245835519995	464	96996	356003030	6173214940
GLOBAL	II	1802716	1812715	NA	0	0	0	5788544102
GLOBAL	II	1812716	1822715	0	9	0	6881507	6413322877
GLOBAL	II	1822716	1832715	0.0021872883996328	208	347736	158980407	6622283159
GLOBAL	II	1832716	1842715	0.00018305109035093	191	26916	147040916	6998374416
GLOBAL	II	1842716	1852715	3.7614544368853e-05	257	7424	197370462	6808105444
GLOBAL	II	1852716	1862715	0.0011778873554555	546	494480	419802452	6728705464
GLOBAL	II	1862716	1872715	0.00036478225419671	302	84380	231316077	6854567013
GLOBAL	II	1872716	1882715	NA	0	0	0	6506023590
GLOBAL	II	1882716	1892715	0.0049553758866021	139	491100	99104490	6261567652
GLOBAL	II	1892716	1902715	0.0084509904118501	210	1341728	158765770	6239017380
GLOBAL	II	1902716	1912715	NA	0	0	0	6391597982
GLOBAL	II	1912716	1922715	NA	0	0	0	7262160378
GLOBAL	II	1922716	1932715	NA	0	0	0	7286127904
GLOBAL	II	1932716	1942715	0	66	0	17164136	6418503168
GLOBAL	II	1942716	1952715	0	36	0	9824116	6622995418
GLOBAL	II	1952716	1962715	NA	0	0	0	6619676052
GLOBAL	II	1962716	1972715	NA	0	0	0	3928354826
GLOBAL	II	1972716	1982715	NA	0	0	0	6583338190
GLOBAL	II	1982716	1992715	0.00021779507686365	191	31872	146339396	7122006150
GLOBAL	II	1992716	2002715	NA	0	0	0	7139230164
GLOBAL	II	2002716	2012715	0.0027876157732506	181	386208	138544201	6395312645
GLOBAL	II	2012716	2022715	0.00096320916544917	191	140856	146236150	6914133122
GLOBAL	II	2022716	2032715	0.00098429693796206	392	296416	301144897	6925450765
GLOBAL	II	2032716	2042715	1.8730715798436e-05	171	2448	130694418	6938952606
GLOBAL	II	2042716	2052715	0.0012198100669926	211	197388	161818635	7210901621
GLOBAL	II	2052716	2062715	0.0013117131162577	236	237424	181002993	6776537861
GLOBAL	II	2062716	2072715	NA	0	0	0	6942077934
GLOBAL	II	2072716	2082715	0	53	0	40451598	6913996672
GLOBAL	II	2082716	2092715	0.0012664813692425	175	170028	134252271	6779992407
GLOBAL	II	2092716	2102715	0.00023503214172187	256	46068	196007234	6662570932
GLOBAL	II	2102716	2112715	NA	0	0	0	7024804556
GLOBAL	II	2112716	2122715	0.0071677204313744	69	338484	47223382	4780300242
GLOBAL	II	2122716	2132715	0	43	0	32841851	6780893847
GLOBAL	II	2132716	2142715	0.00047939023028093	100	36640	76430427	6949920421
GLOBAL	II	2142716	2152715	0.00018639538699453	530	75660	405911333	6733318831
GLOBAL	II	2152716	2162715	0.0018830522770103	910	1315544	698623196	6734402448
GLOBAL	II	2162716	2172715	0.00022432672856171	220	37856	168753854	7081036188
GLOBAL	II	2172716	2182715	0.0010528143901173	252	203524	193314227	6321987115
GLOBAL	II	2182716	2192715	0.0018935085019486	292	422128	222934304	6991291022
GLOBAL	II	2192716	2202715	0.00067941493469032	128	66804	98325775	6964362935
GLOBAL	II	2202716	2212715	0.001620998408761	370	459728	283607928	6789904826
GLOBAL	II	2212716	2222715	0.00035634255540994	125	34220	96031191	7032374929
GLOBAL	II	2222716	2232715	2.5915384568294e-05	124	2468	95233007	6893233687
GLOBAL	II	2232716	2242715	0.00016456631122035	194	24576	149337977	6672129181
GLOBAL	II	2242716	2252715	0	138	0	105666920	6354741056
GLOBAL	II	2252716	2262715	0.0010255253665959	88	69352	67625826	6785540318
GLOBAL	II	2262716	2272715	0.00031597609932213	169	40944	129579421	6782345819
GLOBAL	II	2272716	2282715	NA	0	0	0	6369176748
GLOBAL	II	2282716	2292715	0.0086411829652923	336	2204868	255158120	6565535892
GLOBAL	II	2292716	2302715	0.0044329816980401	264	897300	202414551	6024503333
GLOBAL	II	2302716	2312715	0.0013472019175976	77	79272	58841959	6682991161
GLOBAL	II	2312716	2322715	0.0024456071471783	288	539500	220599617	6781010559
GLOBAL	II	2322716	2332715	NA	0	0	0	6159654182
GLOBAL	II	2332716	2342715	NA	0	0	0	7126086682
GLOBAL	II	2342716	2352715	NA	0	0	0	6860124458
GLOBAL	II	2352716	2362715	NA	0	0	0	7044133206
GLOBAL	II	2362716	2372715	0.0083991037821911	185	1177748	140223056	6961122954
GLOBAL	II	2372716	2382715	0.0046280277109154	120	424236	91666694	6555842614
GLOBAL	II	2382716	2392715	0.058194648864861	14	625152	10742431	6493734867
GLOBAL	II	2392716	2402715	0.055242792057208	99	4058676	73469784	6846186916
GLOBAL	II	2402716	2412715	0.00020627438353656	93	14736	71438827	7125004141
GLOBAL	II	2412716	2422715	0	110	0	84543573	6961909071
GLOBAL	II	2422716	2432715	NA	0	0	0	6821467158
GLOBAL	II	2432716	2442715	NA	0	0	0	7034082308
GLOBAL	II	2442716	2452715	NA	0	0	0	7143869040
GLOBAL	II	2452716	2462715	NA	0	0	0	7159331960
GLOBAL	II	2462716	2472715	NA	0	0	0	7317053744
GLOBAL	II	2472716	2482715	NA	0	0	0	7363442504
GLOBAL	II	2482716	2492715	NA	0	0	0	6732555368
GLOBAL	II	2492716	2502715	NA	0	0	0	6446491348
GLOBAL	II	2502716	2512715	NA	0	0	0	7075059046
GLOBAL	II	2512716	2522715	NA	0	0	0	6768893230
GLOBAL	II	2522716	2532715	NA	0	0	0	7322465766
GLOBAL	II	2532716	2542715	NA	0	0	0	7460858900
GLOBAL	II	2542716	2552715	0.00017286492920095	112	14640	84690400	7039849990
GLOBAL	II	2552716	2562715	NA	0	0	0	7110623762
GLOBAL	II	2562716	2572715	NA	0	0	0	7356484190
GLOBAL	II	2572716	2582715	NA	0	0	0	7361896212
GLOBAL	II	2582716	2592715	NA	0	0	0	7188711508
GLOBAL	II	2592716	2602715	NA	0	0	0	7205720720
GLOBAL	II	2602716	2612715	NA	0	0	0	7252109480
GLOBAL	II	2612716	2622715	NA	0	0	0	7064235002
GLOBAL	II	2622716	2632715	NA	0	0	0	6689259192
GLOBAL	II	2632716	2642715	0.00041004670818364	137	43344	105705031	7198978377
GLOBAL	II	2642716	2652715	NA	0	0	0	7048772082
GLOBAL	II	2652716	2662715	NA	0	0	0	6257070578
GLOBAL	II	2662716	2672715	NA	0	0	0	7409058118
GLOBAL	II	2672716	2682715	NA	0	0	0	7177114318
GLOBAL	II	2682716	2692715	NA	0	0	0	2658849094
GLOBAL	II	2692716	2702715	NA	0	0	0	3394884086
GLOBAL	II	2702716	2712715	0.0060271257721622	476	2201920	365335001	6418248003
GLOBAL	II	2712716	2722715	0.029170397303923	716	15979728	547806320	6284484882
GLOBAL	II	2722716	2732715	NA	0	0	0	6478190334
GLOBAL	II	2732716	2742715	NA	0	0	0	6395463712
GLOBAL	II	2742716	2752715	0.010440033765719	646	5181832	496342456	6273323920
GLOBAL	II	2752716	2762715	0.0058621245106475	578	2605516	444466165	6715638941
GLOBAL	II	2762716	2772715	0.0066857266841047	139	710936	106336384	6408964958
GLOBAL	II	2772716	2782715	0.0049873135164653	711	2688284	539024465	6285535277
GLOBAL	II	2782716	2792715	0.0066438661007225	175	885584	133293475	6374276407
GLOBAL	II	2792716	2802715	0.0073553603891862	149	841988	114472705	6709313891
GLOBAL	II	2802716	2812715	NA	0	0	0	6604986278
GLOBAL	II	2812716	2822715	0.0054342458786788	126	524560	96528573	7084451475
GLOBAL	II	2822716	2832715	NA	0	0	0	6798272778
GLOBAL	II	2832716	2842715	0.016029609560569	27	328908	20518778	6160010346
GLOBAL	II	2842716	2852715	0.014096830301301	590	6362116	451315357	6571169761
GLOBAL	II	2852716	2862715	NA	0	0	0	6809869968
GLOBAL	II	2862716	2872715	0	4	0	2989018	6987797114
GLOBAL	II	2872716	2882715	1.8910152736757e-05	341	4916	259966171	6617167499
GLOBAL	II	2882716	2892715	NA	0	0	0	7003156468
GLOBAL	II	2892716	2902715	0	14	0	10697705	6832417541
GLOBAL	II	2902716	2912715	7.5917104876471e-06	427	2480	326672099	6558193031
GLOBAL	II	2912716	2922715	NA	0	0	0	3718832260
GLOBAL	II	2922716	2932715	NA	0	0	0	5556600302
GLOBAL	II	2932716	2942715	0	191	0	145734691	7011277831
GLOBAL	II	2942716	2952715	NA	0	0	0	7396687782
GLOBAL	II	2952716	2962715	3.2793391554141e-05	98	2476	75503017	7142588039
GLOBAL	II	2962716	2972715	NA	0	0	0	6806777384
GLOBAL	II	2972716	2982715	0.00071085472056175	118	63704	89616061	7245220041
GLOBAL	II	2982716	2992715	0.00031938609860383	503	123380	386303601	6316872219
GLOBAL	II	2992716	3002715	0.00099072590919329	463	352564	355864318	6209691514
GLOBAL	II	3002716	3012715	0.00045460436918174	300	104472	229808614	6339612948
GLOBAL	II	3012716	3022715	6.0248944831765e-05	108	4936	81926746	6950609270
GLOBAL	II	3022716	3032715	0	90	0	68812976	6927385178
GLOBAL	II	3032716	3042715	7.1434893340028e-05	224	12256	171568815	6186010743
GLOBAL	II	3042716	3052715	0.00022081690420225	441	74748	338506693	6169063189
GLOBAL	II	3052716	3062715	0.0027977315874503	32	68788	24587062	6654621232
GLOBAL	II	3062716	3072715	0.00070881450706712	777	423292	597183037	6177895361
GLOBAL	II	3072716	3082715	0.00010020402114194	289	22148	221029054	6954538972
GLOBAL	II	3082716	3092715	0.0014758486458314	105	119020	80645126	6849835618
GLOBAL	II	3092716	3102715	8.2688991802086e-05	157	9884	119532235	6440611575
GLOBAL	II	3102716	3112715	0.0032340086368968	116	287048	88759194	6663897970
GLOBAL	II	3112716	3122715	8.7201968254715e-05	294	19624	225040792	6611889286
GLOBAL	II	3122716	3132715	0.00058988256675066	112	50816	86145960	6491780208
GLOBAL	II	3132716	3142715	0.00034322502917809	594	156532	456062311	6707135379
GLOBAL	II	3142716	3152715	0.00018448685595636	259	36620	198496526	6862645892
GLOBAL	II	3152716	3162715	0	23	0	13849072	6907353920
GLOBAL	II	3162716	3172715	0.0010688388910254	503	404452	378403147	6722169717
GLOBAL	II	3172716	3182715	0.0006413581756934	559	275236	429145539	6548497111
GLOBAL	II	3182716	3192715	0.0013065551821356	425	423492	324128675	7001429675
GLOBAL	II	3192716	3202715	7.6660087300108e-05	167	9824	128150128	7064427110
GLOBAL	II	3202716	3212715	0.00012209847651885	572	53696	439776167	6813879605
GLOBAL	II	3212716	3222715	NA	0	0	0	7137683872
GLOBAL	II	3222716	3232715	0.00068339139620584	359	188544	275894606	6953020494
GLOBAL	II	3232716	3242715	8.2273398514426e-05	117	7384	89749544	7088137920
GLOBAL	II	3242716	3252715	1.5934283320679e-05	203	2484	155890287	7007307403
GLOBAL	II	3252716	3262715	0.0015100195540864	352	408512	270534245	6946010519
GLOBAL	II	3262716	3272715	NA	0	0	0	6696990652
GLOBAL	II	3272716	3282715	NA	0	0	0	6822240304
GLOBAL	II	3282716	3292715	NA	0	0	0	7007795344
GLOBAL	II	3292716	3302715	0.00019643107064161	162	24396	124196238	6660933058
GLOBAL	II	3302716	3312715	9.4037734337727e-05	402	29040	308812204	7023704460
GLOBAL	II	3312716	3322715	0.024287141105353	267	4982156	205135548	6473299600
GLOBAL	II	3322716	3332715	0.007796790882175	361	2157468	276712308	6554805748
GLOBAL	II	3332716	3342715	0.0081882230298442	185	1166264	142431880	6481883048
GLOBAL	II	3342716	3352715	NA	0	0	0	7124540390
GLOBAL	II	3352716	3362715	0.00082271288349161	742	469096	570181906	6619302748
GLOBAL	II	3362716	3372715	0	79	0	60521289	7247254703
GLOBAL	II	3372716	3382715	0.00025247272307998	177	33984	134604640	6569344326
GLOBAL	II	3382716	3392715	0.021934439057785	435	7316760	333574065	6728341499
GLOBAL	II	3392716	3402715	0.030507818579394	562	13125424	430231482	6487105780
GLOBAL	II	3402716	3412715	NA	0	0	0	7416016432
GLOBAL	II	3412716	3422715	NA	0	0	0	7309322284
GLOBAL	II	3422716	3432715	0	26	0	18987315	6630841431
GLOBAL	II	3432716	3442715	0.0016004253372768	414	507588	317158188	6975154884
GLOBAL	II	3442716	3452715	3.5699651390578e-05	90	2456	68796190	7106771836
GLOBAL	II	3452716	3462715	0.0010764323261286	442	365312	339372937	7041078779
GLOBAL	II	3462716	3472715	0.00018861317397224	614	88636	469935361	6977780057
GLOBAL	II	3472716	3482715	0.0010306773535333	579	458756	445101465	6828656103
GLOBAL	II	3482716	3492715	0.0010577795640445	329	267236	252638649	6791494557
GLOBAL	II	3492716	3502715	6.5951010483069e-05	97	4912	74479526	7006764688
GLOBAL	II	3502716	3512715	8.8198582429177e-05	146	9880	112019941	7007108427
GLOBAL	II	3512716	3522715	NA	0	0	0	7358030482
GLOBAL	II	3522716	3532715	NA	0	0	0	7243604874
GLOBAL	II	3532716	3542715	0	149	0	114624806	6585458430
GLOBAL	II	3542716	3552715	NA	0	0	0	7014753658
GLOBAL	II	3552716	3562715	NA	0	0	0	6833837494
GLOBAL	II	3562716	3572715	4.7251117847121e-05	339	12308	260480610	4804398836
GLOBAL	II	3572716	3582715	0	33	0	25414566	7147834022
GLOBAL	II	3582716	3592715	NA	0	0	0	7241285436
GLOBAL	II	3592716	3602715	0.0005688882823223	239	104576	183825196	7116219336
GLOBAL	II	3602716	3612715	2.5201645019028e-05	384	7416	294266505	6979491063
GLOBAL	II	3612716	3622715	0.00035242898438063	212	57392	162846992	7288734156
GLOBAL	II	3622716	3632715	0.00089172484406742	351	238872	267876354	7066959748
GLOBAL	II	3632716	3642715	1.3703276110736e-05	236	2476	180686719	7005705351
GLOBAL	II	3642716	3652715	0.00021452956599473	164	26936	125558451	7021403173
GLOBAL	II	3652716	3662715	NA	0	0	0	6909605802
GLOBAL	II	3662716	3672715	NA	0	0	0	7344113854
GLOBAL	II	3672716	3682715	0	33	0	25256154	7120932324
GLOBAL	II	3682716	3692715	0.00036863994771449	172	48300	131022154	6626273886
GLOBAL	II	3692716	3702715	0.00014442955446513	332	36696	254075422	7016589562
GLOBAL	II	3702716	3712715	0.00011447062738401	197	17244	150641264	7065130354
GLOBAL	II	3712716	3722715	1.6539241851635e-05	747	9436	570521919	6682360707
GLOBAL	II	3722716	3732715	0.00065189893719764	147	73284	112416198	7029133404
GLOBAL	II	3732716	3742715	NA	0	0	0	6999290738
GLOBAL	II	3742716	3752715	NA	0	0	0	1891115116
GLOBAL	II	3752716	3762715	0.00056570769093044	201	86384	152700770	5680685800
GLOBAL	II	3762716	3772715	1.8901929412903e-05	169	2452	129722207	6688652367
GLOBAL	II	3772716	3782715	0	169	0	129262805	7238818575
GLOBAL	II	3782716	3792715	0.00012640439471207	202	19540	154583233	7165563095
GLOBAL	II	3792716	3802715	0.0040498479504368	581	1799532	444345571	6687926279
GLOBAL	II	3802716	3812715	0.0022755510377303	406	707896	311087727	6709077953
GLOBAL	II	3812716	3822715	0.0036653809713353	476	1338068	365055641	6726239471
GLOBAL	II	3822716	3832715	0	85	0	65011625	7170861789
GLOBAL	II	3832716	3842715	NA	0	0	0	7300044532
GLOBAL	II	3842716	3852715	NA	0	0	0	7299271386
GLOBAL	II	3852716	3862715	NA	0	0	0	7444622834
GLOBAL	II	3862716	3872715	0.00014600503738721	451	50624	346727763	7016714741
GLOBAL	II	3872716	3882715	NA	0	0	0	7140776456
GLOBAL	II	3882716	3892715	NA	0	0	0	6591069650
GLOBAL	II	3892716	3902715	NA	0	0	0	6898781758
GLOBAL	II	3902716	3912715	0	133	0	89782088	7272887270
GLOBAL	II	3912716	3922715	NA	0	0	0	7387410030
GLOBAL	II	3922716	3932715	NA	0	0	0	4744797002
GLOBAL	II	3932716	3942715	0.00023604730487054	305	55280	234190346	6304305376
GLOBAL	II	3942716	3952715	0.00023800272083388	134	24480	102855967	7091267563
GLOBAL	II	3952716	3962715	0.00034698991257696	662	176376	508302961	7011315035
GLOBAL	II	3962716	3972715	NA	0	0	0	7560594734
GLOBAL	II	3972716	3982715	0.0002160167489555	666	110696	512441746	6510043372
GLOBAL	II	3982716	3992715	4.9330642781769e-05	978	37136	752797813	6701875919
GLOBAL	II	3992716	4002715	0	185	0	141697087	7113504977
GLOBAL	II	4002716	4012715	NA	0	0	0	2487983828
GLOBAL	II	4012716	4022715	NA	0	0	0	1547065146
GLOBAL	II	4022716	4032715	NA	0	NA	NA	NA
GLOBAL	II	4032716	4042715	NA	0	NA	NA	NA
GLOBAL	II	4042716	4052715	NA	0	0	0	260550202
GLOBAL	II	4052716	4062715	0.0011785403866146	519	469640	398492920	6859028582
GLOBAL	II	4062716	4072715	5.6609613577167e-05	284	12228	216005714	6706743570
GLOBAL	II	4072716	4082715	0	147	0	113012504	7219504160
GLOBAL	II	4082716	4092715	0.00056004087989156	703	301328	538046437	6840858987
GLOBAL	II	4092716	4102715	4.1017385842782e-05	236	7404	180508822	6963360218
GLOBAL	II	4102716	4112715	0.0060810731431438	104	481904	79246539	5033567959
GLOBAL	II	4112716	4122715	0.0010726063630456	206	145316	135479338	5936036200
GLOBAL	II	4122716	4132715	0.0020224287888186	167	258324	127729590	7115102138
GLOBAL	II	4132716	4142715	0.0024984110312049	174	333432	133457624	7272507910
GLOBAL	II	4142716	4152715	0	75	0	57485660	7230188536
GLOBAL	II	4152716	4162715	0	229	0	175702049	6986722495
GLOBAL	II	4162716	4172715	0.0019853778251442	187	285192	143646210	6972389574
GLOBAL	II	4172716	4182715	0.0015540039215047	802	948628	610441188	6590640656
GLOBAL	II	4182716	4192715	0.00094327901010553	900	651652	690836956	6630082518
GLOBAL	II	4192716	4202715	0.0018427032479192	282	398856	216451564	7233583292
GLOBAL	II	4202716	4212715	NA	0	0	0	6884865130
GLOBAL	II	4212716	4222715	NA	0	0	0	6690032338
GLOBAL	II	4222716	4232715	2.6147153847285e-05	123	2464	94235878	6455083888
GLOBAL	II	4232716	4242715	0	50	0	38446683	7062126181
GLOBAL	II	4242716	4252715	0.0019034498291224	232	339172	178188043	7264115353
GLOBAL	II	4252716	4262715	0.00013953042850315	292	31148	223234461	7181957927
GLOBAL	II	4262716	4272715	4.1724061031855e-05	769	24636	590450675	6564242409
GLOBAL	II	4272716	4282715	0	270	0	207116148	6928248286
GLOBAL	II	4282716	4292715	0.00012499289123679	459	43676	349427872	6964533288
GLOBAL	II	4292716	4302715	0.0010758246501423	174	144040	133887990	7194762944
GLOBAL	II	4302716	4312715	NA	0	0	0	7317826890
GLOBAL	II	4312716	4322715	NA	0	0	0	7077378484
GLOBAL	II	4322716	4332715	0.0012456357732686	582	557164	447292870	6751469536
GLOBAL	II	4332716	4342715	3.5082916688275e-05	275	7428	211726980	7232895854
GLOBAL	II	4342716	4352715	NA	0	0	0	7252109480
GLOBAL	II	4352716	4362715	NA	0	0	0	7467817214
GLOBAL	II	4362716	4372715	NA	0	0	0	7548224398
GLOBAL	II	4372716	4382715	NA	0	0	0	7421428454
GLOBAL	II	4382716	4392715	0.0015983449177021	335	410304	256705543	7058028763
GLOBAL	II	4392716	4402715	3.5517174876413e-05	363	9872	277950035	6906895743
GLOBAL	II	4402716	4412715	0	77	0	58695108	7431543340
GLOBAL	II	4412716	4422715	0	61	0	46834990	7305783470
GLOBAL	II	4422716	4432715	NA	0	0	0	7458539462
GLOBAL	II	4432716	4442715	3.7243976675054e-05	346	9916	266244394	6927879136
GLOBAL	II	4442716	4452715	9.8114650804876e-05	739	55716	567866262	6910774996
GLOBAL	II	4452716	4462715	0.0014910799442738	666	763204	511846466	6812165592
GLOBAL	II	4462716	4472715	7.0698309534645e-05	807	43936	621457575	6982433335
GLOBAL	II	4472716	4482715	0	168	0	129100610	7290781552
GLOBAL	II	4482716	4492715	4.1012913792393e-05	157	4960	120937518	7183745890
GLOBAL	II	4492716	4502715	5.1467993333291e-05	311	12320	239372068	7143399086
GLOBAL	II	4502716	4512715	8.0243778281971e-05	318	19676	245202811	6989124311
GLOBAL	II	4512716	4522715	0	86	0	66282360	6993313766
GLOBAL	II	4522716	4532715	0.00016813410514053	613	79244	471314252	7042891722
GLOBAL	II	4532716	4542715	0.00026075004559045	193	38656	148249255	7056698319
GLOBAL	II	4542716	4552715	4.1782819062917e-05	77	2484	59450273	7133126965
GLOBAL	II	4552716	4562715	0.0016882690734403	159	206296	122193792	7164707258
GLOBAL	II	4562716	4572715	0.00024404890666129	235	44084	180635925	7234607361
GLOBAL	II	4572716	4582715	6.0516519270579e-05	633	29420	486148251	6707975279
GLOBAL	II	4582716	4592715	0.0012297833577551	401	378852	308064016	6985795348
GLOBAL	II	4592716	4602715	0.0036050793036425	135	373760	103675944	7251261954
GLOBAL	II	4602716	4612715	0.0011442705701588	365	321436	280909086	7011403986
GLOBAL	II	4612716	4622715	4.0753721891283e-05	317	9900	242922598	6984446210
GLOBAL	II	4622716	4632715	0.0015745494519033	350	423384	268892158	6862606546
GLOBAL	II	4632716	4642715	7.7143352351685e-05	250	14844	192420987	6680846953
GLOBAL	II	4642716	4652715	0.00055778999584858	249	106484	190903388	7188775182
GLOBAL	II	4652716	4662715	0	10	0	7699203	7351877571
GLOBAL	II	4662716	4672715	0	116	0	88949463	7062651037
GLOBAL	II	4672716	4682715	0.00027523295832519	221	46700	169674447	7424938711
GLOBAL	II	4682716	4692715	0.00030620395668416	470	110780	361785005	7077425807
GLOBAL	II	4692716	4702715	0.00093693143723436	17	12180	12999884	7380595314
GLOBAL	II	4702716	4712715	0.00035679519173413	370	101260	283804273	7102059465
GLOBAL	II	4712716	4722715	4.6527289765891e-05	276	9888	212520438	7301685536
GLOBAL	II	4722716	4732715	3.265749990325e-05	197	4956	151756871	7216324509
GLOBAL	II	4732716	4742715	0.0004868429948913	756	283436	582191801	6654454759
GLOBAL	II	4742716	4752715	0	77	0	59143085	7338317843
GLOBAL	II	4752716	4762715	0.00031251291940168	382	91368	292365513	7056387217
GLOBAL	II	4762716	4772715	0.00034754091509686	516	137716	396258380	6951721204
GLOBAL	II	4772716	4782715	3.1763933460244e-05	305	7420	233598273	7149946027
GLOBAL	II	4782716	4792715	0.00022392828714945	489	84244	376209728	6877446044
GLOBAL	II	4792716	4802715	0.00042873473983941	852	281392	656331232	6901170918
GLOBAL	II	4802716	4812715	0.00012606273597109	757	73456	582694001	6725081991
GLOBAL	II	4812716	4822715	7.3641746506121e-05	515	29104	395210616	6970551326
GLOBAL	II	4822716	4832715	NA	0	0	0	7501835638
GLOBAL	II	4832716	4842715	0.0011108592305598	858	733848	660612956	6637885284
GLOBAL	II	4842716	4852715	6.3650692425218e-05	650	31820	499916007	6815591445
GLOBAL	II	4852716	4862715	0	379	0	291485190	7058813832
GLOBAL	II	4862716	4872715	8.6007580674258e-05	515	34096	396430172	7127826700
GLOBAL	II	4872716	4882715	0.0002893719241675	306	67256	232420613	7344410187
GLOBAL	II	4882716	4892715	5.9556780168271e-06	542	2484	417080976	6809514686
GLOBAL	II	4892716	4902715	7.4189920751717e-05	518	29592	398868198	6745773988
GLOBAL	II	4902716	4912715	3.1588119506627e-05	613	14852	470176770	6931149888
GLOBAL	II	4912716	4922715	NA	0	0	0	7213452180
GLOBAL	II	4922716	4932715	1.8560079586578e-05	174	2484	133835633	6912617011
GLOBAL	II	4932716	4942715	0.00034195280946231	684	179772	525721664	6718656356
GLOBAL	II	4942716	4952715	8.0144815295717e-05	399	24600	306944372	7061137008
GLOBAL	II	4952716	4962715	0.00072303725847638	702	390044	539452145	6864967097
GLOBAL	II	4962716	4972715	0.00021365580169592	529	86720	405886474	6840037838
GLOBAL	II	4972716	4982715	0.00042243044495636	207	67128	158909001	7140362385
GLOBAL	II	4982716	4992715	0.00011412861954297	641	56140	491901157	6940351341
GLOBAL	II	4992716	5002715	0.00016534914420999	248	31408	189949577	7140247649
GLOBAL	II	5002716	5012715	0	72	0	55376715	6853455941
GLOBAL	II	5012716	5022715	0.00025440781799998	482	94012	369532669	6780521539
GLOBAL	II	5022716	5032715	0.00052028450611197	359	143264	275357037	6927271099
GLOBAL	II	5032716	5042715	0.00018031840501061	246	34040	188777180	7121318250
GLOBAL	II	5042716	5052715	0.0010563468262935	481	389408	368636503	6681681871
GLOBAL	II	5052716	5062715	NA	0	0	0	1796791304
GLOBAL	II	5062716	5072715	NA	0	0	0	1070807210
GLOBAL	II	5072716	5082715	NA	0	0	0	1054571144
GLOBAL	II	5082716	5092715	1.8182716253368e-05	177	2480	136393263	4122094905
GLOBAL	II	5092716	5102715	0	83	0	63586734	7024615794
GLOBAL	II	5102716	5112715	2.6972115353557e-05	239	4940	183152116	7172558928
GLOBAL	II	5112716	5122715	0.00019203533762156	522	76828	400072200	6892240872
GLOBAL	II	5122716	5132715	1.6870367888954e-05	573	7436	440772842	6770359900
GLOBAL	II	5132716	5142715	6.7117097448092e-05	241	12352	184036564	6965244498
GLOBAL	II	5142716	5152715	0	16	0	12328175	7237461867
GLOBAL	II	5152716	5162715	9.1731785260626e-05	688	48512	528846134	6582550774
GLOBAL	II	5162716	5172715	5.8333552821332e-05	822	36796	630786198	6584985420
GLOBAL	II	5172716	5182715	0.016927910179074	685	7341392	433685666	5906111534
GLOBAL	II	5182716	5192715	0.023154366676242	1328	9692032	418583334	5601131422
GLOBAL	II	5192716	5202715	0.0097848380972303	48	358500	36638317	6872194339
GLOBAL	II	5202716	5212715	0.01610426181172	354	4388100	272480667	6824999613
GLOBAL	II	5212716	5222715	0.01579259266251	414	5026104	318257053	6621501443
GLOBAL	II	5222716	5232715	0.013332575645862	205	2101480	157619957	7037276719
GLOBAL	II	5232716	5242715	0.026956553543323	764	15846772	587863429	6716046833
GLOBAL	II	5242716	5252715	0.0059027170441211	833	3788596	641839338	6647381150
GLOBAL	II	5252716	5262715	0.020937395708012	297	4775832	228100575	7136115075
GLOBAL	II	5262716	5272715	0.032119502627608	149	3688500	114836772	6831880038
GLOBAL	II	5272716	5282715	0.0091310380907532	315	2205932	241586113	6878315401
GLOBAL	II	5282716	5292715	0.011335005002086	678	5907856	521204534	6721627194
GLOBAL	II	5292716	5302715	0.0098350281590553	509	3840868	390529436	6878589256
GLOBAL	II	5302716	5312715	0.00026995570659941	495	102680	380358694	7033338300
GLOBAL	II	5312716	5322715	0.0055052077731844	177	746476	135594519	6509595351
GLOBAL	II	5322716	5332715	0	147	0	112794298	7192662256
GLOBAL	II	5332716	5342715	NA	0	0	0	7075059046
GLOBAL	II	5342716	5352715	5.4120410106239e-05	119	4964	91721404	6843398216
GLOBAL	II	5352716	5362715	3.4078403864458e-05	189	4952	145311970	7043399538
GLOBAL	II	5362716	5372715	0.00011119395496845	601	51336	461679774	6896350708
GLOBAL	II	5372716	5382715	0	350	0	268985332	7057346164
GLOBAL	II	5382716	5392715	9.3870929570658e-05	546	39448	420236597	7043714887
GLOBAL	II	5392716	5402715	0.0012142909918895	552	515552	424570390	7103552212
GLOBAL	II	5402716	5412715	9.3554413554148e-06	603	4288	458342887	7013340057
GLOBAL	II	5412716	5422715	NA	0	0	0	7307002846
GLOBAL	II	5422716	5432715	NA	0	0	0	7057276688
GLOBAL	II	5432716	5442715	8.5070796815309e-06	378	2472	290581503	7205842113
GLOBAL	II	5442716	5452715	0.00082353050379981	854	541284	657272557	6781165109
GLOBAL	II	5452716	5462715	0.0025174466998294	280	543112	215739225	6845403193
GLOBAL	II	5462716	5472715	0.0029754189585932	688	1576572	529865549	6770178983
GLOBAL	II	5472716	5482715	0.0016255917969216	788	981508	603785035	6754245447
GLOBAL	II	5482716	5492715	0.00099654311439725	780	597888	599962000	6787448030
GLOBAL	II	5492716	5502715	0.0015809239097193	270	327304	207033367	6964668929
GLOBAL	II	5502716	5512715	0.0044313660555732	293	992932	224069054	6778314268
GLOBAL	II	5512716	5522715	0.0015375540598899	124	145380	94552773	7201626029
GLOBAL	II	5522716	5532715	0.0022927374034411	673	1153644	503173193	6432719573
GLOBAL	II	5532716	5542715	0.01088657257433	262	2191784	201329113	7138919011
GLOBAL	II	5542716	5552715	0.03034372027038	509	11881012	391547638	6636349502
GLOBAL	II	5552716	5562715	0.035964168880149	776	21474320	597103191	6551404725
GLOBAL	II	5562716	5572715	0.024077510228435	841	15614124	648494128	6786850954
GLOBAL	II	5572716	5582715	0.0050064459764943	422	1626464	324873974	6768740576
GLOBAL	II	5582716	5592715	0	34	0	26242250	7406010248
GLOBAL	II	5592716	5602715	0.0004640593386024	403	144012	310331003	6763181751
GLOBAL	II	5602716	5612715	0.0075461137275017	442	2563868	339760053	6682725065
GLOBAL	II	5612716	5622715	0.019729024552024	306	4522672	229239514	6818759422
GLOBAL	II	5622716	5632715	0.035219017095223	323	8738092	248107208	6839322174
GLOBAL	II	5632716	5642715	0.0068897069815057	376	1993840	289394020	7016062534
GLOBAL	II	5642716	5652715	0.025499324449792	321	6304112	247226628	7026530940
GLOBAL	II	5652716	5662715	0.0004941724600524	235	88588	179265352	6928265826
GLOBAL	II	5662716	5672715	0.0013625288590418	425	445608	327044816	6976865446
GLOBAL	II	5672716	5682715	0	88	0	65778913	7200247195
GLOBAL	II	5682716	5692715	0.0013628048363801	363	380404	279133145	7233526537
GLOBAL	II	5692716	5702715	0	125	0	95843527	7463978061
GLOBAL	II	5702716	5712715	0	216	0	165818131	7399415479
GLOBAL	II	5712716	5722715	9.4690138178284e-05	507	36924	389945571	6746192009
GLOBAL	II	5722716	5732715	4.8284692922865e-05	333	12364	256064588	7177734202
GLOBAL	II	5732716	5742715	8.2570163031039e-05	232	14760	178757065	7208652965
GLOBAL	II	5742716	5752715	0.00019069930963644	465	68296	358134490	7084942052
GLOBAL	II	5752716	5762715	0	102	0	78600475	7035115871
GLOBAL	II	5762716	5772715	0.00017549332065229	397	53584	305333558	6893428848
GLOBAL	II	5772716	5782715	0.00110031644849	609	515816	468788775	6692089477
GLOBAL	II	5782716	5792715	0.0011495936706122	348	308152	268052972	7152602336
GLOBAL	II	5792716	5802715	0.00079821554767035	595	365572	457986569	6940247505
GLOBAL	II	5802716	5812715	0.0034388792437794	519	1372040	398978825	7178625121
GLOBAL	II	5812716	5822715	0.0018030094272139	345	479004	265669160	6481575982
GLOBAL	II	5822716	5832715	0.0088771980895295	319	2181004	245686080	6749738928
GLOBAL	II	5832716	5842715	0.0070502363786285	416	2258700	320372237	6753140517
GLOBAL	II	5842716	5852715	0.011600380824545	582	5187412	447176009	6880701779
GLOBAL	II	5852716	5862715	0.002654455623117	549	1119264	421654817	6951838585
GLOBAL	II	5862716	5872715	9.0140568010483e-06	358	2484	275569597	6947160335
GLOBAL	II	5872716	5882715	0.00044494104455118	1231	421292	946849038	6657041872
GLOBAL	II	5882716	5892715	0.00032649560256953	125	31408	96197314	7295851592
GLOBAL	II	5892716	5902715	0.00084550301989483	126	81128	95952348	7218008812
GLOBAL	II	5902716	5912715	0.00025078694808767	543	104376	416193908	7046984430
GLOBAL	II	5912716	5922715	0	111	0	85353142	7144335104
GLOBAL	II	5922716	5932715	5.0135842333486e-05	321	12340	246131299	7190760075
GLOBAL	II	5932716	5942715	0.00015084044609803	801	92744	614848354	6832867064
GLOBAL	II	5942716	5952715	0.00017855161558722	230	31564	176778014	6789267446
GLOBAL	II	5952716	5962715	0.00094554458984141	524	381368	403331587	7001087655
GLOBAL	II	5962716	5972715	0.00076376015493731	645	379028	496265742	6876454514
GLOBAL	II	5972716	5982715	0	50	0	38520837	6581155215
GLOBAL	II	5982716	5992715	2.5355798292986e-05	381	7428	292950745	6969982779
GLOBAL	II	5992716	6002715	0.00036346847407085	459	128288	352954958	6892969354
GLOBAL	II	6002716	6012715	8.660566124539e-05	851	56696	654645426	6826315270
GLOBAL	II	6012716	6022715	0.00048613171713151	166	61984	127504538	6908897208
GLOBAL	II	6022716	6032715	0.00018191662760073	297	41140	226147552	6824170822
GLOBAL	II	6032716	6042715	0.00025778917950102	798	158128	613400455	6765504969
GLOBAL	II	6042716	6052715	2.7809937527394e-05	116	2484	89320589	7149645409
GLOBAL	II	6052716	6062715	0.00019659319410841	646	97632	496619430	6743119714
GLOBAL	II	6062716	6072715	0.0013358150277428	416	427540	320059283	6675365725
GLOBAL	II	6072716	6082715	2.1319141445217e-05	152	2484	116515011	6711137315
GLOBAL	II	6082716	6092715	0.00014933690798188	275	31564	211361012	6564490532
GLOBAL	II	6092716	6102715	4.7291815278263e-05	670	24396	515860934	6989840434
GLOBAL	II	6102716	6112715	0.00017222699433827	365	48372	280861895	7203964531
GLOBAL	II	6112716	6122715	0.00023659016579868	358	64844	274077326	6743768916
GLOBAL	II	6122716	6132715	7.0025328364241e-05	46	2484	35472879	7145507169
GLOBAL	II	6132716	6142715	0.00021594856240364	384	63672	294847992	6807271164
GLOBAL	II	6142716	6152715	0.00034076505119212	604	158372	464754233	7065687807
GLOBAL	II	6152716	6162715	2.4228457179578e-05	133	2472	102028783	7280742371
GLOBAL	II	6162716	6172715	2.9461675406087e-05	218	4928	167268152	6609356538
GLOBAL	II	6172716	6182715	0	154	0	117988373	7219167167
GLOBAL	II	6182716	6192715	0	61	0	46604749	7173805745
GLOBAL	II	6192716	6202715	0	25	0	19189874	7214364102
GLOBAL	II	6202716	6212715	3.3123797843895e-05	289	7356	222075984	7011477992
GLOBAL	II	6212716	6222715	0.00013511008019086	351	36356	269084290	6723248134
GLOBAL	II	6222716	6232715	0	297	0	227866032	6901313234
GLOBAL	II	6232716	6242715	7.4599033031193e-05	172	9872	132334155	7154566895
GLOBAL	II	6242716	6252715	0.00018361109914456	261	36876	200837532	6971637910
GLOBAL	II	6252716	6262715	0.00020766523533403	330	52800	254255364	7081353884
GLOBAL	II	6262716	6272715	0.00016830825134926	576	74580	443115530	6828322600
GLOBAL	II	6272716	6282715	1.1815552996016e-05	547	4968	420462758	6942979746
GLOBAL	II	6282716	6292715	2.8717100485385e-05	452	9816	341817239	6790454611
GLOBAL	II	6292716	6302715	0	38	0	29176242	7009544942
GLOBAL	II	6302716	6312715	0	206	0	156375347	6995998299
GLOBAL	II	6312716	6322715	0	20	0	15420703	7102934519
GLOBAL	II	6322716	6332715	1.1346054510618e-05	283	2464	217168003	6850932729
GLOBAL	II	6332716	6342715	3.5372441438065e-05	365	9900	279878900	7317826842
GLOBAL	II	6342716	6352715	1.2649087472637e-05	254	2468	195112889	6355753169
GLOBAL	II	6352716	6362715	0	35	0	26728692	4588179782
GLOBAL	II	6362716	6372715	0.00035169460517846	176	45960	130681561	7194103643
GLOBAL	II	6372716	6382715	5.088043089752e-05	566	22080	433958589	6501161031
GLOBAL	II	6382716	6392715	3.4578516593153e-05	1206	31832	920571590	6345454518
GLOBAL	II	6392716	6402715	0.00083387255932667	760	485196	581858696	6449131028
GLOBAL	II	6402716	6412715	2.2526080693498e-05	144	2476	109917035	6890919995
GLOBAL	II	6412716	6422715	0.00023892400241839	709	126740	530461564	6448727378
GLOBAL	II	6422716	6432715	0.0013729690190316	349	351644	256119399	6460199903
GLOBAL	II	6432716	6442715	NA	0	0	0	2798788520
GLOBAL	II	6442716	6452715	NA	0	0	0	3309838026
GLOBAL	II	6452716	6462715	NA	0	0	0	3069389620
GLOBAL	II	6462716	6472715	NA	0	0	0	2930223340
GLOBAL	II	6472716	6482715	1.6932302970524e-05	200	2456	145048196	5715398484
GLOBAL	II	6482716	6492715	2.2208797471248e-05	291	4892	220273070	6565629372
GLOBAL	II	6492716	6502715	0.0013129891553194	275	275180	209582843	6975262935
GLOBAL	II	6502716	6512715	0.00035938524358656	333	91176	253699899	6847646111
GLOBAL	II	6512716	6522715	0	63	0	48321570	7169769486
GLOBAL	II	6522716	6532715	7.2698807605776e-05	176	9836	135297955	6587206515
GLOBAL	II	6532716	6542715	0	210	0	160830677	6775835235
GLOBAL	II	6542716	6552715	0.00068337818854647	940	493312	721872615	6639250451
GLOBAL	II	6552716	6562715	0.00029231649574101	601	134948	461650307	6854630291
GLOBAL	II	6562716	6572715	7.2452374630938e-05	748	41548	573452564	6417333568
GLOBAL	II	6572716	6582715	0	152	0	116676052	6806846378
GLOBAL	II	6582716	6592715	8.0107494945397e-05	242	14864	185550678	7029447794
GLOBAL	II	6592716	6602715	0.0011015505121801	453	383032	347720777	6918305331
GLOBAL	II	6602716	6612715	0.00012948140521496	773	76116	587852749	6716830659
GLOBAL	II	6612716	6622715	0	271	0	208195526	7068654626
GLOBAL	II	6622716	6632715	8.2957520827478e-05	544	34620	417322018	6887361390
GLOBAL	II	6632716	6642715	0.0010097364430821	728	565612	560158053	6995024659
GLOBAL	II	6642716	6652715	9.0577209371803e-05	211	14688	162159997	7205921383
GLOBAL	II	6652716	6662715	0.00011919550503374	399	36576	306857209	5919287529
GLOBAL	II	6662716	6672715	NA	0	0	0	7236646560
GLOBAL	II	6672716	6682715	0	43	0	33138559	7254535637
GLOBAL	II	6682716	6692715	0.0023093651631672	409	727112	314853628	6824376536
GLOBAL	II	6692716	6702715	0	147	0	112814816	7336446894
GLOBAL	II	6702716	6712715	9.016104531058e-05	743	51424	570357185	6886635985
GLOBAL	II	6712716	6722715	0.00045174185415896	394	137236	303792971	6959140553
GLOBAL	II	6722716	6732715	NA	0	0	0	7220410494
GLOBAL	II	6732716	6742715	0	66	0	50314788	6941244490
GLOBAL	II	6742716	6752715	0.00016644644824241	306	39012	234381691	7041695315
GLOBAL	II	6752716	6762715	8.4087164551665e-06	768	4968	590815498	6720053078
GLOBAL	II	6762716	6772715	7.6859612791715e-06	840	4960	645332421	6830989399
GLOBAL	II	6772716	6782715	0	360	0	277088310	7295103614
GLOBAL	II	6782716	6792715	NA	0	0	0	7347979584
GLOBAL	II	6792716	6802715	0	84	0	64606952	7452691606
GLOBAL	II	6802716	6812715	5.0180199956832e-05	704	27172	541488476	6229724192
GLOBAL	II	6812716	6822715	0.0011900106575978	424	386892	325116416	6811021164
GLOBAL	II	6822716	6832715	2.2997935533872e-05	421	7448	323855156	6866402644
GLOBAL	II	6832716	6842715	7.060892431955e-06	456	2476	350663889	7175139275
GLOBAL	II	6842716	6852715	0	179	0	136337481	7080980429
GLOBAL	II	6852716	6862715	2.9596561571111e-05	764	17324	585338265	6507503139
GLOBAL	II	6862716	6872715	7.8483004365392e-05	205	12388	157843091	7212557727
GLOBAL	II	6872716	6882715	0.00021612138875617	635	105532	488299657	6677217471
GLOBAL	II	6882716	6892715	0.00043713927653916	347	116272	265983878	7037153238
GLOBAL	II	6892716	6902715	0	226	0	174128485	7226425027
GLOBAL	II	6902716	6912715	5.8867042664679e-05	545	24684	419317820	6870675814
GLOBAL	II	6912716	6922715	0.00020627957757031	808	128240	621680544	6639706688
GLOBAL	II	6922716	6932715	0.0019514570311575	214	320320	164144019	7201617923
GLOBAL	II	6932716	6942715	2.6773136028046e-05	841	17336	647514732	6580627222
GLOBAL	II	6942716	6952715	0.00017663994568341	679	92152	521694001	6926794563
GLOBAL	II	6952716	6962715	6.0434812556933e-05	265	12300	203525079	7145227651
GLOBAL	II	6962716	6972715	0.00068979379308604	807	428060	620562267	6827153151
GLOBAL	II	6972716	6982715	0.00071385197282349	717	393344	551016198	6502394760
GLOBAL	II	6982716	6992715	1.2101024997317e-05	267	2480	204941317	7151542873
GLOBAL	II	6992716	7002715	0.00046929568282291	399	143444	305658043	6991293905
GLOBAL	II	7002716	7012715	0.00016762107294693	407	52548	313492803	7256379683
GLOBAL	II	7012716	7022715	2.8007686319759e-05	230	4944	176522971	7184600095
GLOBAL	II	7022716	7032715	0	111	0	85180136	6719277810
GLOBAL	II	7032716	7042715	0.00058176033227089	442	198016	340373843	6993689113
GLOBAL	II	7042716	7052715	0.00020622706893783	511	81152	393507993	7150850675
GLOBAL	II	7052716	7062715	0.00041646374195563	689	220428	529284972	6951675724
GLOBAL	II	7062716	7072715	0.00015027143655044	779	89976	598756504	6721389824
GLOBAL	II	7072716	7082715	0.00015792999641406	502	60904	385639216	6810030606
GLOBAL	II	7082716	7092715	0.0002699164728065	358	74372	275537092	6947965986
GLOBAL	II	7092716	7102715	0.00046790283770155	445	160480	342977189	7114789127
GLOBAL	II	7102716	7112715	8.3255380288456e-06	387	2484	298359096	7188013622
GLOBAL	II	7112716	7122715	0.00014509246049283	133	14852	102362314	7018312346
GLOBAL	II	7122716	7132715	NA	0	0	0	7076605338
GLOBAL	II	7132716	7142715	0.00043462230950887	159	52800	121484790	7209485582
GLOBAL	II	7142716	7152715	0.00011027529392255	346	29376	266387864	6953249484
GLOBAL	II	7152716	7162715	0.00013117165672416	531	53508	407923490	7035926198
GLOBAL	II	7162716	7172715	0	307	0	236245730	7020502626
GLOBAL	II	7172716	7182715	0.00032113260624091	486	119872	373278819	6956145261
GLOBAL	II	7182716	7192715	8.6144706939921e-06	375	2484	288352017	7004734201
GLOBAL	II	7192716	7202715	5.1722274995213e-05	558	22168	428596770	7116535044
GLOBAL	II	7202716	7212715	0	227	0	174938842	7227934108
GLOBAL	II	7212716	7222715	1.827901550711e-05	525	7368	403085166	6771709714
GLOBAL	II	7222716	7232715	4.707659846657e-05	480	17388	369355488	6686374908
GLOBAL	II	7232716	7242715	0.00011267321731051	602	51940	460979115	6995240909
GLOBAL	II	7242716	7252715	0.00028949675244201	500	111332	384570808	7136593480
GLOBAL	II	7252716	7262715	0.0022109335167548	409	695796	314706885	7104402131
GLOBAL	II	7262716	7272715	0.0010302983737597	233	184060	178647278	7074235348
GLOBAL	II	7272716	7282715	0.00050895294777854	753	295228	580069339	6950372701
GLOBAL	II	7282716	7292715	0.00011761803082736	405	36476	310122519	6793542929
GLOBAL	II	7292716	7302715	7.2665549416264e-06	443	2480	341289651	7049986109
GLOBAL	II	7302716	7312715	0.00013185049932983	957	97176	737016549	6716110891
GLOBAL	II	7312716	7322715	2.2423747515366e-05	575	9920	442388142	6839874032
GLOBAL	II	7322716	7332715	0.00017625316236635	271	36628	207814711	7176502735
GLOBAL	II	7332716	7342715	0.00044598528161506	988	339108	760356931	6606178157
GLOBAL	II	7342716	7352715	0.00039826902290393	513	156944	394065295	6957780019
GLOBAL	II	7352716	7362715	0.00015267267662422	308	36144	236741772	5421140656
GLOBAL	II	7362716	7372715	0.00026378053595378	308	62080	235347160	7182988710
GLOBAL	II	7372716	7382715	0.00014891747241444	502	57640	387060021	7060655397
GLOBAL	II	7382716	7392715	0.00017476998408035	528	70788	405035226	7010981206
GLOBAL	II	7392716	7402715	0.00017056837649262	389	51024	299141031	7108370795
GLOBAL	II	7402716	7412715	NA	0	0	0	7269118692
GLOBAL	II	7412716	7422715	1.9162654743289e-05	674	9924	517882315	6690930989
GLOBAL	II	7422716	7432715	0.00061585165804402	712	336756	546813499	6857605743
GLOBAL	II	7432716	7442715	2.3172475936879e-05	138	2456	105987811	7126793019
GLOBAL	II	7442716	7452715	0	262	0	201553296	7111634718
GLOBAL	II	7452716	7462715	1.7435932853543e-05	184	2464	141317360	7147903128
GLOBAL	II	7462716	7472715	0.00021188874703415	325	52536	247941435	7100038149
GLOBAL	II	7472716	7482715	0.00013585105372464	742	77672	571743817	6858962389
GLOBAL	II	7482716	7492715	0.00081087583114265	645	403036	497037875	6961501587
GLOBAL	II	7492716	7502715	0.00020435702609763	204	32076	156960593	7096695179
GLOBAL	II	7502716	7512715	0.0012606980678775	578	559812	444049225	6862953621
GLOBAL	II	7512716	7522715	0.00021452581728523	430	71040	331148954	6972761308
GLOBAL	II	7522716	7532715	1.8887938805001e-05	511	7388	391149086	6818437364
GLOBAL	II	7532716	7542715	0.010495073716474	620	5009504	477319563	6600832067
GLOBAL	II	7542716	7552715	0.0053872680138724	904	3751368	696339590	6660144600
GLOBAL	II	7552716	7562715	0.0055373491097412	604	2573584	464768240	6413138576
GLOBAL	II	7562716	7572715	0.004623906130136	759	2700544	584039538	6825791726
GLOBAL	II	7572716	7582715	0.0031348613250138	176	423816	135194497	7043466113
GLOBAL	II	7582716	7592715	0.0056800922433797	372	1621368	285447477	6951199083
GLOBAL	II	7592716	7602715	0.00023974823773057	276	50796	211872256	7174764628
GLOBAL	II	7602716	7612715	0.00010539426500356	542	43916	416683014	6753472990
GLOBAL	II	7612716	7622715	0.002238756605215	235	403896	180410858	7177619624
GLOBAL	II	7622716	7632715	0.0045113417304363	449	1553476	344348997	6557525345
GLOBAL	II	7632716	7642715	0.0042846721115397	187	611888	142808594	6794630464
GLOBAL	II	7642716	7652715	NA	0	0	0	7045679498
GLOBAL	II	7652716	7662715	0.00036935713285171	346	98396	266397996	7069984398
GLOBAL	II	7662716	7672715	3.7810483687032e-05	254	7392	195501334	7011765678
GLOBAL	II	7672716	7682715	0.00044822861374119	754	260340	580819680	6771025634
GLOBAL	II	7682716	7692715	1.1597040287072e-05	554	4944	426315670	6349535874
GLOBAL	II	7692716	7702715	0.0003112311482809	327	78348	251735729	6727453213
GLOBAL	II	7702716	7712715	2.4789270245798e-05	131	2484	100204644	7263237860
GLOBAL	II	7712716	7722715	0.00028651711778354	589	126996	443240533	6195764169
GLOBAL	II	7722716	7732715	0	47	0	36075320	7424783580
GLOBAL	II	7732716	7742715	0	87	0	67102349	7367469587
GLOBAL	II	7742716	7752715	5.3288931926025e-05	242	9888	185554479	6921203553
GLOBAL	II	7752716	7762715	0.00064822077134767	110	54740	84446538	7244204396
GLOBAL	II	7762716	7772715	0.00031909298776665	292	71580	224323325	7090410981
GLOBAL	II	7772716	7782715	5.7674691357841e-05	333	14740	255571372	7235440222
GLOBAL	II	7782716	7792715	0	51	0	39165451	7040532471
GLOBAL	II	7792716	7802715	0.00044951833001141	546	188832	420076307	6897750583
GLOBAL	II	7802716	7812715	0	328	0	252335197	6016332571
GLOBAL	II	7812716	7822715	0	211	0	161529546	4919585966
GLOBAL	II	7822716	7832715	2.8076138713057e-05	230	4968	176947409	7260717111
GLOBAL	II	7832716	7842715	0.0015501685931766	98	116808	75351804	7290410138
GLOBAL	II	7842716	7852715	2.4724937681138e-05	261	4968	200930739	6964586389
GLOBAL	II	7852716	7862715	0	72	0	55329204	7388520484
GLOBAL	II	7862716	7872715	0	21	0	16005845	7414700361
GLOBAL	II	7872716	7882715	5.9080813438916e-05	163	7416	125522984	7272711090
GLOBAL	II	7882716	7892715	0.0014997438323356	320	349920	233319846	7335006348
GLOBAL	II	7892716	7902715	0.00033244008252841	234	59696	179569201	7323812729
GLOBAL	II	7902716	7912715	1.4652293604926e-05	441	4964	338786550	7116660328
GLOBAL	II	7912716	7922715	0.0031035536795477	230	532112	171452488	7078337554
GLOBAL	II	7922716	7932715	NA	0	0	0	7228915100
GLOBAL	II	7932716	7942715	3.2467350446416e-05	298	7436	229030084	6948857380
GLOBAL	II	7942716	7952715	0.00012827893192601	679	67044	522642331	6904198145
GLOBAL	II	7952716	7962715	4.1188510518482e-05	311	9856	239290032	7291152008
GLOBAL	II	7962716	7972715	0.00018998716711472	393	57312	301662480	6892461050
GLOBAL	II	7972716	7982715	7.0645570424278e-05	450	24432	345839093	7136667895
GLOBAL	II	7982716	7992715	0.00015696608411306	610	73732	469732047	6983395393
GLOBAL	II	7992716	8002715	0.0012097735810703	499	464732	384147916	7085215590
GLOBAL	II	8002716	8012715	0.00026417108586537	814	165020	624670938	6992363454
GLOBAL	II	8012716	8022715	0.0010861647289682	841	703080	647305129	6881590619
GLOBAL	II	8022716	8032715	2.9918162596931e-05	216	4956	165651884	7050119734
GLOBAL	II	8032716	8042715	0	524	0	402875391	7133751817
GLOBAL	II	8042716	8052715	3.9719827393324e-05	964	29460	741695066	6812714500
GLOBAL	II	8052716	8062715	0	150	0	115584736	7417949888
GLOBAL	II	8062716	8072715	NA	0	0	0	7437664520
GLOBAL	II	8072716	8082715	0.00057988684305607	265	118312	204026012	7146273010
GLOBAL	II	8082716	8092715	0.00034606193847079	495	131600	380278746	7187274302
GLOBAL	II	8092716	8102715	NA	0	0	0	7287674196
GLOBAL	II	8102716	8112715	0.00035768893895873	124	34148	95468426	7239367676
GLOBAL	II	8112716	8122715	NA	0	0	0	3115778380
GLOBAL	II	8122716	8132715	8.3033954810395e-06	391	2484	299154726	4888654934
GLOBAL	II	8132716	8142715	0.00037220563396655	369	105416	283219786	7251087984
GLOBAL	II	8142716	8152715	0	86	0	66081439	7411786673
GLOBAL	II	8152716	8162715	0.0016390042416603	279	350792	214027512	7242192512
GLOBAL	II	8162716	8172715	6.9687569696337e-06	464	2484	356448074	7094359928
GLOBAL	II	8172716	8182715	0.00039555547758975	210	63948	161666324	7354085942
GLOBAL	II	8182716	8192715	0.0001699810905573	863	112296	660638190	6814137338
GLOBAL	II	8192716	8202715	8.4464100621177e-05	669	43516	515201129	7062402817
GLOBAL	II	8202716	8212715	8.3878055570522e-06	384	2484	296144204	7177858178
GLOBAL	II	8212716	8222715	3.226190429944e-05	403	9916	307359414	6803264348
GLOBAL	II	8222716	8232715	0.00086286711720977	548	357756	414613088	7025370870
GLOBAL	II	8232716	8242715	0.00013010025042424	923	92328	709668119	6710214043
GLOBAL	II	8242716	8252715	0.00075703917905984	1148	669364	884186735	6772278103
GLOBAL	II	8252716	8262715	0.00021373670096197	768	126272	590782956	6902548076
GLOBAL	II	8262716	8272715	2.8151804199752e-05	229	4960	176187642	6861760396
GLOBAL	II	8272716	8282715	0	6	0	4599240	6581058388
GLOBAL	II	8282716	8292715	0.00099254852899191	477	363856	366587617	6849957147
GLOBAL	II	8292716	8302715	0	80	0	61166227	7396600089
GLOBAL	II	8302716	8312715	0.0036134527037434	121	336000	92985858	7346224954
GLOBAL	II	8312716	8322715	0.00056683979503597	720	313788	553574401	6780488555
GLOBAL	II	8322716	8332715	0.00017248042384897	534	70900	411061142	6906765748
GLOBAL	II	8332716	8342715	9.7031417030275e-05	722	53868	555160397	6761120201
GLOBAL	II	8342716	8352715	0.00033352291396255	509	130408	391001621	7040477731
GLOBAL	II	8352716	8362715	0.0002316550962205	419	74592	321995938	7085515888
GLOBAL	II	8362716	8372715	0.000136492792103	141	14820	108577162	7005912330
GLOBAL	II	8372716	8382715	NA	0	0	0	7118355222
GLOBAL	II	8382716	8392715	0	73	0	56260970	6963131564
GLOBAL	II	8392716	8402715	0	32	0	24569967	7389127027
GLOBAL	II	8402716	8412715	NA	0	0	0	6114811714
GLOBAL	II	8412716	8422715	5.9455176728628e-05	325	14824	249330686	6959482618
GLOBAL	II	8422716	8432715	4.4246662910082e-05	435	14812	334759709	6762720571
GLOBAL	II	8432716	8442715	2.0848325164106e-05	306	4896	234839008	7252306856
GLOBAL	II	8442716	8452715	1.0500701187726e-05	916	7404	705095771	6572527527
GLOBAL	II	8452716	8462715	0.00068834154902253	799	423504	615252705	6834009005
GLOBAL	II	8462716	8472715	0.0015054618747419	632	730448	485198604	7038285122
GLOBAL	II	8472716	8482715	0.00066079617202341	876	445352	673962742	6717313018
GLOBAL	II	8482716	8492715	2.3002385429122e-05	140	2476	107641010	7204773858
GLOBAL	II	8492716	8502715	0	467	0	359210168	6909135378
GLOBAL	II	8502716	8512715	1.8057855837626e-05	539	7400	409793946	6726343634
GLOBAL	II	8512716	8522715	4.2612364020903e-05	227	7448	174784952	6944343416
GLOBAL	II	8522716	8532715	0	223	0	170117574	7381972554
GLOBAL	II	8532716	8542715	0.00033998746656558	238	62272	183159693	7235176177
GLOBAL	II	8542716	8552715	0.005852629762973	41	184144	31463463	7366770611
GLOBAL	II	8552716	8562715	0.0013564598964503	735	766396	564997168	7000236442
GLOBAL	II	8562716	8572715	0.0046516801339115	766	2735584	588085148	6794686006
GLOBAL	II	8572716	8582715	0.0023209559941372	447	799300	344383953	7132711013
GLOBAL	II	8582716	8592715	0.00099416918174305	133	101864	102461434	6933940312
GLOBAL	II	8592716	8602715	NA	0	0	0	7238965998
GLOBAL	II	8602716	8612715	0.004389386247638	545	1840492	419305091	6797239673
GLOBAL	II	8612716	8622715	0.0046623850897439	587	2100428	450505044	6664757594
GLOBAL	II	8622716	8632715	0.0049766713619175	162	620724	124726741	6912448151
GLOBAL	II	8632716	8642715	0.0059541228126005	766	3506316	588888760	6452151862
GLOBAL	II	8642716	8652715	0.0052543599675358	314	1266948	241123183	6414117585
GLOBAL	II	8652716	8662715	NA	0	0	0	6734874806
GLOBAL	II	8662716	8672715	0.0039827081675455	518	1583216	397522473	6464921423
GLOBAL	II	8672716	8682715	0.0055683178257516	570	2439744	438147404	6566555356
GLOBAL	II	8682716	8692715	0.0049108701699374	298	1125892	229265275	6773118047
GLOBAL	II	8692716	8702715	0.0064642194619679	505	2508688	388088309	6789799155
GLOBAL	II	8702716	8712715	0.0029612394776266	350	794288	268228222	7104492034
GLOBAL	II	8712716	8722715	0	20	0	15423192	7293125946
GLOBAL	II	8722716	8732715	0.00018779306856533	646	93312	496887349	6804703475
GLOBAL	II	8732716	8742715	0	32	0	24621608	7168728776
GLOBAL	II	8742716	8752715	0.001530496113783	274	321044	209764662	7012965270
GLOBAL	II	8752716	8762715	0	154	0	118546611	7107275905
GLOBAL	II	8762716	8772715	0	112	0	85757759	7085944537
GLOBAL	II	8772716	8782715	0.014709557806762	553	6241756	424333354	6305902576
GLOBAL	II	8782716	8792715	0	98	0	75391616	7009718328
GLOBAL	II	8792716	8802715	2.3975155292507e-05	535	9848	410758549	6664300497
GLOBAL	II	8802716	8812715	0.00011180225615298	367	31616	282784991	7269305137
GLOBAL	II	8812716	8822715	NA	0	0	0	7220410494
GLOBAL	II	8822716	8832715	3.8478855727955e-05	416	12296	319552122	7227125984
GLOBAL	II	8832716	8842715	0	139	0	107067925	7455846247
GLOBAL	II	8842716	8852715	2.5817073695597e-05	498	9852	381607928	7019718730
GLOBAL	II	8852716	8862715	0	165	0	126773345	7121470405
GLOBAL	II	8862716	8872715	0	290	0	222600045	7021004829
GLOBAL	II	8872716	8882715	0.00015207250417513	315	36788	241910924	7065091922
GLOBAL	II	8882716	8892715	2.8855031896103e-05	445	9876	342262661	7022726135
GLOBAL	II	8892716	8902715	0.0010325448286274	473	375604	363765320	7236259860
GLOBAL	II	8902716	8912715	0.00077832399276522	64	35472	45574851	7264520579
GLOBAL	II	8912716	8922715	0.00020902434356823	16	2368	11328824	6563504760
GLOBAL	II	8922716	8932715	0.0066500554607566	31	157508	23685216	6774587562
GLOBAL	II	8932716	8942715	0.0035341770650655	748	2032092	574983076	6763718756
GLOBAL	II	8942716	8952715	0.0019713708508424	45	68040	34514054	7095438358
GLOBAL	II	8952716	8962715	NA	0	0	0	7249790042
GLOBAL	II	8962716	8972715	0.0041065209121596	368	1135740	276569881	6661642323
GLOBAL	II	8972716	8982715	0.0067643973894161	271	1406084	207865375	6779828173
GLOBAL	II	8982716	8992715	NA	0	0	0	6955994562
GLOBAL	II	8992716	9002715	0.0012730591739674	421	412248	323824696	6690928962
GLOBAL	II	9002716	9012715	0.0032930399082199	125	315744	95882227	7237407583
GLOBAL	II	9012716	9022715	0.00034782868268959	505	134140	385649622	6919806932
GLOBAL	II	9022716	9032715	0.00034286217330325	784	206848	603297815	6813491763
GLOBAL	II	9032716	9042715	6.7060334070113e-05	621	32084	478434837	6778313519
GLOBAL	II	9042716	9052715	0	55	0	42265074	6431286384
GLOBAL	II	9052716	9062715	0.00019337752390017	434	64652	334330478	7196884708
GLOBAL	II	9062716	9072715	2.5130614277713e-05	513	9920	394737665	6854279231
GLOBAL	II	9072716	9082715	NA	0	0	0	7347206438
GLOBAL	II	9082716	9092715	0.0004370761305479	279	93868	214763501	7011832161
GLOBAL	II	9092716	9102715	0.00056546184132363	365	158136	279658128	6980182812
GLOBAL	II	9102716	9112715	NA	0	0	0	7013980512
GLOBAL	II	9112716	9122715	NA	0	0	0	7153146792
GLOBAL	II	9122716	9132715	0.0001243908037358	181	17292	139013492	7222882720
GLOBAL	II	9132716	9142715	0.00012319196673686	106	9796	79518172	6953790990
GLOBAL	II	9142716	9152715	0.00027159669423411	714	148372	546295309	6708906755
GLOBAL	II	9152716	9162715	1.4461400479935e-05	667	7400	511707010	6741948762
GLOBAL	II	9162716	9172715	0	348	0	265986623	6933548929
GLOBAL	II	9172716	9182715	0.0003786034413986	272	79072	208851773	7185516571
GLOBAL	II	9182716	9192715	0	335	0	257430719	7022512017
GLOBAL	II	9192716	9202715	NA	0	0	0	7353391606
GLOBAL	II	9202716	9212715	5.1556825088727e-05	371	14736	285820548	7188181834
GLOBAL	II	9212716	9222715	6.4886727157692e-05	488	24320	374807007	7029612235
GLOBAL	II	9222716	9232715	0	175	0	134544917	7256730843
GLOBAL	II	9232716	9242715	0.00011568246714439	717	63788	551405944	6812036560
GLOBAL	II	9242716	9252715	0.00061466781821684	441	208552	339292206	6780609308
GLOBAL	II	9252716	9262715	NA	0	0	0	7127632974
GLOBAL	II	9262716	9272715	0.00025011271446641	64	12296	49161835	7311961231
GLOBAL	II	9272716	9282715	0.0010620245118321	604	490880	462211554	6514657950
GLOBAL	II	9282716	9292715	NA	0	0	0	7185618924
GLOBAL	II	9292716	9302715	NA	0	0	0	6671476834
GLOBAL	II	9302716	9312715	0.00096496296863638	524	388764	402879709	6359055207
GLOBAL	II	9312716	9322715	0.00013260711148969	454	46300	349151712	6997281580
GLOBAL	II	9322716	9332715	0.0018975589041672	236	344272	181428887	7146448901
GLOBAL	II	9332716	9342715	0.0033189765190898	352	883412	266170006	6910944312
GLOBAL	II	9342716	9352715	0.0012768968445571	356	349808	273951652	6989755018
GLOBAL	II	9352716	9362715	0.0011664536526576	903	809848	694282193	6727146261
GLOBAL	II	9362716	9372715	0.00251656842621	303	586224	232945782	6901645506
GLOBAL	II	9372716	9382715	0.00017414158120404	344	45888	263509724	6906646280
GLOBAL	II	9382716	9392715	0	48	0	36929823	7055911581
GLOBAL	II	9392716	9402715	0	26	0	20029771	7309394309
GLOBAL	II	9402716	9412715	0	44	0	33632244	7309708464
GLOBAL	II	9412716	9422715	0.0015936901825614	334	409244	256790187	7120568945
GLOBAL	II	9422716	9432715	0.00016559308489427	745	94780	572366896	6921737282
GLOBAL	II	9432716	9442715	0.0002437590251162	210	39308	161257619	7270994879
GLOBAL	II	9442716	9452715	0.00084784090517661	616	401524	473584133	6671058053
GLOBAL	II	9452716	9462715	1.7255661297197e-05	187	2480	143720948	7352702668
GLOBAL	II	9462716	9472715	0.0037417327262416	136	392108	104793161	7374621243
GLOBAL	II	9472716	9482715	0.0021366024811086	276	452556	211811043	7013238327
GLOBAL	II	9482716	9492715	0.0005114472544064	157	61776	120786649	6977466777
GLOBAL	II	9492716	9502715	0.0038486987733328	306	902856	234587338	6905415972
GLOBAL	II	9502716	9512715	0	211	0	161621291	6892562813
GLOBAL	II	9512716	9522715	0.00030938715293218	152	36140	116811573	7071899935
GLOBAL	II	9522716	9532715	0.00012907750401359	449	44504	344785099	7048810099
GLOBAL	II	9532716	9542715	0	168	0	128778099	7124104527
GLOBAL	II	9542716	9552715	0.0033131599518328	136	345868	104392183	7163953363
GLOBAL	II	9552716	9562715	0.0053983092605954	42	173436	32127837	6827996621
GLOBAL	II	9562716	9572715	0.0046322075939223	224	794248	171462091	6562639569
GLOBAL	II	9572716	9582715	NA	0	0	0	7078924776
GLOBAL	II	9582716	9592715	0	26	0	19955485	7369000837
GLOBAL	II	9592716	9602715	0.0045585294333321	329	1150680	252423510	6981903612
GLOBAL	II	9602716	9612715	0.0099854703486286	752	5769280	577767476	6675115150
GLOBAL	II	9612716	9622715	0.0060434042489643	712	3302956	546538981	6888032955
GLOBAL	II	9622716	9632715	0.0075423522012355	1052	6068612	804604696	6307565358
GLOBAL	II	9632716	9642715	0.0022901110084775	449	786696	343518719	6927919411
GLOBAL	II	9642716	9652715	0.00043717140887119	185	61888	141564610	6212922364
GLOBAL	II	9652716	9662715	NA	0	0	0	7224276224
GLOBAL	II	9662716	9672715	0.020226353026978	678	10538360	521021263	6799898211
GLOBAL	II	9672716	9682715	0.04267729034828	779	25565620	599045061	6564925775
GLOBAL	II	9682716	9692715	0.011238037418782	396	3414156	303803580	6485191446
GLOBAL	II	9692716	9702715	0.03044894633848	424	9880216	324484660	6308334874
GLOBAL	II	9702716	9712715	0.0012161714369548	160	149820	123189869	6763994699
GLOBAL	II	9712716	9722715	0.040742913064467	203	6273004	153965525	6582455573
GLOBAL	II	9722716	9732715	NA	0	0	0	6956767708
GLOBAL	II	9732716	9742715	NA	0	0	0	6597254818
GLOBAL	II	9742716	9752715	NA	0	0	0	7055730396
GLOBAL	II	9752716	9762715	0.00026826467700902	96	19828	73912079	7011971011
GLOBAL	II	9762716	9772715	NA	0	0	0	6853166144
GLOBAL	II	9772716	9782715	NA	0	0	0	6296501024
GLOBAL	II	9782716	9792715	NA	0	0	0	6366084164
GLOBAL	II	9792716	9802715	NA	0	0	0	6073061830
GLOBAL	II	9802716	9812715	0	77	0	58793415	7168575393
GLOBAL	II	9812716	9822715	0	5	0	3838435	7075859487
GLOBAL	II	9822716	9832715	0.00010850548672749	529	43784	403518765	7129242713
GLOBAL	II	9832716	9842715	0.0010959559378945	494	416748	380259813	7017201115
GLOBAL	II	9842716	9852715	9.09465446301e-05	354	24772	272379782	7061683174
GLOBAL	II	9852716	9862715	0.00019408262519388	361	53088	273532986	6846368528
GLOBAL	II	9862716	9872715	1.9395189991319e-05	333	4964	255939746	6700054816
GLOBAL	II	9872716	9882715	6.8292175871529e-05	188	9872	144555359	6735670895
GLOBAL	II	9882716	9892715	5.823575055065e-05	608	27184	466792301	6948450985
GLOBAL	II	9892716	9902715	6.6205730168641e-05	145	7392	111651967	7279623793
GLOBAL	II	9902716	9912715	4.9494339566057e-05	583	22168	447889601	6778706061
GLOBAL	II	9912716	9922715	0.0017216676924696	291	385444	223878279	7194457591
GLOBAL	II	9922716	9932715	0	133	0	102045638	7341030904
GLOBAL	II	9932716	9942715	NA	0	0	0	7388183176
GLOBAL	II	9942716	9952715	NA	0	0	0	7383544300
GLOBAL	II	9952716	9962715	NA	0	0	0	7347979584
GLOBAL	II	9962716	9972715	NA	0	0	0	7088975674
GLOBAL	II	9972716	9982715	NA	0	0	0	5677211078
GLOBAL	II	9982716	9992715	NA	0	0	0	6294954732
GLOBAL	II	9992716	10002715	NA	0	0	0	5846530052
GLOBAL	II	10002716	10012715	NA	0	0	0	7190257800
GLOBAL	II	10012716	10022715	NA	0	0	0	7194123530
GLOBAL	II	10022716	10032715	NA	0	0	0	7168609712
GLOBAL	II	10032716	10042715	NA	0	0	0	6257070578
GLOBAL	II	10042716	10052715	NA	0	0	0	6893369736
GLOBAL	II	10052716	10062715	NA	0	0	0	7165517128
GLOBAL	II	10062716	10072715	NA	0	0	0	7498743054
GLOBAL	II	10072716	10082715	NA	0	0	0	7446169126
GLOBAL	II	10082716	10092715	NA	0	0	0	6816055136
GLOBAL	II	10092716	10102715	NA	0	0	0	6182848562
GLOBAL	II	10102716	10112715	NA	0	0	0	6772758960
GLOBAL	II	10112716	10122715	NA	0	0	0	6905740072
GLOBAL	II	10122716	10132715	NA	0	0	0	6773532106
GLOBAL	II	10132716	10142715	NA	0	0	0	6621222344
GLOBAL	II	10142716	10152715	NA	0	0	0	6615810322
GLOBAL	II	10152716	10162715	NA	0	0	0	6949036248
GLOBAL	II	10162716	10172715	NA	0	0	0	7117582076
GLOBAL	II	10172716	10182715	4.9178076668995e-05	327	12392	251982201	6905803467
GLOBAL	II	10182716	10192715	0.0012734315774519	86	84472	66334149	7215154879
GLOBAL	II	10192716	10202715	NA	0	0	0	5565104908
GLOBAL	II	10202716	10212715	NA	0	0	0	7159331960
GLOBAL	II	10212716	10222715	NA	0	0	0	7180206902
GLOBAL	II	10222716	10232715	NA	0	0	0	6748791434
GLOBAL	II	10232716	10242715	0.00025999610397888	146	29180	112232451	7012307939
GLOBAL	II	10242716	10252715	0.00039669154994201	213	64916	163643516	7058313270
GLOBAL	II	10252716	10262715	0	162	0	124295167	6851801191
GLOBAL	II	10262716	10272715	NA	0	0	0	6908832656
GLOBAL	II	10272716	10282715	NA	0	0	0	6913471532
GLOBAL	II	10282716	10292715	NA	0	0	0	6920429846
GLOBAL	II	10292716	10302715	2.9448467023239e-05	93	1984	67371928	6885530050
GLOBAL	II	10302716	10312715	0.00033195710366768	95	24160	72780488	7013875748
GLOBAL	II	10312716	10322715	0.00042095205522114	285	91684	217801526	6521712156
GLOBAL	II	10322716	10332715	NA	0	0	0	6639004702
GLOBAL	II	10332716	10342715	NA	0	0	0	6967591752
GLOBAL	II	10342716	10352715	NA	0	0	0	6499065276
GLOBAL	II	10352716	10362715	NA	0	0	0	6637458410
GLOBAL	II	10362716	10372715	0	31	0	23407083	6499625719
GLOBAL	II	10372716	10382715	7.775165093625e-05	330	19720	253628055	6802875487
GLOBAL	II	10382716	10392715	NA	0	0	0	6812962552
GLOBAL	II	10392716	10402715	0.0012908361385512	403	398248	308519407	6969103891
GLOBAL	II	10402716	10412715	0.00032355948602908	247	61340	189578741	6987535577
GLOBAL	II	10412716	10422715	0	37	0	28205548	6956395416
GLOBAL	II	10422716	10432715	NA	0	0	0	6194445752
GLOBAL	II	10432716	10442715	0.059626341029506	247	11166832	187280182	5799962442
GLOBAL	II	10442716	10452715	0.032340922553237	160	3896084	120469167	5842805931
GLOBAL	II	10452716	10462715	0.020929511939421	41	655512	31319985	5640479071
GLOBAL	II	10462716	10472715	NA	0	0	0	5932349258
GLOBAL	II	10472716	10482715	NA	0	0	0	6356033266
GLOBAL	II	10482716	10492715	0.0018202030605874	131	181504	99716347	6634385313
GLOBAL	II	10492716	10502715	0.0005515319275969	129	54496	98808423	6895843439
GLOBAL	II	10502716	10512715	0.00095026449950196	642	467420	491884102	6321078450
GLOBAL	II	10512716	10522715	NA	0	0	0	7095160842
GLOBAL	II	10522716	10532715	NA	0	0	0	6575606730
GLOBAL	II	10532716	10542715	NA	0	0	0	6666064812
GLOBAL	II	10542716	10552715	0	21	0	15946825	6691867871
GLOBAL	II	10552716	10562715	NA	0	0	0	3872688314
GLOBAL	II	10562716	10572715	NA	0	0	0	5331614816
GLOBAL	II	10572716	10582715	0	64	0	48190681	6331036965
GLOBAL	II	10582716	10592715	NA	0	0	0	6909605802
GLOBAL	II	10592716	10602715	NA	0	0	0	6359898996
GLOBAL	II	10602716	10612715	NA	0	0	0	6336704616
GLOBAL	II	10612716	10622715	NA	0	0	0	6628953804
GLOBAL	II	10622716	10632715	NA	0	0	0	6841568954
GLOBAL	II	10632716	10642715	NA	0	0	0	6523032802
GLOBAL	II	10642716	10652715	0.00031785261091358	271	66116	208008359	6911893155
GLOBAL	II	10652716	10662715	0.0029338650652563	276	620648	211546198	6868151724
GLOBAL	II	10662716	10672715	0	85	0	64876506	6903488392
GLOBAL	II	10672716	10682715	NA	0	0	0	5909154878
GLOBAL	II	10682716	10692715	NA	0	0	0	6066876662
GLOBAL	II	10692716	10702715	NA	0	0	0	5583660412
GLOBAL	II	10702716	10712715	NA	0	0	0	6867082772
GLOBAL	II	10712716	10722715	NA	0	0	0	6787448734
GLOBAL	II	10722716	10732715	0.00010875599602804	30	2484	22840120	6909186916
GLOBAL	II	10732716	10742715	NA	0	0	0	6825332888
GLOBAL	II	10742716	10752715	NA	0	0	0	7086656236
GLOBAL	II	10752716	10762715	NA	0	0	0	7110623762
GLOBAL	II	10762716	10772715	NA	0	0	0	5599896478
GLOBAL	II	10772716	10782715	NA	0	0	0	6625861220
GLOBAL	II	10782716	10792715	NA	0	0	0	7151600500
GLOBAL	II	10792716	10802715	NA	0	0	0	7140776456
GLOBAL	II	10802716	10812715	NA	0	0	0	7303137116
GLOBAL	II	10812716	10822715	NA	0	0	0	7026350848
GLOBAL	II	10822716	10832715	0.0038994777024203	198	586048	150288845	6412947549
GLOBAL	II	10832716	10842715	NA	0	0	0	6697763798
GLOBAL	II	10842716	10852715	NA	0	0	0	7158558814
GLOBAL	II	10852716	10862715	NA	0	0	0	6795953340
GLOBAL	II	10862716	10872715	0.06602441365268	106	5344500	80947330	5719967108
GLOBAL	II	10872716	10882715	NA	0	0	0	6253977994
GLOBAL	II	10882716	10892715	NA	0	0	0	6585657628
GLOBAL	II	10892716	10902715	NA	0	0	0	6300366754
GLOBAL	II	10902716	10912715	0.021944095059532	19	312556	14243285	6656460403
GLOBAL	II	10912716	10922715	0.0066420166202163	87	428072	64449101	6738462553
GLOBAL	II	10922716	10932715	0.0084189148808174	27	173016	20550867	6400426663
GLOBAL	II	10932716	10942715	NA	0	0	0	6379227646
GLOBAL	II	10942716	10952715	NA	0	0	0	6155788452
GLOBAL	II	10952716	10962715	NA	0	0	0	6693124922
GLOBAL	II	10962716	10972715	NA	0	0	0	5662521304
GLOBAL	II	10972716	10982715	NA	0	0	0	6899554904
GLOBAL	II	10982716	10992715	NA	0	0	0	7144642186
GLOBAL	II	10992716	11002715	NA	0	0	0	5679530516
GLOBAL	II	11002716	11012715	NA	0	0	0	6332065740
GLOBAL	II	11012716	11022715	NA	0	0	0	6713226718
GLOBAL	II	11022716	11032715	0.0011496024771242	216	189680	164996165	6526582465
GLOBAL	II	11032716	11042715	0.0020532614797445	253	397836	193758079	6531838975
GLOBAL	II	11042716	11052715	NA	0	0	0	6305005630
GLOBAL	II	11052716	11062715	0.0060499817669625	255	1171520	193640253	6064976617
GLOBAL	II	11062716	11072715	0.0091160602541581	288	1999236	219309213	6314547633
GLOBAL	II	11072716	11082715	0.014055582390048	112	1207884	85936247	5799251105
GLOBAL	II	11082716	11092715	0.0069419678068293	177	920896	132656334	6032409870
GLOBAL	II	11092716	11102715	NA	0	0	0	5768442306
GLOBAL	II	11102716	11112715	NA	0	0	0	6274079790
GLOBAL	II	11112716	11122715	0.025300722320738	411	7904324	312414954	6167321672
GLOBAL	II	11122716	11132715	0.022044351782759	384	6448420	292520282	5861721878
GLOBAL	II	11132716	11142715	0.027868405623573	187	3923176	140775043	5856518479
GLOBAL	II	11142716	11152715	0.024901168737246	182	3398180	136466687	6694278223
GLOBAL	II	11152716	11162715	NA	0	0	0	7167063420
GLOBAL	II	11162716	11172715	NA	0	0	0	6880999400
GLOBAL	II	11172716	11182715	NA	0	0	0	6820694012
GLOBAL	II	11182716	11192715	NA	0	0	0	6943624226
GLOBAL	II	11192716	11202715	NA	0	0	0	7226595662
GLOBAL	II	11202716	11212715	NA	0	0	0	7016299950
GLOBAL	II	11212716	11222715	NA	0	0	0	6099348794
GLOBAL	II	11222716	11232715	NA	0	0	0	6516847634
GLOBAL	II	11232716	11242715	NA	0	0	0	6670703688
GLOBAL	II	11242716	11252715	NA	0	0	0	6684620316
GLOBAL	II	11252716	11262715	NA	0	0	0	6785129296
GLOBAL	II	11262716	11272715	NA	0	0	0	5883641060
GLOBAL	II	11272716	11282715	NA	0	0	0	6025126778
GLOBAL	II	11282716	11292715	NA	0	0	0	6300366754
GLOBAL	II	11292716	11302715	NA	0	0	0	6831518056
GLOBAL	II	11302716	11312715	0.086548165034159	162	10102196	116723399	5778514851
GLOBAL	II	11312716	11322715	0.068416259501871	380	19011448	277879091	5852395543
GLOBAL	II	11322716	11332715	0.048377220995808	514	18338756	379078327	5974635501
GLOBAL	II	11332716	11342715	NA	0	0	0	6343662930
GLOBAL	II	11342716	11352715	6.6299482735831e-05	245	12308	185642474	6584023902
GLOBAL	II	11352716	11362715	NA	0	0	0	6925068722
GLOBAL	II	11362716	11372715	0.000572339519675	100	42984	75102275	6757962073
GLOBAL	II	11372716	11382715	0	94	0	69700589	6787331285
GLOBAL	II	11382716	11392715	0.0047681142998449	96	346108	72588025	6703263519
GLOBAL	II	11392716	11402715	0.003325491823209	157	393944	118461876	6781866174
GLOBAL	II	11402716	11412715	0.00083231652434095	191	120860	145209180	6514670464
GLOBAL	II	11412716	11422715	0.000218381203767	103	17064	78138593	6351343543
GLOBAL	II	11422716	11432715	NA	0	0	0	6604986278
GLOBAL	II	11432716	11442715	5.1562376756e-05	63	2456	47631629	6428239267
GLOBAL	II	11442716	11452715	NA	0	0	0	6673023126
GLOBAL	II	11452716	11462715	0.00041279058740547	139	43616	105661324	6558084050
GLOBAL	II	11462716	11472715	0.00099481395336853	191	144780	145534750	6914834522
GLOBAL	II	11472716	11482715	NA	0	0	0	6795953340
GLOBAL	II	11482716	11492715	0.027602866143613	155	3251108	117781537	6624051583
GLOBAL	II	11492716	11502715	0.010315303772828	213	1668688	161768188	6424662586
GLOBAL	II	11502716	11512715	0.010098952718146	132	1004288	99444767	6673314193
GLOBAL	II	11512716	11522715	0.014194287770053	142	1534956	108138994	6667712550
GLOBAL	II	11522716	11532715	0.013863613497945	463	4882144	352155230	6525751586
GLOBAL	II	11532716	11542715	0.01147452023269	58	511900	44611887	6633050115
GLOBAL	II	11542716	11552715	0.014314203015182	54	584552	40837202	6479876162
GLOBAL	II	11552716	11562715	0.0084415639535677	456	2911812	344937504	6168817546
GLOBAL	II	11562716	11572715	0.0021235052890609	557	905132	426244288	6339556358
GLOBAL	II	11572716	11582715	0.00014815326949574	44	4920	33208852	6509152600
GLOBAL	II	11582716	11592715	0.00051795435774253	94	37112	71651101	6725848531
GLOBAL	II	11592716	11602715	0.001594434769546	255	310436	194699718	6706401478
GLOBAL	II	11602716	11612715	0.00035499162454222	91	24680	69522767	6358413077
GLOBAL	II	11612716	11622715	0.00056016370381151	271	116176	207396515	6095289677
GLOBAL	II	11622716	11632715	NA	0	0	0	6220732716
GLOBAL	II	11632716	11642715	NA	0	0	0	6680754586
GLOBAL	II	11642716	11652715	0.00041207637338447	307	96468	234102235	5964209247
GLOBAL	II	11652716	11662715	0.00020757280082134	369	58420	281443425	6681509451
GLOBAL	II	11662716	11672715	0.00015175593990116	465	53548	352856040	6105232498
GLOBAL	II	11672716	11682715	0.0036106668323871	194	510820	141475252	6644427190
GLOBAL	II	11682716	11692715	NA	0	0	0	6231556760
GLOBAL	II	11692716	11702715	NA	0	0	0	6291089002
GLOBAL	II	11702716	11712715	0.00041292959829544	261	82824	200576564	6461622518
GLOBAL	II	11712716	11722715	0.0005029761510019	177	68260	135712200	6666426308
GLOBAL	II	11722716	11732715	NA	0	0	0	7008568490
GLOBAL	II	11732716	11742715	0.00035018960348643	202	53664	153242699	5739676113
GLOBAL	II	11742716	11752715	0.00094860199882003	572	415564	438080460	6780783742
GLOBAL	II	11752716	11762715	8.6914605553747e-05	185	12324	141794350	6866774140
GLOBAL	II	11762716	11772715	0.00034061567749829	66	17192	50473308	6825887216
GLOBAL	II	11772716	11782715	NA	0	0	0	7093614550
GLOBAL	II	11782716	11792715	0.001329260449189	311	315784	237563677	5199198995
GLOBAL	II	11792716	11802715	NA	0	0	0	6745698850
GLOBAL	II	11802716	11812715	NA	0	0	0	5908381732
GLOBAL	II	11812716	11822715	NA	0	0	0	6110945984
GLOBAL	II	11822716	11832715	0.0014790436556006	260	295340	199683085	7001398759
GLOBAL	II	11832716	11842715	0	123	0	94452442	6754847972
GLOBAL	II	11842716	11852715	NA	0	0	0	7170929150
GLOBAL	II	11852716	11862715	0	65	0	49922460	7236205444
GLOBAL	II	11862716	11872715	0.00013992126920584	69	7420	53029822	6553502748
GLOBAL	II	11872716	11882715	3.4699676309947e-05	185	4924	141903341	6563591917
GLOBAL	II	11882716	11892715	7.4342889395871e-05	173	9900	133166737	7053998479
GLOBAL	II	11892716	11902715	0.0015808277511431	50	60484	38260968	7203797614
GLOBAL	II	11902716	11912715	0.0008859608420727	530	360608	407024761	7022135153
GLOBAL	II	11912716	11922715	NA	0	0	0	6233103052
GLOBAL	II	11922716	11932715	0.087733934507129	156	10279464	117166340	6078825704
GLOBAL	II	11932716	11942715	NA	0	0	0	6548546620
GLOBAL	II	11942716	11952715	NA	0	0	0	7098253426
GLOBAL	II	11952716	11962715	0.022291374873241	136	2327068	104393202	6439514542
GLOBAL	II	11962716	11972715	0.012054880009531	38	351716	29176234	6261912768
GLOBAL	II	11972716	11982715	NA	0	0	0	6202950358
GLOBAL	II	11982716	11992715	NA	0	0	0	4968236196
GLOBAL	II	11992716	12002715	NA	0	0	0	5225693814
GLOBAL	II	12002716	12012715	NA	0	0	0	5156883820
GLOBAL	II	12012716	12022715	NA	0	0	0	6014302734
GLOBAL	II	12022716	12032715	0.042660870683231	16	376932	8835544	5793625186
GLOBAL	II	12032716	12042715	NA	0	0	0	5077249782
GLOBAL	II	12042716	12052715	NA	0	0	0	4832162500
GLOBAL	II	12052716	12062715	NA	0	0	0	4787320032
GLOBAL	II	12062716	12072715	NA	0	0	0	5621544566
GLOBAL	II	12072716	12082715	0.082367886417641	253	15775320	191522700	5308637944
GLOBAL	II	12082716	12092715	NA	0	0	0	5742928488
GLOBAL	II	12092716	12102715	NA	0	0	0	6049867450
GLOBAL	II	12102716	12112715	0.082771254533717	165	9845036	118942694	6304354274
GLOBAL	II	12112716	12122715	0.026439423291634	41	829180	31361501	6712791057
GLOBAL	II	12122716	12132715	0.00055587744273497	63	26920	48427941	6884372241
GLOBAL	II	12132716	12142715	0.0043005436892442	963	3181384	739763209	6588887725
GLOBAL	II	12142716	12152715	0.0049255854558488	421	1594804	323779582	6836325524
GLOBAL	II	12152716	12162715	0.0064602025534054	351	1742232	269686900	6539409922
GLOBAL	II	12162716	12172715	0.0073261925254902	228	1281228	174883201	6608699803
GLOBAL	II	12172716	12182715	NA	0	0	0	5681076808
GLOBAL	II	12182716	12192715	NA	0	0	0	5875136454
GLOBAL	II	12192716	12202715	NA	0	0	0	6022807340
GLOBAL	II	12202716	12212715	NA	0	0	0	6042909136
GLOBAL	II	12212716	12222715	NA	0	0	0	917724302
GLOBAL	II	12222716	12232715	NA	0	0	0	882159586
GLOBAL	II	12232716	12242715	NA	0	0	0	57985950
GLOBAL	II	12242716	12252715	NA	0	0	0	6594935380
GLOBAL	II	12252716	12262715	NA	0	0	0	6908832656
GLOBAL	II	12262716	12272715	0.074669656941871	51	2927780	39209769	6396457535
GLOBAL	II	12272716	12282715	0.0043957866719012	511	1724060	392207386	6246797316
GLOBAL	II	12282716	12292715	0.0017672992929644	632	858572	485810187	6661151437
GLOBAL	II	12292716	12302715	0.00023250693967352	96	17192	73941879	7145695469
GLOBAL	II	12302716	12312715	0.0011960782976339	74	68040	56885908	6680308336
GLOBAL	II	12312716	12322715	0.00062514310451006	208	99756	159573063	7166758433
GLOBAL	II	12322716	12332715	0.00037189464227832	465	131796	354390693	6866792947
GLOBAL	II	12332716	12342715	NA	0	0	0	7188711508
GLOBAL	II	12342716	12352715	NA	0	0	0	7284581612
GLOBAL	II	12352716	12362715	0	155	0	118348693	7260556731
GLOBAL	II	12362716	12372715	NA	0	0	0	7174794880
GLOBAL	II	12372716	12382715	NA	0	0	0	7296951948
GLOBAL	II	12382716	12392715	7.2127572585288e-05	134	7428	102984195	6950426763
GLOBAL	II	12392716	12402715	5.1527716275512e-05	125	4960	96258875	7296563177
GLOBAL	II	12402716	12412715	0.005182921477959	878	3503256	675923032	6784935868
GLOBAL	II	12412716	12422715	0.0050879109208411	514	2001036	393292263	6789234077
GLOBAL	II	12422716	12432715	9.4642197778541e-05	976	71128	751546368	6850025104
GLOBAL	II	12432716	12442715	0.00051957097795211	864	345744	665441325	6917574643
GLOBAL	II	12442716	12452715	8.598502295729e-05	298	19704	229156187	7165212157
GLOBAL	II	12452716	12462715	4.5194594534002e-05	575	19816	438459515	7104352861
GLOBAL	II	12462716	12472715	0.00083897353172436	603	389392	464129064	7110382298
GLOBAL	II	12472716	12482715	0.00043748726751279	301	101336	231631884	7156551292
GLOBAL	II	12482716	12492715	5.1261312450453e-05	314	12384	241585699	7170565003
GLOBAL	II	12492716	12502715	0.0025959259420041	541	1082416	416967211	6988225177
GLOBAL	II	12502716	12512715	0	25	0	19323680	7374271518
GLOBAL	II	12512716	12522715	0.00093757719519694	994	718048	765854805	6791647345
GLOBAL	II	12522716	12532715	0.00064424384893036	754	374284	580966354	6995091300
GLOBAL	II	12532716	12542715	0.00074536297298935	619	355088	476396082	7081106068
GLOBAL	II	12542716	12552715	0.0012072866597265	658	612340	507203484	6949016540
GLOBAL	II	12552716	12562715	0.0011012256510072	610	518168	470537532	6952437214
GLOBAL	II	12562716	12572715	0.00051521606202187	145	57552	111704592	7342195994
GLOBAL	II	12572716	12582715	9.9324311980111e-06	324	2484	250089827	7263343001
GLOBAL	II	12582716	12592715	0.0010904650825409	895	750308	688062380	6848564828
GLOBAL	II	12592716	12602715	8.4417898718299e-05	263	17108	202658444	7197121922
GLOBAL	II	12602716	12612715	0.0001172214785296	436	39268	334989803	7014536073
GLOBAL	II	12612716	12622715	0.0004283465967621	410	135308	315884382	7160437438
GLOBAL	II	12622716	12632715	6.5984573456507e-05	768	39076	592199024	6737998202
GLOBAL	II	12632716	12642715	0.00086455180923796	704	468704	542135237	6851459961
GLOBAL	II	12642716	12652715	0.00029367994599082	750	169612	577540286	6933573104
GLOBAL	II	12652716	12662715	0.0010843477631264	566	473024	436229055	6963551311
GLOBAL	II	12662716	12672715	3.2977748992198e-05	392	9916	300687594	6933639528
GLOBAL	II	12672716	12682715	9.2365071489857e-05	480	34148	369706854	7118985302
GLOBAL	II	12682716	12692715	0.001202955071211	925	856308	711837059	6886641829
GLOBAL	II	12692716	12702715	0.00038986592237011	419	125648	322285157	7317943615
GLOBAL	II	12702716	12712715	0.0013191677620298	359	365192	276835146	7174746002
GLOBAL	II	12712716	12722715	1.04967751384e-05	614	4968	473288218	6350498378
GLOBAL	II	12722716	12732715	NA	0	0	0	5180078200
GLOBAL	III	29743	39742	0.00035224313248344	408	110460	313590216	7113250260
GLOBAL	III	39743	49742	0.0014925502756628	354	407136	272778751	6803826587
GLOBAL	III	49743	59742	0.00054004254576086	282	116164	215101571	7306062717
GLOBAL	III	59743	69742	2.7162411839273e-05	591	12368	455335118	7082838382
GLOBAL	III	69743	79742	0.0012873025043212	401	396780	308225921	7059855459
GLOBAL	III	79743	89742	0.00017614932968871	660	89676	509090782	6965684746
GLOBAL	III	89743	99742	0.00071037564255058	681	370788	521960464	6900241136
GLOBAL	III	99743	109742	0	19	0	14657489	7596964881
GLOBAL	III	109743	119742	0.00037639236286677	469	136224	361920202	7252794752
GLOBAL	III	119743	129742	0.00096944984564025	528	394560	406993721	7086337311
GLOBAL	III	129743	139742	0.00033147651744851	631	160716	484848825	6926528731
GLOBAL	III	139743	149742	0.00017675307658429	949	129152	730691666	6748722738
GLOBAL	III	149743	159742	0.0019467948620004	522	775688	398443624	6310144218
GLOBAL	III	159743	169742	1.214041237325e-05	266	2484	204605900	7226873452
GLOBAL	III	169743	179742	0.00013205064024592	432	43844	332024138	7223158574
GLOBAL	III	179743	189742	0.00014117089192193	337	36584	259146907	7135221437
GLOBAL	III	189743	199742	0.00032405249321164	299	74412	229629463	7007790243
GLOBAL	III	199743	209742	NA	0	0	0	7653372254
GLOBAL	III	209743	219742	0.0001546071480837	649	77288	499899267	6783909199
GLOBAL	III	219743	229742	0.00013052740918964	960	96544	739645417	6847236281
GLOBAL	III	229743	239742	0.00028102035613901	743	160560	571346511	6976104741
GLOBAL	III	239743	249742	0	166	0	128034392	7462713036
GLOBAL	III	249743	259742	0.00043373925999405	245	82016	189090561	7378462487
GLOBAL	III	259743	269742	0.00070350657925399	594	321964	457655990	6878726404
GLOBAL	III	269743	279742	7.9646232687555e-05	636	39004	489715567	6746157847
GLOBAL	III	279743	289742	0.0012216099149472	333	313876	256936356	7234848384
GLOBAL	III	289743	299742	0.0010932880635945	506	425768	389438076	7228369462
GLOBAL	III	299743	309742	NA	0	0	0	7472456090
GLOBAL	III	309743	319742	0.00022460110161974	795	137352	611537517	6812983521
GLOBAL	III	319743	329742	4.5444213326799e-05	848	29680	653108456	6844088306
GLOBAL	III	329743	339742	0.00022334797084899	184	31668	141787722	7251807476
GLOBAL	III	339743	349742	1.6125266060388e-05	200	2480	153795912	7194183672
GLOBAL	III	349743	359742	0.00018978880779117	660	96204	506900281	6732065717
GLOBAL	III	359743	369742	0	211	0	162491019	6123185961
GLOBAL	III	369743	379742	0.00084420283059362	593	384740	455743556	6746111434
GLOBAL	III	379743	389742	0.0010919544358629	329	276788	253479441	7110736209
GLOBAL	III	389743	399742	0.006265372322021	652	3135820	500500184	6658831776
GLOBAL	III	399743	409742	NA	0	0	0	7158558814
GLOBAL	III	409743	419742	0.0059052052166198	347	1567240	265399752	6897797938
GLOBAL	III	419743	429742	0.0057545676931534	596	2622496	455724242	6656445812
GLOBAL	III	429743	439742	0	8	0	6041814	5303151768
GLOBAL	III	439743	449742	NA	0	0	0	4301011198
GLOBAL	III	449743	459742	NA	0	0	0	5619998274
GLOBAL	III	459743	469742	NA	0	0	0	6641324140
GLOBAL	III	469743	479742	NA	0	0	0	1880291072
GLOBAL	III	479743	489742	NA	0	0	0	3183815228
GLOBAL	III	489743	499742	NA	0	0	0	3947683476
GLOBAL	III	499743	509742	NA	0	0	0	6460407976
GLOBAL	III	509743	519742	0	158	0	120594725	6997760497
GLOBAL	III	519743	529742	0.054680514334364	212	8753320	160081157	6262442665
GLOBAL	III	529743	539742	0.036077644080112	300	8268476	229185586	6223490930
GLOBAL	III	539743	549742	0.0015135943130801	393	455632	301026501	6624042221
GLOBAL	III	549743	559742	0.0036219701292349	583	1619600	447159955	6596200105
GLOBAL	III	559743	569742	NA	0	0	0	6158881036
GLOBAL	III	569743	579742	0.017309483371647	184	2446588	141343791	5705186261
GLOBAL	III	579743	589742	0.050425002050422	367	14152984	280673940	6263233804
GLOBAL	III	589743	599742	0.048648880652713	522	19441076	399620212	6552508620
GLOBAL	III	599743	609742	NA	0	0	0	6564782686
GLOBAL	III	609743	619742	NA	0	0	0	7135364434
GLOBAL	III	619743	629742	0	96	0	73881991	7265592987
GLOBAL	III	629743	639742	0.0012946550383829	698	693580	535725718	6938276664
GLOBAL	III	639743	649742	0.00029117574778327	185	41232	141605200	6526005904
GLOBAL	III	649743	659742	0.00049445993683921	58	22032	44557705	7127144591
GLOBAL	III	659743	669742	0.00022152785984803	201	34048	153696244	6397942960
GLOBAL	III	669743	679742	0.00080131287147405	738	451764	563779787	6631890035
GLOBAL	III	679743	689742	9.8052469001355e-05	130	9760	99538544	6519364362
GLOBAL	III	689743	699742	0.00032978053601056	550	138504	419988401	6453279539
GLOBAL	III	699743	709742	NA	0	0	0	6911152094
GLOBAL	III	709743	719742	NA	0	0	0	6428708990
GLOBAL	III	719743	729742	0.0052940519255725	165	660628	124786838	5853178034
GLOBAL	III	729743	739742	NA	0	0	0	4904838224
GLOBAL	III	739743	749742	NA	0	0	0	3680174960
GLOBAL	III	749743	759742	NA	0	0	0	3849493934
GLOBAL	III	759743	769742	NA	0	0	0	4055923916
GLOBAL	III	769743	779742	NA	0	0	0	5275948304
GLOBAL	III	779743	789742	0.0015366165216493	308	360952	234900507	6386321837
GLOBAL	III	789743	799742	0.0024119706935224	209	384076	159237424	7023288916
GLOBAL	III	799743	809742	NA	0	0	0	6836930078
GLOBAL	III	809743	819742	0.00028910837954635	474	105268	364112587	6700895561
GLOBAL	III	819743	829742	5.5613003739606e-05	462	19748	355096806	6900878404
GLOBAL	III	829743	839742	0.00085920799845431	444	293364	341435369	6742128283
GLOBAL	III	839743	849742	NA	0	0	0	7044133206
GLOBAL	III	849743	859742	NA	0	0	0	6750337726
GLOBAL	III	859743	869742	0	104	0	80253238	6950736486
GLOBAL	III	869743	879742	0.002178986636484	178	296936	136272520	6477991510
GLOBAL	III	879743	889742	NA	0	0	0	5858900388
GLOBAL	III	889743	899742	0	59	0	45461752	6697144514
GLOBAL	III	899743	909742	0	47	0	36084920	6793113698
GLOBAL	III	909743	919742	0	96	0	73409776	7153959032
GLOBAL	III	919743	929742	9.270017574218e-05	309	21924	236504406	6533161970
GLOBAL	III	929743	939742	0.0010022022963016	207	157128	156782718	6030704720
GLOBAL	III	939743	949742	0.00014855649227522	515	58588	394381956	6757218544
GLOBAL	III	949743	959742	0	21	0	16062676	6714946400
GLOBAL	III	959743	969742	NA	0	0	0	7080471068
GLOBAL	III	969743	979742	0	101	0	74991443	5232655847
GLOBAL	III	979743	989742	NA	0	0	0	4341214790
GLOBAL	III	989743	999742	NA	0	0	0	6966818606
GLOBAL	III	999743	1009742	NA	0	0	0	7054184104
GLOBAL	III	1009743	1019742	0.00023327999239175	512	91896	393930054	6932401442
GLOBAL	III	1019743	1029742	0.0024257067654925	446	827572	341167371	6517410795
GLOBAL	III	1029743	1039742	0.010519625818423	187	1489604	141602375	5606738135
GLOBAL	III	1039743	1049742	0.012561806415828	478	4597276	365972524	6059643882
GLOBAL	III	1049743	1059742	0.0092134187264874	314	2207328	239577519	6112590017
GLOBAL	III	1059743	1069742	0.0060957057285144	52	239292	39255832	6433522480
GLOBAL	III	1069743	1079742	0.010733287947509	188	1537736	143267935	6246783755
GLOBAL	III	1079743	1089742	0.012939153838727	550	5461316	422076750	6398617262
GLOBAL	III	1089743	1099742	NA	0	0	0	6714773010
GLOBAL	III	1099743	1109742	NA	0	0	0	6870175356
GLOBAL	III	1109743	1119742	0.027462834925352	77	1614616	58792765	6704688443
GLOBAL	III	1119743	1129742	NA	0	0	0	6670703688
GLOBAL	III	1129743	1139742	0.012990692215297	597	5960620	458837751	6826517007
GLOBAL	III	1139743	1149742	0.014625457995227	989	11121200	760400119	6310020051
GLOBAL	III	1149743	1159742	0.012956226710128	389	3839176	296318989	6007913495
GLOBAL	III	1159743	1169742	0.011810849060959	206	1845740	156274963	5768342835
GLOBAL	III	1169743	1179742	0.0089523392746174	578	3969648	443420192	6548139086
GLOBAL	III	1179743	1189742	0.014408271159833	217	2392356	166040462	6672435908
GLOBAL	III	1189743	1199742	0.024892820292763	59	1112864	44706224	6210818062
GLOBAL	III	1199743	1209742	0.036491987943592	14	392548	10757101	5967207771
GLOBAL	III	1209743	1219742	NA	0	0	0	5736743320
GLOBAL	III	1219743	1229742	0.051543774585381	287	11278852	218820839	5638533257
GLOBAL	III	1229743	1239742	NA	0	0	0	5748340510
GLOBAL	III	1239743	1249742	0.015984318844393	162	1979512	123840873	5428120553
GLOBAL	III	1249743	1259742	NA	0	0	0	6229237322
GLOBAL	III	1259743	1269742	0.0084141556914003	515	3300100	392208098	5859450458
GLOBAL	III	1269743	1279742	0.00697355960558	295	1569320	225038587	5636954385
GLOBAL	III	1279743	1289742	0.0066503804107932	264	1331596	200228546	5585996118
GLOBAL	III	1289743	1299742	0.0062302161424029	162	773620	124172257	6399633691
GLOBAL	III	1299743	1309742	NA	0	0	0	6801365362
GLOBAL	III	1309743	1319742	0.0048908083527709	233	871200	178130063	6821160675
GLOBAL	III	1319743	1329742	NA	0	0	0	7045679498
GLOBAL	III	1329743	1339742	0.00059373396370668	219	99908	168270650	7141824780
GLOBAL	III	1339743	1349742	0	71	0	54474353	6496391705
GLOBAL	III	1349743	1359742	NA	0	0	0	5325429648
GLOBAL	III	1359743	1369742	0.0033590235583693	258	657472	195733072	5238710162
GLOBAL	III	1369743	1379742	0.00095541621196402	316	231052	241833870	6792248438
GLOBAL	III	1379743	1389742	0	65	0	50026278	7259296006
GLOBAL	III	1389743	1399742	0.00057190795042038	234	102196	178693092	6672153614
GLOBAL	III	1399743	1409742	0	12	0	9060992	6689475952
GLOBAL	III	1409743	1419742	0.040320723004796	162	4939016	122493240	5265561234
GLOBAL	III	1419743	1429742	0.038780822395228	330	9383728	241968257	6040616139
GLOBAL	III	1429743	1439742	0.0018498316655492	704	994164	537434848	6458763306
GLOBAL	III	1439743	1449742	0.0028793490751211	212	465164	161551791	6376170785
GLOBAL	III	1449743	1459742	NA	0	0	0	6080020144
GLOBAL	III	1459743	1469742	NA	0	0	0	5886733644
GLOBAL	III	1469743	1479742	0.00024239984463758	212	39380	162458850	7201756800
GLOBAL	III	1479743	1489742	NA	0	0	0	7421428454
GLOBAL	III	1489743	1499742	0	76	0	58568231	7255392929
GLOBAL	III	1499743	1509742	0	34	0	26131017	6889659953
GLOBAL	III	1509743	1519742	NA	0	0	0	7216544764
GLOBAL	III	1519743	1529742	0.007108535906117	88	475992	66960624	6653224408
GLOBAL	III	1529743	1539742	0	11	0	8502121	6565558317
GLOBAL	III	1539743	1549742	NA	0	0	0	7226595662
GLOBAL	III	1549743	1559742	NA	0	0	0	6924295576
GLOBAL	III	1559743	1569742	NA	0	0	0	7293086218
GLOBAL	III	1569743	1579742	0.00060453308106324	109	50628	83747278	7236399050
GLOBAL	III	1579743	1589742	0.0010031152027108	298	229616	228902921	6877855111
GLOBAL	III	1589743	1599742	0.0007693351598369	176	102780	133595870	6997902834
GLOBAL	III	1599743	1609742	NA	0	0	0	7209586450
GLOBAL	III	1609743	1619742	NA	0	0	0	6522259656
GLOBAL	III	1619743	1629742	NA	0	0	0	6491333816
GLOBAL	III	1629743	1639742	NA	0	0	0	6525352240
GLOBAL	III	1639743	1649742	NA	0	0	0	5675664786
GLOBAL	III	1649743	1659742	NA	0	0	0	6815281990
GLOBAL	III	1659743	1669742	NA	0	0	0	6468139436
GLOBAL	III	1669743	1679742	NA	0	0	0	6962952876
GLOBAL	III	1679743	1689742	0.0021391432580362	244	401772	187819118	6387014466
GLOBAL	III	1689743	1699742	NA	0	0	0	6324334280
GLOBAL	III	1699743	1709742	NA	0	0	0	5521035586
GLOBAL	III	1709743	1719742	0.070240744202008	246	12398868	176519599	4774707385
GLOBAL	III	1719743	1729742	NA	0	0	0	4894014180
GLOBAL	III	1729743	1739742	0.052983718788668	211	8195428	154678233	5166885685
GLOBAL	III	1739743	1749742	0.070279196023079	13	647776	9217180	5595318174
GLOBAL	III	1749743	1759742	0.062606120068394	265	12601708	201285561	6159386581
GLOBAL	III	1759743	1769742	0.072336819126844	645	35043240	484445410	5348168014
GLOBAL	III	1769743	1779742	0.046736751776955	144	4848620	103743196	5441259916
GLOBAL	III	1779743	1789742	0.1223546723922	155	14414492	117809085	5473582787
GLOBAL	III	1789743	1799742	0.076133318723808	77	4321136	56757489	4910705561
GLOBAL	III	1799743	1809742	NA	0	0	0	4883963282
GLOBAL	III	1809743	1819742	0.082417521557262	181	10722052	130094327	4937104557
GLOBAL	III	1819743	1829742	0.075196688227128	276	15210100	202270876	5168001240
GLOBAL	III	1829743	1839742	0.079797246838977	164	9558896	119789797	4764173485
GLOBAL	III	1839743	1849742	NA	0	0	0	5040911920
GLOBAL	III	1849743	1859742	0.11221381367848	334	28074860	250190766	5140183146
GLOBAL	III	1859743	1869742	0.087238360906205	323	20702040	237304321	5013130165
GLOBAL	III	1869743	1879742	0.040840003465066	11	338500	8288442	5780255660
GLOBAL	III	1879743	1889742	NA	0	0	0	5794729270
GLOBAL	III	1889743	1899742	NA	0	0	0	5639326924
GLOBAL	III	1899743	1909742	NA	0	0	0	5735970174
GLOBAL	III	1909743	1919742	0.05296632078378	499	20036144	378280834	6145525114
GLOBAL	III	1919743	1929742	NA	0	0	0	5786224664
GLOBAL	III	1929743	1939742	NA	0	0	0	6021261048
GLOBAL	III	1939743	1949742	NA	0	0	0	5259712238
GLOBAL	III	1949743	1959742	0.004183690057335	343	1092544	261143628	6507749602
GLOBAL	III	1959743	1969742	0.00024980036290191	445	85196	341056350	6657461242
GLOBAL	III	1969743	1979742	2.8293462716655e-05	227	4920	173891759	6496038783
GLOBAL	III	1979743	1989742	0.00038200292229767	159	46420	121517395	6822106831
GLOBAL	III	1989743	1999742	0.00040151263847534	40	12300	30634154	7023549950
GLOBAL	III	1999743	2009742	NA	0	0	0	6291089002
GLOBAL	III	2009743	2019742	0.0037778957055897	333	962152	254679344	6344894912
GLOBAL	III	2019743	2029742	0.0081051611959613	56	345464	42622718	6064457536
GLOBAL	III	2029743	2039742	0.0047013672407102	20	70908	15082421	6825713387
GLOBAL	III	2039743	2049742	NA	0	0	0	7231234538
GLOBAL	III	2049743	2059742	NA	0	0	0	7340248124
GLOBAL	III	2059743	2069742	NA	0	0	0	7096707134
GLOBAL	III	2069743	2079742	NA	0	0	0	7050318374
GLOBAL	III	2079743	2089742	0.00023590129132443	41	7424	31470790	6717320644
GLOBAL	III	2089743	2099742	0.0008813295756505	264	177724	201654415	6458225229
GLOBAL	III	2099743	2109742	0	27	0	20693945	6931434887
GLOBAL	III	2109743	2119742	0.00019238919797691	549	80816	420065164	6447790754
GLOBAL	III	2119743	2129742	6.8543490652767e-05	376	19808	288984407	6661598133
GLOBAL	III	2129743	2139742	8.8734237697398e-05	366	24628	277547885	6673034655
GLOBAL	III	2139743	2149742	0.0002587434921673	25	4920	19014971	5880089009
GLOBAL	III	2149743	2159742	0.001235246235082	276	260176	210626831	5597245921
GLOBAL	III	2159743	2169742	0.012676815289384	459	4434876	349841494	5959803012
GLOBAL	III	2169743	2179742	0.012361976185894	264	2487976	201260378	6100652668
GLOBAL	III	2179743	2189742	0.013128464747684	228	2288396	174307967	6409030223
GLOBAL	III	2189743	2199742	0.021362345828796	406	6605648	309219224	6141911000
GLOBAL	III	2199743	2209742	0	14	0	10717429	6389385159
GLOBAL	III	2209743	2219742	NA	0	0	0	6025126778
GLOBAL	III	2219743	2229742	NA	0	0	0	6253977994
GLOBAL	III	2229743	2239742	NA	0	0	0	6186714292
GLOBAL	III	2239743	2249742	NA	0	0	0	6322014842
GLOBAL	III	2249743	2259742	NA	0	0	0	6553185496
GLOBAL	III	2259743	2269742	NA	0	0	0	5674891640
GLOBAL	III	2269743	2279742	NA	0	0	0	6115584860
GLOBAL	III	2279743	2289742	NA	0	0	0	6478963480
GLOBAL	III	2289743	2299742	NA	0	0	0	7300044532
GLOBAL	III	2299743	2309742	NA	0	0	0	6612717738
GLOBAL	III	2309743	2319742	0.0024358431102236	305	570992	234412470	6724674676
GLOBAL	III	2319743	2329742	0.0061446689121422	136	637812	103799246	5818499114
GLOBAL	III	2329743	2339742	0.0063931462094416	526	2571324	402200093	6348137633
GLOBAL	III	2339743	2349742	0.0042649674345683	331	1074880	252025371	6508363253
GLOBAL	III	2349743	2359742	0.0070421416116644	247	1336980	189854177	6734441399
GLOBAL	III	2359743	2369742	NA	0	0	0	6733328514
GLOBAL	III	2369743	2379742	0.0062031007233521	169	798068	128656302	6186400226
GLOBAL	III	2379743	2389742	NA	0	0	0	6254751140
GLOBAL	III	2389743	2399742	NA	0	0	0	5343212006
GLOBAL	III	2399743	2409742	NA	0	0	0	4801236660
GLOBAL	III	2409743	2419742	NA	0	0	0	4396881302
GLOBAL	III	2419743	2429742	NA	0	0	0	6255524286
GLOBAL	III	2429743	2439742	NA	0	0	0	6756522894
GLOBAL	III	2439743	2449742	NA	0	0	0	6338250908
GLOBAL	III	2449743	2459742	0.0041806661482615	153	488132	116759383	6733314177
GLOBAL	III	2459743	2469742	NA	0	0	0	6783583004
GLOBAL	III	2469743	2479742	0	85	0	64805629	7095299477
GLOBAL	III	2479743	2489742	0.0012578508707363	352	340120	270397714	6881202786
GLOBAL	III	2489743	2499742	0.00035060080509364	581	155676	444026362	6736953686
GLOBAL	III	2499743	2509742	NA	0	0	0	7320146328
GLOBAL	III	2509743	2519742	0.0014848202592467	527	596576	401783311	6554984397
GLOBAL	III	2519743	2529742	0.00025151591160348	229	43948	174732484	6920428358
GLOBAL	III	2529743	2539742	0.00010847567346356	119	9888	91154078	6698614094
GLOBAL	III	2539743	2549742	0.0019241226485235	247	364760	189572115	6311812599
GLOBAL	III	2549743	2559742	NA	0	0	0	4790412616
GLOBAL	III	2559743	2569742	0.0029003727634168	243	539376	185967820	6709721354
GLOBAL	III	2569743	2579742	8.3030693084221e-05	155	9856	118703092	6831106302
GLOBAL	III	2579743	2589742	4.8045561089604e-05	203	7412	154270235	6637817375
GLOBAL	III	2589743	2599742	NA	0	0	0	7006249052
GLOBAL	III	2599743	2609742	NA	0	0	0	6935892766
GLOBAL	III	2609743	2619742	0.00075822602703343	332	192128	253391460	6774505680
GLOBAL	III	2619743	2629742	0.0010200182478357	62	48420	47469739	6770131689
GLOBAL	III	2629743	2639742	NA	0	0	0	6727143346
GLOBAL	III	2639743	2649742	NA	0	0	0	7157785668
GLOBAL	III	2649743	2659742	0.00011927925078444	108	9888	82897905	7073341471
GLOBAL	III	2659743	2669742	0.0073956222583814	629	3539948	478654517	6066799519
GLOBAL	III	2669743	2679742	0.0079913008496124	103	629460	78768152	6458181278
GLOBAL	III	2679743	2689742	0.002466309683914	91	171768	69645755	6725534439
GLOBAL	III	2689743	2699742	NA	0	0	0	7058049834
GLOBAL	III	2699743	2709742	NA	0	0	0	6711680426
GLOBAL	III	2709743	2719742	NA	0	0	0	6824559742
GLOBAL	III	2719743	2729742	0.0027834142688367	199	419628	150760167	6185944449
GLOBAL	III	2729743	2739742	0.0014571246449868	793	886472	608370741	6642192447
GLOBAL	III	2739743	2749742	0.0014286602196164	367	403012	282090867	7165624551
GLOBAL	III	2749743	2759742	0.0014219515168872	407	442760	311374892	7055160196
GLOBAL	III	2759743	2769742	NA	0	0	0	6369949894
GLOBAL	III	2769743	2779742	0	12	0	9048031	7128635841
GLOBAL	III	2779743	2789742	0.0011744937749875	462	416404	354539129	6838038109
GLOBAL	III	2789743	2799742	0.00022775771202246	265	46056	202214887	6661775301
GLOBAL	III	2799743	2809742	0	9	0	6874100	7266883468
GLOBAL	III	2809743	2819742	0	73	0	51452187	6879801703
GLOBAL	III	2819743	2829742	0.0015354935090516	409	481428	313533074	6802502710
GLOBAL	III	2829743	2839742	0.00044877040873368	183	62924	140214236	6661151126
GLOBAL	III	2839743	2849742	3.2356297037688e-05	99	2464	76152101	6959476499
GLOBAL	III	2849743	2859742	0.00036036345517865	617	170780	473910430	6799073992
GLOBAL	III	2859743	2869742	0.00014267577412185	289	31564	221228868	7000727918
GLOBAL	III	2869743	2879742	0.00035947411949133	114	31356	87227420	7160243184
GLOBAL	III	2879743	2889742	NA	0	0	0	6389278544
GLOBAL	III	2889743	2899742	NA	0	0	0	6380773938
GLOBAL	III	2899743	2909742	NA	0	0	0	7150827354
GLOBAL	III	2909743	2919742	NA	0	0	0	7197216114
GLOBAL	III	2919743	2929742	0.00049501603784168	293	111424	225091697	6897902401
GLOBAL	III	2929743	2939742	0	7	0	5300745	7251447611
GLOBAL	III	2939743	2949742	0	47	0	35919865	6940949639
GLOBAL	III	2949743	2959742	0.00052615134749143	148	59784	113625101	6831545417
GLOBAL	III	2959743	2969742	0.00010749737866775	60	4960	46140660	6584359436
GLOBAL	III	2969743	2979742	NA	0	0	0	7253655772
GLOBAL	III	2979743	2989742	0	108	0	83031295	6938680677
GLOBAL	III	2989743	2999742	0.0014378490268623	724	794292	552416829	6784738711
GLOBAL	III	2999743	3009742	0	17	0	13049356	7382092134
GLOBAL	III	3009743	3019742	NA	0	0	0	5786997810
GLOBAL	III	3019743	3029742	9.9863571145856e-05	258	19768	197950061	7097455595
GLOBAL	III	3029743	3039742	0.00019188073594799	725	106816	556679124	6811402256
GLOBAL	III	3039743	3049742	0.0012669071694501	616	599988	473584817	6664872201
GLOBAL	III	3049743	3059742	0.00013287910908166	406	41316	310929237	6958189455
GLOBAL	III	3059743	3069742	0.00031032217325672	237	56220	181166558	6891573050
GLOBAL	III	3069743	3079742	0.00025168563153816	375	72272	287151871	7155924671
GLOBAL	III	3079743	3089742	0.00018791937484772	424	60888	324011295	6481219797
GLOBAL	III	3089743	3099742	0.00043127891450415	97	31148	72222404	7002836642
GLOBAL	III	3099743	3109742	NA	0	0	0	7153919938
GLOBAL	III	3109743	3119742	0	103	0	78440911	7312061703
GLOBAL	III	3119743	3129742	0.0019660746654129	168	252596	128477318	6981373298
GLOBAL	III	3129743	3139742	0.0013291005120028	134	136880	102986944	6789609646
GLOBAL	III	3139743	3149742	NA	0	0	0	7044133206
GLOBAL	III	3149743	3159742	3.7262954647302e-05	519	14844	398358105	6701441613
GLOBAL	III	3159743	3169742	NA	0	0	0	6939758496
GLOBAL	III	3169743	3179742	NA	0	0	0	6420977530
GLOBAL	III	3179743	3189742	0.00028303337073886	57	12352	43641497	7098681251
GLOBAL	III	3189743	3199742	0.00086816829271553	638	422696	486882559	6881971967
GLOBAL	III	3199743	3209742	0	35	0	26837008	7129402368
GLOBAL	III	3209743	3219742	0.00047841919771591	359	131924	275749804	7113979664
GLOBAL	III	3219743	3229742	0.00078635993612485	371	223420	284119256	6639403174
GLOBAL	III	3229743	3239742	NA	0	0	0	7145415332
GLOBAL	III	3239743	3249742	0.0019867926250906	137	208868	105128234	6691598252
GLOBAL	III	3249743	3259742	NA	0	0	0	7300044532
GLOBAL	III	3259743	3269742	0.00053877933244681	386	158668	294495335	6684693607
GLOBAL	III	3269743	3279742	0.00037607275178978	380	109772	291890331	6884450841
GLOBAL	III	3279743	3289742	0.00012058680719965	627	58132	482075953	6905334077
GLOBAL	III	3289743	3299742	0.0005037509121567	939	363484	721555021	6701419725
GLOBAL	III	3299743	3309742	NA	0	0	0	7261387232
GLOBAL	III	3309743	3319742	0.00062128878262056	477	227952	366901844	6754545962
GLOBAL	III	3319743	3329742	0.00019301817752878	1065	157964	818389242	6582164270
GLOBAL	III	3329743	3339742	0.0019226916131222	563	832848	433167750	6869196220
GLOBAL	III	3339743	3349742	0	103	0	78999742	6965133464
GLOBAL	III	3349743	3359742	0.00054087941719201	483	200844	371328606	6786457062
GLOBAL	III	3359743	3369742	NA	0	0	0	7358030482
GLOBAL	III	3369743	3379742	0.00015600792140955	658	78480	503051379	6657053727
GLOBAL	III	3379743	3389742	0.00096435951054751	95	70580	73188473	7165004379
GLOBAL	III	3389743	3399742	2.6300592397513e-05	123	2480	94294454	6986176614
GLOBAL	III	3399743	3409742	NA	0	0	0	7272984422
GLOBAL	III	3409743	3419742	0	206	0	157764342	7294589952
GLOBAL	III	3419743	3429742	0.0018689748360649	212	304540	162944944	7126275544
GLOBAL	III	3429743	3439742	3.6487187120301e-05	788	22040	604047660	6685945974
GLOBAL	III	3439743	3449742	NA	0	0	0	7290766780
GLOBAL	III	3449743	3459742	NA	0	0	0	7204174428
GLOBAL	III	3459743	3469742	0.001502919254666	364	418136	278215878	6701746210
GLOBAL	III	3469743	3479742	0.00052843153955332	216	87260	165130189	6648605509
GLOBAL	III	3479743	3489742	0.00053597532151697	158	64812	120923478	7128866564
GLOBAL	III	3489743	3499742	5.9281959500441e-05	218	9836	165918942	6596015974
GLOBAL	III	3499743	3509742	NA	0	0	0	6571741000
GLOBAL	III	3509743	3519742	NA	0	0	0	6547773474
GLOBAL	III	3519743	3529742	NA	0	0	0	6294954732
GLOBAL	III	3529743	3539742	0	267	0	192197570	6430571066
GLOBAL	III	3539743	3549742	4.2493083225922e-05	245	6904	162473501	3647589987
GLOBAL	III	3549743	3559742	NA	0	0	0	2733071110
GLOBAL	III	3559743	3569742	NA	0	0	0	2564525282
GLOBAL	III	3569743	3579742	NA	0	0	0	1480574590
GLOBAL	III	3579743	3589742	NA	0	0	0	2475613492
GLOBAL	III	3589743	3599742	NA	0	0	0	2256813174
GLOBAL	III	3599743	3609742	NA	0	0	0	2542877194
GLOBAL	III	3609743	3619742	4.6007701381994e-05	73	2456	53382367	6413210777
GLOBAL	III	3619743	3629742	0.00021453406948122	854	138216	644261307	6116127317
GLOBAL	III	3629743	3639742	0.00063031007351841	314	150676	239050598	6542986114
GLOBAL	III	3639743	3649742	2.5868652233882e-05	498	9836	380228545	6523192089
GLOBAL	III	3649743	3659742	0	258	0	196258200	7133165880
GLOBAL	III	3659743	3669742	0	76	0	58186629	6979761409
GLOBAL	III	3669743	3679742	3.0090472325924e-05	214	4920	163506905	7186792117
GLOBAL	III	3679743	3689742	0.00024946995842378	449	85856	344153663	6986043563
GLOBAL	III	3689743	3699742	0.00015955250921811	451	55364	346995483	7038868255
GLOBAL	III	3699743	3709742	0	18	0	13854615	7448550577
GLOBAL	III	3709743	3719742	0.0030602383304601	157	367864	120207631	6816458281
GLOBAL	III	3719743	3729742	0.00012328349372774	439	41564	337141646	7095883998
GLOBAL	III	3729743	3739742	0.0017828096541447	306	418712	234860743	6757471681
GLOBAL	III	3739743	3749742	0.00019443626596267	579	86028	442448324	6407625236
GLOBAL	III	3749743	3759742	2.8903126916253e-05	112	2480	85803865	7249032237
GLOBAL	III	3759743	3769742	2.545553760615e-05	380	7428	291802912	7104111724
GLOBAL	III	3769743	3779742	2.3303655838059e-05	690	12340	529530649	6768967591
GLOBAL	III	3779743	3789742	0.000219074202355	438	73744	336616540	6979664058
GLOBAL	III	3789743	3799742	6.7104202807519e-05	659	33996	506615064	6716888014
GLOBAL	III	3799743	3809742	0	43	0	33014973	7117039235
GLOBAL	III	3809743	3819742	0	44	0	33731160	7318114154
GLOBAL	III	3819743	3829742	0.0010028783762131	32	24360	24290084	7232458272
GLOBAL	III	3829743	3839742	0.00046823456762406	236	84780	181063095	6817454497
GLOBAL	III	3839743	3849742	1.7047407510176e-05	379	4960	290953331	7162947255
GLOBAL	III	3849743	3859742	0.00040964577773309	778	245016	598116747	6997269557
GLOBAL	III	3859743	3869742	NA	0	0	0	7453127440
GLOBAL	III	3869743	3879742	0.00093766316563607	139	100120	106776083	7276768217
GLOBAL	III	3879743	3889742	5.6039404518312e-05	401	17288	308497211	6887945757
GLOBAL	III	3889743	3899742	0.00083384907694287	564	360144	431905497	6985657227
GLOBAL	III	3899743	3909742	0	24	0	18256007	7312714365
GLOBAL	III	3909743	3919742	0.00022109534227018	431	73320	331621640	7131556698
GLOBAL	III	3919743	3929742	0	62	0	47536907	7223901223
GLOBAL	III	3929743	3939742	2.9216890609617e-05	661	14880	509294442	7085318716
GLOBAL	III	3939743	3949742	4.5732201616127e-05	281	9888	216215263	6930746361
GLOBAL	III	3949743	3959742	0.00012795512328798	846	83248	650603101	6697376483
GLOBAL	III	3959743	3969742	2.8754920931377e-05	448	9896	344149790	6914918004
GLOBAL	III	3969743	3979742	0.00025396570977415	38	7428	29248043	7080602573
GLOBAL	III	3979743	3989742	0.00011356616943516	226	19720	173643261	7165831717
GLOBAL	III	3989743	3999742	0	87	0	66491778	7071192094
GLOBAL	III	3999743	4009742	NA	0	0	0	7260614086
GLOBAL	III	4009743	4019742	0.00094862244294194	735	533824	562736001	6688600333
GLOBAL	III	4019743	4029742	0.00029156891805841	678	152052	521495916	6614641664
GLOBAL	III	4029743	4039742	3.3801985827141e-05	191	4960	146736941	7302524769
GLOBAL	III	4039743	4049742	0.00050500944871093	600	233192	461757697	6696027971
GLOBAL	III	4049743	4059742	0.00063971110336993	508	249620	390207390	7109308810
GLOBAL	III	4059743	4069742	0.00010788362339964	499	41404	383783921	7027593635
GLOBAL	III	4069743	4079742	0	37	0	28430547	7345062855
GLOBAL	III	4079743	4089742	0.0012476336473018	478	459564	368348514	6926283996
GLOBAL	III	4089743	4099742	0.00027920364298954	314	67316	241100006	7365110342
GLOBAL	III	4099743	4109742	NA	0	0	0	7545904960
GLOBAL	III	4109743	4119742	5.0864759555059e-05	254	9888	194397852	7273419362
GLOBAL	III	4119743	4129742	0.00037639365134491	169	48892	129895921	7218083663
GLOBAL	III	4129743	4139742	5.7456150539137e-05	280	12340	214772481	7277785405
GLOBAL	III	4139743	4149742	0.00077833727812839	559	334904	430281331	5756432961
GLOBAL	III	4149743	4159742	3.4633474796794e-05	372	9860	284695661	6995247075
GLOBAL	III	4159743	4169742	0.00013716100238991	955	100564	733182160	6775611792
GLOBAL	III	4169743	4179742	9.7258459870543e-05	987	73856	759378671	6846058531
GLOBAL	III	4179743	4189742	0	576	0	442608868	6878310606
GLOBAL	III	4189743	4199742	0	125	0	96096245	7299045245
GLOBAL	III	4199743	4209742	NA	0	0	0	7538173500
GLOBAL	III	4209743	4219742	NA	0	0	0	6856258728
GLOBAL	III	4219743	4229742	0.00036270025203827	273	75736	208811545	7253593647
GLOBAL	III	4229743	4239742	0.00014858842278657	427	48744	328047092	7054724062
GLOBAL	III	4239743	4249742	8.3694126869649e-05	795	51172	611416857	6902789117
GLOBAL	III	4249743	4259742	0.00082369212521214	513	324896	394438638	7211771710
GLOBAL	III	4259743	4269742	0.00014897971901129	751	86052	577608822	6809801208
GLOBAL	III	4269743	4279742	9.8950425952981e-05	950	72268	730345517	6703453273
GLOBAL	III	4279743	4289742	0.00045364474611477	285	99124	218505782	7359098164
GLOBAL	III	4289743	4299742	0	67	0	50595438	7248675948
GLOBAL	III	4299743	4309742	NA	0	0	0	7528122602
GLOBAL	III	4309743	4319742	0.00022329711017076	769	131432	588596959	7007562491
GLOBAL	III	4319743	4329742	0.00089903389364139	245	169640	188691440	7261343416
GLOBAL	III	4329743	4339742	0.0019731998292392	45	68440	34684779	7402979741
GLOBAL	III	4339743	4349742	0.00032142051168998	234	57904	180150295	7235092991
GLOBAL	III	4349743	4359742	0	98	0	75218374	7065558082
GLOBAL	III	4359743	4369742	1.2418961278079e-05	260	2484	200016728	4613590268
GLOBAL	III	4369743	4379742	NA	0	0	0	1264866856
GLOBAL	III	4379743	4389742	NA	0	0	0	1642935250
GLOBAL	III	4389743	4399742	NA	0	0	0	4314154680
GLOBAL	III	4399743	4409742	NA	0	0	0	7521937434
GLOBAL	III	4409743	4419742	0.00012787389924147	692	68164	533056397	6716733645
GLOBAL	III	4419743	4429742	0.00030377379256075	837	195352	643083784	6823960284
GLOBAL	III	4429743	4439742	0.0001367490791696	347	36324	265625189	7345997181
GLOBAL	III	4439743	4449742	5.9206846141243e-05	376	17136	289425989	7195400437
GLOBAL	III	4449743	4459742	0.00054183024391009	570	237780	438845935	7055258243
GLOBAL	III	4459743	4469742	2.5144205264222e-05	512	9912	394206136	6915889294
GLOBAL	III	4469743	4479742	NA	0	0	0	7596932596
GLOBAL	III	4479743	4489742	0.00039573722205277	196	59700	150857682	7180112690
GLOBAL	III	4489743	4499742	2.3281587394534e-05	278	4964	213215702	7053583552
GLOBAL	III	4499743	4509742	NA	0	0	0	7397460928
GLOBAL	III	4509743	4519742	0.00071736147776599	464	255984	356841018	7189063942
GLOBAL	III	4519743	4529742	0.0026199896841868	566	1139132	434784918	6875310512
GLOBAL	III	4529743	4539742	0.0026646627057354	424	868892	326079544	7140964524
GLOBAL	III	4539743	4549742	0.0014087744374718	556	602808	427895328	7058477390
GLOBAL	III	4549743	4559742	0.0012008911208824	371	342452	285164903	7088328499
GLOBAL	III	4559743	4569742	0.00027371644150227	642	135556	495242446	6797070626
GLOBAL	III	4569743	4579742	0.0014384281329519	68	75456	52457261	7368971193
GLOBAL	III	4579743	4589742	0.0016547816633492	527	671672	405897657	6985378103
GLOBAL	III	4589743	4599742	0.0010203464993399	260	204084	200014407	7007252605
GLOBAL	III	4599743	4609742	0	42	0	32429915	7406780897
GLOBAL	III	4609743	4619742	0.00068381472616274	683	359968	526411594	6764355186
GLOBAL	III	4619743	4629742	0.00074288850020109	725	414852	558431043	5982384117
GLOBAL	III	4629743	4639742	0.00094815633209899	619	451696	476394013	5453635807
GLOBAL	III	4639743	4649742	0.00071153152384413	767	420564	591068682	6912313248
GLOBAL	III	4649743	4659742	0.0028185618531161	720	1555900	552019108	6573294428
GLOBAL	III	4659743	4669742	0.0015822510022327	499	607332	383840490	6991199204
GLOBAL	III	4669743	4679742	0.00043201672377955	204	67920	157216136	6817333930
GLOBAL	III	4679743	4689742	0.001524644627331	408	479196	314300127	7055327545
GLOBAL	III	4689743	4699742	0.0017341317932356	821	1092812	630178170	6740995794
GLOBAL	III	4699743	4709742	0	25	0	19182663	7430852193
GLOBAL	III	4709743	4719742	0.001543880429333	133	157924	102290305	6491871929
GLOBAL	III	4719743	4729742	0.0019468033796692	733	1098520	564268591	6790669307
GLOBAL	III	4729743	4739742	0.0022277270093603	341	582120	261306703	6798289423
GLOBAL	III	4739743	4749742	0.0016646386251174	948	1212428	728343066	6747978754
GLOBAL	III	4749743	4759742	0.0030727810424901	248	572932	186453897	7095808277
GLOBAL	III	4759743	4769742	0.0024479820764912	528	992552	405457217	6983499105
GLOBAL	III	4769743	4779742	0.00072006986580554	250	138500	192342447	6874985139
GLOBAL	III	4779743	4789742	0.0011142566955426	74	63024	56561473	7188589693
GLOBAL	III	4789743	4799742	0.0003208468163059	421	103472	322496577	6890182457
GLOBAL	III	4799743	4809742	0	34	0	26066527	7335056539
GLOBAL	III	4809743	4819742	4.259156141741e-05	602	19736	463378175	7005212185
GLOBAL	III	4819743	4829742	0.00017361891683819	542	72292	416383199	7099369067
GLOBAL	III	4829743	4839742	4.3833941534532e-05	658	22224	507004372	6544087148
GLOBAL	III	4839743	4849742	1.534130589003e-05	417	4916	320442082	6674982926
GLOBAL	III	4849743	4859742	0.00016157571848973	503	62368	385998593	6903221895
GLOBAL	III	4859743	4869742	0.00032283554920161	591	146292	453147122	6734018094
GLOBAL	III	4869743	4879742	0.00050065806100004	322	123540	246755240	6734753140
GLOBAL	III	4879743	4889742	0.00055823575598155	880	377816	676803655	6835856027
GLOBAL	III	4889743	4899742	0.00097095273170644	617	460940	474729598	6747227188
GLOBAL	III	4899743	4909742	NA	0	0	0	7112170054
GLOBAL	III	4909743	4919742	3.6833619496263e-05	262	7368	200034645	6553395665
GLOBAL	III	4919743	4929742	0	166	0	126605218	7062106290
GLOBAL	III	4929743	4939742	0.00021512494903312	609	100488	467114579	6831383661
GLOBAL	III	4939743	4949742	0.00010045288288474	136	9868	98235110	6315010960
GLOBAL	III	4949743	4959742	0	222	0	152428739	7406619703
GLOBAL	III	4959743	4969742	0.00022364036788138	377	64928	290323257	7146568117
GLOBAL	III	4969743	4979742	0.00085010487249046	505	329804	387956840	6938374656
GLOBAL	III	4979743	4989742	8.0326895464029e-05	363	22124	275424562	4862903754
GLOBAL	III	4989743	4999742	3.3681659657339e-05	192	4916	145954803	7177284109
GLOBAL	III	4999743	5009742	0.00020177391818263	16	2480	12290984	7360429272
GLOBAL	III	5009743	5019742	0.00026853642312344	492	101436	377736468	7024363336
GLOBAL	III	5019743	5029742	0.00029523195053307	413	93872	317960166	7136713566
GLOBAL	III	5029743	5039742	9.5238659896709e-05	775	56736	595724468	7035999698
GLOBAL	III	5039743	5049742	NA	0	0	0	7306229700
GLOBAL	III	5049743	5059742	1.2359125898827e-05	523	4960	401322880	6861610644
GLOBAL	III	5059743	5069742	4.1889733602571e-05	916	29512	704516297	6848346977
GLOBAL	III	5069743	5079742	7.209086833267e-05	455	24696	342567659	6730171949
GLOBAL	III	5079743	5089742	0.00047373832464958	87	31668	66847030	7407928498
GLOBAL	III	5089743	5099742	7.2507946430556e-05	89	4956	68351129	6868314783
GLOBAL	III	5099743	5109742	0	13	0	9956672	7277717524
GLOBAL	III	5109743	5119742	0.00030330503126643	975	226752	747603820	6587232282
GLOBAL	III	5119743	5129742	NA	0	0	0	6754976602
GLOBAL	III	5129743	5139742	7.3817791288896e-05	175	9808	132867698	6775191812
GLOBAL	III	5139743	5149742	0	326	0	250031155	7173716737
GLOBAL	III	5149743	5159742	0.00011932997223252	780	71408	598407916	6870182444
GLOBAL	III	5159743	5169742	7.8103396800863e-06	410	2460	314967095	7136614053
GLOBAL	III	5169743	5179742	2.952266627015e-05	434	9836	333167740	7114547678
GLOBAL	III	5179743	5189742	2.6986130021579e-05	597	12368	458309509	6832457271
GLOBAL	III	5189743	5199742	0.00016759683442047	961	123848	738963838	6708751580
GLOBAL	III	5199743	5209742	NA	0	0	0	7441530250
GLOBAL	III	5209743	5219742	0.00063008319025136	205	98484	156303170	5312158488
GLOBAL	III	5219743	5229742	0.00046035755272072	641	220772	479566369	6978973093
GLOBAL	III	5229743	5239742	3.7910350243074e-05	258	7424	195830425	7100348377
GLOBAL	III	5239743	5249742	0	9	0	6933528	6976894290
GLOBAL	III	5249743	5259742	0.0025896953472023	216	428916	165624115	7243434003
GLOBAL	III	5259743	5269742	2.0507977511946e-05	472	7412	361420330	7048410934
GLOBAL	III	5269743	5279742	0.0002889355021854	360	79828	276283113	7218594211
GLOBAL	III	5279743	5289742	1.0427587565951e-05	309	2476	237447059	7241967345
GLOBAL	III	5289743	5299742	0.00034675481612445	206	54740	157863705	6969769269
GLOBAL	III	5299743	5309742	NA	0	0	0	7353391606
GLOBAL	III	5309743	5319742	NA	0	0	0	3275046456
GLOBAL	III	5319743	5329742	NA	0	0	0	3374009144
GLOBAL	III	5329743	5339742	NA	0	0	0	4843759690
GLOBAL	III	5339743	5349742	NA	0	0	0	6014302734
GLOBAL	III	5349743	5359742	0.00016452755801351	551	69320	421327593	6765837623
GLOBAL	III	5359743	5369742	0.00067648343949088	106	55016	81326455	7090375841
GLOBAL	III	5369743	5379742	0.00032988115576648	438	110924	336254430	6899618984
GLOBAL	III	5379743	5389742	0	313	0	240397953	6755800201
GLOBAL	III	5389743	5399742	0.00046549755401959	623	221184	475156095	6763036757
GLOBAL	III	5399743	5409742	0	20	0	15314220	7194272230
GLOBAL	III	5409743	5419742	0.0011893027737207	311	283880	238694474	7189692294
GLOBAL	III	5419743	5429742	0.0033612825638709	436	1124484	334540158	6827111240
GLOBAL	III	5429743	5439742	0.00010305649751466	531	42056	408086836	6874948484
GLOBAL	III	5439743	5449742	0.00046522575885497	684	245160	526969961	6937754669
GLOBAL	III	5449743	5459742	0.00025234503641135	651	126256	500330824	7014648296
GLOBAL	III	5459743	5469742	1.8957768244908e-05	849	12396	653874435	6791521545
GLOBAL	III	5469743	5479742	1.6695982292133e-05	576	7400	443220403	7159897361
GLOBAL	III	5479743	5489742	6.0441989867033e-05	631	29308	484894691	7047093641
GLOBAL	III	5489743	5499742	0.00017727059083924	546	74392	419652237	7043526101
GLOBAL	III	5499743	5509742	NA	0	0	0	7103665448
GLOBAL	III	5509743	5519742	0.00068222454944157	193	101056	148127182	7212995884
GLOBAL	III	5519743	5529742	0.00031268664496708	693	165980	530818961	6764586695
GLOBAL	III	5529743	5539742	0.00012081925604184	722	67192	556136515	7055485855
GLOBAL	III	5539743	5549742	1.4892233594704e-05	417	4744	318555304	7157766516
GLOBAL	III	5549743	5559742	0.0001058619868789	545	44400	419414006	6886042548
GLOBAL	III	5559743	5569742	0.001238409791108	446	425252	343385528	7153811234
GLOBAL	III	5569743	5579742	0.00014224583232695	974	105888	744401423	6802276683
GLOBAL	III	5579743	5589742	1.8333460496557e-05	523	7348	400797220	6958779554
GLOBAL	III	5589743	5599742	0.00018956308593	779	113568	599103984	6951439852
GLOBAL	III	5599743	5609742	NA	0	0	0	7467817214
GLOBAL	III	5609743	5619742	3.0440860899424e-05	529	12376	406558804	7030332570
GLOBAL	III	5619743	5629742	0.00023125605628161	775	137936	596464379	6688117233
GLOBAL	III	5629743	5639742	NA	0	0	0	7168609712
GLOBAL	III	5639743	5649742	1.6744106804841e-05	384	4940	295029174	7123306696
GLOBAL	III	5649743	5659742	0.00075424848942914	467	270948	359229092	7094671494
GLOBAL	III	5659743	5669742	0.00067751908271456	272	141836	209346133	7126263115
GLOBAL	III	5669743	5679742	0.0021193276746482	207	337168	159091963	7108480437
GLOBAL	III	5679743	5689742	9.0775866013985e-05	386	26920	296554593	7029776903
GLOBAL	III	5689743	5699742	0.00014150747349554	528	57312	405010411	6858696259
GLOBAL	III	5699743	5709742	0	13	0	9927044	7429283768
GLOBAL	III	5709743	5719742	0	67	0	51172216	7077233904
GLOBAL	III	5719743	5729742	0	271	0	208075470	6789668976
GLOBAL	III	5729743	5739742	0.00018871600209745	849	123352	653638264	6789438278
GLOBAL	III	5739743	5749742	0.00039119110904764	379	114108	291693746	7277405594
GLOBAL	III	5749743	5759742	0.00026938841360972	521	107876	400447809	7105253559
GLOBAL	III	5759743	5769742	0.0008177381041546	512	321828	393558767	6926587561
GLOBAL	III	5769743	5779742	3.7965952059628e-05	506	14664	386240808	6950914732
GLOBAL	III	5779743	5789742	3.0191979519657e-05	533	12384	410175159	6841934321
GLOBAL	III	5789743	5799742	0.00072968098744182	711	398376	545959134	6925723810
GLOBAL	III	5799743	5809742	0	22	0	16821004	7522898788
GLOBAL	III	5809743	5819742	0	246	0	189011279	7022894609
GLOBAL	III	5819743	5829742	0.0001433142874398	273	28932	201877988	7097393398
GLOBAL	III	5829743	5839742	0.00078619489387011	437	263096	334644758	6906640678
GLOBAL	III	5839743	5849742	0.00043321112211267	132	43924	101391672	7279060044
GLOBAL	III	5849743	5859742	0.00010280659802913	94	7444	72407804	7407006600
GLOBAL	III	5859743	5869742	4.9419395764106e-05	839	31900	645495549	6550947419
GLOBAL	III	5869743	5879742	0.00016659036669236	1152	147720	886725943	6570267227
GLOBAL	III	5879743	5889742	0.00034992102845107	282	75740	216448838	6964531210
GLOBAL	III	5889743	5899742	9.0978146284919e-05	489	34280	376793784	7053139276
GLOBAL	III	5899743	5909742	0.00057376852141293	28	12340	21506931	7317968047
GLOBAL	III	5909743	5919742	2.7661995025606e-05	810	17264	624105383	6942674519
GLOBAL	III	5919743	5929742	0.00020473401867032	728	114792	560688452	6935735164
GLOBAL	III	5929743	5939742	0.00012613666574805	719	69712	552670388	6690161340
GLOBAL	III	5939743	5949742	0.00037719603888805	463	134104	355528654	6901219702
GLOBAL	III	5949743	5959742	0.00010710621514905	689	56736	529717159	6795841191
GLOBAL	III	5959743	5969742	0.00012266197803486	466	43928	358122384	6734719020
GLOBAL	III	5969743	5979742	0	136	0	103765907	7251945137
GLOBAL	III	5979743	5989742	0.00062832310368221	562	271616	432287144	6861572220
GLOBAL	III	5989743	5999742	0.0006908700386227	887	471640	682675429	6722516959
GLOBAL	III	5999743	6009742	0	29	0	22403847	7542056617
GLOBAL	III	6009743	6019742	1.924378667661e-05	503	7436	386410436	6550255476
GLOBAL	III	6019743	6029742	0.0010372869666273	227	180912	174408824	7195991994
GLOBAL	III	6029743	6039742	0.0012255984495022	496	467972	381831423	6655343469
GLOBAL	III	6039743	6049742	0.00026900878800487	811	167696	623384839	6745469687
GLOBAL	III	6049743	6059742	0.00013769881298136	732	77388	562009202	6698604884
GLOBAL	III	6059743	6069742	0	4	0	3065289	7531242481
GLOBAL	III	6069743	6079742	5.3179735547173e-05	544	22212	417677895	7001431121
GLOBAL	III	6079743	6089742	0.00044172136947262	568	193180	437334513	7022751241
GLOBAL	III	6089743	6099742	1.0848298369502e-05	298	2484	228976003	7147609983
GLOBAL	III	6099743	6109742	NA	0	0	0	7538173500
GLOBAL	III	6109743	6119742	0.00025266893627574	506	98440	389600722	7239804006
GLOBAL	III	6119743	6129742	7.6279302153415e-05	631	36996	485007059	6820449495
GLOBAL	III	6129743	6139742	0.00018117011368427	571	79604	439388144	6957299638
GLOBAL	III	6139743	6149742	0.00017389124008087	704	94404	542891062	6901731772
GLOBAL	III	6149743	6159742	0.00017585715909756	596	80232	456233914	7095856214
GLOBAL	III	6159743	6169742	2.5607534926477e-05	879	17340	677144444	6811547712
GLOBAL	III	6169743	6179742	8.6951742503611e-05	877	58756	675731139	6843886857
GLOBAL	III	6179743	6189742	3.3603991756423e-05	946	24464	728008749	6682595661
GLOBAL	III	6189743	6199742	0.00028854789964299	493	109304	378807124	6917371678
GLOBAL	III	6199743	6209742	0	21	0	16131920	7379782716
GLOBAL	III	6209743	6219742	9.524989278218e-05	168	12352	129679936	7072948200
GLOBAL	III	6219743	6229742	0.00041588506024243	767	245100	589345527	6790333043
GLOBAL	III	6229743	6239742	4.4960954340526e-05	572	19784	440026247	6853059971
GLOBAL	III	6239743	6249742	0.00021469710706574	426	70352	327680242	6830105426
GLOBAL	III	6249743	6259742	5.2125275880058e-05	492	19708	378089126	7238172120
GLOBAL	III	6259743	6269742	3.7691134558691e-05	340	9840	261069350	7236900558
GLOBAL	III	6269743	6279742	4.5044378219583e-05	644	22316	495422534	6885802328
GLOBAL	III	6279743	6289742	0	213	0	163943941	7269081703
GLOBAL	III	6289743	6299742	0.00015765557897149	81	9776	62008589	7248859987
GLOBAL	III	6299743	6309742	NA	0	0	0	7376585986
GLOBAL	III	6309743	6319742	5.9169269542709e-05	376	17108	289136576	7069667052
GLOBAL	III	6319743	6329742	6.0604918120464e-05	474	22032	363534853	6904037547
GLOBAL	III	6329743	6339742	2.3377570491633e-05	138	2484	106255695	7280381189
GLOBAL	III	6339743	6349742	3.9874766863993e-05	563	17300	433858336	7006125622
GLOBAL	III	6349743	6359742	0.00029494971942886	818	185808	629965000	6746620986
GLOBAL	III	6359743	6369742	0.00029897114452186	755	173820	581393901	6957552745
GLOBAL	III	6369743	6379742	2.1486614156277e-05	750	12408	577475814	6572578394
GLOBAL	III	6379743	6389742	0	149	0	113939352	7188424618
GLOBAL	III	6389743	6399742	0.0002681973375753	190	39084	145728516	7288070274
GLOBAL	III	6399743	6409742	NA	0	0	0	7323238912
GLOBAL	III	6409743	6419742	0.0014569788990156	433	485648	333325349	7158459391
GLOBAL	III	6419743	6429742	3.8894633429427e-05	83	2468	63453484	7371118452
GLOBAL	III	6429743	6439742	1.7443905906773e-05	554	7428	425822063	7017254479
GLOBAL	III	6439743	6449742	1.0408413557866e-05	621	4952	475768951	6917053101
GLOBAL	III	6449743	6459742	0.00023913082129871	1205	221596	926672684	6504806668
GLOBAL	III	6459743	6469742	8.3038199226391e-05	78	4968	59827887	7123471599
GLOBAL	III	6469743	6479742	2.1526467525877e-05	299	4956	230228206	7114658794
GLOBAL	III	6479743	6489742	0.0013982019733544	318	339640	242911973	6879308979
GLOBAL	III	6489743	6499742	0.00059922060083037	861	394648	658602190	6767465140
GLOBAL	III	6499743	6509742	NA	0	0	0	5666387034
GLOBAL	III	6509743	6519742	8.8251635916944e-05	877	34464	390519673	3912810963
GLOBAL	III	6519743	6529742	0.00072506606304592	1370	662284	913411941	6235095975
GLOBAL	III	6529743	6539742	0.00057952612814453	787	350700	605149592	6353937554
GLOBAL	III	6539743	6549742	2.5697962514153e-05	250	4940	192233139	7131778919
GLOBAL	III	6549743	6559742	0.00019279945008831	627	93004	482387268	6911207930
GLOBAL	III	6559743	6569742	0.00024523424628347	756	142440	580832417	6752457393
GLOBAL	III	6569743	6579742	7.196799130122e-05	847	46816	650511417	6631750757
GLOBAL	III	6579743	6589742	0	6	0	4574458	7021003244
GLOBAL	III	6589743	6599742	7.8707132521278e-05	82	4960	63018431	7392428447
GLOBAL	III	6599743	6609742	NA	0	0	0	7384317446
GLOBAL	III	6609743	6619742	1.1083227260592e-05	291	2480	223761540	7142773548
GLOBAL	III	6619743	6629742	0.00015009133037282	271	31252	208219888	7222486318
GLOBAL	III	6629743	6639742	0	210	0	161303309	7251620539
GLOBAL	III	6639743	6649742	9.5040318674321e-06	340	2484	261362760	7211866476
GLOBAL	III	6649743	6659742	0.00014794013128636	322	36608	247451450	7214953742
GLOBAL	III	6659743	6669742	0.00017456131107482	929	124944	715759977	6858751385
GLOBAL	III	6669743	6679742	0.00017819295884225	607	83100	466348393	6905598717
GLOBAL	III	6679743	6689742	1.1942404671561e-05	270	2480	207663370	7337468444
GLOBAL	III	6689743	6699742	2.3937728385618e-05	671	12340	515504220	7067511748
GLOBAL	III	6699743	6709742	0	29	0	22230457	7312605645
GLOBAL	III	6709743	6719742	6.3265501406267e-05	102	4960	78399758	7330658360
GLOBAL	III	6719743	6729742	0.00030656302046356	519	122264	398821749	6959981879
GLOBAL	III	6729743	6739742	0.00041080512271648	353	110936	270045318	7135147070
GLOBAL	III	6739743	6749742	0.00038852411248909	228	67976	174959540	7186936672
GLOBAL	III	6749743	6759742	0.00012265309788347	599	56384	459703024	6847299822
GLOBAL	III	6759743	6769742	8.0437981928854e-05	559	34600	430145053	7117306199
GLOBAL	III	6769743	6779742	3.5731023997551e-05	542	14820	414765611	7072380253
GLOBAL	III	6779743	6789742	0.00016426551614726	581	73516	447543719	7068981693
GLOBAL	III	6789743	6799742	3.8919180687378e-05	331	9896	254270512	7233648498
GLOBAL	III	6799743	6809742	0	42	0	32375321	7413020659
GLOBAL	III	6809743	6819742	0	286	0	220021805	7293411023
GLOBAL	III	6819743	6829742	0	93	0	71684274	7417781028
GLOBAL	III	6829743	6839742	0.00029107873234911	251	56148	192896264	7175958262
GLOBAL	III	6839743	6849742	0.00037455449706778	508	145768	389177012	6819636292
GLOBAL	III	6849743	6859742	5.7227731764549e-05	282	12364	216049101	7028328919
GLOBAL	III	6859743	6869742	0.00015489152940508	656	77888	502855129	6940994559
GLOBAL	III	6869743	6879742	0.00066384233855161	679	345408	520316316	6799830012
GLOBAL	III	6879743	6889742	0.00029498635377981	662	149808	507847221	6537059131
GLOBAL	III	6889743	6899742	0	368	0	280509678	7066696760
GLOBAL	III	6899743	6909742	0	41	0	31098523	7210186913
GLOBAL	III	6909743	6919742	4.3837015972676e-05	227	7284	166160945	4032021835
GLOBAL	III	6919743	6929742	NA	0	0	0	1900392868
GLOBAL	III	6929743	6939742	NA	0	0	0	3100315460
GLOBAL	III	6939743	6949742	0.0001381513123927	216	21604	156379260	6634162058
GLOBAL	III	6949743	6959742	NA	0	0	0	7052637812
GLOBAL	III	6959743	6969742	0	104	0	78294107	6992126063
GLOBAL	III	6969743	6979742	1.1063761420205e-05	590	4928	445418137	6879367067
GLOBAL	III	6979743	6989742	0.0004454915957016	458	156340	350938158	6781333692
GLOBAL	III	6989743	6999742	0.00049307087208172	961	362676	735545376	6809586438
GLOBAL	III	6999743	7009742	0	23	0	17678224	7104542728
GLOBAL	III	7009743	7019742	0.00042934473002436	640	211116	491716761	6806781479
GLOBAL	III	7019743	7029742	0	136	0	104782969	7220775381
GLOBAL	III	7029743	7039742	2.338709183525e-05	413	7416	317097998	6870840364
GLOBAL	III	7039743	7049742	8.2427189788548e-06	393	2484	301356871	7232177753
GLOBAL	III	7049743	7059742	7.3131625417236e-06	442	2484	339661533	6652670891
GLOBAL	III	7059743	7069742	0.00095401095641647	710	520280	545360613	6861378067
GLOBAL	III	7069743	7079742	0	316	0	242606574	7205108844
GLOBAL	III	7079743	7089742	2.2257372243705e-05	289	4956	222667795	7325556603
GLOBAL	III	7089743	7099742	0.00020344973038477	453	70672	347368364	6783357194
GLOBAL	III	7099743	7109742	NA	0	0	0	6608078862
GLOBAL	III	7109743	7119742	0.0017247871749193	274	362192	209992285	7194426957
GLOBAL	III	7119743	7129742	0.00049642844870373	504	192140	387044700	6760690070
GLOBAL	III	7129743	7139742	NA	0	0	0	6424843260
GLOBAL	III	7139743	7149742	8.7471566544836e-05	615	41244	471513220	6064663064
GLOBAL	III	7149743	7159742	0.00010157999683266	721	56288	554124845	6792308447
GLOBAL	III	7159743	7169742	0.00018337018353948	654	92100	502262681	6963235095
GLOBAL	III	7169743	7179742	0.00026679584096232	155	31828	119297212	7329964498
GLOBAL	III	7179743	7189742	0.00010911711745536	553	46268	424021465	6732991057
GLOBAL	III	7189743	7199742	0.00025160560524879	500	96400	383139318	6880567352
GLOBAL	III	7199743	7209742	NA	0	0	0	7260614086
GLOBAL	III	7209743	7219742	8.7363369458615e-05	74	4960	56774367	7446607563
GLOBAL	III	7219743	7229742	0.00069168872837293	705	375308	542596669	6478342157
GLOBAL	III	7229743	7239742	0.00058522407195132	477	213956	365596718	7007896684
GLOBAL	III	7239743	7249742	0.00033006583041952	653	165912	502663362	6787330272
GLOBAL	III	7249743	7259742	0.0017691257078867	273	371872	210201004	7048093644
GLOBAL	III	7259743	7269742	6.7304433295454e-05	850	43948	652973331	6810205007
GLOBAL	III	7269743	7279742	0.00052219474412195	300	120452	230664903	6452409121
GLOBAL	III	7279743	7289742	0.000109088616831	206	17212	157779982	7173963536
GLOBAL	III	7289743	7299742	0.00044778997813665	525	180752	403653518	7041742462
GLOBAL	III	7299743	7309742	0	32	0	24705898	7356518964
GLOBAL	III	7309743	7319742	3.4301566806906e-05	376	9896	288499941	6958970663
GLOBAL	III	7319743	7329742	1.2632000232082e-05	511	4960	392653571	7056608139
GLOBAL	III	7329743	7339742	1.8607742510034e-05	520	7416	398543778	7068500290
GLOBAL	III	7339743	7349742	0.00020438551816434	729	114720	561292214	6978427578
GLOBAL	III	7349743	7359742	7.0286976540634e-05	813	44060	626858661	6980124833
GLOBAL	III	7359743	7369742	0	118	0	90812251	7316699575
GLOBAL	III	7369743	7379742	NA	0	0	0	5807872752
GLOBAL	III	7379743	7389742	NA	0	0	0	7510340244
GLOBAL	III	7389743	7399742	0	140	0	107704576	7005238624
GLOBAL	III	7399743	7409742	NA	0	0	0	7221956786
GLOBAL	III	7409743	7419742	0.00086006126543923	449	297064	345398650	6817025894
GLOBAL	III	7419743	7429742	1.6833777773349e-05	192	2480	147322843	7292661115
GLOBAL	III	7429743	7439742	0	42	0	32348182	7260738036
GLOBAL	III	7439743	7449742	7.1716194265637e-05	45	2480	34580753	7096144805
GLOBAL	III	7449743	7459742	0	274	0	210822413	7127106273
GLOBAL	III	7459743	7469742	1.6439676932242e-05	198	2480	150854546	6983736742
GLOBAL	III	7469743	7479742	1.7438752061526e-05	370	4960	284424022	7114583198
GLOBAL	III	7479743	7489742	0.00017918228166167	283	38980	217543831	7183782827
GLOBAL	III	7489743	7499742	0.00013023218596876	561	56216	431659805	7012189883
GLOBAL	III	7499743	7509742	0	37	0	28507326	7377458208
GLOBAL	III	7509743	7519742	0.00024950064786593	850	163388	654860023	6804452585
GLOBAL	III	7519743	7529742	0.00035042502519776	754	202556	578029494	6807834244
GLOBAL	III	7529743	7539742	6.9556705056426e-05	278	14876	213868670	7202147762
GLOBAL	III	7539743	7549742	0.00029143134432541	256	57408	196986361	7218256925
GLOBAL	III	7549743	7559742	9.1224039535177e-06	356	2484	272296646	7226446408
GLOBAL	III	7559743	7569742	0.00019881638291592	585	89340	449359347	7120513139
GLOBAL	III	7569743	7579742	0.00025306279909592	647	126116	498358512	7052185324
GLOBAL	III	7579743	7589742	2.9597616824677e-05	218	4968	167851352	7282956650
GLOBAL	III	7589743	7599742	0.0003294016680527	271	68440	207770654	7195102296
GLOBAL	III	7599743	7609742	NA	0	0	0	7406738680
GLOBAL	III	7609743	7619742	0.0002432423901648	323	60464	248575094	6807155302
GLOBAL	III	7619743	7629742	0.00023094519530089	854	151764	657142920	6769697556
GLOBAL	III	7629743	7639742	0.00010046070302648	539	41512	413216300	7036818556
GLOBAL	III	7639743	7649742	0	108	0	83014016	7369340278
GLOBAL	III	7649743	7659742	0.0022267091442362	28	48000	21556475	7409922877
GLOBAL	III	7659743	7669742	0.00022282974779179	686	117604	527775134	6877417254
GLOBAL	III	7669743	7679742	0.00018262159428293	761	105884	579799998	6736480600
GLOBAL	III	7679743	7689742	0	64	0	48993623	7250277763
GLOBAL	III	7689743	7699742	3.349901129772e-06	963	2484	741514422	6320401142
GLOBAL	III	7699743	7709742	0.00019310077188753	50	7416	38404818	7072218944
GLOBAL	III	7709743	7719742	0.00050339795608772	231	88608	176019785	7173506091
GLOBAL	III	7719743	7729742	0.00011089057603258	29	2472	22292246	6599703244
GLOBAL	III	7729743	7739742	NA	0	0	0	5677211078
GLOBAL	III	7739743	7749742	NA	0	0	0	5118226520
GLOBAL	III	7749743	7759742	NA	0	0	0	7054184104
GLOBAL	III	7759743	7769742	0.00075596707087542	628	365420	483380843	6905575479
GLOBAL	III	7769743	7779742	0.00029148580083061	573	128392	440474286	6884310918
GLOBAL	III	7779743	7789742	5.2291101112751e-05	552	22208	424699414	6804988832
GLOBAL	III	7789743	7799742	5.5616303446293e-05	289	12368	222380835	7048284149
GLOBAL	III	7799743	7809742	0.00095523099067068	46	33880	35467861	7327201497
GLOBAL	III	7809743	7819742	0.00052062784239213	687	274908	528031691	6478217361
GLOBAL	III	7819743	7829742	7.822289450243e-06	411	2468	315508652	6857739936
GLOBAL	III	7829743	7839742	0.0010025257224254	277	206000	205481012	7137086550
GLOBAL	III	7839743	7849742	0.00058141226481011	433	191776	329845123	7118643441
GLOBAL	III	7849743	7859742	0.00012170956389038	737	68812	565378741	6944961503
GLOBAL	III	7859743	7869742	2.6941964638809e-05	359	7448	276446061	7215338679
GLOBAL	III	7869743	7879742	1.677382681706e-05	384	4952	295221839	7194243463
GLOBAL	III	7879743	7889742	0.00052924411669739	501	203444	384404840	7174643602
GLOBAL	III	7889743	7899742	0.00016255552737214	624	78120	480574246	7048321502
GLOBAL	III	7899743	7909742	0	30	0	22079246	7329766068
GLOBAL	III	7909743	7919742	0.0016602373586435	45	57404	34575779	4209222615
GLOBAL	III	7919743	7929742	0.00015727167776075	244	29172	185487943	6942918177
GLOBAL	III	7929743	7939742	0.0027507604082723	175	370352	134636226	7276741330
GLOBAL	III	7939743	7949742	0.00024648514565183	388	73132	296699421	7002571965
GLOBAL	III	7949743	7959742	0.0039441775483125	78	235384	59678855	6959713679
GLOBAL	III	7959743	7969742	NA	0	0	0	6748791434
GLOBAL	III	7969743	7979742	0.00023370647103596	457	82192	351689021	6588842621
GLOBAL	III	7979743	7989742	0.00019034433585601	483	70788	371894439	6921191779
GLOBAL	III	7989743	7999742	0.0002148081297096	627	103524	481937067	6653427367
GLOBAL	III	7999743	8009742	NA	0	0	0	6909605802
GLOBAL	III	8009743	8019742	0.00036739098885419	615	173320	471758985	6982914747
GLOBAL	III	8019743	8029742	3.8018690705222e-05	170	4964	130567358	6800686532
GLOBAL	III	8029743	8039742	0.00043662313437736	194	65000	148869803	7259415169
GLOBAL	III	8039743	8049742	0	105	0	80542004	7045544678
GLOBAL	III	8049743	8059742	0.0008481890472353	189	122784	144760181	7377177253
GLOBAL	III	8059743	8069742	0.00038912459557132	169	50560	129932676	7233509828
GLOBAL	III	8069743	8079742	0.00015381207087344	207	24516	159389311	6804336711
GLOBAL	III	8079743	8089742	6.343356258302e-05	557	27152	428038390	7081528708
GLOBAL	III	8089743	8099742	NA	0	0	0	6018168464
GLOBAL	III	8099743	8109742	NA	0	0	0	7137683872
GLOBAL	III	8109743	8119742	0.00012396115311943	713	67884	547623173	6611708787
GLOBAL	III	8119743	8129742	0.0043768685608433	527	1771072	404643634	6735359676
GLOBAL	III	8129743	8139742	0.0018221005928137	450	630064	345789910	6886217774
GLOBAL	III	8139743	8149742	0.00074935164085494	700	402812	537547365	6835172891
GLOBAL	III	8149743	8159742	0.0027538945999079	597	1266884	460033583	6862432183
GLOBAL	III	8159743	8169742	0.0013360769494382	403	413412	309422298	6848363370
GLOBAL	III	8169743	8179742	0.003879385989257	791	2356036	607321882	6569792436
GLOBAL	III	8179743	8189742	0.0022063727715978	80	136024	61650507	7221384813
GLOBAL	III	8189743	8199742	0.002496197837118	178	342684	137282388	7075396646
GLOBAL	III	8199743	8209742	NA	0	0	0	7109850616
GLOBAL	III	8209743	8219742	0.0040935194018999	660	2076108	507169454	6608093184
GLOBAL	III	8219743	8229742	0.0031998384599984	266	654404	204511574	6883690954
GLOBAL	III	8229743	8239742	0.00029299392735573	220	49324	168344786	6751311914
GLOBAL	III	8239743	8249742	5.0885707287291e-05	444	17304	340056195	6823141495
GLOBAL	III	8249743	8259742	0	54	0	41425357	7272535803
GLOBAL	III	8259743	8269742	4.6310995714589e-05	277	9860	212908400	6903900530
GLOBAL	III	8269743	8279742	0	163	0	124535535	6845375655
GLOBAL	III	8279743	8289742	0.0089112256672995	405	2765132	310297607	6848261207
GLOBAL	III	8289743	8299742	0.010480828364445	712	5745528	548194074	6724017202
GLOBAL	III	8299743	8309742	NA	0	0	0	7204174428
GLOBAL	III	8309743	8319742	0.00018931257124964	217	31668	167278907	7085603719
GLOBAL	III	8319743	8329742	NA	0	0	0	7398234074
GLOBAL	III	8329743	8339742	4.333349013317e-05	223	7424	171322457	7437207329
GLOBAL	III	8339743	8349742	0.00032266969834503	412	102212	316769751	7274750823
GLOBAL	III	8349743	8359742	0.00068542504220472	792	417596	609251157	6863978079
GLOBAL	III	8359743	8369742	2.9138086942421e-05	111	2484	85249248	7071763274
GLOBAL	III	8369743	8379742	0.00014341163727763	311	34216	238585938	7019708710
GLOBAL	III	8379743	8389742	6.4359971992783e-05	249	12352	191920531	6996017831
GLOBAL	III	8389743	8399742	0.0031029826781046	72	171648	55317099	7166639687
GLOBAL	III	8399743	8409742	0.0020130972053343	37	57024	28326501	7172755343
GLOBAL	III	8409743	8419742	0.003510892930695	479	1290652	367613603	6739917575
GLOBAL	III	8419743	8429742	0.0035655955335791	527	1445840	405497479	6923926601
GLOBAL	III	8429743	8439742	0	134	0	103105600	7479137222
GLOBAL	III	8439743	8449742	0	476	0	365974900	5339842580
GLOBAL	III	8449743	8459742	0.00031753239772571	420	102444	322625347	7130502093
GLOBAL	III	8459743	8469742	0	410	0	315413196	6972261000
GLOBAL	III	8469743	8479742	0	142	0	108505054	7339210364
GLOBAL	III	8479743	8489742	4.2718313844478e-05	601	19724	461722344	6425462224
GLOBAL	III	8489743	8499742	5.0530354769567e-05	127	4936	97683858	7144374724
GLOBAL	III	8499743	8509742	0	61	0	46879272	7049054716
GLOBAL	III	8509743	8519742	0	95	0	72955751	7244097993
GLOBAL	III	8519743	8529742	0.00015844928085205	714	86988	548995865	6793571697
GLOBAL	III	8529743	8539742	0.00085077666582024	266	173684	204147583	7077341445
GLOBAL	III	8539743	8549742	4.0426142316816e-05	80	2484	61445388	7089381966
GLOBAL	III	8549743	8559742	4.7629950888453e-05	408	14832	311400699	6835560925
GLOBAL	III	8559743	8569742	0	9	0	6866773	6807642071
GLOBAL	III	8569743	8579742	0.0004389591567746	204	68440	155914278	6869663424
GLOBAL	III	8579743	8589742	2.1727705389105e-05	296	4928	226807199	7056228121
GLOBAL	III	8589743	8599742	1.0642718926011e-05	300	2448	230016410	7038329136
GLOBAL	III	8599743	8609742	0.004246186704414	27	88312	20797955	7481810829
GLOBAL	III	8609743	8619742	0.00042716259993831	310	101556	237745533	6150759865
GLOBAL	III	8619743	8629742	NA	0	0	0	5675664786
GLOBAL	III	8629743	8639742	NA	0	0	0	5334707400
GLOBAL	III	8639743	8649742	NA	0	0	0	6806777384
GLOBAL	III	8649743	8659742	NA	0	0	0	6578699314
GLOBAL	III	8659743	8669742	NA	0	0	0	6787448734
GLOBAL	III	8669743	8679742	0.00046970970373236	114	41004	87296472	6984669990
GLOBAL	III	8679743	8689742	4.8887866201413e-05	66	2476	50646514	6981889502
GLOBAL	III	8689743	8699742	0.00099105626314593	93	70800	71438931	6961870231
GLOBAL	III	8699743	8709742	NA	0	0	0	6667611104
GLOBAL	III	8709743	8719742	1.1850780849749e-05	545	4940	416850169	6824435267
GLOBAL	III	8719743	8729742	0.0010836165222031	324	268984	248228035	6665243497
GLOBAL	III	8729743	8739742	1.9055706352583e-05	338	4940	259239931	6822004283
GLOBAL	III	8739743	8749742	0.0015213708719414	378	439688	289007768	6546376018
GLOBAL	III	8749743	8759742	9.0333090145216e-06	357	2464	272768262	6680133716
GLOBAL	III	8759743	8769742	0.00086182741984049	648	427984	496600584	7040026624
GLOBAL	III	8769743	8779742	0.0016260239265766	364	451784	277845850	6440792890
GLOBAL	III	8779743	8789742	0	138	0	105557228	6817192056
GLOBAL	III	8789743	8799742	0.00043087087626982	947	311892	723864195	6539069329
GLOBAL	III	8799743	8809742	0	11	0	8338871	6888123449
GLOBAL	III	8809743	8819742	0	56	0	42212921	6793170865
GLOBAL	III	8819743	8829742	NA	0	NA	NA	NA
GLOBAL	III	8829743	8839742	NA	0	0	0	1745763668
GLOBAL	III	8839743	8849742	NA	0	0	0	1067714626
GLOBAL	III	8849743	8859742	NA	0	0	0	2354229570
GLOBAL	III	8859743	8869742	NA	0	0	0	4166483794
GLOBAL	III	8869743	8879742	NA	0	0	0	866696666
GLOBAL	III	8879743	8889742	NA	0	0	0	3397203524
GLOBAL	III	8889743	8899742	NA	0	0	0	196379084
GLOBAL	III	8899743	8909742	NA	0	0	0	65717410
GLOBAL	III	8909743	8919742	NA	0	NA	NA	NA
GLOBAL	III	8919743	8929742	NA	0	NA	NA	NA
GLOBAL	III	8929743	8939742	NA	0	NA	NA	NA
GLOBAL	III	8939743	8949742	NA	0	0	0	3834804160
GLOBAL	III	8949743	8959742	NA	0	0	0	6969138044
GLOBAL	III	8959743	8969742	NA	0	0	0	7030989724
GLOBAL	III	8969743	8979742	NA	0	0	0	7103665448
GLOBAL	III	8979743	8989742	NA	0	0	0	7145415332
GLOBAL	III	8989743	8999742	NA	0	0	0	6291089002
GLOBAL	III	8999743	9009742	NA	0	0	0	6022807340
GLOBAL	III	9009743	9019742	NA	0	0	0	6656787060
GLOBAL	III	9019743	9029742	NA	0	0	0	4477288486
GLOBAL	III	9029743	9039742	NA	0	0	0	6689259192
GLOBAL	III	9039743	9049742	NA	0	0	0	6257843724
GLOBAL	III	9049743	9059742	NA	0	0	0	6206042942
GLOBAL	III	9059743	9069742	NA	0	0	0	6554731788
GLOBAL	III	9069743	9079742	NA	0	0	0	6354486974
GLOBAL	III	9079743	9089742	NA	0	0	0	6614264030
GLOBAL	III	9089743	9099742	9.0629496704869e-05	71	4928	54375233	6719930019
GLOBAL	III	9099743	9109742	8.4741702847615e-05	38	2480	29265402	6664632666
GLOBAL	III	9109743	9119742	0.00087949271511588	628	423844	481918716	6836681320
GLOBAL	III	9119743	9129742	NA	0	0	0	7094387696
GLOBAL	III	9129743	9139742	NA	0	0	0	7167063420
GLOBAL	III	9139743	9149742	NA	0	0	0	7321692620
GLOBAL	III	9149743	9159742	0	12	0	9252930	7358055304
GLOBAL	III	9159743	9169742	0.00065098164476929	536	268552	412533905	6906066131
GLOBAL	III	9169743	9179742	0.00025946376229847	431	85576	329818697	7020480325
GLOBAL	III	9179743	9189742	0.0013722453735992	582	611852	445876526	6688714762
GLOBAL	III	9189743	9199742	0.0032888181713077	308	775532	235808719	6561690913
GLOBAL	III	9199743	9209742	NA	0	0	0	6512208758
GLOBAL	III	9209743	9219742	NA	0	0	0	6844661538
GLOBAL	III	9219743	9229742	NA	0	0	0	6849300414
GLOBAL	III	9229743	9239742	0	73	0	55850428	6947306040
GLOBAL	III	9239743	9249742	0.00012937251775231	271	26800	207153733	6585707023
GLOBAL	III	9249743	9259742	0.00098768336930348	533	402140	407154775	5534472235
GLOBAL	III	9259743	9269742	0	207	0	158619876	6020362956
GLOBAL	III	9269743	9279742	0.00027261336018989	340	71012	260486133	6751174941
GLOBAL	III	9279743	9289742	0.0011401973728881	362	316068	277204638	6870530132
GLOBAL	III	9289743	9299742	0.00058543181037337	430	191564	327218297	6546049643
GLOBAL	III	9299743	9309742	NA	0	0	0	5929256674
GLOBAL	III	9309743	9319742	0	4	0	3072732	6828445324
GLOBAL	III	9319743	9329742	0.0053700424493486	46	188764	35151305	6285317245
GLOBAL	III	9329743	9339742	0.0024534805465294	56	104964	42781672	7042328272
GLOBAL	III	9339743	9349742	0	128	0	97929730	6891310110
GLOBAL	III	9349743	9359742	0	143	0	108824625	7053599919
GLOBAL	III	9359743	9369742	0.0060113177750249	103	475116	79036913	6662023061
GLOBAL	III	9369743	9379742	0.023412398264001	315	5639376	240871351	6395040767
GLOBAL	III	9379743	9389742	0	123	0	94342017	6911907035
GLOBAL	III	9389743	9399742	0	245	0	187817314	6907343528
GLOBAL	III	9399743	9409742	NA	0	0	0	6596481672
GLOBAL	III	9409743	9419742	0.00043854401524755	376	126228	287834278	7016075984
GLOBAL	III	9419743	9429742	NA	0	0	0	7481733842
GLOBAL	III	9429743	9439742	0.0019239695910353	600	885332	460159040	6757932016
GLOBAL	III	9439743	9449742	0.00012215810317429	53	4960	40603119	6621595963
GLOBAL	III	9449743	9459742	0.0098700682557093	199	1506460	152629137	6416792425
GLOBAL	III	9459743	9469742	0	32	0	24621580	6363110672
GLOBAL	III	9469743	9479742	NA	0	0	0	6934346474
GLOBAL	III	9479743	9489742	0.00035083114700408	290	77988	222294972	6996569230
GLOBAL	III	9489743	9499742	2.6069599671128e-05	124	2480	95129961	7009308633
GLOBAL	III	9499743	9509742	NA	0	0	0	7385090592
GLOBAL	III	9509743	9519742	0.00047721361691406	438	160720	336788378	6902950766
GLOBAL	III	9519743	9529742	0.00019703958764078	656	99212	503513031	6826684195
GLOBAL	III	9529743	9539742	0.0014270209785856	825	902908	632722303	6481767189
GLOBAL	III	9539743	9549742	0.00012356176158851	413	39040	315955353	6405775971
GLOBAL	III	9549743	9559742	0.0011865291144969	483	438884	369888943	6711355271
GLOBAL	III	9559743	9569742	6.5568228861311e-05	98	4912	74914331	6007425251
GLOBAL	III	9569743	9579742	0	153	0	117548254	6624284866
GLOBAL	III	9579743	9589742	0.0033522884184392	451	1155984	344834291	6829960589
GLOBAL	III	9589743	9599742	0.00026664265445523	191	38836	145648115	7142026081
GLOBAL	III	9599743	9609742	NA	0	0	0	6649055600
GLOBAL	III	9609743	9619742	0.00023009026833661	237	41816	181737369	7065733235
GLOBAL	III	9619743	9629742	0.0013557080639131	351	364616	268948758	6877239720
GLOBAL	III	9629743	9639742	0.0081525919872437	105	656600	80538803	7118996749
GLOBAL	III	9639743	9649742	0.00053360981901048	808	331488	621217954	6783974434
GLOBAL	III	9649743	9659742	0.0043831868283307	120	401744	91655687	6809445509
GLOBAL	III	9659743	9669742	NA	0	0	0	7119901514
GLOBAL	III	9669743	9679742	NA	0	0	0	7153146792
GLOBAL	III	9679743	9689742	0.0036892004015346	288	801940	217375017	6345861377
GLOBAL	III	9689743	9699742	0.00027484940884805	23	4688	17056613	7192529837
GLOBAL	III	9699743	9709742	NA	0	0	0	6435667304
GLOBAL	III	9709743	9719742	0.00039897234048035	355	108048	270815766	5690913040
GLOBAL	III	9719743	9729742	0.00024984092091873	418	80088	320555975	6230310083
GLOBAL	III	9729743	9739742	0.0016255782915894	118	146528	90138999	7004248697
GLOBAL	III	9739743	9749742	0.00060983385145308	210	97800	160371550	6704391784
GLOBAL	III	9749743	9759742	0.031257738126689	394	9325564	298344172	6252521886
GLOBAL	III	9759743	9769742	0.072637102627636	225	12391684	170597168	5278535840
GLOBAL	III	9769743	9779742	NA	0	0	0	5504799520
GLOBAL	III	9779743	9789742	0.050933785356672	362	13904536	272992394	4918682996
GLOBAL	III	9789743	9799742	NA	0	0	0	1134978328
GLOBAL	III	9799743	9809742	NA	0	0	0	4159525480
GLOBAL	III	9809743	9819742	NA	0	0	0	6298820462
GLOBAL	III	9819743	9829742	0.00056594959800572	17	7388	13054166	6593478404
GLOBAL	III	9829743	9839742	0.00064155258774957	364	176764	275525348	6562177876
GLOBAL	III	9839743	9849742	0.00071804440211614	98	53744	74847739	6486842363
GLOBAL	III	9849743	9859742	NA	0	0	0	6569421562
GLOBAL	III	9859743	9869742	0.0070619545357623	238	1284584	181902049	6488028493
GLOBAL	III	9869743	9879742	0.0037401899275351	280	799016	213629793	6452435019
GLOBAL	III	9879743	9889742	0.0085955324426544	247	1612916	187645851	6564238167
GLOBAL	III	9889743	9899742	0	8	0	6105868	5886039798
GLOBAL	III	9899743	9909742	NA	0	0	0	6114811714
GLOBAL	III	9909743	9919742	0.0010837610536558	711	587836	542403695	6359470647
GLOBAL	III	9919743	9929742	0.00098916647939527	346	260596	263450092	6676308404
GLOBAL	III	9929743	9939742	0.030175872139148	40	926184	30692866	6582024872
GLOBAL	III	9939743	9949742	0.0082060933065584	152	944224	115063766	6360807130
GLOBAL	III	9949743	9959742	NA	0	0	0	7189484654
GLOBAL	III	9959743	9969742	0.052092956841655	243	9491184	182197068	6022299582
GLOBAL	III	9969743	9979742	0.07535313295982	242	13953720	185177702	5889430420
GLOBAL	III	9979743	9989742	0.046093852220192	353	11837188	256806221	5809297295
GLOBAL	III	9989743	9999742	0.042939937669178	219	6936820	161547044	4821378926
GLOBAL	III	9999743	10009742	NA	0	0	0	5483924578
GLOBAL	III	10009743	10019742	0.063530050104471	226	10965424	172602162	5504608916
GLOBAL	III	10019743	10029742	0.038492243888412	70	1943076	50479676	5956091598
GLOBAL	III	10029743	10039742	0.0074990997391913	97	556272	74178504	6236239148
GLOBAL	III	10039743	10049742	0.0057643349937741	98	432988	75114996	6714653176
GLOBAL	III	10049743	10059742	NA	0	0	0	6639004702
GLOBAL	III	10059743	10069742	0.00092733694018479	188	133668	144141783	7014417031
GLOBAL	III	10069743	10079742	NA	0	0	0	6670703688
GLOBAL	III	10079743	10089742	4.7445946241514e-05	270	9792	206382226	6763528964
GLOBAL	III	10089743	10099742	0.00011769249508327	138	12380	105189375	6032816719
GLOBAL	III	10099743	10109742	NA	0	0	0	6824559742
GLOBAL	III	10109743	10119742	0.0051892339596536	549	2182520	420586163	6253210109
GLOBAL	III	10119743	10129742	0.0099859729929048	70	524080	52481616	5502572394
GLOBAL	III	10129743	10139742	0	16	0	12263789	6429588683
GLOBAL	III	10139743	10149742	0.0079721752200798	63	384508	48231253	6029469453
GLOBAL	III	10149743	10159742	0.066827872580576	399	20352348	304548794	6002776274
GLOBAL	III	10159743	10169742	NA	0	0	0	6686939754
GLOBAL	III	10169743	10179742	0	175	0	133816721	6610335837
GLOBAL	III	10179743	10189742	0.00013302041989332	472	48184	362230100	6862046124
GLOBAL	III	10189743	10199742	0.0022662297189075	28	48296	21311167	5487354083
GLOBAL	III	10199743	10209742	0	36	0	27800959	7187970659
GLOBAL	III	10209743	10219742	0	216	0	165047333	6768525995
GLOBAL	III	10219743	10229742	0.00038425170546341	488	144176	375212388	6799582492
GLOBAL	III	10229743	10239742	0.00010117936939871	286	22156	218977447	6789591043
GLOBAL	III	10239743	10249742	0.00050240683862811	305	116996	232871034	6666683870
GLOBAL	III	10249743	10259742	1.8942029549512e-05	340	4936	260584537	6726335865
GLOBAL	III	10259743	10269742	0.00052818999983358	328	132824	251470115	6873843421
GLOBAL	III	10269743	10279742	0.076326801899255	183	10095324	132264470	5603705704
GLOBAL	III	10279743	10289742	0.076893317269803	218	12828820	166839206	6406448086
GLOBAL	III	10289743	10299742	0.043156543767118	353	11243516	260528648	6819942420
GLOBAL	III	10299743	10309742	NA	0	0	0	6961406584
GLOBAL	III	10309743	10319742	NA	0	0	0	6678435148
GLOBAL	III	10319743	10329742	0.0093831297625814	293	2099432	223745387	6385879767
GLOBAL	III	10329743	10339742	0.044740553653687	109	3631076	81158495	6017417153
GLOBAL	III	10339743	10349742	0.067770646317491	610	30950156	456689698	5632608198
GLOBAL	III	10349743	10359742	0.066461838242941	341	17025000	256162039	5730307439
GLOBAL	III	10359743	10369742	0.056238127127706	129	5494976	97709086	5882575224
GLOBAL	III	10369743	10379742	0.073404639056035	42	2259652	30783504	5482520622
GLOBAL	III	10379743	10389742	0.038377411356957	490	14127324	368115605	5842566213
GLOBAL	III	10389743	10399742	0.0067717342253476	326	1676772	247613380	6553751982
GLOBAL	III	10399743	10409742	0	14	0	10690354	6683207714
GLOBAL	III	10409743	10419742	NA	0	0	0	6056825764
GLOBAL	III	10419743	10429742	0.0042198514276365	80	243796	57773598	4118761094
GLOBAL	III	10429743	10439742	0.0063881247075989	288	1397916	218830418	6067619708
GLOBAL	III	10439743	10449742	0.0079255754414045	355	2147716	270985497	6153084617
GLOBAL	III	10449743	10459742	0.0060209571067662	448	2049992	340476101	5860154819
GLOBAL	III	10459743	10469742	0.0058032219034149	264	1155276	199074931	6559767401
GLOBAL	III	10469743	10479742	4.1279547717712e-05	236	7372	178587228	6445727700
GLOBAL	III	10479743	10489742	NA	0	0	0	5756845116
GLOBAL	III	10489743	10499742	0.018399059577726	159	2216772	120482897	6077828585
GLOBAL	III	10499743	10509742	NA	0	0	0	6830744910
GLOBAL	III	10509743	10519742	0.0054060694328117	106	439148	81232401	6823734525
GLOBAL	III	10519743	10529742	0.0039032492386658	461	1376532	352663106	6434012482
GLOBAL	III	10529743	10539742	0.0013725435174297	265	278900	203199386	6778308994
GLOBAL	III	10539743	10549742	0.00015671618120593	305	36676	234028163	6697225727
GLOBAL	III	10549743	10559742	0.0015666147007894	412	495516	316297300	6840715222
GLOBAL	III	10559743	10569742	0	191	0	146152425	6289514879
GLOBAL	III	10569743	10579742	0.0063733890998588	7	33768	5298280	5809532786
GLOBAL	III	10579743	10589742	0.0054466261365729	190	793584	145701941	6634015333
GLOBAL	III	10589743	10599742	0.0034222614430977	527	1384584	404581597	6325654333
GLOBAL	III	10599743	10609742	NA	0	0	0	6887184568
GLOBAL	III	10609743	10619742	0.00020304865941936	220	34004	167467247	6817133717
GLOBAL	III	10619743	10629742	NA	0	0	0	6958314000
GLOBAL	III	10629743	10639742	0.00025422854053487	301	58512	230155119	6557293615
GLOBAL	III	10639743	10649742	0	117	0	89357892	6529545014
GLOBAL	III	10649743	10659742	NA	0	0	0	6010437004
GLOBAL	III	10659743	10669742	0.0013809181730159	375	396300	286982971	6808177871
GLOBAL	III	10669743	10679742	0.00020453878076353	630	98728	482685971	6647266441
GLOBAL	III	10679743	10689742	0.0031283554967092	366	874560	279559021	6907606195
GLOBAL	III	10689743	10699742	0.0036720436817558	216	606532	165175595	6762212565
GLOBAL	III	10699743	10709742	NA	0	0	0	6644416724
GLOBAL	III	10709743	10719742	0	13	0	10028545	6245495741
GLOBAL	III	10719743	10729742	0	68	0	51615048	6402607760
GLOBAL	III	10729743	10739742	1.4314907624904e-05	228	2484	173525395	6605418733
GLOBAL	III	10739743	10749742	0.0031916419612681	282	687908	215534201	6935293153
GLOBAL	III	10749743	10759742	0.0023042260238816	152	264996	115004343	6725018319
GLOBAL	III	10759743	10769742	2.9062136087126e-05	111	2484	85472038	6822587472
GLOBAL	III	10769743	10779742	0.00027706116327114	423	89868	324361592	6629313532
GLOBAL	III	10779743	10789742	0	240	0	182667392	6823581660
GLOBAL	III	10789743	10799742	0.0050530514227001	110	402104	79576471	7007852911
GLOBAL	III	10799743	10809742	NA	0	0	0	7037948038
GLOBAL	III	10809743	10819742	NA	0	0	0	6807550530
GLOBAL	III	10819743	10829742	NA	0	0	0	7343340708
GLOBAL	III	10829743	10839742	0	95	0	72008223	6635806473
GLOBAL	III	10839743	10849742	0	90	0	68627986	6758251194
GLOBAL	III	10849743	10859742	0.0019644169528209	260	390472	198772465	6487394143
GLOBAL	III	10859743	10869742	0.00035049491666961	255	68028	194091260	6934314860
GLOBAL	III	10869743	10879742	1.1143762544724e-05	292	2484	222904965	6209669755
GLOBAL	III	10879743	10889742	NA	0	0	0	4444043208
GLOBAL	III	10889743	10899742	0.00022697968025942	373	62048	273363677	6423626975
GLOBAL	III	10899743	10909742	0.0039643132989707	1	2012	507528	3283043534
GLOBAL	III	10909743	10919742	2.9245733116414e-05	112	2484	84935467	6728800231
GLOBAL	III	10919743	10929742	0	5	0	3743844	6700978268
GLOBAL	III	10929743	10939742	0.00030495476433313	320	74432	244075544	6633058126
GLOBAL	III	10939743	10949742	0.0032727299747913	316	789700	241297023	6669855071
GLOBAL	III	10949743	10959742	5.3572326590556e-05	242	9888	184572906	6645398858
GLOBAL	III	10959743	10969742	0.0017909628144713	312	414208	231276717	6526792469
GLOBAL	III	10969743	10979742	0.0025810559535044	72	141812	54943404	7119851476
GLOBAL	III	10979743	10989742	0.021232676538915	383	6193408	291692288	6699093844
GLOBAL	III	10989743	10999742	0.034939526266699	101	2539644	72686847	6451892247
GLOBAL	III	10999743	11009742	NA	0	0	0	5916886338
GLOBAL	III	11009743	11019742	0.060715412967366	409	18251700	300610654	6153612154
GLOBAL	III	11019743	11029742	0.048152295648022	579	21114212	438488170	6296386636
GLOBAL	III	11029743	11039742	0.0021412774484019	242	396516	185177311	6657164789
GLOBAL	III	11039743	11049742	0.002120222774998	376	608908	287190576	6900747786
GLOBAL	III	11049743	11059742	0.0015466762607228	269	318400	205860792	6747041186
GLOBAL	III	11059743	11069742	NA	0	0	0	6915790970
GLOBAL	III	11069743	11079742	0.0040399509952092	87	267844	66298824	6917528994
GLOBAL	III	11079743	11089742	NA	0	0	0	6824559742
GLOBAL	III	11089743	11099742	0.0034630207743936	543	1441432	416235447	6313227337
GLOBAL	III	11099743	11109742	NA	0	0	0	7155466230
GLOBAL	III	11109743	11119742	0.00044846488369439	312	107288	239233893	6968033119
GLOBAL	III	11119743	11129742	0.0034034333757679	226	587608	172651536	7078684798
GLOBAL	III	11129743	11139742	5.7102316087553e-05	113	4928	86301228	6899846028
GLOBAL	III	11139743	11149742	0.0016146279586275	380	470572	291442990	6593422140
GLOBAL	III	11149743	11159742	0.00051302352250519	433	169972	331314243	6577518413
GLOBAL	III	11159743	11169742	0.00013339160178965	333	34048	255248453	7115152365
GLOBAL	III	11169743	11179742	0.0028874858817191	175	386440	133832689	6589444927
GLOBAL	III	11179743	11189742	0.00010860388380882	267	22024	202792011	6792632997
GLOBAL	III	11189743	11199742	3.3661186702349e-05	191	4904	145687080	6792525124
GLOBAL	III	11199743	11209742	0	15	0	11527706	7012503704
GLOBAL	III	11209743	11219742	0.00023215476055196	410	72716	313222093	6556180117
GLOBAL	III	11219743	11229742	NA	0	0	0	6913471532
GLOBAL	III	11229743	11239742	0.00039439299267236	41	12260	31085745	6120063831
GLOBAL	III	11239743	11249742	0	159	0	121643274	6862184544
GLOBAL	III	11249743	11259742	1.0047626133383e-05	642	4952	492852733	6564423955
GLOBAL	III	11259743	11269742	0.00011556397612399	84	7440	64379924	6846772170
GLOBAL	III	11269743	11279742	NA	0	0	0	7105984886
GLOBAL	III	11279743	11289742	NA	0	0	0	7063461856
GLOBAL	III	11289743	11299742	0.00019856352423583	130	19564	98527663	7019827559
GLOBAL	III	11299743	11309742	NA	0	0	0	6797499632
GLOBAL	III	11309743	11319742	7.0635337212014e-05	91	4880	69087233	7003652375
GLOBAL	III	11319743	11329742	0.0012145195346615	407	377644	310941067	6911788865
GLOBAL	III	11329743	11339742	0.0015198557552314	425	494204	325165068	6720514430
GLOBAL	III	11339743	11349742	NA	0	0	0	7148507916
GLOBAL	III	11349743	11359742	0.0027144873195637	384	794036	292517852	6967323088
GLOBAL	III	11359743	11369742	0.00010572500851645	936	76092	719716187	6824642481
GLOBAL	III	11369743	11379742	0.0001377060328764	599	63040	457786770	6658249014
GLOBAL	III	11379743	11389742	0.0030734577644036	198	465396	151424238	7000176262
GLOBAL	III	11389743	11399742	1.3283491466647e-05	243	2456	184891149	6777288581
GLOBAL	III	11399743	11409742	0	55	0	42388968	7343474770
GLOBAL	III	11409743	11419742	0.00086682929496823	469	311812	359715577	6921000305
GLOBAL	III	11419743	11429742	9.4545642852179e-05	783	56792	600683419	6772809983
GLOBAL	III	11429743	11439742	0.00015042789719977	213	24504	162895317	6959325635
GLOBAL	III	11439743	11449742	0.00046550454029905	1062	378880	813912577	6265012199
GLOBAL	III	11449743	11459742	0.0010649617938832	942	765080	718410749	6427777729
GLOBAL	III	11459743	11469742	0.00040178836111736	102	31512	78429350	7121879348
GLOBAL	III	11469743	11479742	0.0012078039229898	491	448928	371689470	6690999240
GLOBAL	III	11479743	11489742	4.0288976425929e-05	161	4952	122912033	7112961381
GLOBAL	III	11489743	11499742	0.0003829314857388	381	112072	292668543	6995005653
GLOBAL	III	11499743	11509742	0	44	0	33862213	7158715025
GLOBAL	III	11509743	11519742	0.00017178284010142	428	56296	327716086	6937536876
GLOBAL	III	11519743	11529742	0.0001528894314435	577	67676	442646685	7082383333
GLOBAL	III	11529743	11539742	0.00046993357428325	547	196960	419123065	6727838559
GLOBAL	III	11539743	11549742	8.6197663120447e-05	224	14832	172069630	7129521194
GLOBAL	III	11549743	11559742	0.00035593144759246	98	26532	74542444	7128085692
GLOBAL	III	11559743	11569742	7.866706189619e-05	409	24752	314642487	6724078697
GLOBAL	III	11569743	11579742	0.0018866282951324	830	1206872	639697816	6850540632
GLOBAL	III	11579743	11589742	0.0024300956595584	226	417136	171654148	7159316224
GLOBAL	III	11589743	11599742	NA	0	0	0	7238192852
GLOBAL	III	11599743	11609742	0	1	0	765703	7433806233
GLOBAL	III	11609743	11619742	0.00037913415168117	763	222088	585776826	6770707364
GLOBAL	III	11619743	11629742	NA	0	0	0	7122220952
GLOBAL	III	11629743	11639742	0.00076814904798219	278	164148	213692903	7346128685
GLOBAL	III	11639743	11649742	0.0001817010048565	576	80552	443321709	6985065059
GLOBAL	III	11649743	11659742	0.0005460585279082	64	26852	49174216	6940838770
GLOBAL	III	11659743	11669742	9.0363120566065e-05	568	39488	436992434	6789603228
GLOBAL	III	11669743	11679742	0.00112881150527	629	546612	484236737	7125839341
GLOBAL	III	11679743	11689742	4.1665440964754e-05	308	9892	237414984	7268286384
GLOBAL	III	11689743	11699742	0.0030379864706784	157	366444	120620682	7191021040
GLOBAL	III	11699743	11709742	0.00010364966547029	31	2476	23888162	7472535454
GLOBAL	III	11709743	11719742	0.00039277027742878	767	231708	589932623	6934324249
GLOBAL	III	11719743	11729742	0.00046356250631028	936	334360	721283528	6646797852
GLOBAL	III	11729743	11739742	0.00028408551353028	167	36572	128735885	7315886949
GLOBAL	III	11739743	11749742	0.001193632282938	879	808548	677384494	6871613050
GLOBAL	III	11749743	11759742	0.00014519288561019	110	12260	84439399	7473835897
GLOBAL	III	11759743	11769742	0.00037786107233809	646	188000	497537359	6787044253
GLOBAL	III	11769743	11779742	0.0012073728219065	586	544816	451240901	7059872489
GLOBAL	III	11779743	11789742	0.00053363123209952	242	99260	186008603	7147281207
GLOBAL	III	11789743	11799742	0.00042992475690032	400	132396	307951561	6879986801
GLOBAL	III	11799743	11809742	NA	0	0	0	7610849224
GLOBAL	III	11809743	11819742	0.0029226546349031	142	318928	109122712	6865427354
GLOBAL	III	11819743	11829742	0.00043202964850649	638	212416	491669960	6928985348
GLOBAL	III	11829743	11839742	0.00025771363772959	173	34144	132488138	7362389186
GLOBAL	III	11839743	11849742	0.00059104655020149	986	448848	759412266	6662789334
GLOBAL	III	11849743	11859742	3.4183736009703e-05	376	9920	290196484	7172981854
GLOBAL	III	11859743	11869742	1.514743407522e-05	212	2472	163195957	6805942087
GLOBAL	III	11869743	11879742	0.0031562302363808	237	577252	182892868	7142665482
GLOBAL	III	11879743	11889742	0.00017616325519446	182	24692	140165439	2446007931
GLOBAL	III	11889743	11899742	NA	0	NA	NA	NA
GLOBAL	IV	14950	24949	0.00092370653176311	461	328072	355169081	7112648133
GLOBAL	IV	24950	34949	0.0010682745916464	708	579968	542901614	7030836602
GLOBAL	IV	34950	44949	0.0060660902206813	830	3880660	639730017	6768554955
GLOBAL	IV	44950	54949	0.0037931552248709	86	251964	66425966	7564525054
GLOBAL	IV	54950	64949	0.00095177633181042	207	151960	159659360	7128014836
GLOBAL	IV	64950	74949	0.0054300284197087	120	501444	92346478	7433456686
GLOBAL	IV	74950	84949	6.4066847026904e-05	305	14836	231570628	7250163214
GLOBAL	IV	84950	94949	0.0045819082289363	532	1878284	409934880	6859956958
GLOBAL	IV	94950	104949	0	27	0	20778215	7458636189
GLOBAL	IV	104950	114949	0.0025967051970387	381	761780	293364068	6999722150
GLOBAL	IV	114950	124949	0.0045575159703573	807	2827844	620479230	6779301136
GLOBAL	IV	124950	134949	0.0066251866173958	831	3831928	578387934	6674494692
GLOBAL	IV	134950	144949	0.0072026244699625	1005	5476536	760352844	6259039690
GLOBAL	IV	144950	154949	NA	0	0	0	7400553512
GLOBAL	IV	154950	164949	0.0089662884960689	981	6775344	755646442	6732272568
GLOBAL	IV	164950	174949	0.0052296936046597	442	1782228	340790137	6864157437
GLOBAL	IV	174950	184949	0.0049357398438076	578	2195448	444806264	6862196582
GLOBAL	IV	184950	194949	0.00084592865619295	430	280080	331091751	7148322653
GLOBAL	IV	194950	204949	0.0010086135461836	251	194240	192581193	6978347957
GLOBAL	IV	204950	214949	0.0010320557793066	645	510488	494632180	6915199084
GLOBAL	IV	214950	224949	0.0032290262233355	719	1785540	552965469	6883925905
GLOBAL	IV	224950	234949	0.00290964482603	445	995880	342268579	7174256833
GLOBAL	IV	234950	244949	0.003880675687216	513	1522352	392290447	7093309125
GLOBAL	IV	244950	254949	0.0037733107490461	356	1034328	274116835	7171279145
GLOBAL	IV	254950	264949	0.0050862613236735	64	249256	49005740	7346135750
GLOBAL	IV	264950	274949	0.005559974207848	231	988252	177743990	7075911782
GLOBAL	IV	274950	284949	0.0066661496599893	313	1606560	241002690	6948481964
GLOBAL	IV	284950	294949	0.0049845136761999	154	591032	118573654	7254919748
GLOBAL	IV	294950	304949	0.00041010030034022	456	141860	345915377	7092522289
GLOBAL	IV	304950	314949	0.0002685659252713	549	113232	421617150	7069394444
GLOBAL	IV	314950	324949	0.0014314743081203	399	438840	306565055	7203775189
GLOBAL	IV	324950	334949	4.2895068701693e-05	75	2472	57629002	7422558548
GLOBAL	IV	334950	344949	0	122	0	94050826	7279442576
GLOBAL	IV	344950	354949	NA	0	0	0	7395141490
GLOBAL	IV	354950	364949	NA	0	0	0	7253655772
GLOBAL	IV	364950	374949	0	73	0	56033162	7046085994
GLOBAL	IV	374950	384949	4.9575466554056e-05	130	4956	99968802	7073279786
GLOBAL	IV	384950	394949	0.00042165703482734	264	85728	203312154	7077403728
GLOBAL	IV	394950	404949	0.0048374393179567	89	330516	68324578	7425006454
GLOBAL	IV	404950	414949	NA	0	0	0	7437664520
GLOBAL	IV	414950	424949	0.00027878596847768	465	99632	357378101	6961221935
GLOBAL	IV	424950	434949	0.0019429308012697	886	1324236	681566219	6782385265
GLOBAL	IV	434950	444949	0.00056496549892374	85	36756	65058840	7326216920
GLOBAL	IV	444950	454949	0	126	0	96982441	7372381065
GLOBAL	IV	454950	464949	NA	0	0	0	7163197690
GLOBAL	IV	464950	474949	NA	0	0	0	6311963944
GLOBAL	IV	474950	484949	NA	0	0	0	7276850152
GLOBAL	IV	484950	494949	0	9	0	6950863	7201862441
GLOBAL	IV	494950	504949	0.00036126873207175	97	26908	74481951	6983567883
GLOBAL	IV	504950	514949	9.9108856214448e-05	352	26724	269642906	5716826572
GLOBAL	IV	514950	524949	0.00025454053224738	175	34220	134438314	6953764214
GLOBAL	IV	524950	534949	NA	0	0	0	7238192852
GLOBAL	IV	534950	544949	0.0002006993861589	349	53936	268740234	6978730370
GLOBAL	IV	544950	554949	0	8	0	6185168	6933573328
GLOBAL	IV	554950	564949	NA	0	0	0	7031762870
GLOBAL	IV	564950	574949	NA	0	0	0	7061915564
GLOBAL	IV	574950	584949	4.4092374236341e-05	73	2476	56154835	6864275011
GLOBAL	IV	584950	594949	0	93	0	71476138	7315933892
GLOBAL	IV	594950	604949	NA	0	0	0	7177114318
GLOBAL	IV	604950	614949	NA	0	0	0	7051091520
GLOBAL	IV	614950	624949	0.00031625239038076	208	50484	159631995	7005885133
GLOBAL	IV	624950	634949	0.00032868138747353	125	31512	95874002	7110619864
GLOBAL	IV	634950	644949	0.00052483125184476	363	146172	278512378	6765620828
GLOBAL	IV	644950	654949	0.00025730403961789	235	46336	180082676	6908119852
GLOBAL	IV	654950	664949	NA	0	0	0	7023258264
GLOBAL	IV	664950	674949	0	15	0	11305772	7183590904
GLOBAL	IV	674950	684949	4.1255118442605e-05	234	7416	179759513	6957151213
GLOBAL	IV	684950	694949	NA	0	0	0	6560916956
GLOBAL	IV	694950	704949	NA	0	0	0	5393466496
GLOBAL	IV	704950	714949	0.00026547446117205	230	46548	175338900	6715711398
GLOBAL	IV	714950	724949	NA	0	0	0	6741059974
GLOBAL	IV	724950	734949	NA	0	0	0	7081244214
GLOBAL	IV	734950	744949	0.00043641418975759	343	114752	262942871	6934273243
GLOBAL	IV	744950	754949	0.0019205884001267	96	137148	71409366	6750057792
GLOBAL	IV	754950	764949	0.0013573697534703	188	195980	144382177	6780686545
GLOBAL	IV	764950	774949	0.00023974540338329	146	26848	111985463	6437334303
GLOBAL	IV	774950	784949	0.0005369949196357	214	88084	164031347	6943499831
GLOBAL	IV	784950	794949	0	113	0	86664683	7344041523
GLOBAL	IV	794950	804949	0	8	0	6175232	7214235262
GLOBAL	IV	804950	814949	0.0008169258292474	226	141636	173376817	6685974495
GLOBAL	IV	814950	824949	0	33	0	25009678	7267303394
GLOBAL	IV	824950	834949	2.8258936682623e-05	114	2468	87335204	6993135864
GLOBAL	IV	834950	844949	0	94	0	71922864	7123746958
GLOBAL	IV	844950	854949	8.2465840251653e-05	233	14716	178449646	6854086370
GLOBAL	IV	854950	864949	5.8195722427431e-05	278	12388	212867879	6757043311
GLOBAL	IV	864950	874949	0.00030675614691387	459	107896	351732153	6724100039
GLOBAL	IV	874950	884949	0.00039844521938787	854	261648	656672454	6710635780
GLOBAL	IV	884950	894949	6.0673826559613e-05	266	12408	204503337	6937819411
GLOBAL	IV	894950	904949	NA	0	0	0	7225822516
GLOBAL	IV	904950	914949	0.00035940509605196	152	41660	115913771	6858636295
GLOBAL	IV	914950	924949	0.00074932102528715	174	99944	133379415	6856633571
GLOBAL	IV	924950	934949	NA	0	0	0	7311641722
GLOBAL	IV	934950	944949	0	4	0	2933099	7185778409
GLOBAL	IV	944950	954949	NA	0	0	0	7035628600
GLOBAL	IV	954950	964949	NA	0	0	0	6793633902
GLOBAL	IV	964950	974949	NA	0	0	0	7354164752
GLOBAL	IV	974950	984949	0.0011386951971523	132	114184	100276176	6956227366
GLOBAL	IV	984950	994949	5.1988544018757e-05	125	4968	95559514	7163508280
GLOBAL	IV	994950	1004949	NA	0	0	0	6042909136
GLOBAL	IV	1004950	1014949	NA	0	0	0	7056503542
GLOBAL	IV	1014950	1024949	0.00070227464066615	236	127112	181000413	6889419757
GLOBAL	IV	1024950	1034949	0	43	0	32023770	6893818098
GLOBAL	IV	1034950	1044949	NA	0	0	0	6132594072
GLOBAL	IV	1044950	1054949	NA	0	0	0	7326331496
GLOBAL	IV	1054950	1064949	NA	0	0	0	7419882162
GLOBAL	IV	1064950	1074949	0.00017883748173117	125	17108	95662273	7086090921
GLOBAL	IV	1074950	1084949	0	138	0	105767074	6983208600
GLOBAL	IV	1084950	1094949	NA	0	0	0	7044906352
GLOBAL	IV	1094950	1104949	0.00020756181140212	156	24440	117748057	6619446187
GLOBAL	IV	1104950	1114949	NA	0	0	0	7083563652
GLOBAL	IV	1114950	1124949	0	149	0	114534398	6968256108
GLOBAL	IV	1124950	1134949	NA	0	0	0	7164743982
GLOBAL	IV	1134950	1144949	NA	0	0	0	6880226254
GLOBAL	IV	1144950	1154949	NA	0	0	0	6788995026
GLOBAL	IV	1154950	1164949	0.00038360636838773	101	29688	77391833	6542284219
GLOBAL	IV	1164950	1174949	0.00046177121525594	98	34492	74694998	5820543252
GLOBAL	IV	1174950	1184949	0.0010790721400212	173	137636	127550323	6772004581
GLOBAL	IV	1184950	1194949	0	76	0	58159683	6842941513
GLOBAL	IV	1194950	1204949	0	11	0	8388311	7153263087
GLOBAL	IV	1204950	1214949	NA	0	0	0	7091295112
GLOBAL	IV	1214950	1224949	NA	0	0	0	5049416526
GLOBAL	IV	1224950	1234949	NA	0	0	0	4229881766
GLOBAL	IV	1234950	1244949	NA	0	0	0	4123187618
GLOBAL	IV	1244950	1254949	0	1	0	760761	4255407969
GLOBAL	IV	1254950	1264949	0.0010721260743693	144	118288	110330308	6912927956
GLOBAL	IV	1264950	1274949	NA	0	0	0	7172475442
GLOBAL	IV	1274950	1284949	NA	0	0	0	7292313072
GLOBAL	IV	1284950	1294949	2.5091637772099e-05	128	2460	98040631	7140152221
GLOBAL	IV	1294950	1304949	0.00029552142280478	11	2484	8405482	7011760198
GLOBAL	IV	1304950	1314949	0.00026229672059537	352	71040	270838308	6810405906
GLOBAL	IV	1314950	1324949	0.0017729223905295	173	231040	130315913	6839595277
GLOBAL	IV	1324950	1334949	NA	0	0	0	6901874342
GLOBAL	IV	1334950	1344949	NA	0	0	0	7337928686
GLOBAL	IV	1344950	1354949	NA	0	0	0	5969460266
GLOBAL	IV	1354950	1364949	0	62	0	47515554	7048418434
GLOBAL	IV	1364950	1374949	0.0001957976874817	602	90516	462293509	6635186771
GLOBAL	IV	1374950	1384949	0.00025380857825672	873	170232	670710191	6700463773
GLOBAL	IV	1384950	1394949	NA	0	0	0	7033309162
GLOBAL	IV	1394950	1404949	NA	0	0	0	7099799718
GLOBAL	IV	1404950	1414949	0.00029631473054705	193	44036	148612254	7232612608
GLOBAL	IV	1414950	1424949	6.2599868881591e-05	103	4952	79105597	7305211849
GLOBAL	IV	1424950	1434949	NA	0	0	0	7348752730
GLOBAL	IV	1434950	1444949	NA	0	0	0	7334062956
GLOBAL	IV	1444950	1454949	0	31	0	23814556	7265405932
GLOBAL	IV	1454950	1464949	0.0001666239539387	96	12220	73338795	7399890441
GLOBAL	IV	1464950	1474949	NA	0	0	0	7254428918
GLOBAL	IV	1474950	1484949	NA	0	0	0	7055730396
GLOBAL	IV	1484950	1494949	NA	0	0	0	7218864202
GLOBAL	IV	1494950	1504949	NA	0	0	0	7323238912
GLOBAL	IV	1504950	1514949	0	54	0	41492048	7225307206
GLOBAL	IV	1514950	1524949	0.0017118653860757	240	315628	184376647	7041445869
GLOBAL	IV	1524950	1534949	8.1815090922389e-05	79	4952	60526731	6962731533
GLOBAL	IV	1534950	1544949	0.0026526977438003	100	203672	76779196	7244913424
GLOBAL	IV	1544950	1554949	0.0077504118520047	211	1256940	162177188	6915974442
GLOBAL	IV	1554950	1564949	0.00100725572224	74	57408	56994464	6513200244
GLOBAL	IV	1564950	1574949	0.0023727052325949	180	328448	138427646	7000802518
GLOBAL	IV	1574950	1584949	0	72	0	54685731	6408814829
GLOBAL	IV	1584950	1594949	NA	0	0	0	6914244678
GLOBAL	IV	1594950	1604949	NA	0	0	0	7313961160
GLOBAL	IV	1604950	1614949	NA	0	0	0	7321692620
GLOBAL	IV	1614950	1624949	NA	0	0	0	7065008148
GLOBAL	IV	1624950	1634949	0.00023737021110482	188	34148	143859669	7049490715
GLOBAL	IV	1634950	1644949	0.0016670466840902	123	157536	94500053	7287497955
GLOBAL	IV	1644950	1654949	0	69	0	52527600	6802184836
GLOBAL	IV	1654950	1664949	0	38	0	29092392	6954735426
GLOBAL	IV	1664950	1674949	0.0020574360817381	68	106596	51810115	6530754929
GLOBAL	IV	1674950	1684949	0	40	0	30682922	7269361610
GLOBAL	IV	1684950	1694949	0.00046519808636765	184	65744	141324743	6919817675
GLOBAL	IV	1694950	1704949	NA	0	0	0	6049094304
GLOBAL	IV	1704950	1714949	0.00042221338839906	121	39124	92664044	7126200158
GLOBAL	IV	1714950	1724949	0.00013208667659805	135	13200	99934379	7104240049
GLOBAL	IV	1724950	1734949	0	150	0	114322868	6901203936
GLOBAL	IV	1734950	1744949	0	22	0	16806246	7081447180
GLOBAL	IV	1744950	1754949	0.0023327632103857	284	509472	218398506	7056132208
GLOBAL	IV	1754950	1764949	NA	0	0	0	7171702296
GLOBAL	IV	1764950	1774949	NA	0	0	0	6692351776
GLOBAL	IV	1774950	1784949	NA	0	0	0	6649828746
GLOBAL	IV	1784950	1794949	NA	0	0	0	6860124458
GLOBAL	IV	1794950	1804949	NA	0	0	0	6778944128
GLOBAL	IV	1804950	1814949	NA	0	0	0	6355260120
GLOBAL	IV	1814950	1824949	NA	0	0	0	7156239376
GLOBAL	IV	1824950	1834949	NA	0	0	0	6878679962
GLOBAL	IV	1834950	1844949	NA	0	0	0	7056503542
GLOBAL	IV	1844950	1854949	NA	0	0	0	7351845314
GLOBAL	IV	1854950	1864949	NA	0	0	0	7095933988
GLOBAL	IV	1864950	1874949	NA	0	0	0	5534179068
GLOBAL	IV	1874950	1884949	0.0005233074527189	147	59040	112820866	7177172768
GLOBAL	IV	1884950	1894949	0.00056954693039511	339	148272	260333244	6904410738
GLOBAL	IV	1894950	1904949	NA	0	0	0	7032536016
GLOBAL	IV	1904950	1914949	NA	0	0	0	7234327122
GLOBAL	IV	1914950	1924949	NA	0	0	0	7122220952
GLOBAL	IV	1924950	1934949	NA	0	0	0	5657109282
GLOBAL	IV	1934950	1944949	NA	0	0	0	7264479816
GLOBAL	IV	1944950	1954949	0.00016015560261512	299	36628	228702583	7041962401
GLOBAL	IV	1954950	1964949	NA	0	0	0	6962952876
GLOBAL	IV	1964950	1974949	7.5332150233814e-05	43	2480	32920871	7237744113
GLOBAL	IV	1974950	1984949	3.3868716633765e-05	95	2472	72987708	7052325828
GLOBAL	IV	1984950	1994949	0.0010415171452327	126	101024	96996963	7126506115
GLOBAL	IV	1994950	2004949	0.003898079371154	134	401692	103048697	6856811595
GLOBAL	IV	2004950	2014949	NA	0	0	0	5739835904
GLOBAL	IV	2014950	2024949	NA	0	0	0	1318213930
GLOBAL	IV	2024950	2034949	0.0026851507322265	64	131244	48877703	4756224687
GLOBAL	IV	2034950	2044949	6.7959954155715e-05	142	7392	108769938	6849544062
GLOBAL	IV	2044950	2054949	NA	0	0	0	6416338654
GLOBAL	IV	2054950	2064949	NA	0	0	0	7109077470
GLOBAL	IV	2064950	2074949	0.0012538028948096	23	22100	17626375	7120057497
GLOBAL	IV	2074950	2084949	0.0031445292581158	160	386096	122783402	6959233958
GLOBAL	IV	2084950	2094949	0.0021988084430434	302	510180	232025669	6990704263
GLOBAL	IV	2094950	2104949	5.695996457513e-05	170	7436	130547834	7069760864
GLOBAL	IV	2104950	2114949	NA	0	0	0	7145415332
GLOBAL	IV	2114950	2124949	NA	0	0	0	6993878716
GLOBAL	IV	2124950	2134949	0.00021154003808409	166	27032	127786684	7154475490
GLOBAL	IV	2134950	2144949	3.8672696904453e-05	167	4960	128255860	7171015526
GLOBAL	IV	2144950	2154949	0	33	0	24282052	6118362918
GLOBAL	IV	2154950	2164949	0	94	0	68647562	7056665974
GLOBAL	IV	2164950	2174949	2.6473317661428e-05	122	2484	93830325	7363162845
GLOBAL	IV	2174950	2184949	NA	0	0	0	7282262174
GLOBAL	IV	2184950	2194949	NA	0	0	0	7341021270
GLOBAL	IV	2194950	2204949	NA	0	0	0	7277623298
GLOBAL	IV	2204950	2214949	0.00036887482821465	154	43456	117806900	6898493050
GLOBAL	IV	2214950	2224949	0.00049814451705907	179	68540	137590594	7252138874
GLOBAL	IV	2224950	2234949	6.8776184462838e-05	47	2476	36000834	7239303026
GLOBAL	IV	2234950	2244949	NA	0	0	0	7205720720
GLOBAL	IV	2244950	2254949	NA	0	0	0	7025577702
GLOBAL	IV	2254950	2264949	0.00034375278855076	112	29416	85573124	6950055476
GLOBAL	IV	2264950	2274949	0.00024832475539522	362	68732	276782715	6466596697
GLOBAL	IV	2274950	2284949	6.8797351579821e-05	94	4952	71979515	7025500765
GLOBAL	IV	2284950	2294949	0	49	0	37493056	2660786484
GLOBAL	IV	2294950	2304949	NA	0	0	0	7148507916
GLOBAL	IV	2304950	2314949	0.00013756173811211	208	21960	159637413	7141180265
GLOBAL	IV	2314950	2324949	0.0003924477330801	601	180744	460555597	6952368251
GLOBAL	IV	2324950	2334949	0.00082463273868004	219	138612	168089373	6770122831
GLOBAL	IV	2334950	2344949	NA	0	0	0	6995425008
GLOBAL	IV	2344950	2354949	0.00030493634810598	135	31616	103680654	6755670658
GLOBAL	IV	2354950	2364949	0.00050008517703044	201	77220	154413695	6627623017
GLOBAL	IV	2364950	2374949	NA	0	0	0	2825075484
GLOBAL	IV	2374950	2384949	NA	0	0	0	4025771222
GLOBAL	IV	2384950	2394949	NA	0	0	0	7295405656
GLOBAL	IV	2394950	2404949	0	22	0	16600414	7121083458
GLOBAL	IV	2404950	2414949	NA	0	0	0	7373493402
GLOBAL	IV	2414950	2424949	0.00081988016164244	35	22064	26911250	7110772622
GLOBAL	IV	2424950	2434949	0.00013707638196144	302	31668	231024481	6424989433
GLOBAL	IV	2434950	2444949	0.0010819195183598	333	277496	256484882	6929907188
GLOBAL	IV	2444950	2454949	0.00020331656573914	427	66844	328768095	6934165429
GLOBAL	IV	2454950	2464949	NA	0	0	0	7361123066
GLOBAL	IV	2464950	2474949	0	64	0	48793488	7220325204
GLOBAL	IV	2474950	2484949	1.4845767765987e-05	217	2456	165434354	6957559744
GLOBAL	IV	2484950	2494949	0	17	0	13091565	7183351403
GLOBAL	IV	2494950	2504949	NA	0	0	0	7421428454
GLOBAL	IV	2504950	2514949	0	110	0	84532905	7134331297
GLOBAL	IV	2514950	2524949	0.0062363309711035	54	259608	41628323	7036523307
GLOBAL	IV	2524950	2534949	0.00049275339229174	163	61672	125157941	6976188069
GLOBAL	IV	2534950	2544949	0	30	0	22882526	6394229274
GLOBAL	IV	2544950	2554949	NA	0	0	0	4683718468
GLOBAL	IV	2554950	2564949	5.5815969141006e-05	115	4936	88433473	4718215209
GLOBAL	IV	2564950	2574949	0.00059718454103317	172	79028	132334303	6583211853
GLOBAL	IV	2574950	2584949	0	83	0	63972530	7130151000
GLOBAL	IV	2584950	2594949	0	34	0	26133322	6752810806
GLOBAL	IV	2594950	2604949	7.1051983181923e-05	136	7412	104317989	7025634423
GLOBAL	IV	2604950	2614949	0	40	0	30564206	7005064394
GLOBAL	IV	2614950	2624949	3.6062486909286e-05	268	7412	205532137	7051989365
GLOBAL	IV	2624950	2634949	0.0013815548059087	155	163776	118544700	7309068922
GLOBAL	IV	2634950	2644949	0	123	0	94653227	7216988495
GLOBAL	IV	2644950	2654949	0.00069118716632082	103	54648	79063968	6276196152
GLOBAL	IV	2654950	2664949	0.0021554548777174	448	737040	341941744	6852954932
GLOBAL	IV	2664950	2674949	0.0020156989700603	268	414232	205502908	6890431080
GLOBAL	IV	2674950	2684949	0.0012128566637636	546	509040	419703346	6871063434
GLOBAL	IV	2684950	2694949	0.0023395168249718	623	1109472	474231255	6566036221
GLOBAL	IV	2694950	2704949	NA	0	0	0	7283035320
GLOBAL	IV	2704950	2714949	0	14	0	10715168	6639113578
GLOBAL	IV	2714950	2724949	4.4353476957312e-05	227	7428	167472778	6234176102
GLOBAL	IV	2724950	2734949	NA	0	0	0	6367630456
GLOBAL	IV	2734950	2744949	NA	0	0	0	7300817678
GLOBAL	IV	2744950	2754949	4.2311487765301e-05	233	7412	175177012	7185946054
GLOBAL	IV	2754950	2764949	0	7	0	5382226	7092098054
GLOBAL	IV	2764950	2774949	NA	0	0	0	7323238912
GLOBAL	IV	2774950	2784949	4.6983195443443e-05	206	7440	158354491	6389418983
GLOBAL	IV	2784950	2794949	NA	0	0	0	3874234606
GLOBAL	IV	2794950	2804949	NA	0	0	0	1243218768
GLOBAL	IV	2804950	2814949	NA	0	0	0	5968687120
GLOBAL	IV	2814950	2824949	NA	0	0	0	7189484654
GLOBAL	IV	2824950	2834949	NA	0	0	0	6571741000
GLOBAL	IV	2834950	2844949	NA	0	0	0	3541008680
GLOBAL	IV	2844950	2854949	5.3916239420819e-05	240	9888	183395580	7199375574
GLOBAL	IV	2854950	2864949	0.00036815050801246	182	51292	139323453	6928777279
GLOBAL	IV	2864950	2874949	0.0020178323843782	174	269920	133767305	7152360599
GLOBAL	IV	2874950	2884949	NA	0	0	0	7353391606
GLOBAL	IV	2884950	2894949	NA	0	0	0	7534307770
GLOBAL	IV	2894950	2904949	0.00098835249208818	45	34080	34481625	7161961343
GLOBAL	IV	2904950	2914949	0.0083003687625131	169	1072360	129194260	6963647144
GLOBAL	IV	2914950	2924949	0.0087541934998286	71	479200	54739480	7013361252
GLOBAL	IV	2924950	2934949	0.0067596067506631	721	3752984	555207446	6624226310
GLOBAL	IV	2934950	2944949	0.0073069224197492	297	1664684	227822865	6738222595
GLOBAL	IV	2944950	2954949	NA	0	0	0	7153146792
GLOBAL	IV	2954950	2964949	0.00063580093248234	99	47840	75243677	7287425681
GLOBAL	IV	2964950	2974949	0.00065450765892386	124	61568	94067654	7033565320
GLOBAL	IV	2974950	2984949	0	119	0	86723634	6295596596
GLOBAL	IV	2984950	2994949	NA	0	0	0	6888730860
GLOBAL	IV	2994950	3004949	NA	0	0	0	6159654182
GLOBAL	IV	3004950	3014949	NA	0	0	0	2927903902
GLOBAL	IV	3014950	3024949	NA	0	0	0	1813027370
GLOBAL	IV	3024950	3034949	NA	0	0	0	2239030816
GLOBAL	IV	3034950	3044949	0.00011210028051415	29	2468	22016002	4432851250
GLOBAL	IV	3044950	3054949	0.00027519175168858	185	38876	141268769	6425060209
GLOBAL	IV	3054950	3064949	0.0084009798165716	50	321660	38288391	7200677607
GLOBAL	IV	3064950	3074949	0.0027283781880856	133	278560	102097283	6516032477
GLOBAL	IV	3074950	3084949	0.00044634800264285	368	125908	282084829	6887298029
GLOBAL	IV	3084950	3094949	8.117803937763e-05	433	26884	331173310	7019125712
GLOBAL	IV	3094950	3104949	0.00027383747336773	59	12180	44478938	7161241782
GLOBAL	IV	3104950	3114949	0	1	0	770661	7037950523
GLOBAL	IV	3114950	3124949	NA	0	0	0	6796726486
GLOBAL	IV	3124950	3134949	NA	0	0	0	7228915100
GLOBAL	IV	3134950	3144949	NA	0	0	0	7364988796
GLOBAL	IV	3144950	3154949	NA	0	0	0	6949036248
GLOBAL	IV	3154950	3164949	0.00027374663523178	175	36716	134124023	6885268511
GLOBAL	IV	3164950	3174949	0	155	0	118953377	6998628699
GLOBAL	IV	3174950	3184949	NA	0	0	0	7304683408
GLOBAL	IV	3184950	3194949	NA	0	0	0	6982281526
GLOBAL	IV	3194950	3204949	NA	0	0	0	7437664520
GLOBAL	IV	3204950	3214949	NA	0	0	0	6935892766
GLOBAL	IV	3214950	3224949	0.0033972726603973	158	410464	120821624	7116598082
GLOBAL	IV	3224950	3234949	0	54	0	41110329	6964365577
GLOBAL	IV	3234950	3244949	NA	0	0	0	5112041352
GLOBAL	IV	3244950	3254949	NA	0	0	0	6799045924
GLOBAL	IV	3254950	3264949	0.0024865929553762	166	317372	127633274	7102054972
GLOBAL	IV	3264950	3274949	0	37	0	27237505	7394964095
GLOBAL	IV	3274950	3284949	0	100	0	76403802	7152511298
GLOBAL	IV	3284950	3294949	NA	0	0	0	7302363970
GLOBAL	IV	3294950	3304949	0	94	0	72214626	7212366986
GLOBAL	IV	3304950	3314949	5.5733026040605e-05	58	2480	44497853	7042931529
GLOBAL	IV	3314950	3324949	0	72	0	55039735	6765654277
GLOBAL	IV	3324950	3334949	0.00046193358126808	90	31616	68442740	6964093276
GLOBAL	IV	3334950	3344949	0.00051899494740668	37	14736	28393340	6377894416
GLOBAL	IV	3344950	3354949	0.00016606565748487	135	17192	103525318	6922825530
GLOBAL	IV	3354950	3364949	0.00057287736722768	177	77352	135023662	6681804620
GLOBAL	IV	3364950	3374949	0	42	0	32333120	7160244118
GLOBAL	IV	3374950	3384949	0.0022605953705479	245	424012	187566517	6843423207
GLOBAL	IV	3384950	3394949	0.00022882211866983	578	100932	441093722	6464646350
GLOBAL	IV	3394950	3404949	0.00079388150781139	52	31616	39824583	7216923773
GLOBAL	IV	3404950	3414949	9.983296448034e-05	165	12324	123446199	6843372407
GLOBAL	IV	3414950	3424949	0	141	0	108087016	7151753924
GLOBAL	IV	3424950	3434949	0.0025317006107539	197	381480	150681324	7153228938
GLOBAL	IV	3434950	3444949	1.6751205945071e-05	192	2452	146377521	7282009247
GLOBAL	IV	3444950	3454949	1.8414926170885e-05	175	2480	134673361	7146815667
GLOBAL	IV	3454950	3464949	0.010622370097574	29	235064	22129148	6948555188
GLOBAL	IV	3464950	3474949	0	86	0	66014936	6816530756
GLOBAL	IV	3474950	3484949	1.8047620416129e-05	179	2468	136749330	7007119710
GLOBAL	IV	3484950	3494949	0	45	0	34363357	7300472745
GLOBAL	IV	3494950	3504949	0.00017627814222282	109	14796	83935534	7164308216
GLOBAL	IV	3504950	3514949	0	257	0	196509756	7118997696
GLOBAL	IV	3514950	3524949	0	32	0	24349718	7019010342
GLOBAL	IV	3524950	3534949	0.00028982108573528	996	221796	765285933	6236324243
GLOBAL	IV	3534950	3544949	0	1	0	760761	7304695793
GLOBAL	IV	3544950	3554949	0	101	0	76668637	7033955125
GLOBAL	IV	3554950	3564949	NA	0	0	0	7327877788
GLOBAL	IV	3564950	3574949	NA	0	0	0	7025577702
GLOBAL	IV	3574950	3584949	NA	0	0	0	6804457946
GLOBAL	IV	3584950	3594949	0.00098801537725737	110	83564	84577631	7273452851
GLOBAL	IV	3594950	3604949	0.00086108347374877	244	161440	187484727	6932416787
GLOBAL	IV	3604950	3614949	0.00032251366466686	269	66432	205981970	7065456160
GLOBAL	IV	3614950	3624949	0.00015607253594323	247	29640	189911696	7338210906
GLOBAL	IV	3624950	3634949	NA	0	0	0	7204947574
GLOBAL	IV	3634950	3644949	NA	0	0	0	7197989260
GLOBAL	IV	3644950	3654949	0.00040268751814048	112	34048	84551913	7151321501
GLOBAL	IV	3654950	3664949	0.00019418071919809	549	81748	420989274	7048374232
GLOBAL	IV	3664950	3674949	2.4301918415577e-05	265	4940	203276133	7017134361
GLOBAL	IV	3674950	3684949	8.4382842545691e-05	227	14700	174206030	7114241312
GLOBAL	IV	3684950	3694949	0.00019807928759021	432	65576	331059349	7266646393
GLOBAL	IV	3694950	3704949	9.1978368571391e-05	175	12344	134205468	7113265136
GLOBAL	IV	3704950	3714949	0	94	0	72055012	7007642910
GLOBAL	IV	3714950	3724949	0.00048454290587206	221	82032	169297701	7179455029
GLOBAL	IV	3724950	3734949	5.3076265569414e-05	121	4944	93148980	7224677910
GLOBAL	IV	3734950	3744949	0	163	0	123722480	6836910958
GLOBAL	IV	3744950	3754949	0.0042640547003236	118	379696	89045762	7067193614
GLOBAL	IV	3754950	3764949	0.00053165104200241	211	86160	162061189	7064534473
GLOBAL	IV	3764950	3774949	0.00026038752180832	297	59336	227875743	7068303059
GLOBAL	IV	3774950	3784949	4.9966869550355e-05	129	4924	98545297	6935537011
GLOBAL	IV	3784950	3794949	0.00021089212124078	739	119660	567399101	6672340043
GLOBAL	IV	3794950	3804949	6.2739966891213e-05	357	17160	273509867	7003340285
GLOBAL	IV	3804950	3814949	NA	0	0	0	6792860756
GLOBAL	IV	3814950	3824949	NA	0	0	0	7060369272
GLOBAL	IV	3824950	3834949	0	48	0	36870371	7289461125
GLOBAL	IV	3834950	3844949	1.8508717947044e-05	350	4968	268414053	7101986765
GLOBAL	IV	3844950	3854949	0.0002116321546265	372	60372	285268560	7076627652
GLOBAL	IV	3854950	3864949	0.0008581211056321	577	379120	441802442	6789432096
GLOBAL	IV	3864950	3874949	0.0012760662791976	635	621424	486984109	6833935365
GLOBAL	IV	3874950	3884949	0.00097131223818616	246	183076	188483160	6873432404
GLOBAL	IV	3884950	3894949	NA	0	0	0	6519940218
GLOBAL	IV	3894950	3904949	0.0008605085142282	97	64152	74551267	7138900913
GLOBAL	IV	3904950	3914949	0.00010838777006008	324	26884	248035364	6929852100
GLOBAL	IV	3914950	3924949	0	182	0	139891753	6920477519
GLOBAL	IV	3924950	3934949	0.00021681603014735	359	59020	272212345	6970619383
GLOBAL	IV	3934950	3944949	0.00059431318347218	717	328192	552220629	6689837953
GLOBAL	IV	3944950	3954949	NA	0	0	0	7453900586
GLOBAL	IV	3954950	3964949	2.2156905096883e-05	583	9924	447896489	6997499491
GLOBAL	IV	3964950	3974949	0.00023695212223649	465	83512	352442507	7021050895
GLOBAL	IV	3974950	3984949	NA	0	0	0	6843115246
GLOBAL	IV	3984950	3994949	0.00023192837276785	179	31408	135421120	6903300064
GLOBAL	IV	3994950	4004949	NA	0	0	0	7108304324
GLOBAL	IV	4004950	4014949	0.00036029761753987	248	68688	190642393	6882097215
GLOBAL	IV	4014950	4024949	4.2780527897892e-05	226	7428	173630396	6865090788
GLOBAL	IV	4024950	4034949	0.0004954154875391	247	92800	187317519	7129736225
GLOBAL	IV	4034950	4044949	0	77	0	59027121	7311373697
GLOBAL	IV	4044950	4054949	1.6465186416483e-05	391	4952	300755781	6959858305
GLOBAL	IV	4054950	4064949	8.7425011927039e-05	367	24696	282482089	6970400537
GLOBAL	IV	4064950	4074949	0	553	0	424927616	6769969060
GLOBAL	IV	4074950	4084949	0	42	0	32333316	7321058290
GLOBAL	IV	4084950	4094949	0.00045496951047239	105	36700	80664746	7245666750
GLOBAL	IV	4094950	4104949	0.00014405461239412	90	9912	68807238	7054186860
GLOBAL	IV	4104950	4114949	0	71	0	54366021	6840550007
GLOBAL	IV	4114950	4124949	0.00010291121500492	311	24552	238574581	6909933335
GLOBAL	IV	4124950	4134949	1.7573861614035e-05	550	7420	422217960	6703868722
GLOBAL	IV	4134950	4144949	0.00024674531478804	166	31460	127499888	7065077350
GLOBAL	IV	4144950	4154949	0	7	0	5412022	7206493866
GLOBAL	IV	4154950	4164949	0.0002989140577748	443	101872	340806989	7075209443
GLOBAL	IV	4164950	4174949	0.00051547220155716	286	113448	220085583	7053671985
GLOBAL	IV	4174950	4184949	NA	0	0	0	7199535552
GLOBAL	IV	4184950	4194949	0.00025521366191545	257	50400	197481591	7219307987
GLOBAL	IV	4194950	4204949	0.0011325067599975	146	126992	112133547	6894888651
GLOBAL	IV	4204950	4214949	0	229	0	176170531	7070526927
GLOBAL	IV	4214950	4224949	1.3578006958099e-05	238	2460	181175338	7282003000
GLOBAL	IV	4224950	4234949	5.5860551112963e-05	173	7444	133260411	7398727921
GLOBAL	IV	4234950	4244949	0.00033542236851026	303	78292	233413175	7077455401
GLOBAL	IV	4244950	4254949	0.001162697013409	438	390796	336111640	7056710412
GLOBAL	IV	4254950	4264949	0.0032863294833278	135	340420	103586692	7112958072
GLOBAL	IV	4264950	4274949	0.0009572207294841	587	429956	449171217	7037201501
GLOBAL	IV	4274950	4284949	0.0001626812326042	482	60232	370245535	6983146071
GLOBAL	IV	4284950	4294949	1.5146915136663e-05	426	4960	327459417	6566683465
GLOBAL	IV	4294950	4304949	0.0007056959263429	253	137168	194372668	6972690752
GLOBAL	IV	4304950	4314949	0	90	0	69240654	7159674446
GLOBAL	IV	4314950	4324949	NA	0	0	0	7042586914
GLOBAL	IV	4324950	4334949	0.0050696437086321	158	612556	120828215	6722287031
GLOBAL	IV	4334950	4344949	0.0057350961146575	103	451632	78748811	6684732397
GLOBAL	IV	4344950	4354949	0.0025972228109277	118	235416	90641434	6813552346
GLOBAL	IV	4354950	4364949	0.004436347071494	379	1291324	291078218	6695069038
GLOBAL	IV	4364950	4374949	0.0044333044937847	160	545512	123048620	6947371550
GLOBAL	IV	4374950	4384949	0.0029022540769319	95	210788	72629065	6890323811
GLOBAL	IV	4384950	4394949	0.0051907961207962	360	1431408	275758856	6493907520
GLOBAL	IV	4394950	4404949	0.0060558521418547	192	889544	146889980	6973011534
GLOBAL	IV	4404950	4414949	0.0051100587801471	680	2659712	520485598	6753271970
GLOBAL	IV	4414950	4424949	0.0055515455438849	945	4033896	726625760	6792992236
GLOBAL	IV	4424950	4434949	0.0039200976640907	455	1370148	349518843	6759558627
GLOBAL	IV	4434950	4444949	0.0056223819744976	365	1576120	280329584	6933895742
GLOBAL	IV	4444950	4454949	0.006487851102222	212	1056636	162863787	6861167623
GLOBAL	IV	4454950	4464949	0.020140673099878	509	7839828	389253525	6525764299
GLOBAL	IV	4464950	4474949	0.016191200495032	68	842176	52014426	6901660698
GLOBAL	IV	4474950	4484949	0	6	0	4616539	6908081847
GLOBAL	IV	4484950	4494949	0.028132140023413	532	11520768	409523342	6784600188
GLOBAL	IV	4494950	4504949	0.028253090289727	67	1455476	51515639	7170441147
GLOBAL	IV	4504950	4514949	0.020519002466664	271	4214164	205378600	6286728362
GLOBAL	IV	4514950	4524949	NA	0	0	0	6736421098
GLOBAL	IV	4524950	4534949	0.015877142111408	190	2319520	146091783	6880259065
GLOBAL	IV	4534950	4544949	0.030117560457574	368	8510860	282587961	6921586467
GLOBAL	IV	4544950	4554949	0.021472769273519	215	3550488	165348398	6886516268
GLOBAL	IV	4554950	4564949	0.017212413820651	280	3700652	214999014	6702338248
GLOBAL	IV	4564950	4574949	0.019802008453465	155	2331444	117737754	7049325666
GLOBAL	IV	4574950	4584949	0.03470571431015	326	8675920	249985346	6848268080
GLOBAL	IV	4584950	4594949	0.024296281043719	277	5155900	212209432	6767752656
GLOBAL	IV	4594950	4604949	0.015355157997102	158	1807240	117695956	6868451300
GLOBAL	IV	4604950	4614949	0.021754049133276	276	4613724	212085758	6966574852
GLOBAL	IV	4614950	4624949	NA	0	0	0	6669930542
GLOBAL	IV	4624950	4634949	0.025018913125602	115	2203212	88061859	6869478995
GLOBAL	IV	4634950	4644949	0.016706241494274	210	2677288	160256752	6833621964
GLOBAL	IV	4644950	4654949	0.031372116237396	218	5248800	167307808	6696682380
GLOBAL	IV	4654950	4664949	0.017737626169396	360	4884160	275355899	6525236317
GLOBAL	IV	4664950	4674949	0.012715194366811	325	3163288	248780153	6650774751
GLOBAL	IV	4674950	4684949	0.0052100014774209	116	464288	89114754	5997090558
GLOBAL	IV	4684950	4694949	0.0024499745113446	162	304528	124298436	7198167330
GLOBAL	IV	4694950	4704949	0.00021576276934727	224	37072	171818336	7019212610
GLOBAL	IV	4704950	4714949	0.0005395426087336	265	109620	203172091	7196608275
GLOBAL	IV	4714950	4724949	0.00044356281915941	567	193148	435446777	6810477535
GLOBAL	IV	4724950	4734949	0.00066256371212599	275	140332	211801518	6782077198
GLOBAL	IV	4734950	4744949	0	11	0	8437691	7042653829
GLOBAL	IV	4744950	4754949	0.0074341602430386	803	4586948	617009568	6116318946
GLOBAL	IV	4754950	4764949	0.045039356396066	1368	46490308	1032215194	5977899588
GLOBAL	IV	4764950	4774949	0.04852108198557	964	35320068	727932407	6092761605
GLOBAL	IV	4774950	4784949	0.034030592220549	532	13739272	403732968	6339646444
GLOBAL	IV	4784950	4794949	NA	0	0	0	6659106498
GLOBAL	IV	4794950	4804949	0.023342826318341	42	747588	32026456	6551311734
GLOBAL	IV	4804950	4814949	0.048363558747298	62	2248636	46494428	4193438236
GLOBAL	IV	4814950	4824949	NA	0	0	0	3690225858
GLOBAL	IV	4824950	4834949	NA	0	0	0	1813800516
GLOBAL	IV	4834950	4844949	NA	0	0	0	2170993968
GLOBAL	IV	4844950	4854949	0.053259533046732	66	2525156	47412282	4907680432
GLOBAL	IV	4854950	4864949	NA	0	0	0	6747245142
GLOBAL	IV	4864950	4874949	NA	0	0	0	7004702760
GLOBAL	IV	4874950	4884949	0.049976922076513	491	18836260	376899161	6648678541
GLOBAL	IV	4884950	4894949	NA	0	0	0	6851619852
GLOBAL	IV	4894950	4904949	0.032410389189803	263	6431404	198436494	6792349638
GLOBAL	IV	4904950	4914949	0.036275695478897	615	17118848	471909574	6237451414
GLOBAL	IV	4914950	4924949	0.051159057246658	356	13966556	273002607	6475788827
GLOBAL	IV	4924950	4934949	0.043938436267068	192	6434872	146452003	6607751453
GLOBAL	IV	4934950	4944949	0.051022936163923	230	9021236	176807465	6867325741
GLOBAL	IV	4944950	4954949	0.024981244092588	39	750400	30038536	6319809562
GLOBAL	IV	4954950	4964949	0.041989329539136	305	9858472	234785173	6149081349
GLOBAL	IV	4964950	4974949	0.060274057287667	260	12054812	200000009	6934591279
GLOBAL	IV	4974950	4984949	0.010992765177933	362	3041172	276652139	7031896999
GLOBAL	IV	4984950	4994949	0.00181211355977	82	114592	63236655	7143257211
GLOBAL	IV	4994950	5004949	0.013771432804709	273	2770184	201154378	7012297802
GLOBAL	IV	5004950	5014949	0.0076777643140022	736	4345648	566004350	6676054232
GLOBAL	IV	5014950	5024949	0.0080709590509266	279	1723484	213541413	6869249093
GLOBAL	IV	5024950	5034949	0.032558689195162	237	5925900	182006713	7018301985
GLOBAL	IV	5034950	5044949	0.039330817810394	433	13068876	332280810	6537121400
GLOBAL	IV	5044950	5054949	0.048054870290662	234	8638936	179772330	7011258616
GLOBAL	IV	5054950	5064949	NA	0	0	0	6833064348
GLOBAL	IV	5064950	5074949	0.033875261957185	307	7990712	235886353	6702325851
GLOBAL	IV	5074950	5084949	NA	0	0	0	6351394390
GLOBAL	IV	5084950	5094949	0.059916243310669	154	7034156	117399817	6885756651
GLOBAL	IV	5094950	5104949	0.059532155367514	217	9928156	166769638	6292865192
GLOBAL	IV	5104950	5114949	0.025181524533121	553	10696904	424791755	6698975489
GLOBAL	IV	5114950	5124949	2.6725145660409e-05	121	2476	92646829	6526256077
GLOBAL	IV	5124950	5134949	0.021148128589929	516	8398148	397110693	6744438909
GLOBAL	IV	5134950	5144949	0.05309695732649	122	4870824	91734522	7266295960
GLOBAL	IV	5144950	5154949	0.030454726056402	347	8055948	264522097	6548440455
GLOBAL	IV	5154950	5164949	0.0032240042130378	587	1456744	451843082	6779391456
GLOBAL	IV	5164950	5174949	0.0026372085013274	419	848276	321656782	7030961678
GLOBAL	IV	5174950	5184949	0.00041973252712682	453	146180	348269411	6861317039
GLOBAL	IV	5184950	5194949	0.0017349280461906	542	720436	415254109	6720110325
GLOBAL	IV	5194950	5204949	0.0051779396010801	228	905620	174899684	7317658202
GLOBAL	IV	5204950	5214949	0.0034598375272411	237	630184	182142657	6959406945
GLOBAL	IV	5214950	5224949	0.0001473895242483	607	68576	465270516	6980898610
GLOBAL	IV	5224950	5234949	0.00033355136723886	514	132076	395968996	7016181706
GLOBAL	IV	5234950	5244949	0	69	0	52529581	7220454841
GLOBAL	IV	5244950	5254949	0.0013641629187639	345	361188	264768962	6443045734
GLOBAL	IV	5254950	5264949	NA	0	0	0	7165517128
GLOBAL	IV	5264950	5274949	0.0012988716835607	182	181560	139782861	6816211701
GLOBAL	IV	5274950	5284949	0.0015555339733279	371	443452	285080241	6609835787
GLOBAL	IV	5284950	5294949	1.6878101304022e-05	190	2464	145987985	7196579577
GLOBAL	IV	5294950	5304949	0.00010136480169372	157	12240	120751975	7126718629
GLOBAL	IV	5304950	5314949	NA	0	0	0	7397460928
GLOBAL	IV	5314950	5324949	0.0015084942983423	340	393604	260925083	7125711801
GLOBAL	IV	5324950	5334949	0.0017282374277248	295	390900	226184200	7399354798
GLOBAL	IV	5334950	5344949	0.0006642545957385	859	438484	660114364	6736573418
GLOBAL	IV	5344950	5354949	0.0002308488678945	219	38896	168491188	6816109776
GLOBAL	IV	5354950	5364949	NA	0	0	0	6790541318
GLOBAL	IV	5364950	5374949	0	377	0	289383673	7231007469
GLOBAL	IV	5374950	5384949	NA	0	0	0	6974550066
GLOBAL	IV	5384950	5394949	NA	0	0	0	7317826890
GLOBAL	IV	5394950	5404949	NA	0	0	0	7228141954
GLOBAL	IV	5404950	5414949	0	212	0	162440680	7136057560
GLOBAL	IV	5414950	5424949	0	2	0	1546292	7313961160
GLOBAL	IV	5424950	5434949	2.7369925252386e-05	472	9904	361857035	6816803575
GLOBAL	IV	5434950	5444949	0.00033709407779838	197	50864	150889628	6474198446
GLOBAL	IV	5444950	5454949	NA	0	0	0	7306229700
GLOBAL	IV	5454950	5464949	1.5823933790317e-05	205	2484	156977401	6838447607
GLOBAL	IV	5464950	5474949	NA	0	0	0	7185618924
GLOBAL	IV	5474950	5484949	0.00098321515739112	166	125632	127776712	7031555248
GLOBAL	IV	5484950	5494949	0.00022841385258691	180	31512	137960109	7043793085
GLOBAL	IV	5494950	5504949	NA	0	0	0	6686939754
GLOBAL	IV	5504950	5514949	0.003010931182029	282	639140	212273201	6704290915
GLOBAL	IV	5514950	5524949	0.0028696507491798	217	478888	166880238	7116928228
GLOBAL	IV	5524950	5534949	0.0031967882467732	402	986744	308667301	6910196901
GLOBAL	IV	5534950	5544949	0.0024446928208863	340	639016	261389077	6314990799
GLOBAL	IV	5544950	5554949	0.0054644009032377	260	1088048	199115698	6725179878
GLOBAL	IV	5554950	5564949	0.0059500878542382	332	1510904	253929696	6767009130
GLOBAL	IV	5564950	5574949	0.0015821575803129	1089	1325228	837608097	6414501383
GLOBAL	IV	5574950	5584949	0.0060262460981351	373	1708464	283503855	7014221239
GLOBAL	IV	5584950	5594949	0.010138064405235	657	5119228	504951221	6686079725
GLOBAL	IV	5594950	5604949	0.035403229776512	130	3537536	99921279	7016887651
GLOBAL	IV	5604950	5614949	0.042308151972808	489	15900480	375825444	6610321812
GLOBAL	IV	5614950	5624949	0.03696818713364	354	10037296	271511718	6260798836
GLOBAL	IV	5624950	5634949	0.024528232062142	322	6026828	245709841	6482979797
GLOBAL	IV	5634950	5644949	0.010841653318047	595	4946268	456228202	6403896256
GLOBAL	IV	5644950	5654949	0.020432070315274	165	2590956	126808295	6441840121
GLOBAL	IV	5654950	5664949	0.034720524924002	299	7933512	228496315	6408962095
GLOBAL	IV	5664950	5674949	0.036326439169052	100	2789392	76786827	6445472829
GLOBAL	IV	5674950	5684949	0.012865270585432	42	413364	32130222	6402763936
GLOBAL	IV	5684950	5694949	NA	0	0	0	7215771618
GLOBAL	IV	5694950	5704949	0	13	0	9939381	7170267521
GLOBAL	IV	5704950	5714949	0.033471867097768	581	14965164	447096780	6488795986
GLOBAL	IV	5714950	5724949	0.03624622529119	451	12584724	347200954	6410095086
GLOBAL	IV	5724950	5734949	0.030768162282836	541	12682656	412200634	6479622810
GLOBAL	IV	5734950	5744949	0.057059021548281	296	12817564	224636940	6610746846
GLOBAL	IV	5744950	5754949	0.044455764303026	350	11978072	269437995	6831134869
GLOBAL	IV	5754950	5764949	0.042705068318826	403	13229888	309796671	6382555105
GLOBAL	IV	5764950	5774949	0.047981969093574	387	14245676	296896444	6508334648
GLOBAL	IV	5774950	5784949	0.042009152493467	596	19188592	456771700	6544065330
GLOBAL	IV	5784950	5794949	0	1	0	768180	7088980640
GLOBAL	IV	5794950	5804949	NA	0	0	0	7123767244
GLOBAL	IV	5804950	5814949	0.026250098777049	119	2407704	91721712	7060651934
GLOBAL	IV	5814950	5824949	0.050673959595637	164	6374452	125793446	6651604390
GLOBAL	IV	5824950	5834949	0.03176194401123	1283	31298644	985413361	6185515789
GLOBAL	IV	5834950	5844949	0.028446556847219	125	2738680	96274569	6749933261
GLOBAL	IV	5844950	5854949	0.030254730610001	733	17057672	563801814	6322609608
GLOBAL	IV	5854950	5864949	0.020287140091811	682	10634204	524184481	6717100955
GLOBAL	IV	5864950	5874949	0.025243967580083	195	3787044	150017781	6700055779
GLOBAL	IV	5874950	5884949	0.0054216888436847	464	1939368	357705515	6957028791
GLOBAL	IV	5884950	5894949	0.00068315185890292	732	385108	563722392	6933474370
GLOBAL	IV	5894950	5904949	0.0020422730876627	311	488420	239155088	6262229626
GLOBAL	IV	5904950	5914949	0.0016535547585876	568	722084	436685871	6917478881
GLOBAL	IV	5914950	5924949	0.0012186625412527	444	357392	293265763	6137762665
GLOBAL	IV	5924950	5934949	0.0010860664505052	1150	942196	867530711	6274792037
GLOBAL	IV	5934950	5944949	0.00012380408375739	748	70756	571515881	6638843715
GLOBAL	IV	5944950	5954949	0.00027016655337235	594	123048	455452381	6815212603
GLOBAL	IV	5954950	5964949	2.2587004781089e-05	571	9908	438659313	6953389593
GLOBAL	IV	5964950	5974949	0.0010492551823283	442	356592	339852503	6919215291
GLOBAL	IV	5974950	5984949	0.0001606179808025	796	98284	611911565	6623188703
GLOBAL	IV	5984950	5994949	1.7893649031304e-05	357	4904	274063719	7025980813
GLOBAL	IV	5994950	6004949	6.0684633248631e-05	369	17220	283762117	6757278505
GLOBAL	IV	6004950	6014949	0.0011268850720353	416	360364	319787713	7018140973
GLOBAL	IV	6014950	6024949	0.00053424223959687	639	262176	490743675	6831722091
GLOBAL	IV	6024950	6034949	0.0019705734069045	618	921844	467804953	6782758235
GLOBAL	IV	6034950	6044949	0.02853664173957	149	3277120	114839021	7017432829
GLOBAL	IV	6044950	6054949	0.011144933901325	894	7665184	687772944	6538822718
GLOBAL	IV	6054950	6064949	0.019948158136181	497	7624740	382227770	6675822064
GLOBAL	IV	6064950	6074949	0.025702708963519	422	8319948	323699265	6825581797
GLOBAL	IV	6074950	6084949	NA	0	0	0	6985374110
GLOBAL	IV	6084950	6094949	0.012251251275028	258	2428240	198203428	7044628300
GLOBAL	IV	6094950	6104949	0.0060719718203394	198	915492	150773427	7051081563
GLOBAL	IV	6104950	6114949	0.0100872440337	530	4118164	408254622	6503670618
GLOBAL	IV	6114950	6124949	0.0037661119329026	210	608304	161520425	7150894443
GLOBAL	IV	6124950	6134949	0.0060909372817519	620	2901540	476370034	6815169892
GLOBAL	IV	6134950	6144949	0.017228233158007	475	6294224	365343558	6896816820
GLOBAL	IV	6144950	6154949	0.02378038476427	607	11098440	466705653	6583612721
GLOBAL	IV	6154950	6164949	0.0098367881764278	557	4182136	425152593	6661503643
GLOBAL	IV	6164950	6174949	0.0032458515198081	636	1586124	488661909	6925808231
GLOBAL	IV	6174950	6184949	0.00037730432877415	222	64468	170864724	7293859906
GLOBAL	IV	6184950	6194949	NA	0	0	0	4503575450
GLOBAL	IV	6194950	6204949	NA	0	0	0	4758713630
GLOBAL	IV	6204950	6214949	2.6607946877863e-05	360	7356	276458760	6981062742
GLOBAL	IV	6214950	6224949	0.010436587703785	718	5757244	551640456	6550478700
GLOBAL	IV	6224950	6234949	0.017570108563148	351	4734044	269437379	6804075375
GLOBAL	IV	6234950	6244949	0.0083612932265699	231	1482792	177340031	6570678257
GLOBAL	IV	6244950	6254949	0.00032684972673853	392	98224	300517308	6838712856
GLOBAL	IV	6254950	6264949	0.00017621101299708	581	78692	446578217	6870475527
GLOBAL	IV	6264950	6274949	0.00029517470876914	456	103188	349582796	6848406464
GLOBAL	IV	6274950	6284949	0.00030685490779377	527	124020	404164955	6698727347
GLOBAL	IV	6284950	6294949	0	152	0	116760382	7034066972
GLOBAL	IV	6294950	6304949	2.2666378438074e-05	285	4960	218826312	7246671464
GLOBAL	IV	6304950	6314949	2.7795646340747e-05	231	4952	178157397	7381664191
GLOBAL	IV	6314950	6324949	7.2279373371522e-05	309	17164	237467471	7007683695
GLOBAL	IV	6324950	6334949	0	118	0	90831991	6685792699
GLOBAL	IV	6334950	6344949	NA	0	0	0	7344113854
GLOBAL	IV	6344950	6354949	NA	0	0	0	7128406120
GLOBAL	IV	6354950	6364949	0	43	0	33106266	7176480184
GLOBAL	IV	6364950	6374949	0.00019739605295495	425	64356	326024756	6874283942
GLOBAL	IV	6374950	6384949	0.00073808814001656	442	250956	340008173	6952304899
GLOBAL	IV	6384950	6394949	0	104	0	79837926	6491903074
GLOBAL	IV	6394950	6404949	0.00015900622603439	101	12340	77607024	7354645474
GLOBAL	IV	6404950	6414949	0.00054151575015024	444	184704	341087032	6739384036
GLOBAL	IV	6414950	6424949	1.0662856564757e-05	603	4936	462915352	6892795692
GLOBAL	IV	6424950	6434949	0.0011469903749137	643	565184	492753917	6737707475
GLOBAL	IV	6434950	6444949	9.784531064746e-05	907	68096	695955683	6753306027
GLOBAL	IV	6444950	6454949	0.0041655880282067	112	358416	86042114	7143646132
GLOBAL	IV	6454950	6464949	0.0014928582200563	689	792104	530595598	6782592416
GLOBAL	IV	6464950	6474949	8.1094830234193e-05	553	34496	425378534	6844513304
GLOBAL	IV	6474950	6484949	0.00021568327311479	479	79560	368874224	6885554694
GLOBAL	IV	6484950	6494949	0	19	0	14555924	7239099848
GLOBAL	IV	6494950	6504949	0.00049612292786411	385	146816	295926658	6937627318
GLOBAL	IV	6504950	6514949	0.00054870459702471	344	145176	264579522	7210969152
GLOBAL	IV	6514950	6524949	2.6843771116553e-05	480	9920	369545693	6985392205
GLOBAL	IV	6524950	6534949	0.00027196412034625	329	68788	252930423	7261275551
GLOBAL	IV	6534950	6544949	0.00024449007255368	181	33992	139032230	7238326902
GLOBAL	IV	6544950	6554949	0.00028388940826344	867	189428	667259836	6721696486
GLOBAL	IV	6554950	6564949	0.00031135119837297	337	80548	258704641	7038247307
GLOBAL	IV	6564950	6574949	0.00021942138875161	678	114400	521371233	6850575877
GLOBAL	IV	6574950	6584949	0.00015803884841507	201	24480	154898623	7256478933
GLOBAL	IV	6584950	6594949	0.00020266679975645	515	80208	395762898	6905827926
GLOBAL	IV	6594950	6604949	0	49	0	37611676	7304182740
GLOBAL	IV	6604950	6614949	0.0010115951852658	440	341260	337348383	6772502233
GLOBAL	IV	6614950	6624949	3.0590024918773e-05	211	4956	162013598	7005049822
GLOBAL	IV	6624950	6634949	0.00095056818185569	276	201600	212083682	6934877942
GLOBAL	IV	6634950	6644949	0.00032158738328342	493	121828	378833270	6830753180
GLOBAL	IV	6644950	6654949	0.00012183675470449	314	29444	241667632	7025131622
GLOBAL	IV	6654950	6664949	0.00015550838277073	599	71696	461042670	6798025124
GLOBAL	IV	6664950	6674949	0.00050520531380713	494	191696	379441773	6755922661
GLOBAL	IV	6674950	6684949	5.3732128904768e-05	180	7416	138017982	7291915078
GLOBAL	IV	6684950	6694949	0.0004726673723131	421	152736	323136330	6830010462
GLOBAL	IV	6694950	6704949	0	282	0	216814270	7015966560
GLOBAL	IV	6704950	6714949	0.00052941270229869	757	307768	581338526	6785969708
GLOBAL	IV	6714950	6724949	0.0010829250991596	528	440312	406595064	6793713634
GLOBAL	IV	6724950	6734949	7.9304100780682e-05	644	39272	495207683	6783188761
GLOBAL	IV	6734950	6744949	9.2162513603704e-05	1251	88676	962169938	6105157648
GLOBAL	IV	6744950	6754949	4.1451916535024e-05	771	24520	591528741	6456470195
GLOBAL	IV	6754950	6764949	0.001811024515172	271	376968	208151793	6859175793
GLOBAL	IV	6764950	6774949	2.9233903722067e-05	440	9896	338511069	7123894123
GLOBAL	IV	6774950	6784949	0.00033761485896423	667	173088	512678857	6824476683
GLOBAL	IV	6784950	6794949	0.00034069773814302	871	228628	671058168	6681560292
GLOBAL	IV	6794950	6804949	0.00033486353291943	95	24480	73104407	6913042849
GLOBAL	IV	6804950	6814949	7.5272494743518e-05	843	48808	648417462	6763733240
GLOBAL	IV	6814950	6824949	0.00016307492325805	862	108276	663964746	6818542242
GLOBAL	IV	6824950	6834949	0.00022718028073659	966	169164	744624487	6692266887
GLOBAL	IV	6834950	6844949	7.2538868022932e-05	698	39012	537808227	6892124833
GLOBAL	IV	6844950	6854949	2.2063438702093e-05	435	7364	333764836	6891284534
GLOBAL	IV	6854950	6864949	0.00084503226256687	455	296424	350784240	7275527904
GLOBAL	IV	6864950	6874949	0.00010462668980896	362	29184	278934563	7372118253
GLOBAL	IV	6874950	6884949	0.00061931393023215	567	269844	435714404	6813302492
GLOBAL	IV	6884950	6894949	NA	0	0	0	7056503542
GLOBAL	IV	6894950	6904949	6.4954802371151e-05	296	14796	227789162	6663261136
GLOBAL	IV	6904950	6914949	0.00010900130914188	264	22068	202456284	6947597924
GLOBAL	IV	6914950	6924949	0.001275665085664	271	264552	207383586	7177707006
GLOBAL	IV	6924950	6934949	4.9514111854302e-05	839	32024	646765110	6819505812
GLOBAL	IV	6934950	6944949	5.6537708424729e-05	730	31788	562244224	6877739734
GLOBAL	IV	6944950	6954949	0	27	0	20770772	7345764316
GLOBAL	IV	6954950	6964949	0.00017164550827264	167	22032	128357568	6891808112
GLOBAL	IV	6964950	6974949	0.0011676265047215	218	196080	167930412	7182368610
GLOBAL	IV	6974950	6984949	2.5530081047939e-05	628	12324	482724672	6930972322
GLOBAL	IV	6984950	6994949	0.00067285138202816	455	235676	350264570	7064978716
GLOBAL	IV	6994950	7004949	0	149	0	113916660	7392557854
GLOBAL	IV	7004950	7014949	0.00052315984206633	467	188136	359614758	6840693940
GLOBAL	IV	7014950	7024949	0.00043081262166162	839	278404	646229906	6833184498
GLOBAL	IV	7024950	7034949	0	231	0	177409755	6957954679
GLOBAL	IV	7034950	7044949	1.264311328015e-05	510	4964	392624814	7112303408
GLOBAL	IV	7044950	7054949	0.00067133525278383	158	81900	121995679	7303298505
GLOBAL	IV	7054950	7064949	7.0196555166326e-05	46	2480	35329369	7045914845
GLOBAL	IV	7064950	7074949	0	41	0	31411854	7262447510
GLOBAL	IV	7074950	7084949	0.0012795391944549	140	137332	107329264	7127771004
GLOBAL	IV	7084950	7094949	0.002842567244933	691	1511308	531670096	6725078260
GLOBAL	IV	7094950	7104949	0.00022846244963685	250	43960	192416741	7279266203
GLOBAL	IV	7104950	7114949	0.00061402710178563	399	188404	306833362	7184951378
GLOBAL	IV	7114950	7124949	0.00036680794953286	1289	363728	991603373	6503273951
GLOBAL	IV	7124950	7134949	0.00021431861195995	889	146572	683897673	6822576841
GLOBAL	IV	7134950	7144949	1.1863109661124e-05	272	2476	208714247	7097515453
GLOBAL	IV	7144950	7154949	0.00019064795683983	534	78276	410578751	6742568041
GLOBAL	IV	7154950	7164949	0	7	0	5402086	7392831988
GLOBAL	IV	7164950	7174949	0.00013339933246218	679	69416	520362424	7081209048
GLOBAL	IV	7174950	7184949	0.00076315110807494	265	155916	204305541	7213257183
GLOBAL	IV	7184950	7194949	0.00010028881783009	602	46104	459712269	6857341475
GLOBAL	IV	7194950	7204949	7.5588137571937e-05	211	12280	162459354	7270566290
GLOBAL	IV	7204950	7214949	6.1821248672221e-05	770	36532	590929507	6709115025
GLOBAL	IV	7214950	7224949	0.00048748567659063	661	247372	507444653	6947229079
GLOBAL	IV	7224950	7234949	0.00069946514963878	831	447640	639974701	6859541499
GLOBAL	IV	7234950	7244949	5.6875081861756e-05	898	39304	691058346	6668518428
GLOBAL	IV	7244950	7254949	0.0019640876481026	255	384948	195993290	6719797680
GLOBAL	IV	7254950	7264949	7.8772625427876e-05	684	41420	525817183	6731704319
GLOBAL	IV	7264950	7274949	0.00025448124983782	699	136996	538334357	6735423211
GLOBAL	IV	7274950	7284949	0.00014218174533924	667	72992	513371107	6853163981
GLOBAL	IV	7284950	7294949	0.00058981974301095	670	304420	516123788	6751448612
GLOBAL	IV	7294950	7304949	3.3108277185148e-05	194	4944	149328217	7100461825
GLOBAL	IV	7304950	7314949	0.00044995253344357	691	238868	530873775	6726647727
GLOBAL	IV	7314950	7324949	1.8461601185557e-05	349	4952	268232422	6857081114
GLOBAL	IV	7324950	7334949	0.0011400842211659	462	403232	353686151	6825747605
GLOBAL	IV	7334950	7344949	0	444	0	341290222	6951795996
GLOBAL	IV	7344950	7354949	0.00019824725919175	508	77532	391087374	6980859736
GLOBAL	IV	7354950	7364949	0.00094215149415009	860	623424	661702501	6751994493
GLOBAL	IV	7364950	7374949	2.7261025340697e-05	593	12364	453541268	6895984608
GLOBAL	IV	7374950	7384949	5.7227286333028e-05	56	2460	42986487	7011970763
GLOBAL	IV	7384950	7394949	0.0001878873849637	372	53776	286214000	6825956054
GLOBAL	IV	7394950	7404949	0.0001077100796507	410	33992	315587920	7045535146
GLOBAL	IV	7404950	7414949	2.4450006667666e-05	653	12228	500122563	6825435787
GLOBAL	IV	7414950	7424949	7.8429317561999e-05	82	4960	63241657	7088358843
GLOBAL	IV	7424950	7434949	2.6600280655164e-05	364	7428	279245174	6854572968
GLOBAL	IV	7434950	7444949	3.3211554189147e-05	579	14780	445025846	6744458808
GLOBAL	IV	7444950	7454949	0.0003942303309379	499	151396	384029305	7127857231
GLOBAL	IV	7454950	7464949	0.00016842337326266	543	70468	418397985	7081891361
GLOBAL	IV	7464950	7474949	6.7667178429462e-05	840	43772	646871955	6735899199
GLOBAL	IV	7474950	7484949	1.1679119828866e-05	549	4920	421264622	6710234082
GLOBAL	IV	7484950	7494949	0.00016214862796291	723	90272	556723798	6959801614
GLOBAL	IV	7494950	7504949	0	246	0	188635775	7228926949
GLOBAL	IV	7504950	7514949	0.00010382589389813	1178	94176	907056963	6341959933
GLOBAL	IV	7514950	7524949	9.8148028081547e-05	517	39080	398174072	7036397864
GLOBAL	IV	7524950	7534949	0.00012157954246326	571	53424	439416031	7019123431
GLOBAL	IV	7534950	7544949	7.9617783482079e-05	594	36356	456631652	6783107492
GLOBAL	IV	7544950	7554949	5.6096615113012e-05	631	27020	481668991	6901102163
GLOBAL	IV	7554950	7564949	0	66	0	50507546	7117329020
GLOBAL	IV	7564950	7574949	0.0019803675584191	349	530684	267972477	7103974633
GLOBAL	IV	7574950	7584949	0.0005759413251487	300	132728	230454031	7228858577
GLOBAL	IV	7584950	7594949	0.001858597644152	144	205808	110732950	7175394954
GLOBAL	IV	7594950	7604949	0.00085799163296881	155	102144	119050112	7384331818
GLOBAL	IV	7604950	7614949	0.00074201261972908	119	67816	91394672	7251946036
GLOBAL	IV	7614950	7624949	0.0014002869526279	447	479432	342381252	7045801924
GLOBAL	IV	7624950	7634949	0.0033557082246464	373	957912	285457476	7166123672
GLOBAL	IV	7634950	7644949	0.003291027743814	444	1123724	341450783	6963232625
GLOBAL	IV	7644950	7654949	0.0033942516532537	330	851500	250865312	7145822470
GLOBAL	IV	7654950	7664949	0.0006589192310292	95	48080	72967972	6845915582
GLOBAL	IV	7664950	7674949	0.0011696558399513	70	62760	53656809	6989703251
GLOBAL	IV	7674950	7684949	0.0013381699172842	597	610884	456507049	6702051765
GLOBAL	IV	7684950	7694949	0.0028983299847103	151	336320	116039237	7247403267
GLOBAL	IV	7694950	7704949	NA	0	0	0	7202628136
GLOBAL	IV	7704950	7714949	0.0017361383208889	613	815184	469538625	6765561643
GLOBAL	IV	7714950	7724949	0.00041434345315926	981	313112	755682267	6778625503
GLOBAL	IV	7724950	7734949	0.0038266148489292	177	520208	135944698	7158687812
GLOBAL	IV	7734950	7744949	0.00034860636355062	110	29448	84473501	7091867671
GLOBAL	IV	7744950	7754949	0.0017377707553825	452	602324	346607283	6759377603
GLOBAL	IV	7754950	7764949	0.0025870292263749	73	144544	55872581	5435010311
GLOBAL	IV	7764950	7774949	0.0014256279872387	326	357608	250842438	5633571768
GLOBAL	IV	7774950	7784949	0.00051403447412833	678	267972	521311339	6834399705
GLOBAL	IV	7784950	7794949	0.0023359891080578	721	1295176	554444366	6725498370
GLOBAL	IV	7794950	7804949	0.0016238241603072	491	613004	377506392	7140565312
GLOBAL	IV	7804950	7814949	0.0008215912899375	655	414224	504172823	7000755399
GLOBAL	IV	7814950	7824949	0.0015051816907533	146	169288	112470143	6921612165
GLOBAL	IV	7824950	7834949	0.0021423112481388	339	558224	260570914	7097459568
GLOBAL	IV	7834950	7844949	0.0019134238716994	489	715952	374173235	4800492943
GLOBAL	IV	7844950	7854949	0.0028493276981323	149	326060	114434012	6189025326
GLOBAL	IV	7854950	7864949	0.00053921033896283	641	264684	490873377	7024878889
GLOBAL	IV	7864950	7874949	0.0019365799791405	862	1282388	662192119	6709754991
GLOBAL	IV	7874950	7884949	0.0011303078793301	781	678532	600307237	6746899201
GLOBAL	IV	7884950	7894949	0.00071606097763293	808	446028	622891086	6946981400
GLOBAL	IV	7894950	7904949	0.00018039470666998	245	34048	188741680	7101251954
GLOBAL	IV	7904950	7914949	0.0018804231881117	702	1011320	537815108	6589044720
GLOBAL	IV	7914950	7924949	0.00091880778092637	248	174632	190063693	6953032201
GLOBAL	IV	7924950	7934949	0.0016738819970674	122	157248	93942106	6581400458
GLOBAL	IV	7934950	7944949	0.00046776446249781	811	292312	624912800	6835172954
GLOBAL	IV	7944950	7954949	0.0011311824654852	457	396560	350571205	6902311421
GLOBAL	IV	7954950	7964949	0.0015908403279777	583	709476	445975619	6693254545
GLOBAL	IV	7964950	7974949	0.0011123621997821	318	271768	244316105	6901872373
GLOBAL	IV	7974950	7984949	7.8294417473022e-05	410	24704	315526966	7099716320
GLOBAL	IV	7984950	7994949	0	217	0	166614114	7286513326
GLOBAL	IV	7994950	8004949	0.0001124822173837	86	7428	66037105	7387090335
GLOBAL	IV	8004950	8014949	0.0001694154054231	632	82132	484796526	6707007566
GLOBAL	IV	8014950	8024949	3.4472296347697e-05	467	12344	358084645	6868511017
GLOBAL	IV	8024950	8034949	7.8916058596768e-05	245	14848	188149285	7053909297
GLOBAL	IV	8034950	8044949	0	296	0	227010907	7166584291
GLOBAL	IV	8044950	8054949	0.00058346210969044	590	264164	452752622	6595246314
GLOBAL	IV	8054950	8064949	0.00021277916523732	475	77452	364001804	7018769350
GLOBAL	IV	8064950	8074949	8.1817088612826e-05	391	24548	300035120	6962898404
GLOBAL	IV	8074950	8084949	3.0790328328375e-05	625	14768	479631131	7005968441
GLOBAL	IV	8084950	8094949	2.7392818742944e-05	354	7444	271750055	7043757397
GLOBAL	IV	8094950	8104949	2.1586783395653e-05	149	2468	114329215	6918979947
GLOBAL	IV	8104950	8114949	5.8414466387894e-05	607	27084	463652271	6849535743
GLOBAL	IV	8114950	8124949	0.00029341056324885	287	63620	216829276	7126511432
GLOBAL	IV	8124950	8134949	4.8432242670066e-05	204	7392	152625598	6968049062
GLOBAL	IV	8134950	8144949	5.6767808973701e-05	983	41308	727665921	6271624817
GLOBAL	IV	8144950	8154949	2.3579249857503e-05	555	9300	394414583	4204257825
GLOBAL	IV	8154950	8164949	NA	0	0	0	2355002716
GLOBAL	IV	8164950	8174949	NA	0	0	0	1030603618
GLOBAL	IV	8174950	8184949	NA	0	0	0	1590361322
GLOBAL	IV	8184950	8194949	0.00022641014214509	187	28860	127467788	3236490458
GLOBAL	IV	8194950	8204949	0.00013945492706716	423	42556	305159530	6351627530
GLOBAL	IV	8204950	8214949	0.00023472155233138	665	118160	503404987	6873954145
GLOBAL	IV	8214950	8224949	0.0015380478643091	433	509500	331264073	6745341265
GLOBAL	IV	8224950	8234949	0.0028748265884411	593	1302828	453184900	6693003578
GLOBAL	IV	8234950	8244949	0.0017943599364243	449	617620	344200730	6989862226
GLOBAL	IV	8244950	8254949	0.0021933986941518	642	1081396	493022998	6815526140
GLOBAL	IV	8254950	8264949	0.0016299917447346	242	302760	185743272	7018431156
GLOBAL	IV	8264950	8274949	0.0023742303520159	136	245364	103344648	7121704722
GLOBAL	IV	8274950	8284949	NA	0	0	0	7313188014
GLOBAL	IV	8284950	8294949	0.0017385706316511	253	336872	193763770	7186687946
GLOBAL	IV	8294950	8304949	0.0032111187082095	262	644728	200779871	6959325235
GLOBAL	IV	8304950	8314949	0.0013156125638624	449	454104	345165448	6974207734
GLOBAL	IV	8314950	8324949	0.0028376999793457	182	395836	139491843	6968039335
GLOBAL	IV	8324950	8334949	0.0032322978808766	355	881112	272596163	6970235565
GLOBAL	IV	8334950	8344949	0	13	0	9870333	7320326893
GLOBAL	IV	8344950	8354949	0.0033499320074189	457	1174804	350694879	6848067527
GLOBAL	IV	8354950	8364949	0.0042030632885329	503	1623504	386266846	6892129598
GLOBAL	IV	8364950	8374949	0.002883494896203	186	412696	143123541	6816736751
GLOBAL	IV	8374950	8384949	0.0030066750434277	272	630672	209757287	5416426155
GLOBAL	IV	8384950	8394949	0.0035645897514978	896	2459848	690078851	6698104325
GLOBAL	IV	8394950	8404949	0.0018341907073063	26	36512	19906327	6999486207
GLOBAL	IV	8404950	8414949	0.0028316681554604	109	237888	84009844	7178150534
GLOBAL	IV	8414950	8424949	0.0035617041543101	482	1307972	367232073	6523045079
GLOBAL	IV	8424950	8434949	0.0035161992872773	431	1166452	331736601	6823729629
GLOBAL	IV	8434950	8444949	0.00040255016222299	751	231840	575928224	6730301476
GLOBAL	IV	8444950	8454949	0.0024619631659588	233	440492	178919005	7102570023
GLOBAL	IV	8454950	8464949	0.00088110787273183	633	429512	487468122	6370336898
GLOBAL	IV	8464950	8474949	0	56	0	43189381	7273864363
GLOBAL	IV	8474950	8484949	0.00067987911528999	332	172800	254162830	7178089668
GLOBAL	IV	8484950	8494949	0.0017237121045389	644	853232	494996814	6865353106
GLOBAL	IV	8494950	8504949	0.00064385055001044	127	60940	94649294	7024479074
GLOBAL	IV	8504950	8514949	0.0020801858982626	400	635888	305688064	6775556150
GLOBAL	IV	8514950	8524949	0.003712090684889	145	411844	110946643	7053024193
GLOBAL	IV	8524950	8534949	0.0031856596939201	393	961732	301894142	6786308386
GLOBAL	IV	8534950	8544949	0.0011619507706669	366	327004	281426725	6759613897
GLOBAL	IV	8544950	8554949	0.00028398924753314	733	160444	564965052	6875792052
GLOBAL	IV	8554950	8564949	0.0011755182200936	577	519700	442102888	6874177710
GLOBAL	IV	8564950	8574949	0.0018366571217744	122	172048	93674534	6962055862
GLOBAL	IV	8574950	8584949	NA	0	0	0	6720185032
GLOBAL	IV	8584950	8594949	NA	0	0	0	6993105570
GLOBAL	IV	8594950	8604949	0.0018482425956395	138	195288	105661454	7163457238
GLOBAL	IV	8604950	8614949	0.00076352053122826	58	33824	44300053	7101115279
GLOBAL	IV	8614950	8624949	0.0030466944940157	676	1578060	517958070	6622818386
GLOBAL	IV	8624950	8634949	0.0052307373272035	254	1022976	195570134	7016335754
GLOBAL	IV	8634950	8644949	0.0043623932177593	727	2436212	558457681	6716846179
GLOBAL	IV	8644950	8654949	0.0028080378777512	864	1857716	661570848	6764496482
GLOBAL	IV	8654950	8664949	0.00064924264171755	887	443044	682401265	6664805173
GLOBAL	IV	8664950	8674949	0.0019157113739177	627	924056	482356587	6781350083
GLOBAL	IV	8674950	8684949	0.0043173519208633	671	2222516	514786851	6768248469
GLOBAL	IV	8684950	8694949	0.0026230058081429	439	882328	336380498	6911863252
GLOBAL	IV	8694950	8704949	0.0024789247973616	89	169568	68403850	6981914524
GLOBAL	IV	8704950	8714949	0.0027818237413671	312	664908	239018738	7016183326
GLOBAL	IV	8714950	8724949	0	96	0	72844069	6832896003
GLOBAL	IV	8724950	8734949	0.00012374777299334	282	26756	216213992	7206760754
GLOBAL	IV	8734950	8744949	8.766267145197e-05	507	34140	389447406	6850291738
GLOBAL	IV	8744950	8754949	0.00013301500101625	428	43608	327842722	6041334026
GLOBAL	IV	8754950	8764949	4.4961504619708e-05	643	22264	495179158	5859307816
GLOBAL	IV	8764950	8774949	0.0017549580230598	614	828628	472164000	5473328740
GLOBAL	IV	8774950	8784949	0.00044259640595257	668	227136	513189888	6755155658
GLOBAL	IV	8784950	8794949	0.00033460812233779	771	198048	591880432	6820270270
GLOBAL	IV	8794950	8804949	3.8191782050957e-05	169	4960	129870871	7194914333
GLOBAL	IV	8804950	8814949	2.092547198497e-05	774	12384	591814608	6591484878
GLOBAL	IV	8814950	8824949	0.00033396227791966	725	186124	557320429	6433465703
GLOBAL	IV	8824950	8834949	3.5815631486483e-05	359	9876	275745522	6854980036
GLOBAL	IV	8834950	8844949	0	187	0	143076438	6591025222
GLOBAL	IV	8844950	8854949	3.0679864035318e-05	313	7356	239766382	6388414276
GLOBAL	IV	8854950	8864949	0.00011677079226027	192	17228	147536894	7216678756
GLOBAL	IV	8864950	8874949	4.3222388472208e-05	226	7440	172133014	6958592544
GLOBAL	IV	8874950	8884949	0.00015745674345353	364	44012	279518038	6971045150
GLOBAL	IV	8884950	8894949	7.5757953436523e-06	426	2480	327358368	6962635266
GLOBAL	IV	8894950	8904949	NA	0	0	0	7273757568
GLOBAL	IV	8904950	8914949	0.0007076140796251	90	48840	69020673	7263495991
GLOBAL	IV	8914950	8924949	0	102	0	78098470	7315496728
GLOBAL	IV	8924950	8934949	2.0789805552596e-05	310	4952	238193666	7101281312
GLOBAL	IV	8934950	8944949	7.9891159457832e-05	835	51316	642323886	6759775918
GLOBAL	IV	8944950	8954949	0	50	0	38419272	7263944698
GLOBAL	IV	8954950	8964949	8.4847773501486e-05	523	34044	401236221	6724850461
GLOBAL	IV	8964950	8974949	0.00052772996678616	213	86372	163667037	7229928161
GLOBAL	IV	8974950	8984949	6.3398990490663e-05	507	24652	388838999	7016353389
GLOBAL	IV	8984950	8994949	0.00018360432042914	312	43968	239471489	7249993813
GLOBAL	IV	8994950	9004949	0	13	0	9946864	6971561516
GLOBAL	IV	9004950	9014949	5.2548759743013e-05	61	2448	46585305	7334639557
GLOBAL	IV	9014950	9024949	0	25	0	19236833	7072831425
GLOBAL	IV	9024950	9034949	0.00035081862284556	778	209968	598508706	6659012796
GLOBAL	IV	9034950	9044949	0.00075813347619199	823	478996	631809589	6742456959
GLOBAL	IV	9044950	9054949	0.00087794870884511	141	94956	108156660	7114573272
GLOBAL	IV	9054950	9064949	0.0037939711956525	380	1109440	292421830	6933400686
GLOBAL	IV	9064950	9074949	0.0059822605484032	55	251836	42097130	6848953168
GLOBAL	IV	9074950	9084949	0.0052821508918168	475	1923668	364182705	6902616549
GLOBAL	IV	9084950	9094949	0.0053116086618782	296	1205264	226911295	6842735729
GLOBAL	IV	9094950	9104949	0.0063992599282154	53	259764	40592819	6921586911
GLOBAL	IV	9104950	9114949	0.0027083271971963	1050	2188568	808088477	6396085951
GLOBAL	IV	9114950	9124949	0.0051940313971377	422	1688628	325109317	6888342863
GLOBAL	IV	9124950	9134949	0.00382548419087	287	843692	220545154	6983629274
GLOBAL	IV	9134950	9144949	0.0012832080767803	891	879836	685653415	6887311655
GLOBAL	IV	9144950	9154949	0.0032609566024466	989	2483400	761555673	6748784571
GLOBAL	IV	9154950	9164949	0.0032991088234301	225	569216	172536291	7047101057
GLOBAL	IV	9164950	9174949	0.0045994325980873	993	3509352	762996723	6487566465
GLOBAL	IV	9174950	9184949	0.0037906996421057	537	1565104	412879982	6642077268
GLOBAL	IV	9184950	9194949	0.0029553770313513	151	342416	115862036	7139340028
GLOBAL	IV	9194950	9204949	0.0051282911909112	32	126204	24609367	3477742013
GLOBAL	IV	9204950	9214949	NA	0	0	0	1015140698
GLOBAL	IV	9214950	9224949	0.0035278740147174	223	603720	171128560	6859861164
GLOBAL	IV	9224950	9234949	0.0021971524850701	679	1145492	521352982	6794927616
GLOBAL	IV	9234950	9244949	0.0016328293021917	464	582356	356654550	6806543140
GLOBAL	IV	9244950	9254949	0.0053971145050817	337	1394860	258445508	6780275676
GLOBAL	IV	9254950	9264949	0.0031641815355267	213	516976	163383799	6989762993
GLOBAL	IV	9264950	9274949	6.4023352560061e-05	401	19716	307950134	6739275656
GLOBAL	IV	9274950	9284949	9.6343572925794e-05	682	50400	523127786	6501676770
GLOBAL	IV	9284950	9294949	0.00060533462911163	89	41404	68398532	7238604314
GLOBAL	IV	9294950	9304949	0.00042186877077205	113	36680	86946469	6817247311
GLOBAL	IV	9304950	9314949	0.0023733451058969	181	327328	137918417	7046154215
GLOBAL	IV	9314950	9324949	0.00028525149925879	777	170340	597157247	6756234359
GLOBAL	IV	9324950	9334949	0	308	0	236951209	6974954679
GLOBAL	IV	9334950	9344949	0.00086171473254974	1021	673660	781766836	6716976218
GLOBAL	IV	9344950	9354949	0.0015716494292774	321	387144	246329743	7069177709
GLOBAL	IV	9354950	9364949	8.7054960746279e-05	436	29184	335236496	6506332458
GLOBAL	IV	9364950	9374949	0.0012455886403277	176	165920	133206096	7236421576
GLOBAL	IV	9374950	9384949	0.0021046054539137	238	384180	182542528	6764174282
GLOBAL	IV	9384950	9394949	NA	0	0	0	4166483794
GLOBAL	IV	9394950	9404949	NA	0	0	0	6609625154
GLOBAL	IV	9404950	9414949	0.00042409652982948	651	211796	499405171	6944444517
GLOBAL	IV	9414950	9424949	0	374	0	287060338	7026900822
GLOBAL	IV	9424950	9434949	0.00023972010638749	764	140740	587101358	6744642160
GLOBAL	IV	9434950	9444949	2.3704086531864e-05	136	2476	104454563	7313881307
GLOBAL	IV	9444950	9454949	0.00024704468295288	256	48556	196547440	7244982810
GLOBAL	IV	9454950	9464949	0	12	0	8981015	6868925801
GLOBAL	IV	9464950	9474949	NA	0	0	0	7354164752
GLOBAL	IV	9474950	9484949	0.0004741023726273	200	72860	153679889	6973179939
GLOBAL	IV	9484950	9494949	0.00266493519354	189	386880	145174262	6346159554
GLOBAL	IV	9494950	9504949	9.4659081507845e-06	341	2472	261147685	7021887635
GLOBAL	IV	9504950	9514949	0.00069844935444878	437	234816	336196173	6956116899
GLOBAL	IV	9514950	9524949	0	129	0	99539607	7113139427
GLOBAL	IV	9524950	9534949	0.00037912781943151	379	110172	290593289	6865646087
GLOBAL	IV	9534950	9544949	0.00017313230079611	494	65472	378161670	6968271622
GLOBAL	IV	9544950	9554949	0	28	0	21407839	7320386577
GLOBAL	IV	9554950	9564949	8.2816160193392e-05	39	2484	29994146	6777556384
GLOBAL	IV	9564950	9574949	NA	0	0	0	6955221416
GLOBAL	IV	9574950	9584949	0.00033197138695244	379	96808	291615494	7105845434
GLOBAL	IV	9584950	9594949	NA	0	0	0	7132271850
GLOBAL	IV	9594950	9604949	0.00018152145564082	247	34400	189509278	6861582242
GLOBAL	IV	9604950	9614949	0	33	0	25231488	7052920142
GLOBAL	IV	9614950	9624949	0.00017482931718433	258	34384	196671820	7053891368
GLOBAL	IV	9624950	9634949	0.00219285684279	408	475900	217022831	6502389055
GLOBAL	IV	9634950	9644949	0.00014105887483028	681	38548	273275964	4466109016
GLOBAL	IV	9644950	9654949	0	163	0	125140814	7314069998
GLOBAL	IV	9654950	9664949	0	118	0	90347043	7232891869
GLOBAL	IV	9664950	9674949	0.00053123470109908	307	125332	235925853	7136794403
GLOBAL	IV	9674950	9684949	NA	0	0	0	6922749284
GLOBAL	IV	9684950	9694949	0.0011719120699015	181	162884	138989950	7239915474
GLOBAL	IV	9694950	9704949	NA	0	0	0	7224276224
GLOBAL	IV	9704950	9714949	1.9724313889161e-05	650	9856	499687850	6670468154
GLOBAL	IV	9714950	9724949	0.00035359519861193	249	67152	189912081	7117090765
GLOBAL	IV	9724950	9734949	0.00029900258210202	485	111260	372103810	6889283422
GLOBAL	IV	9734950	9744949	0.00031423628988184	238	57408	182690548	6908604564
GLOBAL	IV	9744950	9754949	0.00021045312038944	243	39304	186758932	6786244842
GLOBAL	IV	9754950	9764949	2.6578604053808e-05	360	7320	275409498	7080301546
GLOBAL	IV	9764950	9774949	2.6326934840751e-05	123	2480	94200104	7286251612
GLOBAL	IV	9774950	9784949	0.00027042744787376	633	131572	486533453	6989788367
GLOBAL	IV	9784950	9794949	NA	0	0	0	7084336798
GLOBAL	IV	9794950	9804949	NA	0	0	0	7170156004
GLOBAL	IV	9804950	9814949	0	279	0	213171124	7076049364
GLOBAL	IV	9814950	9824949	0	62	0	47417663	7149798451
GLOBAL	IV	9824950	9834949	0.00076400945849074	196	115084	150631643	7079829749
GLOBAL	IV	9834950	9844949	0	18	0	13852122	3688744072
GLOBAL	IV	9844950	9854949	0.00013171200241613	292	29488	223882406	6982611460
GLOBAL	IV	9854950	9864949	NA	0	0	0	7249016896
GLOBAL	IV	9864950	9874949	0	146	0	112007600	7223601648
GLOBAL	IV	9874950	9884949	0.00028705978108925	255	56132	195541151	7057341475
GLOBAL	IV	9884950	9894949	0.00043730719252741	136	45296	103579362	7015549006
GLOBAL	IV	9894950	9904949	NA	0	0	0	7179433756
GLOBAL	IV	9904950	9914949	0	59	0	45110594	7391780780
GLOBAL	IV	9914950	9924949	2.7321512932758e-05	118	2472	90478152	7209566380
GLOBAL	IV	9924950	9934949	NA	0	0	0	5092712702
GLOBAL	IV	9934950	9944949	NA	0	0	0	7258294648
GLOBAL	IV	9944950	9954949	NA	0	0	0	7065781294
GLOBAL	IV	9954950	9964949	NA	0	0	0	7557502150
GLOBAL	IV	9964950	9974949	NA	0	0	0	7218091056
GLOBAL	IV	9974950	9984949	0	126	0	96490594	6949188904
GLOBAL	IV	9984950	9994949	0	9	0	6856893	7245252587
GLOBAL	IV	9994950	10004949	NA	0	0	0	7126859828
GLOBAL	IV	10004950	10014949	0.00011559152234222	28	2476	21420256	6952356664
GLOBAL	IV	10014950	10024949	NA	0	0	0	7403646096
GLOBAL	IV	10024950	10034949	0	32	0	24450867	6930770549
GLOBAL	IV	10034950	10044949	0	89	0	68197034	7288287156
GLOBAL	IV	10044950	10054949	0.00020266474957606	325	50548	249416833	7134127467
GLOBAL	IV	10054950	10064949	0	43	0	32985037	7196703209
GLOBAL	IV	10064950	10074949	NA	0	0	0	6810643114
GLOBAL	IV	10074950	10084949	NA	0	0	0	3179176352
GLOBAL	IV	10084950	10094949	NA	0	0	0	683461064
GLOBAL	IV	10094950	10104949	NA	0	0	0	6294181586
GLOBAL	IV	10104950	10114949	1.2884538056072e-05	501	4952	384336635	6969828117
GLOBAL	IV	10114950	10124949	NA	0	0	0	6929707598
GLOBAL	IV	10124950	10134949	0	3	0	2311983	7082024815
GLOBAL	IV	10134950	10144949	NA	0	0	0	6851619852
GLOBAL	IV	10144950	10154949	NA	0	0	0	7355711044
GLOBAL	IV	10154950	10164949	NA	0	0	0	7001610176
GLOBAL	IV	10164950	10174949	0.0011321042172343	186	162008	143103433	6964427745
GLOBAL	IV	10174950	10184949	NA	0	0	0	7096707134
GLOBAL	IV	10184950	10194949	0	36	0	27535864	7458836854
GLOBAL	IV	10194950	10204949	NA	0	0	0	7293859364
GLOBAL	IV	10204950	10214949	0.0038881022040321	72	214280	55111720	7185400570
GLOBAL	IV	10214950	10224949	NA	0	0	0	7260614086
GLOBAL	IV	10224950	10234949	0.00031213668694765	122	29356	94048541	6821742429
GLOBAL	IV	10234950	10244949	0.00021349164345378	584	95576	447680286	7065752542
GLOBAL	IV	10244950	10254949	0.0018718446368951	22	31200	16668050	7147302786
GLOBAL	IV	10254950	10264949	0.00057036888860049	510	223236	391388809	7060192339
GLOBAL	IV	10264950	10274949	0.00057959977453717	192	84744	146211237	7160018463
GLOBAL	IV	10274950	10284949	NA	0	0	0	7160878252
GLOBAL	IV	10284950	10294949	NA	0	0	0	7315507452
GLOBAL	IV	10294950	10304949	NA	0	0	0	7204947574
GLOBAL	IV	10304950	10314949	NA	0	0	0	6960633438
GLOBAL	IV	10314950	10324949	NA	0	0	0	6859351312
GLOBAL	IV	10324950	10334949	NA	0	0	0	6156561598
GLOBAL	IV	10334950	10344949	NA	0	0	0	5742928488
GLOBAL	IV	10344950	10354949	NA	0	0	0	5986469478
GLOBAL	IV	10354950	10364949	NA	0	0	0	7288447342
GLOBAL	IV	10364950	10374949	NA	0	0	0	7116035784
GLOBAL	IV	10374950	10384949	NA	0	0	0	7275303860
GLOBAL	IV	10384950	10394949	0	52	0	39977949	7281714671
GLOBAL	IV	10394950	10404949	NA	0	0	0	7072739608
GLOBAL	IV	10404950	10414949	0.0016436846283866	145	183228	111473939	7389588553
GLOBAL	IV	10414950	10424949	0.0007818100782187	284	170936	218641336	6913630514
GLOBAL	IV	10424950	10434949	0.00083201536500525	227	144876	174126592	6435498562
GLOBAL	IV	10434950	10444949	NA	0	0	0	7318600036
GLOBAL	IV	10444950	10454949	NA	0	0	0	6756522894
GLOBAL	IV	10454950	10464949	NA	0	0	0	7296178802
GLOBAL	IV	10464950	10474949	0.00013017141370669	25	2480	19051802	7049048930
GLOBAL	IV	10474950	10484949	8.7579167956089e-05	146	9760	111442027	7126750825
GLOBAL	IV	10484950	10494949	NA	0	0	0	5504026374
GLOBAL	IV	10494950	10504949	NA	0	0	0	7016299950
GLOBAL	IV	10504950	10514949	NA	0	0	0	7088975674
GLOBAL	IV	10514950	10524949	NA	0	0	0	6646736162
GLOBAL	IV	10524950	10534949	NA	0	0	0	5425165482
GLOBAL	IV	10534950	10544949	NA	0	0	0	5386508182
GLOBAL	IV	10544950	10554949	NA	0	0	0	7118355222
GLOBAL	IV	10554950	10564949	NA	0	0	0	4301784344
GLOBAL	IV	10564950	10574949	NA	0	0	0	4453320960
GLOBAL	IV	10574950	10584949	NA	0	0	0	3186134666
GLOBAL	IV	10584950	10594949	NA	0	0	0	7206493866
GLOBAL	IV	10594950	10604949	NA	0	0	0	7003156468
GLOBAL	IV	10604950	10614949	NA	0	0	0	6917337262
GLOBAL	IV	10614950	10624949	NA	0	0	0	6958314000
GLOBAL	IV	10624950	10634949	NA	0	0	0	7242831728
GLOBAL	IV	10634950	10644949	NA	0	0	0	6984600964
GLOBAL	IV	10644950	10654949	NA	0	0	0	6904966926
GLOBAL	IV	10654950	10664949	NA	0	0	0	6933573328
GLOBAL	IV	10664950	10674949	NA	0	0	0	6937439058
GLOBAL	IV	10674950	10684949	NA	0	0	0	6796726486
GLOBAL	IV	10684950	10694949	0.00087010832713229	131	87368	100410486	6578024662
GLOBAL	IV	10694950	10704949	1.6477472241086e-05	196	2460	149294744	6953597558
GLOBAL	IV	10704950	10714949	NA	0	0	0	7051091520
GLOBAL	IV	10714950	10724949	NA	0	0	0	7030989724
GLOBAL	IV	10724950	10734949	NA	0	0	0	7221183640
GLOBAL	IV	10734950	10744949	NA	0	0	0	7293086218
GLOBAL	IV	10744950	10754949	NA	0	0	0	6325107426
GLOBAL	IV	10754950	10764949	NA	0	0	0	7120674660
GLOBAL	IV	10764950	10774949	NA	0	0	0	7160105106
GLOBAL	IV	10774950	10784949	NA	0	0	0	7057276688
GLOBAL	IV	10784950	10794949	0	20	0	15353740	6933682508
GLOBAL	IV	10794950	10804949	0.00043277658082912	52	17172	39678672	6888482634
GLOBAL	IV	10804950	10814949	0	43	0	33039599	7106190565
GLOBAL	IV	10814950	10824949	NA	0	0	0	6981508380
GLOBAL	IV	10824950	10834949	NA	0	0	0	6783583004
GLOBAL	IV	10834950	10844949	NA	0	0	0	6979188942
GLOBAL	IV	10844950	10854949	NA	0	0	0	7148507916
GLOBAL	IV	10854950	10864949	NA	0	0	0	7306229700
GLOBAL	IV	10864950	10874949	NA	0	0	0	6461181122
GLOBAL	IV	10874950	10884949	NA	0	0	0	7150054208
GLOBAL	IV	10884950	10894949	NA	0	0	0	6996971300
GLOBAL	IV	10894950	10904949	NA	0	0	0	7230461392
GLOBAL	IV	10904950	10914949	2.6654712953717e-05	242	4952	185783280	6907058124
GLOBAL	IV	10914950	10924949	4.1735467952424e-05	156	4968	119035445	6945199557
GLOBAL	IV	10924950	10934949	0	130	0	99283461	7065460521
GLOBAL	IV	10934950	10944949	2.3420760103204e-05	138	2480	105888963	7046484683
GLOBAL	IV	10944950	10954949	NA	0	0	0	7203401282
GLOBAL	IV	10954950	10964949	0.0014417872431299	80	88160	61146331	7285286961
GLOBAL	IV	10964950	10974949	NA	0	0	0	7354164752
GLOBAL	IV	10974950	10984949	NA	0	0	0	6915790970
GLOBAL	IV	10984950	10994949	0	19	0	14437368	7219116608
GLOBAL	IV	10994950	11004949	0	92	0	70594620	7251871146
GLOBAL	IV	11004950	11014949	0.00056716811192998	79	28860	50884384	7180350154
GLOBAL	IV	11014950	11024949	0.00011762195251415	137	12376	105218454	6836859480
GLOBAL	IV	11024950	11034949	0.00017471053577762	240	32136	183938535	7097550493
GLOBAL	IV	11034950	11044949	0.00045346356648671	172	59892	132076763	7072870811
GLOBAL	IV	11044950	11054949	0	93	0	71074031	6686222009
GLOBAL	IV	11054950	11064949	0.0017945865202027	150	205144	114312683	7250676113
GLOBAL	IV	11064950	11074949	NA	0	0	0	5026222146
GLOBAL	IV	11074950	11084949	NA	0	0	0	6552412350
GLOBAL	IV	11084950	11094949	2.0609000785291e-05	157	2484	120529861	6917418177
GLOBAL	IV	11094950	11104949	NA	0	0	0	6673023126
GLOBAL	IV	11104950	11114949	NA	0	0	0	6586430774
GLOBAL	IV	11114950	11124949	NA	0	0	0	6672249980
GLOBAL	IV	11124950	11134949	NA	0	0	0	7433025644
GLOBAL	IV	11134950	11144949	NA	0	0	0	7341794416
GLOBAL	IV	11144950	11154949	NA	0	0	0	7474775528
GLOBAL	IV	11154950	11164949	NA	0	0	0	7367308234
GLOBAL	IV	11164950	11174949	NA	0	0	0	7065008148
GLOBAL	IV	11174950	11184949	NA	0	0	0	7262160378
GLOBAL	IV	11184950	11194949	0.00039633327763989	229	69408	175125340	7138062674
GLOBAL	IV	11194950	11204949	0.0013267436714519	359	365752	275676461	7005812567
GLOBAL	IV	11204950	11214949	NA	0	0	0	7208040158
GLOBAL	IV	11214950	11224949	NA	0	0	0	6928161306
GLOBAL	IV	11224950	11234949	NA	0	0	0	6908059510
GLOBAL	IV	11234950	11244949	NA	0	0	0	7142322748
GLOBAL	IV	11244950	11254949	0.0037848978329735	19	54188	14316899	7187538091
GLOBAL	IV	11254950	11264949	NA	0	0	0	7150827354
GLOBAL	IV	11264950	11274949	0.00021932037551391	161	27052	123344673	6665650353
GLOBAL	IV	11274950	11284949	NA	0	0	0	7170929150
GLOBAL	IV	11284950	11294949	NA	0	0	0	6815281990
GLOBAL	IV	11294950	11304949	NA	0	0	0	6901874342
GLOBAL	IV	11304950	11314949	NA	0	0	0	6977642650
GLOBAL	IV	11314950	11324949	0	43	0	32960547	6953959855
GLOBAL	IV	11324950	11334949	0.0012264723874566	193	180584	147238537	7258726997
GLOBAL	IV	11334950	11344949	0.0038002246268922	107	311192	81887791	6918176093
GLOBAL	IV	11344950	11354949	NA	0	0	0	7077378484
GLOBAL	IV	11354950	11364949	0.062692906186354	150	7121624	113595372	6555562024
GLOBAL	IV	11364950	11374949	NA	0	0	0	6393144274
GLOBAL	IV	11374950	11384949	NA	0	0	0	6308871360
GLOBAL	IV	11384950	11394949	NA	0	0	0	7242831728
GLOBAL	IV	11394950	11404949	NA	0	0	0	6865536480
GLOBAL	IV	11404950	11414949	NA	0	0	0	5663294450
GLOBAL	IV	11414950	11424949	NA	0	0	0	3067843328
GLOBAL	IV	11424950	11434949	0.00017034452294429	57	7428	43605746	6733792090
GLOBAL	IV	11434950	11444949	0.0011392835979234	124	108616	95337105	6968897897
GLOBAL	IV	11444950	11454949	NA	0	0	0	7347979584
GLOBAL	IV	11454950	11464949	NA	0	0	0	7122994098
GLOBAL	IV	11464950	11474949	0.0080465729792874	175	1057260	131392582	6620491436
GLOBAL	IV	11474950	11484949	0.086107789442477	361	23679052	274993147	5840591713
GLOBAL	IV	11484950	11494949	NA	0	0	0	6184394854
GLOBAL	IV	11494950	11504949	NA	0	0	0	6376908208
GLOBAL	IV	11504950	11514949	0.013497338571796	66	681156	50465949	6455557641
GLOBAL	IV	11514950	11524949	0.030959678896994	199	4694288	151625862	6370633794
GLOBAL	IV	11524950	11534949	0	13	0	9983887	6639071713
GLOBAL	IV	11534950	11544949	0.0081003076427331	62	386420	47704361	6950040085
GLOBAL	IV	11544950	11554949	0.0040964380995606	13	40868	9976472	6831592482
GLOBAL	IV	11554950	11564949	NA	0	0	0	6993878716
GLOBAL	IV	11564950	11574949	NA	0	0	0	7216544764
GLOBAL	IV	11574950	11584949	NA	0	0	0	7343340708
GLOBAL	IV	11584950	11594949	NA	0	0	0	7303910262
GLOBAL	IV	11594950	11604949	0	62	0	45973350	6955636826
GLOBAL	IV	11604950	11614949	NA	0	0	0	7063461856
GLOBAL	IV	11614950	11624949	0.0077691170313337	72	398872	51340712	6750797796
GLOBAL	IV	11624950	11634949	0.015788687604894	113	1368236	86659261	6223758391
GLOBAL	IV	11634950	11644949	0.041633993360164	122	3717468	89289249	5144909171
GLOBAL	IV	11644950	11654949	0.035262854754487	38	1010560	28657918	4954268052
GLOBAL	IV	11654950	11664949	0.044634510350134	158	5297276	118681172	4574315048
GLOBAL	IV	11664950	11674949	0.031799964933955	75	1827684	57474403	5169765703
GLOBAL	IV	11674950	11684949	0.033129876286984	144	3626764	109471100	5783447712
GLOBAL	IV	11684950	11694949	0.04218703956162	143	4543244	107692885	5796049971
GLOBAL	IV	11694950	11704949	0.027920912482902	105	2207816	79073920	5870284550
GLOBAL	IV	11704950	11714949	0.065191093304683	62	3092636	47439548	6063506436
GLOBAL	IV	11714950	11724949	NA	0	0	0	6114811714
GLOBAL	IV	11724950	11734949	NA	0	0	0	6356033266
GLOBAL	IV	11734950	11744949	NA	0	0	0	6513755050
GLOBAL	IV	11744950	11754949	NA	0	0	0	6516847634
GLOBAL	IV	11754950	11764949	NA	0	0	0	6865536480
GLOBAL	IV	11764950	11774949	NA	0	0	0	7061142418
GLOBAL	IV	11774950	11784949	NA	0	0	0	7146961624
GLOBAL	IV	11784950	11794949	NA	0	0	0	6897235466
GLOBAL	IV	11794950	11804949	NA	0	0	0	6200630920
GLOBAL	IV	11804950	11814949	NA	0	0	0	6543134598
GLOBAL	IV	11814950	11824949	NA	0	0	0	6459634830
GLOBAL	IV	11824950	11834949	0.047840146625057	296	10769228	225108591	6242257699
GLOBAL	IV	11834950	11844949	0.00026111830045965	66	12388	47442098	6569141370
GLOBAL	IV	11844950	11854949	NA	0	0	0	7012434220
GLOBAL	IV	11854950	11864949	NA	0	0	0	7209586450
GLOBAL	IV	11864950	11874949	NA	0	0	0	7052637812
GLOBAL	IV	11874950	11884949	0.0010166937478876	403	313188	308045565	6739953371
GLOBAL	IV	11884950	11894949	0.00025651253066793	748	147368	574506047	6497460415
GLOBAL	IV	11894950	11904949	0	185	0	141350961	7024166167
GLOBAL	IV	11904950	11914949	0.0018532955586933	69	97904	52826976	7176088124
GLOBAL	IV	11914950	11924949	NA	0	0	0	7168609712
GLOBAL	IV	11924950	11934949	NA	0	0	0	7197989260
GLOBAL	IV	11934950	11944949	2.6133593032317e-05	248	4964	189947092	6665538490
GLOBAL	IV	11944950	11954949	0.0023965231270692	229	419868	175198810	6864295520
GLOBAL	IV	11954950	11964949	3.7341757151918e-05	87	2480	66413586	7054261074
GLOBAL	IV	11964950	11974949	0.00099327631389863	135	102760	103455603	6437359557
GLOBAL	IV	11974950	11984949	NA	0	0	0	7068100732
GLOBAL	IV	11984950	11994949	0.0029014899741292	416	920376	317208058	6202732160
GLOBAL	IV	11994950	12004949	0.0021609319237762	291	481380	222765000	6516748682
GLOBAL	IV	12004950	12014949	0.0024961319243704	170	325704	130483488	6668562436
GLOBAL	IV	12014950	12024949	0.001202707558988	147	133472	110976271	6592199549
GLOBAL	IV	12024950	12034949	0.00056242679436542	138	59408	105627969	6284423721
GLOBAL	IV	12034950	12044949	NA	0	0	0	6410926632
GLOBAL	IV	12044950	12054949	0.00034807540667956	186	49252	141498075	6526886175
GLOBAL	IV	12054950	12064949	0.0019249537149567	112	162524	84430082	6748634266
GLOBAL	IV	12064950	12074949	0.0025187306020011	126	241944	96057911	6311002991
GLOBAL	IV	12074950	12084949	0.00040102716554873	97	29568	73730666	6669648746
GLOBAL	IV	12084950	12094949	0.0043013041222666	216	705480	164015373	6294073165
GLOBAL	IV	12094950	12104949	0.00054734381198519	213	88748	162143059	6811633861
GLOBAL	IV	12104950	12114949	NA	0	0	0	6069196100
GLOBAL	IV	12114950	12124949	NA	0	0	0	5355582342
GLOBAL	IV	12124950	12134949	NA	0	0	0	5293730662
GLOBAL	IV	12134950	12144949	NA	0	0	0	2173313406
GLOBAL	IV	12144950	12154949	NA	0	0	0	1729527602
GLOBAL	IV	12154950	12164949	NA	0	0	0	4564653984
GLOBAL	IV	12164950	12174949	NA	0	0	0	6284903834
GLOBAL	IV	12174950	12184949	NA	0	0	0	6505250444
GLOBAL	IV	12184950	12194949	0.0012376665008654	421	394388	318654500	6317257618
GLOBAL	IV	12194950	12204949	NA	0	0	0	6534629992
GLOBAL	IV	12204950	12214949	0.0048163094579428	112	394972	82007189	6459581117
GLOBAL	IV	12214950	12224949	0.016631351524361	176	2201524	132371924	5898940022
GLOBAL	IV	12224950	12234949	0.0027004028762821	35	36720	13597971	6410472143
GLOBAL	IV	12234950	12244949	0.0052354842838997	246	979540	187096350	6347533642
GLOBAL	IV	12244950	12254949	0.0026015154726002	311	612752	235536558	6024626604
GLOBAL	IV	12254950	12264949	0.00096814375526386	146	107512	111049624	6747528542
GLOBAL	IV	12264950	12274949	0.021558185010083	293	4744384	220073443	5760984013
GLOBAL	IV	12274950	12284949	0.025291248904675	309	5859796	231692631	6141349847
GLOBAL	IV	12284950	12294949	0.039207258178082	416	12380080	315759902	5557830260
GLOBAL	IV	12294950	12304949	0.054907136327232	218	9081604	165399338	5826482162
GLOBAL	IV	12304950	12314949	0.060701421918046	297	13620404	224383607	5912076195
GLOBAL	IV	12314950	12324949	0.050804118174211	318	12228520	240699385	6055028493
GLOBAL	IV	12324950	12334949	0.04366164688532	469	15283280	350039018	5767092134
GLOBAL	IV	12334950	12344949	0.029733785384934	266	5931292	199479882	5824100604
GLOBAL	IV	12344950	12354949	NA	0	0	0	6658333352
GLOBAL	IV	12354950	12364949	0.00035887925437814	230	63048	175680258	6545277920
GLOBAL	IV	12364950	12374949	0.00046862995857257	377	134928	287920133	6772449139
GLOBAL	IV	12374950	12384949	0	8	0	6105864	7238272156
GLOBAL	IV	12384950	12394949	0.00036301537497472	342	94688	260837437	6596967583
GLOBAL	IV	12394950	12404949	3.8344186828843e-05	76	2152	56123240	6909922220
GLOBAL	IV	12404950	12414949	0	123	0	93624967	6781962411
GLOBAL	IV	12414950	12424949	0.00022837170860112	71	12272	53736954	6804068066
GLOBAL	IV	12424950	12434949	0.0021172401688796	243	393260	185741800	6951942072
GLOBAL	IV	12434950	12444949	0.00088846292499645	122	81968	92258211	6962699039
GLOBAL	IV	12444950	12454949	0.00018380013455664	278	38976	212056428	6827437902
GLOBAL	IV	12454950	12464949	0.00023951035934215	240	43832	183006698	6646965066
GLOBAL	IV	12464950	12474949	0.00086723306451155	122	79100	91209622	6473573064
GLOBAL	IV	12474950	12484949	NA	0	0	0	6817601428
GLOBAL	IV	12484950	12494949	NA	0	0	0	6783583004
GLOBAL	IV	12494950	12504949	NA	0	0	0	6492880108
GLOBAL	IV	12504950	12514949	NA	0	0	0	6463500560
GLOBAL	IV	12514950	12524949	NA	0	0	0	6623541782
GLOBAL	IV	12524950	12534949	0.0038483515792091	276	812732	211189644	6689138406
GLOBAL	IV	12534950	12544949	0.0090803041517658	318	2195912	241832428	6165228474
GLOBAL	IV	12544950	12554949	0.023861085087386	117	2115868	88674425	5856045169
GLOBAL	IV	12554950	12564949	0.0295034687175	197	4422100	149884071	6087084711
GLOBAL	IV	12564950	12574949	4.8313218021111e-05	84	2480	51331708	6735343880
GLOBAL	IV	12574950	12584949	NA	0	0	0	6792860756
GLOBAL	IV	12584950	12594949	NA	0	0	0	6687712900
GLOBAL	IV	12594950	12604949	0.013499810250765	146	1504728	111462900	6732425492
GLOBAL	IV	12604950	12614949	NA	0	0	0	6151149576
GLOBAL	IV	12614950	12624949	0.00036725997649581	35	9888	26923707	6367766859
GLOBAL	IV	12624950	12634949	NA	0	0	0	3449004306
GLOBAL	IV	12634950	12644949	NA	0	0	0	4931125188
GLOBAL	IV	12644950	12654949	NA	0	0	0	5790863540
GLOBAL	IV	12654950	12664949	NA	0	0	0	6652148184
GLOBAL	IV	12664950	12674949	NA	0	0	0	6224598446
GLOBAL	IV	12674950	12684949	0.00017596592126658	55	7392	42008134	5990850104
GLOBAL	IV	12684950	12694949	0.001591335318753	416	491892	309106443	6727295303
GLOBAL	IV	12694950	12704949	NA	0	0	0	6984600964
GLOBAL	IV	12704950	12714949	NA	0	0	0	6673796272
GLOBAL	IV	12714950	12724949	2.3578968192978e-05	138	2460	104330265	6741877565
GLOBAL	IV	12724950	12734949	4.9871490215272e-05	326	12372	248077608	6756625152
GLOBAL	IV	12734950	12744949	NA	0	0	0	6540815160
GLOBAL	IV	12744950	12754949	0.030382897514284	236	5421724	178446575	6392521279
GLOBAL	IV	12754950	12764949	NA	0	0	0	6302686192
GLOBAL	IV	12764950	12774949	0.026565696438814	204	4112544	154806557	6292457937
GLOBAL	IV	12774950	12784949	0.026002295142823	299	5905020	227096107	6238723891
GLOBAL	IV	12784950	12794949	0.037552735436505	113	3175836	84570031	6482532093
GLOBAL	IV	12794950	12804949	NA	0	0	0	6555504934
GLOBAL	IV	12804950	12814949	0.030530284990432	247	5762548	188748582	6454121850
GLOBAL	IV	12814950	12824949	0.028708485533348	32	686880	23926027	5965636035
GLOBAL	IV	12824950	12834949	0.002085723323119	240	379468	181935924	6561443488
GLOBAL	IV	12834950	12844949	0	45	0	29574496	6706846602
GLOBAL	IV	12844950	12854949	0.0029784197982187	377	860592	288942479	6807764655
GLOBAL	IV	12854950	12864949	0	21	0	16159243	6747321965
GLOBAL	IV	12864950	12874949	0.00017364110531887	222	29388	169245640	6783656338
GLOBAL	IV	12874950	12884949	0.00025182421299693	77	14776	58675851	6588060311
GLOBAL	IV	12884950	12894949	0.00042262606688806	192	61672	145925689	6778369887
GLOBAL	IV	12894950	12904949	0.00064730132505271	179	88560	136814180	6426422214
GLOBAL	IV	12904950	12914949	0.0027293717751135	180	370000	135562331	6679719659
GLOBAL	IV	12914950	12924949	0.00056393190127841	297	127240	225630080	6577281574
GLOBAL	IV	12924950	12934949	0.0023874597614857	226	411720	172451074	6710867764
GLOBAL	IV	12934950	12944949	0.00022796632066791	113	19648	86188170	6720589214
GLOBAL	IV	12944950	12954949	0.00017279147922587	426	56180	325131773	6918473101
GLOBAL	IV	12954950	12964949	0	99	0	75618001	6600497709
GLOBAL	IV	12964950	12974949	0.00061611636666736	241	112620	182790145	6518839383
GLOBAL	IV	12974950	12984949	0.00064970319547798	314	156040	240171206	6899058958
GLOBAL	IV	12984950	12994949	0.00015892020011701	143	17288	108784157	6702632103
GLOBAL	IV	12994950	13004949	0.0037844221435326	141	405948	107268160	6068622088
GLOBAL	IV	13004950	13014949	NA	0	0	0	7037948038
GLOBAL	IV	13014950	13024949	0.00027409064854972	339	71248	259943199	6657394063
GLOBAL	IV	13024950	13034949	2.1475370531997e-05	306	4952	230589735	6841376727
GLOBAL	IV	13034950	13044949	NA	0	0	0	4075252566
GLOBAL	IV	13044950	13054949	NA	0	0	0	3169898600
GLOBAL	IV	13054950	13064949	NA	0	0	0	6740286828
GLOBAL	IV	13064950	13074949	NA	0	0	0	7100572864
GLOBAL	IV	13074950	13084949	NA	0	0	0	7102119156
GLOBAL	IV	13084950	13094949	0.0005327291180393	206	84184	158024026	6617054372
GLOBAL	IV	13094950	13104949	NA	0	0	0	6906513218
GLOBAL	IV	13104950	13114949	7.6138574144623e-05	213	12404	162913479	6565776159
GLOBAL	IV	13114950	13124949	0.00010350670555512	637	50496	487852451	6604988953
GLOBAL	IV	13124950	13134949	1.6338463818665e-05	395	4956	303333291	6726883287
GLOBAL	IV	13134950	13144949	0.00016026363812042	641	78764	491465194	6398038812
GLOBAL	IV	13144950	13154949	1.0746472599492e-05	301	2476	230401183	6489010703
GLOBAL	IV	13154950	13164949	0.00017503772012883	686	92096	526149449	5458773737
GLOBAL	IV	13164950	13174949	0.00023521454957111	776	139532	593211603	6231348139
GLOBAL	IV	13174950	13184949	0.0064957742632022	282	1389024	213835017	6227244309
GLOBAL	IV	13184950	13194949	0.0016653502497582	54	67664	40630492	6443745010
GLOBAL	IV	13194950	13204949	0.007936796736331	43	259116	32647428	6615635026
GLOBAL	IV	13204950	13214949	0.0069388056603512	224	1186216	170953916	5983288244
GLOBAL	IV	13214950	13224949	NA	0	0	0	6527671678
GLOBAL	IV	13224950	13234949	NA	0	0	0	6670703688
GLOBAL	IV	13234950	13244949	0.0026796277477547	210	431496	161028337	5730344183
GLOBAL	IV	13244950	13254949	0.00012797780577504	301	29324	229133480	6740777710
GLOBAL	IV	13254950	13264949	0.00092011751974923	317	222564	241886493	6818482779
GLOBAL	IV	13264950	13274949	0.0012873819159865	398	383944	298236285	6267319547
GLOBAL	IV	13274950	13284949	0.0022276562292571	324	552792	248149599	6404771731
GLOBAL	IV	13284950	13294949	0.0018049766284855	469	645832	357806295	6265735487
GLOBAL	IV	13294950	13304949	NA	0	0	0	6994651862
GLOBAL	IV	13304950	13314949	0.00031335363325045	348	83200	265514713	6536623795
GLOBAL	IV	13314950	13324949	NA	0	0	0	7003929614
GLOBAL	IV	13324950	13334949	0	10	0	7699171	6915050113
GLOBAL	IV	13334950	13344949	0.00055300969150663	455	192436	347979435	6496682103
GLOBAL	IV	13344950	13354949	0.0010669080208691	287	234492	219786519	6495759637
GLOBAL	IV	13354950	13364949	0.00013033339526885	320	32000	245524180	6940867890
GLOBAL	IV	13364950	13374949	7.4353847777353e-05	173	9872	132770533	6955431995
GLOBAL	IV	13374950	13384949	0.00059502873457022	138	63244	106287304	6504110996
GLOBAL	IV	13384950	13394949	0.0011070818496278	164	138584	125179543	6675412673
GLOBAL	IV	13394950	13404949	NA	0	0	0	7467817214
GLOBAL	IV	13404950	13414949	0.0012430681808094	277	264520	212796051	5994020037
GLOBAL	IV	13414950	13424949	0.0010833424311351	574	477540	440802452	6659770412
GLOBAL	IV	13424950	13434949	0.00021531925706637	564	93052	432158281	6598058297
GLOBAL	IV	13434950	13444949	0.002017588073779	735	1139344	564705955	6605450049
GLOBAL	IV	13444950	13454949	0	84	0	64387015	6856042831
GLOBAL	IV	13454950	13464949	0.00015410147161439	449	52996	343903270	6649202300
GLOBAL	IV	13464950	13474949	0.001998892011195	251	385588	192900866	6954060758
GLOBAL	IV	13474950	13484949	NA	0	0	0	6952901978
GLOBAL	IV	13484950	13494949	0	28	0	21352668	7131020978
GLOBAL	IV	13494950	13504949	0.00028164098191026	283	61028	216687215	6982848337
GLOBAL	IV	13504950	13514949	0.0014370266126676	404	446136	310457716	7047572766
GLOBAL	IV	13514950	13524949	NA	0	0	0	7066554440
GLOBAL	IV	13524950	13534949	0.00054731026415861	348	146436	267555735	7012387001
GLOBAL	IV	13534950	13544949	0.025498706343085	511	9829648	385495949	6629257709
GLOBAL	IV	13544950	13554949	0.043046677226609	568	18777368	436209464	6866927652
GLOBAL	IV	13554950	13564949	0.040915091198847	416	13085812	319828494	6892077394
GLOBAL	IV	13564950	13574949	0.059869086995018	235	10692636	178600285	6607302157
GLOBAL	IV	13574950	13584949	0.043925439750023	179	6006640	136746269	6718739313
GLOBAL	IV	13584950	13594949	0.0094558185914472	263	1914252	202441701	6214670099
GLOBAL	IV	13594950	13604949	0.0061230128146686	319	1504052	245639205	6837151301
GLOBAL	IV	13604950	13614949	0.0091528323298302	624	4396184	480308591	6517435855
GLOBAL	IV	13614950	13624949	0.008571106210755	739	4880900	569459750	6774654104
GLOBAL	IV	13624950	13634949	0.02485602737565	330	6316824	254136508	6599802782
GLOBAL	IV	13634950	13644949	0.012737403156336	578	5665768	444813431	6910897613
GLOBAL	IV	13644950	13654949	0.012951168625171	266	2645688	204281797	6955050163
GLOBAL	IV	13654950	13664949	0.01143338627903	139	1220956	106788660	6986825890
GLOBAL	IV	13664950	13674949	0.021739109713949	79	1322832	60850330	7003384672
GLOBAL	IV	13674950	13684949	0.031505728581216	277	6711648	213029449	7012793067
GLOBAL	IV	13684950	13694949	0.028321966280852	346	7553320	266694760	6942891690
GLOBAL	IV	13694950	13704949	0.036250321812149	395	10678544	294577909	6850064277
GLOBAL	IV	13704950	13714949	0.040179962364641	414	12753608	317412144	6728267354
GLOBAL	IV	13714950	13724949	0.018950676044816	245	3573356	188560872	7073599506
GLOBAL	IV	13724950	13734949	0.011337087466799	416	3631532	320323188	7027656396
GLOBAL	IV	13734950	13744949	0.013954633179913	638	6860760	491647463	6907359757
GLOBAL	IV	13744950	13754949	0.017566913333702	722	9759004	555533224	6927746910
GLOBAL	IV	13754950	13764949	0.017379091389513	414	5546920	319172037	7136274841
GLOBAL	IV	13764950	13774949	0.024099407284955	587	10905260	452511544	7033088028
GLOBAL	IV	13774950	13784949	0.00090166431758169	208	144524	160285815	7248772303
GLOBAL	IV	13784950	13794949	0.0024026597626371	243	444260	184903417	6319573881
GLOBAL	IV	13794950	13804949	NA	0	0	0	5773081182
GLOBAL	IV	13804950	13814949	0.0036283606063955	713	1993392	549391920	6902189228
GLOBAL	IV	13814950	13824949	0.0058347841672962	254	1142776	195855745	6794157241
GLOBAL	IV	13824950	13834949	0.0028080858252383	351	760328	270763804	7125923978
GLOBAL	IV	13834950	13844949	0.0026792756450626	493	1018928	380299803	7130813587
GLOBAL	IV	13844950	13854949	0.0060340126836724	478	2221672	368191470	7046278670
GLOBAL	IV	13854950	13864949	0.0052045064781399	750	3007340	577833847	7019098749
GLOBAL	IV	13864950	13874949	0.01326475183306	500	5103892	384771013	6935375315
GLOBAL	IV	13874950	13884949	0.0091017882475419	432	3028184	332702093	7050069061
GLOBAL	IV	13884950	13894949	0.0032407044442984	142	355360	109655171	7197347675
GLOBAL	IV	13894950	13904949	0.0068337348633103	301	1584460	231858571	7141634831
GLOBAL	IV	13904950	13914949	0.0030700022849849	940	2212136	720564936	6701636664
GLOBAL	IV	13914950	13924949	0.0051184780435483	629	2478244	484175956	6867669358
GLOBAL	IV	13924950	13934949	0.0042871999980104	624	2063428	481299683	7032133145
GLOBAL	IV	13934950	13944949	0.0028982222355606	464	1035628	357332156	6955082712
GLOBAL	IV	13944950	13954949	0.0057231160978425	365	1604188	280299748	7139582414
GLOBAL	IV	13954950	13964949	NA	0	0	0	1502222678
GLOBAL	V	54423	64422	0.021612694700896	704	11590824	536297031	6374081917
GLOBAL	V	64423	74422	0.017909975170917	576	7901000	441150807	6614579589
GLOBAL	V	74423	84422	0.036383078307474	303	8450088	232253245	6996661855
GLOBAL	V	84423	94422	0.02369864120947	791	14390856	607243929	5299591511
GLOBAL	V	94423	104422	0.024883696602556	237	4519356	181619157	6841639107
GLOBAL	V	104423	114422	0.027341397579251	428	8957624	327621292	6430447894
GLOBAL	V	114423	124422	0.0296287257382	394	8896484	300265495	6545942335
GLOBAL	V	124423	134422	NA	0	0	0	6701629528
GLOBAL	V	134423	144422	0.012649971856662	184	1778652	140605214	6246353892
GLOBAL	V	144423	154422	0.018121128903906	147	2027368	111878681	6984828453
GLOBAL	V	154423	164422	0.02701025992435	461	9520684	352483983	6485219241
GLOBAL	V	164423	174422	0.023992121435807	403	7418108	309189332	6393986488
GLOBAL	V	174423	184422	0.017406384645779	219	2894088	166265888	6169665582
GLOBAL	V	184423	194422	0.032987799763058	302	7617968	230932892	6325345188
GLOBAL	V	194423	204422	0.015435551545508	74	867768	56218788	6247240550
GLOBAL	V	204423	214422	0.023745008093049	412	7507168	316157736	6435726282
GLOBAL	V	214423	224422	0.018348937181987	122	1718156	93637903	6297960079
GLOBAL	V	224423	234422	0.021201634329582	254	4123304	194480479	6468491749
GLOBAL	V	234423	244422	0.028638783623812	643	14128816	493345534	6383788136
GLOBAL	V	244423	254422	0.021767869430205	447	7450360	342264089	6006037717
GLOBAL	V	254423	264422	0.026320684786341	468	9436412	358516964	6380223572
GLOBAL	V	264423	274422	0.022427897823989	493	8466412	377494675	6421551249
GLOBAL	V	274423	284422	0.018984612413412	395	5753336	303052592	6262503240
GLOBAL	V	284423	294422	0.01597617129271	195	2380108	148978623	6412711479
GLOBAL	V	294423	304422	NA	0	0	0	7022485118
GLOBAL	V	304423	314422	NA	0	0	0	6969911190
GLOBAL	V	314423	324422	6.8228556806594e-05	95	4960	72696833	6982260417
GLOBAL	V	324423	334422	0.00020897577273516	314	50320	240793463	6654895711
GLOBAL	V	334423	344422	NA	0	0	0	6792087610
GLOBAL	V	344423	354422	0.0001594452895327	393	48092	301620701	6924974961
GLOBAL	V	354423	364422	7.474072523062e-05	86	4912	65720529	7051088401
GLOBAL	V	364423	374422	NA	0	0	0	7310868576
GLOBAL	V	374423	384422	NA	0	0	0	7369627672
GLOBAL	V	384423	394422	0.00043588725379034	440	147708	338867445	6655784417
GLOBAL	V	394423	404422	0.0005326396509583	117	47920	89967016	7387901096
GLOBAL	V	404423	414422	0.00016546198885311	521	66184	399995192	6674290708
GLOBAL	V	414423	424422	0.0015878595588197	711	869844	547809153	6702754035
GLOBAL	V	424423	434422	0.00030260784343945	218	50716	167596449	7161827631
GLOBAL	V	434423	444422	0.00049081085159354	404	152692	311101516	7153623114
GLOBAL	V	444423	454422	0.00067445739056915	522	270496	401057211	6851052269
GLOBAL	V	454423	464422	0.00031285665067273	453	109200	349041645	6970331537
GLOBAL	V	464423	474422	0.00016392646653444	254	32060	195575496	6640581436
GLOBAL	V	474423	484422	1.9873293171598e-05	162	2480	124790591	6746157911
GLOBAL	V	484423	494422	0.00026210625304517	443	89456	341296703	6908493339
GLOBAL	V	494423	504422	0.00091963954923346	258	181408	197259894	6948928584
GLOBAL	V	504423	514422	0.00019663079652973	814	123052	625802276	6554404626
GLOBAL	V	514423	524422	0.00011743667	328	29492	251131099	6832432553
GLOBAL	V	524423	534422	0.00010451711714271	488	39224	375287810	6910066948
GLOBAL	V	534423	544422	0.0012915825582074	27	26840	20780708	7188805742
GLOBAL	V	544423	554422	NA	0	0	0	6791314464
GLOBAL	V	554423	564422	NA	0	0	0	7016299950
GLOBAL	V	564423	574422	0.042991341420206	163	5372108	124957906	5730076752
GLOBAL	V	574423	584422	NA	0	0	0	6433347866
GLOBAL	V	584423	594422	0.035854222000143	16	440860	12295902	6765101934
GLOBAL	V	594423	604422	0.073631548951677	97	5435564	73821128	5829921728
GLOBAL	V	604423	614422	0.04418673720026	92	3110668	70398228	6774263310
GLOBAL	V	614423	624422	NA	0	0	0	6046001720
GLOBAL	V	624423	634422	NA	0	0	0	5335480546
GLOBAL	V	634423	644422	NA	0	0	0	4608723306
GLOBAL	V	644423	654422	NA	0	0	0	6491333816
GLOBAL	V	654423	664422	0.077941119354652	582	34602960	443962831	5894288077
GLOBAL	V	664423	674422	0.054505397587802	294	12307780	225808462	6644366894
GLOBAL	V	674423	684422	NA	0	0	0	6177436540
GLOBAL	V	684423	694422	NA	0	0	0	5975645434
GLOBAL	V	694423	704422	NA	0	0	0	5902969710
GLOBAL	V	704423	714422	NA	0	0	0	5204045726
GLOBAL	V	714423	724422	0.026983316063216	137	2839036	105214496	6384573028
GLOBAL	V	724423	734422	0.023674897600654	54	981740	41467550	6330028636
GLOBAL	V	734423	744422	0.066464521901859	506	25785724	387962228	6283514606
GLOBAL	V	744423	754422	0.12013488580761	167	15088748	125598388	6844312802
GLOBAL	V	754423	764422	0.072775022955354	137	7547340	103707834	6151043306
GLOBAL	V	764423	774422	0.056222425562578	242	10420820	185349883	6586635931
GLOBAL	V	774423	784422	0.065780388001328	101	5043616	76673552	6622636538
GLOBAL	V	784423	794422	0.076312993912606	170	9636452	126275376	6553706064
GLOBAL	V	794423	804422	0.096652850539771	128	9211668	95306739	5870287797
GLOBAL	V	804423	814422	NA	0	0	0	6178209686
GLOBAL	V	814423	824422	NA	0	0	0	7037174892
GLOBAL	V	824423	834422	NA	0	0	0	7231234538
GLOBAL	V	834423	844422	0	8	0	6160338	5581365804
GLOBAL	V	844423	854422	0.012813071929429	207	2040172	159225829	6788264127
GLOBAL	V	854423	864422	0.018961294199926	356	5192780	273862108	6658164928
GLOBAL	V	864423	874422	0.00051000103420058	609	238648	467936306	6586247798
GLOBAL	V	874423	884422	NA	0	0	0	7027897140
GLOBAL	V	884423	894422	0.0089221373275583	220	1496888	167772356	7075059372
GLOBAL	V	894423	904422	NA	0	0	0	7030989724
GLOBAL	V	904423	914422	NA	0	0	0	6821467158
GLOBAL	V	914423	924422	NA	0	0	0	5570516930
GLOBAL	V	924423	934422	NA	0	0	0	6756522894
GLOBAL	V	934423	944422	0.00076763023457894	59	33936	44208785	7304543945
GLOBAL	V	944423	954422	0	10	0	7506881	7345111579
GLOBAL	V	954423	964422	NA	0	0	0	7340248124
GLOBAL	V	964423	974422	0.0055936899808832	360	1547016	276564487	6866531407
GLOBAL	V	974423	984422	0.00011311659591315	391	33984	300433369	7018166667
GLOBAL	V	984423	994422	0.030184262219792	407	9396456	311303153	6574335123
GLOBAL	V	994423	1004422	0.0010095726635036	424	327340	324236196	6838188348
GLOBAL	V	1004423	1014422	4.0230368024503e-05	401	12388	307926589	6614822695
GLOBAL	V	1014423	1024422	0.0002038599936388	712	111316	546041418	6540614818
GLOBAL	V	1024423	1034422	0.00023467579134829	524	93268	397433410	6891787078
GLOBAL	V	1034423	1044422	0.022955706217986	538	9467064	412405696	6061145762
GLOBAL	V	1044423	1054422	0.057076986547259	659	28643280	501835884	5888988952
GLOBAL	V	1054423	1064422	0.073923638391429	340	18997152	256983455	5819170959
GLOBAL	V	1064423	1074422	0.028450895496406	199	4310212	151496532	6261749538
GLOBAL	V	1074423	1084422	0.0089267978320172	5	33120	3710177	6148985691
GLOBAL	V	1084423	1094422	0.022640530325432	606	10469152	462407543	6502864771
GLOBAL	V	1094423	1104422	0.01104061581382	94	793848	71902511	6942851147
GLOBAL	V	1104423	1114422	0.00065268716051975	139	68788	105391992	6221261726
GLOBAL	V	1114423	1124422	0.00010635579233372	450	36812	346121252	7049793384
GLOBAL	V	1124423	1134422	0.00077844786073023	490	293972	377638651	6687369497
GLOBAL	V	1134423	1144422	NA	0	0	0	7192577238
GLOBAL	V	1144423	1154422	0.0025713809106111	264	520572	202448419	7054299937
GLOBAL	V	1154423	1164422	0.0026437657905545	613	1237876	468224532	6892898534
GLOBAL	V	1164423	1174422	0.021185706475695	458	7432224	350813130	6454417962
GLOBAL	V	1174423	1184422	0.026159861906497	407	8158260	311861738	6637947656
GLOBAL	V	1184423	1194422	0.00011484421740631	196	17256	150255715	7040002085
GLOBAL	V	1194423	1204422	0.00016237209096801	158	19648	121006017	6906117977
GLOBAL	V	1204423	1214422	NA	0	0	0	6768893230
GLOBAL	V	1214423	1224422	0.040877740333986	87	2695564	65942099	6914793135
GLOBAL	V	1224423	1234422	0.020457930749751	302	4717316	230586175	6518205259
GLOBAL	V	1234423	1244422	0	3	0	2209461	6518503903
GLOBAL	V	1244423	1254422	0.0094815085223614	896	6517364	687376274	6405465130
GLOBAL	V	1254423	1264422	0.0018846492944919	394	569360	302103952	6742029254
GLOBAL	V	1264423	1274422	0.00046272796393612	205	72632	156964795	6457299235
GLOBAL	V	1274423	1284422	0.00070469542825799	578	312768	443834297	6759566985
GLOBAL	V	1284423	1294422	5.4339409145675e-05	239	9872	181672936	6927404534
GLOBAL	V	1294423	1304422	3.0582508287221e-05	105	2464	80568931	7124378643
GLOBAL	V	1304423	1314422	0.0025387303100352	74	144128	56771686	6640218966
GLOBAL	V	1314423	1324422	0.00012661673729062	375	36456	287924020	6204182942
GLOBAL	V	1324423	1334422	0.00031585945442279	441	106988	338720271	7023949087
GLOBAL	V	1334423	1344422	0.00013724986798959	345	36392	265151439	6521524149
GLOBAL	V	1344423	1354422	0.0017425916470486	761	1011596	580512366	6673916552
GLOBAL	V	1354423	1364422	0.0010731084158219	361	297368	277109000	6925519136
GLOBAL	V	1364423	1374422	0.00085373041810521	249	163196	191156361	7027707841
GLOBAL	V	1374423	1384422	0.00021270971538805	331	54088	254280816	6922060356
GLOBAL	V	1384423	1394422	0.0061967288043186	828	3939976	635815464	6702886368
GLOBAL	V	1394423	1404422	0.0004553153090008	361	126504	277838231	6957262037
GLOBAL	V	1404423	1414422	0.0015174898487103	675	787016	518630158	6534007654
GLOBAL	V	1414423	1424422	0.0094218255366009	1110	8042276	853579380	5882068572
GLOBAL	V	1424423	1434422	0.0003510745870465	393	106012	301964323	6278281283
GLOBAL	V	1434423	1444422	0.00050039102351137	516	198356	396401995	6573509195
GLOBAL	V	1444423	1454422	0.0004077501070161	462	144820	355168515	6821945803
GLOBAL	V	1454423	1464422	0.0016135453047169	48	59700	36999271	7227480545
GLOBAL	V	1464423	1474422	0.00068432226758921	319	167876	245317167	7008338605
GLOBAL	V	1474423	1484422	0.0017291824994142	778	1033268	597547107	6355354871
GLOBAL	V	1484423	1494422	NA	0	0	0	4925713166
GLOBAL	V	1494423	1504422	NA	0	0	0	6449583932
GLOBAL	V	1504423	1514422	0.07001319105658	262	13291144	189837712	5678340428
GLOBAL	V	1514423	1524422	NA	0	0	0	4232201204
GLOBAL	V	1524423	1534422	NA	0	0	0	6119450590
GLOBAL	V	1534423	1544422	0.09663915660181	310	22326356	231028051	6496115295
GLOBAL	V	1544423	1554422	0.017481970963137	141	1891756	108211826	6104016284
GLOBAL	V	1554423	1564422	NA	0	0	0	6863990188
GLOBAL	V	1564423	1574422	NA	0	0	0	6839249516
GLOBAL	V	1574423	1584422	0.011452920100529	41	360068	31438969	6385672831
GLOBAL	V	1584423	1594422	0.0074025049780275	35	191296	25842063	6520385119
GLOBAL	V	1594423	1604422	0.005997021269718	150	691252	115265891	6477350051
GLOBAL	V	1604423	1614422	NA	0	0	0	6764254354
GLOBAL	V	1614423	1624422	0.0048812514490101	70	262736	53825541	6811710939
GLOBAL	V	1624423	1634422	NA	0	0	0	6734874806
GLOBAL	V	1634423	1644422	NA	0	0	0	7118355222
GLOBAL	V	1644423	1654422	NA	0	0	0	4567746568
GLOBAL	V	1654423	1664422	0.0046240088799106	139	492816	106577650	7078268128
GLOBAL	V	1664423	1674422	0.00040173345127325	127	39092	97308302	6947598050
GLOBAL	V	1674423	1684422	NA	0	0	0	7467044068
GLOBAL	V	1684423	1694422	0.00062542216427308	272	130532	208710224	6987732744
GLOBAL	V	1694423	1704422	8.7414695189286e-05	438	29444	336831238	6749051852
GLOBAL	V	1704423	1714422	0.0011499377554199	909	803628	698844782	6571820202
GLOBAL	V	1714423	1724422	0.0020213681284505	375	581876	287862459	6835904785
GLOBAL	V	1724423	1734422	NA	0	0	0	7098253426
GLOBAL	V	1734423	1744422	NA	0	0	0	7296178802
GLOBAL	V	1744423	1754422	8.2547905762707e-05	235	14760	178805263	7023822873
GLOBAL	V	1754423	1764422	NA	0	0	0	7593066866
GLOBAL	V	1764423	1774422	7.8257217571081e-05	162	9704	124001342	7038423202
GLOBAL	V	1774423	1784422	0.0041814701299681	474	1515852	362516520	6728005446
GLOBAL	V	1784423	1794422	0.00024072714620017	443	81664	339238849	6904366025
GLOBAL	V	1794423	1804422	0.0020527068693174	240	380044	185142850	7238605042
GLOBAL	V	1804423	1814422	2.5869984995617e-05	125	2484	96018610	7271289624
GLOBAL	V	1814423	1824422	0	381	0	292803305	7286346933
GLOBAL	V	1824423	1834422	0.00029053289601064	213	47680	164112225	7088770401
GLOBAL	V	1834423	1844422	0.00014355040587298	290	31988	222834619	7134422717
GLOBAL	V	1844423	1854422	6.8340387995137e-05	284	14836	217089783	6271151449
GLOBAL	V	1854423	1864422	0.0022729713406789	215	376028	165434554	6959105836
GLOBAL	V	1864423	1874422	0.00083856809104577	123	79288	94551654	7242603886
GLOBAL	V	1874423	1884422	6.0673087615309e-05	213	9884	162905835	6530219087
GLOBAL	V	1884423	1894422	0.0013158956152586	452	453000	344252230	5335278286
GLOBAL	V	1894423	1904422	0.0021261284092214	259	423676	199271125	6920630389
GLOBAL	V	1904423	1914422	NA	0	0	0	5141420900
GLOBAL	V	1914423	1924422	0.0022248888352531	447	761452	342242717	6937700019
GLOBAL	V	1924423	1934422	0.00133929691914	491	504420	376630449	7052529465
GLOBAL	V	1934423	1944422	0.0010141309915508	195	152084	149964848	7035654076
GLOBAL	V	1944423	1954422	0	364	0	279611836	6959354162
GLOBAL	V	1954423	1964422	9.1996151017717e-05	140	9908	107700158	7171469432
GLOBAL	V	1964423	1974422	NA	0	0	0	7246697458
GLOBAL	V	1974423	1984422	NA	0	0	0	7291539926
GLOBAL	V	1984423	1994422	3.7540604496827e-05	172	4960	132123605	6762792423
GLOBAL	V	1994423	2004422	0.0066440944139376	418	2134440	321253713	6985749133
GLOBAL	V	2004423	2014422	NA	0	0	0	7192577238
GLOBAL	V	2014423	2024422	0.00105852886526	499	404040	381699558	6940766208
GLOBAL	V	2024423	2034422	1.4995184879522e-05	216	2484	165653176	7078724844
GLOBAL	V	2034423	2044422	0.030706773243566	296	6937136	225915499	6534473125
GLOBAL	V	2044423	2054422	0.019318378347936	607	9004272	466098750	6642205574
GLOBAL	V	2054423	2064422	0.0014401858997427	715	791544	549612380	6670798114
GLOBAL	V	2064423	2074422	0	113	0	86857597	6815789891
GLOBAL	V	2074423	2084422	NA	0	0	0	7007022198
GLOBAL	V	2084423	2094422	NA	0	0	0	7254428918
GLOBAL	V	2094423	2104422	NA	0	0	0	7112170054
GLOBAL	V	2104423	2114422	0.0018712042202973	110	158336	84617167	6497174731
GLOBAL	V	2114423	2124422	2.695583792195e-05	120	2476	91853943	7215148903
GLOBAL	V	2124423	2134422	0.002438677698512	183	337896	138557055	6899390983
GLOBAL	V	2134423	2144422	0.0029578062948597	437	990048	334723745	6789043499
GLOBAL	V	2144423	2154422	0.007446352542033	257	1463956	196600415	6758621001
GLOBAL	V	2154423	2164422	0.0031831733356119	148	351492	110421885	6518531919
GLOBAL	V	2164423	2174422	0.00092033919853968	423	296736	322420256	6906494844
GLOBAL	V	2174423	2184422	0.0036139094459297	42	115668	32006336	5033646256
GLOBAL	V	2184423	2194422	0.0016532653666449	320	405556	245306052	6856813104
GLOBAL	V	2194423	2204422	0.00030359608417119	158	36604	120568090	7256791042
GLOBAL	V	2204423	2214422	0.00069460191011267	399	212056	305291415	6671578089
GLOBAL	V	2214423	2224422	0.00029510319755441	248	55912	189465924	6885593122
GLOBAL	V	2224423	2234422	0.0045471544902252	107	372052	81820840	6600480038
GLOBAL	V	2234423	2244422	0.00085409329982796	602	394708	462136865	6800023513
GLOBAL	V	2244423	2254422	0.0051508664716936	234	922048	179008329	6524167491
GLOBAL	V	2254423	2264422	NA	0	0	0	6858578166
GLOBAL	V	2264423	2274422	0.048378061452246	265	9805844	202691958	6612590032
GLOBAL	V	2274423	2284422	0.082901894050533	64	3839564	46314551	6358426913
GLOBAL	V	2284423	2294422	0.034780443804302	53	1421044	40857558	6579591640
GLOBAL	V	2294423	2304422	NA	0	0	0	6689259192
GLOBAL	V	2304423	2314422	NA	0	0	0	5790090394
GLOBAL	V	2314423	2324422	0	10	0	7704145	6958341315
GLOBAL	V	2324423	2334422	0.0020080433291642	564	869756	433136072	6607131404
GLOBAL	V	2334423	2344422	0.00028051305526918	696	149780	533950193	6769186923
GLOBAL	V	2344423	2354422	0.0015770246149264	430	520844	330270051	6716955739
GLOBAL	V	2354423	2364422	0.0008138770270368	162	100648	123664874	6778982614
GLOBAL	V	2364423	2374422	0.00049848150539373	718	275364	552405650	6845055278
GLOBAL	V	2374423	2384422	0.03306519095036	425	10744172	324939058	6513537312
GLOBAL	V	2384423	2394422	0.027788360115752	46	847880	30512056	5207552094
GLOBAL	V	2394423	2404422	NA	0	0	0	6083112728
GLOBAL	V	2404423	2414422	0.021419601147935	423	6928388	323460178	6313225086
GLOBAL	V	2414423	2424422	0.029296126206002	288	6367804	217359932	5415781824
GLOBAL	V	2424423	2434422	0.01147075121722	1022	8994236	784101741	6584752785
GLOBAL	V	2434423	2444422	0.01367187494164	262	2745324	200800842	6534847110
GLOBAL	V	2444423	2454422	0.013653709037712	280	2930744	214648195	6293694833
GLOBAL	V	2454423	2464422	0.0049579003678401	546	2079076	419346063	6991258347
GLOBAL	V	2464423	2474422	0.010353016735915	411	3257744	314666158	6290320120
GLOBAL	V	2474423	2484422	0.023142199217612	557	9868360	426422740	6308452066
GLOBAL	V	2484423	2494422	0.08853698221832	132	8551944	96591772	6805282570
GLOBAL	V	2494423	2504422	NA	0	0	0	7132271850
GLOBAL	V	2504423	2514422	0.011960511159406	247	2258000	188787918	6681387438
GLOBAL	V	2514423	2524422	0.073023472787512	650	34861276	477398221	5789723255
GLOBAL	V	2524423	2534422	0.073645664192202	480	26451992	359179217	5595591275
GLOBAL	V	2534423	2544422	NA	0	0	0	1312028762
GLOBAL	V	2544423	2554422	0.013487367611955	895	1887196	139923227	3457525111
GLOBAL	V	2554423	2564422	0.00018875012983611	1102	26144	138511163	3707117041
GLOBAL	V	2564423	2574422	0.0014792170345769	1109	266072	179873537	3385102669
GLOBAL	V	2574423	2584422	0.046494298206188	441	9903240	212999021	5021972545
GLOBAL	V	2584423	2594422	NA	0	0	0	6008890712
GLOBAL	V	2594423	2604422	NA	0	0	0	5741382196
GLOBAL	V	2604423	2614422	NA	0	0	0	5746794218
GLOBAL	V	2614423	2624422	0.07728992886162	177	10506824	135940402	6291995442
GLOBAL	V	2624423	2634422	0.070258779803409	260	13884308	197616697	5087609359
GLOBAL	V	2634423	2644422	0.060456323481534	490	22569096	373312413	6076271519
GLOBAL	V	2644423	2654422	0.037265486581769	151	4320096	115927535	5977236091
GLOBAL	V	2654423	2664422	0.051561234838402	400	15342284	297554627	5718294399
GLOBAL	V	2664423	2674422	0.066669524857343	535	27208744	408113663	5946373311
GLOBAL	V	2674423	2684422	0.066452565699058	182	9194436	138360888	6111751376
GLOBAL	V	2684423	2694422	NA	0	0	0	6206042942
GLOBAL	V	2694423	2704422	0.042769504061118	424	13806308	322807297	6200998651
GLOBAL	V	2704423	2714422	0.047660698974887	360	13145784	275820210	5819662854
GLOBAL	V	2714423	2724422	0.034938250437824	444	11796428	337636483	6098030821
GLOBAL	V	2724423	2734422	0.044524480930514	189	6285672	141173392	6496285018
GLOBAL	V	2734423	2744422	0.05448774020659	271	11346392	208237522	5988527668
GLOBAL	V	2744423	2754422	0.046822503199794	226	7951740	169827315	5549906793
GLOBAL	V	2754423	2764422	NA	0	0	0	6062237786
GLOBAL	V	2764423	2774422	0.057582926048676	106	4639844	80576732	5915170498
GLOBAL	V	2774423	2784422	0.05414591323989	95	3832028	70772248	5753336570
GLOBAL	V	2784423	2794422	NA	0	0	0	5276721450
GLOBAL	V	2794423	2804422	NA	0	0	0	4516718932
GLOBAL	V	2804423	2814422	NA	0	0	0	3232523426
GLOBAL	V	2814423	2824422	NA	0	0	0	2384382264
GLOBAL	V	2824423	2834422	NA	0	0	0	1248630790
GLOBAL	V	2834423	2844422	NA	0	0	0	1279556630
GLOBAL	V	2844423	2854422	NA	0	0	0	3633786200
GLOBAL	V	2854423	2864422	0.028090989223016	486	10444348	371804208	6337556780
GLOBAL	V	2864423	2874422	0.0002325690099196	152	27032	116232167	7193090117
GLOBAL	V	2874423	2884422	0.00054187434386375	164	68224	125903728	6814627914
GLOBAL	V	2884423	2894422	0.013034285403683	405	4041296	310051213	6688466379
GLOBAL	V	2894423	2904422	NA	0	0	0	7119128368
GLOBAL	V	2904423	2914422	NA	0	0	0	6544680890
GLOBAL	V	2914423	2924422	NA	0	0	0	7088975674
GLOBAL	V	2924423	2934422	NA	0	0	0	7255975210
GLOBAL	V	2934423	2944422	0.021605487730961	85	1411928	65350434	6460001806
GLOBAL	V	2944423	2954422	NA	0	0	0	5783132080
GLOBAL	V	2954423	2964422	0.09861817105824	263	19709076	199852378	5761103282
GLOBAL	V	2964423	2974422	0.048495858564832	311	11409024	235257697	6106085795
GLOBAL	V	2974423	2984422	0.00029521213929252	342	77536	262645026	7046677258
GLOBAL	V	2984423	2994422	0.04303473382775	63	2081648	48371346	6906850070
GLOBAL	V	2994423	3004422	0.023054864358842	256	4538948	196875936	6607582010
GLOBAL	V	3004423	3014422	0.054934098567625	921	38812652	706531153	6106431399
GLOBAL	V	3014423	3024422	0.055739698169034	193	8229364	147639192	6363023274
GLOBAL	V	3024423	3034422	0.090082438179201	117	8048176	89342342	6765370094
GLOBAL	V	3034423	3044422	0.082929755387509	245	15438908	186168498	6165225892
GLOBAL	V	3044423	3054422	NA	0	0	0	6494426400
GLOBAL	V	3054423	3064422	0.10461442222353	439	34788152	332536865	6100811001
GLOBAL	V	3064423	3074422	0.095784488829246	320	22817952	238221786	5909062060
GLOBAL	V	3074423	3084422	0.057678008559281	533	23367836	405142906	6081552034
GLOBAL	V	3084423	3094422	0.061878228305338	1018	48491600	783661739	6067958113
GLOBAL	V	3094423	3104422	0.052565959945681	138	5529928	105199791	5468409723
GLOBAL	V	3104423	3114422	NA	0	0	0	6372269332
GLOBAL	V	3114423	3124422	NA	0	0	0	6562463248
GLOBAL	V	3124423	3134422	0.061381667027812	484	22647424	368960719	5965424459
GLOBAL	V	3134423	3144422	0.0692289441045	256	13487112	194818976	6229251138
GLOBAL	V	3144423	3154422	0.076379531451482	336	19610208	256746901	6711617997
GLOBAL	V	3154423	3164422	0	3	0	2316953	7283037805
GLOBAL	V	3164423	3174422	0.00030116029898903	364	84392	280222859	7239395137
GLOBAL	V	3174423	3184422	1.4164496547758e-05	228	2480	175085644	7285773256
GLOBAL	V	3184423	3194422	0.00056284390635249	603	261048	463801770	6794492878
GLOBAL	V	3194423	3204422	1.1705056385033e-05	276	2484	212215979	7149680233
GLOBAL	V	3204423	3214422	0.00054562755875938	582	244404	447931920	6784848910
GLOBAL	V	3214423	3224422	0.00098069897849714	514	386748	394359542	7064179920
GLOBAL	V	3224423	3234422	8.2525166974847e-05	890	56588	685705974	6854786964
GLOBAL	V	3234423	3244422	0.00019354467259737	298	44360	229197732	7079351406
GLOBAL	V	3244423	3254422	0.00027921430171087	545	117128	419491406	6940085368
GLOBAL	V	3254423	3264422	0.0016708324482992	313	401708	240423868	6995449546
GLOBAL	V	3264423	3274422	0.00022079147420211	806	136596	618665193	6899406511
GLOBAL	V	3274423	3284422	0.00074915367889614	536	309116	412620279	6776864375
GLOBAL	V	3284423	3294422	0.055354016063334	39	1625368	29363145	6412489327
GLOBAL	V	3294423	3304422	0.045149681704686	33	1144440	25347687	6279657943
GLOBAL	V	3304423	3314422	0.074172175960381	311	17303596	233289583	6190780531
GLOBAL	V	3314423	3324422	0.070328207635904	363	19580816	278420518	6308783402
GLOBAL	V	3324423	3334422	0.023555776093051	248	4478836	190137484	6285733412
GLOBAL	V	3334423	3344422	0.020201121710532	361	5586324	276535337	6841819885
GLOBAL	V	3344423	3354422	0.053835435901577	239	9874144	183413468	6708409976
GLOBAL	V	3354423	3364422	NA	0	0	0	7225049370
GLOBAL	V	3364423	3374422	NA	0	0	0	7341794416
GLOBAL	V	3374423	3384422	0.0011588470385883	183	163572	141150639	7114824571
GLOBAL	V	3384423	3394422	NA	0	0	0	7479414404
GLOBAL	V	3394423	3404422	NA	0	0	0	7404419242
GLOBAL	V	3404423	3414422	0.00029477514569674	370	83852	284460889	7171759135
GLOBAL	V	3414423	3424422	0	74	0	56685623	6754730637
GLOBAL	V	3424423	3434422	NA	0	0	0	5602989062
GLOBAL	V	3434423	3444422	NA	0	0	0	6614264030
GLOBAL	V	3444423	3454422	0.02723025046103	147	2703916	99298242	6494090846
GLOBAL	V	3454423	3464422	0.0057167783923635	50	217168	37987829	6637354735
GLOBAL	V	3464423	3474422	0.06317360371894	368	17765444	281216251	6621431237
GLOBAL	V	3474423	3484422	0.068254322123638	300	15715420	230247983	6603589511
GLOBAL	V	3484423	3494422	0.010252467596416	606	4783924	466611960	6493248332
GLOBAL	V	3494423	3504422	0.0006511765719933	526	263268	404295872	7094447182
GLOBAL	V	3504423	3514422	7.5081964121477e-05	427	24604	327695210	6998636286
GLOBAL	V	3514423	3524422	6.1301260305953e-05	157	7388	120519545	7274621945
GLOBAL	V	3524423	3534422	0	62	0	47706832	7318055110
GLOBAL	V	3534423	3544422	0.0012230088541634	411	386312	315870158	7096280544
GLOBAL	V	3544423	3554422	1.8474757829087e-05	175	2468	133587678	7181919774
GLOBAL	V	3554423	3564422	0.0072760548406929	424	2370384	325778743	6895404897
GLOBAL	V	3564423	3574422	NA	0	0	0	6835383786
GLOBAL	V	3574423	3584422	0.025284125875324	622	11482108	454123194	6282297904
GLOBAL	V	3584423	3594422	0.015866073441646	296	3231632	203681901	6541243803
GLOBAL	V	3594423	3604422	NA	0	0	0	6793633902
GLOBAL	V	3604423	3614422	NA	0	0	0	7354164752
GLOBAL	V	3614423	3624422	1.8161683398769e-05	177	2464	135670243	7355341351
GLOBAL	V	3624423	3634422	0.00082344108684808	730	462448	561604233	6821166921
GLOBAL	V	3634423	3644422	0.0011847266577103	913	830672	701150763	6824652401
GLOBAL	V	3644423	3654422	0.00049422759186206	650	247092	499955899	6842611663
GLOBAL	V	3654423	3664422	3.7574498931804e-05	86	2484	66108666	3640353258
GLOBAL	V	3664423	3674422	NA	0	NA	NA	NA
GLOBAL	V	3674423	3684422	NA	0	0	0	5772308036
GLOBAL	V	3684423	3694422	0.015243314910221	382	4456256	292341661	6931934563
GLOBAL	V	3694423	3704422	NA	0	0	0	6723277616
GLOBAL	V	3704423	3714422	0.039410044426301	252	7574056	192185929	6381874509
GLOBAL	V	3714423	3724422	NA	0	0	0	7071193316
GLOBAL	V	3724423	3734422	NA	0	0	0	6724050762
GLOBAL	V	3734423	3744422	NA	0	0	0	6653694476
GLOBAL	V	3744423	3754422	NA	0	0	0	7328650934
GLOBAL	V	3754423	3764422	0.010225498218716	98	770484	75349287	6999709759
GLOBAL	V	3764423	3774422	0.0071462463557253	285	1562072	218586363	6807764485
GLOBAL	V	3774423	3784422	NA	0	0	0	7197989260
GLOBAL	V	3784423	3794422	0.0059968745104564	320	1476040	246134882	7022210664
GLOBAL	V	3794423	3804422	0.0074605828174501	305	1747836	234276067	6534617163
GLOBAL	V	3804423	3814422	NA	0	0	0	7020165680
GLOBAL	V	3814423	3824422	NA	0	0	0	6962179730
GLOBAL	V	3824423	3834422	NA	0	0	0	6973776920
GLOBAL	V	3834423	3844422	0.014078244555625	140	1498928	106471229	7082240279
GLOBAL	V	3844423	3854422	0.096400541128494	156	11527052	119574557	6718128667
GLOBAL	V	3854423	3864422	0.067415424829818	115	5965452	88487939	5770412449
GLOBAL	V	3864423	3874422	0.07437956836469	574	32757632	440411698	6418166468
GLOBAL	V	3874423	3884422	NA	0	0	0	5650150968
GLOBAL	V	3884423	3894422	NA	0	0	0	6399329442
GLOBAL	V	3894423	3904422	NA	0	0	0	6542361452
GLOBAL	V	3904423	3914422	NA	0	0	0	4483473654
GLOBAL	V	3914423	3924422	0.014057758473373	129	1330860	94670854	6422176780
GLOBAL	V	3924423	3934422	0.0046478394870075	16	56736	12206962	6987083776
GLOBAL	V	3934423	3944422	0.0098525013204148	395	2991496	303628074	6629172108
GLOBAL	V	3944423	3954422	0.0089179788403081	101	691424	77531469	6776407821
GLOBAL	V	3954423	3964422	0.0075791544035419	338	1968296	259698628	7043438488
GLOBAL	V	3964423	3974422	0.0027183885832364	373	779936	286911152	7053336972
GLOBAL	V	3974423	3984422	0.006210192911686	242	1155484	186062497	6999556427
GLOBAL	V	3984423	3994422	0.0065558423737241	670	3379184	515446194	6745941038
GLOBAL	V	3994423	4004422	NA	0	0	0	6918883554
GLOBAL	V	4004423	4014422	0.0052037223803441	161	644788	123908993	6837497591
GLOBAL	V	4014423	4024422	0.0048672122280129	224	839744	172530796	6848408030
GLOBAL	V	4024423	4034422	0.0066837341939764	287	1472744	220347482	7020164808
GLOBAL	V	4034423	4044422	0.00094943106971378	324	236916	249534703	5797240163
GLOBAL	V	4044423	4054422	0	201	0	155231037	7169554167
GLOBAL	V	4054423	4064422	NA	0	0	0	7117582076
GLOBAL	V	4064423	4074422	NA	0	0	0	6805231092
GLOBAL	V	4074423	4084422	0.065320827938869	208	10477092	160394354	6773952120
GLOBAL	V	4084423	4094422	NA	0	0	0	6762708062
GLOBAL	V	4094423	4104422	0.03175511853712	251	6082792	191553119	6815469079
GLOBAL	V	4104423	4114422	0.063063683839696	285	13729988	217716238	6750648660
GLOBAL	V	4114423	4124422	0.10607410535471	145	11815916	111393030	7031702864
GLOBAL	V	4124423	4134422	0.054030710199851	166	6886624	127457588	6995536510
GLOBAL	V	4134423	4144422	0.10904033624484	147	11895032	109088365	7077303705
GLOBAL	V	4144423	4154422	NA	0	0	0	6734874806
GLOBAL	V	4154423	4164422	NA	0	0	0	6499838422
GLOBAL	V	4164423	4174422	NA	0	0	0	6546227182
GLOBAL	V	4174423	4184422	NA	0	0	0	7236646560
GLOBAL	V	4184423	4194422	0.031669836483493	52	1260156	39790417	6723690791
GLOBAL	V	4194423	4204422	NA	0	0	0	6518393926
GLOBAL	V	4204423	4214422	NA	0	0	0	6540815160
GLOBAL	V	4214423	4224422	NA	0	0	0	6499838422
GLOBAL	V	4224423	4234422	NA	0	0	0	4687584198
GLOBAL	V	4234423	4244422	NA	0	0	0	6928934452
GLOBAL	V	4244423	4254422	0.012067834736222	179	1658632	137442386	6918288010
GLOBAL	V	4254423	4264422	0.0054001131462976	569	2365284	438006378	6429076394
GLOBAL	V	4264423	4274422	0.01268931320203	288	2807112	221218592	6863891352
GLOBAL	V	4274423	4284422	NA	0	0	0	6705495258
GLOBAL	V	4284423	4294422	NA	0	0	0	7099026572
GLOBAL	V	4294423	4304422	NA	0	0	0	6874041086
GLOBAL	V	4304423	4314422	0.011880574805336	177	1615744	135998807	7182601229
GLOBAL	V	4314423	4324422	0.010493084022467	164	1320888	125881771	6898922785
GLOBAL	V	4324423	4334422	NA	0	0	0	4207460532
GLOBAL	V	4334423	4344422	0	12	0	823745	3130417555
GLOBAL	V	4344423	4354422	0.045945562477196	111	3903400	84957062	5932438256
GLOBAL	V	4354423	4364422	0.0045508714266763	118	411800	90488164	7210329514
GLOBAL	V	4364423	4374422	0.017009517044659	42	546940	32154940	7216088810
GLOBAL	V	4374423	4384422	NA	0	0	0	7520391142
GLOBAL	V	4384423	4394422	0.00071726045865785	147	81200	113208527	7414914075
GLOBAL	V	4394423	4404422	NA	0	0	0	7527349456
GLOBAL	V	4404423	4414422	NA	0	0	0	7494104178
GLOBAL	V	4414423	4424422	0.00051194884539809	367	143560	280418642	6977876006
GLOBAL	V	4424423	4434422	0.0016302771912324	139	173340	106325477	6920025371
GLOBAL	V	4434423	4444422	0.00090154892880694	338	234532	260143396	7327511448
GLOBAL	V	4444423	4454422	0.00030188409031415	413	96088	318294349	7253897575
GLOBAL	V	4454423	4464422	0.0007355478062317	690	390408	530771755	7016679497
GLOBAL	V	4464423	4474422	0.00027367360724714	398	83872	306467258	7111868612
GLOBAL	V	4474423	4484422	6.1594423817073e-05	105	4960	80526770	7380332130
GLOBAL	V	4484423	4494422	NA	0	0	0	7519617996
GLOBAL	V	4494423	4504422	NA	0	0	0	7446169126
GLOBAL	V	4504423	4514422	NA	0	0	0	7519617996
GLOBAL	V	4514423	4524422	NA	0	0	0	5851168928
GLOBAL	V	4524423	4534422	NA	0	0	0	6311190798
GLOBAL	V	4534423	4544422	0.0007481371794107	298	163728	218847565	7083516405
GLOBAL	V	4544423	4554422	0.0007809438300081	202	115032	147298686	6902246542
GLOBAL	V	4554423	4564422	0.0006432083636444	104	51040	79352202	7324293894
GLOBAL	V	4564423	4574422	NA	0	0	0	7433025644
GLOBAL	V	4574423	4584422	0.00013769403357205	140	14860	107920435	7493651037
GLOBAL	V	4584423	4594422	NA	0	0	0	7633270458
GLOBAL	V	4594423	4604422	NA	0	0	0	6874814232
GLOBAL	V	4604423	4614422	NA	0	0	0	7149281062
GLOBAL	V	4614423	4624422	NA	0	0	0	7269118692
GLOBAL	V	4624423	4634422	0.029345609761421	327	7364296	250950519	6666386743
GLOBAL	V	4634423	4644422	NA	0	0	0	6529991116
GLOBAL	V	4644423	4654422	NA	0	0	0	6907286364
GLOBAL	V	4654423	4664422	NA	0	0	0	6775851544
GLOBAL	V	4664423	4674422	0.023001696109801	15	266184	11572364	6695469186
GLOBAL	V	4674423	4684422	0.030932761820698	273	6480780	209511845	6376145783
GLOBAL	V	4684423	4694422	0.0068346170216932	286	1412172	206620502	6659689124
GLOBAL	V	4694423	4704422	NA	0	0	0	6722504470
GLOBAL	V	4704423	4714422	0.0067742470343569	403	2094296	309155540	6932129896
GLOBAL	V	4714423	4724422	0.0065100775414273	290	1449824	222704567	6665253147
GLOBAL	V	4724423	4734422	0	10	0	7686822	7092112896
GLOBAL	V	4734423	4744422	0.01245955748438	155	1483420	119058803	6885643957
GLOBAL	V	4744423	4754422	NA	0	0	0	7390502614
GLOBAL	V	4754423	4764422	0.0003175523051213	405	98004	308623173	7078013711
GLOBAL	V	4764423	4774422	NA	0	0	0	7470136652
GLOBAL	V	4774423	4784422	0.00032810158333235	184	46328	141200172	7290279180
GLOBAL	V	4784423	4794422	0.00033134883066176	479	121484	366634763	7033145603
GLOBAL	V	4794423	4804422	7.4414603591024e-05	86	4872	65471020	7313434404
GLOBAL	V	4804423	4814422	0.010000002270251	264	2026208	202620754	6851563350
GLOBAL	V	4814423	4824422	0.0067728209018662	488	2540668	375127002	6869251018
GLOBAL	V	4824423	4834422	0.011260893526966	296	2539932	225553327	6755181907
GLOBAL	V	4834423	4844422	0.013961038167997	433	4635448	332027457	6881424723
GLOBAL	V	4844423	4854422	0.016978507665573	214	2775092	163447345	7219323809
GLOBAL	V	4854423	4864422	NA	0	0	0	7298498240
GLOBAL	V	4864423	4874422	0	141	0	108290138	7131449006
GLOBAL	V	4874423	4884422	NA	0	0	0	5306874144
GLOBAL	V	4884423	4894422	NA	0	0	0	7307775992
GLOBAL	V	4894423	4904422	0.004017244186733	144	445120	110802326	7102649854
GLOBAL	V	4904423	4914422	NA	0	0	0	7558275296
GLOBAL	V	4914423	4924422	0.00030039993049877	147	33824	112596564	7391558512
GLOBAL	V	4924423	4934422	0.0014556661041569	273	305456	209839330	6211911346
GLOBAL	V	4934423	4944422	0	93	0	71468807	7333723581
GLOBAL	V	4944423	4954422	3.5852290486975e-05	358	9840	274459452	7165524506
GLOBAL	V	4954423	4964422	0.00016203788032685	316	39364	242930850	7206330860
GLOBAL	V	4964423	4974422	NA	0	0	0	7238192852
GLOBAL	V	4974423	4984422	NA	0	0	0	5149152360
GLOBAL	V	4984423	4994422	NA	0	0	0	473938498
GLOBAL	V	4994423	5004422	NA	0	0	0	331679634
GLOBAL	V	5004423	5014422	NA	0	NA	NA	NA
GLOBAL	V	5014423	5024422	NA	0	0	0	552026244
GLOBAL	V	5024423	5034422	NA	0	0	0	2572256742
GLOBAL	V	5034423	5044422	0.00025976205607279	335	64532	248427353	7064760661
GLOBAL	V	5044423	5054422	0.00066357093013773	103	52448	79039026	7117403942
GLOBAL	V	5054423	5064422	0.00591161978299	583	2647768	447892134	6977402050
GLOBAL	V	5064423	5074422	0	6	0	4574458	7019456952
GLOBAL	V	5074423	5084422	0	148	0	112954691	7252034105
GLOBAL	V	5084423	5094422	0	122	0	93617947	7402032523
GLOBAL	V	5094423	5104422	4.4071702592028e-05	293	9888	224361652	7199386240
GLOBAL	V	5104423	5114422	0.00029549403192033	645	146668	496348434	6724835206
GLOBAL	V	5114423	5124422	8.856932332134e-05	144	9808	110738116	7090343728
GLOBAL	V	5124423	5134422	0	179	0	137238116	7297333820
GLOBAL	V	5134423	5144422	0.0007647590397666	387	227104	296961511	7188638061
GLOBAL	V	5144423	5154422	6.9923517126382e-05	274	14760	211087780	7378886502
GLOBAL	V	5154423	5164422	0.00055665045671259	229	97600	175334447	7344283549
GLOBAL	V	5164423	5174422	0.00057029668994683	869	381100	668248662	6774054734
GLOBAL	V	5174423	5184422	0	216	0	166431627	6078268615
GLOBAL	V	5184423	5194422	NA	0	0	0	7061915564
GLOBAL	V	5194423	5204422	NA	0	0	0	7146961624
GLOBAL	V	5204423	5214422	8.901357966481e-05	786	53804	604447099	6776777763
GLOBAL	V	5214423	5224422	0.00036851320907058	589	166128	450806093	7177825489
GLOBAL	V	5224423	5234422	0.0027489898416444	190	402504	146418875	7282741039
GLOBAL	V	5234423	5244422	8.9730270259242e-05	398	26836	299074102	7122354352
GLOBAL	V	5244423	5254422	0.00054483720176534	503	210800	386904564	6854380872
GLOBAL	V	5254423	5264422	NA	0	0	0	7037174892
GLOBAL	V	5264423	5274422	0	119	0	91168478	6937501808
GLOBAL	V	5274423	5284422	0.0017459171338692	291	390252	223522636	7054100662
GLOBAL	V	5284423	5294422	0.00075196689033562	207	119684	159161263	7261494045
GLOBAL	V	5294423	5304422	5.3693766307452e-05	120	4960	92375714	7359978580
GLOBAL	V	5304423	5314422	0.00024476528475971	499	94016	384106758	7066701244
GLOBAL	V	5314423	5324422	2.7309039391304e-05	237	4952	181331900	6895273438
GLOBAL	V	5324423	5334422	NA	0	0	0	7484053280
GLOBAL	V	5334423	5344422	0.00028558209499022	523	114976	402602271	6953108773
GLOBAL	V	5344423	5354422	5.4731111051491e-05	410	17240	314994519	7204623477
GLOBAL	V	5354423	5364422	0.0015216568090556	487	570668	375030688	7054129226
GLOBAL	V	5364423	5374422	0.0031461321821784	300	727688	231296067	7194771263
GLOBAL	V	5374423	5384422	0.0028122817465615	379	820248	291666367	6662781903
GLOBAL	V	5384423	5394422	0.0058729340969557	14	63336	10784388	6845474340
GLOBAL	V	5394423	5404422	0.007018259516184	164	886736	126346995	6635587921
GLOBAL	V	5404423	5414422	0.0016493744326596	171	215740	130801106	6971318050
GLOBAL	V	5414423	5424422	0.0062586159043382	280	1350092	215717344	7148498306
GLOBAL	V	5424423	5434422	NA	0	0	0	7351845314
GLOBAL	V	5434423	5444422	0.055760511495406	185	7958796	142731761	7137984121
GLOBAL	V	5444423	5454422	0.0066048399127006	238	1212272	183542980	7104904362
GLOBAL	V	5454423	5464422	0.065306349183439	491	24631864	377174108	6756644034
GLOBAL	V	5464423	5474422	0.06218912108958	246	11639184	187157879	6805947691
GLOBAL	V	5474423	5484422	0.03475824192964	148	3910984	112519615	6853525845
GLOBAL	V	5484423	5494422	0.012098885780861	326	3022956	249854082	6871593724
GLOBAL	V	5494423	5504422	0.015235839916483	216	2532144	166196548	7085912932
GLOBAL	V	5504423	5514422	0.0026960473092513	219	453332	168146901	6765426427
GLOBAL	V	5514423	5524422	0.0041114423320582	126	398708	96975214	6456983428
GLOBAL	V	5524423	5534422	0.0031216055469511	610	1465000	469309776	6485911640
GLOBAL	V	5534423	5544422	0.040504962621118	123	3840344	94811691	6706553671
GLOBAL	V	5544423	5554422	0.053629040649978	112	4542968	84710969	6680316531
GLOBAL	V	5554423	5564422	0.036434827377666	202	5639848	154792774	7105821312
GLOBAL	V	5564423	5574422	0	41	0	31451286	6957788554
GLOBAL	V	5574423	5584422	0	14	0	10719914	7131602834
GLOBAL	V	5584423	5594422	0.039442793234302	532	16162812	409778585	6785891237
GLOBAL	V	5594423	5604422	0.049606623973379	630	24081896	485457265	6944475795
GLOBAL	V	5604423	5614422	0.037501633310968	698	20192036	538430842	6756201668
GLOBAL	V	5614423	5624422	0.037767126434699	883	25685184	680093680	6639279502
GLOBAL	V	5624423	5634422	0.039859811625236	309	9478528	237796608	6678767508
GLOBAL	V	5634423	5644422	0.0075135480151474	134	749424	99743024	6587969876
GLOBAL	V	5644423	5654422	0.020487393770231	511	8064940	393653780	6527549212
GLOBAL	V	5654423	5664422	0.031016111040081	192	4579340	147643913	6654494595
GLOBAL	V	5664423	5674422	0.024039388584081	165	3053272	127011217	6869960083
GLOBAL	V	5674423	5684422	NA	0	0	0	6886411422
GLOBAL	V	5684423	5694422	0.00063613736918653	118	56212	88364562	6791861692
GLOBAL	V	5694423	5704422	0.0035164371919071	200	534664	152047078	7046715328
GLOBAL	V	5704423	5714422	0.0033690274416311	681	1763108	523328477	6672341345
GLOBAL	V	5714423	5724422	0.0032938281845011	284	470244	142765188	7105478562
GLOBAL	V	5724423	5734422	NA	0	0	0	7075832192
GLOBAL	V	5734423	5744422	0.003215509669159	174	430748	133959479	7055525175
GLOBAL	V	5744423	5754422	0.0050665582573432	363	1413928	279070708	6755784746
GLOBAL	V	5754423	5764422	0.0038996792528689	155	464052	118997479	6871788653
GLOBAL	V	5764423	5774422	0.0014225399948951	334	363428	255478230	6897668562
GLOBAL	V	5774423	5784422	0.004341692188955	532	1768056	407227395	6922969831
GLOBAL	V	5784423	5794422	0.0031141605265386	221	529108	169903894	7080659294
GLOBAL	V	5794423	5804422	0.0035964462452799	218	603312	167752264	7028690704
GLOBAL	V	5804423	5814422	0.0062308148119861	198	948288	152193257	7066670945
GLOBAL	V	5814423	5824422	0.00067477396471589	427	220600	326924291	6790657785
GLOBAL	V	5824423	5834422	0.0010553254049068	45	35840	33961089	6717922929
GLOBAL	V	5834423	5844422	0.00011830817338324	135	12228	103357187	6970155567
GLOBAL	V	5844423	5854422	0.00039062205214832	227	67860	173722911	6721193117
GLOBAL	V	5854423	5864422	0.00042227609022181	189	60392	143015438	3956977800
GLOBAL	V	5864423	5874422	0.046042552093514	454	16013448	347796707	6448156633
GLOBAL	V	5874423	5884422	0.0365474141362	364	10167376	278196864	6380909634
GLOBAL	V	5884423	5894422	0.0035349926586592	285	772628	218565659	7145649991
GLOBAL	V	5894423	5904422	0.0047056194146578	389	1405764	298741542	6719104700
GLOBAL	V	5904423	5914422	NA	0	0	0	6748791434
GLOBAL	V	5914423	5924422	0.0021299177912413	75	122572	57547761	5525339505
GLOBAL	V	5924423	5934422	0.0025323183028735	488	949928	375121879	6193526537
GLOBAL	V	5934423	5944422	0	126	0	96646452	7009338434
GLOBAL	V	5944423	5954422	0.00070703914915084	749	406508	574944118	6757572546
GLOBAL	V	5954423	5964422	0.00074561517410636	717	410568	550643300	6913308184
GLOBAL	V	5964423	5974422	6.9943716094237e-06	462	2480	354570809	7148037975
GLOBAL	V	5974423	5984422	0.00027699082467231	589	125408	452751459	6512520855
GLOBAL	V	5984423	5994422	0.00033898367640289	225	57312	169070088	6568897302
GLOBAL	V	5994423	6004422	0.0037555403827801	178	512484	136460788	6881385454
GLOBAL	V	6004423	6014422	0.0032300292652786	443	1100940	340845209	6592728119
GLOBAL	V	6014423	6024422	0.0024822866546786	473	903024	363787155	6988831305
GLOBAL	V	6024423	6034422	0.0023917471208747	295	542920	226997242	7148042452
GLOBAL	V	6034423	6044422	0.0014981395328364	356	409780	273525924	7005643666
GLOBAL	V	6044423	6054422	0.0023433294087291	397	716540	305778606	6981895590
GLOBAL	V	6054423	6064422	0.0051655860732113	902	3550860	687406995	6706961349
GLOBAL	V	6064423	6074422	0.0026541602881279	319	650016	244904576	7082200066
GLOBAL	V	6074423	6084422	0.0041190952294607	366	1152324	279751726	6868756190
GLOBAL	V	6084423	6094422	0.0046678046024642	556	1996656	427750553	6823585781
GLOBAL	V	6094423	6104422	0.0052454882304571	270	1090252	207845667	7284712219
GLOBAL	V	6104423	6114422	0.0030446784273392	324	759468	249441121	6774590289
GLOBAL	V	6114423	6124422	0.003721710412537	723	2065856	555082414	6731045490
GLOBAL	V	6124423	6134422	0.0022063925289299	260	441616	200152962	7109169322
GLOBAL	V	6134423	6144422	0.00047066952535929	382	138396	294040707	7000591803
GLOBAL	V	6144423	6154422	0	16	0	12293441	7170232899
GLOBAL	V	6154423	6164422	0.00070713585568191	377	203332	287543049	6742673529
GLOBAL	V	6164423	6174422	0.0037242986148034	487	1389080	372977611	6666516719
GLOBAL	V	6174423	6184422	0.0035296911285597	631	1713212	485371648	6821631198
GLOBAL	V	6184423	6194422	0.0014219419256134	559	610880	429609669	6695703867
GLOBAL	V	6194423	6204422	0.0022445352522811	99	169400	75472194	7039790444
GLOBAL	V	6204423	6214422	0.0011184528602366	163	140296	125437562	6475682986
GLOBAL	V	6214423	6224422	NA	0	0	0	6895689174
GLOBAL	V	6224423	6234422	0.0017575898256574	513	692448	393975881	6968693477
GLOBAL	V	6234423	6244422	0.0015405634844753	609	721428	468288394	6991797360
GLOBAL	V	6244423	6254422	0.0038126656269494	855	2508316	657890370	6584168212
GLOBAL	V	6254423	6264422	0.0027578413857446	556	1179292	427614150	6737902978
GLOBAL	V	6264423	6274422	0.0063196813492117	14	67872	10739782	7160189368
GLOBAL	V	6274423	6284422	0.0040098804727567	441	1355028	337922292	6812905062
GLOBAL	V	6284423	6294422	0.0041074070342054	315	991872	241483737	6929445413
GLOBAL	V	6294423	6304422	0.003643094351179	109	305704	83913281	7071552949
GLOBAL	V	6304423	6314422	0.003646210501475	329	923744	253343574	7030464892
GLOBAL	V	6314423	6324422	0.00088497973605949	581	394460	445727720	6768497606
GLOBAL	V	6324423	6334422	0.00080493390325173	650	403156	500856031	6892739167
GLOBAL	V	6334423	6344422	6.9641236190818e-06	464	2484	356685225	6805739319
GLOBAL	V	6344423	6354422	3.2438552487148e-05	100	2480	76452240	7000153098
GLOBAL	V	6354423	6364422	4.8922363123283e-05	327	12308	251582287	7216234927
GLOBAL	V	6364423	6374422	0	323	0	248534661	6951774037
GLOBAL	V	6374423	6384422	0.00014948780377274	787	90364	604490786	6644526110
GLOBAL	V	6384423	6394422	0.0014868418530292	611	697668	469228115	7004001121
GLOBAL	V	6394423	6404422	0.00025281024417079	640	123632	489030816	6759212934
GLOBAL	V	6404423	6414422	0.00079992779684282	556	340032	425078365	6294333521
GLOBAL	V	6414423	6424422	0.0019308891304087	587	870736	450950801	6933366645
GLOBAL	V	6424423	6434422	1.4737439183092e-05	218	2464	167193226	6796532796
GLOBAL	V	6434423	6444422	0	166	0	127089658	6904673212
GLOBAL	V	6444423	6454422	0	446	0	342247254	6933829752
GLOBAL	V	6454423	6464422	0.00059888098656476	168	77224	128947156	7001778402
GLOBAL	V	6464423	6474422	2.965891872135e-05	326	7428	250447431	6908884529
GLOBAL	V	6474423	6484422	0.00019262083804095	230	33992	176471042	7220216740
GLOBAL	V	6484423	6494422	0.0018495008935125	264	375756	203166163	7073683989
GLOBAL	V	6494423	6504422	0.0030794276429318	322	763244	247852552	6889831320
GLOBAL	V	6504423	6514422	0.0022917585722593	356	626512	273376091	6871266095
GLOBAL	V	6514423	6524422	0.0025994213985717	565	1128572	434162772	6865881760
GLOBAL	V	6524423	6534422	0.0020611113947444	409	647756	314275105	7222352103
GLOBAL	V	6534423	6544422	0.00076393550807587	555	325628	426250641	7006775003
GLOBAL	V	6544423	6554422	NA	0	0	0	5855034658
GLOBAL	V	6554423	6564422	NA	0	0	0	7327877788
GLOBAL	V	6564423	6574422	0.0013688801414573	330	347348	253746102	6687558686
GLOBAL	V	6574423	6584422	0.00065676569786136	72	36340	55331757	6996532909
GLOBAL	V	6584423	6594422	0.0030603213080614	509	1196668	391026915	6767531899
GLOBAL	V	6594423	6604422	0.00081791500383772	255	160560	196304016	7025652770
GLOBAL	V	6604423	6614422	0.0016705459816056	337	429976	257386510	6966889714
GLOBAL	V	6614423	6624422	0.0026815519903044	275	551728	205749507	7002290651
GLOBAL	V	6624423	6634422	0.0028301006248276	584	1270848	449046931	6738118285
GLOBAL	V	6634423	6644422	0.0026527230674519	314	638588	240729237	6789487341
GLOBAL	V	6644423	6654422	NA	0	0	0	5688035122
GLOBAL	V	6654423	6664422	NA	0	0	0	7361123066
GLOBAL	V	6664423	6674422	NA	0	0	0	7010887928
GLOBAL	V	6674423	6684422	0.0035439560697812	194	527804	148930740	6965558752
GLOBAL	V	6684423	6694422	0	83	0	63569611	7186220431
GLOBAL	V	6694423	6704422	0.0023643418142646	280	508368	215014596	6802058500
GLOBAL	V	6704423	6714422	0.0045975495666164	305	1077248	234309165	6807504603
GLOBAL	V	6714423	6724422	0	16	0	12281136	7010977128
GLOBAL	V	6724423	6734422	0.0020315593746035	65	101456	49939963	7098567953
GLOBAL	V	6734423	6744422	0.0017020837985081	237	310384	182355299	7130059569
GLOBAL	V	6744423	6754422	0.0015807129614462	395	477640	302167447	6737326883
GLOBAL	V	6754423	6764422	0.0023545894187244	466	763956	324454019	6611438747
GLOBAL	V	6764423	6774422	0.0021504853123284	913	1503056	698938045	6499824361
GLOBAL	V	6774423	6784422	0.000453050321892	477	166128	366687743	6656570521
GLOBAL	V	6784423	6794422	0	144	0	110767552	7132064176
GLOBAL	V	6794423	6804422	0	141	0	108088845	7270816579
GLOBAL	V	6804423	6814422	0.00014413567026379	548	60540	420020942	6938782686
GLOBAL	V	6814423	6824422	0.00016727578878064	1066	39464	235921769	4258375929
GLOBAL	V	6824423	6834422	1.1168336933071e-05	287	2460	220265561	7198070309
GLOBAL	V	6834423	6844422	0.0001606321857486	235	29016	180636277	7083070393
GLOBAL	V	6844423	6854422	0	382	0	293830190	6972969064
GLOBAL	V	6854423	6864422	0.00019118281084557	846	124560	651523008	6780729490
GLOBAL	V	6864423	6874422	0	436	0	334976030	6961975918
GLOBAL	V	6874423	6884422	3.945664977795e-05	406	12320	312241411	6657669779
GLOBAL	V	6884423	6894422	0.0059300735912977	98	446900	75361628	7088609208
GLOBAL	V	6894423	6904422	0.00028398986414118	79	17264	60790902	6621509976
GLOBAL	V	6904423	6914422	2.4155377047319e-05	133	2460	101840679	7209801043
GLOBAL	V	6914423	6924422	7.507550743615e-06	427	2456	327137316	7132175292
GLOBAL	V	6924423	6934422	2.6826541295852e-05	120	2476	92296654	7129660132
GLOBAL	V	6934423	6944422	0.00053089207561943	548	223780	421516934	6585505264
GLOBAL	V	6944423	6954422	0	155	0	118871620	6968557762
GLOBAL	V	6954423	6964422	1.4521526720594e-05	443	4952	341010976	6746418406
GLOBAL	V	6964423	6974422	6.5844953298413e-05	774	39224	595702450	6786295558
GLOBAL	V	6974423	6984422	2.4097550975631e-05	536	9900	410830130	6866020022
GLOBAL	V	6984423	6994422	0.00027336568496601	478	100344	367068749	6654643223
GLOBAL	V	6994423	7004422	0.00051743640022081	157	61588	119025256	7079737150
GLOBAL	V	7004423	7014422	0	118	0	90656380	7205522422
GLOBAL	V	7014423	7024422	6.4528452688365e-05	347	17208	266673061	7125375845
GLOBAL	V	7024423	7034422	1.0972449579654e-05	292	2460	224197886	7306244154
GLOBAL	V	7034423	7044422	NA	0	0	0	6946716810
GLOBAL	V	7044423	7054422	1.1186465538647e-05	288	2480	221696477	7259264219
GLOBAL	V	7054423	7064422	0.00046172246683087	89	31668	68586656	7230684730
GLOBAL	V	7064423	7074422	0.0012104119133956	300	278948	230457084	7190971370
GLOBAL	V	7074423	7084422	5.3745793800344e-05	180	7408	137834042	7229474192
GLOBAL	V	7084423	7094422	5.301394421954e-05	1076	43956	829140345	6484820815
GLOBAL	V	7094423	7104422	1.0435163207172e-05	619	4964	475699316	6797285106
GLOBAL	V	7104423	7114422	6.1679646578009e-06	525	2484	402726043	6812272429
GLOBAL	V	7114423	7124422	0.00014121571210547	226	24480	173351815	7095766877
GLOBAL	V	7124423	7134422	4.9026365112131e-05	391	14696	299757079	7119351937
GLOBAL	V	7134423	7144422	2.4183369305608e-05	400	7440	307649439	7013270035
GLOBAL	V	7144423	7154422	0.00077929219338266	253	151148	193955491	7049649383
GLOBAL	V	7154423	7164422	4.5992436067817e-05	561	19824	431027397	6848142193
GLOBAL	V	7164423	7174422	0.00016584085212394	480	61164	368811419	7085862313
GLOBAL	V	7174423	7184422	4.4407663070237e-05	144	4912	110611540	7235821752
GLOBAL	V	7184423	7194422	9.6344250614691e-05	100	7428	77098529	7257737573
GLOBAL	V	7194423	7204422	0	67	0	51500897	7202154875
GLOBAL	V	7204423	7214422	0.00035737522668536	338	92800	259671049	7105317747
GLOBAL	V	7214423	7224422	0	399	0	303377959	6712921991
GLOBAL	V	7224423	7234422	0.00023427918922842	365	65820	280946849	6825811183
GLOBAL	V	7234423	7244422	8.864320600387e-06	363	2472	278870780	6648517380
GLOBAL	V	7244423	7254422	1.7131112263692e-05	376	4964	289765190	7143260454
GLOBAL	V	7254423	7264422	0.00083355701852921	562	359996	431879274	6578235508
GLOBAL	V	7264423	7274422	9.0469260153332e-05	592	41208	455491732	6710025396
GLOBAL	V	7274423	7284422	0.00016327197793598	250	31356	192047652	7234792824
GLOBAL	V	7284423	7294422	5.6532646009843e-05	736	31988	565832351	6973114295
GLOBAL	V	7294423	7304422	0	87	0	66738374	7153672120
GLOBAL	V	7304423	7314422	0.00023591580102348	228	41380	175401562	6887287148
GLOBAL	V	7314423	7324422	2.3866876328784e-05	136	2484	104077298	6968662310
GLOBAL	V	7324423	7334422	0	68	0	52323355	7353642179
GLOBAL	V	7334423	7344422	1.3284976092362e-05	241	2460	185171579	6890660613
GLOBAL	V	7344423	7354422	0.00017706173466091	303	41264	233048660	6928602738
GLOBAL	V	7354423	7364422	2.1658837000987e-05	445	7412	342215974	6954735974
GLOBAL	V	7364423	7374422	0.00013071683929602	701	70572	539884535	6784127523
GLOBAL	V	7374423	7384422	0.00010861324781374	584	48792	449226968	6674540276
GLOBAL	V	7384423	7394422	0.00040131661645688	378	116588	290513762	7066743574
GLOBAL	V	7394423	7404422	1.1342830277806e-05	285	2484	218992962	7085690446
GLOBAL	V	7404423	7414422	0.00052099643889683	400	160500	308063526	6835032368
GLOBAL	V	7414423	7424422	0.00039477256652546	673	204424	517827269	6991739829
GLOBAL	V	7424423	7434422	2.6019863116022e-05	614	12304	472869513	6961702423
GLOBAL	V	7434423	7444422	0.00040563819833067	313	97752	240983222	7170394334
GLOBAL	V	7444423	7454422	0.0019498014035925	115	171916	88171031	7249757655
GLOBAL	V	7454423	7464422	0.0035294223229006	338	916328	259625490	6916715682
GLOBAL	V	7464423	7474422	0.001986600261654	390	593748	298876433	6924626645
GLOBAL	V	7474423	7484422	0.0034829149121002	742	1987752	570715062	6846074516
GLOBAL	V	7484423	7494422	0.0028515139019194	436	955784	335184759	6604573737
GLOBAL	V	7494423	7504422	0.0032010285175594	266	653468	204143136	7045646906
GLOBAL	V	7504423	7514422	0.0020638207799215	433	686124	332453286	6767346432
GLOBAL	V	7514423	7524422	0.0012705880423982	844	824216	648688617	6713980741
GLOBAL	V	7524423	7534422	0.00075470047737596	662	380776	504539233	6844986643
GLOBAL	V	7534423	7544422	0	25	0	19127933	7302564687
GLOBAL	V	7544423	7554422	0.0019158127040103	206	302996	158155335	7161990993
GLOBAL	V	7554423	7564422	0.0019207976012855	519	766308	398953018	6795170512
GLOBAL	V	7564423	7574422	0	103	0	79106465	7106512459
GLOBAL	V	7574423	7584422	0.00016504264790456	592	75136	455252027	7017977209
GLOBAL	V	7584423	7594422	0.0010388844886416	539	430276	414171166	6926850104
GLOBAL	V	7594423	7604422	0.00042607782465947	168	55108	129337874	6771763322
GLOBAL	V	7604423	7614422	2.7620836456466e-05	583	12392	448646804	6799596946
GLOBAL	V	7614423	7624422	0.00037442163700769	928	267704	714980048	6761341772
GLOBAL	V	7624423	7634422	0.00016864042041006	621	80336	476374524	6624198340
GLOBAL	V	7634423	7644422	0.00032510546400213	591	146800	451545779	6847725607
GLOBAL	V	7644423	7654422	6.8240684419741e-05	463	24176	354275462	7022310524
GLOBAL	V	7654423	7664422	0	251	0	192736560	7040044270
GLOBAL	V	7664423	7674422	0	246	0	188867108	7106538548
GLOBAL	V	7674423	7684422	8.9482502564981e-06	359	2468	275808111	7283240331
GLOBAL	V	7684423	7694422	0	348	0	267380100	7100701280
GLOBAL	V	7694423	7704422	NA	0	0	0	6934346474
GLOBAL	V	7704423	7714422	0.00014156360839052	606	65952	465882445	6930805337
GLOBAL	V	7714423	7724422	0.00017964444254901	338	46420	258399310	7302195424
GLOBAL	V	7724423	7734422	0	428	0	328708149	7217969957
GLOBAL	V	7734423	7744422	7.8103140719059e-06	411	2464	315480271	6556241377
GLOBAL	V	7744423	7754422	0	256	0	196059751	7272530609
GLOBAL	V	7754423	7764422	6.9502686942314e-05	732	39064	562050213	6862470825
GLOBAL	V	7764423	7774422	0	131	0	100823441	7201540529
GLOBAL	V	7774423	7784422	5.112669878656e-05	189	7444	145599074	6975075586
GLOBAL	V	7784423	7794422	9.4550372249933e-05	670	48668	514730919	6894327199
GLOBAL	V	7794423	7804422	4.1011259608252e-05	157	4960	120942396	7009010016
GLOBAL	V	7804423	7814422	0.0011545772174653	306	271152	234849602	7018033024
GLOBAL	V	7814423	7824422	0.002916887317267	122	273412	93734166	6722320970
GLOBAL	V	7824423	7834422	0.0032370012876127	665	1653396	510780149	6415834865
GLOBAL	V	7834423	7844422	0.0019985469160368	518	795516	398047198	6593512080
GLOBAL	V	7844423	7854422	0.0018789252868404	795	1147564	610755525	6667640919
GLOBAL	V	7854423	7864422	0.00051020671265602	718	279996	548789330	6823157780
GLOBAL	V	7864423	7874422	0.0010903188871188	381	319512	293044543	6679959231
GLOBAL	V	7874423	7884422	0.00080355557645909	229	140780	175196345	7137991669
GLOBAL	V	7884423	7894422	0.001573285514642	593	717780	456229968	6838402542
GLOBAL	V	7894423	7904422	0.00059207900323318	224	101808	171950026	6986608788
GLOBAL	V	7904423	7914422	0.0022816797522188	716	1255444	550227962	6210933808
GLOBAL	V	7914423	7924422	0.0019404588451302	725	1076912	554978016	6768260896
GLOBAL	V	7924423	7934422	0.0018672656884174	441	630036	337411009	7014434305
GLOBAL	V	7934423	7944422	0	6	0	4599200	7349565552
GLOBAL	V	7944423	7954422	0.0002842083028968	450	98296	345859002	6821204418
GLOBAL	V	7954423	7964422	0	245	0	188409486	6948501240
GLOBAL	V	7964423	7974422	1.6028229488414e-05	804	9932	619656713	6708994221
GLOBAL	V	7974423	7984422	0.0011909367439464	514	470652	395194793	6948145915
GLOBAL	V	7984423	7994422	2.6990417367098e-05	835	17320	641709232	6775080346
GLOBAL	V	7994423	8004422	0.00019147588860225	245	36128	188681720	7001576080
GLOBAL	V	8004423	8014422	0	9	0	6810118	7238341048
GLOBAL	V	8014423	8024422	0.0012616184381841	486	471604	373808741	6552806273
GLOBAL	V	8024423	8034422	0.001377344325996	388	368320	267413161	7051186875
GLOBAL	V	8034423	8044422	2.053610714742e-05	158	2484	120957686	7113369436
GLOBAL	V	8044423	8054422	0.00073711189591691	110	62356	84595026	7084787832
GLOBAL	V	8054423	8064422	0	100	0	76774578	7030756600
GLOBAL	V	8064423	8074422	0	138	0	105995414	7174720468
GLOBAL	V	8074423	8084422	0	378	0	290808359	6957435391
GLOBAL	V	8084423	8094422	5.8647910668182e-05	55	2484	42354450	7033477742
GLOBAL	V	8094423	8104422	1.5233728353539e-05	211	2468	162008928	7219215934
GLOBAL	V	8104423	8114422	0.0047228682556229	91	330340	69944784	7292724574
GLOBAL	V	8114423	8124422	3.5659449144793e-05	271	7416	207967318	6999299694
GLOBAL	V	8124423	8134422	1.8265351853953e-05	353	4952	271114405	6681787573
GLOBAL	V	8134423	8144422	0.00060908301032308	469	219520	360410644	6915666362
GLOBAL	V	8144423	8154422	9.9181488354344e-05	445	33840	341192702	7066319124
GLOBAL	V	8154423	8164422	0.00068984720855717	912	484192	701882959	6703309429
GLOBAL	V	8164423	8174422	0.00052460753006866	593	239308	456165774	6609615520
GLOBAL	V	8174423	8184422	0.0007244303111759	679	378312	522220004	6750764418
GLOBAL	V	8184423	8194422	0.00052991727451009	848	345056	651150692	6621833730
GLOBAL	V	8194423	8204422	0.0011723303277067	387	348472	297247279	7076246123
GLOBAL	V	8204423	8214422	0	356	0	273674328	7114508848
GLOBAL	V	8214423	8224422	0.00018808365961975	523	75716	402565540	6985617636
GLOBAL	V	8224423	8234422	4.8096033094177e-05	334	12368	257152185	7047531223
GLOBAL	V	8234423	8244422	0.00026925641871981	288	59712	221766301	6565682433
GLOBAL	V	8244423	8254422	1.5220942398747e-05	424	4952	325341222	6800745460
GLOBAL	V	8254423	8264422	5.6977676824471e-05	453	19792	347364110	6947268400
GLOBAL	V	8264423	8274422	1.0561841870561e-05	307	2476	234428808	7034689884
GLOBAL	V	8274423	8284422	9.4311250282103e-05	612	44288	469594029	6677367595
GLOBAL	V	8284423	8294422	0.0015791893592345	287	349056	221034924	6644501556
GLOBAL	V	8294423	8304422	0	10	0	7714077	7074303283
GLOBAL	V	8304423	8314422	0.00064292331770149	424	209364	325643812	7147585424
GLOBAL	V	8314423	8324422	0	358	0	274934735	7119433609
GLOBAL	V	8324423	8334422	0.00076315907571201	132	42888	56197982	7068342408
GLOBAL	V	8334423	8344422	9.2048895643605e-05	452	31988	347510959	6706673145
GLOBAL	V	8344423	8354422	0.00092476574038557	437	310440	335695827	6802761191
GLOBAL	V	8354423	8364422	0.00016515597596005	248	31460	190486598	7142030066
GLOBAL	V	8364423	8374422	0.00029967478896488	409	94280	314607713	7121510515
GLOBAL	V	8374423	8384422	0	665	0	511582113	6765268039
GLOBAL	V	8384423	8394422	0	180	0	137215640	6938616552
GLOBAL	V	8394423	8404422	0	40	0	30626315	7185918449
GLOBAL	V	8404423	8414422	0	112	0	86264892	7216872224
GLOBAL	V	8414423	8424422	0.00063441870429711	548	267296	421324274	7062729006
GLOBAL	V	8424423	8434422	0	72	0	55386511	7118635223
GLOBAL	V	8434423	8444422	0.00063613067805334	290	141604	222602061	7211196729
GLOBAL	V	8444423	8454422	0.00011161934507907	689	59044	528976406	6957396312
GLOBAL	V	8454423	8464422	0.00089645038019225	425	293280	327156981	7098137203
GLOBAL	V	8464423	8474422	0.0026359600709743	285	577872	219226386	7123341176
GLOBAL	V	8474423	8484422	3.0688981922154e-05	522	12316	401316669	6871667753
GLOBAL	V	8484423	8494422	9.1839045251143e-05	487	34436	374960344	6800607682
GLOBAL	V	8494423	8504422	0	39	0	29981733	7508191767
GLOBAL	V	8504423	8514422	9.0611283726884e-05	458	31848	351479404	6763010088
GLOBAL	V	8514423	8524422	0.001604714263655	265	325380	202765070	7312987196
GLOBAL	V	8524423	8534422	7.6880780209883e-05	456	26960	350672820	7074621364
GLOBAL	V	8534423	8544422	0.00031377869967007	257	62184	198177888	7179181244
GLOBAL	V	8544423	8554422	1.6991900984707e-05	379	4952	291432960	6907329446
GLOBAL	V	8554423	8564422	7.0657945994593e-05	91	4960	70197342	6794565992
GLOBAL	V	8564423	8574422	NA	0	0	0	7007022198
GLOBAL	V	8574423	8584422	0.00013864457147871	944	99636	718643355	5884023485
GLOBAL	V	8584423	8594422	0.00042072659962305	776	245464	583428764	4963120640
GLOBAL	V	8594423	8604422	0.00071981691037769	318	172468	239599817	4237688669
GLOBAL	V	8604423	8614422	0.00037185277393686	290	4252	11434633	2124767765
GLOBAL	V	8614423	8624422	3.5737498554654e-05	235	1652	46225955	1847981745
GLOBAL	V	8624423	8634422	0.0002593423629592	255	24848	95811574	1529341318
GLOBAL	V	8634423	8644422	0.000676344227112	285	115296	170469408	1336392146
GLOBAL	V	8644423	8654422	0.0005167690266113	910	357664	692115784	6381396970
GLOBAL	V	8654423	8664422	9.204702000899e-05	723	50936	553369354	6575809912
GLOBAL	V	8664423	8674422	9.5464161240356e-05	498	36312	380373111	6764269075
GLOBAL	V	8674423	8684422	0.00053009231069558	274	111312	209986068	6666374456
GLOBAL	V	8684423	8694422	0.0028368923858301	117	254736	89794030	7108195230
GLOBAL	V	8694423	8704422	NA	0	0	0	7261387232
GLOBAL	V	8704423	8714422	0.0010011143216925	451	346600	346214206	6721113380
GLOBAL	V	8714423	8724422	0.002155247863029	360	596244	276647531	6905105663
GLOBAL	V	8724423	8734422	0.0030247191579769	750	1742400	576053481	6672963415
GLOBAL	V	8734423	8744422	0	68	0	52202354	7325156778
GLOBAL	V	8744423	8754422	0.0020201486887703	388	600480	297245447	6770855285
GLOBAL	V	8754423	8764422	0.0029012253767213	269	598572	206316960	6887297590
GLOBAL	V	8764423	8774422	NA	0	0	0	6843115246
GLOBAL	V	8774423	8784422	0.00078747275565364	609	369556	469293696	6738746462
GLOBAL	V	8784423	8794422	0.00068285459423966	1084	570184	835000606	6638228630
GLOBAL	V	8794423	8804422	0.0015242427471918	230	269584	176864217	7014939875
GLOBAL	V	8804423	8814422	0.0013212621205271	178	179828	136103198	6936636410
GLOBAL	V	8814423	8824422	0	5	0	3850824	7031004630
GLOBAL	V	8824423	8834422	0.00081547306518638	495	310084	380250450	6954585652
GLOBAL	V	8834423	8844422	0.0011226260328849	554	478084	425862207	6854853675
GLOBAL	V	8844423	8854422	0.0040973855342746	239	754228	184075429	7247403923
GLOBAL	V	8854423	8864422	0.0023164029735875	19	33712	14553599	7061278593
GLOBAL	V	8864423	8874422	0.00074314160384122	59	33768	45439523	7069049969
GLOBAL	V	8874423	8884422	0.0035310548220646	434	1178136	333649875	6497095035
GLOBAL	V	8884423	8894422	0.0011326647122458	641	558064	492700085	6948057019
GLOBAL	V	8894423	8904422	0.00078201550579278	230	138396	176973473	6930557705
GLOBAL	V	8904423	8914422	0.003190665443799	316	776488	243362400	6755928338
GLOBAL	V	8914423	8924422	0.0016824492401657	431	555456	330147256	6706254490
GLOBAL	V	8924423	8934422	0.0027793231167998	363	776516	279390329	7082505883
GLOBAL	V	8934423	8944422	0.0021442962715025	278	458640	213888354	7262433466
GLOBAL	V	8944423	8954422	0.0010507128755239	657	530772	505154179	6694381373
GLOBAL	V	8954423	8964422	0.00095683905516467	523	383988	401308870	6923476334
GLOBAL	V	8964423	8974422	0.0024447143094624	235	441392	180549522	6933939970
GLOBAL	V	8974423	8984422	0.002045621553797	588	926132	452738679	6864315065
GLOBAL	V	8984423	8994422	0.0027052013382661	371	756840	279772152	7015633504
GLOBAL	V	8994423	9004422	0.0013312627243333	102	104216	78283571	7122798273
GLOBAL	V	9004423	9014422	0.0041489133395337	609	1944500	468676938	6644266262
GLOBAL	V	9014423	9024422	0.0034661467967939	310	824216	237790275	6745264397
GLOBAL	V	9024423	9034422	0.0025437530254658	603	1178848	463428638	6814967806
GLOBAL	V	9034423	9044422	0.0024871532003005	339	648528	260751127	6754002531
GLOBAL	V	9044423	9054422	0.0023579456091799	404	731768	310341340	6578389520
GLOBAL	V	9054423	9064422	0.0032389977061992	169	420396	129792003	6904290305
GLOBAL	V	9064423	9074422	0.0021419687001243	481	789032	368367661	6623964763
GLOBAL	V	9074423	9084422	0.00036282971764207	435	121136	333864604	6694032536
GLOBAL	V	9084423	9094422	6.4370069893159e-05	744	36752	570948580	6263662060
GLOBAL	V	9094423	9104422	8.5594031828224e-05	75	4952	57854501	7317958339
GLOBAL	V	9104423	9114422	0.0004463933936941	698	239336	536154888	6769301666
GLOBAL	V	9114423	9124422	5.417196167783e-05	474	19748	364542826	6804840032
GLOBAL	V	9124423	9134422	0.0003501835273829	240	64664	184657458	7081368650
GLOBAL	V	9134423	9144422	0.00036477322544153	184	51568	141370025	7211248435
GLOBAL	V	9144423	9154422	0	391	0	301142899	6522643697
GLOBAL	V	9154423	9164422	0.00026202434731246	365	72560	276920831	6710772717
GLOBAL	V	9164423	9174422	0.0010544170308772	575	466036	441984515	6401903877
GLOBAL	V	9174423	9184422	6.9224443222068e-05	784	41632	601406065	6307426591
GLOBAL	V	9184423	9194422	0.0003606325042394	478	132396	367121650	6358475404
GLOBAL	V	9194423	9204422	1.3427438056734e-05	239	2468	183802747	7287880197
GLOBAL	V	9204423	9214422	0.00012631480290988	851	82460	652813432	6750832664
GLOBAL	V	9214423	9224422	9.0197841814785e-05	496	34408	381472542	6896923902
GLOBAL	V	9224423	9234422	0.0010450822840994	246	197608	189083676	7240849384
GLOBAL	V	9234423	9244422	0.00029450031883762	264	59796	203042225	7192872411
GLOBAL	V	9244423	9254422	0.00012771886533373	500	48992	383592509	6958201907
GLOBAL	V	9254423	9264422	0.00011748189498874	244	21960	186922419	7120080427
GLOBAL	V	9264423	9274422	0.0011824548853713	506	458192	387492162	6130128618
GLOBAL	V	9274423	9284422	NA	0	0	0	4187358736
GLOBAL	V	9284423	9294422	0.00020931199252842	442	70712	337830619	6890311335
GLOBAL	V	9294423	9304422	0	28	0	21380852	7038215274
GLOBAL	V	9304423	9314422	0.00040750830785389	402	125796	308695547	7112732907
GLOBAL	V	9314423	9324422	0.0015038436003958	674	739188	491532497	6902062701
GLOBAL	V	9324423	9334422	0.0040729298818787	160	500212	122813801	7259184207
GLOBAL	V	9334423	9344422	0.001688723766101	636	824668	488338008	6558887782
GLOBAL	V	9344423	9354422	0.0014243231875774	645	706912	496314324	6826924588
GLOBAL	V	9354423	9364422	0.0034145856164071	976	2560844	749972116	6512961408
GLOBAL	V	9364423	9374422	0.0042569138147516	676	2214752	520271750	6917392770
GLOBAL	V	9374423	9384422	0.0028018861440229	669	1439148	513635432	6907019876
GLOBAL	V	9384423	9394422	0.0026298186849095	462	935884	355873964	6883865180
GLOBAL	V	9394423	9404422	0.0036643365899277	469	1318788	359898161	7000451759
GLOBAL	V	9404423	9414422	0.0049152543750687	962	3615824	735633138	6707443404
GLOBAL	V	9414423	9424422	0.0048259668110826	52	192192	39824559	7112549087
GLOBAL	V	9424423	9434422	0.0032355545673177	109	270656	83650575	7133667335
GLOBAL	V	9434423	9444422	0.0063900019891046	137	671188	105037213	7127743617
GLOBAL	V	9444423	9454422	0.0051286434968828	154	607768	118504630	6749351288
GLOBAL	V	9454423	9464422	0.0037593690965744	286	826836	219940096	6749197948
GLOBAL	V	9464423	9474422	0.0042937711495809	593	1953480	454956711	6716745585
GLOBAL	V	9474423	9484422	0.0012321846804203	182	172544	140030957	6616491937
GLOBAL	V	9484423	9494422	0.0042837928302412	793	2609408	609134966	6587308002
GLOBAL	V	9494423	9504422	0.003465421516035	137	364932	105306670	7313802346
GLOBAL	V	9504423	9514422	0.0038984210097567	201	602788	154623628	7180985620
GLOBAL	V	9514423	9524422	0.0040004378001501	263	781008	195230632	6998892898
GLOBAL	V	9524423	9534422	0.0036986230339579	363	1028368	278040771	7042105557
GLOBAL	V	9534423	9544422	0.0043213425109113	334	1109232	256686897	6291086577
GLOBAL	V	9544423	9554422	0.00043272247720318	239	79648	184062544	7226541866
GLOBAL	V	9554423	9564422	2.0979680483654e-05	615	9920	472838469	6933900211
GLOBAL	V	9564423	9574422	3.8543775438437e-05	250	7420	192508386	6995429976
GLOBAL	V	9574423	9584422	4.3955197298211e-05	220	7428	168990255	7100128437
GLOBAL	V	9584423	9594422	0.00016545932596905	117	14736	89061163	7001460803
GLOBAL	V	9594423	9604422	7.7392537719829e-05	289	17220	222502072	7007959320
GLOBAL	V	9604423	9614422	0	37	0	28363520	7277866180
GLOBAL	V	9614423	9624422	0.00047640996042937	407	149260	313301594	7060191808
GLOBAL	V	9624423	9634422	NA	0	0	0	7242058582
GLOBAL	V	9634423	9644422	0.00078107532380579	559	334892	428757624	6775416804
GLOBAL	V	9644423	9654422	0.00080682886369732	653	404564	501424798	6922323094
GLOBAL	V	9654423	9664422	0.0026342120925175	133	268464	101914345	7210500523
GLOBAL	V	9664423	9674422	7.8736660488086e-05	204	12380	157232983	7190746601
GLOBAL	V	9674423	9684422	0	249	0	191697965	7224318467
GLOBAL	V	9684423	9694422	0.00076366397180223	307	178900	234265340	6649053498
GLOBAL	V	9694423	9704422	0.00018487950881431	139	19752	106837151	7159188957
GLOBAL	V	9704423	9714422	0	313	0	240970997	7241535991
GLOBAL	V	9714423	9724422	1.2847159918245e-05	251	2480	193038774	7134839014
GLOBAL	V	9724423	9734422	0.0009042754251924	521	362300	400652268	6887021928
GLOBAL	V	9734423	9744422	3.1680010104021e-05	608	14792	466919043	6877967957
GLOBAL	V	9744423	9754422	0	319	0	245282829	6815086443
GLOBAL	V	9754423	9764422	0.0014494721962176	603	671068	462974041	6646876575
GLOBAL	V	9764423	9774422	0.00064473584934935	591	293248	454834333	6655016283
GLOBAL	V	9774423	9784422	0.0010458180425316	409	329408	314976398	7084803968
GLOBAL	V	9784423	9794422	0.00038329891883816	532	156732	408902797	6889595443
GLOBAL	V	9794423	9804422	0	5	0	3803853	7446231003
GLOBAL	V	9804423	9814422	0	291	0	222937185	6927117023
GLOBAL	V	9814423	9824422	0.00017571436560839	233	31460	179040569	7078480933
GLOBAL	V	9824423	9834422	0	260	0	199367345	6958418323
GLOBAL	V	9834423	9844422	NA	0	0	0	7149281062
GLOBAL	V	9844423	9854422	2.0378641658844e-05	316	4956	243195797	6306123969
GLOBAL	V	9854423	9864422	0	228	0	174927159	4812637687
GLOBAL	V	9864423	9874422	0.00017514595912336	629	84608	483071379	6873412811
GLOBAL	V	9874423	9884422	0.00048067153671282	169	62252	129510477	7192955289
GLOBAL	V	9884423	9894422	NA	0	0	0	7441530250
GLOBAL	V	9894423	9904422	1.7213715598454e-05	374	4960	288142323	6807791665
GLOBAL	V	9904423	9914422	0.0015537885871472	479	571848	368034625	6712436443
GLOBAL	V	9914423	9924422	6.586716048563e-05	98	4944	75060166	7040202472
GLOBAL	V	9924423	9934422	0	180	0	138338434	7085937790
GLOBAL	V	9934423	9944422	0.00020554778258325	308	48716	237005719	6847331079
GLOBAL	V	9944423	9954422	0.00025538375649411	312	61256	239858638	6771029290
GLOBAL	V	9954423	9964422	0.0030452110991311	92	214764	70525160	7247301730
GLOBAL	V	9964423	9974422	0	216	0	166003014	7085333320
GLOBAL	V	9974423	9984422	0	172	0	131481382	6821420596
GLOBAL	V	9984423	9994422	0.002029963524237	226	352288	173544005	6937852903
GLOBAL	V	9994423	10004422	4.2661370542386e-05	225	7368	172708938	7220886260
GLOBAL	V	10004423	10014422	0.00062974554604718	715	345748	549028099	7006927759
GLOBAL	V	10014423	10024422	0.00039146616241352	676	203336	519421650	6803817262
GLOBAL	V	10024423	10034422	0.00020840951277007	443	71040	340867358	6283447570
GLOBAL	V	10034423	10044422	0.0028827335365977	130	288304	100010631	7391774109
GLOBAL	V	10044423	10054422	2.4275143625001e-05	134	2484	102326892	6884593510
GLOBAL	V	10054423	10064422	0.0032019832088517	158	388788	121420999	7071156239
GLOBAL	V	10064423	10074422	NA	0	0	0	7378905424
GLOBAL	V	10074423	10084422	NA	0	0	0	7187165216
GLOBAL	V	10084423	10094422	0.002969713033278	595	1347944	453897055	6661365583
GLOBAL	V	10094423	10104422	0.0032203148013263	78	192128	59661248	6572385140
GLOBAL	V	10104423	10114422	0.0017956422794681	971	1324776	737772782	6612526240
GLOBAL	V	10114423	10124422	0.0033790979432451	236	578040	171063405	6923324291
GLOBAL	V	10124423	10134422	0.00036000342847949	141	38528	107021203	4665609055
GLOBAL	V	10134423	10144422	NA	0	0	0	1189871694
GLOBAL	V	10144423	10154422	6.5498196006887e-05	110	4632	70719505	2773684629
GLOBAL	V	10154423	10164422	NA	0	0	0	3772952480
GLOBAL	V	10164423	10174422	NA	0	0	0	2466335740
GLOBAL	V	10174423	10184422	NA	0	0	0	3646929682
GLOBAL	V	10184423	10194422	NA	0	0	0	2383609118
GLOBAL	V	10194423	10204422	NA	0	0	0	4184266152
GLOBAL	V	10204423	10214422	3.8486965481872e-05	251	7360	191233575	6678941781
GLOBAL	V	10214423	10224422	0.00015840464011528	421	51104	322616812	6885423346
GLOBAL	V	10224423	10234422	0.00013306153860213	526	53744	403903341	6685072333
GLOBAL	V	10234423	10244422	0	239	0	183290192	7285300168
GLOBAL	V	10244423	10254422	0.00032034576851078	557	136568	426314356	6950271630
GLOBAL	V	10254423	10264422	0.0011557250412444	346	306444	265153033	6903456679
GLOBAL	V	10264423	10274422	0.00035890469037722	468	128944	359270869	6830986931
GLOBAL	V	10274423	10284422	0.00063372208334802	734	356552	562631490	6710352932
GLOBAL	V	10284423	10294422	0.0030748907582221	218	515280	167576685	6865732477
GLOBAL	V	10294423	10304422	0.00578981548381	450	2001448	345684246	7050230390
GLOBAL	V	10304423	10314422	0.0017111780882994	437	573072	334899099	6847627241
GLOBAL	V	10314423	10324422	0.0028610943273778	139	305536	106789908	5729689246
GLOBAL	V	10324423	10334422	NA	0	0	0	7438437666
GLOBAL	V	10334423	10344422	0.0073996488564091	368	2084440	281694448	7225553212
GLOBAL	V	10344423	10354422	0.033227497162924	320	8157472	245503655	6842698873
GLOBAL	V	10354423	10364422	0.016150147900738	54	670064	41489651	7203661515
GLOBAL	V	10364423	10374422	0.0026673004289653	79	162208	60813547	7201346831
GLOBAL	V	10374423	10384422	0.00016263585513403	333	41548	255466422	7241730340
GLOBAL	V	10384423	10394422	0.0021178838803816	545	880784	415879269	6823086729
GLOBAL	V	10394423	10404422	3.8393243383641e-05	84	2480	64594699	7347556003
GLOBAL	V	10404423	10414422	0.0026117994969649	138	276360	105812104	7092950302
GLOBAL	V	10414423	10424422	0	49	0	37313694	7608327100
GLOBAL	V	10424423	10434422	0.0049822462495798	304	1074668	215699495	7162432783
GLOBAL	V	10434423	10444422	5.5323459314457e-05	349	14800	267517617	7037938937
GLOBAL	V	10444423	10454422	0.0091246281136187	532	3716128	407263502	6567286564
GLOBAL	V	10454423	10464422	NA	0	0	0	6734874806
GLOBAL	V	10464423	10474422	NA	0	0	0	6502157860
GLOBAL	V	10474423	10484422	0.04247721168955	513	16710020	393387874	6510805906
GLOBAL	V	10484423	10494422	0.010071831566191	526	4024472	399576976	7033448668
GLOBAL	V	10494423	10504422	0.0073896954602418	494	2811240	380427044	6958274788
GLOBAL	V	10504423	10514422	0.0077396244322371	444	2623080	338915670	6777120114
GLOBAL	V	10514423	10524422	0.016608212556083	205	2613552	157365038	7162008144
GLOBAL	V	10524423	10534422	0.0025554454795395	327	641108	250879154	6779337424
GLOBAL	V	10534423	10544422	NA	0	0	0	7092068258
GLOBAL	V	10544423	10554422	NA	0	0	0	7170929150
GLOBAL	V	10554423	10564422	0.004268815817427	126	413248	96806238	7403483108
GLOBAL	V	10564423	10574422	0.0053457307699069	178	732896	137099310	6889251538
GLOBAL	V	10574423	10584422	0.0033255589571059	568	1450984	436312818	6846722502
GLOBAL	V	10584423	10594422	0.0037417987574611	421	1211128	323675344	6904466610
GLOBAL	V	10594423	10604422	0.004273496640661	255	839824	196519167	6607938779
GLOBAL	V	10604423	10614422	0.036548342136891	978	27513204	752789385	6750592545
GLOBAL	V	10614423	10624422	0.032145356157554	600	14826368	461228923	6413585309
GLOBAL	V	10624423	10634422	0.01407758869751	197	2134068	151593291	6621938815
GLOBAL	V	10634423	10644422	0.010532227297626	774	6267688	595096158	6574286700
GLOBAL	V	10644423	10654422	0.029478027235472	462	10451488	354551813	6839571717
GLOBAL	V	10654423	10664422	0.016300128462961	76	952608	58441748	7192121440
GLOBAL	V	10664423	10674422	0.019652659844859	226	3415724	173804667	6799199107
GLOBAL	V	10674423	10684422	0.037640827246771	151	4360072	115833586	6972368942
GLOBAL	V	10684423	10694422	0.0462407533176	460	16329380	353138278	6803101098
GLOBAL	V	10694423	10704422	0.020100374167436	38	569784	28346935	6943110547
GLOBAL	V	10704423	10714422	0.026633608732506	179	3663196	137540355	7106064519
GLOBAL	V	10714423	10724422	3.1614487378391e-05	204	4956	156763573	7160290171
GLOBAL	V	10724423	10734422	0.02003690556965	743	11344780	566194214	6677410660
GLOBAL	V	10734423	10744422	0.013970098940181	551	5850072	418756662	6763769678
GLOBAL	V	10744423	10754422	0	395	0	303907587	6567040915
GLOBAL	V	10754423	10764422	0.0042838927287382	373	1229236	286943693	6997637919
GLOBAL	V	10764423	10774422	0.014931320713159	293	3364540	225334387	6542785697
GLOBAL	V	10774423	10784422	0	59	0	45033317	7213261331
GLOBAL	V	10784423	10794422	0.028217836716678	586	12709756	450415676	6601448990
GLOBAL	V	10794423	10804422	0.015330295587015	175	2053728	133965323	6252220637
GLOBAL	V	10804423	10814422	0.016056835890727	183	2262096	140880558	6938817364
GLOBAL	V	10814423	10824422	0.031065604842618	368	8776764	282523519	6914692595
GLOBAL	V	10824423	10834422	0.03185948342416	306	7448020	233777174	6012469360
GLOBAL	V	10834423	10844422	0.027541837224676	271	5726128	207906537	6669227133
GLOBAL	V	10844423	10854422	0.014260334494912	495	5241876	367584365	4913002815
GLOBAL	V	10854423	10864422	0.0090394475203236	549	3811132	421611165	4589148061
GLOBAL	V	10864423	10874422	0.0026766311366728	118	240932	90013150	6027118002
GLOBAL	V	10874423	10884422	0.037188695532579	356	10127704	272332865	6776439217
GLOBAL	V	10884423	10894422	NA	0	0	0	7004702760
GLOBAL	V	10894423	10904422	NA	0	0	0	6800592216
GLOBAL	V	10904423	10914422	0.01920108675149	339	4977664	259238660	6483367606
GLOBAL	V	10914423	10924422	0.021695525194322	427	7114468	327923290	6809760582
GLOBAL	V	10924423	10934422	0.027535247042045	196	4125216	149815834	6557998862
GLOBAL	V	10934423	10944422	0.011893048289465	278	2538876	213475632	6720097696
GLOBAL	V	10944423	10954422	0.0085032403239	233	1514588	178118922	6706746208
GLOBAL	V	10954423	10964422	0.0012672717982809	280	272996	215420244	6860411948
GLOBAL	V	10964423	10974422	0.00045204899179841	228	79080	174936791	7233348181
GLOBAL	V	10974423	10984422	7.9731908464221e-05	203	12404	155571342	7304514412
GLOBAL	V	10984423	10994422	0.0012580295162006	78	75228	59798279	7128140083
GLOBAL	V	10994423	11004422	NA	0	0	0	7226595662
GLOBAL	V	11004423	11014422	0	409	0	311205247	6902246933
GLOBAL	V	11014423	11024422	NA	0	0	0	6712453572
GLOBAL	V	11024423	11034422	0.00018316714918199	279	39040	213138656	6939234990
GLOBAL	V	11034423	11044422	0.00014297665744412	332	36528	255482263	7227797871
GLOBAL	V	11044423	11054422	NA	0	0	0	7257521502
GLOBAL	V	11054423	11064422	0.00029282113243594	77	17348	59244358	6880514138
GLOBAL	V	11064423	11074422	0.00033190579438749	204	51904	156381723	7093408319
GLOBAL	V	11074423	11084422	0.00060759724719145	197	91768	151034259	7271167341
GLOBAL	V	11084423	11094422	0	401	0	309096009	6886573813
GLOBAL	V	11094423	11104422	0.00071699447202504	211	115988	161769727	6979006729
GLOBAL	V	11104423	11114422	NA	0	0	0	7133044996
GLOBAL	V	11114423	11124422	0.00021072327426775	137	22164	105180598	7473969640
GLOBAL	V	11124423	11134422	0.00039580656161209	387	117964	298034473	7072366345
GLOBAL	V	11134423	11144422	0.00011701964424326	163	14712	125722481	7062989027
GLOBAL	V	11144423	11154422	NA	0	0	0	7560594734
GLOBAL	V	11154423	11164422	NA	0	0	0	7454673732
GLOBAL	V	11164423	11174422	8.6815125220969e-05	38	2468	28428226	6878084992
GLOBAL	V	11174423	11184422	0.00026703159736579	226	45632	170886144	7249769164
GLOBAL	V	11184423	11194422	0	130	0	99790642	6985319302
GLOBAL	V	11194423	11204422	0.0016135135684438	399	489432	303333055	6797239809
GLOBAL	V	11204423	11214422	0.00022878242564657	318	55716	243532692	7150835652
GLOBAL	V	11214423	11224422	0.0002096780636676	684	110016	524690080	6990289040
GLOBAL	V	11224423	11234422	0	218	0	167226151	6491107201
GLOBAL	V	11234423	11244422	NA	0	0	0	7324785204
GLOBAL	V	11244423	11254422	NA	0	0	0	7442303396
GLOBAL	V	11254423	11264422	NA	0	0	0	7053410958
GLOBAL	V	11264423	11274422	NA	0	0	0	6728689638
GLOBAL	V	11274423	11284422	NA	0	0	0	6629726950
GLOBAL	V	11284423	11294422	NA	0	0	0	7101346010
GLOBAL	V	11294423	11304422	NA	0	0	0	6994651862
GLOBAL	V	11304423	11314422	0.002505706220648	245	464248	185276309	7096212719
GLOBAL	V	11314423	11324422	5.4334249632171e-05	237	9888	181984661	7030694373
GLOBAL	V	11324423	11334422	0.00017904941320649	143	19636	109668050	7305575236
GLOBAL	V	11334423	11344422	0.0020787200086652	244	390584	187896397	6740264909
GLOBAL	V	11344423	11354422	0.00021123870846471	342	55448	262489770	7104818464
GLOBAL	V	11354423	11364422	5.1943138820917e-05	62	2472	47590501	7044477757
GLOBAL	V	11364423	11374422	0.0013482768931619	454	470540	348993595	7159027211
GLOBAL	V	11374423	11384422	NA	0	0	0	6906513218
GLOBAL	V	11384423	11394422	0.0043230570398206	217	715800	165577274	6805107062
GLOBAL	V	11394423	11404422	NA	0	0	0	6846980976
GLOBAL	V	11404423	11414422	0	22	0	16897535	7257633179
GLOBAL	V	11414423	11424422	0.002894616587177	103	228532	78950698	7081927554
GLOBAL	V	11424423	11434422	0.00018029209530155	142	19736	109466807	7036721671
GLOBAL	V	11434423	11444422	1.7560603292688e-05	184	2484	141452999	7182559059
GLOBAL	V	11444423	11454422	4.7284070812665e-05	204	7416	156839288	7388292526
GLOBAL	V	11454423	11464422	0	122	0	93748928	7450609740
GLOBAL	V	11464423	11474422	NA	0	0	0	7497969908
GLOBAL	V	11474423	11484422	NA	0	0	0	7303137116
GLOBAL	V	11484423	11494422	NA	0	0	0	7170929150
GLOBAL	V	11494423	11504422	NA	0	0	0	7065008148
GLOBAL	V	11504423	11514422	NA	0	0	0	6263255746
GLOBAL	V	11514423	11524422	0.044544331885547	328	11196556	251357592	6881687404
GLOBAL	V	11524423	11534422	0.042359385573904	191	6157144	145354894	6907282918
GLOBAL	V	11534423	11544422	NA	0	0	0	7224276224
GLOBAL	V	11544423	11554422	NA	0	0	0	6907286364
GLOBAL	V	11554423	11564422	0.048984202636036	86	3183844	64997363	7171649197
GLOBAL	V	11564423	11574422	0.037025462706523	454	12862420	347393903	6493401905
GLOBAL	V	11574423	11584422	NA	0	0	0	7375812840
GLOBAL	V	11584423	11594422	0.05439782089827	89	3660076	67283504	6223805498
GLOBAL	V	11594423	11604422	0.0208202446113	284	4549604	218518278	6722013364
GLOBAL	V	11604423	11614422	0.0014081720508406	479	518424	368153877	6916427735
GLOBAL	V	11614423	11624422	0	18	0	13894267	7245173527
GLOBAL	V	11624423	11634422	0.00039977668459773	198	59044	147692455	7219615779
GLOBAL	V	11634423	11644422	NA	0	0	0	7130725558
GLOBAL	V	11644423	11654422	NA	0	0	0	6888730860
GLOBAL	V	11654423	11664422	NA	0	0	0	7169382858
GLOBAL	V	11664423	11674422	NA	0	0	0	7085109944
GLOBAL	V	11674423	11684422	0.018458997803253	237	3357840	181908034	6883873260
GLOBAL	V	11684423	11694422	NA	0	0	0	7146961624
GLOBAL	V	11694423	11704422	NA	0	0	0	6499838422
GLOBAL	V	11704423	11714422	NA	0	0	0	6977642650
GLOBAL	V	11714423	11724422	NA	0	0	0	6761161770
GLOBAL	V	11724423	11734422	NA	0	0	0	6822240304
GLOBAL	V	11734423	11744422	NA	0	0	0	6845434684
GLOBAL	V	11744423	11754422	0.076441958958256	127	7441260	97345229	6935190787
GLOBAL	V	11754423	11764422	0.035531786581634	77	1442208	40589234	6426777056
GLOBAL	V	11764423	11774422	NA	0	0	0	6314283382
GLOBAL	V	11774423	11784422	NA	0	0	0	6578699314
GLOBAL	V	11784423	11794422	NA	0	0	0	6751884018
GLOBAL	V	11794423	11804422	0.063276314752929	45	2187996	34578436	6784569284
GLOBAL	V	11804423	11814422	0.03805351836406	263	7596124	199616864	7003784418
GLOBAL	V	11814423	11824422	0.058983502520706	625	27595776	467855838	6538393214
GLOBAL	V	11824423	11834422	0.083155456415834	249	15909460	191321901	6612362899
GLOBAL	V	11834423	11844422	NA	0	0	0	5828747694
GLOBAL	V	11844423	11854422	NA	0	0	0	6345982368
GLOBAL	V	11854423	11864422	0.074215039400269	190	10258624	138228371	7060534035
GLOBAL	V	11864423	11874422	0.028531171921743	78	1507736	52845218	6853668000
GLOBAL	V	11874423	11884422	NA	0	0	0	6723277616
GLOBAL	V	11884423	11894422	NA	0	0	0	7048772082
GLOBAL	V	11894423	11904422	NA	0	0	0	7002383322
GLOBAL	V	11904423	11914422	0.057922813774232	142	6307916	108902099	6803796287
GLOBAL	V	11914423	11924422	0.039969625576011	92	1534968	38403362	6691059422
GLOBAL	V	11924423	11934422	0.014814632249851	257	2904468	196054006	6827977404
GLOBAL	V	11934423	11944422	NA	0	0	0	6784356150
GLOBAL	V	11944423	11954422	NA	0	0	0	6690805484
GLOBAL	V	11954423	11964422	NA	0	0	0	6819920866
GLOBAL	V	11964423	11974422	NA	0	0	0	7068100732
GLOBAL	V	11974423	11984422	NA	0	0	0	6819920866
GLOBAL	V	11984423	11994422	NA	0	0	0	6343662930
GLOBAL	V	11994423	12004422	0.013286954494003	16	164100	12350460	6669950418
GLOBAL	V	12004423	12014422	NA	0	0	0	7084336798
GLOBAL	V	12014423	12024422	NA	0	0	0	6148830138
GLOBAL	V	12024423	12034422	0.049496180101755	759	28838668	582644316	6524113716
GLOBAL	V	12034423	12044422	NA	0	0	0	7476321820
GLOBAL	V	12044423	12054422	NA	0	0	0	7163970836
GLOBAL	V	12054423	12064422	NA	0	0	0	7437664520
GLOBAL	V	12064423	12074422	1.6486999917465e-05	196	2480	150421545	6970253115
GLOBAL	V	12074423	12084422	0.0011714900410854	208	187544	160090136	7071917548
GLOBAL	V	12084423	12094422	0.00035755611943764	594	163636	457651236	6920481042
GLOBAL	V	12094423	12104422	0.0035998962849194	158	363436	100957353	2521553879
GLOBAL	V	12104423	12114422	NA	0	0	0	6617356614
GLOBAL	V	12114423	12124422	NA	0	0	0	7522710580
GLOBAL	V	12124423	12134422	NA	0	0	0	7428386768
GLOBAL	V	12134423	12144422	0	27	0	20516557	7325916735
GLOBAL	V	12144423	12154422	NA	0	0	0	7339474978
GLOBAL	V	12154423	12164422	NA	0	0	0	7236646560
GLOBAL	V	12164423	12174422	0	26	0	19878858	7018842326
GLOBAL	V	12174423	12184422	3.3010498264352e-05	97	2460	74521747	7277323567
GLOBAL	V	12184423	12194422	0	91	0	69593470	6986910072
GLOBAL	V	12194423	12204422	0	56	0	42769003	6036477995
GLOBAL	V	12204423	12214422	NA	0	0	0	6849300414
GLOBAL	V	12214423	12224422	NA	0	0	0	6696217506
GLOBAL	V	12224423	12234422	NA	0	0	0	6704722112
GLOBAL	V	12234423	12244422	NA	0	0	0	6491333816
GLOBAL	V	12244423	12254422	NA	0	0	0	6756522894
GLOBAL	V	12254423	12264422	0	3	0	2277353	6673838357
GLOBAL	V	12264423	12274422	0.041069485823913	39	1200784	29237863	6260304847
GLOBAL	V	12274423	12284422	NA	0	0	0	6911925240
GLOBAL	V	12284423	12294422	NA	0	0	0	3318342632
GLOBAL	V	12294423	12304422	NA	0	0	0	1108691364
GLOBAL	V	12304423	12314422	NA	0	0	0	6971457482
GLOBAL	V	12314423	12324422	NA	0	0	0	6134913510
GLOBAL	V	12324423	12334422	NA	0	0	0	2871464244
GLOBAL	V	12334423	12344422	NA	0	0	0	5993427792
GLOBAL	V	12344423	12354422	NA	0	0	0	5711229502
GLOBAL	V	12354423	12364422	NA	0	0	0	6454995954
GLOBAL	V	12364423	12374422	NA	0	0	0	6671476834
GLOBAL	V	12374423	12384422	NA	0	0	0	6485148648
GLOBAL	V	12384423	12394422	NA	0	0	0	6431801574
GLOBAL	V	12394423	12404422	0.023213800918566	85	1335356	57524229	5891061095
GLOBAL	V	12404423	12414422	NA	0	0	0	5785451518
GLOBAL	V	12414423	12424422	0.090036361999122	281	17997616	199892750	5093837912
GLOBAL	V	12424423	12434422	0.008956927588027	26	164860	18405865	4928955389
GLOBAL	V	12434423	12444422	NA	0	0	0	6226144738
GLOBAL	V	12444423	12454422	0.064544288141287	145	7068184	109509055	5616410221
GLOBAL	V	12454423	12464422	0.05069741043755	523	20067736	395833551	5705061535
GLOBAL	V	12464423	12474422	NA	0	0	0	5440628402
GLOBAL	V	12474423	12484422	NA	0	0	0	4560015108
GLOBAL	V	12484423	12494422	NA	0	0	0	5251207632
GLOBAL	V	12494423	12504422	NA	0	0	0	5766122868
GLOBAL	V	12504423	12514422	NA	0	0	0	5370272116
GLOBAL	V	12514423	12524422	NA	0	0	0	6124089466
GLOBAL	V	12524423	12534422	NA	0	0	0	6063010932
GLOBAL	V	12534423	12544422	NA	0	0	0	5319244480
GLOBAL	V	12544423	12554422	NA	0	0	0	5361767510
GLOBAL	V	12554423	12564422	NA	0	0	0	5383415598
GLOBAL	V	12564423	12574422	NA	0	0	0	5531859630
GLOBAL	V	12574423	12584422	NA	0	0	0	5928483528
GLOBAL	V	12584423	12594422	NA	0	0	0	6359898996
GLOBAL	V	12594423	12604422	NA	0	0	0	5835706008
GLOBAL	V	12604423	12614422	NA	0	0	0	5914566900
GLOBAL	V	12614423	12624422	NA	0	0	0	5815604212
GLOBAL	V	12624423	12634422	NA	0	0	0	6029765654
GLOBAL	V	12634423	12644422	NA	0	0	0	5612266814
GLOBAL	V	12644423	12654422	NA	0	0	0	5880548476
GLOBAL	V	12654423	12664422	NA	0	0	0	6863990188
GLOBAL	V	12664423	12674422	0.0015853663129185	387	471072	297137637	6702926247
GLOBAL	V	12674423	12684422	NA	0	0	0	7121447806
GLOBAL	V	12684423	12694422	0	51	0	37832795	6501436073
GLOBAL	V	12694423	12704422	NA	0	0	0	6955994562
GLOBAL	V	12704423	12714422	0.0040998741760519	150	468284	114219115	6297480663
GLOBAL	V	12714423	12724422	0.001122120426759	370	317148	282632766	6539607538
GLOBAL	V	12724423	12734422	NA	0	0	0	5660201866
GLOBAL	V	12734423	12744422	NA	0	0	0	5751433094
GLOBAL	V	12744423	12754422	NA	0	0	0	6150376430
GLOBAL	V	12754423	12764422	NA	0	0	0	6306551922
GLOBAL	V	12764423	12774422	NA	0	0	0	5869724432
GLOBAL	V	12774423	12784422	0.053792457661042	179	7383260	137254558	5792775262
GLOBAL	V	12784423	12794422	0.10671429475836	231	18199680	170545849	5446359841
GLOBAL	V	12794423	12804422	0.10670872076662	194	15556048	145780475	6044026401
GLOBAL	V	12804423	12814422	NA	0	0	0	5434443234
GLOBAL	V	12814423	12824422	0.067197025890539	137	6726360	100099073	5301098883
GLOBAL	V	12824423	12834422	0.038871608912925	273	7972940	205109596	5741156290
GLOBAL	V	12834423	12844422	NA	0	0	0	6378454500
GLOBAL	V	12844423	12854422	0.067070743694639	98	4256100	63456878	5164556374
GLOBAL	V	12854423	12864422	NA	0	0	0	5084208096
GLOBAL	V	12864423	12874422	NA	0	0	0	5615359398
GLOBAL	V	12874423	12884422	NA	0	0	0	5896784542
GLOBAL	V	12884423	12894422	NA	0	0	0	5612266814
GLOBAL	V	12894423	12904422	NA	0	0	0	5538044798
GLOBAL	V	12904423	12914422	NA	0	0	0	5486244016
GLOBAL	V	12914423	12924422	NA	0	0	0	5794729270
GLOBAL	V	12924423	12934422	NA	0	0	0	5176985616
GLOBAL	V	12934423	12944422	NA	0	0	0	5764576576
GLOBAL	V	12944423	12954422	NA	0	0	0	5129823710
GLOBAL	V	12954423	12964422	NA	0	0	0	3952322352
GLOBAL	V	12964423	12974422	NA	0	0	0	5534179068
GLOBAL	V	12974423	12984422	NA	0	0	0	5585206704
GLOBAL	V	12984423	12994422	NA	0	0	0	5403517394
GLOBAL	V	12994423	13004422	NA	0	0	0	5478512556
GLOBAL	V	13004423	13014422	NA	0	0	0	5701951750
GLOBAL	V	13014423	13024422	NA	0	0	0	5438308964
GLOBAL	V	13024423	13034422	NA	0	0	0	5337026838
GLOBAL	V	13034423	13044422	0.05553583523504	18	759428	13674558	4482169432
GLOBAL	V	13044423	13054422	0.075511334195695	89	4946400	65505398	5474858838
GLOBAL	V	13054423	13064422	NA	0	0	0	6011210150
GLOBAL	V	13064423	13074422	NA	0	0	0	4675987008
GLOBAL	V	13074423	13084422	NA	0	0	0	5370272116
GLOBAL	V	13084423	13094422	NA	0	0	0	5087300680
GLOBAL	V	13094423	13104422	NA	0	0	0	5566651200
GLOBAL	V	13104423	13114422	NA	0	0	0	5668706472
GLOBAL	V	13114423	13124422	NA	0	0	0	5214096624
GLOBAL	V	13124423	13134422	NA	0	0	0	5231878982
GLOBAL	V	13134423	13144422	NA	0	0	0	5276721450
GLOBAL	V	13144423	13154422	NA	0	0	0	5454545030
GLOBAL	V	13154423	13164422	NA	0	0	0	5693447144
GLOBAL	V	13164423	13174422	NA	0	0	0	5497841206
GLOBAL	V	13174423	13184422	NA	0	0	0	5360994364
GLOBAL	V	13184423	13194422	NA	0	0	0	5115133936
GLOBAL	V	13194423	13204422	NA	0	0	0	5052509110
GLOBAL	V	13204423	13214422	0.043838085059649	293	9719192	221706582	5983563214
GLOBAL	V	13214423	13224422	0.027058430997347	233	4745432	175377205	5780939579
GLOBAL	V	13224423	13234422	0.073903210725992	139	7779772	105269743	5439733369
GLOBAL	V	13234423	13244422	0.047816241056137	205	7316260	153007845	5879077247
GLOBAL	V	13244423	13254422	0.028330069869096	133	2828032	99824392	6533768288
GLOBAL	V	13254423	13264422	0.066447761711271	216	10699092	161015085	5426511057
GLOBAL	V	13264423	13274422	0.040721303116406	125	3867212	94967786	5454674202
GLOBAL	V	13274423	13284422	0.050074235466903	200	7401544	147811423	5448219325
GLOBAL	V	13284423	13294422	NA	0	0	0	6011210150
GLOBAL	V	13294423	13304422	NA	0	0	0	6642097286
GLOBAL	V	13304423	13314422	0.019547488722121	172	2545976	130245682	5760353692
GLOBAL	V	13314423	13324422	NA	0	0	0	5756845116
GLOBAL	V	13324423	13334422	NA	0	0	0	6416338654
GLOBAL	V	13334423	13344422	NA	0	0	0	5972552850
GLOBAL	V	13344423	13354422	NA	0	0	0	6185941146
GLOBAL	V	13354423	13364422	NA	0	0	0	6933573328
GLOBAL	V	13364423	13374422	NA	0	0	0	6403968318
GLOBAL	V	13374423	13384422	0.089173747180404	66	4370456	49010568	5538515574
GLOBAL	V	13384423	13394422	0.074526079840976	385	21593076	289738519	5064297531
GLOBAL	V	13394423	13404422	0.098659800655466	232	17179748	174131185	5429631023
GLOBAL	V	13404423	13414422	0.088268497301311	265	17290616	195886602	5867897476
GLOBAL	V	13414423	13424422	0.090446998688211	31	2000220	22114830	5437069076
GLOBAL	V	13424423	13434422	NA	0	0	0	6006571274
GLOBAL	V	13434423	13444422	NA	0	0	0	5401197956
GLOBAL	V	13444423	13454422	0.035337779243729	134	3559072	100715780	5595050802
GLOBAL	V	13454423	13464422	0.0083387100873504	64	411100	49300191	6406468909
GLOBAL	V	13464423	13474422	0.017406682582733	80	1056332	60685429	6077320665
GLOBAL	V	13474423	13484422	NA	0	0	0	6142644970
GLOBAL	V	13484423	13494422	NA	0	0	0	5754525678
GLOBAL	V	13494423	13504422	0.026473940510873	198	3984492	150506193	6305262907
GLOBAL	V	13504423	13514422	0.018278484960079	235	3159048	172828766	5758747346
GLOBAL	V	13514423	13524422	0.0040309284645341	88	271128	67261923	6325882351
GLOBAL	V	13524423	13534422	0	35	0	26948437	6937550731
GLOBAL	V	13534423	13544422	NA	0	0	0	6787448734
GLOBAL	V	13544423	13554422	NA	0	0	0	6611171446
GLOBAL	V	13554423	13564422	NA	0	0	0	5974099142
GLOBAL	V	13564423	13574422	NA	0	0	0	6715546156
GLOBAL	V	13574423	13584422	NA	0	0	0	6684620316
GLOBAL	V	13584423	13594422	NA	0	0	0	6587977066
GLOBAL	V	13594423	13604422	0.0013476628948988	23	4896	3632956	5316384670
GLOBAL	V	13604423	13614422	NA	0	0	0	7073512754
GLOBAL	V	13614423	13624422	NA	0	0	0	6891050298
GLOBAL	V	13624423	13634422	NA	0	0	0	7061142418
GLOBAL	V	13634423	13644422	NA	0	0	0	6834610640
GLOBAL	V	13644423	13654422	NA	0	0	0	6201404066
GLOBAL	V	13654423	13664422	NA	0	0	0	6578699314
GLOBAL	V	13664423	13674422	NA	0	0	0	6250112264
GLOBAL	V	13674423	13684422	NA	0	0	0	6170478226
GLOBAL	V	13684423	13694422	NA	0	0	0	6479736626
GLOBAL	V	13694423	13704422	NA	0	0	0	6015075880
GLOBAL	V	13704423	13714422	NA	0	0	0	6349848098
GLOBAL	V	13714423	13724422	NA	0	0	0	6420204384
GLOBAL	V	13724423	13734422	0.0022210267088463	128	206088	92789519	6700071237
GLOBAL	V	13734423	13744422	3.3198054876059e-05	98	2448	73739260	6300076364
GLOBAL	V	13744423	13754422	0.00012067285019429	292	26972	223513408	6679134080
GLOBAL	V	13754423	13764422	NA	0	0	0	6731009076
GLOBAL	V	13764423	13774422	NA	0	0	0	6639777848
GLOBAL	V	13774423	13784422	0.045039943624193	113	3801916	84412095	6038131079
GLOBAL	V	13784423	13794422	NA	0	0	0	5929256674
GLOBAL	V	13794423	13804422	NA	0	0	0	6121770028
GLOBAL	V	13804423	13814422	NA	0	0	0	5073384052
GLOBAL	V	13814423	13824422	NA	0	0	0	5249661340
GLOBAL	V	13824423	13834422	NA	0	0	0	4927259458
GLOBAL	V	13834423	13844422	NA	0	0	0	5838798592
GLOBAL	V	13844423	13854422	0	27	0	4394793	5890070311
GLOBAL	V	13854423	13864422	0.10292782014796	260	18461460	179363169	5459963755
GLOBAL	V	13864423	13874422	0.010509075680204	233	1864608	177428354	5996142456
GLOBAL	V	13874423	13884422	0.00051176905639248	276	108036	211103033	6130240459
GLOBAL	V	13884423	13894422	0.0034519525549497	139	366352	106128921	6359691077
GLOBAL	V	13894423	13904422	NA	0	0	0	7058822980
GLOBAL	V	13904423	13914422	0.00034098648893026	279	72476	212548011	6378521639
GLOBAL	V	13914423	13924422	NA	0	0	0	7047998936
GLOBAL	V	13924423	13934422	NA	0	0	0	6052960034
GLOBAL	V	13934423	13944422	NA	0	0	0	5926937236
GLOBAL	V	13944423	13954422	NA	0	0	0	6134140364
GLOBAL	V	13954423	13964422	NA	0	0	0	6505250444
GLOBAL	V	13964423	13974422	0.026673351235479	93	1843300	69106427	6114515281
GLOBAL	V	13974423	13984422	0.028275331568379	83	1751012	61927196	5890523858
GLOBAL	V	13984423	13994422	NA	0	0	0	5579794682
GLOBAL	V	13994423	14004422	NA	0	0	0	6213001256
GLOBAL	V	14004423	14014422	NA	0	0	0	6662199082
GLOBAL	V	14014423	14024422	NA	0	0	0	5900650272
GLOBAL	V	14024423	14034422	NA	0	0	0	6193672606
GLOBAL	V	14034423	14044422	NA	0	0	0	6266348330
GLOBAL	V	14044423	14054422	NA	0	0	0	6356806412
GLOBAL	V	14054423	14064422	NA	0	0	0	5201726288
GLOBAL	V	14064423	14074422	NA	0	0	0	5923844652
GLOBAL	V	14074423	14084422	NA	0	0	0	5599123332
GLOBAL	V	14084423	14094422	NA	0	0	0	5113587644
GLOBAL	V	14094423	14104422	NA	0	0	0	5240383588
GLOBAL	V	14104423	14114422	NA	0	0	0	5346304590
GLOBAL	V	14114423	14124422	NA	0	0	0	5242703026
GLOBAL	V	14124423	14134422	NA	0	0	0	5289091786
GLOBAL	V	14134423	14144422	0.0013723539792267	66	68976	50261085	6284897239
GLOBAL	V	14144423	14154422	0.0028010121200715	47	100892	36019837	6266666355
GLOBAL	V	14154423	14164422	0.0040655610647823	164	510204	125494118	6590052038
GLOBAL	V	14164423	14174422	0.040641748344345	93	2869356	70601195	5946794123
GLOBAL	V	14174423	14184422	NA	0	0	0	6056825764
GLOBAL	V	14184423	14194422	0.066612900161958	332	16439436	246790576	5981673600
GLOBAL	V	14194423	14204422	5.0710856693474e-05	317	12340	243340397	6739714275
GLOBAL	V	14204423	14214422	0.0024944548961327	587	1124120	450647555	6523129365
GLOBAL	V	14214423	14224422	0.0010375150498134	845	673696	649336123	6470565391
GLOBAL	V	14224423	14234422	0.00030373518111039	401	93280	307109633	6930310073
GLOBAL	V	14234423	14244422	0.0033995092704889	239	618280	181873309	6609441155
GLOBAL	V	14244423	14254422	0.00021925069627629	277	46368	211483935	6797084555
GLOBAL	V	14254423	14264422	0.00011250467477303	311	26664	237003485	6402774363
GLOBAL	V	14264423	14274422	NA	0	0	0	6349074952
GLOBAL	V	14274423	14284422	0.00010983043727321	207	17268	157224176	6604710740
GLOBAL	V	14284423	14294422	0.00045505789509641	348	118464	260327315	6466042885
GLOBAL	V	14294423	14304422	0.00015175123223151	210	24268	159919624	6695565958
GLOBAL	V	14304423	14314422	0.047200985280373	309	10984496	232717515	6247792257
GLOBAL	V	14314423	14324422	0.070107348986422	471	24610916	351046165	6216055959
GLOBAL	V	14324423	14334422	NA	0	0	0	5524901316
GLOBAL	V	14334423	14344422	0.048991304877548	220	8037340	164056459	6059768841
GLOBAL	V	14344423	14354422	0.038843817963302	114	3339568	85974247	5793027937
GLOBAL	V	14354423	14364422	0.041783273405501	24	769924	18426608	6076283310
GLOBAL	V	14364423	14374422	0.0028437710909308	191	415284	146032851	6476735785
GLOBAL	V	14374423	14384422	0	58	0	44424091	6339442431
GLOBAL	V	14384423	14394422	0.00055155760813314	305	128552	233070849	6285323077
GLOBAL	V	14394423	14404422	0.00079176343193261	53	32120	40567673	6584520401
GLOBAL	V	14404423	14414422	0.0049568039482406	341	1278896	258008187	5850618359
GLOBAL	V	14414423	14424422	NA	0	0	0	6390824836
GLOBAL	V	14424423	14434422	NA	0	0	0	6633592680
GLOBAL	V	14434423	14444422	NA	0	0	0	6843888392
GLOBAL	V	14444423	14454422	NA	0	0	0	6240061366
GLOBAL	V	14454423	14464422	0.0052682148572184	39	157456	29887923	6138270865
GLOBAL	V	14464423	14474422	0.0084802909902369	127	806684	95124566	6874013478
GLOBAL	V	14474423	14484422	NA	0	0	0	7018619388
GLOBAL	V	14484423	14494422	NA	0	0	0	6898781758
GLOBAL	V	14494423	14504422	NA	0	0	0	6344436076
GLOBAL	V	14504423	14514422	0.027212619249387	273	5656152	207850334	6422649762
GLOBAL	V	14514423	14524422	0.026561432954952	543	11001324	414184130	6185390126
GLOBAL	V	14524423	14534422	0.022946853650475	509	8731264	380499398	5994089372
GLOBAL	V	14534423	14544422	0.022041733195805	123	2067164	93784095	6515841059
GLOBAL	V	14544423	14554422	0.017144825369527	354	4615180	269187927	6408474075
GLOBAL	V	14554423	14564422	0.0070930269029786	52	280640	39565619	6423934941
GLOBAL	V	14564423	14574422	0.022566397944546	266	4559308	202039688	6143169534
GLOBAL	V	14574423	14584422	0.022629609164894	185	3193304	141111761	6130648591
GLOBAL	V	14584423	14594422	0.036242094012102	359	9843192	271595565	5254078897
GLOBAL	V	14594423	14604422	0.026403621203409	263	5292368	200440991	6171055195
GLOBAL	V	14604423	14614422	0.0079847469608419	106	641584	80351200	5986525462
GLOBAL	V	14614423	14624422	0.015885066226387	167	2020712	127208283	5948946131
GLOBAL	V	14624423	14634422	0.020192479571503	405	6224780	308272195	5796488621
GLOBAL	V	14634423	14644422	8.1880934635472e-05	81	4904	59891842	6479377026
GLOBAL	V	14644423	14654422	0.00060844696806353	274	127156	208984524	6604751174
GLOBAL	V	14654423	14664422	0.00019800802215129	195	29564	149307082	6406197852
GLOBAL	V	14664423	14674422	0.00057528740858225	452	199044	345990538	6713605588
GLOBAL	V	14674423	14684422	0.00017080154354968	318	41548	243253071	6347043433
GLOBAL	V	14684423	14694422	0.0042684139559383	145	473160	110851479	5791345085
GLOBAL	V	14694423	14704422	0.0070207380201952	289	1544440	219982571	6597618857
GLOBAL	V	14704423	14714422	6.178013335879e-05	352	16580	268371062	6038954006
GLOBAL	V	14714423	14724422	0.00021598748494335	323	53460	247514341	5846422431
GLOBAL	V	14724423	14734422	NA	0	0	0	6691578630
GLOBAL	V	14734423	14744422	NA	0	0	0	2987436144
GLOBAL	V	14744423	14754422	NA	0	0	0	7045679498
GLOBAL	V	14754423	14764422	0.0012428304379699	646	615264	495050637	6804220749
GLOBAL	V	14764423	14774422	4.6662772745254e-05	138	4936	105780255	6721098925
GLOBAL	V	14774423	14784422	1.4489647138356e-05	223	2480	171156687	6694379793
GLOBAL	V	14784423	14794422	6.7731783164906e-05	285	14784	218272712	6852920604
GLOBAL	V	14794423	14804422	9.8255033557047e-05	98	7320	74500000	6790263334
GLOBAL	V	14804423	14814422	0.00071552469611383	545	299536	418624265	6761582637
GLOBAL	V	14814423	14824422	0	7	0	5369841	6983869999
GLOBAL	V	14824423	14834422	0.00095934292300291	149	103428	107811292	6455425102
GLOBAL	V	14834423	14844422	8.4136866055648e-05	453	29356	348907695	6796507637
GLOBAL	V	14844423	14854422	0.00058837148352695	303	137460	233627910	6996833482
GLOBAL	V	14854423	14864422	7.1199566728747e-05	226	12360	173596562	7226956950
GLOBAL	V	14864423	14874422	0.004437250314307	123	420460	94756881	7024371487
GLOBAL	V	14874423	14884422	NA	0	0	0	5739835904
GLOBAL	V	14884423	14894422	NA	0	0	0	6491333816
GLOBAL	V	14894423	14904422	0.00035357494533378	317	86432	244451710	7194759102
GLOBAL	V	14904423	14914422	0.00052891488055241	822	334480	632389090	6823830934
GLOBAL	V	14914423	14924422	0.00028770424187284	1019	225960	785389880	6329872758
GLOBAL	V	14924423	14934422	0	20	0	15433108	7330227038
GLOBAL	V	14934423	14944422	0.00020786679047725	403	64452	310063959	7121415393
GLOBAL	V	14944423	14954422	0.00026855123772031	626	128976	480265893	7019250307
GLOBAL	V	14954423	14964422	0.00063004014981128	625	303280	481366148	7045210162
GLOBAL	V	14964423	14974422	0.0018166962756685	449	628304	345849776	5635207680
GLOBAL	V	14974423	14984422	0.0017470959297485	202	270824	155013812	6992720958
GLOBAL	V	14984423	14994422	0.00031230679596384	324	77872	249344558	7349907476
GLOBAL	V	14994423	15004422	0.0012997579101328	335	332236	255613755	7152671217
GLOBAL	V	15004423	15014422	4.3534070777053e-05	294	9856	226397390	6959994680
GLOBAL	V	15014423	15024422	0.0048587851160324	311	1154064	237521103	7149888927
GLOBAL	V	15024423	15034422	8.4257060661249e-05	348	22260	264191509	7166514697
GLOBAL	V	15034423	15044422	0.00012094311969204	1155	107368	887756164	5816965948
GLOBAL	V	15044423	15054422	0.00022670374042942	503	87920	387818921	6675642935
GLOBAL	V	15054423	15064422	0.00059570317014678	614	281936	473282692	6877016330
GLOBAL	V	15064423	15074422	1.9397105426271e-05	333	4960	255708256	7196646038
GLOBAL	V	15074423	15084422	0.0002394347350853	713	131428	548909497	6912722549
GLOBAL	V	15084423	15094422	0.00029348065931915	520	117528	400462505	7056530665
GLOBAL	V	15094423	15104422	0.0002247622880032	290	50160	223169111	7046722727
GLOBAL	V	15104423	15114422	0.0020724844135779	275	437368	211035604	5636267594
GLOBAL	V	15114423	15124422	0.00020108448915187	772	119672	595132924	6906702714
GLOBAL	V	15124423	15134422	9.2742426844726e-05	173	12372	133401728	7475901204
GLOBAL	V	15134423	15144422	8.3568537014804e-05	533	34368	411255255	7070478587
GLOBAL	V	15144423	15154422	0.00023708651370253	734	134116	565683800	6882031618
GLOBAL	V	15154423	15164422	2.8273158671558e-05	343	7452	263571541	7320217573
GLOBAL	V	15164423	15174422	0.00037606597527025	899	260556	692846514	6982946974
GLOBAL	V	15174423	15184422	1.9248507492856e-05	497	7368	382782925	7132196195
GLOBAL	V	15184423	15194422	0.0016751327524006	1001	1293528	772194322	6893548268
GLOBAL	V	15194423	15204422	0.0001735582009784	331	44248	254946178	7352810462
GLOBAL	V	15204423	15214422	0.00041237577541869	430	136660	331396770	7236156278
GLOBAL	V	15214423	15224422	0.00041536420758007	538	172448	415172990	7177893876
GLOBAL	V	15224423	15234422	3.44195585304e-05	467	12396	360144073	7108446287
GLOBAL	V	15234423	15244422	0.00079790166616298	336	206580	258904084	7317153570
GLOBAL	V	15244423	15254422	0.00083538090891498	638	410316	491172345	7143644405
GLOBAL	V	15254423	15264422	9.3829377117495e-06	343	2484	264735851	7131178785
GLOBAL	V	15264423	15274422	0.00019268851839744	576	85560	444032684	6975849478
GLOBAL	V	15274423	15284422	0.00033505363995442	732	188876	563718693	7105889627
GLOBAL	V	15284423	15294422	0.0014625804903509	514	579684	396343315	7057557271
GLOBAL	V	15294423	15304422	0.0045372900058101	92	321632	70886366	7434041856
GLOBAL	V	15304423	15314422	0.00022082103468269	490	83304	377246670	7199584130
GLOBAL	V	15314423	15324422	2.4451685173212e-05	525	9892	404552894	7119703978
GLOBAL	V	15324423	15334422	1.703824608075e-05	189	2480	145554888	4315497532
GLOBAL	X	130516	140515	0.00029230801765473	93	7312	25014709	6705221221
GLOBAL	X	140516	150515	0	27	0	7510432	6532531582
GLOBAL	X	150516	160515	NA	0	0	0	6480509772
GLOBAL	X	160516	170515	NA	0	0	0	6541588306
GLOBAL	X	170516	180515	NA	0	0	0	6556278080
GLOBAL	X	180516	190515	NA	0	0	0	6973003774
GLOBAL	X	190516	200515	NA	0	0	0	6944397372
GLOBAL	X	200516	210515	NA	0	0	0	6262482600
GLOBAL	X	210516	220515	NA	0	0	0	6568648416
GLOBAL	X	220516	230515	NA	0	0	0	6744925704
GLOBAL	X	230516	240515	NA	0	0	0	5692673998
GLOBAL	X	240516	250515	NA	0	0	0	6426389552
GLOBAL	X	250516	260515	NA	0	0	0	6121770028
GLOBAL	X	260516	270515	NA	0	0	0	4938083502
GLOBAL	X	270516	280515	NA	0	0	0	1710972098
GLOBAL	X	280516	290515	NA	0	0	0	3278139040
GLOBAL	X	290516	300515	NA	0	0	0	2368146198
GLOBAL	X	300516	310515	NA	0	0	0	2641839882
GLOBAL	X	310516	320515	NA	0	0	0	451517264
GLOBAL	X	320516	330515	NA	0	0	0	3997164820
GLOBAL	X	330516	340515	NA	0	0	0	6062237786
GLOBAL	X	340516	350515	NA	0	0	0	4193543904
GLOBAL	X	350516	360515	NA	0	0	0	6786675588
GLOBAL	X	360516	370515	NA	0	0	0	6575606730
GLOBAL	X	370516	380515	NA	0	0	0	7024804556
GLOBAL	X	380516	390515	NA	0	0	0	7155466230
GLOBAL	X	390516	400515	NA	0	0	0	7095933988
GLOBAL	X	400516	410515	NA	0	0	0	6844661538
GLOBAL	X	410516	420515	NA	0	0	0	6359898996
GLOBAL	X	420516	430515	NA	0	0	0	4081437734
GLOBAL	X	430516	440515	NA	0	NA	NA	NA
GLOBAL	X	440516	450515	NA	0	0	0	4900199348
GLOBAL	X	450516	460515	NA	0	0	0	7080471068
GLOBAL	X	460516	470515	NA	0	0	0	7073512754
GLOBAL	X	470516	480515	NA	0	0	0	6178209686
GLOBAL	X	480516	490515	NA	0	0	0	6077700706
GLOBAL	X	490516	500515	NA	0	0	0	6918883554
GLOBAL	X	500516	510515	NA	0	0	0	4344307374
GLOBAL	X	510516	520515	NA	0	0	0	6264028892
GLOBAL	X	520516	530515	NA	0	0	0	7136910726
GLOBAL	X	530516	540515	NA	0	0	0	7008568490
GLOBAL	X	540516	550515	NA	0	0	0	7085883090
GLOBAL	X	550516	560515	NA	0	0	0	7335609248
GLOBAL	X	560516	570515	NA	0	0	0	6874041086
GLOBAL	X	570516	580515	NA	0	0	0	7211132742
GLOBAL	X	580516	590515	NA	0	0	0	6557824372
GLOBAL	X	590516	600515	NA	0	0	0	5372591554
GLOBAL	X	600516	610515	NA	0	0	0	5414341438
GLOBAL	X	610516	620515	NA	0	0	0	3037690634
GLOBAL	X	620516	630515	NA	0	0	0	2208878122
GLOBAL	X	630516	640515	NA	0	0	0	3711100800
GLOBAL	X	640516	650515	NA	0	0	0	6414792362
GLOBAL	X	650516	660515	NA	0	0	0	7016299950
GLOBAL	X	660516	670515	NA	0	0	0	6434894158
GLOBAL	X	670516	680515	NA	0	0	0	6525352240
GLOBAL	X	680516	690515	NA	0	0	0	6951355686
GLOBAL	X	690516	700515	NA	0	0	0	6492880108
GLOBAL	X	700516	710515	NA	0	0	0	6992332424
GLOBAL	X	710516	720515	NA	0	0	0	7388956322
GLOBAL	X	720516	730515	3.9666332235484e-05	164	4916	123933818	7329193622
GLOBAL	X	730516	740515	NA	0	0	0	6898008612
GLOBAL	X	740516	750515	NA	0	0	0	7358030482
GLOBAL	X	750516	760515	NA	0	0	0	7286901050
GLOBAL	X	760516	770515	NA	0	0	0	6529217970
GLOBAL	X	770516	780515	NA	0	0	0	5985696332
GLOBAL	X	780516	790515	NA	0	0	0	6257843724
GLOBAL	X	790516	800515	NA	0	0	0	5755298824
GLOBAL	X	800516	810515	NA	0	0	0	4396881302
GLOBAL	X	810516	820515	NA	0	0	0	6850846706
GLOBAL	X	820516	830515	NA	0	0	0	6875587378
GLOBAL	X	830516	840515	NA	0	0	0	6577926168
GLOBAL	X	840516	850515	NA	0	0	0	6647509308
GLOBAL	X	850516	860515	NA	0	0	0	6470458874
GLOBAL	X	860516	870515	NA	0	0	0	6836930078
GLOBAL	X	870516	880515	NA	0	0	0	6554731788
GLOBAL	X	880516	890515	NA	0	0	0	6609625154
GLOBAL	X	890516	900515	NA	0	0	0	5438308964
GLOBAL	X	900516	910515	NA	0	0	0	2447007090
GLOBAL	X	910516	920515	NA	0	0	0	6440306180
GLOBAL	X	920516	930515	NA	0	0	0	6850846706
GLOBAL	X	930516	940515	NA	0	0	0	3537916096
GLOBAL	X	940516	950515	NA	0	0	0	5378776722
GLOBAL	X	950516	960515	NA	0	0	0	5831840278
GLOBAL	X	960516	970515	NA	0	0	0	6673023126
GLOBAL	X	970516	980515	NA	0	0	0	6979962088
GLOBAL	X	980516	990515	NA	0	0	0	6402422026
GLOBAL	X	990516	1000515	NA	0	0	0	6833837494
GLOBAL	X	1000516	1010515	NA	0	0	0	6684620316
GLOBAL	X	1010516	1020515	NA	0	0	0	6405514610
GLOBAL	X	1020516	1030515	NA	0	0	0	7136137580
GLOBAL	X	1030516	1040515	NA	0	0	0	6996971300
GLOBAL	X	1040516	1050515	NA	0	0	0	7004702760
GLOBAL	X	1050516	1060515	NA	0	0	0	6902647488
GLOBAL	X	1060516	1070515	NA	0	0	0	7265252962
GLOBAL	X	1070516	1080515	NA	0	0	0	6622768636
GLOBAL	X	1080516	1090515	NA	0	0	0	7099799718
GLOBAL	X	1090516	1100515	NA	0	0	0	7092841404
GLOBAL	X	1100516	1110515	NA	0	0	0	7176341172
GLOBAL	X	1110516	1120515	NA	0	0	0	6937439058
GLOBAL	X	1120516	1130515	NA	0	0	0	7227368808
GLOBAL	X	1130516	1140515	NA	0	0	0	7320146328
GLOBAL	X	1140516	1150515	NA	0	0	0	6736421098
GLOBAL	X	1150516	1160515	NA	0	0	0	6972230628
GLOBAL	X	1160516	1170515	NA	0	0	0	6685393462
GLOBAL	X	1170516	1180515	NA	0	0	0	5784678372
GLOBAL	X	1180516	1190515	NA	0	0	0	6339024054
GLOBAL	X	1190516	1200515	NA	0	0	0	6604986278
GLOBAL	X	1200516	1210515	NA	0	0	0	6063784078
GLOBAL	X	1210516	1220515	NA	0	0	0	6260163162
GLOBAL	X	1220516	1230515	NA	0	0	0	6413246070
GLOBAL	X	1230516	1240515	NA	0	0	0	4187358736
GLOBAL	X	1240516	1250515	NA	0	0	0	5783132080
GLOBAL	X	1250516	1260515	NA	0	0	0	5404290540
GLOBAL	X	1260516	1270515	NA	0	0	0	6539268868
GLOBAL	X	1270516	1280515	NA	0	0	0	7245151166
GLOBAL	X	1280516	1290515	NA	0	0	0	5404290540
GLOBAL	X	1290516	1300515	NA	0	0	0	5467688512
GLOBAL	X	1300516	1310515	NA	0	0	0	6264802038
GLOBAL	X	1310516	1320515	NA	0	0	0	7286901050
GLOBAL	X	1320516	1330515	NA	0	0	0	6792860756
GLOBAL	X	1330516	1340515	NA	0	0	0	5299915830
GLOBAL	X	1340516	1350515	NA	0	0	0	6920429846
GLOBAL	X	1350516	1360515	NA	0	0	0	6325880572
GLOBAL	X	1360516	1370515	NA	0	0	0	6455769100
GLOBAL	X	1370516	1380515	NA	0	0	0	7451581148
GLOBAL	X	1380516	1390515	NA	0	0	0	7211132742
GLOBAL	X	1390516	1400515	NA	0	0	0	4685264760
GLOBAL	X	1400516	1410515	NA	0	0	0	3121190402
GLOBAL	X	1410516	1420515	NA	0	0	0	2449326528
GLOBAL	X	1420516	1430515	NA	0	0	0	5510984688
GLOBAL	X	1430516	1440515	NA	0	0	0	6974550066
GLOBAL	X	1440516	1450515	NA	0	0	0	5418980314
GLOBAL	X	1450516	1460515	NA	0	0	0	5154564382
GLOBAL	X	1460516	1470515	NA	0	0	0	6879453108
GLOBAL	X	1470516	1480515	NA	0	0	0	1766638610
GLOBAL	X	1480516	1490515	NA	0	0	0	1336769434
GLOBAL	X	1490516	1500515	NA	0	0	0	1118742262
GLOBAL	X	1500516	1510515	NA	0	0	0	5647058384
GLOBAL	X	1510516	1520515	NA	0	0	0	6130274634
GLOBAL	X	1520516	1530515	NA	0	0	0	4786546886
GLOBAL	X	1530516	1540515	NA	0	0	0	2615552918
GLOBAL	X	1540516	1550515	NA	0	0	0	3533277220
GLOBAL	X	1550516	1560515	NA	0	0	0	5077249782
GLOBAL	X	1560516	1570515	NA	0	0	0	4672121278
GLOBAL	X	1570516	1580515	NA	0	0	0	6192126314
GLOBAL	X	1580516	1590515	NA	0	0	0	6046001720
GLOBAL	X	1590516	1600515	NA	0	0	0	6384639668
GLOBAL	X	1600516	1610515	NA	0	0	0	6910378948
GLOBAL	X	1610516	1620515	NA	0	0	0	6772758960
GLOBAL	X	1620516	1630515	NA	0	0	0	6540042014
GLOBAL	X	1630516	1640515	NA	0	0	0	3858771686
GLOBAL	X	1640516	1650515	NA	0	0	0	6678435148
GLOBAL	X	1650516	1660515	NA	0	0	0	6863217042
GLOBAL	X	1660516	1670515	NA	0	0	0	6488241232
GLOBAL	X	1670516	1680515	NA	0	0	0	3708781362
GLOBAL	X	1680516	1690515	NA	0	0	0	3600540922
GLOBAL	X	1690516	1700515	NA	0	0	0	2857547616
GLOBAL	X	1700516	1710515	NA	0	0	0	1742671084
GLOBAL	X	1710516	1720515	NA	0	0	0	5110495060
GLOBAL	X	1720516	1730515	NA	0	0	0	6685393462
GLOBAL	X	1730516	1740515	NA	0	0	0	7206493866
GLOBAL	X	1740516	1750515	NA	0	0	0	6771985814
GLOBAL	X	1750516	1760515	NA	0	0	0	6935119620
GLOBAL	X	1760516	1770515	NA	0	0	0	6435667304
GLOBAL	X	1770516	1780515	NA	0	0	0	6426389552
GLOBAL	X	1780516	1790515	NA	0	0	0	6882545692
GLOBAL	X	1790516	1800515	NA	0	0	0	6699310090
GLOBAL	X	1800516	1810515	NA	0	0	0	5250434486
GLOBAL	X	1810516	1820515	NA	0	0	0	7093614550
GLOBAL	X	1820516	1830515	NA	0	0	0	7148507916
GLOBAL	X	1830516	1840515	NA	0	0	0	7037948038
GLOBAL	X	1840516	1850515	NA	0	0	0	7562914172
GLOBAL	X	1850516	1860515	NA	0	0	0	7249790042
GLOBAL	X	1860516	1870515	NA	0	0	0	6365311018
GLOBAL	X	1870516	1880515	NA	0	0	0	7062688710
GLOBAL	X	1880516	1890515	NA	0	0	0	7025577702
GLOBAL	X	1890516	1900515	NA	0	0	0	7346433292
GLOBAL	X	1900516	1910515	NA	0	0	0	7260614086
GLOBAL	X	1910516	1920515	4.117113796144e-05	78	2476	60139217	7457932487
GLOBAL	X	1920516	1930515	NA	0	0	0	7120674660
GLOBAL	X	1930516	1940515	NA	0	0	0	7302363970
GLOBAL	X	1940516	1950515	NA	0	0	0	7115262638
GLOBAL	X	1950516	1960515	NA	0	0	0	7410604410
GLOBAL	X	1960516	1970515	NA	0	0	0	7211132742
GLOBAL	X	1970516	1980515	NA	0	0	0	6911925240
GLOBAL	X	1980516	1990515	NA	0	0	0	7451581148
GLOBAL	X	1990516	2000515	NA	0	0	0	7155466230
GLOBAL	X	2000516	2010515	NA	0	0	0	6930480744
GLOBAL	X	2010516	2020515	NA	0	0	0	7017073096
GLOBAL	X	2020516	2030515	0	49	0	37086875	6574084571
GLOBAL	X	2030516	2040515	NA	0	0	0	6399329442
GLOBAL	X	2040516	2050515	NA	0	0	0	7095933988
GLOBAL	X	2050516	2060515	NA	0	0	0	7081244214
GLOBAL	X	2060516	2070515	NA	0	0	0	6242380804
GLOBAL	X	2070516	2080515	NA	0	0	0	6812189406
GLOBAL	X	2080516	2090515	NA	0	0	0	6015075880
GLOBAL	X	2090516	2100515	NA	0	0	0	7106758032
GLOBAL	X	2100516	2110515	NA	0	0	0	2438502484
GLOBAL	X	2110516	2120515	NA	0	0	0	477031082
GLOBAL	X	2120516	2130515	NA	0	0	0	990400026
GLOBAL	X	2130516	2140515	NA	0	0	0	749178474
GLOBAL	X	2140516	2150515	NA	0	0	0	6251658556
GLOBAL	X	2150516	2160515	NA	0	0	0	7029443432
GLOBAL	X	2160516	2170515	NA	0	0	0	7120674660
GLOBAL	X	2170516	2180515	0.00032670186653409	309	76612	234501262	6931789012
GLOBAL	X	2180516	2190515	NA	0	0	0	7107531178
GLOBAL	X	2190516	2200515	NA	0	0	0	7091295112
GLOBAL	X	2200516	2210515	NA	0	0	0	7300044532
GLOBAL	X	2210516	2220515	NA	0	0	0	7334062956
GLOBAL	X	2220516	2230515	NA	0	0	0	7399780366
GLOBAL	X	2230516	2240515	NA	0	0	0	7443076542
GLOBAL	X	2240516	2250515	NA	0	0	0	6964499168
GLOBAL	X	2250516	2260515	NA	0	0	0	6963726022
GLOBAL	X	2260516	2270515	0.003145087908781	42	101200	32177161	7467339039
GLOBAL	X	2270516	2280515	0.0037230539885284	12	34200	9186007	7290085379
GLOBAL	X	2280516	2290515	0.00073605205181809	233	132100	179471003	7200207567
GLOBAL	X	2290516	2300515	0.0014068280804671	282	304928	216748588	7108036616
GLOBAL	X	2300516	2310515	0.018375993303364	175	2472028	134524864	7157015062
GLOBAL	X	2310516	2320515	0.045291141230588	282	9840288	217267389	7139216801
GLOBAL	X	2320516	2330515	0.049138368199394	593	22447236	456816879	6969250451
GLOBAL	X	2330516	2340515	0.013587903563955	285	2981988	219459020	7114603936
GLOBAL	X	2340516	2350515	0.0030996075559638	124	296360	95612104	6984858964
GLOBAL	X	2350516	2360515	0.0013914525255878	253	270784	194605274	7195897340
GLOBAL	X	2360516	2370515	0.00063817280803586	499	245612	384867542	7096093154
GLOBAL	X	2370516	2380515	0.00024646008015031	506	93852	380800006	7108665296
GLOBAL	X	2380516	2390515	0.00051418964320018	612	242380	471382501	7028906845
GLOBAL	X	2390516	2400515	0	232	0	178549569	7146235635
GLOBAL	X	2400516	2410515	0.00044178739103056	307	104208	235878167	7176272535
GLOBAL	X	2410516	2420515	NA	0	0	0	7426067330
GLOBAL	X	2420516	2430515	NA	0	0	0	7524256872
GLOBAL	X	2430516	2440515	NA	0	0	0	7206493866
GLOBAL	X	2440516	2450515	NA	0	0	0	6793633902
GLOBAL	X	2450516	2460515	NA	0	0	0	7274530714
GLOBAL	X	2460516	2470515	NA	0	0	0	7085109944
GLOBAL	X	2470516	2480515	5.5720571294673e-05	58	2484	44579586	5512793862
GLOBAL	X	2480516	2490515	NA	0	0	0	7339474978
GLOBAL	X	2490516	2500515	0.00081838480960344	333	209040	255429961	6908540875
GLOBAL	X	2500516	2510515	NA	0	0	0	7281489028
GLOBAL	X	2510516	2520515	NA	0	0	0	7000837030
GLOBAL	X	2520516	2530515	NA	0	0	0	7420655308
GLOBAL	X	2530516	2540515	NA	0	0	0	7244378020
GLOBAL	X	2540516	2550515	NA	0	0	0	7510340244
GLOBAL	X	2550516	2560515	0.0060881745722585	133	622644	102271049	7261171455
GLOBAL	X	2560516	2570515	0.010839687373721	468	3884616	358369745	6991929277
GLOBAL	X	2570516	2580515	0.012197982525558	463	4349820	356601593	6944216085
GLOBAL	X	2580516	2590515	NA	0	0	0	7524256872
GLOBAL	X	2590516	2600515	NA	0	0	0	7531988332
GLOBAL	X	2600516	2610515	NA	0	0	0	7091295112
GLOBAL	X	2610516	2620515	NA	0	0	0	7250563188
GLOBAL	X	2620516	2630515	NA	0	0	0	7440757104
GLOBAL	X	2630516	2640515	NA	0	0	0	7354164752
GLOBAL	X	2640516	2650515	NA	0	0	0	7521937434
GLOBAL	X	2650516	2660515	6.8946464932646e-05	50	2480	35969937	7369222451
GLOBAL	X	2660516	2670515	NA	0	0	0	7463951484
GLOBAL	X	2670516	2680515	NA	0	0	0	7170929150
GLOBAL	X	2680516	2690515	0.00044015622913011	183	62184	141277110	7362877966
GLOBAL	X	2690516	2700515	NA	0	0	0	7387410030
GLOBAL	X	2700516	2710515	NA	0	0	0	6931253890
GLOBAL	X	2710516	2720515	NA	0	0	0	7392048906
GLOBAL	X	2720516	2730515	NA	0	0	0	7532761478
GLOBAL	X	2730516	2740515	NA	0	0	0	7414470140
GLOBAL	X	2740516	2750515	0.00014455143867045	111	12340	85367535	7118033747
GLOBAL	X	2750516	2760515	0.00015539775110152	1000	119092	766368877	6900920005
GLOBAL	X	2760516	2770515	0.00065631226475683	614	310568	473201579	6661389709
GLOBAL	X	2770516	2780515	0.00028466133821184	201	44000	154569638	7048058498
GLOBAL	X	2780516	2790515	NA	0	0	0	7315507452
GLOBAL	X	2790516	2800515	0	115	0	88275369	7282898595
GLOBAL	X	2800516	2810515	0	60	0	46029499	7438023781
GLOBAL	X	2810516	2820515	0.00032487332494462	289	72056	221797219	7079020459
GLOBAL	X	2820516	2830515	0.00041008725497844	205	64216	156591065	7284166039
GLOBAL	X	2830516	2840515	0.00041295267665764	579	183804	445097006	6672485070
GLOBAL	X	2840516	2850515	0.00029176702581005	262	58676	201105659	6945855965
GLOBAL	X	2850516	2860515	0.00088443551511307	302	205524	232378728	7205285792
GLOBAL	X	2860516	2870515	0.0011600951225635	82	72664	62636243	7442291979
GLOBAL	X	2870516	2880515	1.1812615897788e-05	271	2460	208251925	7002880817
GLOBAL	X	2880516	2890515	9.8172941247082e-05	487	36752	374359773	6556894117
GLOBAL	X	2890516	2900515	0.00026204814016569	569	114452	436759444	6929775644
GLOBAL	X	2900516	2910515	0.00029332491452734	150	33880	115503315	7272679861
GLOBAL	X	2910516	2920515	0.0075581852721315	421	2448232	323917966	6976899712
GLOBAL	X	2920516	2930515	0.0027708625549747	441	933792	337004085	6883406409
GLOBAL	X	2930516	2940515	0.00073057509479848	347	194328	265993190	7109046504
GLOBAL	X	2940516	2950515	0.00059540588664921	286	131368	220636045	7028380851
GLOBAL	X	2950516	2960515	7.04793954539e-05	363	19704	279571070	7019700316
GLOBAL	X	2960516	2970515	0.00015339153689983	21	2484	16193853	7546720319
GLOBAL	X	2970516	2980515	0.00060404534828135	215	99920	165418044	7281524228
GLOBAL	X	2980516	2990515	NA	0	0	0	7462405192
GLOBAL	X	2990516	3000515	0.00018226819977335	245	34268	188008660	7118994186
GLOBAL	X	3000516	3010515	0.0012858333580609	406	401180	311999994	6695795350
GLOBAL	X	3010516	3020515	0.00023263441389554	348	62352	268025693	6571223823
GLOBAL	X	3020516	3030515	0.0015439327956356	278	330416	214009315	6690957611
GLOBAL	X	3030516	3040515	0.00061712811801841	447	212164	343792470	7041298122
GLOBAL	X	3040516	3050515	0.0015338344894821	358	422852	275682939	6642427469
GLOBAL	X	3050516	3060515	0.0021258190954788	208	340276	160068183	7046425683
GLOBAL	X	3060516	3070515	0.0012432427595237	692	662132	532584642	6737307196
GLOBAL	X	3070516	3080515	0.002393597818705	434	799052	333828847	6738137615
GLOBAL	X	3080516	3090515	NA	0	0	0	7463178338
GLOBAL	X	3090516	3100515	0	87	0	66849695	6954089131
GLOBAL	X	3100516	3110515	0.0004680337106854	297	107060	228744207	7126966837
GLOBAL	X	3110516	3120515	0.0010764250440698	436	360688	335079532	6940997474
GLOBAL	X	3120516	3130515	0	40	0	30675691	7168859861
GLOBAL	X	3130516	3140515	0.0001236782793542	154	14616	118177582	7116149540
GLOBAL	X	3140516	3150515	0.003790190319561	199	580288	153102602	6984581270
GLOBAL	X	3150516	3160515	0.0018232531544184	1037	1454572	797789378	6095580358
GLOBAL	X	3160516	3170515	0.0057741978582963	389	1728752	299392581	6826694101
GLOBAL	X	3170516	3180515	0.004042110194158	516	1605920	397297432	7054283716
GLOBAL	X	3180516	3190515	0.0021962657516078	122	206148	93862958	7198450114
GLOBAL	X	3190516	3200515	0.0032870158869866	69	174920	53215441	7150185841
GLOBAL	X	3200516	3210515	0	14	0	10665588	7204332884
GLOBAL	X	3210516	3220515	0.00090389597107465	230	160288	177330141	7285075051
GLOBAL	X	3220516	3230515	1.9170077188053e-05	168	2476	129159626	7054139860
GLOBAL	X	3230516	3240515	0.0074487914471158	134	769212	103266685	7149615941
GLOBAL	X	3240516	3250515	0.007819873298211	318	1917612	245222899	7164608365
GLOBAL	X	3250516	3260515	0.0071843077488365	181	1001360	139381557	6798057501
GLOBAL	X	3260516	3270515	0.0067886064574779	236	1232808	181599568	7063551598
GLOBAL	X	3270516	3280515	0.0080553059017744	474	2935624	364433584	6696708834
GLOBAL	X	3280516	3290515	0.0086296881293112	398	2637164	305592040	6702203304
GLOBAL	X	3290516	3300515	0.0075493847134474	367	2129600	282089214	6791423540
GLOBAL	X	3300516	3310515	0.0059637748300503	270	1238304	207637618	6892935246
GLOBAL	X	3310516	3320515	0.0075356831412856	617	3573868	474259325	6729141957
GLOBAL	X	3320516	3330515	0.0043426278871919	33	110216	25380024	6764388148
GLOBAL	X	3330516	3340515	0.0047432456938934	380	1384880	291968852	6703456156
GLOBAL	X	3340516	3350515	0.0018602242337505	40	57312	30809189	6785245947
GLOBAL	X	3350516	3360515	0.0073801765530729	393	2233728	302665930	7032170172
GLOBAL	X	3360516	3370515	0.010601122564442	410	3336020	314685542	6662957108
GLOBAL	X	3370516	3380515	0.014820904474354	95	1086224	73289994	7219023078
GLOBAL	X	3380516	3390515	0.0083046026452349	163	1041996	125472108	6940309186
GLOBAL	X	3390516	3400515	0.0084998043885619	170	1111732	130795010	6882412356
GLOBAL	X	3400516	3410515	0.011903391353275	343	3141632	263927473	6890765611
GLOBAL	X	3410516	3420515	0.0039677941031888	403	1230336	310080606	7027074934
GLOBAL	X	3420516	3430515	0.0027407192007701	374	788984	287874803	7003665123
GLOBAL	X	3430516	3440515	0.0036253573451704	346	964352	266001916	6938172512
GLOBAL	X	3440516	3450515	0.0059433851620965	304	1386904	233352536	7139367720
GLOBAL	X	3450516	3460515	0.0077306610493366	184	1093780	141485960	7078924534
GLOBAL	X	3460516	3470515	0.013866443183505	482	5121072	369314029	6771462427
GLOBAL	X	3470516	3480515	0.014262251230439	408	4471244	313501980	7066176590
GLOBAL	X	3480516	3490515	0.0028476611437098	82	179160	62914789	7006732235
GLOBAL	X	3490516	3500515	0.0068549429746105	398	2104384	306987820	6913422674
GLOBAL	X	3500516	3510515	0.0047395606336914	47	171168	36114740	7198985528
GLOBAL	X	3510516	3520515	0.0061057974248306	275	1290592	211371572	6941775220
GLOBAL	X	3520516	3530515	0.0044827580578443	218	752504	167866298	7050997904
GLOBAL	X	3530516	3540515	0.00077906117608322	624	373444	479351316	6773531310
GLOBAL	X	3540516	3550515	0.0022754092754144	839	1469740	645923358	6476297594
GLOBAL	X	3550516	3560515	0.0029421471438757	453	1021736	347275629	6892463515
GLOBAL	X	3560516	3570515	0.0023138786082953	473	842420	364072686	6976175438
GLOBAL	X	3570516	3580515	0.0021652910990987	90	150120	69330170	6940784612
GLOBAL	X	3580516	3590515	0.0008013354063635	84	51796	64637104	7036708906
GLOBAL	X	3590516	3600515	0.00059773274752111	64	29424	49226013	7015782135
GLOBAL	X	3600516	3610515	0.0044326315949163	288	983796	221944003	6795129093
GLOBAL	X	3610516	3620515	0.0036536021915692	225	631804	172926325	7127118207
GLOBAL	X	3620516	3630515	0.026229895024916	355	7174712	273531861	6982443349
GLOBAL	X	3630516	3640515	0.017502602253853	194	2549232	145648742	6937141764
GLOBAL	X	3640516	3650515	0.02708252816902	450	9174016	338742969	6808218655
GLOBAL	X	3650516	3660515	0.046827038703393	313	11298588	241283419	6778109115
GLOBAL	X	3660516	3670515	0.059356068088244	183	8370804	141026929	6651060681
GLOBAL	X	3670516	3680515	0.003520756554168	135	364236	103453901	6866457289
GLOBAL	X	3680516	3690515	5.3417025185957e-05	482	19800	370668339	7133486737
GLOBAL	X	3690516	3700515	0	303	0	233472635	7344131311
GLOBAL	X	3700516	3710515	4.3349167928141e-05	148	4948	114142906	7524539574
GLOBAL	X	3710516	3720515	0	121	0	93366924	7059006722
GLOBAL	X	3720516	3730515	1.9150808880748e-05	168	2484	129707315	6747426355
GLOBAL	X	3730516	3740515	0.0013964688789038	326	351004	251351108	7203322624
GLOBAL	X	3740516	3750515	0.0018784969397111	387	559680	297940331	7007516223
GLOBAL	X	3750516	3760515	2.1618928465081e-05	297	4936	228318439	7057809465
GLOBAL	X	3760516	3770515	0.0047049841182788	716	2594836	551507919	6708333021
GLOBAL	X	3770516	3780515	0.0064926480276551	634	3168244	487974088	6776505728
GLOBAL	X	3780516	3790515	NA	0	0	0	7346433292
GLOBAL	X	3790516	3800515	0.009963026052783	496	3785508	379955646	6982713712
GLOBAL	X	3800516	3810515	0.0015429203087926	106	126088	81720358	7217551028
GLOBAL	X	3810516	3820515	4.4387976671205e-05	217	7404	166801926	7264677426
GLOBAL	X	3820516	3830515	5.0661885008448e-05	382	14892	293948794	7052484498
GLOBAL	X	3830516	3840515	0.00091154178747647	21	14784	16218675	7332534055
GLOBAL	X	3840516	3850515	7.1535570960586e-05	930	51160	715168682	6699301458
GLOBAL	X	3850516	3860515	0.00012229459813671	439	41336	338003482	7147596090
GLOBAL	X	3860516	3870515	0	35	0	26983215	7413000743
GLOBAL	X	3870516	3880515	0.0083769707869871	47	301976	36048353	6936182275
GLOBAL	X	3880516	3890515	0.0047556904098614	306	1122648	236064147	6957286237
GLOBAL	X	3890516	3900515	0.016004357063072	587	7229736	451735485	6774087031
GLOBAL	X	3900516	3910515	0.01371977175831	516	5453956	397525272	6569293334
GLOBAL	X	3910516	3920515	0.031181126625012	83	1992272	63893522	6433625462
GLOBAL	X	3920516	3930515	0.0081824211495356	130	813524	99423384	6919969150
GLOBAL	X	3930516	3940515	0.0027422909814391	21	44028	16055189	7194304407
GLOBAL	X	3940516	3950515	0.015999778722777	575	7070996	441943362	6805527242
GLOBAL	X	3950516	3960515	0.0034583295101089	80	212232	61368357	7034565631
GLOBAL	X	3960516	3970515	NA	0	0	0	3554152162
GLOBAL	X	3970516	3980515	0.0082644838707714	147	934000	113013712	7217183514
GLOBAL	X	3980516	3990515	NA	0	0	0	7267572400
GLOBAL	X	3990516	4000515	0.006509995040519	490	2457124	377438690	6959716850
GLOBAL	X	4000516	4010515	NA	0	0	0	7401326658
GLOBAL	X	4010516	4020515	0.0062022024433558	248	1184768	191023755	7171645603
GLOBAL	X	4020516	4030515	0.0064590226270066	531	2644336	409401879	6918475909
GLOBAL	X	4030516	4040515	0.0095337369596805	767	5631356	590676670	6507576756
GLOBAL	X	4040516	4050515	0.0080749955359606	271	1683316	208460301	7124056363
GLOBAL	X	4050516	4060515	0.0057710262722153	302	1340680	232312233	6910783661
GLOBAL	X	4060516	4070515	0.0086530364672898	153	1019160	117780620	7402610522
GLOBAL	X	4070516	4080515	0.0050846538897477	475	1855632	364947554	6887935072
GLOBAL	X	4080516	4090515	0.010001590413414	620	4771468	477070926	6938172360
GLOBAL	X	4090516	4100515	0.015651992300263	590	7111248	454335005	6837204921
GLOBAL	X	4100516	4110515	0.0077368491368875	89	529936	68495067	7005017687
GLOBAL	X	4110516	4120515	0.021199212260069	54	874880	41269458	7003636894
GLOBAL	X	4120516	4130515	NA	0	0	0	2282326992
GLOBAL	X	4130516	4140515	NA	0	0	0	4202821656
GLOBAL	X	4140516	4150515	NA	0	0	0	1274917754
GLOBAL	X	4150516	4160515	NA	0	0	0	1948327920
GLOBAL	X	4160516	4170515	0.015199003451455	99	1148644	75573639	6726564869
GLOBAL	X	4170516	4180515	0.014963093177898	487	5596476	374018656	6713410726
GLOBAL	X	4180516	4190515	0.0033684838859702	133	343464	101963973	7175659325
GLOBAL	X	4190516	4200515	NA	0	0	0	7269118692
GLOBAL	X	4200516	4210515	0.0013539864383758	226	235332	173806763	6987844635
GLOBAL	X	4210516	4220515	4.2149423109562e-05	77	2476	58743390	4869289214
GLOBAL	X	4220516	4230515	0	2	0	1516592	5337829684
GLOBAL	X	4230516	4240515	0.00029712575921824	516	117944	396949764	6801812642
GLOBAL	X	4240516	4250515	NA	0	0	0	7377359132
GLOBAL	X	4250516	4260515	0.00062646059460591	431	207904	331870834	7058631780
GLOBAL	X	4260516	4270515	0.00077537960720369	159	94740	122185313	7163942591
GLOBAL	X	4270516	4280515	0.016683156335638	86	1105960	66292012	7140975000
GLOBAL	X	4280516	4290515	0.014973180956934	510	5876664	392479328	6558103212
GLOBAL	X	4290516	4300515	0.00813012165662	481	3008812	370082039	6922231033
GLOBAL	X	4300516	4310515	0.0061788925767894	373	1768752	286257121	7002190221
GLOBAL	X	4310516	4320515	0.0092098946174449	733	5192900	563839242	6388289590
GLOBAL	X	4320516	4330515	0.0076410450678197	886	5216156	682649553	6825371253
GLOBAL	X	4330516	4340515	0.010117144218107	641	4987468	492971919	6756044977
GLOBAL	X	4340516	4350515	0.0075148112941683	163	941432	125276865	6535375925
GLOBAL	X	4350516	4360515	0.0085073874724024	423	2761696	324623277	6982379569
GLOBAL	X	4360516	4370515	0.0067904977090906	130	679376	100048042	7159019752
GLOBAL	X	4370516	4380515	0.0047588360438392	501	1834708	385537132	6566591700
GLOBAL	X	4380516	4390515	0.0077945233383737	258	1550668	198943275	6956522955
GLOBAL	X	4390516	4400515	0.0097154808004986	192	1438684	148081606	7309684710
GLOBAL	X	4400516	4410515	0.010288550899689	774	6134272	596223128	6965917898
GLOBAL	X	4410516	4420515	0.0069854459713277	302	1613068	230918399	7212158143
GLOBAL	X	4420516	4430515	0.0064365753690897	586	2907400	451699830	6894733462
GLOBAL	X	4430516	4440515	0.0054353194443029	438	1833788	337383666	6835091776
GLOBAL	X	4440516	4450515	0.0063917756382181	437	2153292	336884791	7013414231
GLOBAL	X	4450516	4460515	0.006990406962345	713	3837628	548984919	6645911757
GLOBAL	X	4460516	4470515	0.0064423856305795	155	767968	119205531	7130584511
GLOBAL	X	4470516	4480515	0.0024113375134563	217	403188	167205129	7019960087
GLOBAL	X	4480516	4490515	0.0047586236209524	355	1298484	272869658	6877184550
GLOBAL	X	4490516	4500515	0.0093256428649521	190	1361448	145989721	7219772221
GLOBAL	X	4500516	4510515	0.0069045177716335	257	1359956	196966109	7272397397
GLOBAL	X	4510516	4520515	0.0060909159025519	210	984424	161621670	6995390852
GLOBAL	X	4520516	4530515	0.0060045895046174	614	2831620	471575950	6726413310
GLOBAL	X	4530516	4540515	0.0050114568980642	264	1018616	203257460	6751190810
GLOBAL	X	4540516	4550515	0.00098356484491586	148	111868	113737290	6915706142
GLOBAL	X	4550516	4560515	0.0043532502662323	745	2496504	573480468	6648476318
GLOBAL	X	4560516	4570515	0.0037387811982574	221	636528	170250134	6799661056
GLOBAL	X	4570516	4580515	NA	0	0	0	7102119156
GLOBAL	X	4580516	4590515	0.010685599903283	565	4641156	434337430	6796897108
GLOBAL	X	4590516	4600515	NA	0	0	0	7136910726
GLOBAL	X	4600516	4610515	NA	0	0	0	7356484190
GLOBAL	X	4610516	4620515	NA	0	0	0	7095933988
GLOBAL	X	4620516	4630515	0	8	0	6093575	7228233547
GLOBAL	X	4630516	4640515	0.0033017616707939	356	902160	273235954	6698994674
GLOBAL	X	4640516	4650515	0.006202779502107	203	968060	156068743	6688592795
GLOBAL	X	4650516	4660515	0.0064776327940731	450	2245312	346625391	6870692519
GLOBAL	X	4660516	4670515	0.0066649872171105	239	1224352	183699077	7093924221
GLOBAL	X	4670516	4680515	0.0075061210493685	134	773608	103063619	7233318775
GLOBAL	X	4680516	4690515	0.009510148487639	152	1110368	116756116	7254417848
GLOBAL	X	4690516	4700515	0.0089300769568847	294	2020796	226290995	6948503885
GLOBAL	X	4700516	4710515	0.0050435171330414	175	679464	134720272	6860704736
GLOBAL	X	4710516	4720515	0.0081251244907905	187	1165340	143424264	6896070066
GLOBAL	X	4720516	4730515	0.0025775172254272	121	240228	93201317	7291889275
GLOBAL	X	4730516	4740515	0.0044073371278838	242	821268	186341089	7116022881
GLOBAL	X	4740516	4750515	0.011428666320142	168	1474176	128989329	7226721715
GLOBAL	X	4750516	4760515	0.008702770762398	333	2208952	253821692	7081014410
GLOBAL	X	4760516	4770515	0.0065048307579477	783	3903704	600123838	6515911946
GLOBAL	X	4770516	4780515	0.0068430285201907	351	1840932	269022991	6721763141
GLOBAL	X	4780516	4790515	NA	0	0	0	6821467158
GLOBAL	X	4790516	4800515	0.0026000854990342	135	270564	104059655	7311183631
GLOBAL	X	4800516	4810515	NA	0	0	0	7013980512
GLOBAL	X	4810516	4820515	0.010656543044127	256	2100432	197102568	6858627828
GLOBAL	X	4820516	4830515	0.0057429547713285	371	1639164	285421715	6938081363
GLOBAL	X	4830516	4840515	0	18	0	13852166	6899619366
GLOBAL	X	4840516	4850515	0.0034290032895574	670	1766732	515231935	6740743275
GLOBAL	X	4850516	4860515	0.0024559500837164	642	1211880	493446511	6790361955
GLOBAL	X	4860516	4870515	0.0024332791697989	432	803364	330156938	6862420300
GLOBAL	X	4870516	4880515	NA	0	0	0	7488692156
GLOBAL	X	4880516	4890515	0.0037094840673345	155	441060	118900632	6893533588
GLOBAL	X	4890516	4900515	0.0024211800153364	237	441392	182304495	7215156433
GLOBAL	X	4900516	4910515	0.001688712291438	78	101416	60055227	7357507497
GLOBAL	X	4910516	4920515	NA	0	0	0	7496423616
GLOBAL	X	4920516	4930515	0	4	0	3080171	7198774819
GLOBAL	X	4930516	4940515	0.0020254477051358	170	264728	130700980	6768080778
GLOBAL	X	4940516	4950515	0.0035070898650325	642	1733520	494290157	6703699103
GLOBAL	X	4950516	4960515	0.0035617096624825	486	1327836	372808602	7084957714
GLOBAL	X	4960516	4970515	0.0033993958773988	509	1329468	391089490	6605881810
GLOBAL	X	4970516	4980515	0.0050866033838571	370	1448712	284809310	7019100952
GLOBAL	X	4980516	4990515	0.0035856909844452	625	1727844	481871976	6763279190
GLOBAL	X	4990516	5000515	NA	0	0	0	7333289810
GLOBAL	X	5000516	5010515	0.0037673569498412	461	1338156	355197561	7070869769
GLOBAL	X	5010516	5020515	0.0040015840028663	610	1866008	466317338	6600237102
GLOBAL	X	5020516	5030515	0.0004894485212266	177	66744	136365720	7133526118
GLOBAL	X	5030516	5040515	0	309	0	237902815	6843341399
GLOBAL	X	5040516	5050515	0	136	0	104649631	7404917467
GLOBAL	X	5050516	5060515	NA	0	0	0	7414470140
GLOBAL	X	5060516	5070515	NA	0	0	0	7245924312
GLOBAL	X	5070516	5080515	0.0001268364043326	324	31668	249675952	7055007456
GLOBAL	X	5080516	5090515	9.8419728520788e-05	356	26960	273928819	7087194247
GLOBAL	X	5090516	5100515	1.8241659628562e-05	176	2464	135075429	7226047637
GLOBAL	X	5100516	5110515	0.00029756223301102	569	130256	437743724	6791944522
GLOBAL	X	5110516	5120515	0.00026673787423148	201	41320	154908635	7123487809
GLOBAL	X	5120516	5130515	NA	0	0	0	7281489028
GLOBAL	X	5130516	5140515	0.00064628521894996	304	150852	233413972	6905043046
GLOBAL	X	5140516	5150515	0	166	0	127900890	7280384082
GLOBAL	X	5150516	5160515	0	29	0	22232906	7331158700
GLOBAL	X	5160516	5170515	0.0010867843666577	312	260548	239742131	7045612627
GLOBAL	X	5170516	5180515	0.00047743076406788	759	279256	584914130	6975680604
GLOBAL	X	5180516	5190515	0.00073584997152527	570	322348	438062122	6820232526
GLOBAL	X	5190516	5200515	0.00030327579530518	568	132528	436988385	6818213679
GLOBAL	X	5200516	5210515	0.00011268735624038	447	38784	344173484	6911028580
GLOBAL	X	5210516	5220515	0.00028351718423542	285	62292	219711550	6813597612
GLOBAL	X	5220516	5230515	0.0012576571187639	98	94848	75416422	6852744884
GLOBAL	X	5230516	5240515	0.0053220243326068	683	2782016	522736430	6478873746
GLOBAL	X	5240516	5250515	0.0010662287872783	297	243384	228266206	7153731802
GLOBAL	X	5250516	5260515	0.00098825906465968	320	242964	245850515	7023268177
GLOBAL	X	5260516	5270515	0.00026416150911896	649	131896	499300600	6753582026
GLOBAL	X	5270516	5280515	0.00021632867822205	149	24692	114141131	7121732283
GLOBAL	X	5280516	5290515	0.00044706018129577	388	133440	298483304	7068824930
GLOBAL	X	5290516	5300515	0.00025740169423367	88	17292	67179045	6928245963
GLOBAL	X	5300516	5310515	0.00020152431353617	334	51700	256544727	6857944765
GLOBAL	X	5310516	5320515	0.001059136963209	694	565504	533929057	6721273007
GLOBAL	X	5320516	5330515	0.00038668065294359	744	221520	572875830	6796751842
GLOBAL	X	5330516	5340515	0	54	0	41586094	7594776948
GLOBAL	X	5340516	5350515	0.00054263312997482	201	84048	154889179	6737707411
GLOBAL	X	5350516	5360515	0.00017904522163698	527	72640	405707560	6755170692
GLOBAL	X	5360516	5370515	7.4022486189165e-05	432	24608	332439523	6951368943
GLOBAL	X	5370516	5380515	0	10	0	7726490	7300049502
GLOBAL	X	5380516	5390515	6.6600244167073e-06	481	2468	370569212	7098794294
GLOBAL	X	5390516	5400515	0.00064860616199196	530	263980	406995825	6787900851
GLOBAL	X	5400516	5410515	0.001072641273973	630	520388	485146351	6653310667
GLOBAL	X	5410516	5420515	0.00025166500060465	450	87116	346158583	7137894697
GLOBAL	X	5420516	5430515	0	120	0	92603806	7279343304
GLOBAL	X	5430516	5440515	0.00080794269175376	162	100984	124989063	7382258597
GLOBAL	X	5440516	5450515	0	103	0	79200391	7344547501
GLOBAL	X	5450516	5460515	0.0011785268132865	149	135420	114906168	6889796592
GLOBAL	X	5460516	5470515	NA	0	0	0	6894142882
GLOBAL	X	5470516	5480515	NA	0	0	0	7621673268
GLOBAL	X	5480516	5490515	0	81	0	62359527	7509832397
GLOBAL	X	5490516	5500515	0	153	0	117827631	7172939149
GLOBAL	X	5500516	5510515	0.00024821755182549	546	104328	420308714	6989522550
GLOBAL	X	5510516	5520515	0.0001071451200929	300	24756	231051120	7312534402
GLOBAL	X	5520516	5530515	6.7479448550578e-05	381	19780	293126284	6781932762
GLOBAL	X	5530516	5540515	0.0031275606156096	369	889316	284348126	7123163700
GLOBAL	X	5540516	5550515	0.00074168979112831	1001	570520	769216466	6605823228
GLOBAL	X	5550516	5560515	0.0013192703116619	634	644308	488382096	7076078368
GLOBAL	X	5560516	5570515	0.00029916868011597	281	64836	216720547	7115022971
GLOBAL	X	5570516	5580515	0	29	0	22317004	7415347516
GLOBAL	X	5580516	5590515	0.00011463567855348	443	39008	340278005	6774984633
GLOBAL	X	5590516	5600515	0	181	0	139359228	7018426440
GLOBAL	X	5600516	5610515	0.011296843266679	38	328704	29096978	7545414384
GLOBAL	X	5610516	5620515	0.00021419192169013	269	44272	206693136	7346170138
GLOBAL	X	5620516	5630515	3.5264126958329e-05	456	12384	351178409	7123597119
GLOBAL	X	5630516	5640515	4.8847306831431e-05	395	14852	304049516	7057846696
GLOBAL	X	5640516	5650515	0.00069953813560363	491	264228	377717792	6821817760
GLOBAL	X	5650516	5660515	0.00081462821577506	668	417852	512935830	6663405342
GLOBAL	X	5660516	5670515	0.00099979444302761	819	629336	629465391	6743254865
GLOBAL	X	5670516	5680515	5.9491915090587e-05	540	24736	415787590	6807715488
GLOBAL	X	5680516	5690515	0.00055222902924409	394	167256	302874335	7113142097
GLOBAL	X	5690516	5700515	1.9961631570879e-05	324	4960	248476683	6955697745
GLOBAL	X	5700516	5710515	0.00030487722978635	145	34048	111677740	6494854830
GLOBAL	X	5710516	5720515	0.00094441720629093	398	288996	306004590	6895850400
GLOBAL	X	5720516	5730515	0.00048764583379775	465	174696	358243602	6999786880
GLOBAL	X	5730516	5740515	4.1224640825439e-05	546	17324	420234104	6671834154
GLOBAL	X	5740516	5750515	0.00088784419105461	623	425144	478849785	6796454075
GLOBAL	X	5750516	5760515	0.00049562961523015	70	26664	53798238	7071515298
GLOBAL	X	5760516	5770515	NA	0	0	0	7174794880
GLOBAL	X	5770516	5780515	0.00053055598546458	149	60972	114920954	6899059558
GLOBAL	X	5780516	5790515	6.3186390327423e-05	102	4936	78118088	7206463524
GLOBAL	X	5790516	5800515	0.00055475153703165	323	137092	247123245	6942361409
GLOBAL	X	5800516	5810515	6.191470306249e-05	1026	48828	788633355	6562438813
GLOBAL	X	5810516	5820515	NA	0	0	0	7474002382
GLOBAL	X	5820516	5830515	NA	0	0	0	7610076078
GLOBAL	X	5830516	5840515	2.9489556084951e-05	219	4968	168466422	7463257744
GLOBAL	X	5840516	5850515	0.00044019323829409	372	126048	286346970	7053128008
GLOBAL	X	5850516	5860515	0.0003052057977711	582	136652	447737235	6569335861
GLOBAL	X	5860516	5870515	2.6139917412469e-05	370	7444	284775192	6956510244
GLOBAL	X	5870516	5880515	0.00052406455859919	839	337476	643958830	6775150186
GLOBAL	X	5880516	5890515	0	18	0	13896752	7171722172
GLOBAL	X	5890516	5900515	NA	0	0	0	7511113390
GLOBAL	X	5900516	5910515	NA	0	0	0	7267572400
GLOBAL	X	5910516	5920515	0.00091099386121107	530	365372	401069662	6990979244
GLOBAL	X	5920516	5930515	0.00068913289959675	201	106500	154542034	6958401166
GLOBAL	X	5930516	5940515	0.0001957008370141	514	77180	394377465	6756449889
GLOBAL	X	5940516	5950515	0.00047706595630854	286	104016	218032745	6908827083
GLOBAL	X	5950516	5960515	0.00030070239860495	390	89616	298022232	6627819636
GLOBAL	X	5960516	5970515	NA	0	0	0	4537593874
GLOBAL	X	5970516	5980515	NA	0	0	0	2728432234
GLOBAL	X	5980516	5990515	NA	0	0	0	3945364038
GLOBAL	X	5990516	6000515	NA	0	0	0	4444043208
GLOBAL	X	6000516	6010515	NA	0	0	0	2358868446
GLOBAL	X	6010516	6020515	0.00023220440379591	338	59896	257945151	5464881541
GLOBAL	X	6020516	6030515	0.0010848356316674	598	494624	455943726	6566541392
GLOBAL	X	6030516	6040515	8.5151110510669e-05	226	14760	173338902	6585503430
GLOBAL	X	6040516	6050515	0.00019383704531212	550	81884	422437310	6700556788
GLOBAL	X	6050516	6060515	0.0005564313746413	272	116484	209341179	7022666505
GLOBAL	X	6060516	6070515	2.5890984411357e-05	619	12340	476613782	6439177188
GLOBAL	X	6070516	6080515	0.00034198369595742	414	108992	318705252	7075663092
GLOBAL	X	6080516	6090515	0.0018665705643274	457	655520	351189509	6832109977
GLOBAL	X	6090516	6100515	0	254	0	195362802	6946186800
GLOBAL	X	6100516	6110515	0.00041499040018689	379	120816	291129626	6969484460
GLOBAL	X	6110516	6120515	0.00022238119446853	490	83924	377388026	6745606072
GLOBAL	X	6120516	6130515	0.00037586051650923	416	120232	319884624	7021909792
GLOBAL	X	6130516	6140515	0.001127724895777	484	420064	372488008	6809265186
GLOBAL	X	6140516	6150515	0.00090181677935641	150	104212	115557841	7158199727
GLOBAL	X	6150516	6160515	0.00016313310686279	499	62728	384520354	7236379768
GLOBAL	X	6160516	6170515	1.1616195621673e-05	278	2484	213839374	7270987052
GLOBAL	X	6170516	6180515	1.9781431454253e-05	163	2480	125370098	7009221190
GLOBAL	X	6180516	6190515	0	93	0	71466786	6992768216
GLOBAL	X	6190516	6200515	0	36	0	27583023	7227619041
GLOBAL	X	6200516	6210515	0	39	0	30088192	7425358686
GLOBAL	X	6210516	6220515	0.0032550818820366	327	818944	251589370	6903103714
GLOBAL	X	6220516	6230515	0.00014758292878209	321	36476	247155957	6762958825
GLOBAL	X	6230516	6240515	0.00015280254792989	309	36316	237666194	6999753512
GLOBAL	X	6240516	6250515	0.00070431864586744	422	228228	324040832	7014661000
GLOBAL	X	6250516	6260515	0.00021720051114348	161	26884	123775031	6968293227
GLOBAL	X	6260516	6270515	0	29	0	22334447	7428473555
GLOBAL	X	6270516	6280515	0.00010429252033389	62	4960	47558540	7195273188
GLOBAL	X	6280516	6290515	0.00025484533385383	483	94676	371503761	6780096739
GLOBAL	X	6290516	6300515	0	353	0	271491293	7062571663
GLOBAL	X	6300516	6310515	0.0015890479452282	45	55108	34679885	7388294861
GLOBAL	X	6310516	6320515	0.000131106573459	640	64552	492362803	6816959481
GLOBAL	X	6320516	6330515	0.0013919646453051	391	417916	300234637	7166809431
GLOBAL	X	6330516	6340515	0	90	0	69327801	7301846163
GLOBAL	X	6340516	6350515	9.422645641038e-05	477	34536	366521265	7015476743
GLOBAL	X	6350516	6360515	0.00063505511786021	100	48880	76969697	7238537755
GLOBAL	X	6360516	6370515	0.0010612556008196	216	175168	165057315	6932422965
GLOBAL	X	6370516	6380515	2.2554808835564e-05	285	4944	219199375	7073113697
GLOBAL	X	6380516	6390515	0.00030519945932388	309	72436	237339870	7078167582
GLOBAL	X	6390516	6400515	0.0014616404439423	519	583756	399384132	6875146582
GLOBAL	X	6400516	6410515	9.345924772605e-05	648	46580	498399047	6739020659
GLOBAL	X	6410516	6420515	4.5021430037577e-05	72	2484	55173725	6853658931
GLOBAL	X	6420516	6430515	1.3099926934629e-05	246	2480	189314033	7067434323
GLOBAL	X	6430516	6440515	0.00015019265840448	598	68976	459250144	6969136624
GLOBAL	X	6440516	6450515	0.00021345839887936	587	95880	449174174	6949833046
GLOBAL	X	6450516	6460515	0.00063790818055585	639	312452	489807169	6928528701
GLOBAL	X	6460516	6470515	0	21	0	16107146	7353520526
GLOBAL	X	6470516	6480515	NA	0	0	0	5572063222
GLOBAL	X	6480516	6490515	NA	0	0	0	1629018622
GLOBAL	X	6490516	6500515	NA	0	0	0	1967656570
GLOBAL	X	6500516	6510515	NA	0	0	0	3078667372
GLOBAL	X	6510516	6520515	NA	0	0	0	4436311748
GLOBAL	X	6520516	6530515	0	74	0	56386095	5876736309
GLOBAL	X	6530516	6540515	0	80	0	60959171	6631392605
GLOBAL	X	6540516	6550515	0.0017013235187384	340	445144	261645710	7087880166
GLOBAL	X	6550516	6560515	0.00026133827432019	37	7428	28422932	7198172730
GLOBAL	X	6560516	6570515	0.00013849867736412	619	65892	475759056	6613216618
GLOBAL	X	6570516	6580515	1.8731054439596e-05	517	7436	396987795	6616219571
GLOBAL	X	6580516	6590515	1.9630812299909e-05	163	2464	125516966	7232513516
GLOBAL	X	6590516	6600515	1.759209666545e-05	183	2480	140972395	7251849657
GLOBAL	X	6600516	6610515	0.0001025441492446	249	19656	191683291	7255258981
GLOBAL	X	6610516	6620515	0.0019511346167857	253	378936	194213150	7330043722
GLOBAL	X	6620516	6630515	0.00082647408333313	109	69428	84005054	7234594982
GLOBAL	X	6630516	6640515	8.2592717219014e-05	193	12280	148681390	7045442140
GLOBAL	X	6640516	6650515	1.6907831775173e-05	191	2480	146677589	6728136643
GLOBAL	X	6650516	6660515	3.1862931206842e-05	605	14824	465242821	6938403275
GLOBAL	X	6660516	6670515	0.00020098258430578	332	51364	255564432	7186738964
GLOBAL	X	6670516	6680515	0.00040185533498666	349	108092	268982369	7235172707
GLOBAL	X	6680516	6690515	0.0063154745282053	44	213824	33857155	6752818433
GLOBAL	X	6690516	6700515	0	225	0	173132705	7049597227
GLOBAL	X	6700516	6710515	0.00042856734290622	362	119296	278359987	7135337007
GLOBAL	X	6710516	6720515	0.00027790009683528	517	110576	397898386	6839521320
GLOBAL	X	6720516	6730515	0	179	0	137409948	7104648634
GLOBAL	X	6730516	6740515	0.00057438978277653	405	178896	311454008	7199659382
GLOBAL	X	6740516	6750515	0	167	0	128486128	7193206492
GLOBAL	X	6750516	6760515	2.5056330014498e-05	257	4960	197953970	7096678540
GLOBAL	X	6760516	6770515	NA	0	0	0	7160105106
GLOBAL	X	6770516	6780515	0	79	0	60828093	7147985211
GLOBAL	X	6780516	6790515	0.00029920453726448	401	92332	308591577	7072633285
GLOBAL	X	6790516	6800515	1.363590963004e-05	237	2484	182166065	7235396659
GLOBAL	X	6800516	6810515	0.0014841384247956	324	370528	249658653	6823854101
GLOBAL	X	6810516	6820515	0.00011080866044132	375	31940	288244618	6867994758
GLOBAL	X	6820516	6830515	0.00020073361744407	779	120388	599740101	6611392641
GLOBAL	X	6830516	6840515	2.8280362414409e-05	680	14820	524038546	6984755406
GLOBAL	X	6840516	6850515	0.00062347880815218	316	151952	243716383	6780315027
GLOBAL	X	6850516	6860515	0.00024939430653429	413	79252	317777904	6887942816
GLOBAL	X	6860516	6870515	0.002692681134284	29	59500	22096935	7445720279
GLOBAL	X	6870516	6880515	0	83	0	63808712	7470499058
GLOBAL	X	6880516	6890515	0	50	0	38322921	7408619351
GLOBAL	X	6890516	6900515	0.00056394081243054	605	263128	466587972	7055349462
GLOBAL	X	6900516	6910515	6.962332847928e-05	596	31920	458467021	6792096167
GLOBAL	X	6910516	6920515	NA	0	0	0	7316280598
GLOBAL	X	6920516	6930515	0	43	0	33044501	7161852175
GLOBAL	X	6930516	6940515	0.001027823678799	331	262236	255137146	6847755156
GLOBAL	X	6940516	6950515	NA	0	0	0	7223503078
GLOBAL	X	6950516	6960515	0.00017847452088458	1199	164400	921139887	6426839697
GLOBAL	X	6960516	6970515	0.000592817327662	889	405416	683880145	6640905059
GLOBAL	X	6970516	6980515	0.00040091437326633	405	122736	306140184	7022510750
GLOBAL	X	6980516	6990515	0.0017745705955913	295	402132	226608060	7237343424
GLOBAL	X	6990516	7000515	NA	0	0	0	7323238912
GLOBAL	X	7000516	7010515	0	53	0	40768538	7258502848
GLOBAL	X	7010516	7020515	0.0001457172818282	673	75448	517769746	7059834200
GLOBAL	X	7020516	7030515	0.00012979851403248	219	21876	168538139	7117589765
GLOBAL	X	7030516	7040515	0.00098666618949913	147	111328	112832487	6299640437
GLOBAL	X	7040516	7050515	0	162	0	124508677	7257489331
GLOBAL	X	7050516	7060515	0.0012568451290802	382	368612	293283549	6971196267
GLOBAL	X	7060516	7070515	NA	0	0	0	7424521038
GLOBAL	X	7070516	7080515	0.00023172504661025	465	83104	358631927	6943732043
GLOBAL	X	7080516	7090515	0.00012534089531651	407	39308	313608738	7101634548
GLOBAL	X	7090516	7100515	0.00016561779079761	565	71996	434711752	6927184460
GLOBAL	X	7100516	7110515	0.000344142004841	300	79668	231497460	7027570334
GLOBAL	X	7110516	7120515	2.1279919114376e-05	303	4968	233459534	7238223410
GLOBAL	X	7120516	7130515	0	137	0	105150295	7330967933
GLOBAL	X	7130516	7140515	0	50	0	38597672	7458599090
GLOBAL	X	7140516	7150515	6.8300600444384e-05	471	24756	362456550	5953373124
GLOBAL	X	7150516	7160515	0.0013101710417219	173	173412	132358291	6410776307
GLOBAL	X	7160516	7170515	9.3443408213642e-05	69	4968	53165869	6972411833
GLOBAL	X	7170516	7180515	0.00020598514318862	392	61984	300914906	6713838752
GLOBAL	X	7180516	7190515	0.00016122837848893	639	79268	491650420	6976166794
GLOBAL	X	7190516	7200515	0	2	0	1546292	7431479352
GLOBAL	X	7200516	7210515	5.9150856016329e-05	327	14856	251154438	7036519758
GLOBAL	X	7210516	7220515	0.0023736589517374	295	540084	227532266	7196215626
GLOBAL	X	7220516	7230515	0.0042321789237778	107	346672	81913361	7089788935
GLOBAL	X	7230516	7240515	0.00069909929080515	112	59872	85641626	7094565276
GLOBAL	X	7240516	7250515	0.0043753441729592	334	1125640	257268904	7112358768
GLOBAL	X	7250516	7260515	0.0058128710217521	579	2562188	440778402	6730150748
GLOBAL	X	7260516	7270515	0.0055091461654508	458	1942968	352680423	6728563791
GLOBAL	X	7270516	7280515	0.0073764141818488	426	2416636	327616636	6905164194
GLOBAL	X	7280516	7290515	0.0068556680061852	410	2160344	315117943	6650154371
GLOBAL	X	7290516	7300515	0.006305925417313	672	3261032	517137737	6763578145
GLOBAL	X	7300516	7310515	0.006140426728076	489	2313720	376801174	6913192460
GLOBAL	X	7310516	7320515	0.0066422499186696	739	3774764	568295991	6775044717
GLOBAL	X	7320516	7330515	0.0056936254263119	235	1031520	181171033	7162169675
GLOBAL	X	7330516	7340515	0.0054643714138809	299	1258936	230389903	6951363291
GLOBAL	X	7340516	7350515	0.00011243977735493	171	14776	131412569	7308571389
GLOBAL	X	7350516	7360515	0.00019902246170767	161	24636	123785023	7064153339
GLOBAL	X	7360516	7370515	8.0022097360283e-05	362	22284	278473081	6723137095
GLOBAL	X	7370516	7380515	0	366	0	278737645	7073880815
GLOBAL	X	7380516	7390515	8.3491043214396e-05	648	41548	497634218	6919155360
GLOBAL	X	7390516	7400515	0.00012946534547807	934	92780	716639651	6738807227
GLOBAL	X	7400516	7410515	0	43	0	33076786	7113884838
GLOBAL	X	7410516	7420515	4.0122998705418e-05	80	2476	61710243	7092209695
GLOBAL	X	7420516	7430515	1.3419094332337e-05	240	2480	184811280	6897206080
GLOBAL	X	7430516	7440515	3.5637621884107e-05	90	2460	69028175	6873822905
GLOBAL	X	7440516	7450515	5.4375869952735e-05	178	7332	134839222	7060830600
GLOBAL	X	7450516	7460515	0.0018533608843337	258	368176	198653162	6806822744
GLOBAL	X	7460516	7470515	0.00023727216458148	199	36364	153258601	6838300677
GLOBAL	X	7470516	7480515	0.00030398282393507	497	116264	382468978	6874279378
GLOBAL	X	7480516	7490515	0	41	0	31495824	7265456124
GLOBAL	X	7490516	7500515	0.00016184279324808	514	63948	395124174	6919610132
GLOBAL	X	7500516	7510515	3.5509385832689e-05	181	4952	139456087	6909315995
GLOBAL	X	7510516	7520515	0	10	0	7709123	7472478427
GLOBAL	X	7520516	7530515	0.00025591515786151	314	61776	241392501	7065610345
GLOBAL	X	7530516	7540515	0.00014336460881934	244	26964	188079891	7162219131
GLOBAL	X	7540516	7550515	1.0950887595534e-05	294	2476	226100394	6856690112
GLOBAL	X	7550516	7560515	NA	0	0	0	7140776456
GLOBAL	X	7560516	7570515	0.0012028056488868	117	108092	89866555	7086474617
GLOBAL	X	7570516	7580515	0.00013255656089904	515	51772	390565353	6767220315
GLOBAL	X	7580516	7590515	0.00027110388882971	340	69880	257760965	7060839071
GLOBAL	X	7590516	7600515	0	138	0	106003021	7203319263
GLOBAL	X	7600516	7610515	0	68	0	52353171	7188159119
GLOBAL	X	7610516	7620515	NA	0	0	0	7159331960
GLOBAL	X	7620516	7630515	5.471809414407e-05	59	2480	45323216	7168128964
GLOBAL	X	7630516	7640515	4.6603352614946e-05	615	22068	473528164	6947900290
GLOBAL	X	7640516	7650515	0.00063012773789568	228	110916	176021453	6995680843
GLOBAL	X	7650516	7660515	0	393	0	302736302	7138020802
GLOBAL	X	7660516	7670515	0.00065034455998572	78	39032	60017416	7391563732
GLOBAL	X	7670516	7680515	0	78	0	60052402	7372973242
GLOBAL	X	7680516	7690515	0.00028038627453873	489	105032	374597509	7042192069
GLOBAL	X	7690516	7700515	NA	0	0	0	6509116174
GLOBAL	X	7700516	7710515	NA	0	0	0	3311384318
GLOBAL	X	7710516	7720515	0.00022339966242029	476	81624	365372083	6240387341
GLOBAL	X	7720516	7730515	0.0001668627452958	250	32096	192349706	7207430660
GLOBAL	X	7730516	7740515	3.9509498548738e-05	570	17348	439084287	7001672817
GLOBAL	X	7740516	7750515	0.00036305850054615	557	155724	428922611	7202028409
GLOBAL	X	7750516	7760515	0.0034565158780818	18	48000	13886816	7078181442
GLOBAL	X	7760516	7770515	6.5119388756904e-05	389	19436	298467175	6845401865
GLOBAL	X	7770516	7780515	0.0021242214954724	145	237364	111741643	7375404221
GLOBAL	X	7780516	7790515	9.3033451995704e-05	207	14840	159512516	7321448180
GLOBAL	X	7790516	7800515	NA	0	0	0	7222729932
GLOBAL	X	7800516	7810515	0.00054795715975457	148	62264	113629321	6843138387
GLOBAL	X	7810516	7820515	0.00041209114334287	159	50400	122303041	6416965827
GLOBAL	X	7820516	7830515	0.00076429661496432	211	123904	162115071	6033103827
GLOBAL	X	7830516	7840515	3.2970160949137e-05	196	4968	150681703	7068955645
GLOBAL	X	7840516	7850515	0.00021164406599375	340	55352	261533437	7091085023
GLOBAL	X	7850516	7860515	0	223	0	167972707	7199335527
GLOBAL	X	7860516	7870515	8.6751870972879e-06	371	2480	285872797	6996389377
GLOBAL	X	7870516	7880515	0.00052524316222455	335	135704	258364144	7125180156
GLOBAL	X	7880516	7890515	0.00025094449601005	163	31512	125573585	7258743861
GLOBAL	X	7890516	7900515	6.1999552514108e-05	104	4964	80065094	7268687636
GLOBAL	X	7900516	7910515	0.00021106191952789	302	49116	232708961	7039502315
GLOBAL	X	7910516	7920515	0.00038773173806783	199	59404	153209021	7044780239
GLOBAL	X	7920516	7930515	0	92	0	70943177	7053597213
GLOBAL	X	7930516	7940515	0.00043461513258952	59	19752	45447106	7290162142
GLOBAL	X	7940516	7950515	0.00043606932075137	415	139096	318976808	6768452574
GLOBAL	X	7950516	7960515	0.00014949085413953	477	54924	367407092	7080308326
GLOBAL	X	7960516	7970515	0.00027356646048153	150	31564	115379641	7390321727
GLOBAL	X	7970516	7980515	2.9289613364993e-05	1095	24668	842209820	6774824572
GLOBAL	X	7980516	7990515	7.6785732173953e-06	839	4964	646474268	6938087992
GLOBAL	X	7990516	8000515	0.00013337656009184	264	27164	203663972	7279616162
GLOBAL	X	8000516	8010515	0.00031449890703768	527	127616	405775655	6944523367
GLOBAL	X	8010516	8020515	0.00083480242690452	491	315124	377483330	6888542778
GLOBAL	X	8020516	8030515	1.817186735252e-05	177	2480	136474692	7357629486
GLOBAL	X	8030516	8040515	0	427	0	328427436	6682460492
GLOBAL	X	8040516	8050515	0.00027111623313695	282	58876	217161471	6973096329
GLOBAL	X	8050516	8060515	1.8727828148797e-05	344	4960	264846514	6855055000
GLOBAL	X	8060516	8070515	4.4722713584309e-05	575	19796	442638615	6798646821
GLOBAL	X	8070516	8080515	5.6269292950196e-05	399	17308	307592278	6746591826
GLOBAL	X	8080516	8090515	0.00021351428667916	357	58660	274735714	6978920058
GLOBAL	X	8090516	8100515	0	122	0	94078213	7225294969
GLOBAL	X	8100516	8110515	0.00017175168586907	277	36628	213261371	7323365837
GLOBAL	X	8110516	8120515	0.00024900204795798	302	57900	232528208	7129368004
GLOBAL	X	8120516	8130515	0.00035628399746184	236	64852	182023331	6964938293
GLOBAL	X	8130516	8140515	0.0022971507499505	53	93104	40530209	6990459515
GLOBAL	X	8140516	8150515	0.0082897200681228	974	6208200	748903455	6803186673
GLOBAL	X	8150516	8160515	0.012966662822042	1342	13404464	1033763597	6618835511
GLOBAL	X	8160516	8170515	0.011402807369025	918	8063600	707159188	6667880506
GLOBAL	X	8170516	8180515	0.0060702501454566	422	1972648	324969804	6924047092
GLOBAL	X	8180516	8190515	0.0047439759287986	101	368800	77740698	7007369246
GLOBAL	X	8190516	8200515	5.7114320660977e-05	338	14836	259759721	6793651237
GLOBAL	X	8200516	8210515	2.9592343312354e-05	109	2484	83940632	6507129018
GLOBAL	X	8210516	8220515	1.5221546825482e-05	422	4940	324539947	6604394505
GLOBAL	X	8220516	8230515	NA	0	0	0	7310868576
GLOBAL	X	8230516	8240515	0	8	0	6170266	7249804944
GLOBAL	X	8240516	8250515	0.00031051827437503	252	60100	193547385	7036914007
GLOBAL	X	8250516	8260515	0.0018796978015593	326	471408	250789249	6619386107
GLOBAL	X	8260516	8270515	0.0004266029475765	221	72528	170012890	6826185264
GLOBAL	X	8270516	8280515	0.0038131483072372	772	2263536	593613418	6183784418
GLOBAL	X	8280516	8290515	0.0047836481139062	187	687452	143708731	7364312075
GLOBAL	X	8290516	8300515	0.0020897552601136	129	206136	98641216	7056825014
GLOBAL	X	8300516	8310515	0.0032414384078113	490	1221484	376833938	6894604192
GLOBAL	X	8310516	8320515	0.0033749489443011	227	588220	174290044	7155134036
GLOBAL	X	8320516	8330515	0.0024570662232368	177	334768	136247040	7240338946
GLOBAL	X	8330516	8340515	0.0035952570241505	250	691412	192312259	7023459359
GLOBAL	X	8340516	8350515	0.0041344619189507	499	1586368	383693944	6832077674
GLOBAL	X	8350516	8360515	0.0024838581948897	146	278880	112276941	6821296387
GLOBAL	X	8360516	8370515	0.0056848971580266	477	2082788	366372151	6885737329
GLOBAL	X	8370516	8380515	NA	0	0	0	7304683408
GLOBAL	X	8380516	8390515	0.0039803840284018	327	1002068	251751588	7199056414
GLOBAL	X	8390516	8400515	0.0076852784849079	341	2016320	262361345	7048507231
GLOBAL	X	8400516	8410515	0.0065364733864657	536	2690476	411609723	6931730985
GLOBAL	X	8410516	8420515	0.0036334395287978	194	540256	148689966	6999044804
GLOBAL	X	8420516	8430515	NA	0	0	0	7320919474
GLOBAL	X	8430516	8440515	0.0015763248977784	227	275292	174641662	7206583200
GLOBAL	X	8440516	8450515	0.0020590063108264	366	580044	281710647	6753144807
GLOBAL	X	8450516	8460515	0.0090764317993819	349	2439736	268799023	6910634733
GLOBAL	X	8460516	8470515	0.0066984529044171	189	974624	145499866	6896313902
GLOBAL	X	8470516	8480515	0.0075111037076674	786	4542352	604751602	6879301678
GLOBAL	X	8480516	8490515	0.0020581928854611	537	851432	413679401	6867036481
GLOBAL	X	8490516	8500515	7.1340232362737e-05	225	12352	173142133	7335651819
GLOBAL	X	8500516	8510515	0.0017538420641879	461	622120	354718371	6942233577
GLOBAL	X	8510516	8520515	0.0027920453126857	605	1301208	466041147	6974715957
GLOBAL	X	8520516	8530515	0.002748391298118	369	779576	283648111	6799915541
GLOBAL	X	8530516	8540515	0.0017405237169161	355	475112	272970713	7019342359
GLOBAL	X	8540516	8550515	0.0007837959193461	196	118356	151003593	7038481061
GLOBAL	X	8550516	8560515	5.2187762472426e-05	369	14824	284051266	7109543932
GLOBAL	X	8560516	8570515	2.6372956018146e-05	245	4960	188071447	7199338583
GLOBAL	X	8570516	8580515	1.1364167057428e-05	284	2484	218581792	7011106454
GLOBAL	X	8580516	8590515	0.00037954328846307	197	57408	151255474	7141057598
GLOBAL	X	8590516	8600515	0.00069349591639627	595	316700	456671759	7003413995
GLOBAL	X	8600516	8610515	0.00032796325240946	549	138316	421742372	7198384604
GLOBAL	X	8610516	8620515	0.00026797251425597	878	181244	676352948	6851769654
GLOBAL	X	8620516	8630515	0.00064267242051393	1258	622916	969258957	6538761849
GLOBAL	X	8630516	8640515	0.0036624045420698	959	2705132	738621845	6670436273
GLOBAL	X	8640516	8650515	0.0020419254976847	256	401736	196743711	6592251315
GLOBAL	X	8650516	8660515	0.0057648666600997	723	3210224	556860061	6495004605
GLOBAL	X	8660516	8670515	0.0031745636409448	440	1075004	338630477	6567882741
GLOBAL	X	8670516	8680515	0.0016137653732926	422	523904	324646946	6841643328
GLOBAL	X	8680516	8690515	0.0057550293156421	363	1606364	279123513	7016282143
GLOBAL	X	8690516	8700515	9.2781492163436e-06	347	2480	267294688	7006462880
GLOBAL	X	8700516	8710515	0.00046773999856769	1016	365732	781913031	6314020957
GLOBAL	X	8710516	8720515	0	84	0	64295702	7125962098
GLOBAL	X	8720516	8730515	0.00035447604313364	152	41464	116972644	7226368064
GLOBAL	X	8730516	8740515	NA	0	0	0	7093614550
GLOBAL	X	8740516	8750515	0.00044619396834288	441	151156	338767466	6876231006
GLOBAL	X	8750516	8760515	7.199575234367e-05	670	37136	515808208	6879333282
GLOBAL	X	8760516	8770515	0.0021706079529019	215	358728	165266141	7120088617
GLOBAL	X	8770516	8780515	0.0010844859081536	184	151432	139634825	7348284185
GLOBAL	X	8780516	8790515	0.00033866483620632	563	146856	433632265	6714102505
GLOBAL	X	8790516	8800515	NA	0	0	0	6998517592
GLOBAL	X	8800516	8810515	NA	0	0	0	7219637348
GLOBAL	X	8810516	8820515	NA	0	0	0	7390502614
GLOBAL	X	8820516	8830515	0.0010644098460898	258	211652	198844459	7183153549
GLOBAL	X	8830516	8840515	0.0021427507321956	205	337576	157543290	6535581632
GLOBAL	X	8840516	8850515	0.0013307415040111	626	640760	481505986	6753594282
GLOBAL	X	8850516	8860515	0.0012802804533325	37	36532	28534373	7244450049
GLOBAL	X	8860516	8870515	0.003231025766985	202	502628	155562981	7219476713
GLOBAL	X	8870516	8880515	0.0048463449682576	221	824784	170186812	7150732662
GLOBAL	X	8880516	8890515	0.00020572856851066	348	55108	267867513	7204588577
GLOBAL	X	8890516	8900515	0.00020839665563141	485	77860	373614441	6692939999
GLOBAL	X	8900516	8910515	0.00032607586278509	346	86664	265778642	6968548480
GLOBAL	X	8910516	8920515	0	2	0	1538841	7051872117
GLOBAL	X	8920516	8930515	0.00049086434243596	403	151900	309454134	6919460966
GLOBAL	X	8930516	8940515	0.0011279618557096	430	372904	330599832	6905273582
GLOBAL	X	8940516	8950515	0.002194515087418	452	761860	347165533	6903397655
GLOBAL	X	8950516	8960515	0.00019718816044119	49	7440	37730460	7075985886
GLOBAL	X	8960516	8970515	0.0039261618040817	440	1327452	338104252	6755510298
GLOBAL	X	8970516	8980515	0.0061218358364693	255	1197144	195553104	6688538880
GLOBAL	X	8980516	8990515	0.0046428401390454	422	1501076	323309861	6801230529
GLOBAL	X	8990516	9000515	0.0020199888619059	103	160564	79487567	7218237527
GLOBAL	X	9000516	9010515	0.00094796279768589	193	140588	148305398	7143234528
GLOBAL	X	9010516	9020515	NA	0	0	0	5742928488
GLOBAL	X	9020516	9030515	0.00041895076018909	224	71848	171495094	6969281362
GLOBAL	X	9030516	9040515	2.7154018895392e-05	475	9920	365323455	7018220845
GLOBAL	X	9040516	9050515	0.0038838576889789	478	1429900	368164880	6842194716
GLOBAL	X	9050516	9060515	0.00070879377436087	58	31668	44678722	7181916940
GLOBAL	X	9060516	9070515	0.0030822119683502	526	1244700	403833355	6829720621
GLOBAL	X	9070516	9080515	0.0053134405597467	345	1405040	264431301	6966030091
GLOBAL	X	9080516	9090515	0.0020635891732548	202	319456	154806007	6913294725
GLOBAL	X	9090516	9100515	0.00023952427381343	278	51216	213823840	6695781962
GLOBAL	X	9100516	9110515	0.00067864874110659	504	262640	387004328	6692693594
GLOBAL	X	9110516	9120515	0.00026549852150174	308	62992	237259325	6960729935
GLOBAL	X	9120516	9130515	0.00013649493928744	443	46396	339910038	6784630352
GLOBAL	X	9130516	9140515	0.00016047049635653	318	39264	244680492	6996604944
GLOBAL	X	9140516	9150515	0.00011775618443017	645	58456	496415541	6908003701
GLOBAL	X	9150516	9160515	0	99	0	76155274	7039880510
GLOBAL	X	9160516	9170515	NA	0	0	0	7589201136
GLOBAL	X	9170516	9180515	0.00022342782376708	591	101552	454518145	6944489075
GLOBAL	X	9180516	9190515	7.7792088429558e-05	165	9872	126902365	7041707347
GLOBAL	X	9190516	9200515	0.0011513534042024	105	93096	80857884	7288769788
GLOBAL	X	9200516	9210515	0.00015534365974096	144	17244	111005496	7338256214
GLOBAL	X	9210516	9220515	0.00028227769971807	277	60044	212712517	6979864721
GLOBAL	X	9220516	9230515	2.9008364475479e-05	111	2484	85630474	7472644822
GLOBAL	X	9230516	9240515	1.5471603242519e-05	418	4968	321104408	7012958548
GLOBAL	X	9240516	9250515	0	153	0	117958812	6681087112
GLOBAL	X	9250516	9260515	3.427901864711e-05	282	7448	217275765	5512509241
GLOBAL	X	9260516	9270515	1.4540954619173e-05	222	2484	170827849	7013244783
GLOBAL	X	9270516	9280515	4.0206645400083e-05	481	14876	369988589	6540390359
GLOBAL	X	9280516	9290515	NA	0	0	0	7160105106
GLOBAL	X	9290516	9300515	NA	0	0	0	6982281526
GLOBAL	X	9300516	9310515	NA	0	0	0	7293086218
GLOBAL	X	9310516	9320515	NA	0	0	0	7361896212
GLOBAL	X	9320516	9330515	0.00018076619264719	719	100152	554041652	6827183210
GLOBAL	X	9330516	9340515	0.001008823299329	464	359912	356764163	6948692391
GLOBAL	X	9340516	9350515	3.123453314795e-05	516	12388	396612299	7027908739
GLOBAL	X	9350516	9360515	0.00010210432366153	560	43876	429717356	6953053798
GLOBAL	X	9360516	9370515	NA	0	0	0	7031762870
GLOBAL	X	9370516	9380515	0.00066482317936507	502	254964	383506484	6869376142
GLOBAL	X	9380516	9390515	1.0588692873693e-05	305	2484	234589862	7317500266
GLOBAL	X	9390516	9400515	1.887637453481e-05	171	2484	131593066	7507862560
GLOBAL	X	9400516	9410515	2.8289374068363e-05	340	7412	262006504	7167926556
GLOBAL	X	9410516	9420515	0.00012524429570808	432	41684	332821545	7119532749
GLOBAL	X	9420516	9430515	0.00052185291314321	375	150532	288456759	6692278475
GLOBAL	X	9430516	9440515	0.00030758237758896	526	124276	404041353	6998058451
GLOBAL	X	9440516	9450515	0.00014311088189882	646	71056	496510112	6389901310
GLOBAL	X	9450516	9460515	1.4908358552172e-05	649	7448	499585516	6754843402
GLOBAL	X	9460516	9470515	0.0001506737833749	415	48160	319630920	7001288554
GLOBAL	X	9470516	9480515	0.00021078964182247	558	90052	427212643	7087766477
GLOBAL	X	9480516	9490515	0.00018075813393113	141	19552	108166640	7206567666
GLOBAL	X	9490516	9500515	2.2866789326601e-05	561	9876	431892727	7001906063
GLOBAL	X	9500516	9510515	0	225	0	172803020	6953283662
GLOBAL	X	9510516	9520515	0.00042072409755937	142	45896	109088118	7177812932
GLOBAL	X	9520516	9530515	3.6053687616237e-05	89	2472	68564415	7045151931
GLOBAL	X	9530516	9540515	NA	0	0	0	7474002382
GLOBAL	X	9540516	9550515	NA	0	0	0	7488692156
GLOBAL	X	9550516	9560515	5.9938992813899e-05	214	9896	165101206	7249368934
GLOBAL	X	9560516	9570515	0.00033576502014145	590	152512	454222420	6808711104
GLOBAL	X	9570516	9580515	NA	0	0	0	7221183640
GLOBAL	X	9580516	9590515	0.0017389034832839	227	302416	173911895	7075878147
GLOBAL	X	9590516	9600515	6.3136174526761e-05	253	12260	194183447	7054833449
GLOBAL	X	9600516	9610515	8.4173785005726e-05	420	27176	322855863	6955540581
GLOBAL	X	9610516	9620515	0.00024640421780128	643	121928	494829192	6927372408
GLOBAL	X	9620516	9630515	0	192	0	147758671	7350984383
GLOBAL	X	9630516	9640515	5.3959049983785e-05	357	14836	274949244	7075349778
GLOBAL	X	9640516	9650515	9.9164254551171e-05	641	48924	493363261	6898685645
GLOBAL	X	9650516	9660515	3.0399385975104e-05	316	7404	243557551	7025561141
GLOBAL	X	9660516	9670515	1.7283974351919e-05	561	7444	430687980	6499792764
GLOBAL	X	9670516	9680515	0.00065545136424453	440	221380	337751986	6957653670
GLOBAL	X	9680516	9690515	0.00088377566089452	609	414624	469150734	7075207934
GLOBAL	X	9690516	9700515	3.3802481794569e-05	191	4960	146734788	7056666494
GLOBAL	X	9700516	9710515	7.6057945848824e-05	338	19808	260433013	7017190285
GLOBAL	X	9710516	9720515	7.892132811506e-05	323	19632	248754050	7094586658
GLOBAL	X	9720516	9730515	0.00034336984167468	112	29524	85983090	6888566976
GLOBAL	X	9730516	9740515	0.00091075081932868	539	378408	415490156	6599263502
GLOBAL	X	9740516	9750515	3.446092298697e-05	187	4952	143698995	7058929141
GLOBAL	X	9750516	9760515	0.00052020262170039	1045	418148	803817556	6528699108
GLOBAL	X	9760516	9770515	0.00023534642413351	626	113236	481146040	6499589194
GLOBAL	X	9770516	9780515	0.00026030411293996	256	51300	197077178	7150902406
GLOBAL	X	9780516	9790515	0	287	0	221123848	6754199364
GLOBAL	X	9790516	9800515	0.00011751201382656	352	31844	270985059	7307392033
GLOBAL	X	9800516	9810515	0.00010764444500939	239	19816	184087530	6159575400
GLOBAL	X	9810516	9820515	4.758799786444e-05	134	4904	103051194	6372819702
GLOBAL	X	9820516	9830515	0.00027994938436721	342	73692	263233299	6875223719
GLOBAL	X	9830516	9840515	NA	0	0	0	7542812376
GLOBAL	X	9840516	9850515	0.00010981194602981	346	29280	266637657	7315605165
GLOBAL	X	9850516	9860515	0.0001538223101918	396	46884	304793238	7098852858
GLOBAL	X	9860516	9870515	8.2706805538569e-05	349	22236	268853329	6872696273
GLOBAL	X	9870516	9880515	7.8546577171633e-05	41	2484	31624548	6837004516
GLOBAL	X	9880516	9890515	0	112	0	86294740	7397758540
GLOBAL	X	9890516	9900515	0.00025690679199125	185	36516	142137153	7154814795
GLOBAL	X	9900516	9910515	0.00036592695710693	404	113508	310193053	6958925639
GLOBAL	X	9910516	9920515	0.00029406736007736	119	26960	91679675	7020490379
GLOBAL	X	9920516	9930515	3.4320334665469e-05	281	7416	216081809	6480908843
GLOBAL	X	9930516	9940515	4.5662238260573e-05	277	9744	213392956	7232003024
GLOBAL	X	9940516	9950515	1.0845029201365e-05	295	2460	226832031	7239438891
GLOBAL	X	9950516	9960515	0	179	0	138080280	7168922566
GLOBAL	X	9960516	9970515	0.00027357786675588	683	143760	525481106	6834868814
GLOBAL	X	9970516	9980515	0.001063379993	446	365960	344147908	7068002794
GLOBAL	X	9980516	9990515	5.9119896087677e-05	327	14868	251488940	7248027260
GLOBAL	X	9990516	10000515	3.9492966366388e-05	163	4960	125591984	7335266916
GLOBAL	X	10000516	10010515	2.7713684401581e-05	350	7444	268603766	6839700558
GLOBAL	X	10010516	10020515	0.0001449670896427	466	51416	354673603	6555705345
GLOBAL	X	10020516	10030515	NA	0	0	0	5944719594
GLOBAL	X	10030516	10040515	NA	0	0	0	5564331762
GLOBAL	X	10040516	10050515	NA	0	0	0	7341021270
GLOBAL	X	10050516	10060515	NA	0	0	0	7481733842
GLOBAL	X	10060516	10070515	NA	0	0	0	7177114318
GLOBAL	X	10070516	10080515	0.00023047051869198	410	72680	315354868	7110712462
GLOBAL	X	10080516	10090515	0	170	0	131176640	6970169370
GLOBAL	X	10090516	10100515	1.3157078064662e-05	245	2484	188795718	6945795570
GLOBAL	X	10100516	10110515	1.6619794252567e-05	195	2484	149460334	7015283648
GLOBAL	X	10110516	10120515	5.5532007116488e-05	811	34680	624504710	6789965430
GLOBAL	X	10120516	10130515	6.5952134319803e-05	585	29720	450629844	7121562080
GLOBAL	X	10130516	10140515	0.00018061519104962	699	97132	537784222	6606857964
GLOBAL	X	10140516	10150515	0	29	0	22275251	7372866239
GLOBAL	X	10150516	10160515	0.00026895095164832	503	104044	386851206	6974271860
GLOBAL	X	10160516	10170515	0.00027951095296263	206	43856	156902617	7314007181
GLOBAL	X	10170516	10180515	0.0011470839897166	436	384032	334789783	7062671145
GLOBAL	X	10180516	10190515	1.0843573391001e-05	297	2484	229075777	7177662903
GLOBAL	X	10190516	10200515	0.00062158111074398	142	67984	109372693	7387824069
GLOBAL	X	10200516	10210515	0.00075187981520968	185	107252	142645138	7225436242
GLOBAL	X	10210516	10220515	0.00022926788826875	84	14784	64483518	7425754930
GLOBAL	X	10220516	10230515	0	100	0	76972906	7424089586
GLOBAL	X	10230516	10240515	0.0013871183647768	384	410168	295697909	7253299635
GLOBAL	X	10240516	10250515	6.373634272108e-05	353	17336	271995525	7029595299
GLOBAL	X	10250516	10260515	0.00091439594060158	422	297080	324892081	6831347295
GLOBAL	X	10260516	10270515	0	97	0	74346276	6905615812
GLOBAL	X	10270516	10280515	0	193	0	148889714	6892924054
GLOBAL	X	10280516	10290515	0.00042064943028495	388	125532	298424272	7167073504
GLOBAL	X	10290516	10300515	7.0769607488386e-05	856	46676	659548663	6706986425
GLOBAL	X	10300516	10310515	8.1468043276555e-05	785	49196	603868683	6677620345
GLOBAL	X	10310516	10320515	0.0008974515085015	625	432112	481487853	6778353087
GLOBAL	X	10320516	10330515	6.3983442916022e-05	306	14872	232435132	7010396596
GLOBAL	X	10330516	10340515	0.0010379061932916	450	358952	345842430	6816582114
GLOBAL	X	10340516	10350515	0	169	0	129895545	7122213935
GLOBAL	X	10350516	10360515	NA	0	0	0	7603890910
GLOBAL	X	10360516	10370515	0.0010518702248844	256	207308	197085149	7081311295
GLOBAL	X	10370516	10380515	0.00037549767581808	248	71768	191127681	6554571169
GLOBAL	X	10380516	10390515	2.7953355468276e-05	576	12392	443309928	6722207200
GLOBAL	X	10390516	10400515	0	78	0	60173891	6864121685
GLOBAL	X	10400516	10410515	0	40	0	30806832	7431598360
GLOBAL	X	10410516	10420515	1.6284793610466e-05	198	2484	152534939	6747019965
GLOBAL	X	10420516	10430515	NA	0	0	0	7386636884
GLOBAL	X	10430516	10440515	0.0007582487584464	556	324052	427368982	6650782648
GLOBAL	X	10440516	10450515	0.00060867334549374	516	241344	396508245	6826221687
GLOBAL	X	10450516	10460515	0.00025597062025993	525	103196	403155643	6866736195
GLOBAL	X	10460516	10470515	0	3	0	2309510	7326341424
GLOBAL	X	10470516	10480515	0.0016106678300766	357	441868	274338378	6741961572
GLOBAL	X	10480516	10490515	0	51	0	39133202	7488216254
GLOBAL	X	10490516	10500515	NA	0	0	0	7593066866
GLOBAL	X	10500516	10510515	0.00040747190539507	101	31664	77708425	7296558123
GLOBAL	X	10510516	10520515	0.00017417207127677	444	59412	341110946	6699156530
GLOBAL	X	10520516	10530515	0.00029928659305221	329	75728	253028374	7035418968
GLOBAL	X	10530516	10540515	0.00035568662021357	178	48680	136862050	7354149544
GLOBAL	X	10540516	10550515	0.00054480437218994	58	24240	44493035	7462754625
GLOBAL	X	10550516	10560515	9.1462170098248e-05	106	7432	81257639	7168532403
GLOBAL	X	10560516	10570515	0.00069730127795487	166	88160	126430286	6981874038
GLOBAL	X	10570516	10580515	0	22	0	16633588	5768044784
GLOBAL	X	10580516	10590515	NA	0	0	0	2360414738
GLOBAL	X	10590516	10600515	NA	0	0	0	2810385710
GLOBAL	X	10600516	10610515	NA	0	0	0	2451645966
GLOBAL	X	10610516	10620515	NA	0	0	0	2542104048
GLOBAL	X	10620516	10630515	0.00014258472532278	431	46256	324410626	5396096628
GLOBAL	X	10630516	10640515	0.00095493477954215	513	372568	390150205	6500126947
GLOBAL	X	10640516	10650515	0	47	0	36156809	6830925963
GLOBAL	X	10650516	10660515	0.00077845716164233	353	210612	270550533	7115313205
GLOBAL	X	10660516	10670515	0.00033890808219548	703	183352	541008048	6909799954
GLOBAL	X	10670516	10680515	3.4815590269951e-05	185	4968	142694694	7471247114
GLOBAL	X	10680516	10690515	0.00019297328861469	515	76500	396427923	6823209425
GLOBAL	X	10690516	10700515	0.00087182102096975	226	151276	173517266	7014421096
GLOBAL	X	10700516	10710515	0.00028672109859453	154	34048	118749545	7449576649
GLOBAL	X	10710516	10720515	0.00040515439486384	385	119904	295946438	7119296848
GLOBAL	X	10720516	10730515	0.00063378208119709	108	52608	83006449	6926335187
GLOBAL	X	10730516	10740515	NA	0	0	0	7232780830
GLOBAL	X	10740516	10750515	0.00076279226137458	101	59200	77609597	7264957965
GLOBAL	X	10750516	10760515	NA	0	0	0	6618902906
GLOBAL	X	10760516	10770515	NA	0	0	0	7228915100
GLOBAL	X	10770516	10780515	NA	0	0	0	7407511826
GLOBAL	X	10780516	10790515	NA	0	0	0	7062688710
GLOBAL	X	10790516	10800515	0.00020468560035186	201	31668	154715329	7408971989
GLOBAL	X	10800516	10810515	NA	0	0	0	7402872950
GLOBAL	X	10810516	10820515	0	231	0	177808748	6850861538
GLOBAL	X	10820516	10830515	0.0001830431156275	191	26884	146872500	7290792020
GLOBAL	X	10830516	10840515	0.00035189707611359	213	57748	164104802	7430508356
GLOBAL	X	10840516	10850515	0.00035609032403886	752	206092	578763269	6840345747
GLOBAL	X	10850516	10860515	0.00030198433685701	105	24480	81063807	7332633187
GLOBAL	X	10860516	10870515	0.0016272264489382	411	515736	316941751	7222778041
GLOBAL	X	10870516	10880515	0.0011826447717928	367	334396	282752698	6969356782
GLOBAL	X	10880516	10890515	NA	0	0	0	6921976138
GLOBAL	X	10890516	10900515	NA	0	0	0	7266026108
GLOBAL	X	10900516	10910515	0.002705446433222	124	258720	95629319	7362910143
GLOBAL	X	10910516	10920515	0.00093914090297205	299	216580	230615022	6753985942
GLOBAL	X	10920516	10930515	0.00017391116507984	708	94356	542552860	6917532894
GLOBAL	X	10930516	10940515	0.002553451535288	237	465440	182278768	7384501134
GLOBAL	X	10940516	10950515	0.0001423200659974	404	44196	310539485	6846473037
GLOBAL	X	10950516	10960515	0.00014038030893345	475	51352	365806290	7026242616
GLOBAL	X	10960516	10970515	0.00014781926881434	258	29324	198377385	7242379719
GLOBAL	X	10970516	10980515	0.0011986149938203	221	204088	170269854	7305278820
GLOBAL	X	10980516	10990515	0.00091271098433529	186	130644	143138411	7265146561
GLOBAL	X	10990516	11000515	0	8	0	6182683	7229690731
GLOBAL	X	11000516	11010515	0.00061451176618787	116	54832	89228560	6923205660
GLOBAL	X	11010516	11020515	0.00036086913219717	338	93860	260094288	7081700128
GLOBAL	X	11020516	11030515	0.00094272634927844	575	417604	442974783	7092106133
GLOBAL	X	11030516	11040515	0.00015741594401732	403	48904	310667387	7010252087
GLOBAL	X	11040516	11050515	NA	0	0	0	7082790506
GLOBAL	X	11050516	11060515	0.0016883732593553	353	458880	271788242	7134177292
GLOBAL	X	11060516	11070515	4.2395849562816e-05	531	17324	408624905	6859720641
GLOBAL	X	11070516	11080515	1.8517865761954e-05	348	4964	268065449	6934562687
GLOBAL	X	11080516	11090515	0.0019856318672348	244	373064	187881755	7281481751
GLOBAL	X	11090516	11100515	NA	0	0	0	6918883554
GLOBAL	X	11100516	11110515	0.00050731258542995	671	261380	515224750	6731472708
GLOBAL	X	11110516	11120515	0.0002946513413683	330	74824	253940809	7053062037
GLOBAL	X	11120516	11130515	NA	0	0	0	7348752730
GLOBAL	X	11130516	11140515	0.00049604546824474	323	123348	248662689	7260904409
GLOBAL	X	11140516	11150515	0.00090551689429199	377	262380	289757156	6953847718
GLOBAL	X	11150516	11160515	0.0039087017014362	87	261568	66919407	7426411625
GLOBAL	X	11160516	11170515	0.00070529853256204	221	119812	169874166	7272429230
GLOBAL	X	11170516	11180515	0.00010848509104954	296	24736	228012898	7058115006
GLOBAL	X	11180516	11190515	2.0247856423265e-05	159	2484	122679653	7322716327
GLOBAL	X	11190516	11200515	0.015306965503103	23	271700	17750089	7408317241
GLOBAL	X	11200516	11210515	0	181	0	139077130	7171018300
GLOBAL	X	11210516	11220515	0	27	0	20760888	7466384976
GLOBAL	X	11220516	11230515	0.00054004472497198	433	179876	333076117	7013357175
GLOBAL	X	11230516	11240515	0.00098243554941737	134	101404	103216949	7341405885
GLOBAL	X	11240516	11250515	5.1644536033347e-05	498	19832	384009646	6919900616
GLOBAL	X	11250516	11260515	0.00083861544503302	629	406140	484298259	6379691929
GLOBAL	X	11260516	11270515	0.00028912710583402	227	50644	175161716	7392391332
GLOBAL	X	11270516	11280515	0.0046958089538878	125	452644	96393189	7388433237
GLOBAL	X	11280516	11290515	0.000354913775259	116	31564	88934277	7227346321
GLOBAL	X	11290516	11300515	0.0010585202860913	442	360620	340683126	6924569836
GLOBAL	X	11300516	11310515	0.0001416104068441	204	22236	157022358	7201008124
GLOBAL	X	11310516	11320515	8.425176596292e-05	265	17032	202156000	7391684012
GLOBAL	X	11320516	11330515	0.00068025566992597	194	101200	148767595	7303586699
GLOBAL	X	11330516	11340515	NA	0	0	0	7525803164
GLOBAL	X	11340516	11350515	8.7040828044667e-05	37	2480	28492376	7268459572
GLOBAL	X	11350516	11360515	0.00032547407941222	212	52920	162593593	7372487323
GLOBAL	X	11360516	11370515	0.00010987513213775	405	34232	311553664	6877157844
GLOBAL	X	11370516	11380515	8.7315110835425e-05	368	24728	283204130	7203168588
GLOBAL	X	11380516	11390515	4.7380386938182e-05	475	17280	364707870	6906730260
GLOBAL	X	11390516	11400515	1.4264722050134e-05	226	2476	173575061	7087812171
GLOBAL	X	11400516	11410515	0.0008419002461122	92	59500	70673456	7315963428
GLOBAL	X	11410516	11420515	0.00049097427806761	110	41140	83792577	7227075999
GLOBAL	X	11420516	11430515	NA	0	0	0	7491784740
GLOBAL	X	11430516	11440515	NA	0	0	0	5906835440
GLOBAL	X	11440516	11450515	NA	0	0	0	4765671944
GLOBAL	X	11450516	11460515	NA	0	0	0	5952451054
GLOBAL	X	11460516	11470515	NA	0	0	0	6332065740
GLOBAL	X	11470516	11480515	0.00031274894709494	203	48952	156521710	7411031338
GLOBAL	X	11480516	11490515	4.5163715004908e-05	214	7436	164645446	7011695726
GLOBAL	X	11490516	11500515	8.5430463155449e-05	334	21920	256582947	7017174621
GLOBAL	X	11500516	11510515	0.00054986413225495	147	62184	113089755	7393384759
GLOBAL	X	11510516	11520515	5.4712484391916e-05	588	24760	452547536	7044649226
GLOBAL	X	11520516	11530515	0	37	0	28435381	7362840379
GLOBAL	X	11530516	11540515	0.0016270261144644	100	124496	76517518	7242855664
GLOBAL	X	11540516	11550515	NA	0	0	0	7154693084
GLOBAL	X	11550516	11560515	NA	0	0	0	7266026108
GLOBAL	X	11560516	11570515	NA	0	0	0	6779717274
GLOBAL	X	11570516	11580515	1.624644555045e-05	199	2484	152894982	7206681792
GLOBAL	X	11580516	11590515	0	11	0	8484738	7479434272
GLOBAL	X	11590516	11600515	0	149	0	114542093	7393478713
GLOBAL	X	11600516	11610515	0	95	0	73129117	7203721035
GLOBAL	X	11610516	11620515	5.6713260078172e-05	114	4960	87457501	7054865247
GLOBAL	X	11620516	11630515	3.1403708013084e-05	206	4960	157943132	7114268144
GLOBAL	X	11630516	11640515	0.00033980039830744	429	111656	328592905	7050312519
GLOBAL	X	11640516	11650515	NA	0	0	0	7500289346
GLOBAL	X	11650516	11660515	0	26	0	19914100	7357445032
GLOBAL	X	11660516	11670515	3.3950852110593e-05	379	9888	291244531	7216776275
GLOBAL	X	11670516	11680515	NA	0	0	0	5130596856
GLOBAL	X	11680516	11690515	0.00014026344418619	365	38880	277192680	6675709298
GLOBAL	X	11690516	11700515	0.00012357610459938	130	12340	99857493	7168488053
GLOBAL	X	11700516	11710515	0.00011947854037017	531	48760	408106760	6581906226
GLOBAL	X	11710516	11720515	0.00017976401072572	231	31984	177922154	7391950332
GLOBAL	X	11720516	11730515	NA	0	0	0	7586881698
GLOBAL	X	11730516	11740515	0.00036332020289463	462	129196	355598172	7058098822
GLOBAL	X	11740516	11750515	3.1844137942334e-05	101	2480	77879326	7412359122
GLOBAL	X	11750516	11760515	0	24	0	18523219	7398266359
GLOBAL	X	11760516	11770515	0.00037303783195897	110	31668	84892194	7464105350
GLOBAL	X	11770516	11780515	0.00040601579271215	109	34048	83858807	7521578395
GLOBAL	X	11780516	11790515	0	55	0	42446007	7445473003
GLOBAL	X	11790516	11800515	1.866347139553e-05	173	2464	132022599	7304095629
GLOBAL	X	11800516	11810515	NA	0	0	0	7402099804
GLOBAL	X	11810516	11820515	0.00010639796475893	540	44296	416323753	7134220083
GLOBAL	X	11820516	11830515	3.0629169668755e-05	210	4964	162067730	7339767908
GLOBAL	X	11830516	11840515	0.00013257427503517	266	27176	204986978	7243501586
GLOBAL	X	11840516	11850515	0.00029481602510806	638	144940	491628635	7019484755
GLOBAL	X	11850516	11860515	NA	0	0	0	7584562260
GLOBAL	X	11860516	11870515	NA	0	0	0	7388183176
GLOBAL	X	11870516	11880515	NA	0	0	0	7426067330
GLOBAL	X	11880516	11890515	NA	0	0	0	7313188014
GLOBAL	X	11890516	11900515	NA	0	0	0	7508793952
GLOBAL	X	11900516	11910515	NA	0	0	0	6532310554
GLOBAL	X	11910516	11920515	NA	0	0	0	7262933524
GLOBAL	X	11920516	11930515	NA	0	0	0	6441852472
GLOBAL	X	11930516	11940515	NA	0	0	0	7424521038
GLOBAL	X	11940516	11950515	NA	0	0	0	7377359132
GLOBAL	X	11950516	11960515	0.00039994082460643	27	6864	17162539	7328497607
GLOBAL	X	11960516	11970515	0.011489902735982	116	1022780	89015549	7122117193
GLOBAL	X	11970516	11980515	NA	0	0	0	7170929150
GLOBAL	X	11980516	11990515	0.0067247956147088	55	283244	42119347	7111027445
GLOBAL	X	11990516	12000515	0.007101574431609	230	1253884	176564227	7258780855
GLOBAL	X	12000516	12010515	NA	0	0	0	7177114318
GLOBAL	X	12010516	12020515	NA	0	0	0	7337155540
GLOBAL	X	12020516	12030515	NA	0	0	0	7469363506
GLOBAL	X	12030516	12040515	0.00052611131230769	660	267520	508485550	7030461096
GLOBAL	X	12040516	12050515	0.00035708351045176	651	178960	501171280	6986747730
GLOBAL	X	12050516	12060515	0.0014715497942426	336	380396	258500257	6988970347
GLOBAL	X	12060516	12070515	0	411	0	316751086	6813974472
GLOBAL	X	12070516	12080515	0.00024575219032561	338	63704	259220477	7025361135
GLOBAL	X	12080516	12090515	0.00058675986396094	254	114788	195630286	7237395358
GLOBAL	X	12090516	12100515	0.00011177112836733	143	12244	109545284	6927629608
GLOBAL	X	12100516	12110515	0.0001723018701842	570	75516	438277309	6913568005
GLOBAL	X	12110516	12120515	0.00086540899991013	572	380464	439634901	6927673333
GLOBAL	X	12120516	12130515	0.00073122428838152	398	223720	305952638	7190470978
GLOBAL	X	12130516	12140515	0.00011731201536597	219	19712	168030529	7138199171
GLOBAL	X	12140516	12150515	NA	0	0	0	7324785204
GLOBAL	X	12150516	12160515	NA	0	0	0	7304683408
GLOBAL	X	12160516	12170515	1.7449056933001e-05	185	2480	142128025	7132402689
GLOBAL	X	12170516	12180515	0.00023944236337839	594	109564	457579847	7099922303
GLOBAL	X	12180516	12190515	0.00055043538312682	669	283888	515751728	7102828956
GLOBAL	X	12190516	12200515	0.00039398358111761	540	163308	414504583	7164645655
GLOBAL	X	12200516	12210515	0.0001901038149248	421	61444	323212872	7148470072
GLOBAL	X	12210516	12220515	NA	0	0	0	7522710580
GLOBAL	X	12220516	12230515	0.0017675650980957	86	115900	65570428	7301737806
GLOBAL	X	12230516	12240515	0.00012998350168653	463	46376	356783741	7074695611
GLOBAL	X	12240516	12250515	8.933764923957e-05	287	19756	221138570	6926596200
GLOBAL	X	12250516	12260515	0.00016324938605033	177	22228	136159777	6974463985
GLOBAL	X	12260516	12270515	0.00054003395775397	512	211936	392449395	7022793891
GLOBAL	X	12270516	12280515	4.2928171962762e-05	669	22132	515558874	6798402286
GLOBAL	X	12280516	12290515	0.014779145879445	118	1340216	90682913	7074834215
GLOBAL	X	12290516	12300515	0.030493635831591	518	12160096	398774881	6692520231
GLOBAL	X	12300516	12310515	0.017687692133311	338	4539752	256661636	6700879218
GLOBAL	X	12310516	12320515	0.010695933006437	590	4710216	440374486	6957086442
GLOBAL	X	12320516	12330515	0.0098682402043758	479	3639436	368802940	6983815520
GLOBAL	X	12330516	12340515	0.013540659014863	378	3935760	290662367	6724091291
GLOBAL	X	12340516	12350515	0.019890752485073	398	6051824	304253145	6736014331
GLOBAL	X	12350516	12360515	NA	0	0	0	7081244214
GLOBAL	X	12360516	12370515	0.011251102054225	46	395492	35151401	6654107791
GLOBAL	X	12370516	12380515	0.01191217528605	185	1691016	141956944	6997273220
GLOBAL	X	12380516	12390515	NA	0	0	0	6846207830
GLOBAL	X	12390516	12400515	NA	0	0	0	6821467158
GLOBAL	X	12400516	12410515	NA	0	0	0	6959860292
GLOBAL	X	12410516	12420515	NA	0	0	0	7032536016
GLOBAL	X	12420516	12430515	NA	0	0	0	6907286364
GLOBAL	X	12430516	12440515	0.030893837337324	245	5717496	185069143	6972716525
GLOBAL	X	12440516	12450515	NA	0	0	0	7086656236
GLOBAL	X	12450516	12460515	NA	0	0	0	6516847634
GLOBAL	X	12460516	12470515	0.0093204882822966	139	999104	107194384	6987966458
GLOBAL	X	12470516	12480515	0.0072689159824402	63	352632	48512323	7185814799
GLOBAL	X	12480516	12490515	0.0057879044010642	383	1710052	295452703	7106647101
GLOBAL	X	12490516	12500515	0.00091349641030443	483	340028	372226969	6698966347
GLOBAL	X	12500516	12510515	0.00083736084817543	91	58592	69972223	7188322425
GLOBAL	X	12510516	12520515	0	30	0	23159622	7499550958
GLOBAL	X	12520516	12530515	0	69	0	53000306	7486719486
GLOBAL	X	12530516	12540515	NA	0	0	0	7365761942
GLOBAL	X	12540516	12550515	0.0043996908683156	552	1864976	423887963	6811985451
GLOBAL	X	12550516	12560515	NA	0	0	0	6835383786
GLOBAL	X	12560516	12570515	0.030110532736425	119	2755984	91528902	7138932490
GLOBAL	X	12570516	12580515	0.038612279980414	472	14028036	363305042	6969984768
GLOBAL	X	12580516	12590515	0.012993628524578	367	3669744	282426421	7087974397
GLOBAL	X	12590516	12600515	0	69	0	52950730	7209982794
GLOBAL	X	12600516	12610515	NA	0	0	0	5936988134
GLOBAL	X	12610516	12620515	0.011904824496437	553	5069688	425851553	6836308825
GLOBAL	X	12620516	12630515	NA	0	0	0	7468590360
GLOBAL	X	12630516	12640515	9.3252465489373e-05	69	4944	53017365	7378461987
GLOBAL	X	12640516	12650515	0.0019538177752044	389	584932	299378994	7155294738
GLOBAL	X	12650516	12660515	0.0056341186288403	486	2104228	373479534	6912648370
GLOBAL	X	12660516	12670515	0	183	0	140945420	7136677878
GLOBAL	X	12670516	12680515	0.00035665122811324	291	79920	224084466	7367436108
GLOBAL	X	12680516	12690515	0.00019790979175876	236	35940	181597887	6932891605
GLOBAL	X	12690516	12700515	7.591660160029e-05	127	7416	97686143	7380181969
GLOBAL	X	12700516	12710515	0.00011630787301918	330	29616	254634525	7158289323
GLOBAL	X	12710516	12720515	0.00011907592043663	452	41376	347475794	6910818854
GLOBAL	X	12720516	12730515	2.3186709557592e-05	140	2480	106957824	7060105596
GLOBAL	X	12730516	12740515	9.35406485534e-05	277	19712	210731915	7206830809
GLOBAL	X	12740516	12750515	NA	0	0	0	7192577238
GLOBAL	X	12750516	12760515	9.0937830784198e-05	378	26300	289208570	6809818002
GLOBAL	X	12760516	12770515	NA	0	0	0	7110623762
GLOBAL	X	12770516	12780515	0.0010187489356113	370	288584	283272934	6715244658
GLOBAL	X	12780516	12790515	0.00073147217293115	777	436480	596714429	6660807073
GLOBAL	X	12790516	12800515	0.00050395372125107	614	237932	472130654	6629215356
GLOBAL	X	12800516	12810515	0.00011310428001158	311	27076	239389703	7050603931
GLOBAL	X	12810516	12820515	0.00051726027797184	464	182564	352944171	6964882719
GLOBAL	X	12820516	12830515	0.00061960448735937	562	267928	432417785	6992876399
GLOBAL	X	12830516	12840515	0.0012293798937309	795	749548	609695997	6838019421
GLOBAL	X	12840516	12850515	0.00048766251157195	413	154880	317596691	6785295611
GLOBAL	X	12850516	12860515	NA	0	0	0	6795953340
GLOBAL	X	12860516	12870515	NA	0	0	0	7493331032
GLOBAL	X	12870516	12880515	0.007205551423328	192	1060352	147157648	7000577122
GLOBAL	X	12880516	12890515	0.0042348042955123	387	1261484	297884840	7062465080
GLOBAL	X	12890516	12900515	0	64	0	49270899	7093824995
GLOBAL	X	12900516	12910515	0.0001125709731981	170	14712	130690884	7137654662
GLOBAL	X	12910516	12920515	0.00012173497481105	314	29400	241508244	6917050570
GLOBAL	X	12920516	12930515	0.0012256420492515	303	284956	232495287	6902096001
GLOBAL	X	12930516	12940515	0.0061145189287972	187	876232	143303506	7032264520
GLOBAL	X	12940516	12950515	0.00074233097726244	525	299780	403836037	7045425673
GLOBAL	X	12950516	12960515	0.00015092267783689	553	61492	407440425	5838032963
GLOBAL	X	12960516	12970515	0.00076410560957748	172	76784	100488727	5108195875
GLOBAL	X	12970516	12980515	2.1378543113147e-05	151	2480	116004163	7347174175
GLOBAL	X	12980516	12990515	0.00029430751222537	404	91260	310083828	7075006764
GLOBAL	X	12990516	13000515	0.00012518366141988	525	50564	403918526	7015190490
GLOBAL	X	13000516	13010515	0.00015597385327623	551	66016	423250427	6866743207
GLOBAL	X	13010516	13020515	0	52	0	39940890	6995687710
GLOBAL	X	13020516	13030515	0	9	0	6908706	6828475080
GLOBAL	X	13030516	13040515	0.0042804356782767	134	441168	103066144	6906275492
GLOBAL	X	13040516	13050515	0.014273319377175	475	5217100	365514136	6632230310
GLOBAL	X	13050516	13060515	0.034845305248081	539	14332572	411320030	6561683744
GLOBAL	X	13060516	13070515	0.030492611985382	644	15080616	494566225	6488488447
GLOBAL	X	13070516	13080515	0.025780872923965	515	10144044	393471704	6754263066
GLOBAL	X	13080516	13090515	0.0047191164819662	297	1077436	228313076	6843653386
GLOBAL	X	13090516	13100515	0.013915281897664	278	2970632	213479829	6799727537
GLOBAL	X	13100516	13110515	0.013722907562214	152	1599196	116534779	6605969691
GLOBAL	X	13110516	13120515	0.016730569816086	625	8040676	480597857	6766099601
GLOBAL	X	13120516	13130515	NA	0	0	0	7284581612
GLOBAL	X	13130516	13140515	0.0099954323555248	46	354616	35477805	6936752823
GLOBAL	X	13140516	13150515	0.013680767530042	420	4419660	323056436	6671595426
GLOBAL	X	13150516	13160515	0.016837947452464	427	5530120	328431955	6562618343
GLOBAL	X	13160516	13170515	0.018842334682623	602	8725276	463067669	6714819795
GLOBAL	X	13170516	13180515	0.013405348941225	295	3032628	226225219	6795486753
GLOBAL	X	13180516	13190515	0.016541554666813	690	8761300	529653964	6593340134
GLOBAL	X	13190516	13200515	0.020706321473323	395	6297656	304141709	6728394307
GLOBAL	X	13200516	13210515	0.026699966235255	186	3811960	142770218	7135626226
GLOBAL	X	13210516	13220515	0.0096054144999565	545	4027728	419318500	6855212214
GLOBAL	X	13220516	13230515	0.009292152444658	362	2585188	278211966	7004823354
GLOBAL	X	13230516	13240515	0.006368785310658	245	1200192	188449122	6955419918
GLOBAL	X	13240516	13250515	0.0056670181849544	300	1309752	231118369	6735700237
GLOBAL	X	13250516	13260515	0.010486585126428	669	5399028	514850920	6636749580
GLOBAL	X	13260516	13270515	0.0084349381998485	789	5120012	607000535	6505942665
GLOBAL	X	13270516	13280515	0.0088370920761899	382	2568700	290672540	6647539664
GLOBAL	X	13280516	13290515	0.0061427385230827	705	3335420	542985834	6655776572
GLOBAL	X	13290516	13300515	0.00047865076568335	565	207832	434203839	6773836319
GLOBAL	X	13300516	13310515	0.032695057028214	603	15140576	463084557	6577956065
GLOBAL	X	13310516	13320515	0.019207692675137	971	14331824	746150214	6539204544
GLOBAL	X	13320516	13330515	0.0073168089388335	254	1428916	195292239	6766114345
GLOBAL	X	13330516	13340515	0.0066580311682707	644	3295408	494952324	6675203680
GLOBAL	X	13340516	13350515	0.0080150849437238	778	4804712	599458650	6494155900
GLOBAL	X	13350516	13360515	0.0017326988398157	174	232032	133913635	7242672351
GLOBAL	X	13360516	13370515	0.00013154398451697	838	84888	645320273	6649312237
GLOBAL	X	13370516	13380515	0.00018376362800933	383	54176	294813509	6991314395
GLOBAL	X	13380516	13390515	0.0025595268490308	411	807300	315409858	6597288528
GLOBAL	X	13390516	13400515	0.012085435710242	106	986156	81598713	7008150107
GLOBAL	X	13400516	13410515	NA	0	0	0	7083563652
GLOBAL	X	13410516	13420515	0.0044838490105491	78	268844	59958308	6838050304
GLOBAL	X	13420516	13430515	0.0048246949989557	128	476280	98717121	6889749573
GLOBAL	X	13430516	13440515	0.0029516266304894	110	250116	84738360	7055264950
GLOBAL	X	13440516	13450515	NA	0	0	0	7117582076
GLOBAL	X	13450516	13460515	0.0075431275290224	27	156284	20718727	7103821663
GLOBAL	X	13460516	13470515	NA	0	0	0	6419431238
GLOBAL	X	13470516	13480515	NA	0	0	0	7275303860
GLOBAL	X	13480516	13490515	0.012718849529013	123	1199700	94324569	7002382565
GLOBAL	X	13490516	13500515	0.0026257425167867	316	629504	239743233	7272143303
GLOBAL	X	13500516	13510515	0.00040294518703077	481	148188	367762179	6757551357
GLOBAL	X	13510516	13520515	0.00027781029711728	255	54492	196148237	7093072251
GLOBAL	X	13520516	13530515	NA	0	0	0	7606983494
GLOBAL	X	13530516	13540515	0.00047880321880763	521	191644	400256290	6983288010
GLOBAL	X	13540516	13550515	0.0041948485622048	211	677484	161503804	6608162572
GLOBAL	X	13550516	13560515	0.035322092716885	136	3632104	102828109	7006249361
GLOBAL	X	13560516	13570515	0.031087704584569	389	9310748	299499372	6889985282
GLOBAL	X	13570516	13580515	0.0090774339182702	37	257380	28353828	7263186098
GLOBAL	X	13580516	13590515	0.00014906006806041	232	26572	178263705	7294965531
GLOBAL	X	13590516	13600515	0.00041152992924399	549	173660	421986319	6971608879
GLOBAL	X	13600516	13610515	0.0085077870527954	343	2241088	263416090	6576606572
GLOBAL	X	13610516	13620515	0.021226032487135	278	4529516	213394378	6860891522
GLOBAL	X	13620516	13630515	0.0072089859991952	437	2420108	335707130	7107369412
GLOBAL	X	13630516	13640515	0.00053975705353326	248	102548	189989180	7144073776
GLOBAL	X	13640516	13650515	0.00040481496235944	225	70228	173481730	7389432442
GLOBAL	X	13650516	13660515	0.0007458267749218	136	78200	104850084	7478939030
GLOBAL	X	13660516	13670515	0.00095231072990319	650	477372	501277561	6741554167
GLOBAL	X	13670516	13680515	9.8786650566681e-06	325	2472	250236240	7210622660
GLOBAL	X	13680516	13690515	0	89	0	68502374	7304991028
GLOBAL	X	13690516	13700515	0.0018081964570494	192	267528	147952950	7177605400
GLOBAL	X	13700516	13710515	0.001690977188265	331	430836	254785223	7027476951
GLOBAL	X	13710516	13720515	0.0014906271159624	320	367228	246358057	6950084911
GLOBAL	X	13720516	13730515	0.0014744885560065	297	336516	228225576	7109703110
GLOBAL	X	13730516	13740515	4.5198502643806e-05	356	12388	274079876	7129566220
GLOBAL	X	13740516	13750515	0.00049428706445119	954	363280	734957530	6780794736
GLOBAL	X	13750516	13760515	0.0055632454467888	152	640144	115066647	7512018643
GLOBAL	X	13760516	13770515	0	244	0	188057286	7250380380
GLOBAL	X	13770516	13780515	0.0011255849353278	31	26916	23912900	7409112744
GLOBAL	X	13780516	13790515	4.9028024382979e-05	131	4936	100677114	7367140100
GLOBAL	X	13790516	13800515	0.0024057970222291	32	57216	23782555	7393007023
GLOBAL	X	13800516	13810515	2.7012211265403e-05	118	2460	91069923	7467978519
GLOBAL	X	13810516	13820515	0.00012680123644628	377	36844	290564990	7208951210
GLOBAL	X	13820516	13830515	0.00010009013748628	323	24684	246617705	7327120511
GLOBAL	X	13830516	13840515	0	150	0	115349105	7179283405
GLOBAL	X	13840516	13850515	0.00011562424827683	822	73156	632704654	6763983128
GLOBAL	X	13850516	13860515	0.00049901666409994	295	113300	227046526	7192835636
GLOBAL	X	13860516	13870515	0.00022186778948233	203	34388	154993206	7273393562
GLOBAL	X	13870516	13880515	0.00033287743899326	262	67048	201419478	7065379776
GLOBAL	X	13880516	13890515	0.0019762217614297	363	553352	280005013	6922623123
GLOBAL	X	13890516	13900515	0.0064608754557848	252	1252384	193841223	6771431091
GLOBAL	X	13900516	13910515	0.0038958284578069	136	407736	104659639	6949524465
GLOBAL	X	13910516	13920515	0.00029025287359397	305	68140	234760811	7084612371
GLOBAL	X	13920516	13930515	0.0014957849253397	448	516284	345159248	7237083574
GLOBAL	X	13930516	13940515	6.6657125947214e-05	628	32136	482108995	6964833277
GLOBAL	X	13940516	13950515	0.0008008677791065	505	311340	388753310	6896601448
GLOBAL	X	13950516	13960515	0.0006035412242523	352	162980	270039549	7051653071
GLOBAL	X	13960516	13970515	0.0011010225618191	373	315732	286762516	6753504960
GLOBAL	X	13970516	13980515	0.00062362076446743	217	104212	167107970	7108969036
GLOBAL	X	13980516	13990515	0.00057999654095336	493	220000	379312607	7089277753
GLOBAL	X	13990516	14000515	0.00091822081422286	393	277988	302746350	7189811536
GLOBAL	X	14000516	14010515	7.4150655071574e-05	346	19608	264434616	6836138248
GLOBAL	X	14010516	14020515	0.00013019630181956	587	58704	450888383	6983683553
GLOBAL	X	14020516	14030515	0.0048259707950772	392	1452336	300941730	6969723254
GLOBAL	X	14030516	14040515	0.013649106017354	312	3273552	239836367	6850685599
GLOBAL	X	14040516	14050515	0.0019361279794366	344	510608	263726368	7021628390
GLOBAL	X	14050516	14060515	0.00025786934574588	417	82484	319867411	7022700151
GLOBAL	X	14060516	14070515	0.014395411723555	548	6059172	420909948	6895370650
GLOBAL	X	14070516	14080515	0.011227991370643	108	929060	82744987	6777379471
GLOBAL	X	14080516	14090515	0.016954138665987	209	2716696	160237925	6542164749
GLOBAL	X	14090516	14100515	0.010015315087804	502	3861096	385519174	6626915046
GLOBAL	X	14100516	14110515	0.016296072511605	316	3937044	241594654	6521113408
GLOBAL	X	14110516	14120515	NA	0	0	0	6691578630
GLOBAL	X	14120516	14130515	NA	0	0	0	6940531642
GLOBAL	X	14130516	14140515	NA	0	0	0	7265252962
GLOBAL	X	14140516	14150515	NA	0	0	0	7033309162
GLOBAL	X	14150516	14160515	NA	0	0	0	6727143346
GLOBAL	X	14160516	14170515	NA	0	0	0	6534629992
GLOBAL	X	14170516	14180515	NA	0	0	0	6492106962
GLOBAL	X	14180516	14190515	NA	0	0	0	6986920402
GLOBAL	X	14190516	14200515	NA	0	0	0	6782036712
GLOBAL	X	14200516	14210515	NA	0	0	0	6673023126
GLOBAL	X	14210516	14220515	NA	0	0	0	5803233876
GLOBAL	X	14220516	14230515	NA	0	0	0	6327426864
GLOBAL	X	14230516	14240515	NA	0	0	0	6377681354
GLOBAL	X	14240516	14250515	NA	0	0	0	6276399228
GLOBAL	X	14250516	14260515	NA	0	0	0	4575478028
GLOBAL	X	14260516	14270515	NA	0	0	0	3759808998
GLOBAL	X	14270516	14280515	NA	0	0	0	5882867914
GLOBAL	X	14280516	14290515	NA	0	0	0	4497390282
GLOBAL	X	14290516	14300515	NA	0	0	0	6009663858
GLOBAL	X	14300516	14310515	NA	0	0	0	6042909136
GLOBAL	X	14310516	14320515	NA	0	0	0	6359898996
GLOBAL	X	14320516	14330515	NA	0	0	0	5834932862
GLOBAL	X	14330516	14340515	NA	0	0	0	6382320230
GLOBAL	X	14340516	14350515	NA	0	0	0	6710907280
GLOBAL	X	14350516	14360515	NA	0	0	0	6360672142
GLOBAL	X	14360516	14370515	NA	0	0	0	5735197028
GLOBAL	X	14370516	14380515	NA	0	0	0	4549964210
GLOBAL	X	14380516	14390515	NA	0	0	0	4564653984
GLOBAL	X	14390516	14400515	NA	0	0	0	4155659750
GLOBAL	X	14400516	14410515	NA	0	0	0	4878551260
GLOBAL	X	14410516	14420515	NA	0	0	0	4259261314
GLOBAL	X	14420516	14430515	NA	0	0	0	4412344222
GLOBAL	X	14430516	14440515	NA	0	0	0	6039816552
GLOBAL	X	14440516	14450515	NA	0	0	0	6357579558
GLOBAL	X	14450516	14460515	NA	0	0	0	6388505398
GLOBAL	X	14460516	14470515	NA	0	0	0	7402099804
GLOBAL	X	14470516	14480515	NA	0	0	0	7236646560
GLOBAL	X	14480516	14490515	NA	0	0	0	7517298558
GLOBAL	X	14490516	14500515	NA	0	0	0	6783583004
GLOBAL	X	14500516	14510515	NA	0	0	0	7222729932
GLOBAL	X	14510516	14520515	NA	0	0	0	7206493866
GLOBAL	X	14520516	14530515	NA	0	0	0	7320146328
GLOBAL	X	14530516	14540515	NA	0	0	0	7347979584
GLOBAL	X	14540516	14550515	NA	0	0	0	7553636420
GLOBAL	X	14550516	14560515	NA	0	0	0	7136910726
GLOBAL	X	14560516	14570515	NA	0	0	0	7115262638
GLOBAL	X	14570516	14580515	NA	0	0	0	6763481208
GLOBAL	X	14580516	14590515	NA	0	0	0	937052952
GLOBAL	X	14590516	14600515	NA	0	0	0	5531086484
GLOBAL	X	14600516	14610515	NA	0	0	0	7013980512
GLOBAL	X	14610516	14620515	NA	0	0	0	6650601892
GLOBAL	X	14620516	14630515	NA	0	0	0	7215771618
GLOBAL	X	14630516	14640515	NA	0	0	0	7139230164
GLOBAL	X	14640516	14650515	NA	0	0	0	3834031014
GLOBAL	X	14650516	14660515	NA	0	0	0	6301139900
GLOBAL	X	14660516	14670515	NA	0	0	0	4973648218
GLOBAL	X	14670516	14680515	NA	0	0	0	4309515804
GLOBAL	X	14680516	14690515	NA	0	0	0	4550737356
GLOBAL	X	14690516	14700515	NA	0	0	0	6104760816
GLOBAL	X	14700516	14710515	NA	0	0	0	6763481208
GLOBAL	X	14710516	14720515	NA	0	0	0	7021711972
GLOBAL	X	14720516	14730515	NA	0	0	0	7304683408
GLOBAL	X	14730516	14740515	NA	0	0	0	6032085092
GLOBAL	X	14740516	14750515	NA	0	0	0	3472198686
GLOBAL	X	14750516	14760515	NA	0	0	0	4941949232
GLOBAL	X	14760516	14770515	NA	0	0	0	6406287756
GLOBAL	X	14770516	14780515	NA	0	0	0	6589523358
GLOBAL	X	14780516	14790515	NA	0	0	0	6805231092
GLOBAL	X	14790516	14800515	NA	0	0	0	6676888856
GLOBAL	X	14800516	14810515	NA	0	0	0	6573287292
GLOBAL	X	14810516	14820515	NA	0	0	0	5827201402
GLOBAL	X	14820516	14830515	NA	0	0	0	6352940682
GLOBAL	X	14830516	14840515	NA	0	0	0	5337799984
GLOBAL	X	14840516	14850515	NA	0	0	0	5582887266
GLOBAL	X	14850516	14860515	NA	0	0	0	5285226056
GLOBAL	X	14860516	14870515	NA	0	0	0	6036723968
GLOBAL	X	14870516	14880515	0.014830186882098	314	3585136	241745841	5978213729
GLOBAL	X	14880516	14890515	0.011215088137058	462	3991548	355908750	6494937956
GLOBAL	X	14890516	14900515	0.016357987307545	82	1021804	62465142	5847462882
GLOBAL	X	14900516	14910515	NA	0	0	0	5602989062
GLOBAL	X	14910516	14920515	0.013924161330295	331	3517704	252633097	6469871373
GLOBAL	X	14920516	14930515	0.013709999374483	588	6205388	452617672	6525024978
GLOBAL	X	14930516	14940515	0.012874296380632	512	5006856	388903273	6992321589
GLOBAL	X	14940516	14950515	0.004618499839569	628	2212608	479075041	7093890029
GLOBAL	X	14950516	14960515	0.00052542093238165	603	243244	462950722	7120065246
GLOBAL	X	14960516	14970515	0.00059254614571355	601	274360	463018791	7006344715
GLOBAL	X	14970516	14980515	0.0002613490580853	565	113460	434132041	6953277989
GLOBAL	X	14980516	14990515	4.584903012445e-05	486	17136	373748364	7196124122
GLOBAL	X	14990516	15000515	0.0010797471915301	466	387292	358687666	7240564368
GLOBAL	X	15000516	15010515	7.9177424964981e-05	122	7432	93865139	7236332087
GLOBAL	X	15010516	15020515	0.0011781044272931	246	223028	189310892	6887294446
GLOBAL	X	15020516	15030515	0.0019690561979053	486	736068	373817670	7003541462
GLOBAL	X	15030516	15040515	0.00041081865464408	251	79348	193146049	7072880059
GLOBAL	X	15040516	15050515	6.1202089786521e-05	262	12340	201627102	7093778554
GLOBAL	X	15050516	15060515	0.0019073240212692	229	335260	175775063	7145144411
GLOBAL	X	15060516	15070515	3.6760184712725e-05	700	19800	538626238	7072996132
GLOBAL	X	15070516	15080515	0.0010653525895935	385	315632	296269989	6894760957
GLOBAL	X	15080516	15090515	0.00026039416145481	304	60844	233661153	7071795401
GLOBAL	X	15090516	15100515	3.6956479115106e-05	349	9920	268423839	7182384163
GLOBAL	X	15100516	15110515	0.00034149503326436	449	116140	340092794	7007113644
GLOBAL	X	15110516	15120515	0.0009299646514863	617	441540	474792240	7088895078
GLOBAL	X	15120516	15130515	0.0010982920476495	597	504204	459080079	6953070623
GLOBAL	X	15130516	15140515	0.00027625549819904	440	93532	338570637	7095228153
GLOBAL	X	15140516	15150515	0.0012968211472132	562	561964	433339633	6883714111
GLOBAL	X	15150516	15160515	0.0013207936607654	712	724036	548182522	6985352102
GLOBAL	X	15160516	15170515	4.7271279206638e-05	475	17300	365972749	7066279749
GLOBAL	X	15170516	15180515	0.00013451708592039	544	56276	418355777	7155382439
GLOBAL	X	15180516	15190515	0.0015682750191404	490	590384	376454380	7104506316
GLOBAL	X	15190516	15200515	0.00021290274849905	700	114652	538518177	6952493417
GLOBAL	X	15200516	15210515	0.000217814457707	743	124752	572744350	7059752962
GLOBAL	X	15210516	15220515	0.00012881755696898	540	53612	416185505	6859118355
GLOBAL	X	15220516	15230515	0.00031462988449173	602	145768	463299919	7048586617
GLOBAL	X	15230516	15240515	0.0016817742248011	417	540960	321660299	7036370183
GLOBAL	X	15240516	15250515	7.5441933249855e-05	254	14724	195169972	7349188696
GLOBAL	X	15250516	15260515	0.00053796062383454	289	119556	222239314	7252536214
GLOBAL	X	15260516	15270515	5.0605085816964e-05	446	17332	342495220	6849308872
GLOBAL	X	15270516	15280515	0.00094232640045492	446	323108	342883315	7147355133
GLOBAL	X	15280516	15290515	0.00014357078344312	421	46508	323937774	7137694272
GLOBAL	X	15290516	15300515	0.00019632192855455	642	97144	494819915	6959853817
GLOBAL	X	15300516	15310515	0.00061689328945244	159	75520	122419876	7312925206
GLOBAL	X	15310516	15320515	0	278	0	214034909	7246823991
GLOBAL	X	15320516	15330515	0.00033027203344915	226	57572	174316909	7425708271
GLOBAL	X	15330516	15340515	2.9906087139527e-05	322	7412	247842520	7199099752
GLOBAL	X	15340516	15350515	0.00084584536443929	840	545620	645058805	6740804933
GLOBAL	X	15350516	15360515	0.00033794808215485	477	123988	366884757	6638591149
GLOBAL	X	15360516	15370515	0.00024708923237998	348	66080	267433750	6929782364
GLOBAL	X	15370516	15380515	0.00081611795810065	43	26796	32833489	7411016199
GLOBAL	X	15380516	15390515	0.00022295228367319	422	72416	324804926	7176257566
GLOBAL	X	15390516	15400515	1.8026355315225e-05	179	2484	137798238	6612539488
GLOBAL	X	15400516	15410515	0.00028857864798096	359	79560	275696073	7032079919
GLOBAL	X	15410516	15420515	0.000274217153566	312	65784	239897465	7273535363
GLOBAL	X	15420516	15430515	NA	0	0	0	5394239642
GLOBAL	X	15430516	15440515	0.00026369928216137	218	44180	167539326	7259301150
GLOBAL	X	15440516	15450515	0.00036125765512933	546	151724	419988332	6907116310
GLOBAL	X	15450516	15460515	0.00072021253370245	157	87028	120836553	6314830751
GLOBAL	X	15460516	15470515	0	28	0	21474658	6884265414
GLOBAL	X	15470516	15480515	0.00015335080035195	513	60360	393607336	6767270916
GLOBAL	X	15480516	15490515	7.1577576997157e-05	539	29724	415269715	7111306595
GLOBAL	X	15490516	15500515	NA	0	0	0	7377359132
GLOBAL	X	15500516	15510515	0.0003999870554351	32	9888	24720800	7502628656
GLOBAL	X	15510516	15520515	0.00019032345298624	216	31608	166075171	7130876777
GLOBAL	X	15520516	15530515	NA	0	0	0	7540492938
GLOBAL	X	15530516	15540515	NA	0	0	0	7344887000
GLOBAL	X	15540516	15550515	NA	0	0	0	7391275760
GLOBAL	X	15550516	15560515	NA	0	0	0	7403646096
GLOBAL	X	15560516	15570515	NA	0	0	0	7317826890
GLOBAL	X	15570516	15580515	NA	0	0	0	7007022198
GLOBAL	X	15580516	15590515	NA	0	0	0	7544358668
GLOBAL	X	15590516	15600515	0.00010732319068432	90	7420	69136968	7341467442
GLOBAL	X	15600516	15610515	0.00029821195575433	524	120452	403914054	6821908462
GLOBAL	X	15610516	15620515	NA	0	0	0	7478641258
GLOBAL	X	15620516	15630515	0.0005582494748824	40	17220	30846424	6994731278
GLOBAL	X	15630516	15640515	0.00081799459282862	247	155444	190030596	7056666862
GLOBAL	X	15640516	15650515	3.2554069633036e-05	197	4944	151870413	7179873105
GLOBAL	X	15650516	15660515	NA	0	0	0	7430706206
GLOBAL	X	15660516	15670515	NA	0	0	0	7459312608
GLOBAL	X	15670516	15680515	0.00023024826982096	194	34308	149004377	7342780363
GLOBAL	X	15680516	15690515	NA	0	0	0	7208040158
GLOBAL	X	15690516	15700515	0	5	0	3831024	7057311394
GLOBAL	X	15700516	15710515	0.00039528009810777	329	99096	250698177	7088003655
GLOBAL	X	15710516	15720515	0.00030526256582788	145	33828	110816077	7278140245
GLOBAL	X	15720516	15730515	0.00053674415136354	148	60852	113372451	7303417127
GLOBAL	X	15730516	15740515	NA	0	0	0	7092841404
GLOBAL	X	15740516	15750515	NA	0	0	0	7334836102
GLOBAL	X	15750516	15760515	0.00038586388614981	179	52952	137229738	7139620414
GLOBAL	MtDNA	6	10005	0.0055866271710024	704	3030738	542498704	6657809994
GLOBAL	MtDNA	10006	20005	0.010260674391938	175	1387383	135213627	2559200183
