pop	chromosome	window_pos_1	window_pos_2	avg_watterson_theta	no_sites	raw_watterson_theta	no_var_sites	weighted_no_sites
GLOBAL	I	32589	42588	0.001255292663626	1138	1.4285230512064	11	1135.5032154341
GLOBAL	I	42589	52588	0.0033315407202524	39	0.12993008808984	1	38.818327974277
GLOBAL	I	52589	62588	0.0011394391236358	456	0.51958424037794	4	453.90996784566
GLOBAL	I	62589	72588	NA	0	0	0	0
GLOBAL	I	72589	82588	0.0017638104507775	810	1.4286864651298	11	808.13665594855
GLOBAL	I	82589	92588	0.0024847972603589	784	1.9480810521214	15	781.55948553055
GLOBAL	I	92589	102588	0	50	0	0	49.826366559486
GLOBAL	I	102589	112588	NA	0	0	0	0
GLOBAL	I	112589	122588	0.0012288569169087	423	0.51980647585237	4	421.47266881029
GLOBAL	I	122589	132588	0	418	0	0	416.21864951768
GLOBAL	I	132589	142588	0.0011934094614717	544	0.6492147470406	5	541.09003215434
GLOBAL	I	142589	152588	0.00036881028426458	352	0.12982122006113	1	351.36816720257
GLOBAL	I	152589	162588	0.0011424808125143	682	0.77917191413477	6	676.55948553055
GLOBAL	I	162589	172588	0.00064488249052563	403	0.25988764368183	2	401.34405144695
GLOBAL	I	172589	182588	0.0027693414629125	563	1.5591392436197	12	560.90353697749
GLOBAL	I	182589	192588	0.002763245942208	423	1.168853033554	9	421.61254019293
GLOBAL	I	192589	202588	0.0015458137402984	84	0.12984835418507	1	83.602893890675
GLOBAL	I	202589	212588	NA	0	0	0	0
GLOBAL	I	212589	222588	NA	0	0	0	0
GLOBAL	I	222589	232588	NA	0	0	0	0
GLOBAL	I	232589	242588	0.0021417059736537	182	0.38979048720496	3	179.14790996785
GLOBAL	I	242589	252588	NA	0	0	0	0
GLOBAL	I	252589	262588	0	21	0	0	20.956591639871
GLOBAL	I	262589	272588	0.0019258933742141	607	1.1690172781479	9	604.5192926045
GLOBAL	I	272589	282588	0.00088132379564434	442	0.3895451176748	3	440.33762057878
GLOBAL	I	282589	292588	0	138	0	0	137.70096463023
GLOBAL	I	292589	302588	0.00080444502840808	486	0.39096028380633	3	483.34887459807
GLOBAL	I	302589	312588	0.0020817339254967	624	1.2990019695099	10	621.66881028939
GLOBAL	I	312589	322588	0.004404879102295	118	0.51977573407081	4	117.45819935691
GLOBAL	I	322589	332588	0.0010169472436223	383	0.38949079430733	3	381.43729903537
GLOBAL	I	332589	342588	0.0022053327238854	530	1.1688263436593	9	528.73633440514
GLOBAL	I	342589	352588	0.0057570987426513	158	0.90962160133891	7	157.11736334405
GLOBAL	I	352589	362588	0.002361250180882	220	0.51947503979404	4	218.93569131833
GLOBAL	I	362589	372588	0.0046410220560018	252	1.1695375581125	9	250.68327974277
GLOBAL	I	372589	382588	NA	0	0	0	0
GLOBAL	I	382589	392588	0.0023528198276333	276	0.64937827242678	5	270.69131832797
GLOBAL	I	392589	402588	0	58	0	0	57.707395498392
GLOBAL	I	402589	412588	0.010988316682005	201	2.208651653083	17	199.96463022508
GLOBAL	I	412589	422588	0.016979357654333	459	7.7935251633387	60	457.08360128617
GLOBAL	I	422589	432588	0.0064910610030566	20	0.12982122006113	1	19.943729903537
GLOBAL	I	432589	442588	0.010926929630858	107	1.1691814705018	9	103.60128617363
GLOBAL	I	442589	452588	0	23	0	0	22.847266881029
GLOBAL	I	452589	462588	0.0015153078951451	600	0.90918473708707	7	597.3922829582
GLOBAL	I	462589	472588	0.0013053516226252	796	1.0390598916096	8	793.46302250804
GLOBAL	I	472589	482588	0.0012889526195288	403	0.51944790567011	4	401.17363344051
GLOBAL	I	482589	492588	0.0021733082054536	239	0.5194206611034	4	237.54019292605
GLOBAL	I	492589	502588	0.0012121881398467	536	0.64973284295785	5	534.34405144695
GLOBAL	I	502589	512588	0.001330438808534	293	0.38981857090047	3	292.23311897106
GLOBAL	I	512589	522588	0.0030190981409566	43	0.12982122006113	1	42.313504823151
GLOBAL	I	522589	532588	0.001904232665871	546	1.0397110355656	8	543.30868167203
GLOBAL	I	532589	542588	0.0012872037059968	1110	1.4287961136564	11	1106.0514469453
GLOBAL	I	542589	552588	0.0018784233063307	484	0.90915688026407	7	482.47588424437
GLOBAL	I	552589	562588	0.0022319166788593	291	0.64948775354804	5	289.48392282958
GLOBAL	I	562589	572588	0.0028344456603781	275	0.77947255660398	6	273.16398713826
GLOBAL	I	572589	582588	0.0025929036472087	451	1.1693995448911	9	448.44855305466
GLOBAL	I	582589	592588	0.00035399589556753	734	0.25983298734656	2	730.1575562701
GLOBAL	I	592589	602588	0.0024573080842944	423	1.0394413196565	8	420.04180064309
GLOBAL	I	602589	612588	NA	0	0	0	0
GLOBAL	I	612589	622588	NA	0	0	0	0
GLOBAL	I	622589	632588	NA	0	0	0	0
GLOBAL	I	632589	642588	NA	0	0	0	0
GLOBAL	I	642589	652588	0.0013549689636178	288	0.39023106152192	3	285.16559485531
GLOBAL	I	652589	662588	0.0034025489725379	420	1.4290705684659	11	417.79260450161
GLOBAL	I	662589	672588	0.00090486657968687	287	0.25969670837013	2	285.74276527331
GLOBAL	I	672589	682588	0.002533230104955	359	0.90942960767883	7	357.94533762058
GLOBAL	I	682589	692588	0	149	0	0	147.83601286174
GLOBAL	I	692589	702588	0.002222626713731	293	0.65122962712319	5	290.50160771704
GLOBAL	I	702589	712588	NA	0	0	0	0
GLOBAL	I	712589	722588	0.0025874469022053	452	1.1695259997968	9	448.68971061093
GLOBAL	I	722589	732588	0.002307435061938	394	0.90912941440358	7	390.48553054662
GLOBAL	I	732589	742588	0.0029524924669783	176	0.51963867418818	4	173.55305466238
GLOBAL	I	742589	752588	0.0022411182014917	58	0.12998485568652	1	57.766881028939
GLOBAL	I	752589	762588	0.00132151257126	295	0.38984620852169	3	292.20418006431
GLOBAL	I	762589	772588	0.0023277155946733	279	0.64943265091385	5	277.76205787781
GLOBAL	I	772589	782588	0.0016446846593651	79	0.12993008808984	1	78.422829581994
GLOBAL	I	782589	792588	0.0043324742362427	150	0.6498711354364	5	148.94855305466
GLOBAL	I	792589	802588	0.0010068940464306	258	0.2597786639791	2	256.57877813505
GLOBAL	I	802589	812588	0.0014188204138395	275	0.39017561380587	3	272.68327974277
GLOBAL	I	812589	822588	NA	0	0	0	0
GLOBAL	I	822589	832588	0.00071090200186511	183	0.13009506634132	1	181.39549839228
GLOBAL	I	832589	842588	0.0016710410869891	311	0.51969377805362	4	309.12218649518
GLOBAL	I	842589	852588	0	274	0	0	272.36173633441
GLOBAL	I	852589	862588	0	98	0	0	97.463022508039
GLOBAL	I	862589	872588	0.0039611211199252	164	0.64962386366773	5	162.87138263666
GLOBAL	I	872589	882588	0.0014442820158906	270	0.38995614429047	3	266.73311897106
GLOBAL	I	882589	892588	0.0024886838817346	317	0.78891279050986	6	309.16559485531
GLOBAL	I	892589	902588	0.0011740705927004	332	0.38979143677654	3	329.57556270096
GLOBAL	I	902589	912588	0.0028875157094983	315	0.90956744849198	7	313.6270096463
GLOBAL	I	912589	922588	0.0029315125692267	134	0.39282268427638	3	133.01286173633
GLOBAL	I	922589	932588	0.001900311328661	547	1.0394702967776	8	543.3729903537
GLOBAL	I	932589	942588	0.0021831268245216	238	0.51958418423613	4	236.46784565916
GLOBAL	I	942589	952588	0.0039386483931424	429	1.6896801606581	13	424.7347266881
GLOBAL	I	952589	962588	NA	0	0	0	0
GLOBAL	I	962589	972588	0.0028523618055759	319	0.90990341597873	7	315.56109324759
GLOBAL	I	972589	982588	0.0023022143627669	395	0.90937467329292	7	393.29421221865
GLOBAL	I	982589	992588	0.0010155069043806	256	0.25996976752145	2	253.46945337621
GLOBAL	I	992589	1002588	0.0016773445217694	388	0.65080967444654	5	384.96784565916
GLOBAL	I	1002589	1012588	0.01442932078161	396	5.7140110295175	44	394.45659163987
GLOBAL	I	1012589	1022588	NA	0	0	0	0
GLOBAL	I	1022589	1032588	NA	0	0	0	0
GLOBAL	I	1032589	1042588	0.0018296167323283	71	0.12990278799531	1	70.402576489533
GLOBAL	I	1042589	1052588	0.0017402582278263	224	0.38981784303308	3	222.70739549839
GLOBAL	I	1052589	1062588	0.0023366256322916	445	1.0397984063698	8	442.42282958199
GLOBAL	I	1062589	1072588	NA	0	0	0	0
GLOBAL	I	1072589	1082588	0.018138423278901	265	4.8066821689087	37	263.14469453376
GLOBAL	I	1082589	1092588	0.012467851644983	73	0.91015317008378	7	72.284565916399
GLOBAL	I	1092589	1102588	0.002633909262841	148	0.38981857090047	3	147.32636655949
GLOBAL	I	1102589	1112588	0.0031690265387767	41	0.12993008808984	1	40.689710610932
GLOBAL	I	1112589	1122588	0.0013688405039783	95	0.13003984787794	1	92.29421221865
GLOBAL	I	1122589	1132588	0.002765405263998	235	0.64987023703953	5	232.60610932476
GLOBAL	I	1132589	1142588	0.0047543881704864	164	0.77971965995977	6	162.59485530547
GLOBAL	I	1142589	1152588	0.020716668144852	266	5.5106337265307	42	261.19292604502
GLOBAL	I	1152589	1162588	0.015430735439055	219	3.3793310611531	26	217.74919614148
GLOBAL	I	1162589	1172588	0.0047628070838429	382	1.819392306028	14	379.27974276527
GLOBAL	I	1172589	1182588	0.00081665631562934	159	0.12984835418507	1	158.47749196141
GLOBAL	I	1182589	1192588	0.0014276537766295	182	0.25983298734656	2	179.31511254019
GLOBAL	I	1192589	1202588	0	29	0	0	28.792270531401
GLOBAL	I	1202589	1212588	NA	0	0	0	0
GLOBAL	I	1212589	1222588	0	48	0	0	47.53536977492
GLOBAL	I	1222589	1232588	0.0016546397597128	157	0.25977844227491	2	155.71704180064
GLOBAL	I	1232589	1242588	0.0027876175330311	233	0.64951488519624	5	231.69935691318
GLOBAL	I	1242589	1252588	0.0070741866979186	202	1.4289857129796	11	201.22829581994
GLOBAL	I	1252589	1262588	0.014555248088947	251	3.6533672703258	28	246.70739549839
GLOBAL	I	1262589	1272588	0.0030480568559107	341	1.0393873878656	8	339.06270096463
GLOBAL	I	1272589	1282588	0.0032076488867607	162	0.51963911965523	4	161.17202572347
GLOBAL	I	1282589	1292588	NA	0	0	0	0
GLOBAL	I	1292589	1302588	NA	0	0	0	0
GLOBAL	I	1302589	1312588	0.0031380220105382	207	0.64957055618141	5	206.49839228296
GLOBAL	I	1312589	1322588	NA	0	0	0	0
GLOBAL	I	1322589	1332588	NA	0	0	0	0
GLOBAL	I	1332589	1342588	0.0023367428489082	389	0.9089929682253	7	387.85048231511
GLOBAL	I	1342589	1352588	0.0070308062871957	536	3.7685121699369	29	533.96945337621
GLOBAL	I	1352589	1362588	NA	0	0	0	0
GLOBAL	I	1362589	1372588	0.0022632139832438	287	0.64954241319097	5	284.25562700965
GLOBAL	I	1372589	1382588	0.0025147789589138	310	0.77958147726328	6	308.34887459807
GLOBAL	I	1382589	1392588	0	34	0	0	33.587761674718
GLOBAL	I	1392589	1402588	NA	0	0	0	0
GLOBAL	I	1402589	1412588	0.00093514284666561	139	0.12998485568652	1	138.41961414791
GLOBAL	I	1412589	1422588	0.0012270512143406	106	0.1300674287201	1	105.41961414791
GLOBAL	I	1422589	1432588	0.0017179323756327	378	0.64937843798916	5	375.78135048232
GLOBAL	I	1432589	1442588	0.0025159470901266	310	0.77994359793925	6	307.44372990354
GLOBAL	I	1442589	1452588	0	63	0	0	62.647909967846
GLOBAL	I	1452589	1462588	NA	0	0	0	0
GLOBAL	I	1462589	1472588	0.0086977732815507	224	1.9483012150674	15	222.75241157556
GLOBAL	I	1472589	1482588	NA	0	0	0	0
GLOBAL	I	1482589	1492588	NA	0	0	0	0
GLOBAL	I	1492589	1502588	0	71	0	0	70.466237942122
GLOBAL	I	1502589	1512588	0	48	0	0	47.414790996785
GLOBAL	I	1512589	1522588	0.014973539404904	495	7.4119020054274	57	490.9807073955
GLOBAL	I	1522589	1532588	0.012418171825267	555	6.8920853630231	53	551.50160771704
GLOBAL	I	1532589	1542588	0.0023610446196455	165	0.38957236224151	3	164.54501607717
GLOBAL	I	1542589	1552588	NA	0	0	0	0
GLOBAL	I	1552589	1562588	0.0025996971137304	50	0.12998485568652	1	49.80193236715
GLOBAL	I	1562589	1572588	0.0031066804044593	209	0.649296204532	5	207.96784565916
GLOBAL	I	1572589	1582588	0.014427597971652	18	0.25969676348973	2	17.889067524116
GLOBAL	I	1582589	1592588	0.00095117060163442	273	0.2596695742462	2	272.01768488746
GLOBAL	I	1592589	1602588	0.0023957846624571	217	0.51988527175318	4	215.7459807074
GLOBAL	I	1602589	1612588	0.0012692212714632	205	0.26019036064996	2	203.14951768489
GLOBAL	I	1612589	1622588	0.0031670334770309	123	0.3895451176748	3	122.44051446945
GLOBAL	I	1622589	1632588	NA	0	0	0	0
GLOBAL	I	1632589	1642588	0.0014320685395574	91	0.13031823709972	1	89.61575562701
GLOBAL	I	1642589	1652588	NA	0	0	0	0
GLOBAL	I	1652589	1662588	NA	0	0	0	0
GLOBAL	I	1662589	1672588	NA	0	0	0	0
GLOBAL	I	1672589	1682588	0.00094172060810118	138	0.12995744391796	1	137.35691318328
GLOBAL	I	1682589	1692588	0.00089261560886726	291	0.25975114218037	2	289.91800643087
GLOBAL	I	1692589	1702588	NA	0	0	0	0
GLOBAL	I	1702589	1712588	0.0046847538716149	918	4.3006040541424	33	903.92443729904
GLOBAL	I	1712589	1722588	0.0038211565901898	170	0.64959662033227	5	168.90836012862
GLOBAL	I	1722589	1732588	NA	0	0	0	0
GLOBAL	I	1732589	1742588	NA	0	0	0	0
GLOBAL	I	1742589	1752588	0	20	0	0	19.979099678457
GLOBAL	I	1752589	1762588	0.0016170257078073	964	1.5588127823263	12	961.1463022508
GLOBAL	I	1762589	1772588	0.0025777372104041	907	2.3380076498365	18	904.14469453376
GLOBAL	I	1772589	1782588	0.0022397032412984	116	0.25980557599062	2	115.63344051447
GLOBAL	I	1782589	1792588	NA	0	0	0	0
GLOBAL	I	1792589	1802588	NA	0	0	0	0
GLOBAL	I	1802589	1812588	0.0035129220309886	148	0.51991246058631	4	147.09967845659
GLOBAL	I	1812589	1822588	NA	0	0	0	0
GLOBAL	I	1822589	1832588	0.0014022232574033	278	0.3898180655581	3	275.80707395498
GLOBAL	I	1832589	1842588	0.0011762119842182	552	0.64926901528846	5	549.50482315113
GLOBAL	I	1842589	1852588	0.0010276706715175	632	0.64948786439905	5	629.36173633441
GLOBAL	I	1852589	1862588	0.0014543018317725	625	0.90893864485783	7	623.09003215434
GLOBAL	I	1862589	1872588	0.0024703127518658	736	1.8181501853732	14	731.12861736334
GLOBAL	I	1872589	1882588	0.0030041664637586	173	0.51972079823024	4	172.37781350482
GLOBAL	I	1882589	1892588	NA	0	0	0	0
GLOBAL	I	1892589	1902588	NA	0	0	0	0
GLOBAL	I	1902589	1912588	0.00098194311090757	529	0.51944790567011	4	526.28617363344
GLOBAL	I	1912589	1922588	0.0016342859558732	477	0.77955440095154	6	472.2845659164
GLOBAL	I	1922589	1932588	0.0021474947101004	242	0.5196937198443	4	240.90353697749
GLOBAL	I	1932589	1942588	0.0022804365572057	114	0.25996976752145	2	113.45819935691
GLOBAL	I	1942589	1952588	0.0010558987270618	123	0.1298755434286	1	122.16237942122
GLOBAL	I	1952589	1962588	0	185	0	0	183.66398713826
GLOBAL	I	1962589	1972588	0.0031569327854681	165	0.52089390960224	4	163.1768488746
GLOBAL	I	1972589	1982588	0.018560200117652	273	5.066934632119	39	271.38424437299
GLOBAL	I	1982589	1992588	0.0094718497156313	576	5.4557854362036	42	573.05627009646
GLOBAL	I	1992589	2002588	0.013477920449717	424	5.7146382706801	44	422.48874598071
GLOBAL	I	2002589	2012588	0.014686226646434	301	4.4205542205767	34	298.69935691318
GLOBAL	I	2012589	2022588	0.00066946156406495	194	0.1298755434286	1	192.96945337621
GLOBAL	I	2022589	2032588	0.0019906073038422	196	0.39015903155307	3	194.89389067524
GLOBAL	I	2032589	2042588	0.0018690415284337	417	0.77939031735684	6	415.20257234727
GLOBAL	I	2042589	2052588	0.01015940909732	358	3.6370684568406	28	356.26848874598
GLOBAL	I	2052589	2062588	0.0016275773610483	80	0.13020618888386	1	77.672025723473
GLOBAL	I	2062589	2072588	0.0022731451526038	229	0.52055023994627	4	226.27331189711
GLOBAL	I	2072589	2082588	NA	0	0	0	0
GLOBAL	I	2082589	2092588	0.0015837384647807	246	0.38959966233604	3	244.81511254019
GLOBAL	I	2092589	2102588	0	62	0	0	58.217041800643
GLOBAL	I	2102589	2112588	NA	0	0	0	0
GLOBAL	I	2112589	2122588	0	272	0	0	270.96302250804
GLOBAL	I	2122589	2132588	0.0019794790418635	328	0.64926912573124	5	326.12057877814
GLOBAL	I	2132589	2142588	NA	0	0	0	0
GLOBAL	I	2142589	2152588	0.00079181363194783	492	0.38957230691833	3	489.67845659164
GLOBAL	I	2152589	2162588	0.0024659963331016	369	0.90995264691449	7	361.92443729904
GLOBAL	I	2162589	2172588	0.001098696327441	355	0.39003719624154	3	352.79421221865
GLOBAL	I	2172589	2182588	0.00025405326822139	511	0.12982122006113	1	508.35209003215
GLOBAL	I	2182589	2192588	0.0012923399725696	603	0.77928100345944	6	601.10450160772
GLOBAL	I	2192589	2202588	0	185	0	0	184.59807073955
GLOBAL	I	2202589	2212588	0.0037278343037011	209	0.77911736947353	6	208.70900321543
GLOBAL	I	2212589	2222588	0.0011394207539464	342	0.38968189784968	3	340.3729903537
GLOBAL	I	2222589	2232588	0.0011646816504773	223	0.25972400805644	2	221.50321543408
GLOBAL	I	2232589	2242588	0.0018049652767739	216	0.38987249978317	3	214.68006430868
GLOBAL	I	2242589	2252588	0.00073025199823887	178	0.12998485568652	1	176.57717041801
GLOBAL	I	2252589	2262588	NA	0	0	0	0
GLOBAL	I	2262589	2272588	0.0038927617894488	167	0.65009121883795	5	165.55948553055
GLOBAL	I	2272589	2282588	0	89	0	0	87.607717041801
GLOBAL	I	2282589	2292588	0	60	0	0	59.635048231511
GLOBAL	I	2292589	2302588	NA	0	0	0	0
GLOBAL	I	2302589	2312588	NA	0	0	0	0
GLOBAL	I	2312589	2322588	0.0026692389949256	292	0.77941778651829	6	290.13987138264
GLOBAL	I	2322589	2332588	0.00069452231401811	561	0.38962701816416	3	558.31672025723
GLOBAL	I	2332589	2342588	0.0019838747163727	262	0.51977517568963	4	260.8536977492
GLOBAL	I	2342589	2352588	0.001899211678368	547	1.0388687880673	8	544.7154340836
GLOBAL	I	2352589	2362588	0	66	0	0	65.6961414791
GLOBAL	I	2362589	2372588	0	41	0	0	40.903536977492
GLOBAL	I	2372589	2382588	0.0012132824304779	107	0.12982122006113	1	106.461414791
GLOBAL	I	2382589	2392588	NA	0	0	0	0
GLOBAL	I	2392589	2402588	0.0028395577218263	183	0.51963906309422	4	182.05948553055
GLOBAL	I	2402589	2412588	0.0014152859194637	184	0.26041260918132	2	182.16398713826
GLOBAL	I	2412589	2422588	0.0004099603909084	317	0.12995744391796	1	315.3231511254
GLOBAL	I	2422589	2432588	0.0012984835418507	100	0.12984835418507	1	99.561093247588
GLOBAL	I	2432589	2442588	0.0016032339358868	162	0.25972389761367	2	161.18327974277
GLOBAL	I	2442589	2452588	0.0021580385339343	301	0.64956959871423	5	299.19935691318
GLOBAL	I	2452589	2462588	0.00070188314456685	370	0.25969676348973	2	367.86334405145
GLOBAL	I	2462589	2472588	0.00099148582741904	393	0.38965393017568	3	391.6575562701
GLOBAL	I	2472589	2482588	0.0030298853076913	343	1.0392506605381	8	341.86012861736
GLOBAL	I	2482589	2492588	0.00071784651017936	543	0.38979065502739	3	540.91800643087
GLOBAL	I	2492589	2502588	0	140	0	0	138.62861736334
GLOBAL	I	2502589	2512588	0.00036418017816102	357	0.13001232360348	1	355.42604501608
GLOBAL	I	2512589	2522588	0.0014665677326005	797	1.1688544828826	9	795.05466237942
GLOBAL	I	2522589	2532588	0.0012909687268767	302	0.38987255551675	3	300.35530546624
GLOBAL	I	2532589	2542588	0.0016477746924544	316	0.5206968028156	4	312.77813504823
GLOBAL	I	2542589	2552588	0.00057201930284082	454	0.25969676348973	2	452.18488745981
GLOBAL	I	2552589	2562588	0.0011100473797316	117	0.1298755434286	1	116.1575562701
GLOBAL	I	2562589	2572588	0.0023085002465289	619	1.4289616526014	11	616.05466237942
GLOBAL	I	2572589	2582588	0.015423663258674	219	3.3777822536496	26	217.72186495177
GLOBAL	I	2582589	2592588	0.0015846821160493	164	0.25988786703208	2	163.31189710611
GLOBAL	I	2592589	2602588	0.00099925221534852	130	0.12990278799531	1	129.01125401929
GLOBAL	I	2602589	2612588	0.0024715749694584	368	0.9095395887607	7	366.11736334405
GLOBAL	I	2612589	2622588	0.0016291339234933	638	1.0393874431887	8	633.55466237942
GLOBAL	I	2622589	2632588	0.018694069177446	501	9.3657286579005	72	497.83279742765
GLOBAL	I	2632589	2642588	0.024061474806349	81	1.9489794593143	15	80.657556270096
GLOBAL	I	2642589	2652588	NA	0	0	0	0
GLOBAL	I	2652589	2662588	NA	0	0	0	0
GLOBAL	I	2662589	2672588	NA	0	0	0	0
GLOBAL	I	2672589	2682588	NA	0	0	0	0
GLOBAL	I	2682589	2692588	0	96	0	0	95.393890675241
GLOBAL	I	2692589	2702588	0.001691873043461	384	0.64967924868902	5	381.39067524116
GLOBAL	I	2702589	2712588	0.021749248626261	412	8.9606904340193	69	410.27491961415
GLOBAL	I	2712589	2722588	NA	0	0	0	0
GLOBAL	I	2722589	2732588	NA	0	0	0	0
GLOBAL	I	2732589	2742588	NA	0	0	0	0
GLOBAL	I	2742589	2752588	0	33	0	0	32.956591639871
GLOBAL	I	2752589	2762588	NA	0	0	0	0
GLOBAL	I	2762589	2772588	NA	0	0	0	0
GLOBAL	I	2772589	2782588	0.0026513558784199	98	0.25983287608515	2	97.734726688103
GLOBAL	I	2782589	2792588	0.00097671352670311	266	0.25980579810303	2	264.99035369775
GLOBAL	I	2792589	2802588	NA	0	0	0	0
GLOBAL	I	2802589	2812588	0.0023520355936531	443	1.0419517679883	8	439.76205787781
GLOBAL	I	2812589	2822588	0.0010838770019407	599	0.64924232416249	5	597.26045016077
GLOBAL	I	2822589	2832588	0.0014413634203004	721	1.0392230260366	8	718.92765273312
GLOBAL	I	2832589	2842588	0.00068564925577591	379	0.25986106793907	2	378.15112540193
GLOBAL	I	2842589	2852588	0.0037800802993591	138	0.52165108131156	4	136.71221864952
GLOBAL	I	2852589	2862588	0.0034247313060881	76	0.26027957926269	2	74.565217391304
GLOBAL	I	2862589	2872588	0.0010880559984736	597	0.64956943108873	5	592.25884244373
GLOBAL	I	2872589	2882588	0.001753432681479	519	0.9100315616876	7	517.54662379421
GLOBAL	I	2882589	2892588	0.002951719834577	132	0.38962701816416	3	131.34083601286
GLOBAL	I	2892589	2902588	NA	0	0	0	0
GLOBAL	I	2902589	2912588	NA	0	0	0	0
GLOBAL	I	2912589	2922588	0.0012142998886901	107	0.12993008808984	1	105.85852090032
GLOBAL	I	2922589	2932588	0	115	0	0	114.04501607717
GLOBAL	I	2932589	2942588	0.0011346428378672	229	0.25983320987158	2	228.23633440514
GLOBAL	I	2942589	2952588	0	16	0	0	15.932475884244
GLOBAL	I	2952589	2962588	0.0005988822300367	217	0.12995744391796	1	215.038585209
GLOBAL	I	2962589	2972588	0.0032071421221145	324	1.0391140475651	8	322.93247588424
GLOBAL	I	2972589	2982588	0.0018705808236207	486	0.90910228027965	7	484.80064308682
GLOBAL	I	2982589	2992588	0	11	0	0	10.893890675241
GLOBAL	I	2992589	3002588	0	212	0	0	211.03054662379
GLOBAL	I	3002589	3012588	0.00076392134125535	510	0.38959988404023	3	494.67845659164
GLOBAL	I	3012589	3022588	0.00056883809656392	685	0.38965409614629	3	682.85852090032
GLOBAL	I	3022589	3032588	0.0034385756817639	831	2.8574563915458	22	828.31832797428
GLOBAL	I	3032589	3042588	0	256	0	0	254.63022508039
GLOBAL	I	3042589	3052588	0.0025223890849287	103	0.25980607574765	2	101.6077170418
GLOBAL	I	3052589	3062588	0.0011396600745369	342	0.3897637454916	3	339.19935691318
GLOBAL	I	3062589	3072588	0.00073025199823887	178	0.12998485568652	1	177.03376205788
GLOBAL	I	3072589	3082588	0.0016231899110818	320	0.51942077154617	4	318.54823151125
GLOBAL	I	3082589	3092588	0.0017268526393893	376	0.64929659241036	5	374.74276527331
GLOBAL	I	3092589	3102588	0	55	0	0	54.633440514469
GLOBAL	I	3102589	3112588	NA	0	0	0	0
GLOBAL	I	3112589	3122588	NA	0	0	0	0
GLOBAL	I	3122589	3132588	0.00073808402270061	176	0.12990278799531	1	174.81672025723
GLOBAL	I	3132589	3142588	NA	0	0	0	0
GLOBAL	I	3142589	3152588	0.0020137863742241	129	0.25977844227491	2	127.3424437299
GLOBAL	I	3152589	3162588	0.0020948563279688	310	0.64940546167032	5	308.69292604502
GLOBAL	I	3162589	3172588	0.00089790415621016	579	0.51988650644568	4	576.23794212219
GLOBAL	I	3172589	3182588	0.001828467888185	71	0.12982122006113	1	70.834405144695
GLOBAL	I	3182589	3192588	0	108	0	0	107.54340836013
GLOBAL	I	3192589	3202588	0.0035434720515583	330	1.1693457770143	9	328.64469453376
GLOBAL	I	3202589	3212588	0.002698525147636	337	0.90940297475335	7	335.33922829582
GLOBAL	I	3212589	3222588	0	14	0	0	13.90192926045
GLOBAL	I	3222589	3232588	0.0043273740020378	30	0.12982122006113	1	29.938906752412
GLOBAL	I	3232589	3242588	0.00093002733168115	419	0.3896814519744	3	417.21704180064
GLOBAL	I	3242589	3252588	0.0012919787007443	603	0.77906315654884	6	600.23794212219
GLOBAL	I	3252589	3262588	0.00052570183880593	247	0.12984835418507	1	245.91961414791
GLOBAL	I	3262589	3272588	0.00082015269097286	475	0.38957252821211	3	472.48553054662
GLOBAL	I	3272589	3282588	0.0012328387999717	527	0.64970604758511	5	525.09163987138
GLOBAL	I	3282589	3292588	0.0020250283340031	385	0.77963590859119	6	383.70257234727
GLOBAL	I	3292589	3302588	0.0004423210223548	587	0.25964244012227	2	585.65112540193
GLOBAL	I	3302589	3312588	0.00069854945998688	372	0.25986039911512	2	370.2652733119
GLOBAL	I	3312589	3322588	0.00041967438170422	619	0.25977844227491	2	616.76366559486
GLOBAL	I	3322589	3332588	0.0016167096189384	241	0.38962701816416	3	240.45980707395
GLOBAL	I	3332589	3342588	NA	0	0	0	0
GLOBAL	I	3342589	3352588	0.0015798626752834	411	0.64932355954148	5	407.91961414791
GLOBAL	I	3352589	3362588	0.0023712877368423	219	0.51931201436846	4	218.33762057878
GLOBAL	I	3362589	3372588	0.0014722189099158	353	0.51969327520027	4	351.92604501608
GLOBAL	I	3372589	3382588	0.0008910846303265	583	0.51950233948035	4	581.56752411576
GLOBAL	I	3382589	3392588	0.0014481488459701	1076	1.5582081582639	12	1073.0996784566
GLOBAL	I	3392589	3402588	0.0016098031497583	242	0.38957236224151	3	240.9115755627
GLOBAL	I	3402589	3412588	0.00099131385770612	786	0.77917269215701	6	783.12540192926
GLOBAL	I	3412589	3422588	0.0013452976172138	193	0.25964244012227	2	192.21704180064
GLOBAL	I	3422589	3432588	0.0023518021148945	221	0.51974826739169	4	219.98392282958
GLOBAL	I	3432589	3442588	0.00070225191857185	370	0.25983320987158	2	369.20418006431
GLOBAL	I	3442589	3452588	0.001236651254713	210	0.25969676348973	2	209.44533762058
GLOBAL	I	3452589	3462588	0.0043499899236123	329	1.4311466848685	11	293.72347266881
GLOBAL	I	3462589	3472588	0	32	0	0	31.956448911223
GLOBAL	I	3472589	3482588	0.0021636870010189	60	0.12982122006113	1	59.935691318328
GLOBAL	I	3482589	3492588	0.001160930361342	1231	1.429105274812	11	1227.8295819936
GLOBAL	I	3492589	3502588	0.00065264106075471	398	0.25975114218037	2	396.85209003215
GLOBAL	I	3502589	3512588	0.00054807580569575	711	0.38968189784968	3	709.42122186495
GLOBAL	I	3512589	3522588	0.00042295880842041	307	0.12984835418507	1	306.06270096463
GLOBAL	I	3522589	3532588	0.00074482527500493	872	0.6494876398043	5	869.27331189711
GLOBAL	I	3532589	3542588	0.00063411380172405	819	0.519339203612	4	816.97106109325
GLOBAL	I	3542589	3552588	0.0014091228932825	645	0.90888426616719	7	643.29099678457
GLOBAL	I	3552589	3562588	0.0012733357015273	612	0.77928144933472	6	610.34565916399
GLOBAL	I	3562589	3572588	0	36	0	0	35.935691318328
GLOBAL	I	3572589	3582588	NA	0	0	0	0
GLOBAL	I	3582589	3592588	0.00098706294607466	658	0.64948741851712	5	656.0192926045
GLOBAL	I	3592589	3602588	0.00052772853683387	492	0.25964244012227	2	489.85852090032
GLOBAL	I	3602589	3612588	0.00070071921589969	556	0.38959988404023	3	554.82958199357
GLOBAL	I	3612589	3622588	0.0012489804418259	312	0.38968189784968	3	311.52411575563
GLOBAL	I	3622589	3632588	0.0018965952092308	137	0.25983354366462	2	136.76045016077
GLOBAL	I	3632589	3642588	0.00071041315235084	731	0.51931201436846	4	729.38906752412
GLOBAL	I	3642589	3652588	0.0015539743229981	585	0.90907497895387	7	583.88906752412
GLOBAL	I	3652589	3662588	0.00186083917538	349	0.64943287220763	5	347.42604501608
GLOBAL	I	3662589	3672588	0	5	0	0	4.9903536977492
GLOBAL	I	3672589	3682588	0.00072817253629595	535	0.38957230691833	3	533.3231511254
GLOBAL	I	3682589	3692588	0.0013458274925761	772	1.0389788242688	8	769.51768488746
GLOBAL	I	3692589	3702588	NA	0	0	0	0
GLOBAL	I	3702589	3712588	0.0011492824114908	452	0.51947564999385	4	450.1768488746
GLOBAL	I	3712589	3722588	0.0013389231281299	97	0.1298755434286	1	96.456591639871
GLOBAL	I	3722589	3732588	0.00090172487322824	288	0.25969676348973	2	286.85530546624
GLOBAL	I	3732589	3742588	0.0010409766523858	624	0.64956943108873	5	622.06270096463
GLOBAL	I	3742589	3752588	0	68	0	0	67.614147909968
GLOBAL	I	3752589	3762588	0.0011020326091351	118	0.13003984787794	1	117.36977491961
GLOBAL	I	3762589	3772588	NA	0	0	0	0
GLOBAL	I	3772589	3782588	0	6	0	0	5.8215434083601
GLOBAL	I	3782589	3792588	0.0034177774586474	38	0.1298755434286	1	37.713826366559
GLOBAL	I	3792589	3802588	NA	0	0	0	0
GLOBAL	I	3802589	3812588	0.0003913556870176	332	0.12993008808984	1	330.23794212219
GLOBAL	I	3812589	3822588	0.00082910982803458	470	0.38968161917625	3	468.59003215434
GLOBAL	I	3822589	3832588	0.0048637005793467	187	0.90951200833784	7	156.56752411576
GLOBAL	I	3832589	3842588	0.0010066817736964	258	0.25972389761367	2	256.61414790997
GLOBAL	I	3842589	3852588	0.0021944896280077	296	0.64956892989028	5	294.87942122187
GLOBAL	I	3852589	3862588	0.0013456923994377	580	0.78050159167386	6	577.25723472669
GLOBAL	I	3862589	3872588	0.0020167028805788	322	0.64937832754638	5	321.07073954984
GLOBAL	I	3872589	3882588	NA	0	0	0	0
GLOBAL	I	3882589	3892588	NA	0	0	0	0
GLOBAL	I	3892589	3902588	NA	0	0	0	0
GLOBAL	I	3902589	3912588	0.0015724063076003	248	0.38995676428488	3	247.31993569132
GLOBAL	I	3912589	3922588	0	421	0	0	419.54662379421
GLOBAL	I	3922589	3932588	0.0013035088235772	797	1.038896532391	8	795.05627009646
GLOBAL	I	3932589	3942588	0.0013669556680667	1045	1.4284686731297	11	1041.3810289389
GLOBAL	I	3942589	3952588	0.0015699832874602	579	0.90902032343944	7	577.42926045016
GLOBAL	I	3952589	3962588	0.0018576980734302	560	1.0403109211209	8	557.40192926045
GLOBAL	I	3962589	3972588	NA	0	0	0	0
GLOBAL	I	3972589	3982588	NA	0	0	0	0
GLOBAL	I	3982589	3992588	0.0017952406160346	655	1.1758826035027	9	647.72186495177
GLOBAL	I	3992589	4002588	0.0017025733778509	305	0.51928488024453	4	304.46623794212
GLOBAL	I	4002589	4012588	0	37	0	0	36.893687707641
GLOBAL	I	4012589	4022588	NA	0	0	0	0
GLOBAL	I	4022589	4032588	NA	0	0	0	0
GLOBAL	I	4032589	4042588	0.0016928268384271	537	0.90904801223536	7	535.04180064309
GLOBAL	I	4042589	4052588	0.00014945402005593	869	0.1298755434286	1	867.36977491961
GLOBAL	I	4052589	4062588	0.001392694921621	373	0.51947520576464	4	371.96784565916
GLOBAL	I	4062589	4072588	0	265	0	0	264.32636655949
GLOBAL	I	4072589	4082588	0.0011048500610402	588	0.64965183589166	5	586.39389067524
GLOBAL	I	4082589	4092588	0.00061195981059833	637	0.38981839935114	3	634.38424437299
GLOBAL	I	4092589	4102588	0.00066418609588167	391	0.25969676348973	2	388.38102893891
GLOBAL	I	4102589	4112588	0.00087717040581846	296	0.25964244012227	2	295.43247588424
GLOBAL	I	4112589	4122588	0.001362093689439	572	0.77911759035908	6	570.33279742765
GLOBAL	I	4122589	4132588	0.0011645592303593	223	0.25969670837013	2	222.54340836013
GLOBAL	I	4132589	4142588	0.0010107582693111	514	0.51952975042589	4	512.24437299035
GLOBAL	I	4142589	4152588	0.00075934710049746	171	0.12984835418507	1	170.43890675241
GLOBAL	I	4152589	4162588	0	82	0	0	81.749196141479
GLOBAL	I	4162589	4172588	0.00060241865457602	431	0.25964244012227	2	429.78617363344
GLOBAL	I	4172589	4182588	0.0019376301501662	67	0.12982122006113	1	66.82154340836
GLOBAL	I	4182589	4192588	0.0019243879249139	270	0.51958473972675	4	268.75884244373
GLOBAL	I	4192589	4202588	0.00094629799369261	686	0.64916042367313	5	684.92926045016
GLOBAL	I	4202589	4212588	0.0012372584591807	630	0.77947282928385	6	628.55305466238
GLOBAL	I	4212589	4222588	0.00098856574569849	657	0.64948769492391	5	655.12218649518
GLOBAL	I	4222589	4232588	0.0011567295045492	337	0.38981784303308	3	336.03215434084
GLOBAL	I	4232589	4242588	0.00095526833583295	272	0.25983298734656	2	271.33601286174
GLOBAL	I	4242589	4252588	0	104	0	0	103.68810289389
GLOBAL	I	4252589	4262588	0.0004341846824787	299	0.12982122006113	1	297.83922829582
GLOBAL	I	4262589	4272588	0.0012906971620555	604	0.77958108588151	6	601.26205787781
GLOBAL	I	4272589	4282588	0.0013288340671002	880	1.1693739790481	9	876.89067524116
GLOBAL	I	4282589	4292588	0.00072048875533133	901	0.64916036855353	5	898.13344051447
GLOBAL	I	4292589	4302588	0.00081906132530683	317	0.25964244012227	2	316.50964630225
GLOBAL	I	4302589	4312588	0.0011850464606552	548	0.64940546043907	5	546.17041800643
GLOBAL	I	4312589	4322588	0.00091808982577744	566	0.51963884139003	4	563.94051446945
GLOBAL	I	4322589	4332588	0.0014936424556786	435	0.64973446822017	5	433.73954983923
GLOBAL	I	4332589	4342588	0.01163202935571	661	7.6887714041244	59	655.27331189711
GLOBAL	I	4342589	4352588	0.0080517206916388	597	4.8068772529083	37	594.22668810289
GLOBAL	I	4352589	4362588	0.0087272588727827	253	2.207996494814	17	251.97588424437
GLOBAL	I	4362589	4372588	0.010252616869533	38	0.38959944104227	3	37.914790996785
GLOBAL	I	4372589	4382588	0	25	0	0	24.826366559486
GLOBAL	I	4382589	4392588	0.00032043119788501	406	0.13009506634132	1	404.18971061093
GLOBAL	I	4392589	4402588	0.0020623133626979	378	0.77955445109979	6	376.84083601286
GLOBAL	I	4402589	4412588	0.00047954776353492	271	0.12995744391796	1	269.71221864952
GLOBAL	I	4412589	4422588	0.00091198520317602	285	0.25991578290516	2	283.87781350482
GLOBAL	I	4422589	4432588	0.0012740031892999	306	0.38984497592577	3	304.73151125402
GLOBAL	I	4432589	4442588	0	152	0	0	151.20096463023
GLOBAL	I	4442589	4452588	0.00098494184548093	132	0.13001232360348	1	131.13183279743
GLOBAL	I	4452589	4462588	0.0095380501849599	218	2.0792949403213	16	216.59324758842
GLOBAL	I	4462589	4472588	0.0023949686135289	380	0.910088073141	7	377.96463022508
GLOBAL	I	4472589	4482588	0.0013595144198808	1051	1.4288496552947	11	1047.6768488746
GLOBAL	I	4482589	4492588	0.0011690109268948	889	1.0392507140095	8	885.05466237942
GLOBAL	I	4492589	4502588	0	205	0	0	204.42765273312
GLOBAL	I	4502589	4512588	0.00058666450017707	664	0.38954522811757	3	661.81993569132
GLOBAL	I	4512589	4522588	0.00065339359203787	795	0.51944790567011	4	792.43247588424
GLOBAL	I	4522589	4532588	0.002068112235248	942	1.9481617256036	15	939.04180064309
GLOBAL	I	4532589	4542588	0.012725258418494	347	4.4156646712175	34	345.82475884244
GLOBAL	I	4542589	4552588	0.014475574501989	323	4.6756105641424	36	321.67363344051
GLOBAL	I	4552589	4562588	0.012735667517847	612	7.7942285209225	60	609.49356913183
GLOBAL	I	4562589	4572588	NA	0	0	0	0
GLOBAL	I	4572589	4582588	0.013561797942563	795	10.781629364337	83	792.25080385852
GLOBAL	I	4582589	4592588	0.015238792598869	179	2.7277438751976	21	178.29581993569
GLOBAL	I	4592589	4602588	0.00086571672936024	450	0.38957252821211	3	448.55144694534
GLOBAL	I	4602589	4612588	0.0080712208866468	338	2.7280726596866	21	336.90675241158
GLOBAL	I	4612589	4622588	0.0089602375158954	174	1.5590813277658	12	173.50160771704
GLOBAL	I	4622589	4632588	0.0057710385762207	90	0.51939347185986	4	89.623794212219
GLOBAL	I	4632589	4642588	0.0091518646275022	667	6.104293706544	47	665.06109324759
GLOBAL	I	4642589	4652588	0.012012887367826	346	4.1564590292678	32	344.51286173633
GLOBAL	I	4652589	4662588	0.010364340929726	539	5.5863797611222	43	536.09807073955
GLOBAL	I	4662589	4672588	0.0069482993691763	187	1.299331982036	10	186.25723472669
GLOBAL	I	4672589	4682588	0.0093065957251288	628	5.8445421153809	45	626.06430868167
GLOBAL	I	4682589	4692588	0.0065163694367243	319	2.0787218503151	16	317.53697749196
GLOBAL	I	4692589	4702588	0.00855328119874	243	2.0784473312938	16	242.40996784566
GLOBAL	I	4702589	4712588	0.00039944990788041	325	0.12982122006113	1	322.86012861736
GLOBAL	I	4712589	4722588	0	8	0	0	7.958064516129
GLOBAL	I	4722589	4732588	0.0009214899864528	141	0.12993008808984	1	140.47909967846
GLOBAL	I	4732589	4742588	0.00056101794417058	463	0.25975130815098	2	461.45819935691
GLOBAL	I	4742589	4752588	0.0027560661325476	283	0.77996671551096	6	280.89549839228
GLOBAL	I	4752589	4762588	0.00036573179471295	710	0.2596695742462	2	707.6270096463
GLOBAL	I	4762589	4772588	0.00089696940688253	724	0.64940585058295	5	722.01446945338
GLOBAL	I	4772589	4782588	0.0015902022517925	490	0.77919910337831	6	488.59485530547
GLOBAL	I	4782589	4792588	0.00060727777531758	214	0.12995744391796	1	212.92765273312
GLOBAL	I	4792589	4802588	0.00091188646905904	285	0.25988764368183	2	283.40675241158
GLOBAL	I	4802589	4812588	0.00082165329152616	158	0.12982122006113	1	156.61093247588
GLOBAL	I	4812589	4822588	NA	0	0	0	0
GLOBAL	I	4822589	4832588	NA	0	0	0	0
GLOBAL	I	4832589	4842588	NA	0	0	0	0
GLOBAL	I	4842589	4852588	0.0008178606784776	159	0.13003984787794	1	157.54180064309
GLOBAL	I	4852589	4862588	0	46	0	0	45.890675241158
GLOBAL	I	4862589	4872588	0.00054506618220431	953	0.51944807164071	4	948.92122186495
GLOBAL	I	4872589	4882588	0	341	0	0	339.92604501608
GLOBAL	I	4882589	4892588	0.0011423213439133	682	0.77906315654884	6	679.90353697749
GLOBAL	I	4892589	4902588	0.00096726380093743	537	0.5194206611034	4	535.40192926045
GLOBAL	I	4902589	4912588	0.00097254522189587	267	0.2596695742462	2	265.65434083601
GLOBAL	I	4912589	4922588	0	52	0	0	51.795819935691
GLOBAL	I	4922589	4932588	0.0011801929096467	110	0.12982122006113	1	109.68971061093
GLOBAL	I	4932589	4942588	0	43	0	0	42.872990353698
GLOBAL	I	4942589	4952588	0.00027562891732725	471	0.12982122006113	1	467.7459807074
GLOBAL	I	4952589	4962588	0.00085796900535521	454	0.38951792843126	3	453.13344051447
GLOBAL	I	4962589	4972588	NA	0	0	0	0
GLOBAL	I	4972589	4982588	0.00034344238111411	378	0.12982122006113	1	376.88585209003
GLOBAL	I	4982589	4992588	0.0014875949253488	524	0.77949974088276	6	522.48874598071
GLOBAL	I	4992589	5002588	0.00068688476222822	378	0.25964244012227	2	377.11093247588
GLOBAL	I	5002589	5012588	0.00055055122071968	236	0.12993008808984	1	235.1575562701
GLOBAL	I	5012589	5022588	0.00045124112471515	288	0.12995744391796	1	287.18649517685
GLOBAL	I	5022589	5032588	0.0015549090020606	919	1.4289613728937	11	915.30868167203
GLOBAL	I	5032589	5042588	0.0013330967085685	877	1.1691258134146	9	874.72508038585
GLOBAL	I	5042589	5052588	0.00021782083902875	596	0.12982122006113	1	593.69935691318
GLOBAL	I	5052589	5062588	0.00081426742367077	319	0.25975130815098	2	318.24437299035
GLOBAL	I	5062589	5072588	0.00042434102674858	306	0.12984835418507	1	304.99678456592
GLOBAL	I	5072589	5082588	0.00060254456698406	431	0.25969670837013	2	429.8424437299
GLOBAL	I	5082589	5092588	0.00067732810466678	575	0.3894636601834	3	573.39549839228
GLOBAL	I	5092589	5102588	0.00036165678864373	718	0.2596695742462	2	716.43729903537
GLOBAL	I	5102589	5112588	0.00021015460101715	618	0.1298755434286	1	615.51768488746
GLOBAL	I	5112589	5122588	0.0011241107110225	231	0.2596695742462	2	230.44051446945
GLOBAL	I	5122589	5132588	NA	0	0	0	0
GLOBAL	I	5132589	5142588	0.00020320556210495	639	0.12984835418507	1	637.36012861736
GLOBAL	I	5142589	5152588	0.00044417909071288	877	0.3895450625552	3	872.76205787781
GLOBAL	I	5152589	5162588	0	43	0	0	42.850482315113
GLOBAL	I	5162589	5172588	0.00049877735937874	781	0.3895451176748	3	779.09646302251
GLOBAL	I	5172589	5182588	0.0009359424714247	555	0.51944807164071	4	553.64308681672
GLOBAL	I	5182589	5192588	0.00071511454204726	908	0.64932400417892	5	906.02411575563
GLOBAL	I	5192589	5202588	0.00090275998045434	720	0.64998718592713	5	718.47749196141
GLOBAL	I	5202589	5212588	0	147	0	0	146.55305466238
GLOBAL	I	5212589	5222588	0.00082457808721395	945	0.77922629241719	6	933.38424437299
GLOBAL	I	5222589	5232588	0.00035695079145562	364	0.12993008808984	1	363.07556270096
GLOBAL	I	5232589	5242588	0.00074191306927485	350	0.2596695742462	2	349.22025723473
GLOBAL	I	5242589	5252588	0.00085662312014421	455	0.38976351966562	3	453.19131832797
GLOBAL	I	5252589	5262588	0.0011418247297467	455	0.51953025203475	4	453.34726688103
GLOBAL	I	5262589	5272588	0.00061095713954137	638	0.38979065502739	3	636.31832797428
GLOBAL	I	5272589	5282588	0.0017396498395386	224	0.38968156405665	3	223.23794212219
GLOBAL	I	5282589	5292588	0.0017802389577803	73	0.12995744391796	1	72.618971061093
GLOBAL	I	5292589	5302588	0	67	0	0	66.085209003215
GLOBAL	I	5302589	5312588	0.00091906002824152	424	0.3896814519744	3	423.07556270096
GLOBAL	I	5312589	5322588	0.0010166388460496	511	0.51950245033135	4	509.02090032154
GLOBAL	I	5322589	5332588	NA	0	0	0	0
GLOBAL	I	5332589	5342588	0.00078943467494359	329	0.25972400805644	2	327.78778135048
GLOBAL	I	5342589	5352588	0.0010944119015943	949	1.038596894613	8	947.31028938907
GLOBAL	I	5352589	5362588	0.00067969225162897	191	0.12982122006113	1	190.66237942122
GLOBAL	I	5362589	5372588	0.001019346596003	637	0.64932378165389	5	635.11093247588
GLOBAL	I	5372589	5382588	0.0011872474782864	875	1.0388415435006	8	873.07717041801
GLOBAL	I	5382589	5392588	0.00052678102043504	740	0.38981795512193	3	737.73954983923
GLOBAL	I	5392589	5402588	0	393	0	0	391.68971061093
GLOBAL	I	5402589	5412588	0.00020591139158454	631	0.12993008808984	1	630.038585209
GLOBAL	I	5412589	5422588	0.00093061806495436	279	0.25964244012227	2	278.38745980707
GLOBAL	I	5422589	5432588	NA	0	0	0	0
GLOBAL	I	5432589	5442588	0.0018002560454121	505	0.90912930293313	7	503.41639871383
GLOBAL	I	5442589	5452588	0.00075929431491397	513	0.38951798355087	3	511.68006430868
GLOBAL	I	5452589	5462588	0	398	0	0	397.1270096463
GLOBAL	I	5462589	5472588	0.0011302084324938	1034	1.1686355191986	9	1031.8617363344
GLOBAL	I	5472589	5482588	0.0021812854306538	655	1.4287419570782	11	653.31993569132
GLOBAL	I	5482589	5492588	0	139	0	0	138.45659163987
GLOBAL	I	5492589	5502588	0	2	0	0	1.9967585089141
GLOBAL	I	5502589	5512588	0.00087991613090915	738	0.64937810461095	5	730.94855305466
GLOBAL	I	5512589	5522588	0	213	0	0	212.0192926045
GLOBAL	I	5522589	5532588	0.0020826933699647	187	0.3894636601834	3	186.52250803859
GLOBAL	I	5532589	5542588	0.00028117486579071	462	0.12990278799531	1	460.36173633441
GLOBAL	I	5542589	5552588	NA	0	0	0	0
GLOBAL	I	5552589	5562588	0.00096258252747059	405	0.38984592362559	3	402.74758842444
GLOBAL	I	5562589	5572588	0.00037358624478024	695	0.25964244012227	2	693.60450160772
GLOBAL	I	5572589	5582588	0	29	0	0	28.895498392283
GLOBAL	I	5582589	5592588	0.00072082286801026	901	0.64946140407725	5	898.12540192926
GLOBAL	I	5592589	5602588	0.00050032673265163	519	0.2596695742462	2	518.1768488746
GLOBAL	I	5602589	5612588	0.0005213703616913	498	0.25964244012227	2	495.538585209
GLOBAL	I	5612589	5622588	0.00098775073108331	263	0.25977844227491	2	262.2347266881
GLOBAL	I	5622589	5632588	0.0007096775766881	550	0.39032266717846	3	548.42765273312
GLOBAL	I	5632589	5642588	0.00048091983031506	270	0.12984835418507	1	269.43247588424
GLOBAL	I	5642589	5652588	0.00094666959237062	960	0.90880280867579	7	957.1077170418
GLOBAL	I	5652589	5662588	0.00040006539310056	649	0.25964244012227	2	647.77331189711
GLOBAL	I	5662589	5672588	0.0014387633858799	361	0.51939358230264	4	360.28938906752
GLOBAL	I	5672589	5682588	0	617	0	0	614.66559485531
GLOBAL	I	5682589	5692588	0.0011561094732466	1011	1.1688266774523	9	1009.4308681672
GLOBAL	I	5692589	5702588	0.00080153305052509	162	0.12984835418507	1	161.69292604502
GLOBAL	I	5702589	5712588	0.00092768324339635	280	0.25975130815098	2	279.12218649518
GLOBAL	I	5712589	5722588	0.0003407737194832	762	0.2596695742462	2	759.94694533762
GLOBAL	I	5722589	5732588	0.00082460741592942	630	0.51950267203554	4	628.60932475884
GLOBAL	I	5732589	5742588	0.00083436148384267	778	0.6491332344296	5	776.54662379421
GLOBAL	I	5742589	5752588	0.00078935186471044	658	0.51939352697947	4	655.57556270096
GLOBAL	I	5752589	5762588	0.0011783471718727	551	0.64926929170184	5	549.97106109325
GLOBAL	I	5762589	5772588	0.00058042274244918	671	0.3894636601834	3	669.84726688103
GLOBAL	I	5772589	5782588	0.0011970946405864	1302	1.5586172220436	12	1299.4453376206
GLOBAL	I	5782589	5792588	0.00017763112747615	731	0.12984835418507	1	729.7652733119
GLOBAL	I	5792589	5802588	0	224	0	0	223.46623794212
GLOBAL	I	5802589	5812588	0.00034257199768628	758	0.2596695742462	2	756.28617363344
GLOBAL	I	5812589	5822588	0.0011983280414529	867	1.0389504119397	8	865.27009646302
GLOBAL	I	5822589	5832588	0.00056651609801803	688	0.38976307543641	3	685.5
GLOBAL	I	5832589	5842588	0.0004808695819374	540	0.2596695742462	2	536.10932475884
GLOBAL	I	5842589	5852588	0.0015377140175296	760	1.1686626533225	9	757.63344051447
GLOBAL	I	5852589	5862588	0	94	0	0	93.612540192926
GLOBAL	I	5862589	5872588	0.00055026249494421	472	0.25972389761367	2	470.95659163987
GLOBAL	I	5872589	5882588	0.0013219582291274	393	0.51952958404706	4	391.83279742765
GLOBAL	I	5882589	5892588	0.0012199159038292	639	0.77952626254684	6	636.72025723473
GLOBAL	I	5892589	5902588	0.00065899096477732	197	0.12982122006113	1	196.7154340836
GLOBAL	I	5902589	5912588	0.00015682168379839	828	0.12984835418507	1	826.73794212219
GLOBAL	I	5912589	5922588	0.00017224873133767	754	0.1298755434286	1	752.91479099678
GLOBAL	I	5922589	5932588	0.0012771971071305	305	0.3895451176748	3	304.69774919614
GLOBAL	I	5932589	5942588	0.0014924709907986	696	1.0387598095958	8	694.70578778135
GLOBAL	I	5942589	5952588	0.0020038480842329	713	1.4287436840581	11	710.3424437299
GLOBAL	I	5952589	5962588	0.00027184923329716	956	0.25988786703208	2	953.22990353698
GLOBAL	I	5962589	5972588	0.0012482809621263	208	0.25964244012227	2	207.43729903537
GLOBAL	I	5972589	5982588	0.00064454377712251	403	0.25975114218037	2	401.69292604502
GLOBAL	I	5982589	5992588	0.00066574984646735	390	0.25964244012227	2	388.73633440514
GLOBAL	I	5992589	6002588	0.0005974620063153	652	0.38954522811757	3	650.538585209
GLOBAL	I	6002589	6012588	0	75	0	0	74.826366559486
GLOBAL	I	6012589	6022588	0.00013495061673724	963	0.12995744391796	1	960.67845659164
GLOBAL	I	6022589	6032588	0.00036115378893769	719	0.2596695742462	2	714.41800643087
GLOBAL	I	6032589	6042588	0.00064755504799551	401	0.2596695742462	2	399.97909967846
GLOBAL	I	6042589	6052588	0.0021079283652198	308	0.6492419364877	5	307.538585209
GLOBAL	I	6052589	6062588	0.0013316389129544	780	1.0386783521044	8	778.57073954984
GLOBAL	I	6062589	6072588	0	282	0	0	280.93569131833
GLOBAL	I	6072589	6082588	0.000939524003072	553	0.51955677369882	4	551.538585209
GLOBAL	I	6082589	6092588	0.001092540797496	713	0.77898158861466	6	710.95819935691
GLOBAL	I	6092589	6102588	0.00044260317534924	880	0.38949079430733	3	876.24115755627
GLOBAL	I	6102589	6112588	0.0012777339848965	610	0.77941773078689	6	607.94372990354
GLOBAL	I	6112589	6122588	0.0014281037793183	91	0.12995744391796	1	90.683279742765
GLOBAL	I	6122589	6132588	0.0013142257732769	593	0.77933588355319	6	591.49196141479
GLOBAL	I	6132589	6142588	0.0011387826321152	114	0.12982122006113	1	113.60932475884
GLOBAL	I	6142589	6152588	0.0005942095520508	437	0.2596695742462	2	435.59324758842
GLOBAL	I	6152589	6162588	0.00077769919323111	501	0.38962729580879	3	500.30064308682
GLOBAL	I	6162589	6172588	0.0012010043155464	865	1.0388687329477	8	862.42926045016
GLOBAL	I	6172589	6182588	0.00081195046086906	480	0.38973622121715	3	478.66077170418
GLOBAL	I	6182589	6192588	0.00055483019132098	702	0.38949079430733	3	699.16398713826
GLOBAL	I	6192589	6202588	0	207	0	0	206.15112540193
GLOBAL	I	6202589	6212588	0.0011439188292784	454	0.5193391484924	4	453.03215434084
GLOBAL	I	6212589	6222588	0	311	0	0	310.01607717042
GLOBAL	I	6222589	6232588	0.00105140378919	494	0.51939347185986	4	492.2652733119
GLOBAL	I	6232589	6242588	0.0016335696548327	318	0.51947515023681	4	317.03697749196
GLOBAL	I	6242589	6252588	0.00055969118183218	232	0.12984835418507	1	231.3231511254
GLOBAL	I	6252589	6262588	0.00068713710316647	756	0.51947564999385	4	742.92282958199
GLOBAL	I	6262589	6272588	0	96	0	0	46.090909090909
GLOBAL	I	6272589	6282588	0.0010847697782476	127	0.13776576183745	1	77.240917782027
GLOBAL	I	6282589	6292588	0.00087849240258843	457	0.40147102798291	3	307.64790996785
GLOBAL	I	6292589	6302588	0.00092273930557296	563	0.51950222903757	4	560.99196141479
GLOBAL	I	6302589	6312588	0.00095488166671468	952	0.90904734671237	7	949.26205787781
GLOBAL	I	6312589	6322588	0.00068485341124926	1138	0.77936318200166	6	1135.0868167203
GLOBAL	I	6322589	6332588	0	228	0	0	226.93890675241
GLOBAL	I	6332589	6342588	0.00065538611044347	595	0.38995473571386	3	592.18488745981
GLOBAL	I	6342589	6352588	0.0015032705065681	691	1.0387599200386	8	689.2652733119
GLOBAL	I	6352589	6362588	0.00058767264287551	442	0.25975130815098	2	441.07877813505
GLOBAL	I	6362589	6372588	0.0011232562326268	578	0.64924210245831	5	575.70578778135
GLOBAL	I	6372589	6382588	0	342	0	0	340.36334405145
GLOBAL	I	6382589	6392588	0.00032700559209353	794	0.25964244012227	2	791.96463022508
GLOBAL	I	6392589	6402588	0.0012811418861333	811	1.0390060696541	8	806.17202572347
GLOBAL	I	6402589	6412588	0.0011394997233568	456	0.51961187385068	4	454.70900321543
GLOBAL	I	6412589	6422588	0.00034711556166078	374	0.12982122006113	1	371.80707395498
GLOBAL	I	6422589	6432588	0.0012446470625023	522	0.64970576662618	5	518.2459807074
GLOBAL	I	6432589	6442588	0.0018925106692572	806	1.5253635994213	10	339.71704180064
GLOBAL	I	6442589	6452588	0.00075348403376771	901	0.67888911442471	5	351.27272727273
GLOBAL	I	6452589	6462588	0.0014600105087058	558	0.81468586385781	6	214.69542253521
GLOBAL	I	6462589	6472588	0.00038934334235035	1048	0.40803182278317	3	374.84296028881
GLOBAL	I	6472589	6482588	0.0019234326416009	622	1.1963751030758	7	343.48392282958
GLOBAL	I	6482589	6492588	0.0014282580887291	182	0.2599429721487	2	180.73954983923
GLOBAL	I	6492589	6502588	0.0011179718233827	581	0.64954162938534	5	577.03536977492
GLOBAL	I	6502589	6512588	0.002050814545925	190	0.38965476372575	3	189.24919614148
GLOBAL	I	6512589	6522588	0.0014538828835296	536	0.77928122557186	6	532.961414791
GLOBAL	I	6522589	6532588	0.00064447644679018	403	0.25972400805644	2	400.78135048232
GLOBAL	I	6532589	6542588	0.00029918975618679	434	0.12984835418507	1	433.04019292605
GLOBAL	I	6542589	6552588	0.00080011245118223	487	0.38965476372575	3	485.57717041801
GLOBAL	I	6552589	6562588	0.00055615395634618	467	0.25972389761367	2	465.50803858521
GLOBAL	I	6562589	6572588	0.00075950822114507	1026	0.77925543489484	6	1020.268488746
GLOBAL	I	6572589	6582588	0.00088834282347437	731	0.64937860395976	5	728.66720257235
GLOBAL	I	6582589	6592588	0.0014300480749888	454	0.64924182604493	5	452.85852090032
GLOBAL	I	6592589	6602588	NA	0	0	0	0
GLOBAL	I	6602589	6612588	0	318	0	0	317.34726688103
GLOBAL	I	6612589	6622588	0.00098764755950942	263	0.25975130815098	2	262.28938906752
GLOBAL	I	6622589	6632588	0.00030357497217253	428	0.12993008808984	1	425.81993569132
GLOBAL	I	6632589	6642588	0	234	0	0	233.33762057878
GLOBAL	I	6642589	6652588	0.00030604100875318	425	0.1300674287201	1	423.86655948553
GLOBAL	I	6652589	6662588	0.0011133758973047	350	0.38968156405665	3	349.12861736334
GLOBAL	I	6662589	6672588	0.00087891076270985	739	0.64951505364258	5	735.45819935691
GLOBAL	I	6672589	6682588	0.0006290032237867	413	0.25977833142391	2	411.72829581994
GLOBAL	I	6682589	6692588	0.0015439824811066	589	0.90940568137178	7	586.97749196141
GLOBAL	I	6692589	6702588	NA	0	0	0	0
GLOBAL	I	6702589	6712588	0.00096913980655594	670	0.64932367039248	5	668.56270096463
GLOBAL	I	6712589	6722588	0.00046146727486262	563	0.25980607574765	2	561.58199356913
GLOBAL	I	6722589	6732588	0	413	0	0	412.02733118971
GLOBAL	I	6732589	6742588	0.0010387328963574	500	0.51936644817871	4	498.78617363344
GLOBAL	I	6742589	6752588	0.00078211002872958	498	0.38949079430733	3	497.36334405145
GLOBAL	I	6752589	6762588	0.0010093255500934	386	0.38959966233604	3	385.20900321543
GLOBAL	I	6762589	6772588	0	164	0	0	160.75080385852
GLOBAL	I	6772589	6782588	0.00049994175264046	260	0.12998485568652	1	259.16881028939
GLOBAL	I	6782589	6792588	0.00070877213282581	733	0.51952997336132	4	731.0884244373
GLOBAL	I	6792589	6802588	0.0011132200518976	350	0.38962701816416	3	348.46463022508
GLOBAL	I	6802589	6812588	0.0005096370349724	255	0.12995744391796	1	254.27170418006
GLOBAL	I	6812589	6822588	0.00080324198400311	485	0.38957236224151	3	483.25884244373
GLOBAL	I	6822589	6832588	0.00082758209776135	785	0.64965194674266	5	782.36655948553
GLOBAL	I	6832589	6842588	0.0002756865269322	471	0.12984835418507	1	469.85852090032
GLOBAL	I	6842589	6852588	NA	0	0	0	0
GLOBAL	I	6852589	6862588	0.0013403899785764	969	1.2988378892405	10	966.00964630225
GLOBAL	I	6862589	6872588	0.00085047594661761	458	0.38951798355087	3	456.72025723473
GLOBAL	I	6872589	6882588	0.00060343457719981	646	0.38981873687108	3	643.42926045016
GLOBAL	I	6882589	6892588	0.00027580209765458	471	0.12990278799531	1	469.12379421222
GLOBAL	I	6892589	6902588	0.0004899937893776	265	0.12984835418507	1	264.00482315113
GLOBAL	I	6902589	6912588	0.0010065767102844	1032	1.0387871650135	8	1029.3601286174
GLOBAL	I	6912589	6922588	0.00098109856600408	662	0.6494872506947	5	657.11575562701
GLOBAL	I	6922589	6932588	0.0015775465008239	247	0.38965398570351	3	246.13183279743
GLOBAL	I	6932589	6942588	0	93	0	0	92.604501607717
GLOBAL	I	6942589	6952588	0.0011005249898884	236	0.25972389761367	2	235.4115755627
GLOBAL	I	6952589	6962588	0.00063746447513475	611	0.38949079430733	3	609.44051446945
GLOBAL	I	6962589	6972588	0.0013139954877974	593	0.77919932426386	6	591.8922829582
GLOBAL	I	6972589	6982588	0.0004850607407421	804	0.38998883555665	3	800.33118971061
GLOBAL	I	6982589	6992588	0.00066318803921694	196	0.12998485568652	1	195.14469453376
GLOBAL	I	6992589	7002588	0.001187112583588	547	0.64935058322264	5	545.28938906752
GLOBAL	I	7002589	7012588	0.0024586385664919	581	1.4284690071318	11	579.66559485531
GLOBAL	I	7012589	7022588	0.0010097074357147	643	0.64924188116453	5	642.1961414791
GLOBAL	I	7022589	7032588	0.00068946028770831	565	0.3895450625552	3	564.17041800643
GLOBAL	I	7032589	7042588	0.0013446950205464	483	0.64948769492391	5	481.59003215434
GLOBAL	I	7042589	7052588	0.0024011641838244	541	1.299029823449	10	538.77331189711
GLOBAL	I	7052589	7062588	0.001119460970015	696	0.77914483513044	6	694.4807073955
GLOBAL	I	7062589	7072588	0.00046705346172986	1113	0.51983050290533	4	1110.231511254
GLOBAL	I	7072589	7082588	0.00072323799476954	359	0.25964244012227	2	357.56270096463
GLOBAL	I	7082589	7092588	0.00048265720120111	538	0.2596695742462	2	536.09807073955
GLOBAL	I	7092589	7102588	0.0021428939605775	303	0.64929687005498	5	301.23954983923
GLOBAL	I	7102589	7112588	0.00081091436630159	801	0.64954240740758	5	798.06752411576
GLOBAL	I	7112589	7122588	0.0015275212879657	255	0.38951792843126	3	252.35209003215
GLOBAL	I	7122589	7132588	NA	0	0	0	0
GLOBAL	I	7132589	7142588	NA	0	0	0	0
GLOBAL	I	7142589	7152588	0.0010562323359898	492	0.51966630930699	4	490.75080385852
GLOBAL	I	7152589	7162588	0.0012900647406926	604	0.77919910337831	6	601.14147909968
GLOBAL	I	7162589	7172588	0.00097862008619932	796	0.77898158861466	6	794.56270096463
GLOBAL	I	7172589	7182588	0.00092989702047632	419	0.38962685157958	3	417.96623794212
GLOBAL	I	7182589	7192588	0.00031718965985825	819	0.25977833142391	2	817.41639871383
GLOBAL	I	7192589	7202588	0.0012687880404927	307	0.38951792843126	3	306.1270096463
GLOBAL	I	7202589	7212588	0.0011446393624941	681	0.77949940585849	6	679.12540192926
GLOBAL	I	7212589	7222588	0.0008327118712239	624	0.51961220764371	4	621.04823151125
GLOBAL	I	7222589	7232588	0.00049941685286487	520	0.25969676348973	2	516.83279742765
GLOBAL	I	7232589	7242588	0.00081418149722152	319	0.25972389761367	2	318.20739549839
GLOBAL	I	7242589	7252588	0.00090180043746496	720	0.64929631497477	5	718.45337620579
GLOBAL	I	7252589	7262588	0	56	0	0	55.768488745981
GLOBAL	I	7262589	7272588	0.00049205696164328	528	0.25980607574765	2	526.8231511254
GLOBAL	I	7272589	7282588	0	54	0	0	53.845659163987
GLOBAL	I	7282589	7292588	NA	0	0	0	0
GLOBAL	I	7292589	7302588	0.00046364721450405	280	0.12982122006113	1	279.19131832797
GLOBAL	I	7302589	7312588	0.00089564767240319	580	0.51947564999385	4	577.43247588424
GLOBAL	I	7312589	7322588	0	43	0	0	42.945337620579
GLOBAL	I	7322589	7332588	0.00051318097677114	506	0.2596695742462	2	504.56270096463
GLOBAL	I	7332589	7342588	0.00080164516766469	486	0.38959955148504	3	484.70578778135
GLOBAL	I	7342589	7352588	0	148	0	0	147.37138263666
GLOBAL	I	7352589	7362588	0	87	0	0	86.61575562701
GLOBAL	I	7362589	7372588	0.0013396992620149	388	0.51980331366179	4	384.9308681672
GLOBAL	I	7372589	7382588	0.0015338033064905	508	0.77917207969715	6	506.95980707396
GLOBAL	I	7382589	7392588	0.0006030952809366	646	0.38959955148504	3	644.53215434084
GLOBAL	I	7392589	7402588	NA	0	0	0	0
GLOBAL	I	7402589	7412588	0.0010992451751633	827	0.90907575986007	7	824.77491961415
GLOBAL	I	7412589	7422588	0.00074625506749923	696	0.51939352697947	4	693.71864951768
GLOBAL	I	7422589	7432588	0	542	0	0	540.37781350482
GLOBAL	I	7432589	7442588	0.00085295204470826	609	0.51944779522733	4	607.40836012862
GLOBAL	I	7442589	7452588	0	65	0	0	64.620578778135
GLOBAL	I	7452589	7462588	0.00026767261868275	485	0.12982122006113	1	483.69131832797
GLOBAL	I	7462589	7472588	0.00077053286126468	337	0.2596695742462	2	335.55627009646
GLOBAL	I	7472589	7482588	0	279	0	0	278.48874598071
GLOBAL	I	7482589	7492588	0.0019246904434932	135	0.25983320987158	2	134.59324758842
GLOBAL	I	7492589	7502588	0.00042582145386426	305	0.1298755434286	1	304.32958199357
GLOBAL	I	7502589	7512588	0.00039475849066444	329	0.1298755434286	1	327.99517684887
GLOBAL	I	7512589	7522588	0.00094088104662306	552	0.51936633773593	4	550.71061093248
GLOBAL	I	7522589	7532588	0.0002535570704319	512	0.12982122006113	1	510.8922829582
GLOBAL	I	7532589	7542588	0.00081648566076184	159	0.12982122006113	1	158.59003215434
GLOBAL	I	7542589	7552588	0.0006598680794865	591	0.38998203497652	3	588.88906752412
GLOBAL	I	7552589	7562588	0	411	0	0	409.6575562701
GLOBAL	I	7562589	7572588	0.0013168298706016	789	1.0389787679047	8	786.52090032154
GLOBAL	I	7572589	7582588	0	207	0	0	206.33279742765
GLOBAL	I	7582589	7592588	0.00067881630273667	1148	0.77928111554169	6	1145.421221865
GLOBAL	I	7592589	7602588	0.00023312092313297	557	0.12984835418507	1	555.31350482315
GLOBAL	I	7602589	7612588	0.001480259440066	702	1.0391421269263	8	700.24437299035
GLOBAL	I	7612589	7622588	0.00053894073622143	723	0.38965415228809	3	721.30064308682
GLOBAL	I	7622589	7632588	0.0011545708545552	225	0.25977844227491	2	223.6961414791
GLOBAL	I	7632589	7642588	0.00061098723352047	425	0.2596695742462	2	423.78617363344
GLOBAL	I	7642589	7652588	0.00046614441673656	557	0.25964244012227	2	555.20578778135
GLOBAL	I	7652589	7662588	0.00090313054191379	719	0.64935085963602	5	716.57717041801
GLOBAL	I	7662589	7672588	0.00093705354259937	693	0.64937810502136	5	690.70257234727
GLOBAL	I	7672589	7682588	0.00061143780691546	425	0.25986106793907	2	423.21061093248
GLOBAL	I	7682589	7692588	0.001217926910524	320	0.38973661136767	3	319.24115755627
GLOBAL	I	7692589	7702588	0	199	0	0	198.27491961415
GLOBAL	I	7702589	7712588	0.001050055261296	495	0.51977735434152	4	493.43729903537
GLOBAL	I	7712589	7722588	0	280	0	0	278.96463022508
GLOBAL	I	7722589	7732588	0.0018295354720916	639	1.1690731666665	9	636.32636655949
GLOBAL	I	7732589	7742588	0.00055728907375564	233	0.12984835418507	1	231.8922829582
GLOBAL	I	7742589	7752588	0.00025050544046914	519	0.13001232360348	1	514.90514469453
GLOBAL	I	7752589	7762588	0.00077388287859216	168	0.13001232360348	1	167.07556270096
GLOBAL	I	7762589	7772588	0.0013610982592746	191	0.25996976752145	2	189.83922829582
GLOBAL	I	7772589	7782588	0	73	0	0	72.638263665595
GLOBAL	I	7782589	7792588	0.0015836281634639	246	0.38957252821211	3	245.33601286174
GLOBAL	I	7792589	7802588	0.00033138466325334	392	0.12990278799531	1	390.32475884244
GLOBAL	I	7802589	7812588	0.0012983932785029	300	0.38951798355087	3	299.29260450161
GLOBAL	I	7812589	7822588	0.0013641516875196	667	0.90988917557558	7	664.27813504823
GLOBAL	I	7822589	7832588	0.00031151747720697	417	0.12990278799531	1	415.75241157556
GLOBAL	I	7832589	7842588	0.0011020057851713	707	0.77911809011612	6	705.05466237942
GLOBAL	I	7842589	7852588	0.00096362476488542	539	0.51939374827324	4	537.61093247588
GLOBAL	I	7852589	7862588	0.0010133695327195	769	0.77928117066129	6	767.15594855305
GLOBAL	I	7862589	7872588	0.0019269328254892	472	0.90951229363092	7	470.44372990354
GLOBAL	I	7872589	7882588	0	61	0	0	60.633440514469
GLOBAL	I	7882589	7892588	0.0009148091482501	284	0.25980579810303	2	282.86334405145
GLOBAL	I	7892589	7902588	NA	0	0	0	0
GLOBAL	I	7902589	7912588	0	71	0	0	69.424437299035
GLOBAL	I	7912589	7922588	NA	0	0	0	0
GLOBAL	I	7922589	7932588	0.00047471585785411	547	0.2596695742462	2	545.57877813505
GLOBAL	I	7932589	7942588	0	92	0	0	91.754019292605
GLOBAL	I	7942589	7952588	0.001097150410156	237	0.26002464720697	2	235.77974276527
GLOBAL	I	7952589	7962588	0.0013818012119737	564	0.77933588355319	6	560.19774919614
GLOBAL	I	7962589	7972588	0.00053233287351416	488	0.25977844227491	2	484.08199356913
GLOBAL	I	7972589	7982588	0.0002146703197167	605	0.1298755434286	1	600.06591639871
GLOBAL	I	7982589	7992588	0.00041065151926276	633	0.25994241169333	2	629.86495176849
GLOBAL	I	7992589	8002588	0.0012335142000157	316	0.38979048720496	3	313.70739549839
GLOBAL	I	8002589	8012588	0.0011987172929402	976	1.1699480779097	9	964.07234726688
GLOBAL	I	8012589	8022588	0.00089356417050335	292	0.26092073778698	2	283.4498381877
GLOBAL	I	8022589	8032588	0.0019987033110411	132	0.26382883705743	2	126.63333333333
GLOBAL	I	8032589	8042588	NA	0	0	0	0
GLOBAL	I	8042589	8052588	NA	0	0	0	0
GLOBAL	I	8052589	8062588	NA	0	0	0	0
GLOBAL	I	8062589	8072588	NA	0	0	0	0
GLOBAL	I	8072589	8082588	NA	0	0	0	0
GLOBAL	I	8082589	8092588	NA	0	0	0	0
GLOBAL	I	8092589	8102588	NA	0	0	0	0
GLOBAL	I	8102589	8112588	0.011969863062111	57	0.68228219454032	5	54.547945205479
GLOBAL	I	8112589	8122588	NA	0	0	0	0
GLOBAL	I	8122589	8132588	0	233	0	0	231.41318327974
GLOBAL	I	8132589	8142588	0.0012734237366417	204	0.25977844227491	2	202.11736334405
GLOBAL	I	8142589	8152588	NA	0	0	0	0
GLOBAL	I	8152589	8162588	0.00055728907375564	466	0.25969670837013	2	463.17524115756
GLOBAL	I	8162589	8172588	0.00036076539841278	360	0.1298755434286	1	358.11254019293
GLOBAL	I	8172589	8182588	NA	0	0	0	0
GLOBAL	I	8182589	8192588	NA	0	0	0	0
GLOBAL	I	8192589	8202588	0.00095751536134875	407	0.38970875206894	3	405.89389067524
GLOBAL	I	8202589	8212588	0.00023490558407831	553	0.12990278799531	1	550.52733118971
GLOBAL	I	8212589	8222588	0	30	0	0	29.765273311897
GLOBAL	I	8222589	8232588	NA	0	0	0	0
GLOBAL	I	8232589	8242588	0.0013535542606168	480	0.64970604509609	5	477.72186495177
GLOBAL	I	8242589	8252588	NA	0	0	0	0
GLOBAL	I	8252589	8262588	0.0064951518936913	40	0.25980607574765	2	39.5
GLOBAL	I	8262589	8272588	0.0032064678717737	81	0.25972389761367	2	80.938906752412
GLOBAL	I	8272589	8282588	0.000714874559808	908	0.64910610030566	5	906.20257234727
GLOBAL	I	8282589	8292588	0.0011954571536457	543	0.6491332344296	5	541.25723472669
GLOBAL	I	8292589	8302588	0	207	0	0	206.25562700965
GLOBAL	I	8302589	8312588	0.00045560826029847	285	0.12984835418507	1	284.31511254019
GLOBAL	I	8312589	8322588	0.0011132993249307	350	0.38965476372575	3	348.78938906752
GLOBAL	I	8322589	8332588	0.0067928757757119	497	3.3760592605288	26	496.08520900322
GLOBAL	I	8332589	8342588	0.004222269948065	123	0.519339203612	4	122.86495176849
GLOBAL	I	8342589	8352588	0.0085444502034755	76	0.64937821546414	5	75.405144694534
GLOBAL	I	8352589	8362588	0.025506416177879	56	1.4283593059612	11	55.882636655949
GLOBAL	I	8362589	8372588	0.011875641582999	186	2.2088693344378	17	184.89067524116
GLOBAL	I	8372589	8382588	0.011098041309689	234	2.5969416664672	20	233.51768488746
GLOBAL	I	8382589	8392588	0.0055039102040445	118	0.64946140407725	5	117.84083601286
GLOBAL	I	8392589	8402588	0.0085151037422437	122	1.0388426565537	8	121.48231511254
GLOBAL	I	8402589	8412588	NA	0	0	0	0
GLOBAL	I	8412589	8422588	0.001202467751497	324	0.38959955148504	3	322.79260450161
GLOBAL	I	8422589	8432588	0.001778620929456	219	0.38951798355087	3	218.30064308682
GLOBAL	I	8432589	8442588	NA	0	0	0	0
GLOBAL	I	8442589	8452588	0.00088615167277224	293	0.25964244012227	2	291.80546623794
GLOBAL	I	8452589	8462588	0.002951407927428	88	0.25972389761367	2	87.786173633441
GLOBAL	I	8462589	8472588	0	172	0	0	171.4501607717
GLOBAL	I	8472589	8482588	0.0018640812272465	836	1.5583719059781	12	833.59324758842
GLOBAL	I	8482589	8492588	0	389	0	0	387.96623794212
GLOBAL	I	8492589	8502588	0	83	0	0	82.688102893891
GLOBAL	I	8502589	8512588	0.00054126161664712	240	0.12990278799531	1	239.36012861736
GLOBAL	I	8512589	8522588	0.00070880908922624	916	0.64926912573124	5	913.00964630225
GLOBAL	I	8522589	8532588	0.00043876882125063	592	0.25975114218037	2	589.81350482315
GLOBAL	I	8532589	8542588	NA	0	0	0	0
GLOBAL	I	8542589	8552588	0.019865881216781	229	4.5492867986428	35	227.34083601286
GLOBAL	I	8552589	8562588	0.015301911126336	959	14.674532770156	113	956.50160771704
GLOBAL	I	8562589	8572588	0.015540291678867	351	5.4546423792825	42	350.01768488746
GLOBAL	I	8572589	8582588	0.018703918277887	389	7.275824210098	56	387.31672025723
GLOBAL	I	8582589	8592588	0.010045706452311	362	3.6365457357366	28	360.85530546624
GLOBAL	I	8592589	8602588	0.0081951292633701	507	4.1549305365286	32	506.36655948553
GLOBAL	I	8602589	8612588	0.015739196116966	99	1.5581804155796	12	98.392282958199
GLOBAL	I	8612589	8622588	0.011641892090686	725	8.4403717657471	65	723.31832797428
GLOBAL	I	8622589	8632588	0	32	0	0	31.855305466238
GLOBAL	I	8632589	8642588	0.0022783605984564	171	0.38959966233604	3	170.69131832797
GLOBAL	I	8642589	8652588	NA	0	0	0	0
GLOBAL	I	8652589	8662588	NA	0	0	0	0
GLOBAL	I	8662589	8672588	0.0026912999087937	193	0.51942088239718	4	192.45980707395
GLOBAL	I	8672589	8682588	0.011872575878259	186	2.2082991133561	17	185.11575562701
GLOBAL	I	8682589	8692588	0.024043983622113	27	0.64918755779706	5	26.958199356913
GLOBAL	I	8692589	8702588	0.016421272993993	522	8.5719045028643	66	520.66237942122
GLOBAL	I	8702589	8712588	NA	0	0	0	0
GLOBAL	I	8712589	8722588	0.024356246087979	144	3.507299436669	27	143.24437299035
GLOBAL	I	8722589	8732588	0.020580038522794	101	2.0785838908022	16	100.64308681672
GLOBAL	I	8732589	8742588	0.0015654227480704	83	0.12993008808984	1	82.663987138264
GLOBAL	I	8742589	8752588	0.0025975114218037	100	0.25975114218037	2	99.752411575563
GLOBAL	I	8752589	8762588	0.0020719038746344	188	0.38951792843126	3	187.50160771704
GLOBAL	I	8762589	8772588	0.0021143816875568	430	0.90918412564941	7	428.91800643087
GLOBAL	I	8772589	8782588	0.011777985082356	364	4.2871865699776	33	362.4421221865
GLOBAL	I	8782589	8792588	NA	0	0	0	0
GLOBAL	I	8792589	8802588	NA	0	0	0	0
GLOBAL	I	8802589	8812588	0	23	0	0	22.684887459807
GLOBAL	I	8812589	8822588	0.0053378766811641	219	1.1689949931749	9	218.21704180064
GLOBAL	I	8822589	8832588	0.00095617535204366	136	0.13003984787794	1	135.30225080386
GLOBAL	I	8832589	8842588	0.00055717261828812	233	0.12982122006113	1	231.95176848875
GLOBAL	I	8842589	8852588	0.001705530146353	533	0.90904756800615	7	530.86655948553
GLOBAL	I	8852589	8862588	0.00060140179627457	216	0.12990278799531	1	215.47106109325
GLOBAL	I	8862589	8872588	NA	0	0	0	0
GLOBAL	I	8872589	8882588	NA	0	0	0	0
GLOBAL	I	8882589	8892588	0.0022451412004171	290	0.65109094812095	5	285.68649517685
GLOBAL	I	8892589	8902588	NA	0	0	0	0
GLOBAL	I	8902589	8912588	0.0012635411904551	514	0.64946017189394	5	512.38585209003
GLOBAL	I	8912589	8922588	0.00088809391075883	439	0.38987322682313	3	437.69131832797
GLOBAL	I	8922589	8932588	0.0019904308441814	261	0.51950245033135	4	257.84083601286
GLOBAL	I	8932589	8942588	NA	0	0	0	0
GLOBAL	I	8942589	8952588	0.0008221695442741	158	0.12990278799531	1	156.86816720257
GLOBAL	I	8952589	8962588	0	99	0	0	98.75884244373
GLOBAL	I	8962589	8972588	0.0032460396108496	160	0.51936633773593	4	159.11414790997
GLOBAL	I	8972589	8982588	0.015794197621932	551	8.7026028896843	67	548.6077170418
GLOBAL	I	8982589	8992588	0.01676002036839	248	4.1564850513607	32	247.03054662379
GLOBAL	I	8992589	9002588	NA	0	0	0	0
GLOBAL	I	9002589	9012588	NA	0	0	0	0
GLOBAL	I	9012589	9022588	NA	0	0	0	0
GLOBAL	I	9022589	9032588	NA	0	0	0	0
GLOBAL	I	9032589	9042588	NA	0	0	0	0
GLOBAL	I	9042589	9052588	0.011998461871843	617	7.4030509749273	57	615.35530546624
GLOBAL	I	9052589	9062588	0.012772733155604	295	3.7679562809033	29	293.62540192926
GLOBAL	I	9062589	9072588	0.01631117895683	462	7.5357646780556	58	459.26688102894
GLOBAL	I	9072589	9082588	0.01167575047416	178	2.0782835844004	16	177.461414791
GLOBAL	I	9082589	9092588	0.0020610854245217	126	0.25969676348973	2	125.50803858521
GLOBAL	I	9092589	9102588	0.0020739410415798	188	0.38990091581701	3	187.38585209003
GLOBAL	I	9102589	9112588	NA	0	0	0	0
GLOBAL	I	9112589	9122588	NA	0	0	0	0
GLOBAL	I	9122589	9132588	0.0017216591757776	453	0.77991160662724	6	450.38102893891
GLOBAL	I	9132589	9142588	0.0011219871790692	116	0.13015051277203	1	115.43408360129
GLOBAL	I	9142589	9152588	0.004189535889769	124	0.51950245033135	4	123.49839228296
GLOBAL	I	9152589	9162588	0.00040953066265342	317	0.12982122006113	1	315.64951768489
GLOBAL	I	9162589	9172588	NA	0	0	0	0
GLOBAL	I	9172589	9182588	0.012190381741934	501	6.1073812527089	47	496.6575562701
GLOBAL	I	9182589	9192588	0.0098035895816606	371	3.6371317347961	28	369.7540192926
GLOBAL	I	9192589	9202588	NA	0	0	0	0
GLOBAL	I	9202589	9212588	NA	0	0	0	0
GLOBAL	I	9212589	9222588	NA	0	0	0	0
GLOBAL	I	9222589	9232588	NA	0	0	0	0
GLOBAL	I	9232589	9242588	NA	0	0	0	0
GLOBAL	I	9242589	9252588	NA	0	0	0	0
GLOBAL	I	9252589	9262588	0.018773405964524	478	8.9736880510425	69	475.78778135048
GLOBAL	I	9262589	9272588	NA	0	0	0	0
GLOBAL	I	9272589	9282588	0.0063373926423373	123	0.77949929500749	6	120.52090032154
GLOBAL	I	9282589	9292588	0	3	0	0	2.9951612903226
GLOBAL	I	9292589	9302588	0.018595100376764	161	2.993811160659	23	158.76688102894
GLOBAL	I	9302589	9312588	0.0066071029558942	59	0.38981907439776	3	58.844051446945
GLOBAL	I	9312589	9322588	NA	0	0	0	0
GLOBAL	I	9322589	9332588	NA	0	0	0	0
GLOBAL	I	9332589	9342588	NA	0	0	0	0
GLOBAL	I	9342589	9352588	NA	0	0	0	0
GLOBAL	I	9352589	9362588	NA	0	0	0	0
GLOBAL	I	9362589	9372588	NA	0	0	0	0
GLOBAL	I	9372589	9382588	NA	0	0	0	0
GLOBAL	I	9382589	9392588	NA	0	0	0	0
GLOBAL	I	9392589	9402588	NA	0	0	0	0
GLOBAL	I	9402589	9412588	NA	0	0	0	0
GLOBAL	I	9412589	9422588	NA	0	0	0	0
GLOBAL	I	9422589	9432588	NA	0	0	0	0
GLOBAL	I	9432589	9442588	NA	0	0	0	0
GLOBAL	I	9442589	9452588	NA	0	0	0	0
GLOBAL	I	9452589	9462588	NA	0	0	0	0
GLOBAL	I	9462589	9472588	NA	0	0	0	0
GLOBAL	I	9472589	9482588	NA	0	0	0	0
GLOBAL	I	9482589	9492588	NA	0	0	0	0
GLOBAL	I	9492589	9502588	NA	0	0	0	0
GLOBAL	I	9502589	9512588	NA	0	0	0	0
GLOBAL	I	9512589	9522588	NA	0	0	0	0
GLOBAL	I	9522589	9532588	NA	0	0	0	0
GLOBAL	I	9532589	9542588	NA	0	0	0	0
GLOBAL	I	9542589	9552588	NA	0	0	0	0
GLOBAL	I	9552589	9562588	NA	0	0	0	0
GLOBAL	I	9562589	9572588	NA	0	0	0	0
GLOBAL	I	9572589	9582588	NA	0	0	0	0
GLOBAL	I	9582589	9592588	NA	0	0	0	0
GLOBAL	I	9592589	9602588	NA	0	0	0	0
GLOBAL	I	9602589	9612588	NA	0	0	0	0
GLOBAL	I	9612589	9622588	NA	0	0	0	0
GLOBAL	I	9622589	9632588	NA	0	0	0	0
GLOBAL	I	9632589	9642588	NA	0	0	0	0
GLOBAL	I	9642589	9652588	NA	0	0	0	0
GLOBAL	I	9652589	9662588	NA	0	0	0	0
GLOBAL	I	9662589	9672588	0.020450786212351	108	2.2086849109339	17	107.15273311897
GLOBAL	I	9672589	9682588	0.027752853755275	234	6.4941677787344	50	233.15112540193
GLOBAL	I	9682589	9692588	0.015281317061556	238	3.6369534606504	28	236.80225080386
GLOBAL	I	9692589	9702588	0.023476427367937	288	6.7612110819659	52	283.87138263666
GLOBAL	I	9702589	9712588	0.01710576450791	319	5.4567388780234	42	317.46784565916
GLOBAL	I	9712589	9722588	0.01856514593139	98	1.8193843012763	14	97.199356913183
GLOBAL	I	9722589	9732588	NA	0	0	0	0
GLOBAL	I	9732589	9742588	0.026771943114667	296	7.9244951619415	61	294.86495176849
GLOBAL	I	9742589	9752588	NA	0	0	0	0
GLOBAL	I	9752589	9762588	NA	0	0	0	0
GLOBAL	I	9762589	9772588	0.019687267260577	205	4.0358897884183	31	202.05948553055
GLOBAL	I	9772589	9782588	NA	0	0	0	0
GLOBAL	I	9782589	9792588	NA	0	0	0	0
GLOBAL	I	9792589	9802588	NA	0	0	0	0
GLOBAL	I	9802589	9812588	NA	0	0	0	0
GLOBAL	I	9812589	9822588	NA	0	0	0	0
GLOBAL	I	9822589	9832588	NA	0	0	0	0
GLOBAL	I	9832589	9842588	NA	0	0	0	0
GLOBAL	I	9842589	9852588	NA	0	0	0	0
GLOBAL	I	9852589	9862588	NA	0	0	0	0
GLOBAL	I	9862589	9872588	NA	0	0	0	0
GLOBAL	I	9872589	9882588	NA	0	0	0	0
GLOBAL	I	9882589	9892588	NA	0	0	0	0
GLOBAL	I	9892589	9902588	NA	0	0	0	0
GLOBAL	I	9902589	9912588	NA	0	0	0	0
GLOBAL	I	9912589	9922588	NA	0	0	0	0
GLOBAL	I	9922589	9932588	NA	0	0	0	0
GLOBAL	I	9932589	9942588	NA	0	0	0	0
GLOBAL	I	9942589	9952588	NA	0	0	0	0
GLOBAL	I	9952589	9962588	NA	0	0	0	0
GLOBAL	I	9962589	9972588	NA	0	0	0	0
GLOBAL	I	9972589	9982588	NA	0	0	0	0
GLOBAL	I	9982589	9992588	NA	0	0	0	0
GLOBAL	I	9992589	10002588	NA	0	0	0	0
GLOBAL	I	10002589	10012588	NA	0	0	0	0
GLOBAL	I	10012589	10022588	NA	0	0	0	0
GLOBAL	I	10022589	10032588	NA	0	0	0	0
GLOBAL	I	10032589	10042588	0.027548546360221	66	1.8182040597746	14	65.808681672026
GLOBAL	I	10042589	10052588	0.030309632921166	219	6.6378096097353	51	216.2845659164
GLOBAL	I	10052589	10062588	0.041151788208066	641	26.37829624137	203	636.75562700965
GLOBAL	I	10062589	10072588	0.039395967571472	419	16.506910412447	127	416.07073954984
GLOBAL	I	10072589	10082588	0.035203883198088	303	10.666776609021	82	300.5
GLOBAL	I	10082589	10092588	0.035838677249157	443	15.876534021377	122	437.33601286174
GLOBAL	I	10092589	10102588	0.019718542918428	20	0.39437085836855	3	19.283413848631
GLOBAL	I	10102589	10112588	NA	0	0	0	0
GLOBAL	I	10112589	10122588	0.017990372821503	686	12.341395755551	95	683.54340836013
GLOBAL	I	10122589	10132588	NA	0	0	0	0
GLOBAL	I	10132589	10142588	NA	0	0	0	0
GLOBAL	I	10142589	10152588	NA	0	0	0	0
GLOBAL	I	10152589	10162588	NA	0	0	0	0
GLOBAL	I	10162589	10172588	NA	0	0	0	0
GLOBAL	I	10172589	10182588	NA	0	0	0	0
GLOBAL	I	10182589	10192588	0	119	0	0	118.20233463035
GLOBAL	I	10192589	10202588	NA	0	0	0	0
GLOBAL	I	10202589	10212588	NA	0	0	0	0
GLOBAL	I	10212589	10222588	NA	0	0	0	0
GLOBAL	I	10222589	10232588	NA	0	0	0	0
GLOBAL	I	10232589	10242588	NA	0	0	0	0
GLOBAL	I	10242589	10252588	NA	0	0	0	0
GLOBAL	I	10252589	10262588	NA	0	0	0	0
GLOBAL	I	10262589	10272588	0.025168607387495	387	9.7402510589604	75	385.68167202572
GLOBAL	I	10272589	10282588	0.013975058677378	474	6.6241778130773	51	472.23311897106
GLOBAL	I	10282589	10292588	0.0016366301829868	238	0.38951798355087	3	236.96463022508
GLOBAL	I	10292589	10302588	0.0013959270974315	93	0.12982122006113	1	92.877813504823
GLOBAL	I	10302589	10312588	0.0032634161477212	398	1.298839626793	10	394.63504823151
GLOBAL	I	10312589	10322588	0	32	0	0	31.785829307568
GLOBAL	I	10322589	10332588	0.0018436465013665	564	1.0398166267707	8	561.76045016077
GLOBAL	I	10332589	10342588	0.0020461501412525	127	0.25986106793907	2	126.59646302251
GLOBAL	I	10342589	10352588	0.0019576495065263	199	0.38957225179873	3	198.20096463023
GLOBAL	I	10352589	10362588	0.00077138832757732	674	0.51991573278711	4	671.2540192926
GLOBAL	I	10362589	10372588	0.0010066611253113	645	0.64929642582578	5	643.09807073955
GLOBAL	I	10372589	10382588	0.00051732412025922	251	0.12984835418507	1	250.00160771704
GLOBAL	I	10382589	10392588	0.00077240979632643	673	0.51983179292769	4	670.28617363344
GLOBAL	I	10392589	10402588	0.0012854929418129	202	0.2596695742462	2	200.90836012862
GLOBAL	I	10402589	10412588	0.0005459247398733	238	0.12993008808984	1	236.91800643087
GLOBAL	I	10412589	10422588	0.00056515154646313	230	0.12998485568652	1	229.17524115756
GLOBAL	I	10422589	10432588	0.0026873651157007	290	0.77933588355319	6	288.8729903537
GLOBAL	I	10432589	10442588	0.0016188117237918	321	0.51963856333718	4	319.69292604502
GLOBAL	I	10442589	10452588	0.0018030725008491	72	0.12982122006113	1	71.779742765273
GLOBAL	I	10452589	10462588	NA	0	0	0	0
GLOBAL	I	10462589	10472588	0.0012937448117143	502	0.64945989548056	5	500.07556270096
GLOBAL	I	10472589	10482588	0.0019238815411588	135	0.25972400805644	2	134.43890675241
GLOBAL	I	10482589	10492588	0.00097824464344653	531	0.51944790567011	4	529.52090032154
GLOBAL	I	10492589	10502588	0.0019680482277079	462	0.90923828120105	7	458.41479099678
GLOBAL	I	10502589	10512588	0.0032471643610381	200	0.64943287220763	5	199.31189710611
GLOBAL	I	10512589	10522588	0.001062959061894	855	0.90882999791933	7	853.13987138264
GLOBAL	I	10522589	10532588	0.0010690475462659	486	0.51955710748525	4	484.54340836013
GLOBAL	I	10532589	10542588	0.0015552335811763	167	0.25972400805644	2	166.32636655949
GLOBAL	I	10542589	10552588	NA	0	0	0	0
GLOBAL	I	10552589	10562588	0.0018939285178817	617	1.168553895533	9	615.60610932476
GLOBAL	I	10562589	10572588	0.0031055824509009	251	0.77950119517613	6	250.06591639871
GLOBAL	I	10572589	10582588	0.00090591887831349	430	0.3895451176748	3	428.18327974277
GLOBAL	I	10582589	10592588	0.0010157212781522	128	0.13001232360348	1	127.08038585209
GLOBAL	I	10592589	10602588	0.0015968320416564	244	0.38962701816416	3	243.23954983923
GLOBAL	I	10602589	10612588	0.00059563465222507	218	0.12984835418507	1	217.08520900322
GLOBAL	I	10612589	10622588	0.0016896139960294	231	0.3903008330828	3	229.86495176849
GLOBAL	I	10622589	10632588	0.00056690489109665	229	0.12982122006113	1	227.82958199357
GLOBAL	I	10632589	10642588	NA	0	0	0	0
GLOBAL	I	10642589	10652588	0	16	0	0	15.940514469453
GLOBAL	I	10652589	10662588	0.0016509078922132	551	0.90965024860946	7	548.08681672026
GLOBAL	I	10662589	10672588	0.001342437138552	677	0.90882994279973	7	674.32154340836
GLOBAL	I	10672589	10682588	0.0068013386376977	191	1.2990556798003	10	189.87138263666
GLOBAL	I	10682589	10692588	0.0019475446091628	867	1.6885211761441	13	864.09485530547
GLOBAL	I	10692589	10702588	0.00071724430973002	181	0.12982122006113	1	180.33279742765
GLOBAL	I	10702589	10712588	0.0031947854785076	244	0.77952765675585	6	242.73151125402
GLOBAL	I	10712589	10722588	NA	0	0	0	0
GLOBAL	I	10722589	10732588	NA	0	0	0	0
GLOBAL	I	10732589	10742588	NA	0	0	0	0
GLOBAL	I	10742589	10752588	0.0031941084448378	122	0.38968123027022	3	121.49196141479
GLOBAL	I	10752589	10762588	0.003091412567864	252	0.77903596710173	6	251.16398713826
GLOBAL	I	10762589	10772588	0.0029514085549438	176	0.51944790567011	4	175.01286173633
GLOBAL	I	10772589	10782588	0.0028989693493311	1344	3.8962148055011	30	1333.8247588424
GLOBAL	I	10782589	10792588	0.004099213111106	1426	5.8454778964371	45	1420.8183279743
GLOBAL	I	10792589	10802588	0.0021859272289309	179	0.39128097397864	3	177.66559485531
GLOBAL	I	10802589	10812588	NA	0	0	0	0
GLOBAL	I	10812589	10822588	NA	0	0	0	0
GLOBAL	I	10822589	10832588	NA	0	0	0	0
GLOBAL	I	10832589	10842588	0.0032193811378083	121	0.3895451176748	3	120.53376205788
GLOBAL	I	10842589	10852588	0.0025146012071641	155	0.38976318711043	3	154.20096463023
GLOBAL	I	10852589	10862588	0.018580531933034	49	0.91044606471866	7	48.096463022508
GLOBAL	I	10862589	10872588	0.016096260408733	210	3.3802146858339	26	208.461414791
GLOBAL	I	10872589	10882588	0.021801447555576	209	4.5565025391153	35	207.63183279743
GLOBAL	I	10882589	10892588	0.033160665710724	59	1.9564792769327	15	57.782608695652
GLOBAL	I	10892589	10902588	0.029702602639214	303	8.9998885996819	69	296.1077170418
GLOBAL	I	10902589	10912588	0.028301521133799	207	5.8584148746963	45	205.3038585209
GLOBAL	I	10912589	10922588	NA	0	0	0	0
GLOBAL	I	10922589	10932588	0.011984714868964	347	4.1586960595306	32	345.67524115756
GLOBAL	I	10932589	10942588	0	80	0	0	79.263665594855
GLOBAL	I	10942589	10952588	0.0059732012657676	174	1.0393370202436	8	173.1077170418
GLOBAL	I	10952589	10962588	NA	0	0	0	0
GLOBAL	I	10962589	10972588	NA	0	0	0	0
GLOBAL	I	10972589	10982588	NA	0	0	0	0
GLOBAL	I	10982589	10992588	0.022851521751263	148	3.3820252191869	26	146.46302250804
GLOBAL	I	10992589	11002588	0.017405871257917	374	6.5097958504608	50	371.51768488746
GLOBAL	I	11002589	11012588	0.021376053187331	462	9.8757365725471	76	459.93729903537
GLOBAL	I	11012589	11022588	0.011816630373113	429	5.0693344300656	39	427.20739549839
GLOBAL	I	11022589	11032588	0.0013012849002376	898	1.1685538404134	9	895.37138263666
GLOBAL	I	11032589	11042588	0.0012995744391796	100	0.12995744391796	1	99.649517684887
GLOBAL	I	11042589	11052588	0.00042996143769889	302	0.12984835418507	1	301.25562700965
GLOBAL	I	11052589	11062588	0.0010362416265414	376	0.38962685157958	3	374.54019292605
GLOBAL	I	11062589	11072588	NA	0	0	0	0
GLOBAL	I	11072589	11082588	0.0047609305793002	246	1.1711889225079	9	245.03536977492
GLOBAL	I	11082589	11092588	0.004397416519421	945	4.1555586108528	32	941.59807073955
GLOBAL	I	11092589	11102588	NA	0	0	0	0
GLOBAL	I	11102589	11112588	0.00086822598934499	748	0.64943304003005	5	745.76205787781
GLOBAL	I	11112589	11122588	0.0058218447485781	625	3.6386529678613	28	621.41800643087
GLOBAL	I	11122589	11132588	NA	0	0	0	0
GLOBAL	I	11132589	11142588	NA	0	0	0	0
GLOBAL	I	11142589	11152588	NA	0	0	0	0
GLOBAL	I	11152589	11162588	0.0010308454756867	630	0.64943264968261	5	628.00321543408
GLOBAL	I	11162589	11172588	0	340	0	0	337.78295819936
GLOBAL	I	11172589	11182588	0	348	0	0	346.05144694534
GLOBAL	I	11182589	11192588	0	92	0	0	91.770096463023
GLOBAL	I	11192589	11202588	0	26	0	0	25.889067524116
GLOBAL	I	11202589	11212588	NA	0	0	0	0
GLOBAL	I	11212589	11222588	0.0015369898811514	507	0.77925386974374	6	502.2540192926
GLOBAL	I	11222589	11232588	0.00068596247466369	568	0.38962668560897	3	564.11414790997
GLOBAL	I	11232589	11242588	0.0035101498223946	37	0.1298755434286	1	36.818327974277
GLOBAL	I	11242589	11252588	0.00097650805330967	266	0.25975114218037	2	264.88424437299
GLOBAL	I	11252589	11262588	NA	0	0	0	0
GLOBAL	I	11262589	11272588	NA	0	0	0	0
GLOBAL	I	11272589	11282588	NA	0	0	0	0
GLOBAL	I	11282589	11292588	NA	0	0	0	0
GLOBAL	I	11292589	11302588	NA	0	0	0	0
GLOBAL	I	11302589	11312588	0	4	0	0	3.9869281045752
GLOBAL	I	11312589	11322588	NA	0	0	0	0
GLOBAL	I	11322589	11332588	NA	0	0	0	0
GLOBAL	I	11332589	11342588	NA	0	0	0	0
GLOBAL	I	11342589	11352588	NA	0	0	0	0
GLOBAL	I	11352589	11362588	NA	0	0	0	0
GLOBAL	I	11362589	11372588	NA	0	0	0	0
GLOBAL	I	11372589	11382588	NA	0	0	0	0
GLOBAL	I	11382589	11392588	NA	0	0	0	0
GLOBAL	I	11392589	11402588	NA	0	0	0	0
GLOBAL	I	11402589	11412588	0.0014435710822586	270	0.38976419220983	3	268.58520900322
GLOBAL	I	11412589	11422588	0.0012485418671641	104	0.12984835418507	1	103.67845659164
GLOBAL	I	11422589	11432588	NA	0	0	0	0
GLOBAL	I	11432589	11442588	0.016332368022789	350	5.7163288079762	44	347.37459807074
GLOBAL	I	11442589	11452588	0.019118177189832	510	9.7502703668144	75	504.50964630225
GLOBAL	I	11452589	11462588	0.018657694656047	223	4.1606659082985	32	221.2540192926
GLOBAL	I	11462589	11472588	0.012591380608267	155	1.9516639942814	15	153.5691318328
GLOBAL	I	11472589	11482588	NA	0	0	0	0
GLOBAL	I	11482589	11492588	NA	0	0	0	0
GLOBAL	I	11492589	11502588	0.022704632104234	258	5.8577950828923	45	255.33922829582
GLOBAL	I	11502589	11512588	0.022491936287931	566	12.730435938969	98	563.27813504823
GLOBAL	I	11512589	11522588	0.017791415543188	606	10.781597819172	83	603.43729903537
GLOBAL	I	11522589	11532588	0.01396387443928	354	4.943211551505	38	350.43569131833
GLOBAL	I	11532589	11542588	0.0096336882664823	81	0.78032874958507	6	80.133440514469
GLOBAL	I	11542589	11552588	0.017887805045846	385	6.8868049426509	53	382.38745980707
GLOBAL	I	11552589	11562588	NA	0	0	0	0
GLOBAL	I	11562589	11572588	0	12	0	0	11.938311688312
GLOBAL	I	11572589	11582588	0	45	0	0	44.520900321543
GLOBAL	I	11582589	11592588	0.0015175485613645	514	0.78001996054134	6	510.60289389068
GLOBAL	I	11592589	11602588	0	29	0	0	28.766881028939
GLOBAL	I	11602589	11612588	0.0018961930093059	137	0.25977844227491	2	135.99196141479
GLOBAL	I	11612589	11622588	0.0023122765033628	618	1.4289868790782	11	615.11897106109
GLOBAL	I	11622589	11632588	0.0011702963878515	222	0.25980579810303	2	220.92926045016
GLOBAL	I	11632589	11642588	0.0040249958963184	226	0.90964907256796	7	224.79421221865
GLOBAL	I	11642589	11652588	0	124	0	0	123.68649517685
GLOBAL	I	11652589	11662588	NA	0	0	0	0
GLOBAL	I	11662589	11672588	0.0012349765793818	526	0.64959768075485	5	523.09485530547
GLOBAL	I	11672589	11682588	0.0018399188688202	706	1.2989827213871	10	702.72186495177
GLOBAL	I	11682589	11692588	0.00073058792759649	711	0.51944801652111	4	707.99356913183
GLOBAL	I	11692589	11702588	0.0004539203498641	286	0.12982122006113	1	284.95176848875
GLOBAL	I	11702589	11712588	0.0010102467422824	386	0.389955242521	3	382.77974276527
GLOBAL	I	11712589	11722588	0.0096666774724151	458	4.4273382823661	34	451.16720257235
GLOBAL	I	11722589	11732588	0.014847599288735	35	0.51966597510574	4	34.753623188406
GLOBAL	I	11732589	11742588	NA	0	0	0	0
GLOBAL	I	11742589	11752588	NA	0	0	0	0
GLOBAL	I	11752589	11762588	NA	0	0	0	0
GLOBAL	I	11762589	11772588	NA	0	0	0	0
GLOBAL	I	11772589	11782588	NA	0	0	0	0
GLOBAL	I	11782589	11792588	NA	0	0	0	0
GLOBAL	I	11792589	11802588	0.00096285078286311	135	0.12998485568652	1	133.98713826367
GLOBAL	I	11802589	11812588	0.0016959327490499	383	0.64954224288612	5	378.69131832797
GLOBAL	I	11812589	11822588	0.001634690458523	159	0.25991578290516	2	158.09485530547
GLOBAL	I	11822589	11832588	0	79	0	0	78.610932475884
GLOBAL	I	11832589	11842588	0.00095250006897826	409	0.38957252821211	3	406.61575562701
GLOBAL	I	11842589	11852588	0.00064294823479505	202	0.1298755434286	1	200.62057877814
GLOBAL	I	11852589	11862588	0.0024846320738267	366	0.90937533902056	7	364.26688102894
GLOBAL	I	11862589	11872588	0.00038752603003323	335	0.12982122006113	1	333.73794212219
GLOBAL	I	11872589	11882588	0.0014200037037626	183	0.25986067778855	2	182.3922829582
GLOBAL	I	11882589	11892588	NA	0	0	0	0
GLOBAL	I	11892589	11902588	NA	0	0	0	0
GLOBAL	I	11902589	11912588	NA	0	0	0	0
GLOBAL	I	11912589	11922588	0	215	0	0	213.46945337621
GLOBAL	I	11922589	11932588	0	34	0	0	33.892282958199
GLOBAL	I	11932589	11942588	0.0010150788132019	128	0.12993008808984	1	127.79099678457
GLOBAL	I	11942589	11952588	NA	0	0	0	0
GLOBAL	I	11952589	11962588	NA	0	0	0	0
GLOBAL	I	11962589	11972588	NA	0	0	0	0
GLOBAL	I	11972589	11982588	NA	0	0	0	0
GLOBAL	I	11982589	11992588	0.0012934477508167	1004	1.29862154182	10	1001.6463022508
GLOBAL	I	11992589	12002588	NA	0	0	0	0
GLOBAL	I	12002589	12012588	0.0018565349131138	70	0.12995744391796	1	69.881028938907
GLOBAL	I	12012589	12022588	0.0013446944482756	483	0.64948741851712	5	482.1077170418
GLOBAL	I	12022589	12032588	0.0010686042155732	365	0.3900405386842	3	364.01125401929
GLOBAL	I	12032589	12042588	0.0033308471249699	78	0.25980607574765	2	77.869774919614
GLOBAL	I	12042589	12052588	NA	0	0	0	0
GLOBAL	I	12052589	12062588	0.0021791226443601	298	0.64937854801932	5	296.99678456592
GLOBAL	I	12062589	12072588	0.00088245497525633	736	0.64948686178866	5	735.29581993569
GLOBAL	I	12072589	12082588	0	228	0	0	227.6077170418
GLOBAL	I	12082589	12092588	0.00062728682395298	621	0.3895451176748	3	619.77170418006
GLOBAL	I	12092589	12102588	0.00074372160385895	873	0.64926896016886	5	870.97266881029
GLOBAL	I	12102589	12112588	NA	0	0	0	0
GLOBAL	I	12112589	12122588	0.00056714259421611	458	0.25975130815098	2	456.81189710611
GLOBAL	I	12122589	12132588	0.0016185579634081	321	0.51955710625401	4	320.5691318328
GLOBAL	I	12132589	12142588	0	180	0	0	179.61897106109
GLOBAL	I	12142589	12152588	0.0016861308274118	385	0.64916036855353	5	384.31028938907
GLOBAL	I	12152589	12162588	0.00045988237816746	565	0.25983354366462	2	564.11897106109
GLOBAL	I	12162589	12172588	0.0025179145165064	619	1.5585890857175	12	617.49196141479
GLOBAL	I	12172589	12182588	0.0015044572584275	259	0.38965442993272	3	258.64790996785
GLOBAL	I	12182589	12192588	0	43	0	0	42.922829581994
GLOBAL	I	12192589	12202588	0.00062174050719571	418	0.25988753200781	2	416.74919614148
GLOBAL	I	12202589	12212588	0.00067271910426476	386	0.2596695742462	2	384.92282958199
GLOBAL	I	12212589	12222588	NA	0	0	0	0
GLOBAL	I	12222589	12232588	0.00050942269802082	255	0.12990278799531	1	253.91639871383
GLOBAL	I	12232589	12242588	0.00050318302349276	516	0.25964244012227	2	514.66720257235
GLOBAL	I	12242589	12252588	NA	0	0	0	0
GLOBAL	I	12252589	12262588	0.00070096502922314	556	0.38973655624807	3	554.17202572347
GLOBAL	I	12262589	12272588	0	77	0	0	75.358520900322
GLOBAL	II	32716	42715	0	400	0	0	397.91961414791
GLOBAL	II	42716	52715	0.0021264282986843	916	1.9478083215948	15	914.88102893891
GLOBAL	II	52716	62715	0.0015833510624768	164	0.2596695742462	2	163.79581993569
GLOBAL	II	62716	72715	0.00098754386243481	526	0.51944807164071	4	523.77170418006
GLOBAL	II	72716	82715	0	286	0	0	285.40192926045
GLOBAL	II	82716	92715	0.00079535426912087	653	0.51936633773593	4	651.43890675241
GLOBAL	II	92716	102715	0.00095883786474091	677	0.6491332344296	5	673.961414791
GLOBAL	II	102716	112715	0.001236651254713	210	0.25969676348973	2	209.80225080386
GLOBAL	II	112716	122715	0.0012202773642802	532	0.64918755779706	5	529.95498392283
GLOBAL	II	122716	132715	0.0011408794792146	569	0.64916042367313	5	567.67041800643
GLOBAL	II	132716	142715	0.0014406891722543	631	0.90907486769246	7	630.04340836013
GLOBAL	II	142716	152715	NA	0	0	0	0
GLOBAL	II	152716	162715	0.00077786311801225	501	0.38970942212414	3	499.9115755627
GLOBAL	II	162716	172715	0.0026494126543088	147	0.3894636601834	3	146.82154340836
GLOBAL	II	172716	182715	0.0019217618517972	473	0.90899335590009	7	472.30064308682
GLOBAL	II	182716	192715	0.0013204922987036	295	0.38954522811757	3	294.59807073955
GLOBAL	II	192716	202715	0	249	0	0	248.68167202572
GLOBAL	II	202716	212715	0.0017269243615684	376	0.64932355994971	5	375.11093247588
GLOBAL	II	212716	222715	0.0011239932472825	462	0.51928488024453	4	461.38424437299
GLOBAL	II	222716	232715	0.00051334206888775	253	0.1298755434286	1	251.69453376206
GLOBAL	II	232716	242715	0.001783631845075	364	0.64924199160731	5	363.49196141479
GLOBAL	II	242716	252715	0	79	0	0	78.726688102894
GLOBAL	II	252716	262715	0.0005930390110895	219	0.1298755434286	1	218.73794212219
GLOBAL	II	262716	272715	0	7	0	0	6.991961414791
GLOBAL	II	272716	282715	0.0015708574180638	496	0.77914527935965	6	495.09967845659
GLOBAL	II	282716	292715	0.0018491521873514	281	0.51961176464575	4	280.21864951768
GLOBAL	II	292716	302715	0.00094455011198684	550	0.51950256159276	4	548.82958199357
GLOBAL	II	302716	312715	0.00072943432290499	534	0.38951792843126	3	532.44694533762
GLOBAL	II	312716	322715	0.00057201918143201	227	0.12984835418507	1	226.54019292605
GLOBAL	II	322716	332715	NA	0	0	0	0
GLOBAL	II	332716	342715	0.0015875900683911	409	0.64932433797195	5	407.86816720257
GLOBAL	II	342716	352715	0.00040586107321438	320	0.1298755434286	1	318.61897106109
GLOBAL	II	352716	362715	0.0013204922987036	295	0.38954522811757	3	294.35209003215
GLOBAL	II	362716	372715	NA	0	0	0	0
GLOBAL	II	372716	382715	0.00064924177092533	200	0.12984835418507	1	199.61093247588
GLOBAL	II	382716	392715	0.0011310920761608	1033	1.1684181146741	9	1031.2282958199
GLOBAL	II	392716	402715	0.00074609896586858	174	0.12982122006113	1	173.76045016077
GLOBAL	II	402716	412715	0.00098400981245498	792	0.77933577146435	6	790.64308681672
GLOBAL	II	412716	422715	0.0020620766195844	441	0.90937578923672	7	439.36655948553
GLOBAL	II	422716	432715	0	51	0	0	50.837620578778
GLOBAL	II	432716	442715	0.0010472962425685	620	0.64932367039248	5	618.42926045016
GLOBAL	II	442716	452715	0.0016468758698412	552	0.90907548015232	7	550.7347266881
GLOBAL	II	452716	462715	0.0018987667118834	342	0.64937821546414	5	340.45980707395
GLOBAL	II	462716	472715	0.0039866928627955	456	1.8179319454348	14	454.76366559486
GLOBAL	II	472716	482715	0.0020172173477926	837	1.6884109201024	13	833.8038585209
GLOBAL	II	482716	492715	0.0028548586173036	364	1.0391685366985	8	362.19935691318
GLOBAL	II	492716	502715	0.0009547673101843	136	0.12984835418507	1	135.48553054662
GLOBAL	II	502716	512715	NA	0	0	0	0
GLOBAL	II	512716	522715	0.0022070546477982	353	0.77909029067277	6	352.22186495177
GLOBAL	II	522716	532715	0.002062200051335	441	0.90943022263874	7	437.21704180064
GLOBAL	II	532716	542715	0	45	0	0	44.893890675241
GLOBAL	II	542716	552715	0.0011169578514408	349	0.38981829015285	3	347.62057877814
GLOBAL	II	552716	562715	0.0006493100201411	400	0.25972400805644	2	398.26848874598
GLOBAL	II	562716	572715	0.0024777115407371	262	0.64916042367313	5	260.52090032154
GLOBAL	II	572716	582715	0.021113662051446	326	6.8830538287712	53	324.83118971061
GLOBAL	II	582716	592715	0.021069996158229	339	7.1427286976398	55	337.63344051447
GLOBAL	II	592716	602715	0.02258884879705	138	3.1172611339929	24	137.56270096463
GLOBAL	II	602716	612715	0.018439365160571	655	12.077784180174	93	653.05305466238
GLOBAL	II	612716	622715	0.018767939318577	526	9.8719360815713	76	524.25562700965
GLOBAL	II	622716	632715	0.011010643945156	802	8.8305364440152	68	799.58681672026
GLOBAL	II	632716	642715	0.0016654203589142	78	0.12990278799531	1	77.6961414791
GLOBAL	II	642716	652715	0	115	0	0	114.60450160772
GLOBAL	II	652716	662715	0.0015099450700621	344	0.51942110410136	4	340.71864951768
GLOBAL	II	662716	672715	NA	0	0	0	0
GLOBAL	II	672716	682715	0	81	0	0	80.840836012862
GLOBAL	II	682716	692715	0.00066277060139707	392	0.25980607574765	2	390.63022508039
GLOBAL	II	692716	702715	0	11	0	0	10.974276527331
GLOBAL	II	702716	712715	0.0026329839133531	148	0.38968161917625	3	147.59646302251
GLOBAL	II	712716	722715	0.0022809179579558	57	0.13001232360348	1	56.573954983923
GLOBAL	II	722716	732715	0	31	0	0	30.774919614148
GLOBAL	II	732716	742715	0.001355445426605	96	0.13012276095408	1	95.680064308682
GLOBAL	II	742716	752715	0.0030929256390619	420	1.299028768406	10	418.26205787781
GLOBAL	II	752716	762715	0.0025153348547618	310	0.77975380497617	6	308.16881028939
GLOBAL	II	762716	772715	0.00096901756854526	134	0.12984835418507	1	133.00482315113
GLOBAL	II	772716	782715	0.0015101807375419	86	0.1298755434286	1	85.466237942122
GLOBAL	II	782716	792715	NA	0	0	0	0
GLOBAL	II	792716	802715	0.017579486961974	392	6.891158889094	53	390.14308681672
GLOBAL	II	802716	812715	0.0097745765706431	359	3.5090729888609	27	357.61736334405
GLOBAL	II	812716	822715	0	40	0	0	39.686495176849
GLOBAL	II	822716	832715	0.0046884882622919	194	0.90956672288463	7	192.72347266881
GLOBAL	II	832716	842715	0.0030683557082445	127	0.38968117494705	3	125.76366559486
GLOBAL	II	842716	852715	0.0027623460589172	141	0.38949079430733	3	140.0498392283
GLOBAL	II	852716	862715	0.0010731268940914	121	0.12984835418507	1	119.13183279743
GLOBAL	II	862716	872715	0.0012490655361464	208	0.25980563151845	2	207.20096463023
GLOBAL	II	872716	882715	NA	0	0	0	0
GLOBAL	II	882716	892715	NA	0	0	0	0
GLOBAL	II	892716	902715	0.0015848468770483	82	0.12995744391796	1	81.626409017713
GLOBAL	II	902716	912715	0.0035787021995141	218	0.78015707949408	6	215.49517684887
GLOBAL	II	912716	922715	0.0075054878741339	277	2.0790201411351	16	275.538585209
GLOBAL	II	922716	932715	NA	0	0	0	0
GLOBAL	II	932716	942715	0.0022780417849977	228	0.51939352697947	4	227.04019292605
GLOBAL	II	942716	952715	0.0011700499407982	111	0.1298755434286	1	110.4807073955
GLOBAL	II	952716	962715	0.0014885458638199	349	0.51950250647316	4	347.90836012862
GLOBAL	II	962716	972715	0.006149959397621	254	1.5620896869957	12	251.95819935691
GLOBAL	II	972716	982715	0.0032867794304527	238	0.78225350444774	6	235.90514469453
GLOBAL	II	982716	992715	0.0015906507025475	245	0.38970942212414	3	243.79099678457
GLOBAL	II	992716	1002715	0.003288334010752	158	0.51955677369882	4	157.42765273312
GLOBAL	II	1002716	1012715	0.0029342730945533	177	0.51936633773593	4	175.93247588424
GLOBAL	II	1012716	1022715	0.0032822535598996	277	0.90918423609219	7	275.36334405145
GLOBAL	II	1022716	1032715	0.0019780773110163	197	0.38968123027022	3	195.97266881029
GLOBAL	II	1032716	1042715	0.0021889158323829	178	0.38962701816416	3	177.2652733119
GLOBAL	II	1042716	1052715	0.0011145783840761	233	0.25969676348973	2	231.84565916399
GLOBAL	II	1052716	1062715	0.0046863577767944	444	2.0807428528967	16	440.52250803859
GLOBAL	II	1062716	1072715	0.0038964872591685	500	1.9482436295843	15	498.41639871383
GLOBAL	II	1072716	1082715	0.017096296206619	190	3.2482962792577	25	188.82154340836
GLOBAL	II	1082716	1092715	0.018066742913523	266	4.8057536149972	37	264.82475884244
GLOBAL	II	1092716	1102715	0.014427934672125	81	1.1686627084421	9	80.712218649518
GLOBAL	II	1102716	1112715	0.01579788472045	74	1.1690434693133	9	73.40192926045
GLOBAL	II	1112716	1122715	0.032996623637413	134	4.4215475674133	34	132.32958199357
GLOBAL	II	1122716	1132715	0.021825788159215	548	11.96053191125	92	542.93247588424
GLOBAL	II	1132716	1142715	0.018335481878057	71	1.301819213342	10	69.244372990354
GLOBAL	II	1142716	1152715	0.017314563068051	511	8.8477417277739	68	505.83601286174
GLOBAL	II	1152716	1162715	0.010167787691558	294	2.9893295813181	23	292.08360128617
GLOBAL	II	1162716	1172715	0.0021580066099886	241	0.52007959300724	4	239.88906752412
GLOBAL	II	1172716	1182715	0.001267214088559	410	0.5195577763092	4	407.64790996785
GLOBAL	II	1182716	1192715	0.0014052314329012	647	0.90918473708707	7	644.20096463023
GLOBAL	II	1192716	1202715	0.0023762728859767	164	0.38970875330019	3	163.38745980707
GLOBAL	II	1202716	1212715	0	26	0	0	25.652173913043
GLOBAL	II	1212716	1222715	0.0012998485568652	100	0.12998485568652	1	99.154340836013
GLOBAL	II	1222716	1232715	NA	0	0	0	0
GLOBAL	II	1232716	1242715	0	67	0	0	66.647909967846
GLOBAL	II	1242716	1252715	0.024965547069101	292	7.2899397441774	56	289.06109324759
GLOBAL	II	1252716	1262715	0.023148430912648	276	6.3889669318909	49	272.84083601286
GLOBAL	II	1262716	1272715	0.013988866900015	279	3.9028938651041	30	272.01446945338
GLOBAL	II	1272716	1282715	0.010053383392029	362	3.6393247879145	28	359.5578778135
GLOBAL	II	1282716	1292715	0.019023175478807	287	5.4596513624175	42	285.2652733119
GLOBAL	II	1292716	1302715	0.014303137613179	218	3.1180839996731	24	216.54340836013
GLOBAL	II	1302716	1312715	0.022124569946901	159	3.5178066215572	27	156.58199356913
GLOBAL	II	1312716	1322715	NA	0	0	0	0
GLOBAL	II	1322716	1332715	NA	0	0	0	0
GLOBAL	II	1332716	1342715	NA	0	0	0	0
GLOBAL	II	1342716	1352715	0.04662375324873	198	9.2315031432486	71	195.49678456592
GLOBAL	II	1352716	1362715	0.047588512050559	476	22.652131736066	174	469.6575562701
GLOBAL	II	1362716	1372715	0.031420068635845	364	11.436904983447	88	361.74919614148
GLOBAL	II	1372716	1382715	0.032947445295828	71	2.3392686160038	18	70.40192926045
GLOBAL	II	1382716	1392715	0	3	0	0	2.9510603588907
GLOBAL	II	1392716	1402715	0.034852280799082	407	14.184878285227	109	402.70900321543
GLOBAL	II	1402716	1412715	NA	0	0	0	0
GLOBAL	II	1412716	1422715	0.01353328636302	48	0.64959774542494	5	47.702572347267
GLOBAL	II	1422716	1432715	0.020380266004868	511	10.414315928488	80	506.02090032154
GLOBAL	II	1432716	1442715	0.0043023098517044	574	2.4695258548783	19	571.09485530547
GLOBAL	II	1442716	1452715	0.006466928534	543	3.511542193962	27	540.64147909968
GLOBAL	II	1452716	1462715	0.018182087938944	329	5.9819069319126	46	325.56591639871
GLOBAL	II	1462716	1472715	0.0018828530021117	276	0.51966742858282	4	274.14790996785
GLOBAL	II	1472716	1482715	0.00085011391320327	153	0.1300674287201	1	151.41800643087
GLOBAL	II	1482716	1492715	0.0036076539841278	36	0.1298755434286	1	35.860128617363
GLOBAL	II	1492716	1502715	0.0042985685074581	272	1.1692106340286	9	271.11414790997
GLOBAL	II	1502716	1512715	0.015283373800483	204	3.1178082552986	24	203.0691318328
GLOBAL	II	1512716	1522715	0.0030219558379419	86	0.259888202063	2	85.561093247588
GLOBAL	II	1522716	1532715	0.0016211583490061	481	0.77977716587192	6	477.45980707395
GLOBAL	II	1532716	1542715	0	178	0	0	176.64308681672
GLOBAL	II	1542716	1552715	0.0017203885031728	151	0.2597786639791	2	150.26848874598
GLOBAL	II	1552716	1562715	0.0025933976713296	651	1.6883018840356	13	646.46784565916
GLOBAL	II	1562716	1572715	0.0017787453338702	219	0.38954522811757	3	217.91961414791
GLOBAL	II	1572716	1582715	0.0014436679550737	180	0.25986023191327	2	178.70418006431
GLOBAL	II	1582716	1592715	NA	0	0	0	0
GLOBAL	II	1592716	1602715	NA	0	0	0	0
GLOBAL	II	1602716	1612715	NA	0	0	0	0
GLOBAL	II	1612716	1622715	0.0025969672215003	400	1.0387868886001	8	398
GLOBAL	II	1622716	1632715	0.0012122007574234	643	0.77944508702323	6	640.31672025723
GLOBAL	II	1632716	1642715	0.0025332305655492	359	0.90942977303217	7	356.39067524116
GLOBAL	II	1642716	1652715	0.0032671386150568	159	0.51947503979404	4	158.22829581994
GLOBAL	II	1652716	1662715	0.001412532974846	552	0.77971820211499	6	549.97106109325
GLOBAL	II	1662716	1672715	0.012257097453072	626	7.6729430056228	59	622.42122186495
GLOBAL	II	1672716	1682715	0.0028081201569599	185	0.51950222903757	4	184.38424437299
GLOBAL	II	1682716	1692715	0.0018548989622897	350	0.64921463680139	5	348.81028938907
GLOBAL	II	1692716	1702715	0.0025187415317718	361	0.90926569296961	7	360.04340836013
GLOBAL	II	1702716	1712715	0.00057491189420285	226	0.12993008808984	1	224.57234726688
GLOBAL	II	1712716	1722715	0.00039270349150006	331	0.12998485568652	1	329.10289389068
GLOBAL	II	1722716	1732715	0.0018629701118999	488	0.90912941460715	7	485.98392282958
GLOBAL	II	1732716	1742715	0.00078778700416073	165	0.12998485568652	1	163.15916398714
GLOBAL	II	1742716	1752715	0	64	0	0	63.697749196141
GLOBAL	II	1752716	1762715	NA	0	0	0	0
GLOBAL	II	1762716	1772715	NA	0	0	0	0
GLOBAL	II	1772716	1782715	0.0025350937813662	205	0.51969422518007	4	204.31511254019
GLOBAL	II	1782716	1792715	0.0015462188367027	336	0.51952952913211	4	334.11736334405
GLOBAL	II	1792716	1802715	0.0011196760683549	464	0.51952969571669	4	462.20900321543
GLOBAL	II	1802716	1812715	NA	0	0	0	0
GLOBAL	II	1812716	1822715	0	9	0	0	8.9645732689211
GLOBAL	II	1822716	1832715	0.0024974758868792	208	0.51947498447087	4	206.80225080386
GLOBAL	II	1832716	1842715	0.0013598109822705	191	0.25972389761367	2	190.59163987138
GLOBAL	II	1842716	1852715	0.0015161637982346	257	0.38965409614629	3	256.13826366559
GLOBAL	II	1852716	1862715	0.0021408066756592	546	1.1688804449099	9	544.48231511254
GLOBAL	II	1862716	1872715	0.00085983302730529	302	0.2596695742462	2	300.57395498392
GLOBAL	II	1872716	1882715	NA	0	0	0	0
GLOBAL	II	1882716	1892715	0.0056228789367367	139	0.78158017220639	6	133.27009646302
GLOBAL	II	1892716	1902715	0.0092847547124975	210	1.9497984896245	15	207.60450160772
GLOBAL	II	1902716	1912715	NA	0	0	0	0
GLOBAL	II	1912716	1922715	NA	0	0	0	0
GLOBAL	II	1922716	1932715	NA	0	0	0	0
GLOBAL	II	1932716	1942715	0	66	0	0	65.972299168975
GLOBAL	II	1942716	1952715	0	36	0	0	32.558823529412
GLOBAL	II	1952716	1962715	NA	0	0	0	0
GLOBAL	II	1962716	1972715	NA	0	0	0	0
GLOBAL	II	1972716	1982715	NA	0	0	0	0
GLOBAL	II	1982716	1992715	0.0027209141968779	191	0.51969461160369	4	190.13504823151
GLOBAL	II	1992716	2002715	NA	0	0	0	0
GLOBAL	II	2002716	2012715	0.0035884815695324	181	0.64951516408536	5	180.09163987138
GLOBAL	II	2012716	2022715	0.0020403587977212	191	0.38970853036475	3	190.06752411576
GLOBAL	II	2022716	2032715	0.0019881021745151	392	0.77933605240994	6	390.74758842444
GLOBAL	II	2032716	2042715	0.00076062823812924	171	0.1300674287201	1	170.01607717042
GLOBAL	II	2042716	2052715	0.0012319540265615	211	0.25994229960448	2	210.1463022508
GLOBAL	II	2052716	2062715	0.0016516581624312	236	0.38979132633377	3	235.0498392283
GLOBAL	II	2062716	2072715	NA	0	0	0	0
GLOBAL	II	2072716	2082715	0	53	0	0	52.659163987138
GLOBAL	II	2082716	2092715	0.0014841365577924	175	0.25972389761367	2	174.31993569132
GLOBAL	II	2092716	2102715	0.0020298392241798	256	0.51963884139003	4	254.74276527331
GLOBAL	II	2102716	2112715	NA	0	0	0	0
GLOBAL	II	2112716	2122715	0.013525032191017	69	0.93322722118019	7	64.112721417069
GLOBAL	II	2122716	2132715	0	43	0	0	42.737942122186
GLOBAL	II	2132716	2142715	0.003898178995941	100	0.3898178995941	3	99.426045016077
GLOBAL	II	2142716	2152715	0.0017155462376004	530	0.90923950592823	7	527.49356913183
GLOBAL	II	2152716	2162715	0.0017124061711596	910	1.5582896157553	12	906.79099678457
GLOBAL	II	2162716	2172715	0.0017735674520675	220	0.39018483945485	3	219.12861736334
GLOBAL	II	2172716	2182715	0.0015465723064173	252	0.38973622121715	3	251.00803858521
GLOBAL	II	2182716	2192715	0.0022264405493288	292	0.650120640404	5	290.14147909968
GLOBAL	II	2192716	2202715	0.0020299495598798	128	0.25983354366462	2	127.58681672026
GLOBAL	II	2202716	2212715	0.0035108186996523	370	1.2990029188713	10	368.40514469453
GLOBAL	II	2212716	2222715	0.0020782275381993	125	0.25977844227491	2	124.60289389068
GLOBAL	II	2222716	2232715	0.0010478232910471	124	0.12993008808984	1	123.58681672026
GLOBAL	II	2232716	2242715	0.0013385029600319	194	0.2596695742462	2	193.57717041801
GLOBAL	II	2242716	2252715	0	138	0	0	137.32475884244
GLOBAL	II	2252716	2262715	0.0029520302724897	88	0.2597786639791	2	87.733118971061
GLOBAL	II	2262716	2272715	0.0015373124148108	169	0.25980579810303	2	168.29099678457
GLOBAL	II	2272716	2282715	NA	0	0	0	0
GLOBAL	II	2282716	2292715	0.015469810742183	336	5.1978564093736	40	332.87459807074
GLOBAL	II	2292716	2302715	0.019190728438417	264	5.066352307742	39	262.89871382637
GLOBAL	II	2302716	2312715	0.015183461593739	77	1.1691265427179	9	76.551446945338
GLOBAL	II	2312716	2322715	0.01984429256627	288	5.7151562590859	44	286.6575562701
GLOBAL	II	2322716	2332715	NA	0	0	0	0
GLOBAL	II	2332716	2342715	NA	0	0	0	0
GLOBAL	II	2342716	2352715	NA	0	0	0	0
GLOBAL	II	2352716	2362715	NA	0	0	0	0
GLOBAL	II	2362716	2372715	0.029526709385771	185	5.4624412363676	42	183.1575562701
GLOBAL	II	2372716	2382715	0.0151537461817	120	1.818449541804	14	119.27009646302
GLOBAL	II	2382716	2392715	0.018553664867927	14	0.25975130815098	2	13.946945337621
GLOBAL	II	2392716	2402715	0.026543550071978	99	2.6278114571258	20	96.765273311897
GLOBAL	II	2402716	2412715	0.0013965112196624	93	0.1298755434286	1	92.699356913183
GLOBAL	II	2412716	2422715	0	110	0	0	109.67363344051
GLOBAL	II	2422716	2432715	NA	0	0	0	0
GLOBAL	II	2432716	2442715	NA	0	0	0	0
GLOBAL	II	2442716	2452715	NA	0	0	0	0
GLOBAL	II	2452716	2462715	NA	0	0	0	0
GLOBAL	II	2462716	2472715	NA	0	0	0	0
GLOBAL	II	2472716	2482715	NA	0	0	0	0
GLOBAL	II	2482716	2492715	NA	0	0	0	0
GLOBAL	II	2492716	2502715	NA	0	0	0	0
GLOBAL	II	2502716	2512715	NA	0	0	0	0
GLOBAL	II	2512716	2522715	NA	0	0	0	0
GLOBAL	II	2522716	2532715	NA	0	0	0	0
GLOBAL	II	2532716	2542715	NA	0	0	0	0
GLOBAL	II	2542716	2552715	0.0046509626157553	112	0.52090781296459	4	110.75884244373
GLOBAL	II	2552716	2562715	NA	0	0	0	0
GLOBAL	II	2562716	2572715	NA	0	0	0	0
GLOBAL	II	2572716	2582715	NA	0	0	0	0
GLOBAL	II	2582716	2592715	NA	0	0	0	0
GLOBAL	II	2592716	2602715	NA	0	0	0	0
GLOBAL	II	2602716	2612715	NA	0	0	0	0
GLOBAL	II	2612716	2622715	NA	0	0	0	0
GLOBAL	II	2622716	2632715	NA	0	0	0	0
GLOBAL	II	2632716	2642715	0.00094799666736205	137	0.1298755434286	1	136.86012861736
GLOBAL	II	2642716	2652715	NA	0	0	0	0
GLOBAL	II	2652716	2662715	NA	0	0	0	0
GLOBAL	II	2662716	2672715	NA	0	0	0	0
GLOBAL	II	2672716	2682715	NA	0	0	0	0
GLOBAL	II	2682716	2692715	NA	0	0	0	0
GLOBAL	II	2692716	2702715	NA	0	0	0	0
GLOBAL	II	2702716	2712715	0.0079144800381605	476	3.7672924981644	29	474.25884244373
GLOBAL	II	2712716	2722715	0.019973174149437	716	14.300792690997	110	712.19935691318
GLOBAL	II	2722716	2732715	NA	0	0	0	0
GLOBAL	II	2732716	2742715	NA	0	0	0	0
GLOBAL	II	2742716	2752715	0.031362971813417	646	20.260479791468	156	643.9807073955
GLOBAL	II	2752716	2762715	0.019547163650667	578	11.298260590086	87	576.43247588424
GLOBAL	II	2762716	2772715	0.024313663918422	139	3.3795992846606	26	138.26366559486
GLOBAL	II	2772716	2782715	0.016085127441861	711	11.436525611163	88	704.02733118971
GLOBAL	II	2782716	2792715	0.027491360858025	175	4.8109881501545	37	173.68971061093
GLOBAL	II	2792716	2802715	0.022661220186121	149	3.376521807732	26	148.52893890675
GLOBAL	II	2802716	2812715	NA	0	0	0	0
GLOBAL	II	2812716	2822715	0.0092763982290924	126	1.1688261768656	9	125.42282958199
GLOBAL	II	2822716	2832715	NA	0	0	0	0
GLOBAL	II	2832716	2842715	0.028876413125768	27	0.77966315439574	6	26.768488745981
GLOBAL	II	2842716	2852715	0.016299288876785	590	9.6165804373029	74	586.84405144695
GLOBAL	II	2852716	2862715	NA	0	0	0	0
GLOBAL	II	2862716	2872715	0	4	0	0	3.9967320261438
GLOBAL	II	2872716	2882715	0.00076245606102623	341	0.25999751680994	2	338.53215434084
GLOBAL	II	2882716	2892715	NA	0	0	0	0
GLOBAL	II	2892716	2902715	0	14	0	0	13.918006430868
GLOBAL	II	2902716	2912715	0.00030409450628821	427	0.12984835418507	1	424.75080385852
GLOBAL	II	2912716	2922715	NA	0	0	0	0
GLOBAL	II	2922716	2932715	NA	0	0	0	0
GLOBAL	II	2932716	2942715	0	191	0	0	189.7347266881
GLOBAL	II	2942716	2952715	NA	0	0	0	0
GLOBAL	II	2952716	2962715	0.0013252606472306	98	0.1298755434286	1	97.827974276527
GLOBAL	II	2962716	2972715	NA	0	0	0	0
GLOBAL	II	2972716	2982715	0.0022040656976575	118	0.26007975232358	2	116.94051446945
GLOBAL	II	2982716	2992715	0.0015495927234009	503	0.77944513987067	6	501.31993569132
GLOBAL	II	2992716	3002715	0.00056090013712685	463	0.25969676348973	2	461.63665594855
GLOBAL	II	3002716	3012715	0.0012995774227438	300	0.38987322682313	3	298.6077170418
GLOBAL	II	3012716	3022715	0.0012028035925491	108	0.12990278799531	1	106.93569131833
GLOBAL	II	3022716	3032715	0	90	0	0	89.498392282958
GLOBAL	II	3032716	3042715	0.001160092311556	224	0.25986067778855	2	222.9501607717
GLOBAL	II	3042716	3052715	0.0017669532949311	441	0.77922640306462	6	439.40996784566
GLOBAL	II	3052716	3062715	0.0040569131269104	32	0.12982122006113	1	31.900321543408
GLOBAL	II	3062716	3072715	0.0010029710040393	777	0.77930847013856	6	774.6961414791
GLOBAL	II	3072716	3082715	0.0013483779594125	289	0.38968123027022	3	287.41800643087
GLOBAL	II	3082716	3092715	0.0024735619814899	105	0.25972400805644	2	104.65273311897
GLOBAL	II	3092716	3102715	0.0024822213585999	157	0.38970875330019	3	155.78617363344
GLOBAL	II	3102716	3112715	0.0022404107213951	116	0.25988764368183	2	115.39871382637
GLOBAL	II	3112716	3122715	0.00088397157714907	294	0.25988764368183	2	292.52733118971
GLOBAL	II	3122716	3132715	0.0023206766330818	112	0.25991578290516	2	111.71061093248
GLOBAL	II	3132716	3142715	0.0013121976725847	594	0.7794454175153	6	591.92765273312
GLOBAL	II	3142716	3152715	0.0020067494119981	259	0.51974809770751	4	257.86173633441
GLOBAL	II	3152716	3162715	0	23	0	0	19.40192926045
GLOBAL	II	3162716	3172715	0.0010329704364353	503	0.51958412952694	4	495.31672025723
GLOBAL	II	3172716	3182715	0.0016262537885995	559	0.90907586782711	7	557.02090032154
GLOBAL	II	3182716	3192715	0.0018332823569765	425	0.77914500171503	6	422.03697749196
GLOBAL	II	3192716	3202715	0.0015563769088405	167	0.25991494377636	2	166.3729903537
GLOBAL	II	3202716	3212715	0.00090812629060366	572	0.51944823822529	4	570.39710610932
GLOBAL	II	3212716	3222715	NA	0	0	0	0
GLOBAL	II	3222716	3232715	0.0018090049028562	359	0.64943276012538	5	357.91961414791
GLOBAL	II	3232716	3242715	0.003332720309512	117	0.3899282762129	3	116.54019292605
GLOBAL	II	3242716	3252715	0.00063951339931592	203	0.12982122006113	1	202.31350482315
GLOBAL	II	3252716	3262715	0.0025834529878505	352	0.90937545172338	7	350.95337620579
GLOBAL	II	3262716	3272715	NA	0	0	0	0
GLOBAL	II	3272716	3282715	NA	0	0	0	0
GLOBAL	II	3282716	3292715	NA	0	0	0	0
GLOBAL	II	3292716	3302715	0.0016039066425009	162	0.25983287608515	2	161.31511254019
GLOBAL	II	3302716	3312715	0.00032327722367652	402	0.12995744391796	1	400.70739549839
GLOBAL	II	3312716	3322715	0.010217484283763	267	2.7280683037648	21	266.16077170418
GLOBAL	II	3322716	3332715	0.015471841443044	361	5.5853347609388	43	359.44694533762
GLOBAL	II	3332716	3342715	0.012634190244228	185	2.3373251951822	18	184.61093247588
GLOBAL	II	3342716	3352715	NA	0	0	0	0
GLOBAL	II	3352716	3362715	0.0021001952602636	742	1.5583448831156	12	739.73311897106
GLOBAL	II	3362716	3372715	0	79	0	0	78.638263665595
GLOBAL	II	3372716	3382715	0.0014678281129413	177	0.25980557599062	2	175.53697749196
GLOBAL	II	3382716	3392715	0.0068698773977388	435	2.9883966680164	23	433.21704180064
GLOBAL	II	3392716	3402715	0.0083207438818963	562	4.6762580616257	36	558.92926045016
GLOBAL	II	3402716	3412715	NA	0	0	0	0
GLOBAL	II	3412716	3422715	NA	0	0	0	0
GLOBAL	II	3422716	3432715	0	26	0	0	25.265273311897
GLOBAL	II	3432716	3442715	0.0025094765169549	414	1.0389232780193	8	412.07073954984
GLOBAL	II	3442716	3452715	0.001444581373372	90	0.13001232360348	1	89.488745980707
GLOBAL	II	3452716	3462715	0.0011754688188417	442	0.51955721792803	4	440.46463022508
GLOBAL	II	3462716	3472715	0.00063466107141642	614	0.38968189784968	3	610.86334405145
GLOBAL	II	3472716	3482715	0.0013457206326109	579	0.77917224628173	6	577.34565916399
GLOBAL	II	3482716	3492715	0.0015800436115745	329	0.51983434820802	4	327.87942122187
GLOBAL	II	3492716	3502715	0.0013400500586239	97	0.12998485568652	1	96.665594855305
GLOBAL	II	3502716	3512715	0.0026696116298728	146	0.38976329796143	3	145.4421221865
GLOBAL	II	3512716	3522715	NA	0	0	0	0
GLOBAL	II	3522716	3532715	NA	0	0	0	0
GLOBAL	II	3532716	3542715	0	149	0	0	148.6270096463
GLOBAL	II	3542716	3552715	NA	0	0	0	0
GLOBAL	II	3552716	3562715	NA	0	0	0	0
GLOBAL	II	3562716	3572715	0.0011499853447381	339	0.38984503186621	3	337.95176848875
GLOBAL	II	3572716	3582715	0	33	0	0	32.935691318328
GLOBAL	II	3582716	3592715	NA	0	0	0	0
GLOBAL	II	3592716	3602715	0.0016323038296682	239	0.3901206152907	3	238.37942122186
GLOBAL	II	3602716	3612715	0.00067643526609472	384	0.25975114218037	2	382.29742765273
GLOBAL	II	3612716	3622715	0.0012254982618795	212	0.25980563151845	2	211.31189710611
GLOBAL	II	3622716	3632715	0.00222056253985	351	0.77941745148737	6	348.71704180064
GLOBAL	II	3632716	3642715	0.00055032009927373	236	0.1298755434286	1	234.84726688103
GLOBAL	II	3642716	3652715	0.0015843508760038	164	0.25983354366462	2	163.19453376206
GLOBAL	II	3652716	3662715	NA	0	0	0	0
GLOBAL	II	3662716	3672715	NA	0	0	0	0
GLOBAL	II	3672716	3682715	0	33	0	0	32.832797427653
GLOBAL	II	3682716	3692715	0.002267850540977	172	0.39007029304805	3	170.69774919614
GLOBAL	II	3692716	3702715	0.0015648493173534	332	0.51952997336132	4	330.30546623794
GLOBAL	II	3702716	3712715	0.0026384591839879	197	0.51977645924561	4	195.91639871383
GLOBAL	II	3712716	3722715	0.00052636591363676	747	0.39319533748666	3	742.40353697749
GLOBAL	II	3722716	3732715	0.00088313755143628	147	0.12982122006113	1	146.1961414791
GLOBAL	II	3732716	3742715	NA	0	0	0	0
GLOBAL	II	3742716	3752715	NA	0	0	0	0
GLOBAL	II	3752716	3762715	0.0019392561552486	201	0.38979048720496	3	199.21864951768
GLOBAL	II	3762716	3772715	0.00076946655549076	169	0.13003984787794	1	168.39067524116
GLOBAL	II	3772716	3782715	0	169	0	0	168.09163987138
GLOBAL	II	3782716	3792715	0.0012868430673489	202	0.25994229960448	2	200.96623794212
GLOBAL	II	3792716	3802715	0.012296116004528	581	7.1440433986306	55	577.83118971061
GLOBAL	II	3802716	3812715	0.016959712951794	406	6.8856434584282	53	404.17202572347
GLOBAL	II	3812716	3822715	0.01637338974441	476	7.7937335183391	60	474.07234726688
GLOBAL	II	3822716	3832715	0	85	0	0	84.541800643087
GLOBAL	II	3832716	3842715	NA	0	0	0	0
GLOBAL	II	3842716	3852715	NA	0	0	0	0
GLOBAL	II	3852716	3862715	NA	0	0	0	0
GLOBAL	II	3862716	3872715	0.00057600590682726	451	0.2597786639791	2	449.72829581994
GLOBAL	II	3872716	3882715	NA	0	0	0	0
GLOBAL	II	3882716	3892715	NA	0	0	0	0
GLOBAL	II	3892716	3902715	NA	0	0	0	0
GLOBAL	II	3902716	3912715	0	133	0	0	120.28938906752
GLOBAL	II	3912716	3922715	NA	0	0	0	0
GLOBAL	II	3922716	3932715	NA	0	0	0	0
GLOBAL	II	3932716	3942715	0.00085137565326622	305	0.2596695742462	2	303.94533762058
GLOBAL	II	3942716	3952715	0.00096881507508308	134	0.12982122006113	1	133.51607717042
GLOBAL	II	3952716	3962715	0.0015692063907408	662	1.0388146306704	8	659.71221864952
GLOBAL	II	3962716	3972715	NA	0	0	0	0
GLOBAL	II	3972716	3982715	0.0011697235915648	666	0.77903591198213	6	664.39549839228
GLOBAL	II	3982716	3992715	0.0011948404405482	978	1.1685539508562	9	975.83440514469
GLOBAL	II	3992716	4002715	0	185	0	0	184.13344051447
GLOBAL	II	4002716	4012715	NA	0	0	0	0
GLOBAL	II	4012716	4022715	NA	0	0	0	0
GLOBAL	II	4022716	4032715	NA	0	NA	0	NA
GLOBAL	II	4032716	4042715	NA	0	NA	0	NA
GLOBAL	II	4042716	4052715	NA	0	0	0	0
GLOBAL	II	4052716	4062715	0.0022537602675852	519	1.1697015788767	9	517.20257234727
GLOBAL	II	4062716	4072715	0.00091567666014585	284	0.26005217148142	2	281.54662379421
GLOBAL	II	4072716	4082715	0	147	0	0	146.58520900322
GLOBAL	II	4082716	4092715	0.00092383998061302	703	0.64945950637095	5	699.43569131833
GLOBAL	II	4092716	4102715	0.0016516546068007	236	0.38979048720496	3	234.72990353698
GLOBAL	II	4102716	4112715	0.003746150599385	104	0.38959966233604	3	103.2459807074
GLOBAL	II	4112716	4122715	0.0026269399389164	206	0.54114962741678	4	186.42765273312
GLOBAL	II	4122716	4132715	0.0015553970547963	167	0.25975130815098	2	166.09967845659
GLOBAL	II	4132716	4142715	0.0022411243148454	174	0.3899556307831	3	173.30546623794
GLOBAL	II	4142716	4152715	0	75	0	0	74.675241157556
GLOBAL	II	4152716	4162715	0	229	0	0	228.12379421222
GLOBAL	II	4162716	4172715	0.00069466731548293	187	0.12990278799531	1	186.39549839228
GLOBAL	II	4172716	4182715	0.0025913061568494	802	2.0782275377932	16	794.89389067524
GLOBAL	II	4182716	4192715	0.0021646245719011	900	1.948162114711	15	896.75884244373
GLOBAL	II	4192716	4202715	0.0018424988859751	282	0.51958468584499	4	280.97749196141
GLOBAL	II	4202716	4212715	NA	0	0	0	0
GLOBAL	II	4212716	4222715	NA	0	0	0	0
GLOBAL	II	4222716	4232715	0.0010565645846989	123	0.12995744391796	1	122.44051446945
GLOBAL	II	4232716	4242715	0	50	0	0	49.863344051447
GLOBAL	II	4242716	4252715	0.0016794279991758	232	0.38962729580879	3	231.23311897106
GLOBAL	II	4252716	4262715	0.00044553104911409	292	0.13009506634132	1	290.16881028939
GLOBAL	II	4262716	4272715	0.0010138683018542	769	0.77966472412585	6	766.33922829582
GLOBAL	II	4272716	4282715	0	270	0	0	268.93890675241
GLOBAL	II	4282716	4292715	0.00084903867553146	459	0.38970875206894	3	455.1768488746
GLOBAL	II	4292716	4302715	0.00074656774709947	174	0.12990278799531	1	173.58520900322
GLOBAL	II	4302716	4312715	NA	0	0	0	0
GLOBAL	II	4312716	4322715	NA	0	0	0	0
GLOBAL	II	4322716	4332715	0.0017851383539039	582	1.0389505219721	8	580.24758842444
GLOBAL	II	4332716	4342715	0.0014168247143999	275	0.38962679645997	3	274.42443729904
GLOBAL	II	4342716	4352715	NA	0	0	0	0
GLOBAL	II	4352716	4362715	NA	0	0	0	0
GLOBAL	II	4362716	4372715	NA	0	0	0	0
GLOBAL	II	4372716	4382715	NA	0	0	0	0
GLOBAL	II	4382716	4392715	0.00077537703925665	335	0.25975130815098	2	333.50321543408
GLOBAL	II	4392716	4402715	0.001073727788183	363	0.38976318711043	3	361.23954983923
GLOBAL	II	4402716	4412715	0	77	0	0	76.450160771704
GLOBAL	II	4412716	4422715	0	61	0	0	60.787781350482
GLOBAL	II	4422716	4432715	NA	0	0	0	0
GLOBAL	II	4432716	4442715	0.0011258529412566	346	0.3895451176748	3	345.18006430868
GLOBAL	II	4442716	4452715	0.0005270879344396	739	0.38951798355087	3	736.73633440514
GLOBAL	II	4452716	4462715	0.0013653459516625	666	0.90932040380721	7	664.00964630225
GLOBAL	II	4462716	4472715	0.00032180509091714	807	0.25969670837013	2	805.39389067524
GLOBAL	II	4472716	4482715	0	168	0	0	167.48874598071
GLOBAL	II	4482716	4492715	0.00082688675198174	157	0.12982122006113	1	156.71061093248
GLOBAL	II	4492716	4502715	0.00041751882374619	311	0.12984835418507	1	310.30225080386
GLOBAL	II	4502716	4512715	0.0012254992242144	318	0.38970875330019	3	317.57395498392
GLOBAL	II	4512716	4522715	0	86	0	0	85.864951768489
GLOBAL	II	4522716	4532715	0.00084729767024448	613	0.51939347185986	4	611.29260450161
GLOBAL	II	4532716	4542715	0.00067293027683213	193	0.1298755434286	1	192.37138263666
GLOBAL	II	4542716	4552715	0.0016859898709238	77	0.12982122006113	1	76.946945337621
GLOBAL	II	4552716	4562715	0.00082230758732285	159	0.13074690638433	1	158.52090032154
GLOBAL	II	4562716	4572715	0.0022106487248143	235	0.51950245033135	4	234.31672025723
GLOBAL	II	4572716	4582715	0.0006155674682586	633	0.3896542074077	3	630.87942122186
GLOBAL	II	4582716	4592715	0.00097129873892102	401	0.38949079430733	3	399.72347266881
GLOBAL	II	4592716	4602715	0.0019244873933558	135	0.25980579810303	2	134.54662379421
GLOBAL	II	4602716	4612715	0.0014232946892952	365	0.51950256159276	4	364.16398713826
GLOBAL	II	4612716	4622715	0.0008191469219123	317	0.2596695742462	2	315.59163987138
GLOBAL	II	4622716	4632715	0.0022262076918772	350	0.77917269215701	6	348.89067524116
GLOBAL	II	4632716	4642715	0.0010386782969848	250	0.2596695742462	2	249.43890675241
GLOBAL	II	4642716	4652715	0.001564657278458	249	0.38959966233604	3	247.95498392283
GLOBAL	II	4652716	4662715	0	10	0	0	9.9790996784566
GLOBAL	II	4662716	4672715	0	116	0	0	115.52250803859
GLOBAL	II	4672716	4682715	0.0029386127950445	221	0.64943342770484	5	220.22347266881
GLOBAL	II	4682716	4692715	0.0019340867397205	470	0.90902076766865	7	468.96623794212
GLOBAL	II	4692716	4702715	0.0076494028163493	17	0.13003984787794	1	16.906752411576
GLOBAL	II	4702716	4712715	0.0014042821815448	370	0.51958440717156	4	368.52893890675
GLOBAL	II	4712716	4722715	0.00047036673935193	276	0.12982122006113	1	275.43729903537
GLOBAL	II	4722716	4732715	0.0013183954193587	197	0.25972389761367	2	196.64147909968
GLOBAL	II	4732716	4742715	0.0012024443858213	756	0.90904795568094	7	754.50321543408
GLOBAL	II	4742716	4752715	0	77	0	0	76.747588424437
GLOBAL	II	4752716	4762715	0.0010199667429549	382	0.38962729580879	3	380.06591639871
GLOBAL	II	4762716	4772715	0.0015101305243322	516	0.7792273505554	6	514.25723472669
GLOBAL	II	4772716	4782715	0.0012776455667203	305	0.38968189784968	3	303.56430868167
GLOBAL	II	4782716	4792715	0.00053113294081072	489	0.25972400805644	2	487.79421221865
GLOBAL	II	4792716	4802715	0.00060971294303853	852	0.51947542746883	4	850.4501607717
GLOBAL	II	4802716	4812715	0.0010292174250559	757	0.77911759076731	6	755.32636655949
GLOBAL	II	4812716	4822715	0.00050447781698573	515	0.25980607574765	2	513.06752411576
GLOBAL	II	4822716	4832715	NA	0	0	0	0
GLOBAL	II	4832716	4842715	0.00090790394943434	858	0.77898158861466	6	856.21864951768
GLOBAL	II	4842716	4852715	0.00059951018334808	650	0.38968161917625	3	648.29421221865
GLOBAL	II	4852716	4862715	0	379	0	0	377.99678456592
GLOBAL	II	4862716	4872715	0.00050426545314588	515	0.25969670837013	2	513.87138263666
GLOBAL	II	4872716	4882715	0.0016981686908898	306	0.51963961941227	4	303.0691318328
GLOBAL	II	4882716	4892715	0.00023952254623825	542	0.12982122006113	1	540.72668810289
GLOBAL	II	4892716	4902715	0.0010028482091684	518	0.51947537234923	4	516.94855305466
GLOBAL	II	4902716	4912715	0.0008473420246385	613	0.5194206611034	4	610.43408360129
GLOBAL	II	4912716	4922715	NA	0	0	0	0
GLOBAL	II	4922716	4932715	0.00074609896586858	174	0.12982122006113	1	173.55144694534
GLOBAL	II	4932716	4942715	0.0013290569061904	684	0.90907492383427	7	681.9807073955
GLOBAL	II	4942716	4952715	0.00065100536887312	399	0.25975114218037	2	398
GLOBAL	II	4952716	4962715	0.0018500030830768	702	1.2987021643199	10	699.86012861736
GLOBAL	II	4962716	4972715	0.0007366382215052	529	0.38968161917625	3	526.9807073955
GLOBAL	II	4972716	4982715	0.0012543113049385	207	0.25964244012227	2	206.2652733119
GLOBAL	II	4982716	4992715	0.0012159396001013	641	0.77941728366494	6	638.60610932476
GLOBAL	II	4992716	5002715	0.00052402195128211	248	0.12995744391796	1	246.83762057878
GLOBAL	II	5002716	5012715	0	72	0	0	71.811897106109
GLOBAL	II	5012716	5022715	0.0013477674731986	482	0.6496239220817	5	479.96945337621
GLOBAL	II	5022716	5032715	0.0014476137328993	359	0.51969333011084	4	357.57073954984
GLOBAL	II	5032716	5042715	0.0010558987270618	246	0.2597510868572	2	245.08038585209
GLOBAL	II	5042716	5052715	0.00081026194982722	481	0.38973599786689	3	478.8922829582
GLOBAL	II	5052716	5062715	NA	0	0	0	0
GLOBAL	II	5062716	5072715	NA	0	0	0	0
GLOBAL	II	5072716	5082715	NA	0	0	0	0
GLOBAL	II	5082716	5092715	0.00073360652081958	177	0.12984835418507	1	176.70578778135
GLOBAL	II	5092716	5102715	0	83	0	0	82.620578778135
GLOBAL	II	5102716	5112715	0.0010871682421405	239	0.25983320987158	2	237.9421221865
GLOBAL	II	5112716	5122715	0.0012439683373484	522	0.64935147209588	5	519.66559485531
GLOBAL	II	5122716	5132715	0.00067988195853666	573	0.38957236224151	3	571.54662379421
GLOBAL	II	5132716	5142715	0.0010778055692132	241	0.25975114218037	2	239.51125401929
GLOBAL	II	5142716	5152715	0	16	0	0	15.972668810289
GLOBAL	II	5152716	5162715	0.00056639762217536	688	0.38968156405665	3	686.00321543408
GLOBAL	II	5162716	5172715	0.00078986498210275	822	0.64926901528846	5	818.92282958199
GLOBAL	II	5172716	5182715	0.007102264832275	685	4.8650514101083	36	588.40836012862
GLOBAL	II	5182716	5192715	0.0053111088242653	1328	7.0531525186244	52	702.49839228296
GLOBAL	II	5192716	5202715	0.002709163497457	48	0.13003984787794	1	47.692926045016
GLOBAL	II	5202716	5212715	0.010638297087934	354	3.7659571691287	29	353.21382636656
GLOBAL	II	5212716	5222715	0.011292611686531	414	4.6751412382237	36	412.81189710611
GLOBAL	II	5222716	5232715	0.0082349519940169	205	1.6881651587735	13	204.43247588424
GLOBAL	II	5232716	5242715	0.0081595166517758	764	6.2338707219567	48	762.16881028939
GLOBAL	II	5242716	5252715	0.0021822935024405	833	1.8178504875329	14	831.57877813505
GLOBAL	II	5252716	5262715	0.006561126939732	297	1.9486547011004	15	296.01125401929
GLOBAL	II	5262716	5272715	0.0087148445681168	149	1.2985118406494	10	148.7652733119
GLOBAL	II	5272716	5282715	0.0090712935360359	315	2.8574574638513	22	313.73151125402
GLOBAL	II	5282716	5292715	0.012642966356782	678	8.5719311898984	66	676.06109324759
GLOBAL	II	5292716	5302715	0.011228968038997	509	5.7155447318493	44	507.04823151125
GLOBAL	II	5302716	5312715	0.0010498317160758	495	0.51966669945752	4	493.47588424437
GLOBAL	II	5312716	5322715	0.0014676760676785	177	0.2597786639791	2	176.18488745981
GLOBAL	II	5322716	5332715	0	147	0	0	146.44051446945
GLOBAL	II	5332716	5342715	NA	0	0	0	0
GLOBAL	II	5342716	5352715	0.0021820972625731	119	0.2596695742462	2	118.81672025723
GLOBAL	II	5352716	5362715	0.0013743443749058	189	0.2597510868572	2	188.47266881029
GLOBAL	II	5362716	5372715	0.000648116353463	601	0.38951792843126	3	599.06430868167
GLOBAL	II	5372716	5382715	0	350	0	0	348.95176848875
GLOBAL	II	5382716	5392715	0.0011891377951905	546	0.64926923617401	5	544.76688102894
GLOBAL	II	5392716	5402715	0.0023525243907666	552	1.2985934637032	10	550.5691318328
GLOBAL	II	5402716	5412715	0.00043989799886346	603	0.26525849331467	2	597.49035369775
GLOBAL	II	5412716	5422715	NA	0	0	0	0
GLOBAL	II	5422716	5432715	NA	0	0	0	0
GLOBAL	II	5432716	5442715	0.00034365816929976	378	0.12990278799531	1	376.91800643087
GLOBAL	II	5442716	5452715	0.001520441016872	854	1.2984566284087	10	852.05305466238
GLOBAL	II	5452716	5462715	0.0078834578366507	280	2.2073681942622	17	279.5192926045
GLOBAL	II	5462716	5472715	0.014344325694926	688	9.868896078109	76	686.66398713826
GLOBAL	II	5472716	5482715	0.011542463207902	788	9.0954610078265	70	784.42926045016
GLOBAL	II	5482716	5492715	0.0024971550822059	780	1.9477809641206	15	777.99356913183
GLOBAL	II	5492716	5502715	0.0096227440221956	270	2.5981408859928	20	268.88585209003
GLOBAL	II	5502716	5512715	0.0084254531095685	293	2.4686577611036	19	291.39871382637
GLOBAL	II	5512716	5522715	0.0041888780838482	124	0.51942088239718	4	123.11414790997
GLOBAL	II	5522716	5532715	0.0068375132108539	673	4.6016463909047	35	659.06270096463
GLOBAL	II	5532716	5542715	0.0069410692593444	262	1.8185601459482	14	261.19774919614
GLOBAL	II	5542716	5552715	0.0089329522518628	509	4.5468726961982	35	507.71382636656
GLOBAL	II	5552716	5562715	0.010546486955929	776	8.1840738778011	63	774.1077170418
GLOBAL	II	5562716	5572715	0.0071048140303506	841	5.9751485995249	46	839.88424437299
GLOBAL	II	5572716	5582715	0.0030772980191315	422	1.2986197640735	10	421.09646302251
GLOBAL	II	5582716	5592715	0	34	0	0	33.971061093248
GLOBAL	II	5592716	5602715	0.0025779749118039	403	1.038923889457	8	402.19131832797
GLOBAL	II	5602716	5612715	0.0041146333579255	442	1.8186679442031	14	440.72186495177
GLOBAL	II	5612716	5622715	0.0068273437494875	306	2.0891671873432	16	299.94533762058
GLOBAL	II	5622716	5632715	0.011260845672164	323	3.6372531521088	28	321.94855305466
GLOBAL	II	5632716	5642715	0.0082887746984786	376	3.1165792866279	24	375.15112540193
GLOBAL	II	5642716	5652715	0.0076881889664733	321	2.4679086582379	19	320.37942122186
GLOBAL	II	5652716	5662715	0.0082888936186381	235	1.94789000038	15	233.37620578778
GLOBAL	II	5662716	5672715	0.005806591140172	425	2.4678012345731	19	424
GLOBAL	II	5672716	5682715	0	88	0	0	86.477491961415
GLOBAL	II	5682716	5692715	0.0014309876470246	363	0.51944851586992	4	362.01446945338
GLOBAL	II	5692716	5702715	0	125	0	0	124.4807073955
GLOBAL	II	5702716	5712715	0	216	0	0	215.23311897106
GLOBAL	II	5712716	5722715	0.0012807186153293	507	0.64932433797195	5	505.6768488746
GLOBAL	II	5722716	5732715	0.00077987016062983	333	0.25969676348973	2	332.09646302251
GLOBAL	II	5732716	5742715	0.00055969118183218	232	0.12984835418507	1	231.60289389068
GLOBAL	II	5742716	5752715	0.0016753461658102	465	0.77903596710173	6	464.10610932476
GLOBAL	II	5752716	5762715	0	102	0	0	101.83118971061
GLOBAL	II	5762716	5772715	0.0009813593509724	397	0.38959966233604	3	395.95819935691
GLOBAL	II	5772716	5782715	0.0038390060132175	609	2.3379546620494	18	607.65112540193
GLOBAL	II	5782716	5792715	0.0044776090131025	348	1.5582079365597	12	347.35048231511
GLOBAL	II	5792716	5802715	0.0034926390380873	595	2.078120227662	16	593.68006430868
GLOBAL	II	5802716	5812715	0.0082578894215925	519	4.2858446098065	33	517.51286173633
GLOBAL	II	5812716	5822715	0.0060244861509065	345	2.0784477220627	16	344.30868167203
GLOBAL	II	5822716	5832715	0.0073289250227357	319	2.3379270822527	18	318.38585209003
GLOBAL	II	5832716	5842715	0.0028100716641525	416	1.1689898122875	9	415.18488745981
GLOBAL	II	5842716	5852715	0.0044634066850505	582	2.5977026906994	20	580.15594855305
GLOBAL	II	5852716	5862715	0.0014194554808511	549	0.77928105898727	6	547.17845659164
GLOBAL	II	5862716	5872715	0.00036262910631601	358	0.12982122006113	1	357.21061093248
GLOBAL	II	5872716	5882715	0.00084421109750451	1231	1.039223861028	8	1227.8167202572
GLOBAL	II	5882716	5892715	0.0010396595513437	125	0.12995744391796	1	124.71061093248
GLOBAL	II	5892716	5902715	0.0030937946167183	126	0.38981812170651	3	125.04823151125
GLOBAL	II	5902716	5912715	0.0011961611378854	543	0.64951549787179	5	540.64308681672
GLOBAL	II	5912716	5922715	0	111	0	0	110.69774919614
GLOBAL	II	5922716	5932715	0.00040442747682596	321	0.12982122006113	1	319.67041800643
GLOBAL	II	5932716	5942715	0.0014594809579637	801	1.1690442473289	9	798.11254019293
GLOBAL	II	5942716	5952715	0.00056467627577652	230	0.1298755434286	1	229.32154340836
GLOBAL	II	5952716	5962715	0.00074335493044058	524	0.38951798355087	3	522.83440514469
GLOBAL	II	5962716	5972715	0.0008053891221502	645	0.51947598378688	4	643.40514469453
GLOBAL	II	5972716	5982715	0	50	0	0	49.911575562701
GLOBAL	II	5982716	5992715	0.00034073811039667	381	0.12982122006113	1	379.9501607717
GLOBAL	II	5992716	6002715	0.0036779806667521	459	1.6881931260392	13	457.75241157556
GLOBAL	II	6002716	6012715	0.0018310643222833	851	1.5582357382631	12	848.85209003215
GLOBAL	II	6012716	6022715	0.00078205554253694	166	0.12982122006113	1	165.45659163987
GLOBAL	II	6022716	6032715	0.00043710848505432	297	0.12982122006113	1	294.70096463023
GLOBAL	II	6032716	6042715	0.00065083500969415	798	0.51936633773593	4	795.68327974277
GLOBAL	II	6042716	6052715	0.0011191484488029	116	0.12982122006113	1	115.76366559486
GLOBAL	II	6052716	6062715	0.0014080160474271	646	0.90957836663788	7	644.1575562701
GLOBAL	II	6062716	6072715	0.00062414048106314	416	0.25964244012227	2	414.98231511254
GLOBAL	II	6072716	6082715	0.0008540869740864	152	0.12982122006113	1	151.34887459807
GLOBAL	II	6082716	6092715	0.00047227470337673	275	0.1298755434286	1	274.18649517685
GLOBAL	II	6092716	6102715	0.00058181850649423	670	0.38981839935114	3	668.6077170418
GLOBAL	II	6102716	6112715	0.0010673212378047	365	0.38957225179873	3	364.13344051447
GLOBAL	II	6112716	6122715	0.0010891068351761	358	0.38990024699306	3	356.24115755627
GLOBAL	II	6122716	6132715	0.0028222004361116	46	0.12982122006113	1	45.940514469453
GLOBAL	II	6132716	6142715	0.0013527998704084	384	0.51947515023681	4	382.67524115756
GLOBAL	II	6142716	6152715	0.0012906082404736	604	0.77952737724606	6	602.55466237942
GLOBAL	II	6152716	6162715	0.00097671269169404	133	0.12990278799531	1	132.4807073955
GLOBAL	II	6162716	6172715	0.0011922711541229	218	0.25991511159879	2	217.17041800643
GLOBAL	II	6172716	6182715	0	154	0	0	153.30064308682
GLOBAL	II	6182716	6192715	0	61	0	0	60.638263665595
GLOBAL	II	6192716	6202715	0	25	0	0	24.909967845659
GLOBAL	II	6202716	6212715	0.00044977458715059	289	0.12998485568652	1	288.11575562701
GLOBAL	II	6212716	6222715	0.00074010920633592	351	0.25977833142391	2	349.49517684887
GLOBAL	II	6222716	6232715	0	297	0	0	295.85209003215
GLOBAL	II	6232716	6242715	0.0015101810591882	172	0.25975114218037	2	171.58038585209
GLOBAL	II	6242716	6252715	0.0014927198622231	261	0.38959988404023	3	260.37942122186
GLOBAL	II	6252716	6262715	0.00039339763654889	330	0.12982122006113	1	329.42765273312
GLOBAL	II	6262716	6272715	0.0015779717566391	576	0.90891173182411	7	574.56270096463
GLOBAL	II	6272716	6282715	0.00047466625250871	547	0.25964244012227	2	545.4115755627
GLOBAL	II	6282716	6292715	0.00057515422870141	452	0.25996971137304	2	446.78295819936
GLOBAL	II	6292716	6302715	0	38	0	0	37.868167202572
GLOBAL	II	6302716	6312715	0	206	0	0	204.08199356913
GLOBAL	II	6312716	6322715	0	20	0	0	19.972668810289
GLOBAL	II	6322716	6332715	0.00045921358274899	283	0.12995744391796	1	281.94051446945
GLOBAL	II	6332716	6342715	0.00071142349108547	365	0.2596695742462	2	363.48553054662
GLOBAL	II	6342716	6352715	0.00051153577988128	254	0.12993008808984	1	253.17845659164
GLOBAL	II	6352716	6362715	0	35	0	0	34.784565916399
GLOBAL	II	6362716	6372715	0.0014757045912298	176	0.25972400805644	2	171.59646302251
GLOBAL	II	6372716	6382715	0.001147649467693	566	0.64956959871423	5	563.63504823151
GLOBAL	II	6382716	6392715	0.00053884101732155	1206	0.64984226688979	5	1198.2926045016
GLOBAL	II	6392716	6402715	0.0010254415106851	760	0.77933554812069	6	756.23794212219
GLOBAL	II	6402716	6412715	0.00090191349603195	144	0.1298755434286	1	143.07877813505
GLOBAL	II	6412716	6422715	0.00073330436969392	709	0.51991279811299	4	695.72990353698
GLOBAL	II	6422716	6432715	0.0011205423701244	349	0.39106928717342	3	340.54589371981
GLOBAL	II	6432716	6442715	NA	0	0	0	0
GLOBAL	II	6442716	6452715	NA	0	0	0	0
GLOBAL	II	6452716	6462715	NA	0	0	0	0
GLOBAL	II	6462716	6472715	NA	0	0	0	0
GLOBAL	II	6472716	6482715	0.00065006161801741	200	0.13001232360348	1	195.21555915721
GLOBAL	II	6482716	6492715	0.00089403740345223	291	0.2601648844046	2	287.93247588424
GLOBAL	II	6492716	6502715	0.0028358397627834	275	0.77985593476543	6	273.02733118971
GLOBAL	II	6502716	6512715	0.0027309418837964	333	0.90940364730421	7	330.538585209
GLOBAL	II	6512716	6522715	0	63	0	0	62.749196141479
GLOBAL	II	6522716	6532715	0.0014763250560886	176	0.25983320987158	2	175.49678456592
GLOBAL	II	6532716	6542715	0	210	0	0	209.00482315113
GLOBAL	II	6542716	6552715	0.0017965910618428	940	1.6887955981322	13	936.82797427653
GLOBAL	II	6552716	6562715	0.00129627822241	601	0.77906321166844	6	599.04662379421
GLOBAL	II	6562716	6572715	0.00052107392775592	748	0.38976329796143	3	744.81028938907
GLOBAL	II	6572716	6582715	0	152	0	0	151.45337620579
GLOBAL	II	6582716	6592715	0.0021462551581539	242	0.51939374827324	4	240.99356913183
GLOBAL	II	6592716	6602715	0.0011469865572475	453	0.51958491043313	4	451.36495176849
GLOBAL	II	6602716	6612715	0.0010111351084675	773	0.7816074388454	6	766.27813504823
GLOBAL	II	6612716	6622715	0	271	0	0	270.13826366559
GLOBAL	II	6622716	6632715	0.0016708430971651	544	0.90893864485783	7	541.87459807074
GLOBAL	II	6632716	6642715	0.0012485796704285	728	0.90896600007197	7	726.25241157556
GLOBAL	II	6642716	6652715	0.00061578240800874	211	0.12993008808984	1	210.36816720257
GLOBAL	II	6652716	6662715	0.0006508009379604	399	0.2596695742462	2	397.94372990354
GLOBAL	II	6662716	6672715	NA	0	0	0	0
GLOBAL	II	6672716	6682715	0	43	0	0	42.930868167203
GLOBAL	II	6682716	6692715	0.0022226777512167	409	0.90907520024765	7	408.11575562701
GLOBAL	II	6692716	6702715	0	147	0	0	146.45659163987
GLOBAL	II	6702716	6712715	0.00087403187367868	743	0.64940568214326	5	740.33601286174
GLOBAL	II	6712716	6722715	0.0019771794993365	394	0.77900872273859	6	393.46463022508
GLOBAL	II	6722716	6732715	NA	0	0	0	0
GLOBAL	II	6732716	6742715	0	66	0	0	65.536977491961
GLOBAL	II	6742716	6752715	0.0012728457330305	306	0.38949079430733	3	304.57073954984
GLOBAL	II	6752716	6762715	0.0003380760939092	768	0.25964244012227	2	766.07395498392
GLOBAL	II	6762716	6772715	0.00030916281367825	840	0.25969676348973	2	837.32636655949
GLOBAL	II	6772716	6782715	0	360	0	0	359.19292604502
GLOBAL	II	6782716	6792715	NA	0	0	0	0
GLOBAL	II	6792716	6802715	0	84	0	0	83.781350482315
GLOBAL	II	6802716	6812715	0.00092221858119962	704	0.64924188116453	5	702.18006430868
GLOBAL	II	6812716	6822715	0.00091931836694004	424	0.38979098758258	3	422.24437299035
GLOBAL	II	6822716	6832715	0.00092515628101504	421	0.38949079430733	3	419.93569131833
GLOBAL	II	6832716	6842715	0.00028481478822062	456	0.1298755434286	1	454.77331189711
GLOBAL	II	6842716	6852715	0	179	0	0	177.62861736334
GLOBAL	II	6852716	6862715	0.0008498286986011	764	0.64926912573124	5	760.45176848875
GLOBAL	II	6862716	6872715	0.0012665484884013	205	0.25964244012227	2	204.57717041801
GLOBAL	II	6872716	6882715	0.0010224712387122	635	0.64926923658224	5	633.28135048232
GLOBAL	II	6882716	6892715	0.0018719589873449	347	0.64956976860867	5	345.50803858521
GLOBAL	II	6892716	6902715	0	226	0	0	225.60932475884
GLOBAL	II	6902716	6912715	0.00071466200790336	545	0.38949079430733	3	543.67202572347
GLOBAL	II	6912716	6922715	0.001285695185749	808	1.0388417100852	8	806.038585209
GLOBAL	II	6922716	6932715	0.00060664121523894	214	0.12982122006113	1	213.14951768489
GLOBAL	II	6932716	6942715	0.00077198803387361	841	0.6492419364877	5	839.24758842444
GLOBAL	II	6942716	6952715	0.0015299597298288	679	1.0388426565537	8	676.86334405145
GLOBAL	II	6952716	6962715	0.00049009639029661	265	0.1298755434286	1	264.11414790997
GLOBAL	II	6962716	6972715	0.00144836033247	807	1.1688267883033	9	804.81511254019
GLOBAL	II	6972716	6982715	0.00090534621259358	717	0.6491332344296	5	714.83922829582
GLOBAL	II	6982716	6992715	0.0004863234239141	267	0.12984835418507	1	266.03376205788
GLOBAL	II	6992716	7002715	0.00097657751862837	399	0.38965442993272	3	397.13022508039
GLOBAL	II	7002716	7012715	0.00063827681567345	407	0.2597786639791	2	406.23633440514
GLOBAL	II	7012716	7022715	0.0011295904265349	230	0.25980579810303	2	229.15594855305
GLOBAL	II	7022716	7032715	0	111	0	0	110.58520900322
GLOBAL	II	7032716	7042715	0.0020562996192977	442	0.90888443172957	7	441.11736334405
GLOBAL	II	7042716	7052715	0.0017785322855564	511	0.90882999791933	7	509.98231511254
GLOBAL	II	7052716	7062715	0.00094249458894367	689	0.64937877178219	5	686.77813504823
GLOBAL	II	7062716	7072715	0.0014998948840489	779	1.1684181146741	9	776.68167202572
GLOBAL	II	7072716	7082715	0.0010347029529824	502	0.51942088239718	4	500.3729903537
GLOBAL	II	7082716	7092715	0.0021763842403159	358	0.77914555803308	6	357.18971061093
GLOBAL	II	7092716	7102715	0.0026268254762142	445	1.1689373369153	9	444.3038585209
GLOBAL	II	7102716	7112715	0.00033545534899518	387	0.12982122006113	1	386.4501607717
GLOBAL	II	7112716	7122715	0.0029285022128371	133	0.38949079430733	3	132.69774919614
GLOBAL	II	7122716	7132715	NA	0	0	0	0
GLOBAL	II	7132716	7142715	0.00081648566076184	159	0.12982122006113	1	158.06109324759
GLOBAL	II	7142716	7152715	0.00075072584445195	346	0.25975114218037	2	345.27331189711
GLOBAL	II	7152716	7162715	0.0017121592220114	531	0.90915654688805	7	529.30225080386
GLOBAL	II	7162716	7172715	0	307	0	0	306.27974276527
GLOBAL	II	7172716	7182715	0.0013365622692553	486	0.64956926285808	5	484.39710610932
GLOBAL	II	7182716	7192715	0.00034618992016302	375	0.12982122006113	1	373.97588424437
GLOBAL	II	7192716	7202715	0.0011640046711878	558	0.64951460652282	5	556.17041800643
GLOBAL	II	7202716	7212715	0	227	0	0	226.63344051447
GLOBAL	II	7212716	7222715	0.00074293924534193	525	0.39004310380451	3	523.16720257235
GLOBAL	II	7222716	7232715	0.0018932261258915	480	0.90874854042793	7	478.86173633441
GLOBAL	II	7232716	7242715	0.0043154428108463	602	2.5978965721295	20	599.06591639871
GLOBAL	II	7242716	7252715	0.0031170152585075	500	1.5585076292537	12	498.70096463023
GLOBAL	II	7252716	7262715	0.0063509532703907	409	2.5975398875898	20	408.02090032154
GLOBAL	II	7262716	7272715	0.0016719841498641	233	0.38957230691833	3	232.02893890675
GLOBAL	II	7272716	7282715	0.001551972727048	753	1.1686354634672	9	751.63183279743
GLOBAL	II	7282716	7292715	0.0006411594425832	405	0.2596695742462	2	403.04662379421
GLOBAL	II	7292716	7302715	0.00029311140899563	443	0.12984835418507	1	442.21061093248
GLOBAL	II	7302716	7312715	0.0012211737334488	957	1.1686632629105	9	955.11414790997
GLOBAL	II	7312716	7322715	0.00067742258008846	575	0.38951798355087	3	573.59163987138
GLOBAL	II	7322716	7332715	0.00095809018495301	271	0.25964244012227	2	269.88906752412
GLOBAL	II	7332716	7342715	0.00039433186643748	988	0.38959988404023	3	985.72186495177
GLOBAL	II	7342716	7352715	0.0022787321453865	513	1.1689895905833	9	511.33601286174
GLOBAL	II	7352716	7362715	0.0012658216241511	308	0.38987306023854	3	307.09967845659
GLOBAL	II	7362716	7372715	0.00084317113107185	308	0.25969670837013	2	306.11575562701
GLOBAL	II	7372716	7382715	0.00077642258384508	502	0.38976413709023	3	501.31350482315
GLOBAL	II	7382716	7392715	0.00073777484408106	528	0.3895451176748	3	525.91961414791
GLOBAL	II	7392716	7402715	0.0013352716223738	389	0.5194206611034	4	387.95337620579
GLOBAL	II	7402716	7412715	NA	0	0	0	0
GLOBAL	II	7412716	7422715	0.00057787951677646	674	0.38949079430733	3	671.90836012862
GLOBAL	II	7422716	7432715	0.00072956252228921	712	0.51944851586992	4	709.60610932476
GLOBAL	II	7432716	7442715	0.00094211828698176	138	0.13001232360348	1	137.54180064309
GLOBAL	II	7442716	7452715	0	262	0	0	261.34405144695
GLOBAL	II	7452716	7462715	0.00070629045607589	184	0.12995744391796	1	183.38906752412
GLOBAL	II	7462716	7472715	0.00039970088613941	325	0.12990278799531	1	322.71864951768
GLOBAL	II	7472716	7482715	0.00087495248927305	742	0.6492147470406	5	740.74758842444
GLOBAL	II	7482716	7492715	0.00080513490599762	645	0.51931201436846	4	643.93408360129
GLOBAL	II	7492716	7502715	0.0019092685995457	204	0.38949079430733	3	203.50643086817
GLOBAL	II	7502716	7512715	0.0015728408335924	578	0.90910200181639	7	576.16237942122
GLOBAL	II	7512716	7522715	0.00030190981409566	430	0.12982122006113	1	429.15434083601
GLOBAL	II	7522716	7532715	0.00076301936840312	511	0.38990289725399	3	508.38906752412
GLOBAL	II	7532716	7542715	0.010471820802267	620	6.4925288974054	50	618.68006430868
GLOBAL	II	7542716	7552715	0.0054583795546725	904	4.934375117424	38	902.32475884244
GLOBAL	II	7552716	7562715	0.0053752869980425	604	3.2466733468177	25	602.56591639871
GLOBAL	II	7562716	7572715	0.0054756746020854	759	4.1560370229828	32	757.18649517685
GLOBAL	II	7572716	7582715	0.0059034394572687	176	1.0390053444793	8	175.42926045016
GLOBAL	II	7582716	7592715	0.0097789633326232	372	3.6377743597358	28	370.58038585209
GLOBAL	II	7592716	7602715	0.00094122624012648	276	0.25977844227491	2	275.01607717042
GLOBAL	II	7602716	7612715	0.0011978130847251	542	0.649214691921	5	540.46623794212
GLOBAL	II	7612716	7622715	0.0071854257583517	235	1.6885750532127	13	234.17041800643
GLOBAL	II	7622716	7632715	0.013307953892178	449	5.9752712975881	46	447.18488745981
GLOBAL	II	7632716	7642715	0.007640909915685	187	1.4288501542331	11	185.8231511254
GLOBAL	II	7642716	7652715	NA	0	0	0	0
GLOBAL	II	7652716	7662715	0.0015009017756314	346	0.51931201436846	4	345.27974276527
GLOBAL	II	7662716	7672715	0.00051142829919413	254	0.12990278799531	1	253.4308681672
GLOBAL	II	7672716	7682715	0.00068910384018241	754	0.51958429549754	4	752.61736334405
GLOBAL	II	7682716	7692715	0.000468963534482	554	0.25980579810303	2	552.69774919614
GLOBAL	II	7692716	7702715	0.00079409655732782	327	0.2596695742462	2	326.29742765273
GLOBAL	II	7702716	7712715	0.00099100167985598	131	0.12982122006113	1	130.29581993569
GLOBAL	II	7712716	7722715	0.0026791784295364	589	1.5780360949969	12	579.96302250804
GLOBAL	II	7722716	7732715	0	47	0	0	46.829581993569
GLOBAL	II	7732716	7742715	0	87	0	0	86.895498392283
GLOBAL	II	7742716	7752715	0.00053645132256666	242	0.12982122006113	1	240.99517684887
GLOBAL	II	7752716	7762715	0.0011811826189986	110	0.12993008808984	1	109.61093247588
GLOBAL	II	7762716	7772715	0.0022238970501382	292	0.64937793864035	5	291.06270096463
GLOBAL	II	7772716	7782715	0.0007804433744199	333	0.25988764368183	2	331.77491961415
GLOBAL	II	7782716	7792715	0	51	0	0	50.827974276527
GLOBAL	II	7792716	7802715	0.000713552089821	546	0.38959944104227	3	544.66077170418
GLOBAL	II	7802716	7812715	0	328	0	0	327.18488745981
GLOBAL	II	7812716	7822715	0	211	0	0	209.94533762058
GLOBAL	II	7822716	7832715	0.0011288801744446	230	0.25964244012227	2	229.42926045016
GLOBAL	II	7832716	7842715	0.0026502449801678	98	0.25972400805644	2	97.729903536977
GLOBAL	II	7842716	7852715	0.00099479862115811	261	0.25964244012227	2	260.4421221865
GLOBAL	II	7852716	7862715	0	72	0	0	71.781350482315
GLOBAL	II	7862716	7872715	0	21	0	0	20.850482315113
GLOBAL	II	7872716	7882715	0.00079661566984703	163	0.12984835418507	1	162.67524115756
GLOBAL	II	7882716	7892715	0.00040577610682833	320	0.12984835418507	1	306.82636655949
GLOBAL	II	7892716	7902715	0.0011099311863832	234	0.25972389761367	2	233.12057877814
GLOBAL	II	7902716	7912715	0.00058881989624988	441	0.2596695742462	2	439.59163987138
GLOBAL	II	7912716	7922715	0.0045169373498029	230	1.0388955904547	8	225.02250803859
GLOBAL	II	7922716	7932715	NA	0	0	0	0
GLOBAL	II	7932716	7942715	0.00087137441022214	298	0.2596695742462	2	297.11254019293
GLOBAL	II	7942716	7952715	0.00076489879619489	679	0.51936628261633	4	677.49035369775
GLOBAL	II	7952716	7962715	0.00041760624896656	311	0.1298755434286	1	310.24437299035
GLOBAL	II	7962716	7972715	0.00033040293685767	393	0.12984835418507	1	391.58199356913
GLOBAL	II	7972716	7982715	0.00057783455322086	450	0.26002554894939	2	448.65112540193
GLOBAL	II	7982716	7992715	0.0017029739884644	610	1.0388141329633	8	608.77652733119
GLOBAL	II	7992716	8002715	0.0015612491433255	499	0.77906332251944	6	497.92926045016
GLOBAL	II	8002716	8012715	0.00095714691690305	814	0.77911759035908	6	810.9421221865
GLOBAL	II	8012716	8022715	0.0013895137752439	841	1.1685810849801	9	839.1077170418
GLOBAL	II	8022716	8032715	0.0012024254519151	216	0.25972389761367	2	215.12540192926
GLOBAL	II	8032716	8042715	0	524	0	0	522.538585209
GLOBAL	II	8042716	8052715	0.00080883859595502	964	0.77972040650064	6	961.64951768489
GLOBAL	II	8052716	8062715	0	150	0	0	149.74919614148
GLOBAL	II	8062716	8072715	NA	0	0	0	0
GLOBAL	II	8072716	8082715	0.0014702897964217	265	0.38962679605175	3	264.44372990354
GLOBAL	II	8082716	8092715	0.0010495012483047	495	0.51950311791081	4	493.42443729904
GLOBAL	II	8092716	8102715	NA	0	0	0	0
GLOBAL	II	8102716	8112715	0.0020941094697274	124	0.2596695742462	2	123.73954983923
GLOBAL	II	8112716	8122715	NA	0	0	0	0
GLOBAL	II	8122716	8132715	0.00033202358071901	391	0.12982122006113	1	388.94855305466
GLOBAL	II	8132716	8142715	0.001055825043475	369	0.38959944104227	3	367.65594855305
GLOBAL	II	8142716	8152715	0	86	0	0	85.734726688103
GLOBAL	II	8152716	8162715	0.00093120357743021	279	0.25980579810303	2	277.90996784566
GLOBAL	II	8162716	8172715	0.00027978711220072	464	0.12982122006113	1	462.51125401929
GLOBAL	II	8172716	8182715	0.0012370412570433	210	0.2597786639791	2	209.5498392283
GLOBAL	II	8182716	8192715	0.0012035670360422	863	1.0386783521044	8	858.43408360129
GLOBAL	II	8192716	8202715	0.00097079298801396	669	0.64946050898134	5	667.68006430868
GLOBAL	II	8202716	8212715	0.0003380760939092	384	0.12982122006113	1	383.51768488746
GLOBAL	II	8212716	8222715	0.00096661346927438	403	0.38954522811757	3	400.08681672026
GLOBAL	II	8222716	8232715	0.0009562371066612	548	0.52401793445034	4	541.44694533762
GLOBAL	II	8232716	8242715	0.00084435096280909	923	0.77933593867279	6	920.42926045016
GLOBAL	II	8242716	8252715	0.001357300932069	1148	1.5581814700152	12	1145.8054662379
GLOBAL	II	8252716	8262715	0.00050746874722252	768	0.38973599786689	3	766.0578778135
GLOBAL	II	8262716	8272715	0.00056690489109665	229	0.12982122006113	1	228.44051446945
GLOBAL	II	8272716	8282715	0	6	0	0	5.9742765273312
GLOBAL	II	8282716	8292715	0.0016338850775716	477	0.77936318200166	6	475.57073954984
GLOBAL	II	8292716	8302715	0	80	0	0	79.554662379421
GLOBAL	II	8302716	8312715	0.0010733515985835	121	0.1298755434286	1	120.63344051447
GLOBAL	II	8312716	8322715	0.0012624902336463	720	0.9089929682253	7	717.99517684887
GLOBAL	II	8322716	8332715	0.0009725453251161	534	0.519339203612	4	532.83279742765
GLOBAL	II	8332716	8342715	0.00071960848747672	722	0.51955732795819	4	720.02090032154
GLOBAL	II	8342716	8352715	0.001020634809255	509	0.51950311791081	4	507.35852090032
GLOBAL	II	8352716	8362715	0.0015504185524956	419	0.64962537349566	5	417.73311897106
GLOBAL	II	8362716	8372715	0.0018416281861432	141	0.2596695742462	2	140.71704180064
GLOBAL	II	8372716	8382715	NA	0	0	0	0
GLOBAL	II	8382716	8392715	0	73	0	0	72.88424437299
GLOBAL	II	8392716	8402715	0	32	0	0	31.889067524116
GLOBAL	II	8402716	8412715	NA	0	0	0	0
GLOBAL	II	8412716	8422715	0.0019987648751161	325	0.64959858441274	5	323.73954983923
GLOBAL	II	8422716	8432715	0.00089588244538612	435	0.38970886374296	3	433.98874598071
GLOBAL	II	8432716	8442715	0.00042496682313052	306	0.13003984787794	1	304.86816720257
GLOBAL	II	8442716	8452715	0.00042553619653812	916	0.38979115602892	3	913.98553054662
GLOBAL	II	8452716	8462715	0.00097504768613976	799	0.77906310122566	6	797.37781350482
GLOBAL	II	8462716	8472715	0.00061658457590887	632	0.3896814519744	3	629.76848874598
GLOBAL	II	8472716	8482715	0.00088946565493898	876	0.77917191372655	6	873.84887459807
GLOBAL	II	8482716	8492715	0.00092768245306143	140	0.1298755434286	1	139.61093247588
GLOBAL	II	8492716	8502715	0	467	0	0	465.80064308682
GLOBAL	II	8502716	8512715	0.00072322419857715	539	0.38981784303308	3	534.33118971061
GLOBAL	II	8512716	8522715	0.0017158184771248	227	0.38949079430733	3	226.53376205788
GLOBAL	II	8522716	8532715	0	223	0	0	221.49517684887
GLOBAL	II	8532716	8542715	0.0016367439603159	238	0.3895450625552	3	237.44855305466
GLOBAL	II	8542716	8552715	0.019006194668726	41	0.77925398141776	6	40.847266881029
GLOBAL	II	8552716	8562715	0.004947461130783	735	3.6363839311255	28	732.88102893891
GLOBAL	II	8562716	8572715	0.012376906006568	766	9.480710001031	73	763.30546623794
GLOBAL	II	8572716	8582715	0.0081331325773553	447	3.6355102620778	28	446.21382636656
GLOBAL	II	8582716	8592715	0.0029293224363927	133	0.38959988404023	3	132.76205787781
GLOBAL	II	8592716	8602715	NA	0	0	0	0
GLOBAL	II	8602716	8612715	0.013581725421614	545	7.4020403547794	57	543.66398713826
GLOBAL	II	8612716	8622715	0.01416165260561	587	8.312890079493	64	584.83601286174
GLOBAL	II	8622716	8632715	0.0080143265596879	162	1.2983209026694	10	161.66077170418
GLOBAL	II	8632716	8642715	0.017973564175681	766	13.767750158571	106	763.83279742765
GLOBAL	II	8642716	8652715	0.015723126213733	314	4.9370616311122	38	312.9308681672
GLOBAL	II	8652716	8662715	NA	0	0	0	0
GLOBAL	II	8662716	8672715	0.012034287700495	518	6.2337610288562	48	516.07234726688
GLOBAL	II	8672716	8682715	0.016634975247626	570	9.4819358911467	73	568.34726688103
GLOBAL	II	8682716	8692715	0.015691067676966	298	4.6759381677358	36	297.2652733119
GLOBAL	II	8692716	8702715	0.019289310281187	505	9.7411016919993	75	503.45498392283
GLOBAL	II	8702716	8712715	0.0092782382346017	350	3.2473833821106	25	348.44051446945
GLOBAL	II	8712716	8722715	0	20	0	0	19.974276527331
GLOBAL	II	8722716	8732715	0.0010051040307245	646	0.64929720384801	5	644.33601286174
GLOBAL	II	8732716	8742715	0	32	0	0	31.922829581994
GLOBAL	II	8742716	8752715	0.00094769917608101	274	0.2596695742462	2	272.63987138264
GLOBAL	II	8752716	8762715	0	154	0	0	153.66398713826
GLOBAL	II	8762716	8772715	0	112	0	0	111.45819935691
GLOBAL	II	8772716	8782715	0.008219535415482	553	4.5454030847615	35	550.89067524116
GLOBAL	II	8782716	8792715	0	98	0	0	97.755627009646
GLOBAL	II	8792716	8802715	0.00048561831421127	535	0.25980579810303	2	533.13344051447
GLOBAL	II	8802716	8812715	0.0003538102293871	367	0.12984835418507	1	366.37781350482
GLOBAL	II	8812716	8822715	NA	0	0	0	0
GLOBAL	II	8822716	8832715	0.00093706345997869	416	0.38981839935114	3	414.65273311897
GLOBAL	II	8832716	8842715	0	139	0	0	138.74115755627
GLOBAL	II	8842716	8852715	0.00052164390357248	498	0.2597786639791	2	495.76848874598
GLOBAL	II	8852716	8862715	0	165	0	0	164.48392282958
GLOBAL	II	8862716	8872715	0	290	0	0	288.95337620579
GLOBAL	II	8872716	8882715	0.0012367381848003	315	0.38957252821211	3	313.9421221865
GLOBAL	II	8882716	8892715	0.00058364945630661	445	0.25972400805644	2	443.84083601286
GLOBAL	II	8892716	8902715	0.00082373635477544	473	0.38962729580879	3	471.74276527331
GLOBAL	II	8902716	8912715	0.012239999155867	64	0.7833599459755	6	63.354892205638
GLOBAL	II	8912716	8922715	0.0081644536772878	16	0.1306312588366	1	15.979865771812
GLOBAL	II	8922716	8932715	0.020952966553928	31	0.64954196317177	5	30.816720257235
GLOBAL	II	8932716	8942715	0.011806258093261	748	8.8310810537589	68	745.83922829582
GLOBAL	II	8942716	8952715	0.0057704349832488	45	0.2596695742462	2	44.819935691318
GLOBAL	II	8952716	8962715	NA	0	0	0	0
GLOBAL	II	8962716	8972715	0.013100350700316	368	4.8209290577164	37	361.18488745981
GLOBAL	II	8972716	8982715	0.016774524826854	271	4.5458962280775	35	269.92122186495
GLOBAL	II	8982716	8992715	NA	0	0	0	0
GLOBAL	II	8992716	9002715	0.0043187110933209	421	1.8181773702881	14	419.91639871383
GLOBAL	II	9002716	9012715	0.010389611542869	125	1.2987014428587	10	124.50643086817
GLOBAL	II	9012716	9022715	0.0015438610413077	505	0.7796498258604	6	501.7459807074
GLOBAL	II	9022716	9032715	0.00099415427306666	784	0.77941695008426	6	782.15273311897
GLOBAL	II	9032716	9042715	0.0014639336235859	621	0.90910278024686	7	619.90514469453
GLOBAL	II	9042716	9052715	0	55	0	0	54.832797427653
GLOBAL	II	9052716	9062715	0.00059831699135069	434	0.2596695742462	2	433.21221864952
GLOBAL	II	9062716	9072715	0.00075924131443924	513	0.38949079430733	3	511.77652733119
GLOBAL	II	9072716	9082715	NA	0	0	0	0
GLOBAL	II	9082716	9092715	0.0013961216072805	279	0.38951792843126	3	278.38745980707
GLOBAL	II	9092716	9102715	0.0010670237265299	365	0.3894636601834	3	363.33118971061
GLOBAL	II	9102716	9112715	NA	0	0	0	0
GLOBAL	II	9112716	9122715	NA	0	0	0	0
GLOBAL	II	9122716	9132715	0.0021527869057056	181	0.38965442993272	3	180.39871382637
GLOBAL	II	9132716	9142715	0.0024533223724662	106	0.26005217148142	2	104.3536977492
GLOBAL	II	9142716	9152715	0.00072770933064723	714	0.51958446208212	4	710.06591639871
GLOBAL	II	9152716	9162715	0.00058443438046727	667	0.38981773177167	3	664.39549839228
GLOBAL	II	9162716	9172715	0	348	0	0	345.99196141479
GLOBAL	II	9172716	9182715	0.0019107372035087	272	0.51972051935437	4	271.06270096463
GLOBAL	II	9182716	9192715	0	335	0	0	333.97909967846
GLOBAL	II	9192716	9202715	NA	0	0	0	0
GLOBAL	II	9202716	9212715	0.00035006885021186	371	0.1298755434286	1	370.34083601286
GLOBAL	II	9212716	9222715	0.00026625018051198	488	0.12993008808984	1	486.38424437299
GLOBAL	II	9222716	9232715	0	175	0	0	174.50964630225
GLOBAL	II	9232716	9242715	0.0014490262277965	717	1.0389518053301	8	715.09324758842
GLOBAL	II	9242716	9252715	0.0017668926486401	441	0.77919965805029	6	439.91961414791
GLOBAL	II	9252716	9262715	NA	0	0	0	0
GLOBAL	II	9262716	9272715	0.010155565554765	64	0.64995619550497	5	63.792604501608
GLOBAL	II	9272716	9282715	0.011615208119183	604	7.0155857039868	54	600.89067524116
GLOBAL	II	9282716	9292715	NA	0	0	0	0
GLOBAL	II	9292716	9302715	NA	0	0	0	0
GLOBAL	II	9302716	9312715	0.00099136574426307	524	0.51947564999385	4	522.54180064309
GLOBAL	II	9312716	9322715	0.00085808878175844	454	0.38957230691833	3	452.79099678457
GLOBAL	II	9322716	9332715	0.0033025008698076	236	0.77939020527459	6	235.32958199357
GLOBAL	II	9332716	9342715	0.0051814276507568	352	1.8238625330664	14	347.8038585209
GLOBAL	II	9342716	9352715	0.0043824801619733	356	1.5601629376625	12	355.16398713826
GLOBAL	II	9352716	9362715	0.0010066979353108	903	0.90904823558561	7	900.49035369775
GLOBAL	II	9362716	9372715	0.0021428923125616	303	0.64929637070617	5	302.14469453376
GLOBAL	II	9372716	9382715	0.001133510799157	344	0.38992771491002	3	342.39871382637
GLOBAL	II	9382716	9392715	0	48	0	0	47.882636655949
GLOBAL	II	9392716	9402715	0	26	0	0	25.953376205788
GLOBAL	II	9402716	9412715	0	44	0	0	43.749196141479
GLOBAL	II	9412716	9422715	0.0011667114346594	334	0.38968161917625	3	333.06591639871
GLOBAL	II	9422716	9432715	0.0010463122345096	745	0.77950261470964	6	742.64308681672
GLOBAL	II	9432716	9442715	0.0030916285314634	210	0.64924199160731	5	209.2845659164
GLOBAL	II	9442716	9452715	0.001264801373193	616	0.77911764588691	6	614.25884244373
GLOBAL	II	9452716	9462715	0.00069437622558858	187	0.12984835418507	1	186.44372990354
GLOBAL	II	9462716	9472715	0.002864102820227	136	0.38951798355087	3	135.77009646302
GLOBAL	II	9472716	9482715	0.0032946423901996	276	0.90932129969508	7	274.97588424437
GLOBAL	II	9482716	9492715	0.00082723276069172	157	0.1298755434286	1	156.61254019293
GLOBAL	II	9492716	9502715	0.010611028094098	306	3.2469745967941	25	304.70418006431
GLOBAL	II	9502716	9512715	0	211	0	0	210.01768488746
GLOBAL	II	9512716	9522715	0.0017094312083198	152	0.25983354366462	2	151.538585209
GLOBAL	II	9522716	9532715	0.0026027514662529	449	1.1686354083476	9	447.47106109325
GLOBAL	II	9532716	9542715	0	168	0	0	167.27813504823
GLOBAL	II	9542716	9552715	0.0066845719186091	136	0.90910178093084	7	135.50964630225
GLOBAL	II	9552716	9562715	0.012376249423433	42	0.51980247578417	4	41.77652733119
GLOBAL	II	9562716	9572715	0.0098572536328496	224	2.2080248137583	17	222.87942122186
GLOBAL	II	9572716	9582715	NA	0	0	0	0
GLOBAL	II	9582716	9592715	0	26	0	0	25.905144694534
GLOBAL	II	9592716	9602715	0.0090806152823906	329	2.9875224279065	23	327.73954983923
GLOBAL	II	9602716	9612715	0.017789749398042	752	13.377891547328	103	749.63344051447
GLOBAL	II	9612716	9622715	0.011128402021709	712	7.9234222394567	61	709.42282958199
GLOBAL	II	9622716	9632715	0.013209399997595	1052	13.89628879747	107	1046.1286173633
GLOBAL	II	9632716	9642715	0.0052098917134307	449	2.3392413793304	18	446.64147909968
GLOBAL	II	9642716	9652715	0.0028090064781405	185	0.51966619845599	4	184.64193548387
GLOBAL	II	9652716	9662715	NA	0	0	0	0
GLOBAL	II	9662716	9672715	0.0078525502998999	678	5.3240291033321	41	675.88263665595
GLOBAL	II	9672716	9682715	0.012835486255717	779	9.9988437932033	77	776.90192926045
GLOBAL	II	9682716	9692715	0.0045972126699284	396	1.8204962172916	14	394.45659163987
GLOBAL	II	9692716	9702715	0.022375941623273	424	9.4873992482677	73	421.80707395498
GLOBAL	II	9702716	9712715	0.018666556106498	160	2.9866489770397	23	159.66720257235
GLOBAL	II	9712716	9722715	0.016647803769989	203	3.3795041653078	26	200.95980707395
GLOBAL	II	9722716	9732715	NA	0	0	0	0
GLOBAL	II	9732716	9742715	NA	0	0	0	0
GLOBAL	II	9742716	9752715	NA	0	0	0	0
GLOBAL	II	9752716	9762715	0.010821555077251	96	1.0388692874161	8	95.799035369775
GLOBAL	II	9762716	9772715	NA	0	0	0	0
GLOBAL	II	9772716	9782715	NA	0	0	0	0
GLOBAL	II	9782716	9792715	NA	0	0	0	0
GLOBAL	II	9792716	9802715	NA	0	0	0	0
GLOBAL	II	9802716	9812715	0	77	0	0	76.519292604502
GLOBAL	II	9812716	9822715	0	5	0	0	4.9903381642512
GLOBAL	II	9822716	9832715	0.00073973648690949	529	0.39132060157512	3	525.36495176849
GLOBAL	II	9832716	9842715	0.0013145308005347	494	0.64937821546414	5	492.91479099678
GLOBAL	II	9842716	9852715	0.0036685749474418	354	1.2986755313944	10	353.14790996785
GLOBAL	II	9852716	9862715	0.00071953270955949	361	0.25975130815098	2	356.95498392283
GLOBAL	II	9862716	9872715	0.00077978851124984	333	0.2596695742462	2	332.01607717042
GLOBAL	II	9872716	9882715	0.00069068273502694	188	0.12984835418507	1	187.48392282958
GLOBAL	II	9882716	9892715	0.0014954583386553	608	0.90923866990243	7	605.84726688103
GLOBAL	II	9892716	9902715	0.00089588129651937	145	0.12990278799531	1	144.70578778135
GLOBAL	II	9902716	9912715	0.00089127270315527	583	0.51961198593952	4	581.1463022508
GLOBAL	II	9912716	9922715	0.0013385497716525	291	0.38951798355087	3	290.28135048232
GLOBAL	II	9922716	9932715	0	133	0	0	132.49196141479
GLOBAL	II	9932716	9942715	NA	0	0	0	0
GLOBAL	II	9942716	9952715	NA	0	0	0	0
GLOBAL	II	9952716	9962715	NA	0	0	0	0
GLOBAL	II	9962716	9972715	NA	0	0	0	0
GLOBAL	II	9972716	9982715	NA	0	0	0	0
GLOBAL	II	9982716	9992715	NA	0	0	0	0
GLOBAL	II	9992716	10002715	NA	0	0	0	0
GLOBAL	II	10002716	10012715	NA	0	0	0	0
GLOBAL	II	10012716	10022715	NA	0	0	0	0
GLOBAL	II	10022716	10032715	NA	0	0	0	0
GLOBAL	II	10032716	10042715	NA	0	0	0	0
GLOBAL	II	10042716	10052715	NA	0	0	0	0
GLOBAL	II	10052716	10062715	NA	0	0	0	0
GLOBAL	II	10062716	10072715	NA	0	0	0	0
GLOBAL	II	10072716	10082715	NA	0	0	0	0
GLOBAL	II	10082716	10092715	NA	0	0	0	0
GLOBAL	II	10092716	10102715	NA	0	0	0	0
GLOBAL	II	10102716	10112715	NA	0	0	0	0
GLOBAL	II	10112716	10122715	NA	0	0	0	0
GLOBAL	II	10122716	10132715	NA	0	0	0	0
GLOBAL	II	10132716	10142715	NA	0	0	0	0
GLOBAL	II	10142716	10152715	NA	0	0	0	0
GLOBAL	II	10152716	10162715	NA	0	0	0	0
GLOBAL	II	10162716	10172715	NA	0	0	0	0
GLOBAL	II	10172716	10182715	0.0019856163188641	327	0.64929653626855	5	326.45819935691
GLOBAL	II	10182716	10192715	0.0045302273428493	86	0.38959955148504	3	85.898713826367
GLOBAL	II	10192716	10202715	NA	0	0	0	0
GLOBAL	II	10202716	10212715	NA	0	0	0	0
GLOBAL	II	10212716	10222715	NA	0	0	0	0
GLOBAL	II	10222716	10232715	NA	0	0	0	0
GLOBAL	II	10232716	10242715	0.0017796772334599	146	0.25983287608515	2	145.58038585209
GLOBAL	II	10242716	10252715	0.0030487224568881	213	0.64937788331718	5	212.32797427653
GLOBAL	II	10252716	10262715	0	162	0	0	161.38102893891
GLOBAL	II	10262716	10272715	NA	0	0	0	0
GLOBAL	II	10272716	10282715	NA	0	0	0	0
GLOBAL	II	10282716	10292715	NA	0	0	0	0
GLOBAL	II	10292716	10302715	0.0014378231457088	93	0.13371755255092	1	89.369774919614
GLOBAL	II	10302716	10312715	0.0013688405039783	95	0.13003984787794	1	94.565916398714
GLOBAL	II	10312716	10322715	0.0022796717077007	285	0.64970643669471	5	283.34726688103
GLOBAL	II	10322716	10332715	NA	0	0	0	0
GLOBAL	II	10332716	10342715	NA	0	0	0	0
GLOBAL	II	10342716	10352715	NA	0	0	0	0
GLOBAL	II	10352716	10362715	NA	0	0	0	0
GLOBAL	II	10362716	10372715	0	31	0	0	30.684380032206
GLOBAL	II	10372716	10382715	0.0015740848973118	330	0.51944801611288	4	329.02090032154
GLOBAL	II	10382716	10392715	NA	0	0	0	0
GLOBAL	II	10392716	10402715	0.0041906180879298	403	1.6888190894357	13	401.01446945338
GLOBAL	II	10402716	10412715	0.0031543217810377	247	0.7791174799163	6	246.09807073955
GLOBAL	II	10412716	10422715	0	37	0	0	36.739549839228
GLOBAL	II	10422716	10432715	NA	0	0	0	0
GLOBAL	II	10432716	10442715	0.041079216480062	247	10.146566470575	78	244.49196141479
GLOBAL	II	10442716	10452715	0.022050646685514	160	3.5281034696823	27	157.7154340836
GLOBAL	II	10452716	10462715	0.0095057546961883	41	0.38973594254372	3	40.754019292604
GLOBAL	II	10462716	10472715	NA	0	0	0	0
GLOBAL	II	10472716	10482715	NA	0	0	0	0
GLOBAL	II	10482716	10492715	0.035715765617858	131	4.6787652959394	36	129.97909967846
GLOBAL	II	10492716	10502715	0.022148072675413	129	2.8571013751283	22	128.39710610932
GLOBAL	II	10502716	10512715	0.01821069207468	642	11.691264311945	90	639.09003215434
GLOBAL	II	10512716	10522715	NA	0	0	0	0
GLOBAL	II	10522716	10532715	NA	0	0	0	0
GLOBAL	II	10532716	10542715	NA	0	0	0	0
GLOBAL	II	10542716	10552715	0	21	0	0	20.879032258065
GLOBAL	II	10552716	10562715	NA	0	0	0	0
GLOBAL	II	10562716	10572715	NA	0	0	0	0
GLOBAL	II	10572716	10582715	0	64	0	0	63.362903225806
GLOBAL	II	10582716	10592715	NA	0	0	0	0
GLOBAL	II	10592716	10602715	NA	0	0	0	0
GLOBAL	II	10602716	10612715	NA	0	0	0	0
GLOBAL	II	10612716	10622715	NA	0	0	0	0
GLOBAL	II	10622716	10632715	NA	0	0	0	0
GLOBAL	II	10632716	10642715	NA	0	0	0	0
GLOBAL	II	10642716	10652715	0.0033547200588204	271	0.90912913594032	7	270.01768488746
GLOBAL	II	10652716	10662715	0.0023529199489352	276	0.64940590590612	5	274.80064308682
GLOBAL	II	10662716	10672715	0	85	0	0	84.453376205788
GLOBAL	II	10672716	10682715	NA	0	0	0	0
GLOBAL	II	10682716	10692715	NA	0	0	0	0
GLOBAL	II	10692716	10702715	NA	0	0	0	0
GLOBAL	II	10702716	10712715	NA	0	0	0	0
GLOBAL	II	10712716	10722715	NA	0	0	0	0
GLOBAL	II	10722716	10732715	0.0043273740020378	30	0.12982122006113	1	29.768488745981
GLOBAL	II	10732716	10742715	NA	0	0	0	0
GLOBAL	II	10742716	10752715	NA	0	0	0	0
GLOBAL	II	10752716	10762715	NA	0	0	0	0
GLOBAL	II	10762716	10772715	NA	0	0	0	0
GLOBAL	II	10772716	10782715	NA	0	0	0	0
GLOBAL	II	10782716	10792715	NA	0	0	0	0
GLOBAL	II	10792716	10802715	NA	0	0	0	0
GLOBAL	II	10802716	10812715	NA	0	0	0	0
GLOBAL	II	10812716	10822715	NA	0	0	0	0
GLOBAL	II	10822716	10832715	0.005251236737984	198	1.0397448741208	8	196.16881028939
GLOBAL	II	10832716	10842715	NA	0	0	0	0
GLOBAL	II	10842716	10852715	NA	0	0	0	0
GLOBAL	II	10852716	10862715	NA	0	0	0	0
GLOBAL	II	10862716	10872715	0.020855710855531	106	2.2107053506862	17	105.34083601286
GLOBAL	II	10872716	10882715	NA	0	0	0	0
GLOBAL	II	10882716	10892715	NA	0	0	0	0
GLOBAL	II	10892716	10902715	NA	0	0	0	0
GLOBAL	II	10902716	10912715	0.061637148568559	19	1.1711058228026	9	18.860615883306
GLOBAL	II	10912716	10922715	0.016451813704331	87	1.4313077922768	11	85.842787682334
GLOBAL	II	10922716	10932715	0.019245891225712	27	0.51963906309422	4	26.789389067524
GLOBAL	II	10932716	10942715	NA	0	0	0	0
GLOBAL	II	10942716	10952715	NA	0	0	0	0
GLOBAL	II	10952716	10962715	NA	0	0	0	0
GLOBAL	II	10962716	10972715	NA	0	0	0	0
GLOBAL	II	10972716	10982715	NA	0	0	0	0
GLOBAL	II	10982716	10992715	NA	0	0	0	0
GLOBAL	II	10992716	11002715	NA	0	0	0	0
GLOBAL	II	11002716	11012715	NA	0	0	0	0
GLOBAL	II	11012716	11022715	NA	0	0	0	0
GLOBAL	II	11022716	11032715	0.0018033237427373	216	0.38951792843126	3	214.68327974277
GLOBAL	II	11032716	11042715	0.0020531542154984	253	0.51944801652111	4	251.79903536977
GLOBAL	II	11042716	11052715	NA	0	0	0	0
GLOBAL	II	11052716	11062715	0.01987020728476	255	5.0669028576138	39	252.68971061093
GLOBAL	II	11062716	11072715	0.033400811379835	288	9.6194336773924	74	285.81511254019
GLOBAL	II	11072716	11082715	0.040589555049217	112	4.5460301655123	35	111.57395498392
GLOBAL	II	11082716	11092715	0.028647546084512	177	5.0706156569587	39	174.2540192926
GLOBAL	II	11092716	11102715	NA	0	0	0	0
GLOBAL	II	11102716	11112715	NA	0	0	0	0
GLOBAL	II	11112716	11122715	0.029106488607091	411	11.962766817514	92	407.47588424437
GLOBAL	II	11122716	11132715	0.025058306133346	384	9.6223895552048	74	381.10932475884
GLOBAL	II	11132716	11142715	0.03900780326044	187	7.2944592097023	56	184.48713826367
GLOBAL	II	11142716	11152715	0.025073939510347	182	4.5634569908831	35	179.18167202572
GLOBAL	II	11152716	11162715	NA	0	0	0	0
GLOBAL	II	11162716	11172715	NA	0	0	0	0
GLOBAL	II	11172716	11182715	NA	0	0	0	0
GLOBAL	II	11182716	11192715	NA	0	0	0	0
GLOBAL	II	11192716	11202715	NA	0	0	0	0
GLOBAL	II	11202716	11212715	NA	0	0	0	0
GLOBAL	II	11212716	11222715	NA	0	0	0	0
GLOBAL	II	11222716	11232715	NA	0	0	0	0
GLOBAL	II	11232716	11242715	NA	0	0	0	0
GLOBAL	II	11242716	11252715	NA	0	0	0	0
GLOBAL	II	11252716	11262715	NA	0	0	0	0
GLOBAL	II	11262716	11272715	NA	0	0	0	0
GLOBAL	II	11272716	11282715	NA	0	0	0	0
GLOBAL	II	11282716	11292715	NA	0	0	0	0
GLOBAL	II	11292716	11302715	NA	0	0	0	0
GLOBAL	II	11302716	11312715	0.027529499161204	162	4.4597788641151	34	155.60610932476
GLOBAL	II	11312716	11322715	0.024091373771755	380	9.154722033267	70	368.62218649518
GLOBAL	II	11322716	11332715	0.029527036635977	514	15.176896830892	116	500.73794212219
GLOBAL	II	11332716	11342715	NA	0	0	0	0
GLOBAL	II	11342716	11352715	0.0015913163239524	245	0.38987249936835	3	242.50482315113
GLOBAL	II	11352716	11362715	NA	0	0	0	0
GLOBAL	II	11362716	11372715	0.0013001232360348	100	0.13001232360348	1	99.195792880259
GLOBAL	II	11372716	11382715	0	94	0	0	92.35
GLOBAL	II	11382716	11392715	0.0054192302950451	96	0.52024610832433	4	94.934083601286
GLOBAL	II	11392716	11402715	0.0016546397597128	157	0.25977844227491	2	155.34299516908
GLOBAL	II	11402716	11412715	0.0047683254385401	191	0.91075015876116	7	189.38906752412
GLOBAL	II	11412716	11422715	0.0025258560941406	103	0.26016317769649	2	102.02733118971
GLOBAL	II	11422716	11432715	NA	0	0	0	0
GLOBAL	II	11432716	11442715	0.0020636876762458	63	0.13001232360348	1	62.290996784566
GLOBAL	II	11442716	11452715	NA	0	0	0	0
GLOBAL	II	11452716	11462715	0.0028026784670384	139	0.38957230691833	3	137.81993569132
GLOBAL	II	11462716	11472715	0.0034011717843994	191	0.64962381082029	5	189.61093247588
GLOBAL	II	11472716	11482715	NA	0	0	0	0
GLOBAL	II	11482716	11492715	0.031042245181227	155	4.8115480030901	37	153.65434083601
GLOBAL	II	11492716	11502715	0.023180214687706	213	4.9373857284814	38	211.09967845659
GLOBAL	II	11502716	11512715	0.021695992234583	132	2.8638709749649	22	130.28778135048
GLOBAL	II	11512716	11522715	0.02654469393468	142	3.7693465387246	29	140.92282958199
GLOBAL	II	11522716	11532715	0.02553971018906	463	11.824885817535	91	459.19935691318
GLOBAL	II	11532716	11542715	0.022392841345799	58	1.2987847980564	10	57.850482315113
GLOBAL	II	11542716	11552715	0.0096305549822035	54	0.52004996903899	4	53.49114331723
GLOBAL	II	11552716	11562715	0.018819966247539	456	8.5819046088779	66	450.99678456592
GLOBAL	II	11562716	11572715	0.021224920473881	557	11.822280703951	91	554.14147909968
GLOBAL	II	11572716	11582715	0.0059084038073056	44	0.25996976752145	2	43.54267310789
GLOBAL	II	11582716	11592715	0.020726872748214	94	1.9483260383321	15	93.332797427653
GLOBAL	II	11592716	11602715	0.019872748853538	255	5.0675509576523	39	253.40514469453
GLOBAL	II	11602716	11612715	0.014278059927842	91	1.2993034534336	10	90.45498392283
GLOBAL	II	11612716	11622715	0.020131261774384	271	5.455571940858	42	269.61897106109
GLOBAL	II	11622716	11632715	NA	0	0	0	0
GLOBAL	II	11632716	11642715	NA	0	0	0	0
GLOBAL	II	11642716	11652715	0.013961469593411	307	4.2861711651772	33	304.86655948553
GLOBAL	II	11652716	11662715	0.0028177396997125	369	1.0397459491939	8	366.49678456592
GLOBAL	II	11662716	11672715	0.0016779699564833	465	0.78025602976474	6	460.63665594855
GLOBAL	II	11672716	11682715	0.0020144967633105	194	0.39081237208223	3	187.84565916399
GLOBAL	II	11682716	11692715	NA	0	0	0	0
GLOBAL	II	11692716	11702715	NA	0	0	0	0
GLOBAL	II	11702716	11712715	0.001990221860805	261	0.51944790567011	4	260.21221864952
GLOBAL	II	11712716	11722715	0.0036697298720807	177	0.64954218735829	5	176.26366559486
GLOBAL	II	11722716	11732715	NA	0	0	0	0
GLOBAL	II	11732716	11742715	0.0012856275420284	202	0.25969676348973	2	200.0498392283
GLOBAL	II	11742716	11752715	0.0015900580280676	572	0.90951319205465	7	569.29903536977
GLOBAL	II	11752716	11762715	0.0021072737620593	185	0.38984564598097	3	184.1961414791
GLOBAL	II	11762716	11772715	0.0019673993058343	66	0.12984835418507	1	65.639871382637
GLOBAL	II	11772716	11782715	NA	0	0	0	0
GLOBAL	II	11782716	11792715	0.0029240393653209	311	0.9093762426148	7	309.12057877813
GLOBAL	II	11792716	11802715	NA	0	0	0	0
GLOBAL	II	11802716	11812715	NA	0	0	0	0
GLOBAL	II	11812716	11822715	NA	0	0	0	0
GLOBAL	II	11822716	11832715	0.0019978761354897	260	0.51944779522733	4	259.13344051447
GLOBAL	II	11832716	11842715	0	123	0	0	122.58199356913
GLOBAL	II	11842716	11852715	NA	0	0	0	0
GLOBAL	II	11852716	11862715	0	65	0	0	64.784565916399
GLOBAL	II	11862716	11872715	0.0056475556743714	69	0.38968134153163	3	68.79421221865
GLOBAL	II	11872716	11882715	0.0014050953290446	185	0.25994263587325	2	184.2652733119
GLOBAL	II	11882716	11892715	0.0015009801979549	173	0.2596695742462	2	172.61897106109
GLOBAL	II	11892716	11902715	0.0051972213587814	50	0.25986106793907	2	49.742765273312
GLOBAL	II	11902716	11912715	0.0017154417441852	530	0.90918412441817	7	528.22025723473
GLOBAL	II	11912716	11922715	NA	0	0	0	0
GLOBAL	II	11922716	11932715	0.025129879061254	156	3.9202611335557	30	153.44051446945
GLOBAL	II	11932716	11942715	NA	0	0	0	0
GLOBAL	II	11942716	11952715	NA	0	0	0	0
GLOBAL	II	11952716	11962715	0.019101356474576	136	2.5977844805424	20	135.50803858521
GLOBAL	II	11962716	11972715	0.017091058665094	38	0.64946022927359	5	37.868167202572
GLOBAL	II	11972716	11982715	NA	0	0	0	0
GLOBAL	II	11982716	11992715	NA	0	0	0	0
GLOBAL	II	11992716	12002715	NA	0	0	0	0
GLOBAL	II	12002716	12012715	NA	0	0	0	0
GLOBAL	II	12012716	12022715	NA	0	0	0	0
GLOBAL	II	12022716	12032715	0.041663620089604	16	0.66661792143366	5	15.142342342342
GLOBAL	II	12032716	12042715	NA	0	0	0	0
GLOBAL	II	12042716	12052715	NA	0	0	0	0
GLOBAL	II	12052716	12062715	NA	0	0	0	0
GLOBAL	II	12062716	12072715	NA	0	0	0	0
GLOBAL	II	12072716	12082715	0.047808413869014	253	12.09552870886	93	250.28295819936
GLOBAL	II	12082716	12092715	NA	0	0	0	0
GLOBAL	II	12092716	12102715	NA	0	0	0	0
GLOBAL	II	12102716	12112715	0.031921149478877	165	5.2669896640147	40	157.7459807074
GLOBAL	II	12112716	12122715	0.019004866984787	41	0.77919954637627	6	40.779742765273
GLOBAL	II	12122716	12132715	0.0041221699741291	63	0.25969670837013	2	62.818327974277
GLOBAL	II	12132716	12142715	0.017937571291738	963	17.273881153944	133	959.89871382637
GLOBAL	II	12142716	12152715	0.01665695110182	421	7.012576413866	54	419.88745980707
GLOBAL	II	12152716	12162715	0.01701763603726	351	5.9731902490783	46	349.90353697749
GLOBAL	II	12162716	12172715	0.02278532492345	228	5.1950540825466	40	227.09485530547
GLOBAL	II	12172716	12182715	NA	0	0	0	0
GLOBAL	II	12182716	12192715	NA	0	0	0	0
GLOBAL	II	12192716	12202715	NA	0	0	0	0
GLOBAL	II	12202716	12212715	NA	0	0	0	0
GLOBAL	II	12212716	12222715	NA	0	0	0	0
GLOBAL	II	12222716	12232715	NA	0	0	0	0
GLOBAL	II	12232716	12242715	NA	0	0	0	0
GLOBAL	II	12242716	12252715	NA	0	0	0	0
GLOBAL	II	12252716	12262715	NA	0	0	0	0
GLOBAL	II	12262716	12272715	0.030557888408437	51	1.5584523088303	12	50.85691318328
GLOBAL	II	12272716	12282715	0.0030517932181503	511	1.5594663344748	12	509.13504823151
GLOBAL	II	12282716	12292715	0.0026719261844962	632	1.6886573486016	13	630.17202572347
GLOBAL	II	12292716	12302715	0.0013525870227611	96	0.12984835418507	1	95.818327974277
GLOBAL	II	12302716	12312715	0.0035090483006243	74	0.2596695742462	2	73.787781350482
GLOBAL	II	12312716	12322715	0.0012484114146452	208	0.2596695742462	2	207.19453376206
GLOBAL	II	12322716	12332715	0.0025143117259454	465	1.1691549525646	9	461.60932475884
GLOBAL	II	12332716	12342715	NA	0	0	0	0
GLOBAL	II	12342716	12352715	NA	0	0	0	0
GLOBAL	II	12352716	12362715	0	155	0	0	154.53064516129
GLOBAL	II	12362716	12372715	NA	0	0	0	0
GLOBAL	II	12372716	12382715	NA	0	0	0	0
GLOBAL	II	12382716	12392715	0.001938238041893	134	0.25972389761367	2	133.59967845659
GLOBAL	II	12392716	12402715	0.0010385697604891	125	0.12982122006113	1	124.75080385852
GLOBAL	II	12402716	12412715	0.011684160001849	878	10.258692481624	79	876.11575562701
GLOBAL	II	12412716	12422715	0.0093614293035608	514	4.8117746620302	37	511.17524115756
GLOBAL	II	12422716	12432715	0.0015964966673321	976	1.5581807473161	12	974.02572347267
GLOBAL	II	12432716	12442715	0.0018036071568266	864	1.5583165834982	12	862.3424437299
GLOBAL	II	12442716	12452715	0.0013074741470093	298	0.38962729580879	3	297.19453376206
GLOBAL	II	12452716	12462715	0.00090310413955571	575	0.51928488024453	4	570.16559485531
GLOBAL	II	12462716	12472715	0.001292023516136	603	0.77909018022999	6	601.65273311897
GLOBAL	II	12472716	12482715	0.0017253792308717	301	0.5193391484924	4	300.29581993569
GLOBAL	II	12482716	12492715	0.001240589546735	314	0.3895451176748	3	313.23311897106
GLOBAL	II	12492716	12502715	0.0026407243302866	541	1.4286318626851	11	540.15273311897
GLOBAL	II	12502716	12512715	0	25	0	0	24.996784565916
GLOBAL	II	12512716	12522715	0.0015677779633482	994	1.5583712955681	12	992.27170418006
GLOBAL	II	12522716	12532715	0.00068903157315579	754	0.51952980615947	4	752.71061093248
GLOBAL	II	12532716	12542715	0.00062940135871125	619	0.38959944104227	3	617.58520900322
GLOBAL	II	12542716	12552715	0.0013814072949422	658	0.90896600007197	7	657.00964630225
GLOBAL	II	12552716	12562715	0.0019158858064178	610	1.1686903419148	9	609.29903536977
GLOBAL	II	12562716	12572715	0.0017928980463132	145	0.25997021671541	2	144.73954983923
GLOBAL	II	12572716	12582715	0.00040068277796646	324	0.12982122006113	1	323.7347266881
GLOBAL	II	12582716	12592715	0.0023223663120081	895	2.0785178492473	16	892.45659163987
GLOBAL	II	12592716	12602715	0.00049403075319332	263	0.12993008808984	1	262.55948553055
GLOBAL	II	12602716	12612715	0.0008936399499178	436	0.38962701816416	3	434.62861736334
GLOBAL	II	12612716	12622715	0.0012665484884013	410	0.51928488024453	4	409.28295819936
GLOBAL	II	12622716	12632715	0.00067654277580155	768	0.51958485181559	4	766.97749196141
GLOBAL	II	12632716	12642715	0.00092217996011505	704	0.649214691921	5	702.59967845659
GLOBAL	II	12642716	12652715	0.00138530339366	750	1.038977545245	8	748.49196141479
GLOBAL	II	12652716	12662715	0.0011471670252095	566	0.64929653626855	5	565.11093247588
GLOBAL	II	12662716	12672715	0.00099373782683054	392	0.38954522811757	3	390.42765273312
GLOBAL	II	12672716	12682715	0.00054097827967958	480	0.2596695742462	2	479.09003215434
GLOBAL	II	12682716	12692715	0.0018252512761967	925	1.688357430482	13	922.84083601286
GLOBAL	II	12692716	12702715	0.0021714914507631	419	0.90985491786975	7	417.91800643087
GLOBAL	II	12702716	12712715	0.0010850837397081	359	0.3895450625552	3	358.53054662379
GLOBAL	II	12712716	12722715	0.0004228704236519	614	0.25964244012227	2	613.07717041801
GLOBAL	II	12722716	12732715	NA	0	0	0	0
GLOBAL	III	29743	39742	0.0015917505265532	408	0.64943421483371	5	406.79742765273
GLOBAL	III	39743	49742	0.0022007432238013	354	0.77906310122566	6	353.40675241158
GLOBAL	III	49743	59742	0.00092308261002216	282	0.26030929602625	2	279.93408360129
GLOBAL	III	59743	69742	0.00065922108686302	591	0.38959966233604	3	589.96463022508
GLOBAL	III	69743	79742	0.0025908304264139	401	1.038923000992	8	399.82797427653
GLOBAL	III	79743	89742	0.00098349409137222	660	0.64910610030566	5	659.23151125402
GLOBAL	III	89743	99742	0.00095328561332961	681	0.64918750267746	5	677.81993569132
GLOBAL	III	99743	109742	0	19	0	0	18.979099678457
GLOBAL	III	109743	119742	0.00083087765282783	469	0.38968161917625	3	468.55627009646
GLOBAL	III	119743	129742	0.0007376719589154	528	0.38949079430733	3	527.20418006431
GLOBAL	III	129743	139742	0.0018520378866325	631	1.1686359064651	9	629.04340836013
GLOBAL	III	139743	149742	0.0015054375365134	949	1.4286602221512	11	947.038585209
GLOBAL	III	149743	159742	0.001992059557412	522	1.0398550889691	8	518.63665594855
GLOBAL	III	159743	169742	0.00048804969947794	266	0.12982122006113	1	265.31832797428
GLOBAL	III	169743	179742	0.00060133873014794	432	0.25977833142391	2	430.71704180064
GLOBAL	III	179743	189742	0.0011557590335529	337	0.38949079430733	3	336.0884244373
GLOBAL	III	189743	199742	0.0013032839392966	299	0.38968189784968	3	297.99839228296
GLOBAL	III	199743	209742	NA	0	0	0	0
GLOBAL	III	209743	219742	0.00060034954018425	649	0.38962685157958	3	647.78617363344
GLOBAL	III	219743	229742	0.00067643610556189	960	0.64937866133941	5	958.3231511254
GLOBAL	III	229743	239742	0.0012230801351654	743	0.90874854042793	7	740.98231511254
GLOBAL	III	239743	249742	0	166	0	0	165.80064308682
GLOBAL	III	249743	259742	0.0015902020259814	245	0.38959949636544	3	244.78617363344
GLOBAL	III	259743	269742	0.0021861374794923	594	1.2985656628184	10	592.96784565916
GLOBAL	III	269743	279742	0.00081669932633046	636	0.51942077154617	4	634.69935691318
GLOBAL	III	279743	289742	0.003510483097474	333	1.1689908714589	9	332.66237942122
GLOBAL	III	289743	299742	0.0010265768886761	506	0.51944790567011	4	504.84887459807
GLOBAL	III	299743	309742	NA	0	0	0	0
GLOBAL	III	309743	319742	0.001143284988495	795	0.9089115658535	7	792.97266881029
GLOBAL	III	319743	329742	0.0009188673910466	848	0.77919954760752	6	846.36655948553
GLOBAL	III	329743	339742	0.0007055501090279	184	0.12982122006113	1	183.69453376206
GLOBAL	III	339743	349742	0.00064924177092533	200	0.12984835418507	1	199.45980707396
GLOBAL	III	349743	359742	0.00098407167578465	660	0.64948730601787	5	657.80868167203
GLOBAL	III	359743	369742	0	211	0	0	210.58360128617
GLOBAL	III	369743	379742	0.00065708935194521	593	0.38965398570351	3	591.20900321543
GLOBAL	III	379743	389742	0.0035520004978142	329	1.1686081637809	9	328.42604501608
GLOBAL	III	389743	399742	0.016933574828028	652	11.040690787874	85	649.63987138264
GLOBAL	III	399743	409742	NA	0	0	0	0
GLOBAL	III	409743	419742	0.017971818451091	347	6.2362210025284	48	345.12540192926
GLOBAL	III	419743	429742	0.017653951497055	596	10.521755092245	81	592.70418006431
GLOBAL	III	429743	439742	0	8	0	0	7.9708265802269
GLOBAL	III	439743	449742	NA	0	0	0	0
GLOBAL	III	449743	459742	NA	0	0	0	0
GLOBAL	III	459743	469742	NA	0	0	0	0
GLOBAL	III	469743	479742	NA	0	0	0	0
GLOBAL	III	479743	489742	NA	0	0	0	0
GLOBAL	III	489743	499742	NA	0	0	0	0
GLOBAL	III	499743	509742	NA	0	0	0	0
GLOBAL	III	509743	519742	0	158	0	0	156.98553054662
GLOBAL	III	519743	529742	0.022098617548979	212	4.6849069203836	36	209.26848874598
GLOBAL	III	529743	539742	0.023387899904002	300	7.0163699712007	54	298.20900321543
GLOBAL	III	539743	549742	0.016856966519771	393	6.6247878422701	51	391.16559485531
GLOBAL	III	549743	559742	0.021163602281429	583	12.338380130073	95	580.67363344051
GLOBAL	III	559743	569742	NA	0	0	0	0
GLOBAL	III	569743	579742	0.014827500100714	184	2.7282600185313	21	183.40675241158
GLOBAL	III	579743	589742	0.018408928512373	367	6.756076764041	52	364.97106109325
GLOBAL	III	589743	599742	0.014433609394571	522	7.5343441039658	58	519.37620578778
GLOBAL	III	599743	609742	NA	0	0	0	0
GLOBAL	III	609743	619742	NA	0	0	0	0
GLOBAL	III	619743	629742	0	96	0	0	95.779742765273
GLOBAL	III	629743	639742	0.0024195513377611	698	1.6888468337573	13	695.4501607717
GLOBAL	III	639743	649742	0.0021068310567114	185	0.3897637454916	3	184.07073954984
GLOBAL	III	649743	659742	0.0022387647273287	58	0.12984835418507	1	57.815112540193
GLOBAL	III	659743	669742	0.0012922950654277	201	0.25975130815098	2	199.87781350482
GLOBAL	III	669743	679742	0.0017602805174542	738	1.2990870218812	10	733.48392282958
GLOBAL	III	679743	689742	0.001000306522138	130	0.13003984787794	1	129.36977491961
GLOBAL	III	689743	699742	0.0016538102751718	550	0.90959565134449	7	546.59324758842
GLOBAL	III	699743	709742	NA	0	0	0	0
GLOBAL	III	709743	719742	NA	0	0	0	0
GLOBAL	III	719743	729742	0.0039414778999173	165	0.65034385348636	5	163.16720257235
GLOBAL	III	729743	739742	NA	0	0	0	0
GLOBAL	III	739743	749742	NA	0	0	0	0
GLOBAL	III	749743	759742	NA	0	0	0	0
GLOBAL	III	759743	769742	NA	0	0	0	0
GLOBAL	III	769743	779742	NA	0	0	0	0
GLOBAL	III	779743	789742	0.00084325976641702	308	0.25972400805644	2	305.90192926045
GLOBAL	III	789743	799742	0.00062141408339043	209	0.1298755434286	1	207.47266881029
GLOBAL	III	799743	809742	NA	0	0	0	0
GLOBAL	III	809743	819742	0.0021919385741157	474	1.0389788841308	8	472.46784565916
GLOBAL	III	819743	829742	0.0011245227903292	462	0.51952952913211	4	460.63987138264
GLOBAL	III	829743	839742	0.0026329205497521	444	1.1690167240899	9	442.80546623794
GLOBAL	III	839743	849742	NA	0	0	0	0
GLOBAL	III	849743	859742	NA	0	0	0	0
GLOBAL	III	859743	869742	0	104	0	0	103.90032154341
GLOBAL	III	869743	879742	0.0014592770120841	178	0.25975130815098	2	177.12540192926
GLOBAL	III	879743	889742	NA	0	0	0	0
GLOBAL	III	889743	899742	0	59	0	0	58.900321543408
GLOBAL	III	899743	909742	0	47	0	0	46.836012861736
GLOBAL	III	909743	919742	0	96	0	0	95.472668810289
GLOBAL	III	919743	929742	0.00042048572197361	309	0.12993008808984	1	307.4308681672
GLOBAL	III	929743	939742	0.0025139429205524	207	0.52038618455436	4	204.76205787781
GLOBAL	III	939743	949742	0.0015133793640319	515	0.77939037247644	6	512.54019292605
GLOBAL	III	949743	959742	0	21	0	0	20.887459807074
GLOBAL	III	959743	969742	NA	0	0	0	0
GLOBAL	III	969743	979742	0	101	0	0	98.943729903537
GLOBAL	III	979743	989742	NA	0	0	0	0
GLOBAL	III	989743	999742	NA	0	0	0	0
GLOBAL	III	999743	1009742	NA	0	0	0	0
GLOBAL	III	1009743	1019742	0.0010150258188669	512	0.51969321925983	4	510.75562700965
GLOBAL	III	1019743	1029742	0.0029129268659239	446	1.2991653822021	10	443.61897106109
GLOBAL	III	1029743	1039742	0.022950847453833	187	4.2918084738667	33	185.02090032154
GLOBAL	III	1039743	1049742	0.019028012808732	478	9.0953901225739	70	475.6463022508
GLOBAL	III	1049743	1059742	0.016148128739773	314	5.0705124242888	39	311.92122186495
GLOBAL	III	1059743	1069742	0.025048223039787	52	1.3025075980689	10	51.376205787781
GLOBAL	III	1069743	1079742	0.016595670993096	188	3.1199861467021	24	186.64147909968
GLOBAL	III	1079743	1089742	0.016771870315006	550	9.2245286732531	71	547.94533762058
GLOBAL	III	1089743	1099742	NA	0	0	0	0
GLOBAL	III	1099743	1109742	NA	0	0	0	0
GLOBAL	III	1109743	1119742	0.033781005292642	77	2.6011374075334	20	76.516077170418
GLOBAL	III	1119743	1129742	NA	0	0	0	0
GLOBAL	III	1129743	1139742	0.01958614779824	597	11.692930235549	90	595.22668810289
GLOBAL	III	1139743	1149742	0.021410616231256	989	21.175099452712	163	986.23633440514
GLOBAL	III	1149743	1159742	0.021390128194523	389	8.3207598676695	64	386.09163987138
GLOBAL	III	1159743	1169742	0.020226048773351	206	4.1665660473103	32	204.03054662379
GLOBAL	III	1169743	1179742	0.015064353338	578	8.707196229364	67	575.74919614148
GLOBAL	III	1179743	1189742	0.021551966943838	217	4.6767768268128	36	215.87459807074
GLOBAL	III	1189743	1199742	0.03963371423804	59	2.3383891400443	18	58.385852090032
GLOBAL	III	1199743	1209742	0.055666805078095	14	0.77933527109333	6	13.956591639871
GLOBAL	III	1209743	1219742	NA	0	0	0	0
GLOBAL	III	1219743	1229742	0.028086145639333	287	8.0607237984885	62	284.99517684887
GLOBAL	III	1229743	1239742	NA	0	0	0	0
GLOBAL	III	1239743	1249742	0.024863230793566	162	4.0278433885577	31	161.08199356913
GLOBAL	III	1249743	1259742	NA	0	0	0	0
GLOBAL	III	1259743	1269742	0.014381119750422	515	7.4062766714673	57	510.16398713826
GLOBAL	III	1269743	1279742	0.020261227486989	295	5.9770621086618	46	293.01446945338
GLOBAL	III	1279743	1289742	0.017228505838643	264	4.5483255414019	35	261.20578778135
GLOBAL	III	1289743	1299742	0.016038404033235	162	2.5982214533841	20	161.30064308682
GLOBAL	III	1299743	1309742	NA	0	0	0	0
GLOBAL	III	1309743	1319742	0.013384437631687	233	3.118573968183	24	231.68971061093
GLOBAL	III	1319743	1329742	NA	0	0	0	0
GLOBAL	III	1329743	1339742	0.0011860790326529	219	0.25975130815098	2	218.31832797428
GLOBAL	III	1339743	1349742	0	71	0	0	70.728295819936
GLOBAL	III	1349743	1359742	NA	0	0	0	0
GLOBAL	III	1359743	1369742	0.0050487659399544	258	1.3025816125082	10	255.44694533762
GLOBAL	III	1369743	1379742	0.0036997710652486	316	1.1691276566186	9	314.38906752412
GLOBAL	III	1379743	1389742	0	65	0	0	64.852090032154
GLOBAL	III	1389743	1399742	0.0022209133308952	234	0.51969371942948	4	232.55305466238
GLOBAL	III	1399743	1409742	0	12	0	0	11.858520900322
GLOBAL	III	1409743	1419742	0.028089385496546	162	4.5504804504405	35	160.17363344051
GLOBAL	III	1419743	1429742	0.015721619759498	330	5.1881345206343	39	319.46784565916
GLOBAL	III	1429743	1439742	0.0031369811998933	704	2.2084347647249	17	699.05466237942
GLOBAL	III	1439743	1449742	0.0042924790249582	212	0.91000555329114	7	210.46784565916
GLOBAL	III	1449743	1459742	NA	0	0	0	0
GLOBAL	III	1459743	1469742	NA	0	0	0	0
GLOBAL	III	1469743	1479742	0.0030624614436082	212	0.64924182604493	5	211.0578778135
GLOBAL	III	1479743	1489742	NA	0	0	0	0
GLOBAL	III	1489743	1499742	0	76	0	0	75.876205787781
GLOBAL	III	1499743	1509742	0	34	0	0	33.898713826367
GLOBAL	III	1509743	1519742	NA	0	0	0	0
GLOBAL	III	1519743	1529742	0.0044275772324997	88	0.38962679645997	3	87.286173633441
GLOBAL	III	1529743	1539742	0	11	0	0	10.998392282958
GLOBAL	III	1539743	1549742	NA	0	0	0	0
GLOBAL	III	1549743	1559742	NA	0	0	0	0
GLOBAL	III	1559743	1569742	NA	0	0	0	0
GLOBAL	III	1569743	1579742	0.0023827880515015	109	0.25972389761367	2	108.65916398714
GLOBAL	III	1579743	1589742	0.0034864100336606	298	1.0389501900309	8	297.03054662379
GLOBAL	III	1589743	1599742	0.00073855031640068	176	0.12998485568652	1	174.33118971061
GLOBAL	III	1599743	1609742	NA	0	0	0	0
GLOBAL	III	1609743	1619742	NA	0	0	0	0
GLOBAL	III	1619743	1629742	NA	0	0	0	0
GLOBAL	III	1629743	1639742	NA	0	0	0	0
GLOBAL	III	1639743	1649742	NA	0	0	0	0
GLOBAL	III	1649743	1659742	NA	0	0	0	0
GLOBAL	III	1659743	1669742	NA	0	0	0	0
GLOBAL	III	1669743	1679742	NA	0	0	0	0
GLOBAL	III	1679743	1689742	0.011710322153513	244	2.8573186054572	22	243.46302250804
GLOBAL	III	1689743	1699742	NA	0	0	0	0
GLOBAL	III	1699743	1709742	NA	0	0	0	0
GLOBAL	III	1709743	1719742	0.048784980075799	246	12.001105098647	91	235.62540192926
GLOBAL	III	1719743	1729742	NA	0	0	0	0
GLOBAL	III	1729743	1739742	0.041335186321276	211	8.7217243137892	66	204.13022508039
GLOBAL	III	1739743	1749742	0.02001464312692	13	0.26019036064996	2	12.558441558442
GLOBAL	III	1749743	1759742	0.037760521753393	265	10.006538264649	77	262.58681672026
GLOBAL	III	1759743	1769742	0.040806204040202	645	26.32000160593	202	635.14790996785
GLOBAL	III	1769743	1779742	0.036613610294861	144	5.2723598824601	40	138.08360128617
GLOBAL	III	1779743	1789742	0.068801852189524	155	10.664287089376	82	153.66720257235
GLOBAL	III	1789743	1799742	0.049214888147051	77	3.789546387323	29	75.06270096463
GLOBAL	III	1799743	1809742	NA	0	0	0	0
GLOBAL	III	1809743	1819742	0.053546190151718	181	9.691860417461	74	173.94051446945
GLOBAL	III	1819743	1829742	0.048781350025063	276	13.463652606917	103	267.94855305466
GLOBAL	III	1829743	1839742	0.046223298658394	164	7.5806209799765	58	159.15273311897
GLOBAL	III	1839743	1849742	NA	0	0	0	0
GLOBAL	III	1849743	1859742	0.049942754895543	334	16.680880135111	128	328.27331189711
GLOBAL	III	1859743	1869742	0.043460384194221	323	14.037704094734	107	313.96302250804
GLOBAL	III	1869743	1879742	0.035460490964359	11	0.39006540060795	3	10.876006441224
GLOBAL	III	1879743	1889742	NA	0	0	0	0
GLOBAL	III	1889743	1899742	NA	0	0	0	0
GLOBAL	III	1899743	1909742	NA	0	0	0	0
GLOBAL	III	1909743	1919742	0.028720773544637	499	14.331665998774	110	493.86816720257
GLOBAL	III	1919743	1929742	NA	0	0	0	0
GLOBAL	III	1929743	1939742	NA	0	0	0	0
GLOBAL	III	1939743	1949742	NA	0	0	0	0
GLOBAL	III	1949743	1959742	0.0075992959337873	343	2.6065585052891	20	340.16720257235
GLOBAL	III	1959743	1969742	0.002335333268089	445	1.0392233042996	8	443.0578778135
GLOBAL	III	1969743	1979742	0.0011452472032561	227	0.25997111513914	2	225.95337620579
GLOBAL	III	1979743	1989742	0.0040841425241473	159	0.64937866133941	5	158.08199356913
GLOBAL	III	1989743	1999742	0.003246888585715	40	0.1298755434286	1	39.810289389068
GLOBAL	III	1999743	2009742	NA	0	0	0	0
GLOBAL	III	2009743	2019742	0.019508318763761	333	6.4962701483326	50	331.1961414791
GLOBAL	III	2019743	2029742	0.0023216486357765	56	0.13001232360348	1	55.559485530547
GLOBAL	III	2029743	2039742	0.019565482445866	20	0.39130964891732	3	19.846526655897
GLOBAL	III	2039743	2049742	NA	0	0	0	0
GLOBAL	III	2049743	2059742	NA	0	0	0	0
GLOBAL	III	2059743	2069742	NA	0	0	0	0
GLOBAL	III	2069743	2079742	NA	0	0	0	0
GLOBAL	III	2079743	2089742	0.0095037530451832	41	0.38965387485251	3	40.852090032154
GLOBAL	III	2089743	2099742	0.01575122667675	264	4.158323842662	32	262.40353697749
GLOBAL	III	2099743	2109742	0	27	0	0	26.882636655949
GLOBAL	III	2109743	2119742	0.0021295548122315	549	1.1691255919151	9	546.14790996785
GLOBAL	III	2119743	2129742	0.0017266349655335	376	0.6492147470406	5	374.88585209003
GLOBAL	III	2129743	2139742	0.0017746294633535	366	0.64951438358739	5	362.44533762058
GLOBAL	III	2139743	2149742	0.0051982977567185	25	0.12995744391796	1	24.795819935691
GLOBAL	III	2149743	2159742	0.003767018019458	276	1.0396969733704	8	274.19774919614
GLOBAL	III	2159743	2169742	0.017564585990915	459	8.0621449698301	62	455.70739549839
GLOBAL	III	2169743	2179742	0.020681796239948	264	5.4599942073462	42	262.13826366559
GLOBAL	III	2179743	2189742	0.019946395031502	228	4.5477780671824	35	226.71864951768
GLOBAL	III	2189743	2199742	0.038104553270426	406	15.470448627793	119	402.93247588424
GLOBAL	III	2199743	2209742	0	14	0	0	13.953301127214
GLOBAL	III	2209743	2219742	NA	0	0	0	0
GLOBAL	III	2219743	2229742	NA	0	0	0	0
GLOBAL	III	2229743	2239742	NA	0	0	0	0
GLOBAL	III	2239743	2249742	NA	0	0	0	0
GLOBAL	III	2249743	2259742	NA	0	0	0	0
GLOBAL	III	2259743	2269742	NA	0	0	0	0
GLOBAL	III	2269743	2279742	NA	0	0	0	0
GLOBAL	III	2279743	2289742	NA	0	0	0	0
GLOBAL	III	2289743	2299742	NA	0	0	0	0
GLOBAL	III	2299743	2309742	NA	0	0	0	0
GLOBAL	III	2309743	2319742	0.0038333862765652	305	1.1691828143524	9	304.09324758842
GLOBAL	III	2319743	2329742	0.019112962418154	136	2.5993628888689	20	135.12218649518
GLOBAL	III	2329743	2339742	0.015808769549023	526	8.3154127827861	64	523.07556270096
GLOBAL	III	2339743	2349742	0.009030584031417	331	2.989123314399	23	328.44855305466
GLOBAL	III	2349743	2359742	0.022086349958325	247	5.4553284397062	42	246.27813504823
GLOBAL	III	2359743	2369742	NA	0	0	0	0
GLOBAL	III	2369743	2379742	0.022305555180941	169	3.769638825579	29	167.69453376206
GLOBAL	III	2379743	2389742	NA	0	0	0	0
GLOBAL	III	2389743	2399742	NA	0	0	0	0
GLOBAL	III	2399743	2409742	NA	0	0	0	0
GLOBAL	III	2409743	2419742	NA	0	0	0	0
GLOBAL	III	2419743	2429742	NA	0	0	0	0
GLOBAL	III	2429743	2439742	NA	0	0	0	0
GLOBAL	III	2439743	2449742	NA	0	0	0	0
GLOBAL	III	2449743	2459742	0.018686371783684	153	2.8590148829037	22	152.00482315113
GLOBAL	III	2459743	2469742	NA	0	0	0	0
GLOBAL	III	2469743	2479742	0	85	0	0	84.406752411576
GLOBAL	III	2479743	2489742	0.0022137892460913	352	0.77925381462414	6	350.86495176849
GLOBAL	III	2489743	2499742	0.00089471744911575	581	0.51983083793625	4	577.63022508039
GLOBAL	III	2499743	2509742	NA	0	0	0	0
GLOBAL	III	2509743	2519742	0.0014789191191222	527	0.77939037577741	6	523.25241157556
GLOBAL	III	2519743	2529742	0.0017029871460115	229	0.38998405643664	3	227.49196141479
GLOBAL	III	2529743	2539742	0.0010909346223625	119	0.12982122006113	1	118.44694533762
GLOBAL	III	2539743	2549742	0.0031562014477664	247	0.77958175759829	6	246.09485530547
GLOBAL	III	2549743	2559742	NA	0	0	0	0
GLOBAL	III	2559743	2569742	0.0048107684102128	243	1.1690167236817	9	241.76205787781
GLOBAL	III	2569743	2579742	0.00083790673179742	155	0.1298755434286	1	154.26366559486
GLOBAL	III	2579743	2589742	0.0012801037829511	203	0.25986106793907	2	201.25241157556
GLOBAL	III	2589743	2599742	NA	0	0	0	0
GLOBAL	III	2599743	2609742	NA	0	0	0	0
GLOBAL	III	2609743	2619742	0.0031308502047501	332	1.039442267977	8	329.85852090032
GLOBAL	III	2619743	2629742	0.0041890951228011	62	0.25972389761367	2	61.6961414791
GLOBAL	III	2629743	2639742	NA	0	0	0	0
GLOBAL	III	2639743	2649742	NA	0	0	0	0
GLOBAL	III	2649743	2659742	0.002404599661942	108	0.25969676348973	2	107.60932475884
GLOBAL	III	2659743	2669742	0.017790924847754	629	11.190491729237	86	623.98874598071
GLOBAL	III	2669743	2679742	0.029015992192218	103	2.9886471957985	23	102.43729903537
GLOBAL	III	2679743	2689742	0.0085650293757313	91	0.77941767319155	6	90.538585209003
GLOBAL	III	2689743	2699742	NA	0	0	0	0
GLOBAL	III	2699743	2709742	NA	0	0	0	0
GLOBAL	III	2709743	2719742	NA	0	0	0	0
GLOBAL	III	2719743	2729742	0.0019576500615151	199	0.38957236224151	3	196.9115755627
GLOBAL	III	2729743	2739742	0.0013111294418073	793	1.0397256473532	8	789.92443729904
GLOBAL	III	2739743	2749742	0.00176890342724	367	0.64918755779706	5	365.92765273312
GLOBAL	III	2749743	2759742	0.0012763518569156	407	0.51947520576464	4	404.8424437299
GLOBAL	III	2759743	2769742	NA	0	0	0	0
GLOBAL	III	2769743	2779742	0	12	0	0	11.907915993538
GLOBAL	III	2779743	2789742	0.0019684035013205	462	0.90940241761006	7	460.27813504823
GLOBAL	III	2789743	2799742	0.0019617271355133	265	0.51985769091102	4	263.25884244373
GLOBAL	III	2799743	2809742	0	9	0	0	8.9597423510467
GLOBAL	III	2809743	2819742	0	73	0	0	69.226688102894
GLOBAL	III	2819743	2829742	0.0022224776427875	409	0.90899335590009	7	407.21864951768
GLOBAL	III	2829743	2839742	0.0021285132701162	183	0.38951792843126	3	182.17363344051
GLOBAL	III	2839743	2849742	0.0013127014537168	99	0.12995744391796	1	98.747588424437
GLOBAL	III	2849743	2859742	0.0021058001231729	617	1.2992786759977	10	614.97427652733
GLOBAL	III	2859743	2869742	0.0004493963440436	289	0.1298755434286	1	287.56270096463
GLOBAL	III	2869743	2879742	0.0011402180323379	114	0.12998485568652	1	113.40836012862
GLOBAL	III	2879743	2889742	NA	0	0	0	0
GLOBAL	III	2889743	2899742	NA	0	0	0	0
GLOBAL	III	2899743	2909742	NA	0	0	0	0
GLOBAL	III	2909743	2919742	NA	0	0	0	0
GLOBAL	III	2919743	2929742	0.0022162139715543	293	0.64935069366541	5	292.06591639871
GLOBAL	III	2929743	2939742	0	7	0	0	6.9612277867528
GLOBAL	III	2939743	2949742	0	47	0	0	46.728295819936
GLOBAL	III	2949743	2959742	0.0017550752850025	148	0.25975114218037	2	147.4807073955
GLOBAL	III	2959743	2969742	0.0043282784728355	60	0.25969670837013	2	59.83922829582
GLOBAL	III	2969743	2979742	NA	0	0	0	0
GLOBAL	III	2979743	2989742	0	108	0	0	107.6961414791
GLOBAL	III	2989743	2999742	0.0014353928456431	724	1.0392244202456	8	718.99196141479
GLOBAL	III	2999743	3009742	0	17	0	0	16.938906752412
GLOBAL	III	3009743	3019742	NA	0	0	0	0
GLOBAL	III	3019743	3029742	0.0030207875319105	258	0.7793631832329	6	257.01125401929
GLOBAL	III	3029743	3039742	0.0016123249669087	725	1.1689356010088	9	722.49517684887
GLOBAL	III	3039743	3049742	0.0014761702158715	616	0.90932085297685	7	614.2652733119
GLOBAL	III	3049743	3059742	0.0012796297924057	406	0.51952969571669	4	404.07234726688
GLOBAL	III	3059743	3069742	0.0016433065830523	237	0.3894636601834	3	235.64308681672
GLOBAL	III	3069743	3079742	0.0013854857669463	375	0.51955716260485	4	373.19453376206
GLOBAL	III	3079743	3089742	0.00091886660623176	424	0.38959944104227	3	421.52893890675
GLOBAL	III	3089743	3099742	0.0013411862509414	97	0.13009506634132	1	95.099678456592
GLOBAL	III	3099743	3109742	NA	0	0	0	0
GLOBAL	III	3109743	3119742	0	103	0	0	102.22347266881
GLOBAL	III	3119743	3129742	0.0038668077133649	168	0.6496236958453	5	167.08360128617
GLOBAL	III	3129743	3139742	0.001938238041893	134	0.25972389761367	2	133.60128617363
GLOBAL	III	3139743	3149742	NA	0	0	0	0
GLOBAL	III	3149743	3159742	0.0012513694224954	519	0.64946073027511	5	517.11414790997
GLOBAL	III	3159743	3169742	NA	0	0	0	0
GLOBAL	III	3169743	3179742	NA	0	0	0	0
GLOBAL	III	3179743	3189742	0.0045560826029847	57	0.25969670837013	2	56.721864951768
GLOBAL	III	3189743	3199742	0.0032568126106519	638	2.0778464455959	16	633.81189710611
GLOBAL	III	3199743	3209742	0	35	0	0	34.855305466238
GLOBAL	III	3209743	3219742	0.002170471040051	359	0.77919910337831	6	357.82636655949
GLOBAL	III	3219743	3229742	0.001751302969681	371	0.64973340175164	5	369.2347266881
GLOBAL	III	3229743	3239742	NA	0	0	0	0
GLOBAL	III	3239743	3249742	0.00094839480357551	137	0.12993008808984	1	136.48553054662
GLOBAL	III	3249743	3259742	NA	0	0	0	0
GLOBAL	III	3259743	3269742	0.0013472863030104	386	0.520052512962	4	383.40675241158
GLOBAL	III	3269743	3279742	0.0013677609539147	380	0.5197491624876	4	378.76366559486
GLOBAL	III	3279743	3289742	0.00082837891914296	627	0.51939358230264	4	625.25562700965
GLOBAL	III	3289743	3299742	0.00082993405947795	939	0.7793080818498	6	936.12379421222
GLOBAL	III	3299743	3309742	NA	0	0	0	0
GLOBAL	III	3309743	3319742	0.0013612650924501	477	0.64932344909871	5	475.77491961415
GLOBAL	III	3319743	3329742	0.00073197637888916	1065	0.77955484351696	6	1061.7459807074
GLOBAL	III	3329743	3339742	0.0018453819258702	563	1.0389500242649	8	561.63022508039
GLOBAL	III	3339743	3349742	0	103	0	0	102.5884244373
GLOBAL	III	3349743	3359742	0.0026891053581972	483	1.2988378880093	10	481.63665594855
GLOBAL	III	3359743	3369742	NA	0	0	0	0
GLOBAL	III	3369743	3379742	0.00078931054367163	658	0.51936633773593	4	654.30064308682
GLOBAL	III	3379743	3389742	0.0041010490772215	95	0.38959966233604	3	94.831189710611
GLOBAL	III	3389743	3399742	0.0010556776763013	123	0.12984835418507	1	122.47909967846
GLOBAL	III	3399743	3409742	NA	0	0	0	0
GLOBAL	III	3409743	3419742	0	206	0	0	205.0192926045
GLOBAL	III	3419743	3429742	0.0030636198986657	212	0.64948741851712	5	211.37620578778
GLOBAL	III	3429743	3439742	0.0008251039059772	788	0.65018187791003	5	784.62379421222
GLOBAL	III	3439743	3449742	NA	0	0	0	0
GLOBAL	III	3449743	3459742	NA	0	0	0	0
GLOBAL	III	3459743	3469742	0.0024982081353885	364	0.9093477612814	7	361.90032154341
GLOBAL	III	3469743	3479742	0.0024058651377887	216	0.51966686976237	4	214.78617363344
GLOBAL	III	3479743	3489742	0.0016436504018338	158	0.25969676348973	2	157.19935691318
GLOBAL	III	3489743	3499742	0.0011923963839143	218	0.25994241169333	2	216.29260450161
GLOBAL	III	3499743	3509742	NA	0	0	0	0
GLOBAL	III	3509743	3519742	NA	0	0	0	0
GLOBAL	III	3519743	3529742	NA	0	0	0	0
GLOBAL	III	3529743	3539742	0	267	0	0	258.85298869144
GLOBAL	III	3539743	3549742	0.0016055631806185	245	0.39336297925152	3	231.69293924466
GLOBAL	III	3549743	3559742	NA	0	0	0	0
GLOBAL	III	3559743	3569742	NA	0	0	0	0
GLOBAL	III	3569743	3579742	NA	0	0	0	0
GLOBAL	III	3579743	3589742	NA	0	0	0	0
GLOBAL	III	3589743	3599742	NA	0	0	0	0
GLOBAL	III	3599743	3609742	NA	0	0	0	0
GLOBAL	III	3609743	3619742	0.0017809907342943	73	0.13001232360348	1	71.564019448947
GLOBAL	III	3619743	3629742	0.0013719853518372	854	1.171675490469	9	843.56109324759
GLOBAL	III	3629743	3639742	0.00082731952682773	314	0.25977833142391	2	311.57877813505
GLOBAL	III	3639743	3649742	0.0010441116904781	498	0.51996762185807	4	494.88263665595
GLOBAL	III	3649743	3659742	0	258	0	0	255.90353697749
GLOBAL	III	3659743	3669742	0	76	0	0	75.628617363344
GLOBAL	III	3669743	3679742	0.00060727777531758	214	0.12995744391796	1	212.7347266881
GLOBAL	III	3679743	3689742	0.0011567784565244	449	0.51939352697947	4	447.05948553055
GLOBAL	III	3689743	3699742	0.00086373664771081	451	0.38954522811757	3	449.90192926045
GLOBAL	III	3699743	3709742	0	18	0	0	17.959807073955
GLOBAL	III	3709743	3719742	0.0024813522733652	157	0.38957230691833	3	156.23633440514
GLOBAL	III	3719743	3729742	0.00059168812495946	439	0.2597510868572	2	437.52733118971
GLOBAL	III	3729743	3739742	0.0016982566453821	306	0.51966653348691	4	304.84726688103
GLOBAL	III	3739743	3749742	0.00044885641974453	579	0.25988786703208	2	575.44694533762
GLOBAL	III	3749743	3759742	0.0011593603052238	112	0.12984835418507	1	111.48713826367
GLOBAL	III	3759743	3769742	0.00034163478963456	380	0.12982122006113	1	378.69453376206
GLOBAL	III	3769743	3779742	0.00018814669574077	690	0.12982122006113	1	687.4421221865
GLOBAL	III	3779743	3789742	0.0011861414916925	438	0.51952997336132	4	436.68810289389
GLOBAL	III	3789743	3799742	0.00039411837337851	659	0.25972400805644	2	657.11897106109
GLOBAL	III	3799743	3809742	0	43	0	0	42.850482315113
GLOBAL	III	3809743	3819742	0	44	0	0	43.813504823151
GLOBAL	III	3819743	3829742	0.0040594621248534	32	0.12990278799531	1	31.704180064309
GLOBAL	III	3829743	3839742	0.0022013986601868	236	0.51953008380409	4	235.09163987138
GLOBAL	III	3839743	3849742	0.00068521573480141	379	0.25969676348973	2	377.6575562701
GLOBAL	III	3849743	3859742	0.0010015062447344	778	0.77917185840338	6	775.79903536977
GLOBAL	III	3859743	3869742	NA	0	0	0	0
GLOBAL	III	3869743	3879742	0.0018687128550878	139	0.2597510868572	2	138.55144694534
GLOBAL	III	3879743	3889742	0.00097129873892102	401	0.38949079430733	3	400.00482315113
GLOBAL	III	3889743	3899742	0.00069082765257402	564	0.38962679605175	3	561.30064308682
GLOBAL	III	3899743	3909742	0	24	0	0	23.843800322061
GLOBAL	III	3909743	3919742	0.0012049632215601	431	0.5193391484924	4	429.95498392283
GLOBAL	III	3919743	3929742	0	62	0	0	61.74115755627
GLOBAL	III	3929743	3939742	0.00098208838679748	661	0.64916042367313	5	659.86173633441
GLOBAL	III	3939743	3949742	0.00046199722441684	281	0.12982122006113	1	280.32636655949
GLOBAL	III	3949743	3959742	0.0010746213839444	846	0.90912969081696	7	843.74437299035
GLOBAL	III	3959743	3969742	0.0005796801526119	448	0.25969670837013	2	446.55627009646
GLOBAL	III	3969743	3979742	0.0034163478963456	38	0.12982122006113	1	37.914790996785
GLOBAL	III	3979743	3989742	0.001149221274586	226	0.25972400805644	2	225.29421221865
GLOBAL	III	3989743	3999742	0	87	0	0	86.498392282958
GLOBAL	III	3999743	4009742	NA	0	0	0	0
GLOBAL	III	4009743	4019742	0.00088350747450333	735	0.64937799375995	5	731.29421221865
GLOBAL	III	4019743	4029742	0.00095766450777072	678	0.64929653626855	5	676.25080385852
GLOBAL	III	4029743	4039742	0.00067969225162897	191	0.12982122006113	1	190.39389067524
GLOBAL	III	4039743	4049742	0.0010821614500916	600	0.64929687005498	5	598.61897106109
GLOBAL	III	4049743	4059742	0.0020448562969278	508	1.0387869988393	8	506.34405144695
GLOBAL	III	4059743	4069742	0.00078092508852957	499	0.38968161917625	3	497.69292604502
GLOBAL	III	4069743	4079742	0	37	0	0	36.885852090032
GLOBAL	III	4079743	4089742	0.0019014320974489	478	0.90888454258057	7	477.21221864952
GLOBAL	III	4089743	4099742	0.00082714617074416	314	0.25972389761367	2	312.90996784566
GLOBAL	III	4099743	4109742	NA	0	0	0	0
GLOBAL	III	4109743	4119742	0.00051110716559501	254	0.12982122006113	1	252.70739549839
GLOBAL	III	4119743	4129742	0.0030739783425359	169	0.51950233988858	4	168.50321543408
GLOBAL	III	4129743	4139742	0.0013917182836401	280	0.38968111941922	3	278.88263665595
GLOBAL	III	4139743	4149742	0.00069695825104838	559	0.38959966233604	3	557.76045016077
GLOBAL	III	4149743	4159742	0.0010477508009716	372	0.38976329796143	3	370.09807073955
GLOBAL	III	4159743	4169742	0.00040781535097738	955	0.3894636601834	3	951.5498392283
GLOBAL	III	4169743	4179742	0.00079022948740522	987	0.77995650406895	6	984.58360128617
GLOBAL	III	4179743	4189742	0	576	0	0	574.20578778135
GLOBAL	III	4189743	4199742	0	125	0	0	124.64469453376
GLOBAL	III	4199743	4209742	NA	0	0	0	0
GLOBAL	III	4209743	4219742	NA	0	0	0	0
GLOBAL	III	4219743	4229742	0.0019035410236539	273	0.51966669945752	4	271.48713826367
GLOBAL	III	4229743	4239742	0.00091285828385238	427	0.38979048720496	3	425.6463022508
GLOBAL	III	4239743	4249742	0.00049009722743243	795	0.38962729580879	3	792.90192926045
GLOBAL	III	4249743	4259742	0.0020250853568563	513	1.0388687880673	8	511.56591639871
GLOBAL	III	4259743	4269742	0.00086505002278768	751	0.64965256711355	5	749.038585209
GLOBAL	III	4269743	4279742	0.00082009510083408	950	0.77909034579237	6	947.26205787781
GLOBAL	III	4279743	4289742	0.0018231033757267	285	0.51958446208212	4	283.79099678457
GLOBAL	III	4289743	4299742	0	67	0	0	66.209003215434
GLOBAL	III	4299743	4309742	NA	0	0	0	0
GLOBAL	III	4309743	4319742	0.00084437451778793	769	0.64932400417892	5	764.8922829582
GLOBAL	III	4319743	4329742	0.0021200852342742	245	0.51942088239718	4	244.52733118971
GLOBAL	III	4329743	4339742	0.002886728622118	45	0.12990278799531	1	44.930868167203
GLOBAL	III	4339743	4349742	0.0022200964170631	234	0.51950256159276	4	233.50321543408
GLOBAL	III	4349743	4359742	0	98	0	0	97.64308681672
GLOBAL	III	4359743	4369742	0.00049931238485051	260	0.12982122006113	1	259.35048231511
GLOBAL	III	4369743	4379742	NA	0	0	0	0
GLOBAL	III	4379743	4389742	NA	0	0	0	0
GLOBAL	III	4389743	4399742	NA	0	0	0	0
GLOBAL	III	4399743	4409742	NA	0	0	0	0
GLOBAL	III	4409743	4419742	0.00056304482393665	692	0.38962701816416	3	690.72829581994
GLOBAL	III	4419743	4429742	0.0012412464492465	837	1.0389232780193	8	834.3729903537
GLOBAL	III	4429743	4439742	0.0011289996097093	347	0.39176286456914	3	345.24276527331
GLOBAL	III	4439743	4449742	0.00034548613828539	376	0.12990278799531	1	375.17202572347
GLOBAL	III	4449743	4459742	0.0013671594599966	570	0.77928089219803	6	568.80225080386
GLOBAL	III	4459743	4469742	0.00076083020030312	512	0.3895450625552	3	510.93247588424
GLOBAL	III	4469743	4479742	NA	0	0	0	0
GLOBAL	III	4479743	4489742	0.0013249834871925	196	0.25969676348973	2	195.55948553055
GLOBAL	III	4489743	4499742	0.00093406321671294	278	0.2596695742462	2	276.88424437299
GLOBAL	III	4499743	4509742	NA	0	0	0	0
GLOBAL	III	4509743	4519742	0.0011196175896396	464	0.51950256159276	4	462.76848874598
GLOBAL	III	4519743	4529742	0.0080316451151066	566	4.5459111351503	35	564.17041800643
GLOBAL	III	4529743	4539742	0.0094945355320104	424	4.0256830655724	31	422.87459807074
GLOBAL	III	4539743	4549742	0.003736790983645	556	2.0776557869066	16	554.72025723473
GLOBAL	III	4549743	4559742	0.0038499522427938	371	1.4283322820765	11	369.91479099678
GLOBAL	III	4559743	4569742	0.0016178367022755	642	1.0386511628609	8	641.27652733119
GLOBAL	III	4569743	4579742	0.0057282048298715	68	0.38951792843126	3	67.924437299035
GLOBAL	III	4579743	4589742	0.0027102050655788	527	1.42827806956	11	525.99517684887
GLOBAL	III	4589743	4599742	0.0029974454868613	260	0.77933582658395	6	259.34887459807
GLOBAL	III	4599743	4609742	0	42	0	0	41.972668810289
GLOBAL	III	4609743	4619742	0.0028520021521892	683	1.9479174699452	15	681.93247588424
GLOBAL	III	4619743	4629742	0.0032245388080977	725	2.3377906358708	18	723.63826366559
GLOBAL	III	4629743	4639742	0.0033567801098292	619	2.0778468879843	16	617.58360128617
GLOBAL	III	4639743	4649742	0.0028779962553188	767	2.2074231278295	17	765.7459807074
GLOBAL	III	4649743	4659742	0.0086603875815679	720	6.2354790587289	48	716.98392282958
GLOBAL	III	4659743	4669742	0.0049453297756605	499	2.4677195580546	19	497.72025723473
GLOBAL	III	4669743	4679742	0.0019098033531384	204	0.38959988404023	3	203.67202572347
GLOBAL	III	4679743	4689742	0.0054104183944887	408	2.2074507049514	17	407.25884244373
GLOBAL	III	4689743	4699742	0.0061694616017101	821	5.065127975004	39	818.02893890675
GLOBAL	III	4699743	4709742	0	25	0	0	24.905144694534
GLOBAL	III	4709743	4719742	0.0048821353697663	133	0.64932400417892	5	132.65112540193
GLOBAL	III	4719743	4729742	0.0063779455710006	733	4.6750341035434	36	731.41318327974
GLOBAL	III	4729743	4739742	0.0080035092801711	341	2.7291966645383	21	339.47749196141
GLOBAL	III	4739743	4749742	0.005759572307839	948	5.4600745478314	42	944.9421221865
GLOBAL	III	4749743	4759742	0.010998315138636	248	2.7275821543818	21	243.77009646302
GLOBAL	III	4759743	4769742	0.0083662953698763	528	4.4174039552947	34	526.20096463023
GLOBAL	III	4769743	4779742	0.0020785591638464	250	0.51963979096161	4	249.38745980707
GLOBAL	III	4779743	4789742	0.0035108869124114	74	0.25980563151845	2	73.577170418006
GLOBAL	III	4789743	4799742	0.0021766461031859	421	0.91636800944126	7	418.94694533762
GLOBAL	III	4799743	4809742	0	34	0	0	33.85691318328
GLOBAL	III	4809743	4819742	0.00086287027519951	602	0.51944790567011	4	600.66720257235
GLOBAL	III	4819743	4829742	0.0014376878084395	542	0.77922679217422	6	540.26848874598
GLOBAL	III	4829743	4839742	0.0011845675913535	658	0.77944547511063	6	656.88102893891
GLOBAL	III	4839743	4849742	0.00062350010088992	417	0.2599995420711	2	415.72668810289
GLOBAL	III	4849743	4859742	0.00077438962932578	503	0.38951798355087	3	501.12057877814
GLOBAL	III	4859743	4869742	0.0010988719454108	591	0.6494333197378	5	588.53697749196
GLOBAL	III	4869743	4879742	0.0012101052014053	322	0.38965387485251	3	320.56591639871
GLOBAL	III	4879743	4889742	0.00088517551646674	880	0.77895445449073	6	877.68327974277
GLOBAL	III	4889743	4899742	0.0018941937275967	617	1.1687175299271	9	615.50803858521
GLOBAL	III	4899743	4909742	NA	0	0	0	0
GLOBAL	III	4909743	4919742	0.00049602077831284	262	0.12995744391796	1	260.35530546624
GLOBAL	III	4919743	4929742	0	166	0	0	164.87138263666
GLOBAL	III	4929743	4939742	0.0010668870960991	609	0.64973424152438	5	606.57717041801
GLOBAL	III	4939743	4949742	0.0019101347898817	136	0.25977833142391	2	130.1961414791
GLOBAL	III	4949743	4959742	0	222	0	0	200.8536977492
GLOBAL	III	4959743	4969742	0.0010331320803908	377	0.38949079430733	3	376.25241157556
GLOBAL	III	4969743	4979742	0.0005145218686428	505	0.25983354366462	2	503.38906752412
GLOBAL	III	4979743	4989742	0.0014315122640022	363	0.5196389518328	4	359.3536977492
GLOBAL	III	4989743	4999742	0.0013541519754688	192	0.25999717929	2	190.36495176849
GLOBAL	III	4999743	5009742	0.0081155221365666	16	0.12984835418507	1	15.948553054662
GLOBAL	III	5009743	5019742	0.0013200406632755	492	0.64946000633156	5	490.27652733119
GLOBAL	III	5019743	5029742	0.00094327448484626	413	0.38957236224151	3	412.12540192926
GLOBAL	III	5029743	5039742	0.00016775783690772	775	0.13001232360348	1	772.7459807074
GLOBAL	III	5039743	5049742	NA	0	0	0	0
GLOBAL	III	5049743	5059742	0.00049655212904347	523	0.25969676348973	2	521.02250803859
GLOBAL	III	5059743	5069742	0.0011345865982107	916	1.039281323961	8	913.60932475884
GLOBAL	III	5069743	5079742	0.0014271443825794	455	0.64935069407364	5	447.49035369775
GLOBAL	III	5079743	5089742	0.0014921979317372	87	0.12982122006113	1	86.729903536977
GLOBAL	III	5089743	5099742	0.002918246040603	89	0.25972389761367	2	88.702572347267
GLOBAL	III	5099743	5109742	0	13	0	0	12.959742351047
GLOBAL	III	5109743	5119742	0.0010660401800632	975	1.0393891755616	8	970.95819935691
GLOBAL	III	5119743	5129742	NA	0	0	0	0
GLOBAL	III	5129743	5139742	0.0022291130937109	175	0.39009479139941	3	173.4115755627
GLOBAL	III	5139743	5149742	0	326	0	0	324.69292604502
GLOBAL	III	5149743	5159742	0.0014985308825613	780	1.1688540883978	9	776.98392282958
GLOBAL	III	5159743	5169742	0.00031703623338176	410	0.12998485568652	1	408.68649517685
GLOBAL	III	5169743	5179742	0.00059869403196218	434	0.25983320987158	2	432.45659163987
GLOBAL	III	5179743	5189742	0.0006525957493066	597	0.38959966233604	3	594.88263665595
GLOBAL	III	5189743	5199742	0.0010810297814477	961	1.0388696199713	8	958.38263665595
GLOBAL	III	5199743	5209742	NA	0	0	0	0
GLOBAL	III	5209743	5219742	0.0019006179785804	205	0.38962668560897	3	203.54662379421
GLOBAL	III	5219743	5229742	0.0010193917799631	641	0.65343013095637	5	630.36816720257
GLOBAL	III	5229743	5239742	0.0010067873727921	258	0.25975114218037	2	255.60932475884
GLOBAL	III	5239743	5249742	0	9	0	0	8.983922829582
GLOBAL	III	5249743	5259742	0.0018068081807826	216	0.39027056704903	3	215.09807073955
GLOBAL	III	5259743	5269742	0.00082571162328998	472	0.38973588619287	3	469.72025723473
GLOBAL	III	5269743	5279742	0.0014440502326319	360	0.51985808374749	4	358.67041800643
GLOBAL	III	5279743	5289742	0.00042030920203431	309	0.1298755434286	1	308.05627009646
GLOBAL	III	5289743	5299742	0.00063072858296041	206	0.12993008808984	1	205.0884244373
GLOBAL	III	5299743	5309742	NA	0	0	0	0
GLOBAL	III	5309743	5319742	NA	0	0	0	0
GLOBAL	III	5319743	5329742	NA	0	0	0	0
GLOBAL	III	5329743	5339742	NA	0	0	0	0
GLOBAL	III	5339743	5349742	NA	0	0	0	0
GLOBAL	III	5349743	5359742	0.00070752304843672	551	0.38984519968863	3	547.94372990354
GLOBAL	III	5359743	5369742	0.001224984473444	106	0.12984835418507	1	105.59324758842
GLOBAL	III	5369743	5379742	0.0011862031858516	438	0.519556995403	4	436.45337620579
GLOBAL	III	5379743	5389742	0	313	0	0	311.96302250804
GLOBAL	III	5389743	5399742	0.0016699731142463	623	1.0403932501755	8	618.74437299035
GLOBAL	III	5399743	5409742	0	20	0	0	19.903536977492
GLOBAL	III	5409743	5419742	0.00041751882374619	311	0.12984835418507	1	309.86173633441
GLOBAL	III	5419743	5429742	0.0083423958202596	436	3.6372845776332	28	434.34405144695
GLOBAL	III	5429743	5439742	0.0034244225276015	531	1.8183683621564	14	529.40836012862
GLOBAL	III	5439743	5449742	0.0058849033571481	684	4.0252738962893	31	682.79260450161
GLOBAL	III	5449743	5459742	0.009576048312071	651	6.2340074511582	48	649.06109324759
GLOBAL	III	5459743	5469742	0.00061173884878248	849	0.51936628261633	4	847.36173633441
GLOBAL	III	5469743	5479742	0.00045105173281776	576	0.25980579810303	2	574.62218649518
GLOBAL	III	5479743	5489742	0.0006175613791921	631	0.38968123027022	3	629.07877813505
GLOBAL	III	5489743	5499742	0.00095166969182833	546	0.51961165173827	4	544.38745980707
GLOBAL	III	5499743	5509742	NA	0	0	0	0
GLOBAL	III	5509743	5519742	0.0013464304038294	193	0.25986106793907	2	192.29260450161
GLOBAL	III	5519743	5529742	0.0014995618176715	693	1.0391963396464	8	689.60932475884
GLOBAL	III	5529743	5539742	0.00071968558832767	722	0.51961299477258	4	720.65434083601
GLOBAL	III	5539743	5549742	0.00062646837459242	417	0.26123731220504	2	414.28938906752
GLOBAL	III	5549743	5559742	0.0011914202922909	545	0.64932405929852	5	543.73311897106
GLOBAL	III	5559743	5569742	0.0026203210937016	446	1.1686632077909	9	445.06752411576
GLOBAL	III	5569743	5579742	0.0006667407769917	974	0.64940551678992	5	967.79260450161
GLOBAL	III	5579743	5589742	0.00074603433347095	523	0.39017595640531	3	520.68810289389
GLOBAL	III	5589743	5599742	0.0011666274822539	779	0.90880280867579	7	776.93890675241
GLOBAL	III	5599743	5609742	NA	0	0	0	0
GLOBAL	III	5609743	5619742	0.00073648371274145	529	0.38959988404023	3	527.41479099678
GLOBAL	III	5619743	5629742	0.0011729998298073	775	0.90907486810069	7	773.23311897106
GLOBAL	III	5629743	5639742	NA	0	0	0	0
GLOBAL	III	5639743	5649742	0.00067664898404059	384	0.25983320987158	2	382.79421221865
GLOBAL	III	5649743	5659742	0.0013902982691688	467	0.64926929170184	5	465.81350482315
GLOBAL	III	5659743	5669742	0.00095466755237573	272	0.2596695742462	2	271.38424437299
GLOBAL	III	5669743	5679742	0.0018835747211851	207	0.38989996728531	3	206.38424437299
GLOBAL	III	5679743	5689742	0.0010097516504928	386	0.38976413709023	3	384.77974276527
GLOBAL	III	5689743	5699742	0.00024592491322929	528	0.12984835418507	1	525.91479099678
GLOBAL	III	5699743	5709742	0	13	0	0	12.940418679549
GLOBAL	III	5709743	5719742	0	67	0	0	66.591639871383
GLOBAL	III	5719743	5729742	0	271	0	0	270.06109324759
GLOBAL	III	5729743	5739742	0.00076481043498059	849	0.64932405929852	5	847.20900321543
GLOBAL	III	5739743	5749742	0.0013702879907451	379	0.5193391484924	4	378.13826366559
GLOBAL	III	5749743	5759742	0.00074763517933064	521	0.38951792843126	3	519.46784565916
GLOBAL	III	5759743	5769742	0.0022834580764666	512	1.1691305351509	9	510.51286173633
GLOBAL	III	5769743	5779742	0.0002568328931185	506	0.12995744391796	1	502.63665594855
GLOBAL	III	5779743	5789742	0.0012182944010841	533	0.64935091577783	5	531.76045016077
GLOBAL	III	5789743	5799742	0.0018265460663951	711	1.2986742532069	10	708.56270096463
GLOBAL	III	5799743	5809742	0	22	0	0	21.877813504823
GLOBAL	III	5809743	5819742	0	246	0	0	245.23311897106
GLOBAL	III	5819743	5829742	0.0019064249438643	273	0.52045400967495	4	265.77491961415
GLOBAL	III	5829743	5839742	0.00059458349507223	437	0.25983298734656	2	434.83279742765
GLOBAL	III	5839743	5849742	0.0029527556476637	132	0.3897637454916	3	131.5691318328
GLOBAL	III	5849743	5859742	0.002762153618322	94	0.25964244012227	2	93.826366559486
GLOBAL	III	5859743	5869742	0.00046429705377542	839	0.38954522811757	3	836.94051446945
GLOBAL	III	5869743	5879742	0.0014653040055128	1152	1.6880302143508	13	1149.4453376206
GLOBAL	III	5879743	5889742	0.00092120014991103	282	0.25977844227491	2	280.97427652733
GLOBAL	III	5889743	5899742	0.0010621543391817	489	0.51939347185986	4	488.17363344051
GLOBAL	III	5899743	5909742	0.0046364721450405	28	0.12982122006113	1	27.908360128617
GLOBAL	III	5909743	5919742	0.0003205797212916	810	0.2596695742462	2	808.60932475884
GLOBAL	III	5919743	5929742	0.00089207842570304	728	0.64943309391181	5	726.59807073955
GLOBAL	III	5929743	5939742	0.0010835748131749	719	0.77909029067277	6	716.90675241158
GLOBAL	III	5939743	5949742	0.0011225665690505	463	0.51974832147038	4	461.41800643087
GLOBAL	III	5949743	5959742	0.00018869713149997	689	0.13001232360348	1	687.06591639871
GLOBAL	III	5959743	5969742	0.00083652041171037	466	0.38981851185703	3	464.59163987138
GLOBAL	III	5969743	5979742	0	136	0	0	135.09807073955
GLOBAL	III	5979743	5989742	0.0013862819513227	562	0.77909045664337	6	560.55948553055
GLOBAL	III	5989743	5999742	0.0013175455186321	887	1.1686628750267	9	884.98553054662
GLOBAL	III	5999743	6009742	0	29	0	0	28.988745980707
GLOBAL	III	6009743	6019742	0.00051624169830258	503	0.2596695742462	2	501.38906752412
GLOBAL	III	6019743	6029742	0.0017167786488995	227	0.38970875330019	3	226.28938906752
GLOBAL	III	6029743	6039742	0.0018331969616323	496	0.90926569296961	7	494.9308681672
GLOBAL	III	6039743	6049742	0.00064060429568939	811	0.51953008380409	4	808.61575562701
GLOBAL	III	6049743	6059742	0.0010643679910841	732	0.77911736947353	6	729.43729903537
GLOBAL	III	6059743	6069742	0	4	0	0	3.9951612903226
GLOBAL	III	6069743	6079742	0.00047728389728358	544	0.25964244012227	2	542.1077170418
GLOBAL	III	6079743	6089742	0.0011440421059174	568	0.64981591616108	5	566.82475884244
GLOBAL	III	6089743	6099742	0.00043564167805749	298	0.12982122006113	1	297.07234726688
GLOBAL	III	6099743	6109742	NA	0	0	0	0
GLOBAL	III	6109743	6119742	0.0017965369139307	506	0.90904767844892	7	504.95498392283
GLOBAL	III	6119743	6129742	0.0014407327900371	631	0.90910239051339	7	629.14951768489
GLOBAL	III	6129743	6139742	0.00068216809728698	571	0.38951798355087	3	569.6463022508
GLOBAL	III	6139743	6149742	0.00073762056852916	704	0.51928488024453	4	703.09003215434
GLOBAL	III	6149743	6159742	0.00043564167805749	596	0.25964244012227	2	592.91639871383
GLOBAL	III	6159743	6169742	0.00088646149948839	879	0.77919965805029	6	877.40836012862
GLOBAL	III	6169743	6179742	0.00088832787254689	877	0.77906354422363	6	875.49678456592
GLOBAL	III	6179743	6189742	0.00027463597412098	946	0.25980563151845	2	943.80225080386
GLOBAL	III	6189743	6199742	0.0013174191476895	493	0.6494876398109	5	491.47266881029
GLOBAL	III	6199743	6209742	0	21	0	0	20.932475884244
GLOBAL	III	6209743	6219742	0.0015458137402984	168	0.25969670837013	2	167.86495176849
GLOBAL	III	6219743	6229742	0.0011853768114576	767	0.909184014388	7	764.62218649518
GLOBAL	III	6229743	6239742	0.00068092796207575	572	0.38949079430733	3	570.56430868167
GLOBAL	III	6239743	6249742	0.00091455319797193	426	0.38959966233604	3	424.90996784566
GLOBAL	III	6249743	6259742	0.001320380226181	492	0.64962707128104	5	490.49839228296
GLOBAL	III	6259743	6269742	0.00076413551690486	340	0.25980607574765	2	338.82636655949
GLOBAL	III	6269743	6279742	0.0016129388514787	644	1.0387326203523	8	642.38906752412
GLOBAL	III	6279743	6289742	0	213	0	0	212.52250803859
GLOBAL	III	6289743	6299742	0.0016050904148578	81	0.13001232360348	1	80.599678456592
GLOBAL	III	6299743	6309742	NA	0	0	0	0
GLOBAL	III	6309743	6319742	0.0003455587449198	376	0.12993008808984	1	374.98392282958
GLOBAL	III	6319743	6329742	0.00054822927803491	474	0.25986067778855	2	472.09163987138
GLOBAL	III	6329743	6339742	0.00094073347870386	138	0.12982122006113	1	137.7154340836
GLOBAL	III	6339743	6349742	0.0006919096228682	563	0.3895451176748	3	562.07717041801
GLOBAL	III	6349743	6359742	0.00095249946053431	818	0.77914455871706	6	816.39871382637
GLOBAL	III	6359743	6369742	0.0012047238371638	755	0.90956649705865	7	753.48713826367
GLOBAL	III	6369743	6379742	0.00069241601915795	750	0.51931201436846	4	748.45337620579
GLOBAL	III	6379743	6389742	0	149	0	0	148.18006430868
GLOBAL	III	6389743	6399742	0.0020503808539027	190	0.38957236224151	3	189.24115755627
GLOBAL	III	6399743	6409742	NA	0	0	0	0
GLOBAL	III	6409743	6419742	0.0014999064812262	433	0.64945950637095	5	432.05948553055
GLOBAL	III	6419743	6429742	0.0015654227480704	83	0.12993008808984	1	82.533762057878
GLOBAL	III	6429743	6439742	0.00070329786672231	554	0.38962701816416	3	552.37781350482
GLOBAL	III	6439743	6449742	0.00041827907914811	621	0.25975130815098	2	618.17202572347
GLOBAL	III	6449743	6459742	0.0011853835358737	1205	1.4283871607278	11	1201.7749196141
GLOBAL	III	6459743	6469742	0.0033287492323367	78	0.25964244012227	2	77.689710610932
GLOBAL	III	6469743	6479742	0.00086864179803902	299	0.25972389761367	2	298.38906752412
GLOBAL	III	6479743	6489742	0.00081699866663716	318	0.25980557599062	2	316.02090032154
GLOBAL	III	6489743	6499742	0.00060356101047189	861	0.5196660300163	4	856.29903536977
GLOBAL	III	6499743	6509742	NA	0	0	0	0
GLOBAL	III	6509743	6519742	0.0015186532724952	877	1.3318589199783	10	595.69789983845
GLOBAL	III	6519743	6529742	0.0018496283254459	1370	2.5339908058608	19	1235.4485530547
GLOBAL	III	6529743	6539742	0.0013201056053809	787	1.0389231114347	8	784.84887459807
GLOBAL	III	6539743	6549742	0.0010393341746585	250	0.25983354366462	2	249.31672025723
GLOBAL	III	6549743	6559742	0.0010355604877604	627	0.64929642582578	5	625.45980707395
GLOBAL	III	6559743	6569742	0.0013743102452112	756	1.0389785453796	8	753.61575562701
GLOBAL	III	6569743	6579742	0.0013799932837465	847	1.1688543113333	9	844.18167202572
GLOBAL	III	6579743	6589742	0	6	0	0	5.9870759289176
GLOBAL	III	6589743	6599742	0.0031670337010943	82	0.25969676348973	2	81.754019292605
GLOBAL	III	6599743	6609742	NA	0	0	0	0
GLOBAL	III	6609743	6619742	0.00044621427555005	291	0.12984835418507	1	290.20578778135
GLOBAL	III	6619743	6629742	0.00047985183718796	271	0.13003984787794	1	270.15434083601
GLOBAL	III	6629743	6639742	0	210	0	0	209.31350482315
GLOBAL	III	6639743	6649742	0.00038182711782686	340	0.12982122006113	1	339.02250803859
GLOBAL	III	6649743	6659742	0.0012101062341854	322	0.3896542074077	3	321.02572347267
GLOBAL	III	6659743	6669742	0.00041928738810642	929	0.38951798355087	3	927.38424437299
GLOBAL	III	6669743	6679742	0.0010714538152222	607	0.65037246583986	5	605.07556270096
GLOBAL	III	6679743	6689742	0.00048091983031506	270	0.12984835418507	1	269.29581993569
GLOBAL	III	6689743	6699742	0.0005806659487028	671	0.38962685157958	3	668.86173633441
GLOBAL	III	6699743	6709742	0	29	0	0	28.876205787781
GLOBAL	III	6709743	6719742	0.0012727570594229	102	0.12982122006113	1	101.70096463023
GLOBAL	III	6719743	6729742	0.0012507384093056	519	0.6491332344296	5	517.41639871383
GLOBAL	III	6729743	6739742	0.0018392902501032	353	0.64926945828643	5	351.12218649518
GLOBAL	III	6739743	6749742	0.00057022948948896	228	0.13001232360348	1	227.14469453376
GLOBAL	III	6749743	6759742	0.0013007877439181	599	0.77917185860694	6	596.7845659164
GLOBAL	III	6759743	6769742	0.0016264972838171	559	0.90921198165377	7	557.67363344051
GLOBAL	III	6769743	6779742	0.0007187179292893	542	0.3895451176748	3	539.15594855305
GLOBAL	III	6779743	6789742	0.00044698238122157	581	0.25969676348973	2	579.92765273312
GLOBAL	III	6789743	6799742	0.0011772028770033	331	0.38965415228809	3	329.93569131833
GLOBAL	III	6799743	6809742	0	42	0	0	41.93729903537
GLOBAL	III	6809743	6819742	0	286	0	0	285.28778135048
GLOBAL	III	6819743	6829742	0	93	0	0	92.858520900322
GLOBAL	III	6829743	6839742	0.0010344320323596	251	0.25964244012227	2	250.24437299035
GLOBAL	III	6839743	6849742	0.0010225354655927	508	0.51944801652111	4	505.67202572347
GLOBAL	III	6849743	6859742	0.0018424988859751	282	0.51958468584499	4	280.7154340836
GLOBAL	III	6859743	6869742	0.00099003109031127	656	0.64946039524419	5	653.17845659164
GLOBAL	III	6869743	6879742	0.00095645423855437	679	0.64943242797842	5	675.97427652733
GLOBAL	III	6879743	6889742	0.0019617026822251	662	1.298647175633	10	659.41639871383
GLOBAL	III	6889743	6899742	0	368	0	0	365.3729903537
GLOBAL	III	6899743	6909742	0	41	0	0	40.674718196457
GLOBAL	III	6909743	6919742	0.0011469458222726	227	0.26035670165589	2	220.55466237942
GLOBAL	III	6919743	6929742	NA	0	0	0	0
GLOBAL	III	6929743	6939742	NA	0	0	0	0
GLOBAL	III	6939743	6949742	0.0012063926000447	216	0.26058080160966	2	211.03896103896
GLOBAL	III	6949743	6959742	NA	0	0	0	0
GLOBAL	III	6959743	6969742	0	104	0	0	102.78743961353
GLOBAL	III	6969743	6979742	0.00044053380301079	590	0.25991494377636	2	582.59324758842
GLOBAL	III	6979743	6989742	0.0011350620633942	458	0.51985842503454	4	455.94533762058
GLOBAL	III	6989743	6999742	0.0012164307208431	961	1.1689899227302	9	956.13504823151
GLOBAL	III	6999743	7009742	0	23	0	0	22.932475884244
GLOBAL	III	7009743	7019742	0.0022324961886051	640	1.4287975607073	11	637.97588424437
GLOBAL	III	7019743	7029742	0	136	0	0	135.76366559486
GLOBAL	III	7029743	7039742	0.00031440279463696	413	0.12984835418507	1	411.55948553055
GLOBAL	III	7039743	7049742	0.00033033389328533	393	0.12982122006113	1	391.38102893891
GLOBAL	III	7049743	7059742	0.00029371316755912	442	0.12982122006113	1	440.6575562701
GLOBAL	III	7059743	7069742	0.00091511912806056	710	0.649734580923	5	707.68006430868
GLOBAL	III	7069743	7079742	0	316	0	0	314.89067524116
GLOBAL	III	7079743	7089742	0.00089869860765974	289	0.25972389761367	2	288.5
GLOBAL	III	7089743	7099742	0.0011465040568122	453	0.51936633773593	4	451.13826366559
GLOBAL	III	7099743	7109742	NA	0	0	0	0
GLOBAL	III	7109743	7119742	0.00094789743654623	274	0.25972389761367	2	272.79903536978
GLOBAL	III	7119743	7129742	0.0007731227675645	504	0.38965387485251	3	502.29581993569
GLOBAL	III	7129743	7139742	NA	0	0	0	0
GLOBAL	III	7139743	7149742	0.00042244890365472	615	0.25980607574765	2	612.4115755627
GLOBAL	III	7149743	7159742	0.0010806824961126	721	0.77917207969715	6	718.85048231511
GLOBAL	III	7159743	7169742	0.00099268301516972	654	0.649214691921	5	651.80868167203
GLOBAL	III	7169743	7179742	0.0016754629902563	155	0.25969676348973	2	154.64951768489
GLOBAL	III	7179743	7189742	0.0009398705813753	553	0.51974843150054	4	550.70900321543
GLOBAL	III	7189743	7199742	0.0010393881105713	500	0.51969405528563	4	497.7652733119
GLOBAL	III	7199743	7209742	NA	0	0	0	0
GLOBAL	III	7209743	7219742	0.0017543408116369	74	0.12982122006113	1	73.715434083601
GLOBAL	III	7219743	7229742	0.0011051710043022	705	0.77914555803308	6	703.39710610932
GLOBAL	III	7229743	7239742	0.0013618377810833	477	0.64959662157676	5	474.89710610932
GLOBAL	III	7239743	7249742	0.0011932616022679	653	0.77919982628094	6	651.57234726688
GLOBAL	III	7249743	7259742	0.001427104382291	273	0.38959949636544	3	272.43729903537
GLOBAL	III	7259743	7269742	0.00045822446389098	850	0.38949079430733	3	847.2652733119
GLOBAL	III	7269743	7279742	0.0021645032349567	300	0.64935097048702	5	299.16881028939
GLOBAL	III	7279743	7289742	0.0012614582481317	206	0.25986039911512	2	205.03215434084
GLOBAL	III	7289743	7299742	0.00074266799592335	525	0.38990069785976	3	523.54019292604
GLOBAL	III	7299743	7309742	0	32	0	0	31.977491961415
GLOBAL	III	7309743	7319742	0.00069068273502694	376	0.25969670837013	2	374.56752411576
GLOBAL	III	7319743	7329742	0.00050821284440261	511	0.25969676348973	2	509.42604501608
GLOBAL	III	7329743	7339742	0.00024970837343282	520	0.12984835418507	1	517.73311897106
GLOBAL	III	7339743	7349742	0.000356199690324	729	0.2596695742462	2	727.48874598071
GLOBAL	III	7349743	7359742	0.00095832449258486	813	0.77911781247149	6	811.8922829582
GLOBAL	III	7359743	7369742	0	118	0	0	117.72829581994
GLOBAL	III	7369743	7379742	NA	0	0	0	0
GLOBAL	III	7379743	7389742	NA	0	0	0	0
GLOBAL	III	7389743	7399742	0	140	0	0	139.65273311897
GLOBAL	III	7399743	7409742	NA	0	0	0	0
GLOBAL	III	7409743	7419742	0.0028927960147684	449	1.298865410631	10	447.86816720257
GLOBAL	III	7419743	7429742	0.00067629351138055	192	0.12984835418507	1	191.27170418006
GLOBAL	III	7429743	7439742	0	42	0	0	41.91961414791
GLOBAL	III	7439743	7449742	0.0028855189818903	45	0.12984835418507	1	44.863344051447
GLOBAL	III	7449743	7459742	0	274	0	0	273.33922829582
GLOBAL	III	7459743	7469742	0.00065579976861144	198	0.12984835418507	1	196.53054662379
GLOBAL	III	7469743	7479742	0.00035086816232739	370	0.12982122006113	1	368.93569131833
GLOBAL	III	7479743	7489742	0.0013769658711365	283	0.38968134153163	3	282.18488745981
GLOBAL	III	7489743	7499742	0.00092588392584167	561	0.51942088239718	4	559.65434083601
GLOBAL	III	7499743	7509742	0	37	0	0	36.935691318328
GLOBAL	III	7509743	7519742	0.0007638790633506	850	0.64929720384801	5	848.5
GLOBAL	III	7519743	7529742	0.0010333125277015	754	0.77911764588691	6	750.66559485531
GLOBAL	III	7529743	7539742	0.0018680288286635	278	0.51931201436846	4	277.30868167203
GLOBAL	III	7539743	7549742	0.0005071141408638	256	0.12982122006113	1	255.39067524116
GLOBAL	III	7549743	7559742	0.00036466634848633	356	0.12982122006113	1	353.98392282958
GLOBAL	III	7559743	7569742	0.0011095830774456	585	0.64910610030566	5	583.09163987138
GLOBAL	III	7569743	7579742	0.0010035490023679	647	0.649296204532	5	645.78778135048
GLOBAL	III	7579743	7589742	0.0011910203675333	218	0.25964244012227	2	217.5498392283
GLOBAL	III	7589743	7599742	0.0004793460811635	271	0.12990278799531	1	269.85530546624
GLOBAL	III	7599743	7609742	NA	0	0	0	0
GLOBAL	III	7609743	7619742	0.0016080293246435	323	0.51939347185986	4	322.2540192926
GLOBAL	III	7619743	7629742	0.00091276238091721	854	0.7794990733033	6	851.97427652733
GLOBAL	III	7629743	7639742	0.00072302180346742	539	0.38970875206894	3	536.67524115756
GLOBAL	III	7639743	7649742	0	108	0	0	107.68488745981
GLOBAL	III	7649743	7659742	0.0046384122653072	28	0.1298755434286	1	27.940514469453
GLOBAL	III	7659743	7669742	0.00094653580167596	686	0.64932355994971	5	684.31189710611
GLOBAL	III	7669743	7679742	0.00085361025785794	761	0.64959740622989	5	754.78778135048
GLOBAL	III	7679743	7689742	0	64	0	0	63.683279742765
GLOBAL	III	7689743	7699742	0.00013480915894199	963	0.12982122006113	1	961.038585209
GLOBAL	III	7699743	7709742	0.0025969670837013	50	0.12984835418507	1	49.836012861736
GLOBAL	III	7709743	7719742	0.0011246994631628	231	0.25980557599062	2	229.29421221865
GLOBAL	III	7719743	7729742	0.0044794064825968	29	0.12990278799531	1	28.916398713826
GLOBAL	III	7729743	7739742	NA	0	0	0	0
GLOBAL	III	7739743	7749742	NA	0	0	0	0
GLOBAL	III	7749743	7759742	NA	0	0	0	0
GLOBAL	III	7759743	7769742	0.00082705966856666	628	0.51939347185986	4	626.60289389068
GLOBAL	III	7769743	7779742	0.00090706464711509	573	0.51974804279695	4	571.3536977492
GLOBAL	III	7779743	7789742	0.0007056976769471	552	0.3895451176748	3	550.65273311897
GLOBAL	III	7789743	7799742	0.0008985106375301	289	0.2596695742462	2	288.31350482315
GLOBAL	III	7799743	7809742	0.0028239736520719	46	0.12990278799531	1	45.93729903537
GLOBAL	III	7809743	7819742	0.00094523749596878	687	0.64937815973055	5	684.97588424437
GLOBAL	III	7819743	7829742	0.00031613160119184	411	0.12993008808984	1	409.53697749196
GLOBAL	III	7829743	7839742	0.0032928614762436	277	0.91212262891949	7	271.02893890675
GLOBAL	III	7839743	7849742	0.0023998637729065	433	1.0391410136685	8	429.56109324759
GLOBAL	III	7849743	7859742	0.001409369723512	737	1.0387054862283	8	734.10450160772
GLOBAL	III	7859743	7869742	0.0010849325746722	359	0.38949079430733	3	358.27813504823
GLOBAL	III	7869743	7879742	0.00033814675569027	384	0.12984835418507	1	382.91800643087
GLOBAL	III	7879743	7889742	0.0018141949626672	501	0.90891167629628	7	499.08681672026
GLOBAL	III	7889743	7899742	0.00083244874377064	624	0.51944801611288	4	622.78778135048
GLOBAL	III	7899743	7909742	0	30	0	0	29.894909688013
GLOBAL	III	7909743	7919742	0.0057716421691926	45	0.25972389761367	2	44.860128617363
GLOBAL	III	7919743	7929742	0.0010651128360976	244	0.25988753200781	2	242.72741935484
GLOBAL	III	7929743	7939742	0.0022256616817562	175	0.38949079430733	3	174.5691318328
GLOBAL	III	7939743	7949742	0.0020083164746758	388	0.77922679217422	6	385.86012861736
GLOBAL	III	7949743	7959742	0.0066623857173941	78	0.51966608595674	4	77.593247588424
GLOBAL	III	7959743	7969742	NA	0	0	0	0
GLOBAL	III	7969743	7979742	0.00085269488852659	457	0.38968156405665	3	455.93729903537
GLOBAL	III	7979743	7989742	0.00080656803776709	483	0.38957236224151	3	482.00482315113
GLOBAL	III	7989743	7999742	0.0016571052821756	627	1.0390050119241	8	625.16237942122
GLOBAL	III	7999743	8009742	NA	0	0	0	0
GLOBAL	III	8009743	8019742	0.001267885599788	615	0.77974964386963	6	612.57395498392
GLOBAL	III	8019743	8029742	0.0015274680838012	170	0.2596695742462	2	169.43729903537
GLOBAL	III	8029743	8039742	0.0020095188585966	194	0.38984665856774	3	193.27170418006
GLOBAL	III	8039743	8049742	0	105	0	0	104.58520900322
GLOBAL	III	8049743	8059742	0.0027485460622468	189	0.51947520576464	4	188.07877813505
GLOBAL	III	8059743	8069742	0.0015366669134327	169	0.25969670837013	2	168.52733118971
GLOBAL	III	8069743	8079742	0.0012544423876628	207	0.2596695742462	2	206.57717041801
GLOBAL	III	8079743	8089742	0.0016323367909113	557	0.90921159253757	7	555.30868167203
GLOBAL	III	8089743	8099742	NA	0	0	0	0
GLOBAL	III	8099743	8109742	NA	0	0	0	0
GLOBAL	III	8109743	8119742	0.0010927694446567	713	0.77914461404024	6	710.64469453376
GLOBAL	III	8119743	8129742	0.013309656520678	527	7.0141889863972	54	525.18006430868
GLOBAL	III	8129743	8139742	0.0060614699264373	450	2.7276614668968	21	448.62057877814
GLOBAL	III	8139743	8149742	0.0025974743231582	700	1.8182320262107	14	697.62861736334
GLOBAL	III	8149743	8159742	0.008047466680649	597	4.8043376083475	37	596.00482315113
GLOBAL	III	8159743	8169742	0.0045118107092603	403	1.8182597158319	14	401.59163987138
GLOBAL	III	8169743	8179742	0.011498521963246	791	9.0953308729276	70	788.18327974277
GLOBAL	III	8179743	8189742	0.0064920785327041	80	0.51936628261633	4	79.869774919614
GLOBAL	III	8189743	8199742	0.0080234221708524	178	1.4281691464117	11	177.78135048232
GLOBAL	III	8199743	8209742	NA	0	0	0	0
GLOBAL	III	8209743	8219742	0.011807380875232	660	7.7928713776529	60	657.98392282958
GLOBAL	III	8219743	8229742	0.010742008731592	266	2.8573743226034	22	265.25723472669
GLOBAL	III	8229743	8239742	0.011812978780184	220	2.5988553316405	20	218.86495176849
GLOBAL	III	8239743	8249742	0.00058484138343738	444	0.2596695742462	2	441.89549839228
GLOBAL	III	8249743	8259742	0	54	0	0	53.789389067524
GLOBAL	III	8259743	8269742	0.00093822334668622	277	0.25988786703208	2	276.18649517685
GLOBAL	III	8269743	8279742	0	163	0	0	162.02411575563
GLOBAL	III	8279743	8289742	0.011230057274122	405	4.5481731960195	35	403.15594855305
GLOBAL	III	8289743	8299742	0.011672380794193	712	8.3107351254654	64	710.51768488746
GLOBAL	III	8299743	8309742	NA	0	0	0	0
GLOBAL	III	8309743	8319742	0.0005982544703278	217	0.12982122006113	1	216.68006430868
GLOBAL	III	8319743	8329742	NA	0	0	0	0
GLOBAL	III	8329743	8339742	0.0017473277854094	223	0.38965409614629	3	222.29099678457
GLOBAL	III	8339743	8349742	0.00094622796996503	412	0.38984592362559	3	410.8536977492
GLOBAL	III	8349743	8359742	0.001968367428363	792	1.5589470032635	12	790.00160771704
GLOBAL	III	8359743	8369742	0.0011695605410913	111	0.12982122006113	1	110.63022508039
GLOBAL	III	8369743	8379742	0.0012529955600523	311	0.38968161917625	3	309.79099678457
GLOBAL	III	8379743	8389742	0.0015646566119094	249	0.38959949636544	3	248.61575562701
GLOBAL	III	8389743	8399742	0.0054114902195665	72	0.38962729580879	3	71.773311897106
GLOBAL	III	8399743	8409742	0.0035116240024282	37	0.12993008808984	1	36.818327974277
GLOBAL	III	8409743	8419742	0.0059662013766328	479	2.8578104594071	22	477.23311897106
GLOBAL	III	8419743	8429742	0.0071462880115657	527	3.7660937820951	29	525.7347266881
GLOBAL	III	8429743	8439742	0	134	0	0	133.67845659164
GLOBAL	III	8439743	8449742	0	476	0	0	474.67524115756
GLOBAL	III	8449743	8459742	0.00092748863837517	420	0.38954522811757	3	418.63504823151
GLOBAL	III	8459743	8469742	0	410	0	0	408.97749196141
GLOBAL	III	8469743	8479742	0	142	0	0	141.16720257235
GLOBAL	III	8479743	8489742	0.00043215290784304	601	0.25972389761367	2	599.09324758842
GLOBAL	III	8489743	8499742	0.0020461501412525	127	0.25986106793907	2	126.67202572347
GLOBAL	III	8499743	8509742	0	61	0	0	60.816720257235
GLOBAL	III	8509743	8519742	0	95	0	0	94.680064308682
GLOBAL	III	8519743	8529742	0.00090937936982491	714	0.64929687005498	5	712.03376205788
GLOBAL	III	8529743	8539742	0.0024416816015709	266	0.64948730601787	5	265.02090032154
GLOBAL	III	8539743	8549742	0.0016227652507642	80	0.12982122006113	1	79.736334405145
GLOBAL	III	8549743	8559742	0.0012735578338384	408	0.51961159620606	4	405.35530546624
GLOBAL	III	8559743	8569742	0	9	0	0	8.9405144694534
GLOBAL	III	8569743	8579742	0.00063677837252602	204	0.12990278799531	1	202.81993569132
GLOBAL	III	8579743	8589742	0.00043895300030353	296	0.12993008808984	1	294.67363344051
GLOBAL	III	8589743	8599742	0.00043355809573367	300	0.1300674287201	1	298.74919614148
GLOBAL	III	8599743	8609742	0.0048112143701966	27	0.12990278799531	1	26.950160771704
GLOBAL	III	8609743	8619742	0.00083781938082723	310	0.25972400805644	2	308.74758842444
GLOBAL	III	8619743	8629742	NA	0	0	0	0
GLOBAL	III	8629743	8639742	NA	0	0	0	0
GLOBAL	III	8639743	8649742	NA	0	0	0	0
GLOBAL	III	8649743	8659742	NA	0	0	0	0
GLOBAL	III	8659743	8669742	NA	0	0	0	0
GLOBAL	III	8669743	8679742	0.0011392591528825	114	0.1298755434286	1	113.45337620579
GLOBAL	III	8679743	8689742	0.0019678112640697	66	0.1298755434286	1	65.752411575563
GLOBAL	III	8689743	8699742	0.0013965112196624	93	0.1298755434286	1	92.699356913183
GLOBAL	III	8699743	8709742	NA	0	0	0	0
GLOBAL	III	8709743	8719742	0.00047675879571489	545	0.25983354366462	2	542.05948553055
GLOBAL	III	8719743	8729742	0.0016042447128119	324	0.51977528695105	4	322.52572347267
GLOBAL	III	8729743	8739742	0.00076873829486573	338	0.25983354366462	2	336.64790996785
GLOBAL	III	8739743	8749742	0.0027491956297737	378	1.0391959480544	8	375.87781350482
GLOBAL	III	8749743	8759742	0.00036402645355172	357	0.12995744391796	1	354.89067524116
GLOBAL	III	8759743	8769742	0.0018057083464071	648	1.1700990084718	9	645.13826366559
GLOBAL	III	8769743	8779742	0.0021414837352581	364	0.77950007963395	6	361.64951768489
GLOBAL	III	8779743	8789742	0	138	0	0	137.26045016077
GLOBAL	III	8789743	8799742	0.0015098110513577	947	1.4297910656357	11	941.56109324759
GLOBAL	III	8799743	8809742	0	11	0	0	10.909822866345
GLOBAL	III	8809743	8819742	0	56	0	0	55.472580645161
GLOBAL	III	8819743	8829742	NA	0	NA	0	NA
GLOBAL	III	8829743	8839742	NA	0	0	0	0
GLOBAL	III	8839743	8849742	NA	0	0	0	0
GLOBAL	III	8849743	8859742	NA	0	0	0	0
GLOBAL	III	8859743	8869742	NA	0	0	0	0
GLOBAL	III	8869743	8879742	NA	0	0	0	0
GLOBAL	III	8879743	8889742	NA	0	0	0	0
GLOBAL	III	8889743	8899742	NA	0	0	0	0
GLOBAL	III	8899743	8909742	NA	0	0	0	0
GLOBAL	III	8909743	8919742	NA	0	NA	0	NA
GLOBAL	III	8919743	8929742	NA	0	NA	0	NA
GLOBAL	III	8929743	8939742	NA	0	NA	0	NA
GLOBAL	III	8939743	8949742	NA	0	0	0	0
GLOBAL	III	8949743	8959742	NA	0	0	0	0
GLOBAL	III	8959743	8969742	NA	0	0	0	0
GLOBAL	III	8969743	8979742	NA	0	0	0	0
GLOBAL	III	8979743	8989742	NA	0	0	0	0
GLOBAL	III	8989743	8999742	NA	0	0	0	0
GLOBAL	III	8999743	9009742	NA	0	0	0	0
GLOBAL	III	9009743	9019742	NA	0	0	0	0
GLOBAL	III	9019743	9029742	NA	0	0	0	0
GLOBAL	III	9029743	9039742	NA	0	0	0	0
GLOBAL	III	9039743	9049742	NA	0	0	0	0
GLOBAL	III	9049743	9059742	NA	0	0	0	0
GLOBAL	III	9059743	9069742	NA	0	0	0	0
GLOBAL	III	9069743	9079742	NA	0	0	0	0
GLOBAL	III	9079743	9089742	NA	0	0	0	0
GLOBAL	III	9089743	9099742	0.001830001240702	71	0.12993008808984	1	70.663987138264
GLOBAL	III	9099743	9109742	0.0034170619522386	38	0.12984835418507	1	37.926045016077
GLOBAL	III	9109743	9119742	0.00082766907569723	628	0.51977617953786	4	625.65273311897
GLOBAL	III	9119743	9129742	NA	0	0	0	0
GLOBAL	III	9129743	9139742	NA	0	0	0	0
GLOBAL	III	9139743	9149742	NA	0	0	0	0
GLOBAL	III	9149743	9159742	0	12	0	0	11.983922829582
GLOBAL	III	9159743	9169742	0.00072686504167172	536	0.38959966233604	3	534.78617363344
GLOBAL	III	9169743	9179742	0.0033155785437672	431	1.4290143523636	11	428.77331189711
GLOBAL	III	9179743	9189742	0.0031258862050271	582	1.8192657713258	14	579.32797427653
GLOBAL	III	9189743	9199742	0.012230859024651	308	3.7671045795925	29	306.49356913183
GLOBAL	III	9199743	9209742	NA	0	0	0	0
GLOBAL	III	9209743	9219742	NA	0	0	0	0
GLOBAL	III	9219743	9229742	NA	0	0	0	0
GLOBAL	III	9229743	9239742	0	73	0	0	72.617363344051
GLOBAL	III	9239743	9249742	0.0009585920379148	271	0.25977844227491	2	269.461414791
GLOBAL	III	9249743	9259742	0.0017070193256829	533	0.909841300589	7	529.77331189711
GLOBAL	III	9259743	9269742	0	207	0	0	206.07717041801
GLOBAL	III	9269743	9279742	0.0015274682459176	340	0.519339203612	4	338.45176848875
GLOBAL	III	9279743	9289742	0.0010761667465235	362	0.38957236224151	3	360.2540192926
GLOBAL	III	9289743	9299742	0.0018127257006084	430	0.77947205126161	6	426.46463022508
GLOBAL	III	9299743	9309742	NA	0	0	0	0
GLOBAL	III	9309743	9319742	0	4	0	0	3.9935587761675
GLOBAL	III	9319743	9329742	0.033884756236553	46	1.5586987868814	12	45.731511254019
GLOBAL	III	9329743	9339742	0.013923056791053	56	0.77969118029899	6	55.665594855305
GLOBAL	III	9339743	9349742	0	128	0	0	127.32797427653
GLOBAL	III	9349743	9359742	0	143	0	0	141.81511254019
GLOBAL	III	9359743	9369742	0.0063059632778328	103	0.64951421761678	5	102.61254019293
GLOBAL	III	9369743	9379742	0.017342040936313	315	5.4627428949387	42	313.22025723473
GLOBAL	III	9379743	9389742	0	123	0	0	122.50964630225
GLOBAL	III	9389743	9399742	0	245	0	0	243.95819935691
GLOBAL	III	9399743	9409742	NA	0	0	0	0
GLOBAL	III	9409743	9419742	0.0017268526393893	376	0.64929659241036	5	374.13183279743
GLOBAL	III	9419743	9429742	NA	0	0	0	0
GLOBAL	III	9429743	9439742	0.0023811898863481	600	1.4287139318089	11	597.57556270096
GLOBAL	III	9439743	9449742	0.0048999389337686	53	0.25969676348973	2	52.757234726688
GLOBAL	III	9449743	9459742	0.011099043591737	199	2.2087096747556	17	198.20096463023
GLOBAL	III	9459743	9469742	0	32	0	0	31.922829581994
GLOBAL	III	9469743	9479742	NA	0	0	0	0
GLOBAL	III	9479743	9489742	0.00089559964694368	290	0.25972389761367	2	288.75241157556
GLOBAL	III	9489743	9499742	0.0010471641466538	124	0.12984835418507	1	123.5192926045
GLOBAL	III	9499743	9509742	NA	0	0	0	0
GLOBAL	III	9509743	9519742	0.002964887209651	438	1.2986205978271	10	436.80064308682
GLOBAL	III	9519743	9529742	0.00098990598711339	656	0.64937832754638	5	653.60610932476
GLOBAL	III	9529743	9539742	0.0014168575361991	825	1.1689074673642	9	821.67041800643
GLOBAL	III	9539743	9549742	0.00094373760715366	413	0.38976363175446	3	410.81832797428
GLOBAL	III	9549743	9559742	0.0016137600406004	483	0.77944609961001	6	480.69935691318
GLOBAL	III	9559743	9569742	0.0013263760784339	98	0.12998485568652	1	97.445337620579
GLOBAL	III	9569743	9579742	0	153	0	0	152.51768488746
GLOBAL	III	9579743	9589742	0.003167637122207	451	1.4286043421154	11	448.47427652733
GLOBAL	III	9589743	9599742	0.0013598109822705	191	0.25972389761367	2	189.6575562701
GLOBAL	III	9599743	9609742	NA	0	0	0	0
GLOBAL	III	9609743	9619742	0.0027394181538325	237	0.64924210245831	5	236.02733118971
GLOBAL	III	9619743	9629742	0.00036993833101158	351	0.12984835418507	1	349.41800643087
GLOBAL	III	9629743	9639742	0.002473560929654	105	0.25972389761367	2	104.58360128617
GLOBAL	III	9639743	9649742	0.004019347654128	808	3.2476329045354	25	805.73954983923
GLOBAL	III	9649743	9659742	0.015151704213749	120	1.8182045056499	14	119.2652733119
GLOBAL	III	9659743	9669742	NA	0	0	0	0
GLOBAL	III	9669743	9679742	NA	0	0	0	0
GLOBAL	III	9679743	9689742	0.0040623504277093	288	1.1699569231803	9	284.52250803859
GLOBAL	III	9689743	9699742	0.0056859118784603	23	0.13077597320459	1	22.522508038585
GLOBAL	III	9699743	9709742	NA	0	0	0	0
GLOBAL	III	9709743	9719742	0.0018322480771911	355	0.65044806740285	5	352.62057877814
GLOBAL	III	9719743	9729742	0.0018650275879349	418	0.77958153175678	6	416.30064308682
GLOBAL	III	9729743	9739742	0.0044021037137737	118	0.51944823822529	4	117.25241157556
GLOBAL	III	9739743	9749742	0.0024740819901335	210	0.51955721792803	4	208.70418006431
GLOBAL	III	9749743	9759742	0.009908803060953	394	3.9040684060155	30	389.79421221865
GLOBAL	III	9759743	9769742	0.021953915585633	225	4.9396310067674	38	222.77170418006
GLOBAL	III	9769743	9779742	NA	0	0	0	0
GLOBAL	III	9779743	9789742	0.02879262050965	362	10.422928624493	80	357.10932475884
GLOBAL	III	9789743	9799742	NA	0	0	0	0
GLOBAL	III	9799743	9809742	NA	0	0	0	0
GLOBAL	III	9809743	9819742	NA	0	0	0	0
GLOBAL	III	9819743	9829742	0.015287501882812	17	0.25988753200781	2	16.942122186495
GLOBAL	III	9829743	9839742	0.017489517245547	364	6.3661842773792	49	360.08360128617
GLOBAL	III	9839743	9849742	0.01723402954207	98	1.6889348951229	13	97.400321543408
GLOBAL	III	9849743	9859742	NA	0	0	0	0
GLOBAL	III	9859743	9869742	0.01747704830061	238	4.1595374955452	32	236.62540192926
GLOBAL	III	9869743	9879742	0.016237795372127	280	4.5465827041955	35	278.11093247588
GLOBAL	III	9879743	9889742	0.029479926481243	247	7.2815418408669	56	244.81511254019
GLOBAL	III	9889743	9899742	0	8	0	0	7.9741935483871
GLOBAL	III	9899743	9909742	NA	0	0	0	0
GLOBAL	III	9909743	9919742	0.0023750065503812	711	1.6886296573211	13	706.23633440514
GLOBAL	III	9919743	9929742	0.0041579398006383	346	1.4386471710209	11	343.26045016077
GLOBAL	III	9929743	9939742	0.016237861003545	40	0.6495144401418	5	39.848874598071
GLOBAL	III	9939743	9949742	0.025655845850054	152	3.8996885692082	30	150.39549839228
GLOBAL	III	9949743	9959742	NA	0	0	0	0
GLOBAL	III	9959743	9969742	0.021512583105363	243	5.2275576946033	40	238.91961414791
GLOBAL	III	9969743	9979742	0.035435550866081	242	8.5754033095917	66	240.74276527331
GLOBAL	III	9979743	9989742	0.030840363667478	353	10.88664837462	83	341.13987138264
GLOBAL	III	9989743	9999742	0.031124552974876	219	6.8162771014978	52	213.44051446945
GLOBAL	III	9999743	10009742	NA	0	0	0	0
GLOBAL	III	10009743	10019742	0.0258760678579	226	5.8479913358854	45	224.5884244373
GLOBAL	III	10019743	10029742	0.022653833005177	70	1.5857683103624	12	67.318327974277
GLOBAL	III	10029743	10039742	0.022771319592656	97	2.2088180004876	17	96.469453376206
GLOBAL	III	10039743	10049742	0.011932971178972	98	1.1694311755393	9	97.575562700965
GLOBAL	III	10049743	10059742	NA	0	0	0	0
GLOBAL	III	10059743	10069742	0.0048368142359118	188	0.90932107635143	7	187.21382636656
GLOBAL	III	10069743	10079742	NA	0	0	0	0
GLOBAL	III	10079743	10089742	0.00048142539143155	270	0.12998485568652	1	268.45337620579
GLOBAL	III	10089743	10099742	0.0018816635814942	138	0.2596695742462	2	137.02090032154
GLOBAL	III	10099743	10109742	NA	0	0	0	0
GLOBAL	III	10109743	10119742	0.0054425799436044	549	2.9879763890388	23	546.45498392283
GLOBAL	III	10119743	10129742	0.02232977771931	70	1.5630844403517	12	68.926045016077
GLOBAL	III	10129743	10139742	0	16	0	0	15.930868167203
GLOBAL	III	10139743	10149742	0.018566252223963	63	1.1696738901097	9	62.689710610932
GLOBAL	III	10149743	10159742	0.018902370223765	399	7.5420457192823	58	396.40192926045
GLOBAL	III	10159743	10169742	NA	0	0	0	0
GLOBAL	III	10169743	10179742	0	175	0	0	174.03376205788
GLOBAL	III	10179743	10189742	0.00055060941458014	472	0.25988764368183	2	470.25080385852
GLOBAL	III	10189743	10199742	0.0092758534862023	28	0.25972389761367	2	27.779742765273
GLOBAL	III	10199743	10209742	0	36	0	0	35.979099678457
GLOBAL	III	10209743	10219742	0	216	0	0	214.72829581994
GLOBAL	III	10219743	10229742	0.0021291081775212	488	1.0390047906303	8	486.64951768489
GLOBAL	III	10229743	10239742	0.001362522951247	286	0.38968156405665	3	284.60932475884
GLOBAL	III	10239743	10249742	0.0012775540514869	305	0.38965398570351	3	303.06430868167
GLOBAL	III	10249743	10259742	0.00038206702351561	340	0.12990278799531	1	338.51607717042
GLOBAL	III	10259743	10269742	0.0031679502958535	328	1.0390876970399	8	326.62218649518
GLOBAL	III	10269743	10279742	0.024470646199352	183	4.4781282544814	34	175.72025723473
GLOBAL	III	10279743	10289742	0.021524224122261	218	4.692280858653	36	216.72347266881
GLOBAL	III	10289743	10299742	0.020002929280393	353	7.0610340359788	54	343.13183279743
GLOBAL	III	10299743	10309742	NA	0	0	0	0
GLOBAL	III	10309743	10319742	NA	0	0	0	0
GLOBAL	III	10319743	10329742	0.017298469230478	293	5.0684514845302	39	291.17524115756
GLOBAL	III	10329743	10339742	0.02635973003598	109	2.8732105739218	22	106.60289389068
GLOBAL	III	10339743	10349742	0.027010213026429	610	16.476229946122	126	598.52411575563
GLOBAL	III	10349743	10359742	0.027946990134199	341	9.5299236357618	73	335.74115755627
GLOBAL	III	10359743	10369742	0.018125558794007	129	2.3381970844269	18	127.63665594855
GLOBAL	III	10369743	10379742	0.031291722343511	42	1.3142523384275	10	40.797427652733
GLOBAL	III	10379743	10389742	0.023481926367547	490	11.506143920098	88	482.38102893891
GLOBAL	III	10389743	10399742	0.005981921594115	326	1.9501064396815	15	323.11254019293
GLOBAL	III	10399743	10409742	0	14	0	0	13.935587761675
GLOBAL	III	10409743	10419742	NA	0	0	0	0
GLOBAL	III	10419743	10429742	0.011380389974563	80	0.91043119796503	7	77.285024154589
GLOBAL	III	10429743	10439742	0.020306480513691	288	5.8482663879431	45	285.50160771704
GLOBAL	III	10439743	10449742	0.018299817345129	355	6.4964351575208	50	352.7347266881
GLOBAL	III	10449743	10459742	0.018569582476465	448	8.3191729494562	64	444.14951768489
GLOBAL	III	10459743	10469742	0.016735689687417	264	4.4182220774781	34	260.52572347267
GLOBAL	III	10469743	10479742	0.0016525951060795	236	0.39001244503477	3	233.44051446945
GLOBAL	III	10479743	10489742	NA	0	0	0	0
GLOBAL	III	10489743	10499742	0.0098759130117565	159	1.5702701688693	12	157.38424437299
GLOBAL	III	10499743	10509742	NA	0	0	0	0
GLOBAL	III	10509743	10519742	0.0061251804314268	106	0.64926912573124	5	105.53215434084
GLOBAL	III	10519743	10529742	0.0036633266213944	461	1.6887935724628	13	458.54340836013
GLOBAL	III	10529743	10539742	0.0039204639451477	265	1.0389229454641	8	263.90675241158
GLOBAL	III	10539743	10549742	0.0012781809825857	305	0.38984519968863	3	303.84405144695
GLOBAL	III	10549743	10559742	0.0022069588242614	412	0.90926703559569	7	410.54662379421
GLOBAL	III	10559743	10569742	0	191	0	0	190.01446945338
GLOBAL	III	10569743	10579742	0.018565349131138	7	0.12995744391796	1	6.9708737864078
GLOBAL	III	10579743	10589742	0.017779107637813	190	3.3780304511844	26	189.22347266881
GLOBAL	III	10589743	10599742	0.0041921443081118	527	2.2092600503749	17	525.13987138264
GLOBAL	III	10599743	10609742	NA	0	0	0	0
GLOBAL	III	10609743	10619742	0.0011818104744667	220	0.25999830438268	2	218.28778135048
GLOBAL	III	10619743	10629742	NA	0	0	0	0
GLOBAL	III	10629743	10639742	0.0017264676197216	301	0.5196667535362	4	299.33601286174
GLOBAL	III	10639743	10649742	0	117	0	0	116.28295819936
GLOBAL	III	10649743	10659742	NA	0	0	0	0
GLOBAL	III	10659743	10669742	0.001731603925589	375	0.64935147209588	5	373.08520900322
GLOBAL	III	10669743	10679742	0.0016493875527166	630	1.0391141582114	8	627.14308681672
GLOBAL	III	10679743	10689742	0.0039053089300358	366	1.4293430683931	11	363.78295819936
GLOBAL	III	10689743	10699742	0.0024058625430879	216	0.51966630930699	4	214.81511254019
GLOBAL	III	10699743	10709742	NA	0	0	0	0
GLOBAL	III	10709743	10719742	0	13	0	0	12.985530546624
GLOBAL	III	10719743	10729742	0	68	0	0	67.376205787781
GLOBAL	III	10729743	10739742	0.0005693913160576	228	0.12982122006113	1	226.16559485531
GLOBAL	III	10739743	10749742	0.01289593554864	282	3.6366538247165	28	280.38102893891
GLOBAL	III	10749743	10759742	0.019678039850465	152	2.9910620572707	23	150.29421221865
GLOBAL	III	10759743	10769742	0.0011695605410913	111	0.12982122006113	1	110.77491961415
GLOBAL	III	10769743	10779742	0.00061465133997623	423	0.25999751680994	2	421.26045016077
GLOBAL	III	10779743	10789742	0	240	0	0	238.0192926045
GLOBAL	III	10789743	10799742	0.0023608791670012	110	0.25969670837013	2	104.40996784566
GLOBAL	III	10799743	10809742	NA	0	0	0	0
GLOBAL	III	10809743	10819742	NA	0	0	0	0
GLOBAL	III	10819743	10829742	NA	0	0	0	0
GLOBAL	III	10829743	10839742	0	95	0	0	94.06270096463
GLOBAL	III	10839743	10849742	0	90	0	0	89.379421221865
GLOBAL	III	10849743	10859742	0.00099967264552279	260	0.25991488783593	2	258.53536977492
GLOBAL	III	10859743	10869742	0.0015304307798891	255	0.39025984887171	3	253.00964630225
GLOBAL	III	10869743	10879742	0.00044459321938744	292	0.12982122006113	1	290.13665594855
GLOBAL	III	10879743	10889742	NA	0	0	0	0
GLOBAL	III	10889743	10899742	0.0010451616915551	373	0.38984531095005	3	362.25884244373
GLOBAL	III	10899743	10909742	0.13346781550831	1	0.13346781550831	1	1
GLOBAL	III	10909743	10919742	0.0011591180362601	112	0.12982122006113	1	110.88585209003
GLOBAL	III	10919743	10929742	0	5	0	0	4.9275362318841
GLOBAL	III	10929743	10939742	0.0016231044273133	320	0.51939341674026	4	317.83279742765
GLOBAL	III	10939743	10949742	0.0032888657302722	316	1.039281570766	8	314.03054662379
GLOBAL	III	10949743	10959742	0.00053645132256666	242	0.12982122006113	1	240.35691318328
GLOBAL	III	10959743	10969742	0.00083341305332712	312	0.26002487263806	2	307.54132901135
GLOBAL	III	10969743	10979742	0.0036106935551081	72	0.25996993596778	2	71.530546623794
GLOBAL	III	10979743	10989742	0.0074650119953584	383	2.8590995942223	22	379.95498392283
GLOBAL	III	10989743	10999742	0.013018447329419	101	1.3148631802714	10	96.924437299035
GLOBAL	III	10999743	11009742	NA	0	0	0	0
GLOBAL	III	11009743	11019742	0.020168800104348	409	8.2490392426784	63	397.54662379421
GLOBAL	III	11019743	11029742	0.015720825097572	579	9.1023577314939	70	572.39549839228
GLOBAL	III	11029743	11039742	0.0021471565086303	242	0.51961187508852	4	240.75080385852
GLOBAL	III	11039743	11049742	0.0027662523005423	376	1.0401108650039	8	373.71061093248
GLOBAL	III	11049743	11059742	0.0033808792461757	269	0.90945651722126	7	267.62057877814
GLOBAL	III	11059743	11069742	NA	0	0	0	0
GLOBAL	III	11069743	11079742	0.007465687690205	87	0.64951482904784	5	86.372990353698
GLOBAL	III	11079743	11089742	NA	0	0	0	0
GLOBAL	III	11089743	11099742	0.012676182602103	543	6.8831671529421	53	540.64790996785
GLOBAL	III	11099743	11109742	NA	0	0	0	0
GLOBAL	III	11109743	11119742	0.0016652460695475	312	0.51955677369882	4	310.70900321543
GLOBAL	III	11119743	11129742	0.0028743247879709	226	0.64959740208142	5	224.63022508039
GLOBAL	III	11129743	11139742	0.0023001337309627	113	0.25991511159879	2	112.30868167203
GLOBAL	III	11139743	11149742	0.0017086748048047	380	0.64929642582578	5	378.47266881029
GLOBAL	III	11149743	11159742	0.0024017017768746	433	1.0399368693867	8	430.75080385852
GLOBAL	III	11159743	11169742	0.0003898535136971	333	0.12982122006113	1	331.5578778135
GLOBAL	III	11169743	11179742	0.0022275346908598	175	0.38981857090047	3	174.04662379421
GLOBAL	III	11179743	11189742	0.001460200391265	267	0.38987350446775	3	264.59646302251
GLOBAL	III	11189743	11199742	0.001361673799769	191	0.26007969575588	2	189.71061093248
GLOBAL	III	11199743	11209742	0	15	0	0	14.95498392283
GLOBAL	III	11209743	11219742	0.0015846483467171	410	0.64970582215401	5	407.54501607717
GLOBAL	III	11219743	11229742	NA	0	0	0	0
GLOBAL	III	11229743	11239742	0.0031690265387767	41	0.12993008808984	1	40.599678456592
GLOBAL	III	11239743	11249742	0	159	0	0	158.16398713826
GLOBAL	III	11249743	11259742	0.00040459705319467	642	0.25975130815098	2	639.72508038585
GLOBAL	III	11259743	11269742	0.0030913044553119	84	0.2596695742462	2	83.633440514469
GLOBAL	III	11269743	11279742	NA	0	0	0	0
GLOBAL	III	11279743	11289742	NA	0	0	0	0
GLOBAL	III	11289743	11299742	0.0019995570130256	130	0.25994241169333	2	128.70578778135
GLOBAL	III	11299743	11309742	NA	0	0	0	0
GLOBAL	III	11309743	11319742	0.0014296161136408	91	0.13009506634132	1	90.175241157556
GLOBAL	III	11319743	11329742	0.0019155705186631	407	0.77963720109588	6	404.57717041801
GLOBAL	III	11329743	11339742	0.0021391281611659	425	0.90912946849551	7	422.77813504823
GLOBAL	III	11339743	11349742	NA	0	0	0	0
GLOBAL	III	11349743	11359742	0.0057580239237066	384	2.2110811867033	17	381.15112540193
GLOBAL	III	11359743	11369742	0.0011099911819302	936	1.0389517462866	8	933.43890675241
GLOBAL	III	11369743	11379742	0.0013032094352125	599	0.78062245169227	6	595.47588424437
GLOBAL	III	11379743	11389742	0.00196836870185	198	0.3897370029663	3	196.92282958199
GLOBAL	III	11389743	11399742	0.00053503013828594	243	0.13001232360348	1	241.0498392283
GLOBAL	III	11399743	11409742	0	55	0	0	54.913183279743
GLOBAL	III	11409743	11419742	0.0033239235880197	469	1.5589201627812	12	467.12057877814
GLOBAL	III	11419743	11429742	0.0016584836343307	783	1.2985926856809	10	779.95337620579
GLOBAL	III	11429743	11439742	0.0018298735935982	213	0.38976307543641	3	211.84083601286
GLOBAL	III	11439743	11449742	0.0014673670176476	1062	1.5583437727417	12	1057.1398713826
GLOBAL	III	11449743	11459742	0.0015174424562863	942	1.4294307938217	11	935.5578778135
GLOBAL	III	11459743	11469742	0.001273556745052	102	0.12990278799531	1	101.72025723473
GLOBAL	III	11469743	11479742	0.0021202382814244	491	1.0410369961794	8	485.58520900322
GLOBAL	III	11479743	11489742	0.0016133607879329	161	0.2597510868572	2	159.98231511254
GLOBAL	III	11489743	11499742	0.0017043325293055	381	0.64935069366541	5	379.76688102894
GLOBAL	III	11499743	11509742	0	44	0	0	43.898713826367
GLOBAL	III	11509743	11519742	0.0018212659267226	428	0.77950181663725	6	425.90032154341
GLOBAL	III	11519743	11529742	0.0013508111018141	577	0.77941800574674	6	574.74758842444
GLOBAL	III	11529743	11539742	0.001424497242858	547	0.77919999184332	6	544.42604501608
GLOBAL	III	11539743	11549742	0.0017390404578357	224	0.3895450625552	3	223.27652733119
GLOBAL	III	11549743	11559742	0.0013269372232443	98	0.13003984787794	1	97.202572347267
GLOBAL	III	11559743	11569742	0.0012697780039413	409	0.519339203612	4	407.97909967846
GLOBAL	III	11569743	11579742	0.0014080607193186	830	1.1686903970344	9	828.69453376206
GLOBAL	III	11579743	11589742	0.0028725113176861	226	0.64918755779706	5	223.93569131833
GLOBAL	III	11589743	11599742	NA	0	0	0	0
GLOBAL	III	11599743	11609742	0	1	0	0	1
GLOBAL	III	11609743	11619742	0.0011919484731896	763	0.90945668504369	7	760.31189710611
GLOBAL	III	11619743	11629742	NA	0	0	0	0
GLOBAL	III	11629743	11639742	0.002335992070012	278	0.64940579546335	5	277.19453376206
GLOBAL	III	11639743	11649742	0.0020289752286719	576	1.168689731715	9	574.6961414791
GLOBAL	III	11649743	11659742	0.0040611779891647	64	0.25991539130654	2	63.800643086817
GLOBAL	III	11659743	11669742	0.0020582268147678	568	1.1690728307881	9	566.60128617363
GLOBAL	III	11669743	11679742	0.0010322246290967	629	0.64926929170184	5	627.65434083601
GLOBAL	III	11679743	11689742	0.00084343722071135	308	0.2597786639791	2	307.53697749196
GLOBAL	III	11689743	11699742	0.00082863099580456	157	0.13009506634132	1	156.50482315113
GLOBAL	III	11699743	11709742	0.0041895336589871	31	0.1298755434286	1	30.948553054662
GLOBAL	III	11709743	11719742	0.0016929387725395	767	1.2984840385378	10	765.00160771704
GLOBAL	III	11719743	11729742	0.00055517053356012	936	0.51963961941227	4	934.45659163987
GLOBAL	III	11729743	11739742	0.0023327686361767	167	0.38957236224151	3	166.7540192926
GLOBAL	III	11739743	11749742	0.0010344016629113	879	0.90923906169902	7	877.56591639871
GLOBAL	III	11749743	11759742	0.0023621231242238	110	0.25983354366462	2	109.60610932476
GLOBAL	III	11759743	11769742	0.0018090757432605	646	1.1686629301463	9	644.75723472669
GLOBAL	III	11769743	11779742	0.0011082466532963	586	0.6494325388316	5	584.81832797428
GLOBAL	III	11779743	11789742	0.0010735788254035	242	0.25980607574765	2	241.29099678457
GLOBAL	III	11789743	11799742	0.00097386307029393	400	0.38954522811757	3	399.15273311897
GLOBAL	III	11799743	11809742	NA	0	0	0	0
GLOBAL	III	11809743	11819742	0.0036577008942216	142	0.51939352697947	4	141.5691318328
GLOBAL	III	11819743	11829742	0.0016281509525288	638	1.0387603077134	8	636.96463022508
GLOBAL	III	11829743	11839742	0.0015011373612123	173	0.25969676348973	2	172.17041800643
GLOBAL	III	11839743	11849742	0.0013171706898941	986	1.2987303002356	10	984.10610932476
GLOBAL	III	11849743	11859742	0.0010359519373172	376	0.38951792843126	3	375.67202572347
GLOBAL	III	11859743	11869742	0.00061274899997787	212	0.12990278799531	1	211.538585209
GLOBAL	III	11869743	11879742	0.0032871865471242	237	0.77906321166844	6	236.77813504823
GLOBAL	III	11879743	11889742	0.0021400593093809	182	0.38949079430733	3	181.64469453376
GLOBAL	III	11889743	11899742	NA	0	NA	0	NA
GLOBAL	IV	14950	24949	0.0019718460826074	461	0.90902104408203	7	460.18810289389
GLOBAL	IV	24950	34949	0.0012841981909233	708	0.90921231917372	7	705.06430868167
GLOBAL	IV	34950	44949	0.0029725975279316	830	2.4672559481832	19	828.7154340836
GLOBAL	IV	44950	54949	0.0030194136540256	86	0.2596695742462	2	85.958199356913
GLOBAL	IV	54950	64949	0.0012547053529297	207	0.25972400805644	2	206.75241157556
GLOBAL	IV	64950	74949	0.0021636870010189	120	0.25964244012227	2	119.72025723473
GLOBAL	IV	74950	84949	0.0017031973959496	305	0.51947520576464	4	302.09003215434
GLOBAL	IV	84950	94949	0.003417371826599	532	1.8180418117507	14	531.10610932476
GLOBAL	IV	94950	104949	0	27	0	0	26.93729903537
GLOBAL	IV	104950	114949	0.0020449280586852	381	0.77911759035908	6	380.21864951768
GLOBAL	IV	114950	124949	0.0028971264797439	807	2.3379810691533	18	804.76205787781
GLOBAL	IV	124950	134949	0.0036015404944341	831	2.9928801508748	23	785.24437299035
GLOBAL	IV	134950	144949	0.0037604511171815	1005	3.7792533727674	29	993.34405144695
GLOBAL	IV	144950	154949	NA	0	0	0	0
GLOBAL	IV	154950	164949	0.0047649959286011	981	4.6744610059576	36	979.15434083601
GLOBAL	IV	164950	174949	0.0032313992277594	442	1.4282784586696	11	441.39067524116
GLOBAL	IV	174950	184949	0.0031457312070042	578	1.8182326376484	14	576.65594855305
GLOBAL	IV	184950	194949	0.003321640652817	430	1.4283054807113	11	429.11736334405
GLOBAL	IV	194950	204949	0.0041394646348812	251	1.0390056233552	8	250.03376205788
GLOBAL	IV	204950	214949	0.0042281889904704	645	2.7271818988534	21	642.31511254019
GLOBAL	IV	214950	224949	0.0086703842479791	719	6.234006274297	48	717.10128617363
GLOBAL	IV	224950	234949	0.0096309246691562	445	4.2857614777745	33	443.84405144695
GLOBAL	IV	234950	244949	0.012414407390907	513	6.3685909915353	49	510.03054662379
GLOBAL	IV	244950	254949	0.012038274445722	356	4.2856257026769	33	355.27170418006
GLOBAL	IV	254950	264949	0.016241706727472	64	1.0394692305582	8	63.691318327974
GLOBAL	IV	264950	274949	0.018554255583089	231	4.2860330396936	33	230.44694533762
GLOBAL	IV	274950	284949	0.021574694646496	313	6.7528794243534	52	312.35691318328
GLOBAL	IV	284950	294949	0.017708728594168	154	2.7271442035019	21	153.68167202572
GLOBAL	IV	294950	304949	0.0025639477405919	456	1.1691601697099	9	449.80868167203
GLOBAL	IV	304950	314949	0.0018929900876316	549	1.0392515581098	8	547.15434083601
GLOBAL	IV	314950	324949	0.0032548243566849	399	1.2986749183173	10	397.7540192926
GLOBAL	IV	324950	334949	0.0017320371732708	75	0.12990278799531	1	74.768488745981
GLOBAL	IV	334950	344949	0	122	0	0	121.8231511254
GLOBAL	IV	344950	354949	NA	0	0	0	0
GLOBAL	IV	354950	364949	NA	0	0	0	0
GLOBAL	IV	364950	374949	0	73	0	0	72.736334405145
GLOBAL	IV	374950	384949	0.0019978769850495	130	0.25972400805644	2	129.64951768489
GLOBAL	IV	384950	394949	0.0029507906164341	264	0.77900872273859	6	263.48231511254
GLOBAL	IV	394950	404949	0.0072973034327048	89	0.64946000551072	5	88.684887459807
GLOBAL	IV	404950	414949	NA	0	0	0	0
GLOBAL	IV	414950	424949	0.0013970411640984	465	0.64962414130576	5	463.61575562701
GLOBAL	IV	424950	434949	0.0065964860307312	886	5.8444866232278	45	883.76045016077
GLOBAL	IV	434950	444949	0.0030555752660431	85	0.25972389761367	2	84.572347266881
GLOBAL	IV	444950	454949	0	126	0	0	125.71864951768
GLOBAL	IV	454950	464949	NA	0	0	0	0
GLOBAL	IV	464950	474949	NA	0	0	0	0
GLOBAL	IV	474950	484949	NA	0	0	0	0
GLOBAL	IV	484950	494949	0	9	0	0	8.9951768488746
GLOBAL	IV	494950	504949	0.0026792540585755	97	0.25988764368183	2	96.667202572347
GLOBAL	IV	504950	514949	0.00073808544246492	352	0.25980607574765	2	350.36977491961
GLOBAL	IV	514950	524949	0.0022269077928169	175	0.38970886374296	3	174.44051446945
GLOBAL	IV	524950	534949	NA	0	0	0	0
GLOBAL	IV	534950	544949	0.0026041753213836	349	0.90885718716287	7	348.29260450161
GLOBAL	IV	544950	554949	0	8	0	0	8
GLOBAL	IV	554950	564949	NA	0	0	0	0
GLOBAL	IV	564950	574949	NA	0	0	0	0
GLOBAL	IV	574950	584949	0.0017791170332685	73	0.1298755434286	1	72.815112540193
GLOBAL	IV	584950	594949	0	93	0	0	92.72347266881
GLOBAL	IV	594950	604949	NA	0	0	0	0
GLOBAL	IV	604950	614949	NA	0	0	0	0
GLOBAL	IV	614950	624949	0.00062414048106314	208	0.12982122006113	1	207.23311897106
GLOBAL	IV	624950	634949	0.0010392223039625	125	0.12990278799531	1	124.49839228296
GLOBAL	IV	634950	644949	0.0025067548586781	363	0.90995201370017	7	361.61093247588
GLOBAL	IV	644950	654949	0.0038701577328654	235	0.90948706722337	7	233.95498392283
GLOBAL	IV	654950	664949	NA	0	0	0	0
GLOBAL	IV	664950	674949	0	15	0	0	14.858064516129
GLOBAL	IV	674950	684949	0.0011103997592505	234	0.25983354366462	2	233.24919614148
GLOBAL	IV	684950	694949	NA	0	0	0	0
GLOBAL	IV	694950	704949	NA	0	0	0	0
GLOBAL	IV	704950	714949	0.0028243341012215	230	0.64959684328094	5	228.37942122186
GLOBAL	IV	714950	724949	NA	0	0	0	0
GLOBAL	IV	724950	734949	NA	0	0	0	0
GLOBAL	IV	734950	744949	0.0015152218021812	343	0.51972107814816	4	341.54180064309
GLOBAL	IV	744950	754949	0.0027088803152008	96	0.26005251025928	2	94.309178743961
GLOBAL	IV	754950	764949	0.0041448221789851	188	0.7792265696492	6	187.37138263666
GLOBAL	IV	764950	774949	0.0026703611230349	146	0.38987272396309	3	145.41961414791
GLOBAL	IV	774950	784949	0.004249936947514	214	0.90948650676799	7	213.07234726688
GLOBAL	IV	784950	794949	0	113	0	0	112.54501607717
GLOBAL	IV	794950	804949	0	8	0	0	7.9935691318328
GLOBAL	IV	804950	814949	0.0022991648806942	226	0.51961126303689	4	225.12057877814
GLOBAL	IV	814950	824949	0	33	0	0	32.724637681159
GLOBAL	IV	824950	834949	0.0011397376148232	114	0.12993008808984	1	113.66183574879
GLOBAL	IV	834950	844949	0	94	0	0	93.511254019293
GLOBAL	IV	844950	854949	0.0022316240640989	233	0.51996840693504	4	231.90032154341
GLOBAL	IV	854950	864949	0.0023356958600673	278	0.64932344909871	5	276.65434083601
GLOBAL	IV	864950	874949	0.0011318735776254	459	0.51952997213007	4	456.95980707396
GLOBAL	IV	874950	884949	0.0012171774809041	854	1.0394695686921	8	851.66881028939
GLOBAL	IV	884950	894949	0.0019523008058965	266	0.51931201436846	4	265.24276527331
GLOBAL	IV	894950	904949	NA	0	0	0	0
GLOBAL	IV	904950	914949	0.0025638755729817	152	0.38970908709322	3	150.9501607717
GLOBAL	IV	914950	924949	0.002989423090711	174	0.52015961778371	4	173.25241157556
GLOBAL	IV	924950	934949	NA	0	0	0	0
GLOBAL	IV	934950	944949	0	4	0	0	3.972131147541
GLOBAL	IV	944950	954949	NA	0	0	0	0
GLOBAL	IV	954950	964949	NA	0	0	0	0
GLOBAL	IV	964950	974949	NA	0	0	0	0
GLOBAL	IV	974950	984949	0.0019686381205551	132	0.25986023191327	2	131.47657512116
GLOBAL	IV	984950	994949	0.0020771395209781	125	0.25964244012227	2	124.27974276527
GLOBAL	IV	994950	1004949	NA	0	0	0	0
GLOBAL	IV	1004950	1014949	NA	0	0	0	0
GLOBAL	IV	1014950	1024949	0.003851665586714	236	0.90899307846451	7	235.04340836013
GLOBAL	IV	1024950	1034949	0	43	0	0	42.189710610932
GLOBAL	IV	1034950	1044949	NA	0	0	0	0
GLOBAL	IV	1044950	1054949	NA	0	0	0	0
GLOBAL	IV	1054950	1064949	NA	0	0	0	0
GLOBAL	IV	1064950	1074949	0.0010394407047188	125	0.12993008808984	1	124.56199677939
GLOBAL	IV	1074950	1084949	0	138	0	0	137.61996779388
GLOBAL	IV	1084950	1094949	NA	0	0	0	0
GLOBAL	IV	1094950	1104949	0.0016650714242332	156	0.25975114218037	2	154.32045088567
GLOBAL	IV	1104950	1114949	NA	0	0	0	0
GLOBAL	IV	1114950	1124949	0	149	0	0	148.5691318328
GLOBAL	IV	1124950	1134949	NA	0	0	0	0
GLOBAL	IV	1134950	1144949	NA	0	0	0	0
GLOBAL	IV	1144950	1154949	NA	0	0	0	0
GLOBAL	IV	1154950	1164949	0.015432399270468	101	1.5586723263172	12	100.54823151125
GLOBAL	IV	1164950	1174949	0.017238996463268	98	1.6894216534003	13	97.302250803859
GLOBAL	IV	1174950	1184949	0.012140243046823	173	2.1002620471003	16	168.16559485531
GLOBAL	IV	1184950	1194949	0	76	0	0	75.606109324759
GLOBAL	IV	1194950	1204949	0	11	0	0	10.942028985507
GLOBAL	IV	1204950	1214949	NA	0	0	0	0
GLOBAL	IV	1214950	1224949	NA	0	0	0	0
GLOBAL	IV	1224950	1234949	NA	0	0	0	0
GLOBAL	IV	1234950	1244949	NA	0	0	0	0
GLOBAL	IV	1244950	1254949	0	1	0	0	1
GLOBAL	IV	1254950	1264949	0.0063118858739827	144	0.9089115658535	7	143.34405144695
GLOBAL	IV	1264950	1274949	NA	0	0	0	0
GLOBAL	IV	1274950	1284949	NA	0	0	0	0
GLOBAL	IV	1284950	1294949	0.0010155066850509	128	0.12998485568652	1	127.40032154341
GLOBAL	IV	1294950	1304949	0.011801929096467	11	0.12982122006113	1	10.935691318328
GLOBAL	IV	1304950	1314949	0.00073777489627765	352	0.25969676348973	2	351.15112540193
GLOBAL	IV	1314950	1324949	0.0030196070485996	173	0.52239201940773	4	170.95813204509
GLOBAL	IV	1324950	1334949	NA	0	0	0	0
GLOBAL	IV	1334950	1344949	NA	0	0	0	0
GLOBAL	IV	1344950	1354949	NA	0	0	0	0
GLOBAL	IV	1354950	1364949	0	62	0	0	61.720257234727
GLOBAL	IV	1364950	1374949	0.0017254707576652	602	1.0387333961144	8	599.9501607717
GLOBAL	IV	1374950	1384949	0.0020823655719114	873	1.8179051442786	14	870.23633440514
GLOBAL	IV	1384950	1394949	NA	0	0	0	0
GLOBAL	IV	1394950	1404949	NA	0	0	0	0
GLOBAL	IV	1404950	1414949	0.0026912999087937	193	0.51942088239718	4	192.6077170418
GLOBAL	IV	1414950	1424949	0.0012606636328647	103	0.12984835418507	1	102.6575562701
GLOBAL	IV	1424950	1434949	NA	0	0	0	0
GLOBAL	IV	1434950	1444949	NA	0	0	0	0
GLOBAL	IV	1444950	1454949	0	31	0	0	30.900321543408
GLOBAL	IV	1454950	1464949	0.0013540089134012	96	0.12998485568652	1	95.426045016077
GLOBAL	IV	1464950	1474949	NA	0	0	0	0
GLOBAL	IV	1474950	1484949	NA	0	0	0	0
GLOBAL	IV	1484950	1494949	NA	0	0	0	0
GLOBAL	IV	1494950	1504949	NA	0	0	0	0
GLOBAL	IV	1504950	1514949	0	54	0	0	53.832797427653
GLOBAL	IV	1514950	1524949	0.0032474624510899	240	0.77939098826158	6	239.23311897106
GLOBAL	IV	1524950	1534949	0.0032879891415237	79	0.25975114218037	2	78.641479099678
GLOBAL	IV	1534950	1544949	0.007792265696492	100	0.7792265696492	6	99.652733118971
GLOBAL	IV	1544950	1554949	0.023386959242256	211	4.9346484001159	38	210.37942122186
GLOBAL	IV	1554950	1564949	0.0017543408116369	74	0.12982122006113	1	73.858520900322
GLOBAL	IV	1564950	1574949	0.0014427597971652	180	0.25969676348973	2	179.52090032154
GLOBAL	IV	1574950	1584949	0	72	0	0	71.355305466238
GLOBAL	IV	1584950	1594949	NA	0	0	0	0
GLOBAL	IV	1594950	1604949	NA	0	0	0	0
GLOBAL	IV	1604950	1614949	NA	0	0	0	0
GLOBAL	IV	1614950	1624949	NA	0	0	0	0
GLOBAL	IV	1624950	1634949	0.0013812211396074	188	0.2596695742462	2	187.02411575563
GLOBAL	IV	1634950	1644949	0.0010561202276041	123	0.12990278799531	1	122.61254019293
GLOBAL	IV	1644950	1654949	0	69	0	0	68.463022508039
GLOBAL	IV	1654950	1664949	0	38	0	0	37.813504823151
GLOBAL	IV	1664950	1674949	0.0019123507040873	68	0.13003984787794	1	67.503215434084
GLOBAL	IV	1674950	1684949	0	40	0	0	39.842443729904
GLOBAL	IV	1684950	1694949	0.0021176871191996	184	0.38965442993272	3	183.39389067524
GLOBAL	IV	1694950	1704949	NA	0	0	0	0
GLOBAL	IV	1704950	1714949	0.0053672119910236	121	0.64943265091385	5	120.42443729904
GLOBAL	IV	1714950	1724949	0.0020519010399672	135	0.27700664039558	2	131.21382636656
GLOBAL	IV	1724950	1734949	0	150	0	0	148.91961414791
GLOBAL	IV	1734950	1744949	0	22	0	0	21.868167202572
GLOBAL	IV	1744950	1754949	0.0032020240775552	284	0.90937483802568	7	283.23794212219
GLOBAL	IV	1754950	1764949	NA	0	0	0	0
GLOBAL	IV	1764950	1774949	NA	0	0	0	0
GLOBAL	IV	1774950	1784949	NA	0	0	0	0
GLOBAL	IV	1784950	1794949	NA	0	0	0	0
GLOBAL	IV	1794950	1804949	NA	0	0	0	0
GLOBAL	IV	1804950	1814949	NA	0	0	0	0
GLOBAL	IV	1814950	1824949	NA	0	0	0	0
GLOBAL	IV	1824950	1834949	NA	0	0	0	0
GLOBAL	IV	1834950	1844949	NA	0	0	0	0
GLOBAL	IV	1844950	1854949	NA	0	0	0	0
GLOBAL	IV	1854950	1864949	NA	0	0	0	0
GLOBAL	IV	1864950	1874949	NA	0	0	0	0
GLOBAL	IV	1874950	1884949	0.0026525771204199	147	0.38992883670173	3	146.45980707395
GLOBAL	IV	1884950	1894949	0.0022993316933012	339	0.77947344402912	6	337.85209003215
GLOBAL	IV	1894950	1904949	NA	0	0	0	0
GLOBAL	IV	1904950	1914949	NA	0	0	0	0
GLOBAL	IV	1914950	1924949	NA	0	0	0	0
GLOBAL	IV	1924950	1934949	NA	0	0	0	0
GLOBAL	IV	1934950	1944949	NA	0	0	0	0
GLOBAL	IV	1944950	1954949	0.0013027357309394	299	0.38951798355087	3	297.38745980707
GLOBAL	IV	1954950	1964949	NA	0	0	0	0
GLOBAL	IV	1964950	1974949	0.0030197291670945	43	0.12984835418507	1	42.789389067524
GLOBAL	IV	1974950	1984949	0.0013673977683717	95	0.12990278799531	1	94.700964630225
GLOBAL	IV	1984950	1994949	0.0010311911753162	126	0.12993008808984	1	125.72829581994
GLOBAL	IV	1994950	2004949	0.0038770893534427	134	0.51952997336132	4	133.64147909968
GLOBAL	IV	2004950	2014949	NA	0	0	0	0
GLOBAL	IV	2014950	2024949	NA	0	0	0	0
GLOBAL	IV	2024950	2034949	0.0060935222150287	64	0.38998542176184	3	63.606109324759
GLOBAL	IV	2034950	2044949	0.0027455833466514	142	0.3898728352245	3	141.56843800322
GLOBAL	IV	2044950	2054949	NA	0	0	0	0
GLOBAL	IV	2054950	2064949	NA	0	0	0	0
GLOBAL	IV	2064950	2074949	0.011289981488965	23	0.2596695742462	2	22.898713826367
GLOBAL	IV	2074950	2084949	0.0016231044273133	160	0.25969670837013	2	159.39871382637
GLOBAL	IV	2084950	2094949	0.0030103645139985	302	0.90913008322753	7	301.0498392283
GLOBAL	IV	2094950	2104949	0.0022916021308324	170	0.38957236224151	3	169.42443729904
GLOBAL	IV	2104950	2114949	NA	0	0	0	0
GLOBAL	IV	2114950	2124949	NA	0	0	0	0
GLOBAL	IV	2124950	2134949	0.0015644380022297	166	0.25969670837013	2	165.63987138264
GLOBAL	IV	2134950	2144949	0.00077737257521636	167	0.12982122006113	1	166.43729903537
GLOBAL	IV	2144950	2154949	0	33	0	0	32.559349593496
GLOBAL	IV	2154950	2164949	0	94	0	0	92.813725490196
GLOBAL	IV	2164950	2174949	0.0010641083611568	122	0.12982122006113	1	121.68006430868
GLOBAL	IV	2174950	2184949	NA	0	0	0	0
GLOBAL	IV	2184950	2194949	NA	0	0	0	0
GLOBAL	IV	2194950	2204949	NA	0	0	0	0
GLOBAL	IV	2204950	2214949	0.0025336049349285	154	0.39017515997899	3	153.18327974277
GLOBAL	IV	2214950	2224949	0.0014520387920467	179	0.25991494377636	2	178.47909967846
GLOBAL	IV	2224950	2234949	0.0027633094346511	47	0.1298755434286	1	46.781350482315
GLOBAL	IV	2234950	2244949	NA	0	0	0	0
GLOBAL	IV	2244950	2254949	NA	0	0	0	0
GLOBAL	IV	2254950	2264949	0.0046408647396807	112	0.51977685084424	4	111.33762057878
GLOBAL	IV	2264950	2274949	0.001436463539106	362	0.51999980115638	4	359.96623794212
GLOBAL	IV	2274950	2284949	0.0013813654700539	94	0.12984835418507	1	93.548231511254
GLOBAL	IV	2284950	2294949	0	49	0	0	48.745980707395
GLOBAL	IV	2294950	2304949	NA	0	0	0	0
GLOBAL	IV	2304950	2314949	0.00062453263459283	208	0.12990278799531	1	207.23633440514
GLOBAL	IV	2314950	2324949	0.0017287946226881	601	1.0390055682356	8	598.32958199357
GLOBAL	IV	2324950	2334949	0.0017791200721862	219	0.38962729580879	3	218.20096463023
GLOBAL	IV	2334950	2344949	NA	0	0	0	0
GLOBAL	IV	2344950	2354949	0.00096183966063011	135	0.12984835418507	1	134.5498392283
GLOBAL	IV	2354950	2364949	0.0032297888447615	201	0.64918755779706	5	200.35852090032
GLOBAL	IV	2364950	2374949	NA	0	0	0	0
GLOBAL	IV	2374950	2384949	NA	0	0	0	0
GLOBAL	IV	2384950	2394949	NA	0	0	0	0
GLOBAL	IV	2394950	2404949	0	22	0	0	21.733118971061
GLOBAL	IV	2404950	2414949	NA	0	0	0	0
GLOBAL	IV	2414950	2424949	0.0111329710201	35	0.38965398570351	3	34.903536977492
GLOBAL	IV	2424950	2434949	0.0004298715896064	302	0.12982122006113	1	300.39389067524
GLOBAL	IV	2434950	2444949	0.0023395286669852	333	0.77906304610606	6	332.36977491961
GLOBAL	IV	2444950	2454949	0.00091221997290694	427	0.38951792843126	3	426.11414790997
GLOBAL	IV	2454950	2464949	NA	0	0	0	0
GLOBAL	IV	2464950	2474949	0	64	0	0	63.549839228296
GLOBAL	IV	2474950	2484949	0.00059913513181328	217	0.13001232360348	1	215.46945337621
GLOBAL	IV	2484950	2494949	0	17	0	0	16.966237942122
GLOBAL	IV	2494950	2504949	NA	0	0	0	0
GLOBAL	IV	2504950	2514949	0	110	0	0	109.66720257235
GLOBAL	IV	2514950	2524949	0.012024508316643	54	0.64932344909871	5	53.921221864952
GLOBAL	IV	2524950	2534949	0.00079694961960312	163	0.12990278799531	1	162.43890675241
GLOBAL	IV	2534950	2544949	0	30	0	0	29.797427652733
GLOBAL	IV	2544950	2554949	NA	0	0	0	0
GLOBAL	IV	2554950	2564949	0.0022596580677265	115	0.25986067778855	2	114.68971061093
GLOBAL	IV	2564950	2574949	0.0037741881892647	172	0.64916036855353	5	171.58038585209
GLOBAL	IV	2574950	2584949	0	83	0	0	82.871382636656
GLOBAL	IV	2584950	2594949	0	34	0	0	33.900321543408
GLOBAL	IV	2594950	2604949	0.0019099360893454	136	0.25975130815098	2	135.461414791
GLOBAL	IV	2604950	2614949	0	40	0	0	39.765273311897
GLOBAL	IV	2614950	2624949	0.00096922129907081	268	0.25975130815098	2	266.91479099678
GLOBAL	IV	2624950	2634949	0.0025151324740327	155	0.38984553347507	3	154.40901771337
GLOBAL	IV	2634950	2644949	0	123	0	0	122.71221864952
GLOBAL	IV	2644950	2654949	0.0012617227564851	103	0.12995744391796	1	102.63022508039
GLOBAL	IV	2654950	2664949	0.0026089863826564	448	1.1688258994301	9	445.08681672026
GLOBAL	IV	2664950	2674949	0.0019377313968973	268	0.51931201436846	4	266.89389067524
GLOBAL	IV	2674950	2684949	0.002616643610986	546	1.4286874115983	11	544.42122186495
GLOBAL	IV	2684950	2694949	0.0056292625356391	623	3.5070305597032	27	617.67041800643
GLOBAL	IV	2694950	2704949	NA	0	0	0	0
GLOBAL	IV	2704950	2714949	0	14	0	0	13.929260450161
GLOBAL	IV	2714950	2724949	0.0005718996478464	227	0.12982122006113	1	217.77813504823
GLOBAL	IV	2724950	2734949	NA	0	0	0	0
GLOBAL	IV	2734950	2744949	NA	0	0	0	0
GLOBAL	IV	2744950	2754949	0.0016726871583565	233	0.38973610789706	3	229.18971061093
GLOBAL	IV	2754950	2764949	0	7	0	0	6.9919484702093
GLOBAL	IV	2764950	2774949	NA	0	0	0	0
GLOBAL	IV	2774950	2784949	0.0012605319138165	206	0.2596695742462	2	205.40675241158
GLOBAL	IV	2784950	2794949	NA	0	0	0	0
GLOBAL	IV	2794950	2804949	NA	0	0	0	0
GLOBAL	IV	2804950	2814949	NA	0	0	0	0
GLOBAL	IV	2814950	2824949	NA	0	0	0	0
GLOBAL	IV	2824950	2834949	NA	0	0	0	0
GLOBAL	IV	2834950	2844949	NA	0	0	0	0
GLOBAL	IV	2844950	2854949	0.0010820698478739	240	0.25969676348973	2	238.52090032154
GLOBAL	IV	2854950	2864949	0.0028551566351846	182	0.5196385076036	4	181.09485530547
GLOBAL	IV	2864950	2874949	0.0014925101349985	174	0.25969676348973	2	173.50643086817
GLOBAL	IV	2874950	2884949	NA	0	0	0	0
GLOBAL	IV	2884950	2894949	NA	0	0	0	0
GLOBAL	IV	2894950	2904949	0.0057728518094202	45	0.25977833142391	2	44.799035369775
GLOBAL	IV	2904950	2914949	0.0169054562259	169	2.8570221021771	22	168.04501607717
GLOBAL	IV	2914950	2924949	0.029261224209548	71	2.0775469188779	16	70.900321543408
GLOBAL	IV	2924950	2934949	0.019993069331379	721	14.415002987924	111	719.55305466238
GLOBAL	IV	2934950	2944949	0.024054638817178	297	7.1442277287019	55	295.82797427653
GLOBAL	IV	2944950	2954949	NA	0	0	0	0
GLOBAL	IV	2954950	2964949	0.0013124251322207	99	0.12993008808984	1	98.472580645161
GLOBAL	IV	2964950	2974949	0.0010478232910471	124	0.12993008808984	1	123.22258064516
GLOBAL	IV	2974950	2984949	0	119	0	0	118
GLOBAL	IV	2984950	2994949	NA	0	0	0	0
GLOBAL	IV	2994950	3004949	NA	0	0	0	0
GLOBAL	IV	3004950	3014949	NA	0	0	0	0
GLOBAL	IV	3014950	3024949	NA	0	0	0	0
GLOBAL	IV	3024950	3034949	NA	0	0	0	0
GLOBAL	IV	3034950	3044949	0.004480347865167	29	0.12993008808984	1	28.782608695652
GLOBAL	IV	3044950	3054949	0.0021078689097332	185	0.38995574830064	3	183.8536977492
GLOBAL	IV	3054950	3064949	0.0051966708732923	50	0.25983354366462	2	49.760450160772
GLOBAL	IV	3064950	3074949	0.0029293199359778	133	0.38959955148504	3	132.52572347267
GLOBAL	IV	3074950	3084949	0.00070569772687428	368	0.25969676348973	2	366.41961414791
GLOBAL	IV	3084950	3094949	0.00029981806018737	433	0.12982122006113	1	430.6270096463
GLOBAL	IV	3094950	3104949	0.0022040652182701	59	0.13003984787794	1	58.254019292605
GLOBAL	IV	3104950	3114949	0	1	0	0	1
GLOBAL	IV	3114950	3124949	NA	0	0	0	0
GLOBAL	IV	3124950	3134949	NA	0	0	0	0
GLOBAL	IV	3134950	3144949	NA	0	0	0	0
GLOBAL	IV	3144950	3154949	NA	0	0	0	0
GLOBAL	IV	3154950	3164949	0.0029698369545954	175	0.51972146705419	4	174.23633440514
GLOBAL	IV	3164950	3174949	0	155	0	0	154.42604501608
GLOBAL	IV	3174950	3184949	NA	0	0	0	0
GLOBAL	IV	3184950	3194949	NA	0	0	0	0
GLOBAL	IV	3194950	3204949	NA	0	0	0	0
GLOBAL	IV	3204950	3214949	NA	0	0	0	0
GLOBAL	IV	3214950	3224949	0.0032893732107415	158	0.51972096729715	4	157.13183279743
GLOBAL	IV	3224950	3234949	0	54	0	0	53.577170418006
GLOBAL	IV	3234950	3244949	NA	0	0	0	0
GLOBAL	IV	3244950	3254949	NA	0	0	0	0
GLOBAL	IV	3254950	3264949	0.0015652603004312	166	0.25983320987158	2	165.54019292605
GLOBAL	IV	3264950	3274949	0	37	0	0	36.078778135048
GLOBAL	IV	3274950	3284949	0	100	0	0	99.405144694534
GLOBAL	IV	3284950	3294949	NA	0	0	0	0
GLOBAL	IV	3294950	3304949	0	94	0	0	93.700964630225
GLOBAL	IV	3304950	3314949	0.0022387647273287	58	0.12984835418507	1	57.77652733119
GLOBAL	IV	3314950	3324949	0	72	0	0	71.593247588424
GLOBAL	IV	3324950	3334949	0.0014427594909452	90	0.12984835418507	1	89.254019292604
GLOBAL	IV	3334950	3344949	0.0035101498223946	37	0.1298755434286	1	36.861736334405
GLOBAL	IV	3344950	3354949	0.00096183966063011	135	0.12984835418507	1	134.44694533762
GLOBAL	IV	3354950	3364949	0.00073391405647067	177	0.12990278799531	1	175.81028938907
GLOBAL	IV	3364950	3374949	0	42	0	0	41.909967845659
GLOBAL	IV	3374950	3384949	0.0026499666369181	245	0.64924182604493	5	243.79581993569
GLOBAL	IV	3384950	3394949	0.0015729823409935	578	0.90918379309422	7	574.13826366559
GLOBAL	IV	3394950	3404949	0.0024970837343282	52	0.12984835418507	1	51.754019292604
GLOBAL	IV	3404950	3414949	0.0023630526536791	165	0.38990368785706	3	161.54180064309
GLOBAL	IV	3414950	3424949	0	141	0	0	140.39871382637
GLOBAL	IV	3424950	3434949	0.00065940501520461	197	0.12990278799531	1	195.9421221865
GLOBAL	IV	3434950	3444949	0.00067729087436426	192	0.13003984787794	1	190.6575562701
GLOBAL	IV	3444950	3454949	0.00074199059534323	175	0.12984835418507	1	174.59324758842
GLOBAL	IV	3454950	3464949	0.0089644805506132	29	0.25996993596778	2	28.810289389068
GLOBAL	IV	3464950	3474949	0	86	0	0	85.691318327974
GLOBAL	IV	3474950	3484949	0.00072586641390975	179	0.12993008808984	1	177.93247588424
GLOBAL	IV	3484950	3494949	0	45	0	0	44.721864951768
GLOBAL	IV	3494950	3504949	0.0023827880515015	109	0.25972389761367	2	108.78135048232
GLOBAL	IV	3504950	3514949	0	257	0	0	255.57556270096
GLOBAL	IV	3514950	3524949	0	32	0	0	31.745980707395
GLOBAL	IV	3524950	3534949	0.0015649045293585	996	1.5586449112411	12	992.90192926045
GLOBAL	IV	3534950	3544949	0	1	0	0	1
GLOBAL	IV	3544950	3554949	0	101	0	0	99.975884244373
GLOBAL	IV	3554950	3564949	NA	0	0	0	0
GLOBAL	IV	3564950	3574949	NA	0	0	0	0
GLOBAL	IV	3574950	3584949	NA	0	0	0	0
GLOBAL	IV	3584950	3594949	0.0035415664265303	110	0.38957230691833	3	109.6961414791
GLOBAL	IV	3594950	3604949	0.0021287732012434	244	0.5194206611034	4	243.2459807074
GLOBAL	IV	3604950	3614949	0.0014483267064693	269	0.38959988404023	3	267.70096463023
GLOBAL	IV	3614950	3624949	0.0026280697750186	247	0.6491332344296	5	246.31511254019
GLOBAL	IV	3624950	3634949	NA	0	0	0	0
GLOBAL	IV	3634950	3644949	NA	0	0	0	0
GLOBAL	IV	3644950	3654949	0.0023187211025869	112	0.25969676348973	2	110.63826366559
GLOBAL	IV	3654950	3664949	0.00071000058288363	549	0.38979032000312	3	546.74919614148
GLOBAL	IV	3664950	3674949	0.0009805026787607	265	0.25983320987158	2	263.95659163987
GLOBAL	IV	3674950	3684949	0.0011446396910643	227	0.25983320987158	2	226.1575562701
GLOBAL	IV	3684950	3694949	0.0012033103133684	432	0.51983005537515	4	430.09163987138
GLOBAL	IV	3694950	3704949	0.0014847631066549	175	0.25983354366462	2	174.28938906752
GLOBAL	IV	3704950	3714949	0	94	0	0	93.594855305466
GLOBAL	IV	3714950	3724949	0.0011755908415865	221	0.25980557599062	2	219.98231511254
GLOBAL	IV	3724950	3734949	0.0010733515985835	121	0.1298755434286	1	120.73954983923
GLOBAL	IV	3734950	3744949	0	163	0	0	161.49839228296
GLOBAL	IV	3744950	3754949	0.0033035410426532	118	0.38981784303308	3	116.73752012882
GLOBAL	IV	3754950	3764949	0.0018472202169851	211	0.38976346578386	3	210.3038585209
GLOBAL	IV	3764950	3774949	0.0013121529364449	297	0.38970942212414	3	295.86334405145
GLOBAL	IV	3774950	3784949	0.0020150565860813	129	0.25994229960448	2	128.22668810289
GLOBAL	IV	3784950	3794949	0.00070327668072286	739	0.51972146705419	4	736.43247588424
GLOBAL	IV	3794950	3804949	0.001091928289499	357	0.38981839935114	3	355.37459807074
GLOBAL	IV	3804950	3814949	NA	0	0	0	0
GLOBAL	IV	3814950	3824949	NA	0	0	0	0
GLOBAL	IV	3824950	3834949	0	48	0	0	47.844051446945
GLOBAL	IV	3834950	3844949	0.00074183554320647	350	0.25964244012227	2	348.58038585209
GLOBAL	IV	3844950	3854949	0.0010472373841891	372	0.38957230691833	3	370.47588424437
GLOBAL	IV	3854950	3864949	0.0006754996498465	577	0.38976329796143	3	574.20257234727
GLOBAL	IV	3864950	3874949	0.0014325270001575	635	0.90965464510001	7	632.42604501608
GLOBAL	IV	3874950	3884949	0.0031712904583672	246	0.78013745275832	6	244.88745980707
GLOBAL	IV	3884950	3894949	NA	0	0	0	0
GLOBAL	IV	3894950	3904949	0.0013386428266502	97	0.12984835418507	1	96.712218649518
GLOBAL	IV	3904950	3914949	0.0012025518409258	324	0.38962679645997	3	322.3922829582
GLOBAL	IV	3914950	3924949	0	182	0	0	181.46784565916
GLOBAL	IV	3924950	3934949	0.0028943177079816	359	1.0390600571654	8	355.03054662379
GLOBAL	IV	3934950	3944949	0.0014489866739486	717	1.0389234452212	8	715.62218649518
GLOBAL	IV	3944950	3954949	NA	0	0	0	0
GLOBAL	IV	3954950	3964949	0.00089085135117655	583	0.51936633773593	4	581.1463022508
GLOBAL	IV	3964950	3974949	0.0011172701982479	465	0.51953064218527	4	460.19774919614
GLOBAL	IV	3974950	3984949	NA	0	0	0	0
GLOBAL	IV	3984950	3994949	0.00072601923976516	179	0.12995744391796	1	178.50243111831
GLOBAL	IV	3994950	4004949	NA	0	0	0	0
GLOBAL	IV	4004950	4014949	0.0015714073869904	248	0.38970903197361	3	247.28778135048
GLOBAL	IV	4014950	4024949	0.0011493420714645	226	0.25975130815098	2	225.28617363344
GLOBAL	IV	4024950	4034949	0.00052581191671498	247	0.1298755434286	1	244.35209003215
GLOBAL	IV	4034950	4044949	0	77	0	0	76.670418006431
GLOBAL	IV	4044950	4054949	0.00066432559629406	391	0.25975130815098	2	389.99517684887
GLOBAL	IV	4054950	4064949	0.0024771938380128	367	0.90913013855071	7	366.18167202572
GLOBAL	IV	4064950	4074949	0	553	0	0	551.29903536977
GLOBAL	IV	4074950	4084949	0	42	0	0	41.909967845659
GLOBAL	IV	4084950	4094949	0.0037128119504918	105	0.38984525480164	3	104.66559485531
GLOBAL	IV	4094950	4104949	0.0028849160013585	90	0.25964244012227	2	89.495176848875
GLOBAL	IV	4104950	4114949	0	71	0	0	70.657556270096
GLOBAL	IV	4114950	4124949	0.00083486315151854	311	0.25964244012227	2	309.78295819936
GLOBAL	IV	4124950	4134949	0.00070851203486591	550	0.38968161917625	3	548.038585209
GLOBAL	IV	4134950	4144949	0.00078271137403521	166	0.12993008808984	1	165.45337620579
GLOBAL	IV	4144950	4154949	0	7	0	0	7
GLOBAL	IV	4154950	4164949	0.0011726298866683	443	0.51947503979404	4	441.89871382637
GLOBAL	IV	4164950	4174949	0.0031789656720644	286	0.90918418221043	7	285.32958199357
GLOBAL	IV	4174950	4184949	NA	0	0	0	0
GLOBAL	IV	4184950	4194949	0.00050524651433878	257	0.12984835418507	1	256.21061093248
GLOBAL	IV	4194950	4204949	0.0017791174121943	146	0.25975114218037	2	145.51607717042
GLOBAL	IV	4204950	4214949	0	229	0	0	228.42926045016
GLOBAL	IV	4214950	4224949	0.00054615485582571	238	0.12998485568652	1	236.00321543408
GLOBAL	IV	4224950	4234949	0.0022515490378663	173	0.38951798355087	3	172.68006430868
GLOBAL	IV	4234950	4244949	0.0029992596519863	303	0.90877567455186	7	302.44855305466
GLOBAL	IV	4244950	4254949	0.001482287399919	438	0.64924188116453	5	436.36012861736
GLOBAL	IV	4254950	4264949	0.0028871330679629	135	0.389762964175	3	134.48874598071
GLOBAL	IV	4264950	4274949	0.00132779937519	587	0.77941823323652	6	583.96302250804
GLOBAL	IV	4274950	4284949	0.0016171067948353	482	0.77944547511063	6	480.43569131833
GLOBAL	IV	4284950	4294949	0.00030474464803083	426	0.12982122006113	1	424.76688102894
GLOBAL	IV	4294950	4304949	0.0010273351102971	253	0.25991578290516	2	252.19935691318
GLOBAL	IV	4304950	4314949	0	90	0	0	89.778135048232
GLOBAL	IV	4314950	4324949	NA	0	0	0	0
GLOBAL	IV	4324950	4334949	0.01480583615866	158	2.3393221130683	18	157.13665594855
GLOBAL	IV	4334950	4344949	0.017662634365983	103	1.8192513396962	14	102.42282958199
GLOBAL	IV	4344950	4354949	0.0099050785366374	118	1.1687992673232	9	117.61736334405
GLOBAL	IV	4354950	4364949	0.013365311048028	379	5.0654528872027	39	377.69453376206
GLOBAL	IV	4364950	4374949	0.013798945980133	160	2.2078313568212	17	159.57556270096
GLOBAL	IV	4374950	4384949	0.010944230916205	95	1.0397019370395	8	94.46463022508
GLOBAL	IV	4384950	4394949	0.016960107015211	360	6.1056385254759	47	358.32797427653
GLOBAL	IV	4394950	4404949	0.019627327723313	192	3.768446922876	29	190.99035369775
GLOBAL	IV	4404950	4414949	0.014520899802868	680	9.8742118659504	76	676.57556270096
GLOBAL	IV	4414950	4424949	0.0130564411318	945	12.338336869551	95	942.40514469453
GLOBAL	IV	4424950	4434949	0.011989219866513	455	5.4550950392634	42	453.52893890675
GLOBAL	IV	4434950	4444949	0.016724762468311	365	6.1045383009337	47	363.78778135048
GLOBAL	IV	4444950	4454949	0.020831183455998	212	4.4162108926716	34	211.3231511254
GLOBAL	IV	4454950	4464949	0.015060698310702	509	7.6658954401472	59	506.11736334405
GLOBAL	IV	4464950	4474949	0.011466854621488	68	0.77974611426116	6	67.636655948553
GLOBAL	IV	4474950	4484949	0	6	0	0	5.9855305466238
GLOBAL	IV	4484950	4494949	0.013921196715293	532	7.4060766525357	57	530.83922829582
GLOBAL	IV	4494950	4504949	0.015515271905426	67	1.0395232176636	8	66.815112540193
GLOBAL	IV	4504950	4514949	0.010553276274039	271	2.8599378702646	22	268.19935691318
GLOBAL	IV	4514950	4524949	NA	0	0	0	0
GLOBAL	IV	4524950	4534949	0.0095726520386136	190	1.8188038873366	14	189.47749196141
GLOBAL	IV	4534950	4544949	0.016244626244186	368	5.9780224578605	46	366.74758842444
GLOBAL	IV	4544950	4554949	0.010282212682427	215	2.2106757267218	17	214.42765273312
GLOBAL	IV	4554950	4564949	0.0078909648676896	280	2.2094701629531	17	279.038585209
GLOBAL	IV	4564950	4574949	0.010064417492963	155	1.5599847114093	12	153.63022508039
GLOBAL	IV	4574950	4584949	0.019931614480741	326	6.4977063207215	50	324.65916398714
GLOBAL	IV	4584950	4594949	0.017824476621571	277	4.9373800241753	38	275.71704180064
GLOBAL	IV	4594950	4604949	0.011522388620628	158	1.8205374020592	14	154.83601286174
GLOBAL	IV	4604950	4614949	0.016000751009288	276	4.4162072785634	34	275.15434083601
GLOBAL	IV	4614950	4624949	NA	0	0	0	0
GLOBAL	IV	4624950	4634949	0.012427627862523	115	1.4291772041901	11	114.44855305466
GLOBAL	IV	4634950	4644949	0.01052191859734	210	2.2096029054413	17	208.61093247588
GLOBAL	IV	4644950	4654949	0.013114869050462	218	2.8590414530008	22	217.1961414791
GLOBAL	IV	4654950	4664949	0.013004118115454	360	4.6814825215634	36	358.04340836013
GLOBAL	IV	4664950	4674949	0.0071976578737894	325	2.3392388089816	18	323.37781350482
GLOBAL	IV	4674950	4684949	0.016794500506662	116	1.9481620587728	15	115.63022508039
GLOBAL	IV	4684950	4694949	0.0072180187877925	162	1.1693190436224	9	161.38263665595
GLOBAL	IV	4694950	4704949	0.0086991102961995	224	1.9486007063487	15	223.11254019293
GLOBAL	IV	4704950	4714949	0.00098091433813012	265	0.25994229960448	2	263.88906752412
GLOBAL	IV	4714950	4724949	0.0013745371636717	567	0.77936257180185	6	565.09485530547
GLOBAL	IV	4724950	4734949	0.002833154271988	275	0.7791174247967	6	274.47266881029
GLOBAL	IV	4734950	4744949	0	11	0	0	10.956591639871
GLOBAL	IV	4744950	4754949	0.0029114553118819	803	2.3378986154411	18	800.51446945338
GLOBAL	IV	4754950	4764949	0.012925237480645	1368	17.681724873523	136	1349.9389067524
GLOBAL	IV	4764950	4774949	0.013756241452849	964	13.261016760547	102	950.73794212219
GLOBAL	IV	4774950	4784949	0.0092867590880651	532	4.9405558348506	38	526.21864951768
GLOBAL	IV	4784950	4794949	NA	0	0	0	0
GLOBAL	IV	4794950	4804949	0.0092826785563892	42	0.38987249936835	3	41.710610932476
GLOBAL	IV	4804950	4814949	0.014679294585323	62	0.91011626429005	7	61.127214170692
GLOBAL	IV	4814950	4824949	NA	0	0	0	0
GLOBAL	IV	4824950	4834949	NA	0	0	0	0
GLOBAL	IV	4834950	4844949	NA	0	0	0	0
GLOBAL	IV	4844950	4854949	0.020328380838101	66	1.3416731353146	10	63.404186795491
GLOBAL	IV	4854950	4864949	NA	0	0	0	0
GLOBAL	IV	4864950	4874949	NA	0	0	0	0
GLOBAL	IV	4874950	4884949	0.014017495027466	491	6.8825900584859	53	489.0884244373
GLOBAL	IV	4884950	4894949	NA	0	0	0	0
GLOBAL	IV	4894950	4904949	0.0088872716340263	263	2.3373524397489	18	259.28938906752
GLOBAL	IV	4904950	4914949	0.010137434784771	615	6.2345223926339	48	612.66559485531
GLOBAL	IV	4914950	4924949	0.015777944849151	356	5.6169483662979	43	354.22990353698
GLOBAL	IV	4924950	4934949	0.012173144757407	192	2.3372437934222	18	190.51286173633
GLOBAL	IV	4934950	4944949	0.014684235479532	230	3.3773741602923	26	229.33922829582
GLOBAL	IV	4944950	4954949	0.006663082869571	39	0.25986023191327	2	38.926045016077
GLOBAL	IV	4954950	4964949	0.012349008260604	305	3.7664475194843	29	304.33601286174
GLOBAL	IV	4964950	4974949	0.016985756992146	260	4.4162968179579	34	259.33922829582
GLOBAL	IV	4974950	4984949	0.0043097339505878	362	1.5601236901128	12	359.90192926045
GLOBAL	IV	4984950	4994949	0.003167033028904	82	0.25969670837013	2	81.895498392283
GLOBAL	IV	4994950	5004949	0.012928182688441	273	3.5293938739444	27	264.81993569132
GLOBAL	IV	5004950	5014949	0.0095285511721298	736	7.0130136626875	54	734.02893890675
GLOBAL	IV	5014950	5024949	0.010245796493684	279	2.8585772217378	22	277.59003215434
GLOBAL	IV	5024950	5034949	0.010961229970432	237	2.5978115029923	20	236.20096463023
GLOBAL	IV	5034950	5044949	0.012904806670906	433	5.5877812885021	43	431.3729903537
GLOBAL	IV	5044950	5054949	0.016656096628927	234	3.897526611169	30	233.25723472669
GLOBAL	IV	5054950	5064949	NA	0	0	0	0
GLOBAL	IV	5064950	5074949	0.009737045495091	307	2.9892729669929	23	306.04662379421
GLOBAL	IV	5074950	5084949	NA	0	0	0	0
GLOBAL	IV	5084950	5094949	0.016034074618011	154	2.4692474911737	19	152.90192926045
GLOBAL	IV	5094950	5104949	0.016768210800899	217	3.6387017437951	28	216.34405144695
GLOBAL	IV	5104950	5114949	0.0072836597282726	553	4.0278638297347	31	551.20739549839
GLOBAL	IV	5114950	5124949	0.0010733515985835	121	0.1298755434286	1	120.41318327974
GLOBAL	IV	5124950	5134949	0.0062942726801363	516	3.2478447029503	25	514.81189710611
GLOBAL	IV	5134950	5144949	0.0160018349424	122	1.9522238629728	15	120.27331189711
GLOBAL	IV	5144950	5154949	0.009738754185469	347	3.3793477023578	26	344.23311897106
GLOBAL	IV	5154950	5164949	0.0099544478395819	587	5.8432608818346	45	585.70739549839
GLOBAL	IV	5164950	5174949	0.0021697601995587	419	0.90912952361511	7	417.50803858521
GLOBAL	IV	5174950	5184949	0.00086010342512048	453	0.38962685157958	3	451.72186495177
GLOBAL	IV	5184950	5194949	0.005752341967968	542	3.1177693466386	24	539.5192926045
GLOBAL	IV	5194950	5204949	0.012531505335891	228	2.8571832165831	22	227.10610932476
GLOBAL	IV	5204950	5214949	0.0071238677214793	237	1.6883566499906	13	236.29099678457
GLOBAL	IV	5214950	5224949	0.0010697261641745	607	0.64932378165389	5	604.36012861736
GLOBAL	IV	5224950	5234949	0.0012633825023732	514	0.64937860621981	5	513.07395498392
GLOBAL	IV	5234950	5244949	0	69	0	0	68.46463022508
GLOBAL	IV	5244950	5254949	0.00037660895098506	345	0.12993008808984	1	343.72025723473
GLOBAL	IV	5254950	5264949	NA	0	0	0	0
GLOBAL	IV	5264950	5274949	0.0007137515823918	182	0.12990278799531	1	181.39710610932
GLOBAL	IV	5274950	5284949	0.0017504918681887	371	0.64943248309802	5	369.86012861736
GLOBAL	IV	5284950	5294949	0.00068398654693665	190	0.12995744391796	1	189.40996784566
GLOBAL	IV	5294950	5304949	0.00082775441985964	157	0.12995744391796	1	156.59003215434
GLOBAL	IV	5304950	5314949	NA	0	0	0	0
GLOBAL	IV	5314950	5324949	0.0011461232289696	340	0.38968189784968	3	338.73794212219
GLOBAL	IV	5324950	5334949	0.0017622288925157	295	0.51985752329212	4	293.76848874598
GLOBAL	IV	5334950	5344949	0.0015118130990063	859	1.2986474520464	10	856.38585209003
GLOBAL	IV	5344950	5354949	0.0017788689813623	219	0.38957230691833	3	218.46302250804
GLOBAL	IV	5354950	5364949	NA	0	0	0	0
GLOBAL	IV	5364950	5374949	0	377	0	0	375.64147909968
GLOBAL	IV	5374950	5384949	NA	0	0	0	0
GLOBAL	IV	5384950	5394949	NA	0	0	0	0
GLOBAL	IV	5394950	5404949	NA	0	0	0	0
GLOBAL	IV	5404950	5414949	0	212	0	0	211.04823151125
GLOBAL	IV	5414950	5424949	0	2	0	0	2
GLOBAL	IV	5424950	5434949	0.00082542301342382	472	0.38959966233604	3	470.00482315113
GLOBAL	IV	5434950	5444949	0.002639011531742	197	0.51988527175318	4	196.07717041801
GLOBAL	IV	5444950	5454949	NA	0	0	0	0
GLOBAL	IV	5454950	5464949	0.00063327424420065	205	0.12982122006113	1	204.01446945338
GLOBAL	IV	5464950	5474949	NA	0	0	0	0
GLOBAL	IV	5474950	5484949	0.0031288770018231	166	0.51939358230264	4	165.63344051447
GLOBAL	IV	5484950	5494949	0.00072168215552949	180	0.12990278799531	1	179.21704180064
GLOBAL	IV	5494950	5504949	NA	0	0	0	0
GLOBAL	IV	5504950	5514949	0.010132245417223	282	2.8572932076568	22	277.63504823151
GLOBAL	IV	5514950	5524949	0.010173208581857	217	2.207586262263	17	216.42122186495
GLOBAL	IV	5524950	5534949	0.0077551993430777	402	3.1175901359172	24	400.61254019293
GLOBAL	IV	5534950	5544949	0.0080233409267187	340	2.7279359150844	21	339.03697749196
GLOBAL	IV	5544950	5554949	0.0054951669557391	260	1.4287434084922	11	258.74276527331
GLOBAL	IV	5554950	5564949	0.0086076166344326	332	2.8577287226316	22	330.20578778135
GLOBAL	IV	5564950	5574949	0.0014312876643359	1089	1.5586722664618	12	1086.1688102894
GLOBAL	IV	5574950	5584949	0.0062840555392689	373	2.3439527161473	18	369.58038585209
GLOBAL	IV	5584950	5594949	0.011466183957125	657	7.5332828598313	58	655.0498392283
GLOBAL	IV	5594950	5604949	0.010989890766206	130	1.4286857996068	11	129.61897106109
GLOBAL	IV	5604950	5614949	0.018858656613544	489	9.2218830840229	71	487.54340836013
GLOBAL	IV	5614950	5624949	0.018346558132961	354	6.4946815790681	50	352.58199356913
GLOBAL	IV	5624950	5634949	0.013313883058413	322	4.2870703448091	33	319.82797427653
GLOBAL	IV	5634950	5644949	0.0091716223576852	595	5.4571153028227	42	592.53054662379
GLOBAL	IV	5644950	5654949	0.016529787124397	165	2.7274148755256	21	164.50643086817
GLOBAL	IV	5654950	5664949	0.013907784618322	299	4.1584276008784	32	297.14308681672
GLOBAL	IV	5664950	5674949	0.018186414768334	100	1.8186414768334	14	99.657556270096
GLOBAL	IV	5674950	5684949	0.0092794324723214	42	0.3897361638375	3	41.778135048232
GLOBAL	IV	5684950	5694949	NA	0	0	0	0
GLOBAL	IV	5694950	5704949	0	13	0	0	12.94847020934
GLOBAL	IV	5704950	5714949	0.0125193511294	581	7.2737430061812	56	579.5884244373
GLOBAL	IV	5714950	5724949	0.014110896001263	451	6.3640140965694	49	450.03536977492
GLOBAL	IV	5724950	5734949	0.012977602899346	541	7.0208831685462	54	536.90996784566
GLOBAL	IV	5734950	5744949	0.022882920312236	296	6.7733444124219	52	293.04823151125
GLOBAL	IV	5744950	5754949	0.016326285777511	350	5.7142000221288	44	349.2459807074
GLOBAL	IV	5754950	5764949	0.01514658855513	403	6.1040751877175	47	401.84405144695
GLOBAL	IV	5764950	5774949	0.014429922693872	387	5.5843800825284	43	385.39549839228
GLOBAL	IV	5774950	5784949	0.013295483779352	596	7.9241083324937	61	593.09967845659
GLOBAL	IV	5784950	5794949	0	1	0	0	1
GLOBAL	IV	5794950	5804949	NA	0	0	0	0
GLOBAL	IV	5804950	5814949	0.0076388243877787	119	0.90902010214567	7	118.81672025723
GLOBAL	IV	5814950	5824949	0.014265302934266	164	2.3395096812197	18	163.34726688103
GLOBAL	IV	5824950	5834949	0.0093180753125106	1283	11.955090625951	92	1278.6382636656
GLOBAL	IV	5834950	5844949	0.0093546568875036	125	1.1693321109379	9	124.76045016077
GLOBAL	IV	5844950	5854949	0.0093911859282363	733	6.8837392853972	53	731.038585209
GLOBAL	IV	5854950	5864949	0.0068556063107321	682	4.6755235039193	36	679.97588424437
GLOBAL	IV	5864950	5874949	0.0086576769611843	195	1.6882470074309	13	194.51607717042
GLOBAL	IV	5874950	5884949	0.0030781265395386	464	1.4282507143459	11	463.32958199357
GLOBAL	IV	5884950	5894949	0.0017740344057784	732	1.2985931850298	10	730.55948553055
GLOBAL	IV	5894950	5904949	0.0016705136682839	311	0.5195297508363	4	310.16077170418
GLOBAL	IV	5904950	5914949	0.0013721206419502	568	0.77936452462774	6	566.40353697749
GLOBAL	IV	5914950	5924949	0.001527037729814	444	0.67800475203744	5	400.28778135048
GLOBAL	IV	5924950	5934949	0.001016680325122	1150	1.1691823738903	9	1135.2202572347
GLOBAL	IV	5934950	5944949	0.0012157060831383	748	0.90934815018743	7	743.5192926045
GLOBAL	IV	5944950	5954949	0.00065616707410941	594	0.38976324202099	3	591.53215434084
GLOBAL	IV	5954950	5964949	0.00045476282705113	571	0.2596695742462	2	569.17845659164
GLOBAL	IV	5964950	5974949	0.00058804475770399	442	0.25991578290516	2	440.77652733119
GLOBAL	IV	5974950	5984949	0.00097899616676893	796	0.77928094874807	6	793.71864951768
GLOBAL	IV	5984950	5994949	0.00036418017816102	357	0.13001232360348	1	355.7347266881
GLOBAL	IV	5994950	6004949	0.00035181902455592	369	0.12982122006113	1	368.00803858521
GLOBAL	IV	6004950	6014949	0.0015610728270592	416	0.64940629605664	5	414.80546623794
GLOBAL	IV	6014950	6024949	0.0004064536738868	639	0.25972389761367	2	636.86012861736
GLOBAL	IV	6024950	6034949	0.0018913936504778	618	1.1688812759953	9	610.38745980707
GLOBAL	IV	6034950	6044949	0.0078455632526984	149	1.1689889246521	9	148.76688102894
GLOBAL	IV	6044950	6054949	0.003487079988837	894	3.1174495100202	24	891.78135048231
GLOBAL	IV	6054950	6064949	0.005489180670227	497	2.7281227931028	21	495.64951768489
GLOBAL	IV	6064950	6074949	0.0095412710905135	422	4.0264164001967	31	420.19453376206
GLOBAL	IV	6074950	6084949	NA	0	0	0	0
GLOBAL	IV	6084950	6094949	0.0080547261200909	258	2.0781193389835	16	257.1768488746
GLOBAL	IV	6094950	6104949	0.0045910139781245	198	0.90902076766865	7	196.44855305466
GLOBAL	IV	6104950	6114949	0.0068598671939571	530	3.6357296127973	28	529.0192926045
GLOBAL	IV	6114950	6124949	0.0024738230439876	210	0.51950283923739	4	209.45498392283
GLOBAL	IV	6124950	6134949	0.0043986645278915	620	2.7271720072927	21	618.04823151125
GLOBAL	IV	6134950	6144949	0.0073832686682288	475	3.5070526174087	27	473.7652733119
GLOBAL	IV	6144950	6154949	0.0068484009818955	607	4.1569793960106	32	605.31350482315
GLOBAL	IV	6154950	6164949	0.0030320461569825	557	1.6888497094392	13	553.0884244373
GLOBAL	IV	6164950	6174949	0.0020429288967927	636	1.2993027783602	10	634.01446945338
GLOBAL	IV	6174950	6184949	0.0011695605410913	222	0.25964244012227	2	221.49839228296
GLOBAL	IV	6184950	6194949	NA	0	0	0	0
GLOBAL	IV	6194950	6204949	NA	0	0	0	0
GLOBAL	IV	6204950	6214949	0.00036106904357367	360	0.12998485568652	1	358.7845659164
GLOBAL	IV	6214950	6224949	0.0036183491531018	718	2.5979746919271	20	715.74276527331
GLOBAL	IV	6224950	6234949	0.0062919059691417	351	2.2084589951687	17	349.74115755627
GLOBAL	IV	6234950	6244949	0.0022492826644915	231	0.51958429549754	4	230.18488745981
GLOBAL	IV	6244950	6254949	0.0013263767946154	392	0.51993970348923	4	390.34083601286
GLOBAL	IV	6254950	6264949	0.00089391815521292	581	0.51936644817871	4	579.30064308682
GLOBAL	IV	6264950	6274949	0.0014241363719602	456	0.64940618561387	5	454.07073954984
GLOBAL	IV	6274950	6284949	0.0012326829578382	527	0.64962391878074	5	524.82154340836
GLOBAL	IV	6284950	6294949	0	152	0	0	151.50803858521
GLOBAL	IV	6294950	6304949	0.00091121671399906	285	0.25969676348973	2	284.01286173633
GLOBAL	IV	6304950	6314949	0.00056211408738123	231	0.12984835418507	1	230.7154340836
GLOBAL	IV	6314950	6324949	0.00042030920203431	309	0.1298755434286	1	308.0691318328
GLOBAL	IV	6324950	6334949	0	118	0	0	117.74115755627
GLOBAL	IV	6334950	6344949	NA	0	0	0	0
GLOBAL	IV	6344950	6354949	NA	0	0	0	0
GLOBAL	IV	6354950	6364949	0	43	0	0	42.909967845659
GLOBAL	IV	6364950	6374949	0.00061111505320863	425	0.25972389761367	2	423.33762057878
GLOBAL	IV	6374950	6384949	0.00088120089209803	442	0.38949079430733	3	440.88263665595
GLOBAL	IV	6384950	6394949	0	104	0	0	103.63022508039
GLOBAL	IV	6394950	6404949	0.0012853586144667	101	0.12982122006113	1	100.68810289389
GLOBAL	IV	6404950	6414949	0.0014623803379617	444	0.64929687005498	5	442.57877813505
GLOBAL	IV	6414950	6424949	0.00043094704467508	603	0.25986106793907	2	600.86173633441
GLOBAL	IV	6424950	6434949	0.001211860313796	643	0.77922618177084	6	640.13665594855
GLOBAL	IV	6434950	6444949	0.0007160532967195	907	0.64946034012459	5	903.54180064309
GLOBAL	IV	6444950	6454949	0.0011593603052238	112	0.12984835418507	1	111.64308681672
GLOBAL	IV	6454950	6464949	0.0015074762886224	689	1.0386511628609	8	687.63665594855
GLOBAL	IV	6464950	6474949	0.00070447111792425	553	0.38957252821211	3	551.59163987138
GLOBAL	IV	6474950	6484949	0.00027119579957267	479	0.12990278799531	1	478.05144694534
GLOBAL	IV	6484950	6494949	0	19	0	0	18.913183279743
GLOBAL	IV	6494950	6504949	0.0013490739528828	385	0.51939347185986	4	383.87459807074
GLOBAL	IV	6504950	6514949	0.0015101818650952	344	0.51950256159276	4	343.10289389068
GLOBAL	IV	6514950	6524949	0.00081143915480694	480	0.38949079430733	3	478.98553054662
GLOBAL	IV	6524950	6534949	0.000394593374046	329	0.12982122006113	1	328.0691318328
GLOBAL	IV	6534950	6544949	0.00071739422201693	181	0.12984835418507	1	180.40836012862
GLOBAL	IV	6544950	6554949	0.0008984793409627	867	0.77898158861466	6	865.01607717042
GLOBAL	IV	6554950	6564949	0.0019273438729859	337	0.64951488519624	5	335.80225080386
GLOBAL	IV	6564950	6574949	0.00019147672575388	678	0.12982122006113	1	676.16881028939
GLOBAL	IV	6574950	6584949	0.00064587671672205	201	0.12982122006113	1	200.67363344051
GLOBAL	IV	6584950	6594949	0.00050437104244117	515	0.2597510868572	2	513.43729903537
GLOBAL	IV	6594950	6604949	0	49	0	0	48.823151125402
GLOBAL	IV	6604950	6614949	0.0011806264772588	440	0.51947564999385	4	438.15916398714
GLOBAL	IV	6614950	6624949	0.0012309194694618	211	0.25972400805644	2	210.27331189711
GLOBAL	IV	6624950	6634949	0.00047046505139516	276	0.12984835418507	1	275.14790996785
GLOBAL	IV	6634950	6644949	0.0010534263764949	493	0.519339203612	4	491.48874598071
GLOBAL	IV	6644950	6654949	0.00124041654238	314	0.38949079430733	3	313.28617363344
GLOBAL	IV	6654950	6664949	0.00086705565565264	599	0.51936633773593	4	597.65594855305
GLOBAL	IV	6664950	6674949	0.0010517905223129	494	0.51958451802256	4	492.38102893891
GLOBAL	IV	6674950	6684949	0.00072137974547258	180	0.12984835418507	1	179.25080385852
GLOBAL	IV	6684950	6694949	0.00092522086354125	421	0.38951798355087	3	419.46945337621
GLOBAL	IV	6694950	6704949	0	282	0	0	281.21221864952
GLOBAL	IV	6704950	6714949	0.00085786704040696	757	0.64940534958807	5	754.43408360129
GLOBAL	IV	6714950	6724949	0.0012297809431287	528	0.64932433797195	5	526.94533762058
GLOBAL	IV	6724950	6734949	0.00080676534804595	644	0.51955688414159	4	642.24919614148
GLOBAL	IV	6734950	6744949	0.00041531316842432	1251	0.51955677369882	4	1247.7331189711
GLOBAL	IV	6744950	6754949	0.00050567120540642	771	0.38987249936835	3	768.00803858521
GLOBAL	IV	6754950	6764949	0.0019172852277815	271	0.51958429672879	4	270.11093247588
GLOBAL	IV	6764950	6774949	0.0011808123665415	440	0.51955744127828	4	438.91479099678
GLOBAL	IV	6774950	6784949	0.00058414812062965	667	0.38962679645997	3	665.04340836013
GLOBAL	IV	6784950	6794949	0.0008943531442189	871	0.77898158861466	6	869.47266881029
GLOBAL	IV	6794950	6804949	0.0013665391585382	95	0.12982122006113	1	94.77652733119
GLOBAL	IV	6804950	6814949	0.00061625445607729	843	0.51950250647316	4	840.82636655949
GLOBAL	IV	6814950	6824949	0.00090375395821593	862	0.77903591198213	6	860.38263665595
GLOBAL	IV	6824950	6834949	0.00080656843908675	966	0.7791451121578	6	964.55144694534
GLOBAL	IV	6834950	6844949	0.00055800973396466	698	0.38949079430733	3	696.80225080386
GLOBAL	IV	6844950	6854949	0.00059769466503449	435	0.25999717929	2	433.31832797428
GLOBAL	IV	6854950	6864949	0.0011413450865241	455	0.51931201436846	4	454.3536977492
GLOBAL	IV	6864950	6874949	0.00035877221941602	362	0.1298755434286	1	361.38745980707
GLOBAL	IV	6874950	6884949	0.00091685908090011	567	0.51985909887036	4	565.27331189711
GLOBAL	IV	6884950	6894949	NA	0	0	0	0
GLOBAL	IV	6894950	6904949	0.000877630621551	296	0.2597786639791	2	295.30868167203
GLOBAL	IV	6904950	6914949	0.0009844228927342	264	0.25988764368183	2	262.92604501608
GLOBAL	IV	6914950	6924949	0.0014380396800745	271	0.38970875330019	3	269.58520900322
GLOBAL	IV	6924950	6934949	0.00061925810693809	839	0.51955755172106	4	837.7652733119
GLOBAL	IV	6934950	6944949	0.00035578631240608	730	0.25972400805644	2	728.60450160772
GLOBAL	IV	6944950	6954949	0	27	0	0	26.932475884244
GLOBAL	IV	6954950	6964949	0.00077753505500039	167	0.12984835418507	1	166.50803858521
GLOBAL	IV	6964950	6974949	0.0011917697160689	218	0.25980579810303	2	217.60128617363
GLOBAL	IV	6974950	6984949	0.00041357326123637	628	0.25972400805644	2	626.17363344051
GLOBAL	IV	6984950	6994949	0.0011420658394114	455	0.51963995693221	4	454.01607717042
GLOBAL	IV	6994950	7004949	0	149	0	0	148.16720257235
GLOBAL	IV	7004950	7014949	0.0019469256726161	467	0.9092142891117	7	466.06109324759
GLOBAL	IV	7014950	7024949	0.00092859397591463	839	0.77909034579237	6	837.41800643087
GLOBAL	IV	7024950	7034949	0	231	0	0	230.22990353698
GLOBAL	IV	7034950	7044949	0.00050915602793372	510	0.2596695742462	2	508.90996784566
GLOBAL	IV	7044950	7054949	0.0008219971103076	158	0.1298755434286	1	157.89549839228
GLOBAL	IV	7054950	7064949	0.002822790308371	46	0.12984835418507	1	45.847266881029
GLOBAL	IV	7064950	7074949	0	41	0	0	40.813504823151
GLOBAL	IV	7074950	7084949	0.0046411486503176	140	0.64976081104446	5	139.40836012862
GLOBAL	IV	7084950	7094949	0.0075169833822733	691	5.1942355171509	40	689.33118971061
GLOBAL	IV	7094950	7104949	0.0025970789437242	250	0.64926973593105	5	249.43569131833
GLOBAL	IV	7104950	7114949	0.0022799750708437	399	0.90971005326665	7	397.92604501608
GLOBAL	IV	7114950	7124949	0.0012092732538372	1289	1.5587532241962	12	1285.6993569132
GLOBAL	IV	7124950	7134949	0.00073030589031238	889	0.6492419364877	5	886.76688102894
GLOBAL	IV	7134950	7144949	0.00047748361554633	272	0.1298755434286	1	270.96945337621
GLOBAL	IV	7144950	7154949	0.00097341528161053	534	0.51980376038002	4	532.5192926045
GLOBAL	IV	7154950	7164949	0	7	0	0	6.9935691318328
GLOBAL	IV	7164950	7174949	0.000764979044987	679	0.51942077154617	4	675.99356913183
GLOBAL	IV	7174950	7184949	0.00098039860950357	265	0.25980563151845	2	264.62540192926
GLOBAL	IV	7184950	7194949	0.00086291636211603	602	0.51947564999385	4	598.09807073955
GLOBAL	IV	7194950	7204949	0.00061565302367445	211	0.12990278799531	1	210.56270096463
GLOBAL	IV	7204950	7214949	0.00033719797418476	770	0.25964244012227	2	766.90514469453
GLOBAL	IV	7214950	7224949	0.00078609940584886	661	0.5196117072661	4	658.6575562701
GLOBAL	IV	7224950	7234949	0.0012501107615516	831	1.0388420428494	8	829.37138263666
GLOBAL	IV	7234950	7244949	0.00057835895070816	898	0.51936633773593	4	895.90675241158
GLOBAL	IV	7244950	7254949	0.00050910282376915	255	0.12982122006113	1	254.24758842444
GLOBAL	IV	7254950	7264949	0.00075946667509451	684	0.51947520576464	4	682.04340836013
GLOBAL	IV	7264950	7274949	0.00074324682279272	699	0.51952952913211	4	697.64147909968
GLOBAL	IV	7274950	7284949	0.00077874162084468	667	0.5194206611034	4	665.49678456592
GLOBAL	IV	7284950	7294949	0.0011628617454829	670	0.77911736947353	6	668.77813504823
GLOBAL	IV	7294950	7304949	0.00066946156406495	194	0.1298755434286	1	193.57073954984
GLOBAL	IV	7304950	7314949	0.00093992487673444	691	0.6494880898235	5	688.80868167203
GLOBAL	IV	7314950	7324949	0.00037205832144718	349	0.12984835418507	1	347.96463022508
GLOBAL	IV	7324950	7334949	0.0011248787882382	462	0.51969400016603	4	459.7154340836
GLOBAL	IV	7334950	7344949	0	444	0	0	442.71061093248
GLOBAL	IV	7344950	7354949	0.001022910775961	508	0.51963867418818	4	506.91639871383
GLOBAL	IV	7354950	7364949	0.00075499565099439	860	0.64929625985517	5	857.9115755627
GLOBAL	IV	7364950	7374949	0.00043793720655942	593	0.25969676348973	2	589.78135048232
GLOBAL	IV	7374950	7384949	0.0023211581372593	56	0.12998485568652	1	55.799035369775
GLOBAL	IV	7384950	7394949	0.0013963662317884	372	0.51944823822529	4	371.09324758842
GLOBAL	IV	7394950	7404949	0.0003167033028904	410	0.12984835418507	1	409.08681672026
GLOBAL	IV	7404950	7414949	0.00039836963010497	653	0.26013536845855	2	649.90836012862
GLOBAL	IV	7414950	7424949	0.0015831856105016	82	0.12982122006113	1	81.898713826367
GLOBAL	IV	7424950	7434949	0.00035665170346465	364	0.12982122006113	1	362.57556270096
GLOBAL	IV	7434950	7444949	0.00044857322558491	579	0.25972389761367	2	577.29581993569
GLOBAL	IV	7444950	7454949	0.001040868791542	499	0.51939352697947	4	497.84083601286
GLOBAL	IV	7454950	7464949	0.00071734425125463	543	0.38951792843126	3	542.07877813505
GLOBAL	IV	7464950	7474949	0.00061855253515112	840	0.51958412952694	4	838.33279742765
GLOBAL	IV	7474950	7484949	0.00047353317189989	549	0.25996971137304	2	546.92282958199
GLOBAL	IV	7484950	7494949	0.0007183491676054	723	0.51936644817871	4	721.53376205788
GLOBAL	IV	7494950	7504949	0	246	0	0	244.98874598071
GLOBAL	IV	7504950	7514949	0.00066132090188871	1178	0.7790360224249	6	1175.5932475884
GLOBAL	IV	7514950	7524949	0.0010049462629169	517	0.51955721792803	4	516
GLOBAL	IV	7524950	7534949	0.00068221552111243	571	0.3895450625552	3	569.67041800643
GLOBAL	IV	7534950	7544949	0.00043733725828941	594	0.25977833142391	2	592.30225080386
GLOBAL	IV	7544950	7554949	0.00061756155551764	631	0.38968134153163	3	626.80868167203
GLOBAL	IV	7554950	7564949	0	66	0	0	65.662379421222
GLOBAL	IV	7564950	7574949	0.0018617002879861	349	0.64973340050715	5	347.79581993569
GLOBAL	IV	7574950	7584949	0.0012987567272139	300	0.38962701816416	3	299.03376205788
GLOBAL	IV	7584950	7594949	0.0063145342884466	144	0.90929293753632	7	143.61093247588
GLOBAL	IV	7594950	7604949	0.0025126687753768	155	0.3894636601834	3	154.48874598071
GLOBAL	IV	7604950	7614949	0.0021830111884362	119	0.25977833142391	2	118.60450160772
GLOBAL	IV	7614950	7624949	0.0046495892234417	447	2.0783663828784	16	444.88102893891
GLOBAL	IV	7624950	7634949	0.0087065593226953	373	3.2475466273654	25	371.09324758842
GLOBAL	IV	7634950	7644949	0.0076038575384051	444	3.3761127470519	26	442.81511254019
GLOBAL	IV	7644950	7654949	0.0066889146623295	330	2.2073418385687	17	327.05466237942
GLOBAL	IV	7654950	7664949	0.0013668247808954	95	0.12984835418507	1	94.688102893891
GLOBAL	IV	7664950	7674949	0.0037103413944809	70	0.25972389761367	2	69.699356913183
GLOBAL	IV	7674950	7684949	0.0036982569210635	597	2.2078593818749	17	593.67363344051
GLOBAL	IV	7684950	7694949	0.0060200047188679	151	0.90902071254905	7	150.54180064309
GLOBAL	IV	7694950	7704949	NA	0	0	0	0
GLOBAL	IV	7704950	7714949	0.0042385546511349	613	2.5982340011457	20	610.11093247588
GLOBAL	IV	7714950	7724949	0.0017206395182394	981	1.6879473673929	13	979.20096463022
GLOBAL	IV	7724950	7734949	0.0044016403717083	177	0.77909034579237	6	176.41479099678
GLOBAL	IV	7734950	7744949	0.0023616242179918	110	0.2597786639791	2	109.62861736334
GLOBAL	IV	7744950	7754949	0.0057470726450994	452	2.5976768355849	20	450.1463022508
GLOBAL	IV	7754950	7764949	0.010681826833258	73	0.77977335882786	6	72.631832797428
GLOBAL	IV	7764950	7774949	0.0039832475290198	326	1.2985386944604	10	325.21864951768
GLOBAL	IV	7774950	7784949	0.0026811146335958	678	1.8177957215779	14	676.09485530547
GLOBAL	IV	7784950	7794949	0.0054035272326935	721	3.895943134772	30	719.0578778135
GLOBAL	IV	7794950	7804949	0.0042316454343819	491	2.0777379082815	16	489.6270096463
GLOBAL	IV	7804950	7814949	0.0023790270289355	655	1.5582627039528	12	653.54823151125
GLOBAL	IV	7814950	7824949	0.0044491068178991	146	0.64956959541327	5	145.7347266881
GLOBAL	IV	7824950	7834949	0.0034499699548225	339	1.1695398146848	9	338.00964630225
GLOBAL	IV	7834950	7844949	0.0045156626151986	489	2.2081590188321	17	486.39710610932
GLOBAL	IV	7844950	7854949	0.0087157573218283	149	1.2986478409524	10	148.50160771704
GLOBAL	IV	7854950	7864949	0.0018232303833196	641	1.1686906757079	9	637.67363344051
GLOBAL	IV	7864950	7874949	0.003916890122475	862	3.3763592855734	26	859.23311897106
GLOBAL	IV	7874950	7884949	0.0034927356556929	781	2.7278265470962	21	778.7154340836
GLOBAL	IV	7884950	7894949	0.0024105535994215	808	1.9477273083326	15	806.82636655949
GLOBAL	IV	7894950	7904949	0.00052988253086177	245	0.12982122006113	1	244.55948553055
GLOBAL	IV	7904950	7914949	0.0061058906603804	702	4.286335243587	33	698.7845659164
GLOBAL	IV	7914950	7924949	0.003142044195181	248	0.77922696040488	6	246.90836012862
GLOBAL	IV	7924950	7934949	0.0010650007220479	122	0.12993008808984	1	121.75241157556
GLOBAL	IV	7934950	7944949	0.0020811821463106	811	1.6878387206579	13	809.63344051447
GLOBAL	IV	7944950	7954949	0.0019904769259968	457	0.90964795518055	7	455.21061093248
GLOBAL	IV	7954950	7964949	0.0031206828604865	583	1.8193581076636	14	579.80546623794
GLOBAL	IV	7964950	7974949	0.0032668822854513	318	1.0388685667735	8	316.99839228296
GLOBAL	IV	7974950	7984949	0.0012670791471496	410	0.51950245033135	4	409.05144694534
GLOBAL	IV	7984950	7994949	0	217	0	0	216.24758842444
GLOBAL	IV	7994950	8004949	0.0015095490704783	86	0.12982122006113	1	85.70578778135
GLOBAL	IV	8004950	8014949	0.0012333429115278	632	0.77947272008557	6	629.50803858521
GLOBAL	IV	8014950	8024949	0.00055638874446384	467	0.25983354366462	2	465.0691318328
GLOBAL	IV	8024950	8034949	0.0021203065098516	245	0.51947509491364	4	244.17524115756
GLOBAL	IV	8034950	8044949	0	296	0	0	294.80225080386
GLOBAL	IV	8044950	8054949	0.0011005948659278	590	0.64935097089743	5	587.79099678457
GLOBAL	IV	8054950	8064949	0.0010937473123396	475	0.51952997336132	4	472.88745980707
GLOBAL	IV	8064950	8074949	0.00066411655817442	391	0.2596695742462	2	389.53054662379
GLOBAL	IV	8074950	8084949	0.00041573260173624	625	0.25983287608515	2	622.67363344051
GLOBAL	IV	8084950	8094949	0.00073345322068437	354	0.25964244012227	2	352.73794212219
GLOBAL	IV	8094950	8104949	0.0008720140140258	149	0.12993008808984	1	148.43569131833
GLOBAL	IV	8104950	8114949	0.00085594251442175	607	0.51955710625401	4	603.2845659164
GLOBAL	IV	8114950	8124949	0.00090610630752362	287	0.26005251025928	2	283.59485530547
GLOBAL	IV	8124950	8134949	0.00063677837252602	204	0.12990278799531	1	200.62057877814
GLOBAL	IV	8134950	8144949	0.00092689879133674	983	0.91114151188401	7	960.95980707395
GLOBAL	IV	8144950	8154949	0.00070905733141198	555	0.39352681893365	3	538.94299674267
GLOBAL	IV	8154950	8164949	NA	0	0	0	0
GLOBAL	IV	8164950	8174949	NA	0	0	0	0
GLOBAL	IV	8174950	8184949	NA	0	0	0	0
GLOBAL	IV	8184950	8194949	0.00070251742391475	187	0.13137075827206	1	178.69721767594
GLOBAL	IV	8194950	8204949	0.001232199521122	423	0.5212203974346	4	409.85483870968
GLOBAL	IV	8204950	8214949	0.0015643088383637	665	1.0402653775118	8	657.99839228296
GLOBAL	IV	8214950	8224949	0.0051006883816136	433	2.2085980692387	17	430.72186495177
GLOBAL	IV	8224950	8234949	0.0085440430191992	593	5.0666175103852	39	589.5498392283
GLOBAL	IV	8234950	8244949	0.0060748502429177	449	2.72760775907	21	447.09003215434
GLOBAL	IV	8244950	8254949	0.0070806202823853	642	4.5457582212914	35	639.82958199357
GLOBAL	IV	8254950	8264949	0.0064416967697982	242	1.5588906182912	12	241.11897106109
GLOBAL	IV	8264950	8274949	0.0085943232581394	136	1.168827963107	9	134.8038585209
GLOBAL	IV	8274950	8284949	NA	0	0	0	0
GLOBAL	IV	8284950	8294949	0.0051336393450338	253	1.2988107542936	10	251.8038585209
GLOBAL	IV	8294950	8304949	0.0094185698083973	262	2.4676652898001	19	260.84083601286
GLOBAL	IV	8304950	8314949	0.0049167944255975	449	2.2076406970933	17	447.71704180064
GLOBAL	IV	8314950	8324949	0.0078525000172045	182	1.4291550031312	11	181.20739549839
GLOBAL	IV	8324950	8334949	0.01024233246892	355	3.6360280264665	28	353.78617363344
GLOBAL	IV	8334950	8344949	0	13	0	0	12.882636655949
GLOBAL	IV	8344950	8354949	0.0093788683966777	457	4.2861428572817	33	455.29099678457
GLOBAL	IV	8354950	8364949	0.012910597810671	503	6.4940306987677	50	501.29581993569
GLOBAL	IV	8364950	8374949	0.0097739744328338	186	1.8179592445071	14	185.5578778135
GLOBAL	IV	8374950	8384949	0.0090698924442178	272	2.4670107448272	19	271.65112540193
GLOBAL	IV	8384950	8394949	0.011304681990422	896	10.128995063419	78	894.27491961415
GLOBAL	IV	8394950	8404949	0.0099914870761191	26	0.2597786639791	2	25.869774919614
GLOBAL	IV	8404950	8414949	0.0083391396493226	109	0.90896622177616	7	108.82958199357
GLOBAL	IV	8414950	8424949	0.0086269957403884	482	4.1582119468672	32	478.05948553055
GLOBAL	IV	8424950	8434949	0.010850552963602	431	4.6765883273124	36	430.03376205788
GLOBAL	IV	8434950	8444949	0.0017296985189018	751	1.2990035876953	10	747.92926045016
GLOBAL	IV	8444950	8454949	0.00780509963922	233	1.8185882159382	14	232.20096463023
GLOBAL	IV	8454950	8464949	0.0022573113238947	633	1.4288780680253	11	631.7459807074
GLOBAL	IV	8464950	8474949	0	56	0	0	55.930868167203
GLOBAL	IV	8474950	8484949	0.00039119139586928	332	0.1298755434286	1	330.32475884244
GLOBAL	IV	8484950	8494949	0.0052437686878399	644	3.3769870349689	26	642.11254019293
GLOBAL	IV	8494950	8504949	0.0030677138766618	127	0.38959966233604	3	124.14469453376
GLOBAL	IV	8504950	8514949	0.0032468927514326	400	1.2987571005731	10	397.63987138264
GLOBAL	IV	8514950	8524949	0.01254104051092	145	1.8184508740834	14	144.24276527331
GLOBAL	IV	8524950	8534949	0.010579359640694	393	4.1576883387928	32	391.73311897106
GLOBAL	IV	8534950	8544949	0.0014197030567499	366	0.51961131877047	4	364.99839228296
GLOBAL	IV	8544950	8554949	0.0019487239104839	733	1.4284146263847	11	731.86495176849
GLOBAL	IV	8554950	8564949	0.0038259738768856	577	2.207586926963	17	574.36655948553
GLOBAL	IV	8564950	8574949	0.0063875464861679	122	0.77928067131248	6	121.57877813505
GLOBAL	IV	8574950	8584949	NA	0	0	0	0
GLOBAL	IV	8584950	8594949	NA	0	0	0	0
GLOBAL	IV	8594950	8604949	0.0056509353542997	138	0.77982907889336	6	137.32797427653
GLOBAL	IV	8604950	8614949	0.0022401739325835	58	0.12993008808984	1	57.647909967846
GLOBAL	IV	8614950	8624949	0.0092233984474663	676	6.2350173504872	48	672.92926045016
GLOBAL	IV	8624950	8634949	0.015339319804813	254	3.8961872304224	30	253.47588424437
GLOBAL	IV	8634950	8644949	0.01375720822514	727	10.001490379677	77	724.65112540193
GLOBAL	IV	8644950	8654949	0.0081215619735549	864	7.0170295451515	54	859.69131832797
GLOBAL	IV	8654950	8664949	0.0020495286861512	887	1.8179319446161	14	884.80546623794
GLOBAL	IV	8664950	8674949	0.0062139744618724	627	3.896161987594	30	625.43890675241
GLOBAL	IV	8674950	8684949	0.0075503728953883	671	5.0663002128055	39	668.40353697749
GLOBAL	IV	8684950	8694949	0.0082864461726206	439	3.6377498697804	28	437.03215434084
GLOBAL	IV	8694950	8704949	0.0072969992088458	89	0.64943292958728	5	88.736334405145
GLOBAL	IV	8704950	8714949	0.0070780491822057	312	2.2083513448482	17	310.5691318328
GLOBAL	IV	8714950	8724949	0	96	0	0	95.075562700965
GLOBAL	IV	8724950	8734949	0.00092139357215093	282	0.25983298734656	2	280.8231511254
GLOBAL	IV	8734950	8744949	0.0005122761500127	507	0.25972400805644	2	505.3536977492
GLOBAL	IV	8744950	8754949	0.00091149518453126	428	0.39011993897938	3	426.00964630225
GLOBAL	IV	8754950	8764949	0.00080780835388207	643	0.51942077154617	4	641.73311897106
GLOBAL	IV	8764950	8774949	0.0019039815826846	614	1.1690446917683	9	612.34726688103
GLOBAL	IV	8774950	8784949	0.00097200130247752	668	0.64929687005498	5	665.86495176849
GLOBAL	IV	8784950	8794949	0.00067369742727182	771	0.51942071642657	4	768.25080385852
GLOBAL	IV	8794950	8804949	0.00076817289977002	169	0.12982122006113	1	168.48713826367
GLOBAL	IV	8804950	8814949	0.00050328840842064	774	0.38954522811757	3	769.67845659164
GLOBAL	IV	8814950	8824949	0.00071651729626764	725	0.51947503979404	4	722.91479099678
GLOBAL	IV	8824950	8834949	0.0010855396993564	359	0.38970875206894	3	357.8231511254
GLOBAL	IV	8834950	8844949	0	187	0	0	186.02250803859
GLOBAL	IV	8844950	8854949	0.00041528707887067	313	0.12998485568652	1	311.55305466238
GLOBAL	IV	8854950	8864949	0.0020301611184122	192	0.38979093473514	3	191.4115755627
GLOBAL	IV	8864950	8874949	0.0011489804170186	226	0.2596695742462	2	224.27331189711
GLOBAL	IV	8874950	8884949	0.0010704801201257	364	0.38965476372575	3	362.76205787781
GLOBAL	IV	8884950	8894949	0.00030480834315743	426	0.12984835418507	1	424.70096463023
GLOBAL	IV	8894950	8904949	NA	0	0	0	0
GLOBAL	IV	8904950	8914949	0.0028858223117382	90	0.25972400805644	2	89.635048231511
GLOBAL	IV	8914950	8924949	0	102	0	0	101.50160771704
GLOBAL	IV	8924950	8934949	0.0004188656586615	310	0.12984835418507	1	309.038585209
GLOBAL	IV	8934950	8944949	0.00077786207071597	835	0.64951482904784	5	832.88424437299
GLOBAL	IV	8944950	8954949	0	50	0	0	49.845659163987
GLOBAL	IV	8954950	8964949	0.00074503630153635	523	0.38965398570351	3	520.96623794212
GLOBAL	IV	8964950	8974949	0.0012198742247492	213	0.25983320987158	2	212.3424437299
GLOBAL	IV	8974950	8984949	0.001793855887379	507	0.90948493490117	7	504.95659163987
GLOBAL	IV	8984950	8994949	0.00083236142144145	312	0.25969676348973	2	310.86334405145
GLOBAL	IV	8994950	9004949	0	13	0	0	12.932475884244
GLOBAL	IV	9004950	9014949	0.0021322529298377	61	0.1300674287201	1	60.62540192926
GLOBAL	IV	9014950	9024949	0	25	0	0	24.940514469453
GLOBAL	IV	9024950	9034949	0.0016690726589904	778	1.2985385286945	10	776.05466237942
GLOBAL	IV	9034950	9044949	0.00078946868928508	823	0.64973273128162	5	820.07877813505
GLOBAL	IV	9044950	9054949	0.00092110314488369	141	0.1298755434286	1	140.44372990354
GLOBAL	IV	9054950	9064949	0.012304229137779	380	4.6756070723561	36	379.10932475884
GLOBAL	IV	9064950	9074949	0.018897461144483	55	1.0393603629466	8	54.72347266881
GLOBAL	IV	9074950	9084949	0.018051538522053	475	8.574480797975	66	473.01125401929
GLOBAL	IV	9084950	9094949	0.017553537454844	296	5.1958470866338	40	294.73794212219
GLOBAL	IV	9094950	9104949	0.024508455617949	53	1.2989481477513	10	52.750803858521
GLOBAL	IV	9104950	9114949	0.008905242907192	1050	9.3505050525516	72	1047.5900321543
GLOBAL	IV	9114950	9124949	0.016615931499958	422	7.0119230929822	54	421.24919614148
GLOBAL	IV	9124950	9134949	0.010407394060717	287	2.9869220954258	23	286.12540192926
GLOBAL	IV	9134950	9144949	0.0042262669129228	891	3.7656038194142	29	888.9115755627
GLOBAL	IV	9144950	9154949	0.0090599388738089	989	8.960279546197	69	986.99839228296
GLOBAL	IV	9154950	9164949	0.010970846468259	225	2.4684404553583	19	224.0691318328
GLOBAL	IV	9164950	9174949	0.015041957552192	993	14.936663849326	115	989.92122186495
GLOBAL	IV	9174950	9184949	0.012094234748957	537	6.4946040601901	50	535.50803858521
GLOBAL	IV	9184950	9194949	0.010321983534133	151	1.5586195136541	12	150.42443729904
GLOBAL	IV	9194950	9204949	0.01623533256829	32	0.51953064218527	4	31.914790996785
GLOBAL	IV	9204950	9214949	NA	0	0	0	0
GLOBAL	IV	9214950	9224949	0.011067350633644	223	2.4680191913026	19	222.16720257235
GLOBAL	IV	9224950	9234949	0.007844134215105	679	5.3261671320563	41	676.65273311897
GLOBAL	IV	9234950	9244949	0.0058771120947653	464	2.7269800119711	21	462.6463022508
GLOBAL	IV	9244950	9254949	0.018500880935036	337	6.2347968751073	48	335.63344051447
GLOBAL	IV	9254950	9264949	0.010976427832437	213	2.3379791283092	18	212.15916398714
GLOBAL	IV	9264950	9274949	0.00097150215022819	401	0.38957236224151	3	399.64951768489
GLOBAL	IV	9274950	9284949	0.00019039348120977	682	0.12984835418507	1	679.27652733119
GLOBAL	IV	9284950	9294949	0.0029188576564484	89	0.25977833142391	2	88.733118971061
GLOBAL	IV	9294950	9304949	0.0022986826741626	113	0.25975114218037	2	112.72829581994
GLOBAL	IV	9304950	9314949	0.0014355413665556	181	0.25983298734656	2	179.66720257235
GLOBAL	IV	9314950	9324949	0.0011702620469639	777	0.90929361049094	7	774.68006430868
GLOBAL	IV	9324950	9334949	0	308	0	0	307.23633440514
GLOBAL	IV	9334950	9344949	0.0012722572114211	1021	1.298974612861	10	1015.9356913183
GLOBAL	IV	9344950	9354949	0.0016181335900224	321	0.51942088239718	4	319.79903536977
GLOBAL	IV	9354950	9364949	0.00029787968676285	436	0.1298755434286	1	434.79742765273
GLOBAL	IV	9364950	9374949	0.00074556596249674	176	0.13121960939943	1	174.09646302251
GLOBAL	IV	9374950	9384949	0.00054546731118123	238	0.12982122006113	1	237.04823151125
GLOBAL	IV	9384950	9394949	NA	0	0	0	0
GLOBAL	IV	9394950	9404949	NA	0	0	0	0
GLOBAL	IV	9404950	9414949	0.00059867229505447	651	0.38973566408046	3	648.461414791
GLOBAL	IV	9414950	9424949	0	374	0	0	372.63344051447
GLOBAL	IV	9424950	9434949	0.0010197873495234	764	0.77911753503591	6	761.67524115756
GLOBAL	IV	9434950	9444949	0.00095496723109265	136	0.1298755434286	1	135.54823151125
GLOBAL	IV	9444950	9454949	0.0020298398749008	256	0.51963900797461	4	255.10610932476
GLOBAL	IV	9454950	9464949	0	12	0	0	11.805466237942
GLOBAL	IV	9464950	9474949	NA	0	0	0	0
GLOBAL	IV	9474950	9484949	0.0025979206476347	200	0.51958412952694	4	199.38424437299
GLOBAL	IV	9484950	9494949	0.00068688476222822	189	0.12982122006113	1	188.38263665595
GLOBAL	IV	9494950	9504949	0.00038094659236161	341	0.12990278799531	1	339.37138263666
GLOBAL	IV	9504950	9514949	0.0011891050249253	437	0.51963889589237	4	435.91800643087
GLOBAL	IV	9514950	9524949	0	129	0	0	128.8729903537
GLOBAL	IV	9524950	9534949	0.0017142632332146	379	0.64970576538834	5	377.42282958199
GLOBAL	IV	9534950	9544949	0.0010624486024559	494	0.52484960961322	4	491.50160771704
GLOBAL	IV	9544950	9554949	0	28	0	0	27.844051446945
GLOBAL	IV	9554950	9564949	0.0033287492323367	39	0.12982122006113	1	38.897106109325
GLOBAL	IV	9564950	9574949	NA	0	0	0	0
GLOBAL	IV	9574950	9584949	0.001027608602067	379	0.3894636601834	3	378.08681672026
GLOBAL	IV	9584950	9594949	NA	0	0	0	0
GLOBAL	IV	9594950	9604949	0.0021062048844344	247	0.52023260645529	4	246.04823151125
GLOBAL	IV	9604950	9614949	0	33	0	0	32.816720257235
GLOBAL	IV	9614950	9624949	0.0010065763890315	258	0.25969670837013	2	256.16720257235
GLOBAL	IV	9624950	9634949	0.0013825946990232	408	0.56409863720148	4	299.45176848875
GLOBAL	IV	9634950	9644949	0.0019645816391703	681	1.337880096275	7	418.00643086817
GLOBAL	IV	9644950	9654949	0	163	0	0	162.42765273312
GLOBAL	IV	9654950	9664949	0	118	0	0	117.42604501608
GLOBAL	IV	9664950	9674949	0.0016918357729728	307	0.51939358230264	4	306.07234726688
GLOBAL	IV	9674950	9684949	NA	0	0	0	0
GLOBAL	IV	9684950	9694949	0.0028700312154356	181	0.51947564999385	4	180.38263665595
GLOBAL	IV	9694950	9704949	NA	0	0	0	0
GLOBAL	IV	9704950	9714949	0.00039970097156684	650	0.25980563151845	2	648.14469453376
GLOBAL	IV	9714950	9724949	0.0010466213909103	249	0.26060872633666	2	247.30707395498
GLOBAL	IV	9724950	9734949	0.0016068775358346	485	0.77933560487976	6	483.13504823151
GLOBAL	IV	9734950	9744949	0.0010911628718056	238	0.25969676348973	2	237.14469453376
GLOBAL	IV	9744950	9754949	0.0016027311118658	243	0.3894636601834	3	242.27652733119
GLOBAL	IV	9754950	9764949	0.00036129841311139	360	0.1300674287201	1	358.08681672026
GLOBAL	IV	9764950	9774949	0.0010556776763013	123	0.12984835418507	1	122.41800643087
GLOBAL	IV	9774950	9784949	0.001846788750994	633	1.1690172793792	9	631.13987138264
GLOBAL	IV	9784950	9794949	NA	0	0	0	0
GLOBAL	IV	9794950	9804949	NA	0	0	0	0
GLOBAL	IV	9804950	9814949	0	279	0	0	277.35048231511
GLOBAL	IV	9814950	9824949	0	62	0	0	61.663987138264
GLOBAL	IV	9824950	9834949	0.0019871979301394	196	0.38949079430733	3	195.41318327974
GLOBAL	IV	9834950	9844949	0	18	0	0	17.958199356913
GLOBAL	IV	9844950	9854949	0.0017802406834078	292	0.51983027955507	4	290.78135048232
GLOBAL	IV	9854950	9864949	NA	0	0	0	0
GLOBAL	IV	9864950	9874949	0	146	0	0	145.43408360129
GLOBAL	IV	9874950	9884949	0.0015275212879657	255	0.38951792843126	3	253.95337620579
GLOBAL	IV	9884950	9894949	0.00095597296767267	136	0.13001232360348	1	134.96784565916
GLOBAL	IV	9894950	9904949	NA	0	0	0	0
GLOBAL	IV	9904950	9914949	0	59	0	0	58.672025723473
GLOBAL	IV	9914950	9924949	0.001100871084706	118	0.12990278799531	1	117.51125401929
GLOBAL	IV	9924950	9934949	NA	0	0	0	0
GLOBAL	IV	9934950	9944949	NA	0	0	0	0
GLOBAL	IV	9944950	9954949	NA	0	0	0	0
GLOBAL	IV	9954950	9964949	NA	0	0	0	0
GLOBAL	IV	9964950	9974949	NA	0	0	0	0
GLOBAL	IV	9974950	9984949	0	126	0	0	125.39871382637
GLOBAL	IV	9984950	9994949	0	9	0	0	8.9340836012862
GLOBAL	IV	9994950	10004949	NA	0	0	0	0
GLOBAL	IV	10004950	10014949	0.0046384122653072	28	0.1298755434286	1	27.852090032154
GLOBAL	IV	10014950	10024949	NA	0	0	0	0
GLOBAL	IV	10024950	10034949	0	32	0	0	31.811897106109
GLOBAL	IV	10034950	10044949	0	89	0	0	88.601286173633
GLOBAL	IV	10044950	10054949	0.0007993182839228	325	0.25977844227491	2	323.79581993569
GLOBAL	IV	10054950	10064949	0	43	0	0	42.831189710611
GLOBAL	IV	10064950	10074949	NA	0	0	0	0
GLOBAL	IV	10074950	10084949	NA	0	0	0	0
GLOBAL	IV	10084950	10094949	NA	0	0	0	0
GLOBAL	IV	10094950	10104949	NA	0	0	0	0
GLOBAL	IV	10104950	10114949	0.00051846524322795	501	0.2597510868572	2	499.04662379421
GLOBAL	IV	10114950	10124949	NA	0	0	0	0
GLOBAL	IV	10124950	10134949	0	3	0	0	3
GLOBAL	IV	10134950	10144949	NA	0	0	0	0
GLOBAL	IV	10144950	10154949	NA	0	0	0	0
GLOBAL	IV	10154950	10164949	NA	0	0	0	0
GLOBAL	IV	10164950	10174949	0.0041882192357968	186	0.7790087778582	6	185.54501607717
GLOBAL	IV	10174950	10184949	NA	0	0	0	0
GLOBAL	IV	10184950	10194949	0	36	0	0	35.807073954984
GLOBAL	IV	10194950	10204949	NA	0	0	0	0
GLOBAL	IV	10204950	10214949	0.0036091722099322	72	0.25986039911512	2	71.639871382637
GLOBAL	IV	10214950	10224949	NA	0	0	0	0
GLOBAL	IV	10224950	10234949	0.002128885311938	122	0.25972400805644	2	121.82154340836
GLOBAL	IV	10234950	10244949	0.0022245539847522	584	1.2991395270953	10	581.48874598071
GLOBAL	IV	10244950	10254949	0.0059121558509136	22	0.1300674287201	1	21.778135048232
GLOBAL	IV	10254950	10264949	0.002037533256776	510	1.0391419609557	8	508.09807073955
GLOBAL	IV	10264950	10274949	0.0020301613936593	192	0.38979098758258	3	190.53536977492
GLOBAL	IV	10274950	10284949	NA	0	0	0	0
GLOBAL	IV	10284950	10294949	NA	0	0	0	0
GLOBAL	IV	10294950	10304949	NA	0	0	0	0
GLOBAL	IV	10304950	10314949	NA	0	0	0	0
GLOBAL	IV	10314950	10324949	NA	0	0	0	0
GLOBAL	IV	10324950	10334949	NA	0	0	0	0
GLOBAL	IV	10334950	10344949	NA	0	0	0	0
GLOBAL	IV	10344950	10354949	NA	0	0	0	0
GLOBAL	IV	10354950	10364949	NA	0	0	0	0
GLOBAL	IV	10364950	10374949	NA	0	0	0	0
GLOBAL	IV	10374950	10384949	NA	0	0	0	0
GLOBAL	IV	10384950	10394949	0	52	0	0	51.853697749196
GLOBAL	IV	10394950	10404949	NA	0	0	0	0
GLOBAL	IV	10404950	10414949	0.001791766039639	145	0.25980607574765	2	144.59003215434
GLOBAL	IV	10414950	10424949	0.0027439509349348	284	0.77928206552149	6	283.39549839228
GLOBAL	IV	10424950	10434949	0.002289405585341	227	0.51969506787241	4	226.10289389068
GLOBAL	IV	10434950	10444949	NA	0	0	0	0
GLOBAL	IV	10444950	10454949	NA	0	0	0	0
GLOBAL	IV	10454950	10464949	NA	0	0	0	0
GLOBAL	IV	10464950	10474949	0.0051939341674026	25	0.12984835418507	1	24.819935691318
GLOBAL	IV	10474950	10484949	0.00089068388957492	146	0.13003984787794	1	145.06591639871
GLOBAL	IV	10484950	10494949	NA	0	0	0	0
GLOBAL	IV	10494950	10504949	NA	0	0	0	0
GLOBAL	IV	10504950	10514949	NA	0	0	0	0
GLOBAL	IV	10514950	10524949	NA	0	0	0	0
GLOBAL	IV	10524950	10534949	NA	0	0	0	0
GLOBAL	IV	10534950	10544949	NA	0	0	0	0
GLOBAL	IV	10544950	10554949	NA	0	0	0	0
GLOBAL	IV	10554950	10564949	NA	0	0	0	0
GLOBAL	IV	10564950	10574949	NA	0	0	0	0
GLOBAL	IV	10574950	10584949	NA	0	0	0	0
GLOBAL	IV	10584950	10594949	NA	0	0	0	0
GLOBAL	IV	10594950	10604949	NA	0	0	0	0
GLOBAL	IV	10604950	10614949	NA	0	0	0	0
GLOBAL	IV	10614950	10624949	NA	0	0	0	0
GLOBAL	IV	10624950	10634949	NA	0	0	0	0
GLOBAL	IV	10634950	10644949	NA	0	0	0	0
GLOBAL	IV	10644950	10654949	NA	0	0	0	0
GLOBAL	IV	10654950	10664949	NA	0	0	0	0
GLOBAL	IV	10664950	10674949	NA	0	0	0	0
GLOBAL	IV	10674950	10684949	NA	0	0	0	0
GLOBAL	IV	10684950	10694949	0.0029740415346738	131	0.38959944104227	3	130.43408360129
GLOBAL	IV	10694950	10704949	0.00066318803921694	196	0.12998485568652	1	194.53376205788
GLOBAL	IV	10704950	10714949	NA	0	0	0	0
GLOBAL	IV	10714950	10724949	NA	0	0	0	0
GLOBAL	IV	10724950	10734949	NA	0	0	0	0
GLOBAL	IV	10734950	10744949	NA	0	0	0	0
GLOBAL	IV	10744950	10754949	NA	0	0	0	0
GLOBAL	IV	10754950	10764949	NA	0	0	0	0
GLOBAL	IV	10764950	10774949	NA	0	0	0	0
GLOBAL	IV	10774950	10784949	NA	0	0	0	0
GLOBAL	IV	10784950	10794949	0	20	0	0	19.929260450161
GLOBAL	IV	10794950	10804949	0.0049978393015736	52	0.25988764368183	2	51.659163987138
GLOBAL	IV	10804950	10814949	0	43	0	0	42.866559485531
GLOBAL	IV	10814950	10824949	NA	0	0	0	0
GLOBAL	IV	10824950	10834949	NA	0	0	0	0
GLOBAL	IV	10834950	10844949	NA	0	0	0	0
GLOBAL	IV	10844950	10854949	NA	0	0	0	0
GLOBAL	IV	10854950	10864949	NA	0	0	0	0
GLOBAL	IV	10864950	10874949	NA	0	0	0	0
GLOBAL	IV	10874950	10884949	NA	0	0	0	0
GLOBAL	IV	10884950	10894949	NA	0	0	0	0
GLOBAL	IV	10894950	10904949	NA	0	0	0	0
GLOBAL	IV	10904950	10914949	0.00053656344704572	242	0.12984835418507	1	241.14469453376
GLOBAL	IV	10914950	10924949	0.0016643746161684	156	0.25964244012227	2	154.94694533762
GLOBAL	IV	10924950	10934949	0	130	0	0	129.20418006431
GLOBAL	IV	10934950	10944949	0.00094093010279033	138	0.12984835418507	1	137.47749196141
GLOBAL	IV	10944950	10954949	NA	0	0	0	0
GLOBAL	IV	10954950	10964949	0.0016241261011231	80	0.12993008808984	1	79.541800643087
GLOBAL	IV	10964950	10974949	NA	0	0	0	0
GLOBAL	IV	10974950	10984949	NA	0	0	0	0
GLOBAL	IV	10984950	10994949	0	19	0	0	18.866344605475
GLOBAL	IV	10994950	11004949	0	92	0	0	91.633440514469
GLOBAL	IV	11004950	11014949	0.0016629209907855	79	0.13137075827206	1	78.964788732394
GLOBAL	IV	11014950	11024949	0.001895398352162	137	0.2596695742462	2	136.54340836013
GLOBAL	IV	11024950	11034949	0.0032465517228483	240	0.77917241348358	6	238.94372990354
GLOBAL	IV	11034950	11044949	0.0022646394392492	172	0.38951798355087	3	171.41318327974
GLOBAL	IV	11044950	11054949	0	93	0	0	92.45498392283
GLOBAL	IV	11054950	11064949	0.003467415629979	150	0.52011234449684	4	148.9115755627
GLOBAL	IV	11064950	11074949	NA	0	0	0	0
GLOBAL	IV	11074950	11084949	NA	0	0	0	0
GLOBAL	IV	11084950	11094949	0.00082688675198174	157	0.12982122006113	1	156.44533762058
GLOBAL	IV	11094950	11104949	NA	0	0	0	0
GLOBAL	IV	11104950	11114949	NA	0	0	0	0
GLOBAL	IV	11114950	11124949	NA	0	0	0	0
GLOBAL	IV	11124950	11134949	NA	0	0	0	0
GLOBAL	IV	11134950	11144949	NA	0	0	0	0
GLOBAL	IV	11144950	11154949	NA	0	0	0	0
GLOBAL	IV	11154950	11164949	NA	0	0	0	0
GLOBAL	IV	11164950	11174949	NA	0	0	0	0
GLOBAL	IV	11174950	11184949	NA	0	0	0	0
GLOBAL	IV	11184950	11194949	0.0022684511624778	229	0.51947531620742	4	227.74919614148
GLOBAL	IV	11194950	11204949	0.0021701684029063	359	0.77909045664337	6	357.77652733119
GLOBAL	IV	11204950	11214949	NA	0	0	0	0
GLOBAL	IV	11214950	11224949	NA	0	0	0	0
GLOBAL	IV	11224950	11234949	NA	0	0	0	0
GLOBAL	IV	11234950	11244949	NA	0	0	0	0
GLOBAL	IV	11244950	11254949	0.0068471087548061	19	0.13009506634132	1	18.848142164782
GLOBAL	IV	11254950	11264949	NA	0	0	0	0
GLOBAL	IV	11264950	11274949	0.0024195348923901	161	0.3895451176748	3	160.2652733119
GLOBAL	IV	11274950	11284949	NA	0	0	0	0
GLOBAL	IV	11284950	11294949	NA	0	0	0	0
GLOBAL	IV	11294950	11304949	NA	0	0	0	0
GLOBAL	IV	11304950	11314949	NA	0	0	0	0
GLOBAL	IV	11314950	11324949	0	43	0	0	42.815112540193
GLOBAL	IV	11324950	11334949	0.0020250162937099	193	0.39082814468601	3	191.71221864952
GLOBAL	IV	11334950	11344949	0.0024335227694325	107	0.26038693632928	2	106.45498392283
GLOBAL	IV	11344950	11354949	NA	0	0	0	0
GLOBAL	IV	11354950	11364949	0.020829787561956	150	3.1244681342934	24	148.18649517685
GLOBAL	IV	11364950	11374949	NA	0	0	0	0
GLOBAL	IV	11374950	11384949	NA	0	0	0	0
GLOBAL	IV	11384950	11394949	NA	0	0	0	0
GLOBAL	IV	11394950	11404949	NA	0	0	0	0
GLOBAL	IV	11404950	11414949	NA	0	0	0	0
GLOBAL	IV	11414950	11424949	NA	0	0	0	0
GLOBAL	IV	11424950	11434949	0.0022775652642304	57	0.12982122006113	1	56.697749196141
GLOBAL	IV	11434950	11444949	0.0020949892256379	124	0.2597786639791	2	123.65434083601
GLOBAL	IV	11444950	11454949	NA	0	0	0	0
GLOBAL	IV	11454950	11464949	NA	0	0	0	0
GLOBAL	IV	11464950	11474949	0.0060834502498705	175	1.0646037937273	8	172.15112540193
GLOBAL	IV	11474950	11484949	0.025282571248702	361	9.1270082207813	70	358.13344051447
GLOBAL	IV	11484950	11494949	NA	0	0	0	0
GLOBAL	IV	11494950	11504949	NA	0	0	0	0
GLOBAL	IV	11504950	11514949	0.0078712484092148	66	0.51950239500818	4	65.628617363344
GLOBAL	IV	11514950	11524949	0.022871072654165	199	4.5513434581788	35	197.50160771704
GLOBAL	IV	11524950	11534949	0	13	0	0	12.977455716586
GLOBAL	IV	11534950	11544949	0.0062834234161086	62	0.38957225179873	3	61.847266881029
GLOBAL	IV	11544950	11554949	0.0099946221607573	13	0.12993008808984	1	12.951768488746
GLOBAL	IV	11554950	11564949	NA	0	0	0	0
GLOBAL	IV	11564950	11574949	NA	0	0	0	0
GLOBAL	IV	11574950	11584949	NA	0	0	0	0
GLOBAL	IV	11584950	11594949	NA	0	0	0	0
GLOBAL	IV	11594950	11604949	0	62	0	0	60.594855305466
GLOBAL	IV	11604950	11614949	NA	0	0	0	0
GLOBAL	IV	11614950	11624949	0.0072175806653318	72	0.51966580790389	4	67.922829581994
GLOBAL	IV	11624950	11634949	0.012647596248425	113	1.429178376072	11	112.54180064309
GLOBAL	IV	11634950	11644949	0.042760154006507	122	5.2167387887938	40	120.19706840391
GLOBAL	IV	11644950	11654949	0.037741756652644	38	1.4341867528005	11	37.514469453376
GLOBAL	IV	11654950	11664949	0.051074494384539	158	8.0697701127572	62	155.66559485531
GLOBAL	IV	11664950	11674949	0.036394549717557	75	2.7295912288168	21	74.667202572347
GLOBAL	IV	11674950	11684949	0.037020510974873	144	5.3309535803817	41	142.7845659164
GLOBAL	IV	11684950	11694949	0.028248553025008	143	4.0395430825761	31	141.0884244373
GLOBAL	IV	11694950	11704949	0.022353250409585	105	2.3470912930064	18	103.59485530547
GLOBAL	IV	11704950	11714949	0.033531244826161	62	2.078937179222	16	61.67845659164
GLOBAL	IV	11714950	11724949	NA	0	0	0	0
GLOBAL	IV	11724950	11734949	NA	0	0	0	0
GLOBAL	IV	11734950	11744949	NA	0	0	0	0
GLOBAL	IV	11744950	11754949	NA	0	0	0	0
GLOBAL	IV	11754950	11764949	NA	0	0	0	0
GLOBAL	IV	11764950	11774949	NA	0	0	0	0
GLOBAL	IV	11774950	11784949	NA	0	0	0	0
GLOBAL	IV	11784950	11794949	NA	0	0	0	0
GLOBAL	IV	11794950	11804949	NA	0	0	0	0
GLOBAL	IV	11804950	11814949	NA	0	0	0	0
GLOBAL	IV	11814950	11824949	NA	0	0	0	0
GLOBAL	IV	11824950	11834949	0.031198529362046	296	9.2347646911655	71	293.50964630225
GLOBAL	IV	11834950	11844949	0.0039339763654889	66	0.25964244012227	2	63.553054662379
GLOBAL	IV	11844950	11854949	NA	0	0	0	0
GLOBAL	IV	11854950	11864949	NA	0	0	0	0
GLOBAL	IV	11864950	11874949	NA	0	0	0	0
GLOBAL	IV	11874950	11884949	0.00064434137530074	403	0.2596695742462	2	400.65112540193
GLOBAL	IV	11884950	11894949	0.0017361964907438	748	1.2986749750763	10	745.52893890675
GLOBAL	IV	11894950	11904949	0	185	0	0	183.90514469453
GLOBAL	IV	11904950	11914949	0.0056471616273637	69	0.38965415228809	3	68.662379421222
GLOBAL	IV	11914950	11924949	NA	0	0	0	0
GLOBAL	IV	11924950	11934949	NA	0	0	0	0
GLOBAL	IV	11934950	11944949	0.0010470547348637	248	0.2596695742462	2	246.83601286174
GLOBAL	IV	11944950	11954949	0.002835832917396	229	0.64940573808369	5	227.79742765273
GLOBAL	IV	11954950	11964949	0.0014925098182191	87	0.12984835418507	1	86.446945337621
GLOBAL	IV	11964950	11974949	0.0019244857480786	135	0.25980557599062	2	134.40353697749
GLOBAL	IV	11974950	11984949	NA	0	0	0	0
GLOBAL	IV	11984950	11994949	0.020638662357962	416	8.5856835409122	66	413.0192926045
GLOBAL	IV	11994950	12004949	0.037946476992774	291	11.042424804897	85	289.55627009646
GLOBAL	IV	12004950	12014949	0.023684336600357	170	4.0263372220607	31	169.38263665595
GLOBAL	IV	12014950	12024949	0.023880062372924	147	3.5103691688198	27	145.25241157556
GLOBAL	IV	12024950	12034949	0.022587859248734	138	3.1171245763253	24	137.30707395498
GLOBAL	IV	12034950	12044949	NA	0	0	0	0
GLOBAL	IV	12044950	12054949	0.013974999347068	186	2.5993498785546	20	184.5
GLOBAL	IV	12054950	12064949	0.0092943582166507	112	1.0409681202649	8	110.5884244373
GLOBAL	IV	12064950	12074949	0.026815165357348	126	3.3787108350259	26	125.11736334405
GLOBAL	IV	12074950	12084949	0.016077239617247	97	1.5594922428729	12	96.176848874598
GLOBAL	IV	12084950	12094949	0.017449760394362	216	3.7691482451822	29	214.04662379421
GLOBAL	IV	12094950	12104949	0.021353021462541	213	4.5481935715212	35	211.34887459807
GLOBAL	IV	12104950	12114949	NA	0	0	0	0
GLOBAL	IV	12114950	12124949	NA	0	0	0	0
GLOBAL	IV	12124950	12134949	NA	0	0	0	0
GLOBAL	IV	12134950	12144949	NA	0	0	0	0
GLOBAL	IV	12144950	12154949	NA	0	0	0	0
GLOBAL	IV	12154950	12164949	NA	0	0	0	0
GLOBAL	IV	12164950	12174949	NA	0	0	0	0
GLOBAL	IV	12174950	12184949	NA	0	0	0	0
GLOBAL	IV	12184950	12194949	0.0024701595368647	421	1.03993716502	8	416.54662379421
GLOBAL	IV	12194950	12204949	NA	0	0	0	0
GLOBAL	IV	12204950	12214949	0.011632455751579	112	1.3028350441768	10	108.91479099678
GLOBAL	IV	12214950	12224949	0.027364629911092	176	4.8161748643522	37	173.5691318328
GLOBAL	IV	12224950	12234949	0.011686984964377	35	0.40904447375321	3	23.855284552846
GLOBAL	IV	12234950	12244949	0.024296452688268	246	5.9769273613138	46	243.97749196141
GLOBAL	IV	12244950	12254949	0.020477076807678	311	6.3683708871879	49	307.79742765273
GLOBAL	IV	12254950	12264949	0.0071206006509815	146	1.0396076950433	8	144.81028938907
GLOBAL	IV	12264950	12274949	0.023557364069621	293	6.9023076723989	53	288.73794212219
GLOBAL	IV	12274950	12284949	0.022795919042105	309	7.0439389840106	54	304.21704180064
GLOBAL	IV	12284950	12294949	0.020335185895763	416	8.4594373326375	65	412.13183279743
GLOBAL	IV	12294950	12304949	0.027460506678763	218	5.9863904559703	46	215.91961414791
GLOBAL	IV	12304950	12314949	0.030695722211063	297	9.1166294966858	70	293.49678456592
GLOBAL	IV	12314950	12324949	0.022507608303896	318	7.1574194406388	55	314.59324758842
GLOBAL	IV	12324950	12334949	0.022839499941172	469	10.711725472409	82	460.36334405145
GLOBAL	IV	12334950	12344949	0.016721619068516	266	4.4479506722252	34	261.81028938907
GLOBAL	IV	12344950	12354949	NA	0	0	0	0
GLOBAL	IV	12354950	12364949	0.0022602557036214	230	0.51985881183292	4	228.6077170418
GLOBAL	IV	12364950	12374949	0.0020674950916816	377	0.77944564956396	6	374.68971061093
GLOBAL	IV	12374950	12384949	0	8	0	0	7.9741935483871
GLOBAL	IV	12384950	12394949	0.0026604652278055	342	0.90987910790948	7	339.66077170418
GLOBAL	IV	12394950	12404949	0.0017405510158241	76	0.13228187720263	1	74.199356913183
GLOBAL	IV	12404950	12414949	0	123	0	0	122.04340836013
GLOBAL	IV	12414950	12424949	0.0054927142256781	71	0.38998271002314	3	70.247588424437
GLOBAL	IV	12424950	12434949	0.0016034019983908	243	0.38962668560897	3	241.61414790997
GLOBAL	IV	12434950	12444949	0.0021313495672702	122	0.26002464720697	2	120.65434083601
GLOBAL	IV	12444950	12454949	0.0014022250751816	278	0.38981857090047	3	276.12861736334
GLOBAL	IV	12454950	12464949	0.0016238997605988	240	0.38973594254372	3	238.32475884244
GLOBAL	IV	12464950	12474949	0.0053247857778605	122	0.64962386489898	5	119.90675241158
GLOBAL	IV	12474950	12484949	NA	0	0	0	0
GLOBAL	IV	12484950	12494949	NA	0	0	0	0
GLOBAL	IV	12494950	12504949	NA	0	0	0	0
GLOBAL	IV	12504950	12514949	NA	0	0	0	0
GLOBAL	IV	12514950	12524949	NA	0	0	0	0
GLOBAL	IV	12524950	12534949	0.013176677215099	276	3.6367629113674	28	274.57234726688
GLOBAL	IV	12534950	12544949	0.022476899448731	318	7.1476540246965	55	315.37620578778
GLOBAL	IV	12544950	12554949	0.015549573869435	117	1.8193001427239	14	115.82154340836
GLOBAL	IV	12554950	12564949	0.019810344656841	197	3.9026378973977	30	195.40675241158
GLOBAL	IV	12564950	12574949	0.0015458137402984	84	0.12984835418507	1	72.083601286174
GLOBAL	IV	12574950	12584949	NA	0	0	0	0
GLOBAL	IV	12584950	12594949	NA	0	0	0	0
GLOBAL	IV	12594950	12604949	0.013354244103046	146	1.9497196390447	15	145.08038585209
GLOBAL	IV	12604950	12614949	NA	0	0	0	0
GLOBAL	IV	12614950	12624949	0.0037091777160324	35	0.12982122006113	1	34.911575562701
GLOBAL	IV	12624950	12634949	NA	0	0	0	0
GLOBAL	IV	12634950	12644949	NA	0	0	0	0
GLOBAL	IV	12644950	12654949	NA	0	0	0	0
GLOBAL	IV	12654950	12664949	NA	0	0	0	0
GLOBAL	IV	12664950	12674949	NA	0	0	0	0
GLOBAL	IV	12674950	12684949	0.002361868872642	55	0.12990278799531	1	54.665594855305
GLOBAL	IV	12684950	12694949	0.0068987833522102	416	2.8698938745194	22	407.05948553055
GLOBAL	IV	12694950	12704949	NA	0	0	0	0
GLOBAL	IV	12704950	12714949	NA	0	0	0	0
GLOBAL	IV	12714950	12724949	0.00094191924410522	138	0.12998485568652	1	136.45819935691
GLOBAL	IV	12724950	12734949	0.0011950069073581	326	0.38957225179873	3	323.36977491961
GLOBAL	IV	12734950	12744949	NA	0	0	0	0
GLOBAL	IV	12744950	12754949	0.022665460526166	236	5.3490486841753	41	233.3038585209
GLOBAL	IV	12754950	12764949	NA	0	0	0	0
GLOBAL	IV	12764950	12774949	0.021038528420389	204	4.2918597977594	33	202.08520900322
GLOBAL	IV	12774950	12784949	0.016513992800089	299	4.9376838472267	38	296.28135048232
GLOBAL	IV	12784950	12794949	0.021915443604387	113	2.4764451272957	19	111.13665594855
GLOBAL	IV	12794950	12804949	NA	0	0	0	0
GLOBAL	IV	12804950	12814949	0.019489854371329	247	4.8139940297183	37	245.54662379421
GLOBAL	IV	12814950	12824949	0.0081283523936887	32	0.26010727659804	2	31.50885668277
GLOBAL	IV	12824950	12834949	0.0010821829067236	240	0.25972389761367	2	237.62057877814
GLOBAL	IV	12834950	12844949	0	45	0	0	40.848874598071
GLOBAL	IV	12844950	12854949	0.0041355662338635	377	1.5591084701665	12	375.35530546624
GLOBAL	IV	12854950	12864949	0	21	0	0	20.950160771704
GLOBAL	IV	12864950	12874949	0.0023413341476984	222	0.51977618078904	4	220.44372990354
GLOBAL	IV	12874950	12884949	0.0033744543811242	77	0.25983298734656	2	76.442122186495
GLOBAL	IV	12884950	12894949	0.0013534387078816	192	0.25986023191327	2	190.33601286174
GLOBAL	IV	12894950	12904949	0.0021774473488067	179	0.38976307543641	3	177.97427652733
GLOBAL	IV	12904950	12914949	0.00072153079682556	180	0.1298755434286	1	177.56109324759
GLOBAL	IV	12914950	12924949	0.0021872848021062	297	0.64962358622555	5	293.63987138264
GLOBAL	IV	12924950	12934949	0.0017268137390271	226	0.39025990502012	3	224.51768488746
GLOBAL	IV	12934950	12944949	0.0034492302646777	113	0.38976301990858	3	112.2347266881
GLOBAL	IV	12944950	12954949	0.0012201324128473	426	0.51977640787294	4	423.24276527331
GLOBAL	IV	12954950	12964949	0	99	0	0	98.400321543408
GLOBAL	IV	12964950	12974949	0.0021601650232259	241	0.52059977059744	4	238.63183279743
GLOBAL	IV	12974950	12984949	0.0028948818882233	314	0.90899291290213	7	312.31189710611
GLOBAL	IV	12984950	12994949	0.002724474713568	143	0.38959988404023	3	141.83440514469
GLOBAL	IV	12994950	13004949	0.0046070654682128	141	0.64959623101801	5	139.86495176849
GLOBAL	IV	13004950	13014949	NA	0	0	0	0
GLOBAL	IV	13014950	13024949	0.0026813966558787	339	0.90899346634287	7	337.59324758842
GLOBAL	IV	13024950	13034949	0.00042434102674858	306	0.12984835418507	1	301.18810289389
GLOBAL	IV	13034950	13044949	NA	0	0	0	0
GLOBAL	IV	13044950	13054949	NA	0	0	0	0
GLOBAL	IV	13054950	13064949	NA	0	0	0	0
GLOBAL	IV	13064950	13074949	NA	0	0	0	0
GLOBAL	IV	13074950	13084949	NA	0	0	0	0
GLOBAL	IV	13084950	13094949	0.0025211958142521	206	0.51936633773593	4	205.19292604502
GLOBAL	IV	13094950	13104949	NA	0	0	0	0
GLOBAL	IV	13104950	13114949	0.0024382122235305	213	0.519339203612	4	211.85048231511
GLOBAL	IV	13114950	13124949	0.0008161487189783	637	0.51988673398918	4	633.98553054662
GLOBAL	IV	13124950	13134949	0.00065752885471814	395	0.25972389761367	2	393.66398713826
GLOBAL	IV	13134950	13144949	0.0022286276944211	641	1.4285503521239	11	638.32475884244
GLOBAL	IV	13144950	13154949	0.00043148021072625	301	0.1298755434286	1	299.49678456592
GLOBAL	IV	13154950	13164949	0.001515421927771	686	1.0395794424509	8	683.25562700965
GLOBAL	IV	13164950	13174949	0.0016735845477227	776	1.2987016090328	10	771.37459807074
GLOBAL	IV	13174950	13184949	0.021201552954064	282	5.978837933046	46	279.10128617363
GLOBAL	IV	13184950	13194949	0.007226566620322	54	0.39023459749739	3	53.266881028939
GLOBAL	IV	13194950	13204949	0.027195369680995	43	1.1694008962828	9	42.610932475884
GLOBAL	IV	13204950	13214949	0.020301687536108	224	4.5475780080881	35	222.54662379421
GLOBAL	IV	13214950	13224949	NA	0	0	0	0
GLOBAL	IV	13224950	13234949	NA	0	0	0	0
GLOBAL	IV	13234950	13244949	0.0037116416722242	210	0.77944475116708	6	209.13344051447
GLOBAL	IV	13244950	13254949	0.00086268961543587	301	0.2596695742462	2	298.66881028939
GLOBAL	IV	13254950	13264949	0.0028687830155558	317	0.90940421593118	7	314.91479099678
GLOBAL	IV	13264950	13274949	0.0016397515992237	398	0.65262113649103	5	391.45498392283
GLOBAL	IV	13274950	13284949	0.0024056926462366	324	0.77944441738065	6	322.47427652733
GLOBAL	IV	13284950	13294949	0.0016670607153656	469	0.78185147550646	6	465.82475884244
GLOBAL	IV	13294950	13304949	NA	0	0	0	0
GLOBAL	IV	13304950	13314949	0.0018664233746845	348	0.64951533439021	5	345.69935691318
GLOBAL	IV	13314950	13324949	NA	0	0	0	0
GLOBAL	IV	13324950	13334949	0	10	0	0	9.9790996784566
GLOBAL	IV	13334950	13344949	0.0017126456239401	455	0.77925375889274	6	452.51286173633
GLOBAL	IV	13344950	13354949	0.001811353770471	287	0.51985853212517	4	285.63183279743
GLOBAL	IV	13354950	13364949	0.0016241325727816	320	0.51972242329012	4	318.77813504823
GLOBAL	IV	13364950	13374949	0.0030041700111826	173	0.51972141193459	4	172.36173633441
GLOBAL	IV	13374950	13384949	0.003764116058789	138	0.51944801611288	4	137.73633440514
GLOBAL	IV	13384950	13394949	0.0047522121592884	164	0.7793627941233	6	162.9501607717
GLOBAL	IV	13394950	13404949	NA	0	0	0	0
GLOBAL	IV	13404950	13414949	0.0018759545103357	277	0.51963939936298	4	276.11414790997
GLOBAL	IV	13414950	13424949	0.0015844190195492	574	0.90945651722126	7	572.06430868167
GLOBAL	IV	13424950	13434949	0.0016118834756731	564	0.90910228027965	7	561.46784565916
GLOBAL	IV	13434950	13444949	0.0024743034919404	735	1.8186130665762	14	732.69292604502
GLOBAL	IV	13444950	13454949	0	84	0	0	83.638263665595
GLOBAL	IV	13454950	13464949	0.0014470677044007	449	0.64973339927591	5	446.89710610932
GLOBAL	IV	13464950	13474949	0.00051721601617981	251	0.12982122006113	1	250.24758842444
GLOBAL	IV	13474950	13484949	NA	0	0	0	0
GLOBAL	IV	13484950	13494949	0	28	0	0	27.807073954984
GLOBAL	IV	13494950	13504949	0.002753741565959	283	0.7793088631664	6	281.60610932476
GLOBAL	IV	13504950	13514949	0.0016075068350412	404	0.64943276135663	5	402.77170418006
GLOBAL	IV	13514950	13524949	NA	0	0	0	0
GLOBAL	IV	13524950	13534949	0.0014928224972344	348	0.51950222903757	4	347.02733118971
GLOBAL	IV	13534950	13544949	0.01020492180046	511	5.2147150400349	40	504.04662379421
GLOBAL	IV	13544950	13554949	0.015320611097371	568	8.7021071033067	67	566.08360128617
GLOBAL	IV	13554950	13564949	0.015321723694507	416	6.3738370569149	49	414.76205787781
GLOBAL	IV	13564950	13574949	0.02274025473381	235	5.3439598624453	41	232.90192926045
GLOBAL	IV	13574950	13584949	0.014545747392129	179	2.6036887831911	20	177.91800643087
GLOBAL	IV	13584950	13594949	0.022715676174154	263	5.9742228338025	46	262.41961414791
GLOBAL	IV	13594950	13604949	0.014246262620648	319	4.5445577759866	35	318.35530546624
GLOBAL	IV	13604950	13614949	0.024138574414037	624	15.062470434359	116	622.61575562701
GLOBAL	IV	13614950	13624949	0.019856916675688	739	14.674261423334	113	737.77170418006
GLOBAL	IV	13624950	13634949	0.018888198912124	330	6.233105641001	48	329.35048231511
GLOBAL	IV	13634950	13644949	0.011683703784854	578	6.7531807876455	52	576.66077170418
GLOBAL	IV	13644950	13654949	0.011230572202302	266	2.9873322058123	23	265.1077170418
GLOBAL	IV	13654950	13664949	0.012149988038595	139	1.6888483373647	13	138.55948553055
GLOBAL	IV	13664950	13674949	0.014796998040009	79	1.1689628451607	9	78.852090032154
GLOBAL	IV	13674950	13684949	0.016413255465555	277	4.5464717639588	35	276.2652733119
GLOBAL	IV	13684950	13694949	0.016140533564663	346	5.5846246133733	43	345.47266881029
GLOBAL	IV	13694950	13704949	0.022447139658719	395	8.8666201651938	68	387.44855305466
GLOBAL	IV	13704950	13714949	0.016627704123416	414	6.8838695070941	53	412.19292604502
GLOBAL	IV	13714950	13724949	0.010071543124896	245	2.4675280655996	19	244.43729903537
GLOBAL	IV	13724950	13734949	0.0059316233333533	416	2.467555306675	19	415.15112540193
GLOBAL	IV	13734950	13744949	0.0067176655669302	638	4.2858706317015	33	636.9501607717
GLOBAL	IV	13744950	13754949	0.0086358148392472	722	6.2350583139365	48	720.25723472669
GLOBAL	IV	13754950	13764949	0.0075298100551529	414	3.1173413628333	24	413.40996784566
GLOBAL	IV	13764950	13774949	0.0099562534348243	587	5.8443207662418	45	586.14147909968
GLOBAL	IV	13774950	13784949	0.0056190938497087	208	1.1687715207394	9	207.6575562701
GLOBAL	IV	13784950	13794949	0.0037539931568646	243	0.91222033711811	7	241.03697749196
GLOBAL	IV	13794950	13804949	NA	0	0	0	0
GLOBAL	IV	13804950	13814949	0.0045533462041093	713	3.24653584353	25	711.79421221865
GLOBAL	IV	13814950	13824949	0.0040914298954669	254	1.0392231934486	8	253.66077170418
GLOBAL	IV	13824950	13834949	0.0033297552997211	351	1.1687441102021	9	350.60450160772
GLOBAL	IV	13834950	13844949	0.0028978327191486	493	1.4286315305403	11	492.4421221865
GLOBAL	IV	13844950	13854949	0.0051635703983326	478	2.468186650403	19	477.10932475884
GLOBAL	IV	13854950	13864949	0.0039828876520551	750	2.9871657390413	23	748.68006430868
GLOBAL	IV	13864950	13874949	0.0064937266733902	500	3.2468633366951	25	498.83118971061
GLOBAL	IV	13874950	13884949	0.0051112253918797	432	2.208049369292	17	431.15916398714
GLOBAL	IV	13884950	13894949	0.0036573179471295	142	0.5193391484924	4	141.91479099678
GLOBAL	IV	13894950	13904949	0.0038852814795425	301	1.1694697253423	9	300.4421221865
GLOBAL	IV	13904950	13914949	0.0033154519697798	940	3.116524851593	24	935.51125401929
GLOBAL	IV	13914950	13924949	0.0028904979563426	629	1.8181232145395	14	627.61414790997
GLOBAL	IV	13924950	13934949	0.0022891248489456	624	1.4284139057421	11	623.25884244373
GLOBAL	IV	13934950	13944949	0.0011196758276876	464	0.51952958404706	4	463.08681672026
GLOBAL	IV	13944950	13954949	0.0032018150332831	365	1.1686624871483	9	363.75562700965
GLOBAL	IV	13954950	13964949	NA	0	0	0	0
GLOBAL	V	54423	64422	0.014397838916958	704	10.136078597538	78	698.78938906752
GLOBAL	V	64423	74422	0.012403073192618	576	7.144170158948	55	573.2845659164
GLOBAL	V	74423	84422	0.023585591198527	303	7.1464341331537	55	301.69292604502
GLOBAL	V	84423	94422	0.015602999288075	791	12.341972436867	95	788.19453376206
GLOBAL	V	94423	104422	0.017538149278224	237	4.1565413789391	32	235.94372990354
GLOBAL	V	104423	114422	0.01851134333039	428	7.9228549454069	61	425.83279742765
GLOBAL	V	114423	124422	0.019784582465157	394	7.7951254912718	60	391.14951768489
GLOBAL	V	124423	134422	NA	0	0	0	0
GLOBAL	V	134423	144422	0.0091804560353597	184	1.6892039105062	13	182.92282958199
GLOBAL	V	144423	154422	0.015025564538304	147	2.2087579871307	17	145.84083601286
GLOBAL	V	154423	164422	0.017476040811988	461	8.0564548143263	62	458.38424437299
GLOBAL	V	164423	174422	0.014825343915739	403	5.9746135980427	46	401.44694533762
GLOBAL	V	174423	184422	0.013056278341571	219	2.859324956804	22	216.96463022508
GLOBAL	V	184423	194422	0.021505766724079	302	6.4947415506718	50	300.32797427653
GLOBAL	V	194423	204422	0.012285900035398	74	0.90915660261944	7	73.337620578778
GLOBAL	V	204423	214422	0.016713926540627	412	6.8861377347385	53	410.45659163987
GLOBAL	V	214423	224422	0.013842561587593	122	1.6887925136863	13	121.55466237942
GLOBAL	V	224423	234422	0.015865525919581	254	4.0298435835736	31	252.75723472669
GLOBAL	V	234423	244422	0.01959910265917	643	12.602223009846	97	640.53697749196
GLOBAL	V	244423	254422	0.016865583365473	447	7.5389157643662	58	444.82475884244
GLOBAL	V	254423	264422	0.01915791757143	468	8.9659054234291	69	465.83922829582
GLOBAL	V	264423	274422	0.020031658716353	493	9.8756077471618	76	490.61575562701
GLOBAL	V	274423	284422	0.015133418693662	395	5.9777003839964	46	393.47909967846
GLOBAL	V	284423	294422	0.017994025424612	195	3.5088349577994	27	193.83762057878
GLOBAL	V	294423	304422	NA	0	0	0	0
GLOBAL	V	304423	314422	NA	0	0	0	0
GLOBAL	V	314423	324422	0.0027336495617908	95	0.25969670837013	2	94.509646302251
GLOBAL	V	324423	334422	0.0008273198798564	314	0.25977844227491	2	312.71864951768
GLOBAL	V	334423	344422	NA	0	0	0	0
GLOBAL	V	344423	354422	0.00099141734901822	393	0.38962701816416	3	391.54501607717
GLOBAL	V	354423	364422	0.0015114518103084	86	0.12998485568652	1	85.5
GLOBAL	V	364423	374422	NA	0	0	0	0
GLOBAL	V	374423	384422	NA	0	0	0	0
GLOBAL	V	384423	394422	0.0023615623059991	440	1.0390874146396	8	439.1463022508
GLOBAL	V	394423	404422	0.0011102802392761	117	0.12990278799531	1	116.68167202572
GLOBAL	V	404423	414422	0.0017449711506533	521	0.90912996949039	7	519.17041800643
GLOBAL	V	414423	424422	0.0012787015029396	711	0.90915676859005	7	709.77009646302
GLOBAL	V	424423	434422	0.0017867794882168	218	0.38951792843126	3	217.38424437299
GLOBAL	V	434423	444422	0.0012857621427478	404	0.51944790567011	4	403.18971061093
GLOBAL	V	444423	454422	0.00074635929403265	522	0.38959955148504	3	520.35209003215
GLOBAL	V	454423	464422	0.0017200863209234	453	0.77919910337831	6	452.22668810289
GLOBAL	V	464423	474422	0.0020447493611651	254	0.51936633773593	4	253.47909967846
GLOBAL	V	474423	484422	0.00080153305052509	162	0.12984835418507	1	161.70257234727
GLOBAL	V	484423	494422	0.0011729392769225	443	0.51961209967667	4	442.21704180064
GLOBAL	V	494423	504422	0.0010070002935956	258	0.25980607574765	2	256.52411575563
GLOBAL	V	504423	514422	0.001276520301084	814	1.0390875250824	8	811.70418006431
GLOBAL	V	514423	524422	0.0011880545666149	328	0.38968189784968	3	326.39710610932
GLOBAL	V	524423	534422	0.0013304695199411	488	0.64926912573124	5	486.69774919614
GLOBAL	V	534423	544422	0.0096204126733472	27	0.25975114218037	2	26.938906752412
GLOBAL	V	544423	554422	NA	0	0	0	0
GLOBAL	V	554423	564422	NA	0	0	0	0
GLOBAL	V	564423	574422	0.045439239321788	163	7.4065960094514	57	162.30546623794
GLOBAL	V	574423	584422	NA	0	0	0	0
GLOBAL	V	584423	594422	0.032475714351342	16	0.51961142962147	4	15.951768488746
GLOBAL	V	594423	604422	0.056280495990696	97	5.4592081110975	42	96.231511254019
GLOBAL	V	604423	614422	0.028258738612653	92	2.5998039523641	20	91.524115755627
GLOBAL	V	614423	624422	NA	0	0	0	0
GLOBAL	V	624423	634422	NA	0	0	0	0
GLOBAL	V	634423	644422	NA	0	0	0	0
GLOBAL	V	644423	654422	NA	0	0	0	0
GLOBAL	V	654423	664422	0.036849502743488	582	21.44641059671	165	578.00482315113
GLOBAL	V	664423	674422	0.035797959249253	294	10.52460001928	81	293.0192926045
GLOBAL	V	674423	684422	NA	0	0	0	0
GLOBAL	V	684423	694422	NA	0	0	0	0
GLOBAL	V	694423	704422	NA	0	0	0	0
GLOBAL	V	704423	714422	NA	0	0	0	0
GLOBAL	V	714423	724422	0.023714892253275	137	3.2489402386987	25	136.54019292605
GLOBAL	V	724423	734422	0.012032595234029	54	0.64976014263757	5	53.816720257235
GLOBAL	V	734423	744422	0.029030377929819	506	14.689371232489	113	503.85852090032
GLOBAL	V	744423	754422	0.049089826925316	167	8.1980010965278	63	164.62379421222
GLOBAL	V	754423	764422	0.030399937936211	137	4.1647914972608	32	135.54662379421
GLOBAL	V	764423	774422	0.032211056162951	242	7.7950755914341	60	240.84083601286
GLOBAL	V	774423	784422	0.04127165152674	101	4.1684368042007	32	100.02572347267
GLOBAL	V	784423	794422	0.037584264590917	170	6.3893249804559	49	166.85346215781
GLOBAL	V	794423	804422	0.041725872501818	128	5.3409116802327	41	125.75040257649
GLOBAL	V	804423	814422	NA	0	0	0	0
GLOBAL	V	814423	824422	NA	0	0	0	0
GLOBAL	V	824423	834422	NA	0	0	0	0
GLOBAL	V	834423	844422	0	8	0	0	7.983922829582
GLOBAL	V	844423	854422	0.010041470535884	207	2.078584400928	16	206.47106109325
GLOBAL	V	854423	864422	0.01569465949817	356	5.5872987813485	43	355.10610932476
GLOBAL	V	864423	874422	0.0019201642258718	609	1.1693800135559	9	607.10289389068
GLOBAL	V	874423	884422	NA	0	0	0	0
GLOBAL	V	884423	894422	0.028959437387743	220	6.3710762253034	49	218.48874598071
GLOBAL	V	894423	904422	NA	0	0	0	0
GLOBAL	V	904423	914422	NA	0	0	0	0
GLOBAL	V	914423	924422	NA	0	0	0	0
GLOBAL	V	924423	934422	NA	0	0	0	0
GLOBAL	V	934423	944422	0.0022012803970949	59	0.1298755434286	1	58.059485530547
GLOBAL	V	944423	954422	0	10	0	0	9.9496753246753
GLOBAL	V	954423	964422	NA	0	0	0	0
GLOBAL	V	964423	974422	0.0028880988992248	360	1.0397156037209	8	358.84726688103
GLOBAL	V	974423	984422	0.00099683651006754	391	0.38976307543641	3	389.78938906752
GLOBAL	V	984423	994422	0.01853401617909	407	7.5433445848895	58	404.74758842444
GLOBAL	V	994423	1004422	0.0024511305768896	424	1.0392793646012	8	421.6077170418
GLOBAL	V	1004423	1014422	0.00097136654252086	401	0.38951798355087	3	399.62861736334
GLOBAL	V	1014423	1024422	0.00072952340042612	712	0.5194206611034	4	709.09003215434
GLOBAL	V	1024423	1034422	0.0017368171606237	524	0.91009219216682	7	518.76848874598
GLOBAL	V	1034423	1044422	0.010877717290538	538	5.8522119023093	45	535.66559485531
GLOBAL	V	1044423	1054422	0.02587144105638	659	17.049279656155	131	653.86495176849
GLOBAL	V	1054423	1064422	0.033703373338798	340	11.459146935191	88	336.03054662379
GLOBAL	V	1064423	1074422	0.022869154410507	199	4.5509617276909	35	197.45337620579
GLOBAL	V	1074423	1084422	0.026280237957556	5	0.13140118978778	1	4.9112903225806
GLOBAL	V	1084423	1094422	0.019955562554408	606	12.093070907971	93	601.97909967846
GLOBAL	V	1094423	1104422	0.013828773719695	94	1.2999047296513	10	93.496784565916
GLOBAL	V	1104423	1114422	0.0018683220394945	139	0.25969676348973	2	137.53697749196
GLOBAL	V	1114423	1124422	0.0011544506313729	450	0.51950278411778	4	448.83601286174
GLOBAL	V	1124423	1134422	0.0029151862481024	490	1.4284412615702	11	489.22025723473
GLOBAL	V	1134423	1144422	NA	0	0	0	0
GLOBAL	V	1144423	1154422	0.0019678127333059	264	0.51950256159276	4	262.91800643087
GLOBAL	V	1154423	1164422	0.0040285333502437	613	2.4694909436994	19	609.1961414791
GLOBAL	V	1164423	1174422	0.019860971215838	458	9.0963248168537	70	455.84887459807
GLOBAL	V	1174423	1184422	0.014369263323408	407	5.8482901726272	45	405.17363344051
GLOBAL	V	1184423	1194422	0.0013254013468321	196	0.2597786639791	2	195.16237942122
GLOBAL	V	1194423	1204422	0.0024659927315163	158	0.38962685157958	3	157.24276527331
GLOBAL	V	1204423	1214422	NA	0	0	0	0
GLOBAL	V	1214423	1224422	0.029871523113071	87	2.5988225108372	20	86.265700483092
GLOBAL	V	1224423	1234422	0.022377995996099	302	6.7581547908218	52	300.59742351047
GLOBAL	V	1234423	1244422	0	3	0	0	2.9466019417476
GLOBAL	V	1244423	1254422	0.0089914135397682	896	8.0563065316323	62	892.51125401929
GLOBAL	V	1254423	1264422	0.0026372772777608	394	1.0390872474377	8	392.36655948553
GLOBAL	V	1264423	1274422	0.0038015017588099	205	0.77930786055602	6	204.00482315113
GLOBAL	V	1274423	1284422	0.0024715393455373	578	1.4285497417206	11	576.02090032154
GLOBAL	V	1284423	1294422	0.0010868248626794	239	0.25975114218037	2	236.88102893891
GLOBAL	V	1294423	1304422	0.0012376899420758	105	0.12995744391796	1	104.60289389068
GLOBAL	V	1304423	1314422	0.0070188321932789	74	0.51939358230264	4	73.713826366559
GLOBAL	V	1314423	1324422	0.00069281546160807	375	0.25980579810303	2	373.69774919614
GLOBAL	V	1324423	1334422	0.0017673873960043	441	0.77941784163789	6	439.54823151125
GLOBAL	V	1334423	1344422	0.0011299064689034	345	0.38981773177167	3	343.97266881029
GLOBAL	V	1344423	1354422	0.0017109395212852	761	1.302024975698	10	755.72668810289
GLOBAL	V	1354423	1364422	0.0014401250937063	361	0.51988515882798	4	359.70418006431
GLOBAL	V	1364423	1374422	0.0020872427296577	249	0.51972343968476	4	248.11736334405
GLOBAL	V	1374423	1384422	0.0015690824248227	331	0.51936628261633	4	329.9421221865
GLOBAL	V	1384423	1394422	0.0095703213291944	828	7.924226060573	61	825.17041800643
GLOBAL	V	1394423	1404422	0.0014391411970362	361	0.51952997213007	4	360.17845659164
GLOBAL	V	1404423	1414422	0.0040405771537908	675	2.7273895788088	21	672.88424437299
GLOBAL	V	1414423	1424422	0.025157650837424	1110	27.92499242954	215	1107.0032154341
GLOBAL	V	1424423	1434422	0.0016526403048623	393	0.6494876398109	5	391.77331189711
GLOBAL	V	1434423	1444422	0.0020133640830776	516	1.038895866868	8	514.35209003215
GLOBAL	V	1444423	1454422	0.0022490477450091	462	1.0390600581942	8	460.68649517685
GLOBAL	V	1454423	1464422	0.0027046087512736	48	0.12982122006113	1	47.927652733119
GLOBAL	V	1464423	1474422	0.0093637316689883	319	2.9870304024073	23	318.1463022508
GLOBAL	V	1474423	1484422	0.020701111653644	778	16.105464866535	124	775.42604501608
GLOBAL	V	1484423	1494422	NA	0	0	0	0
GLOBAL	V	1494423	1504422	NA	0	0	0	0
GLOBAL	V	1504423	1514422	0.028186796158932	262	7.3849405936401	56	253.0692431562
GLOBAL	V	1514423	1524422	NA	0	0	0	0
GLOBAL	V	1524423	1534422	NA	0	0	0	0
GLOBAL	V	1534423	1544422	0.044535364144023	310	13.805962884647	106	306.68233387358
GLOBAL	V	1544423	1554422	0.032241970025826	141	4.5461177736414	35	140.47909967846
GLOBAL	V	1554423	1564422	NA	0	0	0	0
GLOBAL	V	1564423	1574422	NA	0	0	0	0
GLOBAL	V	1574423	1584422	0.041188090848993	41	1.6887117248087	13	40.831189710611
GLOBAL	V	1584423	1594422	0.044621173141266	35	1.5617410599443	12	34.191318327974
GLOBAL	V	1594423	1604422	0.025976226959476	150	3.8964340439214	30	149.54180064309
GLOBAL	V	1604423	1614422	NA	0	0	0	0
GLOBAL	V	1614423	1624422	0.018549770401357	70	1.298483928095	10	69.808681672026
GLOBAL	V	1624423	1634422	NA	0	0	0	0
GLOBAL	V	1634423	1644422	NA	0	0	0	0
GLOBAL	V	1644423	1654422	NA	0	0	0	0
GLOBAL	V	1654423	1664422	0.0028030696806401	139	0.38962668560897	3	138.42122186495
GLOBAL	V	1664423	1674422	0.004092073033073	127	0.51969327520027	4	126.42765273312
GLOBAL	V	1674423	1684422	NA	0	0	0	0
GLOBAL	V	1684423	1694422	0.0023870186419545	272	0.64926907061164	5	270.97106109325
GLOBAL	V	1694423	1704422	0.00088924838882952	438	0.38949079430733	3	436.82636655949
GLOBAL	V	1704423	1714422	0.0014290443365572	909	1.2990013019305	10	906.44051446945
GLOBAL	V	1714423	1724422	0.0024242724501579	375	0.9091021688092	7	373.65112540193
GLOBAL	V	1724423	1734422	NA	0	0	0	0
GLOBAL	V	1734423	1744422	NA	0	0	0	0
GLOBAL	V	1744423	1754422	0.00055254618802155	235	0.12984835418507	1	233.07877813505
GLOBAL	V	1754423	1764422	NA	0	0	0	0
GLOBAL	V	1764423	1774422	0.0016057931585416	162	0.26013849168374	2	161.18006430868
GLOBAL	V	1774423	1784422	0.0019177071504547	474	0.90899318931551	7	471.33118971061
GLOBAL	V	1784423	1794422	0.002051903361886	443	0.90899318931551	7	440.85691318328
GLOBAL	V	1794423	1804422	0.0027049481574878	240	0.64918755779706	5	239.73311897106
GLOBAL	V	1804423	1814422	0.0010385697604891	125	0.12982122006113	1	124.59485530547
GLOBAL	V	1814423	1824422	0	381	0	0	379.8536977492
GLOBAL	V	1824423	1834422	0.00061025753843437	213	0.12998485568652	1	212.63183279743
GLOBAL	V	1834423	1844422	0.0026875539694823	290	0.77939065114987	6	289.10450160772
GLOBAL	V	1844423	1854422	0.0013718297969579	284	0.38959966233604	3	282.37781350482
GLOBAL	V	1854423	1864422	0.0018117112950291	215	0.38951792843126	3	214.48553054662
GLOBAL	V	1864423	1874422	0.0010565645846989	123	0.12995744391796	1	122.6463022508
GLOBAL	V	1874423	1884422	0.0024396305496683	213	0.51964130707936	4	211.84405144695
GLOBAL	V	1884423	1894422	0.0028752503255233	452	1.2996131471365	10	448.53054662379
GLOBAL	V	1894423	1904422	0.0020059072330553	259	0.51952997336132	4	258.36816720257
GLOBAL	V	1904423	1914422	NA	0	0	0	0
GLOBAL	V	1914423	1924422	0.0038059555171725	447	1.7012621161761	13	444.72186495177
GLOBAL	V	1924423	1934422	0.001587130919577	491	0.7792812815123	6	489.06270096463
GLOBAL	V	1934423	1944422	0.0019987861433919	195	0.38976329796143	3	194.48231511254
GLOBAL	V	1944423	1954422	0	364	0	0	362.8231511254
GLOBAL	V	1954423	1964422	0.0018547826731871	140	0.2596695742462	2	139.64951768489
GLOBAL	V	1964423	1974422	NA	0	0	0	0
GLOBAL	V	1974423	1984422	NA	0	0	0	0
GLOBAL	V	1984423	1994422	0.00075477453523914	172	0.12982122006113	1	171.4421221865
GLOBAL	V	1994423	2004422	0.020194734834542	418	8.4413991608386	65	416.7540192926
GLOBAL	V	2004423	2014422	NA	0	0	0	0
GLOBAL	V	2014423	2024422	0.0026028305166241	499	1.2988124277954	10	496.20257234727
GLOBAL	V	2024423	2034422	0.00060102416694969	216	0.12982122006113	1	215.12540192926
GLOBAL	V	2034423	2044422	0.020634290842171	296	6.1077500892827	47	294.06270096463
GLOBAL	V	2044423	2054422	0.01412399292931	607	8.5732637080914	66	604.92282958199
GLOBAL	V	2054423	2064422	0.0012716999600995	715	0.90926547147117	7	712.93247588424
GLOBAL	V	2064423	2074422	0	113	0	0	112.67041800643
GLOBAL	V	2074423	2084422	NA	0	0	0	0
GLOBAL	V	2084423	2094422	NA	0	0	0	0
GLOBAL	V	2094423	2104422	NA	0	0	0	0
GLOBAL	V	2104423	2114422	0.0023613740198216	110	0.25975114218037	2	109.72186495177
GLOBAL	V	2114423	2124422	0.0010822961952383	120	0.1298755434286	1	119.40032154341
GLOBAL	V	2124423	2134422	0.0014188111482091	183	0.25964244012227	2	181.05948553055
GLOBAL	V	2134423	2144422	0.010104625734107	437	4.4157214458046	34	434.94694533762
GLOBAL	V	2144423	2154422	0.018696247062481	257	4.8049354950576	37	255.62540192926
GLOBAL	V	2154423	2164422	0.0096717008138431	148	1.4314117204488	11	145.36495176849
GLOBAL	V	2164423	2174422	0.0030711222374362	423	1.2990847064355	10	419.9421221865
GLOBAL	V	2174423	2184422	0.0061884510422944	42	0.25991494377636	2	41.967637540453
GLOBAL	V	2184423	2194422	0.0012177559307803	320	0.38968189784968	3	318.63665594855
GLOBAL	V	2194423	2204422	0.0024677230822345	158	0.38990024699306	3	156.96784565916
GLOBAL	V	2204423	2214422	0.0019533591913871	399	0.77939031736343	6	396.90514469453
GLOBAL	V	2214423	2224422	0.0015720701271877	248	0.38987339154255	3	246.52090032154
GLOBAL	V	2224423	2234422	0.0024306513622044	107	0.26007969575588	2	106.4115755627
GLOBAL	V	2234423	2244422	0.001078429720799	602	0.649214691921	5	599.86012861736
GLOBAL	V	2244423	2254422	0.012768497111406	234	2.9878283240691	23	232.7540192926
GLOBAL	V	2254423	2264422	NA	0	0	0	0
GLOBAL	V	2264423	2274422	0.015714853486627	265	4.1644361739561	32	263.52090032154
GLOBAL	V	2274423	2284422	0.022337828567008	64	1.4296210282885	11	61.548231511254
GLOBAL	V	2284423	2294422	0.009802442898194	53	0.51952947360428	4	52.922829581994
GLOBAL	V	2294423	2304422	NA	0	0	0	0
GLOBAL	V	2304423	2314422	NA	0	0	0	0
GLOBAL	V	2314423	2324422	0	10	0	0	9.9823151125402
GLOBAL	V	2324423	2334422	0.0025324559371709	564	1.4283051485644	11	562.10289389068
GLOBAL	V	2334423	2344422	0.00056004452238876	696	0.38979098758258	3	693.26848874598
GLOBAL	V	2344423	2354422	0.0015103103027455	430	0.64943343018058	5	428.58360128617
GLOBAL	V	2354423	2364422	0.0048126177222977	162	0.77964407101222	6	160.94855305466
GLOBAL	V	2364423	2374422	0.0027130895728717	718	1.9479983133219	15	716.24115755627
GLOBAL	V	2374423	2384422	0.022642625085532	425	9.6231156613512	74	422.60128617363
GLOBAL	V	2384423	2394422	0.034878513081513	46	1.6044116017496	12	42.090614886731
GLOBAL	V	2394423	2404422	NA	0	0	0	0
GLOBAL	V	2404423	2414422	0.01874496637708	423	7.9291207775047	61	420.65916398714
GLOBAL	V	2414423	2424422	0.0235030612396	288	6.7688816370048	52	284.47588424437
GLOBAL	V	2424423	2434422	0.017802606932903	1022	18.194264285427	140	1018.0594855305
GLOBAL	V	2434423	2444422	0.022330896204994	262	5.8506948057085	45	260.85209003215
GLOBAL	V	2444423	2454422	0.022745831533173	280	6.3688328292886	49	278.80868167203
GLOBAL	V	2454423	2464422	0.0092819804927779	546	5.0679613490567	39	544.18488745981
GLOBAL	V	2464423	2474422	0.018343381840612	411	7.5391299364916	58	408.98713826367
GLOBAL	V	2474423	2484422	0.020776549231406	557	11.572537921893	89	554.21864951768
GLOBAL	V	2484423	2494422	0.025841212710049	132	3.4110400777264	26	127.961414791
GLOBAL	V	2494423	2504422	NA	0	0	0	0
GLOBAL	V	2504423	2514422	0.020008743383068	247	4.9421596156178	38	245.57234726688
GLOBAL	V	2514423	2524422	0.046816155469002	650	30.430501054851	233	632.44533762058
GLOBAL	V	2524423	2534422	0.043130046691075	480	20.702422411716	159	471.84083601286
GLOBAL	V	2534423	2544422	NA	0	0	0	0
GLOBAL	V	2544423	2554422	0.006304958862325	895	5.6429381817809	37	309.73387096774
GLOBAL	V	2554423	2564422	0.002285074264858	1102	2.5181518398736	15	436.33693693694
GLOBAL	V	2564423	2574422	0.0047336104060878	1109	5.2495739403514	33	449.52072968491
GLOBAL	V	2574423	2584422	0.02386701082665	441	10.525351774552	80	326.32958199357
GLOBAL	V	2584423	2594422	NA	0	0	0	0
GLOBAL	V	2594423	2604422	NA	0	0	0	0
GLOBAL	V	2604423	2614422	NA	0	0	0	0
GLOBAL	V	2614423	2624422	0.043306690040308	177	7.6652841371345	59	176.40836012862
GLOBAL	V	2624423	2634422	0.048516319894887	260	12.614243172671	97	257.74437299035
GLOBAL	V	2634423	2644422	0.04435955597162	490	21.736182426094	167	486.23954983923
GLOBAL	V	2644423	2654422	0.024090867191298	151	3.637720945886	28	150.46784565916
GLOBAL	V	2654423	2664422	0.036581098618309	400	14.632439447324	112	392.01768488746
GLOBAL	V	2664423	2674422	0.043247972270651	535	23.137665164798	178	531.33601286174
GLOBAL	V	2674423	2684422	0.047879124740779	182	8.7140007028217	67	180.42443729904
GLOBAL	V	2684423	2694422	NA	0	0	0	0
GLOBAL	V	2694423	2704422	0.031278751799267	424	13.262190762889	102	420.70257234727
GLOBAL	V	2704423	2714422	0.034664729965159	360	12.479302787457	96	358.34405144695
GLOBAL	V	2714423	2724422	0.023439915335165	444	10.407322408813	80	440.21061093248
GLOBAL	V	2724423	2734422	0.027546340538499	189	5.2062583617763	40	185.6077170418
GLOBAL	V	2734423	2744422	0.046019558902629	271	12.471300462613	96	270.16398713826
GLOBAL	V	2744423	2754422	0.045508897568601	226	10.285010850504	79	222.57717041801
GLOBAL	V	2754423	2764422	NA	0	0	0	0
GLOBAL	V	2764423	2774422	0.04538807230336	106	4.8111356641562	37	105.09967845659
GLOBAL	V	2774423	2784422	0.046588468385364	95	4.4259044966096	34	93.228295819936
GLOBAL	V	2784423	2794422	NA	0	0	0	0
GLOBAL	V	2794423	2804422	NA	0	0	0	0
GLOBAL	V	2804423	2814422	NA	0	0	0	0
GLOBAL	V	2814423	2824422	NA	0	0	0	0
GLOBAL	V	2824423	2834422	NA	0	0	0	0
GLOBAL	V	2834423	2844422	NA	0	0	0	0
GLOBAL	V	2844423	2854422	NA	0	0	0	0
GLOBAL	V	2854423	2864422	0.037958030489361	486	18.447602817829	142	483.42765273312
GLOBAL	V	2864423	2874422	0.0025624394362324	152	0.38949079430733	3	151.16237942122
GLOBAL	V	2874423	2884422	0.0015845163279789	164	0.25986067778855	2	163.42122186495
GLOBAL	V	2884423	2894422	0.016357229105571	405	6.6246777877563	51	402.97266881029
GLOBAL	V	2894423	2904422	NA	0	0	0	0
GLOBAL	V	2904423	2914422	NA	0	0	0	0
GLOBAL	V	2914423	2924422	NA	0	0	0	0
GLOBAL	V	2924423	2934422	NA	0	0	0	0
GLOBAL	V	2934423	2944422	0.027507891521552	85	2.3381707793319	18	84.762057877814
GLOBAL	V	2944423	2954422	NA	0	0	0	0
GLOBAL	V	2954423	2964422	0.055391743435715	263	14.568028523593	112	260.70418006431
GLOBAL	V	2964423	2974422	0.038956075667334	311	12.115339532541	93	307.55144694534
GLOBAL	V	2974423	2984422	0.0015190125273706	342	0.51950228436075	4	341.40096618357
GLOBAL	V	2984423	2994422	0.037136802230636	63	2.3396185405301	18	62.781350482315
GLOBAL	V	2994423	3004422	0.017261065741822	256	4.4188328299063	34	255.31832797428
GLOBAL	V	3004423	3014422	0.036826552560754	921	33.917254908454	261	917.37781350482
GLOBAL	V	3014423	3024422	0.031640788967505	193	6.1066722707285	47	191.961414791
GLOBAL	V	3024423	3034422	0.045520780637973	117	5.3259313346428	41	116.24758842444
GLOBAL	V	3034423	3044422	0.041966917836474	245	10.281894869936	79	242.83279742765
GLOBAL	V	3044423	3054422	NA	0	0	0	0
GLOBAL	V	3054423	3064422	0.054251536141793	439	23.816424366247	183	434.20739549839
GLOBAL	V	3064423	3074422	0.047262159687516	320	15.123891100005	116	313.61093247588
GLOBAL	V	3074423	3084422	0.033177220836492	533	17.68345870585	136	528.2540192926
GLOBAL	V	3084423	3094422	0.034189071921415	1018	34.804475216001	268	1015.7797427653
GLOBAL	V	3094423	3104422	0.029177746364933	138	4.0265289983607	31	136.98874598071
GLOBAL	V	3104423	3114422	NA	0	0	0	0
GLOBAL	V	3114423	3124422	NA	0	0	0	0
GLOBAL	V	3124423	3134422	0.037332803037103	484	18.069076669958	139	480.42282958199
GLOBAL	V	3134423	3144422	0.036592822614373	256	9.3677625892794	72	253.92926045016
GLOBAL	V	3144423	3154422	0.034425620812389	336	11.567008592963	89	334.00803858521
GLOBAL	V	3154423	3164422	0	3	0	0	2.9983922829582
GLOBAL	V	3164423	3174422	0.0014273549943078	364	0.51955721792803	4	363.22025723473
GLOBAL	V	3174423	3184422	0.00056951032537309	228	0.12984835418507	1	227.22186495177
GLOBAL	V	3184423	3194422	0.0023689364400311	603	1.4284686733388	11	601.43729903537
GLOBAL	V	3194423	3204422	0.00047036673935193	276	0.12982122006113	1	275.23954983923
GLOBAL	V	3204423	3214422	0.0015621722269625	582	0.90918423609219	7	580.66881028939
GLOBAL	V	3214423	3224422	0.0015163762531278	514	0.77941739410771	6	511.88102893891
GLOBAL	V	3224423	3234422	0.0016050207303316	890	1.4284684499951	11	888.44694533762
GLOBAL	V	3234423	3244422	0.0026145805426679	298	0.77914500171503	6	297.22186495177
GLOBAL	V	3244423	3254422	0.001906533239535	545	1.0390606155466	8	543.7845659164
GLOBAL	V	3254423	3264422	0.00165940406345	313	0.51939347185986	4	311.9807073955
GLOBAL	V	3264423	3274422	0.00080568009968304	806	0.64937816034453	5	802.95980707395
GLOBAL	V	3274423	3284422	0.0012113747575653	536	0.64929687005498	5	534.84083601286
GLOBAL	V	3284423	3294422	0.016848871791202	39	0.65710599985686	5	38.426045016077
GLOBAL	V	3294423	3304422	0.01180934436321	33	0.38970836398592	3	32.892282958199
GLOBAL	V	3304423	3314422	0.024352585530229	311	7.5736540999013	58	305.57395498392
GLOBAL	V	3314423	3324422	0.027934934830513	363	10.140381343476	78	361.48874598071
GLOBAL	V	3324423	3334422	0.023064484628696	248	5.7199921879167	44	246.95176848875
GLOBAL	V	3334423	3344422	0.014417289788323	361	5.2046416135846	40	359.31350482315
GLOBAL	V	3344423	3354422	0.020126637393203	239	4.8102663369755	37	238.10932475884
GLOBAL	V	3354423	3364422	NA	0	0	0	0
GLOBAL	V	3364423	3374422	NA	0	0	0	0
GLOBAL	V	3374423	3384422	0.024122017251385	183	4.4143291570035	34	182.78295819936
GLOBAL	V	3384423	3394422	NA	0	0	0	0
GLOBAL	V	3394423	3404422	NA	0	0	0	0
GLOBAL	V	3404423	3414422	0.00070225282071518	370	0.25983354366462	2	368.95980707396
GLOBAL	V	3414423	3424422	0	74	0	0	73.657556270096
GLOBAL	V	3424423	3434422	NA	0	0	0	0
GLOBAL	V	3434423	3444422	NA	0	0	0	0
GLOBAL	V	3444423	3454422	0.016880516506216	147	2.4814359264138	19	136.9421221865
GLOBAL	V	3454423	3464422	0.0078944232453124	50	0.39472116226562	3	49.551446945338
GLOBAL	V	3464423	3474422	0.018736123519692	368	6.8948934552465	53	365.80546623794
GLOBAL	V	3474423	3484422	0.020361571729892	300	6.1084715189677	47	298.89871382637
GLOBAL	V	3484423	3494422	0.00386035278414	606	2.3393737871888	18	604.75884244373
GLOBAL	V	3494423	3504422	0.0014814718721825	526	0.77925420476801	6	524.45659163987
GLOBAL	V	3504423	3514422	0.0012168257035181	427	0.51958457540221	4	425.41800643087
GLOBAL	V	3514423	3524422	0.0016555091960278	157	0.25991494377636	2	156.43890675241
GLOBAL	V	3524423	3534422	0	62	0	0	61.852090032154
GLOBAL	V	3534423	3544422	0.0022121939270296	411	0.90921170400915	7	409.77170418006
GLOBAL	V	3544423	3554422	0.00074245764622768	175	0.12993008808984	1	173.88102893891
GLOBAL	V	3554423	3564422	0.0058223448929555	424	2.4686742346131	19	422.68006430868
GLOBAL	V	3564423	3574422	NA	0	0	0	0
GLOBAL	V	3574423	3584422	0.020941178203037	622	13.025412842289	100	603.70739549839
GLOBAL	V	3584423	3594422	0.013237365607611	296	3.9182602198529	30	278.7540192926
GLOBAL	V	3594423	3604422	NA	0	0	0	0
GLOBAL	V	3604423	3614422	NA	0	0	0	0
GLOBAL	V	3614423	3624422	0.00073422284699414	177	0.12995744391796	1	176.23633440514
GLOBAL	V	3624423	3634422	0.0014240822636034	730	1.0395800524305	8	728.18810289389
GLOBAL	V	3634423	3644422	0.0018494805926397	913	1.68857578108	13	909.92765273312
GLOBAL	V	3644423	3654422	0.0015979666955452	650	1.0386783521044	8	648.31993569132
GLOBAL	V	3654423	3664422	0.0015095490704783	86	0.12982122006113	1	85.752411575563
GLOBAL	V	3664423	3674422	NA	0	NA	0	NA
GLOBAL	V	3674423	3684422	NA	0	0	0	0
GLOBAL	V	3684423	3694422	0.015319109059918	382	5.8518996608888	45	380.04662379421
GLOBAL	V	3694423	3704422	NA	0	0	0	0
GLOBAL	V	3704423	3714422	0.041269412765843	252	10.399892016992	80	250.2652733119
GLOBAL	V	3714423	3724422	NA	0	0	0	0
GLOBAL	V	3724423	3734422	NA	0	0	0	0
GLOBAL	V	3734423	3744422	NA	0	0	0	0
GLOBAL	V	3744423	3754422	NA	0	0	0	0
GLOBAL	V	3754423	3764422	0.039756462761975	98	3.8961333506735	30	97.728295819936
GLOBAL	V	3764423	3774422	0.028718875161317	285	8.1848794209753	63	283.85691318328
GLOBAL	V	3774423	3784422	NA	0	0	0	0
GLOBAL	V	3784423	3794422	0.01988946085717	320	6.3646274742944	49	319.17363344051
GLOBAL	V	3794423	3804422	0.014905913844502	305	4.5463037225732	35	304.00482315113
GLOBAL	V	3804423	3814422	NA	0	0	0	0
GLOBAL	V	3814423	3824422	NA	0	0	0	0
GLOBAL	V	3824423	3834422	NA	0	0	0	0
GLOBAL	V	3834423	3844422	0.02878878747907	140	4.0304302470698	31	138.84405144695
GLOBAL	V	3844423	3854422	0.040807909546257	156	6.3660338892161	49	155.32636655949
GLOBAL	V	3854423	3864422	0.03274485197582	115	3.7656579772193	29	114.72508038585
GLOBAL	V	3864423	3874422	0.029426484753026	574	16.890802248237	130	571.55305466238
GLOBAL	V	3874423	3884422	NA	0	0	0	0
GLOBAL	V	3884423	3894422	NA	0	0	0	0
GLOBAL	V	3894423	3904422	NA	0	0	0	0
GLOBAL	V	3904423	3914422	NA	0	0	0	0
GLOBAL	V	3914423	3924422	0.03456592305532	129	4.4590040741362	34	125.07717041801
GLOBAL	V	3924423	3934422	0.0081257702252177	16	0.13001232360348	1	15.893890675241
GLOBAL	V	3934423	3944422	0.024989083462262	395	9.8706879675936	76	393.85530546624
GLOBAL	V	3944423	3954422	0.024432671632748	101	2.4676998349075	19	100.63826366559
GLOBAL	V	3954423	3964422	0.020363187958387	338	6.8827575299348	53	336.94533762058
GLOBAL	V	3964423	3974422	0.010793441356917	373	4.02595362613	31	372.04501607717
GLOBAL	V	3974423	3984422	0.022541302346036	242	5.4549951677406	42	241.32636655949
GLOBAL	V	3984423	3994422	0.023259777433876	670	15.584050880697	120	668.33762057878
GLOBAL	V	3994423	4004422	NA	0	0	0	0
GLOBAL	V	4004423	4014422	0.019363068396022	161	3.1174540117595	24	160.63183279743
GLOBAL	V	4014423	4024422	0.012755913100085	224	2.857324534419	22	223.57556270096
GLOBAL	V	4024423	4034422	0.017652348942259	287	5.0662241464284	39	285.99678456592
GLOBAL	V	4034423	4044422	0.0016028148591619	324	0.51931201436846	4	323.37459807074
GLOBAL	V	4044423	4054422	0	201	0	0	200.88906752412
GLOBAL	V	4054423	4064422	NA	0	0	0	0
GLOBAL	V	4064423	4074422	NA	0	0	0	0
GLOBAL	V	4074423	4084422	0.023721523669151	208	4.9340769231835	38	207.72668810289
GLOBAL	V	4084423	4094422	NA	0	0	0	0
GLOBAL	V	4094423	4104422	0.011386305839725	251	2.857962765771	22	249.35530546624
GLOBAL	V	4104423	4114422	0.018309312185983	285	5.2181539730053	40	283.04501607717
GLOBAL	V	4114423	4124422	0.028679514634496	145	4.1585296220019	32	144.53697749196
GLOBAL	V	4124423	4134422	0.017223635992969	166	2.8591235748329	22	165.41479099678
GLOBAL	V	4134423	4144422	0.034966536471993	147	5.140080861383	39	143.40353697749
GLOBAL	V	4144423	4154422	NA	0	0	0	0
GLOBAL	V	4154423	4164422	NA	0	0	0	0
GLOBAL	V	4164423	4174422	NA	0	0	0	0
GLOBAL	V	4174423	4184422	NA	0	0	0	0
GLOBAL	V	4184423	4194422	0.037489972219785	52	1.9494785554288	15	51.731511254019
GLOBAL	V	4194423	4204422	NA	0	0	0	0
GLOBAL	V	4204423	4214422	NA	0	0	0	0
GLOBAL	V	4214423	4224422	NA	0	0	0	0
GLOBAL	V	4224423	4234422	NA	0	0	0	0
GLOBAL	V	4234423	4244422	NA	0	0	0	0
GLOBAL	V	4244423	4254422	0.033385243069631	179	5.975958509464	46	178.38263665595
GLOBAL	V	4254423	4264422	0.011869905419679	569	6.7539761837974	52	567.75884244373
GLOBAL	V	4264423	4274422	0.035628838082778	288	10.26110536784	79	287.06109324759
GLOBAL	V	4274423	4284422	NA	0	0	0	0
GLOBAL	V	4284423	4294422	NA	0	0	0	0
GLOBAL	V	4294423	4304422	NA	0	0	0	0
GLOBAL	V	4304423	4314422	0.017610720620065	177	3.1170975497514	24	176.44855305466
GLOBAL	V	4314423	4324422	0.016633607845203	164	2.7279116866133	21	163.40675241158
GLOBAL	V	4324423	4334422	NA	0	0	0	0
GLOBAL	V	4334423	4344422	0	12	0	0	8.8073770491803
GLOBAL	V	4344423	4354422	0.024591046322756	111	2.7296061418259	21	110.61835748792
GLOBAL	V	4354423	4364422	0.006602925629153	118	0.77914522424005	6	117.51768488746
GLOBAL	V	4364423	4374422	0.024746646157904	42	1.039359138632	8	41.79421221865
GLOBAL	V	4374423	4384422	NA	0	0	0	0
GLOBAL	V	4384423	4394422	0.0008844375755339	147	0.13001232360348	1	146.71221864952
GLOBAL	V	4394423	4404422	NA	0	0	0	0
GLOBAL	V	4404423	4414422	NA	0	0	0	0
GLOBAL	V	4414423	4424422	0.0014165808187787	367	0.51988516049177	4	364.76848874598
GLOBAL	V	4424423	4434422	0.0028042513290298	139	0.38979093473514	3	138.25884244373
GLOBAL	V	4434423	4444422	0.0011529838188614	338	0.38970853077516	3	337.2347266881
GLOBAL	V	4444423	4454422	0.0018865491041425	413	0.77914478001084	6	412.3424437299
GLOBAL	V	4454423	4464422	0.0009409699080902	690	0.64926923658224	5	688.24276527331
GLOBAL	V	4464423	4474422	0.0013058996050175	398	0.51974804279695	4	397.19292604502
GLOBAL	V	4474423	4484422	0.0012363925720108	105	0.12982122006113	1	104.57556270096
GLOBAL	V	4484423	4494422	NA	0	0	0	0
GLOBAL	V	4494423	4504422	NA	0	0	0	0
GLOBAL	V	4504423	4514422	NA	0	0	0	0
GLOBAL	V	4514423	4524422	NA	0	0	0	0
GLOBAL	V	4524423	4534422	NA	0	0	0	0
GLOBAL	V	4534423	4544422	0.0021892830844601	298	0.65240635916911	5	291.26612903226
GLOBAL	V	4544423	4554422	0.0025905703127352	202	0.52329520317252	4	196.71290322581
GLOBAL	V	4554423	4564422	0.0049970496492909	104	0.51969316352625	4	103.64838709677
GLOBAL	V	4564423	4574422	NA	0	0	0	0
GLOBAL	V	4574423	4584422	0.0037101507435812	140	0.51942110410136	4	139.79260450161
GLOBAL	V	4584423	4594422	NA	0	0	0	0
GLOBAL	V	4594423	4604422	NA	0	0	0	0
GLOBAL	V	4604423	4614422	NA	0	0	0	0
GLOBAL	V	4614423	4624422	NA	0	0	0	0
GLOBAL	V	4624423	4634422	0.022284555769969	327	7.2870497367799	56	325.7540192926
GLOBAL	V	4634423	4644422	NA	0	0	0	0
GLOBAL	V	4644423	4654422	NA	0	0	0	0
GLOBAL	V	4654423	4664422	NA	0	0	0	0
GLOBAL	V	4664423	4674422	0.017318562818327	15	0.25977844227491	2	14.983922829582
GLOBAL	V	4674423	4684422	0.023318517244496	273	6.3659552077474	49	271.98231511254
GLOBAL	V	4684423	4694422	0.010538511046921	286	3.0140141594194	23	273.65594855305
GLOBAL	V	4694423	4704422	NA	0	0	0	0
GLOBAL	V	4704423	4714422	0.01837134542337	403	7.4036522056183	57	401.42765273312
GLOBAL	V	4714423	4724422	0.018810552085351	290	5.4550601047517	42	289.02090032154
GLOBAL	V	4724423	4734422	0	10	0	0	9.9710610932476
GLOBAL	V	4734423	4744422	0.018437690803666	155	2.8578420745683	22	154.49356913183
GLOBAL	V	4744423	4754422	NA	0	0	0	0
GLOBAL	V	4754423	4764422	0.0012828588430341	405	0.5195578314288	4	401.83440514469
GLOBAL	V	4764423	4774422	NA	0	0	0	0
GLOBAL	V	4774423	4784422	0.0021167977951485	184	0.38949079430733	3	183.31189710611
GLOBAL	V	4784423	4794422	0.0016271760713304	479	0.77941733816728	6	476.538585209
GLOBAL	V	4794423	4804422	0.0015130553599311	86	0.13012276095408	1	85.337620578778
GLOBAL	V	4804423	4814422	0.023614926659845	264	6.234340638199	48	263.03215434084
GLOBAL	V	4814423	4824422	0.019692195183001	488	9.6097912493045	74	486.5884244373
GLOBAL	V	4824423	4834422	0.019323826575157	296	5.7198526662464	44	293.85048231511
GLOBAL	V	4834423	4844422	0.020404118417528	433	8.8349832747896	68	431.21061093248
GLOBAL	V	4844423	4854422	0.024904328505881	214	5.3295263002585	41	213.038647343
GLOBAL	V	4854423	4864422	NA	0	0	0	0
GLOBAL	V	4864423	4874422	0	141	0	0	140.53054662379
GLOBAL	V	4874423	4884422	NA	0	0	0	0
GLOBAL	V	4884423	4894422	NA	0	0	0	0
GLOBAL	V	4894423	4904422	0.0018030725008491	144	0.25964244012227	2	143.65594855305
GLOBAL	V	4904423	4914422	NA	0	0	0	0
GLOBAL	V	4914423	4924422	0.00088387815027105	147	0.12993008808984	1	146.55072463768
GLOBAL	V	4924423	4934422	0.0028544093732335	273	0.77925375889274	6	272.20257234727
GLOBAL	V	4934423	4944422	0	93	0	0	92.718649517685
GLOBAL	V	4944423	4954422	0.0007257152953845	358	0.25980607574765	2	356.48874598071
GLOBAL	V	4954423	4964422	0.002465994144457	316	0.77925414964841	6	315.10289389068
GLOBAL	V	4964423	4974422	NA	0	0	0	0
GLOBAL	V	4974423	4984422	NA	0	0	0	0
GLOBAL	V	4984423	4994422	NA	0	0	0	0
GLOBAL	V	4994423	5004422	NA	0	0	0	0
GLOBAL	V	5004423	5014422	NA	0	NA	0	NA
GLOBAL	V	5014423	5024422	NA	0	0	0	0
GLOBAL	V	5024423	5034422	NA	0	0	0	0
GLOBAL	V	5034423	5044422	0.0015566694896183	335	0.52148427902213	4	328.04019292604
GLOBAL	V	5044423	5054422	0.0012614571659208	103	0.12993008808984	1	102.61414790997
GLOBAL	V	5054423	5064422	0.0028958384321077	583	1.6882738059188	13	581.14790996785
GLOBAL	V	5064423	5074422	0	6	0	0	5.9774193548387
GLOBAL	V	5074423	5084422	0	148	0	0	147.01446945338
GLOBAL	V	5084423	5094422	0	122	0	0	121.54180064309
GLOBAL	V	5094423	5104422	0.0008865224807413	293	0.2597510868572	2	291.55627009646
GLOBAL	V	5104423	5114422	0.0012078498551145	645	0.77906315654884	6	643.48874598071
GLOBAL	V	5114423	5124422	0.0009024822494303	144	0.12995744391796	1	143.61414790997
GLOBAL	V	5124423	5134422	0	179	0	0	178.53784219002
GLOBAL	V	5134423	5144422	0.0016779093430952	387	0.64935091577783	5	385.54180064309
GLOBAL	V	5144423	5154422	0.0004738991028652	274	0.12984835418507	1	273.51125401929
GLOBAL	V	5154423	5164422	0.0011340467614416	229	0.25969670837013	2	227.88263665595
GLOBAL	V	5164423	5174422	0.0011953508861203	869	1.0387599200386	8	866.65273311897
GLOBAL	V	5174423	5184422	0	216	0	0	215.63183279743
GLOBAL	V	5184423	5194422	NA	0	0	0	0
GLOBAL	V	5194423	5204422	NA	0	0	0	0
GLOBAL	V	5204423	5214422	0.00099159337650962	786	0.77939239393656	6	783.88906752412
GLOBAL	V	5214423	5224422	0.0011021860064466	589	0.64918755779706	5	585.78938906752
GLOBAL	V	5224423	5234422	0.0013665391585382	190	0.25964244012227	2	189.68971061093
GLOBAL	V	5234423	5244422	0.00065270937543696	398	0.25977833142391	2	391.77170418006
GLOBAL	V	5244423	5254422	0.0015493209050258	503	0.779308415228	6	501.71061093248
GLOBAL	V	5254423	5264422	NA	0	0	0	0
GLOBAL	V	5264423	5274422	0	119	0	0	118.45337620579
GLOBAL	V	5274423	5284422	0.0022313530121453	291	0.64932372653429	5	290.05144694534
GLOBAL	V	5284423	5294422	0.0025104636458605	207	0.51966597469313	4	206.42926045016
GLOBAL	V	5294423	5304422	0.0010818435005094	120	0.12982122006113	1	119.73954983923
GLOBAL	V	5304423	5314422	0.001040868791542	499	0.51939352697947	4	497.90032154341
GLOBAL	V	5314423	5324422	0.00054788335099184	237	0.12984835418507	1	235.75562700965
GLOBAL	V	5324423	5334422	NA	0	0	0	0
GLOBAL	V	5334423	5344422	0.00074482803547839	523	0.3895450625552	3	521.86334405145
GLOBAL	V	5344423	5354422	0.0006337403504015	410	0.25983354366462	2	408.70578778135
GLOBAL	V	5354423	5364422	0.0050661818061443	487	2.4672305395923	19	486.03215434084
GLOBAL	V	5364423	5374422	0.0099541373042051	300	2.9862411912615	23	299.58038585209
GLOBAL	V	5374423	5384422	0.0089102539641132	379	3.3769862523989	26	378.12057877814
GLOBAL	V	5384423	5394422	0.018545888580162	14	0.25964244012227	2	13.974276527331
GLOBAL	V	5394423	5404422	0.013461894061976	164	2.207750626164	17	163.70900321543
GLOBAL	V	5404423	5414422	0.0060778111545739	171	1.0393057074321	8	170.08038585209
GLOBAL	V	5414423	5424422	0.020404557834874	280	5.7132761937647	44	279.50482315113
GLOBAL	V	5424423	5434422	NA	0	0	0	0
GLOBAL	V	5434423	5444422	0.022459538080327	185	4.1550145448604	32	184.80546623794
GLOBAL	V	5444423	5454422	0.0032728038670874	238	0.7789273203668	6	237.69774919614
GLOBAL	V	5454423	5464422	0.023009708405168	491	11.297766826938	87	489.36977491961
GLOBAL	V	5464423	5474422	0.022739133132594	246	5.5938267506181	43	243.72829581994
GLOBAL	V	5474423	5484422	0.020211756568349	148	2.9913399721156	23	146.66720257235
GLOBAL	V	5484423	5494422	0.018326685951553	326	5.9744996202063	46	324.5691318328
GLOBAL	V	5494423	5504422	0.024648921526895	216	5.3241670498092	41	215.47909967846
GLOBAL	V	5504423	5514422	0.013049357987302	219	2.8578093992191	22	218.23954983923
GLOBAL	V	5514423	5524422	0.020612374883461	126	2.5971592353161	20	125.71382636656
GLOBAL	V	5524423	5534422	0.013837871433699	610	8.4411015745565	65	608.50160771704
GLOBAL	V	5534423	5544422	0.013727570801663	123	1.6884912086046	13	122.81511254019
GLOBAL	V	5544423	5554422	0.017398680749917	112	1.9486522439907	15	110.61897106109
GLOBAL	V	5554423	5564422	0.010288521868051	202	2.0782814173463	16	201.10289389068
GLOBAL	V	5564423	5574422	0	41	0	0	40.83922829582
GLOBAL	V	5574423	5584422	0	14	0	0	13.932475884244
GLOBAL	V	5584423	5594422	0.011475968093261	532	6.1052150256147	47	531.00482315113
GLOBAL	V	5594423	5604422	0.014019224219315	630	8.8321112581685	68	628.94694533762
GLOBAL	V	5604423	5614422	0.010792421057337	698	7.533109898021	58	697.20578778135
GLOBAL	V	5614423	5624422	0.011325903378803	883	10.000772683483	77	881.31832797428
GLOBAL	V	5624423	5634422	0.012190912353466	309	3.766991917221	29	308.28295819936
GLOBAL	V	5634423	5644422	0.0019390521443773	134	0.25983298734656	2	131.38263665595
GLOBAL	V	5644423	5654422	0.0063548971909983	511	3.2473524646001	25	510.07717041801
GLOBAL	V	5654423	5664422	0.010149974504795	192	1.9487951049207	15	191.4807073955
GLOBAL	V	5664423	5674422	0.0062983241047698	165	1.039223477287	8	164.63826366559
GLOBAL	V	5674423	5684422	NA	0	0	0	0
GLOBAL	V	5684423	5694422	0.0044018695422356	118	0.5194206059838	4	115.7652733119
GLOBAL	V	5694423	5704422	0.0090952613702189	200	1.8190522740438	14	198.28617363344
GLOBAL	V	5704423	5714422	0.0089642025575498	681	6.1046219416914	47	678.93408360129
GLOBAL	V	5714423	5724422	0.0059470365338827	284	1.6889583756227	13	215.92282958199
GLOBAL	V	5724423	5734422	NA	0	0	0	0
GLOBAL	V	5734423	5744422	0.0097017841835519	174	1.688110447938	13	173.63183279743
GLOBAL	V	5744423	5754422	0.0093018633906351	363	3.3765764108005	26	361.97427652733
GLOBAL	V	5754423	5764422	0.010895787816809	155	1.6888471116055	13	154.45498392283
GLOBAL	V	5764423	5774422	0.0046672532644588	334	1.5588625903292	12	332.20900321543
GLOBAL	V	5774423	5784422	0.011481349229187	532	6.1080777899273	47	529.3424437299
GLOBAL	V	5784423	5794422	0.0099894472028808	221	2.2076678318367	17	220.37620578778
GLOBAL	V	5794423	5804422	0.011914072862879	218	2.5972678841075	20	217.48553054662
GLOBAL	V	5804423	5814422	0.019019437830375	198	3.7658486904142	29	197.42282958199
GLOBAL	V	5814423	5824422	0.0024333970970187	427	1.039060560427	8	424.89871382637
GLOBAL	V	5824423	5834422	0.0057801768153331	45	0.26010795668999	2	44.458199356913
GLOBAL	V	5834423	5844422	0.0019251011020832	135	0.25988864878123	2	134.33922829582
GLOBAL	V	5844423	5854422	0.00057286276598211	227	0.13003984787794	1	225.84405144695
GLOBAL	V	5854423	5864422	0.0013753566756261	189	0.25994241169333	2	186.9421221865
GLOBAL	V	5864423	5874422	0.013449773002736	454	6.106196943242	47	451.91479099678
GLOBAL	V	5874423	5884422	0.010709396722837	364	3.8982204071127	30	361.87781350482
GLOBAL	V	5884423	5894422	0.0022790963655435	285	0.64954246417989	5	283.84405144695
GLOBAL	V	5894423	5904422	0.011020189816511	389	4.2868538386229	33	387.69453376206
GLOBAL	V	5904423	5914422	NA	0	0	0	0
GLOBAL	V	5914423	5924422	0.0069296292326113	75	0.51972219244585	4	74.715434083601
GLOBAL	V	5924423	5934422	0.0074521606113906	488	3.6366543783586	28	486.59003215434
GLOBAL	V	5934423	5944422	0	126	0	0	125.49839228296
GLOBAL	V	5944423	5954422	0.0015608432605199	749	1.1690716021294	9	746.31189710611
GLOBAL	V	5954423	5964422	0.00072458868034044	717	0.51953008380409	4	714.59807073955
GLOBAL	V	5964423	5974422	0.00028105704369062	462	0.12984835418507	1	460.29742765273
GLOBAL	V	5974423	5984422	0.0011029277135486	589	0.64962442328015	5	587.29099678457
GLOBAL	V	5984423	5994422	0.00057710379637807	225	0.12984835418507	1	221.45980707396
GLOBAL	V	5994423	6004422	0.011676973396128	178	2.0785012645108	16	177.24758842444
GLOBAL	V	6004423	6014422	0.010260873344247	443	4.5455668915015	35	441.92443729904
GLOBAL	V	6014423	6024422	0.0049416651066144	473	2.3374075954286	18	471.76045016077
GLOBAL	V	6024423	6034422	0.0070441956430529	295	2.0780377147006	16	294.29903536977
GLOBAL	V	6034423	6044422	0.0043785969760019	356	1.5587805234567	12	354.88745980707
GLOBAL	V	6044423	6054422	0.0039258540831335	397	1.558564071004	12	396.24758842444
GLOBAL	V	6054423	6064422	0.014257766972867	902	12.860505809526	99	894.9115755627
GLOBAL	V	6064423	6074422	0.0089564285503098	319	2.8571007075488	22	317.87781350482
GLOBAL	V	6074423	6084422	0.012780400327652	366	4.6776265199208	36	363.85530546624
GLOBAL	V	6084423	6094422	0.011445928906845	556	6.3639364722057	49	554.62540192926
GLOBAL	V	6094423	6104422	0.015870971342518	270	4.2851622624799	33	269.41318327974
GLOBAL	V	6104423	6114422	0.010020516085822	324	3.2466472118062	25	323.31350482315
GLOBAL	V	6114423	6124422	0.010061488218547	723	7.2744559820094	56	720.46623794212
GLOBAL	V	6124423	6134422	0.006492942705578	260	1.6881651034503	13	259.43729903537
GLOBAL	V	6134423	6144422	0.0016995872360275	382	0.64924232416249	5	381.15594855305
GLOBAL	V	6144423	6154422	0	16	0	0	15.950160771704
GLOBAL	V	6154423	6164422	0.0024118514196131	377	0.90926798519413	7	374.17524115756
GLOBAL	V	6164423	6174422	0.008801795768213	487	4.2864745391197	33	484.58360128617
GLOBAL	V	6174423	6184422	0.0094684343596176	631	5.9745820809187	46	629.38906752412
GLOBAL	V	6184423	6194422	0.0046468621507738	559	2.5975959422825	20	557.32636655949
GLOBAL	V	6194423	6204422	0.006560754172564	99	0.64951466308383	5	98.299035369775
GLOBAL	V	6204423	6214422	0.0039845829961549	163	0.64948702837325	5	162.62057877814
GLOBAL	V	6214423	6224422	NA	0	0	0	0
GLOBAL	V	6224423	6234422	0.0045577847928443	513	2.3381435987291	18	511.28135048232
GLOBAL	V	6234423	6244422	0.0049048143915141	609	2.9870319644321	23	607.34083601286
GLOBAL	V	6244423	6254422	0.011241023959454	855	9.6110754853334	74	852.95498392283
GLOBAL	V	6254423	6264422	0.0077080576939982	556	4.285680077863	33	554.53697749196
GLOBAL	V	6264423	6274422	0.018553664867927	14	0.25975130815098	2	13.945337620579
GLOBAL	V	6274423	6284422	0.01208334664077	441	5.3287558685795	41	438.99678456592
GLOBAL	V	6284423	6294422	0.012368677659542	315	3.8961334627558	30	313.66077170418
GLOBAL	V	6294423	6304422	0.010722427110487	109	1.1687445550431	9	108.76688102894
GLOBAL	V	6304423	6314422	0.011444116916392	329	3.7651144654929	29	328.33762057878
GLOBAL	V	6314423	6324422	0.0013409474296788	581	0.77909045664337	6	578.72668810289
GLOBAL	V	6324423	6334422	0.00079902530489032	650	0.51936644817871	4	648.90514469453
GLOBAL	V	6334423	6344422	0.00027978711220072	464	0.12982122006113	1	462.66398713826
GLOBAL	V	6344423	6354422	0.0012984835418507	100	0.12984835418507	1	99.434083601286
GLOBAL	V	6354423	6364422	0.00079434650810696	327	0.25975130815098	2	326.19774919614
GLOBAL	V	6364423	6374422	0	323	0	0	322.22668810289
GLOBAL	V	6374423	6384422	0.00165053988654	787	1.298974890707	10	784.42122186495
GLOBAL	V	6384423	6394422	0.0012756872637749	611	0.77944491816649	6	608.94372990354
GLOBAL	V	6394423	6404422	0.0020293099758984	640	1.298758384575	10	636.23794212219
GLOBAL	V	6404423	6414422	0.0018758280375906	556	1.0429603889004	8	552.76688102894
GLOBAL	V	6414423	6424422	0.0030974980576987	587	1.8182313598691	14	585.1270096463
GLOBAL	V	6424423	6434422	0.00059613506384387	218	0.12995744391796	1	217.12218649518
GLOBAL	V	6434423	6444422	0	166	0	0	165.18649517685
GLOBAL	V	6444423	6454422	0	446	0	0	444.31832797428
GLOBAL	V	6454423	6464422	0.0023185590978051	168	0.38951792843126	3	167.38906752412
GLOBAL	V	6464423	6474422	0.00079661583892556	326	0.25969676348973	2	324.96302250804
GLOBAL	V	6474423	6484422	0.0005645580616742	230	0.12984835418507	1	229.12218649518
GLOBAL	V	6484423	6494422	0.0059038526829538	264	1.5586171082998	12	263.38745980707
GLOBAL	V	6494423	6504422	0.0096801762785685	322	3.1170167616991	24	321.28617363344
GLOBAL	V	6504423	6514422	0.0072978435275439	356	2.5980322958056	20	354.78938906752
GLOBAL	V	6514423	6524422	0.0064365582903145	565	3.6366554340277	28	563.26688102894
GLOBAL	V	6524423	6534422	0.0063504236182092	409	2.5973232598476	20	407.73794212219
GLOBAL	V	6534423	6544422	0.0028085198168805	555	1.5587284983687	12	553.15273311897
GLOBAL	V	6544423	6554422	NA	0	0	0	0
GLOBAL	V	6554423	6564422	NA	0	0	0	0
GLOBAL	V	6564423	6574422	0.0043281987660411	330	1.4283055927936	11	329.09646302251
GLOBAL	V	6574423	6584422	0.0036095506066921	72	0.25988764368183	2	71.782958199357
GLOBAL	V	6584423	6594422	0.0071437424717238	509	3.6361649181074	28	507.35530546624
GLOBAL	V	6594423	6604422	0.0025457271516593	255	0.64916042367313	5	254.4501607717
GLOBAL	V	6604423	6614422	0.0046255438158248	337	1.558808265933	12	334.92926045016
GLOBAL	V	6614423	6624422	0.0094638124444557	275	2.6025484222253	20	270.461414791
GLOBAL	V	6624423	6634422	0.0075624725171117	584	4.4164839499932	34	582.39710610932
GLOBAL	V	6634423	6644422	0.0082746805546622	314	2.5982496941639	20	312.6768488746
GLOBAL	V	6644423	6654422	NA	0	0	0	0
GLOBAL	V	6654423	6664422	NA	0	0	0	0
GLOBAL	V	6664423	6674422	NA	0	0	0	0
GLOBAL	V	6674423	6684422	0.010041370572463	194	1.9480258910577	15	193.31189710611
GLOBAL	V	6684423	6694422	0	83	0	0	82.609324758842
GLOBAL	V	6694423	6704422	0.0069587987565921	280	1.9484636518458	15	279.04823151125
GLOBAL	V	6704423	6714422	0.014902597993347	305	4.5452923879709	35	304.02733118971
GLOBAL	V	6714423	6724422	0	16	0	0	15.967793880837
GLOBAL	V	6724423	6734422	0.0040008043754865	65	0.26005228440662	2	64.795819935691
GLOBAL	V	6734423	6744422	0.0054797557350223	237	1.2987021092003	10	236.42926045016
GLOBAL	V	6744423	6754422	0.004931851317739	395	1.9480812705069	15	392.89871382637
GLOBAL	V	6754423	6764422	0.0084969557974152	466	3.9595814015955	30	437.14951768489
GLOBAL	V	6764423	6774422	0.0071243116361767	913	6.5044965238293	50	908.27813504823
GLOBAL	V	6774423	6784422	0.0019065047199226	477	0.90940275140309	7	475.63183279743
GLOBAL	V	6784423	6794422	0	144	0	0	143.63344051447
GLOBAL	V	6794423	6804422	0	141	0	0	140.62640901771
GLOBAL	V	6804423	6814422	0.00047409867837163	548	0.25980607574765	2	545.61093247588
GLOBAL	V	6814423	6824422	0.00077079664985113	1066	0.8216692287413	6	399.33922829582
GLOBAL	V	6824423	6834422	0.00045290890483108	287	0.12998485568652	1	285.94372990354
GLOBAL	V	6834423	6844422	0.0011057917784641	235	0.25986106793907	2	234.31672025723
GLOBAL	V	6844423	6854422	0	382	0	0	381.0192926045
GLOBAL	V	6854423	6864422	0.00092078208479227	846	0.77898164373426	6	844.34083601286
GLOBAL	V	6864423	6874422	0	436	0	0	434.6270096463
GLOBAL	V	6874423	6884422	0.00031982353247553	406	0.12984835418507	1	404.92443729904
GLOBAL	V	6884423	6894422	0.005302159711615	98	0.51961165173827	4	97.736334405145
GLOBAL	V	6894423	6904422	0.0032869566360278	79	0.2596695742462	2	78.813504823151
GLOBAL	V	6904423	6914422	0.00097732974200391	133	0.12998485568652	1	132.35852090032
GLOBAL	V	6914423	6924422	0.00030447850961003	427	0.13001232360348	1	425.05466237942
GLOBAL	V	6924423	6934422	0.0010822961952383	120	0.1298755434286	1	119.68810289389
GLOBAL	V	6934423	6944422	0.00094869656048547	548	0.51988571514604	4	546.59485530547
GLOBAL	V	6944423	6954422	0	155	0	0	154.3729903537
GLOBAL	V	6954423	6964422	0.00029311140899563	443	0.12984835418507	1	442.03215434084
GLOBAL	V	6964423	6974422	0.00033549040600284	774	0.2596695742462	2	772.24115755627
GLOBAL	V	6974423	6984422	0.00096927202641692	536	0.51952980615947	4	533.67524115756
GLOBAL	V	6984423	6994422	0.0013590458573421	478	0.64962391980954	5	476.38102893891
GLOBAL	V	6994423	7004422	0.0041351254262484	157	0.649214691921	5	155.42765273312
GLOBAL	V	7004423	7014422	0	118	0	0	117.6270096463
GLOBAL	V	7014423	7024422	0.00074864072456458	347	0.25977833142391	2	345.95659163987
GLOBAL	V	7024423	7034422	0.00044515361536479	292	0.12998485568652	1	290.98713826367
GLOBAL	V	7034423	7044422	NA	0	0	0	0
GLOBAL	V	7044423	7054422	0.00045086234092037	288	0.12984835418507	1	287.37138263666
GLOBAL	V	7054423	7064422	0.0014586653939453	89	0.12982122006113	1	88.855305466238
GLOBAL	V	7064423	7074422	0.0012983930947709	300	0.38951792843126	3	299.03536977492
GLOBAL	V	7074423	7084422	0.002165354755191	180	0.38976385593438	3	179.13504823151
GLOBAL	V	7084423	7094422	0.00048268247001481	1076	0.51936633773593	4	1074.2073954984
GLOBAL	V	7094423	7104422	0.00041949850443651	619	0.2596695742462	2	617.13183279743
GLOBAL	V	7104423	7114422	0.00024727851440216	525	0.12982122006113	1	522.8729903537
GLOBAL	V	7114423	7124422	0.00057443017726165	226	0.12982122006113	1	225.10450160772
GLOBAL	V	7124423	7134422	0.00099739650889136	391	0.38998203497652	3	389.34887459807
GLOBAL	V	7134423	7144422	0.000973862794187	400	0.3895451176748	3	398.95659163987
GLOBAL	V	7144423	7154422	0.0010283304960297	253	0.26016761549552	2	251.92765273312
GLOBAL	V	7154423	7164422	0.00092568986518443	561	0.51931201436846	4	559.24276527331
GLOBAL	V	7164423	7174422	0.0010819000299343	480	0.51931201436846	4	478.50643086817
GLOBAL	V	7174423	7184422	0.00090267260893416	144	0.12998485568652	1	143.53054662379
GLOBAL	V	7184423	7194422	0.0012982122006113	100	0.12982122006113	1	99.860128617363
GLOBAL	V	7194423	7204422	0	67	0	0	66.805466237942
GLOBAL	V	7204423	7214422	0.0003842471699071	338	0.1298755434286	1	336.92765273312
GLOBAL	V	7214423	7224422	0	399	0	0	395.29099678457
GLOBAL	V	7224423	7234422	0.0014229214732491	365	0.51936633773593	4	364.18810289389
GLOBAL	V	7234423	7244422	0.00035785892009727	363	0.12990278799531	1	361.83922829582
GLOBAL	V	7244423	7254422	0.00069061056980372	376	0.2596695742462	2	375.3922829582
GLOBAL	V	7254423	7264422	0.00092409110962989	562	0.519339203612	4	560.29260450161
GLOBAL	V	7264423	7274422	0.00087776962738559	592	0.51963961941227	4	590.56591639871
GLOBAL	V	7274423	7284422	0.00051993942274608	250	0.12998485568652	1	249.1961414791
GLOBAL	V	7284423	7294422	0.0012352673486278	736	0.90915676859005	7	733.92122186495
GLOBAL	V	7294423	7304422	0	87	0	0	86.659163987138
GLOBAL	V	7304423	7314422	0.0017093679218986	228	0.38973588619287	3	227.4308681672
GLOBAL	V	7314423	7324422	0.00095456779456715	136	0.12982122006113	1	135.30225080386
GLOBAL	V	7324423	7334422	0	68	0	0	67.837620578778
GLOBAL	V	7334423	7344422	0.00053935624766191	241	0.12998485568652	1	240.24919614148
GLOBAL	V	7344423	7354422	0.00085699529454191	303	0.2596695742462	2	302.21221864952
GLOBAL	V	7354423	7364422	0.00058371080483366	445	0.25975130815098	2	443.81028938907
GLOBAL	V	7364423	7374422	0.00092620441041632	701	0.64926929170184	5	699.64469453376
GLOBAL	V	7374423	7384422	0.0011117623914079	584	0.64926923658224	5	582.51446945338
GLOBAL	V	7384423	7394422	0.0017181496344677	378	0.64946056182878	5	376.86495176849
GLOBAL	V	7394423	7404422	0.00045551305284608	285	0.12982122006113	1	284.11254019293
GLOBAL	V	7404423	7414422	0.0025975818962698	400	1.0390327585079	8	399.22508038585
GLOBAL	V	7414423	7424422	0.00077159714746587	673	0.51928488024453	4	671.37781350482
GLOBAL	V	7424423	7434422	0.00042318166720621	614	0.25983354366462	2	612.80546623794
GLOBAL	V	7434423	7444422	0.0008297888102673	313	0.25972389761367	2	312.34405144695
GLOBAL	V	7444423	7454422	0.0067780168731358	115	0.77947194041061	6	114.5192926045
GLOBAL	V	7454423	7464422	0.010374605948738	338	3.5066168106733	27	336.89710610932
GLOBAL	V	7464423	7474422	0.0066642161996925	390	2.5990443178801	20	388.27813504823
GLOBAL	V	7474423	7484422	0.010500607999109	742	7.7914511353385	60	740.08038585209
GLOBAL	V	7484423	7494422	0.0086377064537003	436	3.7660400138133	29	434.76366559486
GLOBAL	V	7494423	7504422	0.010743458934146	266	2.8577600764829	22	265.01607717042
GLOBAL	V	7504423	7514422	0.0059999497778617	433	2.5979782538141	20	431.49517684887
GLOBAL	V	7514423	7524422	0.0029240334690757	844	2.4678842478999	19	841.5
GLOBAL	V	7524423	7534422	0.0025513113035961	662	1.6889680829806	13	657.22347266881
GLOBAL	V	7534423	7544422	0	25	0	0	24.869774919614
GLOBAL	V	7544423	7554422	0.0056743142968131	206	1.1689087451435	9	205.27813504823
GLOBAL	V	7554423	7564422	0.0057566247441991	519	2.9876882422393	23	517.50160771704
GLOBAL	V	7564423	7574422	0	103	0	0	102.6575562701
GLOBAL	V	7574423	7584422	0.00087772276197386	592	0.51961187508852	4	590.40996784566
GLOBAL	V	7584423	7594422	0.0012046833728608	539	0.64932433797195	5	537.34083601286
GLOBAL	V	7594423	7604422	0.00077274535750674	168	0.12982122006113	1	167.64308681672
GLOBAL	V	7604423	7614422	0.0011137159010256	583	0.64929637029795	5	581.63987138264
GLOBAL	V	7614423	7624422	0.0013993751637412	928	1.2986201519518	10	926.37942122186
GLOBAL	V	7624423	7634422	0.00083677787937877	621	0.51963906309422	4	618.55948553055
GLOBAL	V	7634423	7644422	0.00087897665950024	591	0.51947520576464	4	587.19453376206
GLOBAL	V	7644423	7654422	0.0014122027478463	463	0.65384987225283	5	460.46623794212
GLOBAL	V	7654423	7664422	0	251	0	0	250.14147909968
GLOBAL	V	7664423	7674422	0	246	0	0	245.13826366559
GLOBAL	V	7674423	7684422	0.00036192225094664	359	0.12993008808984	1	357.86334405145
GLOBAL	V	7684423	7694422	0	348	0	0	346.91318327974
GLOBAL	V	7694423	7704422	NA	0	0	0	0
GLOBAL	V	7704423	7714422	0.0010712665060684	606	0.64918750267746	5	604.2845659164
GLOBAL	V	7714423	7724422	0.0011527426572904	338	0.38962701816416	3	336.06752411576
GLOBAL	V	7724423	7734422	0	428	0	0	426.57395498392
GLOBAL	V	7734423	7744422	0.00031619816038434	411	0.12995744391796	1	409.50964630225
GLOBAL	V	7744423	7754422	0	256	0	0	254.77009646302
GLOBAL	V	7754423	7764422	0.00053235163420877	732	0.38968139624082	3	729.42926045016
GLOBAL	V	7764423	7774422	0	131	0	0	130.70257234727
GLOBAL	V	7774423	7784422	0.0013737695244564	189	0.25964244012227	2	188.65916398714
GLOBAL	V	7784423	7794422	0.00096922138439759	670	0.64937832754638	5	667.86977491961
GLOBAL	V	7794423	7804422	0.00082688675198174	157	0.12982122006113	1	156.71382636656
GLOBAL	V	7804423	7814422	0.0033959776096222	306	1.0391691485444	8	304.86495176849
GLOBAL	V	7814423	7824422	0.0095827911474773	122	1.1691005199922	9	121.61736334405
GLOBAL	V	7824423	7834422	0.0095705674957335	665	6.3644273846628	49	662.81832797428
GLOBAL	V	7834423	7844422	0.0072730918718887	518	3.7674615896384	29	516.41479099678
GLOBAL	V	7844423	7854422	0.0039202269830268	795	3.1165804515063	24	792.46463022508
GLOBAL	V	7854423	7864422	0.0019895868863245	718	1.428523384381	11	713.87459807074
GLOBAL	V	7864423	7874422	0.0037496909517409	381	1.4286322526133	11	380.01125401929
GLOBAL	V	7874423	7884422	0.0034034514028174	229	0.77939037124519	6	227.79581993569
GLOBAL	V	7884423	7894422	0.0050371530168651	593	2.987031739001	23	591.54340836013
GLOBAL	V	7894423	7904422	0.0017394045994902	224	0.3896266302858	3	223.19292604502
GLOBAL	V	7904423	7914422	0.0072558956599221	716	5.1952212925042	40	713.82958199357
GLOBAL	V	7914423	7924422	0.0048398520918803	725	3.5088927666132	27	721.30546623794
GLOBAL	V	7924423	7934422	0.0017681957224087	441	0.77977431358223	6	438.68327974277
GLOBAL	V	7934423	7944422	0	6	0	0	5.9742765273312
GLOBAL	V	7944423	7954422	0.00086650503862188	450	0.38992726737985	3	448.66559485531
GLOBAL	V	7954423	7964422	0	245	0	0	244.34405144695
GLOBAL	V	7964423	7974422	0.00064591046563242	804	0.51931201436846	4	802.7347266881
GLOBAL	V	7974423	7984422	0.0017684697788772	514	0.90899346634287	7	512.56752411576
GLOBAL	V	7984423	7994422	0.00046652109901173	835	0.3895451176748	3	832.48874598071
GLOBAL	V	7994423	8004422	0.0010608780065257	245	0.25991511159879	2	244.52090032154
GLOBAL	V	8004423	8014422	0	9	0	0	8.9178743961353
GLOBAL	V	8014423	8024422	0.0018706936288361	486	0.90915710361432	7	484.74115755627
GLOBAL	V	8024423	8034422	0.0013429129835483	388	0.52105023761674	4	362.00160771704
GLOBAL	V	8034423	8044422	0.00082165329152616	158	0.12982122006113	1	157.20578778135
GLOBAL	V	8044423	8054422	0.0035418151121458	110	0.38959966233604	3	109.70739549839
GLOBAL	V	8054423	8064422	0	100	0	0	99.649517684887
GLOBAL	V	8064423	8074422	0	138	0	0	137.54662379421
GLOBAL	V	8074423	8084422	0	378	0	0	377.06591639871
GLOBAL	V	8084423	8094422	0.0023603858192933	55	0.12982122006113	1	54.890675241158
GLOBAL	V	8094423	8104422	0.00061578240800874	211	0.12993008808984	1	210.27009646302
GLOBAL	V	8104423	8114422	0.0042828192994293	91	0.38973655624807	3	90.733118971061
GLOBAL	V	8114423	8124422	0.00095869298192999	271	0.25980579810303	2	269.99035369775
GLOBAL	V	8124423	8134422	0.0003678423631305	353	0.12984835418507	1	351.82797427653
GLOBAL	V	8134423	8144422	0.0030464752549593	469	1.4287968945759	11	467.57556270096
GLOBAL	V	8144423	8154422	0.00058383387808461	445	0.25980607574765	2	443.14147909968
GLOBAL	V	8154423	8164422	0.00056981016013388	912	0.5196668660421	4	909.90836012862
GLOBAL	V	8164423	8174422	0.00043793720655942	593	0.25969676348973	2	591.50160771704
GLOBAL	V	8174423	8184422	0.001147649786109	679	0.77925420476801	6	677.2154340836
GLOBAL	V	8184423	8194422	0.00076584071618777	848	0.64943292732723	5	845.08681672026
GLOBAL	V	8194423	8204422	0.0020139997305338	387	0.77941789571657	6	385.72829581994
GLOBAL	V	8204423	8214422	0	356	0	0	354.98392282958
GLOBAL	V	8214423	8224422	0.0014898126664963	523	0.77917202457755	6	521.83922829582
GLOBAL	V	8224423	8234422	0.00077745381510838	334	0.2596695742462	2	333.30064308682
GLOBAL	V	8234423	8244422	0.0013529667705997	288	0.38965442993272	3	287.41639871383
GLOBAL	V	8244423	8254422	0.000306246118361	424	0.12984835418507	1	422.38263665595
GLOBAL	V	8254423	8264422	0.0014335068569974	453	0.64937860621981	5	451.13504823151
GLOBAL	V	8264423	8274422	0.0004230473727316	307	0.1298755434286	1	305.06752411576
GLOBAL	V	8274423	8284422	0.0016978556142702	612	1.0390876359334	8	609.66720257235
GLOBAL	V	8284423	8294422	0.00045252802588363	287	0.1298755434286	1	286.44372990354
GLOBAL	V	8294423	8304422	0	10	0	0	9.9887459807074
GLOBAL	V	8304423	8314422	0.0018381199279398	424	0.77936284944647	6	422.59163987138
GLOBAL	V	8314423	8324422	0	358	0	0	356.79581993569
GLOBAL	V	8324423	8334422	0.0029952136466656	132	0.39536820135986	3	84.067524115756
GLOBAL	V	8334423	8344422	0.00086212747605366	452	0.38968161917625	3	450.73151125402
GLOBAL	V	8344423	8354422	0.00089159564258303	437	0.38962729580879	3	435.56109324759
GLOBAL	V	8354423	8364422	0.00052391164552357	248	0.12993008808984	1	247.18649517685
GLOBAL	V	8364423	8374422	0.001905266869556	409	0.77925414964841	6	407.95659163987
GLOBAL	V	8374423	8384422	0	665	0	0	663.33922829582
GLOBAL	V	8384423	8394422	0	180	0	0	178.70739549839
GLOBAL	V	8394423	8404422	0	40	0	0	39.805466237942
GLOBAL	V	8404423	8414422	0	112	0	0	111.78778135048
GLOBAL	V	8414423	8424422	0.0016585975463699	548	0.90891145541073	7	546.46623794212
GLOBAL	V	8424423	8434422	0	72	0	0	71.818327974277
GLOBAL	V	8434423	8444422	0.0013431652704526	290	0.38951792843126	3	288.95337620579
GLOBAL	V	8444423	8454422	0.0016961340382299	689	1.1686363523404	9	686.57556270096
GLOBAL	V	8454423	8464422	0.00061098723352047	425	0.2596695742462	2	424.07234726688
GLOBAL	V	8464423	8474422	0.0018234886940725	285	0.51969427781066	4	284.27331189711
GLOBAL	V	8474423	8484422	0.00074667555668106	522	0.38976464058751	3	520.52893890675
GLOBAL	V	8484423	8494422	0.0013333705792523	487	0.64935147209588	5	485.98713826367
GLOBAL	V	8494423	8504422	0	39	0	0	38.889067524116
GLOBAL	V	8504423	8514422	0.00085041658145705	458	0.38949079430733	3	456.29581993569
GLOBAL	V	8514423	8524422	0.0004898913964571	265	0.12982122006113	1	263.61736334405
GLOBAL	V	8524423	8534422	0.0014242554949131	456	0.64946050568037	5	454.77813504823
GLOBAL	V	8534423	8544422	0.0020216234160624	257	0.51955721792803	4	256.66237942122
GLOBAL	V	8544423	8554422	0.0006853596521134	379	0.25975130815098	2	377.96784565916
GLOBAL	V	8554423	8564422	0.0014266068138586	91	0.12982122006113	1	90.897106109325
GLOBAL	V	8564423	8574422	NA	0	0	0	0
GLOBAL	V	8574423	8584422	0.00082533625486561	944	0.77911742459313	6	936.42282958199
GLOBAL	V	8584423	8594422	0.0010102356777054	776	0.78394288589938	6	764.77813504823
GLOBAL	V	8594423	8604422	0.0020478872905159	318	0.65122815838406	5	313.90514469453
GLOBAL	V	8604423	8614422	0.0011392225133606	290	0.33037452887459	2	53.092274678112
GLOBAL	V	8614423	8624422	0.0013766193994101	235	0.32350555886138	2	94.973898858075
GLOBAL	V	8624423	8634422	0.0010469140353761	255	0.26696307902091	2	160.66666666667
GLOBAL	V	8634423	8644422	0.0023119708122706	285	0.65891168149712	5	247.45337620579
GLOBAL	V	8644423	8654422	0.00085647281316899	910	0.77939025998378	6	902.55305466238
GLOBAL	V	8654423	8664422	0.0010782971412052	723	0.77960883309139	6	719.3536977492
GLOBAL	V	8664423	8674422	0.00052208336708824	498	0.25999751680994	2	494.97588424437
GLOBAL	V	8674423	8684422	0.0023708924815533	274	0.6496245399456	5	272.79099678457
GLOBAL	V	8684423	8694422	0.0099911382851451	117	1.168963179362	9	116.5691318328
GLOBAL	V	8694423	8704422	NA	0	0	0	0
GLOBAL	V	8704423	8714422	0.0031672763859553	451	1.4284416500658	11	449.3922829582
GLOBAL	V	8714423	8724422	0.0036075078641131	360	1.2987028310807	10	358.90514469453
GLOBAL	V	8724423	8734422	0.0086611568721441	750	6.4958676541081	50	747.5192926045
GLOBAL	V	8734423	8744422	0	68	0	0	67.75884244373
GLOBAL	V	8744423	8754422	0.0066968052982802	388	2.5983604557327	20	386.22347266881
GLOBAL	V	8754423	8764422	0.0096570969086464	269	2.5977590684259	20	267.92282958199
GLOBAL	V	8764423	8774422	NA	0	0	0	0
GLOBAL	V	8774423	8784422	0.0031982367769095	609	1.9477261971379	15	607.99356913183
GLOBAL	V	8784423	8794422	0.0025157908684748	1084	2.7271173014266	21	1081.9967845659
GLOBAL	V	8794423	8804422	0.0039533293368345	230	0.90926574747194	7	229.37781350482
GLOBAL	V	8804423	8814422	0.0051071615633252	178	0.90907475827189	7	177.00643086817
GLOBAL	V	8814423	8824422	0	5	0	0	4.9983896940419
GLOBAL	V	8824423	8834422	0.0028865683289039	495	1.4288513228074	11	493.40514469453
GLOBAL	V	8834423	8844422	0.0028134894773604	554	1.5586731704577	12	552.40353697749
GLOBAL	V	8844423	8854422	0.0076074362285291	239	1.8181772586185	14	238.54180064309
GLOBAL	V	8854423	8864422	0.0068413081940274	19	0.12998485568652	1	18.911575562701
GLOBAL	V	8864423	8874422	0.0022026685409824	59	0.12995744391796	1	58.885852090032
GLOBAL	V	8874423	8884422	0.01107455394721	434	4.8063564130892	37	432.77009646302
GLOBAL	V	8884423	8894422	0.0038492866299353	641	2.4673927297886	19	639.1270096463
GLOBAL	V	8894423	8904422	0.0028227910282074	230	0.6492419364877	5	229.44855305466
GLOBAL	V	8904423	8914422	0.0065753809177936	316	2.0778203700228	16	315.38263665595
GLOBAL	V	8914423	8924422	0.0054265391235431	431	2.3388383622471	18	428.99678456592
GLOBAL	V	8924423	8934422	0.0096593500995419	363	3.5063440861337	27	362.18167202572
GLOBAL	V	8934423	8944422	0.0065399109614162	278	1.8180952472737	14	277.32154340836
GLOBAL	V	8944423	8954422	0.0031637110480658	657	2.0785581585793	16	655.18167202572
GLOBAL	V	8954423	8964422	0.0032296305832343	523	1.6890967950315	13	521.0192926045
GLOBAL	V	8964423	8974422	0.0071841457400713	235	1.6882742489168	13	234.26045016077
GLOBAL	V	8974423	8984422	0.0059628456880671	588	3.5061532645835	27	586.78295819936
GLOBAL	V	8984423	8994422	0.0087511436409988	371	3.2466742908105	25	364.61093247588
GLOBAL	V	8994423	9004422	0.0050942307849436	102	0.51961154006425	4	101.62540192926
GLOBAL	V	9004423	9014422	0.014502091655893	609	8.8317738184388	68	607.59163987138
GLOBAL	V	9014423	9024422	0.012988360531172	310	4.0263917646632	31	308.77652733119
GLOBAL	V	9024423	9034422	0.010554205775004	603	6.3641860823275	49	601.19292604502
GLOBAL	V	9034423	9044422	0.0080471703368998	339	2.727990744209	21	338.1270096463
GLOBAL	V	9044423	9054422	0.0083607749254278	404	3.3777530698728	26	402.69453376206
GLOBAL	V	9054423	9064422	0.010758284772491	169	1.818150126551	14	168.43569131833
GLOBAL	V	9064423	9074422	0.0070230293185706	481	3.3780771022325	26	478.7154340836
GLOBAL	V	9074423	9084422	0.0020910215117284	435	0.90959435760186	7	433.39549839228
GLOBAL	V	9084423	9094422	0.00052350913213351	744	0.38949079430733	3	741.22186495177
GLOBAL	V	9094423	9104422	0.0017313113891342	75	0.12984835418507	1	74.914790996785
GLOBAL	V	9104423	9114422	0.0013027536989481	698	0.90932208186579	7	695.72347266881
GLOBAL	V	9114423	9124422	0.0010960542103728	474	0.51952969571669	4	472.74919614148
GLOBAL	V	9124423	9134422	0.0016228783096139	240	0.38949079430733	3	239.41800643087
GLOBAL	V	9134423	9144422	0.00070764233089056	184	0.13020618888386	1	183.42282958199
GLOBAL	V	9144423	9154422	0	391	0	0	390.24919614148
GLOBAL	V	9154423	9164422	0.00071202247140549	365	0.259888202063	2	360.62861736334
GLOBAL	V	9164423	9174422	0.001581190264457	575	0.90918440206279	7	573.32958199357
GLOBAL	V	9174423	9184422	0.00066280521545944	784	0.5196392889202	4	780.88263665595
GLOBAL	V	9184423	9194422	0.00027170615780042	478	0.1298755434286	1	476.41479099678
GLOBAL	V	9194423	9204422	0.00054364053594077	239	0.12993008808984	1	238.36495176849
GLOBAL	V	9204423	9214422	0.00076304566656451	851	0.6493518622464	5	847.59485530547
GLOBAL	V	9214423	9224422	0.0010473290438803	496	0.51947520576464	4	494.69774919614
GLOBAL	V	9224423	9234422	0.0026394181709552	246	0.64929687005498	5	245.27974276527
GLOBAL	V	9234423	9244422	0.00098359687214469	264	0.2596695742462	2	263.30707395498
GLOBAL	V	9244423	9254422	0.0010387871646053	500	0.51939358230264	4	498.06591639871
GLOBAL	V	9254423	9264422	0.0010655626712947	244	0.2599972917959	2	242.87942122186
GLOBAL	V	9264423	9274422	0.0020533715775786	506	1.0390060182548	8	503.58520900322
GLOBAL	V	9274423	9284422	NA	0	0	0	0
GLOBAL	V	9284423	9294422	0.0008814468243562	442	0.38959949636544	3	439.46463022508
GLOBAL	V	9294423	9304422	0	28	0	0	27.826366559486
GLOBAL	V	9304423	9314422	0.0016154359162355	402	0.64940523832666	5	400.62218649518
GLOBAL	V	9314423	9324422	0.0028913891261496	674	1.9487962710248	15	645.13344051447
GLOBAL	V	9324423	9334422	0.012176522674614	160	1.9482436279382	15	159.42282958199
GLOBAL	V	9334423	9344422	0.0055144205353028	636	3.5071714604526	27	633.80064308682
GLOBAL	V	9344423	9354422	0.0048328364405001	645	3.1171795041226	24	643.46623794212
GLOBAL	V	9354423	9364422	0.009980618759778	976	9.7410839095433	75	973.00321543408
GLOBAL	V	9364423	9374422	0.0078755421106647	676	5.3238664668093	41	674.45980707395
GLOBAL	V	9374423	9384422	0.0064054867375844	669	4.285270627444	33	666.65594855305
GLOBAL	V	9384423	9394422	0.0050599717657382	462	2.3377069557711	18	461.14469453376
GLOBAL	V	9394423	9404422	0.010246928078887	469	4.805809268998	37	467.24276527331
GLOBAL	V	9404423	9414422	0.011885865352234	962	11.434202468849	88	956.28617363344
GLOBAL	V	9414423	9424422	0.012496974205507	52	0.64984265868639	5	51.754019292604
GLOBAL	V	9424423	9434422	0.008340386881105	109	0.90910217004045	7	108.77133655395
GLOBAL	V	9434423	9444422	0.0094805783074916	137	1.2988392281263	10	136.42604501608
GLOBAL	V	9444423	9454422	0.014341183642617	154	2.2085422809631	17	153.63665594855
GLOBAL	V	9454423	9464422	0.0095380438467778	286	2.7278805401784	21	285.2347266881
GLOBAL	V	9464423	9474422	0.010080249411768	593	5.9775879011782	46	590.71221864952
GLOBAL	V	9474423	9484422	0.0028557593944855	182	0.51974820979636	4	181.5578778135
GLOBAL	V	9484423	9494422	0.011630173289603	793	9.2227274186556	71	790.42122186495
GLOBAL	V	9494423	9504422	0.010429171940278	137	1.4287965558181	11	136.60128617363
GLOBAL	V	9504423	9514422	0.01162848576209	201	2.3373256381802	18	200.49517684887
GLOBAL	V	9514423	9524422	0.00790202262385	263	2.0782319500725	16	256.68810289389
GLOBAL	V	9524423	9534422	0.0096614619495747	363	3.5071106876956	27	361.25241157556
GLOBAL	V	9534423	9544422	0.012055225820187	334	4.0264454239425	31	332.99839228296
GLOBAL	V	9544423	9554422	0.0016308085440209	239	0.38976324202099	3	238.53376205788
GLOBAL	V	9554423	9564422	0.00084454241024819	615	0.51939358230264	4	613.28135048232
GLOBAL	V	9564423	9574422	0.0015587275913987	250	0.38968189784968	3	249.49517684887
GLOBAL	V	9574423	9584422	0.00059009645482333	220	0.12982122006113	1	219.2845659164
GLOBAL	V	9584423	9594422	0.0011100473797316	117	0.1298755434286	1	115.94694533762
GLOBAL	V	9594423	9604422	0.00044920837391395	289	0.12982122006113	1	288.3922829582
GLOBAL	V	9604423	9614422	0	37	0	0	36.842443729904
GLOBAL	V	9614423	9624422	0.00063807558596986	407	0.25969676348973	2	406.11254019293
GLOBAL	V	9624423	9634422	NA	0	0	0	0
GLOBAL	V	9634423	9644422	0.00092958747649907	559	0.51963939936298	4	556.77170418006
GLOBAL	V	9644423	9654422	0.0011937203784017	653	0.77949940709633	6	650.76848874598
GLOBAL	V	9654423	9664422	0.00097712363848092	133	0.12995744391796	1	132.40675241158
GLOBAL	V	9664423	9674422	0.0019096684423603	204	0.38957236224151	3	203.68327974277
GLOBAL	V	9674423	9684422	0	249	0	0	248.47106109325
GLOBAL	V	9684423	9694422	0.0016921012863637	307	0.51947509491364	4	304.97749196141
GLOBAL	V	9694423	9704422	0.0028018968358518	139	0.3894636601834	3	138.59003215434
GLOBAL	V	9704423	9714422	0	313	0	0	312.33601286174
GLOBAL	V	9714423	9724422	0.00051732412025922	251	0.12984835418507	1	250.33762057878
GLOBAL	V	9724423	9734422	0.0014954281960002	521	0.77911809011612	6	519.60128617363
GLOBAL	V	9734423	9744422	0.0010683718762428	608	0.64957010075564	5	605.95337620579
GLOBAL	V	9744423	9754422	0	319	0	0	318.12379421222
GLOBAL	V	9754423	9764422	0.0015079499656645	603	0.9092938292957	7	600.90192926045
GLOBAL	V	9764423	9774422	0.0010983641868521	591	0.6491332344296	5	589.64147909968
GLOBAL	V	9774423	9784422	0.0019046669385286	409	0.7790087778582	6	408.1961414791
GLOBAL	V	9784423	9794422	0.00073263735984287	532	0.38976307543641	3	530.43247588424
GLOBAL	V	9794423	9804422	0	5	0	0	4.9758064516129
GLOBAL	V	9804423	9814422	0	291	0	0	289.64790996785
GLOBAL	V	9814423	9824422	0.00055763986304654	233	0.12993008808984	1	232.2845659164
GLOBAL	V	9824423	9834422	0	260	0	0	258.92765273312
GLOBAL	V	9834423	9844422	NA	0	0	0	0
GLOBAL	V	9844423	9854422	0.00082191106839768	316	0.25972389761367	2	315.27491961415
GLOBAL	V	9854423	9864422	0	228	0	0	227.12379421222
GLOBAL	V	9864423	9874422	0.00041313259000814	629	0.25986039911512	2	626.89871382637
GLOBAL	V	9874423	9884422	0.0023058100464478	169	0.38968189784968	3	168.25241157556
GLOBAL	V	9884423	9894422	NA	0	0	0	0
GLOBAL	V	9894423	9904422	0.00034711556166078	374	0.12982122006113	1	373.3424437299
GLOBAL	V	9904423	9914422	0.0010846131434587	479	0.51952969571669	4	477.50643086817
GLOBAL	V	9914423	9924422	0.0013252606472306	98	0.1298755434286	1	97.540192926045
GLOBAL	V	9924423	9934422	0	180	0	0	179.46302250804
GLOBAL	V	9934423	9944422	0.0012653798797607	308	0.3897370029663	3	307.27170418006
GLOBAL	V	9944423	9954422	0.00041670616539578	312	0.13001232360348	1	311.11575562701
GLOBAL	V	9954423	9964422	0.0056488441862512	92	0.51969366513511	4	91.607717041801
GLOBAL	V	9964423	9974422	0	216	0	0	215.3536977492
GLOBAL	V	9974423	9984422	0	172	0	0	171.02572347267
GLOBAL	V	9984423	9994422	0.00057443017726165	226	0.12982122006113	1	225.22990353698
GLOBAL	V	9994423	10004422	0.00057758863963539	225	0.12995744391796	1	224.18971061093
GLOBAL	V	10004423	10014422	0.0009083373104802	715	0.64946117699334	5	712.538585209
GLOBAL	V	10014423	10024422	0.00096041731132886	676	0.64924210245831	5	673.90675241158
GLOBAL	V	10024423	10034422	0.0014655571694016	443	0.64924182604493	5	441.93890675241
GLOBAL	V	10034423	10044422	0.001998295709807	130	0.25977844227491	2	129.6768488746
GLOBAL	V	10044423	10054422	0.00096881507508308	134	0.12982122006113	1	133.17041800643
GLOBAL	V	10054423	10064422	0.0090423300071637	158	1.4286881411319	11	157.52250803859
GLOBAL	V	10064423	10074422	NA	0	0	0	0
GLOBAL	V	10074423	10084422	NA	0	0	0	0
GLOBAL	V	10084423	10094422	0.0078614831781016	595	4.6775824909705	36	591.00803858521
GLOBAL	V	10094423	10104422	0.0083316712013458	78	0.64987035370497	5	77.70692431562
GLOBAL	V	10104423	10114422	0.0042855232106898	971	4.1612430375798	32	962.14469453376
GLOBAL	V	10114423	10124422	0.0044273383304357	236	1.0448518459828	8	228.35530546624
GLOBAL	V	10124423	10134422	0.0009214899864528	141	0.12993008808984	1	139.92753623188
GLOBAL	V	10134423	10144422	NA	0	0	0	0
GLOBAL	V	10144423	10154422	0.0011907382134411	110	0.13098120347852	1	106.22089041096
GLOBAL	V	10154423	10164422	NA	0	0	0	0
GLOBAL	V	10164423	10174422	NA	0	0	0	0
GLOBAL	V	10174423	10184422	NA	0	0	0	0
GLOBAL	V	10184423	10194422	NA	0	0	0	0
GLOBAL	V	10194423	10204422	NA	0	0	0	0
GLOBAL	V	10204423	10214422	0.0010356311574756	251	0.25994342052638	2	249.16237942122
GLOBAL	V	10214423	10224422	0.0009257387122729	421	0.38973599786689	3	419.13183279743
GLOBAL	V	10224423	10234422	0.0014812635244043	526	0.77914461383667	6	524.20096463023
GLOBAL	V	10234423	10244422	0	239	0	0	238.03215434084
GLOBAL	V	10244423	10254422	0.00093427715342868	557	0.52039237445977	4	554.17363344051
GLOBAL	V	10254423	10264422	0.00075135754732092	346	0.25996971137304	2	344.47106109325
GLOBAL	V	10264423	10274422	0.00083306304373451	468	0.38987350446775	3	466.31028938907
GLOBAL	V	10274423	10284422	0.002123273085885	734	1.5584824450396	12	730.83922829582
GLOBAL	V	10284423	10294422	0.010130804282334	218	2.2085153335488	17	217.37138263666
GLOBAL	V	10294423	10304422	0.014141724138462	450	6.363775862308	49	448.53054662379
GLOBAL	V	10304423	10314422	0.0053517018166356	437	2.3386936938698	18	435.04019292605
GLOBAL	V	10314423	10324422	0.0084088226162537	139	1.1688263436593	9	138.55948553055
GLOBAL	V	10324423	10334422	NA	0	0	0	0
GLOBAL	V	10334423	10344422	0.015183359860814	368	5.5874764287794	43	366.75684380032
GLOBAL	V	10344423	10354422	0.01624703268292	320	5.1990504585343	40	318.76366559486
GLOBAL	V	10354423	10364422	0.024060153381817	54	1.2992482826181	10	53.831189710611
GLOBAL	V	10364423	10374422	0.0016433065830523	79	0.12982122006113	1	78.827974276527
GLOBAL	V	10374423	10384422	0.0011698868075626	333	0.38957230691833	3	331.68810289389
GLOBAL	V	10384423	10394422	0.0014353121139421	545	0.78224510209847	6	541.16559485531
GLOBAL	V	10394423	10404422	0.0015458137402984	84	0.12984835418507	1	83.773311897106
GLOBAL	V	10404423	10414422	0.00094172060810118	138	0.12995744391796	1	137.42765273312
GLOBAL	V	10414423	10424422	0	49	0	0	48.627009646302
GLOBAL	V	10424423	10434422	0.0025741562004346	304	0.78254348493212	6	291.07877813505
GLOBAL	V	10434423	10444422	0.00074411664289436	349	0.25969670837013	2	347.5
GLOBAL	V	10444423	10454422	0.011737927049256	532	6.2445771902044	48	529.31511254019
GLOBAL	V	10454423	10464422	NA	0	0	0	0
GLOBAL	V	10464423	10474422	NA	0	0	0	0
GLOBAL	V	10474423	10484422	0.019004789771333	513	9.7494571526938	75	510.88424437299
GLOBAL	V	10484423	10494422	0.007657495846647	526	4.0278428153363	31	520.91318327974
GLOBAL	V	10494423	10504422	0.0089371018691299	494	4.4149283233502	34	493.02250803859
GLOBAL	V	10504423	10514422	0.012879548413032	444	5.7185194953863	44	441.12861736334
GLOBAL	V	10514423	10524422	0.017747375372711	205	3.6382119514057	28	204.26688102894
GLOBAL	V	10524423	10534422	0.013901988071425	327	4.5459500993559	35	325.73954983923
GLOBAL	V	10534423	10544422	NA	0	0	0	0
GLOBAL	V	10544423	10554422	NA	0	0	0	0
GLOBAL	V	10554423	10564422	0.014433441454852	126	1.8186136233113	14	125.60450160772
GLOBAL	V	10564423	10574422	0.011675763022263	178	2.0782858179629	16	177.66237942122
GLOBAL	V	10574423	10584422	0.0080021352478102	568	4.5452128207562	35	566.15112540193
GLOBAL	V	10584423	10594422	0.008637425492403	421	3.6363561323016	28	419.81993569132
GLOBAL	V	10594423	10604422	0.0040751709507055	255	1.0391685924299	8	254.59003215434
GLOBAL	V	10604423	10614422	0.014748478741349	978	14.424012209039	111	975.82797427653
GLOBAL	V	10614423	10624422	0.015811607844815	600	9.4869647068889	73	598.27491961415
GLOBAL	V	10624423	10634422	0.0065951638631522	197	1.299247281041	10	196.50643086817
GLOBAL	V	10634423	10644422	0.0068826138070086	774	5.3271430866246	41	771.8424437299
GLOBAL	V	10644423	10654422	0.017155254130534	462	7.9257274083069	61	460.23311897106
GLOBAL	V	10654423	10664422	0.0085498369809806	76	0.64978761055453	5	75.79421221865
GLOBAL	V	10664423	10674422	0.012070873082516	226	2.7280173166486	21	225.38102893891
GLOBAL	V	10674423	10684422	0.018077392989339	151	2.7296863413902	21	150.40836012862
GLOBAL	V	10684423	10694422	0.022038405969693	460	10.137666746059	78	458.36977491961
GLOBAL	V	10694423	10704422	0.020532493481207	38	0.78023475228585	6	37.284565916399
GLOBAL	V	10704423	10714422	0.0087143776398278	179	1.5598735975292	12	178.4421221865
GLOBAL	V	10714423	10724422	0.0012731563608513	204	0.25972389761367	2	203.37781350482
GLOBAL	V	10724423	10734422	0.011926396931771	743	8.861312920306	68	737.4308681672
GLOBAL	V	10734423	10744422	0.0073345304577634	551	4.0413262822276	31	545.36655948553
GLOBAL	V	10744423	10754422	0	395	0	0	394.03697749196
GLOBAL	V	10754423	10764422	0.0034829457013333	373	1.2991387465973	10	372.06591639871
GLOBAL	V	10764423	10774422	0.0070963748110176	293	2.0792378196281	16	292.22347266881
GLOBAL	V	10774423	10784422	0	59	0	0	58.618971061093
GLOBAL	V	10784423	10794422	0.010421160796558	586	6.1068002267827	47	584.28295819936
GLOBAL	V	10794423	10804422	0.016386120894625	175	2.8675711565594	22	174.0691318328
GLOBAL	V	10804423	10814422	0.017030189541151	183	3.1165246860306	24	182.6077170418
GLOBAL	V	10814423	10824422	0.012002723987282	368	4.4170024273197	34	366.70578778135
GLOBAL	V	10824423	10834422	0.012736565768764	306	3.8973891252417	30	304.10610932476
GLOBAL	V	10834423	10844422	0.012473622171557	271	3.3803516084918	26	269.94372990354
GLOBAL	V	10844423	10854422	0.0074152583848678	495	3.6705529005096	28	482.19453376206
GLOBAL	V	10854423	10864422	0.004022891868308	549	2.2085676357011	17	547.15273311897
GLOBAL	V	10864423	10874422	0.0022024395511193	118	0.25988786703208	2	117.20578778135
GLOBAL	V	10874423	10884422	0.018242583095376	356	6.4943595819538	50	354.04662379421
GLOBAL	V	10884423	10894422	NA	0	0	0	0
GLOBAL	V	10894423	10904422	NA	0	0	0	0
GLOBAL	V	10904423	10914422	0.013037819408091	339	4.4198207793429	34	337.13183279743
GLOBAL	V	10914423	10924422	0.011560321144932	427	4.9362571288861	38	425.56591639871
GLOBAL	V	10924423	10934422	0.016576523831217	196	3.2489986709185	25	194.87781350482
GLOBAL	V	10934423	10944422	0.015888015955033	278	4.4168684354992	34	277.04823151125
GLOBAL	V	10944423	10954422	0.019515152539051	233	4.5470305415988	35	231.66237942122
GLOBAL	V	10954423	10964422	0.013452588419071	280	3.7667247573399	29	279.31189710611
GLOBAL	V	10964423	10974422	0.016519875417081	228	3.7665315950944	29	227.13022508039
GLOBAL	V	10974423	10984422	0.0031981019306453	203	0.649214691921	5	202.09324758842
GLOBAL	V	10984423	10994422	0.018316495254732	78	1.4286866298691	11	77.670418006431
GLOBAL	V	10994423	11004422	NA	0	0	0	0
GLOBAL	V	11004423	11014422	0	409	0	0	405.59967845659
GLOBAL	V	11014423	11024422	NA	0	0	0	0
GLOBAL	V	11024423	11034422	0.0013964139654675	279	0.38959949636544	3	277.28617363344
GLOBAL	V	11034423	11044422	0.00078263015021562	332	0.25983320987158	2	331.22025723473
GLOBAL	V	11044423	11054422	NA	0	0	0	0
GLOBAL	V	11054423	11064422	0.011805458030128	77	0.90902026831984	7	76.813504823151
GLOBAL	V	11064423	11074422	0.013372630357454	204	2.7280165929207	21	203.13022508039
GLOBAL	V	11074423	11084422	0.0026376254195112	197	0.51961220764371	4	196.17202572347
GLOBAL	V	11084423	11094422	0	401	0	0	400.39389067524
GLOBAL	V	11094423	11104422	0.0024633910460375	211	0.51977551071391	4	210.11414790997
GLOBAL	V	11104423	11114422	NA	0	0	0	0
GLOBAL	V	11114423	11124422	0.0028439948599181	137	0.38962729580879	3	136.51768488746
GLOBAL	V	11124423	11134422	0.0023489604115441	387	0.90904767926756	7	386.23954983923
GLOBAL	V	11134423	11144422	0.00079694961960312	163	0.12990278799531	1	162.80546623794
GLOBAL	V	11144423	11154422	NA	0	0	0	0
GLOBAL	V	11154423	11164422	NA	0	0	0	0
GLOBAL	V	11164423	11174422	0.0034192128444696	38	0.12993008808984	1	37.588996763754
GLOBAL	V	11174423	11184422	0.0011510401971573	226	0.26013508455756	2	224.94498381877
GLOBAL	V	11184423	11194422	0	130	0	0	129.53376205788
GLOBAL	V	11194423	11204422	0.0013019424556242	399	0.51947503979404	4	395.61254019293
GLOBAL	V	11204423	11214422	0.0012259291804918	318	0.38984547939638	3	316.48874598071
GLOBAL	V	11214423	11224422	0.001519253062982	684	1.0391690950797	8	681.31189710611
GLOBAL	V	11224423	11234422	0	218	0	0	217.14308681672
GLOBAL	V	11234423	11244422	NA	0	0	0	0
GLOBAL	V	11244423	11254422	NA	0	0	0	0
GLOBAL	V	11254423	11264422	NA	0	0	0	0
GLOBAL	V	11264423	11274422	NA	0	0	0	0
GLOBAL	V	11274423	11284422	NA	0	0	0	0
GLOBAL	V	11284423	11294422	NA	0	0	0	0
GLOBAL	V	11294423	11304422	NA	0	0	0	0
GLOBAL	V	11304423	11314422	0.0021226557296484	245	0.52005065376385	4	243.87216828479
GLOBAL	V	11314423	11324422	0.0010959963805079	237	0.25975114218037	2	236.18810289389
GLOBAL	V	11324423	11334422	0.0018166316882791	143	0.25977833142391	2	142.42122186495
GLOBAL	V	11334423	11344422	0.0015962737471612	244	0.38949079430733	3	243.51286173633
GLOBAL	V	11344423	11354422	0.0011388619716589	342	0.38949079430733	3	340.74919614148
GLOBAL	V	11354423	11364422	0.0020952062579888	62	0.12990278799531	1	61.77652733119
GLOBAL	V	11364423	11374422	0.0014300480749888	454	0.64924182604493	5	452.69292604502
GLOBAL	V	11374423	11384422	NA	0	0	0	0
GLOBAL	V	11384423	11394422	0.014964274944629	217	3.2472476629845	25	215.55305466238
GLOBAL	V	11394423	11404422	NA	0	0	0	0
GLOBAL	V	11404423	11414422	0	22	0	0	21.927652733119
GLOBAL	V	11414423	11424422	0.010086110662787	103	1.0388693982671	8	102.55627009646
GLOBAL	V	11424423	11434422	0.0018286589735648	142	0.2596695742462	2	141.79260450161
GLOBAL	V	11434423	11444422	0.0007055501090279	184	0.12982122006113	1	183.47749196141
GLOBAL	V	11444423	11454422	0.00063651154012287	204	0.12984835418507	1	203.42765273312
GLOBAL	V	11454423	11464422	0	122	0	0	121.6270096463
GLOBAL	V	11464423	11474422	NA	0	0	0	0
GLOBAL	V	11474423	11484422	NA	0	0	0	0
GLOBAL	V	11484423	11494422	NA	0	0	0	0
GLOBAL	V	11494423	11504422	NA	0	0	0	0
GLOBAL	V	11504423	11514422	NA	0	0	0	0
GLOBAL	V	11514423	11524422	0.015058896181939	328	4.9393179476759	38	326.50803858521
GLOBAL	V	11524423	11534422	0.014313458401163	191	2.7338705546221	21	189.43729903537
GLOBAL	V	11534423	11544422	NA	0	0	0	0
GLOBAL	V	11544423	11554422	NA	0	0	0	0
GLOBAL	V	11554423	11564422	0.030310540063448	86	2.6067064454565	20	84.969453376206
GLOBAL	V	11564423	11574422	0.028061216483185	454	12.739792283366	98	451.63183279743
GLOBAL	V	11574423	11584422	NA	0	0	0	0
GLOBAL	V	11584423	11594422	0.038018171811445	89	3.3836172912186	26	87.980707395498
GLOBAL	V	11594423	11604422	0.025157282574271	284	7.1446682510929	55	283.31511254019
GLOBAL	V	11604423	11614422	0.0075907572078279	479	3.6359727025496	28	477.58360128617
GLOBAL	V	11614423	11624422	0	18	0	0	17.985530546624
GLOBAL	V	11624423	11634422	0.0013145120623802	198	0.26027338835128	2	196.68780487805
GLOBAL	V	11634423	11644422	NA	0	0	0	0
GLOBAL	V	11644423	11654422	NA	0	0	0	0
GLOBAL	V	11654423	11664422	NA	0	0	0	0
GLOBAL	V	11664423	11674422	NA	0	0	0	0
GLOBAL	V	11674423	11684422	0.028498137766531	237	6.7540586506678	52	236.13826366559
GLOBAL	V	11684423	11694422	NA	0	0	0	0
GLOBAL	V	11694423	11704422	NA	0	0	0	0
GLOBAL	V	11704423	11714422	NA	0	0	0	0
GLOBAL	V	11714423	11724422	NA	0	0	0	0
GLOBAL	V	11724423	11734422	NA	0	0	0	0
GLOBAL	V	11734423	11744422	NA	0	0	0	0
GLOBAL	V	11744423	11754422	0.045022974376786	127	5.7179177458519	44	126.45176848875
GLOBAL	V	11754423	11764422	0.015562456833661	77	1.1983091761919	9	76.647286821705
GLOBAL	V	11764423	11774422	NA	0	0	0	0
GLOBAL	V	11774423	11784422	NA	0	0	0	0
GLOBAL	V	11784423	11794422	NA	0	0	0	0
GLOBAL	V	11794423	11804422	0.037540245590702	45	1.6893110515816	13	44.861736334405
GLOBAL	V	11804423	11814422	0.020758592808611	263	5.4595099086647	42	260.49517684887
GLOBAL	V	11814423	11824422	0.02741330590777	625	17.133316192356	131	614.14469453376
GLOBAL	V	11824423	11834422	0.02661858039542	249	6.6280265184595	51	248.22668810289
GLOBAL	V	11834423	11844422	NA	0	0	0	0
GLOBAL	V	11844423	11854422	NA	0	0	0	0
GLOBAL	V	11854423	11864422	0.027565302985305	190	5.237407567208	40	187.45499181669
GLOBAL	V	11864423	11874422	0.015458437098546	78	1.2057580936866	9	71.43729903537
GLOBAL	V	11874423	11884422	NA	0	0	0	0
GLOBAL	V	11884423	11894422	NA	0	0	0	0
GLOBAL	V	11894423	11904422	NA	0	0	0	0
GLOBAL	V	11904423	11914422	0.032029858718449	142	4.5482399380197	35	141.41961414791
GLOBAL	V	11914423	11924422	0.020571924051757	92	1.8926170127616	14	74.591397849462
GLOBAL	V	11924423	11934422	0.016184835019524	257	4.1595026000178	32	255.65539452496
GLOBAL	V	11934423	11944422	NA	0	0	0	0
GLOBAL	V	11944423	11954422	NA	0	0	0	0
GLOBAL	V	11954423	11964422	NA	0	0	0	0
GLOBAL	V	11964423	11974422	NA	0	0	0	0
GLOBAL	V	11974423	11984422	NA	0	0	0	0
GLOBAL	V	11984423	11994422	NA	0	0	0	0
GLOBAL	V	11994423	12004422	0.0081138262538208	16	0.12982122006113	1	15.987138263666
GLOBAL	V	12004423	12014422	NA	0	0	0	0
GLOBAL	V	12014423	12024422	NA	0	0	0	0
GLOBAL	V	12024423	12034422	0.022083256152872	759	16.76119142003	129	756.28295819936
GLOBAL	V	12034423	12044422	NA	0	0	0	0
GLOBAL	V	12044423	12054422	NA	0	0	0	0
GLOBAL	V	12054423	12064422	NA	0	0	0	0
GLOBAL	V	12064423	12074422	0.00066249160298503	196	0.12984835418507	1	195.27491961415
GLOBAL	V	12074423	12084422	0.0018725518957083	208	0.38949079430733	3	207.53054662379
GLOBAL	V	12084423	12094422	0.001311783188251	594	0.77919921382108	6	592.96463022508
GLOBAL	V	12094423	12104422	0.0024673846139906	158	0.38984676901052	3	135.95659163987
GLOBAL	V	12104423	12114422	NA	0	0	0	0
GLOBAL	V	12114423	12124422	NA	0	0	0	0
GLOBAL	V	12124423	12134422	NA	0	0	0	0
GLOBAL	V	12134423	12144422	0	27	0	0	26.766881028939
GLOBAL	V	12144423	12154422	NA	0	0	0	0
GLOBAL	V	12154423	12164422	NA	0	0	0	0
GLOBAL	V	12164423	12174422	0	26	0	0	25.855305466238
GLOBAL	V	12174423	12184422	0.0013400500586239	97	0.12998485568652	1	96.692926045016
GLOBAL	V	12184423	12194422	0	91	0	0	90.504823151125
GLOBAL	V	12194423	12204422	0	56	0	0	55.657556270096
GLOBAL	V	12204423	12214422	NA	0	0	0	0
GLOBAL	V	12214423	12224422	NA	0	0	0	0
GLOBAL	V	12224423	12234422	NA	0	0	0	0
GLOBAL	V	12234423	12244422	NA	0	0	0	0
GLOBAL	V	12244423	12254422	NA	0	0	0	0
GLOBAL	V	12254423	12264422	0	3	0	0	2.9967585089141
GLOBAL	V	12264423	12274422	0.020018921576167	39	0.78073794147053	6	38.714748784441
GLOBAL	V	12274423	12284422	NA	0	0	0	0
GLOBAL	V	12284423	12294422	NA	0	0	0	0
GLOBAL	V	12294423	12304422	NA	0	0	0	0
GLOBAL	V	12304423	12314422	NA	0	0	0	0
GLOBAL	V	12314423	12324422	NA	0	0	0	0
GLOBAL	V	12324423	12334422	NA	0	0	0	0
GLOBAL	V	12334423	12344422	NA	0	0	0	0
GLOBAL	V	12344423	12354422	NA	0	0	0	0
GLOBAL	V	12354423	12364422	NA	0	0	0	0
GLOBAL	V	12364423	12374422	NA	0	0	0	0
GLOBAL	V	12374423	12384422	NA	0	0	0	0
GLOBAL	V	12384423	12394422	NA	0	0	0	0
GLOBAL	V	12394423	12404422	0.021687737774301	85	1.8434577108156	14	82.271214642263
GLOBAL	V	12404423	12414422	NA	0	0	0	0
GLOBAL	V	12414423	12424422	0.042548566419692	281	11.956147163933	91	268.62057877814
GLOBAL	V	12424423	12434422	0.015165362831739	26	0.39429943362523	3	25.526402640264
GLOBAL	V	12434423	12444422	NA	0	0	0	0
GLOBAL	V	12444423	12454422	0.052963263081789	145	7.6796731468593	59	143.2845659164
GLOBAL	V	12454423	12464422	0.03410976201437	523	17.839405533516	137	517.27170418006
GLOBAL	V	12464423	12474422	NA	0	0	0	0
GLOBAL	V	12474423	12484422	NA	0	0	0	0
GLOBAL	V	12484423	12494422	NA	0	0	0	0
GLOBAL	V	12494423	12504422	NA	0	0	0	0
GLOBAL	V	12504423	12514422	NA	0	0	0	0
GLOBAL	V	12514423	12524422	NA	0	0	0	0
GLOBAL	V	12524423	12534422	NA	0	0	0	0
GLOBAL	V	12534423	12544422	NA	0	0	0	0
GLOBAL	V	12544423	12554422	NA	0	0	0	0
GLOBAL	V	12554423	12564422	NA	0	0	0	0
GLOBAL	V	12564423	12574422	NA	0	0	0	0
GLOBAL	V	12574423	12584422	NA	0	0	0	0
GLOBAL	V	12584423	12594422	NA	0	0	0	0
GLOBAL	V	12594423	12604422	NA	0	0	0	0
GLOBAL	V	12604423	12614422	NA	0	0	0	0
GLOBAL	V	12614423	12624422	NA	0	0	0	0
GLOBAL	V	12624423	12634422	NA	0	0	0	0
GLOBAL	V	12634423	12644422	NA	0	0	0	0
GLOBAL	V	12644423	12654422	NA	0	0	0	0
GLOBAL	V	12654423	12664422	NA	0	0	0	0
GLOBAL	V	12664423	12674422	0.0016781925296675	387	0.64946050898134	5	385.65434083601
GLOBAL	V	12674423	12684422	NA	0	0	0	0
GLOBAL	V	12684423	12694422	0	51	0	0	49.940514469453
GLOBAL	V	12694423	12704422	NA	0	0	0	0
GLOBAL	V	12704423	12714422	0.026857633565377	150	4.0286450348066	31	148.84083601286
GLOBAL	V	12714423	12724422	0.0049146535011454	370	1.8184217954238	14	367.56591639871
GLOBAL	V	12724423	12734422	NA	0	0	0	0
GLOBAL	V	12734423	12744422	NA	0	0	0	0
GLOBAL	V	12744423	12754422	NA	0	0	0	0
GLOBAL	V	12754423	12764422	NA	0	0	0	0
GLOBAL	V	12764423	12774422	NA	0	0	0	0
GLOBAL	V	12774423	12784422	0.042101112202036	179	7.5360990841645	58	178.26045016077
GLOBAL	V	12784423	12794422	0.050964508975465	231	11.772801573332	90	225.02411575563
GLOBAL	V	12794423	12804422	0.049078579084524	194	9.5212443423977	73	191.05305466238
GLOBAL	V	12804423	12814422	NA	0	0	0	0
GLOBAL	V	12814423	12824422	0.052513408790335	137	7.1943370042759	55	132.82608695652
GLOBAL	V	12824423	12834422	0.038626442490104	273	10.545018799798	81	269.3655394525
GLOBAL	V	12834423	12844422	NA	0	0	0	0
GLOBAL	V	12844423	12854422	0.057626239962769	98	5.6473715163514	43	96.829861111111
GLOBAL	V	12854423	12864422	NA	0	0	0	0
GLOBAL	V	12864423	12874422	NA	0	0	0	0
GLOBAL	V	12874423	12884422	NA	0	0	0	0
GLOBAL	V	12884423	12894422	NA	0	0	0	0
GLOBAL	V	12894423	12904422	NA	0	0	0	0
GLOBAL	V	12904423	12914422	NA	0	0	0	0
GLOBAL	V	12914423	12924422	NA	0	0	0	0
GLOBAL	V	12924423	12934422	NA	0	0	0	0
GLOBAL	V	12934423	12944422	NA	0	0	0	0
GLOBAL	V	12944423	12954422	NA	0	0	0	0
GLOBAL	V	12954423	12964422	NA	0	0	0	0
GLOBAL	V	12964423	12974422	NA	0	0	0	0
GLOBAL	V	12974423	12984422	NA	0	0	0	0
GLOBAL	V	12984423	12994422	NA	0	0	0	0
GLOBAL	V	12994423	13004422	NA	0	0	0	0
GLOBAL	V	13004423	13014422	NA	0	0	0	0
GLOBAL	V	13014423	13024422	NA	0	0	0	0
GLOBAL	V	13024423	13034422	NA	0	0	0	0
GLOBAL	V	13034423	13044422	0.050566828649505	18	0.9102029156911	7	17.9
GLOBAL	V	13044423	13054422	0.061526448574152	89	5.4758539230995	42	87.022580645161
GLOBAL	V	13054423	13064422	NA	0	0	0	0
GLOBAL	V	13064423	13074422	NA	0	0	0	0
GLOBAL	V	13074423	13084422	NA	0	0	0	0
GLOBAL	V	13084423	13094422	NA	0	0	0	0
GLOBAL	V	13094423	13104422	NA	0	0	0	0
GLOBAL	V	13104423	13114422	NA	0	0	0	0
GLOBAL	V	13114423	13124422	NA	0	0	0	0
GLOBAL	V	13124423	13134422	NA	0	0	0	0
GLOBAL	V	13134423	13144422	NA	0	0	0	0
GLOBAL	V	13144423	13154422	NA	0	0	0	0
GLOBAL	V	13154423	13164422	NA	0	0	0	0
GLOBAL	V	13164423	13174422	NA	0	0	0	0
GLOBAL	V	13174423	13184422	NA	0	0	0	0
GLOBAL	V	13184423	13194422	NA	0	0	0	0
GLOBAL	V	13194423	13204422	NA	0	0	0	0
GLOBAL	V	13204423	13214422	0.022242385950313	293	6.5170190834417	50	289.75241157556
GLOBAL	V	13214423	13224422	0.021265924929101	233	4.9549605084804	38	229.78938906752
GLOBAL	V	13224423	13234422	0.041199978990577	139	5.7267970796902	44	137.52893890675
GLOBAL	V	13234423	13244422	0.027341245356711	205	5.6049552981257	43	201.22990353698
GLOBAL	V	13244423	13254422	0.023553686234022	133	3.132640269125	24	130.96463022508
GLOBAL	V	13254423	13264422	0.033817934811842	216	7.3046739193578	56	211.96302250804
GLOBAL	V	13264423	13274422	0.038483692768	125	4.810461596	37	123.90032154341
GLOBAL	V	13274423	13284422	0.037857504294785	200	7.571500858957	58	195.40032154341
GLOBAL	V	13284423	13294422	NA	0	0	0	0
GLOBAL	V	13294423	13304422	NA	0	0	0	0
GLOBAL	V	13304423	13314422	0.021936750114997	172	3.7731210197796	29	170.20257234727
GLOBAL	V	13314423	13324422	NA	0	0	0	0
GLOBAL	V	13324423	13334422	NA	0	0	0	0
GLOBAL	V	13334423	13344422	NA	0	0	0	0
GLOBAL	V	13344423	13354422	NA	0	0	0	0
GLOBAL	V	13354423	13364422	NA	0	0	0	0
GLOBAL	V	13364423	13374422	NA	0	0	0	0
GLOBAL	V	13374423	13384422	0.035757766081145	66	2.3600125613556	18	64.533762057878
GLOBAL	V	13384423	13394422	0.032867795591843	385	12.65410130286	97	379.41961414791
GLOBAL	V	13394423	13404422	0.038204049586298	232	8.8633395040211	68	228.40032154341
GLOBAL	V	13404423	13414422	0.040415796101329	265	10.710185966852	82	258.65916398714
GLOBAL	V	13414423	13424422	0.033672508292349	31	1.0438477570628	8	30.921535893155
GLOBAL	V	13424423	13434422	NA	0	0	0	0
GLOBAL	V	13434423	13444422	NA	0	0	0	0
GLOBAL	V	13444423	13454422	0.033023759869011	134	4.4251838224475	34	132.05144694534
GLOBAL	V	13454423	13464422	0.010146962925511	64	0.64940562723269	5	63.882636655949
GLOBAL	V	13464423	13474422	0.012985859161846	80	1.0388687329477	8	79.22347266881
GLOBAL	V	13474423	13484422	NA	0	0	0	0
GLOBAL	V	13484423	13494422	NA	0	0	0	0
GLOBAL	V	13494423	13504422	0.02629871569026	198	5.2071457066714	40	196.29742765273
GLOBAL	V	13504423	13514422	0.016643595477738	235	3.9112449372684	30	229.0578778135
GLOBAL	V	13514423	13524422	0.0014767891354314	88	0.12995744391796	1	87.496784565916
GLOBAL	V	13524423	13534422	0	35	0	0	34.927652733119
GLOBAL	V	13534423	13544422	NA	0	0	0	0
GLOBAL	V	13544423	13554422	NA	0	0	0	0
GLOBAL	V	13554423	13564422	NA	0	0	0	0
GLOBAL	V	13564423	13574422	NA	0	0	0	0
GLOBAL	V	13574423	13584422	NA	0	0	0	0
GLOBAL	V	13584423	13594422	NA	0	0	0	0
GLOBAL	V	13594423	13604422	0.0056539064294756	23	0.13003984787794	1	7.6156351791531
GLOBAL	V	13604423	13614422	NA	0	0	0	0
GLOBAL	V	13614423	13624422	NA	0	0	0	0
GLOBAL	V	13624423	13634422	NA	0	0	0	0
GLOBAL	V	13634423	13644422	NA	0	0	0	0
GLOBAL	V	13644423	13654422	NA	0	0	0	0
GLOBAL	V	13654423	13664422	NA	0	0	0	0
GLOBAL	V	13664423	13674422	NA	0	0	0	0
GLOBAL	V	13674423	13684422	NA	0	0	0	0
GLOBAL	V	13684423	13694422	NA	0	0	0	0
GLOBAL	V	13694423	13704422	NA	0	0	0	0
GLOBAL	V	13704423	13714422	NA	0	0	0	0
GLOBAL	V	13714423	13724422	NA	0	0	0	0
GLOBAL	V	13724423	13734422	0.0020371259810099	128	0.26075212556927	2	123.58681672026
GLOBAL	V	13734423	13744422	0.0013272186604092	98	0.1300674287201	1	96.830917874396
GLOBAL	V	13744423	13754422	0.0017797728258052	292	0.51969366513511	4	290.54019292604
GLOBAL	V	13754423	13764422	NA	0	0	0	0
GLOBAL	V	13764423	13774422	NA	0	0	0	0
GLOBAL	V	13774423	13784422	0.016115580433829	113	1.8210605890227	14	110.89871382637
GLOBAL	V	13784423	13794422	NA	0	0	0	0
GLOBAL	V	13794423	13804422	NA	0	0	0	0
GLOBAL	V	13804423	13814422	NA	0	0	0	0
GLOBAL	V	13814423	13824422	NA	0	0	0	0
GLOBAL	V	13824423	13834422	NA	0	0	0	0
GLOBAL	V	13834423	13844422	NA	0	0	0	0
GLOBAL	V	13844423	13854422	0	27	0	0	26.674740484429
GLOBAL	V	13854423	13864422	0.04655517031728	260	12.104344282493	92	242.35530546624
GLOBAL	V	13864423	13874422	0.022867600039364	233	5.3281508091718	41	231.22508038585
GLOBAL	V	13874423	13884422	0.0014116908898876	276	0.38962668560897	3	274.51607717042
GLOBAL	V	13884423	13894422	0.0046759420517756	139	0.6499559451968	5	138.11736334405
GLOBAL	V	13894423	13904422	NA	0	0	0	0
GLOBAL	V	13904423	13914422	0.001397296222154	279	0.38984564598097	3	276.9308681672
GLOBAL	V	13914423	13924422	NA	0	0	0	0
GLOBAL	V	13924423	13934422	NA	0	0	0	0
GLOBAL	V	13934423	13944422	NA	0	0	0	0
GLOBAL	V	13944423	13954422	NA	0	0	0	0
GLOBAL	V	13954423	13964422	NA	0	0	0	0
GLOBAL	V	13964423	13974422	0.028008567675287	93	2.6047967938017	20	91.09807073955
GLOBAL	V	13974423	13984422	0.036237469675692	83	3.0077099830824	23	81.485530546624
GLOBAL	V	13984423	13994422	NA	0	0	0	0
GLOBAL	V	13994423	14004422	NA	0	0	0	0
GLOBAL	V	14004423	14014422	NA	0	0	0	0
GLOBAL	V	14014423	14024422	NA	0	0	0	0
GLOBAL	V	14024423	14034422	NA	0	0	0	0
GLOBAL	V	14034423	14044422	NA	0	0	0	0
GLOBAL	V	14044423	14054422	NA	0	0	0	0
GLOBAL	V	14054423	14064422	NA	0	0	0	0
GLOBAL	V	14064423	14074422	NA	0	0	0	0
GLOBAL	V	14074423	14084422	NA	0	0	0	0
GLOBAL	V	14084423	14094422	NA	0	0	0	0
GLOBAL	V	14094423	14104422	NA	0	0	0	0
GLOBAL	V	14104423	14114422	NA	0	0	0	0
GLOBAL	V	14114423	14124422	NA	0	0	0	0
GLOBAL	V	14124423	14134422	NA	0	0	0	0
GLOBAL	V	14134423	14144422	0.023621657014499	66	1.5590293629569	12	65.5
GLOBAL	V	14144423	14154422	0.024869218196982	47	1.1688532552582	9	46.792604501608
GLOBAL	V	14154423	14164422	0.026141036931416	164	4.2871300567523	33	163.15434083601
GLOBAL	V	14164423	14174422	0.047544158871221	93	4.4216067750236	34	92.146302250804
GLOBAL	V	14174423	14184422	NA	0	0	0	0
GLOBAL	V	14184423	14194422	0.032710973609659	332	10.860043238407	83	325.04823151125
GLOBAL	V	14194423	14204422	0.0020493754152199	317	0.64965200662472	5	315.86655948553
GLOBAL	V	14204423	14214422	0.0037613513767108	587	2.2079132581292	17	584.9308681672
GLOBAL	V	14214423	14224422	0.0032284583672539	845	2.7280473203296	21	842.42282958199
GLOBAL	V	14224423	14234422	0.00097143448408372	401	0.38954522811757	3	399.10128617363
GLOBAL	V	14234423	14244422	0.0038053758294486	239	0.90948482323822	7	237.1077170418
GLOBAL	V	14244423	14254422	0.0018759559240491	277	0.51963979096161	4	275.25884244373
GLOBAL	V	14254423	14264422	0.0025118907396373	311	0.7811980200272	6	308.74758842444
GLOBAL	V	14264423	14274422	NA	0	0	0	0
GLOBAL	V	14274423	14284422	0.0031386906908292	207	0.64970897300165	5	205.16398713826
GLOBAL	V	14284423	14294422	0.0022466352248909	348	0.78182905826203	6	341.82475884244
GLOBAL	V	14294423	14304422	0.0018567997258403	210	0.38992794242647	3	208.4115755627
GLOBAL	V	14304423	14314422	0.017793624558354	309	5.4982299885315	42	304.70578778135
GLOBAL	V	14314423	14324422	0.026663825808005	471	12.55866195557	96	461.62218649518
GLOBAL	V	14324423	14334422	NA	0	0	0	0
GLOBAL	V	14334423	14344422	0.032021738712119	220	7.0447825166662	54	215.94694533762
GLOBAL	V	14344423	14354422	0.026272039591632	114	2.995012513446	23	112.53215434084
GLOBAL	V	14354423	14364422	0.021641396957478	24	0.51939352697947	4	23.916398713826
GLOBAL	V	14364423	14374422	0.0047625626932006	191	0.90964947440131	7	189.93408360129
GLOBAL	V	14374423	14384422	0	58	0	0	57.728295819936
GLOBAL	V	14384423	14394422	0.0042605031775565	305	1.2994534691547	10	303.21061093248
GLOBAL	V	14394423	14404422	0.031865016784333	53	1.6888458895697	13	52.904838709677
GLOBAL	V	14404423	14414422	0.028596739162096	341	9.7514880542747	75	337.31672025723
GLOBAL	V	14414423	14424422	NA	0	0	0	0
GLOBAL	V	14424423	14434422	NA	0	0	0	0
GLOBAL	V	14434423	14444422	NA	0	0	0	0
GLOBAL	V	14444423	14454422	NA	0	0	0	0
GLOBAL	V	14454423	14464422	0.029983347429035	39	1.1693505497324	9	38.827974276527
GLOBAL	V	14464423	14474422	0.034831537887514	127	4.4236053117143	34	124.99356913183
GLOBAL	V	14474423	14484422	NA	0	0	0	0
GLOBAL	V	14484423	14494422	NA	0	0	0	0
GLOBAL	V	14494423	14504422	NA	0	0	0	0
GLOBAL	V	14504423	14514422	0.024303379388953	273	6.6348225731842	51	270.86495176849
GLOBAL	V	14514423	14524422	0.025867818158472	543	14.04622526005	108	539.29581993569
GLOBAL	V	14524423	14534422	0.022727563667933	509	11.568329906978	89	500.30546623794
GLOBAL	V	14534423	14544422	0.036978136625545	123	4.5483108049421	35	122.1463022508
GLOBAL	V	14544423	14554422	0.031948645464226	354	11.309820494336	87	351.04662379421
GLOBAL	V	14554423	14564422	0.017496706495794	52	0.90982873778127	7	51.58038585209
GLOBAL	V	14564423	14574422	0.02931380655579	266	7.7974725438401	60	263.63344051447
GLOBAL	V	14574423	14584422	0.023889321839114	185	4.4195245402361	34	183.74437299035
GLOBAL	V	14584423	14594422	0.028643515810906	359	10.283022176115	79	355.01768488746
GLOBAL	V	14594423	14604422	0.016822194449689	263	4.4242371402683	34	261.09163987138
GLOBAL	V	14604423	14614422	0.015985488287158	106	1.6944617584387	13	104.95176848875
GLOBAL	V	14614423	14624422	0.017127895163503	167	2.860358492305	22	165.76045016077
GLOBAL	V	14624423	14634422	0.020541423284765	405	8.3192764303299	64	401.81832797428
GLOBAL	V	14634423	14644422	0.0016050904148578	81	0.13001232360348	1	79.064308681672
GLOBAL	V	14644423	14654422	0.0028445894401714	274	0.77941750660697	6	272.14147909968
GLOBAL	V	14654423	14664422	0.0026648145712309	195	0.51963884139003	4	194.05466237942
GLOBAL	V	14664423	14674422	0.0014367975303363	452	0.649432483712	5	449.73954983923
GLOBAL	V	14674423	14684422	0.0016338270295692	318	0.519556995403	4	316.30707395498
GLOBAL	V	14684423	14694422	0.014338856923252	145	2.0791342538715	16	144.18488745981
GLOBAL	V	14694423	14704422	0.020240759016175	289	5.8495793556745	45	286.71864951768
GLOBAL	V	14704423	14714422	0.0011119643876627	352	0.39141146445727	3	349.52733118971
GLOBAL	V	14714423	14724422	0.0020113905061832	323	0.64967913349718	5	321.56430868167
GLOBAL	V	14724423	14734422	NA	0	0	0	0
GLOBAL	V	14734423	14744422	NA	0	0	0	0
GLOBAL	V	14744423	14754422	NA	0	0	0	0
GLOBAL	V	14754423	14764422	0.0016084093226957	646	1.0390324224614	8	642.96623794212
GLOBAL	V	14764423	14774422	0.0018830512169498	138	0.25986106793907	2	137.40675241158
GLOBAL	V	14774423	14784422	0.00058227961517966	223	0.12984835418507	1	222.18488745981
GLOBAL	V	14784423	14794422	0.0013673995219051	285	0.38970886374296	3	283.65273311897
GLOBAL	V	14794423	14804422	0.0026582671347474	98	0.26051017920525	2	97.163987138264
GLOBAL	V	14804423	14814422	0.0023828399762764	545	1.2986477870707	10	543.21704180064
GLOBAL	V	14814423	14824422	0	7	0	0	6.9838969404187
GLOBAL	V	14824423	14834422	0.0034862271835365	149	0.51944785034693	4	140.99035369775
GLOBAL	V	14834423	14844422	0.00057334218114005	453	0.25972400805644	2	452.13987138264
GLOBAL	V	14844423	14854422	0.0034284298462245	303	1.038814243406	8	302.5884244373
GLOBAL	V	14854423	14864422	0.0028739604143477	226	0.64951505364258	5	225.26366559486
GLOBAL	V	14864423	14874422	0.0021120189546659	123	0.25977833142391	2	122.77974276527
GLOBAL	V	14874423	14884422	NA	0	0	0	0
GLOBAL	V	14884423	14894422	NA	0	0	0	0
GLOBAL	V	14894423	14904422	0.0016384655593143	317	0.51939358230264	4	316.5884244373
GLOBAL	V	14904423	14914422	0.0012637311421403	822	1.0387869988393	8	819.96463022508
GLOBAL	V	14914423	14924422	0.0010193913734993	1019	1.0387598095958	8	1017.4147909968
GLOBAL	V	14924423	14934422	0	20	0	0	19.980707395498
GLOBAL	V	14934423	14944422	0.00064447617273862	403	0.25972389761367	2	402.01768488746
GLOBAL	V	14944423	14954422	0.0012463994100691	626	0.78024603070328	6	623.55144694534
GLOBAL	V	14954423	14964422	0.0014542583286572	625	0.90891145541073	7	623.80064308682
GLOBAL	V	14964423	14974422	0.0054945788457567	449	2.4670659017448	19	448.16077170418
GLOBAL	V	14974423	14984422	0.0025717937598037	202	0.51950233948035	4	201.22829581994
GLOBAL	V	14984423	14994422	0.0012024675813748	324	0.38959949636544	3	323.25080385852
GLOBAL	V	14994423	15004422	0.001558099162813	335	0.52196321954235	4	332.75080385852
GLOBAL	V	15004423	15014422	0.0013257266386206	294	0.38976363175446	3	293.4115755627
GLOBAL	V	15014423	15024422	0.0029231582802574	311	0.90910222516005	7	309.02090032154
GLOBAL	V	15024423	15034422	0.0022394738132371	348	0.77933688700653	6	344.6575562701
GLOBAL	V	15034423	15044422	0.0012369109452487	1155	1.4286321417623	11	1151.6012861736
GLOBAL	V	15044423	15054422	0.0010324294520248	503	0.51931201436846	4	502.3038585209
GLOBAL	V	15054423	15064422	0.0016918798752541	614	1.038814243406	8	613.07395498392
GLOBAL	V	15064423	15074422	0.00077987016062983	333	0.25969676348973	2	331.86495176849
GLOBAL	V	15074423	15084422	0.0010928076558302	713	0.77917185860694	6	711.47427652733
GLOBAL	V	15084423	15094422	0.0019976151244527	520	1.0387598647154	8	518.97909967846
GLOBAL	V	15094423	15104422	0.00089597658576409	290	0.25983320987158	2	289.3231511254
GLOBAL	V	15104423	15114422	0.0018894965138018	275	0.51961154129549	4	273.961414791
GLOBAL	V	15114423	15124422	0.0010091843140793	772	0.7790902904692	6	770.87459807074
GLOBAL	V	15124423	15134422	0.0015008233533079	173	0.25964244012227	2	172.77170418006
GLOBAL	V	15134423	15144422	0.00097431897630106	533	0.51931201436846	4	532.461414791
GLOBAL	V	15144423	15154422	0.0010616165048087	734	0.7792265145296	6	732.82958199357
GLOBAL	V	15154423	15164422	0.0011354625661324	343	0.3894636601834	3	341.9501607717
GLOBAL	V	15164423	15174422	0.0017330562970407	899	1.5580176110396	12	897.56591639871
GLOBAL	V	15174423	15184422	0.0002614837905794	497	0.12995744391796	1	496.04662379421
GLOBAL	V	15184423	15194422	0.0025944278080959	1001	2.597022235904	20	999.88102893891
GLOBAL	V	15194423	15204422	0.0023545796973022	331	0.77936587980703	6	330.36334405145
GLOBAL	V	15204423	15214422	0.0015098018659623	430	0.64921480236377	5	429.31511254019
GLOBAL	V	15214423	15224422	0.0021720332630725	538	1.168553895533	9	537.49517684887
GLOBAL	V	15224423	15234422	0.0008339692937546	467	0.3894636601834	3	466.40675241158
GLOBAL	V	15234423	15244422	0.0015459759097325	336	0.51944790567011	4	335.43408360129
GLOBAL	V	15244423	15254422	0.0012213585217101	638	0.77922673685105	6	636.63826366559
GLOBAL	V	15254423	15264422	0.00037848752204412	343	0.12982122006113	1	342.70578778135
GLOBAL	V	15264423	15274422	0.0013525875983392	576	0.77909045664337	6	575.1575562701
GLOBAL	V	15274423	15284422	0.0019510878902394	732	1.4281963356553	11	730.52893890675
GLOBAL	V	15284423	15294422	0.0017683631222915	514	0.90893864485783	7	513.31672025723
GLOBAL	V	15294423	15304422	0.0014113951541855	92	0.12984835418507	1	91.842443729904
GLOBAL	V	15304423	15314422	0.0015898697722357	490	0.77903618839551	6	488.95498392283
GLOBAL	V	15314423	15324422	0.00098968511589522	525	0.51958468584499	4	524.12540192926
GLOBAL	V	15324423	15334422	0.00068702832902151	189	0.12984835418507	1	188.63022508039
GLOBAL	X	130516	140515	0.0029932966428066	93	0.27837658778101	2	90.989333333333
GLOBAL	X	140516	150515	0	27	0	0	26.869333333333
GLOBAL	X	150516	160515	NA	0	0	0	0
GLOBAL	X	160516	170515	NA	0	0	0	0
GLOBAL	X	170516	180515	NA	0	0	0	0
GLOBAL	X	180516	190515	NA	0	0	0	0
GLOBAL	X	190516	200515	NA	0	0	0	0
GLOBAL	X	200516	210515	NA	0	0	0	0
GLOBAL	X	210516	220515	NA	0	0	0	0
GLOBAL	X	220516	230515	NA	0	0	0	0
GLOBAL	X	230516	240515	NA	0	0	0	0
GLOBAL	X	240516	250515	NA	0	0	0	0
GLOBAL	X	250516	260515	NA	0	0	0	0
GLOBAL	X	260516	270515	NA	0	0	0	0
GLOBAL	X	270516	280515	NA	0	0	0	0
GLOBAL	X	280516	290515	NA	0	0	0	0
GLOBAL	X	290516	300515	NA	0	0	0	0
GLOBAL	X	300516	310515	NA	0	0	0	0
GLOBAL	X	310516	320515	NA	0	0	0	0
GLOBAL	X	320516	330515	NA	0	0	0	0
GLOBAL	X	330516	340515	NA	0	0	0	0
GLOBAL	X	340516	350515	NA	0	0	0	0
GLOBAL	X	350516	360515	NA	0	0	0	0
GLOBAL	X	360516	370515	NA	0	0	0	0
GLOBAL	X	370516	380515	NA	0	0	0	0
GLOBAL	X	380516	390515	NA	0	0	0	0
GLOBAL	X	390516	400515	NA	0	0	0	0
GLOBAL	X	400516	410515	NA	0	0	0	0
GLOBAL	X	410516	420515	NA	0	0	0	0
GLOBAL	X	420516	430515	NA	0	0	0	0
GLOBAL	X	430516	440515	NA	0	NA	0	NA
GLOBAL	X	440516	450515	NA	0	0	0	0
GLOBAL	X	450516	460515	NA	0	0	0	0
GLOBAL	X	460516	470515	NA	0	0	0	0
GLOBAL	X	470516	480515	NA	0	0	0	0
GLOBAL	X	480516	490515	NA	0	0	0	0
GLOBAL	X	490516	500515	NA	0	0	0	0
GLOBAL	X	500516	510515	NA	0	0	0	0
GLOBAL	X	510516	520515	NA	0	0	0	0
GLOBAL	X	520516	530515	NA	0	0	0	0
GLOBAL	X	530516	540515	NA	0	0	0	0
GLOBAL	X	540516	550515	NA	0	0	0	0
GLOBAL	X	550516	560515	NA	0	0	0	0
GLOBAL	X	560516	570515	NA	0	0	0	0
GLOBAL	X	570516	580515	NA	0	0	0	0
GLOBAL	X	580516	590515	NA	0	0	0	0
GLOBAL	X	590516	600515	NA	0	0	0	0
GLOBAL	X	600516	610515	NA	0	0	0	0
GLOBAL	X	610516	620515	NA	0	0	0	0
GLOBAL	X	620516	630515	NA	0	0	0	0
GLOBAL	X	630516	640515	NA	0	0	0	0
GLOBAL	X	640516	650515	NA	0	0	0	0
GLOBAL	X	650516	660515	NA	0	0	0	0
GLOBAL	X	660516	670515	NA	0	0	0	0
GLOBAL	X	670516	680515	NA	0	0	0	0
GLOBAL	X	680516	690515	NA	0	0	0	0
GLOBAL	X	690516	700515	NA	0	0	0	0
GLOBAL	X	700516	710515	NA	0	0	0	0
GLOBAL	X	710516	720515	NA	0	0	0	0
GLOBAL	X	720516	730515	0.0015853493402189	164	0.2599972917959	2	163.45218800648
GLOBAL	X	730516	740515	NA	0	0	0	0
GLOBAL	X	740516	750515	NA	0	0	0	0
GLOBAL	X	750516	760515	NA	0	0	0	0
GLOBAL	X	760516	770515	NA	0	0	0	0
GLOBAL	X	770516	780515	NA	0	0	0	0
GLOBAL	X	780516	790515	NA	0	0	0	0
GLOBAL	X	790516	800515	NA	0	0	0	0
GLOBAL	X	800516	810515	NA	0	0	0	0
GLOBAL	X	810516	820515	NA	0	0	0	0
GLOBAL	X	820516	830515	NA	0	0	0	0
GLOBAL	X	830516	840515	NA	0	0	0	0
GLOBAL	X	840516	850515	NA	0	0	0	0
GLOBAL	X	850516	860515	NA	0	0	0	0
GLOBAL	X	860516	870515	NA	0	0	0	0
GLOBAL	X	870516	880515	NA	0	0	0	0
GLOBAL	X	880516	890515	NA	0	0	0	0
GLOBAL	X	890516	900515	NA	0	0	0	0
GLOBAL	X	900516	910515	NA	0	0	0	0
GLOBAL	X	910516	920515	NA	0	0	0	0
GLOBAL	X	920516	930515	NA	0	0	0	0
GLOBAL	X	930516	940515	NA	0	0	0	0
GLOBAL	X	940516	950515	NA	0	0	0	0
GLOBAL	X	950516	960515	NA	0	0	0	0
GLOBAL	X	960516	970515	NA	0	0	0	0
GLOBAL	X	970516	980515	NA	0	0	0	0
GLOBAL	X	980516	990515	NA	0	0	0	0
GLOBAL	X	990516	1000515	NA	0	0	0	0
GLOBAL	X	1000516	1010515	NA	0	0	0	0
GLOBAL	X	1010516	1020515	NA	0	0	0	0
GLOBAL	X	1020516	1030515	NA	0	0	0	0
GLOBAL	X	1030516	1040515	NA	0	0	0	0
GLOBAL	X	1040516	1050515	NA	0	0	0	0
GLOBAL	X	1050516	1060515	NA	0	0	0	0
GLOBAL	X	1060516	1070515	NA	0	0	0	0
GLOBAL	X	1070516	1080515	NA	0	0	0	0
GLOBAL	X	1080516	1090515	NA	0	0	0	0
GLOBAL	X	1090516	1100515	NA	0	0	0	0
GLOBAL	X	1100516	1110515	NA	0	0	0	0
GLOBAL	X	1110516	1120515	NA	0	0	0	0
GLOBAL	X	1120516	1130515	NA	0	0	0	0
GLOBAL	X	1130516	1140515	NA	0	0	0	0
GLOBAL	X	1140516	1150515	NA	0	0	0	0
GLOBAL	X	1150516	1160515	NA	0	0	0	0
GLOBAL	X	1160516	1170515	NA	0	0	0	0
GLOBAL	X	1170516	1180515	NA	0	0	0	0
GLOBAL	X	1180516	1190515	NA	0	0	0	0
GLOBAL	X	1190516	1200515	NA	0	0	0	0
GLOBAL	X	1200516	1210515	NA	0	0	0	0
GLOBAL	X	1210516	1220515	NA	0	0	0	0
GLOBAL	X	1220516	1230515	NA	0	0	0	0
GLOBAL	X	1230516	1240515	NA	0	0	0	0
GLOBAL	X	1240516	1250515	NA	0	0	0	0
GLOBAL	X	1250516	1260515	NA	0	0	0	0
GLOBAL	X	1260516	1270515	NA	0	0	0	0
GLOBAL	X	1270516	1280515	NA	0	0	0	0
GLOBAL	X	1280516	1290515	NA	0	0	0	0
GLOBAL	X	1290516	1300515	NA	0	0	0	0
GLOBAL	X	1300516	1310515	NA	0	0	0	0
GLOBAL	X	1310516	1320515	NA	0	0	0	0
GLOBAL	X	1320516	1330515	NA	0	0	0	0
GLOBAL	X	1330516	1340515	NA	0	0	0	0
GLOBAL	X	1340516	1350515	NA	0	0	0	0
GLOBAL	X	1350516	1360515	NA	0	0	0	0
GLOBAL	X	1360516	1370515	NA	0	0	0	0
GLOBAL	X	1370516	1380515	NA	0	0	0	0
GLOBAL	X	1380516	1390515	NA	0	0	0	0
GLOBAL	X	1390516	1400515	NA	0	0	0	0
GLOBAL	X	1400516	1410515	NA	0	0	0	0
GLOBAL	X	1410516	1420515	NA	0	0	0	0
GLOBAL	X	1420516	1430515	NA	0	0	0	0
GLOBAL	X	1430516	1440515	NA	0	0	0	0
GLOBAL	X	1440516	1450515	NA	0	0	0	0
GLOBAL	X	1450516	1460515	NA	0	0	0	0
GLOBAL	X	1460516	1470515	NA	0	0	0	0
GLOBAL	X	1470516	1480515	NA	0	0	0	0
GLOBAL	X	1480516	1490515	NA	0	0	0	0
GLOBAL	X	1490516	1500515	NA	0	0	0	0
GLOBAL	X	1500516	1510515	NA	0	0	0	0
GLOBAL	X	1510516	1520515	NA	0	0	0	0
GLOBAL	X	1520516	1530515	NA	0	0	0	0
GLOBAL	X	1530516	1540515	NA	0	0	0	0
GLOBAL	X	1540516	1550515	NA	0	0	0	0
GLOBAL	X	1550516	1560515	NA	0	0	0	0
GLOBAL	X	1560516	1570515	NA	0	0	0	0
GLOBAL	X	1570516	1580515	NA	0	0	0	0
GLOBAL	X	1580516	1590515	NA	0	0	0	0
GLOBAL	X	1590516	1600515	NA	0	0	0	0
GLOBAL	X	1600516	1610515	NA	0	0	0	0
GLOBAL	X	1610516	1620515	NA	0	0	0	0
GLOBAL	X	1620516	1630515	NA	0	0	0	0
GLOBAL	X	1630516	1640515	NA	0	0	0	0
GLOBAL	X	1640516	1650515	NA	0	0	0	0
GLOBAL	X	1650516	1660515	NA	0	0	0	0
GLOBAL	X	1660516	1670515	NA	0	0	0	0
GLOBAL	X	1670516	1680515	NA	0	0	0	0
GLOBAL	X	1680516	1690515	NA	0	0	0	0
GLOBAL	X	1690516	1700515	NA	0	0	0	0
GLOBAL	X	1700516	1710515	NA	0	0	0	0
GLOBAL	X	1710516	1720515	NA	0	0	0	0
GLOBAL	X	1720516	1730515	NA	0	0	0	0
GLOBAL	X	1730516	1740515	NA	0	0	0	0
GLOBAL	X	1740516	1750515	NA	0	0	0	0
GLOBAL	X	1750516	1760515	NA	0	0	0	0
GLOBAL	X	1760516	1770515	NA	0	0	0	0
GLOBAL	X	1770516	1780515	NA	0	0	0	0
GLOBAL	X	1780516	1790515	NA	0	0	0	0
GLOBAL	X	1790516	1800515	NA	0	0	0	0
GLOBAL	X	1800516	1810515	NA	0	0	0	0
GLOBAL	X	1810516	1820515	NA	0	0	0	0
GLOBAL	X	1820516	1830515	NA	0	0	0	0
GLOBAL	X	1830516	1840515	NA	0	0	0	0
GLOBAL	X	1840516	1850515	NA	0	0	0	0
GLOBAL	X	1850516	1860515	NA	0	0	0	0
GLOBAL	X	1860516	1870515	NA	0	0	0	0
GLOBAL	X	1870516	1880515	NA	0	0	0	0
GLOBAL	X	1880516	1890515	NA	0	0	0	0
GLOBAL	X	1890516	1900515	NA	0	0	0	0
GLOBAL	X	1900516	1910515	NA	0	0	0	0
GLOBAL	X	1910516	1920515	0.0016650710695974	78	0.1298755434286	1	77.892282958199
GLOBAL	X	1920516	1930515	NA	0	0	0	0
GLOBAL	X	1930516	1940515	NA	0	0	0	0
GLOBAL	X	1940516	1950515	NA	0	0	0	0
GLOBAL	X	1950516	1960515	NA	0	0	0	0
GLOBAL	X	1960516	1970515	NA	0	0	0	0
GLOBAL	X	1970516	1980515	NA	0	0	0	0
GLOBAL	X	1980516	1990515	NA	0	0	0	0
GLOBAL	X	1990516	2000515	NA	0	0	0	0
GLOBAL	X	2000516	2010515	NA	0	0	0	0
GLOBAL	X	2010516	2020515	NA	0	0	0	0
GLOBAL	X	2020516	2030515	0	49	0	0	48.637096774194
GLOBAL	X	2030516	2040515	NA	0	0	0	0
GLOBAL	X	2040516	2050515	NA	0	0	0	0
GLOBAL	X	2050516	2060515	NA	0	0	0	0
GLOBAL	X	2060516	2070515	NA	0	0	0	0
GLOBAL	X	2070516	2080515	NA	0	0	0	0
GLOBAL	X	2080516	2090515	NA	0	0	0	0
GLOBAL	X	2090516	2100515	NA	0	0	0	0
GLOBAL	X	2100516	2110515	NA	0	0	0	0
GLOBAL	X	2110516	2120515	NA	0	0	0	0
GLOBAL	X	2120516	2130515	NA	0	0	0	0
GLOBAL	X	2130516	2140515	NA	0	0	0	0
GLOBAL	X	2140516	2150515	NA	0	0	0	0
GLOBAL	X	2150516	2160515	NA	0	0	0	0
GLOBAL	X	2160516	2170515	NA	0	0	0	0
GLOBAL	X	2170516	2180515	0.012612438487769	309	3.8972434927207	30	306.5152979066
GLOBAL	X	2180516	2190515	NA	0	0	0	0
GLOBAL	X	2190516	2200515	NA	0	0	0	0
GLOBAL	X	2200516	2210515	NA	0	0	0	0
GLOBAL	X	2210516	2220515	NA	0	0	0	0
GLOBAL	X	2220516	2230515	NA	0	0	0	0
GLOBAL	X	2230516	2240515	NA	0	0	0	0
GLOBAL	X	2240516	2250515	NA	0	0	0	0
GLOBAL	X	2250516	2260515	NA	0	0	0	0
GLOBAL	X	2260516	2270515	0.0030929235236978	42	0.12990278799531	1	41.808681672026
GLOBAL	X	2270516	2280515	0.021645923904767	12	0.2597510868572	2	11.940514469453
GLOBAL	X	2280516	2290515	0.010032375479529	233	2.3375434867302	18	232.56430868167
GLOBAL	X	2290516	2300515	0.015658674349908	282	4.415746166674	34	281.17041800643
GLOBAL	X	2300516	2310515	0.016353300596501	175	2.8618276043876	22	174.48231511254
GLOBAL	X	2310516	2320515	0.01336413626851	282	3.7686864277199	29	281.50643086817
GLOBAL	X	2320516	2330515	0.015112231949878	593	8.9615535462777	69	591.88906752412
GLOBAL	X	2330516	2340515	0.00957007457354	285	2.7274712534589	21	284.42443729904
GLOBAL	X	2340516	2350515	0.0073292741767688	124	0.90882999791933	7	123.83279742765
GLOBAL	X	2350516	2360515	0.0010272238880705	253	0.25988764368183	2	252.35048231511
GLOBAL	X	2360516	2370515	0.0028624999886117	499	1.4283874943172	11	498.39549839228
GLOBAL	X	2370516	2380515	0.0015398655518861	506	0.77917196925438	6	497.82958199357
GLOBAL	X	2380516	2390515	0.0010610313618014	612	0.64935119342245	5	610.84405144695
GLOBAL	X	2390516	2400515	0	232	0	0	231.46784565916
GLOBAL	X	2400516	2410515	0.00084582923207231	307	0.2596695742462	2	306.03697749196
GLOBAL	X	2410516	2420515	NA	0	0	0	0
GLOBAL	X	2420516	2430515	NA	0	0	0	0
GLOBAL	X	2430516	2440515	NA	0	0	0	0
GLOBAL	X	2440516	2450515	NA	0	0	0	0
GLOBAL	X	2450516	2460515	NA	0	0	0	0
GLOBAL	X	2460516	2470515	NA	0	0	0	0
GLOBAL	X	2470516	2480515	0.0022382968976057	58	0.12982122006113	1	57.829581993569
GLOBAL	X	2480516	2490515	NA	0	0	0	0
GLOBAL	X	2490516	2500515	0.007801077294863	333	2.5977587391894	20	331.64147909968
GLOBAL	X	2500516	2510515	NA	0	0	0	0
GLOBAL	X	2510516	2520515	NA	0	0	0	0
GLOBAL	X	2520516	2530515	NA	0	0	0	0
GLOBAL	X	2530516	2540515	NA	0	0	0	0
GLOBAL	X	2540516	2550515	NA	0	0	0	0
GLOBAL	X	2550516	2560515	0.0078104310569615	133	1.0387873305759	8	132.63826366559
GLOBAL	X	2560516	2570515	0.014706866054689	468	6.8828133135946	53	465.53215434084
GLOBAL	X	2570516	2580515	0.015148806568197	463	7.0138974410753	54	462.11093247588
GLOBAL	X	2580516	2590515	NA	0	0	0	0
GLOBAL	X	2590516	2600515	NA	0	0	0	0
GLOBAL	X	2600516	2610515	NA	0	0	0	0
GLOBAL	X	2610516	2620515	NA	0	0	0	0
GLOBAL	X	2620516	2630515	NA	0	0	0	0
GLOBAL	X	2630516	2640515	NA	0	0	0	0
GLOBAL	X	2640516	2650515	NA	0	0	0	0
GLOBAL	X	2650516	2660515	0.0025969670837013	50	0.12984835418507	1	48.207395498392
GLOBAL	X	2660516	2670515	NA	0	0	0	0
GLOBAL	X	2670516	2680515	NA	0	0	0	0
GLOBAL	X	2680516	2690515	0.0014188111482091	183	0.25964244012227	2	182.86495176849
GLOBAL	X	2690516	2700515	NA	0	0	0	0
GLOBAL	X	2700516	2710515	NA	0	0	0	0
GLOBAL	X	2710516	2720515	NA	0	0	0	0
GLOBAL	X	2720516	2730515	NA	0	0	0	0
GLOBAL	X	2730516	2740515	NA	0	0	0	0
GLOBAL	X	2740516	2750515	0.0035101518160322	111	0.38962685157958	3	110.70578778135
GLOBAL	X	2750516	2760515	0.0010387331184698	1000	1.0387331184698	8	995.37781350482
GLOBAL	X	2760516	2770515	0.0023265406723388	614	1.428495972816	11	613.02090032154
GLOBAL	X	2770516	2780515	0.003230059385511	201	0.6492419364877	5	200.45980707396
GLOBAL	X	2780516	2790515	NA	0	0	0	0
GLOBAL	X	2790516	2800515	0	115	0	0	114.58681672026
GLOBAL	X	2800516	2810515	0	60	0	0	59.766881028939
GLOBAL	X	2810516	2820515	0.0017978695388539	289	0.51958429672879	4	287.93408360129
GLOBAL	X	2820516	2830515	0.0019018170700895	205	0.38987249936835	3	203.76366559486
GLOBAL	X	2830516	2840515	0.00089719408005048	579	0.51947537234923	4	577.34083601286
GLOBAL	X	2840516	2850515	0.0029735232871209	262	0.77906310122566	6	261.05305466238
GLOBAL	X	2850516	2860515	0.0004302320797677	302	0.12993008808984	1	301.27974276527
GLOBAL	X	2860516	2870515	0.0015848468770483	82	0.12995744391796	1	81.503215434084
GLOBAL	X	2870516	2880515	0.0004796489139724	271	0.12998485568652	1	270.17524115756
GLOBAL	X	2880516	2890515	0.0010664606524352	487	0.51936633773593	4	485.59646302251
GLOBAL	X	2890516	2900515	0.0022827162079097	569	1.2988655223006	10	566.94533762058
GLOBAL	X	2900516	2910515	0.0017324015460885	150	0.25986023191327	2	149.6961414791
GLOBAL	X	2910516	2920515	0.014807488284411	421	6.2339525677368	48	419.97749196141
GLOBAL	X	2920516	2930515	0.005901529522987	441	2.6025745196373	20	438.41318327974
GLOBAL	X	2930516	2940515	0.0014973601237532	347	0.51958396294235	4	345.50160771704
GLOBAL	X	2940516	2950515	0.0036325998406738	286	1.0389235544327	8	285.68649517685
GLOBAL	X	2950516	2960515	0.0010738043735057	363	0.38979098758258	3	362.29903536977
GLOBAL	X	2960516	2970515	0.0061819628600539	21	0.12982122006113	1	20.972668810289
GLOBAL	X	2970516	2980515	0.0012078919232081	215	0.25969676348973	2	214.47588424437
GLOBAL	X	2980516	2990515	NA	0	0	0	0
GLOBAL	X	2990516	3000515	0.0021214242243721	245	0.51974893497115	4	244.08360128617
GLOBAL	X	3000516	3010515	0.00063958023213349	406	0.2596695742462	2	404.76848874598
GLOBAL	X	3010516	3020515	0.00074625506749923	348	0.25969676348973	2	347.33279742765
GLOBAL	X	3020516	3030515	0.00046708041073764	278	0.12984835418507	1	277.40032154341
GLOBAL	X	3030516	3040515	0.0017432356777293	447	0.77922634794502	6	445.82958199357
GLOBAL	X	3040516	3050515	0.0018137532692527	358	0.64932367039248	5	357.2845659164
GLOBAL	X	3050516	3060515	0.001248673115656	208	0.25972400805644	2	207.51607717042
GLOBAL	X	3060516	3070515	0.0024398236016277	692	1.6883579323264	13	690.42122186495
GLOBAL	X	3070516	3080515	0.0023940199976053	434	1.0390046789607	8	432.88585209003
GLOBAL	X	3080516	3090515	NA	0	0	0	0
GLOBAL	X	3090516	3100515	0	87	0	0	86.731511254019
GLOBAL	X	3100516	3110515	0.0021862746112508	297	0.64932355954148	5	296.42926045016
GLOBAL	X	3110516	3120515	0.00089363918717655	436	0.38962668560897	3	434.69453376206
GLOBAL	X	3120516	3130515	0	40	0	0	39.837620578778
GLOBAL	X	3130516	3140515	0.00084423586755508	154	0.13001232360348	1	153.42443729904
GLOBAL	X	3140516	3150515	0.011745218335342	199	2.3372984487331	18	198.51125401929
GLOBAL	X	3150516	3160515	0.0053868689789863	1037	5.5861831312088	43	1034.4276527331
GLOBAL	X	3160516	3170515	0.015022914404524	389	5.8439137033597	45	388.11736334405
GLOBAL	X	3170516	3180515	0.012835386171448	516	6.6230592644671	51	514.93247588424
GLOBAL	X	3180516	3190515	0.0074516607710876	122	0.90910261407268	7	121.70096463023
GLOBAL	X	3190516	3200515	0.011290769582981	69	0.77906310122566	6	68.914790996785
GLOBAL	X	3200516	3210515	0	14	0	0	13.919484702093
GLOBAL	X	3210516	3220515	0.0028231459128248	230	0.64932355994971	5	229.68006430868
GLOBAL	X	3220516	3230515	0.00077306871088453	168	0.1298755434286	1	167.52733118971
GLOBAL	X	3230516	3240515	0.013568485758368	134	1.8181770916213	14	133.78295819936
GLOBAL	X	3240516	3250515	0.014290291979433	318	4.5443128494598	35	317.58681672026
GLOBAL	X	3250516	3260515	0.01435014933352	181	2.5973770293672	20	180.63826366559
GLOBAL	X	3260516	3270515	0.012657146912445	236	2.987086671337	23	235.44051446945
GLOBAL	X	3270516	3280515	0.014520880967562	474	6.8828975786245	53	472.67524115756
GLOBAL	X	3280516	3290515	0.015989649467627	398	6.3638804881155	49	396.62379421222
GLOBAL	X	3290516	3300515	0.019817835470751	367	7.2731456177658	56	365.92604501608
GLOBAL	X	3300516	3310515	0.015393130861376	270	4.1561453325716	32	269.27652733119
GLOBAL	X	3310516	3320515	0.018521698726277	617	11.427888114113	88	615.19131832797
GLOBAL	X	3320516	3330515	0.0078679527309777	33	0.25964244012227	2	32.913183279743
GLOBAL	X	3330516	3340515	0.0088850094019458	380	3.3763035727394	26	378.8038585209
GLOBAL	X	3340516	3350515	0.0032462088546266	40	0.12984835418507	1	39.924437299035
GLOBAL	X	3350516	3360515	0.012886761180265	393	5.0644971438441	39	392.2347266881
GLOBAL	X	3360516	3370515	0.015520922261361	410	6.3635781271578	49	408.49196141479
GLOBAL	X	3370516	3380515	0.020505522268884	95	1.948024615544	15	94.897106109325
GLOBAL	X	3380516	3390515	0.018328183464687	163	2.9874939047441	23	162.64308681672
GLOBAL	X	3390516	3400515	0.017573969730747	170	2.987574854227	23	169.58520900322
GLOBAL	X	3400516	3410515	0.021205695551792	343	7.2735535742646	56	342.18167202572
GLOBAL	X	3410516	3420515	0.012893789452486	403	5.1961971493519	40	402.02893890675
GLOBAL	X	3420516	3430515	0.011809794258389	374	4.4168630526374	34	373.16881028939
GLOBAL	X	3430516	3440515	0.013142210174858	346	4.5472047205009	35	345.02250803859
GLOBAL	X	3440516	3450515	0.0085486794955943	304	2.5987985666607	20	302.90675241158
GLOBAL	X	3450516	3460515	0.0070635083972187	184	1.2996855450882	10	183.49839228296
GLOBAL	X	3460516	3470515	0.013479766489397	482	6.4972474478891	50	479.82154340836
GLOBAL	X	3470516	3480515	0.014967952272763	408	6.1069245272872	47	406.73954983923
GLOBAL	X	3480516	3490515	0.0063347346125036	82	0.51944823822529	4	81.686495176849
GLOBAL	X	3490516	3500515	0.013048655952225	398	5.1933650689856	40	397.53054662379
GLOBAL	X	3500516	3510515	0.0082928361268389	47	0.38976329796143	3	46.855305466238
GLOBAL	X	3510516	3520515	0.011336690553577	275	3.1175899022337	24	274.19292604502
GLOBAL	X	3520516	3530515	0.0095299108270969	218	2.0775205603071	16	217.55948553055
GLOBAL	X	3530516	3540515	0.0056193582190394	624	3.5064795286806	27	621.99356913183
GLOBAL	X	3540516	3550515	0.012538490994816	839	10.519793944651	81	837.21864951768
GLOBAL	X	3550516	3560515	0.010606503560072	453	4.8047461127128	37	451.04340836013
GLOBAL	X	3560516	3570515	0.013453838323614	473	6.3636655270696	49	471.94533762058
GLOBAL	X	3570516	3580515	0.015870961672533	90	1.4283865505279	11	89.836012861736
GLOBAL	X	3580516	3590515	0.0077274535750674	84	0.64910610030566	5	83.800643086817
GLOBAL	X	3590516	3600515	0.0040594655953598	64	0.25980579810303	2	63.834405144695
GLOBAL	X	3600516	3610515	0.01037012418718	288	2.9865957659078	23	287.52250803859
GLOBAL	X	3610516	3620515	0.008080909646145	225	1.8182046703826	14	224.32958199357
GLOBAL	X	3620516	3630515	0.014999947146674	355	5.3249812370694	41	354.39389067524
GLOBAL	X	3630516	3640515	0.0060277176256394	194	1.169377219374	9	190.67202572347
GLOBAL	X	3640516	3650515	0.008142108256407	450	3.6639487153831	28	442.16881028939
GLOBAL	X	3650516	3660515	0.013692523561085	313	4.2857598746196	33	312.538585209
GLOBAL	X	3660516	3670515	0.01632421246974	183	2.9873308819624	23	182.70257234727
GLOBAL	X	3670516	3680515	0.00096204106243408	135	0.1298755434286	1	134.40032154341
GLOBAL	X	3680516	3690515	0.0010775234079177	482	0.51936628261633	4	480.70578778135
GLOBAL	X	3690516	3700515	0	303	0	0	302.48713826367
GLOBAL	X	3700516	3710515	0.0017552597451007	148	0.25977844227491	2	147.81672025723
GLOBAL	X	3710516	3720515	0	121	0	0	120.88102893891
GLOBAL	X	3720516	3730515	0.00077274535750674	168	0.12982122006113	1	167.88263665595
GLOBAL	X	3730516	3740515	0.0011948402712615	326	0.38951792843126	3	325.5498392283
GLOBAL	X	3740516	3750515	0.0030202219644669	387	1.1688259002487	9	386.17845659164
GLOBAL	X	3750516	3760515	0.00087495309070394	297	0.25986106793907	2	296.15273311897
GLOBAL	X	3760516	3770515	0.007979360462392	716	5.7132220910727	44	714.66077170418
GLOBAL	X	3770516	3780515	0.011879436014045	634	7.5315624329046	58	632.57234726688
GLOBAL	X	3780516	3790515	NA	0	0	0	0
GLOBAL	X	3790516	3800515	0.018595811386123	496	9.2235224475172	71	493.63665594855
GLOBAL	X	3800516	3810515	0.0024502264910985	106	0.25972400805644	2	105.84887459807
GLOBAL	X	3810516	3820515	0.0011976414841613	217	0.259888202063	2	216.36977491961
GLOBAL	X	3820516	3830515	0.0016993016608105	382	0.6491332344296	5	381.09646302251
GLOBAL	X	3830516	3840515	0.0061819628600539	21	0.12982122006113	1	20.988745980707
GLOBAL	X	3840516	3850515	0.00069869913533403	930	0.64979019586065	5	927.48874598071
GLOBAL	X	3850516	3860515	0.0011831915810965	439	0.51942110410136	4	438.08681672026
GLOBAL	X	3860516	3870515	0	35	0	0	34.950160771704
GLOBAL	X	3870516	3880515	0.013814822287872	47	0.64929664752996	5	46.811897106109
GLOBAL	X	3880516	3890515	0.0076383199876896	306	2.337325916233	18	305.66398713826
GLOBAL	X	3890516	3900515	0.020795169566496	587	12.206764535533	94	585.63504823151
GLOBAL	X	3900516	3910515	0.015603068052815	516	8.0511831152526	62	515.08038585209
GLOBAL	X	3910516	3920515	0.029726968714942	83	2.4673384033402	19	82.819935691318
GLOBAL	X	3920516	3930515	0.0079923445433103	130	1.0390047906303	8	129.29260450161
GLOBAL	X	3930516	3940515	0.01855885172347	21	0.38973588619287	3	20.882636655949
GLOBAL	X	3940516	3950515	0.015359541834279	575	8.8317365547105	68	573.30225080386
GLOBAL	X	3950516	3960515	0.006493106448374	80	0.51944851586992	4	79.686495176849
GLOBAL	X	3960516	3970515	NA	0	0	0	0
GLOBAL	X	3970516	3980515	0.0088328537026175	147	1.2984294942848	10	146.58520900322
GLOBAL	X	3980516	3990515	NA	0	0	0	0
GLOBAL	X	3990516	4000515	0.0095407783426029	490	4.6749813878754	36	489.09003215434
GLOBAL	X	4000516	4010515	NA	0	0	0	0
GLOBAL	X	4010516	4020515	0.013088898924285	248	3.2460469332228	25	247.53536977492
GLOBAL	X	4020516	4030515	0.012227654572675	531	6.4928845780903	50	530.26205787781
GLOBAL	X	4030516	4040515	0.015914412295488	767	12.20635423064	94	765.48874598071
GLOBAL	X	4040516	4050515	0.014376183012811	271	3.8959455964717	30	270.31028938907
GLOBAL	X	4050516	4060515	0.0098911043872189	302	2.9871135249401	23	301.23633440514
GLOBAL	X	4060516	4070515	0.015274327585947	153	2.3369721206499	18	152.66881028939
GLOBAL	X	4070516	4080515	0.0090229969676184	475	4.2859235596188	33	473.50803858521
GLOBAL	X	4080516	4090515	0.012776949016507	620	7.9217083902344	61	618.51768488746
GLOBAL	X	4090516	4100515	0.011664299654255	590	6.8819367960105	53	588.81832797428
GLOBAL	X	4100516	4110515	0.0058392559053695	89	0.51969377557789	4	88.795819935691
GLOBAL	X	4110516	4120515	0.021646939109832	54	1.1689347119309	9	53.688102893891
GLOBAL	X	4120516	4130515	NA	0	0	0	0
GLOBAL	X	4130516	4140515	NA	0	0	0	0
GLOBAL	X	4140516	4150515	NA	0	0	0	0
GLOBAL	X	4150516	4160515	NA	0	0	0	0
GLOBAL	X	4160516	4170515	0.017061837640784	99	1.6891219264377	13	98.371382636656
GLOBAL	X	4170516	4180515	0.017335311233234	487	8.442296570585	65	485.37620578778
GLOBAL	X	4180516	4190515	0.011721605442757	133	1.5589735238867	12	132.43890675241
GLOBAL	X	4190516	4200515	NA	0	0	0	0
GLOBAL	X	4200516	4210515	0.0022979608340372	226	0.5193391484924	4	225.40032154341
GLOBAL	X	4210516	4220515	0.0016866953692026	77	0.1298755434286	1	76.485530546624
GLOBAL	X	4220516	4230515	0	2	0	0	2
GLOBAL	X	4230516	4240515	0.001761826017752	516	0.90910222516005	7	514.70739549839
GLOBAL	X	4240516	4250515	NA	0	0	0	0
GLOBAL	X	4250516	4260515	0.012654045725305	431	5.4538937076065	42	430.11897106109
GLOBAL	X	4260516	4270515	0.0073493983555406	159	1.168554338531	9	158.51607717042
GLOBAL	X	4270516	4280515	0.0090576099359387	86	0.77895445449073	6	85.871382636656
GLOBAL	X	4280516	4290515	0.0089117517931071	510	4.5449934144846	35	508.81672025723
GLOBAL	X	4290516	4300515	0.013498040597762	481	6.4925575275237	50	479.83118971061
GLOBAL	X	4300516	4310515	0.0076612570103946	373	2.8576488648772	22	371.61575562701
GLOBAL	X	4310516	4320515	0.010983831519061	733	8.0511485034715	62	731.12218649518
GLOBAL	X	4320516	4330515	0.0096726198681368	886	8.5699412031692	66	884.47106109325
GLOBAL	X	4330516	4340515	0.015397913747378	641	9.8700627120693	76	639.3038585209
GLOBAL	X	4340516	4350515	0.0095603956636855	163	1.5583444931807	12	162.51607717042
GLOBAL	X	4350516	4360515	0.01596652069732	423	6.7538382549663	52	421.42926045016
GLOBAL	X	4360516	4370515	0.012988405013295	130	1.6884926517284	13	129.70096463023
GLOBAL	X	4370516	4380515	0.0090728267631355	501	4.5454862083309	35	499.82636655949
GLOBAL	X	4380516	4390515	0.014091337101944	258	3.6355649723014	28	257.6575562701
GLOBAL	X	4390516	4400515	0.018259365552347	192	3.5057981860506	27	191.7652733119
GLOBAL	X	4400516	4410515	0.019125386394378	774	14.803049069249	114	772.57877813505
GLOBAL	X	4410516	4420515	0.012908493593633	302	3.8983650652772	30	300.27491961415
GLOBAL	X	4420516	4430515	0.011742716777605	586	6.8812320316766	53	585.11575562701
GLOBAL	X	4430516	4440515	0.008301496809964	438	3.6360556027642	28	437.18649517685
GLOBAL	X	4440516	4450515	0.012479334754572	437	5.4534692877482	42	436.36495176849
GLOBAL	X	4450516	4460515	0.012931354259276	713	9.2200555868635	71	711.52893890675
GLOBAL	X	4460516	4470515	0.0092148747922166	155	1.4283055927936	11	154.59003215434
GLOBAL	X	4470516	4480515	0.0047875416239218	217	1.038896532391	8	216.63183279743
GLOBAL	X	4480516	4490515	0.0091474240049689	355	3.247335521764	25	353.95819935691
GLOBAL	X	4490516	4500515	0.017087768895535	190	3.2466760901516	25	189.40996784566
GLOBAL	X	4500516	4510515	0.012130491316981	257	3.117536268464	24	255.8729903537
GLOBAL	X	4510516	4520515	0.0080388856698926	210	1.6881659906775	13	209.52090032154
GLOBAL	X	4520516	4530515	0.011422872015145	614	7.0136434172993	54	611.96463022508
GLOBAL	X	4530516	4540515	0.0093474242463861	264	2.4677200010459	19	263.44694533762
GLOBAL	X	4540516	4550515	0.0017556297964296	148	0.25983320987158	2	147.55305466238
GLOBAL	X	4550516	4560515	0.0085424187253763	745	6.3641019504054	49	743.36977491961
GLOBAL	X	4560516	4570515	0.0082274215527634	221	1.8182601631607	14	220.60128617363
GLOBAL	X	4570516	4580515	NA	0	0	0	0
GLOBAL	X	4580516	4590515	0.019768053361721	565	11.168950149372	86	563.38585209003
GLOBAL	X	4590516	4600515	NA	0	0	0	0
GLOBAL	X	4600516	4610515	NA	0	0	0	0
GLOBAL	X	4610516	4620515	NA	0	0	0	0
GLOBAL	X	4620516	4630515	0	8	0	0	7.9405144694534
GLOBAL	X	4630516	4640515	0.0062025469162018	356	2.2081067021679	17	354.69774919614
GLOBAL	X	4640516	4650515	0.011517551043745	203	2.3380628618803	18	202.42926045016
GLOBAL	X	4650516	4660515	0.011252864066576	450	5.063788829959	39	449.16237942122
GLOBAL	X	4660516	4670515	0.013041341391387	239	3.1168805925415	24	238.29742765273
GLOBAL	X	4670516	4680515	0.012599470267906	134	1.6883290158995	13	133.65112540193
GLOBAL	X	4680516	4690515	0.017088732905559	152	2.5974874016449	20	151.50482315113
GLOBAL	X	4690516	4700515	0.013693261758075	294	4.0258189568741	31	293.3424437299
GLOBAL	X	4700516	4710515	0.010389430864651	175	1.8181504013139	14	174.62379421222
GLOBAL	X	4710516	4720515	0.015282127048865	187	2.8577577581378	22	186.25080385852
GLOBAL	X	4720516	4730515	0.0075112159672997	121	0.90885713204326	7	120.77331189711
GLOBAL	X	4730516	4740515	0.009658596031407	242	2.3373802396005	18	241.50643086817
GLOBAL	X	4740516	4750515	0.020875647870453	168	3.5071088422362	27	167.41639871383
GLOBAL	X	4750516	4760515	0.017172255672119	333	5.7183611388157	44	330.56591639871
GLOBAL	X	4760516	4770515	0.014274980771165	783	11.177309943822	86	779.56591639871
GLOBAL	X	4770516	4780515	0.011472601692997	351	4.0268831942418	31	349.46463022508
GLOBAL	X	4780516	4790515	NA	0	0	0	0
GLOBAL	X	4790516	4800515	0.0048096019248531	135	0.64929625985517	5	134.79581993569
GLOBAL	X	4800516	4810515	NA	0	0	0	0
GLOBAL	X	4810516	4820515	0.017248367734698	256	4.4155821400828	34	255.46623794212
GLOBAL	X	4820516	4830515	0.01085214257807	371	4.0261448964638	31	370.08199356913
GLOBAL	X	4830516	4840515	0	18	0	0	17.958199356913
GLOBAL	X	4840516	4850515	0.01046808216511	670	7.0136150506238	54	668.19774919614
GLOBAL	X	4850516	4860515	0.0074859228748442	642	4.80596248565	37	640.09485530547
GLOBAL	X	4860516	4870515	0.0072255982418922	432	3.1214584404974	24	429.42443729904
GLOBAL	X	4870516	4880515	NA	0	0	0	0
GLOBAL	X	4880516	4890515	0.010056823602632	155	1.558807658408	12	154.64090177134
GLOBAL	X	4890516	4900515	0.0071235174698583	237	1.6882736403564	13	236.77777777778
GLOBAL	X	4900516	4910515	0.0049976675071552	78	0.3898180655581	3	77.837620578778
GLOBAL	X	4910516	4920515	NA	0	0	0	0
GLOBAL	X	4920516	4930515	0	4	0	0	3.991961414791
GLOBAL	X	4930516	4940515	0.0061106713703721	170	1.0388141329633	8	169.52411575563
GLOBAL	X	4940516	4950515	0.010720551314745	642	6.882593944066	53	640.6575562701
GLOBAL	X	4950516	4960515	0.011494755886626	486	5.5864513609002	43	484.08038585209
GLOBAL	X	4960516	4970515	0.01046283310124	509	5.3255820485313	41	507.4115755627
GLOBAL	X	4970516	4980515	0.011581517221491	370	4.2851613719517	33	369.18649517685
GLOBAL	X	4980516	4990515	0.011010885434441	625	6.8818033965257	53	624.12861736334
GLOBAL	X	4990516	5000515	NA	0	0	0	0
GLOBAL	X	5000516	5010515	0.012393877466207	461	5.7135775119214	44	460.20739549839
GLOBAL	X	5010516	5020515	0.012152121248388	610	7.4127939615164	57	606.42765273312
GLOBAL	X	5020516	5030515	0.0014669064413687	177	0.25964244012227	2	176.68810289389
GLOBAL	X	5030516	5040515	0	309	0	0	308.35209003215
GLOBAL	X	5040516	5050515	0	136	0	0	135.6768488746
GLOBAL	X	5050516	5060515	NA	0	0	0	0
GLOBAL	X	5060516	5070515	NA	0	0	0	0
GLOBAL	X	5070516	5080515	0.00040068277796646	324	0.12982122006113	1	323.46623794212
GLOBAL	X	5080516	5090515	0.0007294089164219	356	0.2596695742462	2	355.14951768489
GLOBAL	X	5090516	5100515	0.0007383945677157	176	0.12995744391796	1	175.35209003215
GLOBAL	X	5100516	5110515	0.00091320188943502	569	0.51961187508852	4	567.5884244373
GLOBAL	X	5110516	5120515	0.002584454863029	201	0.51947542746883	4	200.68006430868
GLOBAL	X	5120516	5130515	NA	0	0	0	0
GLOBAL	X	5130516	5140515	0.0012813091564173	304	0.38951798355087	3	302.93890675241
GLOBAL	X	5140516	5150515	0	166	0	0	165.71382636656
GLOBAL	X	5150516	5160515	0	29	0	0	28.877813504823
GLOBAL	X	5160516	5170515	0.002497608556871	312	0.77925386974374	6	311.04019292604
GLOBAL	X	5170516	5180515	0.0013688781149292	759	1.0389784892312	8	757.7652733119
GLOBAL	X	5180516	5190515	0.001594629298206	570	0.90893869997744	7	568.29260450161
GLOBAL	X	5190516	5200515	0.0018296199642515	568	1.0392241396949	8	566.59967845659
GLOBAL	X	5200516	5210515	0.00087177096012585	447	0.38968161917625	3	446.07717041801
GLOBAL	X	5210516	5220515	0.0018230113088682	285	0.51955822302743	4	284.5884244373
GLOBAL	X	5220516	5230515	0.0039749513073222	98	0.38954522811757	3	97.771704180064
GLOBAL	X	5230516	5240515	0.014837087173937	683	10.133730539799	78	679.30225080386
GLOBAL	X	5240516	5250515	0.0087462971441557	297	2.5976502518142	20	296.11897106109
GLOBAL	X	5250516	5260515	0.012988882683186	320	4.1564424586194	32	318.98874598071
GLOBAL	X	5260516	5270515	0.0062022705066379	649	4.025273558808	31	647.39549839228
GLOBAL	X	5270516	5280515	0.0087196035368548	149	1.2992209269914	10	148.31350482315
GLOBAL	X	5280516	5290515	0.014058214890738	388	5.4545873776062	42	387.02893890675
GLOBAL	X	5290516	5300515	0.010334121546363	88	0.90940269607992	7	87.442122186495
GLOBAL	X	5300516	5310515	0.0054453608102569	334	1.8187505106258	14	332.90514469453
GLOBAL	X	5310516	5320515	0.010478751786708	694	7.2722537399756	56	692.29099678457
GLOBAL	X	5320516	5330515	0.0089012278639388	744	6.6225135307705	51	742.47909967846
GLOBAL	X	5330516	5340515	0	54	0	0	53.893890675241
GLOBAL	X	5340516	5350515	0.0019380354113174	201	0.3895451176748	3	200.66720257235
GLOBAL	X	5350516	5360515	0.00098546327987172	527	0.5193391484924	4	525.87138263666
GLOBAL	X	5360516	5370515	0.0012024260917609	432	0.51944807164071	4	430.98874598071
GLOBAL	X	5370516	5380515	0	10	0	0	9.9967845659164
GLOBAL	X	5380516	5390515	0.00027012492326371	481	0.12993008808984	1	480.14790996785
GLOBAL	X	5390516	5400515	0.001715700773845	530	0.90932141013786	7	528.20096463023
GLOBAL	X	5400516	5410515	0.0016489129958712	630	1.0388151873989	8	628.74437299035
GLOBAL	X	5410516	5420515	0.0020200461476387	450	0.9090207664374	7	448.86012861736
GLOBAL	X	5420516	5430515	0	120	0	0	119.88745980707
GLOBAL	X	5430516	5440515	0.0024045991515753	162	0.3895450625552	3	161.83118971061
GLOBAL	X	5440516	5450515	0	103	0	0	102.71864951768
GLOBAL	X	5450516	5460515	0.00087238158178872	149	0.12998485568652	1	148.81028938907
GLOBAL	X	5460516	5470515	NA	0	0	0	0
GLOBAL	X	5470516	5480515	NA	0	0	0	0
GLOBAL	X	5480516	5490515	0	81	0	0	80.827974276527
GLOBAL	X	5490516	5500515	0	153	0	0	152.69935691318
GLOBAL	X	5500516	5510515	0.0011890875934889	546	0.64924182604493	5	544.81350482315
GLOBAL	X	5510516	5520515	0.0021639585259902	300	0.64918755779706	5	299.42122186495
GLOBAL	X	5520516	5530515	0.0013633094026173	381	0.51942088239718	4	380.06430868167
GLOBAL	X	5530516	5540515	0.0098521836659614	369	3.6354557727398	28	368.38906752412
GLOBAL	X	5540516	5550515	0.0027240391799036	1001	2.7267632190835	21	997.90675241158
GLOBAL	X	5550516	5560515	0.0014338294980956	634	0.90904790179258	7	632.83601286174
GLOBAL	X	5560516	5570515	0.001848569452359	281	0.51944801611288	4	280.65434083601
GLOBAL	X	5570516	5580515	0	29	0	0	28.932475884244
GLOBAL	X	5580516	5590515	0.00087927310056629	443	0.38951798355087	3	441.55144694534
GLOBAL	X	5590516	5600515	0	181	0	0	180.62379421222
GLOBAL	X	5600516	5610515	0.0034177774586474	38	0.1298755434286	1	37.877616747182
GLOBAL	X	5610516	5620515	0.0019308311609764	269	0.51939358230264	4	268.16720257235
GLOBAL	X	5620516	5630515	0.00085426548805964	456	0.3895450625552	3	455.1077170418
GLOBAL	X	5630516	5640515	0.0016437882802688	395	0.64929637070617	5	394.12861736334
GLOBAL	X	5640516	5650515	0.00079331564877977	491	0.38951798355087	3	489.76848874598
GLOBAL	X	5650516	5660515	0.0011668340417226	668	0.77944513987067	6	665.70739549839
GLOBAL	X	5660516	5670515	0.0012690277559026	819	1.0393337320842	8	816.57073954984
GLOBAL	X	5670516	5680515	0.00096173916387481	540	0.5193391484924	4	538.89067524116
GLOBAL	X	5680516	5690515	0.002307990796845	394	0.90934837395694	7	392.86655948553
GLOBAL	X	5690516	5700515	0.00040068277796646	324	0.12982122006113	1	322.68649517685
GLOBAL	X	5700516	5710515	0.00089531875904229	145	0.12982122006113	1	144.72025723473
GLOBAL	X	5710516	5720515	0.0009788933454398	398	0.38959955148504	3	396.89067524116
GLOBAL	X	5720516	5730515	0.0013964535823179	465	0.64935091577783	5	464.1768488746
GLOBAL	X	5730516	5740515	0.00095127009498144	546	0.51939347185986	4	544.7652733119
GLOBAL	X	5740516	5750515	0.0016673075768094	623	1.0387326203523	8	621.16559485531
GLOBAL	X	5750516	5760515	0.0018565349131138	70	0.12995744391796	1	69.790996784566
GLOBAL	X	5760516	5770515	NA	0	0	0	0
GLOBAL	X	5770516	5780515	0.0026140321765593	149	0.38949079430733	3	148.81993569132
GLOBAL	X	5780516	5790515	0.0025476537038093	102	0.25986067778855	2	101.51768488746
GLOBAL	X	5790516	5800515	0.0012059380295692	323	0.38951798355087	3	321.29421221865
GLOBAL	X	5800516	5810515	0.00075966613044961	1026	0.7794174498413	6	1023.001607717
GLOBAL	X	5810516	5820515	NA	0	0	0	0
GLOBAL	X	5820516	5830515	NA	0	0	0	0
GLOBAL	X	5830516	5840515	0.0011855819183665	219	0.25964244012227	2	218.44694533762
GLOBAL	X	5840516	5850515	0.00069825620470693	372	0.25975130815098	2	371.18006430868
GLOBAL	X	5850516	5860515	0.0011159578556503	582	0.64948747198847	5	580.55144694534
GLOBAL	X	5860516	5870515	0.0010527513068942	370	0.38951798355087	3	369.16398713826
GLOBAL	X	5870516	5880515	0.0012383207800142	839	1.0389511344319	8	835.93247588424
GLOBAL	X	5880516	5890515	0	18	0	0	17.987138263666
GLOBAL	X	5890516	5900515	NA	0	0	0	0
GLOBAL	X	5900516	5910515	NA	0	0	0	0
GLOBAL	X	5910516	5920515	0.001715184928746	530	0.90904801223536	7	523.93247588424
GLOBAL	X	5920516	5930515	0.0019384428764386	201	0.38962701816416	3	200.44051446945
GLOBAL	X	5930516	5940515	0.0010105460332751	514	0.5194206611034	4	512.04019292605
GLOBAL	X	5940516	5950515	0.00090841188147912	286	0.25980579810303	2	283.91800643087
GLOBAL	X	5950516	5960515	0.0019980159935955	390	0.77922623750224	6	387.72347266881
GLOBAL	X	5960516	5970515	NA	0	0	0	0
GLOBAL	X	5970516	5980515	NA	0	0	0	0
GLOBAL	X	5980516	5990515	NA	0	0	0	0
GLOBAL	X	5990516	6000515	NA	0	0	0	0
GLOBAL	X	6000516	6010515	NA	0	0	0	0
GLOBAL	X	6010516	6020515	0.0007690633743384	338	0.25994342052638	2	335.80546623794
GLOBAL	X	6020516	6030515	0.0013035582402976	598	0.77952782769794	6	593.58520900322
GLOBAL	X	6030516	6040515	0.00057455023975693	226	0.12984835418507	1	225.09646302251
GLOBAL	X	6040516	6050515	0.00094464928633682	550	0.51955710748525	4	548.18327974277
GLOBAL	X	6050516	6060515	0.0009547675128299	272	0.25969676348973	2	271.38102893891
GLOBAL	X	6060516	6070515	0.0002097273345091	619	0.12982122006113	1	617.72668810289
GLOBAL	X	6070516	6080515	0.00094086456142817	414	0.38951792843126	3	413.10610932476
GLOBAL	X	6080516	6090515	0.0017056272690314	457	0.77947166194735	6	455.60932475884
GLOBAL	X	6090516	6100515	0	254	0	0	253.34083601286
GLOBAL	X	6100516	6110515	0.0010282548445866	379	0.38970858609834	3	377.77170418006
GLOBAL	X	6110516	6120515	0.0010604317169296	490	0.51961154129549	4	489.0578778135
GLOBAL	X	6120516	6130515	0.00062427093358204	416	0.25969670837013	2	414.86816720257
GLOBAL	X	6130516	6140515	0.0016107049527746	484	0.77958119714292	6	482.88745980707
GLOBAL	X	6140516	6150515	0.0017309496008151	150	0.25964244012227	2	149.73151125402
GLOBAL	X	6150516	6160515	0.001821575371773	499	0.90896611051475	7	498.17041800643
GLOBAL	X	6160516	6170515	0.0004669828059753	278	0.12982122006113	1	277.28938906752
GLOBAL	X	6170516	6180515	0.00079661566984703	163	0.12984835418507	1	162.57556270096
GLOBAL	X	6180516	6190515	0	93	0	0	92.717041800643
GLOBAL	X	6190516	6200515	0	36	0	0	35.837620578778
GLOBAL	X	6200516	6210515	0	39	0	0	38.958199356913
GLOBAL	X	6210516	6220515	0.0023837931377594	327	0.77950035604733	6	326.20257234727
GLOBAL	X	6220516	6230515	0.00080893948363302	321	0.2596695742462	2	320.33601286174
GLOBAL	X	6230516	6240515	0.0012611053852966	309	0.38968156405665	3	308.1961414791
GLOBAL	X	6240516	6250515	0.002461387408124	422	1.0387054862283	8	420.50160771704
GLOBAL	X	6250516	6260515	0.00080634298174617	161	0.12982122006113	1	160.54501607717
GLOBAL	X	6260516	6270515	0	29	0	0	28.943729903537
GLOBAL	X	6270516	6280515	0.0020938906461473	62	0.12982122006113	1	61.755627009646
GLOBAL	X	6280516	6290515	0.0016130804712031	483	0.77911786759109	6	481.75080385852
GLOBAL	X	6290516	6300515	0	353	0	0	352.07234726688
GLOBAL	X	6300516	6310515	0.0028849160013585	45	0.12982122006113	1	44.927652733119
GLOBAL	X	6310516	6320515	0.000608749213071	640	0.38959949636544	3	638.40996784566
GLOBAL	X	6320516	6330515	0.00232506934291	391	0.9091021130778	7	389.65434083601
GLOBAL	X	6330516	6340515	0	90	0	0	89.834405144695
GLOBAL	X	6340516	6350515	0.0010886475476825	477	0.51928488024453	4	475.52572347267
GLOBAL	X	6350516	6360515	0.0025969676348973	100	0.25969676348973	2	99.77652733119
GLOBAL	X	6360516	6370515	0.0018050914051965	216	0.38989974352245	3	214.73151125402
GLOBAL	X	6370516	6380515	0.00091159929158957	285	0.25980579810303	2	284.25562700965
GLOBAL	X	6380516	6390515	0.0016806214057232	309	0.51931201436846	4	307.94533762058
GLOBAL	X	6390516	6400515	0.0015015593567714	519	0.77930930616436	6	517.78135048232
GLOBAL	X	6400516	6410515	0.0010021691778282	648	0.64940562723269	5	646.31350482315
GLOBAL	X	6410516	6420515	0.0018030725008491	72	0.12982122006113	1	71.680064308682
GLOBAL	X	6420516	6430515	0.00052783883815067	246	0.12984835418507	1	245.42926045016
GLOBAL	X	6430516	6440515	0.00086909897549572	598	0.51972118734644	4	595.99356913183
GLOBAL	X	6440516	6450515	0.00044245979150539	587	0.25972389761367	2	583.93890675241
GLOBAL	X	6450516	6460515	0.0016262425411866	639	1.0391689838183	8	636.2459807074
GLOBAL	X	6460516	6470515	0	21	0	0	20.916398713826
GLOBAL	X	6470516	6480515	NA	0	0	0	0
GLOBAL	X	6480516	6490515	NA	0	0	0	0
GLOBAL	X	6490516	6500515	NA	0	0	0	0
GLOBAL	X	6500516	6510515	NA	0	0	0	0
GLOBAL	X	6510516	6520515	NA	0	0	0	0
GLOBAL	X	6520516	6530515	0	74	0	0	73.458199356913
GLOBAL	X	6530516	6540515	0	80	0	0	79.41961414791
GLOBAL	X	6540516	6550515	0.0022918431779418	340	0.7792266805002	6	339.20578778135
GLOBAL	X	6550516	6560515	0.0035086816232739	37	0.12982122006113	1	36.881028938907
GLOBAL	X	6560516	6570515	0.0016785671890806	619	1.0390330900409	8	617.17041800643
GLOBAL	X	6570516	6580515	0.00050226223258452	517	0.2596695742462	2	515.22668810289
GLOBAL	X	6580516	6590515	0.00079728493201204	163	0.12995744391796	1	162.67202572347
GLOBAL	X	6590516	6600515	0.00070955384800582	183	0.12984835418507	1	182.66720257235
GLOBAL	X	6600516	6610515	0.001043286471582	249	0.25977833142391	2	248.461414791
GLOBAL	X	6610516	6620515	0.0010262547040406	253	0.25964244012227	2	252.09324758842
GLOBAL	X	6620516	6630515	0.0035730611026	109	0.3894636601834	3	108.82636655949
GLOBAL	X	6630516	6640515	0.0006730714403902	193	0.12990278799531	1	192.65273311897
GLOBAL	X	6640516	6650515	0.00067983431510505	191	0.12984835418507	1	190.35530546624
GLOBAL	X	6650516	6660515	0.0008586814617533	605	0.51950228436075	4	603.36495176849
GLOBAL	X	6660516	6670515	0.0019553842102321	332	0.64918755779706	5	331.27331189711
GLOBAL	X	6670516	6680515	0.00074427245517823	349	0.2597510868572	2	348.45176848875
GLOBAL	X	6680516	6690515	0.0029529565474965	44	0.12993008808984	1	43.895498392283
GLOBAL	X	6690516	6700515	0	225	0	0	224.46463022508
GLOBAL	X	6700516	6710515	0.0014357696165142	362	0.51974860117812	4	361.01446945338
GLOBAL	X	6710516	6720515	0.00050231482299755	517	0.25969676348973	2	515.81672025723
GLOBAL	X	6720516	6730515	0	179	0	0	178.36012861736
GLOBAL	X	6730516	6740515	0.00064163061509906	405	0.25986039911512	2	403.91639871383
GLOBAL	X	6740516	6750515	0	167	0	0	166.59163987138
GLOBAL	X	6750516	6760515	0.0010104930286776	257	0.25969670837013	2	256.51768488746
GLOBAL	X	6760516	6770515	NA	0	0	0	0
GLOBAL	X	6770516	6780515	0	79	0	0	78.837620578778
GLOBAL	X	6780516	6790515	0.001620077438665	401	0.64965105290467	5	400.06591639871
GLOBAL	X	6790516	6800515	0.00054776886101744	237	0.12982122006113	1	236.3038585209
GLOBAL	X	6800516	6810515	0.0012022159986138	324	0.38951798355087	3	323.45498392283
GLOBAL	X	6810516	6820515	0.001385049258293	375	0.51939347185986	4	373.90675241158
GLOBAL	X	6820516	6830515	0.00083336015121574	779	0.64918755779706	5	777.35209003215
GLOBAL	X	6830516	6840515	0.00095504842586365	680	0.64943292958728	5	678.89710610932
GLOBAL	X	6840516	6850515	0.00123256580477	316	0.38949079430733	3	315.61254019293
GLOBAL	X	6850516	6860515	0.00094353889602094	413	0.38968156405665	3	412.00643086817
GLOBAL	X	6860516	6870515	0.0044784670147793	29	0.1298755434286	1	28.835748792271
GLOBAL	X	6870516	6880515	0	83	0	0	82.898550724638
GLOBAL	X	6880516	6890515	0	50	0	0	49.782958199357
GLOBAL	X	6890516	6900515	0.0021460746623367	605	1.2983751707137	10	604.24437299035
GLOBAL	X	6900516	6910515	0.0010893320153767	596	0.64924188116453	5	594.49035369775
GLOBAL	X	6910516	6920515	NA	0	0	0	0
GLOBAL	X	6920516	6930515	0	43	0	0	42.869774919614
GLOBAL	X	6930516	6940515	0.0023541593221142	331	0.77922673561981	6	330.49839228296
GLOBAL	X	6940516	6950515	NA	0	0	0	0
GLOBAL	X	6950516	6960515	0.002599543798827	1199	3.1168530147935	24	1195.1881028939
GLOBAL	X	6960516	6970515	0.001314765352722	889	1.1688263985698	9	886.74758842444
GLOBAL	X	6970516	6980515	0.0012829241864137	405	0.51958429549754	4	399.11897106109
GLOBAL	X	6980516	6990515	0.00220118860455	295	0.64935063834224	5	294.04501607717
GLOBAL	X	6990516	7000515	NA	0	0	0	0
GLOBAL	X	7000516	7010515	0	53	0	0	52.864951768489
GLOBAL	X	7010516	7020515	0.00077224503670404	673	0.51972090970182	4	671.34083601286
GLOBAL	X	7020516	7030515	0.0011865802188999	219	0.25986106793907	2	218.49356913183
GLOBAL	X	7030516	7040515	0.0017685018198738	147	0.25996976752145	2	146.46784565916
GLOBAL	X	7040516	7050515	0	162	0	0	161.5192926045
GLOBAL	X	7050516	7060515	0.00068004885858402	382	0.2597786639791	2	380.66398713826
GLOBAL	X	7060516	7070515	NA	0	0	0	0
GLOBAL	X	7070516	7080515	0.0013962779281339	465	0.64926923658224	5	464.42926045016
GLOBAL	X	7080516	7090515	0.0015951891685683	407	0.64924199160731	5	406.31189710611
GLOBAL	X	7090516	7100515	0.00091913630861675	565	0.51931201436846	4	563.6270096463
GLOBAL	X	7100516	7110515	0.00086565587829911	300	0.25969676348973	2	299.71061093248
GLOBAL	X	7110516	7120515	0.00085690574297777	303	0.25964244012227	2	302.47909967846
GLOBAL	X	7120516	7130515	0	137	0	0	136.5
GLOBAL	X	7130516	7140515	0	50	0	0	49.961414790997
GLOBAL	X	7140516	7150515	0.0013784331032002	471	0.64924199160731	5	469.90032154341
GLOBAL	X	7150516	7160515	0.0030083499066894	173	0.52044453385727	4	172.0884244373
GLOBAL	X	7160516	7170515	0.0037629339148154	69	0.25964244012227	2	68.882636655949
GLOBAL	X	7170516	7180515	0.00066249174359626	392	0.25969676348973	2	390.5884244373
GLOBAL	X	7180516	7190515	0.0018288943450146	639	1.1686634864643	9	637.44694533762
GLOBAL	X	7190516	7200515	0	2	0	0	2
GLOBAL	X	7200516	7210515	0.0015883590726002	327	0.51939341674026	4	325.91961414791
GLOBAL	X	7210516	7220515	0.0022010994507524	295	0.64932433797195	5	294.6463022508
GLOBAL	X	7220516	7230515	0.0085016599721257	107	0.90967761701745	7	106.47106109325
GLOBAL	X	7230516	7240515	0.0023194523569562	112	0.2597786639791	2	111.36012861736
GLOBAL	X	7240516	7250515	0.0077747840228543	334	2.5967778636333	20	333.37620578778
GLOBAL	X	7250516	7260515	0.010327847913492	579	5.979823941912	46	574.35048231511
GLOBAL	X	7260516	7270515	0.010490711302758	458	4.804745776663	37	457.07877813505
GLOBAL	X	7270516	7280515	0.013720424341731	426	5.8449007695776	45	424.86816720257
GLOBAL	X	7280516	7290515	0.01267315845381	410	5.1959949660619	40	408.78295819936
GLOBAL	X	7290516	7300515	0.011788907027768	672	7.9221455226604	61	670.43247588424
GLOBAL	X	7300516	7310515	0.01115212382597	489	5.4533885508993	42	488.1768488746
GLOBAL	X	7310516	7320515	0.012651957248631	739	9.3497964067385	72	737.01446945338
GLOBAL	X	7320516	7330515	0.0099459506076376	235	2.3372983927948	18	234.66398713826
GLOBAL	X	7330516	7340515	0.011291992089555	299	3.3763056347768	26	298.49356913183
GLOBAL	X	7340516	7350515	0.0015196530864827	171	0.25986067778855	2	170.48392282958
GLOBAL	X	7350516	7360515	0.0024197041133013	161	0.38957236224151	3	160.55144694534
GLOBAL	X	7360516	7370515	0.001434638531747	362	0.5193391484924	4	361.0884244373
GLOBAL	X	7370516	7380515	0	366	0	0	363.0498392283
GLOBAL	X	7380516	7390515	0.0014031881399287	648	0.90926591467379	7	645.81672025723
GLOBAL	X	7390516	7400515	0.0023648707996777	934	2.208789326899	17	930.4421221865
GLOBAL	X	7400516	7410515	0	43	0	0	42.890675241158
GLOBAL	X	7410516	7420515	0.0016234442928575	80	0.1298755434286	1	79.908360128617
GLOBAL	X	7420516	7430515	0.00054103480910444	240	0.12984835418507	1	239.51768488746
GLOBAL	X	7430516	7440515	0.0014442761742947	90	0.12998485568652	1	89.638263665595
GLOBAL	X	7440516	7450515	0.0021926137978398	178	0.39028525601549	3	176.18971061093
GLOBAL	X	7450516	7460515	0.0025171799534047	258	0.64943242797842	5	257.46945337621
GLOBAL	X	7460516	7470515	0.0013051457691278	199	0.25972400805644	2	198.61254019293
GLOBAL	X	7470516	7480515	0.00052263811303898	497	0.25975114218037	2	495.8424437299
GLOBAL	X	7480516	7490515	0	41	0	0	40.868167202572
GLOBAL	X	7490516	7500515	0.0015157406193532	514	0.77909067834756	6	512.52411575563
GLOBAL	X	7500516	7510515	0.00071739422201693	181	0.12984835418507	1	180.68649517685
GLOBAL	X	7510516	7520515	0	10	0	0	9.9855305466238
GLOBAL	X	7520516	7530515	0.00082740646980397	314	0.25980563151845	2	313.1077170418
GLOBAL	X	7530516	7540515	0.0010641083611568	244	0.25964244012227	2	243.63183279743
GLOBAL	X	7540516	7550515	0.00044175354907687	294	0.1298755434286	1	293.21864951768
GLOBAL	X	7550516	7560515	NA	0	0	0	0
GLOBAL	X	7560516	7570515	0.0022200947594633	117	0.2597510868572	2	116.61575562701
GLOBAL	X	7570516	7580515	0.0017651948882514	515	0.9090753674495	7	509.51286173633
GLOBAL	X	7580516	7590515	0.0015274680838012	340	0.5193391484924	4	336.36816720257
GLOBAL	X	7590516	7600515	0	138	0	0	137.55144694534
GLOBAL	X	7600516	7610515	0	68	0	0	67.85691318328
GLOBAL	X	7610516	7620515	NA	0	0	0	0
GLOBAL	X	7620516	7630515	0.0022008195624587	59	0.12984835418507	1	58.810289389068
GLOBAL	X	7630516	7640515	0.00021109141473355	615	0.12982122006113	1	613.72990353698
GLOBAL	X	7640516	7650515	0.0017082929574883	228	0.38949079430733	3	227.83440514469
GLOBAL	X	7650516	7660515	0	393	0	0	392.27974276527
GLOBAL	X	7660516	7670515	0.0033294449791042	78	0.25969670837013	2	77.813504823151
GLOBAL	X	7670516	7680515	0	78	0	0	77.836012861736
GLOBAL	X	7680516	7690515	0.001062266335839	489	0.51944823822529	4	486.72829581994
GLOBAL	X	7690516	7700515	NA	0	0	0	0
GLOBAL	X	7700516	7710515	NA	0	0	0	0
GLOBAL	X	7710516	7720515	0.00081894551587837	476	0.3898180655581	3	474.28135048232
GLOBAL	X	7720516	7730515	0.0015579631772293	250	0.38949079430733	3	249.3922829582
GLOBAL	X	7730516	7740515	0.0013668729662584	570	0.77911759076731	6	568.95659163987
GLOBAL	X	7740516	7750515	0.00093258151825872	557	0.51944790567011	4	555.88263665595
GLOBAL	X	7750516	7760515	0.0072153079682556	18	0.1298755434286	1	17.980707395498
GLOBAL	X	7760516	7770515	0.0010021796818925	389	0.38984789625616	3	387.50964630225
GLOBAL	X	7770516	7780515	0.0071655529594894	145	1.039005179126	8	144.76366559486
GLOBAL	X	7780516	7790515	0.0012544423876628	207	0.2596695742462	2	206.65594855305
GLOBAL	X	7790516	7800515	NA	0	0	0	0
GLOBAL	X	7800516	7810515	0.002632428655691	148	0.38959944104227	3	147.4807073955
GLOBAL	X	7810516	7820515	0.0016336549822665	159	0.25975114218037	2	158.59324758842
GLOBAL	X	7820516	7830515	0.0012314385955669	211	0.25983354366462	2	210.33922829582
GLOBAL	X	7830516	7840515	0.0013247063271544	196	0.25964244012227	2	195.44533762058
GLOBAL	X	7840516	7850515	0.0011458808716631	340	0.38959949636544	3	339.13344051447
GLOBAL	X	7850516	7860515	0	223	0	0	220.09485530547
GLOBAL	X	7860516	7870515	0.00034999556384115	371	0.12984835418507	1	370.37459807074
GLOBAL	X	7870516	7880515	0.0011626590874846	335	0.38949079430733	3	334.58520900322
GLOBAL	X	7880516	7890515	0.00079694961960312	163	0.12990278799531	1	162.70900321543
GLOBAL	X	7890516	7900515	0.0024968228292904	104	0.2596695742462	2	103.77813504823
GLOBAL	X	7900516	7910515	0.0021494477961245	302	0.6491332344296	5	301.49356913183
GLOBAL	X	7910516	7920515	0.0019590244586337	199	0.3898458672681	3	198.58038585209
GLOBAL	X	7920516	7930515	0	92	0	0	91.879421221865
GLOBAL	X	7930516	7940515	0.0066010789861593	59	0.3894636601834	3	58.890675241158
GLOBAL	X	7940516	7950515	0.0012520768074422	415	0.51961187508852	4	413.76205787781
GLOBAL	X	7950516	7960515	0.000272275772387	477	0.1298755434286	1	476.10289389068
GLOBAL	X	7960516	7970515	0.00086583695619067	150	0.1298755434286	1	149.61575562701
GLOBAL	X	7970516	7980515	0.00059286534958636	1095	0.64918755779706	5	1092.1221864952
GLOBAL	X	7980516	7990515	0.00030949889659857	839	0.2596695742462	2	837.54340836013
GLOBAL	X	7990516	8000515	0.0019671937442894	264	0.5193391484924	4	263.71061093248
GLOBAL	X	8000516	8010515	0.0009855148723642	527	0.51936633773593	4	525.91479099678
GLOBAL	X	8010516	8020515	0.001586742048457	491	0.77909034579237	6	489.61736334405
GLOBAL	X	8020516	8030515	0.00073360652081958	177	0.12984835418507	1	176.75884244373
GLOBAL	X	8030516	8040515	0	427	0	0	425.89067524116
GLOBAL	X	8040516	8050515	0.0032229944387573	282	0.90888443172957	7	281.43890675241
GLOBAL	X	8050516	8060515	0.00037738726761957	344	0.12982122006113	1	343.27652733119
GLOBAL	X	8060516	8070515	0.00090324580475814	575	0.51936633773593	4	573.7540192926
GLOBAL	X	8070516	8080515	0.00097644025648131	399	0.38959966233604	3	398.42122186495
GLOBAL	X	8080516	8090515	0.0014549610759142	357	0.51942110410136	4	356.17041800643
GLOBAL	X	8090516	8100515	0	122	0	0	121.84083601286
GLOBAL	X	8100516	8110515	0.0014062021066818	277	0.38951798355087	3	276.41639871383
GLOBAL	X	8110516	8120515	0.00085983302730529	302	0.2596695742462	2	301.37620578778
GLOBAL	X	8120516	8130515	0.0016502697465398	236	0.3894636601834	3	235.7154340836
GLOBAL	X	8130516	8140515	0.0049019930475178	53	0.25980563151845	2	52.709003215434
GLOBAL	X	8140516	8150515	0.011205766936284	974	10.91441699594	84	971.29742765273
GLOBAL	X	8150516	8160515	0.015675606062148	1342	21.036663335403	162	1339.5192926045
GLOBAL	X	8160516	8170515	0.013296084463685	918	12.205805537663	94	916.31511254019
GLOBAL	X	8170516	8180515	0.0076925077395633	422	3.2462382660957	25	421.1575562701
GLOBAL	X	8180516	8190515	0.0064300273401646	101	0.64943276135663	5	100.77491961415
GLOBAL	X	8190516	8200515	0.0011525809533772	338	0.38957236224151	3	336.98553054662
GLOBAL	X	8200516	8210515	0.0011910203675333	109	0.12982122006113	1	108.7845659164
GLOBAL	X	8210516	8220515	0.0006157185068047	422	0.25983320987158	2	420.87942122186
GLOBAL	X	8220516	8230515	NA	0	0	0	0
GLOBAL	X	8230516	8240515	0	8	0	0	7.9903536977492
GLOBAL	X	8240516	8250515	0.0015463567374987	252	0.38968189784968	3	251.16559485531
GLOBAL	X	8250516	8260515	0.0063732623657373	326	2.0776835312304	16	325.18488745981
GLOBAL	X	8260516	8270515	0.0017632665061072	221	0.38968189784968	3	220.44694533762
GLOBAL	X	8270516	8280515	0.011778521245672	772	9.0930184016586	70	769.88745980707
GLOBAL	X	8280516	8290515	0.015283873849844	187	2.8580844099207	22	186.43569131833
GLOBAL	X	8290516	8300515	0.007047938948978	129	0.90918412441817	7	128.28938906752
GLOBAL	X	8300516	8310515	0.010336375104055	490	5.0648238009867	39	488.69774919614
GLOBAL	X	8310516	8320515	0.010872210006903	227	2.467991671567	19	226.21221864952
GLOBAL	X	8320516	8330515	0.0088028233550869	177	1.5580997338504	12	176.61093247588
GLOBAL	X	8330516	8340515	0.010908789220928	250	2.7271973052319	21	249.36816720257
GLOBAL	X	8340516	8350515	0.012231250076356	499	6.1033937881017	47	497.63344051447
GLOBAL	X	8350516	8360515	0.0080062208616075	146	1.1689082457947	9	145.60932475884
GLOBAL	X	8360516	8370515	0.007897342649724	477	3.7670324439184	29	475.42604501608
GLOBAL	X	8370516	8380515	NA	0	0	0	0
GLOBAL	X	8380516	8390515	0.0055590098461636	327	1.8177962196955	14	326.30225080386
GLOBAL	X	8390516	8400515	0.010283971464186	341	3.5068342692875	27	340.16881028939
GLOBAL	X	8400516	8410515	0.0084819134652445	536	4.546305617371	35	534.18488745981
GLOBAL	X	8410516	8420515	0.0060247399140637	194	1.1687995433284	9	193.15434083601
GLOBAL	X	8420516	8430515	NA	0	0	0	0
GLOBAL	X	8430516	8440515	0.0034325963894523	227	0.77919938040567	6	226.44051446945
GLOBAL	X	8440516	8450515	0.0028388882275195	366	1.0390330912721	8	365.18167202572
GLOBAL	X	8450516	8460515	0.0107893838125	349	3.7654949505625	29	348.33279742765
GLOBAL	X	8460516	8470515	0.007557457815087	189	1.4283595270514	11	188.59485530547
GLOBAL	X	8470516	8480515	0.0087576279063758	786	6.8834955344114	53	784.08681672026
GLOBAL	X	8480516	8490515	0.0031433430580249	537	1.6879752221594	13	536.02733118971
GLOBAL	X	8490516	8500515	0.0023095049727334	225	0.51963861886501	4	224.47106109325
GLOBAL	X	8500516	8510515	0.0053512557502992	461	2.4669289008879	19	459.89549839228
GLOBAL	X	8510516	8520515	0.0085850193635878	605	5.1939367149706	40	603.88906752412
GLOBAL	X	8520516	8530515	0.0080964897342427	369	2.9876047119356	23	367.93408360129
GLOBAL	X	8530516	8540515	0.0054864785888444	355	1.9476998990398	15	354.02733118971
GLOBAL	X	8540516	8550515	0.0013251224900839	196	0.25972400805644	2	195.65434083601
GLOBAL	X	8550516	8560515	0.00070363804911183	369	0.25964244012227	2	368.1961414791
GLOBAL	X	8560516	8570515	0.00052988253086177	245	0.12982122006113	1	244.12057877814
GLOBAL	X	8570516	8580515	0.00045711697204624	284	0.12982122006113	1	283.35691318328
GLOBAL	X	8580516	8590515	0.00065899096477732	197	0.12982122006113	1	196.31189710611
GLOBAL	X	8590516	8600515	0.0015277665570785	595	0.90902110146168	7	592.75080385852
GLOBAL	X	8600516	8610515	0.0021288119393665	549	1.1687177547122	9	547.17041800643
GLOBAL	X	8610516	8620515	0.0014791597034659	878	1.2987022196431	10	876.39871382637
GLOBAL	X	8620516	8630515	0.0010322680326151	1258	1.2985931850298	10	1255.8215434084
GLOBAL	X	8630516	8640515	0.011239728476406	959	10.778899608873	83	957.16559485531
GLOBAL	X	8640516	8650515	0.0055798504197089	256	1.4284417074455	11	255.23311897106
GLOBAL	X	8650516	8660515	0.016705025894128	723	12.077733721454	93	721.62218649518
GLOBAL	X	8660516	8670515	0.010034674332304	440	4.4152567062138	34	438.99196141479
GLOBAL	X	8670516	8680515	0.0055401121030206	422	2.3379273074747	18	420.94855305466
GLOBAL	X	8680516	8690515	0.017887484625532	363	6.4931569190681	50	362.00803858521
GLOBAL	X	8690516	8700515	0.00037420274981287	347	0.12984835418507	1	346.36012861736
GLOBAL	X	8700516	8710515	0.001533911555368	1016	1.5584541402539	12	1013.6575562701
GLOBAL	X	8710516	8720515	0	84	0	0	83.578778135048
GLOBAL	X	8720516	8730515	0.0025631549439805	152	0.38959955148504	3	151.6463022508
GLOBAL	X	8730516	8740515	NA	0	0	0	0
GLOBAL	X	8740516	8750515	0.0011780727523902	441	0.51953008380409	4	439.57877813505
GLOBAL	X	8750516	8760515	0.0015502661971707	670	1.0386783521044	8	668.57234726688
GLOBAL	X	8760516	8770515	0.0018114588845739	215	0.3894636601834	3	214.36816720257
GLOBAL	X	8770516	8780515	0.0035298244479807	184	0.64948769842844	5	182.23954983923
GLOBAL	X	8780516	8790515	0.0020762140721465	563	1.1689085226185	9	561.9308681672
GLOBAL	X	8790516	8800515	NA	0	0	0	0
GLOBAL	X	8800516	8810515	NA	0	0	0	0
GLOBAL	X	8810516	8820515	NA	0	0	0	0
GLOBAL	X	8820516	8830515	0.0045295971847557	258	1.168636073667	9	257.59324758842
GLOBAL	X	8830516	8840515	0.0069678724420609	205	1.4284138506225	11	204.38263665595
GLOBAL	X	8840516	8850515	0.0037344888559219	626	2.3377900238071	18	624.38906752412
GLOBAL	X	8850516	8860515	0.0070173632465477	37	0.25964244012227	2	36.953376205788
GLOBAL	X	8860516	8870515	0.010285293108232	202	2.0776292078629	16	201.60289389068
GLOBAL	X	8870516	8880515	0.015277769349267	221	3.376387026188	26	220.55948553055
GLOBAL	X	8880516	8890515	0.00037304948293429	348	0.12982122006113	1	347.22990353698
GLOBAL	X	8890516	8900515	0.0018742128755437	485	0.90899324463868	7	484.11736334405
GLOBAL	X	8900516	8910515	0.0011263261957889	346	0.38970886374296	3	344.87781350482
GLOBAL	X	8910516	8920515	0	2	0	0	1.9983896940419
GLOBAL	X	8920516	8930515	0.0019334294781567	403	0.77917207969715	6	401.61736334405
GLOBAL	X	8930516	8940515	0.0033228461880871	430	1.4288238608774	11	428.79742765273
GLOBAL	X	8940516	8950515	0.0066100456988519	452	2.9877406558811	23	450.50964630225
GLOBAL	X	8950516	8960515	0.0052993790662489	49	0.2596695742462	2	48.900321543408
GLOBAL	X	8960516	8970515	0.0079692226485859	440	3.5064579653778	27	438.64951768489
GLOBAL	X	8970516	8980515	0.011715477780764	255	2.9874468340947	23	253.961414791
GLOBAL	X	8980516	8990515	0.014781361868569	422	6.2377347085361	48	420.07234726688
GLOBAL	X	8990516	9000515	0.0075637205016353	103	0.77906321166844	6	102.90514469453
GLOBAL	X	9000516	9010515	0.0040377274311664	193	0.77928139421512	6	192.40836012862
GLOBAL	X	9010516	9020515	NA	0	0	0	0
GLOBAL	X	9020516	9030515	0.0028998652733895	224	0.64956982123926	5	222.89710610932
GLOBAL	X	9030516	9040515	0.0010934601732687	475	0.51939358230264	4	473.7540192926
GLOBAL	X	9040516	9050515	0.012767638569397	478	6.1029312361716	47	477.09324758842
GLOBAL	X	9050516	9060515	0.0022382968976057	58	0.12982122006113	1	57.893890675241
GLOBAL	X	9060516	9070515	0.01061622969819	526	5.5841368212478	43	524.13344051447
GLOBAL	X	9070516	9080515	0.017319324608064	345	5.9751669897821	46	343.5
GLOBAL	X	9080516	9090515	0.0070751421014574	202	1.4291787044944	11	201.11093247588
GLOBAL	X	9090516	9100515	0.00093425862450959	278	0.25972389761367	2	277.27974276527
GLOBAL	X	9100516	9110515	0.0010306508256208	504	0.51944801611288	4	502.27009646302
GLOBAL	X	9110516	9120515	0.0012653784293768	308	0.38973655624807	3	307.43569131833
GLOBAL	X	9120516	9130515	0.0011727545192658	443	0.51953025203475	4	441.29581993569
GLOBAL	X	9130516	9140515	0.0016333131518951	318	0.51939358230264	4	317.2347266881
GLOBAL	X	9140516	9150515	0.0012082726851273	645	0.77933588190712	6	643.53215434084
GLOBAL	X	9150516	9160515	0	99	0	0	98.749196141479
GLOBAL	X	9160516	9170515	NA	0	0	0	0
GLOBAL	X	9170516	9180515	0.0015384295642225	591	0.90921187245549	7	589.43569131833
GLOBAL	X	9180516	9190515	0.00078695972233373	165	0.12984835418507	1	164.56752411576
GLOBAL	X	9190516	9200515	0.0024745988198586	105	0.25983287608515	2	104.79099678457
GLOBAL	X	9200516	9210515	0.0018032609322653	144	0.2596695742462	2	143.78778135048
GLOBAL	X	9210516	9220515	0.0018756586327736	277	0.51955744127828	4	276.05948553055
GLOBAL	X	9220516	9230515	0.0011695605410913	111	0.12982122006113	1	110.87781350482
GLOBAL	X	9230516	9240515	0.00062115416297193	418	0.25964244012227	2	416.65594855305
GLOBAL	X	9240516	9250515	0	153	0	0	152.7845659164
GLOBAL	X	9250516	9260515	0.0013811730294586	282	0.38949079430733	3	281.51286173633
GLOBAL	X	9260516	9270515	0.00058478027054564	222	0.12982122006113	1	221.47427652733
GLOBAL	X	9270516	9280515	0.0013497186942224	481	0.649214691921	5	479.77009646302
GLOBAL	X	9280516	9290515	NA	0	0	0	0
GLOBAL	X	9290516	9300515	NA	0	0	0	0
GLOBAL	X	9300516	9310515	NA	0	0	0	0
GLOBAL	X	9310516	9320515	NA	0	0	0	0
GLOBAL	X	9320516	9330515	0.0016254001502557	719	1.1686627080339	9	717.80064308682
GLOBAL	X	9330516	9340515	0.0013995822965816	464	0.64940618561387	5	462.71864951768
GLOBAL	X	9340516	9350515	0.0012583799598808	516	0.64932405929852	5	514.48713826367
GLOBAL	X	9350516	9360515	0.00046389007549091	560	0.25977844227491	2	557.89067524116
GLOBAL	X	9360516	9370515	NA	0	0	0	0
GLOBAL	X	9370516	9380515	0.0036253330165533	502	1.8199171743097	14	498.98392282958
GLOBAL	X	9380516	9390515	0.00042564334446273	305	0.12982122006113	1	304.20900321543
GLOBAL	X	9390516	9400515	0.00075918842141013	171	0.12982122006113	1	170.60128617363
GLOBAL	X	9400516	9410515	0.00076397443573817	340	0.25975130815098	2	339.44051446945
GLOBAL	X	9410516	9420515	0.0012025519683596	432	0.51950245033135	4	431.23633440514
GLOBAL	X	9420516	9430515	0.0020778650127778	375	0.77919937979169	6	374.04340836013
GLOBAL	X	9430516	9440515	0.00098759629276397	526	0.51947564999385	4	524.29099678457
GLOBAL	X	9440516	9450515	0.0012061067284759	646	0.77914494659542	6	644.05144694534
GLOBAL	X	9450516	9460515	0.00060013989877863	649	0.38949079430733	3	647.58199356913
GLOBAL	X	9460516	9470515	0.00031282221701478	415	0.12982122006113	1	414.20578778135
GLOBAL	X	9470516	9480515	0.0011640529990052	558	0.6495415734449	5	555.17524115756
GLOBAL	X	9480516	9490515	0.00092129636876105	141	0.12990278799531	1	140.4501607717
GLOBAL	X	9490516	9500515	0.00069466800725301	561	0.38970875206894	3	559.80546623794
GLOBAL	X	9500516	9510515	0	225	0	0	224.25080385852
GLOBAL	X	9510516	9520515	0.0027446220539431	142	0.38973633165992	3	141.54662379421
GLOBAL	X	9520516	9530515	0.0014595818875877	89	0.12990278799531	1	88.840836012862
GLOBAL	X	9530516	9540515	NA	0	0	0	0
GLOBAL	X	9540516	9550515	NA	0	0	0	0
GLOBAL	X	9550516	9560515	0.0012135360204212	214	0.25969670837013	2	213.77170418006
GLOBAL	X	9560516	9570515	0.0019809697172869	590	1.1687721331993	9	588.7459807074
GLOBAL	X	9570516	9580515	NA	0	0	0	0
GLOBAL	X	9580516	9590515	0.0011445201574786	227	0.25980607574765	2	225.96623794212
GLOBAL	X	9590516	9600515	0.0010273317935825	253	0.25991494377636	2	252.07556270096
GLOBAL	X	9600516	9610515	0.0015460749335616	420	0.64935147209588	5	418.78938906752
GLOBAL	X	9610516	9620515	0.0016153633413962	643	1.0386786285178	8	641.50482315113
GLOBAL	X	9620516	9630515	0	192	0	0	191.55466237942
GLOBAL	X	9630516	9640515	0.0010910866342612	357	0.38951792843126	3	356.30868167203
GLOBAL	X	9640516	9650515	0.001215302305551	641	0.7790087778582	6	639.5578778135
GLOBAL	X	9650516	9660515	0.0004109985551538	316	0.1298755434286	1	315.50964630225
GLOBAL	X	9660516	9670515	0.00046282074888104	561	0.25964244012227	2	559.02250803859
GLOBAL	X	9670516	9680515	0.0023612530821275	440	1.0389513561361	8	438.42122186495
GLOBAL	X	9680516	9690515	0.00106594477595	609	0.64916036855353	5	607.90032154341
GLOBAL	X	9690516	9700515	0.00067969225162897	191	0.12982122006113	1	190.3922829582
GLOBAL	X	9700516	9710515	0.0019210761140068	338	0.64932372653429	5	337.42282958199
GLOBAL	X	9710516	9720515	0.0012061915914558	323	0.38959988404023	3	322.36977491961
GLOBAL	X	9720516	9730515	0.0046384157285068	112	0.51950256159276	4	111.60450160772
GLOBAL	X	9730516	9740515	0.0014456383077003	539	0.77919904785048	6	538.19935691318
GLOBAL	X	9740516	9750515	0.0013890435410715	187	0.25975114218037	2	186.42926045016
GLOBAL	X	9750516	9760515	0.0014911857583102	1045	1.5582891174341	12	1042.3215434084
GLOBAL	X	9760516	9770515	0.00082974555339708	626	0.51942071642657	4	624.15434083601
GLOBAL	X	9770516	9780515	0.0020290940298465	256	0.51944807164071	4	255.4501607717
GLOBAL	X	9780516	9790515	0	287	0	0	286.50160771704
GLOBAL	X	9790516	9800515	0.0011065850239525	352	0.38951792843126	3	351.2459807074
GLOBAL	X	9800516	9810515	0.0027166086120771	239	0.64926945828643	5	238.5498392283
GLOBAL	X	9810516	9820515	0.00097024122092151	134	0.13001232360348	1	133.64308681672
GLOBAL	X	9820516	9830515	0.0034177002238361	342	1.168853476552	9	341.23311897106
GLOBAL	X	9830516	9840515	NA	0	0	0	0
GLOBAL	X	9840516	9850515	0.00037520583832697	346	0.12982122006113	1	345.43569131833
GLOBAL	X	9850516	9860515	0.002951651035694	396	1.1688538101348	9	395.10932475884
GLOBAL	X	9860516	9870515	0.0018600585205534	349	0.64916042367313	5	348.36816720257
GLOBAL	X	9870516	9880515	0.0031663712210032	41	0.12982122006113	1	40.951768488746
GLOBAL	X	9880516	9890515	0	112	0	0	111.80707395498
GLOBAL	X	9890516	9900515	0.0021081606936464	185	0.39000972832458	3	184.41961414791
GLOBAL	X	9900516	9910515	0.0019285088880379	404	0.77911759076731	6	402.59967845659
GLOBAL	X	9910516	9920515	0.0021820972625731	119	0.2596695742462	2	118.78938906752
GLOBAL	X	9920516	9930515	0.00092457579396095	281	0.25980579810303	2	280.23954983923
GLOBAL	X	9930516	9940515	0.00046955750440469	277	0.1300674287201	1	276.50160771704
GLOBAL	X	9940516	9950515	0.00044062662944583	295	0.12998485568652	1	294.19131832797
GLOBAL	X	9950516	9960515	0	179	0	0	178.79742765273
GLOBAL	X	9960516	9970515	0.00095089451786174	683	0.64946095569957	5	681.32797427653
GLOBAL	X	9970516	9980515	0.0008732977450837	446	0.38949079430733	3	445.56270096463
GLOBAL	X	9980516	9990515	0.0015881101356834	327	0.51931201436846	4	326.13504823151
GLOBAL	X	9990516	10000515	0.00079644920282904	163	0.12982122006113	1	162.72025723473
GLOBAL	X	10000516	10010515	0.0011129083669465	350	0.38951792843126	3	348.69774919614
GLOBAL	X	10010516	10020515	0.00083587538289971	466	0.38951792843126	3	461.90836012862
GLOBAL	X	10020516	10030515	NA	0	0	0	0
GLOBAL	X	10030516	10040515	NA	0	0	0	0
GLOBAL	X	10040516	10050515	NA	0	0	0	0
GLOBAL	X	10050516	10060515	NA	0	0	0	0
GLOBAL	X	10060516	10070515	NA	0	0	0	0
GLOBAL	X	10070516	10080515	0.0022171894616282	410	0.90904767926756	7	408.93890675241
GLOBAL	X	10080516	10090515	0	170	0	0	169.83279742765
GLOBAL	X	10090516	10100515	0.00052988253086177	245	0.12982122006113	1	244.59485530547
GLOBAL	X	10100516	10110515	0.00066574984646735	195	0.12982122006113	1	194.13826366559
GLOBAL	X	10110516	10120515	0.0014409474538528	811	1.1686083850746	9	809.36655948553
GLOBAL	X	10120516	10130515	0.0022197239806743	585	1.2985385286945	10	583.92282958199
GLOBAL	X	10130516	10140515	0.0014860266385583	699	1.0387326203523	8	697.28295819936
GLOBAL	X	10140516	10150515	0	29	0	0	28.905144694534
GLOBAL	X	10150516	10160515	0.0025817503562303	503	1.2986204291839	10	501.67524115756
GLOBAL	X	10160516	10170515	0.0025223853111342	206	0.51961137409364	4	204.39389067524
GLOBAL	X	10170516	10180515	0.0020855352792787	436	0.90929338176552	7	434.50643086817
GLOBAL	X	10180516	10190515	0.00043710848505432	297	0.12982122006113	1	296.64469453376
GLOBAL	X	10190516	10200515	0.003658468743611	142	0.51950256159276	4	141.73151125402
GLOBAL	X	10200516	10210515	0.003508828294214	185	0.6491332344296	5	184.74919614148
GLOBAL	X	10210516	10220515	0.0015454907150135	84	0.12982122006113	1	83.700964630225
GLOBAL	X	10220516	10230515	0	100	0	0	99.778135048232
GLOBAL	X	10230516	10240515	0.0027056719905853	384	1.0389780443848	8	383.22347266881
GLOBAL	X	10240516	10250515	0.0014714472589155	353	0.51942088239718	4	352.40032154341
GLOBAL	X	10250516	10260515	0.00092296396755292	422	0.38949079430733	3	421.1077170418
GLOBAL	X	10260516	10270515	0	97	0	0	96.578778135048
GLOBAL	X	10270516	10280515	0	193	0	0	192.78778135048
GLOBAL	X	10280516	10290515	0.0030122983042093	388	1.1687717420332	9	386.99035369775
GLOBAL	X	10290516	10300515	0.00091002522034423	856	0.77898158861466	6	854.53215434084
GLOBAL	X	10300516	10310515	0.0014889856751786	785	1.1688537550152	9	783.02090032154
GLOBAL	X	10310516	10320515	0.0024931773579294	625	1.5582358487058	12	623.87942122186
GLOBAL	X	10320516	10330515	0.0012727570594229	306	0.3894636601834	3	302.99678456592
GLOBAL	X	10330516	10340515	0.0011543889773201	450	0.51947503979404	4	448.65273311897
GLOBAL	X	10340516	10350515	0	169	0	0	168.50321543408
GLOBAL	X	10350516	10360515	NA	0	0	0	0
GLOBAL	X	10360516	10370515	0.0010143342743992	256	0.2596695742462	2	255.45498392283
GLOBAL	X	10370516	10380515	0.0015707464422371	248	0.3895451176748	3	247.60289389068
GLOBAL	X	10380516	10390515	0.00067619929567245	576	0.38949079430733	3	574.68810289389
GLOBAL	X	10390516	10400515	0	78	0	0	77.914790996785
GLOBAL	X	10400516	10410515	0	40	0	0	39.922829581994
GLOBAL	X	10410516	10420515	0.00065566272758148	198	0.12982122006113	1	197.64469453376
GLOBAL	X	10420516	10430515	NA	0	0	0	0
GLOBAL	X	10430516	10440515	0.0009349052599404	556	0.51980732452686	4	554.37620578778
GLOBAL	X	10440516	10450515	0.0010064713248295	516	0.519339203612	4	514.41318327974
GLOBAL	X	10450516	10460515	0.00074235428165122	525	0.38973599786689	3	523.20739549839
GLOBAL	X	10460516	10470515	0	3	0	0	2.9935691318328
GLOBAL	X	10470516	10480515	0.0018195991568787	357	0.6495968990057	5	355.91318327974
GLOBAL	X	10480516	10490515	0	51	0	0	50.807073954984
GLOBAL	X	10490516	10500515	NA	0	0	0	0
GLOBAL	X	10500516	10510515	0.0025731449869488	101	0.25988764368183	2	100.7540192926
GLOBAL	X	10510516	10520515	0.000585087081034	444	0.2597786639791	2	442.59485530547
GLOBAL	X	10520516	10530515	0.0023681382368277	329	0.7791174799163	6	328.13183279743
GLOBAL	X	10530516	10540515	0.0021889148965145	178	0.38962685157958	3	177.50803858521
GLOBAL	X	10540516	10550515	0.0022411182014917	58	0.12998485568652	1	57.773311897106
GLOBAL	X	10550516	10560515	0.002449968946888	106	0.25969670837013	2	105.54823151125
GLOBAL	X	10560516	10570515	0.00078271137403521	166	0.12993008808984	1	164.75562700965
GLOBAL	X	10570516	10580515	0	22	0	0	21.861066235864
GLOBAL	X	10580516	10590515	NA	0	0	0	0
GLOBAL	X	10590516	10600515	NA	0	0	0	0
GLOBAL	X	10600516	10610515	NA	0	0	0	0
GLOBAL	X	10610516	10620515	NA	0	0	0	0
GLOBAL	X	10620516	10630515	0.0018110774311029	431	0.78057437280533	6	425.25080385852
GLOBAL	X	10630516	10640515	0.00075998581669218	513	0.38987272396309	3	508.77974276527
GLOBAL	X	10640516	10650515	0	47	0	0	46.882636655949
GLOBAL	X	10650516	10660515	0.0022081364447744	353	0.77947216500536	6	351.461414791
GLOBAL	X	10660516	10670515	0.00055438999123399	703	0.3897361638375	3	701.36977491961
GLOBAL	X	10670516	10680515	0.0014034726493095	185	0.25964244012227	2	184.78135048232
GLOBAL	X	10680516	10690515	0.0010087950943772	515	0.51952947360428	4	513.86977491961
GLOBAL	X	10690516	10700515	0.0034475430286859	226	0.77914472448301	6	225.21221864952
GLOBAL	X	10700516	10710515	0.0008429949354619	154	0.12982122006113	1	153.79581993569
GLOBAL	X	10710516	10720515	0.0013498528054827	385	0.51969333011084	4	383.88745980707
GLOBAL	X	10720516	10730515	0.0024066198497811	108	0.25991494377636	2	107.68006430868
GLOBAL	X	10730516	10740515	NA	0	0	0	0
GLOBAL	X	10740516	10750515	0.0012867073655244	101	0.12995744391796	1	100.68971061093
GLOBAL	X	10750516	10760515	NA	0	0	0	0
GLOBAL	X	10760516	10770515	NA	0	0	0	0
GLOBAL	X	10770516	10780515	NA	0	0	0	0
GLOBAL	X	10780516	10790515	NA	0	0	0	0
GLOBAL	X	10790516	10800515	0.00064587671672205	201	0.12982122006113	1	200.55466237942
GLOBAL	X	10800516	10810515	NA	0	0	0	0
GLOBAL	X	10810516	10820515	0	231	0	0	230.48874598071
GLOBAL	X	10820516	10830515	0.00067969225162897	191	0.12982122006113	1	190.48231511254
GLOBAL	X	10830516	10840515	0.0018291074368086	213	0.38959988404023	3	212.6270096463
GLOBAL	X	10840516	10850515	0.0024174993637426	752	1.8179595215344	14	750.2845659164
GLOBAL	X	10850516	10860515	0.0012363925720108	105	0.12982122006113	1	104.92443729904
GLOBAL	X	10860516	10870515	0.0022114644730138	411	0.90891189840869	7	410.46784565916
GLOBAL	X	10870516	10880515	0.0031838484548283	367	1.168472382922	9	366.35691318328
GLOBAL	X	10880516	10890515	NA	0	0	0	0
GLOBAL	X	10890516	10900515	NA	0	0	0	0
GLOBAL	X	10900516	10910515	0.0010469453230737	124	0.12982122006113	1	123.84405144695
GLOBAL	X	10910516	10920515	0.00086910056166913	299	0.25986106793907	2	298.63987138264
GLOBAL	X	10920516	10930515	0.00091735581852916	708	0.64948791951865	5	704.83601286174
GLOBAL	X	10930516	10940515	0.0010964585560698	237	0.25986067778855	2	236.37942122186
GLOBAL	X	10940516	10950515	0.0016071026195209	404	0.64926945828643	5	402.82475884244
GLOBAL	X	10950516	10960515	0.0013667106479938	475	0.64918755779706	5	474.06752411576
GLOBAL	X	10960516	10970515	0.0010064712180085	258	0.2596695742462	2	257.28778135048
GLOBAL	X	10970516	10980515	0.0017626480910297	221	0.38954522811757	3	220.61414790997
GLOBAL	X	10980516	10990515	0.0020953548272414	186	0.38973599786689	3	185.56752411576
GLOBAL	X	10990516	11000515	0	8	0	0	7.9983922829582
GLOBAL	X	11000516	11010515	0.0011198516206492	116	0.12990278799531	1	115.70418006431
GLOBAL	X	11010516	11020515	0.0015365063564864	338	0.5193391484924	4	337.20257234727
GLOBAL	X	11020516	11030515	0.001580763245127	575	0.90893886594804	7	573.97266881029
GLOBAL	X	11030516	11040515	0.0012886828873747	403	0.519339203612	4	402.40996784566
GLOBAL	X	11040516	11050515	NA	0	0	0	0
GLOBAL	X	11050516	11060515	0.0029424315923637	353	1.0386783521044	8	352.26045016077
GLOBAL	X	11060516	11070515	0.0012226267464478	531	0.64921480236377	5	529.75723472669
GLOBAL	X	11070516	11080515	0.00074617693748907	348	0.2596695742462	2	347.35852090032
GLOBAL	X	11080516	11090515	0.0026613879563091	244	0.64937866133941	5	243.50321543408
GLOBAL	X	11090516	11100515	NA	0	0	0	0
GLOBAL	X	11100516	11110515	0.00154856453288	671	1.0390868015625	8	668.65916398714
GLOBAL	X	11110516	11120515	0.0019672348565984	330	0.64918750267746	5	329.22347266881
GLOBAL	X	11120516	11130515	NA	0	0	0	0
GLOBAL	X	11130516	11140515	0.0020098685999909	323	0.64918755779706	5	322.31028938907
GLOBAL	X	11140516	11150515	0.0013779181714723	377	0.51947515064504	4	375.88424437299
GLOBAL	X	11150516	11160515	0.0029850202699969	87	0.25969676348973	2	86.77652733119
GLOBAL	X	11160516	11170515	0.0017635138291768	221	0.38973655624807	3	220.35691318328
GLOBAL	X	11170516	11180515	0.0017546160058646	296	0.51936633773593	4	295.45659163987
GLOBAL	X	11180516	11190515	0.00081648566076184	159	0.12982122006113	1	158.83762057878
GLOBAL	X	11190516	11200515	0.0056491342647758	23	0.12993008808984	1	22.979099678457
GLOBAL	X	11200516	11210515	0	181	0	0	180.44051446945
GLOBAL	X	11210516	11220515	0	27	0	0	26.926045016077
GLOBAL	X	11220516	11230515	0.0015000976835215	433	0.6495422969648	5	431.89871382637
GLOBAL	X	11230516	11240515	0.0029064452252492	134	0.3894636601834	3	133.75080385852
GLOBAL	X	11240516	11250515	0.0013034803904209	498	0.6491332344296	5	497.34083601286
GLOBAL	X	11250516	11260515	0.0010326150798032	629	0.64951488519624	5	627.6961414791
GLOBAL	X	11260516	11270515	0.0011437992956928	227	0.25964244012227	2	226.77813504823
GLOBAL	X	11270516	11280515	0.0041551482158357	125	0.51939352697947	4	124.83762057878
GLOBAL	X	11280516	11290515	0.0011196167536948	116	0.1298755434286	1	115.51286173633
GLOBAL	X	11290516	11300515	0.0029378079587031	442	1.2985111177468	10	441.32154340836
GLOBAL	X	11300516	11310515	0.00254591315008	204	0.51936628261633	4	203.54662379421
GLOBAL	X	11310516	11320515	0.0014733007598913	265	0.39042470137121	3	263.22186495177
GLOBAL	X	11320516	11330515	0.00066960199997581	194	0.12990278799531	1	193.51851851852
GLOBAL	X	11330516	11340515	NA	0	0	0	0
GLOBAL	X	11340516	11350515	0.0035094149779747	37	0.12984835418507	1	36.926045016077
GLOBAL	X	11350516	11360515	0.0012256272988045	212	0.25983298734656	2	211.1463022508
GLOBAL	X	11360516	11370515	0.0016039422693852	405	0.64959661910102	5	403.9807073955
GLOBAL	X	11370516	11380515	0.0017643187274507	368	0.64926929170184	5	367.14790996785
GLOBAL	X	11380516	11390515	0.0010935745382529	475	0.51944790567011	4	473.3536977492
GLOBAL	X	11390516	11400515	0.00057467054614425	226	0.1298755434286	1	225.24276527331
GLOBAL	X	11400516	11410515	0.0014116906894413	92	0.1298755434286	1	91.704180064309
GLOBAL	X	11410516	11420515	0.0011801929096467	110	0.12982122006113	1	109.17202572347
GLOBAL	X	11420516	11430515	NA	0	0	0	0
GLOBAL	X	11430516	11440515	NA	0	0	0	0
GLOBAL	X	11440516	11450515	NA	0	0	0	0
GLOBAL	X	11450516	11460515	NA	0	0	0	0
GLOBAL	X	11460516	11470515	NA	0	0	0	0
GLOBAL	X	11470516	11480515	0.0025584554097473	203	0.51936644817871	4	202.72347266881
GLOBAL	X	11480516	11490515	0.0012134092254495	214	0.2596695742462	2	213.47588424437
GLOBAL	X	11490516	11500515	0.00077827035809725	334	0.25994229960448	2	332.9308681672
GLOBAL	X	11500516	11510515	0.0017662751028726	147	0.25964244012227	2	146.63504823151
GLOBAL	X	11510516	11520515	0.0011042002311753	588	0.64926973593105	5	586.66237942122
GLOBAL	X	11520516	11530515	0	37	0	0	36.889067524116
GLOBAL	X	11530516	11540515	0.0025991511159879	100	0.25991511159879	2	99.48231511254
GLOBAL	X	11540516	11550515	NA	0	0	0	0
GLOBAL	X	11550516	11560515	NA	0	0	0	0
GLOBAL	X	11560516	11570515	NA	0	0	0	0
GLOBAL	X	11570516	11580515	0.00065236794000569	199	0.12982122006113	1	198.37620578778
GLOBAL	X	11580516	11590515	0	11	0	0	10.987138263666
GLOBAL	X	11590516	11600515	0	149	0	0	148.57395498392
GLOBAL	X	11600516	11610515	0	95	0	0	94.792604501608
GLOBAL	X	11610516	11620515	0.0022780413014924	114	0.25969670837013	2	113.5578778135
GLOBAL	X	11620516	11630515	0.00063020009738414	206	0.12982122006113	1	205.13826366559
GLOBAL	X	11630516	11640515	0.0015131944607765	429	0.64916042367313	5	426.95337620579
GLOBAL	X	11640516	11650515	NA	0	0	0	0
GLOBAL	X	11650516	11660515	0	26	0	0	25.877813504823
GLOBAL	X	11660516	11670515	0.0010283276090699	379	0.3897361638375	3	377.84405144695
GLOBAL	X	11670516	11680515	NA	0	0	0	0
GLOBAL	X	11680516	11690515	0.0010676196573892	365	0.38968117494705	3	361.54340836013
GLOBAL	X	11690516	11700515	0.0029975509167404	130	0.38968161917625	3	129.57717041801
GLOBAL	X	11700516	11710515	0.00048922493837083	531	0.25977844227491	2	529.42122186495
GLOBAL	X	11710516	11720515	0.0033738656289934	231	0.77936296029747	6	230.56270096463
GLOBAL	X	11720516	11730515	NA	0	0	0	0
GLOBAL	X	11730516	11740515	0.0011241694428925	462	0.51936628261633	4	460.96463022508
GLOBAL	X	11740516	11750515	0.0012856272691591	101	0.12984835418507	1	100.86495176849
GLOBAL	X	11750516	11760515	0	24	0	0	23.979099678457
GLOBAL	X	11760516	11770515	0.0011801929096467	110	0.12982122006113	1	109.90032154341
GLOBAL	X	11770516	11780515	0.0023825391145847	109	0.25969676348973	2	108.73151125402
GLOBAL	X	11780516	11790515	0	55	0	0	54.950160771704
GLOBAL	X	11790516	11800515	0.00075119909779169	173	0.12995744391796	1	171.85691318328
GLOBAL	X	11800516	11810515	NA	0	0	0	0
GLOBAL	X	11810516	11820515	0.0012021488306547	540	0.64916036855353	5	539.21704180064
GLOBAL	X	11820516	11830515	0.0012365217821248	210	0.2596695742462	2	209.81028938907
GLOBAL	X	11830516	11840515	0.0019524028138812	266	0.5193391484924	4	265.56591639871
GLOBAL	X	11840516	11850515	0.0016285350246247	638	1.0390053457105	8	636.93729903537
GLOBAL	X	11850516	11860515	NA	0	0	0	0
GLOBAL	X	11860516	11870515	NA	0	0	0	0
GLOBAL	X	11870516	11880515	NA	0	0	0	0
GLOBAL	X	11880516	11890515	NA	0	0	0	0
GLOBAL	X	11890516	11900515	NA	0	0	0	0
GLOBAL	X	11900516	11910515	NA	0	0	0	0
GLOBAL	X	11910516	11920515	NA	0	0	0	0
GLOBAL	X	11920516	11930515	NA	0	0	0	0
GLOBAL	X	11930516	11940515	NA	0	0	0	0
GLOBAL	X	11940516	11950515	NA	0	0	0	0
GLOBAL	X	11950516	11960515	0.0048577635396238	27	0.13115961556984	1	26.337370242215
GLOBAL	X	11960516	11970515	0.015675398654974	116	1.818346243977	14	115.56430868167
GLOBAL	X	11970516	11980515	NA	0	0	0	0
GLOBAL	X	11980516	11990515	0.021260315699082	55	1.1693173634495	9	54.737942122186
GLOBAL	X	11990516	12000515	0.022023464982823	230	5.0653969460493	39	229.18167202572
GLOBAL	X	12000516	12010515	NA	0	0	0	0
GLOBAL	X	12010516	12020515	NA	0	0	0	0
GLOBAL	X	12020516	12030515	NA	0	0	0	0
GLOBAL	X	12030516	12040515	0.0017704538137059	660	1.1684995170459	9	658.83922829582
GLOBAL	X	12040516	12050515	0.0013961774358432	651	0.9089115107339	7	649.6077170418
GLOBAL	X	12050516	12060515	0.0019328352669125	336	0.64943264968261	5	335.17202572347
GLOBAL	X	12060516	12070515	0	411	0	0	410.34405144695
GLOBAL	X	12070516	12080515	0.0019205929694471	338	0.64916042367313	5	336.62540192926
GLOBAL	X	12080516	12090515	0.0010223211584496	254	0.2596695742462	2	253.51446945338
GLOBAL	X	12090516	12100515	0.0018172102653082	143	0.25986106793907	2	142.34083601286
GLOBAL	X	12100516	12110515	0.0011390689328103	570	0.64926929170184	5	568.43247588424
GLOBAL	X	12110516	12120515	0.00090817324285602	572	0.51947509491364	4	570.31028938907
GLOBAL	X	12120516	12130515	0.0016320858322989	398	0.64957016125496	5	396.85852090032
GLOBAL	X	12130516	12140515	0.0011858297185851	219	0.25969670837013	2	218.16237942122
GLOBAL	X	12140516	12150515	NA	0	0	0	0
GLOBAL	X	12150516	12160515	NA	0	0	0	0
GLOBAL	X	12160516	12170515	0.00070188299559495	185	0.12984835418507	1	184.41318327974
GLOBAL	X	12170516	12180515	0.0013116923894944	594	0.77914527935965	6	592.91800643087
GLOBAL	X	12180516	12190515	0.0019407701435529	669	1.2983752260369	10	668.038585209
GLOBAL	X	12190516	12200515	0.0014425082490569	540	0.77895445449073	6	538.0498392283
GLOBAL	X	12200516	12210515	0.0018508290932511	421	0.77919904825871	6	419.51768488746
GLOBAL	X	12210516	12220515	NA	0	0	0	0
GLOBAL	X	12220516	12230515	0.0045311848587172	86	0.38968189784968	3	85.389067524116
GLOBAL	X	12230516	12240515	0.0011218003937422	463	0.51939358230264	4	462.23311897106
GLOBAL	X	12240516	12250515	0.0031682704011003	287	0.90929360511578	7	286.51125401929
GLOBAL	X	12250516	12260515	0.0022012841571118	177	0.38962729580879	3	176.55466237942
GLOBAL	X	12260516	12270515	0.0017762309027854	512	0.90943022222613	7	509.77331189711
GLOBAL	X	12270516	12280515	0.00058232066997326	669	0.38957252821211	3	667.91318327974
GLOBAL	X	12280516	12290515	0.011005048826865	118	1.2985957615701	10	117.64147909968
GLOBAL	X	12290516	12300515	0.017547557762446	518	9.0896349209471	70	516.88263665595
GLOBAL	X	12300516	12310515	0.015776351666183	338	5.3324068631699	41	334.56591639871
GLOBAL	X	12310516	12320515	0.013434464497153	590	7.9263340533204	61	579.50160771704
GLOBAL	X	12320516	12330515	0.011656028911229	479	5.5832378484787	43	478
GLOBAL	X	12330516	12340515	0.02370638870322	378	8.9610149298173	69	376.96945337621
GLOBAL	X	12340516	12350515	0.031009949385815	398	12.341959855554	95	395.74437299035
GLOBAL	X	12350516	12360515	NA	0	0	0	0
GLOBAL	X	12360516	12370515	0.022591826876327	46	1.039224036311	8	45.731511254019
GLOBAL	X	12370516	12380515	0.019657153021364	185	3.6365733089524	28	184.30225080386
GLOBAL	X	12380516	12390515	NA	0	0	0	0
GLOBAL	X	12390516	12400515	NA	0	0	0	0
GLOBAL	X	12400516	12410515	NA	0	0	0	0
GLOBAL	X	12410516	12420515	NA	0	0	0	0
GLOBAL	X	12420516	12430515	NA	0	0	0	0
GLOBAL	X	12430516	12440515	0.032380049955749	245	7.9331122391585	61	242.15916398714
GLOBAL	X	12440516	12450515	NA	0	0	0	0
GLOBAL	X	12450516	12460515	NA	0	0	0	0
GLOBAL	X	12460516	12470515	0.029893155820388	139	4.155148659034	32	138.8231511254
GLOBAL	X	12470516	12480515	0.024733462829585	63	1.5582081582639	12	62.872990353698
GLOBAL	X	12480516	12490515	0.014238681365925	383	5.4534149631494	42	382.57073954984
GLOBAL	X	12490516	12500515	0.0029571547792049	483	1.428305758356	11	482.22025723473
GLOBAL	X	12500516	12510515	0.0042801186187619	91	0.38949079430733	3	90.750803858521
GLOBAL	X	12510516	12520515	0	30	0	0	29.977491961415
GLOBAL	X	12520516	12530515	0	69	0	0	68.774919614148
GLOBAL	X	12530516	12540515	NA	0	0	0	0
GLOBAL	X	12540516	12550515	0.0025915469949513	552	1.4305339412131	11	550.12057877813
GLOBAL	X	12550516	12560515	NA	0	0	0	0
GLOBAL	X	12560516	12570515	0.016371558785987	119	1.9482154955325	15	118.69131832797
GLOBAL	X	12570516	12580515	0.016788931479112	472	7.9243756581407	61	470.94855305466
GLOBAL	X	12580516	12590515	0.018045884271192	367	6.6228395275275	51	366.14308681672
GLOBAL	X	12590516	12600515	0	69	0	0	68.742765273312
GLOBAL	X	12600516	12610515	NA	0	0	0	0
GLOBAL	X	12610516	12620515	0.01409021056442	553	7.7918864421244	60	551.89871382637
GLOBAL	X	12620516	12630515	NA	0	0	0	0
GLOBAL	X	12630516	12640515	0.0018822542525884	69	0.1298755434286	1	68.786173633441
GLOBAL	X	12640516	12650515	0.0023366036268083	389	0.90893881082844	7	388.10610932476
GLOBAL	X	12650516	12660515	0.018441931668999	486	8.9627787911334	69	484.52411575563
GLOBAL	X	12660516	12670515	0	183	0	0	182.64951768489
GLOBAL	X	12670516	12680515	0.0022314458735163	291	0.64935074919324	5	290.41479099678
GLOBAL	X	12680516	12690515	0.00055101630456753	236	0.13003984787794	1	235.43890675241
GLOBAL	X	12690516	12700515	0.0010224279857092	127	0.12984835418507	1	126.67363344051
GLOBAL	X	12700516	12710515	0.0023610461340608	330	0.77914522424005	6	329.67363344051
GLOBAL	X	12710516	12720515	0.0011491607546535	452	0.5194206611034	4	450.70418006431
GLOBAL	X	12720516	12730515	0.00092748824417904	140	0.12984835418507	1	139.1575562701
GLOBAL	X	12730516	12740515	0.00093773035433566	277	0.25975130815098	2	274.4807073955
GLOBAL	X	12740516	12750515	NA	0	0	0	0
GLOBAL	X	12750516	12760515	0.0010468560624782	378	0.39571159161675	3	375.86173633441
GLOBAL	X	12760516	12770515	NA	0	0	0	0
GLOBAL	X	12770516	12780515	0.0010541577832544	370	0.39003837980411	3	368.16398713826
GLOBAL	X	12780516	12790515	0.0018393679315153	777	1.4291888827874	11	774.38745980707
GLOBAL	X	12790516	12800515	0.0012689654397571	614	0.77914478001084	6	612.32475884244
GLOBAL	X	12800516	12810515	0.00083503782472583	311	0.25969676348973	2	310.31350482315
GLOBAL	X	12810516	12820515	0.0014094996032954	464	0.65400781592905	5	459.97909967846
GLOBAL	X	12820516	12830515	0.00069357816981169	562	0.38979093143417	3	560.64469453376
GLOBAL	X	12830516	12840515	0.0013067530531022	795	1.0388686772163	8	791.71864951768
GLOBAL	X	12840516	12850515	0.0018869458531245	413	0.77930863734041	6	411.88906752412
GLOBAL	X	12850516	12860515	NA	0	0	0	0
GLOBAL	X	12860516	12870515	NA	0	0	0	0
GLOBAL	X	12870516	12880515	0.0081183823275201	192	1.5587294068839	12	191.1575562701
GLOBAL	X	12880516	12890515	0.0046973600586818	387	1.8178783427099	14	386.14147909968
GLOBAL	X	12890516	12900515	0	64	0	0	63.863344051447
GLOBAL	X	12900516	12910515	0.00076413404703122	170	0.12990278799531	1	169.51768488746
GLOBAL	X	12910516	12920515	0.0012405893711949	314	0.3895450625552	3	313.18327974277
GLOBAL	X	12920516	12930515	0.0017148886568874	303	0.51961126303689	4	301.85048231511
GLOBAL	X	12930516	12940515	0.0034753870138348	187	0.64989737158711	5	186.16398713826
GLOBAL	X	12940516	12950515	0.0014838262435394	525	0.7790087778582	6	523.66077170418
GLOBAL	X	12950516	12960515	0.0014152605690649	553	0.7826390946929	6	537.97588424437
GLOBAL	X	12960516	12970515	0.0046832607936974	172	0.80552085651596	6	141.63183279743
GLOBAL	X	12970516	12980515	0.00085992287539778	151	0.12984835418507	1	150.5192926045
GLOBAL	X	12980516	12990515	0.0016075068319935	404	0.64943276012538	5	402.52733118971
GLOBAL	X	12990516	13000515	0.0004946087128499	525	0.2596695742462	2	523.71382636656
GLOBAL	X	13000516	13010515	0.00094258853469388	551	0.51936628261633	4	549.21382636656
GLOBAL	X	13010516	13020515	0	52	0	0	51.829581993569
GLOBAL	X	13020516	13030515	0	9	0	0	8.967845659164
GLOBAL	X	13030516	13040515	0.012599884385397	134	1.6883845076433	13	133.65273311897
GLOBAL	X	13040516	13050515	0.017771023084084	475	8.4412359649399	65	473.87781350482
GLOBAL	X	13050516	13060515	0.016156570887043	539	8.7083917081162	67	535.39871382637
GLOBAL	X	13060516	13070515	0.01432393116104	644	9.2246116677098	71	641.82797427653
GLOBAL	X	13070516	13080515	0.014380687499065	515	7.4060540620186	57	511.86495176849
GLOBAL	X	13080516	13090515	0.01530458188229	297	4.5454608190402	35	296.14790996785
GLOBAL	X	13090516	13100515	0.016350959035229	278	4.5455666117938	35	277.05627009646
GLOBAL	X	13100516	13110515	0.017096274294939	152	2.5986336928307	20	151.36173633441
GLOBAL	X	13110516	13120515	0.019947731323275	625	12.467332077047	96	623.30064308682
GLOBAL	X	13120516	13130515	NA	0	0	0	0
GLOBAL	X	13130516	13140515	0.011290572559477	46	0.51936633773593	4	45.943729903537
GLOBAL	X	13140516	13150515	0.015459246618086	420	6.4928835795963	50	418.91961414791
GLOBAL	X	13150516	13160515	0.019769493770061	427	8.4415738398159	65	425.89549839228
GLOBAL	X	13160516	13170515	0.021359152522526	602	12.858209818561	99	600.46463022508
GLOBAL	X	13170516	13180515	0.019817189035624	295	5.846070765509	45	293.79260450161
GLOBAL	X	13180516	13190515	0.020704861570486	690	14.286354483635	110	687.51768488746
GLOBAL	X	13190516	13200515	0.019068426271574	395	7.5320283772718	58	394.18810289389
GLOBAL	X	13200516	13210515	0.026530375501389	186	4.9346498432584	38	185.32797427653
GLOBAL	X	13210516	13220515	0.017633798812391	545	9.6104203527532	74	543.67202572347
GLOBAL	X	13220516	13230515	0.016510621307384	362	5.9768449132731	46	360.90996784566
GLOBAL	X	13230516	13240515	0.011133761239633	245	2.72777150371	21	244.36977491961
GLOBAL	X	13240516	13250515	0.0095234890420492	300	2.8570467126147	22	299.461414791
GLOBAL	X	13250516	13260515	0.018828476756205	669	12.596250949901	97	667.45337620579
GLOBAL	X	13260516	13270515	0.015636531068203	789	12.337223012812	95	787.04019292605
GLOBAL	X	13270516	13280515	0.016662188428259	382	6.3649559795948	49	378.4501607717
GLOBAL	X	13280516	13290515	0.010867289167891	705	7.6614388633634	59	703.64951768489
GLOBAL	X	13290516	13300515	0.0020688156336236	565	1.1688808329973	9	563.29742765273
GLOBAL	X	13300516	13310515	0.031229405917929	603	18.831331768511	145	600.96623794212
GLOBAL	X	13310516	13320515	0.016317471950524	971	15.844265263959	122	968.02250803859
GLOBAL	X	13320516	13330515	0.016360138396368	254	4.1554751526774	32	253.29099678457
GLOBAL	X	13330516	13340515	0.015526669266167	644	9.9991750074116	77	642.07717041801
GLOBAL	X	13340516	13350515	0.016190726879457	778	12.596385512218	97	776.67202572347
GLOBAL	X	13350516	13360515	0.0067164568187606	174	1.1686634864643	9	173.59967845659
GLOBAL	X	13360516	13370515	0.0012398954276486	838	1.0390323683695	8	836.32958199357
GLOBAL	X	13370516	13380515	0.0023737063311915	383	0.90912952484636	7	382.15594855305
GLOBAL	X	13380516	13390515	0.0085330724834754	411	3.5070927907084	27	409.46302250804
GLOBAL	X	13390516	13400515	0.017152358089597	106	1.8181499574973	14	105.77009646302
GLOBAL	X	13400516	13410515	NA	0	0	0	0
GLOBAL	X	13410516	13420515	0.013322325663481	78	1.0391414017515	8	77.774919614148
GLOBAL	X	13420516	13430515	0.014200680272211	128	1.817687074843	14	127.84083601286
GLOBAL	X	13430516	13440515	0.0094440205831196	110	1.0388422641432	8	109.80064308682
GLOBAL	X	13440516	13450515	NA	0	0	0	0
GLOBAL	X	13450516	13460515	0.019249929590569	27	0.51974809894535	4	26.898713826367
GLOBAL	X	13460516	13470515	NA	0	0	0	0
GLOBAL	X	13470516	13480515	NA	0	0	0	0
GLOBAL	X	13480516	13490515	0.014784590131835	123	1.8185045862157	14	122.49678456592
GLOBAL	X	13490516	13500515	0.0028865996759314	316	0.91216549759432	7	312.98553054662
GLOBAL	X	13500516	13510515	0.015124754189847	481	7.2750067653162	56	478.31350482315
GLOBAL	X	13510516	13520515	0.011204425938596	255	2.857128614342	22	254.34887459807
GLOBAL	X	13520516	13530515	NA	0	0	0	0
GLOBAL	X	13530516	13540515	0.0019940949044552	521	1.0389234452212	8	519.34083601286
GLOBAL	X	13540516	13550515	0.0055411423046094	211	1.1691810262726	9	209.93569131833
GLOBAL	X	13550516	13560515	0.015301713197879	136	2.0810329949115	16	134.45819935691
GLOBAL	X	13560516	13570515	0.018366239411186	389	7.1444671309514	55	388.18649517685
GLOBAL	X	13570516	13580515	0.0070247403055821	37	0.25991539130654	2	36.836012861736
GLOBAL	X	13580516	13590515	0.0011211520543019	232	0.26010727659804	2	231.28135048232
GLOBAL	X	13590516	13600515	0.0016562226732998	549	0.90926624764159	7	547.38745980707
GLOBAL	X	13600516	13610515	0.014777915650375	343	5.0688250680787	39	341.84887459807
GLOBAL	X	13610516	13620515	0.020569326946763	278	5.7182728912001	44	277
GLOBAL	X	13620516	13630515	0.0092137076940609	437	4.0263902623046	31	435.59807073955
GLOBAL	X	13630516	13640515	0.0094256938055864	248	2.3375720637854	18	246.85530546624
GLOBAL	X	13640516	13650515	0.0011544502584488	225	0.25975130815098	2	224.69131832797
GLOBAL	X	13650516	13660515	0.0028639028993186	136	0.38949079430733	3	135.80707395498
GLOBAL	X	13660516	13670515	0.0015981339294808	650	1.0387870541625	8	649.17845659164
GLOBAL	X	13670516	13680515	0.00039970088613941	325	0.12990278799531	1	324.32797427653
GLOBAL	X	13680516	13690515	0	89	0	0	88.800643086817
GLOBAL	X	13690516	13700515	0.0060869294393626	192	1.1686904523576	9	191.68167202572
GLOBAL	X	13700516	13710515	0.0051016819685487	331	1.6886567315896	13	330.26848874598
GLOBAL	X	13710516	13720515	0.0016227652507642	320	0.51928488024453	4	319.31993569132
GLOBAL	X	13720516	13730515	0.0026233830976796	297	0.77914478001084	6	296.09003215434
GLOBAL	X	13730516	13740515	0.0014590468008522	356	0.5194206611034	4	355.24758842444
GLOBAL	X	13740516	13750515	0.0010889897848495	954	1.0388962547464	8	952.29903536977
GLOBAL	X	13750516	13760515	0.0025635141597901	152	0.38965415228809	3	150.1270096463
GLOBAL	X	13760516	13770515	0	244	0	0	243.61736334405
GLOBAL	X	13770516	13780515	0.0083781902456021	31	0.25972389761367	2	30.96463022508
GLOBAL	X	13780516	13790515	0.0019836658924677	131	0.25986023191327	2	130.6077170418
GLOBAL	X	13790516	13800515	0.0040586107321438	32	0.1298755434286	1	31.361736334405
GLOBAL	X	13800516	13810515	0.0011015665736146	118	0.12998485568652	1	117.89549839228
GLOBAL	X	13810516	13820515	0.0017222008910638	377	0.64926973593105	5	376.40836012862
GLOBAL	X	13820516	13830515	0.0012058538523447	323	0.38949079430733	3	320.90836012862
GLOBAL	X	13830516	13840515	0	150	0	0	149.59646302251
GLOBAL	X	13840516	13850515	0.00094776532995823	822	0.77906310122566	6	820.17041800643
GLOBAL	X	13850516	13860515	0.002201281899473	295	0.64937816034453	5	294.33118971061
GLOBAL	X	13860516	13870515	0.0025587235586068	203	0.51942088239718	4	201.69453376206
GLOBAL	X	13870516	13880515	0.0024782312687418	262	0.64929659241036	5	261.25723472669
GLOBAL	X	13880516	13890515	0.014665397390435	363	5.323539252728	41	362.58038585209
GLOBAL	X	13890516	13900515	0.018553236410927	252	4.6754155755537	36	251.35530546624
GLOBAL	X	13900516	13910515	0.012412784903973	136	1.6881387469404	13	135.68327974277
GLOBAL	X	13910516	13920515	0.0017030187423822	305	0.51942071642657	4	304.31993569132
GLOBAL	X	13920516	13930515	0.0017388588791478	448	0.7790087778582	6	447.2154340836
GLOBAL	X	13930516	13940515	0.00082692995918545	628	0.51931201436846	4	625.74758842444
GLOBAL	X	13940516	13950515	0.0015429163312408	505	0.77917274727661	6	503.90675241158
GLOBAL	X	13950516	13960515	0.0018450582547738	352	0.64946050568037	5	350.63183279743
GLOBAL	X	13960516	13970515	0.001741106895999	373	0.64943287220763	5	371.94855305466
GLOBAL	X	13970516	13980515	0.0011965089406556	217	0.25964244012227	2	216.5691318328
GLOBAL	X	13980516	13990515	0.0018434685556173	493	0.90882999791933	7	491.79903536977
GLOBAL	X	13990516	14000515	0.0019821414468566	393	0.77898158861466	6	392.28617363344
GLOBAL	X	14000516	14010515	0.001501926397361	346	0.51966653348691	4	343.99356913183
GLOBAL	X	14010516	14020515	0.001106359237151	587	0.64943287220763	5	585.08520900322
GLOBAL	X	14020516	14030515	0.0089447516361126	392	3.5063426413561	27	390.61414790997
GLOBAL	X	14030516	14040515	0.017480917404844	312	5.4540462303113	42	311.09807073955
GLOBAL	X	14040516	14050515	0.0030194930135788	344	1.0387055966711	8	342.53376205788
GLOBAL	X	14050516	14060515	0.0024916196692278	417	1.039005402068	8	415.31672025723
GLOBAL	X	14060516	14070515	0.018248452736833	548	10.000152099785	77	546.19935691318
GLOBAL	X	14070516	14080515	0.015636284932723	108	1.6887187727341	13	107.50964630225
GLOBAL	X	14080516	14090515	0.021752000245607	209	4.5461680513319	35	208.12379421222
GLOBAL	X	14090516	14100515	0.013194596516125	502	6.6236874510948	51	500.31189710611
GLOBAL	X	14100516	14110515	0.020557888634457	316	6.4962928084884	50	314.22186495177
GLOBAL	X	14110516	14120515	NA	0	0	0	0
GLOBAL	X	14120516	14130515	NA	0	0	0	0
GLOBAL	X	14130516	14140515	NA	0	0	0	0
GLOBAL	X	14140516	14150515	NA	0	0	0	0
GLOBAL	X	14150516	14160515	NA	0	0	0	0
GLOBAL	X	14160516	14170515	NA	0	0	0	0
GLOBAL	X	14170516	14180515	NA	0	0	0	0
GLOBAL	X	14180516	14190515	NA	0	0	0	0
GLOBAL	X	14190516	14200515	NA	0	0	0	0
GLOBAL	X	14200516	14210515	NA	0	0	0	0
GLOBAL	X	14210516	14220515	NA	0	0	0	0
GLOBAL	X	14220516	14230515	NA	0	0	0	0
GLOBAL	X	14230516	14240515	NA	0	0	0	0
GLOBAL	X	14240516	14250515	NA	0	0	0	0
GLOBAL	X	14250516	14260515	NA	0	0	0	0
GLOBAL	X	14260516	14270515	NA	0	0	0	0
GLOBAL	X	14270516	14280515	NA	0	0	0	0
GLOBAL	X	14280516	14290515	NA	0	0	0	0
GLOBAL	X	14290516	14300515	NA	0	0	0	0
GLOBAL	X	14300516	14310515	NA	0	0	0	0
GLOBAL	X	14310516	14320515	NA	0	0	0	0
GLOBAL	X	14320516	14330515	NA	0	0	0	0
GLOBAL	X	14330516	14340515	NA	0	0	0	0
GLOBAL	X	14340516	14350515	NA	0	0	0	0
GLOBAL	X	14350516	14360515	NA	0	0	0	0
GLOBAL	X	14360516	14370515	NA	0	0	0	0
GLOBAL	X	14370516	14380515	NA	0	0	0	0
GLOBAL	X	14380516	14390515	NA	0	0	0	0
GLOBAL	X	14390516	14400515	NA	0	0	0	0
GLOBAL	X	14400516	14410515	NA	0	0	0	0
GLOBAL	X	14410516	14420515	NA	0	0	0	0
GLOBAL	X	14420516	14430515	NA	0	0	0	0
GLOBAL	X	14430516	14440515	NA	0	0	0	0
GLOBAL	X	14440516	14450515	NA	0	0	0	0
GLOBAL	X	14450516	14460515	NA	0	0	0	0
GLOBAL	X	14460516	14470515	NA	0	0	0	0
GLOBAL	X	14470516	14480515	NA	0	0	0	0
GLOBAL	X	14480516	14490515	NA	0	0	0	0
GLOBAL	X	14490516	14500515	NA	0	0	0	0
GLOBAL	X	14500516	14510515	NA	0	0	0	0
GLOBAL	X	14510516	14520515	NA	0	0	0	0
GLOBAL	X	14520516	14530515	NA	0	0	0	0
GLOBAL	X	14530516	14540515	NA	0	0	0	0
GLOBAL	X	14540516	14550515	NA	0	0	0	0
GLOBAL	X	14550516	14560515	NA	0	0	0	0
GLOBAL	X	14560516	14570515	NA	0	0	0	0
GLOBAL	X	14570516	14580515	NA	0	0	0	0
GLOBAL	X	14580516	14590515	NA	0	0	0	0
GLOBAL	X	14590516	14600515	NA	0	0	0	0
GLOBAL	X	14600516	14610515	NA	0	0	0	0
GLOBAL	X	14610516	14620515	NA	0	0	0	0
GLOBAL	X	14620516	14630515	NA	0	0	0	0
GLOBAL	X	14630516	14640515	NA	0	0	0	0
GLOBAL	X	14640516	14650515	NA	0	0	0	0
GLOBAL	X	14650516	14660515	NA	0	0	0	0
GLOBAL	X	14660516	14670515	NA	0	0	0	0
GLOBAL	X	14670516	14680515	NA	0	0	0	0
GLOBAL	X	14680516	14690515	NA	0	0	0	0
GLOBAL	X	14690516	14700515	NA	0	0	0	0
GLOBAL	X	14700516	14710515	NA	0	0	0	0
GLOBAL	X	14710516	14720515	NA	0	0	0	0
GLOBAL	X	14720516	14730515	NA	0	0	0	0
GLOBAL	X	14730516	14740515	NA	0	0	0	0
GLOBAL	X	14740516	14750515	NA	0	0	0	0
GLOBAL	X	14750516	14760515	NA	0	0	0	0
GLOBAL	X	14760516	14770515	NA	0	0	0	0
GLOBAL	X	14770516	14780515	NA	0	0	0	0
GLOBAL	X	14780516	14790515	NA	0	0	0	0
GLOBAL	X	14790516	14800515	NA	0	0	0	0
GLOBAL	X	14800516	14810515	NA	0	0	0	0
GLOBAL	X	14810516	14820515	NA	0	0	0	0
GLOBAL	X	14820516	14830515	NA	0	0	0	0
GLOBAL	X	14830516	14840515	NA	0	0	0	0
GLOBAL	X	14840516	14850515	NA	0	0	0	0
GLOBAL	X	14850516	14860515	NA	0	0	0	0
GLOBAL	X	14860516	14870515	NA	0	0	0	0
GLOBAL	X	14870516	14880515	0.014477567170714	314	4.5459560916043	35	313.33279742765
GLOBAL	X	14880516	14890515	0.01068188360644	462	4.9350302261754	38	461.16720257235
GLOBAL	X	14890516	14900515	0.0079192451831873	82	0.64937810502136	5	81.379421221865
GLOBAL	X	14900516	14910515	NA	0	0	0	0
GLOBAL	X	14910516	14920515	0.011376116335205	331	3.7654945069527	29	328.70900321543
GLOBAL	X	14920516	14930515	0.0077311099631491	588	4.5458926583317	35	586.70096463022
GLOBAL	X	14930516	14940515	0.005325069561076	512	2.7264356152709	21	507.12057877814
GLOBAL	X	14940516	14950515	0.0026880311956039	628	1.6880835908393	13	623.39710610932
GLOBAL	X	14950516	14960515	0.0021542348075619	603	1.2990035889598	10	600.85209003215
GLOBAL	X	14960516	14970515	0.0015125143119163	601	0.90902110146168	7	599.93408360129
GLOBAL	X	14970516	14980515	0.0011491488950995	565	0.64926912573124	5	563.24919614148
GLOBAL	X	14980516	14990515	0.00026728968723314	486	0.12990278799531	1	484.69453376206
GLOBAL	X	14990516	15000515	0.0027863876146109	466	1.2984566284087	10	464.961414791
GLOBAL	X	15000516	15010515	0.0021286615440175	122	0.25969670837013	2	121.70257234727
GLOBAL	X	15010516	15020515	0.0036953153170982	246	0.90904756800615	7	245.42765273312
GLOBAL	X	15020516	15030515	0.0040082826968863	486	1.9480253906867	15	484.74276527331
GLOBAL	X	15030516	15040515	0.0015520811244682	251	0.38957236224151	3	250.40675241158
GLOBAL	X	15040516	15050515	0.00049550083992799	262	0.12982122006113	1	261.3922829582
GLOBAL	X	15050516	15060515	0.0017027416062673	229	0.38992782783522	3	228.17202572347
GLOBAL	X	15060516	15070515	0.00092756624328278	700	0.64929637029795	5	698.26688102894
GLOBAL	X	15070516	15080515	0.002024318800475	385	0.77936273818286	6	384.09807073955
GLOBAL	X	15080516	15090515	0.0012821157470738	304	0.38976318711043	3	303.1077170418
GLOBAL	X	15090516	15100515	0.0011160194679293	349	0.38949079430733	3	348.0884244373
GLOBAL	X	15100516	15110515	0.002893419686876	449	1.2991454394073	10	444.09967845659
GLOBAL	X	15110516	15120515	0.0021042916148308	617	1.2983479263506	10	615.53697749196
GLOBAL	X	15120516	15130515	0.0019579254616027	597	1.1688815005768	9	595.37459807074
GLOBAL	X	15130516	15140515	0.0011806882709941	440	0.51950283923739	4	438.95337620579
GLOBAL	X	15140516	15150515	0.0011554287731086	562	0.64935097048702	5	561.24276527331
GLOBAL	X	15150516	15160515	0.0021900659565541	712	1.5593269610665	12	710.50482315113
GLOBAL	X	15160516	15170515	0.0016404235087305	475	0.77920116664698	6	474.17524115756
GLOBAL	X	15170516	15180515	0.00095506882587919	544	0.51955744127828	4	542.52893890675
GLOBAL	X	15180516	15190515	0.0018592363976618	490	0.9110258348543	7	488.38585209003
GLOBAL	X	15190516	15200515	0.0014840982686675	700	1.0388687880673	8	698.25884244373
GLOBAL	X	15200516	15210515	0.0022718374457058	743	1.6879752221594	13	741.89389067524
GLOBAL	X	15210516	15220515	0.001683220430616	540	0.90893903253262	7	539.1463022508
GLOBAL	X	15220516	15230515	0.00043143522932964	602	0.25972400805644	2	600.61575562701
GLOBAL	X	15230516	15240515	0.0034249313927455	417	1.4281963907749	11	416.5192926045
GLOBAL	X	15240516	15250515	0.001022750645587	254	0.2597786639791	2	253.2154340836
GLOBAL	X	15250516	15260515	0.0013477190114441	289	0.38949079430733	3	288.22186495177
GLOBAL	X	15260516	15270515	0.0014558825449985	446	0.64932361506931	5	444.48231511254
GLOBAL	X	15270516	15280515	0.0026209298487579	446	1.168934712546	9	444.72508038585
GLOBAL	X	15280516	15290515	0.0015422714010812	421	0.64929625985517	5	419.99035369775
GLOBAL	X	15290516	15300515	0.0016178792251514	642	1.0386784625472	8	641.00160771704
GLOBAL	X	15300516	15310515	0.00490045263682	159	0.77917196925438	6	158.66881028939
GLOBAL	X	15310516	15320515	0	278	0	0	277.41639871383
GLOBAL	X	15320516	15330515	0.0011494631149518	226	0.2597786639791	2	225.73151125402
GLOBAL	X	15330516	15340515	0.0008069354343838	322	0.25983320987158	2	321.27974276527
GLOBAL	X	15340516	15350515	0.0015460412408478	840	1.2986746423121	10	837.1463022508
GLOBAL	X	15350516	15360515	0.0019055901455362	477	0.90896649942078	7	475.76366559486
GLOBAL	X	15360516	15370515	0.00037336232209725	348	0.12993008808984	1	346.94855305466
GLOBAL	X	15370516	15380515	0.0030203614750837	43	0.1298755434286	1	42.728295819936
GLOBAL	X	15380516	15390515	0.0012306614893185	422	0.5193391484924	4	421.05144694534
GLOBAL	X	15390516	15400515	0.00072525821263203	179	0.12982122006113	1	178.61414790997
GLOBAL	X	15400516	15410515	0.0014471590078108	359	0.51953008380409	4	357.78938906752
GLOBAL	X	15410516	15420515	0.0012487163345046	312	0.38959949636544	3	311.13987138264
GLOBAL	X	15420516	15430515	NA	0	0	0	0
GLOBAL	X	15430516	15440515	0.0023824143932841	218	0.51936633773593	4	217.34726688103
GLOBAL	X	15440516	15450515	0.002616293502027	546	1.4284962521067	11	544.60450160772
GLOBAL	X	15450516	15460515	0.0024822220620571	157	0.38970886374296	3	156.64469453376
GLOBAL	X	15460516	15470515	0	28	0	0	27.887459807074
GLOBAL	X	15470516	15480515	0.0012702037367416	513	0.65161451694846	5	511.02250803859
GLOBAL	X	15480516	15490515	0.0019271477186498	539	1.0387326203523	8	538.05627009646
GLOBAL	X	15490516	15500515	NA	0	0	0	0
GLOBAL	X	15500516	15510515	0.0040569131269104	32	0.12982122006113	1	31.987138263666
GLOBAL	X	15510516	15520515	0.0012028035925491	216	0.25980557599062	2	215.40032154341
GLOBAL	X	15520516	15530515	NA	0	0	0	0
GLOBAL	X	15530516	15540515	NA	0	0	0	0
GLOBAL	X	15540516	15550515	NA	0	0	0	0
GLOBAL	X	15550516	15560515	NA	0	0	0	0
GLOBAL	X	15560516	15570515	NA	0	0	0	0
GLOBAL	X	15570516	15580515	NA	0	0	0	0
GLOBAL	X	15580516	15590515	NA	0	0	0	0
GLOBAL	X	15590516	15600515	0.0028858223117382	90	0.25972400805644	2	89.710610932476
GLOBAL	X	15600516	15610515	0.0014872815827327	524	0.77933554935193	6	523.21221864952
GLOBAL	X	15610516	15620515	NA	0	0	0	0
GLOBAL	X	15620516	15630515	0.0032455305015283	40	0.12982122006113	1	39.948553054662
GLOBAL	X	15630516	15640515	0.0021039144374174	247	0.5196668660421	4	246.3922829582
GLOBAL	X	15640516	15650515	0.00065926671791168	197	0.1298755434286	1	196.7154340836
GLOBAL	X	15650516	15660515	NA	0	0	0	0
GLOBAL	X	15660516	15670515	NA	0	0	0	0
GLOBAL	X	15670516	15680515	0.0020081049600078	194	0.38957236224151	3	193.35852090032
GLOBAL	X	15680516	15690515	NA	0	0	0	0
GLOBAL	X	15690516	15700515	0	5	0	0	4.9855072463768
GLOBAL	X	15700516	15710515	0.0019736285156653	329	0.64932378165389	5	326.3038585209
GLOBAL	X	15710516	15720515	0.0017923285771161	145	0.25988764368183	2	144.16237942122
GLOBAL	X	15720516	15730515	0.0017547078614171	148	0.25969676348973	2	147.31672025723
GLOBAL	X	15730516	15740515	NA	0	0	0	0
GLOBAL	X	15740516	15750515	NA	0	0	0	0
GLOBAL	X	15750516	15760515	0.0021766853944635	179	0.38962668560897	3	178.24115755627
GLOBAL	MtDNA	6	10005	0.027483478788994	704	19.348369067452	149	702.8231511254
GLOBAL	MtDNA	10006	20005	0.026707940811012	175	4.6738896419272	36	174.94372990354
