pop	chromosome	window_pos_1	window_pos_2	avg_pi	no_sites	count_diffs	count_comparisons	count_missing
GLOBAL	I	1	10000	6.4089638098377e-05	134	1408	21969230	81632334
GLOBAL	I	10001	20000	0.00052417867029571	7118	1485720	2834377063	2680473355
GLOBAL	I	20001	30000	0.00020593079794725	8690	1167156	5667709792	1050928948
GLOBAL	I	30001	40000	0.00029972254965524	9013	2000744	6675320233	298456687
GLOBAL	I	40001	50000	0.0003646164110847	9527	2666704	7313724558	52037384
GLOBAL	I	50001	60000	0.00034362711976881	9644	2539480	7390219962	66000062
GLOBAL	I	60001	70000	0.00041364681584338	9290	2920616	7060651474	121874866
GLOBAL	I	70001	80000	0.0003541288662535	9861	2675776	7555938685	68054021
GLOBAL	I	80001	90000	0.00032227135746058	9565	2352940	7301114249	94027241
GLOBAL	I	90001	100000	0.00036567328406797	9064	2529536	6917475545	90319799
GLOBAL	I	100001	110000	0.00051064293184853	9324	3637968	7124289348	84523956
GLOBAL	I	110001	120000	0.00031289365217082	8898	2034264	6501455002	378771252
GLOBAL	I	120001	130000	0.00025381313422941	9630	1876736	7394164237	51231743
GLOBAL	I	130001	140000	0.00017258462478629	9301	1225956	7103506477	87524469
GLOBAL	I	140001	150000	0.00033266914315152	9511	2405064	7229597483	123794123
GLOBAL	I	150001	160000	0.00030757709358132	9641	2264236	7361523492	92377094
GLOBAL	I	160001	170000	0.00029650048762337	9523	2144036	7231138192	131531166
GLOBAL	I	170001	180000	0.00021495471173466	9598	1575164	7327887755	92767553
GLOBAL	I	180001	190000	0.00042387758737561	9521	3090048	7289953732	71169334
GLOBAL	I	190001	200000	0.00034550020320193	9426	2493176	7216134685	71539511
GLOBAL	I	200001	210000	0.00045401399042492	9290	3228264	7110494540	72031800
GLOBAL	I	210001	220000	0.00033186665477311	9040	2269360	6838168184	151071656
GLOBAL	I	220001	230000	0.00061326627979086	8976	4009360	6537714745	450751949
GLOBAL	I	230001	240000	0.00031723921506587	9334	2257704	7116724203	99820561
GLOBAL	I	240001	250000	0.00028502286861287	9470	2002592	7026074819	295617801
GLOBAL	I	250001	260000	0.00016436610000973	9584	1212132	7374586365	35244899
GLOBAL	I	260001	270000	0.00026224675692076	9616	1933712	7373635513	60936423
GLOBAL	I	270001	280000	0.00023806838324499	9250	1672284	7024385083	127215417
GLOBAL	I	280001	290000	0.00038931174213352	8889	2619604	6728808090	143686704
GLOBAL	I	290001	300000	0.00030002912673422	9142	2090736	6968443440	99657292
GLOBAL	I	300001	310000	0.0002712415468212	9496	1970544	7264904743	76889673
GLOBAL	I	310001	320000	0.00046040845799149	8267	2363052	5132512140	1259085842
GLOBAL	I	320001	330000	0.00039155777658031	9389	2801944	7155889035	103178759
GLOBAL	I	330001	340000	0.00025125606707583	9473	1822924	7255243709	68768349
GLOBAL	I	340001	350000	0.00028448446799904	9248	2005672	7050198607	99855601
GLOBAL	I	350001	360000	0.00043784153485358	9548	3196856	7301399583	80598425
GLOBAL	I	360001	370000	0.00042135872399653	9233	2973480	7056884860	81572158
GLOBAL	I	370001	380000	0.00028414836528035	9051	1970408	6934433700	63310746
GLOBAL	I	380001	390000	0.00042534308080441	9105	2922292	6870435025	171378743
GLOBAL	I	390001	400000	0.0013267252051087	9343	9395204	7081499593	142003485
GLOBAL	I	400001	410000	0.0020067101305757	9116	13770588	6862270634	185728302
GLOBAL	I	410001	420000	0.0018796496536555	9060	12912920	6869854696	134848064
GLOBAL	I	420001	430000	0.0015908523207696	9066	9949044	6253907965	755433671
GLOBAL	I	430001	440000	0.0024775944005489	8903	16682516	6733352318	149966520
GLOBAL	I	440001	450000	0.00083319757767388	9008	4763528	5717164965	1290630379
GLOBAL	I	450001	460000	0.00046606164496784	9327	3324644	7133485529	77647213
GLOBAL	I	460001	470000	0.0002980470456412	9372	2136628	7168760876	77163436
GLOBAL	I	470001	480000	0.00030680146606194	9320	2186408	7126458775	79261945
GLOBAL	I	480001	490000	0.00052840872297243	8958	3481384	6588430222	355967150
GLOBAL	I	490001	500000	0.00026772890168478	9397	1926588	7196040427	69212535
GLOBAL	I	500001	510000	0.00044589698897182	9533	3242456	7271760250	98640568
GLOBAL	I	510001	520000	0.00049208065443145	9270	3440620	6991983873	175079547
GLOBAL	I	520001	530000	0.00063473955112545	8717	3891132	6130281299	627787887
GLOBAL	I	530001	540000	0.00035447260626647	9775	2657464	7496951677	60550473
GLOBAL	I	540001	550000	0.00030226226118333	9611	2224836	7360614558	70091648
GLOBAL	I	550001	560000	0.00046652027057689	8752	3104384	6654338934	112234858
GLOBAL	I	560001	570000	0.00058217898480994	8200	3301184	5670393618	674042458
GLOBAL	I	570001	580000	0.00048669566278715	8443	3101952	6373494233	154177445
GLOBAL	I	580001	590000	0.00048315560150379	8957	3159768	6539855877	424643291
GLOBAL	I	590001	600000	0.0003996594574841	7376	2013244	5037398621	754238065
GLOBAL	I	600001	610000	0.00070346288653932	6969	3531996	5020870422	367184052
GLOBAL	I	610001	620000	0.00032131683289883	3829	494840	1540037587	1420338447
GLOBAL	I	620001	630000	0.00022098563803815	1446	13860	62719008	1106277744
GLOBAL	I	630001	640000	0.00032625299996479	3298	63296	194008944	2562256546
GLOBAL	I	640001	650000	0.00058061884293657	9019	3908144	6730997534	242006240
GLOBAL	I	650001	660000	0.00069851458883006	8665	4582644	6560555890	138754200
GLOBAL	I	660001	670000	0.00062029777238539	8700	4084264	6584360257	142009943
GLOBAL	I	670001	680000	0.00052846167642644	9163	3657844	6921682618	162654180
GLOBAL	I	680001	690000	0.00029964813973542	9217	2103764	7020781113	105305569
GLOBAL	I	690001	700000	0.00049473961592835	9094	3395948	6864111728	166877996
GLOBAL	I	700001	710000	0.00046221842652046	8296	2726988	5899782102	539750932
GLOBAL	I	710001	720000	0.00066315858441773	8559	4296260	6478480564	138876050
GLOBAL	I	720001	730000	0.0009107228447409	8990	6192776	6799846996	150735544
GLOBAL	I	730001	740000	0.0015810281269324	8535	10048744	6355828735	242972375
GLOBAL	I	740001	750000	0.001043343081354	8505	6662496	6385719251	189887479
GLOBAL	I	750001	760000	0.0014205393493254	8745	9362028	6590474248	170687522
GLOBAL	I	760001	770000	0.0011710447217825	8740	7673924	6553058015	204238025
GLOBAL	I	770001	780000	0.0015934650858517	8327	8710924	5466655076	976743688
GLOBAL	I	780001	790000	0.00095833227921849	8083	5554320	5795818549	472076073
GLOBAL	I	790001	800000	0.0008991066261167	8721	5890236	6551209644	191396622
GLOBAL	I	800001	810000	0.00058210726655415	8948	3915188	6725887521	192222887
GLOBAL	I	810001	820000	0.0012552186272243	8836	8427584	6714036756	117481300
GLOBAL	I	820001	830000	0.00097361057790022	8813	6409680	6583412450	230323248
GLOBAL	I	830001	840000	0.001226023686834	8983	8372848	6829270992	115899526
GLOBAL	I	840001	850000	0.0015234196878294	7964	8992004	5902512664	254822080
GLOBAL	I	850001	860000	0.0010489364277043	8852	6962020	6637218249	206670143
GLOBAL	I	860001	870000	0.00086634091725684	8789	5661820	6535325629	259854565
GLOBAL	I	870001	880000	0.0013844558801746	8206	8288780	5987030803	367456171
GLOBAL	I	880001	890000	0.0019289145285967	8468	12206232	6328031553	218968775
GLOBAL	I	890001	900000	0.0012885314910442	8726	8436564	6547425545	199046451
GLOBAL	I	900001	910000	0.0004858998187963	9158	3358748	6912429003	168042065
GLOBAL	I	910001	920000	0.0012258906213817	8996	8265804	6742692909	212528507
GLOBAL	I	920001	930000	0.0015140638139872	8870	10021660	6619047300	238757720
GLOBAL	I	930001	940000	0.00089959310838772	9104	6201112	6893240891	145480293
GLOBAL	I	940001	950000	0.0010771522250346	8711	7088372	6580659479	154215327
GLOBAL	I	950001	960000	0.0012907532338119	8753	8487004	6575233575	192113363
GLOBAL	I	960001	970000	0.0013246904092095	8421	8384304	6329255456	181407010
GLOBAL	I	970001	980000	0.00079898847799944	8953	5432388	6799081776	122894362
GLOBAL	I	980001	990000	0.0020553063563385	6472	9751032	4744320461	259480451
GLOBAL	I	990001	1000000	0.00075187838687949	9191	5190284	6903089769	202895117
GLOBAL	I	1000001	1010000	0.0012256761009342	8856	8284860	6759420367	87560609
GLOBAL	I	1010001	1020000	0.00080406215081685	8904	5443016	6769397110	114694874
GLOBAL	I	1020001	1030000	0.00086171529455201	8469	5387988	6252631274	295142200
GLOBAL	I	1030001	1040000	0.00053904869088497	9068	3694908	6854497678	156390250
GLOBAL	I	1040001	1050000	0.00072480239071697	9214	5066948	6990799237	132968007
GLOBAL	I	1050001	1060000	0.00052509050765922	7387	2904108	5530680821	180548681
GLOBAL	I	1060001	1070000	0.0011726106262863	8190	6998924	5968668408	363397332
GLOBAL	I	1070001	1080000	0.001941524371017	8128	11283360	5811598437	472532251
GLOBAL	I	1080001	1090000	0.00057340060498058	8870	3828972	6677656017	180149003
GLOBAL	I	1090001	1100000	0.0011122707794915	9011	7561952	6798661027	168157579
GLOBAL	I	1100001	1110000	0.0010789161273274	8706	6964112	6454729727	276279349
GLOBAL	I	1110001	1120000	0.0011209978896037	8410	6843652	6104964214	397193646
GLOBAL	I	1120001	1130000	0.00093374200740096	8953	6272732	6717842777	204133361
GLOBAL	I	1130001	1140000	0.0011637882825893	8894	7797784	6700345859	176014665
GLOBAL	I	1140001	1150000	0.011018742813494	7821	54063800	4906530710	1140244156
GLOBAL	I	1150001	1160000	0.0024053811077913	8033	14088096	5856908061	353773757
GLOBAL	I	1160001	1170000	0.0013940404802417	8508	8758532	6282839074	295087094
GLOBAL	I	1170001	1180000	0.0010085392024757	8683	6587324	6531549774	181676944
GLOBAL	I	1180001	1190000	0.0019735015521264	8691	12744908	6458017723	261394163
GLOBAL	I	1190001	1200000	0.0011880852470384	8293	7372232	6205137231	206562547
GLOBAL	I	1200001	1210000	0.0010383905781767	9017	6980348	6722275940	249181542
GLOBAL	I	1210001	1220000	0.00068016474558077	9114	4653408	6841589527	204863117
GLOBAL	I	1220001	1230000	0.0011407561464089	8156	6911312	6058535842	247242934
GLOBAL	I	1230001	1240000	0.00080631138083298	8804	5297908	6570548458	236228926
GLOBAL	I	1240001	1250000	0.00064672295026899	8327	4078632	6306613981	131372761
GLOBAL	I	1250001	1260000	0.0081609244194216	7979	45288368	5549416423	619515511
GLOBAL	I	1260001	1270000	0.0012014282609574	8362	7591144	6318433024	146613828
GLOBAL	I	1270001	1280000	0.000696970274518	9324	4934316	7079664916	129148388
GLOBAL	I	1280001	1290000	0.001134464441629	8937	7540300	6646572359	263033443
GLOBAL	I	1290001	1300000	0.00094278358147483	8889	5955676	6317118920	555375874
GLOBAL	I	1300001	1310000	0.0010159212300689	8757	6637244	6533226990	237212532
GLOBAL	I	1310001	1320000	0.0019759492806738	8697	12072364	6109652772	654601582
GLOBAL	I	1320001	1330000	0.0010382074673661	8566	6700020	6453450019	169318617
GLOBAL	I	1330001	1340000	0.0010020941529434	8785	6679188	6665229989	126857621
GLOBAL	I	1340001	1350000	0.00042906000240709	9340	3062248	7137108989	84074651
GLOBAL	I	1350001	1360000	0.0017471694243105	8521	11027872	6311850383	276126683
GLOBAL	I	1360001	1370000	0.00082769653525889	9167	5746880	6943221042	144208340
GLOBAL	I	1370001	1380000	0.00066818348421382	8903	4463676	6680314772	203004066
GLOBAL	I	1380001	1390000	0.0010367772871662	8803	6787860	6547076295	258927943
GLOBAL	I	1390001	1400000	0.001047948928151	8460	6587640	6286222375	254592785
GLOBAL	I	1400001	1410000	0.0018970073938148	8304	11333064	5974180194	446024190
GLOBAL	I	1410001	1420000	0.00082071896693366	8862	5542024	6752645209	98974643
GLOBAL	I	1420001	1430000	0.00069064808308993	8676	4546616	6583115354	124699342
GLOBAL	I	1430001	1440000	0.0012890689588311	8724	8438936	6546535732	198389972
GLOBAL	I	1440001	1450000	0.00092330921935042	8898	6100440	6607147283	272305825
GLOBAL	I	1450001	1460000	0.0010926657365218	8837	7038944	6441992061	390299141
GLOBAL	I	1460001	1470000	0.0019344907439064	8241	11372032	5878566251	492929935
GLOBAL	I	1470001	1480000	0.0011780914207007	8930	7048252	5982771690	921422090
GLOBAL	I	1480001	1490000	0.0016005032912848	8386	9271512	5792872811	690729545
GLOBAL	I	1490001	1500000	0.0013042284740446	7753	7531708	5774837883	219363055
GLOBAL	I	1500001	1510000	0.00073571578077959	8551	4711936	6404560189	206611257
GLOBAL	I	1510001	1520000	0.0037424253942769	8667	24071020	6431930490	268925892
GLOBAL	I	1520001	1530000	0.0073882328767444	8183	44690532	6048879718	277774000
GLOBAL	I	1530001	1540000	0.00076492593820428	9216	5393116	7050507416	74806120
GLOBAL	I	1540001	1550000	0.0027447845623774	9125	18062204	6580554353	474402897
GLOBAL	I	1550001	1560000	0.00065329823488508	8951	4420892	6767034968	153394878
GLOBAL	I	1560001	1570000	0.00067671524297457	9039	4648584	6869335438	119131256
GLOBAL	I	1570001	1580000	0.00052102428396108	8739	3456136	6633349167	123173727
GLOBAL	I	1580001	1590000	0.00058334103286078	9344	4166144	7141866876	82409348
GLOBAL	I	1590001	1600000	0.00082147135414555	9301	5782312	7038969735	152061211
GLOBAL	I	1600001	1610000	0.00075499041851782	9244	5309748	7032868060	114093564
GLOBAL	I	1610001	1620000	0.00085983810927577	9361	6109080	7104918861	132500845
GLOBAL	I	1620001	1630000	0.0010840895405789	8711	7077944	6528929332	205945474
GLOBAL	I	1630001	1640000	0.0011143519189589	8962	7442536	6678802157	250132295
GLOBAL	I	1640001	1650000	0.0012086778687999	7857	5848008	4838351186	1264090192
GLOBAL	I	1650001	1660000	0.001581113073858	9089	10294624	6510997961	516126033
GLOBAL	I	1660001	1670000	0.00076313571459649	9132	4927280	6456623515	603745757
GLOBAL	I	1670001	1680000	0.0020053861818679	8867	13205212	6584872340	270613242
GLOBAL	I	1680001	1690000	0.00071121323949077	8939	4851440	6821357830	89794264
GLOBAL	I	1690001	1700000	0.0015263914059786	9357	9113824	5970830263	1263496859
GLOBAL	I	1700001	1710000	0.0014861845162371	9660	10851552	7301618259	166972101
GLOBAL	I	1710001	1720000	0.0010362678193798	8950	7023800	6777977535	141679165
GLOBAL	I	1720001	1730000	0.0026335955327691	8412	15046144	5713156714	790547438
GLOBAL	I	1730001	1740000	0.0012474493563977	8666	7607996	6098841577	601241659
GLOBAL	I	1740001	1750000	0.0015895724033329	8894	10763688	6771436128	104924396
GLOBAL	I	1750001	1760000	0.00066723675129084	9568	4885284	7321665047	75795881
GLOBAL	I	1760001	1770000	0.00051686112424884	9783	3876292	7499677995	64009323
GLOBAL	I	1770001	1780000	0.00073584949260122	9053	5074296	6895834068	103456670
GLOBAL	I	1780001	1790000	0.00099942106261638	5803	4173124	4175541377	387566315
GLOBAL	I	1790001	1800000	0.00018641687697559	1182	72416	388462682	536993080
GLOBAL	I	1800001	1810000	0.00091190643658945	8736	5771200	6328719448	475738498
GLOBAL	I	1810001	1820000	0.0009005863243813	8919	6054444	6722780300	172908874
GLOBAL	I	1820001	1830000	0.00077440963809727	8909	5178264	6686724629	201233085
GLOBAL	I	1830001	1840000	0.00050903416417395	9171	3542668	6959587881	130934085
GLOBAL	I	1840001	1850000	0.00080389708537814	9384	5751440	7154448131	100753933
GLOBAL	I	1850001	1860000	0.00060216726190965	9357	4310548	7158389824	75937298
GLOBAL	I	1860001	1870000	0.00052973378916797	9317	3736488	7053520233	149881049
GLOBAL	I	1870001	1880000	0.00051914398171273	8451	3194224	6152867244	429697800
GLOBAL	I	1880001	1890000	0.00073328453263057	8314	4319732	5890935657	537000187
GLOBAL	I	1890001	1900000	0.00070880758928503	9053	4852552	6846077939	153212799
GLOBAL	I	1900001	1910000	0.0012181974465841	9228	8483468	6963951553	170639735
GLOBAL	I	1910001	1920000	0.00065114685925063	9098	4482024	6883276693	150805615
GLOBAL	I	1920001	1930000	0.00078933890100057	7797	4364068	5528763367	525742959
GLOBAL	I	1930001	1940000	0.00089838258435566	8693	5910504	6579050065	141908113
GLOBAL	I	1940001	1950000	0.00024415559163141	8765	1630632	6678659248	97965442
GLOBAL	I	1950001	1960000	0.0004750261533401	9106	3292928	6932098321	108169155
GLOBAL	I	1960001	1970000	0.00071004745796674	9079	4876492	6867839530	151553004
GLOBAL	I	1970001	1980000	0.0027032998316717	8261	16615408	6146343001	240616105
GLOBAL	I	1980001	1990000	0.00070775094000436	8822	4735488	6690896094	129797918
GLOBAL	I	1990001	2000000	0.0031703833012001	9353	22472548	7088274781	142959757
GLOBAL	I	2000001	2010000	0.0041143367594143	8658	26511832	6443768109	250129959
GLOBAL	I	2010001	2020000	0.0033501028941483	8205	20242844	6042454408	301208522
GLOBAL	I	2020001	2030000	0.00065371429364607	9062	4489516	6867703588	138545464
GLOBAL	I	2030001	2040000	0.00039728818255031	9319	2819908	7097890458	107057116
GLOBAL	I	2040001	2050000	0.00080212228430738	9158	5600200	6981728484	98742584
GLOBAL	I	2050001	2060000	0.0005016997359629	8449	3163840	6306242107	226068447
GLOBAL	I	2060001	2070000	0.00075201164455577	8803	4944572	6575126909	230877329
GLOBAL	I	2070001	2080000	0.00095492112388974	8757	6320392	6618758180	151681342
GLOBAL	I	2080001	2090000	0.00059039493916374	8836	3979552	6740491383	91026673
GLOBAL	I	2090001	2100000	0.00075826555177478	8755	4963396	6545722654	223170576
GLOBAL	I	2100001	2110000	0.00076396517760791	8418	4862756	6365153992	143189036
GLOBAL	I	2110001	2120000	0.00047944422729191	9349	3406324	7104734620	123407334
GLOBAL	I	2120001	2130000	0.00032426346610469	9160	2242904	6916918600	165098760
GLOBAL	I	2130001	2140000	0.00061101288143078	8995	3854684	6308678781	715352629
GLOBAL	I	2140001	2150000	0.00031847731721051	9465	2290484	7191984723	125842167
GLOBAL	I	2150001	2160000	0.00056367575177613	9072	3850672	6831360029	182620483
GLOBAL	I	2160001	2170000	0.00081732517142757	8235	5029796	6153971731	212885579
GLOBAL	I	2170001	2180000	0.0013125677923543	8426	8372328	6378587109	135941087
GLOBAL	I	2180001	2190000	0.00033568313735018	9122	2343880	6982418058	70219754
GLOBAL	I	2190001	2200000	0.00085680154697052	9487	6203536	7240341736	94494366
GLOBAL	I	2200001	2210000	0.0003149511092374	9221	2006088	6369521939	763523057
GLOBAL	I	2210001	2220000	0.0002497494190287	5369	835324	3344648421	828793687
GLOBAL	I	2220001	2230000	0.00063973233350539	8457	3889648	6080117881	458377841
GLOBAL	I	2230001	2240000	0.00042734099817161	7380	2230516	5219522605	524952175
GLOBAL	I	2240001	2250000	0.00086160059188731	7085	4471048	5189235061	288504349
GLOBAL	I	2250001	2260000	0.0017399611777542	8570	11228228	6453148578	172712642
GLOBAL	I	2260001	2270000	0.0010291716455878	7958	6137664	5963693254	189002614
GLOBAL	I	2270001	2280000	0.00074826452034885	8783	4982048	6658137416	132403902
GLOBAL	I	2280001	2290000	0.00088877083575606	8300	5576660	6274575825	142535975
GLOBAL	I	2290001	2300000	0.00076600955613195	7476	4151520	5419671291	360368205
GLOBAL	I	2300001	2310000	0.0006536834376532	8502	4063604	6216470796	356816496
GLOBAL	I	2310001	2320000	0.0012722504727764	8921	8579724	6743738111	153497355
GLOBAL	I	2320001	2330000	0.00090177089181045	9053	6188780	6862918349	136372389
GLOBAL	I	2330001	2340000	0.00064386715343492	9512	4679780	7268238448	85926304
GLOBAL	I	2340001	2350000	0.00061531637830939	8743	4098236	6660372037	99243441
GLOBAL	I	2350001	2360000	0.00066572678665851	9190	4629012	6953320931	151890809
GLOBAL	I	2360001	2370000	0.00090821344136229	8515	5756564	6338338256	347828352
GLOBAL	I	2370001	2380000	0.00063664293920121	8658	4148160	6515677383	178220685
GLOBAL	I	2380001	2390000	0.00074250536276676	8595	4832808	6508785313	136404557
GLOBAL	I	2390001	2400000	0.00085858393911345	8618	5588768	6509285517	153686711
GLOBAL	I	2400001	2410000	0.00089996728964644	8880	6060580	6734222532	131313948
GLOBAL	I	2410001	2420000	0.00097364651560727	9053	6646076	6825963934	173326804
GLOBAL	I	2420001	2430000	0.001116436841176	9316	7377216	6607822071	611042131
GLOBAL	I	2430001	2440000	0.0008230616317678	8055	4060376	4933258754	1357057102
GLOBAL	I	2440001	2450000	0.00094274992947756	8978	6375356	6762510185	178794603
GLOBAL	I	2450001	2460000	0.00073103944562599	8923	4470704	6115544143	807978287
GLOBAL	I	2460001	2470000	0.00080837253628334	9154	5628100	6962260279	115118205
GLOBAL	I	2470001	2480000	0.00057018603351657	8989	3918840	6872914750	76894644
GLOBAL	I	2480001	2490000	0.00044396016772265	9205	3111168	7007763818	109045112
GLOBAL	I	2490001	2500000	0.00043827522631765	9304	3085528	7040160645	153189739
GLOBAL	I	2500001	2510000	0.0003374108692466	9392	2427548	7194634854	66752378
GLOBAL	I	2510001	2520000	0.00053077198628283	9465	3841864	7238256915	79569975
GLOBAL	I	2520001	2530000	0.00075813597895382	8678	5020540	6622215723	87145265
GLOBAL	I	2530001	2540000	0.00063653771695542	8798	4214648	6621207020	180931488
GLOBAL	I	2540001	2550000	0.00045673802114273	9045	3138324	6871168711	121936859
GLOBAL	I	2550001	2560000	0.00058013578800546	8728	3834196	6609135446	138882842
GLOBAL	I	2560001	2570000	0.00054529009028689	8921	3682636	6753535532	143699934
GLOBAL	I	2570001	2580000	0.001834942196635	8846	12239440	6670204665	169044851
GLOBAL	I	2580001	2590000	0.0009572118656842	8971	6512732	6803856318	132036448
GLOBAL	I	2590001	2600000	0.0010418223769452	8399	6585144	6320793396	172859858
GLOBAL	I	2600001	2610000	0.00069316200578956	9164	4831800	6970664808	114445136
GLOBAL	I	2610001	2620000	0.00041329510591691	9038	2841668	6875639124	112054424
GLOBAL	I	2620001	2630000	0.0020714617367212	8557	13185308	6365219191	250591131
GLOBAL	I	2630001	2640000	0.015602652774965	7948	70192172	4498733197	1653189525
GLOBAL	I	2640001	2650000	0.0064044373680093	7369	27916244	4358890937	1340741375
GLOBAL	I	2650001	2660000	0.00059625119327864	8895	3905692	6550413725	326719945
GLOBAL	I	2660001	2670000	0.0015722322626414	8254	9827208	6250481073	131066011
GLOBAL	I	2670001	2680000	0.00077066805528796	8436	4908812	6369554267	152705389
GLOBAL	I	2680001	2690000	0.0010475245280935	9232	7226652	6898790249	238893623
GLOBAL	I	2690001	2700000	0.00039287523049898	8942	2669696	6795276955	118194577
GLOBAL	I	2700001	2710000	0.0044157766857415	8953	30088052	6813762140	108213998
GLOBAL	I	2710001	2720000	0.003304304038326	6309	14264344	4316898153	603402991
GLOBAL	I	2720001	2730000	0.0032051391606227	9121	20662048	6446536941	605327725
GLOBAL	I	2730001	2740000	0.0010220575901527	8656	6545208	6403952246	288399530
GLOBAL	I	2740001	2750000	0.00052848720703624	9393	3796256	7183250511	78909867
GLOBAL	I	2750001	2760000	0.00049274690570855	9475	3577744	7260814748	64743602
GLOBAL	I	2760001	2770000	0.0005235528597591	9568	3830276	7315929860	81531068
GLOBAL	I	2770001	2780000	0.00072549142256235	9715	5402840	7447145248	63968142
GLOBAL	I	2780001	2790000	0.00053752188159772	9039	3690180	6865171682	123295012
GLOBAL	I	2790001	2800000	0.00063714770589602	9300	4506640	7073147966	117109834
GLOBAL	I	2800001	2810000	0.00056820414940014	8724	3726128	6557727542	187198162
GLOBAL	I	2810001	2820000	0.00057574761372111	9305	4099512	7120328252	73795278
GLOBAL	I	2820001	2830000	0.00029949495497832	9686	2215592	7397760674	90931482
GLOBAL	I	2830001	2840000	0.00020747780017604	9660	1535400	7400309810	68280550
GLOBAL	I	2840001	2850000	0.00073473513041791	9086	5087264	6923942778	100861778
GLOBAL	I	2850001	2860000	0.0022119888007907	7737	11389708	5149080319	832750283
GLOBAL	I	2860001	2870000	0.0004739764996205	9403	3379404	7129897796	139994042
GLOBAL	I	2870001	2880000	0.00040496855345504	9086	2820984	6965933468	58871088
GLOBAL	I	2880001	2890000	0.00046590786856407	9307	3315512	7116239548	79430274
GLOBAL	I	2890001	2900000	0.00025668024022167	8701	1612100	6280576949	446566397
GLOBAL	I	2900001	2910000	0.0007161487428824	9033	4450968	6215144611	768683207
GLOBAL	I	2910001	2920000	0.00051741525394114	8415	3292888	6364110789	141912801
GLOBAL	I	2920001	2930000	0.00040573560973223	9000	2773948	6836836436	121477564
GLOBAL	I	2930001	2940000	0.00033954933919254	9052	2332928	6870659815	127857777
GLOBAL	I	2940001	2950000	0.00042546064440206	9357	2865968	6736153009	498174113
GLOBAL	I	2950001	2960000	0.00050494259461098	9459	3635364	7199558997	113629017
GLOBAL	I	2960001	2970000	0.000346642368242	9680	2578044	7437186669	46866611
GLOBAL	I	2970001	2980000	0.00033373512139277	9748	2498732	7487171232	49455976
GLOBAL	I	2980001	2990000	0.00071133517706553	9259	5022388	7060508410	98050404
GLOBAL	I	2990001	3000000	0.00045951245026913	9487	3333348	7254097246	80738856
GLOBAL	I	3000001	3010000	0.0003055279447641	9372	2175232	7119584435	126339877
GLOBAL	I	3010001	3020000	0.00044908935646929	9381	3233696	7200562546	52320080
GLOBAL	I	3020001	3030000	0.00039048183692608	9191	2573764	6591251517	551844377
GLOBAL	I	3030001	3040000	0.00037134313872664	9071	2571336	6924420386	88786980
GLOBAL	I	3040001	3050000	0.0003725626712271	9311	2642752	7093442806	105319600
GLOBAL	I	3050001	3060000	0.00043938665560283	9162	3059968	6964180548	119383104
GLOBAL	I	3060001	3070000	0.00071294249698736	9304	5029904	7055132807	138217577
GLOBAL	I	3070001	3080000	0.00071461769026694	9568	5240484	7333269343	64191585
GLOBAL	I	3080001	3090000	0.00040321934863554	9247	2843692	7052469108	96811954
GLOBAL	I	3090001	3100000	0.0018713176867336	8802	12467808	6662582248	142648844
GLOBAL	I	3100001	3110000	0.0017947198724522	9309	12607112	7024556976	172659138
GLOBAL	I	3110001	3120000	0.00093731090071632	9160	6488528	6922492841	159524519
GLOBAL	I	3120001	3130000	0.00062100913529032	9431	4494096	7236763108	54776818
GLOBAL	I	3130001	3140000	0.00088850206482206	9415	6324120	7117732474	161437116
GLOBAL	I	3140001	3150000	0.0013116147232542	9503	9489340	7234853217	112353221
GLOBAL	I	3150001	3160000	0.00045678791657176	9499	3310636	7247643556	96470298
GLOBAL	I	3160001	3170000	0.00053754713949447	9070	3694548	6872974905	139459315
GLOBAL	I	3170001	3180000	0.0005339612355769	9401	3825248	7163905814	104439732
GLOBAL	I	3180001	3190000	0.00067777087734732	8866	4570092	6742827337	111885099
GLOBAL	I	3190001	3200000	0.00056960041604282	8819	3807860	6685142589	133231985
GLOBAL	I	3200001	3210000	0.0005583472807924	9066	3833276	6865397454	143944182
GLOBAL	I	3210001	3220000	0.00017857548327726	9084	1231716	6897452984	125805280
GLOBAL	I	3220001	3230000	0.00026212073638592	9214	1822792	6954016783	170523607
GLOBAL	I	3230001	3240000	0.00047603802325102	9329	3405324	7153470592	59208442
GLOBAL	I	3240001	3250000	0.00021851636687234	9170	1532472	7013076512	76672308
GLOBAL	I	3250001	3260000	0.00036282926751684	9123	2527232	6965347689	88063269
GLOBAL	I	3260001	3270000	0.00069050956665045	8588	4510868	6532665466	107112382
GLOBAL	I	3270001	3280000	0.00082919376115252	9437	5760212	6946762349	349416453
GLOBAL	I	3280001	3290000	0.00025706237514028	9522	1866548	7261070388	100825824
GLOBAL	I	3290001	3300000	0.00027254654272487	9311	1947256	7144673275	54089131
GLOBAL	I	3300001	3310000	0.00043561746794564	9322	3095572	7106170500	101096512
GLOBAL	I	3310001	3320000	0.00020854008199895	9223	1475472	7075244173	55481385
GLOBAL	I	3320001	3330000	0.00022694687536202	9065	1517244	6685458866	323109624
GLOBAL	I	3330001	3340000	0.00072529130632178	9010	4708392	6491725406	482824660
GLOBAL	I	3340001	3350000	0.00033381491542083	9317	2377672	7122725469	80675813
GLOBAL	I	3350001	3360000	0.00026717458962783	9370	1915828	7170696894	73681126
GLOBAL	I	3360001	3370000	0.0004759865318643	9398	3413864	7172186126	93839982
GLOBAL	I	3370001	3380000	0.00023049656471072	8793	1555248	6747380387	50892391
GLOBAL	I	3380001	3390000	0.00023076086753196	9496	1684868	7301359273	40435143
GLOBAL	I	3390001	3400000	0.00036980224564941	9689	2749764	7435768799	55242795
GLOBAL	I	3400001	3410000	0.00024906852663112	9429	1805020	7247081855	42911779
GLOBAL	I	3410001	3420000	0.00038849847254136	9253	2704384	6961118746	232231638
GLOBAL	I	3420001	3430000	0.00043327658601749	9474	3145508	7259815327	64969877
GLOBAL	I	3430001	3440000	0.0002895998965806	9525	2121324	7325016428	39199222
GLOBAL	I	3440001	3450000	0.00067411265460965	9659	5007784	7428704929	39112285
GLOBAL	I	3450001	3460000	0.00093823822626605	6352	4077976	4346418517	566924313
GLOBAL	I	3460001	3470000	0.0011286083151997	8758	6917972	6129648264	641564404
GLOBAL	I	3470001	3480000	0.0011548130498077	9048	7605852	6586219303	409205705
GLOBAL	I	3480001	3490000	0.000518306018323	9664	3851396	7430737564	40945380
GLOBAL	I	3490001	3500000	0.0003896103250766	9546	2857920	7335329215	45122501
GLOBAL	I	3500001	3510000	0.00035067211852169	9626	2598376	7409702291	32601105
GLOBAL	I	3510001	3520000	0.00087738728487541	9610	6460248	7363051769	66881291
GLOBAL	I	3520001	3530000	0.00038701995688939	9494	2818672	7283014609	57233515
GLOBAL	I	3530001	3540000	0.00035565702186032	9549	2608344	7333874603	48896551
GLOBAL	I	3540001	3550000	0.00029662727332066	9554	2176888	7338799213	47837671
GLOBAL	I	3550001	3560000	0.00028107398489419	9751	2104232	7486399002	52547644
GLOBAL	I	3560001	3570000	0.00034849379608744	9500	2543476	7298482867	46404133
GLOBAL	I	3570001	3580000	0.00022594235429805	9425	1637520	7247512336	39388714
GLOBAL	I	3580001	3590000	0.00067238771494694	9523	4920812	7318414496	44254862
GLOBAL	I	3590001	3600000	0.00021954802474453	9488	1594080	7260734875	74874373
GLOBAL	I	3600001	3610000	0.0002844804704552	9812	2143584	7535083152	51025400
GLOBAL	I	3610001	3620000	0.00018562144385348	9382	1340988	7224316179	29339593
GLOBAL	I	3620001	3630000	0.00024065022966472	9543	1717492	7136880785	241251493
GLOBAL	I	3630001	3640000	0.00029448307483249	9776	2215524	7523434076	34841220
GLOBAL	I	3640001	3650000	0.00049588366764954	9508	3623700	7307560697	43511471
GLOBAL	I	3650001	3660000	0.00024115140616124	9282	1658108	6875796523	300544649
GLOBAL	I	3660001	3670000	0.00031246921480633	8956	2027104	6487371888	436923688
GLOBAL	I	3670001	3680000	0.00044593908047577	9285	3079260	6905113579	282051637
GLOBAL	I	3680001	3690000	0.00034955275003145	9723	2611396	7470677887	46620671
GLOBAL	I	3690001	3700000	0.00053527829886339	9524	3853776	7199574517	163867987
GLOBAL	I	3700001	3710000	0.00032360910191219	9530	2351564	7266680653	101400727
GLOBAL	I	3710001	3720000	0.00036189693983036	9621	2668912	7374784659	63653007
GLOBAL	I	3720001	3730000	0.00022505902541804	9558	1649220	7327944289	61785179
GLOBAL	I	3730001	3740000	0.00016046920057905	9187	1131756	7052792660	50099642
GLOBAL	I	3740001	3750000	0.00019226420088471	9583	1320228	6866738550	542319568
GLOBAL	I	3750001	3760000	0.00030060506423585	9657	2159632	7184283490	281987432
GLOBAL	I	3760001	3770000	0.00037489819738828	6595	1030556	2748895586	2444326096
GLOBAL	I	3770001	3780000	0.0028850705984415	5220	5778132	2002769708	2106501282
GLOBAL	I	3780001	3790000	0.00031256455668543	9437	2191868	7012528942	283649860
GLOBAL	I	3790001	3800000	0.00061801847499829	9424	4252580	6880991705	405136199
GLOBAL	I	3800001	3810000	0.00026297149637885	9433	1884500	7166175901	126910317
GLOBAL	I	3810001	3820000	0.0002443306479774	9271	1738124	7113818976	54017590
GLOBAL	I	3820001	3830000	0.00020292981912021	9309	1396016	6879304412	331828330
GLOBAL	I	3830001	3840000	0.00018948564197693	9271	1287460	6794498974	373337592
GLOBAL	I	3840001	3850000	0.00028049346256165	9497	2032256	7245288291	97279271
GLOBAL	I	3850001	3860000	0.00033973888383141	8814	2182548	6424192531	394182043
GLOBAL	I	3860001	3870000	0.00035898668505628	9664	2665420	7424843625	46839319
GLOBAL	I	3870001	3880000	0.00020795884420228	9101	1408444	6772705462	263696284
GLOBAL	I	3880001	3890000	0.00028724765586657	9003	1883608	6557435584	403197854
GLOBAL	I	3890001	3900000	0.00042658228253892	6315	1780716	4174378714	708038276
GLOBAL	I	3900001	3910000	0.00020846620570947	9219	1454072	6975096971	160267463
GLOBAL	I	3910001	3920000	0.00016718574939572	6677	832276	4978151565	195741467
GLOBAL	I	3920001	3930000	0.00021585811710065	9657	1596564	7396358411	69912511
GLOBAL	I	3930001	3940000	0.00023057011145254	9515	1634652	7089609272	266874918
GLOBAL	I	3940001	3950000	0.00020775224248398	9341	1491084	7177222167	44734619
GLOBAL	I	3950001	3960000	0.00032771920823472	9581	2378560	7257920623	149591203
GLOBAL	I	3960001	3970000	0.00038902097782919	8963	2257464	5802936419	1126771179
GLOBAL	I	3970001	3980000	0.00087646267899878	7670	3711712	4234877410	1699791286
GLOBAL	I	3980001	3990000	0.0004690634500657	9444	3280520	6993765981	307824843
GLOBAL	I	3990001	4000000	0.00046536643638119	9569	3352752	7204541922	193692152
GLOBAL	I	4000001	4010000	0.00030356531320362	7399	1380976	4549189054	1179049660
GLOBAL	I	4010001	4020000	0.00030301665591352	8009	1673588	5523089135	669037179
GLOBAL	I	4020001	4030000	0.00045401114007342	9568	3258516	7177171907	220289021
GLOBAL	I	4030001	4040000	0.00012298096281849	9749	919400	7475953830	61446524
GLOBAL	I	4040001	4050000	0.00021062655526843	9639	1561800	7415019431	37334863
GLOBAL	I	4050001	4060000	0.00026319971404978	9635	1948380	7402667617	46594093
GLOBAL	I	4060001	4070000	0.00019068090563852	9471	1388208	7280267499	42198267
GLOBAL	I	4070001	4080000	0.00018165343061519	9698	1354020	7453864182	44105726
GLOBAL	I	4080001	4090000	0.00033581823116711	9392	2408584	7172284815	89102417
GLOBAL	I	4090001	4100000	0.00021072291746742	9377	1488292	7062791356	186998686
GLOBAL	I	4100001	4110000	0.00021672986242897	9485	1574100	7262958516	70331294
GLOBAL	I	4110001	4120000	0.00022782458358537	9526	1664148	7304514613	60474183
GLOBAL	I	4120001	4130000	0.00023172009431707	9308	1649696	7119348043	77094925
GLOBAL	I	4130001	4140000	0.00021480081642244	9662	1580096	7356098670	114037982
GLOBAL	I	4140001	4150000	0.00013017691543233	9456	944332	7254220127	56648449
GLOBAL	I	4150001	4160000	0.00034718515933594	9432	2515596	7245689893	46623179
GLOBAL	I	4160001	4170000	0.00024962688909253	9662	1853200	7423879722	46256930
GLOBAL	I	4170001	4180000	0.00040982576284524	9557	2999224	7318290532	70665790
GLOBAL	I	4180001	4190000	0.00033443453951273	9676	2473044	7394702723	86257973
GLOBAL	I	4190001	4200000	0.00030264645401361	9753	2268632	7495980772	44512166
GLOBAL	I	4200001	4210000	0.00029165675962495	9684	2171112	7444065424	43080440
GLOBAL	I	4210001	4220000	0.00014106760111033	9788	1060216	7515659100	51893948
GLOBAL	I	4220001	4230000	0.00022315346494797	9701	1664228	7457773512	42515834
GLOBAL	I	4230001	4240000	0.00022137724224236	9490	1611424	7279086069	58069471
GLOBAL	I	4240001	4250000	0.00031794642761275	9341	2267604	7132031698	89925088
GLOBAL	I	4250001	4260000	0.00027077484173144	9439	1943488	7177505811	120219283
GLOBAL	I	4260001	4270000	0.00032511645540567	9234	2286656	7033344397	105885767
GLOBAL	I	4270001	4280000	0.00028881543583556	9563	2120584	7342349947	51245251
GLOBAL	I	4280001	4290000	0.0002926527810143	9753	2196424	7505221691	35271247
GLOBAL	I	4290001	4300000	0.00013117533085502	9754	982820	7492414874	48851210
GLOBAL	I	4300001	4310000	0.00028152354254829	9728	2103832	7473023325	48140963
GLOBAL	I	4310001	4320000	0.00027439857592659	9229	1938052	7062908375	72456059
GLOBAL	I	4320001	4330000	0.00020289966505567	9497	1475292	7271042067	71525495
GLOBAL	I	4330001	4340000	0.0014214138224166	8990	9775052	6876992362	73590178
GLOBAL	I	4340001	4350000	0.0015086788420093	9237	10692452	7087294991	54254611
GLOBAL	I	4350001	4360000	0.0012259127517477	9144	8581176	6999826038	69820986
GLOBAL	I	4360001	4370000	0.0023938325839397	9195	16810920	7022596364	86481106
GLOBAL	I	4370001	4380000	0.0015764733185937	9244	11067584	7020470229	126491395
GLOBAL	I	4380001	4390000	0.00033037133401752	9480	2397760	7257772552	71651528
GLOBAL	I	4390001	4400000	0.00033205865241176	9159	2330792	7019217789	62026425
GLOBAL	I	4400001	4410000	0.00019028833357257	9355	1359208	7142886663	89894167
GLOBAL	I	4410001	4420000	0.00031631720772065	9510	2281064	7211318083	141300377
GLOBAL	I	4420001	4430000	0.00020122364435895	9135	1402892	6971804951	90883759
GLOBAL	I	4430001	4440000	0.0003398860902294	9067	2337984	6878728101	131386681
GLOBAL	I	4440001	4450000	0.00026620854576946	6977	1258816	4728683658	665555984
GLOBAL	I	4450001	4460000	0.0011540255509028	6169	3674740	3184279583	1647882917
GLOBAL	I	4460001	4470000	0.00090529644785383	9196	6341884	7005311923	104538693
GLOBAL	I	4470001	4480000	0.00021754012895384	9541	1591680	7316719024	59866962
GLOBAL	I	4480001	4490000	0.0001024857178482	9601	755032	7367192384	55782362
GLOBAL	I	4490001	4500000	0.00030308538428984	9354	2171512	7164687288	67320396
GLOBAL	I	4500001	4510000	0.00022007931736139	9387	1583056	7193115732	64405770
GLOBAL	I	4510001	4520000	0.00011153094040431	9693	831192	7452568740	41535438
GLOBAL	I	4520001	4530000	0.00020229294041761	9583	1489860	7364864028	44194090
GLOBAL	I	4530001	4540000	0.0014789374193022	9400	10649952	7201083603	66488797
GLOBAL	I	4540001	4550000	0.0013358928788235	9246	9441160	7067303187	81204729
GLOBAL	I	4550001	4560000	0.0015145359262067	9332	10782476	7119326662	95671810
GLOBAL	I	4560001	4570000	0.0015370354953679	7900	8761864	5700495549	418955041
GLOBAL	I	4570001	4580000	0.0012967581046453	8721	8360648	6447345862	321547368
GLOBAL	I	4580001	4590000	0.0013923070166874	9580	10240936	7355371967	51366713
GLOBAL	I	4590001	4600000	0.0003417467140693	9583	2513080	7353633251	55424867
GLOBAL	I	4600001	4610000	0.0012733817477866	9383	9143812	7180731164	73697754
GLOBAL	I	4610001	4620000	0.0010361864290241	9264	7356024	7099131772	63292772
GLOBAL	I	4620001	4630000	0.0012959472897133	9071	9007152	6950245640	62961726
GLOBAL	I	4630001	4640000	0.0024799637971267	9627	18324212	7388903024	54173518
GLOBAL	I	4640001	4650000	0.0024748830748622	9262	17585620	7105636698	55241554
GLOBAL	I	4650001	4660000	0.0010994134526979	9361	7896172	7182167892	55251814
GLOBAL	I	4660001	4670000	0.0010430888447745	9200	7344828	7041421291	71521909
GLOBAL	I	4670001	4680000	0.0015952012465319	9441	11549544	7240179899	59091487
GLOBAL	I	4680001	4690000	0.0015388943924737	9176	10810396	7024780942	69606754
GLOBAL	I	4690001	4700000	0.0010934257969873	9048	7559572	6913657992	81767016
GLOBAL	I	4700001	4710000	0.00020867310277924	9328	1484276	7112924379	98981509
GLOBAL	I	4710001	4720000	0.00022430982319627	9283	1579236	7040422829	136691489
GLOBAL	I	4720001	4730000	0.00032450710327843	9545	2368104	7297541336	82137234
GLOBAL	I	4730001	4740000	0.00013725671738242	9583	1009528	7355035289	54022829
GLOBAL	I	4740001	4750000	0.00028143987430437	9655	2073912	7368934502	95790128
GLOBAL	I	4750001	4760000	0.00017630788887998	9581	1294680	7343290242	64221584
GLOBAL	I	4760001	4770000	0.00012981654620472	9617	958360	7382417943	52927139
GLOBAL	I	4770001	4780000	0.00015709548019223	9356	1129700	7191168063	42385913
GLOBAL	I	4780001	4790000	0.00023190255470006	9413	1668604	7195280803	82342495
GLOBAL	I	4790001	4800000	0.0002589047395415	9515	1881316	7266440944	90043246
GLOBAL	I	4800001	4810000	0.00021154120655232	9375	1508272	7129920570	118323180
GLOBAL	I	4810001	4820000	0.000997424137531	2429	777692	779700401	1179451563
GLOBAL	I	4820001	4830000	0.00015632785238408	1172	11792	75431216	890228138
GLOBAL	I	4830001	4840000	3.1500053146308e-05	1772	6280	199364743	1354658717
GLOBAL	I	4840001	4850000	0.00034451898816584	8523	1961228	5692655753	906918503
GLOBAL	I	4850001	4860000	0.00018945104017203	9024	1280852	6760860214	217555582
GLOBAL	I	4860001	4870000	0.00025442789265237	9506	1851472	7277000885	72524991
GLOBAL	I	4870001	4880000	0.00011654176408046	9339	834360	7159321867	61088627
GLOBAL	I	4880001	4890000	0.00017933364112123	9517	1305380	7279058139	78972343
GLOBAL	I	4890001	4900000	0.00018691482921539	9855	1415764	7574380299	44973531
GLOBAL	I	4900001	4910000	0.00024884324048207	9143	1625584	6532562415	556413259
GLOBAL	I	4910001	4920000	0.0003243720340241	9542	2378288	7331976097	45383035
GLOBAL	I	4920001	4930000	0.00021935646971537	9479	1589900	7248019637	80631297
GLOBAL	I	4930001	4940000	0.00043008676872924	6226	1522748	3540559977	1280005333
GLOBAL	I	4940001	4950000	0.00023903362715436	9809	1797752	7520916707	62872407
GLOBAL	I	4950001	4960000	0.00023119345686734	9683	1719404	7437078987	49293731
GLOBAL	I	4960001	4970000	0.00019991468899506	9835	1507900	7542717384	61173526
GLOBAL	I	4970001	4980000	0.00023665456210293	9428	1711220	7230876873	58343615
GLOBAL	I	4980001	4990000	0.00017140873459533	9359	1232352	7189551938	46321476
GLOBAL	I	4990001	5000000	0.00028071288616426	9293	1998148	7118119967	66725811
GLOBAL	I	5000001	5010000	0.00023669572865011	9568	1741528	7357665514	39795414
GLOBAL	I	5010001	5020000	0.00018179768778241	9574	1332556	7329884204	72215600
GLOBAL	I	5020001	5030000	0.00023457780525301	9483	1710124	7290220821	41522697
GLOBAL	I	5030001	5040000	0.00032181246736338	9475	2347544	7294757780	30800570
GLOBAL	I	5040001	5050000	0.00023926567416859	9769	1795176	7502856422	50006852
GLOBAL	I	5050001	5060000	0.00022560839157809	9517	1648232	7305721159	52309323
GLOBAL	I	5060001	5070000	0.00039381223810806	9560	2833152	7194169520	197106240
GLOBAL	I	5070001	5080000	0.00026882091181205	9442	1951104	7258006778	42037754
GLOBAL	I	5080001	5090000	0.0003157021565435	9545	2316888	7338841221	40837349
GLOBAL	I	5090001	5100000	0.00019805450676362	9772	1489804	7522191867	32990845
GLOBAL	I	5100001	5110000	0.00015006222618685	9584	1105672	7368090079	41741185
GLOBAL	I	5110001	5120000	0.00043542430191894	9093	2939704	6751354913	278861665
GLOBAL	I	5120001	5130000	0.00023911407359816	3850	481004	2011608906	978146676
GLOBAL	I	5130001	5140000	0.0001527326124357	9816	1153000	7549140826	40060310
GLOBAL	I	5140001	5150000	0.00011090504875915	9861	838768	7562937931	61054775
GLOBAL	I	5150001	5160000	0.00042346337424297	9170	2793088	6595819544	493929276
GLOBAL	I	5160001	5170000	9.5592204087844e-05	9750	715916	7489271817	48901683
GLOBAL	I	5170001	5180000	0.00016837583754343	9693	1254864	7452755801	41348377
GLOBAL	I	5180001	5190000	0.00015185005567745	9591	1120716	7380412177	34831109
GLOBAL	I	5190001	5200000	0.00020800157683061	9830	1571404	7554769651	45255529
GLOBAL	I	5200001	5210000	0.00033122533253006	9535	2422452	7313607270	58339840
GLOBAL	I	5210001	5220000	0.00014741607248019	9414	1056800	7168824825	109571619
GLOBAL	I	5220001	5230000	0.00012132266577897	8804	821936	6774793438	31983946
GLOBAL	I	5230001	5240000	0.0001853302491013	9576	1359948	7337971036	65675060
GLOBAL	I	5240001	5250000	0.00031522948258132	9507	2298460	7291386520	58912502
GLOBAL	I	5250001	5260000	0.00019642784840045	9316	1403768	7146481578	56146558
GLOBAL	I	5260001	5270000	0.00019815129895955	9507	1444524	7290005201	60293821
GLOBAL	I	5270001	5280000	0.00016732097148215	9632	1235452	7383724760	63217512
GLOBAL	I	5280001	5290000	0.00021837263882537	9370	1562544	7155401924	88976096
GLOBAL	I	5290001	5300000	0.0003107866088923	9716	2292020	7374899479	136987057
GLOBAL	I	5300001	5310000	0.00017437739094842	9593	1283392	7359853207	56936371
GLOBAL	I	5310001	5320000	0.00016477467947868	9432	1192880	7239461814	52851258
GLOBAL	I	5320001	5330000	0.00021765054890251	9709	1553456	7137386089	369088425
GLOBAL	I	5330001	5340000	0.00035295720684639	9532	2563556	7263078782	106548890
GLOBAL	I	5340001	5350000	0.00010106268944517	9825	764376	7563384709	32774741
GLOBAL	I	5350001	5360000	0.00022826087687856	9430	1628768	7135554819	155211961
GLOBAL	I	5360001	5370000	0.00017131382439373	9503	1244724	7265753388	81453050
GLOBAL	I	5370001	5380000	0.0001786627336414	9684	1331996	7455365609	31780255
GLOBAL	I	5380001	5390000	0.00014812361534507	9730	1109528	7490554409	32156171
GLOBAL	I	5390001	5400000	0.00012178704706031	9571	895192	7350469706	49310660
GLOBAL	I	5400001	5410000	0.00019229993652322	9887	1464328	7614812706	29281796
GLOBAL	I	5410001	5420000	0.00021803532035728	9753	1632612	7487832693	52660245
GLOBAL	I	5420001	5430000	0.00017761001419176	9769	1330128	7489037181	63826093
GLOBAL	I	5430001	5440000	0.00031265968176918	9247	2213628	7079991854	69289208
GLOBAL	I	5440001	5450000	0.00028163511741151	8747	1756176	6235642828	546393884
GLOBAL	I	5450001	5460000	0.00029243968349502	9720	2188136	7482349775	32629345
GLOBAL	I	5460001	5470000	0.00025265421329471	9805	1902912	7531685204	49011326
GLOBAL	I	5470001	5480000	0.00029584574997423	9508	2165552	7319868547	31203621
GLOBAL	I	5480001	5490000	0.00012523979039818	9312	895284	7148558754	50976798
GLOBAL	I	5490001	5500000	0.00019934278846299	9386	1433728	7192274228	64474128
GLOBAL	I	5500001	5510000	0.00018664542348831	9622	1372252	7352186699	87024113
GLOBAL	I	5510001	5520000	0.00020310081987434	9468	1475868	7266676722	53469606
GLOBAL	I	5520001	5530000	0.00027860534978512	9746	2077844	7458019028	77061888
GLOBAL	I	5530001	5540000	0.00023927168979818	9306	1709008	7142541608	52355068
GLOBAL	I	5540001	5550000	0.00033521949716547	9489	2436392	7268049802	68332592
GLOBAL	I	5550001	5560000	0.00025800519821473	9625	1902444	7373665388	67864862
GLOBAL	I	5560001	5570000	0.00011299889094895	9598	834712	7386904358	33750950
GLOBAL	I	5570001	5580000	0.00021962467012382	9086	1524744	6942498760	82305796
GLOBAL	I	5580001	5590000	0.00019234301286402	9762	1439848	7485834700	61616552
GLOBAL	I	5590001	5600000	0.00034583076613129	9846	2624188	7588069822	24325694
GLOBAL	I	5600001	5610000	0.00019972341726949	9774	1497820	7499471121	57257883
GLOBAL	I	5610001	5620000	0.00031282020825964	9447	2270196	7257191000	46719262
GLOBAL	I	5620001	5630000	0.00031089569410973	9459	2259260	7266938857	46249157
GLOBAL	I	5630001	5640000	0.00020020115058801	9409	1429988	7142756152	131774562
GLOBAL	I	5640001	5650000	0.00019538183989026	9869	1482332	7586846356	43331518
GLOBAL	I	5650001	5660000	0.00037149842173774	9632	2751452	7406362555	40579717
GLOBAL	I	5660001	5670000	0.00018674711805574	9384	1341672	7184432156	70769908
GLOBAL	I	5670001	5680000	0.00040283321363011	9663	2983880	7407234307	63675491
GLOBAL	I	5680001	5690000	0.00025465313406136	9605	1883640	7396885206	29182124
GLOBAL	I	5690001	5700000	0.0003901140992283	9876	2968812	7610112031	25477865
GLOBAL	I	5700001	5710000	0.00040659692449126	9629	3004760	7390021466	54601368
GLOBAL	I	5710001	5720000	0.00020413636461363	9310	1459740	7150808249	47181011
GLOBAL	I	5720001	5730000	0.00028604269622742	9680	2130704	7448901958	35151322
GLOBAL	I	5730001	5740000	0.00020968461040343	9689	1562660	7452430567	38581027
GLOBAL	I	5740001	5750000	0.00020877293509913	9708	1557212	7458878706	46822662
GLOBAL	I	5750001	5760000	0.00024525205893868	9719	1835224	7483011592	31194382
GLOBAL	I	5760001	5770000	0.00014623127557852	9718	1092632	7471944669	41488159
GLOBAL	I	5770001	5780000	0.00021984243986883	9687	1640456	7461962308	27502994
GLOBAL	I	5780001	5790000	9.4845828626604e-05	9845	719576	7586796493	24825877
GLOBAL	I	5790001	5800000	0.00036350411547499	9774	2733492	7519837833	36891171
GLOBAL	I	5800001	5810000	0.00020670905630783	9857	1567664	7583915422	36984700
GLOBAL	I	5810001	5820000	5.6964757880036e-05	9567	419704	7367783444	28904338
GLOBAL	I	5820001	5830000	0.00030889676706839	9605	2282972	7390728047	35339283
GLOBAL	I	5830001	5840000	0.00019869530174767	9421	1431832	7206169383	77639083
GLOBAL	I	5840001	5850000	7.3607325285144e-05	9761	551312	7489906716	56771390
GLOBAL	I	5850001	5860000	0.0003492639744762	8423	2032716	5819999051	701487459
GLOBAL	I	5860001	5870000	0.00028350205738777	9126	1955140	6896387342	183310580
GLOBAL	I	5870001	5880000	0.00028614020941853	9289	2037584	7120928597	60824597
GLOBAL	I	5880001	5890000	0.00022307232388628	9528	1628500	7300322925	66212163
GLOBAL	I	5890001	5900000	0.00023988452877648	9299	1718152	7162412719	27071935
GLOBAL	I	5900001	5910000	0.00030495848128186	9587	2247656	7370367240	41783462
GLOBAL	I	5910001	5920000	0.00018128378110809	9807	1370288	7558800857	23441965
GLOBAL	I	5920001	5930000	0.00019825884765879	9715	1483568	7482985085	28128305
GLOBAL	I	5930001	5940000	0.00014850253403761	9629	1101968	7420533307	24089527
GLOBAL	I	5940001	5950000	0.00021065382020343	9671	1550716	7361442572	115652394
GLOBAL	I	5950001	5960000	0.00018681456991761	9797	1406312	7527849678	46661684
GLOBAL	I	5960001	5970000	0.00013582473302922	9532	993876	7317341826	52285846
GLOBAL	I	5970001	5980000	0.00025583276607059	9727	1907032	7454213271	66177871
GLOBAL	I	5980001	5990000	0.0001951031041112	9698	1455772	7461552222	36417686
GLOBAL	I	5990001	6000000	0.00041620426072806	9503	3037364	7297772480	49433958
GLOBAL	I	6000001	6010000	0.00022632317786118	9893	1725196	7622710216	26023162
GLOBAL	I	6010001	6020000	8.1092715409943e-05	9680	603868	7446636815	37416465
GLOBAL	I	6020001	6030000	9.3756647854786e-05	9562	686008	7316899822	75922230
GLOBAL	I	6030001	6040000	0.00012645262587786	9184	890684	7043618065	56954799
GLOBAL	I	6040001	6050000	0.00032087263106468	9673	2388060	7442392304	36248954
GLOBAL	I	6050001	6060000	0.00025069245917601	9670	1866604	7445792371	30529449
GLOBAL	I	6060001	6070000	0.00037197838503346	9185	2613676	7026419021	74926989
GLOBAL	I	6070001	6080000	0.00017145547650612	9223	1212608	7072436674	58288884
GLOBAL	I	6080001	6090000	0.00026559324319579	9482	1934784	7284763636	46206736
GLOBAL	I	6090001	6100000	0.00021840706152599	9113	1530336	7006806416	38873082
GLOBAL	I	6100001	6110000	0.00021536528550252	9388	1543452	7166670322	91624326
GLOBAL	I	6110001	6120000	0.0001271643575486	9456	918176	7220387990	90480586
GLOBAL	I	6120001	6130000	0.00022582073203023	9794	1699688	7526713711	45478213
GLOBAL	I	6130001	6140000	0.00023753128642803	9491	1728256	7275908896	62019790
GLOBAL	I	6140001	6150000	0.00028190945754731	9612	2076688	7366507027	64972325
GLOBAL	I	6150001	6160000	0.00015961490267004	9547	1171760	7341169154	40055708
GLOBAL	I	6160001	6170000	0.00024858583594977	9523	1819624	7319902170	42767188
GLOBAL	I	6170001	6180000	0.00017338709725964	9660	1287544	7425835142	42755218
GLOBAL	I	6180001	6190000	0.00019850867352477	9840	1501424	7563518376	44238264
GLOBAL	I	6190001	6200000	0.00022782783854745	9555	1669216	7326655121	60754909
GLOBAL	I	6200001	6210000	0.00011016785907015	9560	807968	7333972057	57303703
GLOBAL	I	6210001	6220000	0.00016875402600747	9658	1252344	7421120726	45923342
GLOBAL	I	6220001	6230000	0.00019167962338169	9718	1431640	7468921186	44511642
GLOBAL	I	6230001	6240000	7.6355845087071e-05	9447	553924	7254506834	49403428
GLOBAL	I	6240001	6250000	0.00017824823294961	9335	1274208	7148502843	68815067
GLOBAL	I	6250001	6260000	0.00022952729391246	9309	1635052	7123562397	73653717
GLOBAL	I	6260001	6270000	0.00046611184597582	3181	891248	1912090430	563523062
GLOBAL	I	6270001	6280000	0.00014439660389373	975	36632	253690177	510951217
GLOBAL	I	6280001	6290000	0.00048753057035977	2213	360700	739851041	992769145
GLOBAL	I	6290001	6300000	0.00015660595725226	9463	1136348	7256096894	60183704
GLOBAL	I	6300001	6310000	0.0001877904408502	9659	1393708	7421613122	46204092
GLOBAL	I	6310001	6320000	0.00010373665363579	9240	737928	7113474111	30394929
GLOBAL	I	6320001	6330000	0.00028851510899512	9534	2097276	7269206827	101967137
GLOBAL	I	6330001	6340000	0.00038756931569371	9368	2766168	7137221364	105610364
GLOBAL	I	6340001	6350000	0.0002190830791515	9715	1636204	7468417946	42695444
GLOBAL	I	6350001	6360000	0.00032169224400176	9786	2417316	7514374515	51632241
GLOBAL	I	6360001	6370000	0.00023019584702961	9692	1708356	7421315467	72015565
GLOBAL	I	6370001	6380000	0.00012971735685517	9472	942244	7263823615	59415297
GLOBAL	I	6380001	6390000	0.00011541162021589	9529	844692	7318951059	48357175
GLOBAL	I	6390001	6400000	0.0002137116725578	9776	1600676	7489885699	68389597
GLOBAL	I	6400001	6410000	0.00024384390941488	9504	1778088	7291910650	56068934
GLOBAL	I	6410001	6420000	0.00014355742918608	9444	1037096	7224258653	77332171
GLOBAL	I	6420001	6430000	0.00018309693160335	8994	1251780	6836706596	116968528
GLOBAL	I	6430001	6440000	0.00044800077627021	7099	1394912	3113637462	2667175180
GLOBAL	I	6440001	6450000	0.00033416630549412	5146	324648	971516262	3228212810
GLOBAL	I	6450001	6460000	0.00010693475187893	4734	92708	866958574	2934600308
GLOBAL	I	6460001	6470000	0.00043284578670546	5518	361288	834680644	3805741648
GLOBAL	I	6470001	6480000	0.00022749006305686	8258	712752	3133112675	3455637537
GLOBAL	I	6480001	6490000	0.00012320857380849	8989	837156	6794624547	155184847
GLOBAL	I	6490001	6500000	0.00014505123610233	9545	1058168	7295132592	84545978
GLOBAL	I	6500001	6510000	0.00012856296776095	9317	914268	7111441311	91959971
GLOBAL	I	6510001	6520000	0.0001161341062838	9643	837560	7212007108	243439770
GLOBAL	I	6520001	6530000	0.00015703866582317	9510	1144588	7288574403	64044057
GLOBAL	I	6530001	6540000	0.00027639577402368	9795	2079548	7523805338	49159732
GLOBAL	I	6540001	6550000	0.0001667179891986	9311	1190552	7141113000	57649406
GLOBAL	I	6550001	6560000	0.00029267308132015	9405	2108712	7205008368	66429762
GLOBAL	I	6560001	6570000	0.00019274413710634	9521	1406216	7295765366	65357700
GLOBAL	I	6570001	6580000	0.00025173530264815	9323	1802292	7159472593	48567565
GLOBAL	I	6580001	6590000	0.00031027883884789	9758	2322820	7486234023	58124645
GLOBAL	I	6590001	6600000	0.00035929140787899	9163	2303448	6411085680	711908418
GLOBAL	I	6600001	6610000	0.00018255236113754	9714	1363488	7469024183	41316061
GLOBAL	I	6610001	6620000	0.00012799129250208	9531	938804	7334905224	33949302
GLOBAL	I	6620001	6630000	0.00017251098631285	9512	1256436	7283223097	70941655
GLOBAL	I	6630001	6640000	0.00016144895372232	9243	1138428	7051318536	94869942
GLOBAL	I	6640001	6650000	0.00018844612472158	9542	1376916	7306682491	70676641
GLOBAL	I	6650001	6660000	0.00020844039757139	9561	1533892	7358899800	33149106
GLOBAL	I	6660001	6670000	0.000160956190719	9622	1191364	7401790479	37420333
GLOBAL	I	6670001	6680000	0.00025485816677015	9507	1856292	7283627688	66671334
GLOBAL	I	6680001	6690000	0.00017426681076589	9751	1303180	7478073388	60873258
GLOBAL	I	6690001	6700000	8.2793148145005e-05	9265	589104	7115371419	47826271
GLOBAL	I	6700001	6710000	0.00021630475900425	9329	1549756	7164687486	47991548
GLOBAL	I	6710001	6720000	0.00025175542767711	9612	1863684	7402755989	28723363
GLOBAL	I	6720001	6730000	0.00019967849671746	9534	1463856	7331064807	40109157
GLOBAL	I	6730001	6740000	0.00013692405631934	9445	995220	7268408684	33955286
GLOBAL	I	6740001	6750000	0.00013351928964761	9781	1002268	7506540835	55600191
GLOBAL	I	6750001	6760000	0.00018895812098619	9693	1409464	7459134292	34969886
GLOBAL	I	6760001	6770000	0.00026019298319396	9835	1955608	7515990539	87900371
GLOBAL	I	6770001	6780000	0.00016145319730972	9501	1179456	7305250188	40409958
GLOBAL	I	6780001	6790000	8.0012567229753e-05	9342	564032	7049292624	173437308
GLOBAL	I	6790001	6800000	0.00016859214807877	9642	1237924	7342714439	111959293
GLOBAL	I	6800001	6810000	0.00031554344376947	9388	2268080	7187853352	70441296
GLOBAL	I	6810001	6820000	0.00026761216891882	9210	1885564	7045882882	74791778
GLOBAL	I	6820001	6830000	0.00012754810651164	9714	952272	7465983040	44357204
GLOBAL	I	6830001	6840000	0.00016701826770175	9423	1208260	7234298479	51056279
GLOBAL	I	6840001	6850000	0.00011709124326644	9018	811176	6927725570	44505058
GLOBAL	I	6850001	6860000	0.00012178408116238	9529	890612	7313041175	54267059
GLOBAL	I	6860001	6870000	0.00018345605622654	9321	1233280	6722481805	484012061
GLOBAL	I	6870001	6880000	0.00012599275072693	9587	926992	7357502671	54648031
GLOBAL	I	6880001	6890000	0.00018548205553054	9188	1304444	7032723442	70942006
GLOBAL	I	6890001	6900000	0.00020104670628622	9468	1459952	7261755375	58390953
GLOBAL	I	6900001	6910000	0.00019363531160425	9563	1370900	7079803723	313791475
GLOBAL	I	6910001	6920000	0.00023375340108017	9540	1711288	7320911662	54901178
GLOBAL	I	6920001	6930000	0.00017493516019624	9638	1292400	7387880164	63700984
GLOBAL	I	6930001	6940000	0.0001408712991038	9648	1043012	7404006399	55306209
GLOBAL	I	6940001	6950000	0.00013004096206388	9623	954576	7340579344	99404614
GLOBAL	I	6950001	6960000	0.00019230984849347	9199	1358344	7063309605	48860449
GLOBAL	I	6960001	6970000	0.00012119349186558	9307	865556	7141934659	53735163
GLOBAL	I	6970001	6980000	0.00014037175429104	9759	1051284	7489284474	55847340
GLOBAL	I	6980001	6990000	8.2628621051168e-05	9387	594784	7198280601	59240901
GLOBAL	I	6990001	7000000	0.00024049349836436	9519	1758144	7310567695	49009079
GLOBAL	I	7000001	7010000	0.00018897442341052	9691	1408004	7450764895	41792991
GLOBAL	I	7010001	7020000	0.00030825830433232	9675	2297212	7452230703	27956847
GLOBAL	I	7020001	7030000	0.00022913194320259	9703	1685336	7355307935	146527703
GLOBAL	I	7030001	7040000	0.00020140197160029	9508	1446816	7183723121	167349047
GLOBAL	I	7040001	7050000	0.0002561146060943	9387	1834364	7162277966	95243536
GLOBAL	I	7050001	7060000	0.00019386288657175	9687	1443740	7447222238	42243064
GLOBAL	I	7060001	7070000	0.00013912701982599	9802	1049016	7539987569	38389523
GLOBAL	I	7070001	7080000	0.00013972238384625	9601	1029992	7371703600	51271146
GLOBAL	I	7080001	7090000	0.00016800099506877	9281	1195948	7118695931	56872095
GLOBAL	I	7090001	7100000	0.00018712093465598	9485	1361728	7277261641	56028169
GLOBAL	I	7100001	7110000	0.00010179733709822	9446	738476	7254374437	48762679
GLOBAL	I	7110001	7120000	0.00013018223373983	9811	974568	7486182807	99152599
GLOBAL	I	7120001	7130000	0.00029532383733359	9114	2060304	6976422962	70029682
GLOBAL	I	7130001	7140000	0.00014108365903061	9182	987808	7001576276	97450296
GLOBAL	I	7140001	7150000	0.00024720497181915	9389	1780536	7202670670	56397124
GLOBAL	I	7150001	7160000	0.00028600335111673	9621	2111004	7381046382	57391284
GLOBAL	I	7160001	7170000	0.00013873370396886	9574	1020396	7355069250	47030554
GLOBAL	I	7170001	7180000	0.00011493093970971	9728	858600	7470573217	50591071
GLOBAL	I	7180001	7190000	0.00022780784333395	9484	1659828	7286088028	46428636
GLOBAL	I	7190001	7200000	0.00016888708943439	9487	1229512	7280082830	54753272
GLOBAL	I	7200001	7210000	0.00022434881355017	9862	1698800	7572137214	52628638
GLOBAL	I	7210001	7220000	0.00016286845721635	9481	1182884	7262818229	67378997
GLOBAL	I	7220001	7230000	0.00042183708325749	9330	3014504	7146133234	67318946
GLOBAL	I	7230001	7240000	0.00014501380475772	8810	828140	5710766650	1116112530
GLOBAL	I	7240001	7250000	0.00014471200687008	9430	1050652	7260295968	30470812
GLOBAL	I	7250001	7260000	0.00023392561550686	9751	1754660	7500931423	38015223
GLOBAL	I	7260001	7270000	0.00031274945130447	9768	2350548	7515754193	36335935
GLOBAL	I	7270001	7280000	0.00016112445508531	9474	1172612	7277678608	47106596
GLOBAL	I	7280001	7290000	0.00020416362105369	9764	1531984	7503707037	45290507
GLOBAL	I	7290001	7300000	0.0001135381930368	9595	816412	7190637601	227698269
GLOBAL	I	7300001	7310000	0.00035007769838376	9619	2582576	7377150878	59740496
GLOBAL	I	7310001	7320000	0.00039421000679967	9720	2944408	7469135611	45843509
GLOBAL	I	7320001	7330000	0.00024865590130676	9308	1774104	7134775369	61667599
GLOBAL	I	7330001	7340000	0.00029468437641875	9702	2197596	7457456777	43605715
GLOBAL	I	7340001	7350000	0.00031809450570324	9651	2357144	7410200295	51431751
GLOBAL	I	7350001	7360000	0.00015321651937366	9246	1085312	7083518177	64989739
GLOBAL	I	7360001	7370000	0.00030596719702568	9290	2179076	7121926864	60599476
GLOBAL	I	7370001	7380000	0.00020545549756986	9551	1507364	7336693434	47624012
GLOBAL	I	7380001	7390000	0.00011918271529443	9766	892384	7487528689	63015147
GLOBAL	I	7390001	7400000	0.00022543336934547	9124	1487716	6599360176	460235950
GLOBAL	I	7400001	7410000	0.00016260879693571	9581	1199332	7375566529	31945297
GLOBAL	I	7410001	7420000	0.00023606875358236	9323	1683604	7131837545	76202613
GLOBAL	I	7420001	7430000	0.00024488456487117	9548	1765016	7207542872	174455136
GLOBAL	I	7430001	7440000	0.00022767974425302	8736	1495964	6570474703	185275045
GLOBAL	I	7440001	7450000	0.00023479587518096	9275	1662428	7080311776	90617374
GLOBAL	I	7450001	7460000	0.00024287710042813	9223	1720856	7085295390	45430168
GLOBAL	I	7460001	7470000	0.00012396079389904	9739	924776	7460229730	69439164
GLOBAL	I	7470001	7480000	0.00012054921659756	9655	895528	7428733469	35991161
GLOBAL	I	7480001	7490000	0.00029360722932526	9128	2055860	7002075544	55201144
GLOBAL	I	7490001	7500000	0.00012723886175864	9331	895516	7038069876	176155450
GLOBAL	I	7500001	7510000	0.00018451398307031	9306	1291624	7000141553	195528269
GLOBAL	I	7510001	7520000	0.00025585601619164	9866	1941480	7588174118	39684318
GLOBAL	I	7520001	7530000	0.00018109072316372	9707	1351276	7461873123	43055099
GLOBAL	I	7530001	7540000	0.00021717184759614	9645	1589320	7318259791	138733379
GLOBAL	I	7540001	7550000	0.00019731064988233	9390	1420956	7201618366	58222574
GLOBAL	I	7550001	7560000	0.00012076288359062	9644	893256	7396776008	59444016
GLOBAL	I	7560001	7570000	0.00020162651114635	9743	1510064	7489411940	43349538
GLOBAL	I	7570001	7580000	0.00018466641732484	9336	1315736	7124933808	93157248
GLOBAL	I	7580001	7590000	0.00027419282943998	9684	2043772	7453776250	33369614
GLOBAL	I	7590001	7600000	0.00017404637218559	9478	1267704	7283714013	44163775
GLOBAL	I	7600001	7610000	0.00016427300254494	9767	1234636	7515757190	35559792
GLOBAL	I	7610001	7620000	0.00017509853845068	9328	1256424	7175525342	36380546
GLOBAL	I	7620001	7630000	0.00017266389035112	7502	831260	4814324514	1104881262
GLOBAL	I	7630001	7640000	0.0001758944518374	9546	1287704	7320890378	59561338
GLOBAL	I	7640001	7650000	0.00021795636814927	9613	1607696	7376228617	56023881
GLOBAL	I	7650001	7660000	0.00019714674834133	9735	1474580	7479605991	46970319
GLOBAL	I	7660001	7670000	0.00025537161420255	9373	1838344	7198701413	47996045
GLOBAL	I	7670001	7680000	0.00013522486424024	9279	958820	7090559901	83461833
GLOBAL	I	7680001	7690000	0.00017255776769387	9281	1230684	7132011595	43556431
GLOBAL	I	7690001	7700000	0.00014653014203109	9418	1037096	7077697364	203791664
GLOBAL	I	7700001	7710000	0.00032582626986832	9522	2310820	7092184436	269711776
GLOBAL	I	7710001	7720000	0.00020301079134773	9381	1452876	7156644188	96238438
GLOBAL	I	7720001	7730000	0.00012336802974376	9607	908596	7364922678	62690944
GLOBAL	I	7730001	7740000	0.000181401518156	9399	1304780	7192773320	74025934
GLOBAL	I	7740001	7750000	0.00020569321848083	9585	1507240	7327611533	82992877
GLOBAL	I	7750001	7760000	0.00014536725230534	9442	1028348	7074137976	225906556
GLOBAL	I	7760001	7770000	0.00024520038164197	9081	1693420	6906269838	114668988
GLOBAL	I	7770001	7780000	0.00020616565816217	9607	1510416	7326225005	101388617
GLOBAL	I	7780001	7790000	0.00047044100513527	9580	3433776	7299057613	107681067
GLOBAL	I	7790001	7800000	0.00022322355421909	9581	1639256	7343561954	63949872
GLOBAL	I	7800001	7810000	0.00023648665677228	9544	1732576	7326316096	52589328
GLOBAL	I	7810001	7820000	0.00015369371058238	9543	1126924	7332271410	45860868
GLOBAL	I	7820001	7830000	0.00019994520355334	9659	1477596	7390004730	77812484
GLOBAL	I	7830001	7840000	0.00032878735670963	9545	2414056	7342301797	37376773
GLOBAL	I	7840001	7850000	0.00020256980875055	9647	1501404	7411785642	46753820
GLOBAL	I	7850001	7860000	0.00011082246300191	9689	826020	7453543060	37468534
GLOBAL	I	7860001	7870000	0.0004670631693723	9678	3465360	7419467488	63039500
GLOBAL	I	7870001	7880000	0.00030158049115874	9475	2186024	7248559055	76999295
GLOBAL	I	7880001	7890000	0.00033573394500268	9343	2236408	6661250771	562252307
GLOBAL	I	7890001	7900000	0.00027808463179489	9314	1968564	7079010398	122071446
GLOBAL	I	7900001	7910000	0.00027306956962012	9535	1986776	7275713668	96233442
GLOBAL	I	7910001	7920000	0.00025758038683977	9561	1881956	7306286100	85762806
GLOBAL	I	7920001	7930000	0.00010240407444318	9480	740756	7233657489	95766591
GLOBAL	I	7930001	7940000	0.00023590509294407	9459	1713360	7262920773	50267241
GLOBAL	I	7940001	7950000	0.0002087042996438	9587	1528476	7323644039	88506663
GLOBAL	I	7950001	7960000	0.00031134044268441	9369	2229776	7161857871	81747003
GLOBAL	I	7960001	7970000	0.00010344954898936	9717	767356	7417683378	94976304
GLOBAL	I	7970001	7980000	0.00016244595879279	9459	1169660	7200302234	112885780
GLOBAL	I	7980001	7990000	0.0003294786064974	9266	2331852	7077400335	86570501
GLOBAL	I	7990001	8000000	0.00025264660751853	9462	1818784	7198925083	116582369
GLOBAL	I	8000001	8010000	0.00023770101250709	8636	1534700	6456430218	220458638
GLOBAL	I	8010001	8020000	0.00030179642471619	8529	1875020	6212863528	381298706
GLOBAL	I	8020001	8030000	0.00014153560770219	4612	418580	2957418326	616835632
GLOBAL	I	8030001	8040000	0.00017342803517279	2981	56644	326613860	2071685032
GLOBAL	I	8040001	8050000	0.00012781524311468	2897	36820	288072057	2053787177
GLOBAL	I	8050001	8060000	9.2214345081394e-05	2284	28036	304030788	1544561298
GLOBAL	I	8060001	8070000	9.2099535459786e-05	325	3144	34136980	217135470
GLOBAL	I	8070001	8080000	0.00017574705555816	1794	33212	188976139	1273042947
GLOBAL	I	8080001	8090000	0.00086040635868827	711	48860	56787121	566368555
GLOBAL	I	8090001	8100000	0.00011248664718053	2763	43004	382303154	1774774186
GLOBAL	I	8100001	8110000	0.00056235205376975	5187	604952	1075753162	2944606038
GLOBAL	I	8110001	8120000	0.00052297051336964	7684	2135216	4082861166	1885825954
GLOBAL	I	8120001	8130000	0.00030893660854591	8770	1824404	5905431566	883563460
GLOBAL	I	8130001	8140000	0.00031113862215454	9218	2175468	6991957427	134902401
GLOBAL	I	8140001	8150000	0.00027982299967946	9203	1959840	7003856017	111406621
GLOBAL	I	8150001	8160000	0.00019101071163155	8746	1265052	6622937474	138997442
GLOBAL	I	8160001	8170000	0.00035408089290698	9412	2547664	7195146790	81703362
GLOBAL	I	8170001	8180000	0.0003869499159431	9489	2816660	7279133252	57249142
GLOBAL	I	8180001	8190000	0.0002439856802542	9634	1803368	7391286235	57202329
GLOBAL	I	8190001	8200000	0.00024711804914937	9477	1794208	7260529962	66574680
GLOBAL	I	8200001	8210000	0.00051268957611728	9232	3616260	7053507948	84175924
GLOBAL	I	8210001	8220000	0.0013253963361548	9452	9577032	7225787290	81988702
GLOBAL	I	8220001	8230000	0.00028302895753696	9096	1893332	6689534585	353052329
GLOBAL	I	8230001	8240000	0.00027672433641888	9673	1994060	7205943741	272697517
GLOBAL	I	8240001	8250000	0.0007505054327785	9168	5076360	6763921723	359845521
GLOBAL	I	8250001	8260000	0.00067972127150122	9339	4408440	6485658438	746349246
GLOBAL	I	8260001	8270000	0.00047176636554251	9473	3357920	7117760496	208571000
GLOBAL	I	8270001	8280000	0.00015048856750899	9841	1140344	7577612166	30917620
GLOBAL	I	8280001	8290000	0.00035884757489598	9549	2627856	7323042383	59728771
GLOBAL	I	8290001	8300000	0.0002719580181601	9284	1936980	7122349299	55538165
GLOBAL	I	8300001	8310000	0.00019594064571854	8206	1183400	6039584057	307171457
GLOBAL	I	8310001	8320000	0.00031038478766475	9318	2212020	7126702364	77472064
GLOBAL	I	8320001	8330000	0.0018892944908082	9292	13471668	7130528388	53544244
GLOBAL	I	8330001	8340000	0.0020503026767988	9564	14033212	6844458703	549909641
GLOBAL	I	8340001	8350000	0.0065615696122373	9235	46109156	7027153368	112849942
GLOBAL	I	8350001	8360000	0.0051181352601537	9180	33272780	6500957538	596522742
GLOBAL	I	8360001	8370000	0.001869704340398	9491	12197820	6523929873	813998813
GLOBAL	I	8370001	8380000	0.0038505109261225	8890	26150564	6791453005	81814935
GLOBAL	I	8380001	8390000	0.0031407356318885	9652	23150516	7371048924	91356268
GLOBAL	I	8390001	8400000	0.0023202578273489	9542	16681044	7189306207	188052925
GLOBAL	I	8400001	8410000	0.001120682032689	9654	7992068	7131432259	332519225
GLOBAL	I	8410001	8420000	0.00046915045156673	9042	3247296	6921651656	69134476
GLOBAL	I	8420001	8430000	0.0004618028636138	9393	3313804	7175797859	86362519
GLOBAL	I	8430001	8440000	0.0002847743325763	9076	1897312	6662510567	354562529
GLOBAL	I	8440001	8450000	0.00025704012095082	9731	1922900	7480933299	42550427
GLOBAL	I	8450001	8460000	0.00036527418685899	9545	2551000	6983794891	395883679
GLOBAL	I	8460001	8470000	0.00034104536014652	9555	2499604	7329242066	58167964
GLOBAL	I	8470001	8480000	0.00023339252450518	9706	1741528	7461798546	42356530
GLOBAL	I	8480001	8490000	0.00038209615386119	9665	2839020	7430119281	42336809
GLOBAL	I	8490001	8500000	0.00017118583619569	9645	1267012	7401383363	55609807
GLOBAL	I	8500001	8510000	0.00029877445595877	9559	2187024	7319983206	70519408
GLOBAL	I	8510001	8520000	0.00047014767302862	9819	3547664	7545850386	45670188
GLOBAL	I	8520001	8530000	0.00018131420357148	9449	1313124	7242256669	63199885
GLOBAL	I	8530001	8540000	0.00067794325263042	9186	4690796	6919157292	182961864
GLOBAL	I	8540001	8550000	0.0041424947028901	9088	27673576	6680413129	345937719
GLOBAL	I	8550001	8560000	0.0046349777424668	9173	32500380	7011981892	80086366
GLOBAL	I	8560001	8570000	0.0031204846361532	9057	21602652	6922851582	79531740
GLOBAL	I	8570001	8580000	0.0038602530332739	9024	26184396	6783077631	193791873
GLOBAL	I	8580001	8590000	0.0030829583707759	9053	21136260	6855836978	143453760
GLOBAL	I	8590001	8600000	0.0025497720297178	9430	18348452	7196114706	94652074
GLOBAL	I	8600001	8610000	0.0031917709024058	9675	23588156	7390303603	89883947
GLOBAL	I	8610001	8620000	0.0030982892057954	9438	22405612	7231607675	65344273
GLOBAL	I	8620001	8630000	0.00040783786253231	9267	2894512	7097212559	67531423
GLOBAL	I	8630001	8640000	0.00049468448172094	9611	3655960	7390488554	40217652
GLOBAL	I	8640001	8650000	0.00079232474861213	9539	5709812	7206403700	168635994
GLOBAL	I	8650001	8660000	0.00060097461434406	9547	4333880	7211419412	169805450
GLOBAL	I	8660001	8670000	0.00035227680328501	9527	2562192	7273235070	92526872
GLOBAL	I	8670001	8680000	0.00046514074281469	9660	3449548	7416138133	52452227
GLOBAL	I	8680001	8690000	0.0020537334565217	8870	13491928	6569463996	288341024
GLOBAL	I	8690001	8700000	0.002710235307011	9467	19654036	7251782142	67591040
GLOBAL	I	8700001	8710000	0.0024376834757634	9415	17317520	7104088850	175080740
GLOBAL	I	8710001	8720000	0.002443990053032	8640	15756132	6446888759	233092681
GLOBAL	I	8720001	8730000	0.0028387431108585	8915	17545464	6180715660	712654076
GLOBAL	I	8730001	8740000	0.00034752699145552	8874	2341368	6737226338	123671266
GLOBAL	I	8740001	8750000	0.00049881573091986	9383	3555552	7127986909	126442009
GLOBAL	I	8750001	8760000	0.00032516353313933	9399	2313020	7113405300	153393954
GLOBAL	I	8760001	8770000	0.00039982916123187	9500	2916588	7294585495	50301505
GLOBAL	I	8770001	8780000	0.00069183305593374	9240	4895576	7076238925	67630115
GLOBAL	I	8780001	8790000	0.00092801192560779	9268	6585124	7095947604	69569524
GLOBAL	I	8790001	8800000	0.00039324310117118	9084	2612764	6644144531	400761821
GLOBAL	I	8800001	8810000	0.00025738309319009	9238	1781828	6922863417	237241689
GLOBAL	I	8810001	8820000	0.0025406475852279	7967	14316984	5635171160	526029314
GLOBAL	I	8820001	8830000	0.0036106740905124	8990	23996136	6645888108	304694432
GLOBAL	I	8830001	8840000	0.00048465905792551	9527	3537944	7299861505	65900437
GLOBAL	I	8840001	8850000	0.00037975272236979	9535	2774644	7306449267	65497843
GLOBAL	I	8850001	8860000	0.00038537272502073	9149	2703980	7016531852	56980902
GLOBAL	I	8860001	8870000	0.00043666140345405	9484	3172336	7264979169	67537495
GLOBAL	I	8870001	8880000	0.00091873385146726	9547	6696724	7289079410	92145452
GLOBAL	I	8880001	8890000	0.0011362286242378	9711	8380368	7375600140	132420666
GLOBAL	I	8890001	8900000	0.00067271172656276	9603	4855524	7217837609	206683429
GLOBAL	I	8900001	8910000	0.00053862142866616	9625	3982644	7394143248	47387002
GLOBAL	I	8910001	8920000	0.00037754361374948	9687	2803436	7425462643	64002659
GLOBAL	I	8920001	8930000	0.00044091400401689	9567	3153972	7153258847	243428935
GLOBAL	I	8930001	8940000	0.00098295167578051	8983	6559116	6672877377	272293141
GLOBAL	I	8940001	8950000	0.00029620635279235	9037	2012140	6793034589	193885813
GLOBAL	I	8950001	8960000	0.00057478329286837	9369	4082892	7103358867	140246007
GLOBAL	I	8960001	8970000	0.00051994312734938	9071	3576816	6879244694	133962672
GLOBAL	I	8970001	8980000	0.0021902846754539	9216	15370876	7017752611	107560925
GLOBAL	I	8980001	8990000	0.0020526833923327	8957	13898160	6770727552	154341170
GLOBAL	I	8990001	9000000	0.0045819143926274	8893	30657372	6690952596	184634782
GLOBAL	I	9000001	9010000	0.0046270673024796	8908	30990208	6697591795	189592773
GLOBAL	I	9010001	9020000	0.0040138287591418	9216	26210428	6530031442	595282094
GLOBAL	I	9020001	9030000	0.0033029204004637	9176	20322512	6152891846	941495850
GLOBAL	I	9030001	9040000	0.0056973955584459	8832	37528552	6586966205	241459267
GLOBAL	I	9040001	9050000	0.0033174625964697	9566	24348916	7339620355	56294281
GLOBAL	I	9050001	9060000	0.001317182836746	9268	9343612	7093633275	71883853
GLOBAL	I	9060001	9070000	0.0014660923513386	9151	10166264	6934258944	140800102
GLOBAL	I	9070001	9080000	0.0015612557145926	8539	9713884	6221840477	426441977
GLOBAL	I	9080001	9090000	0.00034758469168469	9005	2292664	6595986690	366193040
GLOBAL	I	9090001	9100000	0.00023810652777464	9383	1701924	7147741878	106687040
GLOBAL	I	9100001	9110000	0.00044579297832154	9304	3145944	7056961758	136388626
GLOBAL	I	9110001	9120000	0.00012890461202503	9226	907664	7041361715	91683281
GLOBAL	I	9120001	9130000	0.00044539415775019	9204	3093220	6944904746	171131038
GLOBAL	I	9130001	9140000	0.00046931150592136	9347	3344624	7126660987	99934675
GLOBAL	I	9140001	9150000	0.00075831544663832	8619	4729004	6236196323	444558263
GLOBAL	I	9150001	9160000	0.00025241103515367	9457	1829080	7246434368	65207354
GLOBAL	I	9160001	9170000	0.001055401419587	8813	7076484	6705016564	108719134
GLOBAL	I	9170001	9180000	0.000694470918689	9434	4994708	7192105336	101754028
GLOBAL	I	9180001	9190000	0.0012468927266606	9162	8672144	6955004079	128559573
GLOBAL	I	9190001	9200000	0.0034468618021533	8619	22049592	6397004947	266740427
GLOBAL	I	9200001	9210000	0.022213332693847	8106	95724636	4309332477	1957788999
GLOBAL	I	9210001	9220000	0.019075379188706	7869	94476572	4952801780	1131084094
GLOBAL	I	9220001	9230000	0.016231546025274	8573	85181528	5247899853	1380280805
GLOBAL	I	9230001	9240000	0.02125552913437	8744	131222860	6173587078	586801546
GLOBAL	I	9240001	9250000	0.0081407384161484	9376	55727072	6845456659	403560237
GLOBAL	I	9250001	9260000	0.010426386264983	8940	68045508	6526279218	385646022
GLOBAL	I	9260001	9270000	0.0090220815222262	8550	55869484	6192527064	417871236
GLOBAL	I	9270001	9280000	0.010807951318856	9175	75016872	6940896548	152718002
GLOBAL	I	9280001	9290000	0.0095655035344018	5732	32841320	3433308020	1060989678
GLOBAL	I	9290001	9300000	0.010141052950841	8192	56180936	5539950957	793661075
GLOBAL	I	9300001	9310000	0.0080824638597524	9073	47629120	5892896130	1121857528
GLOBAL	I	9310001	9320000	0.00080207749096695	9502	5838748	7279531050	66902242
GLOBAL	I	9320001	9330000	0.00065039477735378	9247	4579756	7041501807	107779255
GLOBAL	I	9330001	9340000	0.00041746975021726	9630	3073504	7362219654	83176326
GLOBAL	I	9340001	9350000	0.00039009243630952	4818	1343500	3444055498	308022040
GLOBAL	I	9350001	9360000	0.00077180304061967	5387	2559804	3316654464	849056184
GLOBAL	I	9360001	9370000	0.00054854783037896	9608	4031900	7350133893	78252875
GLOBAL	I	9370001	9380000	0.00090936551594473	9234	5837032	6418796290	720433874
GLOBAL	I	9380001	9390000	0.00062117259852464	8958	4031504	6490151062	435690806
GLOBAL	I	9390001	9400000	0.00048520020901767	9008	3300660	6802676377	161822791
GLOBAL	I	9400001	9410000	0.00064948791152675	8849	4263712	6564728803	276840151
GLOBAL	I	9410001	9420000	0.00069618547157754	4463	366380	526267805	3248230967
GLOBAL	I	9420001	9430000	0.00012849906173021	3484	37420	291208352	2614274316
GLOBAL	I	9430001	9440000	0.0002526948299665	4249	60072	237725481	3164116919
GLOBAL	I	9440001	9450000	0.00038488696606991	6870	500844	1301275554	4375162378
GLOBAL	I	9450001	9460000	0.00032290201813931	8446	1652228	5116809147	1413181969
GLOBAL	I	9460001	9470000	0.00046718075498147	8363	2792468	5977275327	488544671
GLOBAL	I	9470001	9480000	0.00064250600282499	9050	4216868	6563157358	433813942
GLOBAL	I	9480001	9490000	0.00029037514812535	8892	1918408	6606653539	268160693
GLOBAL	I	9490001	9500000	0.00055727852202239	8863	3759060	6745388260	107004738
GLOBAL	I	9500001	9510000	0.00091653910757345	9389	6591396	7191614570	67453224
GLOBAL	I	9510001	9520000	0.00044855943637087	9023	3096596	6903424048	72672310
GLOBAL	I	9520001	9530000	0.00062969271544587	9505	4581116	7275161182	73591548
GLOBAL	I	9530001	9540000	0.00054741963073279	8931	3620752	6614216584	290750342
GLOBAL	I	9540001	9550000	0.00095087335225996	9067	6518616	6855398760	154716022
GLOBAL	I	9550001	9560000	0.000617796123134	9087	4257872	6892034185	133543517
GLOBAL	I	9560001	9570000	0.00058457526339818	9108	3809928	6517429386	573865726
GLOBAL	I	9570001	9580000	6.376242756177e-05	9270	454188	7123129049	43934371
GLOBAL	I	9580001	9590000	0.00013273016332022	9451	959588	7229615153	77387693
GLOBAL	I	9590001	9600000	0.0019502663235758	9058	13444740	6893796933	109359535
GLOBAL	I	9600001	9610000	0.0015067163671161	9190	10230548	6789962745	315248995
GLOBAL	I	9610001	9620000	0.0019970692773344	5081	3167116	1585881890	2466176296
GLOBAL	I	9620001	9630000	0.0047730951216843	6376	16379288	3431586336	1561390532
GLOBAL	I	9630001	9640000	0.0024266811355234	9102	16258512	6699896316	337278576
GLOBAL	I	9640001	9650000	0.0032341899113453	8938	20444764	6321448202	588930746
GLOBAL	I	9650001	9660000	0.015607819391032	7803	89197644	5714933122	317925116
GLOBAL	I	9660001	9670000	0.007005837794581	8136	40186500	5736144795	554171061
GLOBAL	I	9670001	9680000	0.0010667457397118	8826	7146512	6699358370	124428226
GLOBAL	I	9680001	9690000	0.00089963531329371	8372	5683608	6317679971	155098341
GLOBAL	I	9690001	9700000	0.00077223747744068	8864	5166940	6690869261	162296883
GLOBAL	I	9700001	9710000	0.00085082064143139	8752	5665940	6659382394	107191398
GLOBAL	I	9710001	9720000	0.0012293732644773	8641	8011040	6516361004	164393582
GLOBAL	I	9720001	9730000	0.0024551131278298	8211	14401548	5865940692	482361114
GLOBAL	I	9730001	9740000	0.0032322373714003	8516	20899732	6466026346	118084990
GLOBAL	I	9740001	9750000	0.0035250762637844	7913	18887772	5358117268	778342534
GLOBAL	I	9750001	9760000	0.0012563652388364	9029	8513032	6775921314	204813920
GLOBAL	I	9760001	9770000	0.0084375141597949	8222	47125592	5585245975	771560437
GLOBAL	I	9770001	9780000	0.015929217586526	7626	79325076	4979847602	916163794
GLOBAL	I	9780001	9790000	0.009576331913758	8667	47086164	4916931078	1783925304
GLOBAL	I	9790001	9800000	0.001466752042713	8823	9122736	6219685219	614152275
GLOBAL	I	9800001	9810000	0.00079890421175106	9222	5602520	7012755619	117196793
GLOBAL	I	9810001	9820000	0.00095174894767568	9097	6483740	6812447774	220861388
GLOBAL	I	9820001	9830000	0.00098205702225191	8708	6180920	6293850418	444890118
GLOBAL	I	9830001	9840000	0.00065583098099346	9323	4381212	6680398040	527642118
GLOBAL	I	9840001	9850000	0.00046139623973588	7033	1518276	3290611993	2197951461
GLOBAL	I	9850001	9860000	0.001405453821178	9222	9825444	6990940472	139011940
GLOBAL	I	9860001	9870000	0.0011185284787544	7515	5557772	4968824760	889302482
GLOBAL	I	9870001	9880000	0.00065663747812813	8985	4509404	6867417944	79298866
GLOBAL	I	9880001	9890000	0.00056083700366074	9174	3927944	7003717612	89123792
GLOBAL	I	9890001	9900000	0.00069312784542768	6538	3146772	4539959000	612285944
GLOBAL	I	9900001	9910000	0.00086648123854819	4390	1673696	1931600969	1560699513
GLOBAL	I	9910001	9920000	0.00060319667825141	7406	2334292	3869868791	1930272501
GLOBAL	I	9920001	9930000	0.00058183643259939	9263	4125204	7089971973	71679425
GLOBAL	I	9930001	9940000	0.00071377984856723	9238	5025188	7040249189	102073559
GLOBAL	I	9940001	9950000	0.0034354612323167	8917	22253084	6477466196	416676686
GLOBAL	I	9950001	9960000	0.0062514022982836	8897	41267252	6601279206	277400756
GLOBAL	I	9960001	9970000	0.0044706586530562	9101	30980796	6929805741	106596005
GLOBAL	I	9970001	9980000	0.00052740231682987	9294	3620348	6864490133	321128791
GLOBAL	I	9980001	9990000	0.0004884235773775	9331	3451884	7067398381	146826945
GLOBAL	I	9990001	10000000	0.0035036758899784	9063	22967748	6555328952	451693246
GLOBAL	I	10000001	10010000	0.013557179587232	8547	82307436	6071132677	536946185
GLOBAL	I	10010001	10020000	0.01688903468766	8190	95675476	5664946385	667119355
GLOBAL	I	10020001	10030000	0.017223444003107	6892	84918388	4930395337	398126895
GLOBAL	I	10030001	10040000	0.0095478961388968	7706	48050616	5032586792	927595722
GLOBAL	I	10040001	10050000	0.013091266888958	8124	78433448	5991280192	289757912
GLOBAL	I	10050001	10060000	0.0065021338136252	8145	38462044	5915295671	381978499
GLOBAL	I	10060001	10070000	0.0076941642275556	8207	45069964	5857681571	487527651
GLOBAL	I	10070001	10080000	0.0081899745640729	8183	43906452	5360999800	965653918
GLOBAL	I	10080001	10090000	0.0094699704606992	7746	42012736	4436416795	1552372121
GLOBAL	I	10090001	10100000	0.0044966201422541	8484	27328656	6077599427	481771237
GLOBAL	I	10100001	10110000	0.0040020133689935	8322	18807892	4699607489	1734513523
GLOBAL	I	10110001	10120000	0.005432419349475	9282	38238792	7038998564	137342608
GLOBAL	I	10120001	10130000	0.014972740368998	9166	100626592	6720652968	366003268
GLOBAL	I	10130001	10140000	0.014147713114748	8255	75309328	5323074294	1059245936
GLOBAL	I	10140001	10150000	0.0088036105014208	8361	25165312	2858521739	3605751967
GLOBAL	I	10150001	10160000	0.0061320249779006	8774	3681500	600372636	6183210368
GLOBAL	I	10160001	10170000	0.0063092134423306	7956	2814244	446053066	5705096510
GLOBAL	I	10170001	10180000	0.002971172155948	8366	11955704	4023901468	2444237968
GLOBAL	I	10180001	10190000	0.0072750140247238	7961	33979692	4670739037	1484276269
GLOBAL	I	10190001	10200000	0.010814219692996	7535	52910664	4892693648	932961462
GLOBAL	I	10200001	10210000	0.00045438940997838	9393	3238036	7126125585	136034793
GLOBAL	I	10210001	10220000	0.0035363876618739	9200	23449220	6630839784	482103416
GLOBAL	I	10220001	10230000	0.0053471552178247	8636	32661936	6108282754	568606102
GLOBAL	I	10230001	10240000	0.0037481694391556	8488	22654556	6044165390	518297858
GLOBAL	I	10240001	10250000	0.0064987866822326	8851	42053532	6470982055	372133191
GLOBAL	I	10250001	10260000	0.0024519967264001	8888	16177816	6597813050	273908598
GLOBAL	I	10260001	10270000	0.0020456214555199	9076	13997292	6842562177	174510919
GLOBAL	I	10270001	10280000	0.0018443242579559	8606	11986788	6499284466	154410010
GLOBAL	I	10280001	10290000	0.0013780706474724	9142	9611332	6974484231	93616501
GLOBAL	I	10290001	10300000	0.00051133958544624	8859	3442504	6732324463	116975951
GLOBAL	I	10300001	10310000	0.00070832992893061	9515	5117732	7225068137	131416053
GLOBAL	I	10310001	10320000	0.00069883892434549	8684	4516228	6462473458	251526406
GLOBAL	I	10320001	10330000	0.00088878292172226	9362	6353028	7148008636	90184216
GLOBAL	I	10330001	10340000	0.00067254073881691	9654	4971380	7391938827	72012657
GLOBAL	I	10340001	10350000	0.00094093046017467	8633	5350328	5686209796	1014646586
GLOBAL	I	10350001	10360000	0.00055720011360777	9205	3912880	7022396271	94412659
GLOBAL	I	10360001	10370000	0.00064279286581474	9431	4648288	7231393264	60146662
GLOBAL	I	10370001	10380000	0.00087359298064798	9371	6263256	7169535629	75615537
GLOBAL	I	10380001	10390000	0.00045904601102469	9598	3376760	7356038216	64617092
GLOBAL	I	10390001	10400000	0.00097288541535286	8957	6647608	6832878667	92190055
GLOBAL	I	10400001	10410000	0.00048266723802161	9197	3373704	6989709958	120913804
GLOBAL	I	10410001	10420000	0.00094863347606044	9247	6668372	7029450434	119830628
GLOBAL	I	10420001	10430000	0.00030645973641874	9254	2172328	7088461360	66231724
GLOBAL	I	10430001	10440000	0.00063135072928646	9262	4467252	7075705773	85172479
GLOBAL	I	10440001	10450000	0.00030768636758294	9141	2151948	6993966021	73361565
GLOBAL	I	10450001	10460000	0.00051659906179191	9811	3877376	7505580801	79754605
GLOBAL	I	10460001	10470000	0.00044092010354179	8278	2790616	6329074083	71028505
GLOBAL	I	10470001	10480000	0.00059152371673821	8620	3879808	6559006664	105511856
GLOBAL	I	10480001	10490000	0.00042284996914833	9406	3048628	7209715555	62495721
GLOBAL	I	10490001	10500000	0.0004176106336458	9571	3049924	7303271886	96508480
GLOBAL	I	10500001	10510000	0.00044811602052384	7674	2505752	5591748309	344466679
GLOBAL	I	10510001	10520000	0.00039103876029993	9371	2811828	7190663140	54488026
GLOBAL	I	10520001	10530000	0.00041609452924587	9318	2976864	7154297379	49877049
GLOBAL	I	10530001	10540000	0.00066929881993732	9425	4805264	7179549488	107351562
GLOBAL	I	10540001	10550000	0.00079736152012781	7710	3841924	4818296222	1175904716
GLOBAL	I	10550001	10560000	0.0008189192977125	9379	5774596	7051483603	199852731
GLOBAL	I	10560001	10570000	0.00030262924176911	9400	2185548	7221866556	45705844
GLOBAL	I	10570001	10580000	0.00099434571569181	8842	6648180	6685984457	150172475
GLOBAL	I	10580001	10590000	0.00084452330191653	8604	5447056	6449858740	202289444
GLOBAL	I	10590001	10600000	0.00061460907738857	8803	4112864	6691837383	114166855
GLOBAL	I	10600001	10610000	0.0008092326470088	8453	5216588	6446339034	89064104
GLOBAL	I	10610001	10620000	0.0012605519293223	9345	9023308	7158219975	66829395
GLOBAL	I	10620001	10630000	0.00035624217050268	9089	2348588	6592672610	461511494
GLOBAL	I	10630001	10640000	0.00087133334638346	9104	6069716	6966009077	72712107
GLOBAL	I	10640001	10650000	0.00057678229317036	9146	4022428	6973910343	97282973
GLOBAL	I	10650001	10660000	0.00044695250567938	9038	3074696	6879245470	108448078
GLOBAL	I	10660001	10670000	0.00045016223615703	9361	3222188	7157837200	79582506
GLOBAL	I	10670001	10680000	0.00031538806024535	8723	2079684	6594047975	150104583
GLOBAL	I	10680001	10690000	0.00034688580003483	9202	2444672	7047483638	67005854
GLOBAL	I	10690001	10700000	0.00059574699325281	9331	4262756	7155312655	58912671
GLOBAL	I	10700001	10710000	0.00057370652224802	8477	3711624	6469551689	84406953
GLOBAL	I	10710001	10720000	0.00048264584432099	8780	3191580	6612674775	175547105
GLOBAL	I	10720001	10730000	0.00043924907475091	8718	2790000	6351749293	397815287
GLOBAL	I	10730001	10740000	0.0006407036227954	8773	4240748	6618891870	163917988
GLOBAL	I	10740001	10750000	0.00046574038661294	8589	3024028	6492947760	147603234
GLOBAL	I	10750001	10760000	0.00090670762034561	8526	5831808	6431850653	159992143
GLOBAL	I	10760001	10770000	0.00062513799042622	9299	4404700	7045964359	143520295
GLOBAL	I	10770001	10780000	0.00056570704684073	9630	4154932	7344670750	100725230
GLOBAL	I	10780001	10790000	0.00075844061671863	9624	5604736	7389815203	50941901
GLOBAL	I	10790001	10800000	0.00065773886784706	9332	4572376	6951658513	263339959
GLOBAL	I	10800001	10810000	0.0010521661573644	8762	6531604	6207768568	566536684
GLOBAL	I	10810001	10820000	0.00077397051244273	9234	5422976	7006695879	132534285
GLOBAL	I	10820001	10830000	0.00093955273548953	9103	6303640	6709192323	328755715
GLOBAL	I	10830001	10840000	0.00080507990140897	8872	5411364	6721524150	137827162
GLOBAL	I	10840001	10850000	0.0012232572820914	8404	7758196	6342243871	155275113
GLOBAL	I	10850001	10860000	0.0082716760033795	7867	37735744	4562043289	1576735951
GLOBAL	I	10860001	10870000	0.0048049600992235	8296	27795064	5784660731	629358485
GLOBAL	I	10870001	10880000	0.0065581066176264	8041	34615868	5278332607	938534379
GLOBAL	I	10880001	10890000	0.0097269517295248	7588	52091696	5355397811	511234037
GLOBAL	I	10890001	10900000	0.0072893308317311	6749	28853576	3958329875	1259632479
GLOBAL	I	10900001	10910000	0.0084447870022003	7768	45185560	5350704522	655093606
GLOBAL	I	10910001	10920000	0.0063175688406286	6854	28786708	4556611685	742530999
GLOBAL	I	10920001	10930000	0.0079960036534773	8052	43870916	5486605297	738766295
GLOBAL	I	10930001	10940000	0.0018284131987991	8884	12320028	6738098373	130530691
GLOBAL	I	10940001	10950000	0.00098050268283347	8786	6493332	6622452048	170408708
GLOBAL	I	10950001	10960000	0.0011787482644278	8245	7052508	5983048470	396952322
GLOBAL	I	10960001	10970000	0.0026339640208827	8795	17536600	6657873783	141945287
GLOBAL	I	10970001	10980000	0.0050756637216995	8763	33634608	6626642316	148436082
GLOBAL	I	10980001	10990000	0.011928717904278	7890	57771468	4843057608	1257064332
GLOBAL	I	10990001	11000000	0.017365063293303	8625	107946784	6216319640	452064610
GLOBAL	I	11000001	11010000	0.0067670618780207	8716	43709956	6459222154	279518382
GLOBAL	I	11010001	11020000	0.0018486288849408	9091	12852208	6952292104	76378182
GLOBAL	I	11020001	11030000	0.00066266832239228	9363	4753432	7173169200	65796798
GLOBAL	I	11030001	11040000	0.00051535914250994	9191	3560224	6908238753	197746133
GLOBAL	I	11040001	11050000	0.00086454024891938	9126	6005276	6946207545	109522851
GLOBAL	I	11050001	11060000	0.0003285498095551	9478	2392220	7281148643	46729145
GLOBAL	I	11060001	11070000	0.0013799871697558	8943	8907952	6455097696	459146982
GLOBAL	I	11070001	11080000	0.0016900407983774	9106	11424264	6759756339	280511137
GLOBAL	I	11080001	11090000	0.0011097190327104	9314	7941860	7156640344	44441500
GLOBAL	I	11090001	11100000	0.00092877515289248	9026	5929312	6384012300	599815518
GLOBAL	I	11100001	11110000	0.00026289114689284	9380	1891908	7196545119	55564361
GLOBAL	I	11110001	11120000	0.00091104863541579	8617	5972380	6555500736	106698346
GLOBAL	I	11120001	11130000	0.00073752647105816	9033	5060084	6860884590	122943228
GLOBAL	I	11130001	11140000	0.00068161686218533	7026	2951696	4330432775	1151172365
GLOBAL	I	11140001	11150000	0.0010250325985234	8708	6403572	6247188635	517838865
GLOBAL	I	11150001	11160000	0.00033048581192368	8071	1862460	5635521807	641650567
GLOBAL	I	11160001	11170000	0.00067077101114749	9134	4652460	6935988471	125927093
GLOBAL	I	11170001	11180000	0.00089263594953713	9185	6226852	6975802401	125543609
GLOBAL	I	11180001	11190000	0.00047786895474259	8898	3231964	6763285139	116167969
GLOBAL	I	11190001	11200000	0.0008617318011195	8771	5692712	6606129648	175133918
GLOBAL	I	11200001	11210000	0.00042184802638474	4833	982972	2330156688	1501554888
GLOBAL	I	11210001	11220000	0.00070512231074146	7830	3961816	5618622386	435883940
GLOBAL	I	11220001	11230000	0.00032587734077484	9363	2327748	7143018887	95947111
GLOBAL	I	11230001	11240000	0.00044300255366199	9017	3045472	6874614999	96842483
GLOBAL	I	11240001	11250000	0.00056350531204638	8951	3819368	6777873994	142555852
GLOBAL	I	11250001	11260000	0.0016526580475335	9029	11076684	6702344757	278390477
GLOBAL	I	11260001	11270000	0.001116079376458	6186	3945996	3535587238	1306626160
GLOBAL	I	11270001	11280000	0.00080326238610267	7635	3582976	4460530036	1474911806
GLOBAL	I	11280001	11290000	0.00090862178107049	8447	5711032	6285378712	245385550
GLOBAL	I	11290001	11300000	0.0007680932177417	8547	4939256	6430542395	177536467
GLOBAL	I	11300001	11310000	0.00088387642348079	7858	5060464	5725307142	356259294
GLOBAL	I	11310001	11320000	0.00063407569584698	9256	4421748	6973533332	182706044
GLOBAL	I	11320001	11330000	0.0005918814973646	9220	4165136	7037111345	91294775
GLOBAL	I	11330001	11340000	0.0003284768056139	8638	2087460	6354969253	342021399
GLOBAL	I	11340001	11350000	0.00082990684621043	8390	5003292	6028739277	484242627
GLOBAL	I	11350001	11360000	0.0005767652185029	8838	3824628	6631169629	201894719
GLOBAL	I	11360001	11370000	0.0004798384578088	9342	3386832	7058275436	164454496
GLOBAL	I	11370001	11380000	0.00070494715385632	7647	3669184	5204906467	746771441
GLOBAL	I	11380001	11390000	0.00093175793199355	9069	6342184	6806686353	204974721
GLOBAL	I	11390001	11400000	0.001461304006503	8845	9734540	6661543359	176933011
GLOBAL	I	11400001	11410000	0.0005077681928771	9218	3518000	6928358352	198501476
GLOBAL	I	11410001	11420000	0.00052767003813369	9260	3735820	7079841056	79490904
GLOBAL	I	11420001	11430000	0.00060633960927153	8360	3696116	6095785173	383178307
GLOBAL	I	11430001	11440000	0.0011699944662288	9121	7457300	6373790830	678073836
GLOBAL	I	11440001	11450000	0.0046056146137989	8708	30126204	6541190813	191364555
GLOBAL	I	11450001	11460000	0.0037268348888961	7068	18982312	5093413732	371182196
GLOBAL	I	11460001	11470000	0.0024124186145996	8429	14496736	6009212461	507635173
GLOBAL	I	11470001	11480000	0.0046023841162741	8201	27692012	6016884141	323686205
GLOBAL	I	11480001	11490000	0.004083822317268	8239	24931564	6104958067	264991827
GLOBAL	I	11490001	11500000	0.0044020063642774	8282	26960360	6124561795	278633377
GLOBAL	I	11500001	11510000	0.0037472750934352	8370	23217228	6195762900	275469120
GLOBAL	I	11510001	11520000	0.0049334136023514	9173	34454992	6984006365	108061893
GLOBAL	I	11520001	11530000	0.0033631576933374	8274	20514040	6099636672	297373332
GLOBAL	I	11530001	11540000	0.0028619291019072	8047	17116864	5980883310	240622552
GLOBAL	I	11540001	11550000	0.0048892558439817	8590	31258968	6393399936	247924204
GLOBAL	I	11550001	11560000	0.0018696489812793	8093	11322292	6055838349	201232229
GLOBAL	I	11560001	11570000	0.0012449901086175	8529	7731308	6209935281	384226953
GLOBAL	I	11570001	11580000	0.00097364847787563	8607	6330632	6501968774	152498848
GLOBAL	I	11580001	11590000	0.00055937882125591	8652	3667072	6555614658	133644534
GLOBAL	I	11590001	11600000	0.00049249684629115	8871	3321396	6743994454	114583712
GLOBAL	I	11600001	11610000	0.0004853587214428	9069	3361244	6925277844	86383230
GLOBAL	I	11610001	11620000	0.00043643042703003	9247	3056704	7003874640	145406422
GLOBAL	I	11620001	11630000	0.00026204593161185	8984	1784028	6808073642	137870022
GLOBAL	I	11630001	11640000	0.00069032622234833	8712	4569340	6619102465	116545487
GLOBAL	I	11640001	11650000	0.0012062126238546	9190	7978736	6614701125	490510615
GLOBAL	I	11650001	11660000	0.00065887104022841	7567	3343064	5073927667	839866087
GLOBAL	I	11660001	11670000	0.0003232446565805	9393	2314304	7159604816	102555562
GLOBAL	I	11670001	11680000	0.0003598693953712	9433	2577052	7161075749	132010469
GLOBAL	I	11680001	11690000	0.00014218623869042	9443	1022052	7188121786	112695892
GLOBAL	I	11690001	11700000	0.00046947869104734	9118	3266308	6957308313	92236915
GLOBAL	I	11700001	11710000	0.00042479772101911	8490	2663144	6269205008	294804532
GLOBAL	I	11710001	11720000	0.00069612938549132	9147	4792964	6885162586	186803876
GLOBAL	I	11720001	11730000	0.0014327784208378	5524	4457180	3110864831	1367196801
GLOBAL	I	11730001	11740000	0.00084052034719403	3570	1457180	1733664158	1046568858
GLOBAL	I	11740001	11750000	0.0012913609409918	6047	5498300	4257756159	417457703
GLOBAL	I	11750001	11760000	1.1428065056451e-06	858	48	42001861	702537737
GLOBAL	I	11760001	11770000	0.00098536515871718	4859	1655152	1679734650	2176717598
GLOBAL	I	11770001	11780000	0.00087203486664276	7167	4138408	4745690979	804724155
GLOBAL	I	11780001	11790000	0.0026019813019972	9028	17789176	6836780874	143181214
GLOBAL	I	11790001	11800000	0.00051749229488679	9409	3687156	7125045216	149485498
GLOBAL	I	11800001	11810000	0.00031757106903965	9359	2269108	7145197473	90675941
GLOBAL	I	11810001	11820000	0.00034289734687865	9257	2407616	7021389993	135622529
GLOBAL	I	11820001	11830000	0.00020834591792916	9518	1513464	7264188399	94615229
GLOBAL	I	11830001	11840000	0.00018665200930887	9384	1330676	7129181223	126020841
GLOBAL	I	11840001	11850000	0.00032184447832141	9536	2324772	7223277566	149442690
GLOBAL	I	11850001	11860000	0.00023370613568854	8985	1604864	6867016971	79699839
GLOBAL	I	11860001	11870000	0.00016150516570335	9519	1176972	7287519225	72057549
GLOBAL	I	11870001	11880000	0.00025180768162448	9592	1853408	7360410882	55605550
GLOBAL	I	11880001	11890000	0.00024667331459452	9568	1810628	7340185958	57274970
GLOBAL	I	11890001	11900000	0.00027665250606409	9602	2041792	7380348832	43399060
GLOBAL	I	11900001	11910000	0.0003356537003372	9398	2256300	6722106736	543919372
GLOBAL	I	11910001	11920000	0.00035166075893794	9476	2542440	7229808659	96522837
GLOBAL	I	11920001	11930000	0.00030466844659709	9431	2199224	7218417347	73122579
GLOBAL	I	11930001	11940000	0.00051913030536357	9690	3867372	7449713415	42071325
GLOBAL	I	11940001	11950000	0.00035482018358597	9803	2677500	7546075798	33074440
GLOBAL	I	11950001	11960000	0.0004069754924168	9456	2940788	7225958454	84910122
GLOBAL	I	11960001	11970000	0.00034509544494451	9738	2581952	7481848972	47046776
GLOBAL	I	11970001	11980000	0.00062196597300077	9863	4729096	7603464185	22074813
GLOBAL	I	11980001	11990000	0.00032988768514409	9843	2499588	7577087938	32988140
GLOBAL	I	11990001	12000000	0.00052449790136076	9647	3693808	7042560114	415979348
GLOBAL	I	12000001	12010000	0.00011729919375362	9686	874352	7454032479	34659677
GLOBAL	I	12010001	12020000	0.00027205168647789	9856	2062116	7579868468	40258508
GLOBAL	I	12020001	12030000	0.00031489867809702	9712	2354216	7476106328	32687624
GLOBAL	I	12030001	12040000	0.00028814561669774	9715	2157780	7488505377	22608013
GLOBAL	I	12040001	12050000	0.00037925214666398	7740	2117340	5582934780	407400428
GLOBAL	I	12050001	12060000	0.00042502700924833	9781	3200044	7529036815	33104211
GLOBAL	I	12060001	12070000	0.00032189876021982	9719	2409984	7486776272	27429702
GLOBAL	I	12070001	12080000	0.00024816540562685	9665	1832348	7383575464	88880626
GLOBAL	I	12080001	12090000	0.00018882124677361	9524	1384268	7331102954	32339550
GLOBAL	I	12090001	12100000	0.00034375863405178	9805	2576308	7494525940	86170590
GLOBAL	I	12100001	12110000	0.00021777157956701	9886	1654308	7596528451	46792905
GLOBAL	I	12110001	12120000	0.00051599349510547	9777	3875256	7510280724	48767718
GLOBAL	I	12120001	12130000	0.00027661652184291	9538	2026732	7326865317	47401231
GLOBAL	I	12130001	12140000	0.00035593775894357	9367	2561404	7196213202	45845380
GLOBAL	I	12140001	12150000	0.00042553741018389	9823	3208880	7540770619	53842539
GLOBAL	I	12150001	12160000	0.00047855644673407	9627	3542264	7401977393	41099149
GLOBAL	I	12160001	12170000	0.00046402977052642	9787	3495544	7533016677	33763225
GLOBAL	I	12170001	12180000	0.00028081823845438	9534	2048136	7293457901	77716063
GLOBAL	I	12180001	12190000	0.00016594332152181	9509	1214440	7318402385	33442929
GLOBAL	I	12190001	12200000	0.000382800335811	9730	2865036	7484413497	38297083
GLOBAL	I	12200001	12210000	0.00025941780378439	9688	1927868	7431517698	58720750
GLOBAL	I	12210001	12220000	0.00056389248058275	9641	4178416	7409951620	43948966
GLOBAL	I	12220001	12230000	0.00022584138739293	8959	1473056	6522524578	414914480
GLOBAL	I	12230001	12240000	0.00033164223146444	9844	2511644	7573353939	37495285
GLOBAL	I	12240001	12250000	0.00015967632639737	9478	1158948	7258107862	69769926
GLOBAL	I	12250001	12260000	0.00025675010232636	9789	1928152	7509839266	58486928
GLOBAL	I	12260001	12270000	0.00047314411006364	8115	2549912	5389292492	1037870206
GLOBAL	I	12270001	12280000	0.00051538844589705	5331	656504	1273804264	2909688742
GLOBAL	I	12280001	12290000	5.8073735755028e-05	4375	100920	1737790736	1644723014
GLOBAL	I	12290001	12300000	3.819364468144e-05	1170	22788	596643766	307937054
GLOBAL	II	1	10000	6.1383148370955e-05	122	1300	21178451	73145361
GLOBAL	II	10001	20000	5.453834365335e-05	3006	34784	637789813	1726490655
GLOBAL	II	20001	30000	0.00056815539793432	6492	2098196	3692996683	1344049507
GLOBAL	II	30001	40000	0.00041516742524151	9510	3024008	7283827719	68790741
GLOBAL	II	40001	50000	0.00032112680823658	9505	2335856	7273936464	74816266
GLOBAL	II	50001	60000	0.0004441957008592	9648	3127316	7040401323	420457577
GLOBAL	II	60001	70000	0.00027350214975578	9744	2045836	7480145958	53388666
GLOBAL	II	70001	80000	0.00033035836960164	9463	2404580	7278701620	37578978
GLOBAL	II	80001	90000	0.00023482823152125	9656	1735280	7389571470	75926306
GLOBAL	II	90001	100000	0.00022833132655859	9780	1714484	7508755044	52612836
GLOBAL	II	100001	110000	0.00031613274650568	9517	2308144	7301186054	56844428
GLOBAL	II	110001	120000	0.00022764633126086	9812	1719852	7554929572	31178980
GLOBAL	II	120001	130000	0.00023572862675069	9756	1763120	7479447975	63364401
GLOBAL	II	130001	140000	0.00034578937612157	9705	2583624	7471669688	31712242
GLOBAL	II	140001	150000	0.00031871596589903	9743	2384348	7481106236	51655242
GLOBAL	II	150001	160000	0.00037098232475406	9814	2802380	7553944792	33710052
GLOBAL	II	160001	170000	0.00041213856779184	9697	2974076	7216204045	280992717
GLOBAL	II	170001	180000	0.00025089287441482	9713	1870484	7455309380	54257718
GLOBAL	II	180001	190000	0.00039793706976969	8679	2623780	6593454592	117452688
GLOBAL	II	190001	200000	0.00029514522015527	9655	2192872	7429806923	34917707
GLOBAL	II	200001	210000	0.00023001800714276	9561	1691228	7352589569	39459337
GLOBAL	II	210001	220000	0.00037451876131227	9860	2837540	7576496275	46723285
GLOBAL	II	220001	230000	0.00045751723244671	9521	3345304	7311864478	49258588
GLOBAL	II	230001	240000	0.00043597765021249	9471	3167836	7266051364	56414402
GLOBAL	II	240001	250000	0.00054594943027744	9538	4001464	7329367480	44899068
GLOBAL	II	250001	260000	0.00040648387023744	9482	2954844	7269277372	61693000
GLOBAL	II	260001	270000	0.00041639640498158	9507	3040212	7301244592	49054430
GLOBAL	II	270001	280000	0.00029494487740259	9693	2201068	7462641899	31462279
GLOBAL	II	280001	290000	0.00030171690506138	9484	2185740	7244340517	88176147
GLOBAL	II	290001	300000	0.00040735473014151	9661	3030012	7438263940	31099566
GLOBAL	II	300001	310000	0.000241830185177	9640	1794076	7418743027	34384413
GLOBAL	II	310001	320000	0.00031499796597257	9746	2362528	7500137319	34943597
GLOBAL	II	320001	330000	0.00050994203740643	9509	3731216	7316941390	34903924
GLOBAL	II	330001	340000	0.00017622355679553	9340	1264808	7177292429	43891211
GLOBAL	II	340001	350000	0.00046936673869385	9865	3557364	7579071346	48013944
GLOBAL	II	350001	360000	0.00026614826323477	9486	1935396	7271871612	62191344
GLOBAL	II	360001	370000	0.00028263553300947	9833	2139340	7569253509	33091109
GLOBAL	II	370001	380000	0.00022607753749368	9767	1697536	7508645126	42671856
GLOBAL	II	380001	390000	0.0003358728780007	9774	2528196	7527240708	29488296
GLOBAL	II	390001	400000	0.00054650411447838	9137	3786184	6928006395	136228607
GLOBAL	II	400001	410000	0.00051747234646282	9835	3914284	7564238025	39652885
GLOBAL	II	410001	420000	0.00024120563514952	9558	1771620	7344853278	44876190
GLOBAL	II	420001	430000	0.00038009645319947	9628	2804948	7379568992	64280696
GLOBAL	II	430001	440000	0.00046692783303795	9409	3185768	6822827372	451703342
GLOBAL	II	440001	450000	0.00034254344398767	9753	2567736	7496088584	44404354
GLOBAL	II	450001	460000	0.00024846976396239	9673	1843332	7418737679	59903579
GLOBAL	II	460001	470000	0.00046681615602848	9370	3324452	7121544439	122833581
GLOBAL	II	470001	480000	0.00041453872519932	9450	3004232	7247168521	59061179
GLOBAL	II	480001	490000	0.00043836070237957	9100	3043960	6943961864	91666736
GLOBAL	II	490001	500000	0.00059645396119122	9341	4261028	7143934448	78022338
GLOBAL	II	500001	510000	0.00071301246079731	9285	5047500	7079118918	99541692
GLOBAL	II	510001	520000	0.00077928723203231	9246	5501884	7060149036	88358880
GLOBAL	II	520001	530000	0.00040820777130536	9358	2929116	7175551780	59548488
GLOBAL	II	530001	540000	0.00073115355486042	9321	5186048	7092966950	113526916
GLOBAL	II	540001	550000	0.0006056582893425	9372	4322900	7137523049	108401263
GLOBAL	II	550001	560000	0.00028997801468757	9620	2130744	7347950162	89714358
GLOBAL	II	560001	570000	0.00086811349259369	9290	6166108	7102882345	79643995
GLOBAL	II	570001	580000	0.0027881132250826	8546	17357444	6225516182	381789534
GLOBAL	II	580001	590000	0.0046869627808853	8900	31233456	6663901008	217098392
GLOBAL	II	590001	600000	0.0032393659819795	8744	21233820	6554930847	205457777
GLOBAL	II	600001	610000	0.0024691795100075	8354	15740824	6374920874	83940810
GLOBAL	II	610001	620000	0.0020843784944104	8802	13849192	6644278876	160952216
GLOBAL	II	620001	630000	0.0019905529496372	9271	13725592	6895366437	272470129
GLOBAL	II	630001	640000	0.00065260828125425	8868	4341152	6652002625	204256103
GLOBAL	II	640001	650000	0.00094502597276765	9229	6538940	6919323054	216041380
GLOBAL	II	650001	660000	0.00078531944684118	9291	5548264	7064977217	118322269
GLOBAL	II	660001	670000	0.00060721639315739	9476	4394152	7236550346	89781150
GLOBAL	II	670001	680000	0.00052399716942303	9297	3724060	7107023124	80915238
GLOBAL	II	680001	690000	0.00098190719847458	9035	6785884	6910921939	74452171
GLOBAL	II	690001	700000	0.0010317825114156	8950	6971868	6757110072	162546628
GLOBAL	II	700001	710000	0.0010333678683632	9135	7170336	6938802937	123885773
GLOBAL	II	710001	720000	0.00097652798728052	9279	6889324	7054917104	119104630
GLOBAL	II	720001	730000	0.00098204490704809	9163	6796832	6921101012	163235786
GLOBAL	II	730001	740000	0.0014277068251815	8345	8205812	5747546944	727550806
GLOBAL	II	740001	750000	0.0011979861828772	8865	8081192	6745647083	108292207
GLOBAL	II	750001	760000	0.0010094316580221	8445	6479680	6419136896	110081074
GLOBAL	II	760001	770000	0.00078794234935165	9178	5433236	6895474021	200459967
GLOBAL	II	770001	780000	0.00097286399155742	8757	6417364	6596362961	174076561
GLOBAL	II	780001	790000	0.00098290562945999	9027	6651632	6767314990	211873952
GLOBAL	II	790001	800000	0.0036500798314795	8885	24517392	6716946788	152455422
GLOBAL	II	800001	810000	0.0044137029416879	8831	29718740	6733289574	94362752
GLOBAL	II	810001	820000	0.001221453032488	9003	8233176	6740476941	220156497
GLOBAL	II	820001	830000	0.0016426565703667	9147	11329412	6897005865	174960597
GLOBAL	II	830001	840000	0.00099532515076088	8818	6556560	6587354891	230246537
GLOBAL	II	840001	850000	0.00092875336959901	8551	5713868	6152190869	513100797
GLOBAL	II	850001	860000	0.00094036187343225	8967	6302032	6701709393	231090789
GLOBAL	II	860001	870000	0.0011286568856425	8967	7660376	6787161003	145639179
GLOBAL	II	870001	880000	0.001229240591486	8847	8166832	6643802732	196219930
GLOBAL	II	880001	890000	0.00086424782827647	8260	5072844	5869663578	541263054
GLOBAL	II	890001	900000	0.00085022103140785	8609	5232092	6153802137	502211777
GLOBAL	II	900001	910000	0.00080836164365484	9233	5612944	6943605061	194851957
GLOBAL	II	910001	920000	0.0011575442936941	8318	6683352	5773733270	657295158
GLOBAL	II	920001	930000	0.0045139467419684	8460	27921840	6185682197	355132963
GLOBAL	II	930001	940000	0.0010090622210578	8973	6847288	6785793638	151645420
GLOBAL	II	940001	950000	0.0007502513938541	8553	4868312	6488907638	123810100
GLOBAL	II	950001	960000	0.00077626397960661	9132	5405216	6963115824	97253448
GLOBAL	II	960001	970000	0.0010566384577194	9222	7379516	6983955530	145996882
GLOBAL	II	970001	980000	0.00089431168848697	9077	6059628	6775745054	242101188
GLOBAL	II	980001	990000	0.00072902625003327	9170	5048760	6925347338	164401482
GLOBAL	II	990001	1000000	0.000731584356986	8616	4770448	6520708042	140717894
GLOBAL	II	1000001	1010000	0.00092943482273799	9194	6495260	6988397509	119906815
GLOBAL	II	1010001	1020000	0.00087943847893292	9126	6068392	6900303029	155427367
GLOBAL	II	1020001	1030000	0.00089874928483246	9093	6215216	6915405781	114810797
GLOBAL	II	1030001	1040000	0.0011859612097598	9024	8101812	6831430854	145438650
GLOBAL	II	1040001	1050000	0.00088032589025115	8634	5733188	6512574563	162768001
GLOBAL	II	1050001	1060000	0.0008182390119127	9117	5679460	6941077017	107695065
GLOBAL	II	1060001	1070000	0.00061480477570699	9518	4428600	7203262198	155541430
GLOBAL	II	1070001	1080000	0.002655825793426	8888	17517060	6595711226	276010422
GLOBAL	II	1080001	1090000	0.002804628828599	8641	17895456	6380686035	300068551
GLOBAL	II	1090001	1100000	0.0031033361873732	8328	19132344	6165089067	273670821
GLOBAL	II	1100001	1110000	0.0041872960232121	8849	27191760	6493870949	347698005
GLOBAL	II	1110001	1120000	0.010554307033468	7490	49161532	4657959243	1157644969
GLOBAL	II	1120001	1130000	0.0080783976369648	8308	46450016	5749904633	673392335
GLOBAL	II	1130001	1140000	0.0086892447859516	7238	38411140	4420538372	1224200574
GLOBAL	II	1140001	1150000	0.0046346495087948	8093	26123456	5636554814	620515764
GLOBAL	II	1150001	1160000	0.00091362901004312	8785	6037992	6608800655	183286955
GLOBAL	II	1160001	1170000	0.00065162301646211	8506	4185984	6423935150	152444726
GLOBAL	II	1170001	1180000	0.0011593218523768	8852	7766520	6699192277	144696115
GLOBAL	II	1180001	1190000	0.00057298644686983	9200	4006692	6992647072	120296128
GLOBAL	II	1190001	1200000	0.00069321088613167	8877	4673280	6741498285	121718757
GLOBAL	II	1200001	1210000	0.0014137744461319	8842	9414128	6658861338	177295594
GLOBAL	II	1210001	1220000	0.00097411275726	8701	6346116	6514765311	212378035
GLOBAL	II	1220001	1230000	0.0012341893481319	8755	8147876	6601803858	167089372
GLOBAL	II	1230001	1240000	0.00089767202811886	9154	6152248	6853558769	223819715
GLOBAL	II	1240001	1250000	0.0070268008475108	8196	37661552	5359701067	977003549
GLOBAL	II	1250001	1260000	0.0083120814840446	8014	37905080	4560239222	1635752822
GLOBAL	II	1260001	1270000	0.0021972861596301	9012	14587776	6638996899	328594853
GLOBAL	II	1270001	1280000	0.0019355723093209	8819	12659736	6540564741	277809833
GLOBAL	II	1280001	1290000	0.0022896726203562	8790	14749104	6441577660	354375680
GLOBAL	II	1290001	1300000	0.0027093077413988	8242	16072916	5932480742	439788590
GLOBAL	II	1300001	1310000	0.0025805861603075	8303	15343636	5945794888	473636350
GLOBAL	II	1310001	1320000	0.0066377113696154	7539	33868136	5102381546	726366148
GLOBAL	II	1320001	1330000	0.0030982281751739	7496	12574096	4058479650	1737022766
GLOBAL	II	1330001	1340000	0.0032193094213283	7056	11343624	3523620291	1931697885
GLOBAL	II	1340001	1350000	0.0093013795262078	6568	32725648	3518364981	1565843115
GLOBAL	II	1350001	1360000	0.017000628662628	8157	83137908	4890284333	1416267589
GLOBAL	II	1360001	1370000	0.010026104518985	7753	54266848	5412555584	581645354
GLOBAL	II	1370001	1380000	0.0037603050546247	7468	18059760	4802738006	971116322
GLOBAL	II	1380001	1390000	0.0023699922074593	8266	12168804	5134533338	1256291498
GLOBAL	II	1390001	1400000	0.017852840583123	7989	96294732	5393804507	782858887
GLOBAL	II	1400001	1410000	0.015675516607198	8262	75513556	4817292973	1570439279
GLOBAL	II	1410001	1420000	0.015779600202221	7768	63401848	4017962888	1987835240
GLOBAL	II	1420001	1430000	0.022131727367951	8311	126566652	5718787779	706828627
GLOBAL	II	1430001	1440000	0.002811681516646	8662	16911728	6014809252	781144088
GLOBAL	II	1440001	1450000	0.0021130298802537	9113	14550632	6886145878	159533620
GLOBAL	II	1450001	1460000	0.008304532199575	8364	49920300	6011211565	455381579
GLOBAL	II	1460001	1470000	0.0037634209424889	8781	23615188	6274926021	514069005
GLOBAL	II	1470001	1480000	0.0011271809419479	9198	7552804	6700613645	410783263
GLOBAL	II	1480001	1490000	0.00075171246280151	9291	5272632	7014160681	169138805
GLOBAL	II	1490001	1500000	0.00095031258120322	8901	6372836	6706041913	175730633
GLOBAL	II	1500001	1510000	0.0014659860546471	8725	9456848	6450844447	294854403
GLOBAL	II	1510001	1520000	0.00089543802066648	9476	6462556	7217200801	109130695
GLOBAL	II	1520001	1530000	0.00069768673384087	9506	5050212	7238509427	111016449
GLOBAL	II	1530001	1540000	0.00069204839522159	8219	4241308	6128629196	225857778
GLOBAL	II	1540001	1550000	0.00089133547234512	8641	5787100	6492617179	188137407
GLOBAL	II	1550001	1560000	0.0012697925970509	8641	8246932	6494707891	186046695
GLOBAL	II	1560001	1570000	0.00076364660025488	8757	5066608	6634754870	135684652
GLOBAL	II	1570001	1580000	0.0010600148161472	8515	6808344	6422876262	160461928
GLOBAL	II	1580001	1590000	0.00073636497046185	8953	3089068	4195023017	2726953121
GLOBAL	II	1590001	1600000	0.007296014397238	7032	34154752	4681289008	755473664
GLOBAL	II	1600001	1610000	0.0057893211993605	4272	13155324	2272343086	1031309772
GLOBAL	II	1610001	1620000	0.0012093601363276	8375	7578452	6266497276	208600474
GLOBAL	II	1620001	1630000	0.00068230574938963	9355	4839596	7093001934	139778896
GLOBAL	II	1630001	1640000	0.00082607905859958	9267	5786012	7004186754	160557228
GLOBAL	II	1640001	1650000	0.0012740916126353	8874	8331976	6539542304	321355300
GLOBAL	II	1650001	1660000	0.00098496755459844	9114	6787148	6890732561	155720083
GLOBAL	II	1660001	1670000	0.0011911222109149	9286	8448188	7092629054	86804702
GLOBAL	II	1670001	1680000	0.00071260311453577	8719	4496044	6309324094	431735880
GLOBAL	II	1680001	1690000	0.0003679912323332	9454	2652544	7208171736	101150548
GLOBAL	II	1690001	1700000	0.00058113407489407	9204	4078952	7018951695	97084089
GLOBAL	II	1700001	1710000	0.00077006275589119	8405	4857688	6308171591	190120539
GLOBAL	II	1710001	1720000	0.0005143307867543	9302	3614456	7027492993	164311099
GLOBAL	II	1720001	1730000	0.00057582370525194	9370	4115028	7146333092	98044928
GLOBAL	II	1730001	1740000	0.00080740322648398	8683	4916064	6088734648	673200268
GLOBAL	II	1740001	1750000	0.00073677433988157	9096	5052600	6857730687	174805329
GLOBAL	II	1750001	1760000	0.00057787509899131	4642	1516816	2624816336	1083191880
GLOBAL	II	1760001	1770000	0.0012255247384199	7702	6354856	5185416337	793321681
GLOBAL	II	1770001	1780000	0.001078305479017	9255	6872272	6373214394	782251836
GLOBAL	II	1780001	1790000	0.0004551465499264	9081	3151388	6923897370	97041456
GLOBAL	II	1790001	1800000	0.0005076674356043	8687	3347004	6592906626	123412676
GLOBAL	II	1800001	1810000	0.00055659471884263	6885	2003308	3599222077	1905577443
GLOBAL	II	1810001	1820000	0.0011671534096839	8414	7260200	6220433355	284817089
GLOBAL	II	1820001	1830000	0.00061743192577233	8719	4083740	6614073276	126986698
GLOBAL	II	1830001	1840000	0.00039877326720453	9044	2753832	6905758802	86573622
GLOBAL	II	1840001	1850000	0.0007909898470717	9227	5548276	7014345406	119472736
GLOBAL	II	1850001	1860000	0.0004832057702296	9245	3401264	7038955678	108779092
GLOBAL	II	1860001	1870000	0.0011190775034367	9147	7791788	6962688443	109278019
GLOBAL	II	1870001	1880000	0.00083256363543609	8576	5342800	6417287247	213212849
GLOBAL	II	1880001	1890000	0.0020122421463226	8285	11185352	5558651090	846863520
GLOBAL	II	1890001	1900000	0.001615323580409	8466	9679248	5992141833	557177933
GLOBAL	II	1900001	1910000	0.0006670482589161	8496	2342240	3511350144	3064256586
GLOBAL	II	1910001	1920000	0.00086684440365902	8534	3316164	3825558527	2819631343
GLOBAL	II	1920001	1930000	0.00059959760499784	9434	4049976	6754489955	539369409
GLOBAL	II	1930001	1940000	0.00041981801523112	8806	1666500	3969577149	2840292819
GLOBAL	II	1940001	1950000	0.00057043415712684	8424	1793632	3144327838	3381797548
GLOBAL	II	1950001	1960000	0.0017413436678392	8429	5449568	3129518946	3402018462
GLOBAL	II	1960001	1970000	0.0020377798799038	6130	3780832	1855368206	3023956200
GLOBAL	II	1970001	1980000	0.00087406762735563	7153	3372492	3858387949	1708263251
GLOBAL	II	1980001	1990000	0.00058386081987916	9286	4098004	7018802873	160630883
GLOBAL	II	1990001	2000000	0.00079052691295143	9293	5601576	7085876405	98969373
GLOBAL	II	2000001	2010000	0.00096766135848895	8529	6223340	6431320157	162842077
GLOBAL	II	2010001	2020000	0.0010473424223486	9026	7162492	6838729958	139685838
GLOBAL	II	2020001	2030000	0.00029976278675807	9375	2146148	7159487751	88755999
GLOBAL	II	2030001	2040000	0.00080660991232458	9083	5532772	6859290861	163194257
GLOBAL	II	2040001	2050000	0.00076391130420015	9468	5512616	7216303738	103842590
GLOBAL	II	2050001	2060000	0.00039762814058112	9399	2854808	7179592460	87206794
GLOBAL	II	2060001	2070000	0.0008964573045398	8634	5792052	6461046132	214296432
GLOBAL	II	2070001	2080000	0.0012154659477989	9117	8351844	6871310558	177461524
GLOBAL	II	2080001	2090000	0.00072162712494606	8777	4806688	6660902610	124999832
GLOBAL	II	2090001	2100000	0.00072074125090811	9009	4923956	6831794342	133477972
GLOBAL	II	2100001	2110000	0.00084581911567491	9075	5602520	6623780305	392519645
GLOBAL	II	2110001	2120000	0.0021080765494579	6944	10214336	4845334484	525710778
GLOBAL	II	2120001	2130000	0.0020795947055917	8169	11914196	5729095178	615340898
GLOBAL	II	2130001	2140000	0.0010778409868387	9139	7379472	6846531251	219250043
GLOBAL	II	2140001	2150000	0.00084947501037472	9071	5870604	6910861330	102346036
GLOBAL	II	2150001	2160000	0.00099740765690301	9496	7268108	7286998400	54796016
GLOBAL	II	2160001	2170000	0.00081533571183233	9475	5915540	7255342694	70215656
GLOBAL	II	2170001	2180000	0.0013247540589805	8561	8576148	6473766162	145136744
GLOBAL	II	2180001	2190000	0.00061293328183706	9266	4321476	7050483516	113487320
GLOBAL	II	2190001	2200000	0.00087276955212824	9063	6023656	6901771476	105250722
GLOBAL	II	2200001	2210000	0.00056719121235957	9106	3646356	6428794947	612245675
GLOBAL	II	2210001	2220000	0.00095635145668735	9269	6757532	7065950444	100339830
GLOBAL	II	2220001	2230000	0.00079917754220162	9054	5482380	6860027604	140036280
GLOBAL	II	2230001	2240000	0.000945594797732	8786	6280068	6641394406	151466350
GLOBAL	II	2240001	2250000	0.00080348262064075	8611	5251372	6535763021	121797185
GLOBAL	II	2250001	2260000	0.0017111534635055	8976	10784248	6302326606	637431890
GLOBAL	II	2260001	2270000	0.0010153301341982	8658	6541632	6442862060	251036008
GLOBAL	II	2270001	2280000	0.0012725060822079	9230	8871668	6971807934	164329646
GLOBAL	II	2280001	2290000	0.0019587123885513	7958	10001344	5106080943	1060531553
GLOBAL	II	2290001	2300000	0.0015223002625479	7928	9006944	5916667179	212834309
GLOBAL	II	2300001	2310000	0.00069049673466812	8617	4460664	6460079789	202119293
GLOBAL	II	2310001	2320000	0.0011477082559365	9172	7987568	6959580502	131714610
GLOBAL	II	2320001	2330000	0.0013631087618219	7806	8038340	5897064288	138113388
GLOBAL	II	2330001	2340000	0.00094603465363671	9277	6720188	7103532597	68942845
GLOBAL	II	2340001	2350000	0.0024831308817138	9041	16834508	6779549207	210463779
GLOBAL	II	2350001	2360000	0.0031212561015031	9084	20088944	6436172921	587085343
GLOBAL	II	2360001	2370000	0.0011008225559356	9028	7332868	6661262490	318699598
GLOBAL	II	2370001	2380000	0.0026137134530108	8899	17548064	6713843853	166382401
GLOBAL	II	2380001	2390000	0.011492832880407	8312	65248980	5677362638	749026914
GLOBAL	II	2390001	2400000	0.0099555773972903	8905	57614432	5787151232	1097713898
GLOBAL	II	2400001	2410000	0.00088497147622953	9296	6292572	7110480020	76685196
GLOBAL	II	2410001	2420000	0.0013435893626877	9049	9300980	6922487077	73711077
GLOBAL	II	2420001	2430000	0.0021535627383632	8835	13763024	6390816369	439928541
GLOBAL	II	2430001	2440000	0.003833679535096	8957	21794228	5684937356	1240131366
GLOBAL	II	2440001	2450000	0.00078248878824918	9313	5030192	6428452491	771856207
GLOBAL	II	2450001	2460000	0.00097950665947913	9469	7022380	7169302967	151616507
GLOBAL	II	2460001	2470000	0.0004324888833034	9166	3028716	7002991561	83664675
GLOBAL	II	2470001	2480000	0.00058647332431296	9536	4258172	7260640550	112079706
GLOBAL	II	2480001	2490000	0.00069210453436891	9229	4812304	6953146181	182218253
GLOBAL	II	2490001	2500000	0.00046161117635933	7808	2399716	5198565639	862125855
GLOBAL	II	2500001	2510000	0.00050630405583198	9201	3429116	6772839286	340877060
GLOBAL	II	2510001	2520000	0.0012671927672694	8891	8106344	6397088280	476952806
GLOBAL	II	2520001	2530000	0.00067078984359312	9248	4490796	6694788305	455265903
GLOBAL	II	2530001	2540000	0.00097248284732435	9650	6505760	6689845500	771013400
GLOBAL	II	2540001	2550000	0.00059040837813594	9260	3855824	6530774533	628557427
GLOBAL	II	2550001	2560000	0.0011651914651479	9234	7892196	6773303990	365926174
GLOBAL	II	2560001	2570000	0.00052404684850283	9486	3783944	7220621612	113441344
GLOBAL	II	2570001	2580000	0.00055081223989099	9651	4063296	7376916680	84715366
GLOBAL	II	2580001	2590000	0.00069372107361014	9040	4399512	6341903349	647336491
GLOBAL	II	2590001	2600000	0.00079653935179925	9343	5655864	7100545613	122957465
GLOBAL	II	2600001	2610000	0.00098296458838239	9561	7097820	7220829808	171219098
GLOBAL	II	2610001	2620000	0.0011895365385865	8985	8071444	6785368703	161348107
GLOBAL	II	2620001	2630000	0.0014881441838589	8905	8594724	5775464564	1109400566
GLOBAL	II	2630001	2640000	0.00063302484867577	9294	4046204	6391856510	793762414
GLOBAL	II	2640001	2650000	0.0012423920195672	9019	8327296	6702631592	270372182
GLOBAL	II	2650001	2660000	0.0010069576320557	8273	5665160	5626016249	810424201
GLOBAL	II	2660001	2670000	0.00085571795468438	9393	6112904	7143596750	118563628
GLOBAL	II	2670001	2680000	0.00073347904971058	9321	5211816	7105609904	100883962
GLOBAL	II	2680001	2690000	0.00087831952889481	4241	2294432	2612297603	678211773
GLOBAL	II	2690001	2700000	0.0011241716171793	5969	3224584	2868409014	1782064176
GLOBAL	II	2700001	2710000	0.00054171242643764	6299	2259188	4170456297	699590357
GLOBAL	II	2710001	2720000	0.0090842482023234	9077	62720424	6904305409	113540833
GLOBAL	II	2720001	2730000	0.0072483672577192	8408	44123828	6087416163	413195405
GLOBAL	II	2730001	2740000	0.0029471665531538	8504	15274352	5182724398	1392109186
GLOBAL	II	2740001	2750000	0.003699069782156	8453	20906700	5651880400	886615322
GLOBAL	II	2750001	2760000	0.0020261529207489	9234	14160904	6989059836	150170328
GLOBAL	II	2760001	2770000	0.0016780223540137	8585	10889020	6489198415	148259995
GLOBAL	II	2770001	2780000	0.0023500634727332	8654	15321232	6519497102	171308382
GLOBAL	II	2780001	2790000	0.0019294425846476	8476	12253640	6350870504	202314992
GLOBAL	II	2790001	2800000	0.0024059812735433	8786	15920708	6617137122	175723634
GLOBAL	II	2800001	2810000	0.00049765631263547	8886	3218372	6467057522	403117834
GLOBAL	II	2810001	2820000	0.0020816860566535	8754	13679840	6571519253	196600831
GLOBAL	II	2820001	2830000	0.0020544834975355	9222	13604216	6621720747	508231665
GLOBAL	II	2830001	2840000	0.0044895449631593	7997	26081672	5809424388	373424174
GLOBAL	II	2840001	2850000	0.0039089332315757	8644	24843036	6355451610	327622414
GLOBAL	II	2850001	2860000	0.00046888015595142	9104	3241260	6912768559	125952625
GLOBAL	II	2860001	2870000	0.00066967372768519	8933	4543452	6784575551	121937667
GLOBAL	II	2870001	2880000	0.00079320833357231	8737	5250480	6619295055	135681547
GLOBAL	II	2880001	2890000	0.00051677504366135	9306	3655024	7072756405	122140271
GLOBAL	II	2890001	2900000	0.00057489674138723	8877	3500628	6089142185	774074857
GLOBAL	II	2900001	2910000	0.00070122841733734	8689	4238160	6043907941	686327989
GLOBAL	II	2910001	2920000	0.00092692097787012	6686	3929700	4239519974	929734182
GLOBAL	II	2920001	2930000	0.0010509501452761	5582	3898452	3709454742	654181282
GLOBAL	II	2930001	2940000	0.0010108028545083	8853	6590280	6519847041	324814497
GLOBAL	II	2940001	2950000	0.00035536006181431	9673	2622492	7379816366	98824892
GLOBAL	II	2950001	2960000	0.00043680777609189	9347	3108940	7117409923	109185739
GLOBAL	II	2960001	2970000	0.0012070915771846	8886	8117472	6724818691	145356665
GLOBAL	II	2970001	2980000	0.0010222940407191	9292	7071860	6917637899	266434733
GLOBAL	II	2980001	2990000	0.0007004024868117	9105	4870384	6953693186	85801144
GLOBAL	II	2990001	3000000	0.0008912469770062	8503	5782752	6488383298	85677140
GLOBAL	II	3000001	3010000	0.0005057850125572	8100	3127208	6182879924	79602676
GLOBAL	II	3010001	3020000	0.00062964453273034	9359	4482720	7119445603	116427811
GLOBAL	II	3020001	3030000	0.0006907173174353	8805	4603160	6664318215	143232315
GLOBAL	II	3030001	3040000	0.00083949185336656	8431	5300788	6314281644	204112282
GLOBAL	II	3040001	3050000	0.00076980821944872	8358	4840996	6288574060	173380208
GLOBAL	II	3050001	3060000	0.00086172422539504	8659	5672948	6583252313	111418901
GLOBAL	II	3060001	3070000	0.00040212983412246	8529	2631160	6543060914	51101320
GLOBAL	II	3070001	3080000	0.00049211860284303	9278	3499224	7110529819	62718769
GLOBAL	II	3080001	3090000	0.00050261719040736	9023	3311152	6587820837	406831025
GLOBAL	II	3090001	3100000	0.00066882341839011	8578	4351600	6506351124	125695264
GLOBAL	II	3100001	3110000	0.00066459689239193	8973	4512380	6789649563	147789495
GLOBAL	II	3110001	3120000	0.00089357969783044	8342	5125904	5736370256	752644122
GLOBAL	II	3120001	3130000	0.0004779014633051	8759	3196236	6688064895	83920919
GLOBAL	II	3130001	3140000	0.0012257886063486	9008	8070792	6584163010	398118516
GLOBAL	II	3140001	3150000	0.00084732823459648	9372	6074964	7169552190	76372122
GLOBAL	II	3150001	3160000	0.0014205148208747	8833	8994016	6331518593	505411485
GLOBAL	II	3160001	3170000	0.00063401330354714	9169	4371124	6894372682	194602992
GLOBAL	II	3170001	3180000	0.00095026417243248	8971	6510184	6850920185	84972581
GLOBAL	II	3180001	3190000	0.00075670555573771	9479	5473900	7233857289	94793645
GLOBAL	II	3190001	3200000	0.00082303992049163	9364	5899088	7167438484	72300660
GLOBAL	II	3200001	3210000	0.00085403188446766	9320	6088520	7129148350	76572370
GLOBAL	II	3210001	3220000	0.0016874015686447	9231	11588156	6867455984	269454742
GLOBAL	II	3220001	3230000	0.00064754615595625	9406	4670668	7212872715	59338561
GLOBAL	II	3230001	3240000	0.00113210676507	9278	7435508	6567850515	605398073
GLOBAL	II	3240001	3250000	0.00067269500832822	9181	4559792	6778394285	335322061
GLOBAL	II	3250001	3260000	0.00098021448738212	9320	6970344	7111039563	94681157
GLOBAL	II	3260001	3270000	0.00085169727824315	8952	5663636	6649822824	271380168
GLOBAL	II	3270001	3280000	0.0021956495924565	8510	3450280	1571416501	5048259551
GLOBAL	II	3280001	3290000	0.0012993716199361	9058	5085424	3913756405	3104089837
GLOBAL	II	3290001	3300000	0.0011523642305312	8893	7790420	6760379916	115207462
GLOBAL	II	3300001	3310000	0.00086964939245379	9258	6092260	7005420866	152364802
GLOBAL	II	3310001	3320000	0.0050185745922574	8757	31153104	6207560220	562879302
GLOBAL	II	3320001	3330000	0.0064658709372196	8962	42817168	6622026393	306908059
GLOBAL	II	3330001	3340000	0.001726690214096	8647	11200244	6486539339	198854123
GLOBAL	II	3340001	3350000	0.00079906251017838	9006	5386900	6741525139	221427737
GLOBAL	II	3350001	3360000	0.00091159609651929	9190	6373408	6991482329	113729411
GLOBAL	II	3360001	3370000	0.000672836655433	9488	4863804	7228803545	106805703
GLOBAL	II	3370001	3380000	0.0012015837607685	8871	8078528	6723233339	135344827
GLOBAL	II	3380001	3390000	0.0010538064275142	8961	7205160	6837270880	90890426
GLOBAL	II	3390001	3400000	0.011071516541195	9065	70087952	6330474397	678094093
GLOBAL	II	3400001	3410000	0.0072932693755278	9443	52281580	7168469627	132348051
GLOBAL	II	3410001	3420000	0.00070019228726679	9539	5114912	7305010485	70029209
GLOBAL	II	3420001	3430000	0.0011823871691835	8890	7783684	6583024751	290243189
GLOBAL	II	3430001	3440000	0.00076002030717297	9123	5217320	6864711312	188699646
GLOBAL	II	3440001	3450000	0.0003046718720517	9360	2188148	7181982325	54664235
GLOBAL	II	3450001	3460000	0.00094313227913836	9379	6733076	7139057955	112278379
GLOBAL	II	3460001	3470000	0.00079094902917204	9584	5790880	7321432591	88398673
GLOBAL	II	3470001	3480000	0.00050707336542091	9522	3686828	7270797978	91098234
GLOBAL	II	3480001	3490000	0.00048286563165726	9096	3356704	6951631634	80904382
GLOBAL	II	3490001	3500000	0.00047750478603414	9165	3340840	6996453434	89429656
GLOBAL	II	3500001	3510000	0.00044021580340923	9191	3085392	7008816985	97167901
GLOBAL	II	3510001	3520000	0.0010908390441765	9541	7417808	6800093964	576492022
GLOBAL	II	3520001	3530000	0.0019607769428265	9276	13440588	6854725648	316976648
GLOBAL	II	3530001	3540000	0.00063887294707606	8925	3915348	6128523704	795771872
GLOBAL	II	3540001	3550000	0.00078670973267971	8875	5274640	6704683800	156986950
GLOBAL	II	3550001	3560000	0.00059358183785643	9280	3992256	6725704436	449090444
GLOBAL	II	3560001	3570000	0.00067096227952766	6258	2488340	3708613846	1155247640
GLOBAL	II	3570001	3580000	0.00055644959449826	9118	3880728	6974087210	75458018
GLOBAL	II	3580001	3590000	0.00061731583465947	9290	4362132	7066288851	116237489
GLOBAL	II	3590001	3600000	0.00057283547976197	9472	4156588	7256163675	67075237
GLOBAL	II	3600001	3610000	0.00068387278353379	9511	4978284	7279546898	73844708
GLOBAL	II	3610001	3620000	0.00060753144964013	9515	4420812	7276680084	79804106
GLOBAL	II	3620001	3630000	0.00073364618916887	9443	5304056	7229719282	71098396
GLOBAL	II	3630001	3640000	0.00037572252964146	9305	2673744	7116272752	77850778
GLOBAL	II	3640001	3650000	0.00048888012218576	9290	3473156	7104310121	78216219
GLOBAL	II	3650001	3660000	0.0012440944736844	9154	8228764	6614259748	463118736
GLOBAL	II	3660001	3670000	0.00033617149402011	9250	2376572	7069522676	82077824
GLOBAL	II	3670001	3680000	0.00071874982956755	9381	5146976	7161011785	91870841
GLOBAL	II	3680001	3690000	0.00092148238106396	8626	5997308	6508326283	174747741
GLOBAL	II	3690001	3700000	0.00063637343109248	9465	4604844	7236072053	81754837
GLOBAL	II	3700001	3710000	0.00072067026775057	9418	5073080	7039391282	242097746
GLOBAL	II	3710001	3720000	0.00030759747852948	9234	2163428	7033308629	105921535
GLOBAL	II	3720001	3730000	0.00072933465926741	9284	5154428	7067301594	110585870
GLOBAL	II	3730001	3740000	0.00063067842633114	9229	4404704	6984072732	151291702
GLOBAL	II	3740001	3750000	0.00043939440612029	3808	1177512	2679852050	288255444
GLOBAL	II	3750001	3760000	0.00041815910113791	6023	1618660	3870918977	786512527
GLOBAL	II	3760001	3770000	0.00032104425188929	8761	2135644	6652179528	121352578
GLOBAL	II	3770001	3780000	0.00069074108117422	9387	4958812	7178973620	78547882
GLOBAL	II	3780001	3790000	0.00052737139817533	9576	3858496	7316468078	87178018
GLOBAL	II	3790001	3800000	0.0012723683724734	9496	9211352	7239532355	102262061
GLOBAL	II	3800001	3810000	0.0016027522753256	8935	10489432	6544637098	363422412
GLOBAL	II	3810001	3820000	0.00074314806363488	9185	5227168	7033817695	67528315
GLOBAL	II	3820001	3830000	0.00051482938623977	9328	3685328	7158348180	53557708
GLOBAL	II	3830001	3840000	0.00076173748865093	9375	5427448	7125089786	123153964
GLOBAL	II	3840001	3850000	0.0025203462756031	9276	17782532	7055590802	116111494
GLOBAL	II	3850001	3860000	0.00039613910442476	9796	2971912	7502192959	71545257
GLOBAL	II	3860001	3870000	0.00045411318055641	9526	3319784	7310477084	54511712
GLOBAL	II	3870001	3880000	0.00040770092606033	9341	2901960	7117864627	104092159
GLOBAL	II	3880001	3890000	0.0005832711413574	8640	3351708	5746397794	940541960
GLOBAL	II	3890001	3900000	0.00085672786892932	8979	4057336	4735851543	2206226391
GLOBAL	II	3900001	3910000	0.0020011386069474	9064	12476712	6234806503	772988841
GLOBAL	II	3910001	3920000	0.00069219911843424	9769	5181572	7485666858	67196416
GLOBAL	II	3920001	3930000	0.0010759020229439	7511	5036068	4680786812	1146414590
GLOBAL	II	3930001	3940000	0.00044784088190697	7131	2076228	4636084118	911238432
GLOBAL	II	3940001	3950000	0.00038796028560915	9180	2737936	7057258440	40221840
GLOBAL	II	3950001	3960000	0.00038861449719206	9549	2827792	7276599356	106171798
GLOBAL	II	3960001	3970000	0.00079073389592578	9770	5892116	7451452417	102184003
GLOBAL	II	3970001	3980000	0.00040254493860536	9340	2889792	7178805949	42377691
GLOBAL	II	3980001	3990000	0.00027256696615385	9431	1912172	7015420933	276118993
GLOBAL	II	3990001	4000000	0.00039128207651647	9386	2781224	7107976999	148771357
GLOBAL	II	4000001	4010000	0.00035267426393689	5830	1273460	3610867393	900439517
GLOBAL	II	4010001	4020000	0.00070263606710168	2001	199700	284215413	1262849733
GLOBAL	II	4020001	4030000	NA	0	NA	NA	NA
GLOBAL	II	4030001	4040000	NA	0	NA	NA	NA
GLOBAL	II	4040001	4050000	NA	0	NA	NA	NA
GLOBAL	II	4050001	4060000	0.00041110960194717	7136	2220804	5401975506	115194350
GLOBAL	II	4060001	4070000	0.00073337996393785	9086	5098456	6951997942	72806614
GLOBAL	II	4070001	4080000	0.00064622810674422	9358	4614228	7140246535	94853733
GLOBAL	II	4080001	4090000	0.00051238196971	9549	3723348	7266742821	116028333
GLOBAL	II	4090001	4100000	0.00053543670127253	9437	3865132	7218653467	77525335
GLOBAL	II	4100001	4110000	0.00088143632870524	7867	3365740	3818472067	2264640661
GLOBAL	II	4110001	4120000	0.00081823012274654	6416	2633776	3218869517	1741635219
GLOBAL	II	4120001	4130000	0.0007234559140873	9307	5127196	7087088377	108581445
GLOBAL	II	4130001	4140000	0.00045925658071145	9659	3389340	7380057559	87759655
GLOBAL	II	4140001	4150000	0.00057333306964924	9333	4080992	7118012576	97759042
GLOBAL	II	4150001	4160000	0.00043441806539387	9246	3070452	7067965733	80542183
GLOBAL	II	4160001	4170000	0.00067632779927324	9551	4950212	7319249638	65067808
GLOBAL	II	4170001	4180000	0.00053984151315837	9035	3738492	6925165829	60208281
GLOBAL	II	4180001	4190000	0.00075120976024792	9484	5445932	7249549045	82967619
GLOBAL	II	4190001	4200000	0.0010994419277046	9621	8117880	7383636912	54800754
GLOBAL	II	4200001	4210000	0.00057157758114252	8950	3531192	6177974988	741681712
GLOBAL	II	4210001	4220000	0.00065999645338784	8645	4261840	6457368033	226479137
GLOBAL	II	4220001	4230000	0.00058609416569403	8529	3365672	5742544794	851617440
GLOBAL	II	4230001	4240000	0.00040950415806322	9180	2777912	6783599007	313881273
GLOBAL	II	4240001	4250000	0.00056580631485132	9522	4087460	7224132875	137763337
GLOBAL	II	4250001	4260000	0.00050519118597877	9604	3569868	7066370315	358923869
GLOBAL	II	4260001	4270000	0.00041057568228146	9286	2918720	7108847713	70586043
GLOBAL	II	4270001	4280000	0.00025517900051385	9494	1858768	7284173056	56075068
GLOBAL	II	4280001	4290000	0.00043197938236616	9181	3046984	7053540341	44713085
GLOBAL	II	4290001	4300000	0.00050686863186398	9490	3671468	7243431077	93724463
GLOBAL	II	4300001	4310000	0.00052327242128135	9433	3778420	7220751269	72334949
GLOBAL	II	4310001	4320000	0.00055050576866305	9294	3920908	7122374048	63244876
GLOBAL	II	4320001	4330000	0.00036960751891662	9250	2619524	7087312530	64287970
GLOBAL	II	4330001	4340000	0.0004941215857582	9650	3668136	7423549397	37309503
GLOBAL	II	4340001	4350000	0.00022801790719805	9159	1609400	7058217575	23026639
GLOBAL	II	4350001	4360000	0.00040304085519811	9685	2989724	7417917964	70001046
GLOBAL	II	4360001	4370000	0.00050226416992894	9743	3754336	7474823459	57938019
GLOBAL	II	4370001	4380000	0.00045474744545958	9650	3365920	7401734817	59124083
GLOBAL	II	4380001	4390000	0.00068902384686549	9556	5018480	7283463443	104719733
GLOBAL	II	4390001	4400000	0.0003799449165619	9310	2700220	7106872292	91116968
GLOBAL	II	4400001	4410000	0.00032107919398098	9584	2363296	7360476930	49354334
GLOBAL	II	4410001	4420000	0.00048544384016264	9504	3521916	7255043135	92936449
GLOBAL	II	4420001	4430000	0.00056505359841726	9734	4213692	7457154528	68648636
GLOBAL	II	4430001	4440000	0.00059822178890127	9364	4291108	7173105493	66633651
GLOBAL	II	4440001	4450000	0.00046768646336858	9505	3415852	7303722189	45030541
GLOBAL	II	4450001	4460000	0.00079411063041969	9574	5846792	7362692018	39407786
GLOBAL	II	4460001	4470000	0.0005374554787227	9701	4009724	7460569589	39719757
GLOBAL	II	4470001	4480000	0.00058744051270938	9671	4362900	7426964783	50130183
GLOBAL	II	4480001	4490000	0.00039938969559841	9426	2891860	7240697574	46976622
GLOBAL	II	4490001	4500000	0.00040652263800227	9668	3022920	7436043451	38732077
GLOBAL	II	4500001	4510000	0.00011689282769605	9337	840644	7191578958	27285244
GLOBAL	II	4510001	4520000	0.00038554758744521	9274	2734232	7091814575	78341429
GLOBAL	II	4520001	4530000	0.00027429843505297	9489	1997060	7280610258	55772136
GLOBAL	II	4530001	4540000	0.000341822491455	9330	2448644	7163495853	49956327
GLOBAL	II	4540001	4550000	0.00052322446284213	9641	3869560	7395602222	58298364
GLOBAL	II	4550001	4560000	0.00061425421772094	9039	4109408	6690076977	298389717
GLOBAL	II	4560001	4570000	0.00075958681153178	9640	5627196	7408232890	44894550
GLOBAL	II	4570001	4580000	0.00064222018765887	9448	4656720	7250971068	53712340
GLOBAL	II	4580001	4590000	0.00050957610035557	9282	3629432	7122453344	53887828
GLOBAL	II	4590001	4600000	0.00057346706541389	9575	4207836	7337537330	65335620
GLOBAL	II	4600001	4610000	0.00033524103591791	9391	2417840	7212243553	48370533
GLOBAL	II	4610001	4620000	0.00036021891064863	9411	2601392	7221697482	54379524
GLOBAL	II	4620001	4630000	0.00027936689229282	9389	2006984	7184043834	75023960
GLOBAL	II	4630001	4640000	0.00031037850126564	8880	2113068	6808035967	57500513
GLOBAL	II	4640001	4650000	0.00057439483885102	9335	4110484	7156199398	61118512
GLOBAL	II	4650001	4660000	0.00086871116603503	9578	6382500	7347091012	58101376
GLOBAL	II	4660001	4670000	0.00090205046382345	9225	6030280	6685080538	447191312
GLOBAL	II	4670001	4680000	0.00057856185313667	9733	4319660	7466202579	58827439
GLOBAL	II	4680001	4690000	0.00059458162222196	9719	4430564	7451565663	62640311
GLOBAL	II	4690001	4700000	0.00032927171375917	9476	2399892	7288485162	37846334
GLOBAL	II	4700001	4710000	0.00045207414135217	9629	3339244	7386496361	58126473
GLOBAL	II	4710001	4720000	0.00037636791592026	9595	2775736	7375060101	43275769
GLOBAL	II	4720001	4730000	0.00039660897731463	9673	2947928	7432832257	45809001
GLOBAL	II	4730001	4740000	0.0005766671085573	9468	4200076	7283363205	36783123
GLOBAL	II	4740001	4750000	0.00040134942151266	9383	2891088	7203418879	51010039
GLOBAL	II	4750001	4760000	0.00044748222809126	9454	3234488	7228193204	81129080
GLOBAL	II	4760001	4770000	0.00024459958623693	9663	1813384	7413683841	57225957
GLOBAL	II	4770001	4780000	0.00063915401672335	9452	4618100	7225332047	82443945
GLOBAL	II	4780001	4790000	0.00032209194917759	9538	2344192	7278021093	96245455
GLOBAL	II	4790001	4800000	0.00026962269690648	9570	1986516	7367762517	31244703
GLOBAL	II	4800001	4810000	0.00019957265651904	9598	1476056	7396083340	24571968
GLOBAL	II	4810001	4820000	0.00067909785653973	9411	4645060	6840045150	436031856
GLOBAL	II	4820001	4830000	0.00030613963079971	9702	2283808	7460020756	41041736
GLOBAL	II	4830001	4840000	0.00075311925068873	9755	5654156	7507650342	34388888
GLOBAL	II	4840001	4850000	0.00051329093482375	9156	3615616	7043989587	34935189
GLOBAL	II	4850001	4860000	0.00028987386146486	9763	2172648	7495149749	53074649
GLOBAL	II	4860001	4870000	0.00021618078404765	9445	1571180	7267898518	34465452
GLOBAL	II	4870001	4880000	0.00033946660891314	9830	2549492	7510288002	89737178
GLOBAL	II	4880001	4890000	0.00026104954142376	9465	1900856	7281591033	36235857
GLOBAL	II	4890001	4900000	0.00024845444917802	9253	1769988	7123993979	29925959
GLOBAL	II	4900001	4910000	0.00033459592838137	9510	2409320	7200685351	151933109
GLOBAL	II	4910001	4920000	0.00072114084170874	9372	4640824	6435391995	810532317
GLOBAL	II	4920001	4930000	0.00017182089584923	9189	1135124	6606437444	498001150
GLOBAL	II	4930001	4940000	0.00048022959177162	9283	3414864	7110898742	66215576
GLOBAL	II	4940001	4950000	0.00025614195789509	9571	1882780	7350533335	49247031
GLOBAL	II	4950001	4960000	0.00038456479790128	9398	2779456	7227536205	38489903
GLOBAL	II	4960001	4970000	0.00039209905230155	9646	2902360	7402109194	55657122
GLOBAL	II	4970001	4980000	0.00074485526909346	9185	4878752	6549932856	551413154
GLOBAL	II	4980001	4990000	0.00031419406461787	9637	2322108	7390680670	60127332
GLOBAL	II	4990001	5000000	0.00043921295286467	9657	3250100	7399827302	66443620
GLOBAL	II	5000001	5010000	0.00033632387798141	8864	2266436	6738849509	114316635
GLOBAL	II	5010001	5020000	0.00076609422675405	9305	5465080	7133691665	60431865
GLOBAL	II	5020001	5030000	0.00045399494474723	9186	3196132	7040016716	62102440
GLOBAL	II	5030001	5040000	0.0004129988139274	9492	2998168	7259507531	79194301
GLOBAL	II	5040001	5050000	0.00040595296044562	9469	2947168	7259875619	61043855
GLOBAL	II	5050001	5060000	0.00017902544906798	3986	183380	1024323642	2164130462
GLOBAL	II	5060001	5070000	5.7063217016875e-05	977	512	8972505	985293251
GLOBAL	II	5070001	5080000	3.8544130028986e-05	1178	4664	121004158	876354182
GLOBAL	II	5080001	5090000	0.00042460687006174	3346	267868	630861201	2137774625
GLOBAL	II	5090001	5100000	0.00070522940037089	9123	4911372	6964219015	89191943
GLOBAL	II	5100001	5110000	0.00046052371492923	9445	3333464	7238419851	63944119
GLOBAL	II	5110001	5120000	0.00025026970752579	9481	1819468	7270028874	60168352
GLOBAL	II	5120001	5130000	0.00028152191601991	9469	2049708	7280811487	40107987
GLOBAL	II	5130001	5140000	0.00054577546755378	9274	3880280	7109663645	60492359
GLOBAL	II	5140001	5150000	0.00040195857591516	9253	2846500	7081575492	72344446
GLOBAL	II	5150001	5160000	0.00069984748381916	9153	4917000	7025816501	50788837
GLOBAL	II	5160001	5170000	0.0003660700846545	9348	2629640	7183433201	43935607
GLOBAL	II	5170001	5180000	0.0053977895037519	8950	36806028	6818722363	100934337
GLOBAL	II	5180001	5190000	0.010533310225933	7434	29909640	2839529014	2908038350
GLOBAL	II	5190001	5200000	0.010178987324522	8585	66742800	6556919453	80538957
GLOBAL	II	5200001	5210000	0.0077731367381527	9257	54957716	7070210888	86801634
GLOBAL	II	5210001	5220000	0.0086891919746858	8926	59270684	6821196283	79904913
GLOBAL	II	5220001	5230000	0.0061233353560762	9226	42947384	7013723976	119321020
GLOBAL	II	5230001	5240000	0.013277343037716	9514	96711264	7283932013	71779031
GLOBAL	II	5240001	5250000	0.0028735995765464	9356	20693552	7201264981	32288995
GLOBAL	II	5250001	5260000	0.0096132288265398	9611	68006372	7074248749	356457457
GLOBAL	II	5260001	5270000	0.015531402211368	8989	103496648	6663702774	286106620
GLOBAL	II	5270001	5280000	0.010858042711737	9221	76077920	7006596126	122583140
GLOBAL	II	5280001	5290000	0.0036039495525502	9327	25678068	7124979866	86152876
GLOBAL	II	5290001	5300000	0.0038445869695571	9369	27627376	7186045268	57559606
GLOBAL	II	5300001	5310000	0.0015496519063602	9529	11216656	7238177783	129130451
GLOBAL	II	5310001	5320000	0.00045888117489958	8973	3077244	6705971324	232240880
GLOBAL	II	5320001	5330000	0.00036565692659229	9095	2419232	6616125182	416410834
GLOBAL	II	5330001	5340000	0.00064431278562953	9371	4621092	7172125252	73025914
GLOBAL	II	5340001	5350000	0.00030794024387396	8870	2097768	6812256734	45548286
GLOBAL	II	5350001	5360000	0.00029473215358814	9317	2108500	7153953087	49448195
GLOBAL	II	5360001	5370000	0.00034793774398728	9345	2495560	7172432549	52616821
GLOBAL	II	5370001	5380000	0.00050383545607748	9441	3336392	6621987317	677284069
GLOBAL	II	5380001	5390000	0.00049718611000667	9705	3707804	7457577606	45804324
GLOBAL	II	5390001	5400000	0.00036913760658403	9723	2757368	7469756402	47542156
GLOBAL	II	5400001	5410000	0.00024685692183409	9688	1832056	7421529793	68708655
GLOBAL	II	5410001	5420000	0.0003187761229636	9512	2323192	7287848219	66316533
GLOBAL	II	5420001	5430000	0.0003795761702464	9207	2677548	7054046618	64308604
GLOBAL	II	5430001	5440000	0.00043861685826795	9444	3175144	7238992164	62598660
GLOBAL	II	5440001	5450000	0.00057625693809991	9684	4291048	7446414466	40731398
GLOBAL	II	5450001	5460000	0.0013999853535823	9254	9930876	7093557068	61136016
GLOBAL	II	5460001	5470000	0.0012001599741346	9496	8761360	7300160136	41634280
GLOBAL	II	5470001	5480000	0.0010181547720403	9432	7356428	7225255140	67057932
GLOBAL	II	5480001	5490000	0.00069758731908892	9494	5091084	7298131518	42116606
GLOBAL	II	5490001	5500000	0.00094870036108115	9383	6830808	7200174344	54254574
GLOBAL	II	5500001	5510000	0.0017721976967523	9191	12390844	6991795567	114189319
GLOBAL	II	5510001	5520000	0.0015835137949268	9278	11264412	7113554701	59693887
GLOBAL	II	5520001	5530000	0.0012439144818592	9017	8562508	6883518220	87939262
GLOBAL	II	5530001	5540000	0.0018317212371927	9458	13232404	7224027178	88387690
GLOBAL	II	5540001	5550000	0.010450786309741	9193	73554304	7038159792	69371386
GLOBAL	II	5550001	5560000	0.015678384651238	9013	108478116	6918959983	49404915
GLOBAL	II	5560001	5570000	0.012747844250655	9632	94589552	7420042961	26899311
GLOBAL	II	5570001	5580000	0.0068955731289772	9272	48285676	7002416637	166193075
GLOBAL	II	5580001	5590000	0.00095978064919793	9508	7016736	7310770441	40301727
GLOBAL	II	5590001	5600000	0.0006429544225878	9233	4552208	7080141049	58315969
GLOBAL	II	5600001	5610000	0.0034907421895222	9183	24577736	7040833916	58965802
GLOBAL	II	5610001	5620000	0.01483584813374	9083	102312708	6896316751	126168367
GLOBAL	II	5620001	5630000	0.016001748057617	9102	111309324	6956072774	81102118
GLOBAL	II	5630001	5640000	0.0037503949888728	9328	26849300	7159059267	52846621
GLOBAL	II	5640001	5650000	0.013493284098277	9504	98061204	7267408237	80571347
GLOBAL	II	5650001	5660000	0.0026380559714577	9079	18123632	6870071066	149321468
GLOBAL	II	5660001	5670000	0.00055112244774218	9623	4082148	7406971022	33012936
GLOBAL	II	5670001	5680000	0.00070030195009779	9293	4985940	7119700294	65145484
GLOBAL	II	5680001	5690000	0.00039266682208405	9626	2899452	7384000473	58302923
GLOBAL	II	5690001	5700000	0.00038748038142289	9775	2914068	7520556239	36945911
GLOBAL	II	5700001	5710000	0.00068601682258894	9845	5186808	7560759196	50863174
GLOBAL	II	5710001	5720000	0.00037563154700001	9216	2650384	7055807802	69505734
GLOBAL	II	5720001	5730000	0.00058005905468121	9675	4310788	7431636426	48551124
GLOBAL	II	5730001	5740000	0.00050212803928845	9572	3692200	7353104609	47448903
GLOBAL	II	5740001	5750000	0.00051357102779507	9612	3799556	7398306747	33172605
GLOBAL	II	5750001	5760000	0.00051095437189154	9490	3724892	7290067773	47087767
GLOBAL	II	5760001	5770000	0.00041930055036498	8998	2902768	6922881445	33886263
GLOBAL	II	5770001	5780000	0.00060985218540417	9392	4404712	7222589515	38797717
GLOBAL	II	5780001	5790000	0.0012535703220149	9494	9158712	7306101492	34146632
GLOBAL	II	5790001	5800000	0.00057735080230918	9505	4227140	7321614490	27138240
GLOBAL	II	5800001	5810000	0.0011126326626327	9819	8399952	7549618380	41902194
GLOBAL	II	5810001	5820000	0.0012250135507691	8866	8304456	6779072766	75639670
GLOBAL	II	5820001	5830000	0.0015837387533075	9231	11216100	7082039242	54871484
GLOBAL	II	5830001	5840000	0.0084818135269076	8895	57540980	6784042094	93091576
GLOBAL	II	5840001	5850000	0.0028283346529439	9417	20363404	7199785916	80929966
GLOBAL	II	5850001	5860000	0.0034679928348725	9551	25397420	7323377299	60940147
GLOBAL	II	5860001	5870000	0.00066569860843744	9314	4425548	6647975441	553106403
GLOBAL	II	5870001	5880000	0.00036507929631552	9817	2758580	7556111858	33862424
GLOBAL	II	5880001	5890000	0.00018122850252946	9638	1343832	7415125001	36456147
GLOBAL	II	5890001	5900000	0.00056780316306012	9524	3995756	7037220396	326222108
GLOBAL	II	5900001	5910000	0.0003534425985673	9703	2634628	7454189197	47646441
GLOBAL	II	5910001	5920000	0.00049921973468943	9229	3516200	7043391428	91973006
GLOBAL	II	5920001	5930000	0.00032476091868314	9624	2397248	7381577838	59179266
GLOBAL	II	5930001	5940000	0.00035015462054577	9633	2590812	7399051299	48664119
GLOBAL	II	5940001	5950000	0.00051785461923059	8998	3452544	6667014007	293619431
GLOBAL	II	5950001	5960000	0.00025603886662939	9557	1878212	7335651906	53304416
GLOBAL	II	5960001	5970000	0.00041088676550984	9576	3027304	7367733045	35913051
GLOBAL	II	5970001	5980000	0.0002646279182949	8889	1808424	6833836776	38658018
GLOBAL	II	5980001	5990000	0.00042092392473883	9165	2957800	7026922981	58960109
GLOBAL	II	5990001	6000000	0.00037615128495807	9281	2674320	7109692581	65875445
GLOBAL	II	6000001	6010000	0.00031762246184702	9561	2311368	7277092390	114956516
GLOBAL	II	6010001	6020000	0.0003235522405766	9191	2282072	7053179406	52805480
GLOBAL	II	6020001	6030000	0.00039360936135614	9266	2799360	7112025970	51944866
GLOBAL	II	6030001	6040000	0.00023303263701889	9363	1675516	7190048662	48917336
GLOBAL	II	6040001	6050000	0.00064107071434687	9426	4412664	6883271847	404402349
GLOBAL	II	6050001	6060000	0.00023011464176313	9327	1644900	7148176176	62956566
GLOBAL	II	6060001	6070000	0.00048660644273759	9335	3476200	7143760737	73557173
GLOBAL	II	6070001	6080000	0.00044473170237974	8694	2954192	6642638661	79092663
GLOBAL	II	6080001	6090000	0.00023481583232774	8555	1450624	6177709508	438873960
GLOBAL	II	6090001	6100000	0.00032502392642477	9802	2451844	7543580028	34797064
GLOBAL	II	6100001	6110000	0.0003289047207956	9673	2448888	7445584831	33056427
GLOBAL	II	6110001	6120000	0.00027861039871944	9289	1979004	7103123247	78629947
GLOBAL	II	6120001	6130000	0.00045771929604948	9086	3189412	6968052314	56752242
GLOBAL	II	6130001	6140000	0.00032353493177648	9319	2218604	6857386273	347561301
GLOBAL	II	6140001	6150000	0.0003884451394724	9524	2846408	7327696271	35746233
GLOBAL	II	6150001	6160000	0.00042304431440817	9734	3154152	7455843023	69960141
GLOBAL	II	6160001	6170000	0.00037703988950928	8714	2346396	6223203606	513990638
GLOBAL	II	6170001	6180000	0.00037803073361919	9341	2708788	7165523221	56433565
GLOBAL	II	6180001	6190000	0.00045621767388149	9491	3302532	7238939193	98989493
GLOBAL	II	6190001	6200000	0.00063785086659135	9377	4564960	7156782626	93007416
GLOBAL	II	6200001	6210000	0.00030712832583355	9284	2181352	7102412303	75475161
GLOBAL	II	6210001	6220000	0.00024241885927938	9046	1675160	6910188444	83690272
GLOBAL	II	6220001	6230000	0.00033288030335822	9288	2360228	7090320383	90659665
GLOBAL	II	6230001	6240000	0.00054970470662043	9392	3948712	7183333074	78054158
GLOBAL	II	6240001	6250000	0.00033688128162021	9328	2414832	7168198804	43707084
GLOBAL	II	6250001	6260000	0.00053282114024812	9375	3836116	7199631753	48611997
GLOBAL	II	6260001	6270000	0.00037346172599444	9539	2740264	7337469436	37570258
GLOBAL	II	6270001	6280000	0.00028238071746385	9451	2052824	7269703181	37299665
GLOBAL	II	6280001	6290000	0.00034376445626984	9309	2362152	6871425934	325790180
GLOBAL	II	6290001	6300000	0.00051002131977112	8910	3464396	6792649377	96081483
GLOBAL	II	6300001	6310000	0.00032490887087813	9353	2326120	7159299756	71934782
GLOBAL	II	6310001	6320000	0.00038381228490728	9235	2712064	7066120879	73882431
GLOBAL	II	6320001	6330000	0.00053964221498706	9216	3809812	7059885039	65428497
GLOBAL	II	6330001	6340000	0.000278512187661	9638	2060220	7397234632	54346516
GLOBAL	II	6340001	6350000	0.00041936440227293	9152	2907004	6931928376	143903816
GLOBAL	II	6350001	6360000	0.00011282981511037	5140	235356	2085938010	1970759052
GLOBAL	II	6360001	6370000	0.00035108024438395	9566	2548184	7258124149	137790487
GLOBAL	II	6370001	6380000	0.00042145554009182	9152	2930208	6952591012	123241180
GLOBAL	II	6380001	6390000	0.00022581855862259	9200	1591856	7049270041	63673159
GLOBAL	II	6390001	6400000	0.00026246951806791	9317	1868708	7119714372	83686910
GLOBAL	II	6400001	6410000	0.00040695083230911	9048	2802720	6887121926	108303082
GLOBAL	II	6410001	6420000	0.00043931808892929	8912	2940336	6692954545	197322607
GLOBAL	II	6420001	6430000	0.00031069347848831	8901	2061536	6635272842	246499704
GLOBAL	II	6430001	6440000	0.00025703653904237	4358	598312	2327731311	1138282207
GLOBAL	II	6440001	6450000	0.00011684890247644	4500	19572	167498364	3572208838
GLOBAL	II	6450001	6460000	0.00018838465422809	3089	36576	194155942	2526544832
GLOBAL	II	6460001	6470000	0.0001548712240091	3364	25624	165453590	2795695590
GLOBAL	II	6470001	6480000	0.0007808089141243	6437	2609128	3341570457	1640582367
GLOBAL	II	6480001	6490000	0.00033698831191743	8929	2257148	6698000851	205419783
GLOBAL	II	6490001	6500000	0.00030382787350625	8915	2061732	6785855347	106741243
GLOBAL	II	6500001	6510000	0.00033977820471861	9294	2413256	7102444967	83173957
GLOBAL	II	6510001	6520000	0.00030770952589935	9322	2189092	7114150898	93116114
GLOBAL	II	6520001	6530000	0.00026956552950279	8932	1841268	6830502414	75237658
GLOBAL	II	6530001	6540000	0.00029704461535465	8822	1993664	6711665174	109028838
GLOBAL	II	6540001	6550000	0.00040033488563415	9344	2860972	7146446894	77829330
GLOBAL	II	6550001	6560000	0.00020280313496453	9590	1494976	7371562576	42907564
GLOBAL	II	6560001	6570000	0.00014985693286309	9031	1036624	6917424374	64857152
GLOBAL	II	6570001	6580000	0.0001608796607538	8940	1102060	6850213351	61711889
GLOBAL	II	6580001	6590000	0.00037323539616832	9255	2630488	7047798861	107667369
GLOBAL	II	6590001	6600000	0.00020238481286417	9522	1474060	7283451654	78444558
GLOBAL	II	6600001	6610000	0.00021088252332609	9381	1516196	7189766018	63116608
GLOBAL	II	6610001	6620000	0.00023773796976342	9496	1725968	7259959365	81835051
GLOBAL	II	6620001	6630000	0.00015615454766409	9274	1110404	7110929631	59226373
GLOBAL	II	6630001	6640000	0.0002640071539081	9734	1975392	7482342697	43460467
GLOBAL	II	6640001	6650000	0.0002557128268087	9580	1845360	7216532792	190205888
GLOBAL	II	6650001	6660000	0.00032013321327126	9245	2266728	7080577416	67157354
GLOBAL	II	6660001	6670000	0.00028511867755294	7936	1489772	5225094381	1076045519
GLOBAL	II	6670001	6680000	0.00025846205141543	9548	1892796	7323303323	58694685
GLOBAL	II	6680001	6690000	0.00031197807608238	9396	2253688	7223866588	40613228
GLOBAL	II	6690001	6700000	0.00041255821307369	9342	2960392	7175695226	47034706
GLOBAL	II	6700001	6710000	0.00024722259656624	9732	1848980	7479008900	45247972
GLOBAL	II	6710001	6720000	0.00020760986632478	9556	1521172	7327069888	61113288
GLOBAL	II	6720001	6730000	0.00012516599498652	9114	874888	6989821797	56630847
GLOBAL	II	6730001	6740000	0.00027747243948902	9159	1950460	7029382823	51861391
GLOBAL	II	6740001	6750000	0.00028023364193389	9382	2016848	7197023120	56632652
GLOBAL	II	6750001	6760000	0.00026468828486982	9495	1931628	7297746483	43274787
GLOBAL	II	6760001	6770000	0.00020446904835783	9523	1494340	7308392209	54277149
GLOBAL	II	6770001	6780000	0.00016547822732145	9773	1241216	7500781342	55174516
GLOBAL	II	6780001	6790000	0.00032309225551618	9482	2347544	7265862799	65107573
GLOBAL	II	6790001	6800000	0.00024410919098764	9865	1849680	7577264881	49820409
GLOBAL	II	6800001	6810000	0.00013746034302476	8797	893820	6502384472	309804934
GLOBAL	II	6810001	6820000	0.00040058112099228	9351	2873188	7172549702	57138544
GLOBAL	II	6820001	6830000	0.00023783188123269	9028	1646088	6921225159	58736929
GLOBAL	II	6830001	6840000	0.00026983929650146	9726	2015564	7469497683	50120313
GLOBAL	II	6840001	6850000	0.00038119728979811	9347	2724172	7146357209	80238453
GLOBAL	II	6850001	6860000	0.00024492270461418	9361	1761144	7190611433	46808273
GLOBAL	II	6860001	6870000	0.0001154554178355	9464	836468	7244943682	72110062
GLOBAL	II	6870001	6880000	0.00022568379139184	9153	1584800	7022214534	54390804
GLOBAL	II	6880001	6890000	0.00022429700594299	9546	1641120	7316727181	63724535
GLOBAL	II	6890001	6900000	0.00020307502709359	9494	1483224	7303822736	36425388
GLOBAL	II	6900001	6910000	0.00028515008682084	9498	2085512	7313734403	29606305
GLOBAL	II	6910001	6920000	0.00031816204519604	9403	2302012	7235344488	34547350
GLOBAL	II	6920001	6930000	0.0002238275392129	9538	1642068	7336309043	37957505
GLOBAL	II	6930001	6940000	0.00018328142402555	9507	1341556	7319650680	30648342
GLOBAL	II	6940001	6950000	0.00027647181548829	9391	1991492	7203236961	57377125
GLOBAL	II	6950001	6960000	0.00019291083396626	9653	1427636	7400496751	62681587
GLOBAL	II	6960001	6970000	0.00015476654852865	9450	1121996	7249602777	56626923
GLOBAL	II	6970001	6980000	0.00020075255800414	9403	1450560	7225611541	44280297
GLOBAL	II	6980001	6990000	0.00019863017507711	9193	1402276	7059732991	47798187
GLOBAL	II	6990001	7000000	0.00032240498689928	9523	2349520	7287480329	75189029
GLOBAL	II	7000001	7010000	0.0002465415932146	9834	1866760	7571785254	31332510
GLOBAL	II	7010001	7020000	0.00024962969936452	9461	1817112	7279230014	35504292
GLOBAL	II	7020001	7030000	0.00029309342883207	9248	2076344	7084239344	65814864
GLOBAL	II	7030001	7040000	0.00012936848667865	9069	837632	6474776211	546935761
GLOBAL	II	7040001	7050000	0.00028403473280225	9756	2129808	7498406899	44405477
GLOBAL	II	7050001	7060000	0.00024257362233696	9605	1793856	7395099198	30968132
GLOBAL	II	7060001	7070000	0.00021516905427021	9642	1596144	7418092743	36580989
GLOBAL	II	7070001	7080000	0.00017200786498369	9209	1216912	7074746263	45155251
GLOBAL	II	7080001	7090000	0.00027825786435872	9333	1993596	7164563002	51208616
GLOBAL	II	7090001	7100000	0.00035535003167037	9605	2627052	7392857087	33210243
GLOBAL	II	7100001	7110000	0.00032286214622316	9595	2062208	6387270927	1041115841
GLOBAL	II	7110001	7120000	0.00032784760908396	9478	2387060	7281004753	46873035
GLOBAL	II	7120001	7130000	0.00019640532909856	9008	1356620	6907246388	57252780
GLOBAL	II	7130001	7140000	0.00034945584703743	9491	2535620	7255909499	82019187
GLOBAL	II	7140001	7150000	0.00026802955044377	9463	1942772	7248350030	67930568
GLOBAL	II	7150001	7160000	0.00026708300781533	9422	1934668	7243695568	40886044
GLOBAL	II	7160001	7170000	0.000183587542373	9449	1311744	7145059970	160396584
GLOBAL	II	7170001	7180000	0.00028383574193688	9560	2081672	7334072819	57202941
GLOBAL	II	7180001	7190000	0.00038198684541587	9421	2512928	6578572090	705236376
GLOBAL	II	7190001	7200000	0.00018039217626672	9657	1333980	7394888335	71382587
GLOBAL	II	7200001	7210000	0.00023632300548599	9574	1737508	7352259237	49840567
GLOBAL	II	7210001	7220000	0.00015828540978745	9363	1135488	7173674450	65291548
GLOBAL	II	7220001	7230000	0.00030334582376776	9018	2097328	6913983433	58247195
GLOBAL	II	7230001	7240000	0.00031271256752485	9694	2324392	7432998355	61878969
GLOBAL	II	7240001	7250000	0.00025398390248062	9717	1897356	7470378955	42280727
GLOBAL	II	7250001	7260000	0.00037286144755292	9628	2757096	7394424975	49424713
GLOBAL	II	7260001	7270000	0.0018618824882465	9452	13486816	7243645120	64130872
GLOBAL	II	7270001	7280000	0.00038780833247377	9621	2871132	7403481977	34955689
GLOBAL	II	7280001	7290000	0.00013579091141599	9464	985980	7261016144	56037600
GLOBAL	II	7290001	7300000	0.00047597368506894	9395	3439448	7226130578	37576092
GLOBAL	II	7300001	7310000	0.00017766739175185	9575	1310636	7376907980	25964970
GLOBAL	II	7310001	7320000	0.000235161734713	9447	1710288	7272815886	31094376
GLOBAL	II	7320001	7330000	0.00050101909449712	9525	3660816	7306739484	57476166
GLOBAL	II	7330001	7340000	0.00010521679774002	9483	766112	7281270828	50472690
GLOBAL	II	7340001	7350000	0.00024983628199657	9551	1835252	7345818571	38498875
GLOBAL	II	7350001	7360000	0.00025578173894754	7398	1353440	5291386342	434532934
GLOBAL	II	7360001	7370000	0.0002102110807767	9407	1517312	7218040050	54944372
GLOBAL	II	7370001	7380000	0.00022249595502353	9620	1648044	7407073984	30590536
GLOBAL	II	7380001	7390000	0.00028146203567529	9660	2088744	7421050569	47539791
GLOBAL	II	7390001	7400000	0.0001260729556273	9550	926180	7346381271	37163029
GLOBAL	II	7400001	7410000	0.0005760538368791	9632	4269132	7410994818	35947454
GLOBAL	II	7410001	7420000	0.00022218247395414	9129	1558212	7013208433	44841401
GLOBAL	II	7420001	7430000	0.00029454234204336	9706	2201120	7473017240	31137836
GLOBAL	II	7430001	7440000	0.00016641542410971	9254	1182092	7103259847	51433237
GLOBAL	II	7440001	7450000	0.00024528645277328	9369	1760508	7177355211	66249663
GLOBAL	II	7450001	7460000	0.00025037205728155	9488	1823148	7281755080	53854168
GLOBAL	II	7460001	7470000	0.00024620551093764	9511	1799568	7309210883	44180723
GLOBAL	II	7470001	7480000	0.00023488987740859	9694	1749508	7448205173	46672151
GLOBAL	II	7480001	7490000	0.00021427794156054	9629	1588216	7411943518	32679316
GLOBAL	II	7490001	7500000	0.00029988755608107	9432	2165976	7222627135	69685937
GLOBAL	II	7500001	7510000	0.00022407704919051	9438	1624172	7248274671	48677277
GLOBAL	II	7510001	7520000	0.00023449577992716	9456	1704172	7267388780	43479796
GLOBAL	II	7520001	7530000	0.00014032838774528	9295	1001580	7137401178	48990892
GLOBAL	II	7530001	7540000	0.0028589783333209	9212	20179876	7058422152	63798800
GLOBAL	II	7540001	7550000	0.0028419135712726	9526	20854728	7338269612	26719184
GLOBAL	II	7550001	7560000	0.0037800214981095	8786	25486724	6742481230	50379526
GLOBAL	II	7560001	7570000	0.0016002493650374	9653	11889628	7429859533	33318805
GLOBAL	II	7570001	7580000	0.0017210176251231	9289	12283044	7137082050	44671144
GLOBAL	II	7580001	7590000	0.0022618567690169	9234	16019360	7082393642	56836522
GLOBAL	II	7590001	7600000	0.00092398309312326	9541	6774068	7331376570	45209416
GLOBAL	II	7600001	7610000	0.00017723965381366	9618	1311528	7399743634	36374594
GLOBAL	II	7610001	7620000	0.00095134193517665	9330	6805312	7153381711	60070469
GLOBAL	II	7620001	7630000	0.0019211994566373	9015	13242132	6892637802	77273388
GLOBAL	II	7630001	7640000	0.0013967603932145	8884	9489784	6794138813	74490251
GLOBAL	II	7640001	7650000	0.0013872764355629	9171	9756712	7032997714	57524252
GLOBAL	II	7650001	7660000	0.00034285240467514	9385	2440888	7119355054	136620156
GLOBAL	II	7660001	7670000	0.00034018893556626	9189	2394156	7037724481	66714113
GLOBAL	II	7670001	7680000	0.00018275352805435	9570	1344868	7358916757	40090463
GLOBAL	II	7680001	7690000	0.0001674409669176	8914	1107516	6614366964	277456480
GLOBAL	II	7690001	7700000	0.00015553985066555	9130	1024484	6586633558	473735714
GLOBAL	II	7700001	7710000	0.00020377838774661	9243	1399856	6869501793	281325561
GLOBAL	II	7710001	7720000	0.00031569049498378	8749	2112532	6691782089	72472265
GLOBAL	II	7720001	7730000	0.00040320074332711	9433	2917296	7235343804	57742414
GLOBAL	II	7730001	7740000	0.00037323949282662	9689	2780808	7450465595	40545999
GLOBAL	II	7740001	7750000	0.00033097410970444	9273	2345968	7088071034	81311824
GLOBAL	II	7750001	7760000	0.00017162750373915	9402	1237356	7209543768	59574924
GLOBAL	II	7760001	7770000	0.00012220444744051	9415	883456	7229327725	49841865
GLOBAL	II	7770001	7780000	0.00030297839006712	9744	2266532	7480837163	52697461
GLOBAL	II	7780001	7790000	0.00020093862437256	9225	1421364	7073622627	58649223
GLOBAL	II	7790001	7800000	0.00024427385167055	9537	1791364	7333425120	40068282
GLOBAL	II	7800001	7810000	0.00027944839410713	9403	1814896	6494565860	775325978
GLOBAL	II	7810001	7820000	0.0001567581140664	5063	527328	3363959838	555117236
GLOBAL	II	7820001	7830000	0.00050020969474873	9708	3732340	7461550704	44150664
GLOBAL	II	7830001	7840000	0.00026952627112736	9507	1967148	7298538995	51760027
GLOBAL	II	7840001	7850000	0.00023841162830606	9335	1707536	7162133878	55184032
GLOBAL	II	7850001	7860000	0.00043900477770828	9514	3198688	7286225942	69485102
GLOBAL	II	7860001	7870000	0.0002325874054948	9706	1730196	7438906661	65248415
GLOBAL	II	7870001	7880000	0.00025095864198106	9476	1785536	7114861580	211469916
GLOBAL	II	7880001	7890000	0.00038284677208326	9799	2813816	7349718491	226339163
GLOBAL	II	7890001	7900000	0.00019123389511489	9720	1418576	7418015510	96963610
GLOBAL	II	7900001	7910000	0.00036907208812183	9566	2712980	7350813262	45101374
GLOBAL	II	7910001	7920000	0.00025469349656539	9617	1868900	7337839502	97505580
GLOBAL	II	7920001	7930000	0.00051861215965963	9168	1900788	3665143527	3423059001
GLOBAL	II	7930001	7940000	0.00049997805918699	9235	2005216	4010607992	3129395318
GLOBAL	II	7940001	7950000	0.00029798663618097	9714	2219896	7449649516	60690728
GLOBAL	II	7950001	7960000	0.00026011951682073	9757	1945328	7478593009	64992513
GLOBAL	II	7960001	7970000	0.0003810530301642	9279	2616616	6866802762	307218972
GLOBAL	II	7970001	7980000	0.00026866068999601	9629	1985980	7392149555	52473279
GLOBAL	II	7980001	7990000	0.00027629177596365	9646	2050320	7420850631	36915685
GLOBAL	II	7990001	8000000	0.00033837016309854	9663	2515580	7434402540	36507258
GLOBAL	II	8000001	8010000	0.00027133232186999	9839	2054040	7570200210	36783284
GLOBAL	II	8010001	8020000	0.00026790997488525	9815	2020244	7540756931	47671059
GLOBAL	II	8020001	8030000	0.00032628123421666	9583	2398568	7351228782	57829336
GLOBAL	II	8030001	8040000	0.00031132922432598	9390	2245752	7213431392	46409548
GLOBAL	II	8040001	8050000	0.00018945920516286	9742	1419356	7491618044	40370288
GLOBAL	II	8050001	8060000	0.00035367258976745	9773	2656340	7510731894	45223964
GLOBAL	II	8060001	8070000	0.00043953261597115	9644	3245312	7383552169	72667855
GLOBAL	II	8070001	8080000	0.00018468501094964	9498	1349116	7304956656	38384052
GLOBAL	II	8080001	8090000	0.00019043648527413	9787	1432040	7519777515	47002387
GLOBAL	II	8090001	8100000	0.00027480990038084	9499	1987432	7232024746	112089108
GLOBAL	II	8100001	8110000	0.00029799673231212	9563	2166848	7271381747	122213451
GLOBAL	II	8110001	8120000	0.000264188091216	5998	1018752	3856161704	794311486
GLOBAL	II	8120001	8130000	0.00048516860206897	4548	1082344	2230861592	1328702592
GLOBAL	II	8130001	8140000	0.00033054566669116	9717	2457016	7433211951	79447731
GLOBAL	II	8140001	8150000	0.00041990512033297	9672	3094512	7369550525	108317587
GLOBAL	II	8150001	8160000	0.00071527924129151	9708	5202584	7273500613	232200755
GLOBAL	II	8160001	8170000	0.00032373889162968	9716	2414780	7459035854	52850682
GLOBAL	II	8170001	8180000	0.00028602100975126	9643	2119688	7410952090	44494788
GLOBAL	II	8180001	8190000	0.00031198683821232	9642	2305240	7388901446	65772286
GLOBAL	II	8190001	8200000	0.00037173019289955	9759	2790524	7506853232	38278582
GLOBAL	II	8200001	8210000	0.00027635804139394	9670	2057068	7443488851	32832969
GLOBAL	II	8210001	8220000	0.00027286546463962	9156	1792036	6567470905	511453871
GLOBAL	II	8220001	8230000	0.00016418031252376	9699	1215380	7402714621	96028433
GLOBAL	II	8230001	8240000	0.00023551421719635	9568	1725764	7327642554	69818374
GLOBAL	II	8240001	8250000	0.00023834660787172	9853	1807056	7581630870	36176668
GLOBAL	II	8250001	8260000	0.00022812415182886	9879	1734520	7603403612	34505722
GLOBAL	II	8260001	8270000	0.00030836081927453	9267	2167832	7030179791	134564191
GLOBAL	II	8270001	8280000	0.00047697500968471	8369	2939976	6163794623	308210543
GLOBAL	II	8280001	8290000	0.00023829892290001	9333	1708684	7170338746	45432872
GLOBAL	II	8290001	8300000	0.00031669483034907	9534	2320176	7326220000	44953964
GLOBAL	II	8300001	8310000	0.00016517079111972	9727	1233200	7466211136	54180006
GLOBAL	II	8310001	8320000	0.00037570321334246	9317	2692980	7167838614	35562668
GLOBAL	II	8320001	8330000	0.00015226929550501	9536	1116432	7331957479	40762777
GLOBAL	II	8330001	8340000	0.00019142575503545	9438	1389336	7257832154	39119794
GLOBAL	II	8340001	8350000	0.00037254250337218	9674	2765456	7423195944	56218460
GLOBAL	II	8350001	8360000	0.00013812362270285	9561	1013136	7334994407	57054499
GLOBAL	II	8360001	8370000	0.00020608267217188	9242	1460476	7086845219	58570113
GLOBAL	II	8370001	8380000	0.00048305274617608	9136	3384460	7006398425	57063431
GLOBAL	II	8380001	8390000	0.00021685677455456	9524	1585304	7310373417	53069087
GLOBAL	II	8390001	8400000	0.00021975338484533	9259	1558504	7092059133	66499681
GLOBAL	II	8400001	8410000	0.00054352756918134	7733	2921112	5374358479	622935043
GLOBAL	II	8410001	8420000	0.00069249986467713	9365	4977928	7188345087	52167203
GLOBAL	II	8420001	8430000	0.00058694836492998	9263	4157832	7083812220	77839178
GLOBAL	II	8430001	8440000	0.00057996658112467	9556	4259008	7343540367	44642809
GLOBAL	II	8440001	8450000	0.00039961445150381	9577	2947156	7374998549	29420693
GLOBAL	II	8450001	8460000	0.00042098507914732	9416	3032508	7203362186	76580550
GLOBAL	II	8460001	8470000	0.00039017262462155	9785	2927368	7502750873	62482737
GLOBAL	II	8470001	8480000	0.00045883551467066	9640	3403680	7418083150	35044290
GLOBAL	II	8480001	8490000	0.00060167962580932	9444	4353516	7235604819	65986005
GLOBAL	II	8490001	8500000	0.00044511878430089	9395	3213060	7218432727	45273943
GLOBAL	II	8500001	8510000	0.00078334606190085	9506	5709940	7289166663	60359213
GLOBAL	II	8510001	8520000	0.00038036960687514	8899	2555136	6717508323	165810515
GLOBAL	II	8520001	8530000	0.00064032515279753	9720	4775880	7458523188	56455932
GLOBAL	II	8530001	8540000	0.00065077556741764	9618	4795500	7368899879	67218349
GLOBAL	II	8540001	8550000	0.0017858701954607	9596	13098440	7334486030	84622986
GLOBAL	II	8550001	8560000	0.0014813975017226	9804	11174520	7543228598	36694786
GLOBAL	II	8560001	8570000	0.0017398641176581	9504	12683588	7289987690	57991894
GLOBAL	II	8570001	8580000	0.0021163150597062	9637	15661208	7400225183	50582819
GLOBAL	II	8580001	8590000	0.0010421701054589	9145	7019568	6735529990	334890180
GLOBAL	II	8590001	8600000	0.0013378531542581	9363	9628780	7197187501	41778497
GLOBAL	II	8600001	8610000	0.0015969741729098	9395	11499648	7200897920	62808750
GLOBAL	II	8610001	8620000	0.0022398895652814	9231	15879128	7089245937	47664789
GLOBAL	II	8620001	8630000	0.0019498805129385	9077	12981180	6657423321	360422921
GLOBAL	II	8630001	8640000	0.0031921920356891	9360	22932764	7184017673	52628887
GLOBAL	II	8640001	8650000	0.0021769178352582	8863	14201120	6523498393	328894605
GLOBAL	II	8650001	8660000	0.003060456302872	8666	18265044	5968078676	732004560
GLOBAL	II	8660001	8670000	0.0020278013132752	8496	11537320	5689571224	900725280
GLOBAL	II	8670001	8680000	0.0023122646077204	9168	16271480	7037031984	51170544
GLOBAL	II	8680001	8690000	0.0024597399307947	9005	16176856	6576653002	385526728
GLOBAL	II	8690001	8700000	0.0025159141026772	9131	17552504	6976591125	83005001
GLOBAL	II	8700001	8710000	0.001732068742214	9441	12534044	7236458747	62812639
GLOBAL	II	8710001	8720000	0.00043088866996203	9597	3157256	7327312645	92569517
GLOBAL	II	8720001	8730000	0.00023569064670657	9353	1693348	7184621128	46613410
GLOBAL	II	8730001	8740000	0.00034942057748044	9419	2514908	7197366618	84895556
GLOBAL	II	8740001	8750000	0.00028978610648521	9322	2065184	7126580446	80686566
GLOBAL	II	8750001	8760000	0.00034214217516446	9267	2405044	7029370170	135373812
GLOBAL	II	8760001	8770000	0.00040342962681667	9233	2860936	7091536689	46920329
GLOBAL	II	8770001	8780000	0.0056459697303471	8793	36570180	6477218573	321054205
GLOBAL	II	8780001	8790000	0.00039468982455081	9250	2799260	7092303439	59297061
GLOBAL	II	8790001	8800000	0.00030395734824787	9144	2134620	7022761622	46885402
GLOBAL	II	8800001	8810000	0.00027383435187923	9653	2032724	7423188457	39989881
GLOBAL	II	8810001	8820000	0.00031901762231209	9347	2289528	7176807298	49788364
GLOBAL	II	8820001	8830000	0.00060398900763506	9641	4459836	7383968820	69931766
GLOBAL	II	8830001	8840000	0.0005105751537662	9830	3859024	7558189958	41835222
GLOBAL	II	8840001	8850000	0.00028957749127241	9555	2122600	7329989602	57420428
GLOBAL	II	8850001	8860000	0.00030865862374017	9528	2247024	7279965072	86570016
GLOBAL	II	8860001	8870000	0.00056936984178358	9386	3871760	6800079168	456669188
GLOBAL	II	8870001	8880000	0.00043708620404797	9350	3137948	7179242838	49672262
GLOBAL	II	8880001	8890000	0.00045101293903446	9596	3315576	7351398847	67710169
GLOBAL	II	8890001	8900000	0.00030139975335961	9667	2242316	7439674303	34328079
GLOBAL	II	8900001	8910000	0.00053868697591606	9569	3684156	6839140660	559093414
GLOBAL	II	8910001	8920000	0.00072714144257012	8898	4226252	5812145688	1067307420
GLOBAL	II	8920001	8930000	0.0011775945890156	8366	6147180	5220115698	1261167220
GLOBAL	II	8930001	8940000	0.001668789512688	9569	12220044	7322699422	75534652
GLOBAL	II	8940001	8950000	0.0015557839207739	9104	10859860	6980313818	58407366
GLOBAL	II	8950001	8960000	0.0016834874275005	9464	11284528	6703066394	613987350
GLOBAL	II	8960001	8970000	0.0016425356711873	9168	11390684	6934816820	153385708
GLOBAL	II	8970001	8980000	0.0015396245938476	9059	10392856	6750253303	253676311
GLOBAL	II	8980001	8990000	0.0019385754771917	8788	11039108	5694443229	1099963819
GLOBAL	II	8990001	9000000	0.0010729097555559	9271	7631720	7113105236	54731330
GLOBAL	II	9000001	9010000	0.0014182015887238	9133	9933488	7004284919	56857499
GLOBAL	II	9010001	9020000	0.00040524102071147	9591	2967884	7323750184	91493102
GLOBAL	II	9020001	9030000	0.00026983047143414	9489	1970548	7302911304	33471090
GLOBAL	II	9030001	9040000	0.00033028347242867	9654	2454268	7430792652	33158832
GLOBAL	II	9040001	9050000	0.00014408649689004	8420	908536	6305490241	211357393
GLOBAL	II	9050001	9060000	0.0002305164770952	9399	1631864	7079164234	187635020
GLOBAL	II	9060001	9070000	0.00028365822088854	9543	2079940	7332556742	45575536
GLOBAL	II	9070001	9080000	0.00023331933313539	9473	1696392	7270687676	53324382
GLOBAL	II	9080001	9090000	0.00045604504238462	9210	3217208	7054583870	66090790
GLOBAL	II	9090001	9100000	0.00030180525314358	9623	2220132	7356174145	83809813
GLOBAL	II	9100001	9110000	0.00062665484312995	8879	4082152	6514195246	350568088
GLOBAL	II	9110001	9120000	0.00042605737459111	9307	2919844	6853170897	342498925
GLOBAL	II	9120001	9130000	0.00021456556413269	9476	1559500	7268174678	58156818
GLOBAL	II	9130001	9140000	0.0003865387263971	9303	2754708	7126602878	65974360
GLOBAL	II	9140001	9150000	0.00044075844759144	9139	3058700	6939628762	126152532
GLOBAL	II	9150001	9160000	0.00021765133423953	9575	1598920	7346244881	56628069
GLOBAL	II	9160001	9170000	0.00043804267455447	9205	3082576	7037159115	79649815
GLOBAL	II	9170001	9180000	0.00032573004700294	9537	2385284	7322885997	50607405
GLOBAL	II	9180001	9190000	0.00033139033922779	9531	2416064	7290689299	78165227
GLOBAL	II	9190001	9200000	0.00050137988740964	9474	3633988	7247973226	76811978
GLOBAL	II	9200001	9210000	0.00048748003350145	9527	3570956	7325337972	40423970
GLOBAL	II	9210001	9220000	0.00033388309410535	9729	2496036	7475778331	46159103
GLOBAL	II	9220001	9230000	0.00040566465688282	9465	2948328	7267894676	49932214
GLOBAL	II	9230001	9240000	0.00027816309822377	9580	2047472	7360688794	46049886
GLOBAL	II	9240001	9250000	0.00037512743821398	9428	2711024	7226941364	62279124
GLOBAL	II	9250001	9260000	0.0014313822452779	9024	9842268	6876058462	100811042
GLOBAL	II	9260001	9270000	0.00034926699778849	9498	2550196	7301565897	41774811
GLOBAL	II	9270001	9280000	0.00039203686567176	9476	2838616	7240686396	85645100
GLOBAL	II	9280001	9290000	0.00048326977445303	8843	3275540	6777870608	59059470
GLOBAL	II	9290001	9300000	0.0011821864617919	8572	7018732	5937076956	690330556
GLOBAL	II	9300001	9310000	0.00051474652443332	8724	3446828	6696165659	48760045
GLOBAL	II	9310001	9320000	0.00015458503771857	9677	1148452	7429257171	52476671
GLOBAL	II	9320001	9330000	0.00090360149104307	9303	6409040	7092772714	99804524
GLOBAL	II	9330001	9340000	0.00066250199314946	9477	4811920	7263253620	63851022
GLOBAL	II	9340001	9350000	0.0019865193895947	9136	13790456	6942019329	121442527
GLOBAL	II	9350001	9360000	0.00033596364473911	9654	2489672	7410539917	53411567
GLOBAL	II	9360001	9370000	0.00061304414134383	9459	4451364	7261082359	52105655
GLOBAL	II	9370001	9380000	0.00054176930905571	9102	3774824	6967585533	69589359
GLOBAL	II	9380001	9390000	0.00034618984582615	9395	2487680	7185883786	77822884
GLOBAL	II	9390001	9400000	0.00080589401555772	9291	5668868	7034259953	149039533
GLOBAL	II	9400001	9410000	0.0008702808066126	9546	6359016	7306855387	73596329
GLOBAL	II	9410001	9420000	0.00037738129821896	9398	2710764	7183090452	82935656
GLOBAL	II	9420001	9430000	0.00039752821889965	9770	2976020	7486311307	67325113
GLOBAL	II	9430001	9440000	0.00050264863001442	9545	3677328	7315901766	63776804
GLOBAL	II	9440001	9450000	0.00039063377187772	9457	2830424	7245722730	65918992
GLOBAL	II	9450001	9460000	0.00042855009804652	9457	3101348	7236838853	74802869
GLOBAL	II	9460001	9470000	0.0004933745514922	9690	3667024	7432535766	59248974
GLOBAL	II	9470001	9480000	0.00058295453641206	9459	4191544	7190173055	123014959
GLOBAL	II	9480001	9490000	0.00044836363806487	9419	3232488	7209523087	72739087
GLOBAL	II	9490001	9500000	0.0013142693890366	8934	8948088	6808412396	98873968
GLOBAL	II	9500001	9510000	0.000607446014959	9273	4302156	7082367641	87015217
GLOBAL	II	9510001	9520000	0.00074597913664874	9114	5194080	6962768454	83684190
GLOBAL	II	9520001	9530000	0.00026042478272614	9584	1909128	7330823050	79008214
GLOBAL	II	9530001	9540000	0.00059595052608374	9488	4324460	7256407723	79201525
GLOBAL	II	9540001	9550000	0.00047825915161377	9433	3460620	7235867810	57218408
GLOBAL	II	9550001	9560000	0.0021576233049865	8839	14207940	6584995614	248841880
GLOBAL	II	9560001	9570000	0.0022656779887806	8815	15062720	6648217476	167064514
GLOBAL	II	9570001	9580000	0.00054859204043158	8975	3753268	6841637726	97347624
GLOBAL	II	9580001	9590000	0.0010056578687004	9508	7306328	7265222326	85849842
GLOBAL	II	9590001	9600000	0.0021828755248175	9423	15788508	7232894327	52460431
GLOBAL	II	9600001	9610000	0.0032798783858801	9373	23474484	7157120246	89577212
GLOBAL	II	9610001	9620000	0.0024554821530698	9555	17889348	7285472622	101937408
GLOBAL	II	9620001	9630000	0.0020551442223959	9360	14743592	7173993844	62652716
GLOBAL	II	9630001	9640000	0.0017639830570579	9266	11713284	6640247452	523723384
GLOBAL	II	9640001	9650000	0.0018139400392311	8721	9959388	5490472554	1275328092
GLOBAL	II	9650001	9660000	0.0023761765833729	8761	13520344	5689957596	1101356868
GLOBAL	II	9660001	9670000	0.0037923173308308	9618	27966712	7374570628	61547600
GLOBAL	II	9670001	9680000	0.013434646511252	9247	94839540	7059325299	89955763
GLOBAL	II	9680001	9690000	0.010869933504702	8671	68406048	6293143189	410805777
GLOBAL	II	9690001	9700000	0.0068940943905175	8653	44789248	6496755841	193276497
GLOBAL	II	9700001	9710000	0.0039850081924131	9183	28024244	7032418165	67381553
GLOBAL	II	9710001	9720000	0.018217297570529	8624	117287884	6438270196	229340908
GLOBAL	II	9720001	9730000	0.01928578167181	9048	129758396	6728189617	267235391
GLOBAL	II	9730001	9740000	0.025390606356264	8455	159781984	6292956606	243992824
GLOBAL	II	9740001	9750000	0.023967305894711	9205	165291316	6896532999	220275931
GLOBAL	II	9750001	9760000	0.0090670740737724	8994	60400420	6661511697	292163427
GLOBAL	II	9760001	9770000	0.0010111974671812	8432	6188084	6119560423	589800565
GLOBAL	II	9770001	9780000	0.018157002741928	8399	107290928	5909066024	584587230
GLOBAL	II	9780001	9790000	0.020359412973259	8468	91388240	4488746317	2058254011
GLOBAL	II	9790001	9800000	0.023883622334319	8088	115583232	4839434755	1436191327
GLOBAL	II	9800001	9810000	0.0047450155729772	8576	29590476	6236117784	417576692
GLOBAL	II	9810001	9820000	0.0011245095240509	9388	8061788	7169159378	89135270
GLOBAL	II	9820001	9830000	0.00057021285459537	9501	4145736	7270506034	75154112
GLOBAL	II	9830001	9840000	0.00056149695351293	9625	4154644	7399228035	42302215
GLOBAL	II	9840001	9850000	0.00051446504199672	9510	3574236	6947480797	405137663
GLOBAL	II	9850001	9860000	0.00066968319671092	9203	4726388	7057647591	57615047
GLOBAL	II	9860001	9870000	0.00045439652783058	8933	2948016	6487760842	425710690
GLOBAL	II	9870001	9880000	0.00039765773176097	8973	2679092	6737180711	200258347
GLOBAL	II	9880001	9890000	0.00081828441258992	9605	6012572	7347777750	78289580
GLOBAL	II	9890001	9900000	0.00028311040317682	9603	2084012	7361128297	63392741
GLOBAL	II	9900001	9910000	0.00067614642545867	9310	4779132	7068190883	129798377
GLOBAL	II	9910001	9920000	0.00059040321644418	9606	4346560	7362019513	64820963
GLOBAL	II	9920001	9930000	0.0011697655377269	9510	8505520	7271132313	81486147
GLOBAL	II	9930001	9940000	0.0010925570096168	9518	7939664	7267047788	91755840
GLOBAL	II	9940001	9950000	0.00059133383791025	9552	4312160	7292259843	92830749
GLOBAL	II	9950001	9960000	0.00069215606880997	9705	5168444	7467165619	36216311
GLOBAL	II	9960001	9970000	0.0073450525184339	9300	51312972	6986059238	204198562
GLOBAL	II	9970001	9980000	0.024641937755036	7574	110816252	4497059164	1358748640
GLOBAL	II	9980001	9990000	0.023316548285845	7915	129582456	5557531690	561918900
GLOBAL	II	9990001	10000000	0.020879873566156	7290	83652136	4006352612	1657714984
GLOBAL	II	10000001	10010000	0.0020426699492192	9322	14215924	6959481636	247785376
GLOBAL	II	10010001	10020000	0.0014730038681154	9444	10056868	6827455255	474135569
GLOBAL	II	10020001	10030000	0.001444118627449	8983	8987404	6223452720	752643638
GLOBAL	II	10030001	10040000	0.00098112530443937	9538	7147308	7284806505	89460043
GLOBAL	II	10040001	10050000	0.0011337391015763	7723	5151420	4543743788	1448910858
GLOBAL	II	10050001	10060000	0.00090273827527215	9170	5833876	6462422343	629645915
GLOBAL	II	10060001	10070000	0.00077003214385925	9547	5623072	7302386069	78838793
GLOBAL	II	10070001	10080000	0.00078654700998565	9655	5688984	7232859483	231865147
GLOBAL	II	10080001	10090000	0.0010984787988851	9056	6943324	6320853900	680756276
GLOBAL	II	10090001	10100000	0.0011654837981299	8133	5881776	5046639009	1241357409
GLOBAL	II	10100001	10110000	0.0012576100238856	8634	5609360	4460333405	2215009159
GLOBAL	II	10110001	10120000	0.0010746402126302	8710	6187060	5757331549	976770111
GLOBAL	II	10120001	10130000	0.0021215022139596	8870	13398016	6315343869	542461151
GLOBAL	II	10130001	10140000	0.0042764910250837	8999	28592628	6686002106	271538748
GLOBAL	II	10140001	10150000	0.001710509008869	8339	9177084	5365118776	1118483580
GLOBAL	II	10150001	10160000	0.0035601347401284	8666	22854348	6419517706	280565530
GLOBAL	II	10160001	10170000	0.0021855645675997	9357	15497012	7090621906	143705216
GLOBAL	II	10170001	10180000	0.00095084957852297	9040	6522908	6860084021	129155819
GLOBAL	II	10180001	10190000	0.00063964782251839	9391	4610892	7208485416	52128670
GLOBAL	II	10190001	10200000	0.00088571743863973	8487	5703672	6439606754	122083348
GLOBAL	II	10200001	10210000	0.001551410967273	8120	9401692	6060091232	217854288
GLOBAL	II	10210001	10220000	0.0010470139209637	9187	7269900	6943460688	159431614
GLOBAL	II	10220001	10230000	0.0009842692271097	8768	6501380	6605286258	173657870
GLOBAL	II	10230001	10240000	0.0012083419539126	9323	8485392	7022343280	185696878
GLOBAL	II	10240001	10250000	0.00091662956491816	9163	6376532	6956498289	127838509
GLOBAL	II	10250001	10260000	0.00075286339059387	9231	5263244	6990968170	145942556
GLOBAL	II	10260001	10270000	0.0011800138528576	8753	7410524	6280031359	487315579
GLOBAL	II	10270001	10280000	0.0011955600906141	9095	8170472	6834011995	197750875
GLOBAL	II	10280001	10290000	0.0024038820597082	8984	16103464	6698940963	247002701
GLOBAL	II	10290001	10300000	0.0019448377894389	9087	13097608	6734550342	291027360
GLOBAL	II	10300001	10310000	0.0010262494155885	8950	6742400	6569942840	349713860
GLOBAL	II	10310001	10320000	0.00069858639224704	8920	4737632	6781741031	114721289
GLOBAL	II	10320001	10330000	0.0014330041467136	8727	8051768	5618803001	1128442141
GLOBAL	II	10330001	10340000	0.00061732101431282	8635	1726320	2796470491	3882737803
GLOBAL	II	10340001	10350000	0.00082097996196178	8753	2316776	2821964125	3945382813
GLOBAL	II	10350001	10360000	0.00055566155242091	8625	1655568	2979453937	3688930313
GLOBAL	II	10360001	10370000	0.00090174271510895	8032	5082496	5636303920	584428796
GLOBAL	II	10370001	10380000	0.00055976058546668	9125	3898252	6964141637	90815613
GLOBAL	II	10380001	10390000	0.00091456640949112	9058	5704640	6237535012	787269544
GLOBAL	II	10390001	10400000	0.00068902452659469	9149	4813444	6985881945	87630809
GLOBAL	II	10400001	10410000	0.00085076906581278	9266	6004048	7057200645	106770191
GLOBAL	II	10410001	10420000	0.00092478261039354	9107	6195224	6699113857	341926765
GLOBAL	II	10420001	10430000	0.0034546974702279	8593	22058856	6385177339	258466239
GLOBAL	II	10430001	10440000	0.0155103667756	7329	72918840	4701296949	965090085
GLOBAL	II	10440001	10450000	0.018199678510208	8048	82621816	4539740411	1682538597
GLOBAL	II	10450001	10460000	0.01222101289832	7669	62104620	5081789907	847466767
GLOBAL	II	10460001	10470000	0.0082400851271569	6991	36663724	4449435101	955628585
GLOBAL	II	10470001	10480000	0.0023963227228301	8445	13824672	5769119438	774788306
GLOBAL	II	10480001	10490000	0.0013488862726159	8512	8380784	6213113863	367904889
GLOBAL	II	10490001	10500000	0.00092304462805855	8780	6121484	6631839690	156382190
GLOBAL	II	10500001	10510000	0.00052605863216141	8925	3590312	6824927452	75400598
GLOBAL	II	10510001	10520000	0.0013502224498137	9036	9203052	6815952439	170194817
GLOBAL	II	10520001	10530000	0.00083790287088281	8411	4214532	5029857453	1579767701
GLOBAL	II	10530001	10540000	0.0005915446086717	8827	3862780	6529989359	294570383
GLOBAL	II	10540001	10550000	0.00097174483570037	8837	5907420	6079188469	753102733
GLOBAL	II	10550001	10560000	0.0016003433363579	5471	3181636	1988095884	2265753408
GLOBAL	II	10560001	10570000	0.0029860957255181	6054	7393464	2475963492	2291254744
GLOBAL	II	10570001	10580000	0.0011114966800808	8548	7056112	6348297864	260554144
GLOBAL	II	10580001	10590000	0.0013081402843782	8544	8272972	6324223861	281535563
GLOBAL	II	10590001	10600000	0.0030021820981676	8565	18909000	6298418744	323576746
GLOBAL	II	10600001	10610000	0.0022762844079389	8106	9139164	4014948206	2252173270
GLOBAL	II	10610001	10620000	0.0011165813588308	8384	6541196	5858235003	623821061
GLOBAL	II	10620001	10630000	0.0014701045345291	9044	10118388	6882767696	109564728
GLOBAL	II	10630001	10640000	0.0019715222158229	8484	9610724	4874773372	1707018526
GLOBAL	II	10640001	10650000	0.00081400822358513	8936	5517712	6778447490	130385166
GLOBAL	II	10650001	10660000	0.0012418163650666	9206	8740160	7038206490	79375586
GLOBAL	II	10660001	10670000	0.00070006223849168	9073	4771916	6816416795	198336863
GLOBAL	II	10670001	10680000	0.0010822584231737	8384	5452128	5037732101	1444323963
GLOBAL	II	10680001	10690000	0.00055517610677267	6990	1794520	3232343716	2253127154
GLOBAL	II	10690001	10700000	0.0010364776613681	7707	3491740	3368852152	2633080246
GLOBAL	II	10700001	10710000	0.0033961501907135	8188	20253768	5963743316	394609388
GLOBAL	II	10710001	10720000	0.00097964819276599	8726	6128116	6255425208	491046788
GLOBAL	II	10720001	10730000	0.0011183748145387	9119	7758988	6937734916	112583458
GLOBAL	II	10730001	10740000	0.0010689327062445	8711	6979884	6529769329	205105477
GLOBAL	II	10740001	10750000	0.00097419046963427	9111	6789204	6969072488	75060718
GLOBAL	II	10750001	10760000	0.00084931847368062	9331	6059768	7134859523	79365803
GLOBAL	II	10760001	10770000	0.0027563856329525	7295	12457096	4519358921	1167903055
GLOBAL	II	10770001	10780000	0.0031620396494288	8748	19315024	6108406643	677495799
GLOBAL	II	10780001	10790000	0.0017779630575303	8731	11256524	6331134920	419202806
GLOBAL	II	10790001	10800000	0.00069363934453738	9363	4960060	7150776609	88189389
GLOBAL	II	10800001	10810000	0.00073601048473218	9313	5202344	7068301482	132007216
GLOBAL	II	10810001	10820000	0.0010776487334465	9168	7457320	6919991430	168211098
GLOBAL	II	10820001	10830000	0.0014009563328738	8713	9142308	6525762285	210658813
GLOBAL	II	10830001	10840000	0.00075523576564249	8588	4823176	6386318312	253459536
GLOBAL	II	10840001	10850000	0.0011754033478212	9143	8025132	6827555847	241318031
GLOBAL	II	10850001	10860000	0.00062075578453559	9146	4307036	6938374329	132818987
GLOBAL	II	10860001	10870000	0.0070046199898028	7934	39788032	5680255611	453884753
GLOBAL	II	10870001	10880000	0.021487346573083	7675	100151024	4660930267	1272965283
GLOBAL	II	10880001	10890000	0.005447446475156	8152	31231440	5733225676	569460516
GLOBAL	II	10890001	10900000	0.001902901407952	8498	12081900	6349199149	220995559
GLOBAL	II	10900001	10910000	0.0030227226414049	8530	18749280	6202778827	392156553
GLOBAL	II	10910001	10920000	0.0023045425879881	8776	14083184	6111053913	674075383
GLOBAL	II	10920001	10930000	0.0035992991973095	8210	21617384	6005998061	341530599
GLOBAL	II	10930001	10940000	0.0024418458998898	8745	14388204	5892347261	868814509
GLOBAL	II	10940001	10950000	0.0024115274725161	7227	9370720	3885802715	1744246457
GLOBAL	II	10950001	10960000	0.0010557374887913	8913	7054976	6682509691	208540607
GLOBAL	II	10960001	10970000	0.0011864431202124	8786	7861396	6626020132	166840624
GLOBAL	II	10970001	10980000	0.00083698625097676	7144	4033064	4818554660	769744628
GLOBAL	II	10980001	10990000	0.001945611400324	9316	13837256	7112034807	90593329
GLOBAL	II	10990001	11000000	0.0012225739260044	7643	6364132	5205519163	751570767
GLOBAL	II	11000001	11010000	0.0013146525059772	8102	8030684	6108598252	155430640
GLOBAL	II	11010001	11020000	0.0024609680106458	8726	14723288	5982722220	763749776
GLOBAL	II	11020001	11030000	0.00095114021601833	8429	5548520	5833545787	712681395
GLOBAL	II	11030001	11040000	0.0010665288409541	8719	7050732	6610915457	130144517
GLOBAL	II	11040001	11050000	0.0036520981588367	8168	21984148	6019593955	295462573
GLOBAL	II	11050001	11060000	0.0029377008150533	8170	17938996	6106474801	210128019
GLOBAL	II	11060001	11070000	0.0022965141075709	8481	14485464	6307587640	249463586
GLOBAL	II	11070001	11080000	0.0028146574665861	7671	15950948	5667100949	263702017
GLOBAL	II	11080001	11090000	0.0025364106552318	7953	14893380	5871833084	276997054
GLOBAL	II	11090001	11100000	0.0054068455680553	7567	28827936	5331747622	518648160
GLOBAL	II	11100001	11110000	0.0091166596760783	7867	49273420	5404766850	677572732
GLOBAL	II	11110001	11120000	0.0067052232696341	8567	40120228	5983429095	640112687
GLOBAL	II	11120001	11130000	0.0066450532803484	7941	37776652	5684928383	454624003
GLOBAL	II	11130001	11140000	0.0064938071058715	7638	36447084	5612591105	292698043
GLOBAL	II	11140001	11150000	0.0044304442402866	8718	27898372	6296969443	443317385
GLOBAL	II	11150001	11160000	0.00077966324028544	9190	5326468	6831754692	273457048
GLOBAL	II	11160001	11170000	0.001747214035296	8881	11635856	6659662620	206647006
GLOBAL	II	11170001	11180000	0.0036370790984586	8771	23834124	6553094765	228168801
GLOBAL	II	11180001	11190000	0.001212999433574	8913	7446352	6138792644	752257654
GLOBAL	II	11190001	11200000	0.0017965410076047	9382	12777008	7112004650	141651122
GLOBAL	II	11200001	11210000	0.00097660675874664	9075	6622728	6781366134	234933816
GLOBAL	II	11210001	11220000	0.0046878968599046	8278	27712652	5911531936	488570652
GLOBAL	II	11220001	11230000	0.0037362230409826	8162	19051388	5099103504	1221365046
GLOBAL	II	11230001	11240000	0.004749777645293	8608	30435588	6407792169	247448599
GLOBAL	II	11240001	11250000	0.0011319739881885	8854	7585456	6701086844	144347840
GLOBAL	II	11250001	11260000	0.0013941113333444	8751	9101684	6528663660	237136986
GLOBAL	II	11260001	11270000	0.013382042913457	7853	69811748	5216822906	854692632
GLOBAL	II	11270001	11280000	0.015313309820388	7694	50824684	3318987508	2629597816
GLOBAL	II	11280001	11290000	0.018260916060595	7777	80771988	4423216652	1589539790
GLOBAL	II	11290001	11300000	0.0021651827434134	9146	5638328	2604088739	4467104577
GLOBAL	II	11300001	11310000	0.016904637501545	7543	61641868	3646447195	2185393083
GLOBAL	II	11310001	11320000	0.025667188658611	8067	130098776	5068680397	1168288385
GLOBAL	II	11320001	11330000	0.016075814802002	8180	88276844	5491282718	833051562
GLOBAL	II	11330001	11340000	0.0032105870734294	7979	19110880	5952456533	216475401
GLOBAL	II	11340001	11350000	0.0010889934720118	8966	7142124	6558463557	373563479
GLOBAL	II	11350001	11360000	0.00091136622814168	8784	6035156	6622097477	169216987
GLOBAL	II	11360001	11370000	0.00075801856237538	8825	4957004	6539422972	283590478
GLOBAL	II	11370001	11380000	0.0014061814687772	8770	9205276	6546293067	234197353
GLOBAL	II	11380001	11390000	0.0020319643739193	8799	13316724	6553620807	249290847
GLOBAL	II	11390001	11400000	0.0015684258999792	8824	10437536	6654784265	167456039
GLOBAL	II	11400001	11410000	0.0015068692433215	8662	9763880	6479580125	217410527
GLOBAL	II	11410001	11420000	0.0011034697075611	8434	6936144	6285758415	234954949
GLOBAL	II	11420001	11430000	0.0018349685382087	8477	11489288	6261299723	292658919
GLOBAL	II	11430001	11440000	0.0010915705805429	8676	6959096	6375305568	332509128
GLOBAL	II	11440001	11450000	0.0010598673652458	8284	6326840	5969463923	435277541
GLOBAL	II	11450001	11460000	0.0028482523031732	8665	16587856	5823871706	875438384
GLOBAL	II	11460001	11470000	0.0013386773015369	9119	9239584	6902024849	148293525
GLOBAL	II	11470001	11480000	0.0011471038009092	8809	7629236	6650868033	159775081
GLOBAL	II	11480001	11490000	0.002916509542892	8878	19078460	6541538685	322451503
GLOBAL	II	11490001	11500000	0.0023749455143359	8260	14400468	6063494052	322691908
GLOBAL	II	11500001	11510000	0.002092969919605	8862	13663476	6528271559	323348293
GLOBAL	II	11510001	11520000	0.0037768038306039	9004	24848972	6579365282	382041302
GLOBAL	II	11520001	11530000	0.0031926766507384	8534	19991372	6261633791	336394173
GLOBAL	II	11530001	11540000	0.0034173139921719	8737	22046056	6451281928	303694674
GLOBAL	II	11540001	11550000	0.004165399436324	8494	25596704	6145077895	422024229
GLOBAL	II	11550001	11560000	0.0031507796617886	8435	19536016	6200375176	321111334
GLOBAL	II	11560001	11570000	0.0017024071962605	8706	11236100	6600124826	130884250
GLOBAL	II	11570001	11580000	0.0010667101898663	8478	6717924	6297796781	256935007
GLOBAL	II	11580001	11590000	0.0010738335240637	8683	7041400	6557254772	155971946
GLOBAL	II	11590001	11600000	0.0011314189611603	8953	7663376	6773243390	148732748
GLOBAL	II	11600001	11610000	0.00086251296368055	8679	5690072	6597085771	113048363
GLOBAL	II	11610001	11620000	0.0017520087397043	7699	9846016	5619844112	332606942
GLOBAL	II	11620001	11630000	0.0010724381855255	8248	6558336	6115351065	261557143
GLOBAL	II	11630001	11640000	0.001695752602458	8510	10821544	6381558244	197914216
GLOBAL	II	11640001	11650000	0.0007364507945293	8124	4488044	6094153246	186884858
GLOBAL	II	11650001	11660000	0.0011886228409628	9007	8141380	6849422474	114303548
GLOBAL	II	11660001	11670000	0.0010173212644814	8342	6430728	6321236196	128347736
GLOBAL	II	11670001	11680000	0.0018132624189718	8856	12050544	6645780486	201200490
GLOBAL	II	11680001	11690000	0.001113275076023	8458	6569200	5900787812	646212516
GLOBAL	II	11690001	11700000	0.001351119091064	7711	7820948	5788496404	173232402
GLOBAL	II	11700001	11710000	0.0014822109787624	8650	9566080	6453926018	233786882
GLOBAL	II	11710001	11720000	0.0010159135453821	8809	5918624	5825913068	984730046
GLOBAL	II	11720001	11730000	0.001133123705484	8835	7523904	6639966990	190777920
GLOBAL	II	11730001	11740000	0.00098216450960805	7498	4397456	4477311038	1366899576
GLOBAL	II	11740001	11750000	0.00068810289793645	9437	4943792	7184669640	111509162
GLOBAL	II	11750001	11760000	0.00083305771786034	9256	5883296	7062290972	93948404
GLOBAL	II	11760001	11770000	0.001185283159501	8915	7831336	6607143565	285453025
GLOBAL	II	11770001	11780000	0.0012978151626672	8957	8640252	6657536642	267532080
GLOBAL	II	11780001	11790000	0.00089646771476067	7574	4793928	5347574621	527561833
GLOBAL	II	11790001	11800000	0.0010450926777382	8386	6379772	6104503587	379098769
GLOBAL	II	11800001	11810000	0.0014248661880069	7343	5946256	4173203105	1517924601
GLOBAL	II	11810001	11820000	0.0017278563965243	8469	10493196	6072956075	593108737
GLOBAL	II	11820001	11830000	0.00099360633071212	8567	6309564	6350164854	284974118
GLOBAL	II	11830001	11840000	0.0014590259001456	8843	9801052	6717531196	119398882
GLOBAL	II	11840001	11850000	0.0010946081869549	9371	7844072	7166100248	79050918
GLOBAL	II	11850001	11860000	0.00060523062192893	9427	4367840	7216819245	71628097
GLOBAL	II	11860001	11870000	0.0013828442228653	8462	8505964	6151064494	392070104
GLOBAL	II	11870001	11880000	0.0010407454447294	8735	6921840	6650848231	102582079
GLOBAL	II	11880001	11890000	0.0011250175736971	9234	7939740	7057436422	81793742
GLOBAL	II	11890001	11900000	0.00090899273753302	9398	6498176	7148765586	117260522
GLOBAL	II	11900001	11910000	0.00081798668764617	9545	5992940	7326451751	53226819
GLOBAL	II	11910001	11920000	0.010929437239873	8343	69026044	6315608250	134748828
GLOBAL	II	11920001	11930000	0.024014899825693	8118	116710800	4859932827	1416466401
GLOBAL	II	11930001	11940000	0.019602333710695	8374	103357000	5272688524	1201636080
GLOBAL	II	11940001	11950000	0.0016354299327344	9022	10791424	6598524207	376799005
GLOBAL	II	11950001	11960000	0.0023119274423309	8748	15300368	6618013922	145467286
GLOBAL	II	11960001	11970000	0.0088474485284148	8100	49267416	5568545083	693937517
GLOBAL	II	11970001	11980000	0.023322948273543	8113	66769844	2862838918	3422838062
GLOBAL	II	11980001	11990000	0.03451953899486	6407	132827836	3847902952	1105643470
GLOBAL	II	11990001	12000000	0.035195376161515	7404	173267628	4923022479	801350505
GLOBAL	II	12000001	12010000	0.027942352117426	6172	70080952	2508054859	2397556511
GLOBAL	II	12010001	12020000	0.036593063919309	7446	130415692	3563945678	2212228088
GLOBAL	II	12020001	12030000	0.03155905323274	7666	147289784	4667116688	1259820548
GLOBAL	II	12030001	12040000	0.025711065172539	6990	109662376	4265182141	1171580531
GLOBAL	II	12040001	12050000	0.019233940972201	5803	60370908	3138769537	1347796701
GLOBAL	II	12050001	12060000	0.022412382035405	6381	73086836	3261002596	1672442030
GLOBAL	II	12060001	12070000	0.010797609286004	7425	31302960	2899063966	2841545084
GLOBAL	II	12070001	12080000	0.015613928269024	6487	61675224	3950013279	1065384823
GLOBAL	II	12080001	12090000	0.029851719980012	7759	167722156	5618508954	380330860
GLOBAL	II	12090001	12100000	0.019941925861265	7453	91427080	4584666528	1177590610
GLOBAL	II	12100001	12110000	0.018888381793633	8212	88156084	4667212097	1686501731
GLOBAL	II	12110001	12120000	0.0050279295202527	8611	28106616	5590097452	1067462754
GLOBAL	II	12120001	12130000	0.0044281184225791	8927	29373808	6633473904	268400438
GLOBAL	II	12130001	12140000	0.0024040520758924	9294	17123344	7122700948	62917976
GLOBAL	II	12140001	12150000	0.0020919414683985	9401	15086756	7211844226	56501320
GLOBAL	II	12150001	12160000	0.0025004879658523	8867	15749680	6298642591	556842991
GLOBAL	II	12160001	12170000	0.0044288269301164	8892	29525908	6666755885	208058347
GLOBAL	II	12170001	12180000	0.028480071806623	7833	121686360	4272684452	1783368166
GLOBAL	II	12180001	12190000	0.031454630720529	7642	153593976	4883032243	1025349489
GLOBAL	II	12190001	12200000	0.022553235401948	7339	75027104	3326667002	2347451492
GLOBAL	II	12200001	12210000	0.015978929728881	7868	57542372	3601140563	2481972165
GLOBAL	II	12210001	12220000	0.0092182558991078	3396	14907700	1617193118	1029285640
GLOBAL	II	12220001	12230000	0	211	0	5627	253586261
GLOBAL	II	12230001	12240000	0.00042332863375418	797	45508	107500406	521067292
GLOBAL	II	12240001	12250000	0.001608775226543	6102	4788272	2976346180	1747575880
GLOBAL	II	12250001	12260000	0.0073789179621532	9058	39620332	5369395920	1633760548
GLOBAL	II	12260001	12270000	0.015296453088124	8459	94017636	6146368407	393673607
GLOBAL	II	12270001	12280000	0.007633735799471	8200	44174708	5786774544	570031868
GLOBAL	II	12280001	12290000	0.00075702258775631	9184	5339748	7053617800	46955064
GLOBAL	II	12290001	12300000	0.00076455363325647	9549	5593660	7316242781	66528373
GLOBAL	II	12300001	12310000	0.0012704148062457	8698	8208148	6460998376	263825532
GLOBAL	II	12310001	12320000	0.00083864204067865	9351	6001932	7156726838	72961408
GLOBAL	II	12320001	12330000	0.00055491171058342	9384	3976216	7165493040	89709024
GLOBAL	II	12330001	12340000	0.0010105392119563	9262	7150228	7075656160	85222092
GLOBAL	II	12340001	12350000	0.00077095290418811	9444	5568276	7222589045	79001779
GLOBAL	II	12350001	12360000	0.00086640719077835	9451	6245892	7208956789	98046057
GLOBAL	II	12360001	12370000	0.0010507792161098	9407	4913588	4676137408	2596847014
GLOBAL	II	12370001	12380000	0.00062284800069367	9294	2705952	4344482116	2841136808
GLOBAL	II	12380001	12390000	0.00091966883049246	9133	5935396	6453840560	607301858
GLOBAL	II	12390001	12400000	0.0007501008801733	9709	5595276	7459364664	47109850
GLOBAL	II	12400001	12410000	0.0018426549224827	9651	13497320	7324930911	136701135
GLOBAL	II	12410001	12420000	0.0019430909655041	9191	13667900	7034101976	71882910
GLOBAL	II	12420001	12430000	0.00046091549028998	9804	3479956	7550095567	29827817
GLOBAL	II	12430001	12440000	0.00034137614981429	9753	2564480	7512182680	28310258
GLOBAL	II	12440001	12450000	0.00046054670442817	9612	3407084	7397912019	33567333
GLOBAL	II	12450001	12460000	0.00057921761339007	9847	4394988	7587801024	25367638
GLOBAL	II	12460001	12470000	0.00027953283814492	9715	2077800	7433115958	77997432
GLOBAL	II	12470001	12480000	0.00062664239974858	9615	4632188	7392075611	41723179
GLOBAL	II	12480001	12490000	0.00058411185767617	9518	4276284	7321001866	37801762
GLOBAL	II	12490001	12500000	0.0008359623687859	9580	6171644	7382681602	24057078
GLOBAL	II	12500001	12510000	0.00042056852997509	9530	3042860	7235111006	132970374
GLOBAL	II	12510001	12520000	0.00038038899575713	9806	2874332	7556296402	25173274
GLOBAL	II	12520001	12530000	0.00051232221851796	9781	3860560	7535413965	26727061
GLOBAL	II	12530001	12540000	0.00051099484987677	9883	3887632	7607967088	33034830
GLOBAL	II	12540001	12550000	0.00044837700767459	9562	3298884	7357388857	35433195
GLOBAL	II	12550001	12560000	0.00050740828280432	9593	3742840	7376387274	40402304
GLOBAL	II	12560001	12570000	0.00071236313789521	9716	5325980	7476495788	35390748
GLOBAL	II	12570001	12580000	0.00039290645598551	9669	2926680	7448795904	26752770
GLOBAL	II	12580001	12590000	0.00052163410306407	9831	3951568	7575363606	25434720
GLOBAL	II	12590001	12600000	0.00037298679432792	9477	2718156	7287539509	39565133
GLOBAL	II	12600001	12610000	0.00047861351325931	9573	3522180	7359131956	42194702
GLOBAL	II	12610001	12620000	0.0005389703975932	9580	3965824	7358148087	48590593
GLOBAL	II	12620001	12630000	0.0002909740631226	9582	2138656	7349988439	58296533
GLOBAL	II	12630001	12640000	0.00087950433325694	9712	6574092	7474769312	34024640
GLOBAL	II	12640001	12650000	0.00042376229636256	9485	3095740	7305369134	27920676
GLOBAL	II	12650001	12660000	0.00036476876464874	9714	2724444	7468961885	41378359
GLOBAL	II	12660001	12670000	0.00053788667234329	9361	3864936	7185409490	52010216
GLOBAL	II	12670001	12680000	0.00041912818053348	9495	3052588	7283184815	57836455
GLOBAL	II	12680001	12690000	0.00081345319885352	9875	6188160	7607272316	27544434
GLOBAL	II	12690001	12700000	0.00061710861245183	9824	4666072	7561184378	34201926
GLOBAL	II	12700001	12710000	0.0006479626337991	9670	4821548	7441089576	35232244
GLOBAL	II	12710001	12720000	0.00058562777057804	9647	4351484	7430460471	28078991
GLOBAL	II	12720001	12730000	0.00045603068825078	5959	1076248	2360034155	2372392511
GLOBAL	II	12730001	12740000	0.0012665616222779	4913	3088340	2438365371	1360100927
GLOBAL	III	1	10000	5.4865128011721e-05	136	1548	28214643	76933213
GLOBAL	III	10001	20000	0.00031883399087522	4015	192720	604452491	2675232841
GLOBAL	III	20001	30000	0.0007986454849996	5981	948640	1187811135	3507504523
GLOBAL	III	30001	40000	0.0004596322346232	9573	3367036	7325500142	75826516
GLOBAL	III	40001	50000	0.00030910789077653	9186	2180800	7055141797	46977359
GLOBAL	III	50001	60000	0.00045464663340184	9730	3370656	7413792938	108917642
GLOBAL	III	60001	70000	0.00026707512998332	9749	2005352	7508568844	28831510
GLOBAL	III	70001	80000	0.00045662729572903	9532	3344488	7324327808	45299864
GLOBAL	III	80001	90000	0.00024469426338869	9669	1820644	7440485015	35063659
GLOBAL	III	90001	100000	0.00027503559337483	9599	2026348	7367584592	53843862
GLOBAL	III	100001	110000	0.00034105261084489	9846	2588816	7590664659	21730857
GLOBAL	III	110001	120000	0.00058866484987702	9848	4466512	7587529646	26412162
GLOBAL	III	120001	130000	0.00079174877768103	9693	5898836	7450388515	43715663
GLOBAL	III	130001	140000	0.00040340539606447	9582	2971480	7365989719	42295253
GLOBAL	III	140001	150000	0.00020822711323315	9678	1551152	7449327688	33179300
GLOBAL	III	150001	160000	0.00074232813267499	8676	4943444	6659378491	48436205
GLOBAL	III	160001	170000	0.00046385730294113	9611	3429676	7393816974	36889232
GLOBAL	III	170001	180000	0.00037818407197758	9758	2830080	7483340018	61018650
GLOBAL	III	180001	190000	0.00042977712874278	9580	3166516	7367809472	38929208
GLOBAL	III	190001	200000	0.00046882945107763	9360	3368980	7185939348	50707212
GLOBAL	III	200001	210000	0.00035034160871565	9899	2671908	7626579126	26793128
GLOBAL	III	210001	220000	0.00045180497307477	9410	3265476	7227622967	47680893
GLOBAL	III	220001	230000	0.00021885502967772	9818	1656028	7566780633	23966795
GLOBAL	III	230001	240000	0.00022960371309267	9769	1725988	7517247769	35615505
GLOBAL	III	240001	250000	0.00030527353188048	9815	2306200	7554536372	33891618
GLOBAL	III	250001	260000	0.00064034140001928	9785	4819344	7526210237	39023373
GLOBAL	III	260001	270000	0.00029374151225246	9495	2144212	7299656026	41365244
GLOBAL	III	270001	280000	0.00013273663144079	9359	955408	7197771931	38101483
GLOBAL	III	280001	290000	0.00028092040085842	9690	2098464	7469959439	21825301
GLOBAL	III	290001	300000	0.00047426242759311	9852	3594148	7578394979	38639413
GLOBAL	III	300001	310000	0.00050601787105452	9662	3694612	7301346872	168789780
GLOBAL	III	310001	320000	0.00020118007644684	9607	1485664	7384747169	42866453
GLOBAL	III	320001	330000	0.00017168248508982	9696	1281808	7466154741	30268875
GLOBAL	III	330001	340000	0.0004699480791783	9507	3404584	7244596054	105702968
GLOBAL	III	340001	350000	0.00026647092842276	9456	1933576	7256236211	54632365
GLOBAL	III	350001	360000	0.00033516584230933	9461	2435028	7265143677	49590629
GLOBAL	III	360001	370000	0.00047196975918202	8086	2757284	5842077689	438187269
GLOBAL	III	370001	380000	0.00035062889087234	9292	2472712	7052219781	131852851
GLOBAL	III	380001	390000	0.0012253565093428	9552	8931060	7288540055	96550537
GLOBAL	III	390001	400000	0.0019841752802924	9268	14037676	7074816494	90700634
GLOBAL	III	400001	410000	0.001807476901507	9234	12746636	7052170896	87059268
GLOBAL	III	410001	420000	0.0019573085173122	9260	13795728	7048315520	111016440
GLOBAL	III	420001	430000	0.0020749836970478	9222	14493488	6984868373	145084039
GLOBAL	III	430001	440000	0.0026776570480782	6464	7399788	2763530903	2353149325
GLOBAL	III	440001	450000	0.0023009787591413	5764	4946524	2149747789	2325994405
GLOBAL	III	450001	460000	0.0019179165137903	7229	5389672	2810170287	2781994731
GLOBAL	III	460001	470000	0.0015355462842957	8639	6738576	4388390027	2290818267
GLOBAL	III	470001	480000	0.0070388980473361	1738	1327468	188590315	1506918863
GLOBAL	III	480001	490000	2.9312110538384e-05	4109	8980	306358015	3058373377
GLOBAL	III	490001	500000	0.0036019484319456	4718	3698256	1026737631	2910121801
GLOBAL	III	500001	510000	0.0017148752192279	8387	10457728	6098244282	386131220
GLOBAL	III	510001	520000	0.00073639733680855	9208	5113916	6944506375	174621993
GLOBAL	III	520001	530000	0.01197210324624	8302	71328820	5957918883	460739209
GLOBAL	III	530001	540000	0.0090461599560837	8326	56026656	6193418674	243794922
GLOBAL	III	540001	550000	0.00088249423686503	8980	5994044	6792162203	150688877
GLOBAL	III	550001	560000	0.0011087705822805	9105	7660560	6909057764	130436566
GLOBAL	III	560001	570000	0.0027449432515295	7803	15507444	5649458870	383399368
GLOBAL	III	570001	580000	0.0048524345290992	7684	27404424	5647561824	293292040
GLOBAL	III	580001	590000	0.018396960992989	8498	107310680	5833065583	737129125
GLOBAL	III	590001	600000	0.016891253946529	8977	105796656	6263398581	677133061
GLOBAL	III	600001	610000	0.016737610397822	8369	85568196	5112330492	1358901528
GLOBAL	III	610001	620000	0.00092805030554647	9306	6516808	7022041759	172854917
GLOBAL	III	620001	630000	0.00064815866757084	9572	4744068	7319300408	81253104
GLOBAL	III	630001	640000	0.00056594485624868	9661	4186256	7396932676	72430830
GLOBAL	III	640001	650000	0.0015636820425446	8576	8478048	5421849052	1238030592
GLOBAL	III	650001	660000	0.00085874289208493	9240	5409468	6299287074	855406010
GLOBAL	III	660001	670000	0.00073183113114343	8505	3648768	4985805939	1592120229
GLOBAL	III	670001	680000	0.00075316668687174	9290	5345396	7097228400	85297940
GLOBAL	III	680001	690000	0.0012367828409769	8579	7966976	6441693510	191126024
GLOBAL	III	690001	700000	0.00064204559805805	8886	4320540	6729335133	140840223
GLOBAL	III	700001	710000	0.0013529032623443	8938	8792784	6499196391	411182557
GLOBAL	III	710001	720000	0.0013024242483086	8315	8030172	6165557813	263151177
GLOBAL	III	720001	730000	0.0016929715862392	7686	8682972	5128835044	813565112
GLOBAL	III	730001	740000	0.0040218673525714	6233	1907016	474161834	4361093250
GLOBAL	III	740001	750000	0.0002841256961323	4709	18384	64703757	3576040757
GLOBAL	III	750001	760000	6.5829196385034e-05	5126	1564	23758455	3939387941
GLOBAL	III	760001	770000	0.00030582507701221	5276	55932	182888861	3896229435
GLOBAL	III	770001	780000	0.0017004858135982	6835	6633036	3900671177	1383781733
GLOBAL	III	780001	790000	0.00096761908842702	8520	5913156	6111036947	504000229
GLOBAL	III	790001	800000	0.0014613646608443	9297	10294500	7044442962	143495400
GLOBAL	III	800001	810000	0.00094104310268029	8844	6325504	6721800502	115902722
GLOBAL	III	810001	820000	0.00066501439731572	9136	4636500	6972029506	91432350
GLOBAL	III	820001	830000	0.00075189625439021	9394	5397192	7178107310	84826214
GLOBAL	III	830001	840000	0.0006566780808059	9156	4573652	6964831222	114093554
GLOBAL	III	840001	850000	0.00045657809849238	8889	1543864	3381379889	3501938949
GLOBAL	III	850001	860000	0.00075887246672729	8786	4983040	6566373427	226487329
GLOBAL	III	860001	870000	0.00081465394792512	9250	5776324	7090524774	61075726
GLOBAL	III	870001	880000	0.0016806098204889	8494	10737468	6389030856	178071268
GLOBAL	III	880001	890000	0.0013990698539589	7373	6596220	4714718126	994191938
GLOBAL	III	890001	900000	0.0011536622450741	8977	7307576	6334242133	606289509
GLOBAL	III	900001	910000	0.0009653629802505	8824	6482136	6714713670	107526634
GLOBAL	III	910001	920000	0.0011569101956926	9341	8216280	7101916839	120039947
GLOBAL	III	920001	930000	0.0012033420492122	8758	8016092	6661524049	109688619
GLOBAL	III	930001	940000	0.0018841046498464	8006	11337096	6017232642	172574234
GLOBAL	III	940001	950000	0.0006026087995711	9252	4235984	7029409466	123737326
GLOBAL	III	950001	960000	0.00088340794042224	8710	5753344	6512669557	224524687
GLOBAL	III	960001	970000	0.00083031844808019	9112	5755192	6931306914	113599438
GLOBAL	III	970001	980000	0.0012557824845791	6805	4967544	3955736014	1305522516
GLOBAL	III	980001	990000	0.00096345863667805	5687	3118812	3237100049	1159781253
GLOBAL	III	990001	1000000	0.0010939056075839	8932	7310972	6683366416	222373656
GLOBAL	III	1000001	1010000	0.0011841317983262	9216	8266484	6981050599	144262937
GLOBAL	III	1010001	1020000	0.00072609931405734	9489	5276140	7266416450	69965944
GLOBAL	III	1020001	1030000	0.0012723904661829	8803	8417468	6615475535	190528703
GLOBAL	III	1030001	1040000	0.003680140565688	7450	19733640	5362197353	397740347
GLOBAL	III	1040001	1050000	0.0050538110273963	8338	31495768	6232082646	214408702
GLOBAL	III	1050001	1060000	0.0032987429909144	8185	19847752	6016762159	311437851
GLOBAL	III	1060001	1070000	0.0042641119787876	8404	26535304	6222937890	274581094
GLOBAL	III	1070001	1080000	0.0041341615760459	8243	25187244	6092467248	280575230
GLOBAL	III	1080001	1090000	0.0042903310053883	8860	28893408	6734540520	115533040
GLOBAL	III	1090001	1100000	0.0035479421467337	8679	22718508	6403291559	306842575
GLOBAL	III	1100001	1110000	0.0048037818867843	8822	31399820	6536479120	284214892
GLOBAL	III	1110001	1120000	0.0065012167187219	8834	40161200	6177489805	652481959
GLOBAL	III	1120001	1130000	0.005140573228667	8604	25749628	5009096623	1643051561
GLOBAL	III	1130001	1140000	0.0046040159408636	9437	33107716	7191051557	105127245
GLOBAL	III	1140001	1150000	0.0036969121339915	9124	25597404	6923995776	130188328
GLOBAL	III	1150001	1160000	0.0034919732524128	8171	20886124	5981180980	336194986
GLOBAL	III	1160001	1170000	0.0035649851257867	7646	20041984	5621898351	289575965
GLOBAL	III	1170001	1180000	0.0035110165543529	9057	23911392	6810389991	191993331
GLOBAL	III	1180001	1190000	0.0047457551764038	8760	31028776	6538216753	234542207
GLOBAL	III	1190001	1200000	0.003952302016494	8173	23521900	5951442957	367479301
GLOBAL	III	1200001	1210000	0.011547314827213	7690	60706240	5257173716	688319024
GLOBAL	III	1210001	1220000	0.019066125648623	7481	86924612	4559112512	1224792714
GLOBAL	III	1220001	1230000	0.020366643671625	7516	93680340	4599694555	1211270781
GLOBAL	III	1230001	1240000	0.006475103040585	7431	26093884	4029879345	1736243523
GLOBAL	III	1240001	1250000	0.0033025776963837	7210	16776380	5079783594	496918504
GLOBAL	III	1250001	1260000	0.0036288253975263	8061	21634468	5961837683	270492223
GLOBAL	III	1260001	1270000	0.0041322550344766	7870	24357740	5894539373	190119647
GLOBAL	III	1270001	1280000	0.0039577619867499	7786	22629880	5717847631	301867125
GLOBAL	III	1280001	1290000	0.0024679694013041	7441	13510420	5474306121	278673265
GLOBAL	III	1290001	1300000	0.0020903381342585	8493	13312648	6368657674	197671304
GLOBAL	III	1300001	1310000	0.0026560742928315	8790	17625216	6635814385	160138955
GLOBAL	III	1310001	1320000	0.0018615241832293	9063	12772912	6861534282	145487916
GLOBAL	III	1320001	1330000	0.0014365558490724	9114	9994112	6956995098	89457546
GLOBAL	III	1330001	1340000	0.0013199542038427	9402	9454884	7163039424	106079268
GLOBAL	III	1340001	1350000	0.0012329115546762	8525	7869604	6382942856	208126794
GLOBAL	III	1350001	1360000	0.0016440690533703	6778	7297496	4438679741	819486205
GLOBAL	III	1360001	1370000	0.001178103312272	7018	6201628	5264078231	161860397
GLOBAL	III	1370001	1380000	0.0006685120684957	9197	4676320	6995116798	115506964
GLOBAL	III	1380001	1390000	0.00083762946998934	9429	4606132	5499009007	1806447547
GLOBAL	III	1390001	1400000	0.0012007099607486	8842	8063960	6715993257	120163675
GLOBAL	III	1400001	1410000	0.0023221407435524	8633	14847156	6393736487	280832931
GLOBAL	III	1410001	1420000	0.0066342916451273	7007	32092088	4837304375	580129647
GLOBAL	III	1420001	1430000	0.013221046851981	8144	68570836	5186490659	1110010365
GLOBAL	III	1430001	1440000	0.0012547587296706	9006	7806540	6221546673	743725641
GLOBAL	III	1440001	1450000	0.0018990921397788	8489	12027120	6333089242	230147152
GLOBAL	III	1450001	1460000	0.00099591688358599	7867	5474420	5496864337	585475245
GLOBAL	III	1460001	1470000	0.0012484830654626	7606	7049276	5646272821	234275655
GLOBAL	III	1470001	1480000	0.00080233053790884	9535	5809704	7241035615	130911495
GLOBAL	III	1480001	1490000	0.00078383929292753	9597	5758868	7347000912	72881250
GLOBAL	III	1490001	1500000	0.00098321878999676	9454	6997636	7117069030	195345838
GLOBAL	III	1500001	1510000	0.0015691346276197	8913	10565304	6733204286	157846012
GLOBAL	III	1510001	1520000	0.001707518344513	9366	12045540	7054413230	186872206
GLOBAL	III	1520001	1530000	0.0024172125880704	8693	15593968	6451219093	269739085
GLOBAL	III	1530001	1540000	0.0012674686160031	8501	8125916	6411137836	161376310
GLOBAL	III	1540001	1550000	0.0010574797040057	9307	7401604	6999287052	196382770
GLOBAL	III	1550001	1560000	0.0012328117089651	8893	8227092	6673437590	202149788
GLOBAL	III	1560001	1570000	0.00072584299492084	9540	5263508	7251579249	124233591
GLOBAL	III	1570001	1580000	0.00081016349401569	9458	5853900	7225578594	86836274
GLOBAL	III	1580001	1590000	0.00062259800518067	9195	4323992	6945078468	163999002
GLOBAL	III	1590001	1600000	0.00065743595803211	9222	4587228	6977452243	152500169
GLOBAL	III	1600001	1610000	0.00046470474655217	9278	3277056	7051909894	121338694
GLOBAL	III	1610001	1620000	0.0011201266822248	8491	7185936	6415288658	149494028
GLOBAL	III	1620001	1630000	0.0014714042036567	8327	7687380	5224519531	1213467211
GLOBAL	III	1630001	1640000	0.0016165560483452	8488	8692644	5377261128	1185202120
GLOBAL	III	1640001	1650000	0.0018526749372282	7325	6948832	3750702220	1921869982
GLOBAL	III	1650001	1660000	0.0031066573120883	8824	19389980	6241428665	580811639
GLOBAL	III	1660001	1670000	0.0029300581503578	8368	17757584	6060488594	409197134
GLOBAL	III	1670001	1680000	0.0019774293163977	9020	13215476	6683159742	290617178
GLOBAL	III	1680001	1690000	0.0013206545012338	8446	7693604	5825599347	704391769
GLOBAL	III	1690001	1700000	0.0090903626607845	8195	52067224	5727738919	608192551
GLOBAL	III	1700001	1710000	0.018326069460816	7040	57023480	3111604489	2347579417
GLOBAL	III	1710001	1720000	0.021399283735217	6488	69397008	3242959384	1773211864
GLOBAL	III	1720001	1730000	0.027867224638266	6311	30685780	1101142306	3795191312
GLOBAL	III	1730001	1740000	0.020861959868189	6845	75897252	3638069121	1654115249
GLOBAL	III	1740001	1750000	0.011120132187272	7288	38253896	3440057668	2194630380
GLOBAL	III	1750001	1760000	0.013029652482861	8231	79148852	6074517498	289247228
GLOBAL	III	1760001	1770000	0.02085560491754	7448	101175888	4851256456	907134952
GLOBAL	III	1770001	1780000	0.016390777199056	7264	39376268	2402342947	3213789597
GLOBAL	III	1780001	1790000	0.023910146777385	7025	78920048	3300692745	2130657905
GLOBAL	III	1790001	1800000	0.024615843571076	6515	92919320	3774776994	1262269196
GLOBAL	III	1800001	1810000	0.01999592221539	6386	73612516	3681376393	1255933963
GLOBAL	III	1810001	1820000	0.021655959366364	6622	74735336	3451028640	1668744172
GLOBAL	III	1820001	1830000	0.021338804095846	6906	94055848	4407737546	931608730
GLOBAL	III	1830001	1840000	0.025599302729847	6349	93838336	3665659842	1243044112
GLOBAL	III	1840001	1850000	0.015100312134228	6506	67780548	4488685227	541402649
GLOBAL	III	1850001	1860000	0.023016965215096	6980	107084128	4652399958	744159122
GLOBAL	III	1860001	1870000	0.016473417992574	6804	76287912	4630970454	629514930
GLOBAL	III	1870001	1880000	0.011108127675981	7496	61019352	5493216659	302285757
GLOBAL	III	1880001	1890000	0.014064908006948	7452	60434384	4296820425	1483992217
GLOBAL	III	1890001	1900000	0.0066163284743949	7250	23890856	3610893276	1994415224
GLOBAL	III	1900001	1910000	0.013975190926918	7463	65616072	4695182509	1074806089
GLOBAL	III	1910001	1920000	0.016248798070718	8381	94694952	5827812715	651923911
GLOBAL	III	1920001	1930000	0.016993505715056	7473	84637976	4980607146	797112912
GLOBAL	III	1930001	1940000	0.014360472140988	7864	58886436	4100591918	1979428226
GLOBAL	III	1940001	1950000	0.0090979233743061	6671	40643732	4467363631	690293335
GLOBAL	III	1950001	1960000	0.0023955989695734	8908	16039776	6695517991	191666577
GLOBAL	III	1960001	1970000	0.0010329209591043	9015	7082412	6856683406	113227784
GLOBAL	III	1970001	1980000	0.0011538008237477	8635	7526836	6523514150	152601560
GLOBAL	III	1980001	1990000	0.0015720716039369	8972	10035128	6383378451	553287461
GLOBAL	III	1990001	2000000	0.0014980220088168	9141	10312896	6884342112	182985474
GLOBAL	III	2000001	2010000	0.0015542496435937	8139	9572764	6159090362	133544932
GLOBAL	III	2010001	2020000	0.0016179886070021	8549	10432624	6447897071	161728083
GLOBAL	III	2020001	2030000	0.0058505656366102	7858	30897116	5281047666	794333602
GLOBAL	III	2030001	2040000	0.0020098728338341	8895	12994800	6465483677	411649993
GLOBAL	III	2040001	2050000	0.00083705206956667	9350	5978840	7142733669	86181431
GLOBAL	III	2050001	2060000	0.00086523449885157	9496	6236928	7208367221	133427195
GLOBAL	III	2060001	2070000	0.001197373408125	9176	8204940	6852448822	241938874
GLOBAL	III	2070001	2080000	0.0014725940539546	9104	10207504	6931648252	107072932
GLOBAL	III	2080001	2090000	0.0019141758463556	8724	12540168	6551210028	193715676
GLOBAL	III	2090001	2100000	0.0017496690866317	8576	11227252	6416785943	213714153
GLOBAL	III	2100001	2110000	0.00063199051642193	9033	4352880	6887571707	96256111
GLOBAL	III	2110001	2120000	0.00091431961135955	8880	6170628	6748874161	116662319
GLOBAL	III	2120001	2130000	0.00088486443677089	8952	6024480	6808364931	112838061
GLOBAL	III	2130001	2140000	0.00074053019979267	9007	5043724	6810963282	152762740
GLOBAL	III	2140001	2150000	0.0004954045873965	7568	2820088	5692494724	158674204
GLOBAL	III	2150001	2160000	0.0011096308456919	7620	6263356	5644540276	246832244
GLOBAL	III	2160001	2170000	0.0032112611167852	8101	19131608	5957661898	305593848
GLOBAL	III	2170001	2180000	0.0034805242156651	8194	20913184	6008630512	326527812
GLOBAL	III	2180001	2190000	0.0035663948428097	8516	22442672	6292817534	291293802
GLOBAL	III	2190001	2200000	0.0051213952758822	8288	31093504	6071295482	336538566
GLOBAL	III	2200001	2210000	0.0075465399309137	8282	45166852	5985107402	418087770
GLOBAL	III	2210001	2220000	0.020559166964683	7828	98607332	4796270791	1255916097
GLOBAL	III	2220001	2230000	0.0028760922011058	8032	17042884	5925708499	284200173
GLOBAL	III	2230001	2240000	0.0018345860620857	8076	10716960	5841622926	402304170
GLOBAL	III	2240001	2250000	0.0094194097800238	8178	55114988	5851214597	471573391
GLOBAL	III	2250001	2260000	0.0032754414338841	8485	20677364	6312848029	247295781
GLOBAL	III	2260001	2270000	0.0028361847814928	7146	13913276	4905631005	623136041
GLOBAL	III	2270001	2280000	0.0026477020470651	8059	14774640	5580174709	650608905
GLOBAL	III	2280001	2290000	0.0033994793682827	8423	20061724	5901410724	610798034
GLOBAL	III	2290001	2300000	0.0010944220296438	9440	7902948	7221115608	77382632
GLOBAL	III	2300001	2310000	0.0016582891510426	8552	10071484	6073418495	538526097
GLOBAL	III	2310001	2320000	0.0010689369399002	9004	7322088	6849878348	111528236
GLOBAL	III	2320001	2330000	0.0019750353357972	7651	11112428	5626445157	288894889
GLOBAL	III	2330001	2340000	0.0021552788316907	8734	14222956	6599125733	153531431
GLOBAL	III	2340001	2350000	0.0020046775785886	8753	13209636	6589406766	177940172
GLOBAL	III	2350001	2360000	0.0026882723448407	8897	17890436	6654993879	223686083
GLOBAL	III	2360001	2370000	0.0032454338241097	8760	21327780	6571626832	201132128
GLOBAL	III	2370001	2380000	0.0025832524440049	8158	15654792	6060109238	247215830
GLOBAL	III	2380001	2390000	0.0025143638523719	8081	14469616	5754782064	510019974
GLOBAL	III	2390001	2400000	0.0025540522308245	6874	11271080	4413018600	901587004
GLOBAL	III	2400001	2410000	0.0029947891662041	6095	8726948	2914044200	1871729540
GLOBAL	III	2410001	2420000	0.0013803503821852	5591	2769612	2006455778	2415166196
GLOBAL	III	2420001	2430000	0.0017410882538018	8100	9968028	5725171012	537311588
GLOBAL	III	2430001	2440000	0.0017138554268811	8740	11097844	6475367657	281928383
GLOBAL	III	2440001	2450000	0.00095575263529168	8191	5240444	5483054722	863700792
GLOBAL	III	2450001	2460000	0.0017234061658739	8848	11447372	6642294908	198500900
GLOBAL	III	2460001	2470000	0.0016780132917293	8785	11073972	6599454280	192633330
GLOBAL	III	2470001	2480000	0.00099874736619805	9270	7062064	7070921275	96142145
GLOBAL	III	2480001	2490000	0.0021911562454662	9228	14622984	6673638190	460953098
GLOBAL	III	2490001	2500000	0.00060941948721913	9285	4315848	7081900219	96760391
GLOBAL	III	2500001	2510000	0.00054004555783957	9490	3916332	7251854854	85300686
GLOBAL	III	2510001	2520000	0.00071513356670643	8970	4813336	6730681126	204438494
GLOBAL	III	2520001	2530000	0.00091567061356241	9169	6284828	6863634048	225341626
GLOBAL	III	2530001	2540000	0.0012264751053088	8816	8199080	6685076578	130978558
GLOBAL	III	2540001	2550000	0.0007129143998614	8219	4320228	6059953342	294533632
GLOBAL	III	2550001	2560000	0.0016277983132618	6357	7212576	4430878163	500247025
GLOBAL	III	2560001	2570000	0.00088442614631031	8760	5744228	6494864522	277894438
GLOBAL	III	2570001	2580000	0.00071490448062611	9147	4981804	6968488987	103477475
GLOBAL	III	2580001	2590000	0.0010722574596054	8796	7174068	6690620742	109971474
GLOBAL	III	2590001	2600000	0.0012899750842634	9001	8612216	6676265383	282821763
GLOBAL	III	2600001	2610000	0.00089348456905428	9029	6074308	6798447573	182287661
GLOBAL	III	2610001	2620000	0.00085734957119152	9074	5912876	6896692083	118834721
GLOBAL	III	2620001	2630000	0.0013546526444695	8807	8998956	6642998880	166097942
GLOBAL	III	2630001	2640000	0.00089461460462026	8723	5311548	5937247137	806905421
GLOBAL	III	2640001	2650000	0.001817380311829	9264	12059860	6635848271	526576273
GLOBAL	III	2650001	2660000	0.0010857072067744	9240	7463212	6874055872	269813168
GLOBAL	III	2660001	2670000	0.0035036030897029	8470	22100920	6308054718	240491902
GLOBAL	III	2670001	2680000	0.0019579182583567	8467	12181200	6221505902	324721280
GLOBAL	III	2680001	2690000	0.0012470445226116	8792	8234656	6603337612	194162020
GLOBAL	III	2690001	2700000	0.0014642215636336	9048	10071616	6878478128	116946880
GLOBAL	III	2700001	2710000	0.0013501313250366	8662	8793728	6513238999	183751653
GLOBAL	III	2710001	2720000	0.0013042755288005	8877	8748308	6707407911	155809131
GLOBAL	III	2720001	2730000	0.0011923535164179	8175	6029640	5056923066	1319211996
GLOBAL	III	2730001	2740000	0.00092996979493374	9354	6606232	7103705987	128301697
GLOBAL	III	2740001	2750000	0.00086770639021535	9659	6435136	7416259777	51557437
GLOBAL	III	2750001	2760000	0.00083444952634992	9521	6023300	7218291592	142831474
GLOBAL	III	2760001	2770000	0.001143571768601	8220	6818244	5962235329	403075689
GLOBAL	III	2770001	2780000	0.0010692710598116	9119	7391368	6912529739	137788635
GLOBAL	III	2780001	2790000	0.00066470170541863	9428	4774832	7183420715	105799773
GLOBAL	III	2790001	2800000	0.001200761835912	8871	8047216	6701758633	156819533
GLOBAL	III	2800001	2810000	0.00081160265752545	9405	5815900	7165944993	105493137
GLOBAL	III	2810001	2820000	0.00095517492363302	8974	6427316	6728941308	209270896
GLOBAL	III	2820001	2830000	0.00088717173866558	9194	6166040	6950221396	158082928
GLOBAL	III	2830001	2840000	0.0014763897458325	8775	9781304	6625150322	159205828
GLOBAL	III	2840001	2850000	0.00076813007095382	9115	5316820	6921770415	125455375
GLOBAL	III	2850001	2860000	0.00068720551707405	9423	4950024	7203120285	82234473
GLOBAL	III	2860001	2870000	0.0007305274432515	9322	5178940	7089316148	117950864
GLOBAL	III	2870001	2880000	0.00073461977370256	9393	5262156	7163101496	99058882
GLOBAL	III	2880001	2890000	0.00070531463802773	8184	3779616	5358765856	1001906286
GLOBAL	III	2890001	2900000	0.000646538303839	8287	3477996	5379412139	1029968201
GLOBAL	III	2900001	2910000	0.00039524079436065	9244	2646284	6695371626	451589998
GLOBAL	III	2910001	2920000	0.00058748512574063	9310	4131488	7032498048	165491212
GLOBAL	III	2920001	2930000	0.00073562758073224	9205	5111116	6947966789	168842141
GLOBAL	III	2930001	2940000	0.00060130859998062	9351	4258516	7082080649	147607597
GLOBAL	III	2940001	2950000	0.00071349043410448	9065	4836444	6778568806	229999684
GLOBAL	III	2950001	2960000	0.0013649882098704	8907	8885876	6509855496	436861314
GLOBAL	III	2960001	2970000	0.0014037289855592	8553	8723252	6214342006	410746068
GLOBAL	III	2970001	2980000	0.001425544652363	9377	10059404	7056533784	193256258
GLOBAL	III	2980001	2990000	0.00099239570744032	9088	6759460	6811254774	215096074
GLOBAL	III	2990001	3000000	0.00043275852691862	9498	3119308	7207964271	135376437
GLOBAL	III	3000001	3010000	0.00055052117790403	9561	4018208	7298916302	93132604
GLOBAL	III	3010001	3020000	0.00063166186892683	7351	2950824	4671524664	1092278766
GLOBAL	III	3020001	3030000	0.0005269193160071	9473	3809776	7230283431	93728627
GLOBAL	III	3030001	3040000	0.00065121401538197	9529	4751076	7295721357	71586877
GLOBAL	III	3040001	3050000	0.00052602752508348	9232	3715788	7063866096	73817776
GLOBAL	III	3050001	3060000	0.00063098462089369	9395	4157208	6588445839	675260831
GLOBAL	III	3060001	3070000	0.00055653805884258	9124	3178880	5711882502	1367042274
GLOBAL	III	3070001	3080000	0.00034142057018132	9554	2498176	7317004944	69631940
GLOBAL	III	3080001	3090000	0.00046385374015417	8850	3106636	6697447344	144894756
GLOBAL	III	3090001	3100000	0.0010317304722415	9173	7182116	6961232796	130835462
GLOBAL	III	3100001	3110000	0.00046220775655621	9247	3260624	7054455391	94825671
GLOBAL	III	3110001	3120000	0.00091474470379045	9563	6644852	7264160123	129435075
GLOBAL	III	3120001	3130000	0.0010399122331667	9045	7171048	6895820408	97285162
GLOBAL	III	3130001	3140000	0.00094302804473945	9073	6487416	6879345780	135407878
GLOBAL	III	3140001	3150000	0.0013272986837476	9109	9136828	6883776886	158810028
GLOBAL	III	3150001	3160000	0.00029795243127984	9064	2061456	6918741999	89053345
GLOBAL	III	3160001	3170000	0.00038146690239808	9030	2616848	6859960808	121547572
GLOBAL	III	3170001	3180000	0.00058698922938389	8000	3297856	5618256409	798855391
GLOBAL	III	3180001	3190000	0.0007815453890588	9265	5221772	6681341958	492679776
GLOBAL	III	3190001	3200000	0.00039136567737926	9542	2845728	7271276365	106082767
GLOBAL	III	3200001	3210000	0.00053769314494684	9236	3788740	7046286596	94489860
GLOBAL	III	3210001	3220000	0.00044430550196327	9569	3253900	7323564497	74669577
GLOBAL	III	3220001	3230000	0.00064262593632531	8980	4405988	6856224984	86626096
GLOBAL	III	3230001	3240000	0.00077026998835895	9229	5419580	7035948540	99415894
GLOBAL	III	3240001	3250000	0.00040713652663079	8803	2579468	6335633949	471143435
GLOBAL	III	3250001	3260000	0.00046665809908309	9430	3084476	6609712777	681054003
GLOBAL	III	3260001	3270000	0.00045688301828062	8978	3138108	6868515297	72789491
GLOBAL	III	3270001	3280000	0.00055421136688658	9348	3964052	7152599598	74769210
GLOBAL	III	3280001	3290000	0.00033972698725014	9555	2493156	7338704588	48705442
GLOBAL	III	3290001	3300000	0.00026770130783239	9600	1972952	7369975201	52226399
GLOBAL	III	3300001	3310000	0.00035196538539	9391	2535420	7203606108	57007978
GLOBAL	III	3310001	3320000	0.00024165994025816	9213	1706952	7063446255	59547843
GLOBAL	III	3320001	3330000	0.00027907252593213	9572	2049760	7344900732	55652780
GLOBAL	III	3330001	3340000	0.00048999392672385	9429	3530564	7205321959	84671675
GLOBAL	III	3340001	3350000	0.0004144647646443	9117	2839484	6850965974	197806108
GLOBAL	III	3350001	3360000	0.00032156731952371	9260	2280536	7091939577	67392383
GLOBAL	III	3360001	3370000	0.00043088155876653	9509	3133224	7271659546	80185768
GLOBAL	III	3370001	3380000	0.00041861923735491	9274	2963840	7080037742	90118262
GLOBAL	III	3380001	3390000	0.00051604655909229	9362	3614240	7003709135	234483717
GLOBAL	III	3390001	3400000	0.00052050391556466	9158	3633476	6980689081	99781987
GLOBAL	III	3400001	3410000	0.00070446870479634	9401	5073072	7201273762	67071784
GLOBAL	III	3410001	3420000	0.00033582608521419	9643	2479640	7383702783	71744095
GLOBAL	III	3420001	3430000	0.00035787552807787	9432	2586760	7228099708	64213364
GLOBAL	III	3430001	3440000	0.0002252373942334	9425	1624728	7213402577	73498473
GLOBAL	III	3440001	3450000	0.00082406162926864	9434	5927296	7192782420	101076944
GLOBAL	III	3450001	3460000	0.0011755473402091	9288	8262572	7028702050	152277998
GLOBAL	III	3460001	3470000	0.00051973209896771	9012	3570344	6869585325	98006427
GLOBAL	III	3470001	3480000	0.00040736771442237	8857	2740824	6728132601	119621521
GLOBAL	III	3480001	3490000	0.00027996840800487	9375	1996040	7129518699	118725051
GLOBAL	III	3490001	3500000	0.00043636243742877	8671	2863916	6563158866	140790100
GLOBAL	III	3500001	3510000	0.0014917843200393	8547	8915464	5976375995	631702867
GLOBAL	III	3510001	3520000	0.0011317860254627	8399	6988776	6174997608	318655646
GLOBAL	III	3520001	3530000	0.0011407845605359	8221	6631348	5812971379	543061887
GLOBAL	III	3530001	3540000	0.00040291477973507	8564	2481708	6159386860	461835484
GLOBAL	III	3540001	3550000	0.00052697581660566	4639	1464148	2778396947	852296669
GLOBAL	III	3550001	3560000	1.4245084478184e-05	3321	7044	494486362	2287292946
GLOBAL	III	3560001	3570000	0.00027769381940439	3163	129640	466845104	2150254106
GLOBAL	III	3570001	3580000	0.00029285174095887	1742	47004	160504424	1366458926
GLOBAL	III	3580001	3590000	0.00013384771214616	3013	47676	356195853	2009630907
GLOBAL	III	3590001	3600000	4.6358962141254e-05	2754	14172	305701408	1922505364
GLOBAL	III	3600001	3610000	0.0025056268989472	3288	3117256	1244102225	1394645073
GLOBAL	III	3610001	3620000	0.00040498749248203	8468	2392476	5907530589	639469739
GLOBAL	III	3620001	3630000	0.0001176930027688	8718	767744	6523276507	217010321
GLOBAL	III	3630001	3640000	0.0010016587838612	8767	6533668	6522848005	255322977
GLOBAL	III	3640001	3650000	0.00029049967915271	8962	1971844	6787766533	141167919
GLOBAL	III	3650001	3660000	0.00028563806389	9482	2063044	7222580814	108389558
GLOBAL	III	3660001	3670000	0.00026573942543683	9116	1849088	6958274998	89723938
GLOBAL	III	3670001	3680000	0.00022995488893273	9508	1670800	7265772899	85299269
GLOBAL	III	3680001	3690000	0.00016138735252383	9479	1170384	7252018090	76632844
GLOBAL	III	3690001	3700000	0.00018069410778499	9527	1319752	7303791010	61970932
GLOBAL	III	3700001	3710000	0.00026249948563872	9658	1947964	7420829779	46214289
GLOBAL	III	3710001	3720000	0.00078245061595782	8986	5388796	6887074903	60415053
GLOBAL	III	3720001	3730000	0.00032702239985194	9618	2414404	7382992728	53125500
GLOBAL	III	3730001	3740000	0.00035662559038039	9017	2456120	6887110926	84346556
GLOBAL	III	3740001	3750000	0.00022650295491739	8836	1530780	6758322427	73195629
GLOBAL	III	3750001	3760000	0.00032822552210251	9496	2371400	7224910436	116883980
GLOBAL	III	3760001	3770000	0.00046458394664583	9601	3404304	7327640192	95334554
GLOBAL	III	3770001	3780000	0.00023966634775341	9448	1735868	7242852475	61830933
GLOBAL	III	3780001	3790000	0.00069155556679399	9433	4836804	6994093074	298993144
GLOBAL	III	3790001	3800000	0.00034473903922131	9356	2472420	7171859635	61694341
GLOBAL	III	3800001	3810000	0.00030694582498647	9262	2176824	7091883397	68994855
GLOBAL	III	3810001	3820000	0.00041121717337286	9494	2987224	7264346417	75901707
GLOBAL	III	3820001	3830000	0.00017548925898041	9378	1257672	7166660839	83902349
GLOBAL	III	3830001	3840000	0.000321341204832	9079	2214928	6892760613	126631921
GLOBAL	III	3840001	3850000	0.00026692627148279	9618	1964916	7361268672	74849556
GLOBAL	III	3850001	3860000	0.00020909567184894	9846	1582132	7566545907	45849609
GLOBAL	III	3860001	3870000	0.00040279454011333	9637	2975452	7387021679	63786323
GLOBAL	III	3870001	3880000	0.00034634825496563	9523	2530004	7304797884	57871474
GLOBAL	III	3880001	3890000	0.00031806874082018	9309	2272776	7145549714	51666400
GLOBAL	III	3890001	3900000	0.00030702106694483	9622	2256828	7350726849	88483963
GLOBAL	III	3900001	3910000	0.00017468090799389	9444	1266696	7251485091	50105733
GLOBAL	III	3910001	3920000	0.00042656176349278	9687	3179244	7453185616	36279686
GLOBAL	III	3920001	3930000	0.00043505106282227	9411	3136440	7209360620	66716386
GLOBAL	III	3930001	3940000	0.00016798474760669	9819	1269584	7557733771	33786803
GLOBAL	III	3940001	3950000	0.00033060341912808	9249	2341460	7082382893	68444461
GLOBAL	III	3950001	3960000	0.00035274116743904	9499	2574516	7298598059	45515795
GLOBAL	III	3960001	3970000	0.0003054501114702	9348	2184532	7151845483	75523325
GLOBAL	III	3970001	3980000	0.00029375807644313	9239	2038520	6939451758	203644136
GLOBAL	III	3980001	3990000	0.00028117677596267	9494	2043832	7268850683	71397441
GLOBAL	III	3990001	4000000	0.00047814303284393	9230	3369956	7048008166	88129414
GLOBAL	III	4000001	4010000	0.00041325591776839	9363	2950236	7139004847	99961151
GLOBAL	III	4010001	4020000	0.00042134849781426	9378	3025004	7179339705	71223483
GLOBAL	III	4020001	4030000	0.00021001569599016	9259	1495876	7122686678	35872136
GLOBAL	III	4030001	4040000	0.00028477351521444	9636	2102512	7383102317	66932539
GLOBAL	III	4040001	4050000	0.00017017981071486	9259	1211364	7118141658	40417156
GLOBAL	III	4050001	4060000	0.00013251899814026	9700	987924	7454961280	44554920
GLOBAL	III	4060001	4070000	0.00021375750058512	9585	1575280	7369472396	41132014
GLOBAL	III	4070001	4080000	0.00016022450830885	9495	1167244	7285052782	55968488
GLOBAL	III	4080001	4090000	0.00018860253649296	9473	1374652	7288618836	35393222
GLOBAL	III	4090001	4100000	0.00018789604377712	9834	1418012	7546790084	56327680
GLOBAL	III	4100001	4110000	0.0002270077567982	9768	1705100	7511197080	40893048
GLOBAL	III	4110001	4120000	0.00040839533164327	9662	3028660	7416000540	54136112
GLOBAL	III	4120001	4130000	0.00053846401370035	9505	3910888	7263044327	85708403
GLOBAL	III	4130001	4140000	0.00015997082717425	9689	1192412	7453934077	37077517
GLOBAL	III	4140001	4150000	0.00034511096547312	7984	1888640	5472558652	707197326
GLOBAL	III	4150001	4160000	0.00034255684676678	9418	2473904	7221878714	59610314
GLOBAL	III	4160001	4170000	0.00025223372563259	9721	1884828	7472545534	43206732
GLOBAL	III	4170001	4180000	0.00020118932406392	9803	1516220	7536284577	42865661
GLOBAL	III	4180001	4190000	0.00027943478815132	9501	2038632	7295555480	50104666
GLOBAL	III	4190001	4200000	0.00023700902659756	9547	1736564	7326995199	54229663
GLOBAL	III	4200001	4210000	0.00027711398103101	9751	2070488	7471611473	67335173
GLOBAL	III	4210001	4220000	0.00039570908030892	8877	2621796	6625564412	237652630
GLOBAL	III	4220001	4230000	0.00032982994546608	9652	2417068	7328224842	134180350
GLOBAL	III	4230001	4240000	0.00020503165529934	9559	1504024	7335569709	54932905
GLOBAL	III	4240001	4250000	0.00012625673691075	9719	943768	7474991221	39214753
GLOBAL	III	4250001	4260000	0.00025163278985712	9837	1902012	7558681049	46756153
GLOBAL	III	4260001	4270000	0.0002071921540422	9544	1520180	7337053891	41851533
GLOBAL	III	4270001	4280000	0.00019118639404206	9627	1412192	7386467050	56609492
GLOBAL	III	4280001	4290000	0.00025204607322583	9793	1893684	7513245399	58173379
GLOBAL	III	4290001	4300000	0.00026418220702229	9448	1916224	7253418092	51265316
GLOBAL	III	4300001	4310000	0.00028505632891066	9733	2130320	7473329949	51700069
GLOBAL	III	4310001	4320000	0.00024980900341697	9830	1880844	7529128151	70897029
GLOBAL	III	4320001	4330000	0.00030616442797941	9630	2255648	7367439826	77956154
GLOBAL	III	4330001	4340000	0.00023465250341736	9625	1736168	7398889740	42640510
GLOBAL	III	4340001	4350000	0.00021644075932685	9582	1533576	7085430696	322854276
GLOBAL	III	4350001	4360000	0.00029526899032651	9215	1928760	6532213213	610882681
GLOBAL	III	4360001	4370000	0.00018255786660437	5902	602340	3299446971	1320100379
GLOBAL	III	4370001	4380000	1.964848579003e-05	1736	4352	221492895	1162438445
GLOBAL	III	4380001	4390000	7.6107144318404e-05	1971	46248	607669627	916201139
GLOBAL	III	4390001	4400000	0.00039419773654123	5821	1503628	3814400390	696906520
GLOBAL	III	4400001	4410000	0.00025990538090202	9731	1935296	7446155956	77327770
GLOBAL	III	4410001	4420000	0.0002848707621103	9378	2052172	7203870221	46692967
GLOBAL	III	4420001	4430000	0.00014467432927817	9638	1068668	7386714736	64866412
GLOBAL	III	4430001	4440000	0.0001726881635568	9864	1311560	7594961768	31350376
GLOBAL	III	4440001	4450000	0.00015986755441521	9682	1190872	7449116266	36483306
GLOBAL	III	4450001	4460000	0.00029402396942311	9688	2191272	7452698514	37539934
GLOBAL	III	4460001	4470000	0.00016733011433446	9459	1215744	7265542158	47645856
GLOBAL	III	4470001	4480000	0.00029341470748487	9800	2132128	7266602340	310228460
GLOBAL	III	4480001	4490000	0.00035026177554183	9504	2482348	7087122185	260857399
GLOBAL	III	4490001	4500000	0.00014260038133279	9403	1023640	7178381926	91509912
GLOBAL	III	4500001	4510000	0.00022926060182804	9569	1688404	7364562365	33671709
GLOBAL	III	4510001	4520000	0.00018605084597568	9758	1394348	7494445901	49912767
GLOBAL	III	4520001	4530000	0.00094211227202094	9430	6825792	7245200177	45566603
GLOBAL	III	4530001	4540000	0.0011639066637843	9685	8668820	7448037089	39881921
GLOBAL	III	4540001	4550000	0.00070856537419672	9679	5265836	7431686887	51593247
GLOBAL	III	4550001	4560000	0.00062470532856125	9538	4581192	7333364693	40901855
GLOBAL	III	4560001	4570000	0.00029346043243948	9423	2131588	7263629997	21724761
GLOBAL	III	4570001	4580000	0.0004281217916733	9611	3146180	7348796677	81909529
GLOBAL	III	4580001	4590000	0.0011495059936779	9557	8417132	7322390702	66565620
GLOBAL	III	4590001	4600000	0.0015989155824662	9325	11212868	7012795499	196790951
GLOBAL	III	4600001	4610000	0.00088693875594757	9602	6546164	7380626854	43121038
GLOBAL	III	4610001	4620000	0.00058825762737551	9392	4243960	7214458092	46929140
GLOBAL	III	4620001	4630000	0.00060193290429572	8260	3756888	6241373371	144812589
GLOBAL	III	4630001	4640000	0.00081994584933288	7894	4680060	5707767170	413229712
GLOBAL	III	4640001	4650000	0.00077092398985236	9693	5749716	7458213878	35890300
GLOBAL	III	4650001	4660000	0.0013631809766574	9233	9659792	7086213911	52243107
GLOBAL	III	4660001	4670000	0.0010458810457241	9512	7640300	7305132865	49031887
GLOBAL	III	4670001	4680000	0.00098125746015963	9043	6805572	6935562048	55997230
GLOBAL	III	4680001	4690000	0.00084071467421302	9534	6141732	7305370286	65803678
GLOBAL	III	4690001	4700000	0.0009219073792622	9543	6760336	7332988272	45144006
GLOBAL	III	4700001	4710000	0.0009814010638838	9636	7101436	7236018241	214016615
GLOBAL	III	4710001	4720000	0.00087106537565889	8472	5013340	5755411867	834111491
GLOBAL	III	4720001	4730000	0.00096855969954558	9508	7061452	7290672948	60399220
GLOBAL	III	4730001	4740000	0.0014069823677931	9140	9850164	7000915026	65639414
GLOBAL	III	4740001	4750000	0.00087812818102455	9669	6516568	7420975822	54572852
GLOBAL	III	4750001	4760000	0.0015528722422295	9378	11147896	7178888061	71675127
GLOBAL	III	4760001	4770000	0.0011932608632873	9599	8794416	7370069924	51358530
GLOBAL	III	4770001	4780000	0.0015716467895162	9129	10838620	6896345968	161703866
GLOBAL	III	4780001	4790000	0.001198305635836	9367	8599392	7176292711	65765871
GLOBAL	III	4790001	4800000	0.00070628881406976	9347	4985284	7058421287	168174375
GLOBAL	III	4800001	4810000	0.00030512848711549	9517	2222880	7285062175	72968307
GLOBAL	III	4810001	4820000	0.00033560361030501	9645	2472788	7368180568	88812602
GLOBAL	III	4820001	4830000	0.00026227265940939	9735	1960148	7473703147	52873163
GLOBAL	III	4830001	4840000	0.00018975779434137	9111	1294176	6820146727	234810523
GLOBAL	III	4840001	4850000	0.00013932237743052	9006	892712	6407527753	584031525
GLOBAL	III	4850001	4860000	0.00022012296490902	9330	1575232	7156145660	57306520
GLOBAL	III	4860001	4870000	0.0002427375027394	9368	1741940	7176229385	66602343
GLOBAL	III	4870001	4880000	0.00030513919495291	9031	2014760	6602757146	399626176
GLOBAL	III	4880001	4890000	0.00012202352723405	9720	910128	7458627206	56351914
GLOBAL	III	4890001	4900000	0.00016285124803564	9341	1119040	6871546970	351182962
GLOBAL	III	4900001	4910000	0.00036536244271851	9169	2433692	6661034949	447269375
GLOBAL	III	4910001	4920000	0.00052874113848335	8739	3426400	6480297731	276225163
GLOBAL	III	4920001	4930000	0.00016591000894575	9292	1171316	7059947784	124124848
GLOBAL	III	4930001	4940000	0.00031714251913949	9441	2294636	7235346450	63924936
GLOBAL	III	4940001	4950000	0.00027698138377045	8259	1387748	5010257300	1406854500
GLOBAL	III	4950001	4960000	0.00016085000524812	9771	1204412	7487795839	66613727
GLOBAL	III	4960001	4970000	0.00016655136108404	9626	1231404	7393539098	48764298
GLOBAL	III	4970001	4980000	0.00026676124628573	9470	1939844	7271835872	49856748
GLOBAL	III	4980001	4990000	0.0004089783267123	6593	1853600	4532269509	603739369
GLOBAL	III	4990001	5000000	0.00023097537656692	9468	1670412	7231991673	88154655
GLOBAL	III	5000001	5010000	0.00023290317299546	9546	1696516	7284211624	96240092
GLOBAL	III	5010001	5020000	0.00023234520502244	9577	1708788	7354522336	49896906
GLOBAL	III	5020001	5030000	0.00019346922093247	9641	1426876	7375209313	78691273
GLOBAL	III	5030001	5040000	0.00015593474616025	9867	1181648	7577836429	50795153
GLOBAL	III	5040001	5050000	0.00024547843547511	9449	1775248	7231787984	73668570
GLOBAL	III	5050001	5060000	0.00028917868276399	9400	2082992	7203131227	64441173
GLOBAL	III	5060001	5070000	0.00020550764764107	9757	1539708	7492217529	51367993
GLOBAL	III	5070001	5080000	0.00025449502001866	9123	1716196	6743534706	327658610
GLOBAL	III	5080001	5090000	0.0002769926913983	9637	2051544	7406491448	44316554
GLOBAL	III	5090001	5100000	0.00032309551872257	8985	2121020	6564684055	402134551
GLOBAL	III	5100001	5110000	0.00027479894124232	9429	1962720	7142385597	147608037
GLOBAL	III	5110001	5120000	0.00023994180220297	9455	1733988	7226702409	83393021
GLOBAL	III	5120001	5130000	0.00025600841827453	8770	1709028	6675671103	104819317
GLOBAL	III	5130001	5140000	0.00026188073008403	8929	1603800	6124161940	779258694
GLOBAL	III	5140001	5150000	0.00018680156617495	9610	1378548	7379745407	50187653
GLOBAL	III	5150001	5160000	0.00024178115018944	9659	1792888	7415334068	52483146
GLOBAL	III	5160001	5170000	0.00018037711197005	9636	1333968	7395439396	54595460
GLOBAL	III	5170001	5180000	0.0002422486789631	9635	1793304	7402740059	46521651
GLOBAL	III	5180001	5190000	0.0002212014681639	9431	1601776	7241253927	50285999
GLOBAL	III	5190001	5200000	0.00017657201693277	9631	1305192	7391839447	54329679
GLOBAL	III	5200001	5210000	0.00016059797745606	9618	1184228	7373866214	62252014
GLOBAL	III	5210001	5220000	0.0004839388767948	7061	2369512	4896304293	569064781
GLOBAL	III	5220001	5230000	0.00021912846638876	9657	1583528	7226482374	239788548
GLOBAL	III	5230001	5240000	0.00036213943423615	9439	2511856	6936157078	361568016
GLOBAL	III	5240001	5250000	0.00033983304990166	9002	2258284	6645274792	337006734
GLOBAL	III	5250001	5260000	0.00033005942498489	9581	2426868	7352821390	54690436
GLOBAL	III	5260001	5270000	0.00020473293291884	9588	1501460	7333749283	79174565
GLOBAL	III	5270001	5280000	0.00028333859322051	9680	2105048	7429443254	54610026
GLOBAL	III	5280001	5290000	0.00027384679215841	9688	2035176	7431805149	58433299
GLOBAL	III	5290001	5300000	0.00028987226495459	9217	1922672	6632824980	493261702
GLOBAL	III	5300001	5310000	0.00028486878789279	9479	2044512	7177030573	151620361
GLOBAL	III	5310001	5320000	7.5639482807286e-05	3963	141512	1870874770	1231760128
GLOBAL	III	5320001	5330000	9.4154043803719e-05	4173	82088	871847843	2621225785
GLOBAL	III	5330001	5340000	2.6205373211448e-05	6309	82516	3148819875	1760657225
GLOBAL	III	5340001	5350000	0.00041593227525917	7683	1868112	4491385043	1522144545
GLOBAL	III	5350001	5360000	0.00021668349991793	9313	1525104	7038394712	161913986
GLOBAL	III	5360001	5370000	0.00023612040925769	9215	1654684	7007797442	116742948
GLOBAL	III	5370001	5380000	0.00021637166959017	9387	1555676	7189832213	67689289
GLOBAL	III	5380001	5390000	0.00029932767138082	9002	1992088	6655208290	310064024
GLOBAL	III	5390001	5400000	0.0002964958029558	9437	2139212	7214982400	81196402
GLOBAL	III	5400001	5410000	0.00032742357601349	9323	2338800	7143040915	64999243
GLOBAL	III	5410001	5420000	0.00047752866940768	9609	3504484	7338792882	90367032
GLOBAL	III	5420001	5430000	0.0015076571922505	9258	10692940	7092421311	65364357
GLOBAL	III	5430001	5440000	0.00023432842972549	9416	1692824	7224151171	55791565
GLOBAL	III	5440001	5450000	0.00029039265713372	9661	2158388	7432653502	36710004
GLOBAL	III	5450001	5460000	0.0002746258917861	9672	2039452	7426291770	51576342
GLOBAL	III	5460001	5470000	0.00021749166224757	9683	1617756	7438243762	48128956
GLOBAL	III	5470001	5480000	0.00030823159634913	9821	2327372	7550724934	42341932
GLOBAL	III	5480001	5490000	0.00014357832976421	9746	1074976	7487035138	48045778
GLOBAL	III	5490001	5500000	0.00026859094545671	9641	1990464	7410763593	43136993
GLOBAL	III	5500001	5510000	0.00023865802611739	9140	1627624	6819900535	262116825
GLOBAL	III	5510001	5520000	0.00022847083665039	9566	1616024	7073217850	322696786
GLOBAL	III	5520001	5530000	0.00030893839006745	9435	2236088	7237973887	56658623
GLOBAL	III	5530001	5540000	0.00022687867594992	9847	1718368	7573951112	39217550
GLOBAL	III	5540001	5550000	0.00018598074073426	9656	1377360	7405928133	59569643
GLOBAL	III	5550001	5560000	0.00010143050336669	9466	737288	7268898167	49701869
GLOBAL	III	5560001	5570000	0.00039416641725886	9684	2933860	7443201327	43944537
GLOBAL	III	5570001	5580000	0.00013786211357041	9753	1030960	7478196680	62296258
GLOBAL	III	5580001	5590000	0.00033829446695294	9540	2474004	7313167201	62645639
GLOBAL	III	5590001	5600000	0.00021388629945711	9764	1606048	7508886750	40110794
GLOBAL	III	5600001	5610000	0.00018434002560812	9661	1366792	7414515624	54847882
GLOBAL	III	5610001	5620000	0.00011603885876512	9608	852036	7342678212	85708556
GLOBAL	III	5620001	5630000	0.00034412318125066	9388	2485584	7222948454	35346194
GLOBAL	III	5630001	5640000	0.00038428296163889	9316	2737344	7123251024	79377112
GLOBAL	III	5640001	5650000	0.0001720747586682	9596	1262236	7335393115	83715901
GLOBAL	III	5650001	5660000	0.00025917698741795	9622	1912448	7378926729	60284083
GLOBAL	III	5660001	5670000	0.00033194501780247	9491	2402704	7238258962	99669724
GLOBAL	III	5670001	5680000	0.0003839713724739	9412	2764492	7199734663	77115489
GLOBAL	III	5680001	5690000	0.00016384822557423	9443	1185648	7236257798	64559880
GLOBAL	III	5690001	5700000	0.00021535822930199	9425	1556972	7229684257	57216793
GLOBAL	III	5700001	5710000	0.00033909359959786	9628	2501572	7377231546	66618142
GLOBAL	III	5710001	5720000	0.00020494345522775	9214	1436612	7009796914	113970330
GLOBAL	III	5720001	5730000	0.00021920885977163	9029	1506288	6871474089	109261145
GLOBAL	III	5730001	5740000	0.00017761568941581	9652	1318892	7425537712	36867480
GLOBAL	III	5740001	5750000	0.00044151244822067	9790	3318884	7517079107	52020233
GLOBAL	III	5750001	5760000	0.00026274254326345	9711	1962668	7469928454	38092352
GLOBAL	III	5760001	5770000	0.00031404370194138	9413	2269232	7225847823	51775475
GLOBAL	III	5770001	5780000	0.00033007636532076	9545	2411272	7305194353	74484217
GLOBAL	III	5780001	5790000	0.00023584484235274	9352	1695672	7189777750	40683642
GLOBAL	III	5790001	5800000	0.00024199438578994	9691	1801772	7445511573	47046313
GLOBAL	III	5800001	5810000	0.00020032786358436	9741	1497324	7474367136	56848050
GLOBAL	III	5810001	5820000	0.00026829072068792	9301	1916320	7142699513	48331433
GLOBAL	III	5820001	5830000	0.00051587643163338	9476	3729212	7228886166	97445330
GLOBAL	III	5830001	5840000	0.00030268232200674	9343	2154776	7118935740	104567338
GLOBAL	III	5840001	5850000	0.00038522861637715	9572	2833860	7356307085	44246427
GLOBAL	III	5850001	5860000	0.00042397982355279	9670	3155276	7442042816	34279004
GLOBAL	III	5860001	5870000	0.00026365271754389	9314	1886868	7156641576	44440268
GLOBAL	III	5870001	5880000	0.00017994083855504	9644	1336364	7426685408	29534616
GLOBAL	III	5880001	5890000	0.00026791860696046	9286	1910976	7132673694	46760062
GLOBAL	III	5890001	5900000	0.00044495100593934	9607	3071196	6902323984	525289638
GLOBAL	III	5900001	5910000	0.00029384194813196	9498	2146784	7305913991	37426717
GLOBAL	III	5910001	5920000	0.00030667482682086	9788	2309076	7529395301	38157747
GLOBAL	III	5920001	5930000	0.00027486422304756	9690	2050344	7459479365	32305375
GLOBAL	III	5930001	5940000	0.00019660353218031	9368	1416836	7206564319	36267409
GLOBAL	III	5940001	5950000	0.00024500513003151	9376	1761668	7190331075	58685821
GLOBAL	III	5950001	5960000	0.00032133386694654	9490	2340840	7284759687	52395853
GLOBAL	III	5960001	5970000	0.00023299281204235	9172	1638868	7033985236	57309876
GLOBAL	III	5970001	5980000	0.00024775300138899	9470	1796600	7251577135	70115485
GLOBAL	III	5980001	5990000	0.00024014524833562	9481	1750028	7287373005	42824221
GLOBAL	III	5990001	6000000	0.00026675209574334	9578	1968072	7377906421	27285967
GLOBAL	III	6000001	6010000	0.00022246288052681	9784	1673040	7520535543	43924921
GLOBAL	III	6010001	6020000	0.00023597696455653	8928	1497296	6345093907	569150771
GLOBAL	III	6020001	6030000	0.00016245508475763	9464	1181440	7272410105	44643639
GLOBAL	III	6030001	6040000	0.00028103668574131	9199	1988636	7076072630	36097424
GLOBAL	III	6040001	6050000	0.00018440230352114	9530	1341604	7275418877	92662503
GLOBAL	III	6050001	6060000	0.00036465680962988	9382	2629452	7210757980	42897792
GLOBAL	III	6060001	6070000	0.00034998186152882	9752	2626596	7504948938	34770854
GLOBAL	III	6070001	6080000	0.00021495681737937	9600	1585760	7377109595	45092005
GLOBAL	III	6080001	6090000	0.000281073517324	9640	2086392	7422940517	30186923
GLOBAL	III	6090001	6100000	0.00032233165611555	9547	2361348	7325833362	55391500
GLOBAL	III	6100001	6110000	0.00033679239883655	9749	2514660	7466498676	70901678
GLOBAL	III	6110001	6120000	0.00027063235750213	9851	2049584	7573314658	42946588
GLOBAL	III	6120001	6130000	0.00025937894060155	9468	1880360	7249470584	70675744
GLOBAL	III	6130001	6140000	0.00041564523113849	9541	3041904	7318510528	58075458
GLOBAL	III	6140001	6150000	0.00026839072785538	9628	1987096	7403743102	40106586
GLOBAL	III	6150001	6160000	0.00035105421146205	9796	2639364	7518394350	55343866
GLOBAL	III	6160001	6170000	0.00011283427246074	9667	839960	7444192103	29810279
GLOBAL	III	6170001	6180000	0.00015402816869755	9746	1156280	7506938567	28142349
GLOBAL	III	6180001	6190000	8.5575738304227e-05	9550	629348	7354280693	29263607
GLOBAL	III	6190001	6200000	0.00031240948176178	9430	2256584	7223161049	67605731
GLOBAL	III	6200001	6210000	0.00038335086735223	9584	2729968	7121329916	288501348
GLOBAL	III	6210001	6220000	0.00017043745034856	9340	1224016	7181614120	39569520
GLOBAL	III	6220001	6230000	0.00034601344464659	9519	2530868	7314363182	45213592
GLOBAL	III	6230001	6240000	0.00033533236429812	9326	2397160	7148609127	61750469
GLOBAL	III	6240001	6250000	0.00034047040238029	9391	2303204	6764770106	495843980
GLOBAL	III	6250001	6260000	0.00030726142531378	9851	2325096	7567158805	49102441
GLOBAL	III	6260001	6270000	0.00012982323898467	9696	967920	7455675945	40747671
GLOBAL	III	6270001	6280000	0.00021853135640963	9542	1602772	7334288435	43070697
GLOBAL	III	6280001	6290000	0.00024378459421388	9509	1770724	7263477849	88367465
GLOBAL	III	6290001	6300000	0.0002697742124419	9567	1972012	7309861021	86826761
GLOBAL	III	6300001	6310000	0.00023498760135962	9540	1726432	7346906773	28906067
GLOBAL	III	6310001	6320000	0.00018047216196073	9507	1310508	7261552063	88746959
GLOBAL	III	6320001	6330000	0.00028833239330888	9381	2076932	7203255854	49626772
GLOBAL	III	6330001	6340000	0.00043320536240042	9586	3188136	7359410286	51967270
GLOBAL	III	6340001	6350000	0.00018834072085295	9623	1391760	7389586244	50397714
GLOBAL	III	6350001	6360000	0.00025934593355041	9538	1904508	7343504384	30762164
GLOBAL	III	6360001	6370000	0.00035685725659703	9754	2678216	7505006415	36259669
GLOBAL	III	6370001	6380000	0.00027594844689922	9243	1962856	7113125738	33062740
GLOBAL	III	6380001	6390000	0.00018504473601836	9436	1336052	7220156751	75248905
GLOBAL	III	6390001	6400000	0.00030376839954013	9624	2244532	7388958178	51798926
GLOBAL	III	6400001	6410000	0.00034816811333873	9473	2535168	7281447964	42564094
GLOBAL	III	6410001	6420000	0.00034657608869145	9694	2582916	7452666483	42210841
GLOBAL	III	6420001	6430000	0.00019262954678643	9594	1412068	7330484983	87077741
GLOBAL	III	6430001	6440000	0.00034485985180759	9648	2556836	7414130658	45181950
GLOBAL	III	6440001	6450000	0.00041230278290758	9563	3013856	7309812412	83782786
GLOBAL	III	6450001	6460000	0.00029977208350296	9568	2204612	7354293883	43167045
GLOBAL	III	6460001	6470000	0.00029548212490508	9333	2114388	7155722197	60049421
GLOBAL	III	6470001	6480000	0.00027917159861655	9501	2036300	7294080093	51580053
GLOBAL	III	6480001	6490000	0.00033213239913957	9188	2328732	7011456895	92208553
GLOBAL	III	6490001	6500000	0.00030993482415142	9626	2284508	7370930344	71373052
GLOBAL	III	6500001	6510000	0.00053769069513379	7159	1936880	3602219673	2011593433
GLOBAL	III	6510001	6520000	0.00041327156746957	5592	1161596	2810732921	1533574453
GLOBAL	III	6520001	6530000	0.00058441774040068	9246	3729820	6382112900	767168162
GLOBAL	III	6530001	6540000	0.00029504776312785	9013	2036968	6903858475	64506423
GLOBAL	III	6540001	6550000	0.00033181704846818	9479	2390940	7205597214	123053720
GLOBAL	III	6550001	6560000	0.00014050055110354	9563	1030376	7333608245	59986953
GLOBAL	III	6560001	6570000	0.00027028976333324	9470	1964932	7269724076	51968544
GLOBAL	III	6570001	6580000	0.00018579176147163	9427	1345676	7242926109	45521233
GLOBAL	III	6580001	6590000	0.00035993136552595	9069	2488804	6914662734	96998340
GLOBAL	III	6590001	6600000	0.00032889604861367	9663	2433948	7400356466	70553332
GLOBAL	III	6600001	6610000	0.00021575379926351	9552	1576044	7304826174	80264418
GLOBAL	III	6610001	6620000	0.00048511311392582	9531	3551008	7319958785	48895741
GLOBAL	III	6620001	6630000	0.00025136876988959	9593	1850336	7361041711	55747867
GLOBAL	III	6630001	6640000	0.00027647582877593	9604	2037232	7368571817	56722367
GLOBAL	III	6640001	6650000	0.00017689300278364	9658	1309320	7401762531	65281537
GLOBAL	III	6650001	6660000	0.00029077538186185	9636	2149344	7391767440	58267416
GLOBAL	III	6660001	6670000	0.0002675363265426	9822	2023560	7563683131	30156881
GLOBAL	III	6670001	6680000	0.00023803822274676	9535	1743928	7326251977	45695133
GLOBAL	III	6680001	6690000	0.00032847472254012	9755	2455472	7475375825	66663405
GLOBAL	III	6690001	6700000	0.00014079860230197	9785	1059100	7522091716	43141894
GLOBAL	III	6700001	6710000	0.00046881347823977	9516	3419760	7294500177	62757159
GLOBAL	III	6710001	6720000	0.00044276381089983	9575	3246360	7332035546	70837404
GLOBAL	III	6720001	6730000	0.0002717517834703	9525	1962380	7221222157	142993493
GLOBAL	III	6730001	6740000	0.00024316362725731	9569	1783736	7335537885	62696189
GLOBAL	III	6740001	6750000	0.00028977477415179	9530	2112176	7289026473	79054907
GLOBAL	III	6750001	6760000	0.00017293370331804	9451	1252940	7245204237	61798609
GLOBAL	III	6760001	6770000	0.00014712517541255	9761	1101152	7484456667	62221439
GLOBAL	III	6770001	6780000	0.00019992161072324	9679	1484620	7426010598	57269536
GLOBAL	III	6780001	6790000	0.00016594230861445	9728	1241756	7483058482	38105806
GLOBAL	III	6790001	6800000	0.00024461647889004	9687	1818380	7433595677	55869625
GLOBAL	III	6800001	6810000	0.00022783847868132	9630	1687132	7404947618	40448362
GLOBAL	III	6810001	6820000	0.00041998256839997	9717	3127492	7446718591	65941091
GLOBAL	III	6820001	6830000	0.000316333548	9685	2317492	7326102510	161816500
GLOBAL	III	6830001	6840000	0.00023432008036292	9531	1707816	7288389443	80465083
GLOBAL	III	6840001	6850000	0.00019608919137582	9287	1396608	7122309956	57896946
GLOBAL	III	6850001	6860000	0.00034755168754013	9385	2503148	7202232329	53742881
GLOBAL	III	6860001	6870000	0.00030006064567155	9630	2214664	7380721304	64674676
GLOBAL	III	6870001	6880000	0.00026161466066105	9472	1897208	7251917745	71321167
GLOBAL	III	6880001	6890000	0.00018228063127129	9122	1274716	6993151116	59486696
GLOBAL	III	6890001	6900000	0.00038960285340194	9509	2820204	7238663617	113181697
GLOBAL	III	6900001	6910000	0.00027625264250873	9346	1940944	7025974421	199848095
GLOBAL	III	6910001	6920000	0.00044186081254514	5142	1345064	3044089817	979361967
GLOBAL	III	6920001	6930000	0.0011936087829967	2271	134584	112753862	1900518322
GLOBAL	III	6930001	6940000	0.00026372208446754	3792	253424	960950997	2200442997
GLOBAL	III	6940001	6950000	0.00044214361236036	8800	2808484	6351972349	451712451
GLOBAL	III	6950001	6960000	0.00064295890916877	9121	4353900	6771661358	280203308
GLOBAL	III	6960001	6970000	0.0003709600758267	9136	2511916	6771391758	296708974
GLOBAL	III	6970001	6980000	0.00038816706364775	9478	2778452	7157876750	170001038
GLOBAL	III	6980001	6990000	0.00040216604334023	9212	2463436	6125420186	1011490540
GLOBAL	III	6990001	7000000	0.00033307914594166	9734	2483544	7456317906	69485258
GLOBAL	III	7000001	7010000	0.00021097656348508	9181	1485400	7040592450	57660976
GLOBAL	III	7010001	7020000	0.00022204918044715	9464	1612060	7259923215	57130529
GLOBAL	III	7020001	7030000	0.00031909219107408	9495	2324368	7284314894	56706376
GLOBAL	III	7030001	7040000	0.00036540093641858	9310	2611352	7146538883	51450377
GLOBAL	III	7040001	7050000	0.00051144115700228	9729	3812708	7454832189	67105245
GLOBAL	III	7050001	7060000	0.00019307820160483	9058	1344100	6961428006	41728462
GLOBAL	III	7060001	7070000	0.00028881016844164	9575	2124336	7355475091	47397859
GLOBAL	III	7070001	7080000	0.00027779355589844	9636	2054136	7394469585	55565271
GLOBAL	III	7080001	7090000	0.00028576088557205	9728	2134996	7471267440	49896848
GLOBAL	III	7090001	7100000	0.00017426687821642	9252	1234936	7086464236	66682556
GLOBAL	III	7100001	7110000	0.00064453757660238	8552	4091192	6347484070	265233668
GLOBAL	III	7110001	7120000	0.00048410205072276	9578	3549260	7331635953	73556435
GLOBAL	III	7120001	7130000	0.00023162642878	9127	1604004	6924961061	131542481
GLOBAL	III	7130001	7140000	0.00047685456990319	8391	2420712	5076415647	1438885695
GLOBAL	III	7140001	7150000	0.0002275430233691	8435	1260752	5540719207	997003369
GLOBAL	III	7150001	7160000	0.00019286105116623	9503	1408824	7304865298	42341140
GLOBAL	III	7160001	7170000	0.00019666669234875	9655	1459412	7420738014	43986616
GLOBAL	III	7170001	7180000	0.00018930783682087	9635	1402784	7410068297	39193413
GLOBAL	III	7180001	7190000	0.00032894781367554	9258	2337140	7104895983	52889685
GLOBAL	III	7190001	7200000	0.00040313502015301	9394	2901152	7196477247	66456277
GLOBAL	III	7200001	7210000	0.00023004490728991	9392	1655956	7198403214	62984018
GLOBAL	III	7210001	7220000	0.00034355540547515	9704	2562060	7457487087	45121697
GLOBAL	III	7220001	7230000	0.0001911580622792	9082	1331748	6966737286	54974686
GLOBAL	III	7230001	7240000	0.00039215784424627	9537	2862808	7300142129	73351273
GLOBAL	III	7240001	7250000	0.00024329416494381	9403	1760180	7234780992	35110846
GLOBAL	III	7250001	7260000	0.00050245127397361	9398	3633380	7231308165	34717943
GLOBAL	III	7260001	7270000	0.00047656842014905	9668	3532660	7412702669	62072859
GLOBAL	III	7270001	7280000	0.00074421271520008	8642	4645612	6242317425	439210307
GLOBAL	III	7280001	7290000	0.00036321277087265	9484	2634712	7253907933	78608731
GLOBAL	III	7290001	7300000	0.0002563295921065	9631	1898824	7407744008	38425118
GLOBAL	III	7300001	7310000	0.00036057147230104	9546	2640112	7322021299	58430417
GLOBAL	III	7310001	7320000	0.00015150229775461	9366	1089792	7193237437	48047999
GLOBAL	III	7320001	7330000	0.0003612045330601	9643	2671424	7395876174	59570704
GLOBAL	III	7330001	7340000	0.00011642200753747	9659	861068	7396093043	71724171
GLOBAL	III	7340001	7350000	0.00025667600776599	9722	1821808	7097694934	428881376
GLOBAL	III	7350001	7360000	0.00030291582657455	9851	2298396	7587573175	28688071
GLOBAL	III	7360001	7370000	0.00027655768628735	9546	1999488	7229912959	150538757
GLOBAL	III	7370001	7380000	0.0012199576663029	7532	6706768	5497541583	335844987
GLOBAL	III	7380001	7390000	0.00038120564391717	9712	2823248	7406102310	102691642
GLOBAL	III	7390001	7400000	0.00041875975998589	9188	2815304	6722957335	387666427
GLOBAL	III	7400001	7410000	0.00028693579481814	9353	2042364	7117843214	113391324
GLOBAL	III	7410001	7420000	0.00023204967168779	9211	1639304	7064453003	56994803
GLOBAL	III	7420001	7430000	0.00017421132132354	9677	1288948	7398761402	82972440
GLOBAL	III	7430001	7440000	0.0002728741738992	9383	1963012	7193835796	60593122
GLOBAL	III	7440001	7450000	0.00022205669132197	9272	1548008	6971228792	197380920
GLOBAL	III	7450001	7460000	0.00034090559672213	9426	2456852	7206839734	80834462
GLOBAL	III	7460001	7470000	0.00019858793206323	9294	1412716	7113805886	71813038
GLOBAL	III	7470001	7480000	0.00018168784939687	9569	1334332	7344090452	54143622
GLOBAL	III	7480001	7490000	0.00014770427935696	9565	1086416	7355345456	39796034
GLOBAL	III	7490001	7500000	0.00018973371076806	9619	1403252	7395902364	40989010
GLOBAL	III	7500001	7510000	0.00016746429045195	9579	1232424	7359324168	46641366
GLOBAL	III	7510001	7520000	0.00019071076804703	9664	1418680	7438908744	32774200
GLOBAL	III	7520001	7530000	0.00026173521994531	9552	1914600	7315026233	70064359
GLOBAL	III	7530001	7540000	0.00023661561592665	9592	1739856	7353090341	62926091
GLOBAL	III	7540001	7550000	0.00033366548077366	9592	2454508	7356193977	59822455
GLOBAL	III	7550001	7560000	0.00019387361632368	9696	1441216	7433791288	62632328
GLOBAL	III	7560001	7570000	0.00015226793821647	9789	1145500	7522923167	45403027
GLOBAL	III	7570001	7580000	0.00015343538573779	9773	1155684	7532056536	23899322
GLOBAL	III	7580001	7590000	0.00025782374439699	9636	1909880	7407696310	42338546
GLOBAL	III	7590001	7600000	0.00030088199797243	9531	2194472	7293463932	75390594
GLOBAL	III	7600001	7610000	0.00021418795218706	9527	1561600	7290792895	74969047
GLOBAL	III	7610001	7620000	0.0002211197620616	9202	1559792	7054059689	60429803
GLOBAL	III	7620001	7630000	0.00018745414098072	9626	1386896	7398588224	43715172
GLOBAL	III	7630001	7640000	0.00022804193317046	9636	1677040	7354086052	95948804
GLOBAL	III	7640001	7650000	0.00018442086886226	9632	1362148	7386083844	60858428
GLOBAL	III	7650001	7660000	0.00025226147147088	9620	1865276	7394216759	43447761
GLOBAL	III	7660001	7670000	0.00020190927426288	9577	1486916	7364277869	40141373
GLOBAL	III	7670001	7680000	0.0001386744625235	9465	1001520	7222093973	95732917
GLOBAL	III	7680001	7690000	0.00030094157679317	9390	2162632	7186218744	73622196
GLOBAL	III	7690001	7700000	0.00011286957197315	9155	794828	7042004201	36147429
GLOBAL	III	7700001	7710000	0.0003542799668713	9220	2508128	7079508396	48897724
GLOBAL	III	7710001	7720000	0.00033758622398751	9512	2458020	7281162042	73002710
GLOBAL	III	7720001	7730000	0.00050615712752989	8284	2924784	5778411171	644885797
GLOBAL	III	7730001	7740000	0.0010367971264849	7530	5173752	4990129571	866451379
GLOBAL	III	7740001	7750000	0.00064102263761205	6635	2960676	4618676200	511147510
GLOBAL	III	7750001	7760000	0.00090584628100718	9132	5778712	6379351686	682563878
GLOBAL	III	7760001	7770000	0.00052086695316515	9549	3826556	7346513302	36257852
GLOBAL	III	7770001	7780000	0.00032053302121022	9482	2336768	7290256683	40713689
GLOBAL	III	7780001	7790000	0.00021193864028353	9347	1525788	7199196890	27398772
GLOBAL	III	7790001	7800000	0.00032027686387312	9408	2318100	7237800358	35957210
GLOBAL	III	7800001	7810000	0.00027063585289542	9507	1977748	7307782686	42516336
GLOBAL	III	7810001	7820000	0.00021853852389894	9044	1519836	6954545006	37787418
GLOBAL	III	7820001	7830000	0.00023125633388469	9290	1649632	7133348403	49177937
GLOBAL	III	7830001	7840000	0.00054722446008969	9514	3952156	7222184475	133526569
GLOBAL	III	7840001	7850000	0.0003610356244444	9632	2657676	7361256951	85685321
GLOBAL	III	7850001	7860000	0.00034565421147517	9722	2583296	7473642485	42882927
GLOBAL	III	7860001	7870000	0.00027471743602448	9690	2047888	7454525019	37259721
GLOBAL	III	7870001	7880000	0.00026544848287561	9685	1973080	7433005375	54913635
GLOBAL	III	7880001	7890000	0.00024274680185314	9774	1820748	7500605512	56123492
GLOBAL	III	7890001	7900000	0.00028853060160314	9699	2150188	7452200869	46542185
GLOBAL	III	7900001	7910000	0.00022050452819101	9551	1604984	7278689527	105627919
GLOBAL	III	7910001	7920000	0.00025586472400159	5012	531260	2076331554	1969541464
GLOBAL	III	7920001	7930000	0.0003616358474396	9462	2445476	6762261035	564843607
GLOBAL	III	7930001	7940000	0.00030768758560238	9531	2244604	7295074956	73779570
GLOBAL	III	7940001	7950000	0.00051719568535516	9485	3749632	7249929004	83360806
GLOBAL	III	7950001	7960000	0.0019760959128012	9081	13680164	6922823893	98114933
GLOBAL	III	7960001	7970000	0.0013331942025315	8720	8870432	6653518282	88314838
GLOBAL	III	7970001	7980000	0.00035890232040626	8987	2477988	6904352129	43910973
GLOBAL	III	7980001	7990000	0.00022355239358081	9413	1619072	7242472219	35151079
GLOBAL	III	7990001	8000000	0.00029770245210778	9258	2117780	7113747250	44038418
GLOBAL	III	8000001	8010000	0.001671530239306	8903	11400272	6820260700	63058138
GLOBAL	III	8010001	8020000	0.00018728227054102	9602	1378752	7361892805	61855087
GLOBAL	III	8020001	8030000	0.00041615735931332	9037	2884996	6932464212	54456190
GLOBAL	III	8030001	8040000	0.00037411777031896	9563	2746660	7341698839	51896359
GLOBAL	III	8040001	8050000	0.00048723795423248	9230	3454312	7089579065	46558515
GLOBAL	III	8050001	8060000	0.00026872056171885	9721	2007872	7471970091	43782175
GLOBAL	III	8060001	8070000	0.00025526434280663	9505	1860728	7289416060	59336670
GLOBAL	III	8070001	8080000	0.00019540214594183	9041	1313520	6722137025	267875961
GLOBAL	III	8080001	8090000	0.00042567032508053	9714	3173552	7455422220	54918024
GLOBAL	III	8090001	8100000	0.00050217265250904	7747	2606652	5190748614	815822660
GLOBAL	III	8100001	8110000	0.00034723249386115	9244	2461636	7089301962	57659662
GLOBAL	III	8110001	8120000	0.00022272732838419	9263	1587292	7126615362	35036036
GLOBAL	III	8120001	8130000	0.0014466151660966	9226	10246844	7083324052	49720944
GLOBAL	III	8130001	8140000	0.00096995578067783	9363	6942788	7157839706	81126292
GLOBAL	III	8140001	8150000	0.00060923101700017	9536	4468488	7334636411	38083845
GLOBAL	III	8150001	8160000	0.001318176785263	9460	9594288	7278453169	35507991
GLOBAL	III	8160001	8170000	0.0014463237749676	9269	10298940	7120770728	45519546
GLOBAL	III	8170001	8180000	0.0021198004984207	9263	15064272	7106457429	55193969
GLOBAL	III	8180001	8190000	0.001438997221109	9427	10400704	7227744326	60703016
GLOBAL	III	8190001	8200000	0.0020506186504607	9326	14706140	7171562590	38797006
GLOBAL	III	8200001	8210000	0.0011227702784241	9189	7930972	7063753069	40685525
GLOBAL	III	8210001	8220000	0.0020163439035844	9222	14241824	7063191936	66760476
GLOBAL	III	8220001	8230000	0.001087079723779	9151	7597808	6989191164	85867882
GLOBAL	III	8230001	8240000	0.00025528785237295	8963	1712512	6708160941	221546657
GLOBAL	III	8240001	8250000	0.00028843301531794	9223	2039352	7070452728	60272830
GLOBAL	III	8250001	8260000	0.00043355806652712	9450	3148656	7262362860	43866840
GLOBAL	III	8260001	8270000	0.00036998327984232	9262	2624264	7092925932	67952320
GLOBAL	III	8270001	8280000	0.00036628457311298	9010	2525968	6896189972	69855488
GLOBAL	III	8280001	8290000	0.0039994475705752	9260	28298740	7075662201	83669759
GLOBAL	III	8290001	8300000	0.00377887295447	9413	27392852	7248947591	28675707
GLOBAL	III	8300001	8310000	0.0001924928871102	9308	1376660	7151744777	44698191
GLOBAL	III	8310001	8320000	0.0008931927900716	9381	6352756	7112412987	140469639
GLOBAL	III	8320001	8330000	0.00063086230095023	9577	4524556	7172018352	232400890
GLOBAL	III	8330001	8340000	0.00060239141009256	9832	4533596	7525997091	75574381
GLOBAL	III	8340001	8350000	0.00031154607587517	9804	2352436	7550844585	29078799
GLOBAL	III	8350001	8360000	0.00025968875200443	9692	1930444	7433683535	59647497
GLOBAL	III	8360001	8370000	0.00044469990079197	9245	2966508	6670808774	476925996
GLOBAL	III	8370001	8380000	0.00031293072947256	9400	2256072	7209493308	58079092
GLOBAL	III	8380001	8390000	0.00037769261841778	9297	2677696	7089616978	98321384
GLOBAL	III	8390001	8400000	0.0015369026444463	9330	10882960	7081099144	132353036
GLOBAL	III	8400001	8410000	0.0021054614813615	9291	15057244	7151517201	31782285
GLOBAL	III	8410001	8420000	0.0012933394452574	9221	9097540	7034147171	95032095
GLOBAL	III	8420001	8430000	0.0011225470150082	9482	8135916	7247728506	83241866
GLOBAL	III	8430001	8440000	0.00063322775172653	9788	4764276	7523795328	43757720
GLOBAL	III	8440001	8450000	0.00019842852509394	7387	1068228	5383439702	338613844
GLOBAL	III	8450001	8460000	0.00049496558282828	9616	3660004	7394461609	40110327
GLOBAL	III	8460001	8470000	0.00022226197295487	9452	1598004	7189731913	118044079
GLOBAL	III	8470001	8480000	0.00023897779675182	9602	1756004	7347979703	75768189
GLOBAL	III	8480001	8490000	0.00032096804246409	8938	2199880	6853891070	56487878
GLOBAL	III	8490001	8500000	0.00039290120146522	9326	2802288	7132296846	78062750
GLOBAL	III	8500001	8510000	0.00022961830235741	9219	1623828	7071857876	55775098
GLOBAL	III	8510001	8520000	0.00025612207863397	9406	1844576	7201940613	70270663
GLOBAL	III	8520001	8530000	0.00034344861331666	9551	2519824	7336829739	47487707
GLOBAL	III	8530001	8540000	0.00053222544051717	9418	3684084	6922036640	361771826
GLOBAL	III	8540001	8550000	0.00050674887669493	9250	3434880	6778268602	373331898
GLOBAL	III	8550001	8560000	0.00030414417260351	9230	2135636	7021788324	114349256
GLOBAL	III	8560001	8570000	0.00043378812958942	8784	2899880	6685014647	106299817
GLOBAL	III	8570001	8580000	0.00028438970205513	9127	1981776	6968522368	87981174
GLOBAL	III	8580001	8590000	0.00033713619800145	9404	2422056	7184206307	86458677
GLOBAL	III	8590001	8600000	0.00033169943217937	9421	2393056	7214531494	69276972
GLOBAL	III	8600001	8610000	0.00026854944448806	9702	1997844	7439389807	61672685
GLOBAL	III	8610001	8620000	0.00069160979174497	8008	4164804	6021898547	169454621
GLOBAL	III	8620001	8630000	0.0008684457860309	7558	4267524	4913978591	952653257
GLOBAL	III	8630001	8640000	0.00094513394367589	6698	3303084	3494831629	1825959143
GLOBAL	III	8640001	8650000	0.0011095132922468	8816	6524508	5880513596	935541540
GLOBAL	III	8650001	8660000	0.001183617229303	8516	5941804	5020038449	1564072887
GLOBAL	III	8660001	8670000	0.0014093494085897	8772	7875092	5587749888	1195059970
GLOBAL	III	8670001	8680000	0.00034206951494429	9129	2362364	6906093343	151956491
GLOBAL	III	8680001	8690000	0.00038899697299334	9093	2680252	6890161585	140054993
GLOBAL	III	8690001	8700000	0.00019936954307163	9098	1392708	6985560475	48521833
GLOBAL	III	8700001	8710000	0.00047054507821766	8652	3113340	6616454287	72804905
GLOBAL	III	8710001	8720000	0.00025725952374721	9285	1826004	7097906322	80754288
GLOBAL	III	8720001	8730000	0.00061327071156034	9011	4211748	6867681630	99136976
GLOBAL	III	8730001	8740000	0.00052796637175467	9176	3704856	7017219653	77168043
GLOBAL	III	8740001	8750000	0.00083393395231255	8834	5593908	6707854962	122116802
GLOBAL	III	8750001	8760000	0.0014355537206455	8988	9738860	6784044275	164991973
GLOBAL	III	8760001	8770000	0.00047615668391396	9761	3557592	7471473404	75204702
GLOBAL	III	8770001	8780000	0.00046285806039219	8644	2700552	5834514360	881804942
GLOBAL	III	8780001	8790000	0.00044656673568025	8946	3037892	6802772704	113791412
GLOBAL	III	8790001	8800000	0.00048580564643429	9397	3480772	7164947599	100305363
GLOBAL	III	8800001	8810000	0.00058821169952751	8825	3927228	6676555402	146458048
GLOBAL	III	8810001	8820000	0.00047590461807156	8688	3041824	6391667331	325425117
GLOBAL	III	8820001	8830000	NA	0	NA	NA	NA
GLOBAL	III	8830001	8840000	0.00013431475118807	2176	31996	238216575	1507547093
GLOBAL	III	8840001	8850000	0.0012551491449879	1374	235928	187968100	879746526
GLOBAL	III	8850001	8860000	0.00039346172741623	3234	134292	341308927	2201568267
GLOBAL	III	8860001	8870000	0.00071880790520348	5140	1081448	1504502096	2583893952
GLOBAL	III	8870001	8880000	0	924	0	5455254	771556476
GLOBAL	III	8880001	8890000	0.00010720208045996	4333	64936	605734513	2770594069
GLOBAL	III	8890001	8900000	0	254	0	1111215	195267869
GLOBAL	III	8900001	8910000	NA	0	0	0	65717410
GLOBAL	III	8910001	8920000	NA	0	NA	NA	NA
GLOBAL	III	8920001	8930000	NA	0	NA	NA	NA
GLOBAL	III	8930001	8940000	NA	0	NA	NA	NA
GLOBAL	III	8940001	8950000	0.0018105212257702	5114	5740568	3170671472	851234020
GLOBAL	III	8950001	8960000	0.00051685257557343	8986	3494300	6760728620	186761336
GLOBAL	III	8960001	8970000	0.00079672439908674	9089	5487460	6887525983	139598011
GLOBAL	III	8970001	8980000	0.00078298547715258	9219	5255352	6711940583	415692391
GLOBAL	III	8980001	8990000	0.00083903242319793	9245	5595252	6668695804	479038966
GLOBAL	III	8990001	9000000	0.0065775589891756	8108	34446452	5236965880	1045618516
GLOBAL	III	9000001	9010000	0.0084145922885189	7804	40165360	4773298411	1260332973
GLOBAL	III	9010001	9020000	0.0077753869622722	8575	40195276	5169553129	1460173821
GLOBAL	III	9020001	9030000	0.014038504507898	5812	52985300	3774283790	720787054
GLOBAL	III	9030001	9040000	0.0059591925668501	8636	33970772	5700566246	976322610
GLOBAL	III	9040001	9050000	0.0038806984760291	8083	20680792	5329141681	920197437
GLOBAL	III	9050001	9060000	0.0033611186244998	8072	16007284	4762487073	1478347439
GLOBAL	III	9060001	9070000	0.0038270887892637	8459	21955728	5736926737	803115277
GLOBAL	III	9070001	9080000	0.005459826515004	8192	27077452	4959397872	1374214160
GLOBAL	III	9080001	9090000	0.0010220274926781	8601	5371080	5255318510	1394510236
GLOBAL	III	9090001	9100000	0.0015082270246813	8765	8661324	5742719006	1033905684
GLOBAL	III	9100001	9110000	0.017167914903548	8600	107924080	6286382511	362673089
GLOBAL	III	9110001	9120000	0.00055505801694385	9510	4030816	7261972401	90646059
GLOBAL	III	9120001	9130000	0.00062157892850093	9182	4130920	6645849482	453950236
GLOBAL	III	9130001	9140000	0.00056108869364258	9266	3888320	6929956073	234014763
GLOBAL	III	9140001	9150000	0.00074631567054401	9476	5265380	7055164735	271166761
GLOBAL	III	9150001	9160000	0.00057641056967173	9530	4194680	7277243376	90838004
GLOBAL	III	9160001	9170000	0.00033085685400617	9467	2408188	7278640206	40732976
GLOBAL	III	9170001	9180000	0.00039291592916631	9486	2846348	7244165453	89897503
GLOBAL	III	9180001	9190000	0.00067157783536369	9248	4751112	7074551526	75502682
GLOBAL	III	9190001	9200000	0.0014469221196224	8786	9287092	6418515464	374345292
GLOBAL	III	9200001	9210000	0.0030814924570044	8427	19456140	6313869098	201432244
GLOBAL	III	9210001	9220000	0.0007106645609999	8849	4732776	6659648250	181920704
GLOBAL	III	9220001	9230000	0.00071012341128507	8710	4596704	6473105839	260995821
GLOBAL	III	9230001	9240000	0.00040668358107028	9152	2829424	6957310626	118521566
GLOBAL	III	9240001	9250000	0.00065105420808729	8787	4354416	6688254136	105379766
GLOBAL	III	9250001	9260000	0.00056090636110658	7690	3141564	5600870694	344622046
GLOBAL	III	9260001	9270000	0.00077123874648473	7936	4561712	5914785818	220900838
GLOBAL	III	9270001	9280000	0.0010403764510964	9183	6736708	6475259982	624539736
GLOBAL	III	9280001	9290000	0.00079215369460552	9246	5589552	7056145844	92362072
GLOBAL	III	9290001	9300000	0.00075743049392781	8855	5028324	6638660630	207547200
GLOBAL	III	9300001	9310000	0.00082238064708173	7654	4690056	5703023310	223913926
GLOBAL	III	9310001	9320000	0.0012247845968293	8863	7947304	6488736077	363656921
GLOBAL	III	9320001	9330000	0.0010971179381579	8141	6560156	5979444663	314736923
GLOBAL	III	9330001	9340000	0.00099695271236276	9194	6974420	6995738026	112566298
GLOBAL	III	9340001	9350000	0.00097287496902548	8999	6585332	6768939699	188601155
GLOBAL	III	9350001	9360000	0.00033622400246562	9317	2359416	7017393115	186008167
GLOBAL	III	9360001	9370000	0.0015895713460702	8721	10402324	6544106388	198499878
GLOBAL	III	9370001	9380000	0.0056789836154475	8544	36233260	6380236756	225522668
GLOBAL	III	9380001	9390000	0.0011627674948064	9074	8032080	6907726640	107800164
GLOBAL	III	9390001	9400000	0.00076655683657928	9149	5347840	6976442900	97069854
GLOBAL	III	9400001	9410000	0.0008102038211154	8587	5297644	6538655906	100348796
GLOBAL	III	9410001	9420000	0.00076475258528085	9444	5508556	7203056395	98534429
GLOBAL	III	9420001	9430000	0.00062811160723229	9683	4661972	7422203230	64169488
GLOBAL	III	9430001	9440000	0.00049946892558488	9333	3575284	7158171043	57600575
GLOBAL	III	9440001	9450000	0.00059474116019327	8619	3871264	6509157696	154587678
GLOBAL	III	9450001	9460000	0.0026830496468054	8444	16663804	6210769905	317674919
GLOBAL	III	9460001	9470000	0.00079495053126991	8266	4796080	6033180445	380065625
GLOBAL	III	9470001	9480000	0.00064484958948456	8980	4012824	6222883701	727698839
GLOBAL	III	9480001	9490000	0.00066858906395849	9325	4754080	7110615857	98970593
GLOBAL	III	9490001	9500000	0.00041467629414704	9197	2885688	6958893095	151730667
GLOBAL	III	9500001	9510000	0.00039186621710202	9556	2861432	7302063498	86119678
GLOBAL	III	9510001	9520000	0.00078957747778689	9365	5503680	6970411587	270100703
GLOBAL	III	9520001	9530000	0.00054631796226684	9481	3954224	7237953487	92243739
GLOBAL	III	9530001	9540000	0.00079547437857334	9201	5598488	7037923723	75792623
GLOBAL	III	9540001	9550000	0.00079376624057085	8671	5211428	6565444250	138504716
GLOBAL	III	9550001	9560000	0.0016176431254531	8968	10536636	6513572638	420000690
GLOBAL	III	9560001	9570000	0.0014736111432742	8076	8414640	5710217406	533709690
GLOBAL	III	9570001	9580000	0.00084634283630516	8722	5628664	6650572036	92807376
GLOBAL	III	9580001	9590000	0.0012479497470687	9269	8766120	7024417466	141872808
GLOBAL	III	9590001	9600000	0.00091172223718079	9419	6504600	7134409730	147852444
GLOBAL	III	9600001	9610000	0.00087580344612906	8603	5672776	6477225027	174150011
GLOBAL	III	9610001	9620000	0.00062503426181855	9381	4482652	7171850047	81032579
GLOBAL	III	9620001	9630000	0.00085892362232727	9249	6045340	7038274234	112553120
GLOBAL	III	9630001	9640000	0.00076289909335415	9312	5378480	7050054256	149481296
GLOBAL	III	9640001	9650000	0.00048169767388741	9537	3509976	7286678326	86815076
GLOBAL	III	9650001	9660000	0.0015529569004289	8963	9402280	6054437182	875270416
GLOBAL	III	9660001	9670000	0.0023290863575762	9213	14017284	6018361644	1104632454
GLOBAL	III	9670001	9680000	0.00090205956987881	9236	5727740	6349625004	798109766
GLOBAL	III	9680001	9690000	0.0014202719829042	8496	9129768	6428182848	140465568
GLOBAL	III	9690001	9700000	0.00080718472786379	9290	5688912	7047843949	134682391
GLOBAL	III	9700001	9710000	0.00072221953886477	8323	4491896	6219571416	215322742
GLOBAL	III	9710001	9720000	0.00091337070878616	7671	4756872	5208040891	732039827
GLOBAL	III	9720001	9730000	0.00066537151488343	8543	4301264	6464454675	140531603
GLOBAL	III	9730001	9740000	0.00076640597532654	9028	5179604	6758303258	221658830
GLOBAL	III	9740001	9750000	0.0010692847799946	9010	7281296	6809501207	156544253
GLOBAL	III	9750001	9760000	0.0066673450426589	8372	34581000	5186622228	1286156084
GLOBAL	III	9760001	9770000	0.017867035997649	7112	81807912	4578706396	919907956
GLOBAL	III	9770001	9780000	0.010214753366502	7162	42936592	4203389985	1333881667
GLOBAL	III	9780001	9790000	0.015682441743742	6451	63183584	4028937906	972543568
GLOBAL	III	9790001	9800000	0.0069692871516298	1465	3342476	479600844	655377484
GLOBAL	III	9800001	9810000	0.0078442964683263	5458	25375924	3234952185	1089253393
GLOBAL	III	9810001	9820000	0.0037086431474089	8088	17585228	4741687809	1523114229
GLOBAL	III	9820001	9830000	0.00097223093087649	8589	6237120	6415265964	225285030
GLOBAL	III	9830001	9840000	0.00061733695460726	8867	4125328	6682457561	173028021
GLOBAL	III	9840001	9850000	0.00062454393820459	8488	3880276	6212975201	349488047
GLOBAL	III	9850001	9860000	0.00071410884485319	8503	4470576	6260356572	313703866
GLOBAL	III	9860001	9870000	0.0030526721398965	8632	19656524	6439120580	234675692
GLOBAL	III	9870001	9880000	0.0013058024907862	8607	8408268	6439157575	215310047
GLOBAL	III	9880001	9890000	0.002035520184281	8740	13058012	6415073700	342222340
GLOBAL	III	9890001	9900000	0.0020097469671302	7600	9702216	4827580864	1048328736
GLOBAL	III	9900001	9910000	0.0063388776776943	7885	36009916	5680803106	415453104
GLOBAL	III	9910001	9920000	0.0010543501787714	8985	7220108	6847922204	98794606
GLOBAL	III	9920001	9930000	0.0061266215945187	8933	38849072	6341026845	565486373
GLOBAL	III	9930001	9940000	0.00494537236991	8562	28937504	5851430759	768245293
GLOBAL	III	9940001	9950000	0.0017941785768132	8360	11094708	6183725602	279774958
GLOBAL	III	9950001	9960000	0.0012191389646932	9334	8376328	6870691728	345853036
GLOBAL	III	9960001	9970000	0.0074740461268457	8000	38800540	5191370155	993797845
GLOBAL	III	9970001	9980000	0.014660794510888	7840	78027552	5322191232	739273408
GLOBAL	III	9980001	9990000	0.018651090567292	7810	87707412	4702535312	1335734948
GLOBAL	III	9990001	10000000	0.012710396356603	6498	42507208	3344286583	1679616125
GLOBAL	III	10000001	10010000	0.012640869586497	7099	56698232	4485311047	1003252407
GLOBAL	III	10010001	10020000	0.016986219329477	7343	78436000	4617625528	1059585550
GLOBAL	III	10020001	10030000	0.0068247439493622	7796	29746416	4358612751	1668833465
GLOBAL	III	10030001	10040000	0.0022471105593966	8151	13570448	6039065565	262847481
GLOBAL	III	10040001	10050000	0.00097413521660837	8766	6429176	6599880479	177517357
GLOBAL	III	10050001	10060000	0.0010297689940793	8599	6628628	6437004841	211277613
GLOBAL	III	10060001	10070000	0.0010505161207727	9264	7341160	6988145974	174278570
GLOBAL	III	10070001	10080000	0.0010509047859665	8637	6727424	6401554251	276107751
GLOBAL	III	10080001	10090000	0.0016383878484465	8862	10940496	6677598354	174021498
GLOBAL	III	10090001	10100000	0.0011455959983252	7838	6671328	5823456096	243420566
GLOBAL	III	10100001	10110000	0.00094051083254681	9038	6368836	6771677454	217562386
GLOBAL	III	10110001	10120000	0.0018813425497834	8619	12228836	6500058164	163687210
GLOBAL	III	10120001	10130000	0.0031633342354909	7234	16785792	5306360552	286577612
GLOBAL	III	10130001	10140000	0.0037259139694345	8260	20539940	5512725245	873460715
GLOBAL	III	10140001	10150000	0.010802239020594	7909	55425108	5130890725	983920989
GLOBAL	III	10150001	10160000	0.016835805725042	8001	90140556	5354098133	831843013
GLOBAL	III	10160001	10170000	0.0014562422109016	8814	9254260	6354890643	474307975
GLOBAL	III	10170001	10180000	0.00071653662268257	8727	4713104	6577617739	169627403
GLOBAL	III	10180001	10190000	0.00054078284820655	9337	3866336	7149516692	69347510
GLOBAL	III	10190001	10200000	0.00061299140066631	7095	2958880	4826951890	673981900
GLOBAL	III	10200001	10210000	0.00074746811870102	9350	5305380	7097801053	131114047
GLOBAL	III	10210001	10220000	0.00052538717513545	8907	3551448	6759677754	126733668
GLOBAL	III	10220001	10230000	0.00054698195568354	9332	3893692	7118501734	96496738
GLOBAL	III	10230001	10240000	0.0007531253876358	9058	5196220	6899541677	103614791
GLOBAL	III	10240001	10250000	0.00090395425387888	8887	6063152	6707365969	163582533
GLOBAL	III	10250001	10260000	0.00097047993484513	9039	6357580	6550964911	439048075
GLOBAL	III	10260001	10270000	0.00084061460103591	9197	5256068	6252648947	857974815
GLOBAL	III	10270001	10280000	0.017430117717147	7368	81074152	4651382929	1045156799
GLOBAL	III	10280001	10290000	0.01899425069827	8594	83898148	4417028570	2227388154
GLOBAL	III	10290001	10300000	0.0040384387854025	9142	26359780	6527220394	540880338
GLOBAL	III	10300001	10310000	0.001720622744433	9042	11623856	6755609873	235176259
GLOBAL	III	10310001	10320000	0.0019038691173409	8599	12356976	6490454563	157827891
GLOBAL	III	10320001	10330000	0.0022152006803753	8540	13692800	6181290987	421375853
GLOBAL	III	10330001	10340000	0.010376202618405	7841	49654320	4785403854	1276833932
GLOBAL	III	10340001	10350000	0.023724637790781	7952	130305848	5492427288	655629704
GLOBAL	III	10350001	10360000	0.019769878585445	7750	86411560	4370869534	1621011966
GLOBAL	III	10360001	10370000	0.01362551074984	7690	61116504	4485446830	1460045910
GLOBAL	III	10370001	10380000	0.022583552827853	7150	91478688	4050677442	1477316458
GLOBAL	III	10380001	10390000	0.008861895841946	8012	47891308	5404183129	790262623
GLOBAL	III	10390001	10400000	0.0027486315370049	8833	17986200	6543692655	285505963
GLOBAL	III	10400001	10410000	0.0041587208773878	8675	26651992	6408699402	298342148
GLOBAL	III	10410001	10420000	0.002001010625314	7589	11096512	5545453812	321951182
GLOBAL	III	10420001	10430000	0.0017614974645272	5402	6524664	3704043935	472490757
GLOBAL	III	10430001	10440000	0.0016303887196272	8352	9676392	5935021436	522293956
GLOBAL	III	10440001	10450000	0.0014123550901434	8300	8722356	6175752869	241358931
GLOBAL	III	10450001	10460000	0.0015308046816129	8039	9015752	5889550841	325769853
GLOBAL	III	10460001	10470000	0.0018954213573951	8738	12036984	6350558388	405191360
GLOBAL	III	10470001	10480000	0.0013402170844831	8531	8539780	6371937874	223770652
GLOBAL	III	10480001	10490000	0.007445852296812	7379	34572428	4643179400	1061864934
GLOBAL	III	10490001	10500000	0.0048073483295468	8116	23347948	4856720670	1418132266
GLOBAL	III	10500001	10510000	0.0011551096223045	8859	7707736	6672731186	176569228
GLOBAL	III	10510001	10520000	0.00093753380525503	8910	6254396	6671115180	217615680
GLOBAL	III	10520001	10530000	0.0014329062676841	8783	9411060	6567812712	222728606
GLOBAL	III	10530001	10540000	0.00084957926748389	9050	5776448	6799186634	197784666
GLOBAL	III	10540001	10550000	0.00092967857845541	8968	6336516	6815813709	117759619
GLOBAL	III	10550001	10560000	0.00063101413899245	9257	4434340	7027322727	129689795
GLOBAL	III	10560001	10570000	0.001311715762424	8261	8076468	6157178431	229780675
GLOBAL	III	10570001	10580000	0.0016089239216034	7589	8784196	5459671450	407733544
GLOBAL	III	10580001	10590000	0.0032020550713492	8693	20550104	6417785935	303172243
GLOBAL	III	10590001	10600000	0.0019578132683218	8773	12737572	6506019857	276790001
GLOBAL	III	10600001	10610000	0.0008685790445191	8881	5815844	6695814315	170495311
GLOBAL	III	10610001	10620000	0.00071397408082616	9061	4889168	6847822815	157653091
GLOBAL	III	10620001	10630000	0.00065349123818144	8941	4372284	6690654357	222044029
GLOBAL	III	10630001	10640000	0.00075764857751073	8791	5004120	6604803531	191922955
GLOBAL	III	10640001	10650000	0.0010170258817424	8579	6562500	6452638146	180181388
GLOBAL	III	10650001	10660000	0.00078599563972593	7702	3603968	4585226454	1412840214
GLOBAL	III	10660001	10670000	0.0009022134300691	9190	6278664	6959178162	146033578
GLOBAL	III	10670001	10680000	0.00062792977803497	9255	4424236	7045749628	109716602
GLOBAL	III	10680001	10690000	0.0010515121562357	9291	7422328	7058718205	124581281
GLOBAL	III	10690001	10700000	0.0016460102358731	8945	11103668	6745807382	169983588
GLOBAL	III	10700001	10710000	0.0015008020637879	8600	9571896	6377853703	271201897
GLOBAL	III	10710001	10720000	0.0010623344611576	8108	6422296	6045455772	223211996
GLOBAL	III	10720001	10730000	0.001218621314414	8339	7546892	6192975546	254288948
GLOBAL	III	10730001	10740000	0.000617458396971	8740	4054208	6565961399	191334641
GLOBAL	III	10740001	10750000	0.0014600533315505	9284	10313380	7063700878	114186586
GLOBAL	III	10750001	10760000	0.0016956153817893	8828	11081812	6535569398	289763490
GLOBAL	III	10760001	10770000	0.001116847707987	8946	7461208	6680595704	235968412
GLOBAL	III	10770001	10780000	0.00069958341184946	8997	4772700	6822202927	133791635
GLOBAL	III	10780001	10790000	0.0014033183909091	9062	9632580	6864144347	142104705
GLOBAL	III	10790001	10800000	0.0013440604325157	9160	8903544	6624362852	457654508
GLOBAL	III	10800001	10810000	0.0011881134378135	9013	7911784	6659114987	309249911
GLOBAL	III	10810001	10820000	0.00092188544974183	8868	6182332	6706182424	150076304
GLOBAL	III	10820001	10830000	0.0010515082706903	9530	7588956	7217209994	150871386
GLOBAL	III	10830001	10840000	0.00060369921702936	8677	3970692	6577268759	131319083
GLOBAL	III	10840001	10850000	0.0011708110046196	8815	7741408	6612004815	203277175
GLOBAL	III	10850001	10860000	0.0011815804282957	8667	7771296	6577035142	123821240
GLOBAL	III	10860001	10870000	0.0010293632829281	9220	7207352	7001757416	126648704
GLOBAL	III	10870001	10880000	0.0016950592520055	8231	10152856	5989676165	410426423
GLOBAL	III	10880001	10890000	0.00027743716746972	5601	497216	1792175160	2667330968
GLOBAL	III	10890001	10900000	0.0010602612114969	8439	6725916	6343640536	180938558
GLOBAL	III	10900001	10910000	0.00074552856582658	4407	2327924	3122514826	284739596
GLOBAL	III	10910001	10920000	0.0007911331239336	8852	5244820	6629503735	214384657
GLOBAL	III	10920001	10930000	0.001600775410026	8716	10408468	6502141359	236599177
GLOBAL	III	10930001	10940000	0.0010959661702019	8873	7269776	6633212044	226912414
GLOBAL	III	10940001	10950000	0.0010216350374625	8964	6909304	6762986533	167494211
GLOBAL	III	10950001	10960000	0.00084073352243556	8817	5579276	6636200236	180628046
GLOBAL	III	10960001	10970000	0.0012340977043309	8749	7767532	6294098087	470156267
GLOBAL	III	10970001	10980000	0.0008479908573269	9291	5913868	6973976133	209323353
GLOBAL	III	10980001	10990000	0.0057714986359277	9002	37535524	6503600948	456259344
GLOBAL	III	10990001	11000000	0.008971028602279	8455	40562256	4521472152	2015477278
GLOBAL	III	11000001	11010000	0.012585799680233	7646	50533012	4015081543	1896392773
GLOBAL	III	11010001	11020000	0.014581386308873	8380	64997036	4457534738	2021428742
GLOBAL	III	11020001	11030000	0.0093219474670801	8592	54973332	5897193928	745676504
GLOBAL	III	11030001	11040000	0.00091300346584776	8956	5926344	6491042172	433253404
GLOBAL	III	11040001	11050000	0.0011577468410542	9254	7926148	6846184087	308508997
GLOBAL	III	11050001	11060000	0.00091561915777492	9052	6300940	6881616605	116900987
GLOBAL	III	11060001	11070000	0.001116363051917	8916	7420864	6647357226	246012510
GLOBAL	III	11070001	11080000	0.0011001367322497	9053	7513976	6830038285	169252453
GLOBAL	III	11080001	11090000	0.0015735643101463	8733	10305636	6549230898	202653120
GLOBAL	III	11090001	11100000	0.0010613834743643	8782	7059740	6651450838	138317334
GLOBAL	III	11100001	11110000	0.00093375968566988	9266	6513388	6975443575	188527261
GLOBAL	III	11110001	11120000	0.00099118862469811	9335	7031596	7094104820	123213090
GLOBAL	III	11120001	11130000	0.00099479313668196	9369	7105616	7142807623	100797251
GLOBAL	III	11130001	11140000	0.00089145576526498	8888	5957300	6682664729	189056919
GLOBAL	III	11140001	11150000	0.0010709747668949	9061	7341236	6854723591	150752315
GLOBAL	III	11150001	11160000	0.0014598321411193	8919	9823420	6729143525	166545649
GLOBAL	III	11160001	11170000	0.00092883201601056	9539	6725168	7240456707	134582987
GLOBAL	III	11170001	11180000	0.00084231262408928	8687	5508968	6540289012	176030290
GLOBAL	III	11180001	11190000	0.0015087701797938	9063	10309612	6833122856	173899342
GLOBAL	III	11190001	11200000	0.0010485675943127	8974	7015576	6690628280	247583924
GLOBAL	III	11200001	11210000	0.00094424075153093	9093	6508340	6892670105	137546473
GLOBAL	III	11210001	11220000	0.00091096155094097	8880	6154520	6756069994	109466486
GLOBAL	III	11220001	11230000	0.00075566695760696	8882	5085652	6730017700	137065072
GLOBAL	III	11230001	11240000	0.0017260022513576	8018	10217304	5919635384	279449244
GLOBAL	III	11240001	11250000	0.0011862421845866	9034	8097220	6825941705	158659259
GLOBAL	III	11250001	11260000	0.00072830321688321	9115	5079356	6974232548	72993242
GLOBAL	III	11260001	11270000	0.00060587540824446	8888	4079516	6733258925	138462723
GLOBAL	III	11270001	11280000	0.00084051278324175	9221	5813100	6916135145	213044121
GLOBAL	III	11280001	11290000	0.00096932236901301	9161	6159116	6354042986	734159542
GLOBAL	III	11290001	11300000	0.0008446218493411	9212	5875308	6956140200	166080752
GLOBAL	III	11300001	11310000	0.00063260361241181	8785	4152268	6563775354	229085402
GLOBAL	III	11310001	11320000	0.00095191195224216	9131	6539292	6869639555	189956571
GLOBAL	III	11320001	11330000	0.00073411863456715	9335	5236272	7132732713	84585197
GLOBAL	III	11330001	11340000	0.00080280736775911	9138	5551784	6915462193	149545955
GLOBAL	III	11340001	11350000	0.0012119842886277	9223	8265196	6819557050	311168508
GLOBAL	III	11350001	11360000	0.0016673323394762	9415	11679860	7005118130	274051460
GLOBAL	III	11360001	11370000	0.00065603274444899	9755	4897948	7466011478	76027752
GLOBAL	III	11370001	11380000	0.00049136441797464	9197	3442068	7005122622	105501140
GLOBAL	III	11380001	11390000	0.00069891775998179	9251	4937188	7064047135	88326511
GLOBAL	III	11390001	11400000	0.00066265667996223	9014	4548916	6864664822	104473222
GLOBAL	III	11400001	11410000	0.00044494685440553	9542	3250884	7306229874	71129258
GLOBAL	III	11410001	11420000	0.00074201738852156	9425	5322264	7172694444	114206606
GLOBAL	III	11420001	11430000	0.0010454382664791	9524	7591648	7261689421	101753083
GLOBAL	III	11430001	11440000	0.00076901065682934	9144	5307264	6901418014	168229010
GLOBAL	III	11440001	11450000	0.000532669382308	9238	3752776	7045225659	97097089
GLOBAL	III	11450001	11460000	0.00059914827594388	9245	4169180	6958511219	189223551
GLOBAL	III	11460001	11470000	0.0014592307382945	9306	10304276	7061443903	133452773
GLOBAL	III	11470001	11480000	0.000630311749953	9137	4359444	6916329896	147905106
GLOBAL	III	11480001	11490000	0.00052895163544929	9367	3764628	7117149750	124908832
GLOBAL	III	11490001	11500000	0.00036337089002819	9420	2616092	7199509019	83526301
GLOBAL	III	11500001	11510000	0.00062691117491856	9301	4449200	7097018171	94012775
GLOBAL	III	11510001	11520000	0.00041194105494975	9402	2936216	7127757636	141361056
GLOBAL	III	11520001	11530000	0.00066941956593427	9730	4989604	7453627372	69083208
GLOBAL	III	11530001	11540000	0.00050076344033399	9246	3527736	7044715560	103792356
GLOBAL	III	11540001	11550000	0.0011717008704696	9446	8459528	7219870031	83267085
GLOBAL	III	11550001	11560000	0.00070951847891122	9310	5020888	7076472494	121516766
GLOBAL	III	11560001	11570000	0.00056688800459537	9112	3944600	6958340921	86565431
GLOBAL	III	11570001	11580000	0.00054558609553263	9659	4037852	7400943743	66873471
GLOBAL	III	11580001	11590000	0.00074569821899411	9509	5385468	7222047556	129797758
GLOBAL	III	11590001	11600000	0.0013170489700832	9363	9452200	7176802241	62163757
GLOBAL	III	11600001	11610000	0.00057866216650211	9612	4256104	7355075632	76403720
GLOBAL	III	11610001	11620000	0.00043449171454738	9519	3167312	7289694818	69881956
GLOBAL	III	11620001	11630000	0.00090717341332383	9212	6371764	7023755223	98465729
GLOBAL	III	11630001	11640000	0.00052060644894728	9779	3913564	7517317559	43277175
GLOBAL	III	11640001	11650000	0.00055948832321562	9601	4128560	7379170983	43803763
GLOBAL	III	11650001	11660000	0.0005561546938277	8990	3142080	5649651140	1334949824
GLOBAL	III	11660001	11670000	0.00040145431028466	9326	2716900	6767644363	469002197
GLOBAL	III	11670001	11680000	0.00036622085289264	9844	2773272	7572676373	38172851
GLOBAL	III	11680001	11690000	0.00045666662761248	9705	3407268	7461171441	42210489
GLOBAL	III	11690001	11700000	0.0004795673801087	9460	3483584	7264013660	49947500
GLOBAL	III	11700001	11710000	0.00075472837009617	9692	5619960	7446334632	46996400
GLOBAL	III	11710001	11720000	0.00045774982747648	9736	3424260	7480636353	46713103
GLOBAL	III	11720001	11730000	0.00015919215724939	9529	1169124	7344105515	23202719
GLOBAL	III	11730001	11740000	0.00055204408266541	9629	4093340	7414878863	29743971
GLOBAL	III	11740001	11750000	0.00029807411488822	9751	2233444	7492914978	46031668
GLOBAL	III	11750001	11760000	0.00021137660525082	9787	1588564	7515325540	51454362
GLOBAL	III	11760001	11770000	0.00040949997885799	9420	2969144	7250657273	32378047
GLOBAL	III	11770001	11780000	0.0005809383472698	9719	4343412	7476545524	37660450
GLOBAL	III	11780001	11790000	0.00047465199427854	9443	3441736	7251072452	49745226
GLOBAL	III	11790001	11800000	0.00053925734605316	9336	3860556	7159023476	59067580
GLOBAL	III	11800001	11810000	0.00037164424748541	9848	2817988	7582487874	31453934
GLOBAL	III	11810001	11820000	0.00049879565685675	9020	3441972	6900565297	73211623
GLOBAL	III	11820001	11830000	0.00060169747901626	9598	4440592	7380107371	40547937
GLOBAL	III	11830001	11840000	0.00060433114479995	9691	4488520	7427252490	65305396
GLOBAL	III	11840001	11850000	0.00022328293880684	9603	1647672	7379300939	45220099
GLOBAL	III	11850001	11860000	0.0004103295702686	9635	3040480	7409848620	39413090
GLOBAL	III	11860001	11870000	0.00071028809338438	9028	4908736	6910908469	69053619
GLOBAL	III	11870001	11880000	0.00048948701386083	9480	3563184	7279424988	49999092
GLOBAL	III	11880001	11890000	0.00040990597393877	3087	970744	2368211399	18490303
GLOBAL	IV	1	10000	0.00013145022316976	130	6492	49387516	51121464
GLOBAL	IV	10001	20000	0.0033746830573781	9173	16133892	4780861410	2335947520
GLOBAL	IV	20001	30000	0.0023393496140203	9687	17395192	7435909492	53555810
GLOBAL	IV	30001	40000	0.0025511513475765	9611	18828616	7380438647	50267559
GLOBAL	IV	40001	50000	0.003005416469969	9786	22670484	7543208812	22797944
GLOBAL	IV	50001	60000	0.0030003108905926	9522	21997760	7331826868	30069344
GLOBAL	IV	60001	70000	0.0021515678296236	9751	16149340	7505847493	33099153
GLOBAL	IV	70001	80000	0.001838574867062	9579	13495496	7340193887	65771647
GLOBAL	IV	80001	90000	0.0019995629444039	9636	14732388	7367804070	82230786
GLOBAL	IV	90001	100000	0.0024437739707	9499	17793388	7281110370	63003484
GLOBAL	IV	100001	110000	0.0035440036589534	9551	26002040	7336911161	47406285
GLOBAL	IV	110001	120000	0.0031993000768258	9520	23446664	7328685474	31664446
GLOBAL	IV	120001	130000	0.0025931384891695	9533	19011732	7331552896	38847922
GLOBAL	IV	130001	140000	0.0045983187338851	9076	31274852	6801366719	215706377
GLOBAL	IV	140001	150000	0.0038763160442295	9418	27994684	7221981820	59507208
GLOBAL	IV	150001	160000	0.0065052369259239	9542	47638976	7323173090	54186042
GLOBAL	IV	160001	170000	0.0055055482496834	9869	41836636	7598995432	31182442
GLOBAL	IV	170001	180000	0.0049919445772535	9093	34891000	6989460612	40755966
GLOBAL	IV	180001	190000	0.0010199911113396	9566	7513276	7366021053	29893583
GLOBAL	IV	190001	200000	0.00086804606722955	9684	6463480	7446010349	41135515
GLOBAL	IV	200001	210000	0.00075137966608061	9296	5190200	6907559832	279605384
GLOBAL	IV	210001	220000	0.00083461265766795	9513	6096884	7305046172	49891726
GLOBAL	IV	220001	230000	0.0013181920320698	9676	9805224	7438388157	42572539
GLOBAL	IV	230001	240000	0.0014166478761387	9703	10491708	7406009762	95825876
GLOBAL	IV	240001	250000	0.00160522438362	9745	11935252	7435254611	99053159
GLOBAL	IV	250001	260000	0.0016410671278187	9542	12022444	7325991604	51367528
GLOBAL	IV	260001	270000	0.0019995908930162	9408	14421384	7212167274	61590294
GLOBAL	IV	270001	280000	0.0022639841952397	9372	16288652	7194684501	51239811
GLOBAL	IV	280001	290000	0.0017353542768165	9350	12317136	7097764511	131150589
GLOBAL	IV	290001	300000	0.0003805942852076	9668	2815124	7396653364	78122164
GLOBAL	IV	300001	310000	0.00031219826648352	9649	2307904	7392430541	67655213
GLOBAL	IV	310001	320000	0.0005360746003611	9747	4011100	7482354130	53499932
GLOBAL	IV	320001	330000	0.00044776607251638	9564	3268668	7299945665	94422679
GLOBAL	IV	330001	340000	0.00039827292101293	9820	3008444	7553724698	38569022
GLOBAL	IV	340001	350000	0.00049120143674843	9289	3510828	7147430234	34322960
GLOBAL	IV	350001	360000	0.00056564551440291	9720	4208192	7439627634	75351486
GLOBAL	IV	360001	370000	0.00045776176786965	9043	3126500	6829971875	161587403
GLOBAL	IV	370001	380000	0.00057238122117386	9246	4067204	7105760723	42747193
GLOBAL	IV	380001	390000	0.00060319412758773	9551	4369208	7243452481	140864965
GLOBAL	IV	390001	400000	0.00054891924457484	9484	4004504	7295251605	37265059
GLOBAL	IV	400001	410000	0.00050201167259644	9656	3725588	7421317478	44180298
GLOBAL	IV	410001	420000	0.00045983162974574	9519	3354316	7294661313	64915461
GLOBAL	IV	420001	430000	0.00048151323542257	9632	3554456	7381844856	65097416
GLOBAL	IV	430001	440000	0.0011254327131952	9402	8117776	7213026514	56092178
GLOBAL	IV	440001	450000	0.00074507499123331	9674	5544240	7441183861	38230543
GLOBAL	IV	450001	460000	0.00043528768977349	9592	3191204	7331252583	84763849
GLOBAL	IV	460001	470000	0.0012241304493633	8192	6917568	5651005580	698842518
GLOBAL	IV	470001	480000	0.00052250801562081	9252	3697356	7076170871	76975921
GLOBAL	IV	480001	490000	0.00042571127104229	9303	2993256	7031188046	161389192
GLOBAL	IV	490001	500000	0.00053728146717798	9509	3864888	7193413948	158431366
GLOBAL	IV	500001	510000	0.00068094938039563	8260	3898732	5725435858	676986168
GLOBAL	IV	510001	520000	0.0012725207711865	8240	6923156	5440505300	952638974
GLOBAL	IV	520001	530000	0.00049579942760139	9304	3499404	7058104155	135246229
GLOBAL	IV	530001	540000	0.00057782084297793	9579	4237196	7333061885	72903649
GLOBAL	IV	540001	550000	0.00086906488567037	8889	5492540	6320057444	581816898
GLOBAL	IV	550001	560000	0.00079397340471675	9023	4887788	6156110483	819985875
GLOBAL	IV	560001	570000	0.00057583125989087	9433	4151760	7210028856	83057362
GLOBAL	IV	570001	580000	0.0010165592580261	8950	6946980	6833817060	85839640
GLOBAL	IV	580001	590000	0.0008815749439601	9093	6027296	6836963824	252784996
GLOBAL	IV	590001	600000	0.0012069662310269	9430	8650500	7167143353	123623427
GLOBAL	IV	600001	610000	0.00077313670660311	8871	4943348	6393886046	501803128
GLOBAL	IV	610001	620000	0.00096463960040511	9320	6870924	7122788653	82932067
GLOBAL	IV	620001	630000	0.0010242212499577	9471	7412740	7237440153	85025613
GLOBAL	IV	630001	640000	0.00096319966766982	9042	6357628	6600529686	448242396
GLOBAL	IV	640001	650000	0.00070174584836976	9048	4763664	6788303787	207121221
GLOBAL	IV	650001	660000	0.00098322699266921	9504	7132956	7254638098	93341486
GLOBAL	IV	660001	670000	0.0005727783740336	8887	3438828	6003767174	867181328
GLOBAL	IV	670001	680000	0.00047712562921049	9299	3365972	7054687055	134797599
GLOBAL	IV	680001	690000	0.00055533005183511	9230	3801008	6844592666	291544914
GLOBAL	IV	690001	700000	0.0022684549585755	7864	12962808	5714377511	365642633
GLOBAL	IV	700001	710000	0.0011164623349395	7358	6184380	5539264341	149543927
GLOBAL	IV	710001	720000	0.0013288714086024	8765	8519828	6411326141	365298549
GLOBAL	IV	720001	730000	0.00069394669339091	9014	4701932	6775638597	193499447
GLOBAL	IV	730001	740000	0.0012414622498349	9205	8545072	6883070348	233738582
GLOBAL	IV	740001	750000	0.00073931626611012	8976	4979544	6735336727	204421769
GLOBAL	IV	750001	760000	0.00071908512657746	9128	4871328	6774341201	282935487
GLOBAL	IV	760001	770000	0.00077904613179093	8932	5164244	6628932215	276807857
GLOBAL	IV	770001	780000	0.00071934689777641	8512	4582700	6370639832	210378920
GLOBAL	IV	780001	790000	0.00066724997916488	9467	4743012	7108298461	211074721
GLOBAL	IV	790001	800000	0.00081487905263626	9414	5808268	7127766975	150629469
GLOBAL	IV	800001	810000	0.00080124635519077	9409	5730092	7151473405	123057309
GLOBAL	IV	810001	820000	0.0015841330136183	8952	10638732	6715807264	205395728
GLOBAL	IV	820001	830000	0.00099065908542973	9191	6890420	6955389701	150595185
GLOBAL	IV	830001	840000	0.00093116227412595	9367	6616528	7105665880	136392702
GLOBAL	IV	840001	850000	0.0011971128402235	9310	8483016	7086229230	111760030
GLOBAL	IV	850001	860000	0.00053977220018922	8903	3637148	6738301822	145017016
GLOBAL	IV	860001	870000	0.00077738436523242	9029	5361216	6896480351	84254883
GLOBAL	IV	870001	880000	0.00050425790658538	9401	3627404	7193549080	74796466
GLOBAL	IV	880001	890000	0.00038404508275009	9347	2741120	7137495370	89100292
GLOBAL	IV	890001	900000	0.00075766543753934	9311	5344756	7054242856	144519550
GLOBAL	IV	900001	910000	0.000892385458814	9282	6186196	6932201706	244139466
GLOBAL	IV	910001	920000	0.00082131548657825	8748	5242476	6383023437	380457771
GLOBAL	IV	920001	930000	0.00092625086600895	9337	6601496	7127114524	91749678
GLOBAL	IV	930001	940000	0.0011507453587489	9403	8188912	7116180776	153711062
GLOBAL	IV	940001	950000	0.0011599519027229	9092	8034792	6926832036	102611396
GLOBAL	IV	950001	960000	0.00095558746904732	9052	6550124	6854552003	143965589
GLOBAL	IV	960001	970000	0.001318721319048	9161	9167768	6952013187	130777319
GLOBAL	IV	970001	980000	0.0006924142038827	9526	4992716	7210591539	154397257
GLOBAL	IV	980001	990000	0.0010430385802157	9154	7188568	6891948329	185430155
GLOBAL	IV	990001	1000000	0.00076381501326662	7932	4449880	5825860873	306733199
GLOBAL	IV	1000001	1010000	0.0019414052735028	9047	13381472	6892673149	101978713
GLOBAL	IV	1010001	1020000	0.0012117947087022	9262	8442168	6966665178	194213074
GLOBAL	IV	1020001	1030000	0.00077596285665308	8751	5110136	6585542022	180258624
GLOBAL	IV	1030001	1040000	0.00061868762287321	9370	4428188	7157389022	86988998
GLOBAL	IV	1040001	1050000	0.00065064047955025	8028	3881660	5965906091	240909997
GLOBAL	IV	1050001	1060000	0.00072604308908605	9419	5208532	7173860723	108401451
GLOBAL	IV	1060001	1070000	0.00083595609695966	9459	6025976	7208483821	104704193
GLOBAL	IV	1070001	1080000	0.00089232669059182	9340	5993020	6716172522	505011118
GLOBAL	IV	1080001	1090000	0.00083237636777867	8985	5677628	6820986539	125730271
GLOBAL	IV	1090001	1100000	0.00064784499242222	8795	4288408	6619497025	180322045
GLOBAL	IV	1100001	1110000	0.00094923902418546	9024	6240340	6574044936	456171642
GLOBAL	IV	1110001	1120000	0.00051028880441163	9342	3617832	7089773416	132956516
GLOBAL	IV	1120001	1130000	0.00041948014793173	9233	2939644	7007826269	130630749
GLOBAL	IV	1130001	1140000	0.00081939919475413	8970	5576604	6805723066	129396554
GLOBAL	IV	1140001	1150000	0.00060182292926635	8735	3915292	6505720885	247709425
GLOBAL	IV	1150001	1160000	0.00062089077931663	8877	4203796	6770588548	92628494
GLOBAL	IV	1160001	1170000	0.0005566997603759	7318	3090128	5550798150	107084278
GLOBAL	IV	1170001	1180000	0.0004529741482173	8956	3051920	6737514739	186780837
GLOBAL	IV	1180001	1190000	0.00074650932149046	8965	4939248	6616458573	314795317
GLOBAL	IV	1190001	1200000	0.00050585809045946	8978	3428016	6776635710	164669078
GLOBAL	IV	1200001	1210000	0.0007672490528427	9219	5321480	6935792205	191840769
GLOBAL	IV	1210001	1220000	0.00048445173909755	7726	2359184	4869801901	1146820271
GLOBAL	IV	1220001	1230000	0.0012846407466705	4443	3449120	2684890705	797358879
GLOBAL	IV	1230001	1240000	0.00084324169602244	7632	2880768	3416301653	2541561423
GLOBAL	IV	1240001	1250000	0.00060471966089387	3508	377204	623766721	2117035849
GLOBAL	IV	1250001	1260000	0.00066588775023548	8667	4066336	6106638842	594217540
GLOBAL	IV	1260001	1270000	0.0013499304584129	8941	8971640	6646001610	266696776
GLOBAL	IV	1270001	1280000	0.00097283120596343	9286	6744860	6933227428	246206328
GLOBAL	IV	1280001	1290000	0.00096017430822727	9622	6997428	7287664271	151546541
GLOBAL	IV	1290001	1300000	0.00068190842323539	9150	4677952	6860088306	214197594
GLOBAL	IV	1300001	1310000	0.000377034523426	8947	2566920	6808182913	109154349
GLOBAL	IV	1310001	1320000	0.00042412394700713	9115	2940560	6933256235	113969555
GLOBAL	IV	1320001	1330000	0.00067847807344639	8891	4041700	5957009015	917032071
GLOBAL	IV	1330001	1340000	0.00057292904291336	9414	4082704	7126020317	152376127
GLOBAL	IV	1340001	1350000	0.00055471195503885	7578	2809200	5064249967	794650421
GLOBAL	IV	1350001	1360000	0.0015692805899535	9554	11262496	7176852930	209783954
GLOBAL	IV	1360001	1370000	0.00023788202104579	9145	1569292	6596934031	473486139
GLOBAL	IV	1370001	1380000	0.00030044405277545	9338	2147488	7147713460	71923888
GLOBAL	IV	1380001	1390000	0.00014029066294509	9225	989128	7050561878	81709972
GLOBAL	IV	1390001	1400000	0.00037775327318264	9014	2594332	6867794892	101343152
GLOBAL	IV	1400001	1410000	0.00052136520479133	9462	3767872	7226934144	88573308
GLOBAL	IV	1410001	1420000	0.00062528279691409	9641	4607900	7369305573	84595013
GLOBAL	IV	1420001	1430000	0.00073300280914572	9553	5347208	7294935208	90928530
GLOBAL	IV	1430001	1440000	0.0005230062577112	9511	3780340	7228097072	125294534
GLOBAL	IV	1440001	1450000	0.00046204448949686	9461	3341556	7232108760	82625546
GLOBAL	IV	1450001	1460000	0.00060306372987074	9433	4320112	7163607735	129478483
GLOBAL	IV	1460001	1470000	0.00053205639564037	9566	3874856	7282791884	113122752
GLOBAL	IV	1470001	1480000	0.00065358220250353	9515	4771108	7299935619	56548571
GLOBAL	IV	1480001	1490000	0.0010785141604039	8896	7232648	6706122428	171784388
GLOBAL	IV	1490001	1500000	0.00038698402211472	9589	2819728	7286419694	127277300
GLOBAL	IV	1500001	1510000	0.00066004872869057	9442	4757988	7208540511	91504021
GLOBAL	IV	1510001	1520000	0.000958073875573	9203	6464832	6747738525	367524113
GLOBAL	IV	1520001	1530000	0.000874624767527	9297	6200548	7089380761	98557601
GLOBAL	IV	1530001	1540000	0.00085483357668137	9332	6070780	7101709813	113288659
GLOBAL	IV	1540001	1550000	0.0012564220185102	9178	8669172	6899888630	196045358
GLOBAL	IV	1550001	1560000	0.0012601653872453	9386	7600228	6031135339	1225613017
GLOBAL	IV	1560001	1570000	0.00041309729722499	8424	2448276	5926632821	604131441
GLOBAL	IV	1570001	1580000	0.00076419607863957	9029	5235160	6850545490	130189744
GLOBAL	IV	1580001	1590000	0.00050598798529546	8042	3015632	5959888550	257751582
GLOBAL	IV	1590001	1600000	0.00078189728377247	9402	5605264	7168798404	100320288
GLOBAL	IV	1600001	1610000	0.00083178284255159	9677	6165688	7412617434	69116408
GLOBAL	IV	1610001	1620000	0.00063666802357894	9349	4505408	7076541986	151599968
GLOBAL	IV	1620001	1630000	0.0007894528390311	9073	5442644	6894197767	120555891
GLOBAL	IV	1630001	1640000	0.00084412302709606	9306	5985244	7090487770	104408906
GLOBAL	IV	1640001	1650000	0.00087261638457962	9706	6486432	7433314472	70840604
GLOBAL	IV	1650001	1660000	0.00090211826973051	8464	5498728	6095351557	464792253
GLOBAL	IV	1660001	1670000	0.00099464233314069	9252	6479788	6514691547	642320975
GLOBAL	IV	1670001	1680000	0.00052627434204371	8574	3368652	6400942875	228010929
GLOBAL	IV	1680001	1690000	0.0015588984790043	9135	10784400	6917961718	144726992
GLOBAL	IV	1690001	1700000	0.00081867885934885	9522	5969652	7291811596	70084616
GLOBAL	IV	1700001	1710000	0.00084542526582372	7700	4137708	4894232722	1065176646
GLOBAL	IV	1710001	1720000	0.0010352153494023	9348	7390432	7139028613	88340195
GLOBAL	IV	1720001	1730000	0.00070578314611327	9062	4802964	6805155417	201093635
GLOBAL	IV	1730001	1740000	0.0011290039623954	9406	8048200	7128584370	143626906
GLOBAL	IV	1740001	1750000	0.00084710678561283	9173	5814568	6864031901	228036357
GLOBAL	IV	1750001	1760000	0.00088193715515085	9552	6413468	7272023820	113066772
GLOBAL	IV	1760001	1770000	0.00049465014589845	8544	2813764	5688392136	933603354
GLOBAL	IV	1770001	1780000	0.00079496998145279	8704	5273236	6633251724	96211060
GLOBAL	IV	1780001	1790000	0.00080078610718987	8692	4458460	5567604083	1152580949
GLOBAL	IV	1790001	1800000	0.00093431071709711	9027	6356444	6803351266	175837676
GLOBAL	IV	1800001	1810000	0.0009236672001708	7829	4900692	5305690187	747269847
GLOBAL	IV	1810001	1820000	0.0010369675425293	9427	7321124	7060128403	228318939
GLOBAL	IV	1820001	1830000	0.000930439563855	9125	6358148	6833488436	221468814
GLOBAL	IV	1830001	1840000	0.00063336025234403	8747	4215456	6655700266	107007796
GLOBAL	IV	1840001	1850000	0.00050140552107043	9312	3564836	7109686372	89849180
GLOBAL	IV	1850001	1860000	0.00081436455102922	9194	5704008	7004243975	104060349
GLOBAL	IV	1860001	1870000	0.0008950342708538	7345	4570852	5106901656	654582336
GLOBAL	IV	1870001	1880000	0.00099306483645655	9231	6456200	6501287492	651859300
GLOBAL	IV	1880001	1890000	0.00047965381251181	9205	3355420	6995503658	121305272
GLOBAL	IV	1890001	1900000	0.0010034664619339	9211	7014976	6990742856	130704950
GLOBAL	IV	1900001	1910000	0.00078649604960882	9389	5657296	7193038036	66029758
GLOBAL	IV	1910001	1920000	0.0015737690526174	9178	10813808	6871280117	224653871
GLOBAL	IV	1920001	1930000	0.0011057329030262	8462	6445452	5829122008	754216182
GLOBAL	IV	1930001	1940000	0.00069939982727561	8180	4314532	6168906299	159293711
GLOBAL	IV	1940001	1950000	0.00079066467597247	9381	5644700	7139183236	113699390
GLOBAL	IV	1950001	1960000	0.00053845897587023	8855	3641736	6763256187	82951643
GLOBAL	IV	1960001	1970000	0.0008195190801709	9412	5583628	6813298354	502982244
GLOBAL	IV	1970001	1980000	0.00049148267700092	9534	3575560	7275047865	96126099
GLOBAL	IV	1980001	1990000	0.0010951292493897	9333	7767888	7093124400	122647218
GLOBAL	IV	1990001	2000000	0.0016337719801786	8947	10978520	6719738209	197599053
GLOBAL	IV	2000001	2010000	0.00091099658551359	9266	5838152	6408533350	762395800
GLOBAL	IV	2010001	2020000	0.00099551153572989	4327	2712892	2725123620	645019794
GLOBAL	IV	2020001	2030000	0.0016647929543867	3553	3448164	2071226930	682719122
GLOBAL	IV	2030001	2040000	0.0007359697780723	7216	2987332	4059041674	1529257614
GLOBAL	IV	2040001	2050000	0.00090476900711729	8424	5179756	5724948533	800403707
GLOBAL	IV	2050001	2060000	0.0020519528078998	9155	12537316	6109943636	968207994
GLOBAL	IV	2060001	2070000	0.0018760583708332	9024	11889400	6337436076	639433428
GLOBAL	IV	2070001	2080000	0.00067708209390468	9134	4724432	6977635419	84280145
GLOBAL	IV	2080001	2090000	0.00078514889128473	9276	5566452	7089676954	82025342
GLOBAL	IV	2090001	2100000	0.00058848703349061	9324	4199008	7135260016	73553288
GLOBAL	IV	2100001	2110000	0.00084845059746269	9450	6120168	7213346326	92883374
GLOBAL	IV	2110001	2120000	0.0066171885647127	9252	46137676	6972398557	180748235
GLOBAL	IV	2120001	2130000	0.00088438662005895	8930	5971900	6752589721	151604059
GLOBAL	IV	2130001	2140000	0.0010536110766515	9403	7593460	7207080647	62811191
GLOBAL	IV	2140001	2150000	0.0038874734160432	8944	21031212	5409995066	1512754218
GLOBAL	IV	2150001	2160000	0.00065104386829216	8533	3267640	5019078067	1581269335
GLOBAL	IV	2160001	2170000	0.00096300172542011	9242	6340160	6583747290	561668042
GLOBAL	IV	2170001	2180000	0.00062236777234927	9580	4516584	7257098135	149640545
GLOBAL	IV	2180001	2190000	0.00088614936104785	9484	6389956	7210924344	121592320
GLOBAL	IV	2190001	2200000	0.0011907943056325	9486	8585076	7209537331	124525625
GLOBAL	IV	2200001	2210000	0.0010685046109529	9258	7498804	7018036163	139749505
GLOBAL	IV	2210001	2220000	0.00074450712430401	9286	5245860	7046084354	133349402
GLOBAL	IV	2220001	2230000	0.00095534711917766	9431	6878460	7199958907	91581019
GLOBAL	IV	2230001	2240000	0.0010548242520189	9272	7405628	7020722159	147887553
GLOBAL	IV	2240001	2250000	0.001218917652227	9201	8392476	6885187022	228529324
GLOBAL	IV	2250001	2260000	0.00079212591774178	9247	5295360	6684997778	478973058
GLOBAL	IV	2260001	2270000	0.00059032618268864	8677	3896156	6600005411	108582431
GLOBAL	IV	2270001	2280000	0.00054675696190846	9270	3840808	7024707992	142355428
GLOBAL	IV	2280001	2290000	0.00057720397621093	5991	2521696	4368812593	263105093
GLOBAL	IV	2290001	2300000	0.0010362513688892	6526	4588360	4427844573	638581165
GLOBAL	IV	2300001	2310000	0.00053627123801942	9324	3621700	6753485444	456101006
GLOBAL	IV	2310001	2320000	0.00039977484131721	9561	2906248	7269712097	122336809
GLOBAL	IV	2320001	2330000	0.00047545854260491	9066	3240896	6816358756	192982880
GLOBAL	IV	2330001	2340000	0.00034781126992388	9434	2499656	7186817151	107042213
GLOBAL	IV	2340001	2350000	0.00057083096914531	8472	3399316	5955030795	595062117
GLOBAL	IV	2350001	2360000	0.00065843909400347	9413	4730536	7184470125	93153173
GLOBAL	IV	2360001	2370000	0.00087717395061849	5584	2507084	2858137771	1544928699
GLOBAL	IV	2370001	2380000	0.0004364366173841	4424	893952	2048297426	1405345756
GLOBAL	IV	2380001	2390000	0.00086404703356851	7380	4772732	5523694677	199905161
GLOBAL	IV	2390001	2400000	0.00084689860740823	9409	6068840	7165958176	108572538
GLOBAL	IV	2400001	2410000	0.0008317189912176	9328	5918128	7115537895	96367993
GLOBAL	IV	2410001	2420000	0.00069488962073146	9321	4629240	6661835005	544658861
GLOBAL	IV	2420001	2430000	0.00065102386245371	8646	4142020	6362316712	370238656
GLOBAL	IV	2430001	2440000	0.0011079048053106	9211	7753628	6998460484	122987322
GLOBAL	IV	2440001	2450000	0.00074346517715096	9248	5280988	7103208277	46845931
GLOBAL	IV	2450001	2460000	0.00095022286288442	9623	7013544	7380946380	59037578
GLOBAL	IV	2460001	2470000	0.00083561989872973	9556	6112248	7314627152	73556024
GLOBAL	IV	2470001	2480000	0.00074536755381667	9158	5048524	6773200650	307270418
GLOBAL	IV	2480001	2490000	0.00081526988058619	9282	5769208	7076439517	99901655
GLOBAL	IV	2490001	2500000	0.00072880967459733	9411	5243000	7193922066	82154940
GLOBAL	IV	2500001	2510000	0.00068976805392602	9639	5049876	7321121892	131232402
GLOBAL	IV	2510001	2520000	0.00080474126920834	9101	5584796	6939865288	96536458
GLOBAL	IV	2520001	2530000	0.0007632354708344	9054	5225288	6846233174	153830710
GLOBAL	IV	2530001	2540000	0.00064222987238026	8597	3684768	5737459683	917781085
GLOBAL	IV	2540001	2550000	0.0010698773434598	9066	6629216	6196239261	813102375
GLOBAL	IV	2550001	2560000	0.00069747833083913	3168	1394688	1999614810	451258010
GLOBAL	IV	2560001	2570000	0.00087693525486126	9044	5966436	6803736042	188596382
GLOBAL	IV	2570001	2580000	0.00036510002428223	8673	2329732	6381078732	327509110
GLOBAL	IV	2580001	2590000	0.00052968256327438	8641	3041340	5741816346	978368686
GLOBAL	IV	2590001	2600000	0.00072178994926051	9412	5189668	7189997596	86852556
GLOBAL	IV	2600001	2610000	0.00073914705340233	9455	5337452	7221096229	88999201
GLOBAL	IV	2610001	2620000	0.00072679732830779	8934	4652944	6401982807	505303557
GLOBAL	IV	2620001	2630000	0.00081640179099709	9614	6006852	7357715363	75310281
GLOBAL	IV	2630001	2640000	0.0010610847419496	9366	7311308	6890409136	366339220
GLOBAL	IV	2640001	2650000	0.00095319463389178	9108	6605308	6929652943	112160825
GLOBAL	IV	2650001	2660000	0.0011053197259094	8406	6656044	6021826847	477238429
GLOBAL	IV	2660001	2670000	0.000708768324632	9515	5132880	7241971490	114512700
GLOBAL	IV	2670001	2680000	0.00097480293250684	9182	6853580	7030733876	68292696
GLOBAL	IV	2680001	2690000	0.00079931488090279	9463	5761456	7207992917	108287681
GLOBAL	IV	2690001	2700000	0.0007814021552373	9013	5369676	6871846928	96517970
GLOBAL	IV	2700001	2710000	0.00057395828534203	9465	4140088	7213221075	104605815
GLOBAL	IV	2710001	2720000	0.00068858505556323	7413	3592376	5217040322	534392772
GLOBAL	IV	2720001	2730000	0.00064031169923795	8063	3649228	5699143096	563339504
GLOBAL	IV	2730001	2740000	0.00074677610500757	9457	5411828	7246921753	64719969
GLOBAL	IV	2740001	2750000	0.00060033962602524	9638	4412436	7349899638	101681510
GLOBAL	IV	2750001	2760000	0.00048073937978301	9290	3308164	6881408387	301117953
GLOBAL	IV	2760001	2770000	0.0008210880381366	9434	5779252	7038529039	255330325
GLOBAL	IV	2770001	2780000	0.00078811330541869	9054	5102672	6474541116	525522768
GLOBAL	IV	2780001	2790000	0.00082683140176901	7801	4130144	4995146521	1091058791
GLOBAL	IV	2790001	2800000	0.0022773791793824	1918	944488	414725843	1203468735
GLOBAL	IV	2800001	2810000	0.0014484008660768	3798	3464984	2392282469	557269521
GLOBAL	IV	2810001	2820000	0.0010494222041495	9257	7032452	6701260915	455751607
GLOBAL	IV	2820001	2830000	0.0008006950850969	9481	5553108	6935359169	394838057
GLOBAL	IV	2830001	2840000	0.0014692677707005	4173	3904300	2657310041	569028217
GLOBAL	IV	2840001	2850000	0.0010126369808077	9004	6819720	6734614802	226791782
GLOBAL	IV	2850001	2860000	0.0014183937295639	9255	10036004	7075612216	79854014
GLOBAL	IV	2860001	2870000	0.0014712971485538	9400	9918416	6741273175	526299225
GLOBAL	IV	2870001	2880000	0.00092933347984294	9402	6675928	7183565582	85553110
GLOBAL	IV	2880001	2890000	0.0011126385481704	9543	8006176	7195666565	182465713
GLOBAL	IV	2890001	2900000	0.0010029345426265	9578	7317812	7296400402	108791986
GLOBAL	IV	2900001	2910000	0.0012021485000767	9029	8229188	6845400547	135334687
GLOBAL	IV	2910001	2920000	0.001246724868261	9145	8529944	6841881651	228538519
GLOBAL	IV	2920001	2930000	0.0023307079752681	9548	17023344	7303936907	78061101
GLOBAL	IV	2930001	2940000	0.0016616573253447	9014	11209908	6746221275	222916769
GLOBAL	IV	2940001	2950000	0.0020977469020063	9167	14407504	6868084985	219344397
GLOBAL	IV	2950001	2960000	0.0017838336323282	9191	12332860	6913682855	192302031
GLOBAL	IV	2960001	2970000	0.00072317197603885	9459	5032384	6958765227	354422787
GLOBAL	IV	2970001	2980000	0.00087237772362223	8771	5519840	6327350929	453912637
GLOBAL	IV	2980001	2990000	0.00078882236596252	8309	4213172	5341090950	1109266128
GLOBAL	IV	2990001	3000000	0.0010066705778404	9003	5515656	5479107189	1493896585
GLOBAL	IV	3000001	3010000	0.00023190210803683	5467	113188	488085257	3924258965
GLOBAL	IV	3010001	3020000	0.00029689071402388	2110	27788	93596730	1933592082
GLOBAL	IV	3020001	3030000	0.00016818129583372	1866	41448	246448333	1329996361
GLOBAL	IV	3030001	3040000	0.00033674106773111	4530	182688	542517731	3013953869
GLOBAL	IV	3040001	3050000	0.00081470762900709	7950	4032084	4949117765	1202031811
GLOBAL	IV	3050001	3060000	0.0011757701029831	8640	7304776	6212758754	491963358
GLOBAL	IV	3060001	3070000	0.00090313341697902	9377	6464768	7158153910	91636132
GLOBAL	IV	3070001	3080000	0.0020876355671574	8294	10620388	5087280638	1349159812
GLOBAL	IV	3080001	3090000	0.00045498376628343	9574	3334888	7329685688	72414116
GLOBAL	IV	3090001	3100000	0.00051306719708175	9539	3440716	6706170302	705207254
GLOBAL	IV	3100001	3110000	0.0013320538061394	9148	9224740	6925200737	147538871
GLOBAL	IV	3110001	3120000	0.00097326261731925	8943	5993480	6158132341	756112337
GLOBAL	IV	3120001	3130000	0.00082162074626494	8935	5542096	6745321397	162738113
GLOBAL	IV	3130001	3140000	0.00084280801340518	9474	6107544	7246661046	78124158
GLOBAL	IV	3140001	3150000	0.00067684855595793	9266	4768996	7045883393	118087443
GLOBAL	IV	3150001	3160000	0.001165487545239	8800	7751676	6651015733	152669067
GLOBAL	IV	3160001	3170000	0.0012530562332256	9576	9181484	7327272118	76373978
GLOBAL	IV	3170001	3180000	0.00095914867950925	9142	6657860	6941426436	126674296
GLOBAL	IV	3180001	3190000	0.00091370287858061	9365	6551912	7170724919	69787371
GLOBAL	IV	3190001	3200000	0.0011272538741238	9117	7763804	6887360672	161411410
GLOBAL	IV	3200001	3210000	0.00093634973893712	9639	6909724	7379426418	72927876
GLOBAL	IV	3210001	3220000	0.00068113329901547	8945	4282856	6287838234	638003634
GLOBAL	IV	3220001	3230000	0.0006531314622078	9371	4651324	7121573939	123577227
GLOBAL	IV	3230001	3240000	0.00068786223123235	9090	4634656	6737767811	290129329
GLOBAL	IV	3240001	3250000	0.00089049119533556	6087	3666272	4117134475	606014439
GLOBAL	IV	3250001	3260000	0.00076426553158953	9179	5064392	6626482277	470224857
GLOBAL	IV	3260001	3270000	0.00074036790054993	9545	5398440	7291564094	88114476
GLOBAL	IV	3270001	3280000	0.00073348767523457	9450	5255348	7164875672	141354028
GLOBAL	IV	3280001	3290000	0.00083330071661795	9355	5957708	7149529433	83251397
GLOBAL	IV	3290001	3300000	0.00098377546008076	9359	7004884	7120409366	115464048
GLOBAL	IV	3300001	3310000	0.00080625181353657	9390	5738760	7117825850	142015090
GLOBAL	IV	3310001	3320000	0.0010949470251417	8825	7308564	6674810591	148202859
GLOBAL	IV	3320001	3330000	0.0007934167237072	9259	5550108	6995199161	163359653
GLOBAL	IV	3330001	3340000	0.0007656845530505	8598	4673376	6103526552	543982756
GLOBAL	IV	3340001	3350000	0.00076154706314462	8480	4785956	6284517703	271760377
GLOBAL	IV	3350001	3360000	0.00085305986201586	9186	5979904	7009946507	92172649
GLOBAL	IV	3360001	3370000	0.0011699829561243	8947	7208088	6160848722	778909774
GLOBAL	IV	3370001	3380000	0.0012131434313122	9197	8063924	6647131569	463492193
GLOBAL	IV	3380001	3390000	0.0010770167443901	9001	6788084	6302672670	686567170
GLOBAL	IV	3390001	3400000	0.00076011064902261	9087	5278660	6944594194	80983508
GLOBAL	IV	3400001	3410000	0.0017674292123077	8978	9084496	5139948993	1819138153
GLOBAL	IV	3410001	3420000	0.00035462643946201	9555	2583108	7284025421	103384609
GLOBAL	IV	3420001	3430000	0.00044840178514424	9438	3238896	7223200503	73751445
GLOBAL	IV	3430001	3440000	0.0011048242813892	9413	7930652	7178202121	99421177
GLOBAL	IV	3440001	3450000	0.00075160078458883	9637	5568700	7409119461	41688541
GLOBAL	IV	3450001	3460000	0.00098595517570384	8962	6752000	6848181506	80752946
GLOBAL	IV	3460001	3470000	0.00074563498493838	9413	5356392	7183665075	93958223
GLOBAL	IV	3470001	3480000	0.00066108336294422	8890	4179580	6322319142	550948798
GLOBAL	IV	3480001	3490000	0.00056520078632685	9258	3817660	6754519973	412543447
GLOBAL	IV	3490001	3500000	0.00052479219881222	9391	3744892	7135952113	124661973
GLOBAL	IV	3500001	3510000	0.0005571567169963	9396	3964220	7115089667	149390149
GLOBAL	IV	3510001	3520000	0.0004805990838394	9199	3378156	7029052101	83117953
GLOBAL	IV	3520001	3530000	0.00041348923381814	8908	2583716	6248568980	662583114
GLOBAL	IV	3530001	3540000	0.00024448049632867	9520	1787892	7313025075	47324845
GLOBAL	IV	3540001	3550000	0.00045834361935155	9293	2943844	6422788222	765150140
GLOBAL	IV	3550001	3560000	0.00037171471882131	9334	2657524	7149364460	67180304
GLOBAL	IV	3560001	3570000	0.00048684709420708	9292	3423276	7031521890	152550742
GLOBAL	IV	3570001	3580000	0.00049198652919124	9346	3526748	7168383260	57439256
GLOBAL	IV	3580001	3590000	0.00060881593093552	8654	3864344	6347310909	348133451
GLOBAL	IV	3590001	3600000	0.00055356516690804	9396	3990000	7207823466	56656350
GLOBAL	IV	3600001	3610000	0.00051108746030518	9540	3744400	7326339014	49473826
GLOBAL	IV	3610001	3620000	0.00047782914128272	9338	3412568	7141816405	77820943
GLOBAL	IV	3620001	3630000	0.00037884815880283	9588	2776896	7329838975	83084873
GLOBAL	IV	3630001	3640000	0.00048805586237805	9357	3321128	6804811203	429515919
GLOBAL	IV	3640001	3650000	0.000636636791805	9214	4129540	6486492853	646552143
GLOBAL	IV	3650001	3660000	0.00056615577833254	9562	4146708	7324323373	68498679
GLOBAL	IV	3660001	3670000	0.00044847234626343	9532	3275180	7302969798	66657874
GLOBAL	IV	3670001	3680000	0.00045375051958497	9451	3282156	7233393370	73609476
GLOBAL	IV	3680001	3690000	0.00045755048705272	9508	3324444	7265742457	85329711
GLOBAL	IV	3690001	3700000	0.00057743967574183	9725	4310984	7465687207	53157643
GLOBAL	IV	3700001	3710000	0.00098095554873097	9178	6876040	7009532704	86401284
GLOBAL	IV	3710001	3720000	0.00033657020148594	9268	2376876	7062051214	103465914
GLOBAL	IV	3720001	3730000	0.00032608232892093	9606	2398732	7356215861	70624615
GLOBAL	IV	3730001	3740000	0.00027937081116132	9317	1980720	7089931807	113469475
GLOBAL	IV	3740001	3750000	0.00058416716338986	8858	3926412	6721384299	127142969
GLOBAL	IV	3750001	3760000	0.00052661378499718	9486	3787328	7191851235	142211721
GLOBAL	IV	3760001	3770000	0.00053358157812904	9448	3843772	7203719464	100963944
GLOBAL	IV	3770001	3780000	0.00034025668877599	8941	2332460	6855001171	57697215
GLOBAL	IV	3780001	3790000	0.00033254804845845	9424	2400332	7218000560	68127344
GLOBAL	IV	3790001	3800000	0.00016439009403022	9357	1179256	7173522267	60804855
GLOBAL	IV	3800001	3810000	0.00017607703627933	8952	1186624	6739232015	181970977
GLOBAL	IV	3810001	3820000	0.00033860783925036	9061	2337756	6904022084	101453822
GLOBAL	IV	3820001	3830000	0.00047275512235234	9329	3357476	7101934683	110744351
GLOBAL	IV	3830001	3840000	0.00036501429803028	9597	2661336	7291045897	128836265
GLOBAL	IV	3840001	3850000	0.00021603016237213	9630	1593792	7377636449	67759531
GLOBAL	IV	3850001	3860000	0.00047178496493631	9412	3392604	7190996433	85853719
GLOBAL	IV	3860001	3870000	0.00025352762724086	9250	1799956	7099644404	51956096
GLOBAL	IV	3870001	3880000	0.00048183694178642	9377	3462652	7186356420	63433622
GLOBAL	IV	3880001	3890000	0.00058637881448057	9037	4044300	6897077282	89843120
GLOBAL	IV	3890001	3900000	0.00090735595130869	8594	5600980	6172858614	472331256
GLOBAL	IV	3900001	3910000	0.00047962403577581	9423	3387276	7062356653	222998105
GLOBAL	IV	3910001	3920000	0.00091307537765279	9294	6499492	7118242545	67376379
GLOBAL	IV	3920001	3930000	0.0010069610502414	9069	6870588	6823092113	188568961
GLOBAL	IV	3930001	3940000	0.0002825745968506	9611	2070328	7326660015	104046191
GLOBAL	IV	3940001	3950000	0.00024847065052569	9214	1756576	7069551258	54215986
GLOBAL	IV	3950001	3960000	0.00043527908874334	9741	3253928	7475498098	55717088
GLOBAL	IV	3960001	3970000	0.00039956044127782	9557	2925036	7320634622	68321700
GLOBAL	IV	3970001	3980000	0.0019097062330775	8776	10641316	5572226668	1237643300
GLOBAL	IV	3980001	3990000	0.00049957465153795	9330	3537440	7080903703	132548477
GLOBAL	IV	3990001	4000000	0.00052987327447832	9016	3439860	6491854120	478830216
GLOBAL	IV	4000001	4010000	0.00037535552855632	9494	2725520	7261169192	79078932
GLOBAL	IV	4010001	4020000	0.00033932511732485	9126	2377580	7006790475	48939921
GLOBAL	IV	4020001	4030000	0.0003629627406045	9091	2401728	6617009768	429442876
GLOBAL	IV	4030001	4040000	0.00025154695302482	9458	1808648	7190101006	122313862
GLOBAL	IV	4040001	4050000	0.00019410528423696	9279	1333940	6872249796	307957106
GLOBAL	IV	4050001	4060000	0.00030410762873336	9742	2274980	7480838312	51150020
GLOBAL	IV	4060001	4070000	0.00061678015501386	9096	4164012	6751209432	281326584
GLOBAL	IV	4070001	4080000	0.0003842968559937	9472	2795704	7274855249	48383663
GLOBAL	IV	4080001	4090000	0.00033789354537391	9633	2503560	7409315846	38399572
GLOBAL	IV	4090001	4100000	0.00029798710369242	9210	2106520	7069164987	51509673
GLOBAL	IV	4100001	4110000	0.00046617912744664	8743	3003912	6443686178	319795030
GLOBAL	IV	4110001	4120000	0.00038653483961935	9464	2795452	7232082890	84970854
GLOBAL	IV	4120001	4130000	0.00038963644280989	9140	2571376	6599423764	506561122
GLOBAL	IV	4130001	4140000	0.00037857979239462	9184	2660416	7027358706	73214158
GLOBAL	IV	4140001	4150000	0.00054680704298284	9409	3911128	7152665735	121864979
GLOBAL	IV	4150001	4160000	0.00058084510903668	9432	4200748	7232131139	60181933
GLOBAL	IV	4160001	4170000	0.00032930266348435	9453	2386136	7246027028	62522110
GLOBAL	IV	4170001	4180000	0.00037831594990382	9538	2770224	7322514424	51752124
GLOBAL	IV	4180001	4190000	0.00026675048547325	9335	1908456	7154461206	62856704
GLOBAL	IV	4190001	4200000	0.00025393555571656	9328	1813308	7140819626	71086262
GLOBAL	IV	4200001	4210000	0.00034158912684207	9223	2418716	7080775733	49949825
GLOBAL	IV	4210001	4220000	0.00034336015163663	9444	2482220	7229202306	72388518
GLOBAL	IV	4220001	4230000	0.00047444706752857	9799	3570228	7525029122	51028532
GLOBAL	IV	4230001	4240000	0.0004050325127629	9501	2941252	7261767654	83892492
GLOBAL	IV	4240001	4250000	0.00046404703259818	9634	3435516	7403378879	45109685
GLOBAL	IV	4250001	4260000	0.00038619222928304	9181	2709520	7015987880	82265546
GLOBAL	IV	4260001	4270000	0.00034036538741999	9747	2534956	7447749077	88104985
GLOBAL	IV	4270001	4280000	0.00046232570416049	9580	3397344	7348377928	58360752
GLOBAL	IV	4280001	4290000	0.00035913146022456	9157	2524116	7028390101	51307821
GLOBAL	IV	4290001	4300000	0.00028172974486869	9067	1958448	6951513057	58601725
GLOBAL	IV	4300001	4310000	0.00046604671624551	9503	3336840	7159883084	187323354
GLOBAL	IV	4310001	4320000	0.00079850867362064	9006	5013280	6278303750	701658338
GLOBAL	IV	4320001	4330000	0.0016258682805146	8905	10920220	6716546556	168318574
GLOBAL	IV	4330001	4340000	0.0026488205552193	9090	18300816	6909043334	118853806
GLOBAL	IV	4340001	4350000	0.0017864907782734	8679	11453864	6411375944	298758190
GLOBAL	IV	4350001	4360000	0.0015163587504623	9025	10492384	6919460185	58182465
GLOBAL	IV	4360001	4370000	0.0017374845961436	9058	11958312	6882542744	120613724
GLOBAL	IV	4370001	4380000	0.0023059209809932	9067	15921476	6904606069	105508713
GLOBAL	IV	4380001	4390000	0.0023230823698101	9117	16124788	6941117633	107654449
GLOBAL	IV	4390001	4400000	0.0017621218898566	8699	11180464	6344886846	385349084
GLOBAL	IV	4400001	4410000	0.0019650283725924	9268	13931664	7089802974	75714154
GLOBAL	IV	4410001	4420000	0.002122739687978	9583	15622824	7359745563	49312555
GLOBAL	IV	4420001	4430000	0.0019681559491127	9473	14320084	7275888888	48123170
GLOBAL	IV	4430001	4440000	0.0020701242891602	9303	14741968	7121296087	71281151
GLOBAL	IV	4440001	4450000	0.0023191141824873	9157	16166100	6970808131	108889791
GLOBAL	IV	4450001	4460000	0.0057780263264777	9078	39690324	6869183655	149435733
GLOBAL	IV	4460001	4470000	0.010667911238174	8862	72110948	6759612673	92007179
GLOBAL	IV	4470001	4480000	0.0077449268783964	9148	49830004	6433889536	638850072
GLOBAL	IV	4480001	4490000	0.0087896502998389	9078	58554932	6661804509	356814879
GLOBAL	IV	4490001	4500000	0.010352634437228	9430	74901276	7234996701	55770079
GLOBAL	IV	4500001	4510000	0.0064015726487041	8725	39507508	6171531617	574167233
GLOBAL	IV	4510001	4520000	0.0093896713212047	8724	61260272	6524218996	220706708
GLOBAL	IV	4520001	4530000	0.0074299033970915	8653	47151820	6346222485	343809853
GLOBAL	IV	4530001	4540000	0.01013433356116	9279	72061368	7110617345	63404389
GLOBAL	IV	4540001	4550000	0.016202752964157	9202	112924872	6969486744	145002748
GLOBAL	IV	4550001	4560000	0.0090873510273781	8979	62691340	6898747480	43330454
GLOBAL	IV	4560001	4570000	0.0089237812576588	9076	61701584	6914286917	102786179
GLOBAL	IV	4570001	4580000	0.010546286027571	9208	74267560	7042058200	77070168
GLOBAL	IV	4580001	4590000	0.0070065790037993	9058	46814036	6681439826	321716642
GLOBAL	IV	4590001	4600000	0.0074688415317133	9214	51197344	6854790503	268976741
GLOBAL	IV	4600001	4610000	0.0077999808758707	9256	55176620	7073942985	82296391
GLOBAL	IV	4610001	4620000	0.007865228979436	8828	52036812	6616058113	209274775
GLOBAL	IV	4620001	4630000	0.010501215723838	8817	70119748	6677298119	139530163
GLOBAL	IV	4630001	4640000	0.011321799391716	9044	77347028	6831690381	160642043
GLOBAL	IV	4640001	4650000	0.0097728908297421	8894	61978400	6341869676	534490848
GLOBAL	IV	4650001	4660000	0.0095396703303197	8935	64650300	6776995196	131064314
GLOBAL	IV	4660001	4670000	0.0072037851221143	8827	48665200	6755504110	69055632
GLOBAL	IV	4670001	4680000	0.0044380584355059	9090	30602360	6895438725	132458415
GLOBAL	IV	4680001	4690000	0.0017053991514093	7855	9512428	5577830851	514559629
GLOBAL	IV	4690001	4700000	0.00051212877040513	9516	3235056	6316880025	1040377311
GLOBAL	IV	4700001	4710000	0.00051611639382798	9346	3637692	7048200839	177621677
GLOBAL	IV	4710001	4720000	0.00047143755532453	9511	3412224	7237912978	115478628
GLOBAL	IV	4720001	4730000	0.00042500895911705	9476	3086168	7261418692	64912804
GLOBAL	IV	4730001	4740000	0.00040554988484051	8784	2719328	6705286086	86028378
GLOBAL	IV	4740001	4750000	0.00022499664547848	9233	1588500	7060105259	78351759
GLOBAL	IV	4750001	4760000	0.017419717636048	8512	112576084	6462566521	118452231
GLOBAL	IV	4760001	4770000	0.018721673221501	9340	132141996	7058236432	162947208
GLOBAL	IV	4770001	4780000	0.020893162800357	8505	133880064	6407840942	167765788
GLOBAL	IV	4780001	4790000	0.019657955560981	8698	123157068	6264998800	459825108
GLOBAL	IV	4790001	4800000	0.013899318610515	8506	88546072	6370533296	205846580
GLOBAL	IV	4800001	4810000	0.016578480413974	6846	69425520	4187688996	1109907396
GLOBAL	IV	4810001	4820000	4.9922373124036e-05	5051	42804	857411163	3152123993
GLOBAL	IV	4820001	4830000	6.1429001936572e-05	3782	32288	525614921	2405381565
GLOBAL	IV	4830001	4840000	7.3543344245282e-06	2155	820	111498873	1585556597
GLOBAL	IV	4840001	4850000	0.00062412476108349	3776	280808	449922864	2469476432
GLOBAL	IV	4850001	4860000	0.018959513739875	8573	118876796	6270034012	358146646
GLOBAL	IV	4860001	4870000	0.01335697265478	9168	93609632	7008297046	79905482
GLOBAL	IV	4870001	4880000	0.013431629497801	8852	90739708	6755673838	88214554
GLOBAL	IV	4880001	4890000	0.015885281978345	8706	104836908	6599625247	131383829
GLOBAL	IV	4890001	4900000	0.019551191259224	9377	139724260	7146585502	103204540
GLOBAL	IV	4900001	4910000	0.01379050670121	8764	92361316	6697456301	78395243
GLOBAL	IV	4910001	4920000	0.019902715566442	8466	120850860	6072078938	473375098
GLOBAL	IV	4920001	4930000	0.020278872975235	8888	136663736	6739217518	132504130
GLOBAL	IV	4930001	4940000	0.023669636467932	8870	157772600	6665611456	192193564
GLOBAL	IV	4940001	4950000	0.01972119215267	8359	114056892	5783468419	693175623
GLOBAL	IV	4950001	4960000	0.021140047072122	8853	141679948	6701969372	142692166
GLOBAL	IV	4960001	4970000	0.025705416297248	8366	154516996	6011067637	484131909
GLOBAL	IV	4970001	4980000	0.024806863726199	9477	178703484	7203791901	123312741
GLOBAL	IV	4980001	4990000	0.0028164513430103	9358	20247896	7189151714	45948554
GLOBAL	IV	4990001	5000000	0.0062222872722909	9457	44863340	7210104265	101537457
GLOBAL	IV	5000001	5010000	0.0038401809760229	9182	26972048	7023639815	75386757
GLOBAL	IV	5010001	5020000	0.0035324650480513	9290	25134452	7115272666	67253674
GLOBAL	IV	5020001	5030000	0.0088226640494462	9182	61751652	6999207003	99819569
GLOBAL	IV	5030001	5040000	0.019839442720058	9129	137944964	6953066472	104983362
GLOBAL	IV	5040001	5050000	0.016642640010634	9009	109697916	6591377085	373895229
GLOBAL	IV	5050001	5060000	0.020944598801911	9226	148262736	7078805252	54239744
GLOBAL	IV	5060001	5070000	0.02066305925526	8718	102086264	4940520314	1850794150
GLOBAL	IV	5070001	5080000	0.019673680833358	7878	87609688	4453141674	1654711726
GLOBAL	IV	5080001	5090000	0.00029821148648202	9552	528324	1771642019	5642054975
GLOBAL	IV	5090001	5100000	0.022048802633246	8725	134026812	6078643554	675559902
GLOBAL	IV	5100001	5110000	0.020532139945714	8550	132545988	6455536946	154861354
GLOBAL	IV	5110001	5120000	0.0068331188888544	8998	40800256	5970956552	985811156
GLOBAL	IV	5120001	5130000	0.014867237665577	8902	101071068	6798241225	84304467
GLOBAL	IV	5130001	5140000	0.01813603955502	9324	128579100	7089701123	119112181
GLOBAL	IV	5140001	5150000	0.019451686854083	9140	135436348	6962704521	103849919
GLOBAL	IV	5150001	5160000	0.0062220116543595	9022	42821932	6882329121	92994091
GLOBAL	IV	5160001	5170000	0.0012628916288084	9552	8870796	7024194157	360896435
GLOBAL	IV	5170001	5180000	0.00087416991197023	9294	5973260	6833065195	352553729
GLOBAL	IV	5180001	5190000	0.00061703795448152	9412	4017096	6510289960	800578616
GLOBAL	IV	5190001	5200000	0.0019665791643609	9366	14089868	7164658436	76627000
GLOBAL	IV	5200001	5210000	0.00489095952559	9221	34327576	7018576993	110602273
GLOBAL	IV	5210001	5220000	0.00042034813873335	9708	3129536	7445104930	60596438
GLOBAL	IV	5220001	5230000	0.0007975279590149	9589	5874492	7365875934	47821060
GLOBAL	IV	5230001	5240000	0.00074670269431326	9437	5396388	7226956647	69222155
GLOBAL	IV	5240001	5250000	0.00054910449549066	8800	3477452	6332951248	500886246
GLOBAL	IV	5250001	5260000	0.0010125025775239	9297	6669988	6587625699	608817269
GLOBAL	IV	5260001	5270000	0.00060651162423343	8669	3375156	5564866138	1193976194
GLOBAL	IV	5270001	5280000	0.00078817573034508	9474	5734188	7275265882	49519322
GLOBAL	IV	5280001	5290000	0.00078675452173252	8973	5103212	6486409495	463399899
GLOBAL	IV	5290001	5300000	0.00041468183925301	9434	2986768	7202553180	91306184
GLOBAL	IV	5300001	5310000	0.00087105049094611	9438	6294544	7226382472	70569476
GLOBAL	IV	5310001	5320000	0.0004478332139157	9702	3331064	7438179877	62882615
GLOBAL	IV	5320001	5330000	0.0006406561100689	9590	4709776	7351488460	62981680
GLOBAL	IV	5330001	5340000	0.00061522363650014	9716	4591672	7463419361	48467175
GLOBAL	IV	5340001	5350000	0.00029141016333512	9396	2099256	7203784439	60695377
GLOBAL	IV	5350001	5360000	0.0008199428643798	8443	4470664	5452409179	1101549463
GLOBAL	IV	5360001	5370000	0.00046204644096445	9604	3369008	7291492156	133802028
GLOBAL	IV	5370001	5380000	0.00038475007815112	9383	2687368	6984710732	269718186
GLOBAL	IV	5380001	5390000	0.00052993136033001	9230	3592980	6780085628	361463974
GLOBAL	IV	5390001	5400000	0.00086828256081354	9330	6196520	7136524767	76927413
GLOBAL	IV	5400001	5410000	0.00075001429375241	9339	5372056	7162604826	57805668
GLOBAL	IV	5410001	5420000	0.00055778214147094	9559	4057196	7273800465	116702149
GLOBAL	IV	5420001	5430000	0.00029370557306442	9264	2083988	7095500362	66924182
GLOBAL	IV	5430001	5440000	0.0013442411260318	9597	9886048	7354371034	65511128
GLOBAL	IV	5440001	5450000	0.0009454302994948	8393	5682012	6009974509	499141665
GLOBAL	IV	5450001	5460000	0.001323801611339	9405	9447144	7136374453	135063677
GLOBAL	IV	5460001	5470000	0.0005453133064981	9012	3750388	6877492178	90099574
GLOBAL	IV	5470001	5480000	0.00048281206442704	9099	3373176	6986519701	48335753
GLOBAL	IV	5480001	5490000	0.00064077087699344	9628	4727036	7377108058	66741630
GLOBAL	IV	5490001	5500000	0.0015898214243738	8616	8074740	5079023264	1597865592
GLOBAL	IV	5500001	5510000	0.001460853751193	8998	8284340	5670889364	1294382950
GLOBAL	IV	5510001	5520000	0.0021213619118107	9287	14905552	7026406912	153799990
GLOBAL	IV	5520001	5530000	0.0019548270228803	9286	13880040	7100392944	79040812
GLOBAL	IV	5530001	5540000	0.001135105555419	8832	7703496	6786589990	41835482
GLOBAL	IV	5540001	5550000	0.0043938169967362	8954	30101788	6850942591	71806693
GLOBAL	IV	5550001	5560000	0.0058000669603719	8910	39264832	6769720465	119010395
GLOBAL	IV	5560001	5570000	0.0023386625173826	9259	16532236	7069098631	89460183
GLOBAL	IV	5570001	5580000	0.0015452953167842	9371	11137176	7207150555	38000611
GLOBAL	IV	5580001	5590000	0.0050047982596632	9304	35675120	7128183425	65166959
GLOBAL	IV	5590001	5600000	0.012039518487927	9360	85786616	7125419184	111227376
GLOBAL	IV	5600001	5610000	0.020291068007913	9017	140113648	6905188428	66269054
GLOBAL	IV	5610001	5620000	0.021874166060005	8946	149809392	6848690441	67873675
GLOBAL	IV	5620001	5630000	0.019850275433897	8367	124976580	6295962009	172950573
GLOBAL	IV	5630001	5640000	0.006369023204307	8851	38226952	6002011733	841103513
GLOBAL	IV	5640001	5650000	0.013816782741686	8761	91193616	6600206264	173325842
GLOBAL	IV	5650001	5660000	0.010459169771201	8438	55183040	5276044008	1310386766
GLOBAL	IV	5660001	5670000	0.017456202723913	8314	102745376	5885894981	542040863
GLOBAL	IV	5670001	5680000	0.019315028901075	8542	125271152	6485682866	118530266
GLOBAL	IV	5680001	5690000	0.015773734931372	8887	107031616	6785432649	85515853
GLOBAL	IV	5690001	5700000	0.018271141174115	9193	128359456	7025256648	82274530
GLOBAL	IV	5700001	5710000	0.012773158720752	9077	88930352	6962283484	55562758
GLOBAL	IV	5710001	5720000	0.018556611707189	8939	127258088	6857829975	53322119
GLOBAL	IV	5720001	5730000	0.012340084080226	8962	75134936	6088689146	840245306
GLOBAL	IV	5730001	5740000	0.02384613371367	8632	155801212	6533604729	140191543
GLOBAL	IV	5740001	5750000	0.018660676246733	9091	130100084	6971884742	56785544
GLOBAL	IV	5750001	5760000	0.020267853364985	8963	138737872	6845217868	84489730
GLOBAL	IV	5760001	5770000	0.01834132233613	8441	117045176	6381501500	144623886
GLOBAL	IV	5770001	5780000	0.018924260397974	9212	132829524	7019007412	103213540
GLOBAL	IV	5780001	5790000	0.013451223021577	9010	90718536	6744259303	221786157
GLOBAL	IV	5790001	5800000	0.0058150415152933	9308	41469552	7131428364	65014604
GLOBAL	IV	5800001	5810000	0.0097824230725954	9236	69446336	7099093495	41682961
GLOBAL	IV	5810001	5820000	0.014616201921426	8979	100182264	6854192665	87885269
GLOBAL	IV	5820001	5830000	0.017556858045157	9016	120827368	6882060998	88623338
GLOBAL	IV	5830001	5840000	0.0095613982513073	9118	65936132	6896076313	153468915
GLOBAL	IV	5840001	5850000	0.014503109829976	8930	99108572	6833608320	70585460
GLOBAL	IV	5850001	5860000	0.0091917086268568	8943	63299952	6886636051	27608627
GLOBAL	IV	5860001	5870000	0.012187195155315	9332	87325052	7165311697	49686775
GLOBAL	IV	5870001	5880000	0.010329219548396	8995	70804304	6854758355	99689915
GLOBAL	IV	5880001	5890000	0.0014306061095564	9645	10613448	7418847109	38146061
GLOBAL	IV	5890001	5900000	0.00052206520743513	9284	3728052	7140970030	36917434
GLOBAL	IV	5900001	5910000	0.00047628846486184	8891	3251776	6827324699	46716387
GLOBAL	IV	5910001	5920000	0.00069919069612254	9322	5002496	7154694746	52572266
GLOBAL	IV	5920001	5930000	0.00093389358462094	7981	5098844	5459769811	710708415
GLOBAL	IV	5930001	5940000	0.00067288198064704	9460	4865780	7231253236	82707924
GLOBAL	IV	5940001	5950000	0.00054863670070517	9300	3886376	7083696725	106561075
GLOBAL	IV	5950001	5960000	0.00059844934491875	9484	4361576	7288128957	44387707
GLOBAL	IV	5960001	5970000	0.00048591950508153	9630	3592764	7393743125	51652855
GLOBAL	IV	5970001	5980000	0.00056539760478052	9351	4050648	7164246834	65441412
GLOBAL	IV	5980001	5990000	0.00050909877378813	9452	3696832	7261522106	46253886
GLOBAL	IV	5990001	6000000	0.00020583859650304	9101	1438616	6989048820	47352926
GLOBAL	IV	6000001	6010000	0.00044569730189816	9344	3190640	7158759962	65516262
GLOBAL	IV	6010001	6020000	0.00046223169387977	9579	3403788	7363813527	42152007
GLOBAL	IV	6020001	6030000	0.00056420670877278	9456	4045536	7170308217	140560359
GLOBAL	IV	6030001	6040000	0.0060000842239943	9199	42188380	7031297966	80872088
GLOBAL	IV	6040001	6050000	0.0063921714069695	9264	45489624	7116458728	45965816
GLOBAL	IV	6050001	6060000	0.006461222645721	9216	45824264	7092197021	33116515
GLOBAL	IV	6060001	6070000	0.013640163634152	9389	98036400	7187333131	71734663
GLOBAL	IV	6070001	6080000	0.013231257616868	8677	86286952	6521447507	187140335
GLOBAL	IV	6080001	6090000	0.0041114611807907	9499	29941536	7282456208	61657646
GLOBAL	IV	6090001	6100000	0.004823748643117	9328	33704108	6987119457	224786431
GLOBAL	IV	6100001	6110000	0.0030750555126987	9157	21626160	7032770599	46927323
GLOBAL	IV	6110001	6120000	0.0050854850606422	9138	35742880	7028411169	36596979
GLOBAL	IV	6120001	6130000	0.003422321249658	9540	25071332	7325826587	49986253
GLOBAL	IV	6130001	6140000	0.0035281956982161	9337	25306904	7172760857	46103345
GLOBAL	IV	6140001	6150000	0.011871055887882	9421	85855716	7232357156	51451310
GLOBAL	IV	6150001	6160000	0.011218421315817	8945	74269636	6620328646	295462324
GLOBAL	IV	6160001	6170000	0.0028966048976024	9490	21093712	7282219269	54936271
GLOBAL	IV	6170001	6180000	0.0009555174118851	9642	7088344	7418330542	36343190
GLOBAL	IV	6180001	6190000	0.0011087360594534	7514	6017036	5426932721	469851821
GLOBAL	IV	6190001	6200000	0.00071243649122647	4540	443500	622511628	2913858176
GLOBAL	IV	6200001	6210000	0.001344292997538	9280	9494012	7062457379	112337501
GLOBAL	IV	6210001	6220000	0.0069277559067402	9233	48981764	7070365160	68091858
GLOBAL	IV	6220001	6230000	0.0059909576115154	9251	41299140	6893579070	258794576
GLOBAL	IV	6230001	6240000	0.010823636559882	9039	73370256	6778706546	209760148
GLOBAL	IV	6240001	6250000	0.00041789009394473	8774	2699020	6458683848	337269492
GLOBAL	IV	6250001	6260000	0.00030234290646743	9359	2171672	7182811151	53062263
GLOBAL	IV	6260001	6270000	0.00071863711809002	9445	5206284	7244663362	57700608
GLOBAL	IV	6270001	6280000	0.00026011078915698	9151	1823740	7011396974	63662072
GLOBAL	IV	6280001	6290000	0.00017330835953196	9384	1247408	7197621646	57580418
GLOBAL	IV	6290001	6300000	0.00037309763738846	9401	2690788	7212021011	56324535
GLOBAL	IV	6300001	6310000	0.00022606584415895	9622	1672376	7397738505	41472307
GLOBAL	IV	6310001	6320000	0.00025156800941481	9719	1870016	7433441177	80764797
GLOBAL	IV	6320001	6330000	0.00013726004876975	8679	892436	6501789909	208344225
GLOBAL	IV	6330001	6340000	0.00036454710181902	9460	2550196	6995518514	318442646
GLOBAL	IV	6340001	6350000	0.00085478031041118	9135	5341716	6249226772	813461938
GLOBAL	IV	6350001	6360000	0.00061276735237421	9487	4367344	7127246553	207589549
GLOBAL	IV	6360001	6370000	0.00045640436747122	9270	3238568	7095830432	71232988
GLOBAL	IV	6370001	6380000	0.00022715776820761	9175	1589432	6997040042	96574508
GLOBAL	IV	6380001	6390000	0.0003051927496479	8828	1945620	6375053150	474247264
GLOBAL	IV	6390001	6400000	0.00049348321495311	9378	3543604	7180799453	69763735
GLOBAL	IV	6400001	6410000	0.00040389256523027	9477	2933500	7263070065	64034577
GLOBAL	IV	6410001	6420000	0.000140692210673	9128	983848	6992910235	64366453
GLOBAL	IV	6420001	6430000	0.00018411716768008	9673	1364824	7412801409	65839849
GLOBAL	IV	6430001	6440000	0.00038944567780973	9303	2782388	7144482937	48094301
GLOBAL	IV	6440001	6450000	0.00020767801332525	9643	1531324	7373548964	81897914
GLOBAL	IV	6450001	6460000	0.00067828639924783	9127	4374244	6448963159	607540383
GLOBAL	IV	6460001	6470000	0.00027539823416382	9655	2044820	7424956831	39767799
GLOBAL	IV	6470001	6480000	0.00033981448039608	9342	2441592	7185073447	37656485
GLOBAL	IV	6480001	6490000	0.00051199405541613	9294	3651996	7132887504	52731420
GLOBAL	IV	6490001	6500000	0.00021489248411366	9546	1578872	7347264873	33186843
GLOBAL	IV	6500001	6510000	0.00041242628456996	9369	2956460	7168456790	75148084
GLOBAL	IV	6510001	6520000	0.00029009344691398	9706	2165944	7466366521	37788555
GLOBAL	IV	6520001	6530000	0.00032570202009497	9516	2380804	7309761233	47496103
GLOBAL	IV	6530001	6540000	0.00022966170470539	9733	1711956	7454251035	70778983
GLOBAL	IV	6540001	6550000	0.0002928998287571	9540	2152096	7347549533	28263307
GLOBAL	IV	6550001	6560000	0.00030383462231332	9604	2241952	7378856244	46437940
GLOBAL	IV	6560001	6570000	0.00026640218991283	9382	1905744	7153634888	100020884
GLOBAL	IV	6570001	6580000	0.00024403303977838	9483	1777208	7282653208	49090310
GLOBAL	IV	6580001	6590000	0.00030142197908689	9565	2214312	7346219432	48922058
GLOBAL	IV	6590001	6600000	0.00027064832310536	9445	1954188	7220395743	81968227
GLOBAL	IV	6600001	6610000	0.00042038313117952	9420	3026472	7199318373	83716947
GLOBAL	IV	6610001	6620000	0.00033129316757518	9129	2270564	6853639683	204410151
GLOBAL	IV	6620001	6630000	0.00029661571823988	9273	2092360	7054110323	115272535
GLOBAL	IV	6630001	6640000	0.00043719194374426	9233	3087012	7060999280	77457738
GLOBAL	IV	6640001	6650000	0.00023119766807197	9497	1686500	7294623748	47943814
GLOBAL	IV	6650001	6660000	0.00030529562029166	9221	2150884	7045250102	83929164
GLOBAL	IV	6660001	6670000	0.00022074811633639	9261	1571888	7120731203	39373903
GLOBAL	IV	6670001	6680000	0.0004273776636263	9623	3162076	7398786294	41197664
GLOBAL	IV	6680001	6690000	0.0002078361344239	9349	1487512	7157138503	71003451
GLOBAL	IV	6690001	6700000	0.00026896914516471	9454	1954320	7265963532	43358752
GLOBAL	IV	6700001	6710000	0.00015114238596677	9336	1077700	7130362493	87728563
GLOBAL	IV	6710001	6720000	0.00028710282853371	9291	2053188	7151402898	31896588
GLOBAL	IV	6720001	6730000	0.00026161015836469	9545	1922452	7348537274	31141296
GLOBAL	IV	6730001	6740000	0.00021374793513495	9215	1511472	7071282345	53258045
GLOBAL	IV	6740001	6750000	0.00017735202394708	9085	1240648	6995398036	28633374
GLOBAL	IV	6750001	6760000	0.00035669209197637	9164	2501264	7012389835	72720109
GLOBAL	IV	6760001	6770000	0.00032754964891299	9327	2337988	7137812566	73320176
GLOBAL	IV	6770001	6780000	0.0002009223261579	9701	1498796	7459579175	40710171
GLOBAL	IV	6780001	6790000	0.00025689298586411	9418	1858160	7233206441	48282587
GLOBAL	IV	6790001	6800000	0.00040356285144344	9055	2800440	6939290844	61546186
GLOBAL	IV	6800001	6810000	0.00035431473566014	9558	2586516	7300052015	89677453
GLOBAL	IV	6810001	6820000	0.00021181345437228	9636	1570188	7413070169	36964687
GLOBAL	IV	6820001	6830000	0.00026530786398903	9679	1978312	7456665514	26614620
GLOBAL	IV	6830001	6840000	0.00011078399600369	9612	819620	7398361041	33118311
GLOBAL	IV	6840001	6850000	0.00028006400246934	9383	2017732	7204538899	49890019
GLOBAL	IV	6850001	6860000	0.00025760890706281	9681	1914452	7431621918	53204508
GLOBAL	IV	6860001	6870000	0.00028955460319738	9856	2198020	7591038014	29088962
GLOBAL	IV	6870001	6880000	0.00032617468150323	9801	2452292	7518339525	59264421
GLOBAL	IV	6880001	6890000	0.00032416242026208	9178	2274216	7015668251	80265737
GLOBAL	IV	6890001	6900000	0.00031548844038167	8901	2158704	6842418687	39353859
GLOBAL	IV	6900001	6910000	0.00028615911193041	9262	2018556	7053963742	106914510
GLOBAL	IV	6910001	6920000	0.00038937527433777	9287	2764324	7099382478	80824424
GLOBAL	IV	6920001	6930000	0.00022649903284301	9471	1651068	7289514570	32951196
GLOBAL	IV	6930001	6940000	0.000149490592892	9710	1118464	7481835334	25412326
GLOBAL	IV	6940001	6950000	0.00025629058076349	9696	1912972	7464074545	32349071
GLOBAL	IV	6950001	6960000	0.00031720790050411	9202	2107032	6642432287	472057205
GLOBAL	IV	6960001	6970000	0.00039314041510519	9352	2660840	6768167041	468479519
GLOBAL	IV	6970001	6980000	0.00025442067080656	9369	1830372	7194273933	49330941
GLOBAL	IV	6980001	6990000	0.00030713380179814	9703	2294732	7471440742	30394896
GLOBAL	IV	6990001	7000000	0.00036745166773369	9691	2736968	7448511574	44046312
GLOBAL	IV	7000001	7010000	0.00026751181314263	9315	1915004	7158577326	43277664
GLOBAL	IV	7010001	7020000	0.00016887601297509	9743	1267364	7504701098	28060380
GLOBAL	IV	7020001	7030000	0.00041154394807611	9378	2964892	7204314421	46248767
GLOBAL	IV	7030001	7040000	0.00034639328607065	9384	2495776	7205035722	50166342
GLOBAL	IV	7040001	7050000	0.00034076703962844	9781	2567308	7533909391	28231635
GLOBAL	IV	7050001	7060000	0.0002656198122227	8998	1778872	6697060679	279808825
GLOBAL	IV	7060001	7070000	0.00046766905795697	9638	3457052	7392090499	59490649
GLOBAL	IV	7070001	7080000	0.00036878438335152	9468	2663568	7222561801	97584527
GLOBAL	IV	7080001	7090000	0.0010810382970584	9222	7649092	7075690122	54262290
GLOBAL	IV	7090001	7100000	0.00079877564442867	9601	5881688	7363379243	59595503
GLOBAL	IV	7100001	7110000	0.00060963575100693	9696	4540856	7448473933	47949683
GLOBAL	IV	7110001	7120000	0.00019883349635607	9574	1464980	7367873255	34226549
GLOBAL	IV	7120001	7130000	0.000213951619317	9799	1612200	7535348436	40709218
GLOBAL	IV	7130001	7140000	0.00018672920342073	9510	1361536	7291500071	61118389
GLOBAL	IV	7140001	7150000	0.00027632184615011	9502	2010656	7276500313	69932979
GLOBAL	IV	7150001	7160000	0.00017746106696255	9288	1264188	7123748446	57231602
GLOBAL	IV	7160001	7170000	0.0002864866892596	9726	2137724	7461861511	57756485
GLOBAL	IV	7170001	7180000	0.0003106262198033	9708	2313712	7448540569	57160799
GLOBAL	IV	7180001	7190000	0.00028501864942436	9397	2044148	7171979813	93273149
GLOBAL	IV	7190001	7200000	0.00027363942435291	9636	2028396	7412659944	37374912
GLOBAL	IV	7200001	7210000	0.00014629845508703	9653	1085516	7419873295	43305043
GLOBAL	IV	7210001	7220000	0.0002802437620936	9461	2035856	7264589887	50144419
GLOBAL	IV	7220001	7230000	0.00031912143521385	9628	2357760	7388284646	55565042
GLOBAL	IV	7230001	7240000	0.00017089033965349	9813	1292232	7561761552	25120146
GLOBAL	IV	7240001	7250000	0.00023270365518674	9081	1622964	6974381209	46557617
GLOBAL	IV	7250001	7260000	0.00016803376446594	9069	1168796	6955721094	55939980
GLOBAL	IV	7260001	7270000	0.00029076757911901	9509	2124780	7307485953	44359361
GLOBAL	IV	7270001	7280000	0.00020653103672247	9387	1490948	7219002159	38519343
GLOBAL	IV	7280001	7290000	0.00014156477571191	9665	1053068	7438771366	33684724
GLOBAL	IV	7290001	7300000	0.0002294221240836	9194	1576588	6871996353	236307971
GLOBAL	IV	7300001	7310000	0.0001952925829944	9524	1421888	7280809021	82633483
GLOBAL	IV	7310001	7320000	0.00015203974299275	9185	1072588	7054655440	46690570
GLOBAL	IV	7320001	7330000	0.00014806810526313	8994	1001884	6766372800	187302324
GLOBAL	IV	7330001	7340000	0.00033163395775427	9707	2469580	7446704242	58223980
GLOBAL	IV	7340001	7350000	0.00024296865663325	9399	1755128	7223680718	43118536
GLOBAL	IV	7350001	7360000	0.00029313207809462	9639	2171692	7408578461	43775833
GLOBAL	IV	7360001	7370000	0.00023328470680692	9439	1688508	7237971246	59753848
GLOBAL	IV	7370001	7380000	0.00014218250055254	9239	1002704	7052232139	90863755
GLOBAL	IV	7380001	7390000	0.00025642155289045	9521	1866908	7280620443	80502623
GLOBAL	IV	7390001	7400000	0.00020078423780735	8988	1377608	6861136188	87900060
GLOBAL	IV	7400001	7410000	0.00034693359417156	9744	2590436	7466662334	66872290
GLOBAL	IV	7410001	7420000	0.00011230692245943	9250	795948	7087256801	64343699
GLOBAL	IV	7420001	7430000	0.00020226557959103	9189	1424836	7044381960	60056634
GLOBAL	IV	7430001	7440000	0.00024337852899182	9280	1736264	7134006468	40788412
GLOBAL	IV	7440001	7450000	0.00032043092906291	9443	2320392	7241473246	59344432
GLOBAL	IV	7450001	7460000	0.00021395808135877	9733	1601012	7482830234	42199784
GLOBAL	IV	7460001	7470000	0.00031944205700402	9574	2354356	7370212996	31886808
GLOBAL	IV	7470001	7480000	0.00022660598609236	9480	1651416	7287609778	41814302
GLOBAL	IV	7480001	7490000	0.00018189920009132	9431	1314268	7225254423	66285503
GLOBAL	IV	7490001	7500000	0.00022115126351556	9698	1649776	7459943813	38026095
GLOBAL	IV	7500001	7510000	0.00010142392733417	9488	741084	7306796527	28812721
GLOBAL	IV	7510001	7520000	0.00019404509748973	9493	1416608	7300406031	39068947
GLOBAL	IV	7520001	7530000	0.00032287349395797	9548	2352588	7286407971	95590037
GLOBAL	IV	7530001	7540000	0.00021828258779718	9628	1613400	7391336232	52513456
GLOBAL	IV	7540001	7550000	0.00017362466957441	9400	1256468	7236690518	30881882
GLOBAL	IV	7550001	7560000	0.00022950807318958	9443	1653520	7204626735	96190943
GLOBAL	IV	7560001	7570000	0.00022907331036071	9472	1665756	7271715755	51523157
GLOBAL	IV	7570001	7580000	0.00040170862686037	9447	2916368	7259908812	44001450
GLOBAL	IV	7580001	7590000	0.00052362663884887	9703	3891120	7431096341	70739297
GLOBAL	IV	7590001	7600000	0.00090503875959304	9441	6572048	7261620489	37650897
GLOBAL	IV	7600001	7610000	0.00071944293893409	9593	5287244	7349080398	67709180
GLOBAL	IV	7610001	7620000	0.00091477713730614	9625	6757364	7386896463	54633787
GLOBAL	IV	7620001	7630000	0.001430128314515	9569	10509048	7348325247	49908827
GLOBAL	IV	7630001	7640000	0.0015590946149821	9484	11333204	7269093159	63423505
GLOBAL	IV	7640001	7650000	0.0015350999284671	9689	11353668	7396044902	94966692
GLOBAL	IV	7650001	7660000	0.0010738933967785	9068	7442804	6930673028	80214900
GLOBAL	IV	7660001	7670000	0.0012461739144454	9251	8816592	7074929027	77444619
GLOBAL	IV	7670001	7680000	0.00065192538823759	8959	4482916	6876424942	50190072
GLOBAL	IV	7680001	7690000	0.0014855134794277	9298	10595272	7132397078	56314430
GLOBAL	IV	7690001	7700000	0.0014921224948292	9670	11084116	7428422290	47899530
GLOBAL	IV	7700001	7710000	0.00068935976998644	9173	4860076	7050130007	41938251
GLOBAL	IV	7710001	7720000	0.00073241210625621	9578	5385940	7353701494	51490894
GLOBAL	IV	7720001	7730000	0.00057693292165169	9665	4292236	7439748780	32707310
GLOBAL	IV	7730001	7740000	0.001264617719817	9125	8831456	6983498540	71458710
GLOBAL	IV	7740001	7750000	0.0013743378030697	9589	10121320	7364506730	49190264
GLOBAL	IV	7750001	7760000	0.00096523024977835	9077	6722448	6964605597	53240645
GLOBAL	IV	7760001	7770000	0.0010738737265044	5405	3801976	3540431157	660071061
GLOBAL	IV	7770001	7780000	0.00073680252115717	9440	5333132	7238210846	60287394
GLOBAL	IV	7780001	7790000	0.00082353785256995	9310	5904412	7169569658	28419602
GLOBAL	IV	7790001	7800000	0.00078895327887039	9623	5837412	7398932429	41051529
GLOBAL	IV	7800001	7810000	0.00049429703723674	9729	3685460	7455962149	65975285
GLOBAL	IV	7810001	7820000	0.00064766326995262	9448	4705616	7265528583	39154825
GLOBAL	IV	7820001	7830000	0.00098245067005864	9269	6950208	7074358247	91932027
GLOBAL	IV	7830001	7840000	0.0010266607420743	9363	7358788	7167692012	71273986
GLOBAL	IV	7840001	7850000	0.00074311295902645	5457	2643736	3557650244	676870398
GLOBAL	IV	7850001	7860000	0.00059253738139237	9574	4347280	7336718554	65381250
GLOBAL	IV	7860001	7870000	0.00079267718193153	9702	5917572	7465298781	35763711
GLOBAL	IV	7870001	7880000	0.0006385966476365	9557	4686056	7338052928	50903394
GLOBAL	IV	7880001	7890000	0.00077803006959886	9564	5728720	7363108733	31259611
GLOBAL	IV	7890001	7900000	0.00042444512991653	9703	3167620	7462967005	38868633
GLOBAL	IV	7900001	7910000	0.0010542004123936	9144	7398816	7018415012	51232012
GLOBAL	IV	7910001	7920000	0.0015062415346963	9307	10721396	7117979257	77690565
GLOBAL	IV	7920001	7930000	0.00049460946082884	8968	3133256	6334808062	622732792
GLOBAL	IV	7930001	7940000	0.00033554172496917	9067	2205032	6571558277	454019425
GLOBAL	IV	7940001	7950000	0.00031776581890709	9676	2365204	7443229760	37730936
GLOBAL	IV	7950001	7960000	0.00058269523318501	9288	4143940	7111676506	69303542
GLOBAL	IV	7960001	7970000	0.00099259573901567	9198	6993140	7045305279	66091629
GLOBAL	IV	7970001	7980000	0.000201826868206	9382	1443304	7151198514	102457258
GLOBAL	IV	7980001	7990000	0.00017103919317658	9611	1263892	7389487617	41218589
GLOBAL	IV	7990001	8000000	0.00025347804818068	9653	1874636	7395654233	67524105
GLOBAL	IV	8000001	8010000	0.00037238621643563	9439	2692352	7229999074	67726020
GLOBAL	IV	8010001	8020000	0.0002397631791566	9366	1722356	7183571748	57713688
GLOBAL	IV	8020001	8030000	0.00032149673388956	9373	2307652	7177839638	68857820
GLOBAL	IV	8030001	8040000	0.00016755496151098	9398	1185812	7077152412	188873696
GLOBAL	IV	8040001	8050000	0.00028168669639546	9306	2004736	7116899824	77996852
GLOBAL	IV	8050001	8060000	0.00037391848037068	9381	2691636	7198456726	54425900
GLOBAL	IV	8060001	8070000	0.00020150455958128	9499	1469668	7293472679	50641175
GLOBAL	IV	8070001	8080000	0.00028107635652843	9535	2054848	7310639804	61307306
GLOBAL	IV	8080001	8090000	0.00019607323439597	9438	1418304	7233542122	63409826
GLOBAL	IV	8090001	8100000	0.00033913405266099	9173	2378560	7013627742	78440516
GLOBAL	IV	8100001	8110000	0.00020322763143896	9490	1473484	7250411716	86743824
GLOBAL	IV	8110001	8120000	0.00030022706869399	9442	2161188	7198511478	101533054
GLOBAL	IV	8120001	8130000	0.00032521471546535	9584	2371056	7290740201	119091063
GLOBAL	IV	8130001	8140000	0.00027309161319529	8894	1824600	6681274385	195086139
GLOBAL	IV	8140001	8150000	9.1108567174115e-05	8796	578856	6353474958	447117258
GLOBAL	IV	8150001	8160000	0.00023464074050968	3485	245268	1045291621	1871788237
GLOBAL	IV	8160001	8170000	2.2432236374538e-05	1623	7532	335766790	936831526
GLOBAL	IV	8170001	8180000	3.8983251488915e-05	1415	10696	274374240	835863416
GLOBAL	IV	8180001	8190000	2.0144195573537e-05	2413	5016	249004731	1703188919
GLOBAL	IV	8190001	8200000	0.0002020424855633	7260	953544	4719522220	894290886
GLOBAL	IV	8200001	8210000	0.00014679826485741	9227	1018976	6941335451	192482691
GLOBAL	IV	8210001	8220000	0.00031565293638734	9498	2283568	7234426602	108914106
GLOBAL	IV	8220001	8230000	0.00083242901077874	9017	5726524	6879294121	92163361
GLOBAL	IV	8230001	8240000	0.0014012794654935	9363	10033432	7160193414	78772584
GLOBAL	IV	8240001	8250000	0.0012966145392284	9563	9499024	7326019964	67575234
GLOBAL	IV	8250001	8260000	0.0012672311262368	9377	9105560	7185398000	64392042
GLOBAL	IV	8260001	8270000	0.0014262449028419	9308	10094144	7077426871	119016097
GLOBAL	IV	8270001	8280000	0.0012014461153511	9357	8609132	7165641380	68685742
GLOBAL	IV	8280001	8290000	0.00036655351725817	9502	2671740	7288812886	57620406
GLOBAL	IV	8290001	8300000	0.0016839178482722	9330	12029540	7143780804	69671376
GLOBAL	IV	8300001	8310000	0.0014484064315101	9509	10576156	7301925599	49919715
GLOBAL	IV	8310001	8320000	0.0014739712991768	9208	10411456	7063540522	55587846
GLOBAL	IV	8320001	8330000	0.0021845675451923	9334	15632076	7155684444	60860320
GLOBAL	IV	8330001	8340000	0.0016718448222984	9401	12030144	7195730034	72615512
GLOBAL	IV	8340001	8350000	0.0014681050299331	9281	9948772	6776607802	398960224
GLOBAL	IV	8350001	8360000	0.0018189842728104	9413	13143212	7225577591	52045707
GLOBAL	IV	8360001	8370000	0.0017490674785902	9535	12780748	7307178343	64768767
GLOBAL	IV	8370001	8380000	0.0010326210378067	8569	6796632	6581922846	43165228
GLOBAL	IV	8380001	8390000	0.0015591463233775	7770	8203764	5261702431	746415135
GLOBAL	IV	8390001	8400000	0.0018483814990381	9344	13266488	7177353813	46922411
GLOBAL	IV	8400001	8410000	0.0011030016805516	9243	7826072	7095249389	50939089
GLOBAL	IV	8410001	8420000	0.0016925321191467	9188	11879144	7018563409	85102039
GLOBAL	IV	8420001	8430000	0.0013416043277862	8914	9150236	6820368577	71454867
GLOBAL	IV	8430001	8440000	0.0009955075827902	9519	7294192	7327108428	32468346
GLOBAL	IV	8440001	8450000	0.00082045325954349	9484	5975028	7282594018	49922646
GLOBAL	IV	8450001	8460000	0.0015037818492208	8967	10189136	6775674281	157125901
GLOBAL	IV	8460001	8470000	0.00034813796986837	9204	2458724	7062498816	53536968
GLOBAL	IV	8470001	8480000	0.00035103081895609	9496	2548976	7261402311	80392105
GLOBAL	IV	8480001	8490000	0.00042157717431315	9627	3116072	7391462797	51613745
GLOBAL	IV	8490001	8500000	0.00096275489286766	9472	6979192	7249188814	74050098
GLOBAL	IV	8500001	8510000	0.00053257464218843	9084	3708592	6963515921	59742343
GLOBAL	IV	8510001	8520000	0.00068096600605878	9268	4807656	7060052862	105464266
GLOBAL	IV	8520001	8530000	0.0017936091705043	9092	12502640	6970660167	58783265
GLOBAL	IV	8530001	8540000	0.0010930501892439	9157	7696508	7041312536	38385386
GLOBAL	IV	8540001	8550000	0.00042005690600093	9396	3030480	7214451082	50028734
GLOBAL	IV	8550001	8560000	0.00060787108901125	9702	4535244	7460864782	40197710
GLOBAL	IV	8560001	8570000	0.0017490171071239	9112	12150936	6947293969	97612383
GLOBAL	IV	8570001	8580000	0.00069239391656305	8881	4710556	6803289121	63020505
GLOBAL	IV	8580001	8590000	0.0011923713217879	8818	8028284	6733040164	84561264
GLOBAL	IV	8590001	8600000	0.0014438282205107	9477	10460704	7245116733	81987909
GLOBAL	IV	8600001	8610000	0.0017760178582997	9223	12510896	7044352590	86372968
GLOBAL	IV	8610001	8620000	0.0012707743253985	9291	9029184	7105261587	78037899
GLOBAL	IV	8620001	8630000	0.0016660345568816	9166	11712596	7030223924	56432312
GLOBAL	IV	8630001	8640000	0.0018889820583007	9393	13615992	7208110813	54049565
GLOBAL	IV	8640001	8650000	0.0013937963054681	9532	10169464	7296234005	73393667
GLOBAL	IV	8650001	8660000	0.00087150392640895	9598	6420212	7366819363	53835945
GLOBAL	IV	8660001	8670000	0.00087353202847513	9354	6267064	7174395209	57612475
GLOBAL	IV	8670001	8680000	0.0014553588838422	9530	10660540	7325024857	43056523
GLOBAL	IV	8680001	8690000	0.0014078855528593	9363	10096476	7171375528	67590470
GLOBAL	IV	8690001	8700000	0.0011974402060416	9227	8441944	7049992106	83826036
GLOBAL	IV	8700001	8710000	0.0012629652984421	9357	9040700	7158312276	76014846
GLOBAL	IV	8710001	8720000	0.0017514606704017	8931	11923332	6807650438	97316488
GLOBAL	IV	8720001	8730000	0.00026837516952971	9359	1914060	7132030893	103842521
GLOBAL	IV	8730001	8740000	0.00035570418845694	9623	2621480	7369831689	70152269
GLOBAL	IV	8740001	8750000	0.00035506240890465	7942	2004588	5645734242	542526342
GLOBAL	IV	8750001	8760000	0.00024622972919268	9603	1816112	7375681263	48839775
GLOBAL	IV	8760001	8770000	0.00031052207591829	6543	1272256	4097151535	961542743
GLOBAL	IV	8770001	8780000	0.00023132053094484	9217	1633680	7062408137	63678545
GLOBAL	IV	8780001	8790000	0.00030702763329785	9417	2215844	7217083284	63632598
GLOBAL	IV	8790001	8800000	0.00033546606933534	9605	2463220	7342680006	83387324
GLOBAL	IV	8800001	8810000	0.00020552043881712	9329	1467532	7140564746	72114288
GLOBAL	IV	8810001	8820000	0.00022105467729283	9213	1565324	7081162087	41832011
GLOBAL	IV	8820001	8830000	9.4873130054483e-05	8949	650704	6858675366	60208188
GLOBAL	IV	8830001	8840000	0.00015253022454526	9536	1112112	7291092656	81627600
GLOBAL	IV	8840001	8850000	0.00061299687977551	8003	2443472	3986108381	2222253999
GLOBAL	IV	8850001	8860000	0.00033401916707734	9196	2350944	7038350585	71500031
GLOBAL	IV	8860001	8870000	0.00035288226457943	9469	2556268	7243968475	76950999
GLOBAL	IV	8870001	8880000	0.00036925217557496	9135	2481412	6720101232	358823544
GLOBAL	IV	8880001	8890000	0.00036279433433541	9562	2661068	7334921602	57900450
GLOBAL	IV	8890001	8900000	0.00062567354568407	9407	4322488	6908535657	364448765
GLOBAL	IV	8900001	8910000	0.00044654050279913	9495	3249224	7276437366	64583904
GLOBAL	IV	8910001	8920000	0.00034629706220446	9545	2531548	7310336345	69342225
GLOBAL	IV	8920001	8930000	0.00054432602280364	9525	3946112	7249537657	114677993
GLOBAL	IV	8930001	8940000	0.0004758496942212	9355	3407600	7161084774	71696056
GLOBAL	IV	8940001	8950000	0.00033563299488835	9547	2466036	7347418274	33806588
GLOBAL	IV	8950001	8960000	0.0002586978487742	9461	1880088	7267505350	47228956
GLOBAL	IV	8960001	8970000	0.00034800369982018	9265	2470648	7099487739	63709951
GLOBAL	IV	8970001	8980000	0.00057917755698318	9631	4277632	7385700548	60468578
GLOBAL	IV	8980001	8990000	0.00076127169447407	9723	5688712	7472643527	44655031
GLOBAL	IV	8990001	9000000	0.00041605279072879	9376	2994708	7197903888	51113008
GLOBAL	IV	9000001	9010000	0.00048016969907514	9273	3411720	7105238016	64144842
GLOBAL	IV	9010001	9020000	0.00037280279561376	9449	2701848	7247392004	58064550
GLOBAL	IV	9020001	9030000	0.00043482826869161	8955	2986804	6868927839	54594591
GLOBAL	IV	9030001	9040000	0.00024267079956621	9700	1806404	7443845750	55670450
GLOBAL	IV	9040001	9050000	0.00084337610209601	9398	6078960	7207887424	58138684
GLOBAL	IV	9050001	9060000	0.0022661656203328	9412	16354320	7216736435	60113717
GLOBAL	IV	9060001	9070000	0.0018457436593127	8915	12577500	6814326538	78270052
GLOBAL	IV	9070001	9080000	0.0017184109547327	9181	12073956	7026233141	72020285
GLOBAL	IV	9080001	9090000	0.0025397871476621	9534	18595660	7321739547	49434417
GLOBAL	IV	9090001	9100000	0.0026539435820852	8993	18043528	6798760954	154141024
GLOBAL	IV	9100001	9110000	0.0016726929085728	8995	11537644	6897646269	56802001
GLOBAL	IV	9110001	9120000	0.0019689574359507	9241	13937668	7078704570	65937616
GLOBAL	IV	9120001	9130000	0.0017862911714736	9575	12982824	7268033458	134839492
GLOBAL	IV	9130001	9140000	0.0013917307657438	9428	10082496	7244573626	44646862
GLOBAL	IV	9140001	9150000	0.00099826339227758	9746	7488508	7501535224	33545692
GLOBAL	IV	9150001	9160000	0.0020233055146249	9639	15003056	7415121390	37232904
GLOBAL	IV	9160001	9170000	0.0024466795326595	9342	17439140	7127676415	95053517
GLOBAL	IV	9170001	9180000	0.0018289466255711	9172	12910628	7059051270	32243842
GLOBAL	IV	9180001	9190000	0.0021513049951308	9311	15394000	7155656699	43105707
GLOBAL	IV	9190001	9200000	0.0020677826818603	8920	13854852	6700342411	199212493
GLOBAL	IV	9200001	9210000	0.00044531318278497	1183	110008	247035130	668369734
GLOBAL	IV	9210001	9220000	0.0017208372896767	5027	6406440	3722862143	163742799
GLOBAL	IV	9220001	9230000	0.0015641008566386	9180	10988620	7025518817	71961463
GLOBAL	IV	9230001	9240000	0.0011910067859	9520	8707272	7310850033	49499887
GLOBAL	IV	9240001	9250000	0.0018858028068787	9109	13206428	7003080042	39506872
GLOBAL	IV	9250001	9260000	0.0022361009992099	9149	15667372	7006558293	66954461
GLOBAL	IV	9260001	9270000	0.00059662107637564	9440	4323252	7246227415	52270825
GLOBAL	IV	9270001	9280000	0.00043846418904062	8826	2892132	6596050652	227735944
GLOBAL	IV	9280001	9290000	0.00042149475259298	9322	3015256	7153721325	53545687
GLOBAL	IV	9290001	9300000	0.00059886468092366	9154	4195156	7005181861	72196623
GLOBAL	IV	9300001	9310000	0.00056450771798952	9094	3888160	6887700338	143289386
GLOBAL	IV	9310001	9320000	0.00046679183073422	9337	3341512	7158462895	60401307
GLOBAL	IV	9320001	9330000	0.00032110490796884	9394	2316164	7213106815	49826709
GLOBAL	IV	9330001	9340000	0.00028169911332365	9592	2068840	7344148072	71868360
GLOBAL	IV	9340001	9350000	0.00054398971883823	9615	4001060	7355028710	78770080
GLOBAL	IV	9350001	9360000	0.00069435201854869	8766	4154636	5983472200	814027432
GLOBAL	IV	9360001	9370000	0.00044512972143003	9445	3222904	7240370267	61993703
GLOBAL	IV	9370001	9380000	0.00081669156253275	9582	5990172	7334680894	73604078
GLOBAL	IV	9380001	9390000	0.0010269192844128	6222	3190624	3106986156	1862796332
GLOBAL	IV	9390001	9400000	0.00032663051733263	6930	499272	1528552825	3925992205
GLOBAL	IV	9400001	9410000	0.00044465126791364	9513	3237100	7280087191	74850707
GLOBAL	IV	9410001	9420000	0.00036308226583539	9482	2640528	7272533661	58436711
GLOBAL	IV	9420001	9430000	0.00038985097374576	9613	2868708	7358473348	73779150
GLOBAL	IV	9430001	9440000	0.000519768514736	9408	3745592	7206269510	67488058
GLOBAL	IV	9440001	9450000	0.00033054759728303	9623	2443052	7390923486	49060472
GLOBAL	IV	9450001	9460000	0.00051798396759995	9356	3633964	7015591654	241156702
GLOBAL	IV	9460001	9470000	0.00031120689331646	9131	2139696	6875477523	187211187
GLOBAL	IV	9470001	9480000	0.00048553583759726	9192	3412936	7029215427	77542605
GLOBAL	IV	9480001	9490000	0.0004121916969963	8776	2235884	5424379036	1461259240
GLOBAL	IV	9490001	9500000	0.00034394337196875	8831	2134828	6206917109	654753641
GLOBAL	IV	9500001	9510000	0.00033019100516387	9589	2429692	7358443937	55253057
GLOBAL	IV	9510001	9520000	0.00026096725740259	9120	1807220	6925083315	126008205
GLOBAL	IV	9520001	9530000	0.00034215514922555	9411	2471040	7221986884	54090122
GLOBAL	IV	9530001	9540000	0.00034414877996993	9361	2437268	7082018423	155401283
GLOBAL	IV	9540001	9550000	0.00045035678081784	9678	3321680	7375663344	106843644
GLOBAL	IV	9550001	9560000	0.00053379925442478	9349	3814112	7145217923	82924031
GLOBAL	IV	9560001	9570000	0.0016467476227879	8594	8409748	5106883340	1537533384
GLOBAL	IV	9570001	9580000	0.00042658888785609	9220	2860452	6705406731	453152083
GLOBAL	IV	9580001	9590000	0.00059211770331628	9592	4254724	7185605119	230411313
GLOBAL	IV	9590001	9600000	0.00048217122959523	9180	3334064	6914688798	182791482
GLOBAL	IV	9600001	9610000	0.00034132005984202	8739	2210348	6475880735	377285409
GLOBAL	IV	9610001	9620000	0.00072322625832	9419	5180020	7162378219	119883955
GLOBAL	IV	9620001	9630000	0.00063730367687223	9435	4578872	7184756916	109875594
GLOBAL	IV	9630001	9640000	0.00038211776140082	5795	986128	2580691346	1907421184
GLOBAL	IV	9640001	9650000	0.00035658712098894	8986	2377812	6668249805	279240151
GLOBAL	IV	9650001	9660000	0.00080240013072519	9594	5854460	7296185252	121377472
GLOBAL	IV	9660001	9670000	0.00044560947128192	9579	3246360	7285213195	120752339
GLOBAL	IV	9670001	9680000	0.00029818854303083	8992	2041476	6846259012	105869820
GLOBAL	IV	9680001	9690000	0.00036821092573969	9423	2649316	7195104259	90250499
GLOBAL	IV	9690001	9700000	0.00057995789829427	9433	3829592	6603224150	689862068
GLOBAL	IV	9700001	9710000	0.00031809212215391	9183	2234616	7025059234	74740484
GLOBAL	IV	9710001	9720000	0.00039575431763494	9371	2797700	7069284845	175866321
GLOBAL	IV	9720001	9730000	0.00023637252749371	9587	1729300	7315994030	96156672
GLOBAL	IV	9730001	9740000	0.00053110733982942	9158	3574468	6730217664	350253404
GLOBAL	IV	9740001	9750000	0.00051411612840785	9024	3362776	6540887971	435981533
GLOBAL	IV	9750001	9760000	0.00043196753101884	9358	2839688	6573845940	676717248
GLOBAL	IV	9760001	9770000	0.00035162233518194	9564	2573936	7320172078	74196266
GLOBAL	IV	9770001	9780000	0.00052874168860969	9678	3931276	7435154225	47352763
GLOBAL	IV	9780001	9790000	0.00046904509155053	9284	3266948	6965104334	212783130
GLOBAL	IV	9790001	9800000	0.00045088380678778	9247	3136492	6956319905	192961157
GLOBAL	IV	9800001	9810000	0.00060026810551609	9385	4285188	7138790085	117185125
GLOBAL	IV	9810001	9820000	0.00043843776641994	9240	3076468	7016886399	126982641
GLOBAL	IV	9820001	9830000	0.00040258074778011	9535	2934476	7289161283	82785827
GLOBAL	IV	9830001	9840000	0.00088262148189174	5796	3289444	3726902265	770488017
GLOBAL	IV	9840001	9850000	0.00057418202910047	8123	2924816	5093882866	1227358830
GLOBAL	IV	9850001	9860000	0.00094250200447764	9483	6845408	7263016914	68726604
GLOBAL	IV	9860001	9870000	0.000441560514552	9233	2963940	6712420840	426036178
GLOBAL	IV	9870001	9880000	0.00082034568533236	9495	5957804	7262552978	78468292
GLOBAL	IV	9880001	9890000	0.00033970603024273	9506	2468680	7267106793	82419083
GLOBAL	IV	9890001	9900000	0.00042395194075717	9093	2893192	6824339558	205877020
GLOBAL	IV	9900001	9910000	0.00068620761588991	9565	5020296	7316001577	79139913
GLOBAL	IV	9910001	9920000	0.00050567403224744	9584	3705292	7327431831	82399433
GLOBAL	IV	9920001	9930000	0.00067393608229606	6436	3215120	4770660133	233140779
GLOBAL	IV	9930001	9940000	0.00070166065282388	9362	4992076	7114658603	123534249
GLOBAL	IV	9940001	9950000	0.00066821345899473	9396	4784924	7160771660	103708156
GLOBAL	IV	9950001	9960000	0.00029277038073119	9321	2082204	7112071907	94421959
GLOBAL	IV	9960001	9970000	0.00056878819890209	9586	4154028	7303294984	108082572
GLOBAL	IV	9970001	9980000	0.00038015359946132	9193	2657800	6991384545	116146633
GLOBAL	IV	9980001	9990000	0.00062052156886869	9164	4329588	6977336836	107773108
GLOBAL	IV	9990001	10000000	0.00063914600720742	9382	4526444	7082018739	171637033
GLOBAL	IV	10000001	10010000	0.0010192605375922	8943	6559916	6435956027	480608089
GLOBAL	IV	10010001	10020000	0.00051750124573055	9504	3746888	7240345856	107633728
GLOBAL	IV	10020001	10030000	0.00094510918598264	9162	6092732	6446590606	636973046
GLOBAL	IV	10030001	10040000	0.00086831152922222	9400	6210168	7152004541	115567859
GLOBAL	IV	10040001	10050000	0.00060442619017852	9473	4353152	7202123387	121888671
GLOBAL	IV	10050001	10060000	0.00052884203880622	9573	3834636	7251004494	150322164
GLOBAL	IV	10060001	10070000	0.001088394890778	9154	7179396	6596315419	481063065
GLOBAL	IV	10070001	10080000	0.00082791438637678	6532	2932288	3541776841	1521556313
GLOBAL	IV	10080001	10090000	0.00094608403432029	2248	402932	425894514	1384040272
GLOBAL	IV	10090001	10100000	0.0010766922477294	3833	2362976	2194662407	807463511
GLOBAL	IV	10100001	10110000	0.00048507633520249	9235	3360412	6927594187	212409123
GLOBAL	IV	10110001	10120000	0.00058150157475554	9476	4182856	7193198061	133133435
GLOBAL	IV	10120001	10130000	0.00076363280214476	9034	4963468	6499809838	484791126
GLOBAL	IV	10130001	10140000	0.00099553437237112	9114	6679200	6709160613	337292031
GLOBAL	IV	10140001	10150000	0.00087267968719431	9062	5875372	6732564177	273684875
GLOBAL	IV	10150001	10160000	0.0010571702167645	8934	6540788	6187071766	720214598
GLOBAL	IV	10160001	10170000	0.00081559380279446	9544	5859932	7184865775	194039649
GLOBAL	IV	10170001	10180000	0.00061604776310472	8863	3755136	6095527368	756865630
GLOBAL	IV	10180001	10190000	0.000690868325797	9666	5061560	7326374377	146854859
GLOBAL	IV	10190001	10200000	0.000809135989765	9421	5491512	6786883873	496924593
GLOBAL	IV	10200001	10210000	0.00074782990493268	9532	5414556	7240357686	129269986
GLOBAL	IV	10210001	10220000	0.00076761986953377	9244	5398252	7032454753	114506871
GLOBAL	IV	10220001	10230000	0.00056222079899212	9441	4042544	7190313854	108957532
GLOBAL	IV	10230001	10240000	0.0004157316512683	9107	2766872	6655427826	385612796
GLOBAL	IV	10240001	10250000	0.00063748828601473	9346	4547392	7133294995	92527521
GLOBAL	IV	10250001	10260000	0.00064535098906453	9617	4735760	7338270306	97074776
GLOBAL	IV	10260001	10270000	0.00061373830003544	9656	4527048	7376186234	89311542
GLOBAL	IV	10270001	10280000	0.0010636042416703	9213	7388552	6946711672	176282426
GLOBAL	IV	10280001	10290000	0.00039198488609748	9455	2808036	7163633343	146462087
GLOBAL	IV	10290001	10300000	0.00058144206812406	9320	3270184	5624264530	1583775628
GLOBAL	IV	10300001	10310000	0.00055396973302347	9350	3918160	7072877391	156037709
GLOBAL	IV	10310001	10320000	0.00062315516132818	8756	3590204	5761332366	1012199740
GLOBAL	IV	10320001	10330000	0.00057890267640646	8891	3246704	5608376213	1267211165
GLOBAL	IV	10330001	10340000	0.00058638928070735	7299	2569040	4381116921	1282177529
GLOBAL	IV	10340001	10350000	0.00059639925480201	7044	2730060	4577571112	918723802
GLOBAL	IV	10350001	10360000	0.00068082749605281	8936	4307100	6326272110	582560546
GLOBAL	IV	10360001	10370000	0.00062636005649795	9433	4501016	7185988240	107097978
GLOBAL	IV	10370001	10380000	0.00075397219347085	9196	5291960	7018773432	91077184
GLOBAL	IV	10380001	10390000	0.00073778165731452	9472	5311364	7199100096	124138816
GLOBAL	IV	10390001	10400000	0.00049827227198338	9416	3543920	7112416643	167526093
GLOBAL	IV	10400001	10410000	0.00045978411370092	9344	3210212	6981998517	253874897
GLOBAL	IV	10410001	10420000	0.00068438325347219	9384	4923856	7194588668	60613396
GLOBAL	IV	10420001	10430000	0.00062356513018097	9456	4512176	7236094165	74774411
GLOBAL	IV	10430001	10440000	0.00067341452597225	8569	3543312	5261710081	1387345519
GLOBAL	IV	10440001	10450000	0.00042448798353356	9334	2853708	6722706203	493838561
GLOBAL	IV	10450001	10460000	0.00046122082138519	8886	2998508	6501241620	385169802
GLOBAL	IV	10460001	10470000	0.00043115739858138	9226	2944920	6830266649	302778347
GLOBAL	IV	10470001	10480000	0.00069469450239366	9109	4816860	6933781660	108805254
GLOBAL	IV	10480001	10490000	0.00073167689278667	9108	5041244	6889986618	151827150
GLOBAL	IV	10490001	10500000	0.00024507569581748	7150	1085856	4430696387	1126677061
GLOBAL	IV	10500001	10510000	0.00078056455508591	9436	5561884	7125463184	169942472
GLOBAL	IV	10510001	10520000	0.00084211782703644	8760	4580068	5438749606	1334009354
GLOBAL	IV	10520001	10530000	0.00096389925400591	7334	4800332	4980117974	711782878
GLOBAL	IV	10530001	10540000	0.00075006771042423	6459	2895904	3860856773	1139851555
GLOBAL	IV	10540001	10550000	0.00074291959792978	9066	4592056	6181094176	828247460
GLOBAL	IV	10550001	10560000	0.0010560747557072	7065	3935724	3726747542	1735528948
GLOBAL	IV	10560001	10570000	0.00028447283061402	6060	123384	433728591	4390702449
GLOBAL	IV	10570001	10580000	0.00031933305330881	4056	151676	474977452	2755999682
GLOBAL	IV	10580001	10590000	0.00059785280799378	7009	2817504	4712705138	707821468
GLOBAL	IV	10590001	10600000	0.0010034434517957	9214	6936764	6912959557	210807687
GLOBAL	IV	10600001	10610000	0.00076227606662717	9233	5207092	6830979258	307477760
GLOBAL	IV	10610001	10620000	0.001609847185548	8971	10151440	6305840760	630052006
GLOBAL	IV	10620001	10630000	0.0013258380416962	8963	7988048	6024904814	904802784
GLOBAL	IV	10630001	10640000	0.00079823559358649	9275	5406512	6773078078	397851072
GLOBAL	IV	10640001	10650000	0.00091659911082895	8891	5471184	5969004263	905036823
GLOBAL	IV	10650001	10660000	0.0010358686710419	8915	6986644	6744719862	147876728
GLOBAL	IV	10660001	10670000	0.0011275281745252	9299	7939744	7041725590	147759064
GLOBAL	IV	10670001	10680000	0.0009806144631196	8493	6271888	6395875480	170453498
GLOBAL	IV	10680001	10690000	0.0016482400558197	8647	9613332	5832482936	852910526
GLOBAL	IV	10690001	10700000	0.00062815887229317	9233	4413056	7025381945	113075073
GLOBAL	IV	10700001	10710000	0.00063203500943227	9366	4519088	7150059621	91225815
GLOBAL	IV	10710001	10720000	0.0010229339046159	8793	6837272	6683982190	114290588
GLOBAL	IV	10720001	10730000	0.0012420836057963	9216	8660072	6972213432	153100104
GLOBAL	IV	10730001	10740000	0.0016897155137065	9317	11577316	6851636211	351765071
GLOBAL	IV	10740001	10750000	0.0012242548423956	8956	8244892	6734620697	189674879
GLOBAL	IV	10750001	10760000	0.00088953188876137	8793	5412804	6085002762	764297652
GLOBAL	IV	10760001	10770000	0.0011097527945607	8916	6772644	6102840230	790529506
GLOBAL	IV	10770001	10780000	0.0010637633040649	9133	7184884	6754213059	306929359
GLOBAL	IV	10780001	10790000	0.001040939133778	9434	7444140	7151369142	142490222
GLOBAL	IV	10790001	10800000	0.0010305272108698	8681	6726180	6526931001	184749425
GLOBAL	IV	10800001	10810000	0.00080019529942393	9231	5609588	7010273622	126637104
GLOBAL	IV	10810001	10820000	0.0011727957651897	9155	8099616	6906245947	171905683
GLOBAL	IV	10820001	10830000	0.0012804817142928	8738	8190124	6396127261	359622487
GLOBAL	IV	10830001	10840000	0.00087716030182624	8830	5796932	6608748695	218130485
GLOBAL	IV	10840001	10850000	0.00099219027730799	9495	7045532	7100988753	240032517
GLOBAL	IV	10850001	10860000	0.00093562815894742	9127	6324656	6759796549	296706993
GLOBAL	IV	10860001	10870000	0.0011164863022266	8540	5664860	5073828482	1529611504
GLOBAL	IV	10870001	10880000	0.0017726662890846	9079	11365988	6411803547	607588987
GLOBAL	IV	10880001	10890000	0.0008345189118958	9464	5941124	7119220326	197833418
GLOBAL	IV	10890001	10900000	0.00096784368531113	8919	6500932	6716923506	178765668
GLOBAL	IV	10900001	10910000	0.0010624539551621	9124	6609852	6221306785	846793947
GLOBAL	IV	10910001	10920000	0.0011308037251006	9199	7935172	7017284984	94885070
GLOBAL	IV	10920001	10930000	0.00075183493241486	9403	5338480	7100601169	169290669
GLOBAL	IV	10930001	10940000	0.00088021747801615	9257	5766588	6551321854	605690668
GLOBAL	IV	10940001	10950000	0.00082258046783307	9342	5832100	7090005450	132724482
GLOBAL	IV	10950001	10960000	0.0013304197024533	9325	9473020	7120324498	89261952
GLOBAL	IV	10960001	10970000	0.001653901246466	9559	12053028	7287634631	102867983
GLOBAL	IV	10970001	10980000	0.00074886682971668	9166	5230856	6985028302	101627934
GLOBAL	IV	10980001	10990000	0.00072906752403884	9284	4771424	6544557044	633330420
GLOBAL	IV	10990001	11000000	0.00067060787816149	9300	4520772	6741304639	448953161
GLOBAL	IV	11000001	11010000	0.00066700041649376	9342	4196940	6292259939	930469993
GLOBAL	IV	11010001	11020000	0.0005676755643202	8931	3582900	6311527614	593439312
GLOBAL	IV	11020001	11030000	0.00063865759759817	9526	4634048	7255919318	109069478
GLOBAL	IV	11030001	11040000	0.00089841037805434	9272	6329200	7044887453	123722259
GLOBAL	IV	11040001	11050000	0.00067641337738868	8811	4319780	6386301845	425887561
GLOBAL	IV	11050001	11060000	0.00088314906831127	9284	6172496	6989189279	188698185
GLOBAL	IV	11060001	11070000	0.00095756339392016	8665	5749120	6003905367	710094497
GLOBAL	IV	11070001	11080000	0.00085886140523174	6345	2906804	3384485532	1589162686
GLOBAL	IV	11080001	11090000	0.0011997912445637	9231	8379648	6984255001	152655725
GLOBAL	IV	11090001	11100000	0.0013911822505735	8928	8775012	6307593413	595054075
GLOBAL	IV	11100001	11110000	0.020934567167469	8441	90439416	4320099636	2206025750
GLOBAL	IV	11110001	11120000	0.0055154126558339	8837	35503608	6437162587	395128615
GLOBAL	IV	11120001	11130000	0.0019361560524644	9007	12927200	6676734545	286991477
GLOBAL	IV	11130001	11140000	0.00080786180142251	9529	5765340	7136542401	230765833
GLOBAL	IV	11140001	11150000	0.00069695993166089	9622	5041276	7233236476	205974336
GLOBAL	IV	11150001	11160000	0.00047088035196008	9436	3306616	7022199984	273205672
GLOBAL	IV	11160001	11170000	0.00053458907713605	9498	3878904	7255860933	87479775
GLOBAL	IV	11170001	11180000	0.00048040419950708	9190	3347444	6967974059	137237681
GLOBAL	IV	11180001	11190000	0.00099304432636297	9491	7167412	7217615377	120313309
GLOBAL	IV	11190001	11200000	0.00069757248566329	9376	4999404	7166859506	82157390
GLOBAL	IV	11200001	11210000	0.00073781282406036	9359	5270172	7142966113	92907301
GLOBAL	IV	11210001	11220000	0.0011372052760853	9195	6165500	5421624512	1687452958
GLOBAL	IV	11220001	11230000	0.0012084433383879	8794	5441796	4503145350	2295900574
GLOBAL	IV	11230001	11240000	0.00075842819448608	9283	5158540	6801619504	375494814
GLOBAL	IV	11240001	11250000	0.00088476325954359	9208	5953328	6728724250	390404118
GLOBAL	IV	11250001	11260000	0.00061272644615732	9395	4271128	6970693083	293013587
GLOBAL	IV	11260001	11270000	0.00064159781588927	8796	4091040	6376330933	424261283
GLOBAL	IV	11270001	11280000	0.00062701829020786	9276	4346508	6932027451	239674845
GLOBAL	IV	11280001	11290000	0.00099801184412771	9018	6786208	6799726917	172503711
GLOBAL	IV	11290001	11300000	0.0025224376241095	8673	16278540	6453495557	251999701
GLOBAL	IV	11300001	11310000	0.002864747531356	9226	19753292	6895299423	237745573
GLOBAL	IV	11310001	11320000	0.0020789443078474	8747	13609760	6546476473	216231589
GLOBAL	IV	11320001	11330000	0.00064828502096581	9434	4636340	7151700024	142159340
GLOBAL	IV	11330001	11340000	0.00059849971957845	9187	4128112	6897433474	205458828
GLOBAL	IV	11340001	11350000	0.0008549000102193	9268	5956744	6967766907	197750221
GLOBAL	IV	11350001	11360000	0.0057533656821903	8749	36309948	6311079463	453174891
GLOBAL	IV	11360001	11370000	0.017662622637225	8550	76013104	4303613657	2306784643
GLOBAL	IV	11370001	11380000	0.028154921014409	8045	110936764	3940226433	2291330327
GLOBAL	IV	11380001	11390000	0.0055839862369478	8843	35681776	6390018615	446911463
GLOBAL	IV	11390001	11400000	0.0012091672449051	9313	8290432	6856315398	343993300
GLOBAL	IV	11400001	11410000	0.0010596117591886	8887	6637136	6263743246	614936716
GLOBAL	IV	11410001	11420000	0.0045680583628544	5098	8095268	1772146360	2231976774
GLOBAL	IV	11420001	11430000	0.0031578996991836	5853	11677108	3697745056	838302526
GLOBAL	IV	11430001	11440000	0.0010448787646616	9164	7263148	6951187301	133922643
GLOBAL	IV	11440001	11450000	0.00082850798335982	9041	5619052	6782133803	207879183
GLOBAL	IV	11450001	11460000	0.0009530836918075	9487	6843932	7180830035	154006067
GLOBAL	IV	11460001	11470000	0.0012207487512553	9253	8541616	6997030299	156889639
GLOBAL	IV	11470001	11480000	0.016671407916001	7963	84031116	5040433083	1116128515
GLOBAL	IV	11480001	11490000	0.02505063086737	8013	103333888	4125001424	2070217474
GLOBAL	IV	11490001	11500000	0.019748882138551	8111	96788636	4900967828	1370019378
GLOBAL	IV	11500001	11510000	0.0098671179946944	8571	57255644	5802671462	823962904
GLOBAL	IV	11510001	11520000	0.010025322174995	8320	55207720	5506827515	925747205
GLOBAL	IV	11520001	11530000	0.01025413899946	8274	57745772	5631459843	765550161
GLOBAL	IV	11530001	11540000	0.0063677836692624	9007	41240152	6476374535	487351487
GLOBAL	IV	11540001	11550000	0.0050813468247821	8976	33604692	6613343501	326414995
GLOBAL	IV	11550001	11560000	0.0023160685108849	8574	14617556	6311365977	317587827
GLOBAL	IV	11560001	11570000	0.00091149084291493	9501	6587180	7226819722	118840424
GLOBAL	IV	11570001	11580000	0.00093494378294989	9341	6618464	7078996749	142960037
GLOBAL	IV	11580001	11590000	0.00089401738572252	9536	6494212	7264077974	108642282
GLOBAL	IV	11590001	11600000	0.0012434515079216	9422	8760384	7045215631	239365981
GLOBAL	IV	11600001	11610000	0.0023221539686198	8976	15395120	6629672368	310086128
GLOBAL	IV	11610001	11620000	0.00093506284669241	9070	5982088	6397525066	614909154
GLOBAL	IV	11620001	11630000	0.0024681828148525	8606	15429168	6251225763	402468713
GLOBAL	IV	11630001	11640000	0.0097417404185948	7119	43305700	4445376097	1058650277
GLOBAL	IV	11640001	11650000	0.0094973920622152	6632	36227368	3814454301	1313049971
GLOBAL	IV	11650001	11660000	0.012540689223792	6225	48586004	3874269040	938564810
GLOBAL	IV	11660001	11670000	0.0082318414610986	6645	32913360	3998298577	1158585243
GLOBAL	IV	11670001	11680000	0.010534398843058	6926	46736692	4436578935	918230261
GLOBAL	IV	11680001	11690000	0.0082084781544754	7505	40760648	4965676613	836784117
GLOBAL	IV	11690001	11700000	0.011146211566502	7839	60921604	5465678059	595013435
GLOBAL	IV	11700001	11710000	0.011892359435159	7778	60591572	5095000057	918529531
GLOBAL	IV	11710001	11720000	0.012527607420762	7777	63148920	5040780564	971975878
GLOBAL	IV	11720001	11730000	0.0026872355561317	8341	14590848	5429687013	1019123773
GLOBAL	IV	11730001	11740000	0.0025897479414819	8226	14606936	5640292542	719606454
GLOBAL	IV	11740001	11750000	0.0023076084011964	8547	14705184	6372478100	235600762
GLOBAL	IV	11750001	11760000	0.0051987873765511	8681	31775180	6112036846	599643580
GLOBAL	IV	11760001	11770000	0.0059423762451445	8900	37403040	6294290105	586709295
GLOBAL	IV	11770001	11780000	0.00094636444019992	9240	6531388	6901556866	242312174
GLOBAL	IV	11780001	11790000	0.0018008253752761	9154	11882728	6598489872	493578386
GLOBAL	IV	11790001	11800000	0.0049624273657593	8045	27673700	5576645855	643313715
GLOBAL	IV	11800001	11810000	0.0059146801994269	8581	35871508	6064826295	569539531
GLOBAL	IV	11810001	11820000	0.006906460627477	8267	40618564	5881241665	510356317
GLOBAL	IV	11820001	11830000	0.0070521801049856	8465	41672012	5909096390	635584500
GLOBAL	IV	11830001	11840000	0.0083560512193012	8314	48450928	5798304334	629631510
GLOBAL	IV	11840001	11850000	0.0011183731787922	8900	7516672	6721076777	159922623
GLOBAL	IV	11850001	11860000	0.00089161564370764	9347	6283456	7047269801	179325861
GLOBAL	IV	11860001	11870000	0.00096002962149119	9294	6823700	7107801517	77817407
GLOBAL	IV	11870001	11880000	0.0010457498810016	8822	6654576	6363448967	457245045
GLOBAL	IV	11880001	11890000	0.0003249872978116	9361	2329540	7168095540	69324166
GLOBAL	IV	11890001	11900000	0.00071303899564858	9132	4927664	6910791738	149577534
GLOBAL	IV	11900001	11910000	0.000914046442325	9346	6489072	7099280408	126542108
GLOBAL	IV	11910001	11920000	0.00093633444021729	9293	6580348	7027775245	157070533
GLOBAL	IV	11920001	11930000	0.00066750014959024	9298	4719748	7070781936	117929572
GLOBAL	IV	11930001	11940000	0.00089135070546834	9002	6054908	6792958106	166902186
GLOBAL	IV	11940001	11950000	0.00092400915973787	9054	6358084	6880975078	119088806
GLOBAL	IV	11950001	11960000	0.00099945080051543	9219	6960084	6963908575	163724399
GLOBAL	IV	11960001	11970000	0.0010869321864792	8860	7234356	6655756532	194317028
GLOBAL	IV	11970001	11980000	0.001102140801382	8639	7185308	6519410216	159798078
GLOBAL	IV	11980001	11990000	0.00081864707054447	8656	5334040	6515677136	176674640
GLOBAL	IV	11990001	12000000	0.0015708783695044	8884	10597012	6745915028	122714036
GLOBAL	IV	12000001	12010000	0.0013196913969169	8506	8456492	6407931445	168448431
GLOBAL	IV	12010001	12020000	0.0009307882190008	8667	5954636	6397412299	303444083
GLOBAL	IV	12020001	12030000	0.00090098849501486	8473	5754784	6387189217	163676841
GLOBAL	IV	12030001	12040000	0.00085351450598114	8556	5463412	6401076914	213960262
GLOBAL	IV	12040001	12050000	0.0014703534714958	8329	9137724	6214644422	224888612
GLOBAL	IV	12050001	12060000	0.0015480236518769	8614	9994576	6456345798	203533846
GLOBAL	IV	12060001	12070000	0.0013212436403132	8842	8683872	6572498618	263658314
GLOBAL	IV	12070001	12080000	0.0011752514195648	8457	7217960	6141630531	396865191
GLOBAL	IV	12080001	12090000	0.0014644045809286	8203	8920236	6091374007	250742631
GLOBAL	IV	12090001	12100000	0.0016020431989416	8831	9749360	6085578720	742073606
GLOBAL	IV	12100001	12110000	0.0013730323135126	8749	8637016	6290468123	473786231
GLOBAL	IV	12110001	12120000	0.0010402334822941	7443	4538804	4363255055	1391270623
GLOBAL	IV	12120001	12130000	0.00092087270883819	6044	3069988	3333781065	1339113359
GLOBAL	IV	12130001	12140000	0.0024858675460776	5368	7363092	2961980823	1243160271
GLOBAL	IV	12140001	12150000	9.3165741811065e-05	2417	19224	206341941	1766726651
GLOBAL	IV	12150001	12160000	0.001423262021454	2654	1235300	867935757	1286048999
GLOBAL	IV	12160001	12170000	0.0043555884963191	8555	23766664	5456590773	1157673257
GLOBAL	IV	12170001	12180000	0.0008769400658239	8028	4811040	5486167399	720648689
GLOBAL	IV	12180001	12190000	0.0028811362730421	8478	17953072	6231247084	323484704
GLOBAL	IV	12190001	12200000	0.0013560549157839	8229	8150664	6010570741	351647693
GLOBAL	IV	12200001	12210000	0.001836103877711	8605	11825760	6440681349	212239981
GLOBAL	IV	12210001	12220000	0.004174457990107	8090	23677428	5671976591	582774549
GLOBAL	IV	12220001	12230000	0.00210706388258	8250	11049928	5244230178	1134224322
GLOBAL	IV	12230001	12240000	0.0014342470804181	8215	8704768	6069224835	282169555
GLOBAL	IV	12240001	12250000	0.0017734312254805	8230	10848732	6117368322	245623258
GLOBAL	IV	12250001	12260000	0.0010153117270675	8767	6660660	6560211827	217959155
GLOBAL	IV	12260001	12270000	0.0020295329625837	8040	12075740	5950009299	266084541
GLOBAL	IV	12270001	12280000	0.0046455238089455	8007	26056224	5608888270	581691752
GLOBAL	IV	12280001	12290000	0.010508349024698	7966	57844116	5504586483	654294553
GLOBAL	IV	12290001	12300000	0.012848597093746	7672	67846176	5280434549	651141563
GLOBAL	IV	12300001	12310000	0.010619993317903	7809	52214548	4916627199	1120869915
GLOBAL	IV	12310001	12320000	0.013920785210716	8120	75180836	5400617484	877328036
GLOBAL	IV	12320001	12330000	0.01243299367373	7961	65976976	5306604164	848411142
GLOBAL	IV	12330001	12340000	0.01305883296004	7874	68573896	5251150406	836601198
GLOBAL	IV	12340001	12350000	0.0063652533609844	8281	35806060	5625237201	777184825
GLOBAL	IV	12350001	12360000	0.00068708007033967	8777	4531072	6594678256	191224186
GLOBAL	IV	12360001	12370000	0.00070124804662992	8449	4439168	6330381983	201928571
GLOBAL	IV	12370001	12380000	0.00073274836014695	9574	5342588	7291163366	110936438
GLOBAL	IV	12380001	12390000	0.00069764800277353	9101	4826800	6918675293	117726453
GLOBAL	IV	12390001	12400000	0.00079318249268019	8952	5327100	6716108902	205094090
GLOBAL	IV	12400001	12410000	0.0007791621021136	8954	5168416	6633300036	289449248
GLOBAL	IV	12410001	12420000	0.00072938378294304	8951	4910620	6732559888	187869958
GLOBAL	IV	12420001	12430000	0.00071442614992733	9023	4824016	6752294832	223801526
GLOBAL	IV	12430001	12440000	0.001094774643041	9066	7488300	6840037854	169303782
GLOBAL	IV	12440001	12450000	0.00079198478914832	9223	5502004	6947108171	183617387
GLOBAL	IV	12450001	12460000	0.00047422623093526	8962	3193068	6733216747	195717705
GLOBAL	IV	12460001	12470000	0.0012007730474759	8653	7656272	6376119131	313913207
GLOBAL	IV	12470001	12480000	0.00099896730631729	8485	6375980	6382571241	177572569
GLOBAL	IV	12480001	12490000	0.00081266754026348	9023	5520292	6792804839	183291519
GLOBAL	IV	12490001	12500000	0.00051735632136079	8682	3128908	6047878166	664575406
GLOBAL	IV	12500001	12510000	0.00066100761533163	8305	4092180	6190821263	230156267
GLOBAL	IV	12510001	12520000	0.0012400534345173	8268	7402424	5969439537	422931591
GLOBAL	IV	12520001	12530000	0.0014642503091609	9002	9910556	6768348238	191512054
GLOBAL	IV	12530001	12540000	0.0016178076532208	8809	10197120	6303048437	507594677
GLOBAL	IV	12540001	12550000	0.003523376187376	7599	19119032	5426338541	448797913
GLOBAL	IV	12550001	12560000	0.0070990187824037	7822	37532596	5287011790	760536222
GLOBAL	IV	12560001	12570000	0.0039962528061395	8462	23904708	5981780723	560580729
GLOBAL	IV	12570001	12580000	0.0011742898091262	8972	7899300	6726874353	209791559
GLOBAL	IV	12580001	12590000	0.00097045645687613	8596	6229560	6419206092	226756924
GLOBAL	IV	12590001	12600000	0.003496860465525	8686	21843180	6246511754	469034402
GLOBAL	IV	12600001	12610000	0.00071276856788354	7817	4203472	5897386879	146295403
GLOBAL	IV	12610001	12620000	0.0010045048420869	8744	6639560	6609783967	150604657
GLOBAL	IV	12620001	12630000	0.0023696086020772	5571	7547184	3184991814	1147718370
GLOBAL	IV	12630001	12640000	0.0012299746806781	4860	2157480	1754084888	2196691172
GLOBAL	IV	12640001	12650000	0.002292447156241	7817	12200040	5321841320	721840962
GLOBAL	IV	12650001	12660000	0.001893435116496	8389	9957928	5259186287	1226735507
GLOBAL	IV	12660001	12670000	0.0013003707303147	7667	6807056	5234704105	710015489
GLOBAL	IV	12670001	12680000	0.00055831232786059	7974	2722188	4875744031	1289322173
GLOBAL	IV	12680001	12690000	0.00095219136335072	9022	6475936	6801086682	174236530
GLOBAL	IV	12690001	12700000	0.00082592545909033	8921	5562148	6734443089	162792377
GLOBAL	IV	12700001	12710000	0.00061255269744987	8998	4134688	6749930279	206837429
GLOBAL	IV	12710001	12720000	0.00088144402768773	8421	5385072	6109374879	429120843
GLOBAL	IV	12720001	12730000	0.00089252438741722	9115	6084396	6817064145	230161645
GLOBAL	IV	12730001	12740000	0.0012341547959767	8394	7639328	6189926924	299860600
GLOBAL	IV	12740001	12750000	0.0016063830533054	9016	10831112	6742546230	228138106
GLOBAL	IV	12750001	12760000	0.0115190962258	8072	64924224	5636225510	604609002
GLOBAL	IV	12760001	12770000	0.0073894211067629	8217	41972976	5680144005	672796677
GLOBAL	IV	12770001	12780000	0.0045287650853886	8632	27631572	6101348045	572448227
GLOBAL	IV	12780001	12790000	0.010256811742743	8192	59785980	5828904878	504707154
GLOBAL	IV	12790001	12800000	0.0074067260487308	8486	44478884	6005201719	555715237
GLOBAL	IV	12800001	12810000	0.0046914407458125	8714	29364868	6259243075	477951169
GLOBAL	IV	12810001	12820000	0.0088736384447456	8014	40343696	4546466058	1649525986
GLOBAL	IV	12820001	12830000	0.0068697423884165	8217	34128516	4967946987	1384993695
GLOBAL	IV	12830001	12840000	0.00084565687229735	8710	5493756	6496436297	237665363
GLOBAL	IV	12840001	12850000	0.00065105264054368	9027	4219784	6481478973	498483115
GLOBAL	IV	12850001	12860000	0.00074844046560799	9035	5061836	6763177878	222196232
GLOBAL	IV	12860001	12870000	0.00099148401812561	8787	6529512	6585594806	208039096
GLOBAL	IV	12870001	12880000	0.00065709138290624	8915	4418536	6724385854	168210736
GLOBAL	IV	12880001	12890000	0.00070352661953385	8520	3986092	5665872320	980090696
GLOBAL	IV	12890001	12900000	0.00051057497700054	8499	3171040	6210723484	390397064
GLOBAL	IV	12900001	12910000	0.00099414862959037	8689	6552816	6591384633	126480961
GLOBAL	IV	12910001	12920000	0.00073396484090111	8694	4733384	6449060958	272670366
GLOBAL	IV	12920001	12930000	0.00074351076899723	9011	5073688	6823960340	142858266
GLOBAL	IV	12930001	12940000	0.00063416030244352	8858	4222292	6658083112	190444156
GLOBAL	IV	12940001	12950000	0.0006244420367475	9264	4406268	7056328275	106096269
GLOBAL	IV	12950001	12960000	0.00067077237850499	9035	4587924	6839762857	145611253
GLOBAL	IV	12960001	12970000	0.00065137290159228	8376	3743328	5746827955	729042941
GLOBAL	IV	12970001	12980000	0.0009690430899078	9343	6841876	7060445579	163057499
GLOBAL	IV	12980001	12990000	0.00095886940291504	8935	6437768	6713915347	194144163
GLOBAL	IV	12990001	13000000	0.0011093177969753	7878	6617368	5965259025	125585163
GLOBAL	IV	13000001	13010000	0.0013658555425734	9081	9249528	6771966516	248972310
GLOBAL	IV	13010001	13020000	0.00091461903748722	8712	5541084	6058351918	722911648
GLOBAL	IV	13020001	13030000	0.00075224244554814	9238	5284908	7025538151	116784597
GLOBAL	IV	13030001	13040000	0.00070632574603177	9287	4925516	6973434039	206772863
GLOBAL	IV	13040001	13050000	0.00096514137600786	3961	1406052	1456835273	1707651305
GLOBAL	IV	13050001	13060000	0.00068018509473685	4738	2210416	3249727195	430447765
GLOBAL	IV	13060001	13070000	0.0013446283418	9003	9088240	6758923427	201710011
GLOBAL	IV	13070001	13080000	0.00088518467638567	9280	6194256	6997699085	177095795
GLOBAL	IV	13080001	13090000	0.0010266804287332	8963	6925348	6745378412	184329186
GLOBAL	IV	13090001	13100000	0.00064884340335622	8600	4217824	6500526904	148528696
GLOBAL	IV	13100001	13110000	0.0009141270240148	9250	6362252	6959921141	191679359
GLOBAL	IV	13110001	13120000	0.0007103744760605	8598	4667060	6569858796	77650512
GLOBAL	IV	13120001	13130000	0.00046539700398647	9245	3286344	7061377645	86357125
GLOBAL	IV	13130001	13140000	0.00053640855479396	9092	3741016	6974191531	55251901
GLOBAL	IV	13140001	13150000	0.00075371230788647	8443	4798032	6365866591	161805087
GLOBAL	IV	13150001	13160000	0.00056746109723671	8207	3561620	6276412634	68796588
GLOBAL	IV	13160001	13170000	0.00025192978323485	8582	1653816	6564591049	70547923
GLOBAL	IV	13170001	13180000	0.0013156915941556	8571	8491332	6453892415	172741951
GLOBAL	IV	13180001	13190000	0.0018900953428432	8398	11609252	6142151529	350728579
GLOBAL	IV	13190001	13200000	0.0019375208344339	8440	12033932	6210994889	314357351
GLOBAL	IV	13200001	13210000	0.0012868907139798	7768	7147792	5554311584	451486544
GLOBAL	IV	13210001	13220000	0.0035014474955844	8543	20854876	5956072746	652779262
GLOBAL	IV	13220001	13230000	0.0019988300407333	8595	11584276	5795528266	868217108
GLOBAL	IV	13230001	13240000	0.00097075774756217	7528	5518512	5684746801	135496287
GLOBAL	IV	13240001	13250000	0.00083804309671517	8890	5640244	6730255308	143012632
GLOBAL	IV	13250001	13260000	0.0014956106571974	9247	10489576	7013573987	135707075
GLOBAL	IV	13260001	13270000	0.0013228358034002	8291	8126320	6143105576	267047910
GLOBAL	IV	13270001	13280000	0.00067889525249282	9074	4662004	6867044633	148482171
GLOBAL	IV	13280001	13290000	0.0013131033082593	8694	8601348	6550397022	171334302
GLOBAL	IV	13290001	13300000	0.00068714400028076	8745	4552736	6625592304	135569466
GLOBAL	IV	13300001	13310000	0.0012373601841031	8735	8182536	6612897445	140532865
GLOBAL	IV	13310001	13320000	0.00099308543146936	9049	6814784	6862233383	133964771
GLOBAL	IV	13320001	13330000	0.00078381242576978	9026	5340556	6813563838	164851958
GLOBAL	IV	13330001	13340000	0.0010294189913411	8813	6835488	6640141728	173593970
GLOBAL	IV	13340001	13350000	0.00063546992807575	8394	4045748	6366545168	123242356
GLOBAL	IV	13350001	13360000	0.0012611684284135	9236	8900820	7057598176	83178280
GLOBAL	IV	13360001	13370000	0.0011795981121486	9295	8392712	7114891007	71501063
GLOBAL	IV	13370001	13380000	0.00095940227833162	8639	6305064	6571866820	107341474
GLOBAL	IV	13380001	13390000	0.0010258238461101	9072	7017172	6840523377	173457135
GLOBAL	IV	13390001	13400000	0.00069843387948479	9154	4881148	6988704505	88673979
GLOBAL	IV	13400001	13410000	0.00058091686861603	9431	4201592	7232690643	58849283
GLOBAL	IV	13410001	13420000	0.0010522917912958	7938	6098432	5795381139	341851809
GLOBAL	IV	13420001	13430000	0.00096626840645319	9208	6813020	7050856630	68271738
GLOBAL	IV	13430001	13440000	0.0010002163606669	9150	6980884	6979373938	94911962
GLOBAL	IV	13440001	13450000	0.000865770931652	9083	5929116	6848365755	174119363
GLOBAL	IV	13450001	13460000	0.00064762886833676	8979	4439092	6854376352	87701582
GLOBAL	IV	13460001	13470000	0.0005909124132315	9400	4259308	7208019166	59553234
GLOBAL	IV	13470001	13480000	0.00084776750581292	8871	5724272	6752171982	106406184
GLOBAL	IV	13480001	13490000	0.00077333117931161	9098	5292720	6844053546	190028762
GLOBAL	IV	13490001	13500000	0.00073531522171819	9366	5253072	7143972877	97312559
GLOBAL	IV	13500001	13510000	0.00052153740318755	9332	3702640	7099471634	115526838
GLOBAL	IV	13510001	13520000	0.00042547668523501	9139	2770296	6511040666	575615570
GLOBAL	IV	13520001	13530000	0.00057028839257517	9456	4076644	7148390276	162478300
GLOBAL	IV	13530001	13540000	0.00049712203825561	9213	3472932	6986075315	136918783
GLOBAL	IV	13540001	13550000	0.014996862611383	9493	109047792	7271373675	68101303
GLOBAL	IV	13550001	13560000	0.015214470355919	9187	106197748	6980048961	122843341
GLOBAL	IV	13560001	13570000	0.015818680327964	9196	96784100	6118342238	991508378
GLOBAL	IV	13570001	13580000	0.015272823507256	8491	86206388	5644430315	920352371
GLOBAL	IV	13580001	13590000	0.0061728485855767	9023	41694728	6754536001	221560357
GLOBAL	IV	13590001	13600000	0.0037902317407445	8517	24331892	6419631744	165252738
GLOBAL	IV	13600001	13610000	0.00346817997788	9064	24115120	6953249299	54546045
GLOBAL	IV	13610001	13620000	0.00341570499753	9268	24331480	7123413766	42103362
GLOBAL	IV	13620001	13630000	0.0025517168811629	9313	18212124	7137204027	63104671
GLOBAL	IV	13630001	13640000	0.005831426919728	9084	40013352	6861674261	161584003
GLOBAL	IV	13640001	13650000	0.0034504445436764	9475	24783492	7182695356	142862994
GLOBAL	IV	13650001	13660000	0.0056906198197658	9116	39820464	6997561823	50437113
GLOBAL	IV	13660001	13670000	0.010927779209791	9147	76184188	6971607546	100358916
GLOBAL	IV	13670001	13680000	0.012652740531117	9436	89005704	7034500058	260905598
GLOBAL	IV	13680001	13690000	0.011709493512232	9292	83591668	7138794510	45278122
GLOBAL	IV	13690001	13700000	0.015868723652788	9134	110294576	6950437755	111477809
GLOBAL	IV	13700001	13710000	0.020601396923564	9263	145689480	7071825301	89826097
GLOBAL	IV	13710001	13720000	0.013298119220747	9151	93490532	7030357485	44701561
GLOBAL	IV	13720001	13730000	0.010521835666069	9503	76953192	7313666022	33540416
GLOBAL	IV	13730001	13740000	0.0068171663680282	9467	46411448	6808026311	511346871
GLOBAL	IV	13740001	13750000	0.0072923314498743	9764	54790616	7513456619	35540925
GLOBAL	IV	13750001	13760000	0.011773236945019	9627	87307668	7415774303	27302239
GLOBAL	IV	13760001	13770000	0.0062382280630052	9625	46285408	7419640246	21890004
GLOBAL	IV	13770001	13780000	0.010946448854209	9618	80771912	7378823313	57294915
GLOBAL	IV	13780001	13790000	0.00098329806249052	9362	7037728	7157268247	80924605
GLOBAL	IV	13790001	13800000	0.0035176926475456	7157	15107980	4294855041	1263291553
GLOBAL	IV	13800001	13810000	0.0042220543037901	9025	28875620	6839234629	138408021
GLOBAL	IV	13810001	13820000	0.0032239624612997	9229	22892160	7100628582	34735852
GLOBAL	IV	13820001	13830000	0.0031193190607938	9386	22570040	7235566340	21182016
GLOBAL	IV	13830001	13840000	0.0035019708237316	9575	25815492	7371703906	31169044
GLOBAL	IV	13840001	13850000	0.003063918724964	9684	22870424	7464435598	22710266
GLOBAL	IV	13850001	13860000	0.0029515115032999	9768	22171760	7512001893	40088235
GLOBAL	IV	13860001	13870000	0.0051603447096922	9757	38144880	7391924793	151660729
GLOBAL	IV	13870001	13880000	0.0074458869797717	9472	52503680	7051366767	271872145
GLOBAL	IV	13880001	13890000	0.0041272557398309	9433	28577200	6924019688	369066530
GLOBAL	IV	13890001	13900000	0.0048020226302795	9379	34586144	7202411705	48924629
GLOBAL	IV	13900001	13910000	0.0032790462865703	9592	24243072	7393330219	22686213
GLOBAL	IV	13910001	13920000	0.0034302321310571	9656	25435992	7415239269	50258507
GLOBAL	IV	13920001	13930000	0.0038259509285538	9603	28218012	7375424444	49096594
GLOBAL	IV	13930001	13940000	0.0060886916106021	9670	45171332	7418889786	57432034
GLOBAL	IV	13940001	13950000	0.0035712832539616	9510	25288868	7081171165	271447295
GLOBAL	IV	13950001	13960000	0.0074003578444146	6592	26994532	3647733335	1448845097
GLOBAL	V	1	10000	0.0011049694993025	1445	46268	41872649	1181244323
GLOBAL	V	10001	20000	5.0897157839085e-06	574	272	53441098	405034480
GLOBAL	V	20001	30000	0.00014933445759741	685	12352	82713663	519567071
GLOBAL	V	30001	40000	0.00021056385683759	1218	42924	203852649	801237151
GLOBAL	V	40001	50000	0.007292881440732	4898	18232424	2500030221	1311579559
GLOBAL	V	50001	60000	0.0079640714592748	8712	51651484	6485562600	250085352
GLOBAL	V	60001	70000	0.0090745816413072	9388	65119220	7176002440	82292208
GLOBAL	V	70001	80000	0.0086298639725875	9025	58580020	6788058327	189584323
GLOBAL	V	80001	90000	0.0085881029880279	9372	61653968	7178997281	66927031
GLOBAL	V	90001	100000	0.0075079411547839	7372	41479108	5524698069	174934243
GLOBAL	V	100001	110000	0.0084594645112638	8987	56806252	6715112041	233151061
GLOBAL	V	110001	120000	0.0079317120842855	8826	52230120	6584974271	238812325
GLOBAL	V	120001	130000	0.0082464507888005	8827	55074632	6678586147	145973595
GLOBAL	V	130001	140000	0.0037207333955645	8360	23223732	6241708161	221792399
GLOBAL	V	140001	150000	0.0054157781822378	8741	34059124	6288869827	469199359
GLOBAL	V	150001	160000	0.0057808217001807	9203	38500940	6660115464	455147174
GLOBAL	V	160001	170000	0.0075486608955817	8808	50146112	6643047382	166822586
GLOBAL	V	170001	180000	0.0077357298181512	8299	48345340	6249615891	166722763
GLOBAL	V	180001	190000	0.0051578955932637	8072	30243024	5863442455	377392057
GLOBAL	V	190001	200000	0.0096097625525438	8476	60008244	6244508506	308676990
GLOBAL	V	200001	210000	0.0071030409661888	8189	42828876	6029653525	301639069
GLOBAL	V	210001	220000	0.007284053566806	8697	47227252	6483649738	240401024
GLOBAL	V	220001	230000	0.0071852506684259	8289	43844132	6101962760	306644434
GLOBAL	V	230001	240000	0.0079563670733185	9210	55978440	7035678405	84996255
GLOBAL	V	240001	250000	0.0050573626529777	8096	29452620	5823711294	435678722
GLOBAL	V	250001	260000	0.0076378194956251	8571	48966956	6411117208	215517158
GLOBAL	V	260001	270000	0.0070879397836825	8824	46599332	6574453709	247786595
GLOBAL	V	270001	280000	0.0072421398816929	9039	49978548	6901074657	87392037
GLOBAL	V	280001	290000	0.0042151980968034	7866	24082108	5713161623	368404813
GLOBAL	V	290001	300000	0.00061350304196465	9191	4288988	6990980821	115004065
GLOBAL	V	300001	310000	0.00078094476669012	8856	5129136	6567860134	279120842
GLOBAL	V	310001	320000	0.00047495585490735	9155	3299196	6946321360	131830270
GLOBAL	V	320001	330000	0.00074691091637532	8944	5087508	6811398640	103619184
GLOBAL	V	330001	340000	0.00085640894835644	8662	5073284	5923903539	776179697
GLOBAL	V	340001	350000	0.00037476045174392	9396	2686524	7168643296	95836520
GLOBAL	V	350001	360000	0.0005571978888641	9123	3862508	6932021957	121389001
GLOBAL	V	360001	370000	0.00098013569627246	9469	7044052	7186813037	134106437
GLOBAL	V	370001	380000	0.00097905489975835	9490	6922664	7070761815	266393725
GLOBAL	V	380001	390000	0.00040131311082756	8933	2712888	6760028334	161174658
GLOBAL	V	390001	400000	0.00053309997842487	9669	3959916	7428092591	47456083
GLOBAL	V	400001	410000	0.00052470268948693	9550	3488700	6648908172	734636128
GLOBAL	V	410001	420000	0.00060574056745587	9080	4191772	6920078042	100087638
GLOBAL	V	420001	430000	0.00045870005810202	9398	3317116	7231557837	34468271
GLOBAL	V	430001	440000	0.00089610800365155	9684	6674008	7447771890	39373974
GLOBAL	V	440001	450000	0.00062796670015444	9571	4620660	7358129020	41651346
GLOBAL	V	450001	460000	0.00064755153519275	9259	4598956	7102069488	56489326
GLOBAL	V	460001	470000	0.00078488979744033	9554	5745116	7319646680	66990204
GLOBAL	V	470001	480000	0.00074170170160466	8259	4149668	5594793690	812267212
GLOBAL	V	480001	490000	0.00071965825897101	9453	5228624	7265426242	43122896
GLOBAL	V	490001	500000	0.00043700026306907	9065	3024600	6921277298	87291192
GLOBAL	V	500001	510000	0.00035696175502839	9283	2545372	7130657456	46456862
GLOBAL	V	510001	520000	0.00052056082402793	9256	3700096	7107903302	48336074
GLOBAL	V	520001	530000	0.00056184739731779	9363	4038428	7187766677	51199321
GLOBAL	V	530001	540000	0.00081501116186837	9237	5791076	7105517410	36032192
GLOBAL	V	540001	550000	0.0099916865670208	8888	67204348	6726026437	145695211
GLOBAL	V	550001	560000	0.0027490291434759	9091	18549376	6747609804	295750256
GLOBAL	V	560001	570000	0.010918058458061	7941	61352932	5619399478	520152908
GLOBAL	V	570001	580000	0.011160251576463	8294	63889496	5724736182	687736742
GLOBAL	V	580001	590000	0.013556427997616	8733	89079000	6570978728	180905290
GLOBAL	V	590001	600000	0.019658978007045	8305	122773368	6245155163	175822367
GLOBAL	V	600001	610000	0.018548194227791	8061	106062312	5718201497	514128409
GLOBAL	V	610001	620000	0.018133634490125	8509	115706072	6380743588	197955726
GLOBAL	V	620001	630000	0.017849716893239	7225	86191696	4828743028	766514574
GLOBAL	V	630001	640000	0.023043499339404	6502	102848344	4463225940	571500812
GLOBAL	V	640001	650000	0.019765646300834	6618	82401408	4168920497	1023528039
GLOBAL	V	650001	660000	0.026181129742974	8558	169445896	6472062041	144521427
GLOBAL	V	660001	670000	0.020353486233158	8650	131331668	6452539211	235173689
GLOBAL	V	670001	680000	0.01446409741352	8424	80849172	5589645153	923336751
GLOBAL	V	680001	690000	0.00510008598553	7707	18756172	3677618780	2281017442
GLOBAL	V	690001	700000	0.0077812557303092	7694	25756748	3310101723	2662451127
GLOBAL	V	700001	710000	0.0067303486219798	5893	8750252	1300118685	3302419453
GLOBAL	V	710001	720000	0.0048598002511355	8780	21022668	4325829646	2462392234
GLOBAL	V	720001	730000	0.019138717928506	8521	122702380	6411212102	176764964
GLOBAL	V	730001	740000	0.019735083307849	8007	112941384	5722873435	467706587
GLOBAL	V	740001	750000	0.031645299580554	9106	218674996	6910188840	130078636
GLOBAL	V	750001	760000	0.032312955407414	8638	203909252	6310448841	367986307
GLOBAL	V	760001	770000	0.023216897235066	8348	142771304	6149456689	304766119
GLOBAL	V	770001	780000	0.017275377320921	9024	118079768	6835148420	141721084
GLOBAL	V	780001	790000	0.026762398613972	8233	155846860	5823351720	541959298
GLOBAL	V	790001	800000	0.025269295888549	8792	159033116	6293531751	503967881
GLOBAL	V	800001	810000	0.025023353273172	7458	117276644	4686687780	1079435088
GLOBAL	V	810001	820000	0.029553313194597	8453	178848236	6051715245	483687893
GLOBAL	V	820001	830000	0.01950146598371	9245	127718196	6549158720	598576050
GLOBAL	V	830001	840000	0.00075219271295465	8776	4865624	6468586994	316542302
GLOBAL	V	840001	850000	0.0047630141810125	7777	23553120	4945003123	1080123655
GLOBAL	V	850001	860000	0.0099121628828917	8721	65005960	6558201350	184404916
GLOBAL	V	860001	870000	0.00077394983719825	9209	5471388	7069434913	50466601
GLOBAL	V	870001	880000	0.0017822494412646	9027	12151212	6817907594	161281348
GLOBAL	V	880001	890000	0.0025591571681354	9339	18193448	7109156181	111254313
GLOBAL	V	890001	900000	0.0028622033275543	9126	19799732	6917653896	138076500
GLOBAL	V	900001	910000	0.0061527618988734	8665	40181584	6530658046	168652044
GLOBAL	V	910001	920000	0.003546469205474	9063	22275936	6281158727	750604143
GLOBAL	V	920001	930000	0.00075365700980314	6831	3445336	4571490685	709869641
GLOBAL	V	930001	940000	0.00095393293366834	9440	6878972	7211169420	87328820
GLOBAL	V	940001	950000	0.00096887843774418	9518	6985088	7209457583	149346045
GLOBAL	V	950001	960000	0.00048991757909312	9648	3631040	7411532378	47780230
GLOBAL	V	960001	970000	0.00062788704851754	9293	4466520	7113572434	71273344
GLOBAL	V	970001	980000	0.0010312056310762	9436	6959668	6749059344	546346312
GLOBAL	V	980001	990000	0.003670918779731	9054	25424748	6925990338	74073546
GLOBAL	V	990001	1000000	0.0062119853772075	9288	43511108	7004380300	176599748
GLOBAL	V	1000001	1010000	0.00087200235213313	8948	5956824	6831201757	86908651
GLOBAL	V	1010001	1020000	0.00048424424347899	9317	3453472	7131673833	71727449
GLOBAL	V	1020001	1030000	0.00061645365398795	9064	4271532	6929202175	78593169
GLOBAL	V	1030001	1040000	0.0014221376424309	9031	9791272	6884897571	97383955
GLOBAL	V	1040001	1050000	0.019044770985653	8047	109901808	5770707775	450798087
GLOBAL	V	1050001	1060000	0.016018206176647	8254	83256292	5197603969	1183943115
GLOBAL	V	1060001	1070000	0.012579494701963	8149	73332340	5829513962	470852792
GLOBAL	V	1070001	1080000	0.0047299915976021	7552	24743164	5231122189	607676403
GLOBAL	V	1080001	1090000	0.0061058893701278	8779	39391088	6451326844	336121890
GLOBAL	V	1090001	1100000	0.0064422800901208	9050	43796224	6798248972	198722328
GLOBAL	V	1100001	1110000	0.0043129307800193	8294	27114448	6286780239	125692685
GLOBAL	V	1110001	1120000	0.00080188696067174	9226	5626096	7016071187	116973809
GLOBAL	V	1120001	1130000	0.00030143415255437	9348	2129680	7065158284	162210524
GLOBAL	V	1130001	1140000	0.0012280084299515	9370	8757604	7131550392	112827628
GLOBAL	V	1140001	1150000	0.0017979508555097	9417	12828776	7135220610	145495272
GLOBAL	V	1150001	1160000	0.00070871468430205	9328	5051432	7127596072	84309816
GLOBAL	V	1160001	1170000	0.0026874916407767	9141	18670720	6947266260	120061326
GLOBAL	V	1170001	1180000	0.011096530895458	8776	71540920	6447142866	337986430
GLOBAL	V	1180001	1190000	0.0035441230126229	9325	25020372	7059679337	149907113
GLOBAL	V	1190001	1200000	0.00051539448149148	9078	3575732	6937854650	80764738
GLOBAL	V	1200001	1210000	0.00052698076493515	8865	3360140	6376209956	477729334
GLOBAL	V	1210001	1220000	0.0010099126461264	8868	6465184	6401725956	495509510
GLOBAL	V	1220001	1230000	0.0057555709711347	8853	37735588	6556358733	288302805
GLOBAL	V	1230001	1240000	0.0026839300846276	8609	16687616	6217604585	440728767
GLOBAL	V	1240001	1250000	0.0064498793987897	8910	43653180	6768061432	120669428
GLOBAL	V	1250001	1260000	0.00073546711098992	9459	5331604	7249275896	63912118
GLOBAL	V	1260001	1270000	0.00059339276255585	8296	3759344	6335338476	78680740
GLOBAL	V	1270001	1280000	0.00065280505147229	9292	4643548	7113223143	70849489
GLOBAL	V	1280001	1290000	0.00084735628082603	9127	5870456	6927966586	128536956
GLOBAL	V	1290001	1300000	0.00040722598785699	9197	2860256	7023756060	86867702
GLOBAL	V	1300001	1310000	0.0007330948991966	9253	5166224	7047142199	106777739
GLOBAL	V	1310001	1320000	0.0009120553449479	8005	4690412	5142683529	1050215931
GLOBAL	V	1320001	1330000	0.00052809381088307	9322	3773792	7146063677	61203335
GLOBAL	V	1330001	1340000	0.00087294251385092	9122	6054980	6936287217	116350595
GLOBAL	V	1340001	1350000	0.00044065706878884	8947	2993784	6793908942	123428320
GLOBAL	V	1350001	1360000	0.00077068513559356	9500	5609792	7278967429	65919571
GLOBAL	V	1360001	1370000	0.00064343062680313	9352	4507748	7005802665	224658727
GLOBAL	V	1370001	1380000	0.0008578459309589	9126	5970852	6960284807	95445589
GLOBAL	V	1380001	1390000	0.0010327980633771	9640	7643320	7400594822	52532618
GLOBAL	V	1390001	1400000	0.001175720322917	9372	8453360	7189941209	55983103
GLOBAL	V	1400001	1410000	0.00049185217334718	9437	3561500	7240996773	55182029
GLOBAL	V	1410001	1420000	0.0024817788393563	8660	16430968	6620641509	74802851
GLOBAL	V	1420001	1430000	0.0014945991074927	8733	9995732	6687901759	63982259
GLOBAL	V	1430001	1440000	0.00081555160752026	8267	5121504	6279803697	111794285
GLOBAL	V	1440001	1450000	0.00058912892363582	9567	4332756	7354512444	42175338
GLOBAL	V	1450001	1460000	0.00029423331174326	9181	2070100	7035573191	62680235
GLOBAL	V	1460001	1470000	0.0004684010329414	9554	3433728	7330743868	55893016
GLOBAL	V	1470001	1480000	0.0008257214873745	9261	5560000	6733505286	426599820
GLOBAL	V	1480001	1490000	0.01151619051618	6559	49907648	4333694196	744328732
GLOBAL	V	1490001	1500000	0.021797011967367	8227	98566208	4522005500	1846398102
GLOBAL	V	1500001	1510000	0.017820392796042	8061	81031460	4547119748	1685210158
GLOBAL	V	1510001	1520000	0.013134336094653	6183	37887088	2884583410	1914333812
GLOBAL	V	1520001	1530000	0.017056978946886	6859	66019008	3870498299	1449519327
GLOBAL	V	1530001	1540000	0.020922574575148	8403	110590908	5285721774	1211024064
GLOBAL	V	1540001	1550000	0.022256172998753	8053	117449756	5277176629	948968109
GLOBAL	V	1550001	1560000	0.0088939744027812	8890	58152464	6538411442	334856498
GLOBAL	V	1560001	1570000	0.0027505629604407	8880	16535696	6011749681	853786799
GLOBAL	V	1570001	1580000	0.0028247521024632	8416	16894692	5980946783	525849953
GLOBAL	V	1580001	1590000	0.0031080396508967	8280	18116104	5828787929	572860951
GLOBAL	V	1590001	1600000	0.0029119563883824	8637	19207468	6596069940	81592062
GLOBAL	V	1600001	1610000	0.0055750383934307	8867	37693472	6761114335	94371247
GLOBAL	V	1610001	1620000	0.012511801380568	8488	79665804	6367252930	195210318
GLOBAL	V	1620001	1630000	0.0033218161673662	9043	22673688	6825690182	165869096
GLOBAL	V	1630001	1640000	0.0021018079686374	8900	14325748	6815916684	65082716
GLOBAL	V	1640001	1650000	0.00075238096423812	6917	2752076	3657822474	1727139416
GLOBAL	V	1650001	1660000	0.00092431118291454	8062	4385176	4744263708	1509714286
GLOBAL	V	1660001	1670000	0.00084850207946511	9398	6056676	7138080326	127945782
GLOBAL	V	1670001	1680000	0.00082146163512274	9261	5826820	7093234487	66870619
GLOBAL	V	1680001	1690000	0.0012288383912306	9345	8820524	7177936548	47112822
GLOBAL	V	1690001	1700000	0.00053438822396635	9295	3777184	7068239588	118152482
GLOBAL	V	1700001	1710000	0.0017917567530273	9484	12862316	7178606124	153910540
GLOBAL	V	1710001	1720000	0.00096763326226233	9256	6847288	7076325574	79913802
GLOBAL	V	1720001	1730000	0.0035140438711674	8855	21228516	6041050362	812115782
GLOBAL	V	1730001	1740000	0.00063964991493095	9686	4400716	6879882100	608810056
GLOBAL	V	1740001	1750000	0.00070199009797564	9339	4657028	6634036596	586373898
GLOBAL	V	1750001	1760000	0.00044347625578848	9520	3231700	7287199614	73150306
GLOBAL	V	1760001	1770000	0.000414726524943	9353	2958324	7133192169	98042369
GLOBAL	V	1770001	1780000	0.00086764126907256	9134	4895636	5642465584	1419449980
GLOBAL	V	1780001	1790000	0.0010553974892095	9443	7633436	7232759295	68058383
GLOBAL	V	1790001	1800000	0.0010806138223846	9575	7950292	7357199987	45672963
GLOBAL	V	1800001	1810000	0.00076228272587184	9541	5582728	7323697377	52888609
GLOBAL	V	1810001	1820000	0.00062701589505378	9666	4635592	7393101254	80127982
GLOBAL	V	1820001	1830000	0.000639131532477	9693	4762448	7451436454	42667724
GLOBAL	V	1830001	1840000	0.00057772478702639	9304	4082628	7066735047	126615337
GLOBAL	V	1840001	1850000	0.0011233148710007	9021	7141120	6357184601	617365465
GLOBAL	V	1850001	1860000	0.00077199221959505	8638	5052592	6544874251	133560897
GLOBAL	V	1860001	1870000	0.00090004968814282	9588	6624184	7359798117	53125731
GLOBAL	V	1870001	1880000	0.0013933056480975	9236	9358588	6716823414	423953042
GLOBAL	V	1880001	1890000	0.001058472460074	6658	5018400	4741172009	424216417
GLOBAL	V	1890001	1900000	0.00050344839340294	9320	3597544	7145804907	59915813
GLOBAL	V	1900001	1910000	0.0007116562502559	6791	3603764	5063911121	202759431
GLOBAL	V	1910001	1920000	0.0013396912914588	9074	8869028	6620202771	406148077
GLOBAL	V	1920001	1930000	0.00081424762220154	9622	5974240	7337129194	102081618
GLOBAL	V	1930001	1940000	0.00094926255212129	9189	6329192	6667483075	479478549
GLOBAL	V	1940001	1950000	0.00098963563370698	9383	7073340	7147418463	107010455
GLOBAL	V	1950001	1960000	0.00059604694232439	9562	4357868	7311283207	81538845
GLOBAL	V	1960001	1970000	0.0018288637536519	9206	12469468	6818150327	299431749
GLOBAL	V	1970001	1980000	0.00096390965220138	9663	6853172	7109765925	361143873
GLOBAL	V	1980001	1990000	0.0014631140567499	8988	9779688	6684159690	264876558
GLOBAL	V	1990001	2000000	0.0027492583678217	9168	18954896	6894548807	193653721
GLOBAL	V	2000001	2010000	0.00076294604337397	9444	5487192	7192110173	109480651
GLOBAL	V	2010001	2020000	0.00094753473511669	9439	6734252	7107129428	190595666
GLOBAL	V	2020001	2030000	0.00071094136787727	9364	5076520	7140560712	99178432
GLOBAL	V	2030001	2040000	0.0022449681187473	8962	14938328	6654138148	274796304
GLOBAL	V	2040001	2050000	0.0089647115899928	8966	59538880	6641471887	290555149
GLOBAL	V	2050001	2060000	0.0021263674799607	9502	15426868	7255033829	91399463
GLOBAL	V	2060001	2070000	0.0020869336866478	8887	13824056	6624099313	246849189
GLOBAL	V	2070001	2080000	0.0012598309566505	9065	8515448	6759198887	256327917
GLOBAL	V	2080001	2090000	0.0010394301227181	9361	6905736	6643771283	599833591
GLOBAL	V	2090001	2100000	0.0011663409916805	9043	5026008	4309209773	2688534673
GLOBAL	V	2100001	2110000	0.00072608899835263	8429	3369336	4640389825	1893467021
GLOBAL	V	2110001	2120000	0.0011248758716965	9595	8255472	7339007092	79328778
GLOBAL	V	2120001	2130000	0.00074977922016962	9158	5233392	6979910698	100560370
GLOBAL	V	2130001	2140000	0.0013265313661122	9229	9367364	7061547310	73817124
GLOBAL	V	2140001	2150000	0.0017745359215637	9077	12226752	6890112424	127733818
GLOBAL	V	2150001	2160000	0.0022100395240786	9018	14811948	6702119052	270111576
GLOBAL	V	2160001	2170000	0.0014003735557168	8791	9127572	6517955129	278771357
GLOBAL	V	2170001	2180000	0.00092055911176429	9099	6350036	6898020908	136834546
GLOBAL	V	2180001	2190000	0.00085868557611002	6557	3828960	4459094349	610423973
GLOBAL	V	2190001	2200000	0.0011900363729515	9467	8615724	7239882911	79490271
GLOBAL	V	2200001	2210000	0.0012140720426997	9172	8460696	6968858274	122436838
GLOBAL	V	2210001	2220000	0.0010939744238052	9153	7632376	6976740803	99864535
GLOBAL	V	2220001	2230000	0.001053552735133	8712	6292452	5972602785	783920109
GLOBAL	V	2230001	2240000	0.0012865673651179	9185	8543664	6640665877	460680133
GLOBAL	V	2240001	2250000	0.0011517746966861	8848	7365776	6395153515	461105213
GLOBAL	V	2250001	2260000	0.003688480902759	8993	24918680	6755811039	197090939
GLOBAL	V	2260001	2270000	0.0088843222374403	8815	50344280	5666642728	1148639262
GLOBAL	V	2270001	2280000	0.014828838066747	8314	86916976	5861347707	566588137
GLOBAL	V	2280001	2290000	0.012918983722721	8493	77642696	6009969334	556359644
GLOBAL	V	2290001	2300000	0.0059528128292981	8790	31991376	5374161244	1421792096
GLOBAL	V	2300001	2310000	0.0015609375862401	7816	7204212	4615310736	1487903788
GLOBAL	V	2310001	2320000	0.0016167073565624	8561	9822268	6075476777	543426129
GLOBAL	V	2320001	2330000	0.0012347243799584	8756	8257612	6687818054	81848322
GLOBAL	V	2330001	2340000	0.00084879874434282	9328	6065636	7146141580	65764308
GLOBAL	V	2340001	2350000	0.00066472163343985	9536	4861444	7313503511	59216745
GLOBAL	V	2350001	2360000	0.0010181640537926	8863	6806008	6684588770	167804228
GLOBAL	V	2360001	2370000	0.00085459413040362	9392	6111764	7151656889	109730343
GLOBAL	V	2370001	2380000	0.0056828555210524	8968	38561100	6785514757	148058571
GLOBAL	V	2380001	2390000	0.0090728853656405	8060	50721920	5590494970	648020104
GLOBAL	V	2390001	2400000	0.0078039201983218	6615	27004452	3460370085	1703472049
GLOBAL	V	2400001	2410000	0.0046347332193111	8625	29067124	6271585143	437002699
GLOBAL	V	2410001	2420000	0.0060882124557247	8166	36927392	6065391487	248118749
GLOBAL	V	2420001	2430000	0.0058575337310483	8159	35402820	6043980560	264117654
GLOBAL	V	2430001	2440000	0.0040878537815651	9238	28691528	7018726582	123596166
GLOBAL	V	2440001	2450000	0.0029754101419447	8326	18454564	6202359715	234853881
GLOBAL	V	2450001	2460000	0.0029939757534788	9222	21069596	7037330204	92622208
GLOBAL	V	2460001	2470000	0.0022576955008137	9028	15571652	6897144453	82817635
GLOBAL	V	2470001	2480000	0.003819623660527	8794	25555324	6690534532	108511392
GLOBAL	V	2480001	2490000	0.02140850013253	8597	133272336	6225206585	421529577
GLOBAL	V	2490001	2500000	0.014582129843	9006	98661088	6765890104	197062772
GLOBAL	V	2500001	2510000	0.00084958225865543	9265	6001560	7064130564	99067126
GLOBAL	V	2510001	2520000	0.014828893126058	8541	95853688	6463981309	139458677
GLOBAL	V	2520001	2530000	0.027114658831623	7868	153891568	5675585629	407527099
GLOBAL	V	2530001	2540000	0.016176642745256	3954	36017824	2226532697	844403215
GLOBAL	V	2540001	2550000	0.0090777376490499	3249	9966944	1097954621	1419408755
GLOBAL	V	2550001	2560000	0.007350704124535	5053	5877368	799565307	3110234015
GLOBAL	V	2560001	2570000	0.00036416805369537	5136	207908	570912242	3406150782
GLOBAL	V	2570001	2580000	0.024530787878453	5270	61308036	2499228166	1575251254
GLOBAL	V	2580001	2590000	0.026876639597031	7678	117981496	4389741343	1546473645
GLOBAL	V	2590001	2600000	0.025881208590214	7599	113571580	4388186881	1486949573
GLOBAL	V	2600001	2610000	0.025392412109144	7399	103845044	4089609272	1630897982
GLOBAL	V	2610001	2620000	0.024222097329551	7712	121940732	5034276361	928225591
GLOBAL	V	2620001	2630000	0.01847887100221	7176	93688972	5070059312	478036384
GLOBAL	V	2630001	2640000	0.02532290837636	8105	156583028	6183453562	82894768
GLOBAL	V	2640001	2650000	0.01528890149508	7903	91022552	5953505033	156667805
GLOBAL	V	2650001	2660000	0.015727355481283	8118	89421436	5685726129	590673099
GLOBAL	V	2660001	2670000	0.018971273342686	8105	104538424	5510353581	755994749
GLOBAL	V	2670001	2680000	0.01621479331033	8120	73326044	4522169515	1764280611
GLOBAL	V	2680001	2690000	0.0159532510581	8104	80934324	5073218224	1192356960
GLOBAL	V	2690001	2700000	0.017906372849658	7866	95745180	5346989075	734577361
GLOBAL	V	2700001	2710000	0.01273600639291	8501	81590892	6406316822	166197324
GLOBAL	V	2710001	2720000	0.0090260679750094	7755	51411260	5695864483	299882747
GLOBAL	V	2720001	2730000	0.020054838610428	8632	129617304	6463143709	210652563
GLOBAL	V	2730001	2740000	0.019861625682622	8444	125690568	6328312194	200132630
GLOBAL	V	2740001	2750000	0.016055734404288	7786	91477224	5697479897	322234859
GLOBAL	V	2750001	2760000	0.023786323115978	7143	118898548	4998609807	523972071
GLOBAL	V	2760001	2770000	0.018601800480295	7802	103651156	5572103416	459981676
GLOBAL	V	2770001	2780000	0.015883211710291	7394	67456336	4247021146	1492041612
GLOBAL	V	2780001	2790000	0.0098596595363667	8538	59633232	6048203975	552916573
GLOBAL	V	2790001	2800000	0.00062997735578418	5306	329320	522748948	3658424620
GLOBAL	V	2800001	2810000	0.00010042871418285	4247	35280	351293953	3192807311
GLOBAL	V	2810001	2820000	3.1404666952681e-05	3230	4184	133228606	2516342736
GLOBAL	V	2820001	2830000	0.00012966149087634	2467	10820	83448061	2235216793
GLOBAL	V	2830001	2840000	0.00042694345288049	1346	5708	13369452	1051252590
GLOBAL	V	2840001	2850000	0.00015779553578273	2588	33652	213263321	1945360311
GLOBAL	V	2850001	2860000	0.0074404811940708	7381	35465156	4766513761	950900909
GLOBAL	V	2860001	2870000	0.004205549706872	9152	29355536	6980189998	95642194
GLOBAL	V	2870001	2880000	0.0073884183550343	8995	50666472	6857553209	96895061
GLOBAL	V	2880001	2890000	0.00059480183174499	9106	4137900	6956770775	83496701
GLOBAL	V	2890001	2900000	0.0048753628955535	9085	33253652	6820754211	203277199
GLOBAL	V	2900001	2910000	0.0017097348490464	8681	10962728	6411946277	299734149
GLOBAL	V	2910001	2920000	0.0022502032577048	9005	15378928	6834461708	127718022
GLOBAL	V	2920001	2930000	0.0023321569672301	9294	16561768	7101480832	84138092
GLOBAL	V	2930001	2940000	0.0019344758198979	9160	13511140	6984393323	97624037
GLOBAL	V	2940001	2950000	0.0083948112639824	7702	48715684	5803070786	151699706
GLOBAL	V	2950001	2960000	0.0071827998973837	7446	39141312	5449311210	307533906
GLOBAL	V	2960001	2970000	0.01864764745077	7778	96851740	5193777942	819751646
GLOBAL	V	2970001	2980000	0.0032894239707641	9187	22378392	6803133983	299758319
GLOBAL	V	2980001	2990000	0.00073109805677902	9003	4869460	6660474549	300158889
GLOBAL	V	2990001	3000000	0.008100410082279	9124	56392212	6961649031	92535073
GLOBAL	V	3000001	3010000	0.016781814322634	8736	107199644	6387845911	366357545
GLOBAL	V	3010001	3020000	0.019138619966028	8337	116639672	6094466174	351252028
GLOBAL	V	3020001	3030000	0.024206388617316	8987	163824884	6767836648	180426454
GLOBAL	V	3030001	3040000	0.020800666442827	8472	126141368	6064294543	485798369
GLOBAL	V	3040001	3050000	0.030890630913823	8079	177180736	5735743517	510503017
GLOBAL	V	3050001	3060000	0.027905899844331	8741	168328884	6032017779	726051407
GLOBAL	V	3060001	3070000	0.026301812199427	8029	143092548	5440406422	767182812
GLOBAL	V	3070001	3080000	0.017320745547709	8118	97606076	5635212164	641187064
GLOBAL	V	3080001	3090000	0.021155356014917	8672	140862664	6658487047	46235065
GLOBAL	V	3090001	3100000	0.017815497849623	8208	111051396	6233415251	112567117
GLOBAL	V	3100001	3110000	0.021350025922232	7392	110796228	5189512575	525582657
GLOBAL	V	3110001	3120000	0.019958699035348	8519	120312432	6028069855	558360919
GLOBAL	V	3120001	3130000	0.020275161359853	8243	123861700	6109036461	264006017
GLOBAL	V	3130001	3140000	0.02175723173515	8418	136144132	6257419770	250923258
GLOBAL	V	3140001	3150000	0.020143977130366	8362	120292080	5971615199	493431653
GLOBAL	V	3150001	3160000	0.0047300978091652	9330	33519504	7086429362	127022818
GLOBAL	V	3160001	3170000	0.00031146835559534	9758	2336056	7500139125	44219543
GLOBAL	V	3170001	3180000	0.00080582784431713	9739	6001668	7447829015	81839879
GLOBAL	V	3180001	3190000	0.00023776123117568	9532	1741148	7323094650	46533022
GLOBAL	V	3190001	3200000	0.00076059102558619	9431	5504884	7237639960	53899966
GLOBAL	V	3200001	3210000	0.00058864315618939	9326	4207984	7148616196	61743400
GLOBAL	V	3210001	3220000	0.00033345976086283	9575	2446892	7337892865	64980085
GLOBAL	V	3220001	3230000	0.00050571428596425	9631	3716852	7349707341	96461785
GLOBAL	V	3230001	3240000	0.0004515129133463	9616	3336432	7389449784	45122152
GLOBAL	V	3240001	3250000	0.00045246201696317	9536	3318200	7333654264	39065992
GLOBAL	V	3250001	3260000	0.00044460245038651	9327	3188340	7171215537	39917205
GLOBAL	V	3260001	3270000	0.00061935667507634	9623	4570548	7379508745	60475213
GLOBAL	V	3270001	3280000	0.00056320215549386	9721	4206636	7469140448	46611818
GLOBAL	V	3280001	3290000	0.0087993858687612	8695	53397832	6068358951	654145519
GLOBAL	V	3290001	3300000	0.016635587890262	7913	83241352	5003811861	1114092437
GLOBAL	V	3300001	3310000	0.020657154740219	8634	98328384	4760015851	1915326713
GLOBAL	V	3310001	3320000	0.025336034664587	8137	148501504	5861276477	429812525
GLOBAL	V	3320001	3330000	0.0095238039247761	8312	56423700	5924491983	501897569
GLOBAL	V	3330001	3340000	0.0017432475633636	9141	12160956	6976034991	91292595
GLOBAL	V	3340001	3350000	0.01304321251095	9015	86486304	6630751736	339159454
GLOBAL	V	3350001	3360000	0.020437910056238	9089	138679060	6785383614	241740380
GLOBAL	V	3360001	3370000	0.0010938019897126	9401	7866788	7192150018	76195528
GLOBAL	V	3370001	3380000	0.001014547801562	9600	7470468	7363347482	58854118
GLOBAL	V	3380001	3390000	0.00076616448864356	9480	5417576	7071035111	258388969
GLOBAL	V	3390001	3400000	0.00099573443490038	9620	7277568	7308743923	128920597
GLOBAL	V	3400001	3410000	0.00070408475783477	9489	5090592	7230084082	106298312
GLOBAL	V	3410001	3420000	0.00079110058786802	9578	5820168	7357051795	48140593
GLOBAL	V	3420001	3430000	0.01991390982159	8684	113854024	5717311418	996688446
GLOBAL	V	3430001	3440000	0.0047073630048384	6866	15837888	3364492601	1976399967
GLOBAL	V	3440001	3450000	0.0088145425519476	8358	47170888	5351484518	1110469750
GLOBAL	V	3450001	3460000	0.010436156098375	8670	65552232	6281262122	421913698
GLOBAL	V	3460001	3470000	0.019547024103998	8777	126049216	6448511821	337390621
GLOBAL	V	3470001	3480000	0.010091153021173	8869	67188000	6658109322	198922552
GLOBAL	V	3480001	3490000	0.019903087048169	8805	129748000	6518988722	288561808
GLOBAL	V	3490001	3500000	0.00051840281451405	9644	3846360	7419635643	36584381
GLOBAL	V	3500001	3510000	0.00058396037834128	9613	4267820	7308406800	123845698
GLOBAL	V	3510001	3520000	0.00043753132330667	9416	3164832	7233383832	46558904
GLOBAL	V	3520001	3530000	0.00066526739386826	9644	4879072	7334001403	122218621
GLOBAL	V	3530001	3540000	0.0010487588042826	9475	7626400	7271834066	53724284
GLOBAL	V	3540001	3550000	0.00055993051792283	9732	4187228	7478120706	46136166
GLOBAL	V	3550001	3560000	0.0013797483819038	9232	9675712	7012664140	125019732
GLOBAL	V	3560001	3570000	0.0084886753269346	8932	55883736	6583328240	322411832
GLOBAL	V	3570001	3580000	0.0075688889417665	8809	48612184	6422631429	388011685
GLOBAL	V	3580001	3590000	0.011989254951554	8939	78607936	6556532188	354619906
GLOBAL	V	3590001	3600000	0.0032305470722079	8453	18938112	5862199676	673203462
GLOBAL	V	3600001	3610000	0.0010020147718579	9511	7275448	7260819106	92572500
GLOBAL	V	3610001	3620000	0.00063853923930456	9441	4631752	7253668553	45602833
GLOBAL	V	3620001	3630000	0.00068082279713569	9688	5069236	7445749498	44488950
GLOBAL	V	3630001	3640000	0.00050150983147771	9554	3676300	7330464468	56172416
GLOBAL	V	3640001	3650000	0.00061606119650124	9659	4575240	7426599867	41217347
GLOBAL	V	3650001	3660000	0.00047191992415182	8970	3186056	6751264011	183855609
GLOBAL	V	3660001	3670000	NA	0	NA	NA	NA
GLOBAL	V	3670001	3680000	0.00013756753717498	3158	260560	1894051499	555275029
GLOBAL	V	3680001	3690000	0.0014391482195308	9587	10543628	7326297498	85853204
GLOBAL	V	3690001	3700000	0.013249074989481	9074	90732168	6848188879	167337925
GLOBAL	V	3700001	3710000	0.011154157889126	8315	68035952	6099604531	329104459
GLOBAL	V	3710001	3720000	0.011652014370706	8824	78412816	6729550231	92690073
GLOBAL	V	3720001	3730000	0.0090375074361348	8920	61679080	6824788852	71673468
GLOBAL	V	3730001	3740000	0.011667446672191	8706	73119520	6266968434	464040642
GLOBAL	V	3740001	3750000	0.0020694899752472	9184	13644292	6593069869	507502995
GLOBAL	V	3750001	3760000	0.00076824254910662	9442	5561828	7239677113	60367419
GLOBAL	V	3760001	3770000	0.0029982526919656	8885	20282284	6764701339	104700871
GLOBAL	V	3770001	3780000	0.002148577321649	9378	15125452	7039752234	210810954
GLOBAL	V	3780001	3790000	0.0027836211315365	9313	19873944	7139600923	60707775
GLOBAL	V	3790001	3800000	0.0022669907147883	9246	15325724	6760382343	388125573
GLOBAL	V	3800001	3810000	0.0025649655321573	8936	17450444	6803383430	105449226
GLOBAL	V	3810001	3820000	0.016178120532241	8639	90753252	5609628870	1069579424
GLOBAL	V	3820001	3830000	0.0050342280484997	9047	34454832	6844114265	150537597
GLOBAL	V	3830001	3840000	0.004054334882945	9359	28447288	7016511665	219361749
GLOBAL	V	3840001	3850000	0.024787486404512	8973	163641444	6601776450	335662608
GLOBAL	V	3850001	3860000	0.030276073240816	7696	160755432	5309652633	643571567
GLOBAL	V	3860001	3870000	0.023773311723468	8664	155577172	6544194339	154342605
GLOBAL	V	3870001	3880000	0.024023969424743	7995	114729052	4775607643	1442032489
GLOBAL	V	3880001	3890000	0.00049249068339864	8045	949452	1927857789	4323800767
GLOBAL	V	3890001	3900000	0.00031471358115287	8343	529516	1682533045	4787925829
GLOBAL	V	3900001	3910000	0.00069594232733111	5954	921884	1324655742	3287160148
GLOBAL	V	3910001	3920000	0.015819418265177	8128	80880156	5112713669	1176055895
GLOBAL	V	3920001	3930000	0.0037749973172795	8542	24446428	6475879569	128333563
GLOBAL	V	3930001	3940000	0.0034698616361874	9284	24500452	7060930541	116956923
GLOBAL	V	3940001	3950000	0.0031259456800387	8703	20680336	6615705491	112984147
GLOBAL	V	3950001	3960000	0.0031945921490653	9265	22704872	7107283478	55914212
GLOBAL	V	3960001	3970000	0.0018383623257301	9436	13305816	7237863730	57541926
GLOBAL	V	3970001	3980000	0.0019609420228788	9407	13966284	7122231987	150752435
GLOBAL	V	3980001	3990000	0.0026085288373077	9427	18813320	7212233858	76213484
GLOBAL	V	3990001	4000000	0.0019782754238318	9250	14001700	7077730346	73870154
GLOBAL	V	4000001	4010000	0.0018408935549929	8888	12549436	6817035111	54686537
GLOBAL	V	4010001	4020000	0.0016054680186769	8954	10953420	6822571283	100178001
GLOBAL	V	4020001	4030000	0.0028890405756196	9345	20579992	7123469353	101580017
GLOBAL	V	4030001	4040000	0.0017369551442524	7625	8543492	4918660121	1013689137
GLOBAL	V	4040001	4050000	0.00070510332714388	9565	5191556	7362830099	32311391
GLOBAL	V	4050001	4060000	0.010732954592558	9348	76093804	7089735016	137633792
GLOBAL	V	4060001	4070000	0.014187591525516	8862	90637776	6388524496	463095356
GLOBAL	V	4070001	4080000	0.021486701060592	8781	131309744	6111210075	697886747
GLOBAL	V	4080001	4090000	0.014602492014866	8946	96466644	6606176802	310387314
GLOBAL	V	4090001	4100000	0.014385103522906	9019	95305488	6625290381	347713393
GLOBAL	V	4100001	4110000	0.024274658800003	8950	162486464	6693666236	225990464
GLOBAL	V	4110001	4120000	0.023496734210116	9193	155238784	6606823851	500707327
GLOBAL	V	4120001	4130000	0.018953681574224	8970	127937696	6750018222	185101398
GLOBAL	V	4130001	4140000	0.030803303560608	9524	219505228	7126028790	237413714
GLOBAL	V	4140001	4150000	0.029318032702679	8754	192146176	6553856391	214263693
GLOBAL	V	4150001	4160000	0.025269885095263	8765	151088092	5978978196	797646494
GLOBAL	V	4160001	4170000	0.027156160543734	8192	131647248	4847785746	1485826286
GLOBAL	V	4170001	4180000	0.026265439747028	9030	180425716	6869320207	112188173
GLOBAL	V	4180001	4190000	0.02159634544335	9027	145332608	6729500062	249688880
GLOBAL	V	4190001	4200000	0.025467937099322	9032	174586828	6855161740	127892932
GLOBAL	V	4200001	4210000	0.0065996716653324	7880	28795892	4363231000	1729159480
GLOBAL	V	4210001	4220000	0.0090314513238806	8867	60823696	6734653581	120832001
GLOBAL	V	4220001	4230000	0.0052492333224705	5898	14433848	2749705931	1903859843
GLOBAL	V	4230001	4240000	0.0050817984964329	8720	30620192	6025463627	716369493
GLOBAL	V	4240001	4250000	0.0035550101038107	8859	23041012	6481278907	380391843
GLOBAL	V	4250001	4260000	0.0039721240425112	9082	27703380	6974449867	47262105
GLOBAL	V	4260001	4270000	0.0038712041231802	8836	26290184	6791216160	40301896
GLOBAL	V	4270001	4280000	0.0045774365092226	8830	30794696	6727498227	99380953
GLOBAL	V	4280001	4290000	0.005572954578778	9157	38587188	6924009061	155688861
GLOBAL	V	4290001	4300000	0.0050495342086517	8840	31935840	6324512060	522468916
GLOBAL	V	4300001	4310000	0.0045515510314236	9350	32501464	7140744721	88170379
GLOBAL	V	4310001	4320000	0.0054115852622381	9232	38243148	7066902977	70780895
GLOBAL	V	4320001	4330000	0.0045047998244554	8473	28562360	6340428235	214303553
GLOBAL	V	4330001	4340000	0.00055666307700952	3555	100960	181366439	3097545747
GLOBAL	V	4340001	4350000	0.014835115046126	4671	31882808	2149144641	1507835939
GLOBAL	V	4350001	4360000	0.011154356979689	9214	78471292	7035035022	88732222
GLOBAL	V	4360001	4370000	0.0039215495214862	9320	27581124	7033220886	172499834
GLOBAL	V	4370001	4380000	0.0031489680894139	9543	22440792	7126395493	251736785
GLOBAL	V	4380001	4390000	0.00070977776742775	9781	5337180	7519508563	42632463
GLOBAL	V	4390001	4400000	0.00049562769996218	9693	3692676	7450503675	43600503
GLOBAL	V	4400001	4410000	0.00058257306076755	9674	4261748	7315388038	164026366
GLOBAL	V	4410001	4420000	0.00063158846925083	9590	4619976	7314851719	99618421
GLOBAL	V	4420001	4430000	0.00078853350881254	9181	5551676	7040507395	57746031
GLOBAL	V	4430001	4440000	0.00050619193313598	9547	3716076	7341239077	39985785
GLOBAL	V	4440001	4450000	0.00047146416948674	9770	3522896	7472245460	81390960
GLOBAL	V	4450001	4460000	0.00058037075425364	9881	4413332	7604332175	35123451
GLOBAL	V	4460001	4470000	0.00049633363137863	9677	3689808	7434128511	47605331
GLOBAL	V	4470001	4480000	0.00035832353258004	9416	2570204	7172858510	107084226
GLOBAL	V	4480001	4490000	0.00057053393764642	9796	4270500	7485093731	88644485
GLOBAL	V	4490001	4500000	0.00059645039101835	9648	4382528	7347682332	111630276
GLOBAL	V	4500001	4510000	0.00070836952168174	9632	5209304	7353935821	93006451
GLOBAL	V	4510001	4520000	0.00095981223656954	7853	5476380	5705678456	365837082
GLOBAL	V	4520001	4530000	0.00038239311320432	8142	2221712	5810020953	518179057
GLOBAL	V	4530001	4540000	0.00041244670160258	9563	2958464	7172960745	220634453
GLOBAL	V	4540001	4550000	0.0017085954215753	8944	10677512	6249292176	665725648
GLOBAL	V	4550001	4560000	0.00059560055264007	9334	4151544	6970349476	246195288
GLOBAL	V	4560001	4570000	0.00072586204861725	9773	5458420	7519913750	36042108
GLOBAL	V	4570001	4580000	0.0007117137076666	9654	5284400	7424895633	39055851
GLOBAL	V	4580001	4590000	0.00071453404877586	9902	5438840	7611729643	43962049
GLOBAL	V	4590001	4600000	0.00076983339758302	9528	5602200	7277158951	89376137
GLOBAL	V	4600001	4610000	0.0010563648810798	8896	5731184	5425382936	1452523880
GLOBAL	V	4610001	4620000	0.0016744250810717	9420	10850432	6480094047	802941273
GLOBAL	V	4620001	4630000	0.0043378559951206	9197	30629264	7060922270	49701492
GLOBAL	V	4630001	4640000	0.0089819276197408	8620	58386864	6500482577	164035943
GLOBAL	V	4640001	4650000	0.012754235095304	8446	82643416	6479684229	50306887
GLOBAL	V	4650001	4660000	0.017133316491376	9067	115079240	6716693762	293421020
GLOBAL	V	4660001	4670000	0.015926248275045	8650	104471292	6559692540	128020360
GLOBAL	V	4670001	4680000	0.0098033723752174	8679	64991540	6629508450	80625684
GLOBAL	V	4680001	4690000	0.0050741161426009	8590	33283372	6559442288	81881852
GLOBAL	V	4690001	4700000	0.0034264337798568	9086	23019556	6718225852	306578704
GLOBAL	V	4700001	4710000	0.0027126627579548	8787	17565660	6475430810	318203092
GLOBAL	V	4710001	4720000	0.0025062357210587	9162	17475456	6972790250	110773402
GLOBAL	V	4720001	4730000	0.002408611167943	9044	16558284	6874618959	117713465
GLOBAL	V	4730001	4740000	0.0031474702907331	9065	21741504	6907612143	100956347
GLOBAL	V	4740001	4750000	0.0022282081801614	9374	16029768	7194017212	53453392
GLOBAL	V	4750001	4760000	0.00061350180795071	9467	4446000	7246922409	72450773
GLOBAL	V	4760001	4770000	0.00045212052732541	9640	3337500	7381881154	71246286
GLOBAL	V	4770001	4780000	0.00042577752869562	9603	3135076	7363178629	61342409
GLOBAL	V	4780001	4790000	0.00033319916140474	9700	2479508	7441519329	57996871
GLOBAL	V	4790001	4800000	0.00040654059051174	9450	2917572	7176582285	129647415
GLOBAL	V	4800001	4810000	0.0014102413153832	9626	10369920	7353294707	89008689
GLOBAL	V	4810001	4820000	0.0029251684450747	8937	19223000	6571587367	356573939
GLOBAL	V	4820001	4830000	0.0037013174687284	9224	26118392	7056512234	74986470
GLOBAL	V	4830001	4840000	0.0053983582323202	9241	37832676	7008181816	136460370
GLOBAL	V	4840001	4850000	0.0049654353467822	9368	35560976	7161703560	81128168
GLOBAL	V	4850001	4860000	0.0041033311157253	9602	28115296	6851822387	571925505
GLOBAL	V	4860001	4870000	0.00664193907126	9322	47447568	7143631926	63635086
GLOBAL	V	4870001	4880000	0.00036699093246802	9545	2612160	7117778040	261900530
GLOBAL	V	4880001	4890000	0.00023776131217111	6660	1036112	4357782141	824615497
GLOBAL	V	4890001	4900000	0.00066515508253587	9635	4921832	7399525508	49736202
GLOBAL	V	4900001	4910000	0.00061299026428469	9451	4454032	7266072986	40929860
GLOBAL	V	4910001	4920000	0.00055081831873049	9613	4016380	7291660178	140592320
GLOBAL	V	4920001	4930000	0.00044845721835365	9277	2949616	6577251696	596770038
GLOBAL	V	4930001	4940000	0.00042101289920346	8679	2017792	4792708261	1918199019
GLOBAL	V	4940001	4950000	0.00053130932900623	9624	3929792	7396429510	44327594
GLOBAL	V	4950001	4960000	0.00034274138983189	9624	2519100	7349856407	90900697
GLOBAL	V	4960001	4970000	0.0010549614524862	9487	7606092	7209829309	125006793
GLOBAL	V	4970001	4980000	0.0012132672978737	9221	7678112	6328458711	807678869
GLOBAL	V	4980001	4990000	0.0032710146203479	2008	1426888	436221835	1270884533
GLOBAL	V	4990001	5000000	0.0023779754337123	419	60564	25468724	306210910
GLOBAL	V	5000001	5010000	NA	0	NA	NA	NA
GLOBAL	V	5010001	5020000	0	2	0	2	2319436
GLOBAL	V	5020001	5030000	0.0015836856655201	707	92132	58175686	491531120
GLOBAL	V	5030001	5040000	0.0006463265687068	8532	3939652	6095451109	519586067
GLOBAL	V	5040001	5050000	0.00045683164254971	9387	3207664	7021545141	235976361
GLOBAL	V	5050001	5060000	0.0010424493580529	9461	7514444	7208449928	106284378
GLOBAL	V	5060001	5070000	0.00055074940207717	9203	3855228	6999967654	115294984
GLOBAL	V	5070001	5080000	0.00065330516248475	9424	4713848	7215384587	70743317
GLOBAL	V	5080001	5090000	0.00062687915509268	9691	4663832	7439762452	52795434
GLOBAL	V	5090001	5100000	0.00065619544246593	9694	4885604	7445348876	49528448
GLOBAL	V	5100001	5110000	0.00044639731934155	9257	3176568	7116010474	41002048
GLOBAL	V	5110001	5120000	0.0004753915985031	9341	3401096	7154303969	67652817
GLOBAL	V	5120001	5130000	0.00053479978199296	9694	3980708	7443361299	51516025
GLOBAL	V	5130001	5140000	0.00037795574534911	9605	2779440	7353876834	72190496
GLOBAL	V	5140001	5150000	0.00040297348537044	9788	3032928	7526371114	41181934
GLOBAL	V	5150001	5160000	0.0007472757641059	9639	5534584	7406347517	46006777
GLOBAL	V	5160001	5170000	0.00035260142943123	9631	2608424	7397655773	48513353
GLOBAL	V	5170001	5180000	0.00061663655411609	9159	3781752	6132870286	963063702
GLOBAL	V	5180001	5190000	0.00098167886106258	8161	3393372	3456702731	2864538965
GLOBAL	V	5190001	5200000	0.00056136237386157	9169	3602932	6418192896	670782778
GLOBAL	V	5200001	5210000	0.0007435139957593	9558	5114468	6878778381	510951087
GLOBAL	V	5210001	5220000	0.00032899009698471	9780	2474380	7521138243	40229637
GLOBAL	V	5220001	5230000	0.00068309105763533	9691	5065744	7415913213	76644673
GLOBAL	V	5230001	5240000	0.00071361286183954	9553	5229712	7328500199	57363539
GLOBAL	V	5240001	5250000	0.00037811035400722	9686	2795816	7394179954	94512202
GLOBAL	V	5250001	5260000	0.0013444027831142	9071	7927996	5897039265	1116168101
GLOBAL	V	5260001	5270000	0.0014363292001432	9162	9125936	6353652073	729911579
GLOBAL	V	5270001	5280000	0.00048201596795452	9246	3411188	7076919079	71588837
GLOBAL	V	5280001	5290000	0.00050160858913694	9487	3607196	7191256446	143579656
GLOBAL	V	5290001	5300000	0.00029454593305435	9597	2173060	7377660854	42221308
GLOBAL	V	5300001	5310000	0.00063855063903729	9766	4793376	7506649758	43894078
GLOBAL	V	5310001	5320000	0.00044767472524294	9147	3143896	7022723917	49242545
GLOBAL	V	5320001	5330000	0.00059819378479476	9643	4431956	7408896770	46550108
GLOBAL	V	5330001	5340000	0.00059248568711137	9599	4371736	7378635628	42792826
GLOBAL	V	5340001	5350000	0.00039752724244621	9623	2937376	7389118748	50865210
GLOBAL	V	5350001	5360000	0.00085528448563241	9551	6262544	7322176545	62140901
GLOBAL	V	5360001	5370000	0.0013255146458748	9639	9839220	7422943255	29411039
GLOBAL	V	5370001	5380000	0.002068341670879	9158	14556768	7037893306	42577762
GLOBAL	V	5380001	5390000	0.0014758853677669	9003	10143152	6872587954	88045484
GLOBAL	V	5390001	5400000	0.0019622903990189	8738	12834220	6540428474	215321274
GLOBAL	V	5400001	5410000	0.0021942891451641	8974	15049368	6858425214	79786990
GLOBAL	V	5410001	5420000	0.0023415283433003	9511	16998276	7259479070	93912536
GLOBAL	V	5420001	5430000	0.0045410813761363	9644	33746788	7431443131	24776893
GLOBAL	V	5430001	5440000	0.015961298690655	9249	113583252	7116166059	34661295
GLOBAL	V	5440001	5450000	0.020172080271563	9291	143422132	7109932643	73366843
GLOBAL	V	5450001	5460000	0.012401340687578	9453	89570888	7222677794	85871344
GLOBAL	V	5460001	5470000	0.02124798822002	9101	148034128	6966971483	69430263
GLOBAL	V	5470001	5480000	0.017855383970391	9059	123644676	6924783931	79145683
GLOBAL	V	5480001	5490000	0.0069211864305368	9128	48339028	6984211231	73065457
GLOBAL	V	5490001	5500000	0.0053293451781646	9393	38307432	7188018550	74141828
GLOBAL	V	5500001	5510000	0.0052659677942752	9001	35534224	6747899985	211187161
GLOBAL	V	5510001	5520000	0.0016900898587324	8776	11386760	6737369579	47759717
GLOBAL	V	5520001	5530000	0.0016661803162277	8761	11212628	6729540549	43991557
GLOBAL	V	5530001	5540000	0.0084826335230719	8827	57255848	6749772679	74787063
GLOBAL	V	5540001	5550000	0.019833724376034	9002	135709900	6842381059	117479233
GLOBAL	V	5550001	5560000	0.019809801051234	8893	133178052	6722836421	152750957
GLOBAL	V	5560001	5570000	0.022022883173362	9269	154534616	7017002033	149288241
GLOBAL	V	5570001	5580000	0.017555805103455	9042	120630904	6871282934	119503198
GLOBAL	V	5580001	5590000	0.019559451557901	9369	140673508	7192098796	51506078
GLOBAL	V	5590001	5600000	0.020206227248344	9450	147284796	7289079460	17150240
GLOBAL	V	5600001	5610000	0.018168135076344	9478	132238592	7278600222	49277566
GLOBAL	V	5610001	5620000	0.011352928360204	9462	82772024	7290808272	24699180
GLOBAL	V	5620001	5630000	0.016402918266298	9313	117095164	7138678746	61629952
GLOBAL	V	5630001	5640000	0.018010599726417	8659	117847184	6543212652	151458562
GLOBAL	V	5640001	5650000	0.013335158786457	8938	91483316	6860309462	50069486
GLOBAL	V	5650001	5660000	0.012635404794194	8554	81606408	6458551137	154939747
GLOBAL	V	5660001	5670000	0.01701045025951	9081	117280320	6894604094	126334732
GLOBAL	V	5670001	5680000	0.0088306709731651	9037	58415224	6615037994	371882408
GLOBAL	V	5680001	5690000	0.015572829272147	8798	98557268	6328796539	473341969
GLOBAL	V	5690001	5700000	0.00096098435547102	9307	6823132	7100148885	95520937
GLOBAL	V	5700001	5710000	0.001807753972084	9195	12747720	7051689664	57387806
GLOBAL	V	5710001	5720000	0.0016916928580733	9372	12132468	7171791228	74133084
GLOBAL	V	5720001	5730000	0.00087374659348916	9504	1976628	2262244013	5085735571
GLOBAL	V	5730001	5740000	0.00085119695441221	9004	3784592	4446200119	2515206465
GLOBAL	V	5740001	5750000	0.0016894996671481	9078	11680184	6913398225	105221163
GLOBAL	V	5750001	5760000	0.0018504912663385	9008	12724672	6876375064	88124104
GLOBAL	V	5760001	5770000	0.0015032778525215	9276	10678928	7103761944	67940352
GLOBAL	V	5770001	5780000	0.0018563022531983	9359	13275716	7151699556	84173858
GLOBAL	V	5780001	5790000	0.0021064781992641	9513	15366608	7294928571	60009327
GLOBAL	V	5790001	5800000	0.0019239136308284	9391	13850052	7198894887	61719199
GLOBAL	V	5800001	5810000	0.0026375148432819	9252	18551012	7033519469	119627323
GLOBAL	V	5810001	5820000	0.0013402313824128	9357	9588016	7154000515	80326607
GLOBAL	V	5820001	5830000	0.00077262026692016	8881	5246696	6790782257	75527369
GLOBAL	V	5830001	5840000	0.00079384375256089	8784	5314704	6694899321	96415143
GLOBAL	V	5840001	5850000	0.00037630115560912	9372	2686028	7137974359	107949953
GLOBAL	V	5850001	5860000	0.00032586633558564	5244	1128488	3463039525	591338099
GLOBAL	V	5860001	5870000	0.0086906928615102	8635	54797768	6305339387	399382725
GLOBAL	V	5870001	5880000	0.015152385751833	8471	96257840	6352652419	196667347
GLOBAL	V	5880001	5890000	0.0075551816953455	9348	54155628	7168011331	59357477
GLOBAL	V	5890001	5900000	0.00064768156803471	9381	4629316	7147518516	105364110
GLOBAL	V	5900001	5910000	0.0010502631612702	8957	7191768	6847586648	77482074
GLOBAL	V	5910001	5920000	0.0013733231508866	7722	5141096	3743544261	2256068699
GLOBAL	V	5920001	5930000	0.0011581403163213	8222	6607688	5705429564	653696286
GLOBAL	V	5930001	5940000	0.0016355129868099	8668	9435452	5769108577	932520951
GLOBAL	V	5940001	5950000	0.00058029653239128	9423	4141000	7136006798	149347960
GLOBAL	V	5950001	5960000	0.00044385758132785	9396	3203500	7217405165	47074651
GLOBAL	V	5960001	5970000	0.00035660875263771	9666	2649696	7430260700	42968536
GLOBAL	V	5970001	5980000	0.00036973679946066	9368	2657208	7186755562	56076166
GLOBAL	V	5980001	5990000	0.00041678380474285	8698	2692956	6461277932	268957998
GLOBAL	V	5990001	6000000	0.0013979076998818	9050	9688260	6930543412	66427888
GLOBAL	V	6000001	6010000	0.0016859982695488	9007	11647900	6908607328	55118694
GLOBAL	V	6010001	6020000	0.0014388221848853	9256	10215120	7099640322	56599054
GLOBAL	V	6020001	6030000	0.0010792777112352	9504	7890596	7310996899	36982685
GLOBAL	V	6030001	6040000	0.0016981719703743	9547	12440948	7326082527	55142335
GLOBAL	V	6040001	6050000	0.0019071483211588	9260	13546924	7103235679	56096281
GLOBAL	V	6050001	6060000	0.0015594355095398	9608	11468180	7354058523	74328245
GLOBAL	V	6060001	6070000	0.0017007611674148	9714	12693412	7463371250	46968994
GLOBAL	V	6070001	6080000	0.0017302434815174	9142	12143676	7018478110	49622622
GLOBAL	V	6080001	6090000	0.0021697306239026	9327	15570488	7176230924	34901818
GLOBAL	V	6090001	6100000	0.002584986184668	9638	19158488	7411446960	40134188
GLOBAL	V	6100001	6110000	0.0019644683197783	9338	14101116	7178082669	41554679
GLOBAL	V	6110001	6120000	0.0015827361251446	9385	11433596	7223943283	32031927
GLOBAL	V	6120001	6130000	0.001367599261769	9243	9478328	6930632580	215555898
GLOBAL	V	6130001	6140000	0.0010544891914594	9555	7741996	7341939645	45470385
GLOBAL	V	6140001	6150000	0.00075957809835712	9286	5403392	7113675357	65758399
GLOBAL	V	6150001	6160000	0.00051940564418814	9228	3680324	7085644989	48946299
GLOBAL	V	6160001	6170000	0.00066667249912376	9192	4679220	7018768595	87989437
GLOBAL	V	6170001	6180000	0.0014972582930659	9118	10488880	7005391153	44154075
GLOBAL	V	6180001	6190000	0.0013303616325795	9269	9461732	7112150387	54139887
GLOBAL	V	6190001	6200000	0.0016417728061826	9301	11714172	7135074936	55956010
GLOBAL	V	6200001	6210000	0.0017203972889252	8625	11311480	6574923172	93461078
GLOBAL	V	6210001	6220000	0.0013269126201614	9076	9228564	6954914634	62158462
GLOBAL	V	6220001	6230000	0.0013873173172754	9106	9693164	6986984073	53283403
GLOBAL	V	6230001	6240000	0.00089529756349796	9605	6599968	7371814991	54252339
GLOBAL	V	6240001	6250000	0.0014921336268776	9404	10803744	7240466809	30198175
GLOBAL	V	6250001	6260000	0.00098001546148386	9436	7123320	7268579201	26826455
GLOBAL	V	6260001	6270000	0.0011931911003392	9290	8527528	7146825012	35701328
GLOBAL	V	6270001	6280000	0.0015576764264452	9062	10748140	6900110843	106138209
GLOBAL	V	6280001	6290000	0.0017448129933228	9528	12774856	7321619021	44916067
GLOBAL	V	6290001	6300000	0.0018703012993681	9021	12914548	6905062839	69487227
GLOBAL	V	6300001	6310000	0.0016302605224773	9421	11775540	7223103202	60705264
GLOBAL	V	6310001	6320000	0.0010737605415458	9560	7888372	7346490856	44784904
GLOBAL	V	6320001	6330000	0.00034559421964117	9238	2456292	7107445265	34877483
GLOBAL	V	6330001	6340000	0.00057853671035526	9265	4122136	7125107061	38090629
GLOBAL	V	6340001	6350000	0.00033707368827865	9561	2468272	7322648091	69400815
GLOBAL	V	6350001	6360000	0.00020281399980842	9192	1429408	7047876386	58881646
GLOBAL	V	6360001	6370000	0.00049605262379642	9486	3618628	7294847011	39215945
GLOBAL	V	6370001	6380000	0.0002692856802319	9552	1977856	7344824271	40266321
GLOBAL	V	6380001	6390000	0.00035949380775579	9488	2614784	7273516104	62093144
GLOBAL	V	6390001	6400000	0.00099064418862606	9514	7221700	7289902957	65808087
GLOBAL	V	6400001	6410000	0.00042062527245893	9367	3016580	7171656573	70402009
GLOBAL	V	6410001	6420000	0.00078058151431246	8633	4729120	6058457590	647810814
GLOBAL	V	6420001	6430000	0.00036845253374207	9376	2652716	7199613945	49402951
GLOBAL	V	6430001	6440000	0.00031636459157427	8867	2151124	6799509355	55976227
GLOBAL	V	6440001	6450000	0.00040285502451831	9394	2895064	7186366866	76566658
GLOBAL	V	6450001	6460000	0.00021188523414689	9179	1489852	7031410216	65296918
GLOBAL	V	6460001	6470000	0.00030423573580031	9291	2169636	7131430482	51869004
GLOBAL	V	6470001	6480000	0.00042382052602637	9432	3066628	7235675980	56637092
GLOBAL	V	6480001	6490000	0.00070894352770159	9493	5169248	7291480630	47994348
GLOBAL	V	6490001	6500000	0.0010098552456232	9229	7049704	6980905462	154458972
GLOBAL	V	6500001	6510000	0.0014489219439746	9217	10241016	7068024639	58062043
GLOBAL	V	6510001	6520000	0.0017190128473167	9520	12562524	7307987267	52362653
GLOBAL	V	6520001	6530000	0.0014480121455775	9589	10672680	7370573536	43123458
GLOBAL	V	6530001	6540000	0.00084953469296797	9592	6243220	7348987689	67028743
GLOBAL	V	6540001	6550000	0.00099063095397092	9253	6398052	6458562570	695357368
GLOBAL	V	6550001	6560000	0.00079576853911528	7830	3748968	4711128696	1352655382
GLOBAL	V	6560001	6570000	0.0011544827025426	9359	8293436	7183681472	52191942
GLOBAL	V	6570001	6580000	0.00086307670078846	8989	5944192	6887211756	62597638
GLOBAL	V	6580001	6590000	0.0007065165181143	9276	5019080	7103981112	67721184
GLOBAL	V	6590001	6600000	0.0010873829143899	9347	7804376	7177210435	49385227
GLOBAL	V	6600001	6610000	0.001400241612547	9113	8974772	6409445284	653243426
GLOBAL	V	6610001	6620000	0.0016823309216895	9310	11644420	6921598985	276390275
GLOBAL	V	6620001	6630000	0.0012095213039963	9486	8787264	7265075837	68987119
GLOBAL	V	6630001	6640000	0.0013288089943278	9216	9395228	7070412708	54900828
GLOBAL	V	6640001	6650000	0.001082419800919	8187	6526400	6029453632	308797276
GLOBAL	V	6650001	6660000	0.00072350594304227	8332	4393784	6072906577	393686567
GLOBAL	V	6660001	6670000	0.00048760671652085	9406	3430192	7034751335	237459941
GLOBAL	V	6670001	6680000	0.00063778525002159	9090	4435756	6954936634	72960506
GLOBAL	V	6680001	6690000	0.00093160477830553	9178	6552460	7033519098	62414890
GLOBAL	V	6690001	6700000	0.0011632932784823	9203	8211164	7058550197	56712441
GLOBAL	V	6700001	6710000	0.0013146995967128	9219	9242372	7030025736	97607238
GLOBAL	V	6710001	6720000	0.0010849059976266	9056	7094688	6539449515	462160661
GLOBAL	V	6720001	6730000	0.0010713597087534	9139	7481924	6983577914	82203380
GLOBAL	V	6730001	6740000	0.0011549781129487	9322	8260772	7152319085	54947927
GLOBAL	V	6740001	6750000	0.001063871807046	9351	7619904	7162426854	67261392
GLOBAL	V	6750001	6760000	0.00087214251811255	8858	5922544	6790798381	57728887
GLOBAL	V	6760001	6770000	0.0016783850263259	9414	11831612	7049402738	228993706
GLOBAL	V	6770001	6780000	0.00091005377325683	9120	6375292	7005401425	45690095
GLOBAL	V	6780001	6790000	0.00025282343281888	9235	1793524	7093978513	46024797
GLOBAL	V	6790001	6800000	0.00031969308872319	9536	2336196	7307621223	65099033
GLOBAL	V	6800001	6810000	0.00028720740376346	9334	2060392	7173881916	42662848
GLOBAL	V	6810001	6820000	0.00055888272334291	6588	2525728	4519245084	580425932
GLOBAL	V	6820001	6830000	0.0002670278867713	8768	1345048	5037106859	1868633213
GLOBAL	V	6830001	6840000	0.00032919503210603	9306	2350380	7139779677	55116999
GLOBAL	V	6840001	6850000	0.00049469283051978	9350	3367792	6807844772	421070328
GLOBAL	V	6850001	6860000	0.00023606667644491	9785	1778008	7531804263	33429347
GLOBAL	V	6860001	6870000	0.00029747799012142	9437	2159016	7257733586	38445216
GLOBAL	V	6870001	6880000	0.00017364177143343	9290	1239132	7136140053	46386287
GLOBAL	V	6880001	6890000	0.00020506159774821	9004	1416360	6906997778	54408806
GLOBAL	V	6890001	6900000	0.00025096826254228	8668	1599440	6373076754	334737942
GLOBAL	V	6900001	6910000	0.00018385628912668	9247	1304812	7096912519	52368543
GLOBAL	V	6910001	6920000	0.00012977309329636	9606	955472	7362635626	64204850
GLOBAL	V	6920001	6930000	0.00023735422179768	9804	1734092	7305924398	273998986
GLOBAL	V	6930001	6940000	0.00024389194850942	8700	1533616	6288096058	446005602
GLOBAL	V	6940001	6950000	0.00020527953284514	9288	1463936	7131426985	49553063
GLOBAL	V	6950001	6960000	0.0002187980125517	9241	1548944	7079333043	65309143
GLOBAL	V	6960001	6970000	0.00026845269338946	9388	1930740	7192105155	66189493
GLOBAL	V	6970001	6980000	0.000100361083275	9392	724500	7218933638	42453594
GLOBAL	V	6980001	6990000	0.00021617230295904	9492	1573536	7279082373	59619459
GLOBAL	V	6990001	7000000	0.00050704409856788	9020	3331516	6570465980	403310940
GLOBAL	V	7000001	7010000	0.00020743957355263	9368	1441224	6947681078	295150650
GLOBAL	V	7010001	7020000	0.00025496424758239	9492	1855256	7276533936	62167896
GLOBAL	V	7020001	7030000	0.00011903989640686	9714	888288	7462103268	48236976
GLOBAL	V	7030001	7040000	0.00026508029328843	9158	1577120	5949593538	1130877530
GLOBAL	V	7040001	7050000	0.00020062064644273	9533	1287648	6418322455	952078363
GLOBAL	V	7050001	7060000	0.0002296825222237	9610	1691816	7365889157	64043903
GLOBAL	V	7060001	7070000	0.00023868381035566	9338	1710772	7167524255	52113093
GLOBAL	V	7070001	7080000	0.00018179627584073	9625	1342576	7385057773	56472477
GLOBAL	V	7080001	7090000	0.00020359497642395	9577	1495220	7344090833	60328409
GLOBAL	V	7090001	7100000	0.00012260554651228	9339	882436	7197357910	23052584
GLOBAL	V	7100001	7110000	0.00016901018427723	9403	1223796	7240960095	28931743
GLOBAL	V	7110001	7120000	0.00015355187125362	9491	1116664	7272226583	65702103
GLOBAL	V	7120001	7130000	0.00022096414280725	9375	1588520	7189039723	59204027
GLOBAL	V	7130001	7140000	0.00018851376784272	9676	1401896	7436570899	44389797
GLOBAL	V	7140001	7150000	0.00024245682430757	9265	1721164	7098847413	64350277
GLOBAL	V	7150001	7160000	0.00034585086397147	9445	2506080	7246129072	56234898
GLOBAL	V	7160001	7170000	0.00031629387074905	9437	2295552	7257655656	38523146
GLOBAL	V	7170001	7180000	0.00023631973384474	9556	1733928	7337212055	50971121
GLOBAL	V	7180001	7190000	0.00028253406388265	9529	2062696	7300698442	66609792
GLOBAL	V	7190001	7200000	0.00026426100924753	9428	1907644	7218787234	70433254
GLOBAL	V	7200001	7210000	0.00039325827007934	9468	2860380	7273540616	46605712
GLOBAL	V	7210001	7220000	0.00039128354445342	9368	2792300	7136257171	106574557
GLOBAL	V	7220001	7230000	0.00018496471217792	8892	1261968	6822750054	52064178
GLOBAL	V	7230001	7240000	0.00023605099951356	9642	1751184	7418668015	36005717
GLOBAL	V	7240001	7250000	0.00031097044806881	8916	2130352	6850657396	42712340
GLOBAL	V	7250001	7260000	0.00019544086316595	9145	1375188	7036338142	34082028
GLOBAL	V	7260001	7270000	0.00018784802137371	9248	1312132	6985072243	164981965
GLOBAL	V	7270001	7280000	0.00021228742648389	9571	1561920	7357571882	42208484
GLOBAL	V	7280001	7290000	0.00018103854113811	9700	1350712	7460908553	38607647
GLOBAL	V	7290001	7300000	0.00019630693710685	9474	1428908	7278948065	45837139
GLOBAL	V	7300001	7310000	0.00038420793123665	9272	2734376	7116917111	51692601
GLOBAL	V	7310001	7320000	0.00035303120470376	9201	2491764	7058197595	55518751
GLOBAL	V	7320001	7330000	0.00025097304290517	9379	1794144	7148751831	102584503
GLOBAL	V	7330001	7340000	0.00019940960055695	9263	1416296	7102446402	59204996
GLOBAL	V	7340001	7350000	0.00021628749162428	9173	1525716	7054111121	37957137
GLOBAL	V	7350001	7360000	0.00012906130897937	9566	945640	7327060352	68854284
GLOBAL	V	7360001	7370000	0.00032926567729667	9391	2367656	7190716079	69898007
GLOBAL	V	7370001	7380000	0.00022167032879393	9160	1561180	7042800940	39216420
GLOBAL	V	7380001	7390000	0.00018556601181332	9466	1351576	7283532080	35067956
GLOBAL	V	7390001	7400000	0.00015849437509451	9476	1151208	7263399722	62931774
GLOBAL	V	7400001	7410000	0.00019402857448303	9425	1406712	7250024919	36876131
GLOBAL	V	7410001	7420000	0.00034498452241062	9357	2473500	7169886877	64440245
GLOBAL	V	7420001	7430000	0.00026205168127849	9683	1952392	7450408219	35964499
GLOBAL	V	7430001	7440000	0.00038506971161033	9650	2860284	7427964116	32894784
GLOBAL	V	7440001	7450000	0.00030421925994114	9462	2211392	7269072972	46434480
GLOBAL	V	7450001	7460000	0.0013031004512186	9519	9519088	7304953345	54623429
GLOBAL	V	7460001	7470000	0.0010939769719731	9288	7795812	7126120750	54859298
GLOBAL	V	7470001	7480000	0.0014854086372307	9461	10791296	7264866872	49867434
GLOBAL	V	7480001	7490000	0.0013666178000971	9126	9560480	6995723310	60007086
GLOBAL	V	7490001	7500000	0.0010409356824089	9287	7419808	7128017730	52189172
GLOBAL	V	7500001	7510000	0.0010142907860861	9121	7085136	6985310423	66554243
GLOBAL	V	7510001	7520000	0.00075015069564132	9346	5389288	7184273815	41548701
GLOBAL	V	7520001	7530000	0.00052074986758552	9636	3842636	7379043643	70991213
GLOBAL	V	7530001	7540000	0.0007532070929574	9481	5466576	7257733034	72464192
GLOBAL	V	7540001	7550000	0.0014170497951676	9396	10213252	7207405156	57074660
GLOBAL	V	7550001	7560000	0.0015928519449219	9557	11685520	7336224837	52731485
GLOBAL	V	7560001	7570000	0.00050091220472801	9207	3542108	7071315026	47040196
GLOBAL	V	7570001	7580000	0.00025344955794125	9460	1842052	7267923507	46037653
GLOBAL	V	7580001	7590000	0.00032362731749538	9526	2370300	7324165396	40823400
GLOBAL	V	7590001	7600000	0.00040300388270322	9211	2848888	7069132885	52314921
GLOBAL	V	7600001	7610000	0.00023286925967899	9160	1637896	7033543209	48474151
GLOBAL	V	7610001	7620000	0.00025236731361814	9757	1894800	7508103854	35481668
GLOBAL	V	7620001	7630000	0.00029074320209433	9252	2066020	7105995893	47150899
GLOBAL	V	7630001	7640000	0.00030112099289828	9259	2136644	7095632820	62925994
GLOBAL	V	7640001	7650000	0.00029092719549709	9582	2137456	7347047760	61237212
GLOBAL	V	7650001	7660000	0.00034288776987471	9427	2462196	7180763551	107683791
GLOBAL	V	7660001	7670000	0.00027359800947294	9232	1939968	7090577902	47105970
GLOBAL	V	7670001	7680000	0.00018297207708224	9853	1385672	7573133683	44673855
GLOBAL	V	7680001	7690000	0.00061253871955413	9541	4464184	7288002958	88583028
GLOBAL	V	7690001	7700000	0.00033857354740314	9065	2294836	6777954207	230614283
GLOBAL	V	7700001	7710000	0.00044118904389356	9657	3224396	7308422647	157848275
GLOBAL	V	7710001	7720000	0.00029265556069493	9518	2140104	7312705745	46097883
GLOBAL	V	7720001	7730000	0.00039377400181816	9862	2974328	7553388457	71377395
GLOBAL	V	7730001	7740000	0.00030890537597254	9324	2210024	7154372089	54441215
GLOBAL	V	7740001	7750000	0.00055333049905017	9196	3897084	7042958967	66891649
GLOBAL	V	7750001	7760000	0.00058945551616606	9632	4356616	7390915651	56026621
GLOBAL	V	7760001	7770000	0.00033621739874204	9492	2440440	7258517879	80183953
GLOBAL	V	7770001	7780000	0.00046491115643901	9656	3447492	7415378083	50119693
GLOBAL	V	7780001	7790000	0.00022006072928739	9150	1487272	6758461652	322009416
GLOBAL	V	7790001	7800000	0.00030778064628735	9330	2206964	7170574325	42877855
GLOBAL	V	7800001	7810000	0.0009020205296181	9384	6492404	7197623321	57578743
GLOBAL	V	7810001	7820000	0.0013678357241948	8957	9407500	6877653386	47415336
GLOBAL	V	7820001	7830000	0.0013842597253745	8969	9509112	6869456523	64889951
GLOBAL	V	7830001	7840000	0.0012398124575446	8797	8375980	6755844361	45521001
GLOBAL	V	7840001	7850000	0.0010991601022416	9349	7889120	7177407535	50734419
GLOBAL	V	7850001	7860000	0.00055803419975186	9620	4125972	7393761891	43902629
GLOBAL	V	7860001	7870000	0.0006986012660099	9246	4943988	7076981163	71526753
GLOBAL	V	7870001	7880000	0.00099266152776168	9126	6926440	6977645256	78085140
GLOBAL	V	7880001	7890000	0.0010500524231655	9397	7585744	7224157416	41095546
GLOBAL	V	7890001	7900000	0.0012081188988478	9571	8838012	7315515061	84265305
GLOBAL	V	7900001	7910000	0.0010357392415835	8993	7142040	6895596607	57305371
GLOBAL	V	7910001	7920000	0.0011508603854469	9057	8005880	6956430251	45953071
GLOBAL	V	7920001	7930000	0.00052656191978318	9435	3803900	7224031699	70600811
GLOBAL	V	7930001	7940000	0.0003652823762398	9568	2680464	7338060017	59400911
GLOBAL	V	7940001	7950000	0.00022398987569716	9221	1586220	7081659361	47519905
GLOBAL	V	7950001	7960000	0.00024841703167179	9228	1761236	7089835943	44755345
GLOBAL	V	7960001	7970000	0.00035113926761501	9696	2612624	7440421055	56002561
GLOBAL	V	7970001	7980000	0.00029633066620082	9183	2092644	7061854336	37945382
GLOBAL	V	7980001	7990000	0.00019947232707617	9746	1494588	7492708497	42372419
GLOBAL	V	7990001	8000000	0.00020925364456449	9461	1522748	7277044102	37690204
GLOBAL	V	8000001	8010000	0.00044985249291814	9262	3156516	7016780055	144098197
GLOBAL	V	8010001	8020000	0.00041403332395973	8809	2710424	6546390938	265025322
GLOBAL	V	8020001	8030000	0.00040647967791624	9552	2909764	7158448892	226641700
GLOBAL	V	8030001	8040000	0.00029891832301288	9404	2150448	7194098971	76566013
GLOBAL	V	8040001	8050000	0.0002117995107794	9267	1504464	7103245869	61498113
GLOBAL	V	8050001	8060000	0.00023590572622858	9404	1701268	7211643512	59021472
GLOBAL	V	8060001	8070000	0.0004112278980002	9227	2908624	7073022074	60796068
GLOBAL	V	8070001	8080000	0.00040435397096238	9538	2959348	7318706412	55560136
GLOBAL	V	8080001	8090000	0.00023843407026855	9055	1656844	6948855917	51981113
GLOBAL	V	8090001	8100000	0.00033163262727991	9230	2341316	7059968795	76168785
GLOBAL	V	8100001	8110000	0.00040572517515608	9656	3003444	7402656241	62841535
GLOBAL	V	8110001	8120000	0.00029865814864553	9494	2179356	7297159009	43089115
GLOBAL	V	8120001	8130000	0.00023419331958577	9077	1571404	6709858346	327316546
GLOBAL	V	8130001	8140000	0.00020700227338966	9281	1476496	7132752582	42815444
GLOBAL	V	8140001	8150000	0.0002150583099012	9365	1543532	7177272065	63240225
GLOBAL	V	8150001	8160000	0.00024865666014446	9654	1842240	7408769984	55181500
GLOBAL	V	8160001	8170000	0.00020190181677164	9441	1467192	7266858830	32412556
GLOBAL	V	8170001	8180000	0.00027504060998546	8902	1703780	6194648856	769077166
GLOBAL	V	8180001	8190000	0.00016189556692871	9503	1180200	7289884599	57321839
GLOBAL	V	8190001	8200000	0.00033123884815918	9666	2442784	7374690540	98538696
GLOBAL	V	8200001	8210000	0.00023930768809583	9457	1734440	7247740404	63901318
GLOBAL	V	8210001	8220000	0.00023024639512379	9461	1671500	7259614202	55120104
GLOBAL	V	8220001	8230000	0.00024365105095041	9672	1814964	7449030049	28838063
GLOBAL	V	8230001	8240000	0.0003649198305635	8984	2292192	6281357734	670771098
GLOBAL	V	8240001	8250000	0.00026319605931517	9053	1827268	6942611545	56679193
GLOBAL	V	8250001	8260000	0.00028970510985243	9213	2040892	7044722135	78271963
GLOBAL	V	8260001	8270000	0.00054861118329262	9477	3981944	7258226083	68878559
GLOBAL	V	8270001	8280000	0.0002384045619918	9124	1669028	7000822409	53361695
GLOBAL	V	8280001	8290000	0.00022360413804249	9300	1598696	7149670905	40586895
GLOBAL	V	8290001	8300000	0.00029635199318699	8892	2023452	6827867018	46947214
GLOBAL	V	8300001	8310000	0.00024047778484256	9476	1751824	7284764375	41567121
GLOBAL	V	8310001	8320000	0.00033126929051407	9796	2489988	7516507178	57231038
GLOBAL	V	8320001	8330000	0.00019286894050289	9139	1284944	6662265042	403516252
GLOBAL	V	8330001	8340000	0.00035787791453613	9137	2427344	6782603512	281631490
GLOBAL	V	8340001	8350000	0.00035550441178067	9450	2585700	7273327459	32902241
GLOBAL	V	8350001	8360000	0.00034865419446265	9286	2473724	7095064506	84369250
GLOBAL	V	8360001	8370000	0.0003940880839233	9548	2891836	7338044762	43953246
GLOBAL	V	8370001	8380000	0.00022449005601079	9563	1650860	7353822389	39772809
GLOBAL	V	8380001	8390000	0.00026939132942509	9099	1879580	6977136213	57719241
GLOBAL	V	8390001	8400000	0.00022302748198212	9295	1583324	7099232731	87159339
GLOBAL	V	8400001	8410000	0.00034470167935476	9449	2500228	7253309600	52146954
GLOBAL	V	8410001	8420000	0.00040476868422425	9492	2939892	7263140936	75560896
GLOBAL	V	8420001	8430000	0.00026440146069408	9633	1956784	7400806315	46909103
GLOBAL	V	8430001	8440000	0.00017271630123134	9392	1230396	7123797761	137589471
GLOBAL	V	8440001	8450000	0.00029077923088293	9630	2150232	7394723459	50672521
GLOBAL	V	8450001	8460000	0.00019071746272312	9625	1411028	7398525441	43004809
GLOBAL	V	8460001	8470000	0.00046309644509702	9562	3400668	7343325642	49496410
GLOBAL	V	8470001	8480000	0.00031382081682905	9407	2267644	7225919628	47064794
GLOBAL	V	8480001	8490000	0.00024774110354518	9322	1773416	7158343830	48923182
GLOBAL	V	8490001	8500000	0.00024759343492325	9599	1825132	7371487861	49940593
GLOBAL	V	8500001	8510000	0.00032827135389991	9322	2334496	7111482535	95784477
GLOBAL	V	8510001	8520000	0.00020283749848623	9548	1479712	7295061372	86936636
GLOBAL	V	8520001	8530000	0.00050703494316606	9739	3788988	7472834074	56834820
GLOBAL	V	8530001	8540000	0.00023123118924165	9629	1710272	7396372460	48250374
GLOBAL	V	8540001	8550000	0.00021011742385441	9360	1501596	7146461119	90185441
GLOBAL	V	8550001	8560000	0.00041916443948828	8911	2871056	6849474167	40029839
GLOBAL	V	8560001	8570000	0.00023573067497096	9035	1633884	6931147167	54226943
GLOBAL	V	8570001	8580000	0.00012081935528255	8903	819056	6779178701	104140137
GLOBAL	V	8580001	8590000	0.00035036176262516	6611	1742712	4974035942	137232264
GLOBAL	V	8590001	8600000	0.00032188542981603	8070	1965932	6107551998	131736222
GLOBAL	V	8600001	8610000	0.00059812036968625	3559	733364	1226114403	1594322205
GLOBAL	V	8610001	8620000	4.5565279913586e-05	1766	15760	345877388	1083669566
GLOBAL	V	8620001	8630000	0.00043116649567709	3106	272036	630930285	1798294447
GLOBAL	V	8630001	8640000	0.00086786658229644	1544	679516	782972883	410764541
GLOBAL	V	8640001	8650000	0.00030681644593512	6041	1390904	4533342389	137232597
GLOBAL	V	8650001	8660000	0.00037899549824881	9214	2670784	7047007187	76760057
GLOBAL	V	8660001	8670000	0.0003250230117886	9291	2305412	7093073156	90226330
GLOBAL	V	8670001	8680000	0.00027480174944854	9357	1967172	7158513379	75813743
GLOBAL	V	8680001	8690000	0.00071139991451897	8809	4790052	6733276041	77367073
GLOBAL	V	8690001	8700000	0.00091117340845861	9346	6536372	7173576335	52246181
GLOBAL	V	8700001	8710000	0.0008298617700983	9280	5853352	7053406014	121388866
GLOBAL	V	8710001	8720000	0.00051740358526848	9166	3643524	7041938061	44718175
GLOBAL	V	8720001	8730000	0.0013017246736373	9322	9317600	7157888445	49378567
GLOBAL	V	8730001	8740000	0.00084358622207388	9597	6222148	7375829331	44052831
GLOBAL	V	8740001	8750000	0.00073140545869626	9279	5199604	7109058236	64963498
GLOBAL	V	8750001	8760000	0.0011379831687802	9097	7942800	6979716588	53592574
GLOBAL	V	8760001	8770000	0.00086271109635558	9039	5960340	6908848194	79618500
GLOBAL	V	8770001	8780000	0.00078679256216319	8952	5399516	6862693243	58509749
GLOBAL	V	8780001	8790000	0.00036248245100567	9720	2711040	7479093105	35886015
GLOBAL	V	8790001	8800000	0.00089186119346221	9562	6561196	7356745700	36076352
GLOBAL	V	8800001	8810000	0.0012763095919303	8946	8761824	6864967603	51596513
GLOBAL	V	8810001	8820000	0.00091739561436004	9203	6492704	7077321821	37940817
GLOBAL	V	8820001	8830000	0.0011588590662349	9465	8433968	7277820268	40006622
GLOBAL	V	8830001	8840000	0.00079462440797251	9457	5769896	7261161301	50480421
GLOBAL	V	8840001	8850000	0.00073521641509945	9470	5358864	7288825290	32867330
GLOBAL	V	8850001	8860000	0.00083042607964159	9250	5887712	7089989277	61611223
GLOBAL	V	8860001	8870000	0.0011730244464854	9286	8342356	7111834732	67599024
GLOBAL	V	8870001	8880000	0.0011969352679579	8889	8172096	6827517092	44977702
GLOBAL	V	8880001	8890000	0.0011011527202383	9337	7903012	7177035351	41828851
GLOBAL	V	8890001	8900000	0.00052597199855011	9378	3787720	7201371956	49191232
GLOBAL	V	8900001	8910000	0.0009322424780753	9157	6560532	7037366516	42331406
GLOBAL	V	8910001	8920000	0.00093240765818254	9009	6446608	6913937207	51335107
GLOBAL	V	8920001	8930000	0.0011539907476773	9311	8194528	7101034403	97728003
GLOBAL	V	8930001	8940000	0.0014246394089133	9707	10625452	7458344851	46583371
GLOBAL	V	8940001	8950000	0.00098280129994462	9340	6983600	7105810707	115372933
GLOBAL	V	8950001	8960000	0.00050665990841151	9652	3763112	7427293807	35111385
GLOBAL	V	8960001	8970000	0.001177947333921	9244	8341324	7081236792	65724832
GLOBAL	V	8970001	8980000	0.0012609804614242	9278	8312916	6592422527	618710215
GLOBAL	V	8980001	8990000	0.0014938530518923	9293	10671024	7143288951	41556827
GLOBAL	V	8990001	9000000	0.00099944197740861	9305	7104020	7107986417	86137113
GLOBAL	V	9000001	9010000	0.0017652678479503	9413	12584560	7128980463	148642835
GLOBAL	V	9010001	9020000	0.0015750204562259	9093	10954708	6955279823	74936755
GLOBAL	V	9020001	9030000	0.0012914484557057	9288	9213252	7134045466	46934582
GLOBAL	V	9030001	9040000	0.0015075827499423	9071	10177468	6750851985	262355381
GLOBAL	V	9040001	9050000	0.0012937082833844	9034	8968440	6932351068	52249896
GLOBAL	V	9050001	9060000	0.0014032930855429	9092	9765132	6958725943	70717489
GLOBAL	V	9060001	9070000	0.0011445182579979	9111	7991900	6982763223	61369983
GLOBAL	V	9070001	9080000	0.00087033392942889	9018	6010080	6905487419	66743209
GLOBAL	V	9080001	9090000	0.00027064628666012	8591	1714060	6333210853	319710477
GLOBAL	V	9090001	9100000	0.00023351200840163	9556	1713352	7337318589	50864587
GLOBAL	V	9100001	9110000	0.00031121593398028	9467	2260728	7264178190	55194992
GLOBAL	V	9110001	9120000	0.00034756241434448	9482	2525676	7266827182	64143190
GLOBAL	V	9120001	9130000	0.0003148135171494	9156	2181108	6928253970	150670806
GLOBAL	V	9130001	9140000	0.0002783780189322	9584	2042108	7335737239	74094025
GLOBAL	V	9140001	9150000	0.00027071141298781	9114	1893176	6993336480	53116164
GLOBAL	V	9150001	9160000	0.00011150586186166	8897	761032	6825040292	53639670
GLOBAL	V	9160001	9170000	0.00025100840735201	9113	1754516	6989869457	55810041
GLOBAL	V	9170001	9180000	5.4385393655339e-05	8701	363244	6679072736	48070610
GLOBAL	V	9180001	9190000	0.00011318521145925	8845	768248	6787529838	50946532
GLOBAL	V	9190001	9200000	0.00017800476436635	9171	1210460	6800155065	290366901
GLOBAL	V	9200001	9210000	0.00040196327911946	9721	3002204	7468851400	46900866
GLOBAL	V	9210001	9220000	0.00021409408534731	9340	1537172	7179890082	41293558
GLOBAL	V	9220001	9230000	0.00021180947235853	9659	1569668	7410754498	57062716
GLOBAL	V	9230001	9240000	0.00023269813712777	9542	1702588	7316723808	60635324
GLOBAL	V	9240001	9250000	0.00026995195145041	9633	1997136	7398116551	49598867
GLOBAL	V	9250001	9260000	0.00030379858658162	9452	2180088	7176096586	131679406
GLOBAL	V	9260001	9270000	0.00036383114559563	9376	2616176	7190632335	58384561
GLOBAL	V	9270001	9280000	0.00026325952036209	6216	459712	1746231245	3179481921
GLOBAL	V	9280001	9290000	0.00039993103512983	7481	1667140	4168568712	1621521682
GLOBAL	V	9290001	9300000	0.00033899324720915	9269	2397072	7071149705	95140569
GLOBAL	V	9300001	9310000	0.00041389026547282	9306	2945504	7116630290	78266386
GLOBAL	V	9310001	9320000	0.00026836391954906	9661	1988792	7410802478	58561028
GLOBAL	V	9320001	9330000	0.0016498763465524	9453	11134228	6748522714	560026424
GLOBAL	V	9330001	9340000	0.0011358690696197	9236	8055280	7091732855	49043601
GLOBAL	V	9340001	9350000	0.0015702178233392	9282	11193304	7128503978	47837194
GLOBAL	V	9350001	9360000	0.0014676432293379	9595	10718764	7303385309	114950561
GLOBAL	V	9360001	9370000	0.0016080940329549	9389	11617640	7224478023	34589771
GLOBAL	V	9370001	9380000	0.0014875327977586	9844	11261928	7570877104	39972120
GLOBAL	V	9380001	9390000	0.0011470731482154	9519	8262372	7203003586	156573188
GLOBAL	V	9390001	9400000	0.0016646531814466	9203	11747416	7056975069	58287569
GLOBAL	V	9400001	9410000	0.0019814154763392	9593	14515928	7326039477	90750101
GLOBAL	V	9410001	9420000	0.0022329251961432	9400	16090608	7206066745	61505655
GLOBAL	V	9420001	9430000	0.002504548325674	9165	17553508	7008652147	77230943
GLOBAL	V	9430001	9440000	0.0017076562981839	9396	11445048	6702196462	564602792
GLOBAL	V	9440001	9450000	0.0017807085118917	8940	12214244	6859204591	52720649
GLOBAL	V	9450001	9460000	0.0014961046802227	9179	10531488	7039272144	57434990
GLOBAL	V	9460001	9470000	0.0016931899622964	9180	11831864	6987912912	109567368
GLOBAL	V	9470001	9480000	0.0016532135590404	9058	11474508	6940729428	62427040
GLOBAL	V	9480001	9490000	0.00095256666821992	8975	6567648	6894685925	44299425
GLOBAL	V	9490001	9500000	0.0022153657521122	9534	16114672	7274045825	97128139
GLOBAL	V	9500001	9510000	0.0024124216734835	9515	17648064	7315497201	40986989
GLOBAL	V	9510001	9520000	0.0021895205541285	9269	15250020	6965004266	201286008
GLOBAL	V	9520001	9530000	0.001644471948276	9406	10678036	6493291668	789743652
GLOBAL	V	9530001	9540000	0.0024154947367817	8371	14771796	6115432907	390590683
GLOBAL	V	9540001	9550000	0.0015404358895207	9670	11433832	7422465341	53856479
GLOBAL	V	9550001	9560000	0.000563110577395	9492	4079672	7244886109	93815723
GLOBAL	V	9560001	9570000	0.00033095168294133	9461	2407632	7274874624	39859682
GLOBAL	V	9570001	9580000	0.00039551576852256	9455	2814484	7115984302	194111128
GLOBAL	V	9580001	9590000	0.00057825705180512	9209	4072784	7043206801	76694713
GLOBAL	V	9590001	9600000	0.00035424655512962	9275	2504256	7069245879	101683271
GLOBAL	V	9600001	9610000	0.00079400708743339	9318	5677864	7150898386	53276042
GLOBAL	V	9610001	9620000	0.00050726942113822	9544	3704256	7302344367	76561057
GLOBAL	V	9620001	9630000	0.00053324582867274	9422	3858640	7236137242	48444370
GLOBAL	V	9630001	9640000	0.00071161395147732	9380	5121128	7196497468	55612012
GLOBAL	V	9640001	9650000	0.0006363081668694	9444	4620048	7260708318	40882506
GLOBAL	V	9650001	9660000	0.00044849481388321	9830	3377284	7530263217	69761963
GLOBAL	V	9660001	9670000	0.00045429505041959	9208	3047008	6707112475	420520499
GLOBAL	V	9670001	9680000	0.00083936880371113	9540	6160396	7339319704	36493136
GLOBAL	V	9680001	9690000	0.00053297384887292	9465	3717836	6975644317	342955719
GLOBAL	V	9690001	9700000	0.0011253742491865	8823	7289876	6477734856	343732302
GLOBAL	V	9700001	9710000	0.00086637939585034	9623	6023560	6952566080	487417878
GLOBAL	V	9710001	9720000	0.00077451273617428	9662	5749844	7423821109	46315543
GLOBAL	V	9720001	9730000	0.0005592136923414	9344	4013436	7176927273	47348951
GLOBAL	V	9730001	9740000	0.00050786600983478	9538	3721660	7328035206	46231342
GLOBAL	V	9740001	9750000	0.00031536603945875	9309	2181720	6918056249	279159865
GLOBAL	V	9750001	9760000	0.00031259262632363	8937	2143664	6857692151	51913651
GLOBAL	V	9760001	9770000	0.00058419597270759	9514	4273096	7314490684	41220360
GLOBAL	V	9770001	9780000	0.00023365657612366	9210	1651468	7067928613	52746047
GLOBAL	V	9780001	9790000	0.00070002027725992	9549	5136216	7337238887	45532267
GLOBAL	V	9790001	9800000	0.00051051676414233	9707	3800052	7443540089	61388133
GLOBAL	V	9800001	9810000	0.00034163092102499	9461	2476716	7249683350	65050956
GLOBAL	V	9810001	9820000	0.00073379551432335	9220	5170524	7046273654	82132466
GLOBAL	V	9820001	9830000	0.00040753710912044	9306	2908480	7136724325	58172351
GLOBAL	V	9830001	9840000	0.00049303582817454	9029	3115312	6318632079	665968885
GLOBAL	V	9840001	9850000	0.0002773370297232	9248	1971904	7110136003	39918205
GLOBAL	V	9850001	9860000	0.00046890869148976	8207	2624800	5597678285	747530937
GLOBAL	V	9860001	9870000	0.00065911069020437	7066	3514836	5332694572	130355064
GLOBAL	V	9870001	9880000	0.00031951337769818	9487	2324488	7275088188	59747914
GLOBAL	V	9880001	9890000	0.00068792278768689	9494	5004728	7275130421	65117703
GLOBAL	V	9890001	9900000	0.00042988830705515	9403	3092728	7194259414	75632424
GLOBAL	V	9900001	9910000	0.00048847314820084	9282	3478004	7120153918	56187254
GLOBAL	V	9910001	9920000	0.00042746439750645	8879	2766784	6472548395	404585275
GLOBAL	V	9920001	9930000	0.00038260080524896	9368	2746088	7177423472	65408256
GLOBAL	V	9930001	9940000	0.00045503726662823	9364	3266928	7179473506	60265638
GLOBAL	V	9940001	9950000	0.00029803062186861	8959	2045400	6863053156	63561858
GLOBAL	V	9950001	9960000	0.0010137374238379	9458	7338800	7239349981	73064887
GLOBAL	V	9960001	9970000	0.0009476192177933	9360	6789488	7164785045	71861515
GLOBAL	V	9970001	9980000	0.00029863287845893	9005	1976156	6617342371	352568819
GLOBAL	V	9980001	9990000	0.00045051771045578	9247	3197248	7096830881	52450181
GLOBAL	V	9990001	10000000	0.00055157341539226	9393	3954336	7169192513	92967865
GLOBAL	V	10000001	10010000	0.00026134774533313	9739	1952728	7471761417	57907477
GLOBAL	V	10010001	10020000	0.00037916201596057	9642	2811460	7414930509	39743223
GLOBAL	V	10020001	10030000	0.00032186846857692	8645	2025792	6293850432	407005950
GLOBAL	V	10030001	10040000	0.00043908456083285	9376	3159356	7195324732	53692164
GLOBAL	V	10040001	10050000	0.00045437066735097	9214	3207784	7059839533	63927711
GLOBAL	V	10050001	10060000	0.00091291831685488	9343	6521252	7143302834	80200244
GLOBAL	V	10060001	10070000	0.0017388678574985	9393	11983396	6891493191	370667187
GLOBAL	V	10070001	10080000	0.0012110524994994	9492	8586892	7090437453	248264379
GLOBAL	V	10080001	10090000	0.0016835740976112	9284	11924128	7082627380	95260084
GLOBAL	V	10090001	10100000	0.00183417798564	8695	12203944	6653631270	68873200
GLOBAL	V	10100001	10110000	0.0010902209607525	9249	7723008	7083892420	66934934
GLOBAL	V	10110001	10120000	0.0020937277725692	9210	14510072	6930257214	190417446
GLOBAL	V	10120001	10130000	0.0015538685080555	8422	7275816	4682388479	1965120829
GLOBAL	V	10130001	10140000	3.6864545492906e-05	3186	968	26258292	2468683850
GLOBAL	V	10140001	10150000	0	49	0	483	37883671
GLOBAL	V	10150001	10160000	0.00070617036800766	7091	2189324	3100277354	2508123730
GLOBAL	V	10160001	10170000	0.0011108612418687	2795	988764	890087765	1307193167
GLOBAL	V	10170001	10180000	0.00023053502260519	4182	104200	451992061	2799086869
GLOBAL	V	10180001	10190000	0.00012664968885125	4279	93516	738383180	2643357424
GLOBAL	V	10190001	10200000	2.107034830349e-06	3332	1512	717596111	2007743539
GLOBAL	V	10200001	10210000	0.00057743230208314	7702	3070080	5316779108	655000596
GLOBAL	V	10210001	10220000	0.00031307431635438	8994	2146432	6855982391	97692733
GLOBAL	V	10220001	10230000	0.00022960057129923	9351	1646408	7170748708	58939538
GLOBAL	V	10230001	10240000	0.0002146154179794	9356	1541440	7182335801	51218175
GLOBAL	V	10240001	10250000	0.00022785603954384	9628	1683976	7390526068	53323620
GLOBAL	V	10250001	10260000	0.00036470306903866	9676	2706868	7422114673	58846023
GLOBAL	V	10260001	10270000	0.0003355435198166	8967	2304828	6868939091	63861091
GLOBAL	V	10270001	10280000	0.00034430959458585	9562	2525320	7334445626	58376426
GLOBAL	V	10280001	10290000	0.0016768430582666	9110	11686044	6969074382	74285678
GLOBAL	V	10290001	10300000	0.0018536875086143	9370	13336608	7194636603	49741417
GLOBAL	V	10300001	10310000	0.0010326210367079	9375	7317096	7085945124	162298626
GLOBAL	V	10310001	10320000	0.0014507384283488	9048	10039964	6920588718	74836290
GLOBAL	V	10320001	10330000	0.0019461046335235	7994	8519360	4377647457	1832261215
GLOBAL	V	10330001	10340000	0.0025902089092777	9646	19063604	7359871218	97895098
GLOBAL	V	10340001	10350000	0.010557633711916	9437	76154740	7213239451	82939351
GLOBAL	V	10350001	10360000	0.0077395929003578	9276	54828684	7084181908	87520388
GLOBAL	V	10360001	10370000	0.0027660610872055	9305	19688340	7117825449	76298081
GLOBAL	V	10370001	10380000	0.0003715020602021	9615	2740636	7377175778	56623012
GLOBAL	V	10380001	10390000	0.0013485007897745	9511	9702304	7194881956	158509650
GLOBAL	V	10390001	10400000	0.0019826383323066	9397	14249676	7187229142	78023820
GLOBAL	V	10400001	10410000	0.0010421749729686	9515	7588204	7281122841	75361349
GLOBAL	V	10410001	10420000	0.00054662809596368	9619	4034792	7381237865	55653509
GLOBAL	V	10420001	10430000	0.00079327101313235	9825	5744360	7241358760	354800690
GLOBAL	V	10430001	10440000	0.0010538531918754	9301	7213088	6844490348	346540598
GLOBAL	V	10440001	10450000	0.0031995456855007	9439	23099884	7219738760	77986334
GLOBAL	V	10450001	10460000	0.0073600961062018	8647	39822544	5410601088	1274792374
GLOBAL	V	10460001	10470000	0.00015063270310441	8592	617164	4097144825	2545725607
GLOBAL	V	10470001	10480000	0.014374738037963	8674	91381092	6357061378	349207026
GLOBAL	V	10480001	10490000	0.010606447309936	9303	75372128	7106255827	86321411
GLOBAL	V	10490001	10500000	0.0025489820382987	9677	18917016	7421400275	60333567
GLOBAL	V	10500001	10510000	0.0040750649504932	9274	28994452	7115089539	55066465
GLOBAL	V	10510001	10520000	0.0069720048314827	9315	49496012	7099250961	102604029
GLOBAL	V	10520001	10530000	0.0063724793717052	9251	44681716	7011668990	140704656
GLOBAL	V	10530001	10540000	0.0017686477971628	9083	11983264	6775381746	247103372
GLOBAL	V	10540001	10550000	0.0017594536468763	9233	11989244	6814185768	324271250
GLOBAL	V	10550001	10560000	0.0023284856957494	9524	16957512	7282635247	80807257
GLOBAL	V	10560001	10570000	0.0013380092848759	9304	9201668	6877133144	316217240
GLOBAL	V	10570001	10580000	0.0015598336942361	9477	11353892	7278911875	48192767
GLOBAL	V	10580001	10590000	0.0016526558992894	9264	11767600	7120417508	42007036
GLOBAL	V	10590001	10600000	0.0040402802440529	8881	27450004	6794084158	72225468
GLOBAL	V	10600001	10610000	0.016723669258891	9503	122071948	7299351961	47854477
GLOBAL	V	10610001	10620000	0.015392612911748	9148	108115848	7023878832	48860776
GLOBAL	V	10620001	10630000	0.0075183615941184	8757	38045196	5060304100	1710135422
GLOBAL	V	10630001	10640000	0.0055179174003238	9025	38163392	6916267358	61375292
GLOBAL	V	10640001	10650000	0.0087949076312625	9486	63977252	7274351782	59711174
GLOBAL	V	10650001	10660000	0.011514111039888	9326	81833160	7107206081	103153515
GLOBAL	V	10660001	10670000	0.01234269608076	9292	88103216	7138085182	45987450
GLOBAL	V	10670001	10680000	0.013135452641539	8915	88154976	6711224836	181371754
GLOBAL	V	10680001	10690000	0.015769920182239	9237	110987196	7037904740	103644862
GLOBAL	V	10690001	10700000	0.014952670264509	9077	98114840	6561693548	456152694
GLOBAL	V	10700001	10710000	0.015544745744232	9314	105827696	6807939978	393141866
GLOBAL	V	10710001	10720000	0.0063720520687226	9335	45662024	7165984130	51333780
GLOBAL	V	10720001	10730000	0.0049383810186386	9501	35789000	7247111931	98548215
GLOBAL	V	10730001	10740000	0.0084116754083862	9368	59978368	7130371191	112460537
GLOBAL	V	10740001	10750000	0.00050990755880857	9085	3544420	6951103075	72928335
GLOBAL	V	10750001	10760000	0.00073840105967332	9075	5149280	6973554456	42745494
GLOBAL	V	10760001	10770000	0.0050277144324367	9160	35310816	7023234210	58783150
GLOBAL	V	10770001	10780000	0.0065931836431034	9031	44664128	6774288480	207993046
GLOBAL	V	10780001	10790000	0.00081165298020148	9342	5789856	7133413098	89316834
GLOBAL	V	10790001	10800000	0.0095495747909507	8279	59971548	6280022861	120852873
GLOBAL	V	10800001	10810000	0.0046614760369919	8989	32017732	6868582343	81227051
GLOBAL	V	10810001	10820000	0.0055057770788782	9287	39075568	7097193991	83012911
GLOBAL	V	10820001	10830000	0.0086967666527914	8903	57613528	6624706664	258612174
GLOBAL	V	10830001	10840000	0.014273876629539	8157	77094712	5401105390	930187204
GLOBAL	V	10840001	10850000	0.0086833829293722	9095	60645636	6984102451	47660419
GLOBAL	V	10850001	10860000	0.0029008713213098	4095	5915524	2039223166	1181703070
GLOBAL	V	10860001	10870000	0.0067857439086	7996	41326780	6090235729	91839687
GLOBAL	V	10870001	10880000	0.012301770872693	8925	81785008	6648230474	252097576
GLOBAL	V	10880001	10890000	0.0070582957447279	9176	49576908	7023920475	70467221
GLOBAL	V	10890001	10900000	0.0020166434831895	8813	13578520	6733227818	80507880
GLOBAL	V	10900001	10910000	0.0095729434472462	8979	65451436	6837127615	104950319
GLOBAL	V	10910001	10920000	0.012213174750974	9066	83964076	6874877148	134464488
GLOBAL	V	10920001	10930000	0.010033659837336	8489	60548240	6034511931	528724463
GLOBAL	V	10930001	10940000	0.0074127845092776	9161	50749584	6846224106	236566400
GLOBAL	V	10940001	10950000	0.0042691646179161	9068	29494640	6908761465	102126463
GLOBAL	V	10950001	10960000	0.0025680164019928	8822	17191932	6694634811	126059201
GLOBAL	V	10960001	10970000	0.00050160895713711	9389	3620328	7217430926	41636868
GLOBAL	V	10970001	10980000	0.00072547836302558	9620	5292320	7294938443	142726077
GLOBAL	V	10980001	10990000	0.00047914731112936	9459	3445720	7191358315	121829699
GLOBAL	V	10990001	11000000	0.00034141958595648	9379	2450348	7176940342	74395992
GLOBAL	V	11000001	11010000	0.0003188714318329	9325	2284004	7162773996	46812454
GLOBAL	V	11010001	11020000	0.00059147073837033	9019	3984868	6737219175	235784599
GLOBAL	V	11020001	11030000	0.0019343259586405	8804	12959812	6699911120	106866264
GLOBAL	V	11030001	11040000	0.00043655153897507	9625	3219832	7375605656	65924594
GLOBAL	V	11040001	11050000	0.00077019298558139	9431	5408372	7022099787	269440139
GLOBAL	V	11050001	11060000	0.00049975162679153	9343	3518804	7041105644	182397434
GLOBAL	V	11060001	11070000	0.00033320122546336	9135	2334168	7005280358	57408352
GLOBAL	V	11070001	11080000	0.00031833638795977	9549	2309596	7255205774	127565380
GLOBAL	V	11080001	11090000	0.0003178570391491	9413	2295528	7221888199	55735099
GLOBAL	V	11090001	11100000	0.00027054016946748	9189	1907016	7048919958	55518636
GLOBAL	V	11100001	11110000	0.00053107822604375	9198	3668272	6907215962	204180946
GLOBAL	V	11110001	11120000	0.00034510596558301	9582	2534272	7343460423	64824549
GLOBAL	V	11120001	11130000	0.00027735604035573	9509	2022136	7290758829	61086485
GLOBAL	V	11130001	11140000	0.00035800901872492	9509	2586884	7225750930	126094384
GLOBAL	V	11140001	11150000	0.0006863396102361	9592	5038576	7341228635	74787797
GLOBAL	V	11150001	11160000	0.00049053786023027	9757	3681496	7505019079	38566443
GLOBAL	V	11160001	11170000	0.00034238497618372	8541	2139940	6250099008	552812646
GLOBAL	V	11170001	11180000	0.00032999981261638	9659	2418860	7329882950	137934264
GLOBAL	V	11180001	11190000	0.0010862952634987	9258	7050180	6490113910	683134678
GLOBAL	V	11190001	11200000	0.00075153242634373	9484	5432272	7228260298	104256366
GLOBAL	V	11200001	11210000	0.00053720122607689	9333	3836120	7140936792	74834826
GLOBAL	V	11210001	11220000	0.00023827533631283	9540	1741424	7308452595	67360245
GLOBAL	V	11220001	11230000	0.0003157363321285	8793	2131100	6749619170	48653608
GLOBAL	V	11230001	11240000	0.00059254358273619	9465	4292144	7243592075	74234815
GLOBAL	V	11240001	11250000	0.00048495752811173	9419	3488476	7193363950	88898224
GLOBAL	V	11250001	11260000	0.0007100076626721	9414	4983572	7019039740	259356704
GLOBAL	V	11260001	11270000	0.0013949834814522	8955	7126064	5108350095	1815172335
GLOBAL	V	11270001	11280000	0.0012005530484649	8643	4793004	3992330040	2689970838
GLOBAL	V	11280001	11290000	0.0026816741546641	8494	12706492	4738268435	1839657733
GLOBAL	V	11290001	11300000	0.00029446198156067	9124	2016868	6849332431	204851673
GLOBAL	V	11300001	11310000	0.00033963940507432	9505	2439304	7182040610	166712120
GLOBAL	V	11310001	11320000	0.00036013370112091	9443	2603288	7228670885	72146793
GLOBAL	V	11320001	11330000	0.00043688075164151	9412	3139336	7185796097	91054055
GLOBAL	V	11330001	11340000	0.00041371291208774	9572	3037604	7342299240	58254272
GLOBAL	V	11340001	11350000	0.00050783528958662	9000	3094640	6093786831	864527169
GLOBAL	V	11350001	11360000	0.00045443790244052	9189	2766768	6088330188	1039302786
GLOBAL	V	11360001	11370000	0.00038203353149929	9600	2804284	7340413259	81788341
GLOBAL	V	11370001	11380000	0.00045854396225237	9197	3206576	6992952179	117671583
GLOBAL	V	11380001	11390000	0.0010514237990051	9072	7275484	6919649343	94331169
GLOBAL	V	11390001	11400000	0.0015879673972676	8895	10447888	6579409639	297724031
GLOBAL	V	11400001	11410000	0.0014477409158757	9206	10132072	6998539510	119042566
GLOBAL	V	11410001	11420000	0.0013759004295164	9294	9742188	7080590856	105028068
GLOBAL	V	11420001	11430000	0.0003980473498758	9138	2782748	6990997430	74010718
GLOBAL	V	11430001	11440000	0.00049287065873677	9382	3544600	7191744806	61910966
GLOBAL	V	11440001	11450000	0.00038664683514099	9692	2867816	7417145931	76185101
GLOBAL	V	11450001	11460000	0.00037201294663504	9839	2815236	7567575337	39408157
GLOBAL	V	11460001	11470000	0.00066313303523021	9670	4923164	7424097034	52224786
GLOBAL	V	11470001	11480000	0.00080752173616834	9731	6039736	7479347898	44135828
GLOBAL	V	11480001	11490000	0.0028238034173167	9330	20172096	7143590760	69861420
GLOBAL	V	11490001	11500000	0.0055987777661304	8956	37965844	6781095015	143200561
GLOBAL	V	11500001	11510000	0.019125353480181	8530	123255260	6444600364	150335016
GLOBAL	V	11510001	11520000	0.021591200527891	8675	136686564	6330660670	376380880
GLOBAL	V	11520001	11530000	0.016967324220152	9606	102615004	6047801213	1379039263
GLOBAL	V	11530001	11540000	0.025151406388617	8908	156618392	6227023236	660161332
GLOBAL	V	11540001	11550000	0.018974529665592	9407	136273040	7181892906	91091516
GLOBAL	V	11550001	11560000	0.022085135007474	8972	147473960	6677521326	259144586
GLOBAL	V	11560001	11570000	0.020148171347969	8996	136592788	6779413657	175807759
GLOBAL	V	11570001	11580000	0.0037902867238032	9287	27017864	7128184744	52022158
GLOBAL	V	11580001	11590000	0.0050311222103328	9058	34483576	6854052547	149103921
GLOBAL	V	11590001	11600000	0.0092697268166425	8371	56740160	6121017493	350987673
GLOBAL	V	11600001	11610000	0.0010159584698106	9003	6920948	6812235151	148398287
GLOBAL	V	11610001	11620000	0.00047726477083256	9817	3599384	7541692201	48282081
GLOBAL	V	11620001	11630000	0.00045635922621885	9232	3187324	6984243589	153440283
GLOBAL	V	11630001	11640000	0.00065006784109669	9376	4267016	6563954914	692793442
GLOBAL	V	11640001	11650000	0.00071925834294138	8856	4128384	5739779094	1117252780
GLOBAL	V	11650001	11660000	0.0012778571061563	9385	9034316	7069895340	186079870
GLOBAL	V	11660001	11670000	0.0055450754712147	9183	38875340	7010786454	89013264
GLOBAL	V	11670001	11680000	0.0069958045770013	9066	48384296	6916187476	93154160
GLOBAL	V	11680001	11690000	0.013816485957023	9225	97527568	7058782407	73489443
GLOBAL	V	11690001	11700000	0.020962174468605	8765	129180760	6162564871	614059819
GLOBAL	V	11700001	11710000	0.01819092705315	8473	107048888	5884740656	666125402
GLOBAL	V	11710001	11720000	0.023228897938679	9042	158701152	6832056881	158729251
GLOBAL	V	11720001	11730000	0.024754489616487	8843	164765564	6655987118	180942960
GLOBAL	V	11730001	11740000	0.028630810608683	8800	191225240	6679001954	124682846
GLOBAL	V	11740001	11750000	0.021112768948184	8915	142773248	6762412280	130184310
GLOBAL	V	11750001	11760000	0.023711735163231	9150	162623500	6858355109	215930791
GLOBAL	V	11760001	11770000	0.021796384548835	7960	95393044	4376553542	1777688618
GLOBAL	V	11770001	11780000	0.018453062926483	8192	106468324	5769683029	563929003
GLOBAL	V	11780001	11790000	0.030223846911957	8909	203096076	6719729510	168228204
GLOBAL	V	11790001	11800000	0.028172487832833	8564	178380656	6331732471	289489873
GLOBAL	V	11800001	11810000	0.013127973781414	9256	90199316	6870772101	285467275
GLOBAL	V	11810001	11820000	0.016897375619758	9182	116939724	6920584985	178441587
GLOBAL	V	11820001	11830000	0.024843687117686	8951	168912052	6798992887	121436959
GLOBAL	V	11830001	11840000	0.024748809562782	7815	124083240	5013705394	1031523180
GLOBAL	V	11840001	11850000	0.021868245152923	8296	116790596	5340647829	1073371387
GLOBAL	V	11850001	11860000	0.024215932441305	8575	143026924	5906314958	750472102
GLOBAL	V	11860001	11870000	0.02293534574808	9328	154522320	6737300658	474605230
GLOBAL	V	11870001	11880000	0.017664452657853	8514	112682680	6379064338	203500706
GLOBAL	V	11880001	11890000	0.0058611424355822	9059	38820784	6623415900	380513714
GLOBAL	V	11890001	11900000	0.015051395443554	9018	102247688	6793236440	178994188
GLOBAL	V	11900001	11910000	0.021601052886936	9194	145491168	6735373908	372930416
GLOBAL	V	11910001	11920000	0.022643020588972	8500	133998056	5917852500	653888500
GLOBAL	V	11920001	11930000	0.019789485145026	8866	123591604	6245316798	609395638
GLOBAL	V	11930001	11940000	0.011754056238175	9110	81722188	6952679683	90680377
GLOBAL	V	11940001	11950000	0.016093091565813	8666	104707172	6506342897	193740339
GLOBAL	V	11950001	11960000	0.015083280581374	8661	98598888	6536965713	159251793
GLOBAL	V	11960001	11970000	0.010385041761334	9067	70326068	6771861839	238252943
GLOBAL	V	11970001	11980000	0.001115123808158	9069	7708048	6912280003	99381071
GLOBAL	V	11980001	11990000	0.0069086379967838	8699	43036532	6229380092	496216962
GLOBAL	V	11990001	12000000	0.011410520592113	7769	44912372	3936049336	2169484626
GLOBAL	V	12000001	12010000	0.013328644690542	9002	90285208	6773772585	186087707
GLOBAL	V	12010001	12020000	0.014845041925113	8544	92540820	6233786369	371973055
GLOBAL	V	12020001	12030000	0.014455246894397	8544	86650576	5994403045	628365591
GLOBAL	V	12030001	12040000	0.0049464754551111	9673	36512692	7381557299	97083959
GLOBAL	V	12040001	12050000	0.0009688361964176	9396	6890320	7111955587	152524229
GLOBAL	V	12050001	12060000	0.0010167811386597	9558	7427272	7304690968	85038500
GLOBAL	V	12060001	12070000	0.0012917341253547	9181	9094812	7040777062	57476364
GLOBAL	V	12070001	12080000	0.00050990499918086	9294	3591428	7043327690	142291234
GLOBAL	V	12080001	12090000	0.00069956065053707	9570	5141832	7350087510	48919710
GLOBAL	V	12090001	12100000	0.00036021703186478	6165	1528272	4242642254	526895420
GLOBAL	V	12100001	12110000	0.0012426933702844	6099	3413564	2746907710	1993250416
GLOBAL	V	12110001	12120000	0.00034327110484005	9227	2321644	6763295737	370522405
GLOBAL	V	12120001	12130000	0.00028013975115138	9662	2053628	7330726866	139409786
GLOBAL	V	12130001	12140000	0.00046406966673723	9716	3459992	7455759874	56126662
GLOBAL	V	12140001	12150000	0.00052458530269816	9374	3762156	7171676333	75794271
GLOBAL	V	12150001	12160000	0.00060027872926993	9303	4222052	7033485936	159091302
GLOBAL	V	12160001	12170000	0.00082444080743244	9145	5685076	6895675164	174745006
GLOBAL	V	12170001	12180000	0.00034439169325324	9548	2517232	7309212299	72785709
GLOBAL	V	12180001	12190000	0.00077801574710382	9429	5605804	7205257761	84735873
GLOBAL	V	12190001	12200000	0.00062566507090367	9066	4281460	6843054214	166287422
GLOBAL	V	12200001	12210000	0.00071480357300106	7554	3648792	5104607948	766662776
GLOBAL	V	12210001	12220000	0.0023540469153719	8658	13989316	5942666609	751231459
GLOBAL	V	12220001	12230000	0.0010671078168288	8776	6291060	5895430528	900522812
GLOBAL	V	12230001	12240000	0.0037766279512248	8279	22046364	5837578995	563296739
GLOBAL	V	12240001	12250000	0.00058977185315474	9018	3055300	5180477813	1791752815
GLOBAL	V	12250001	12260000	0.0042341033259057	8337	20775572	4906722959	1538995243
GLOBAL	V	12260001	12270000	0.012136625741872	8249	65294192	5379929594	1033316476
GLOBAL	V	12270001	12280000	0.0021005293931525	8788	12648716	6021680078	772726970
GLOBAL	V	12280001	12290000	0.0010305854745069	8259	6038136	5858937613	532660369
GLOBAL	V	12290001	12300000	NA	0	NA	NA	NA
GLOBAL	V	12300001	12310000	0.001094899859598	6693	5497560	5021061928	166747732
GLOBAL	V	12310001	12320000	0.00095136411995677	8105	5799824	6096324087	170024243
GLOBAL	V	12320001	12330000	0.0042959662786561	5694	16380260	3812939613	589353711
GLOBAL	V	12330001	12340000	0.0054663111046167	5798	18733008	3426992654	1073490212
GLOBAL	V	12340001	12350000	0.010698074121459	7707	56294196	5262086929	696549293
GLOBAL	V	12350001	12360000	0.0083102298460279	7848	34710808	4176877011	1890772797
GLOBAL	V	12360001	12370000	0.0077354400052016	8611	34939732	4516838341	2140721865
GLOBAL	V	12370001	12380000	0.0011907296082231	8428	4142672	3479103880	3036970608
GLOBAL	V	12380001	12390000	0.0041435273854279	8211	16462228	3972998479	2375303327
GLOBAL	V	12390001	12400000	0.0051600247948436	8160	27831212	5393619819	915251541
GLOBAL	V	12400001	12410000	0.006737786327229	7611	33308556	4943545904	940868302
GLOBAL	V	12410001	12420000	0.027768088242199	6978	128166648	4615609360	779403428
GLOBAL	V	12420001	12430000	0.0099837417877937	6638	42632944	4270237042	861906106
GLOBAL	V	12430001	12440000	0.014282583831286	7191	67908944	4754667979	805024907
GLOBAL	V	12440001	12450000	0.014609703328201	7849	78419148	5367607147	700815807
GLOBAL	V	12450001	12460000	0.017233402162355	7494	90020364	5223597938	570358186
GLOBAL	V	12460001	12470000	0.026560915835542	7531	137920612	5192615076	629947450
GLOBAL	V	12470001	12480000	0.028929654583329	6125	91797904	3173142069	1562377181
GLOBAL	V	12480001	12490000	0.025131842741224	6355	86994908	3461541157	1451801673
GLOBAL	V	12490001	12500000	0.032330834031829	7564	117723016	3641199478	2206876866
GLOBAL	V	12500001	12510000	0.035347601243676	6701	139069796	3934348898	1246502448
GLOBAL	V	12510001	12520000	0.03397535301508	8169	114543084	3371358171	2944471503
GLOBAL	V	12520001	12530000	0.0237492075492	7673	115061228	4844844939	1087504319
GLOBAL	V	12530001	12540000	0.0045736994275651	7504	17722032	3874769709	1926917875
GLOBAL	V	12540001	12550000	0.011431367414885	6602	44851644	3923558956	1180750936
GLOBAL	V	12550001	12560000	0.012137311920259	7307	52651800	4338011608	1311366214
GLOBAL	V	12560001	12570000	0.0086851192620405	6710	32207740	3708382007	1479427653
GLOBAL	V	12570001	12580000	0.015540032095191	7758	82767320	5326071368	671995300
GLOBAL	V	12580001	12590000	0.012154420389466	7668	60977608	5016907927	911575601
GLOBAL	V	12590001	12600000	0.019974818003423	7660	75132216	3761346711	2160951649
GLOBAL	V	12600001	12610000	0.012723239658299	7704	67837956	5331814681	624502103
GLOBAL	V	12610001	12620000	0.0086346976390852	7677	45781792	5302072396	633369446
GLOBAL	V	12620001	12630000	0.013935000118699	7484	73915936	5304336948	481887716
GLOBAL	V	12630001	12640000	0.0057835079034336	7787	25540500	4416091484	1604396418
GLOBAL	V	12640001	12650000	0.0056313711528646	7208	25441076	4517740939	1055095429
GLOBAL	V	12650001	12660000	0.0028396254263952	8344	15946544	5615720951	835409273
GLOBAL	V	12660001	12670000	0.0011273731282335	9052	7767324	6889754426	108763166
GLOBAL	V	12670001	12680000	0.00078011245805975	9161	5428828	6959032565	123757941
GLOBAL	V	12680001	12690000	0.00087360281989964	8700	5753460	6585899071	140471129
GLOBAL	V	12690001	12700000	0.0012190979916142	8850	8138908	6676172101	166169999
GLOBAL	V	12700001	12710000	0.0011769914981598	8673	7730592	6568095022	137400236
GLOBAL	V	12710001	12720000	0.0013409762762449	8645	8754636	6528553976	155293194
GLOBAL	V	12720001	12730000	0.0042131914400541	8037	24724176	5868277374	345497028
GLOBAL	V	12730001	12740000	0.0054766765475829	7306	25398864	4637641785	1010962891
GLOBAL	V	12740001	12750000	0.0057733128009328	8004	32704536	5664778114	523482470
GLOBAL	V	12750001	12760000	0.0046506717928433	7352	24414052	5249575349	589223243
GLOBAL	V	12760001	12770000	0.011304275304398	8113	63156244	5586934350	685599148
GLOBAL	V	12770001	12780000	0.012858194963297	7599	60296196	4689320404	1185816050
GLOBAL	V	12780001	12790000	0.017881242972729	7178	83165188	4650973544	898668444
GLOBAL	V	12790001	12800000	0.02518835525782	8057	121580272	4826844419	1402392903
GLOBAL	V	12800001	12810000	0.026026947391017	7389	106112072	4077007972	1641179844
GLOBAL	V	12810001	12820000	0.025628321524354	6748	123763096	4829153399	388035809
GLOBAL	V	12820001	12830000	0.013465197148442	7693	72917648	5415267760	532544418
GLOBAL	V	12830001	12840000	0.012053115647842	7652	66115904	5485378713	430734479
GLOBAL	V	12840001	12850000	0.0075957124554799	7561	31467284	4142769251	1702987655
GLOBAL	V	12850001	12860000	0.017094156322051	6389	71597484	4188418700	751211094
GLOBAL	V	12860001	12870000	0.013892132548843	7356	64800344	4664535396	1022726580
GLOBAL	V	12870001	12880000	0.013136075094583	7642	63478348	4832367929	1076013803
GLOBAL	V	12880001	12890000	0.019456253550519	7134	92852704	4772383530	743240034
GLOBAL	V	12890001	12900000	0.016994897331637	7225	82193984	4836391912	749587938
GLOBAL	V	12900001	12910000	0.016088119693582	7526	86449776	5373516461	445180335
GLOBAL	V	12910001	12920000	0.011528504744771	6685	43811252	3800254497	1368226513
GLOBAL	V	12920001	12930000	0.0059374182747722	6923	20098736	3385096867	1967392891
GLOBAL	V	12930001	12940000	0.0063487302854269	7463	26950420	4245009441	1524979157
GLOBAL	V	12940001	12950000	0.013478962392478	6881	53128200	3941564525	1378453101
GLOBAL	V	12950001	12960000	0.0072854857999062	4924	15158824	2080688154	1759528028
GLOBAL	V	12960001	12970000	0.015719597983807	7369	77513880	4931034501	766278373
GLOBAL	V	12970001	12980000	0.017650326714737	7079	60301720	3416464804	2062047752
GLOBAL	V	12980001	12990000	0.017533729488813	6793	81649388	4656703986	595276792
GLOBAL	V	12990001	13000000	0.014170520754448	7259	59846640	4223319738	1388947076
GLOBAL	V	13000001	13010000	0.012689099239608	7654	65422552	5155807419	761852065
GLOBAL	V	13010001	13020000	0.0084668145654998	6619	37710608	4453931016	663522358
GLOBAL	V	13020001	13030000	0.017478374362169	7078	83829604	4796189981	676137407
GLOBAL	V	13030001	13040000	0.012752342225042	6076	41327964	3240813591	1456821505
GLOBAL	V	13040001	13050000	0.021010966798567	6974	91233104	4342165921	1049754283
GLOBAL	V	13050001	13060000	0.014725977074621	7629	47786784	3245067119	2653263715
GLOBAL	V	13060001	13070000	0.01339178198248	7327	39184192	2925987897	2738852845
GLOBAL	V	13070001	13080000	0.015571393290201	5629	48067060	3086882407	1309998895
GLOBAL	V	13080001	13090000	0.016371847878742	7072	65862788	4022929390	1454810020
GLOBAL	V	13090001	13100000	0.022142680213298	6653	95869940	4329644789	814095549
GLOBAL	V	13100001	13110000	0.017063868071642	7502	87185288	5109350801	690790491
GLOBAL	V	13110001	13120000	0.012638846022759	6891	55202276	4367667420	960081666
GLOBAL	V	13120001	13130000	0.021837333574249	7112	69410916	3178543560	2410528874
GLOBAL	V	13130001	13140000	0.023840136973418	5975	84813088	3557575533	1061971817
GLOBAL	V	13140001	13150000	0.0095483527370188	7429	30690128	3214180377	2529521257
GLOBAL	V	13150001	13160000	0.017287688688733	6939	70168228	4058855366	1306004728
GLOBAL	V	13160001	13170000	0.020510871565406	7025	88860768	4332374064	1098976586
GLOBAL	V	13170001	13180000	0.021211388846576	7830	109319376	5153805665	899927515
GLOBAL	V	13180001	13190000	0.025470012492298	6600	101295548	3977051367	1125712233
GLOBAL	V	13190001	13200000	0.017639525278727	6263	56287876	3191008551	1651204847
GLOBAL	V	13200001	13210000	0.019501678665441	7264	100237776	5139956294	476176250
GLOBAL	V	13210001	13220000	0.012392735763735	7871	66722608	5384009574	701422592
GLOBAL	V	13220001	13230000	0.011460589260563	7676	57229216	4993566622	941102074
GLOBAL	V	13230001	13240000	0.013187571098295	7538	67587876	5125119364	702855184
GLOBAL	V	13240001	13250000	0.0081079455762837	8241	42236788	5209308277	1162187909
GLOBAL	V	13250001	13260000	0.016476249767468	7406	78403896	4758600841	967318435
GLOBAL	V	13260001	13270000	0.010353472313744	7522	45647088	4408867539	1406736673
GLOBAL	V	13270001	13280000	0.015447759684755	7107	71944412	4657271570	837477052
GLOBAL	V	13280001	13290000	0.014744876115996	7515	70145588	4757285680	1052906510
GLOBAL	V	13290001	13300000	0.0036459187423669	8400	21517512	5901807890	592618510
GLOBAL	V	13300001	13310000	0.0047978940114871	7854	27898456	5814729532	257559152
GLOBAL	V	13310001	13320000	0.013800035671403	7422	69592232	5042902327	695387285
GLOBAL	V	13320001	13330000	0.0097835385168755	7992	46770440	4780523930	1398458902
GLOBAL	V	13330001	13340000	0.002725805318525	8021	10677952	3917356800	2284047266
GLOBAL	V	13340001	13350000	0.0016881695650618	7644	7986500	4730863632	1179064392
GLOBAL	V	13350001	13360000	0.0010392792608223	8892	6937396	6675199113	199615119
GLOBAL	V	13360001	13370000	0.0056299189326357	8588	32565896	5784434268	855343580
GLOBAL	V	13370001	13380000	0.014415140869396	7924	44924132	3116454595	3009954309
GLOBAL	V	13380001	13390000	0.02418333706104	6641	98227016	4061764336	1072698250
GLOBAL	V	13390001	13400000	0.026346308530063	7204	116113968	4407219625	1162524159
GLOBAL	V	13400001	13410000	0.030149963191208	7517	150653852	4996817112	814921370
GLOBAL	V	13410001	13420000	0.030144391333802	7536	124296096	4123357298	1703070958
GLOBAL	V	13420001	13430000	0.024570462581607	7399	117890060	4798039907	922467347
GLOBAL	V	13430001	13440000	0.0099790366406398	7473	52095700	5220513951	557206107
GLOBAL	V	13440001	13450000	0.008869536934224	7159	41493124	4678161251	856790963
GLOBAL	V	13450001	13460000	0.0065282477929672	7871	36092960	5528736216	556695950
GLOBAL	V	13460001	13470000	0.0076096868891082	7992	43014828	5652640986	526341846
GLOBAL	V	13470001	13480000	0.0074595183749583	7902	41203488	5523612374	585787318
GLOBAL	V	13480001	13490000	0.0084785656381315	7923	48580676	5729822481	395813277
GLOBAL	V	13490001	13500000	0.007346533403626	7720	39890664	5429862196	538824924
GLOBAL	V	13500001	13510000	0.0072520366455285	7948	40533768	5589294426	555669982
GLOBAL	V	13510001	13520000	0.0059748538174623	7918	34531172	5779417046	342352982
GLOBAL	V	13520001	13530000	0.00071600014329311	8864	4461660	6231367468	621798676
GLOBAL	V	13530001	13540000	0.00083110509635883	8699	3960024	4764769242	1960827812
GLOBAL	V	13540001	13550000	0.0012107985226966	8683	7335796	6058643005	654583713
GLOBAL	V	13550001	13560000	0.0011538821242019	8404	7166936	6211150905	286368079
GLOBAL	V	13560001	13570000	0.0011529126915872	7984	6582620	5709556368	463241296
GLOBAL	V	13570001	13580000	0.0010608492645053	8709	6697148	6313006215	420322299
GLOBAL	V	13580001	13590000	0.0017673166721482	8590	10659444	6031428418	609895722
GLOBAL	V	13590001	13600000	0.0029701191752923	7277	14936876	5029049381	597134061
GLOBAL	V	13600001	13610000	0.0040309049601175	8362	21915724	5436924020	1039720022
GLOBAL	V	13610001	13620000	0.0011682763380627	8913	7818428	6692276258	198774040
GLOBAL	V	13620001	13630000	0.0027676629364711	9225	19236092	6950301551	181970299
GLOBAL	V	13630001	13640000	0.0010167659372884	8971	6883260	6769758651	166134115
GLOBAL	V	13640001	13650000	0.0094133472337994	8566	56454804	5997314515	625454121
GLOBAL	V	13650001	13660000	0.0037527202989412	7958	22415220	5973059065	179636803
GLOBAL	V	13660001	13670000	0.0018847388500765	8760	12459716	6610844786	161914174
GLOBAL	V	13670001	13680000	0.003821656679737	7600	17776820	4651600468	1224309132
GLOBAL	V	13680001	13690000	0.014617493528457	8417	70482864	4821815988	1685753894
GLOBAL	V	13690001	13700000	0.017766013256548	7469	68983308	3882880588	1941228230
GLOBAL	V	13700001	13710000	0.0079402485287891	8411	46674476	5878213488	624717518
GLOBAL	V	13710001	13720000	0.0016422440283284	8320	10277880	6258436519	174138201
GLOBAL	V	13720001	13730000	0.0014428575195259	8456	9127000	6325641913	212080663
GLOBAL	V	13730001	13740000	0.0014921037956588	8697	9683156	6489599469	234451293
GLOBAL	V	13740001	13750000	0.00087573604308768	8571	5658044	6460901141	165733225
GLOBAL	V	13750001	13760000	0.001623234867533	8761	10760928	6629310530	144221576
GLOBAL	V	13760001	13770000	0.001099174253608	8776	7336860	6674883419	110245877
GLOBAL	V	13770001	13780000	0.0073563807691584	8014	38843928	5280304163	915687881
GLOBAL	V	13780001	13790000	0.014220249064815	7803	44672424	3141465652	2891392586
GLOBAL	V	13790001	13800000	0.025731454867421	7819	87468944	3399300368	2645928206
GLOBAL	V	13800001	13810000	0.017698062951453	7749	71545816	4042578908	1948529446
GLOBAL	V	13810001	13820000	0.018960832550231	6529	60678120	3200182262	1847687972
GLOBAL	V	13820001	13830000	0.017018650353106	6176	44620256	2621844569	2153105127
GLOBAL	V	13830001	13840000	0.019154079769667	6758	58507828	3054588302	2170332366
GLOBAL	V	13840001	13850000	0.018450686521093	7906	46099180	2498507573	3613984703
GLOBAL	V	13850001	13860000	0.033303229849226	7808	138107076	4146957416	1889766552
GLOBAL	V	13860001	13870000	0.010570066824932	7055	51529192	4875010996	579534034
GLOBAL	V	13870001	13880000	0.0015871819153057	8203	9552856	6018753054	324909876
GLOBAL	V	13880001	13890000	0.001734001265717	8543	10795892	6226000069	401407443
GLOBAL	V	13890001	13900000	0.0013455433615419	8610	8349616	6205386046	475368540
GLOBAL	V	13900001	13910000	0.00158196572168	8791	10460464	6612320265	184406221
GLOBAL	V	13910001	13920000	0.0013034155162506	8998	8824172	6770037559	186730149
GLOBAL	V	13920001	13930000	0.0044382414798947	8312	26418464	5952462055	473927497
GLOBAL	V	13930001	13940000	0.012350198079569	7594	59503216	4817996895	1064097873
GLOBAL	V	13940001	13950000	0.012643380667747	7800	66325964	5245904220	784634580
GLOBAL	V	13950001	13960000	0.013320027786882	8308	73930376	5550316950	872980018
GLOBAL	V	13960001	13970000	0.01234567481446	8256	72651788	5884796829	498296547
GLOBAL	V	13970001	13980000	0.01107506429161	7682	60125628	5428919094	510388478
GLOBAL	V	13980001	13990000	0.011239896549929	7884	60171696	5353403008	742080056
GLOBAL	V	13990001	14000000	0.013067638150126	6938	57824752	4425034680	939052268
GLOBAL	V	14000001	14010000	0.013297937789274	8780	83675292	6292350989	495870891
GLOBAL	V	14010001	14020000	0.010654632033659	8032	59923348	5624159315	585749357
GLOBAL	V	14020001	14030000	0.0097715358899858	7968	55310644	5660383856	500043472
GLOBAL	V	14030001	14040000	0.0077890757989707	7535	39854520	5116720010	708935100
GLOBAL	V	14040001	14050000	0.0042456254311475	8448	26751760	6301017467	230519941
GLOBAL	V	14050001	14060000	0.017571648515308	7839	100657584	5728408687	332282807
GLOBAL	V	14060001	14070000	0.014544546690059	7054	64260900	4418212638	1035559246
GLOBAL	V	14070001	14080000	0.014833091346598	7497	79815672	5380919603	415355959
GLOBAL	V	14080001	14090000	0.013255015154413	6438	60530556	4566615375	410898573
GLOBAL	V	14090001	14100000	0.0064494153905075	6910	26692004	4138670311	1203768549
GLOBAL	V	14100001	14110000	0.024582035801101	6958	103466676	4209036096	1170513772
GLOBAL	V	14110001	14120000	0.016596703250367	7056	69367424	4179590546	1275727630
GLOBAL	V	14120001	14130000	0.0089120581317262	6183	26727796	2999059881	1812227677
GLOBAL	V	14130001	14140000	0.0075026403203795	7850	42210636	5626104171	443091929
GLOBAL	V	14140001	14150000	0.00089412329242959	7708	5263884	5887201513	72207855
GLOBAL	V	14150001	14160000	0.0011541160549529	9011	7851516	6803055868	163762738
GLOBAL	V	14160001	14170000	0.0020474155714146	8054	12032844	5877089228	349828656
GLOBAL	V	14170001	14180000	0.010700250592061	7729	60818684	5683856044	291789390
GLOBAL	V	14180001	14190000	0.0051702327541806	7981	28956224	5600564883	569913343
GLOBAL	V	14190001	14200000	0.010418111624813	8554	64551504	6196084888	417405996
GLOBAL	V	14200001	14210000	0.001269493631034	9184	8850068	6971337062	129235802
GLOBAL	V	14210001	14220000	0.00093597457828607	9092	6506304	6951368286	78075146
GLOBAL	V	14220001	14230000	0.00065060876656868	9336	4669276	7176780025	41311031
GLOBAL	V	14230001	14240000	0.0011310719334259	9104	7830972	6923495994	115225190
GLOBAL	V	14240001	14250000	0.0013846183778771	8686	8903212	6430083655	285462501
GLOBAL	V	14250001	14260000	0.0014391089546611	9177	10030512	6969946207	125214635
GLOBAL	V	14260001	14270000	0.0011778381585301	8475	6790264	5765022937	788162559
GLOBAL	V	14270001	14280000	0.001931052331586	8008	11474812	5942258432	249094736
GLOBAL	V	14280001	14290000	0.0013787816254944	9119	9502272	6891788971	158529403
GLOBAL	V	14290001	14300000	0.0011287812241476	8478	7149604	6333914710	220817078
GLOBAL	V	14300001	14310000	0.0081180394833437	8700	47458288	5846028231	880341969
GLOBAL	V	14310001	14320000	0.015329299778848	8421	76917284	5017664545	1492997921
GLOBAL	V	14320001	14330000	0.027067200906971	7930	142577960	5267554650	863493130
GLOBAL	V	14330001	14340000	0.01896951373175	7391	94181448	4964884674	749437412
GLOBAL	V	14340001	14350000	0.012866460317252	7949	67506328	5246689947	899047607
GLOBAL	V	14350001	14360000	0.0068578703475827	7501	34919116	5091830879	707537267
GLOBAL	V	14360001	14370000	0.0048262052647084	8426	28660720	5938562168	575966028
GLOBAL	V	14370001	14380000	0.0013170247271928	8530	8434992	6404581346	201951224
GLOBAL	V	14380001	14390000	0.0010723650556721	8480	6623552	6176583212	390518912
GLOBAL	V	14390001	14400000	0.00089096773871656	8449	5683676	6379216388	153094166
GLOBAL	V	14400001	14410000	0.0026650782808902	7980	15782832	5922089461	247615619
GLOBAL	V	14410001	14420000	0.0015280207497968	8426	9594400	6278972325	235555871
GLOBAL	V	14420001	14430000	0.002875662848965	7976	17453496	6069381884	97230612
GLOBAL	V	14430001	14440000	0.0022569838101185	9082	15327396	6791097008	230614964
GLOBAL	V	14440001	14450000	0.0027893250387075	8198	17000188	6094731795	243519113
GLOBAL	V	14450001	14460000	0.0025821230352026	7999	15135740	5861742370	322652484
GLOBAL	V	14460001	14470000	0.0019243045550815	8613	12258184	6370189151	288917347
GLOBAL	V	14470001	14480000	0.003905481907288	9048	26934856	6896679242	98745766
GLOBAL	V	14480001	14490000	0.0039489947438434	9105	27469840	6956160183	83334147
GLOBAL	V	14490001	14500000	0.0055931190558847	8437	33934512	6067189284	455843518
GLOBAL	V	14500001	14510000	0.0062064766290894	8138	36911192	5947205509	351614953
GLOBAL	V	14510001	14520000	0.007038081826551	8705	45363180	6445389684	284846246
GLOBAL	V	14520001	14530000	0.0061641072800947	8173	36334900	5894592412	424329846
GLOBAL	V	14530001	14540000	0.0074758833327929	8673	47732024	6384800548	320694710
GLOBAL	V	14540001	14550000	0.0042315902964247	8436	26217028	6195549702	326709954
GLOBAL	V	14550001	14560000	0.0037079573102413	8653	23247412	6269600768	420431570
GLOBAL	V	14560001	14570000	0.0029328100422599	8460	17752520	6053075291	487739869
GLOBAL	V	14570001	14580000	0.0039228200213278	8251	23493960	5989048662	390178984
GLOBAL	V	14580001	14590000	0.0083882006027358	7262	43035844	5130521555	484064697
GLOBAL	V	14590001	14600000	0.0071294552234593	7576	38552848	5407544727	449809369
GLOBAL	V	14600001	14610000	0.0065487181112222	8309	40854884	6238607817	185462297
GLOBAL	V	14610001	14620000	0.0047816510542392	7695	27037968	5654525538	294832932
GLOBAL	V	14620001	14630000	0.0044917769950364	7653	24994100	5564412487	352473851
GLOBAL	V	14630001	14640000	0.0014463227400705	8604	8936644	6178872635	473275549
GLOBAL	V	14640001	14650000	0.0009939904609746	8568	6289184	6327207601	297107327
GLOBAL	V	14650001	14660000	0.0010906198047668	8910	7344336	6734093740	154637120
GLOBAL	V	14660001	14670000	0.00065392622287157	8556	4234360	6475287046	139750130
GLOBAL	V	14670001	14680000	0.00099480994905317	8905	6719388	6754443908	130421222
GLOBAL	V	14680001	14690000	0.0014403375254626	8196	8867296	6156401429	180303187
GLOBAL	V	14690001	14700000	0.0017773037425033	7718	10155916	5714226419	252914409
GLOBAL	V	14700001	14710000	0.0017061644665465	8610	11054732	6479288613	177498447
GLOBAL	V	14710001	14720000	0.00041714797479464	8455	2664548	6387536704	149412726
GLOBAL	V	14720001	14730000	0.0011345933200213	8111	6911244	6091384356	179602850
GLOBAL	V	14730001	14740000	0.0010674099833626	6386	3902840	3656364528	1336612340
GLOBAL	V	14740001	14750000	0.0013725523010682	6386	5153392	3754605195	1184251453
GLOBAL	V	14750001	14760000	0.00094622374750257	9102	6279652	6636540265	409139233
GLOBAL	V	14760001	14770000	0.00084116570054601	9099	5840544	6943392956	91462498
GLOBAL	V	14770001	14780000	0.00060016322055183	8733	3992000	6651523891	100360127
GLOBAL	V	14780001	14790000	0.00099697202271012	9230	7014352	7035655806	100481774
GLOBAL	V	14790001	14800000	0.00050804624067817	8864	3411420	6714782488	138383656
GLOBAL	V	14800001	14810000	0.00074754251612668	9142	5232928	7000174421	67926311
GLOBAL	V	14810001	14820000	0.00051756292884274	9151	3588664	6933773267	141285779
GLOBAL	V	14820001	14830000	0.0018765898957859	8399	11158420	5946115358	547537896
GLOBAL	V	14830001	14840000	0.00085257624991595	9417	6097304	7151623096	129092786
GLOBAL	V	14840001	14850000	0.00051541930475492	9164	3603752	6991884019	93225925
GLOBAL	V	14850001	14860000	0.0004810562943079	9577	3539140	7357018382	47400860
GLOBAL	V	14860001	14870000	0.00073174321654486	9382	5174752	7071814105	181841667
GLOBAL	V	14870001	14880000	0.0016584731629329	7622	6879460	4148068328	1793558682
GLOBAL	V	14880001	14890000	0.0024511167370058	8087	8881904	3623615255	2639640491
GLOBAL	V	14890001	14900000	0.00039938771282106	9408	2804652	7022379282	251378286
GLOBAL	V	14900001	14910000	0.00041225701407307	9575	3029068	7347523260	55349690
GLOBAL	V	14910001	14920000	0.00043266184986954	9760	3251048	7514062081	31842879
GLOBAL	V	14920001	14930000	0.00035327147588516	8988	2377664	6730416018	230217420
GLOBAL	V	14930001	14940000	0.00058327403076599	9582	4283132	7343258527	65026445
GLOBAL	V	14940001	14950000	0.00031894791384579	9671	2352684	7376389366	100705600
GLOBAL	V	14950001	14960000	0.00038326124377369	9747	2856720	7453714787	82139275
GLOBAL	V	14960001	14970000	0.00064502254992617	7995	3592592	5569715354	658748822
GLOBAL	V	14970001	14980000	0.00059800304038399	8842	4031780	6742072745	94084187
GLOBAL	V	14980001	14990000	0.00057004897537756	9858	4329024	7594126447	27546821
GLOBAL	V	14990001	15000000	0.00024356351235249	9579	1790512	7351314582	54650952
GLOBAL	V	15000001	15010000	0.00051059768038621	9629	3778784	7400707338	43915496
GLOBAL	V	15010001	15020000	0.000519839754371	9290	3711816	7140308083	42218257
GLOBAL	V	15020001	15030000	0.00040267961456901	9639	2964760	7362577823	89776471
GLOBAL	V	15030001	15040000	0.0002132946943788	9388	1539016	7215444362	42850286
GLOBAL	V	15040001	15050000	0.00027383402145934	8516	1731056	6321551978	269517672
GLOBAL	V	15050001	15060000	0.00029008247248763	9455	2112040	7280825973	29269457
GLOBAL	V	15060001	15070000	0.0002739857974928	9585	2017384	7363096987	47507423
GLOBAL	V	15070001	15080000	0.00044014424011744	9655	3270748	7431082136	33642494
GLOBAL	V	15080001	15090000	0.00039695869036352	9621	2939364	7404710040	33727626
GLOBAL	V	15090001	15100000	0.00045841690244851	9356	3296952	7192038475	41515501
GLOBAL	V	15100001	15110000	0.00062307361700954	8646	3594156	5768429126	922376358
GLOBAL	V	15110001	15120000	0.00037852935500309	8572	2314588	6114685610	520453362
GLOBAL	V	15120001	15130000	0.00033434964763735	9807	2523076	7546220006	36022816
GLOBAL	V	15130001	15140000	0.0003710095125987	9797	2682300	7229733764	344777598
GLOBAL	V	15140001	15150000	0.00031156789568673	9617	2310840	7416810371	18534711
GLOBAL	V	15150001	15160000	0.00033329006825794	9746	2501000	7503973980	31106936
GLOBAL	V	15160001	15170000	0.0003884256736367	9849	2927152	7535938530	78776424
GLOBAL	V	15170001	15180000	0.00030897503288033	9796	2329020	7537890613	35847603
GLOBAL	V	15180001	15190000	0.00033599293385574	9834	2543880	7571230653	31887111
GLOBAL	V	15190001	15200000	0.00034485148639084	9892	2630404	7627642924	20317308
GLOBAL	V	15200001	15210000	0.00039158493137857	9815	2956672	7550525475	37902515
GLOBAL	V	15210001	15220000	0.00036524141808378	9791	2755576	7544533187	25339299
GLOBAL	V	15220001	15230000	0.00029980506110465	9723	2244232	7485637473	31661085
GLOBAL	V	15230001	15240000	0.00031641016157336	9793	2386992	7543980219	27438559
GLOBAL	V	15240001	15250000	0.00037056140045132	9785	2791128	7532160653	33072957
GLOBAL	V	15250001	15260000	0.00059240078690154	9614	4374932	7385088097	47937547
GLOBAL	V	15260001	15270000	0.00025625335186418	9641	1899392	7412164509	41736077
GLOBAL	V	15270001	15280000	0.00038770799025453	9807	2924280	7542480613	39762209
GLOBAL	V	15280001	15290000	0.00039947800524073	9700	2987576	7478699605	20816595
GLOBAL	V	15290001	15300000	0.00045743611586617	9730	3422520	7481962795	40747785
GLOBAL	V	15300001	15310000	0.000412889011278	9731	3090280	7484529536	38954190
GLOBAL	V	15310001	15320000	0.00034629562049046	9745	2590520	7480660588	53647182
GLOBAL	V	15320001	15330000	0.00027680695642072	9796	2059124	7438844842	134893374
GLOBAL	V	15330001	15340000	0.0014435859335075	346	246540	170783044	101364348
GLOBAL	X	1	10000	0	95	0	5396087	68052783
GLOBAL	X	10001	20000	0.00050720357506732	8741	438328	864205265	5902368527
GLOBAL	X	20001	30000	0.0014549822072973	5915	849316	583729475	4004892035
GLOBAL	X	30001	40000	0.001046010207601	6960	1622904	1551518320	3879059184
GLOBAL	X	40001	50000	0.0012284901360443	6477	1356484	1104187946	3939816558
GLOBAL	X	50001	60000	0.00023938047818814	3835	73852	308513044	2667325910
GLOBAL	X	60001	70000	0.00027887319277437	1813	37340	133895982	1345132316
GLOBAL	X	70001	80000	0.00091870597835604	6123	1260496	1372034176	3361938782
GLOBAL	X	80001	90000	0.00088457789915052	8615	2126916	2404441714	4256211076
GLOBAL	X	90001	100000	0.00069665286817231	8676	1563344	2244078897	4463735799
GLOBAL	X	100001	110000	0.0015388251674804	8491	3505408	2277976780	4286805906
GLOBAL	X	110001	120000	0.00079512910874479	7881	748368	941190546	5151973080
GLOBAL	X	120001	130000	0.00078689337258227	7851	573732	729110220	5397298684
GLOBAL	X	130001	140000	0.00077287925744974	8665	1731268	2240023889	4459286201
GLOBAL	X	140001	150000	0.00056448048753455	8475	1246312	2207892084	4344520266
GLOBAL	X	150001	160000	0.0013940734810529	8438	3252520	2333105137	4190700811
GLOBAL	X	160001	170000	0.00086408268950765	8419	1963136	2271930712	4237185462
GLOBAL	X	170001	180000	0.00082722529111292	8474	1792928	2167399884	4384239320
GLOBAL	X	180001	190000	0.00072833472928749	9054	1662036	2281967251	4718096633
GLOBAL	X	190001	200000	0.0007581235125696	8949	1661536	2191642882	4727240672
GLOBAL	X	200001	210000	0.00083125527539641	8081	1769512	2128722731	4119070095
GLOBAL	X	210001	220000	0.0010424719376163	8572	2473100	2372342037	4255065475
GLOBAL	X	220001	230000	0.0007258206791079	8664	1736180	2392023333	4306513611
GLOBAL	X	230001	240000	0.0010990357438849	7437	2296704	2089744590	3660142212
GLOBAL	X	240001	250000	0.0010590456124207	8276	2426124	2290858837	4107697459
GLOBAL	X	250001	260000	0.0012139797322247	7983	2686600	2213051774	3958972744
GLOBAL	X	260001	270000	0.00060132485423257	6748	892336	1483949971	3733239237
GLOBAL	X	270001	280000	0.00030377899736972	1914	17284	56896626	1424451110
GLOBAL	X	280001	290000	0.00057642142036742	4465	97208	168640506	3314382224
GLOBAL	X	290001	300000	0.00077804762467854	3021	43992	56541526	2336345344
GLOBAL	X	300001	310000	0.0020451385996122	3393	100156	48972720	2592867162
GLOBAL	X	310001	320000	0.0010899357258491	474	2040	1871670	449645594
GLOBAL	X	320001	330000	0.0020960693828791	4535	4052024	1933153565	1715322409
GLOBAL	X	330001	340000	0.0010861318439973	8292	5158272	4749213485	1661713147
GLOBAL	X	340001	350000	0.00097484298896661	4871	2174788	2230911054	1591522770
GLOBAL	X	350001	360000	0.00088985580024295	8749	5438188	6111313764	652940590
GLOBAL	X	360001	370000	0.00078724875150948	8664	4837936	6145371448	553165496
GLOBAL	X	370001	380000	0.001032879416559	8978	6371372	6168553558	772751230
GLOBAL	X	380001	390000	0.00057596928563194	9217	3808796	6612845676	513241006
GLOBAL	X	390001	400000	0.00070435267874558	9236	4365340	6197662239	943114217
GLOBAL	X	400001	410000	0.00066718504413447	8776	1196768	1793757235	5006834981
GLOBAL	X	410001	420000	0.00077284207554407	8337	3886348	5028644432	1417073770
GLOBAL	X	420001	430000	0.00073182126135119	5648	2914568	3982622744	395703054
GLOBAL	X	430001	440000	NA	0	NA	NA	NA
GLOBAL	X	440001	450000	0.00043313159252689	5810	1647772	3804321893	717035915
GLOBAL	X	450001	460000	0.00070041623741079	9321	4812188	6870468934	336024932
GLOBAL	X	460001	470000	0.00081802648638557	8980	5442472	6653173327	289677753
GLOBAL	X	470001	480000	0.00056626275038369	8015	3177148	5610731057	644793229
GLOBAL	X	480001	490000	0.00096810879062731	7755	3641540	3761498744	2255896574
GLOBAL	X	490001	500000	0.00079157660947398	8958	4796540	6059476673	866365195
GLOBAL	X	500001	510000	0.00052710628043471	5570	1640572	3112412166	1234214646
GLOBAL	X	510001	520000	0.00073122937036673	8113	4127884	5645128830	645960172
GLOBAL	X	520001	530000	0.00065166575572898	9199	4513044	6925396893	186773161
GLOBAL	X	530001	540000	0.00038637013602644	9037	2642132	6838344255	148576147
GLOBAL	X	540001	550000	0.0008214016930334	9149	5440880	6623896744	468944660
GLOBAL	X	550001	560000	0.00073550452247107	9509	5319696	7232716914	119128400
GLOBAL	X	560001	570000	0.00097669201322932	8850	6508440	6663758802	178583298
GLOBAL	X	570001	580000	0.00071049212508028	9355	5004680	7043962661	188818169
GLOBAL	X	580001	590000	0.00086119116583783	8521	5095388	5916674720	679806952
GLOBAL	X	590001	600000	0.00033318874613832	6567	631540	1895442170	3416843996
GLOBAL	X	600001	610000	0.00042938533747318	6813	222024	517074014	4990044944
GLOBAL	X	610001	620000	7.9992414567658e-05	3468	13980	174766571	2971937649
GLOBAL	X	620001	630000	0.00012150709451832	3015	12768	105080284	2287033440
GLOBAL	X	630001	640000	0.00051739063428273	3928	182412	352561465	3100308571
GLOBAL	X	640001	650000	0.00088421542202282	8189	4626112	5231883413	1099409181
GLOBAL	X	650001	660000	0.00069880081707311	9048	4629388	6624760428	370664580
GLOBAL	X	660001	670000	0.00083878989548665	8571	4664256	5560696457	1065937909
GLOBAL	X	670001	680000	0.00089037648310197	8069	4582268	5146438711	1167844671
GLOBAL	X	680001	690000	0.00091884054340371	8982	6133908	6675704554	268692818
GLOBAL	X	690001	700000	0.00079020476778787	8409	4738588	5996658326	504726388
GLOBAL	X	700001	710000	0.00053271810654215	9036	3487376	6546381580	439765676
GLOBAL	X	710001	720000	0.00072039079615197	9549	5179744	7190186254	192584900
GLOBAL	X	720001	730000	0.000699893766361	9648	5057308	7225822322	233490286
GLOBAL	X	730001	740000	0.00064004774947164	8877	4144512	6475316886	422691726
GLOBAL	X	740001	750000	0.00077271780443263	9533	5550088	7182554832	187845986
GLOBAL	X	750001	760000	0.00056785650746712	9405	4005208	7053204370	218233760
GLOBAL	X	760001	770000	0.00095481541442018	8514	6046708	6332855449	249709595
GLOBAL	X	770001	780000	0.0011007557273569	7815	5835600	5301448682	740687308
GLOBAL	X	780001	790000	0.0010688208983987	8013	6170692	5773363909	421854989
GLOBAL	X	790001	800000	0.00079414523763373	7880	4392684	5531335821	561054659
GLOBAL	X	800001	810000	0.00096939692462537	5164	2401428	2477239136	1543893210
GLOBAL	X	810001	820000	0.0010396094357391	8890	6402604	6158662840	714605100
GLOBAL	X	820001	830000	0.0005250830361995	8997	3415256	6504220789	451773773
GLOBAL	X	830001	840000	0.0012535757496621	8404	7545592	6019254921	478264063
GLOBAL	X	840001	850000	0.00062322054039565	8589	4001008	6419891099	220659895
GLOBAL	X	850001	860000	0.0010586021667131	8361	6337760	5986913875	477359831
GLOBAL	X	860001	870000	0.00099202128520484	9016	5781700	5828201558	1142482778
GLOBAL	X	870001	880000	0.0010093931547788	8290	5400732	5350474168	1071276508
GLOBAL	X	880001	890000	0.0010527365653718	8569	6283692	5968912078	656175996
GLOBAL	X	890001	900000	0.0009312864791035	7007	4318364	4636987755	801321209
GLOBAL	X	900001	910000	0.0010022239939475	3226	1441992	1438792135	1101765621
GLOBAL	X	910001	920000	0.00052914859578615	7990	2445012	4620652912	1693630470
GLOBAL	X	920001	930000	0.00084993627382207	9008	5498836	6469703870	494795298
GLOBAL	X	930001	940000	0.0012272718890655	4835	3250508	2648563883	1163819043
GLOBAL	X	940001	950000	0.00096858840457509	6465	3737288	3858489305	1219533623
GLOBAL	X	950001	960000	0.00079478136158234	7408	1983516	2495675032	3281271880
GLOBAL	X	960001	970000	0.00084414123936446	8632	3564820	4223013678	2450782594
GLOBAL	X	970001	980000	0.00076987670947886	9042	4988420	6479505015	511281117
GLOBAL	X	980001	990000	0.001115334050771	8266	6639012	5952487504	438337332
GLOBAL	X	990001	1000000	0.0010181665614835	8811	6393572	6279495165	532694241
GLOBAL	X	1000001	1010000	0.0009583031598794	8605	5498384	5737624825	949314929
GLOBAL	X	1010001	1020000	0.0015663766246041	8262	8940768	5707929919	693718961
GLOBAL	X	1020001	1030000	0.00093080848983249	9213	6122032	6577112335	545881763
GLOBAL	X	1030001	1040000	0.0010645548425082	9125	7004732	6579963493	474993757
GLOBAL	X	1040001	1050000	0.0010312811286626	9079	6605680	6405314532	614078002
GLOBAL	X	1050001	1060000	0.00098629443696811	8905	5866552	5948073699	945296037
GLOBAL	X	1060001	1070000	0.00098300205446254	9322	6097488	6202924981	1004342031
GLOBAL	X	1070001	1080000	0.0010887303075804	8573	4831768	4437984289	2190196369
GLOBAL	X	1080001	1090000	0.00078096161656736	9194	5141760	6583883114	524421210
GLOBAL	X	1090001	1100000	0.0015994630672002	9155	10228136	6394730963	683420667
GLOBAL	X	1100001	1110000	0.00096582041351313	9300	6005088	6217603103	972654697
GLOBAL	X	1110001	1120000	0.0012073327246991	9066	7063440	5850450216	1158891420
GLOBAL	X	1120001	1130000	0.0011142203374907	9261	6970988	6256381943	903723163
GLOBAL	X	1130001	1140000	0.0011390933229524	9486	7500472	6584598337	749464619
GLOBAL	X	1140001	1150000	0.001170905170997	8704	6926772	5915741233	813721551
GLOBAL	X	1150001	1160000	0.0012339319148758	8992	7691832	6233595150	718533682
GLOBAL	X	1160001	1170000	0.0011488286625135	8798	6571360	5720052271	1082086237
GLOBAL	X	1170001	1180000	0.0018120921376744	7424	8502184	4691915948	1047919956
GLOBAL	X	1180001	1190000	0.0039049311542526	8208	21454304	5494156786	851825582
GLOBAL	X	1190001	1200000	0.00093153561996959	8488	4685136	5029475953	1532987295
GLOBAL	X	1200001	1210000	0.0014781735349975	7900	6852228	4635604574	1472248826
GLOBAL	X	1210001	1220000	0.001434407319325	8073	6318784	4405153205	1836454453
GLOBAL	X	1220001	1230000	0.0014023944203004	8305	6822580	4864950902	1556026628
GLOBAL	X	1230001	1240000	0.0011501239982503	5721	1390040	1208600118	3291109602
GLOBAL	X	1240001	1250000	0.0010264429887995	7087	4127916	4021573575	1467763025
GLOBAL	X	1250001	1260000	0.00081971727323314	7370	3968176	4840908115	857177905
GLOBAL	X	1260001	1270000	0.0010971183889752	7934	5986936	5456964408	697277752
GLOBAL	X	1270001	1280000	0.0015707525200458	9417	10979184	6989760551	290955331
GLOBAL	X	1280001	1290000	0.0014482722824452	6972	7056040	4872039661	518334251
GLOBAL	X	1290001	1300000	0.00066319904723918	7494	2899572	4372099164	1458967968
GLOBAL	X	1300001	1310000	0.0012154199499932	7596	6196224	5098010774	776352534
GLOBAL	X	1310001	1320000	0.0014182109819338	9439	9340228	6585922771	711802323
GLOBAL	X	1320001	1330000	0.0015552065131029	9270	10381988	6675633051	496842391
GLOBAL	X	1330001	1340000	0.000597408485857	6350	2737896	4582954653	326522447
GLOBAL	X	1340001	1350000	0.0014631037032214	9172	9966084	6811604658	279690454
GLOBAL	X	1350001	1360000	0.0010178391905164	7968	5913148	5809511026	359420908
GLOBAL	X	1360001	1370000	0.0017621263368696	8340	8163044	4632496450	1815541190
GLOBAL	X	1370001	1380000	0.00074478563930173	9642	5142316	6904424211	550249521
GLOBAL	X	1380001	1390000	0.0012233023214566	9378	8421992	6884636653	365926535
GLOBAL	X	1390001	1400000	0.00062567132633467	6502	2989992	4778854127	248141165
GLOBAL	X	1400001	1410000	0.0022860672001721	3792	2365116	1034578511	1948991903
GLOBAL	X	1410001	1420000	0.00026574714228551	3156	118384	445476098	2141470418
GLOBAL	X	1420001	1430000	0.0014115874529098	6679	5697976	4036573142	1138866182
GLOBAL	X	1430001	1440000	0.0012083848125416	8951	8111800	6712927799	207502047
GLOBAL	X	1440001	1450000	0.0013511581395547	7172	6614816	4895663806	649339306
GLOBAL	X	1450001	1460000	0.0012120648837598	6973	5364568	4425974279	989913451
GLOBAL	X	1460001	1470000	0.00090306959350315	8413	5344416	5918055528	588741208
GLOBAL	X	1470001	1480000	0.0012605653311623	2725	2371000	1880902117	243703091
GLOBAL	X	1480001	1490000	0.00058425116605716	1442	24372	41714936	1127281816
GLOBAL	X	1490001	1500000	0.001386856647158	1639	535164	385882709	917641447
GLOBAL	X	1500001	1510000	0.0018161319458046	7178	9046416	4981144691	577775049
GLOBAL	X	1510001	1520000	0.0012405046954788	7548	5674996	4574747698	1307347070
GLOBAL	X	1520001	1530000	0.0010483283716076	6447	2863056	2731067934	2391797462
GLOBAL	X	1530001	1540000	2.6739661621331e-06	2254	264	98729746	2420179922
GLOBAL	X	1540001	1550000	0.00066143136311382	3286	57260	86569829	3153685057
GLOBAL	X	1550001	1560000	8.2187993925747e-06	6090	2524	307100816	4842824690
GLOBAL	X	1560001	1570000	0.00062661635537734	6039	405484	647100888	4327320476
GLOBAL	X	1570001	1580000	0.0017070063363814	7480	7779388	4557328133	1288428773
GLOBAL	X	1580001	1590000	0.0021347233395171	7849	11455060	5366063034	702359920
GLOBAL	X	1590001	1600000	0.0025178530402065	8206	14710488	5842472839	501963237
GLOBAL	X	1600001	1610000	0.0017728112648112	8934	11473744	6472061763	435224601
GLOBAL	X	1610001	1620000	0.0010637750165068	8914	6592124	6196915605	694907839
GLOBAL	X	1620001	1630000	0.0016983042523779	8672	10657952	6275643475	429078637
GLOBAL	X	1630001	1640000	5.1339703215622e-05	4694	24456	476356474	3244795224
GLOBAL	X	1640001	1650000	0.0019806608105583	8465	11317944	5714226252	830454638
GLOBAL	X	1650001	1660000	0.0019621606334099	8876	12933960	6591692739	270751157
GLOBAL	X	1660001	1670000	0.0014645505584604	8424	7676016	5241209295	1271772609
GLOBAL	X	1670001	1680000	0.001606351673425	5022	1162012	723385806	3176362618
GLOBAL	X	1680001	1690000	0.00016802163114041	4617	54352	323482159	3315716063
GLOBAL	X	1690001	1700000	0.00036897976906236	3707	151432	410407325	2510538263
GLOBAL	X	1700001	1710000	0.00024998452383269	2136	150888	603589365	1047850491
GLOBAL	X	1710001	1720000	0.0018523149485515	6358	7424712	4008342105	907320163
GLOBAL	X	1720001	1730000	0.0013740726383086	8598	8778080	6388366783	259142525
GLOBAL	X	1730001	1740000	0.0010292193399805	9325	7214296	7009483518	200102932
GLOBAL	X	1740001	1750000	0.0015110294307699	8865	9898512	6550839976	303099314
GLOBAL	X	1750001	1760000	0.0017456148363025	8867	9928364	5687602897	1178706729
GLOBAL	X	1760001	1770000	0.0012262652396523	8398	6924740	5647016466	845863642
GLOBAL	X	1770001	1780000	0.00075887775815395	8135	3263720	4300719009	2037531899
GLOBAL	X	1780001	1790000	0.00098575287564321	8947	6360308	6452233777	465103485
GLOBAL	X	1790001	1800000	0.0011099245889944	8760	7054692	6356010192	416748768
GLOBAL	X	1800001	1810000	0.0010104867071708	6863	4892248	4841476850	485499090
GLOBAL	X	1810001	1820000	0.0013274972683971	8919	7788920	5867371772	1049965490
GLOBAL	X	1820001	1830000	0.0012585742980218	9244	8870068	7047711060	99250564
GLOBAL	X	1830001	1840000	0.0012359014135745	9101	8560044	6926154389	110247357
GLOBAL	X	1840001	1850000	0.0013918686930152	9774	10389080	7464123629	92605375
GLOBAL	X	1850001	1860000	0.0010563167069299	9573	7744764	7331857907	69468751
GLOBAL	X	1860001	1870000	0.0025150347608257	8046	9551988	3797954664	2424324344
GLOBAL	X	1870001	1880000	0.0022328999418555	9225	11369092	5091626269	2040645581
GLOBAL	X	1880001	1890000	0.0014732011388365	9026	9290540	6306362217	672053579
GLOBAL	X	1890001	1900000	0.0014067377111265	9469	10070416	7158701953	162217521
GLOBAL	X	1900001	1910000	0.001138792842219	9382	8064880	7081955296	171700476
GLOBAL	X	1910001	1920000	0.0012370627699566	9731	9214120	7448385178	75098548
GLOBAL	X	1920001	1930000	0.0010487449671759	9200	7305428	6965876575	147066625
GLOBAL	X	1930001	1940000	0.00098353321675535	9524	7163920	7283861773	79580731
GLOBAL	X	1940001	1950000	0.0021241519977179	9122	13857404	6523734655	528903157
GLOBAL	X	1950001	1960000	0.00098691714573552	9659	7312668	7409606806	58210408
GLOBAL	X	1960001	1970000	0.0011855574299281	9263	8380788	7069069611	92581787
GLOBAL	X	1970001	1980000	0.001863845781074	8962	12661012	6792950430	135984022
GLOBAL	X	1980001	1990000	0.0010957486385894	9620	8098656	7390979751	46684769
GLOBAL	X	1990001	2000000	0.00083915638154845	9248	5609080	6684189173	465865035
GLOBAL	X	2000001	2010000	0.00084034858053075	9009	2530720	3011512197	3965357307
GLOBAL	X	2010001	2020000	0.0010601264720155	9033	6949840	6555670652	428157166
GLOBAL	X	2020001	2030000	0.0013126447299155	8544	7888448	6009583416	596176008
GLOBAL	X	2030001	2040000	0.0012042732389342	8264	7526240	6249611597	139666947
GLOBAL	X	2040001	2050000	0.0054418416167543	9233	36840404	6769841277	368615741
GLOBAL	X	2050001	2060000	0.019732576272324	9137	132120212	6695537885	368697117
GLOBAL	X	2060001	2070000	0.025915290773269	8113	134729564	5198844388	1088378884
GLOBAL	X	2070001	2080000	0.018950558272005	8800	106030004	5595086038	1208598762
GLOBAL	X	2080001	2090000	0.027158914936262	7785	132219640	4868369753	1150571857
GLOBAL	X	2090001	2100000	0.021769303928425	9135	132396332	6081789865	980898845
GLOBAL	X	2100001	2110000	0.024367246035199	3601	57657708	2366197145	444961711
GLOBAL	X	2110001	2120000	0	593	0	217255707	259775375
GLOBAL	X	2120001	2130000	0.0003207797442252	1073	2932	9140228	981259798
GLOBAL	X	2130001	2140000	0.00033104955163346	496	66420	200634617	344433313
GLOBAL	X	2140001	2150000	0.0008200045508217	7851	4034912	4920597082	1177205420
GLOBAL	X	2150001	2160000	0.00078468897651187	9088	5324376	6785332991	241017857
GLOBAL	X	2160001	2170000	0.00058853992806306	9287	4108356	6980590108	199616794
GLOBAL	X	2170001	2180000	0.00069780345822548	9189	4895264	7015247549	89191045
GLOBAL	X	2180001	2190000	0.00088312462386746	9160	5976484	6767429917	314587443
GLOBAL	X	2190001	2200000	0.00082195985542036	9180	5408380	6579859058	517621222
GLOBAL	X	2200001	2210000	0.00066717094878279	9427	4804580	7201422677	87024665
GLOBAL	X	2210001	2220000	0.00058844069964555	9491	4267484	7252190412	85738274
GLOBAL	X	2220001	2230000	0.00062928865171919	9585	4313860	6855137127	555467283
GLOBAL	X	2230001	2240000	0.00048203610539739	9751	3380676	7013325272	525621374
GLOBAL	X	2240001	2250000	0.00046808668316292	8877	3075924	6571270046	291946996
GLOBAL	X	2250001	2260000	0.00063488385393346	9046	4321568	6806863922	187014794
GLOBAL	X	2260001	2270000	0.00057628544496696	9653	4267052	7404407030	58771308
GLOBAL	X	2270001	2280000	0.00075589406009917	9451	5491656	7265113314	41889532
GLOBAL	X	2280001	2290000	0.00085929268168089	9536	6282716	7311497158	61223098
GLOBAL	X	2290001	2300000	0.0035486999483479	9540	26026152	7333996218	41816622
GLOBAL	X	2300001	2310000	0.007132046952735	9367	50518156	7083261837	158796745
GLOBAL	X	2310001	2320000	0.022768830598867	9507	151921828	6672359713	677939309
GLOBAL	X	2320001	2330000	0.018909642407417	9640	139938100	7400356759	52770681
GLOBAL	X	2330001	2340000	0.0075622838061384	9454	55025692	7276332575	32989709
GLOBAL	X	2340001	2350000	0.0011151588082968	9158	7849712	7039097877	41373191
GLOBAL	X	2350001	2360000	0.00068011277312745	9552	4976628	7317357057	67733535
GLOBAL	X	2360001	2370000	0.00056545016838394	9678	4217844	7459267387	23239601
GLOBAL	X	2370001	2380000	0.00051594751519336	9686	3812456	7389232214	99459942
GLOBAL	X	2380001	2390000	0.00059281383029459	9707	4430532	7473732517	31195705
GLOBAL	X	2390001	2400000	0.00063937403696562	9477	4657064	7283786533	43318109
GLOBAL	X	2400001	2410000	0.00056404524410684	9588	4148964	7355729072	57194776
GLOBAL	X	2410001	2420000	0.00059412616028456	9599	4365600	7347934314	73494140
GLOBAL	X	2420001	2430000	0.00083054392322681	9836	6275068	7555371636	49292420
GLOBAL	X	2430001	2440000	0.00088872067828645	9331	6344852	7139309521	74915805
GLOBAL	X	2440001	2450000	0.0010654223916703	8633	6725208	6312245784	398661496
GLOBAL	X	2450001	2460000	0.001258131354031	9446	4805240	3819346831	3483790285
GLOBAL	X	2460001	2470000	0.0013291181326284	9137	7648300	5754417017	1309817985
GLOBAL	X	2470001	2480000	0.0006211598593668	7169	3167876	5099936759	442746915
GLOBAL	X	2480001	2490000	0.00058858843896466	9561	4320076	7339722825	52326081
GLOBAL	X	2490001	2500000	0.00092175507040528	9280	6512588	7065421400	109373480
GLOBAL	X	2500001	2510000	0.0025502327378649	9342	18262896	7161266393	61463539
GLOBAL	X	2510001	2520000	0.0042753396869449	9058	28773944	6730212359	274490401
GLOBAL	X	2520001	2530000	0.0069495987326357	9618	51413908	7398111744	38006484
GLOBAL	X	2530001	2540000	0.0076561074134419	9360	54796600	7157240232	79406328
GLOBAL	X	2540001	2550000	0.0071498019860937	9696	52648652	7363651763	132771853
GLOBAL	X	2550001	2560000	0.0063653334903225	9530	43619632	6852686048	516168478
GLOBAL	X	2560001	2570000	0.0061386534517563	9501	44220508	7203616941	142043205
GLOBAL	X	2570001	2580000	0.005361551386722	9440	38839516	7244081647	54416593
GLOBAL	X	2580001	2590000	0.0013977459147559	9743	10471184	7491478880	41282598
GLOBAL	X	2590001	2600000	0.00060948454316161	9757	4565464	7490696936	52888586
GLOBAL	X	2600001	2610000	0.00064587729876605	9148	4491728	6954460249	118279359
GLOBAL	X	2610001	2620000	0.00067640979176041	9381	4834096	7146697252	106185374
GLOBAL	X	2620001	2630000	0.00041828801754215	9648	3096776	7403453769	55858839
GLOBAL	X	2630001	2640000	0.0006863749023723	9510	5012940	7303501312	49117148
GLOBAL	X	2640001	2650000	0.0005011086990422	9706	3706580	7396758442	107396634
GLOBAL	X	2650001	2660000	0.00068469501956395	9574	4609396	6732042542	670057262
GLOBAL	X	2660001	2670000	0.00068994614381535	9693	5038868	7303277285	190826893
GLOBAL	X	2670001	2680000	0.00069110716635916	9248	4897680	7086715691	63338517
GLOBAL	X	2680001	2690000	0.00057045766334764	9690	4234832	7423569306	68215434
GLOBAL	X	2690001	2700000	0.00093903687811812	9558	6303560	6712792806	676936662
GLOBAL	X	2700001	2710000	0.0007912921909807	8964	5155424	6515196357	415284387
GLOBAL	X	2710001	2720000	0.0004312387186572	9559	3158892	7325158580	65344034
GLOBAL	X	2720001	2730000	0.0013593240325055	9770	10184204	7492109134	61527286
GLOBAL	X	2730001	2740000	0.0025393038524243	9566	18605188	7326885273	69029363
GLOBAL	X	2740001	2750000	0.00072316110524154	9579	5323344	7361214481	44751053
GLOBAL	X	2750001	2760000	0.0003794627429576	9660	2813368	7414082284	54508076
GLOBAL	X	2760001	2770000	0.00040248172352851	9254	2866292	7121545731	33147353
GLOBAL	X	2770001	2780000	0.00073211755062674	9326	5241952	7159986802	50372794
GLOBAL	X	2780001	2790000	0.00070367346652334	9481	5095700	7241569055	88628171
GLOBAL	X	2790001	2800000	0.00061964763684515	9471	4509592	7277671586	44794180
GLOBAL	X	2800001	2810000	0.00077544199583148	9693	5727420	7386006988	108097190
GLOBAL	X	2810001	2820000	0.0003968764025278	9447	2882164	7262119848	41790414
GLOBAL	X	2820001	2830000	0.00055430580898878	9616	4081260	7362831011	71740925
GLOBAL	X	2830001	2840000	0.00056930107133155	9208	4024928	7069946295	49182073
GLOBAL	X	2840001	2850000	0.00063366261097401	9233	4499216	7100333714	38123304
GLOBAL	X	2850001	2860000	0.00067574927209704	9622	4997120	7394932124	44278688
GLOBAL	X	2860001	2870000	0.00043148014133199	9728	3212948	7446340381	74823907
GLOBAL	X	2870001	2880000	0.00033856928523786	9335	2421248	7151410673	65907237
GLOBAL	X	2880001	2890000	0.00039771813557348	9159	2783712	6999208110	82036104
GLOBAL	X	2890001	2900000	0.00032895667767242	9310	2353820	7155410301	42578959
GLOBAL	X	2900001	2910000	0.00027163942230815	9579	2002372	7371433730	34531804
GLOBAL	X	2910001	2920000	0.0014742354366897	9436	10680036	7244457523	50948133
GLOBAL	X	2920001	2930000	0.0015967807493475	9353	11415848	7149289597	81944941
GLOBAL	X	2930001	2940000	0.00077001669172683	9515	5343500	6939459959	417024231
GLOBAL	X	2940001	2950000	0.00051871989620777	9371	3540104	6824692914	420458252
GLOBAL	X	2950001	2960000	0.00039569024498128	9441	2872032	7258283560	40987826
GLOBAL	X	2960001	2970000	0.00069516536190446	9786	5208068	7491840482	74166274
GLOBAL	X	2970001	2980000	0.00045484165349642	9628	3168512	6966186970	477662718
GLOBAL	X	2980001	2990000	0.00041039739673243	9655	3041908	7412103547	52621083
GLOBAL	X	2990001	3000000	0.00069148213220904	9454	4980156	7202147052	107175232
GLOBAL	X	3000001	3010000	0.00065047479857488	9092	4347236	6683173598	346269834
GLOBAL	X	3010001	3020000	0.00051663627547015	8864	3522520	6818181702	34984442
GLOBAL	X	3020001	3030000	0.00024978118275805	8889	1701932	6813691813	58802981
GLOBAL	X	3030001	3040000	0.00045609858508821	9574	3355092	7356067547	46032257
GLOBAL	X	3040001	3050000	0.0010132574553258	8913	6878148	6788154347	102895951
GLOBAL	X	3050001	3060000	0.00079727426799663	9321	5705828	7156668952	49824914
GLOBAL	X	3060001	3070000	0.00086243554775764	9409	6222352	7214860306	59670408
GLOBAL	X	3070001	3080000	0.00091228912038253	9196	6449772	7069877143	39973473
GLOBAL	X	3080001	3090000	0.00079932278132283	9632	5884300	7361606772	85335500
GLOBAL	X	3090001	3100000	0.00096355099441339	9045	5538472	5747980161	1245125409
GLOBAL	X	3100001	3110000	0.00069895568119262	9519	5109916	7310786846	48789928
GLOBAL	X	3110001	3120000	0.00050023873889475	9483	3632140	7260813123	70930395
GLOBAL	X	3120001	3130000	0.00083948976731911	9296	5941676	7077722959	109442257
GLOBAL	X	3130001	3140000	0.00046717307460312	9355	3360836	7193984805	38796025
GLOBAL	X	3140001	3150000	0.0019187790950634	9202	13558176	7066043212	48446280
GLOBAL	X	3150001	3160000	0.0012114119024665	8899	8261604	6819814122	60412132
GLOBAL	X	3160001	3170000	0.0025000751256934	9214	17508684	7003263150	120504094
GLOBAL	X	3170001	3180000	0.002074004886635	9634	15366188	7408944935	39543629
GLOBAL	X	3180001	3190000	0.0019031110658246	9451	13804980	7253901387	53101459
GLOBAL	X	3190001	3200000	0.0018898216624892	9339	13468752	7126996302	93414192
GLOBAL	X	3200001	3210000	0.0020133936742169	9321	14438108	7171030775	35463091
GLOBAL	X	3210001	3220000	0.0018215360969482	9617	13470816	7395305546	40039536
GLOBAL	X	3220001	3230000	0.00094184802047403	9310	6727940	7143339322	54649938
GLOBAL	X	3230001	3240000	0.0025511640192769	9363	18362580	7197726160	41239838
GLOBAL	X	3240001	3250000	0.0023131268782716	9615	17042984	7367941707	65857083
GLOBAL	X	3250001	3260000	0.0024085741574436	8951	16546864	6869983201	50446645
GLOBAL	X	3260001	3270000	0.0026011276202802	9367	18676416	7180122903	61935679
GLOBAL	X	3270001	3280000	0.002739829192316	9153	19292212	7041392235	35213103
GLOBAL	X	3280001	3290000	0.0032308744730661	9098	22542464	6977202051	56880257
GLOBAL	X	3290001	3300000	0.0027115794462385	9134	18994800	7005068587	56846977
GLOBAL	X	3300001	3310000	0.0026161076936857	9176	18444408	7050324436	44063260
GLOBAL	X	3310001	3320000	0.002786504746683	9454	20230060	7260012754	49309530
GLOBAL	X	3320001	3330000	0.0013778888137144	8651	9166604	6652644182	35841864
GLOBAL	X	3330001	3340000	0.0020391189919154	9065	14186156	6957002537	51565953
GLOBAL	X	3340001	3350000	0.0019303871785982	8850	13068336	6769800455	72541645
GLOBAL	X	3350001	3360000	0.0026173784926065	9402	18908576	7224242139	44876553
GLOBAL	X	3360001	3370000	0.0038918141405967	9029	26927304	6918959392	61775842
GLOBAL	X	3370001	3380000	0.005148354655854	9441	37157356	7217326405	81944981
GLOBAL	X	3380001	3390000	0.0027247106178106	9155	19018936	6980167316	97984314
GLOBAL	X	3390001	3400000	0.0039235918407815	9073	25929632	6608646631	406107027
GLOBAL	X	3400001	3410000	0.0041596858030125	9228	29419872	7072618797	61972491
GLOBAL	X	3410001	3420000	0.0016702798352767	9501	12183528	7294303471	51356675
GLOBAL	X	3420001	3430000	0.0015323686090409	9426	11100384	7243938524	43735672
GLOBAL	X	3430001	3440000	0.0021125964512904	9303	15087496	7141683870	50893368
GLOBAL	X	3440001	3450000	0.0035657379688884	9539	25998840	7291292918	83746776
GLOBAL	X	3450001	3460000	0.0034245503473087	9410	24662472	7201667226	73636634
GLOBAL	X	3460001	3470000	0.00599178218032	9182	41992340	7008322188	90704384
GLOBAL	X	3470001	3480000	0.0038083949426203	9535	27925392	7332588248	39358862
GLOBAL	X	3480001	3490000	0.0029666646922344	9128	20816148	7016683771	40592917
GLOBAL	X	3490001	3500000	0.003008215178262	9369	21623256	7188068246	55536628
GLOBAL	X	3500001	3510000	0.0021950002974492	9363	15779876	7189008593	49957405
GLOBAL	X	3510001	3520000	0.0021609509450045	9234	15278908	7070455734	68774430
GLOBAL	X	3520001	3530000	0.0031790747283777	9322	22742044	7153667637	53599375
GLOBAL	X	3530001	3540000	0.00053689671913514	9403	3879404	7225605711	44286127
GLOBAL	X	3540001	3550000	0.0011027519619959	9196	7798224	7071602925	38247691
GLOBAL	X	3550001	3560000	0.0015377441801381	9387	11099500	7218040649	39480853
GLOBAL	X	3560001	3570000	0.0014219202368839	9467	10238748	7200648626	118724556
GLOBAL	X	3570001	3580000	0.0010539515103497	9099	7356004	6979452022	55403432
GLOBAL	X	3580001	3590000	0.0010112587215907	9157	7096044	7017041088	62656834
GLOBAL	X	3590001	3600000	0.00086798950661132	9191	6066496	6989135184	116849702
GLOBAL	X	3600001	3610000	0.0013454411225581	9022	9324492	6930434817	44888395
GLOBAL	X	3610001	3620000	0.0021880953952015	9441	15857472	7247157521	52113865
GLOBAL	X	3620001	3630000	0.0049292609681134	9379	35496448	7201170364	50165970
GLOBAL	X	3630001	3640000	0.012132174307465	9165	85308852	7031621030	54262060
GLOBAL	X	3640001	3650000	0.017098040945672	9332	121161276	7086266572	128731900
GLOBAL	X	3650001	3660000	0.017845343086196	9040	123818136	6938400422	50839418
GLOBAL	X	3660001	3670000	0.015271600933282	8855	98337220	6439221430	406986400
GLOBAL	X	3670001	3680000	0.010719922785336	8896	71588976	6678124221	199782595
GLOBAL	X	3680001	3690000	0.000535464554889	9709	3999980	7470111632	36362882
GLOBAL	X	3690001	3700000	0.000733810375069	9806	5539268	7548636798	32832878
GLOBAL	X	3700001	3710000	0.0010002994106831	9889	7616320	7614040275	31600519
GLOBAL	X	3710001	3720000	0.00057199062671335	9247	4041440	7065570328	83710734
GLOBAL	X	3720001	3730000	0.00076965281153792	8886	5226360	6790542335	79633021
GLOBAL	X	3730001	3740000	0.00085734556640266	9635	6317028	7368123482	81138228
GLOBAL	X	3740001	3750000	0.00059796028900792	9447	4344896	7266194896	37715366
GLOBAL	X	3750001	3760000	0.00051888390642638	9545	3753452	7233702864	145975706
GLOBAL	X	3760001	3770000	0.0014403789092135	9272	10256176	7120470825	48138887
GLOBAL	X	3770001	3780000	0.0022803856987212	9468	16544292	7255041114	65105214
GLOBAL	X	3780001	3790000	0.0026849643347826	9429	19359312	7210267842	79725792
GLOBAL	X	3790001	3800000	0.0034922652669444	9532	25557996	7318457805	51169867
GLOBAL	X	3800001	3810000	0.0010637122443383	9435	7714688	7252608063	42024447
GLOBAL	X	3810001	3820000	0.00035859568455737	9612	2650712	7391923869	39555483
GLOBAL	X	3820001	3830000	0.00036256367646202	9501	2652880	7317004356	28655790
GLOBAL	X	3830001	3840000	0.0004241893702184	9505	3090452	7285547958	63204772
GLOBAL	X	3840001	3850000	0.0003183276627235	9633	2355092	7398326554	49388864
GLOBAL	X	3850001	3860000	0.00044261059263415	9701	3303704	7464132253	36157093
GLOBAL	X	3860001	3870000	0.003805508540446	9563	27846500	7317418869	76176329
GLOBAL	X	3870001	3880000	0.0078468639533336	9097	54403100	6933100959	100208203
GLOBAL	X	3880001	3890000	0.0033856618231953	9230	24049004	7103191416	32946164
GLOBAL	X	3890001	3900000	0.0053309801115054	9400	38582696	7237448873	30123527
GLOBAL	X	3900001	3910000	0.0050104970321535	8951	34458336	6877229101	43200745
GLOBAL	X	3910001	3920000	0.0081818386572628	8424	51945964	6348935267	164046637
GLOBAL	X	3920001	3930000	0.0070637100599442	9061	49211124	6966753106	38722800
GLOBAL	X	3930001	3940000	0.003767702060499	9333	27010644	7168996796	46774822
GLOBAL	X	3940001	3950000	0.0061386735384517	9415	44423752	7236702151	42467439
GLOBAL	X	3950001	3960000	0.0057291338450272	9409	41123272	7177921325	96609389
GLOBAL	X	3960001	3970000	0.0024400008035878	4426	5293388	2169420597	1284222585
GLOBAL	X	3970001	3980000	0.0046501480925237	9335	33231000	7146224021	71093889
GLOBAL	X	3980001	3990000	0.0042540012300232	9397	30677792	7211514605	53738357
GLOBAL	X	3990001	4000000	0.0047779179208	9529	34988984	7323060919	44247315
GLOBAL	X	4000001	4010000	0.0018569383961663	9553	13622596	7336051658	49812080
GLOBAL	X	4010001	4020000	0.0021516046033455	9498	15633328	7265892616	77448092
GLOBAL	X	4020001	4030000	0.002163698038888	9519	15829416	7315908096	43668678
GLOBAL	X	4030001	4040000	0.0029097199821873	9142	20444036	7026118020	41982712
GLOBAL	X	4040001	4050000	0.0025156777038033	9517	18349032	7293872332	64158150
GLOBAL	X	4050001	4060000	0.0022055297583901	9210	15616524	7080622667	40051993
GLOBAL	X	4060001	4070000	0.0019778760473051	9724	14749384	7457183184	60888520
GLOBAL	X	4070001	4080000	0.002668306512023	9396	19222644	7204061420	60418396
GLOBAL	X	4080001	4090000	0.0034315862643841	9588	25290344	7369869807	43054041
GLOBAL	X	4090001	4100000	0.0076894731893802	9463	55963556	7277944096	38336502
GLOBAL	X	4100001	4110000	0.0026813801403883	9107	18698768	6973561010	67479612
GLOBAL	X	4110001	4120000	0.0051823088181211	9367	37114864	7161839501	80219081
GLOBAL	X	4120001	4130000	0.0008926513939218	2700	978904	1096625185	990869015
GLOBAL	X	4130001	4140000	0.0049175572805392	5915	17237660	3505329784	1087930602
GLOBAL	X	4140001	4150000	0.00025028934964468	1545	120748	482433632	756919406
GLOBAL	X	4150001	4160000	0.00022008858897745	2319	153116	695701675	1097223899
GLOBAL	X	4160001	4170000	0.0056222560718838	8573	35954496	6395029956	233150702
GLOBAL	X	4170001	4180000	0.0043839881960976	9144	30781396	7021322737	48324287
GLOBAL	X	4180001	4190000	0.0015073688511853	9477	10895864	7228399334	98705308
GLOBAL	X	4190001	4200000	0.0016293936574956	9367	11685952	7171963599	70094983
GLOBAL	X	4200001	4210000	0.000674704148568	9258	4782444	7088208973	69576695
GLOBAL	X	4210001	4220000	0.00045413059140368	6506	2234156	4919633344	183130256
GLOBAL	X	4220001	4230000	0.00043506111667944	6545	1788904	4111845282	1024936742
GLOBAL	X	4230001	4240000	0.00029385425076635	9330	2106244	7167648569	45803611
GLOBAL	X	4240001	4250000	0.00057218883610897	9550	4191860	7326008016	57536284
GLOBAL	X	4250001	4260000	0.00059604818321199	9534	4365828	7324622611	46551353
GLOBAL	X	4260001	4270000	0.0017485145211793	9465	12706728	7267156118	50670772
GLOBAL	X	4270001	4280000	0.0057989502898657	9336	41261488	7115337421	102753635
GLOBAL	X	4280001	4290000	0.0041700165149734	8941	28687548	6879480668	33217718
GLOBAL	X	4290001	4300000	0.0030822511023813	9471	22419820	7273846048	48619718
GLOBAL	X	4300001	4310000	0.0031720568196022	9379	22795224	7186259672	65076662
GLOBAL	X	4310001	4320000	0.0031713747070138	9004	21965024	6926026102	35380482
GLOBAL	X	4320001	4330000	0.0030750137985155	9706	22995544	7478192134	25962942
GLOBAL	X	4330001	4340000	0.0036161248394381	9380	26075852	7210993303	41116177
GLOBAL	X	4340001	4350000	0.0018985304626283	8655	12613412	6643776462	47802168
GLOBAL	X	4350001	4360000	0.0025721371909213	9400	18584816	7225437300	42135100
GLOBAL	X	4360001	4370000	0.0023447330197621	9396	16759728	7147819329	116660487
GLOBAL	X	4370001	4380000	0.0028126232194384	8997	19463408	6920019669	35974893
GLOBAL	X	4380001	4390000	0.0029690227451833	9293	21064840	7094873232	89972546
GLOBAL	X	4390001	4400000	0.0038964391474957	9592	28752588	7379195956	36820476
GLOBAL	X	4400001	4410000	0.0041929615582106	9805	31664952	7551929957	28766573
GLOBAL	X	4410001	4420000	0.0037577765638138	9600	27570916	7337029100	85172500
GLOBAL	X	4420001	4430000	0.0026178800341503	9557	19143040	7312420642	76535680
GLOBAL	X	4430001	4440000	0.002487180189393	9297	17600228	7076378332	111560030
GLOBAL	X	4440001	4450000	0.0026837663249763	9474	19560208	7288342438	36442766
GLOBAL	X	4450001	4460000	0.0028720873046248	9303	20548008	7154381403	38195835
GLOBAL	X	4460001	4470000	0.0022869442301659	9349	16380084	7162432640	65709314
GLOBAL	X	4470001	4480000	0.0017622200533711	9291	12553256	7123546220	59753266
GLOBAL	X	4480001	4490000	0.0024628637371205	9266	17470968	7093761517	70209319
GLOBAL	X	4490001	4500000	0.0030970564364349	9506	22639396	7309972054	39553822
GLOBAL	X	4500001	4510000	0.0021920078849455	9671	16305440	7438586381	38508585
GLOBAL	X	4510001	4520000	0.0025531603888217	9257	18197288	7127357952	29654570
GLOBAL	X	4520001	4530000	0.0027287841757077	9339	19577960	7174609181	45801313
GLOBAL	X	4530001	4540000	0.0027725540492123	8963	18762580	6767254909	162452689
GLOBAL	X	4540001	4550000	0.0020756399098695	9101	14519356	6995122772	41278974
GLOBAL	X	4550001	4560000	0.0019373593348756	9333	13923168	7186672988	29098630
GLOBAL	X	4560001	4570000	0.0021899909191398	9082	15266348	6970964065	50747907
GLOBAL	X	4570001	4580000	0.0020407432007908	9118	14280288	6997591855	51953373
GLOBAL	X	4580001	4590000	0.003409756744889	9374	24494100	7183532971	63937633
GLOBAL	X	4590001	4600000	0.0019618421713445	9339	13931896	7101435683	118974811
GLOBAL	X	4600001	4610000	0.0011934052537974	9402	8131820	6813963634	455155058
GLOBAL	X	4610001	4620000	0.0027838851531746	9229	19168716	6885598703	252085169
GLOBAL	X	4620001	4630000	0.004241799441746	9289	30108148	7097965949	83787245
GLOBAL	X	4630001	4640000	0.0024851537454189	9058	17267040	6948077169	55079299
GLOBAL	X	4640001	4650000	0.0026568505386777	8805	17882716	6730794879	76755651
GLOBAL	X	4650001	4660000	0.0028867529662559	9347	20759928	7191445975	35149687
GLOBAL	X	4660001	4670000	0.0022710012419848	9411	16457908	7246983267	29093739
GLOBAL	X	4670001	4680000	0.0024462513537176	9520	17934128	7331269525	29080395
GLOBAL	X	4680001	4690000	0.0050300510060287	9619	37107964	7377254019	59637355
GLOBAL	X	4690001	4700000	0.0035353670380659	9178	24959200	7059861036	36072952
GLOBAL	X	4700001	4710000	0.0032859219370631	9103	21822284	6641144987	396803051
GLOBAL	X	4710001	4720000	0.0029368674398016	9031	20332984	6923357767	58923759
GLOBAL	X	4720001	4730000	0.0014984621909256	9580	10972792	7322701945	84036735
GLOBAL	X	4730001	4740000	0.0022815967612351	9481	16653392	7299007556	31189670
GLOBAL	X	4740001	4750000	0.0035448026682158	9454	25752608	7264891846	44430438
GLOBAL	X	4750001	4760000	0.0038880016334509	9524	28374416	7297943436	65499068
GLOBAL	X	4760001	4770000	0.0031587105600338	9242	22390004	7088336704	57078628
GLOBAL	X	4770001	4780000	0.0033421982938742	8974	22933372	6861762823	76449381
GLOBAL	X	4780001	4790000	0.0019614178090805	8818	13276908	6769036122	48565306
GLOBAL	X	4790001	4800000	0.0033894533072593	9584	24996932	7374915579	34915685
GLOBAL	X	4800001	4810000	0.0016532170711424	9090	11558404	6991461800	36435340
GLOBAL	X	4810001	4820000	0.0042494886195445	9126	29761900	7003642712	52087684
GLOBAL	X	4820001	4830000	0.0031129806101441	9352	22380944	7189554579	40906813
GLOBAL	X	4830001	4840000	0.0014302937289464	8928	8338564	5829966133	1078866523
GLOBAL	X	4840001	4850000	0.0012696341215684	9425	9198464	7244972267	41928783
GLOBAL	X	4850001	4860000	0.0015334945598046	9371	11044384	7202101846	43049320
GLOBAL	X	4860001	4870000	0.00091015880206882	9289	6462428	7100330168	81423026
GLOBAL	X	4870001	4880000	0.0016278810153426	9687	12131556	7452360391	37104911
GLOBAL	X	4880001	4890000	0.0012796834098845	9068	8895236	6951122388	59765540
GLOBAL	X	4890001	4900000	0.0010075969198097	9615	7447324	7391173845	42624945
GLOBAL	X	4900001	4910000	0.0010791261535857	9633	7978076	7393089282	54626136
GLOBAL	X	4910001	4920000	0.0014385711635647	9658	10367672	7206923274	260120794
GLOBAL	X	4920001	4930000	0.0010603973724113	9343	7612840	7179233180	44269898
GLOBAL	X	4930001	4940000	0.0012760565346421	9044	8863588	6946077826	46254598
GLOBAL	X	4940001	4950000	0.0018216293637542	9119	12779348	7015339264	34979110
GLOBAL	X	4950001	4960000	0.0020086296416685	9648	14894732	7415370007	43942601
GLOBAL	X	4960001	4970000	0.0011886558156119	9064	8113340	6825642792	182152552
GLOBAL	X	4970001	4980000	0.001739856380218	9436	12625000	7256346066	39059590
GLOBAL	X	4980001	4990000	0.0015117599462648	9382	10758828	7116756881	136898891
GLOBAL	X	4990001	5000000	0.0020434563487693	9526	14725756	7206298294	158690502
GLOBAL	X	5000001	5010000	0.0017143878529465	9560	12479856	7279482282	111793478
GLOBAL	X	5010001	5020000	0.0013400892882716	9206	9457860	7057634206	59947870
GLOBAL	X	5020001	5030000	0.00024384533321422	9350	1748232	7169429806	59485294
GLOBAL	X	5030001	5040000	0.00037729234491819	9126	2640328	6998095868	57634528
GLOBAL	X	5040001	5050000	0.00039683534458215	9779	2981432	7513020301	47574433
GLOBAL	X	5050001	5060000	0.00030467434533075	9533	2230828	7322008020	48392798
GLOBAL	X	5060001	5070000	0.00037901860593902	9397	2737480	7222547804	42705158
GLOBAL	X	5070001	5080000	0.00022260080887103	9422	1613540	7248581028	36000584
GLOBAL	X	5080001	5090000	0.00027073302061227	9512	1980788	7316388653	37776099
GLOBAL	X	5090001	5100000	0.00021817326994797	9523	1598356	7326085365	36583993
GLOBAL	X	5100001	5110000	0.00033624430327681	9439	2441336	7260601819	37123275
GLOBAL	X	5110001	5120000	0.000345072070373	9357	2478068	7181305625	53021497
GLOBAL	X	5120001	5130000	0.00042123712926313	9449	3054036	7250158611	55297943
GLOBAL	X	5130001	5140000	0.00037962762823857	9221	2690836	7088093173	41086093
GLOBAL	X	5140001	5150000	0.00028932685500423	9664	2150472	7432673334	39009610
GLOBAL	X	5150001	5160000	0.00032886377499888	9469	2397184	7289291744	31627730
GLOBAL	X	5160001	5170000	0.00029299820616496	9367	2096960	7156903885	85154697
GLOBAL	X	5170001	5180000	0.00030756350252224	9745	2307904	7503829229	30478541
GLOBAL	X	5180001	5190000	0.00042360498499744	9385	3026820	7145383334	110591876
GLOBAL	X	5190001	5200000	0.00037593751606207	9397	2718416	7231031445	34221517
GLOBAL	X	5200001	5210000	0.00053478537686431	9436	3879460	7254237247	41168409
GLOBAL	X	5210001	5220000	0.00064117879578254	9072	4447396	6936280534	77699978
GLOBAL	X	5220001	5230000	0.0011864751839937	9040	8211888	6921247162	67992678
GLOBAL	X	5230001	5240000	0.0020797633238052	8941	14177416	6816841050	95857336
GLOBAL	X	5240001	5250000	0.00056098624415609	9560	4126380	7355581430	35694330
GLOBAL	X	5250001	5260000	0.00062804275480522	9483	4567632	7272804224	58939294
GLOBAL	X	5260001	5270000	0.00040403890285689	9331	2895912	7167408830	46816496
GLOBAL	X	5270001	5280000	0.00037716757019393	9322	2702944	7166427375	40839637
GLOBAL	X	5280001	5290000	0.00045104959723282	9593	3331176	7385387373	31402205
GLOBAL	X	5290001	5300000	0.0008086086584719	8981	5566400	6883923319	59700907
GLOBAL	X	5300001	5310000	0.00052003366437957	9201	3668612	7054566370	59149976
GLOBAL	X	5310001	5320000	0.00048752372703912	9423	3536496	7253997711	31357047
GLOBAL	X	5320001	5330000	0.00038506620729522	9583	2840044	7375469325	33588793
GLOBAL	X	5330001	5340000	0.00036132859437366	9796	2724564	7540405167	33333049
GLOBAL	X	5340001	5350000	0.00057189896253382	8900	3589612	6276654156	609757266
GLOBAL	X	5350001	5360000	0.00032654408870197	9270	2326860	7125714660	41348760
GLOBAL	X	5360001	5370000	0.00017655701493239	9409	1277612	7236257367	38273347
GLOBAL	X	5370001	5380000	0.00035770817592473	9489	2599152	7266124106	70258288
GLOBAL	X	5380001	5390000	0.00043737230950815	9636	3242348	7413244802	36790054
GLOBAL	X	5390001	5400000	0.00025927874681215	9344	1864512	7191148611	33127613
GLOBAL	X	5400001	5410000	0.00036227841354782	9288	2582576	7128705171	52274877
GLOBAL	X	5410001	5420000	0.00032731696405505	9579	2410956	7365814378	40151156
GLOBAL	X	5420001	5430000	0.00044359559542851	9529	3172476	7151730163	215578071
GLOBAL	X	5430001	5440000	0.00037383076310165	9713	2790720	7465196221	44370877
GLOBAL	X	5440001	5450000	0.00043557709443914	9635	3220512	7393667025	55594685
GLOBAL	X	5450001	5460000	0.00042210223259539	9122	2963496	7020801529	31836283
GLOBAL	X	5460001	5470000	0.00057828928214072	8818	3908968	6759537347	58064081
GLOBAL	X	5470001	5480000	0.00069560561433703	9871	5278804	7588788663	42935503
GLOBAL	X	5480001	5490000	0.0001852605781496	9803	1397632	7544141414	35008824
GLOBAL	X	5490001	5500000	0.00034360401219295	9548	2505960	7293162801	88835207
GLOBAL	X	5500001	5510000	0.00036790575659726	9445	2674624	7269861784	32502186
GLOBAL	X	5510001	5520000	0.00041795071935383	9760	3134760	7500310096	45594864
GLOBAL	X	5520001	5530000	0.00027985878492138	9228	1979028	7071523592	63067696
GLOBAL	X	5530001	5540000	0.0011758774777576	9519	8542140	7264481344	95095430
GLOBAL	X	5540001	5550000	0.00054146909264509	9522	3960416	7314205102	47691110
GLOBAL	X	5550001	5560000	0.00045079690923112	9783	3393008	7526688694	36998624
GLOBAL	X	5560001	5570000	0.0004434969867254	9487	3221440	7263724662	71111440
GLOBAL	X	5570001	5580000	0.00046115124075495	9637	3416708	7409083394	41724608
GLOBAL	X	5580001	5590000	0.00040889248323827	9282	2911800	7121187401	55153771
GLOBAL	X	5590001	5600000	0.00052765890174286	9165	3710164	7031368158	54514932
GLOBAL	X	5600001	5610000	0.000770295058872	9790	5759356	7476818050	92281290
GLOBAL	X	5610001	5620000	0.00039600234057916	9789	2977912	7519935351	48390843
GLOBAL	X	5620001	5630000	0.00032782087242848	9648	2434980	7427775974	31536634
GLOBAL	X	5630001	5640000	0.00038550760916965	9598	2846716	7384331547	36323761
GLOBAL	X	5640001	5650000	0.00029234580326718	9258	2079120	7111851707	45933961
GLOBAL	X	5650001	5660000	0.00025137988275646	9262	1791800	7127857569	33020683
GLOBAL	X	5660001	5670000	0.0003751223828491	9576	2760316	7358441208	45204888
GLOBAL	X	5670001	5680000	0.00061973980755741	9335	4453100	7185434832	31883078
GLOBAL	X	5680001	5690000	0.00063707174808881	9562	4688312	7359158547	33663505
GLOBAL	X	5690001	5700000	0.00052219360125697	9325	3742212	7166330631	43255819
GLOBAL	X	5700001	5710000	0.0005848840831024	8443	2730224	4667974525	1984173659
GLOBAL	X	5710001	5720000	0.00054143318886455	9246	3843580	7098899881	49608035
GLOBAL	X	5720001	5730000	0.00069637967097512	9516	5098048	7320788088	36469248
GLOBAL	X	5730001	5740000	0.00050579551881807	9187	3575816	7069686992	33205310
GLOBAL	X	5740001	5750000	0.00056419968673856	9467	4107544	7280301809	39071373
GLOBAL	X	5750001	5760000	0.00056459198290793	9307	4041300	7157912479	37757343
GLOBAL	X	5760001	5770000	0.00032302953217064	9193	2281056	7061447245	46083933
GLOBAL	X	5770001	5780000	0.00044897026612976	9022	3113928	6935710970	39612242
GLOBAL	X	5780001	5790000	0.00049817570615996	9479	3632436	7291475588	37175346
GLOBAL	X	5790001	5800000	0.00038910003768719	9219	2757836	7087729974	39903000
GLOBAL	X	5800001	5810000	0.00022499045844939	9552	1652284	7343795872	41294720
GLOBAL	X	5810001	5820000	0.00033992084171381	9626	2455824	7224693807	217609589
GLOBAL	X	5820001	5830000	0.00032226005593209	9837	2437512	7563804310	41632892
GLOBAL	X	5830001	5840000	0.00034785797095425	9872	2641264	7592937982	39559330
GLOBAL	X	5840001	5850000	0.00036558276866376	9500	2669852	7303002846	41884154
GLOBAL	X	5850001	5860000	0.00033414609994179	9120	2340568	7004624625	46466895
GLOBAL	X	5860001	5870000	0.00045621737734805	9355	3263176	7152678004	80102826
GLOBAL	X	5870001	5880000	0.00022462171913817	9626	1658856	7385109536	57193860
GLOBAL	X	5880001	5890000	0.00051791072163541	9339	3710492	7164346759	56063735
GLOBAL	X	5890001	5900000	0.00056789854616846	9642	4215508	7422994879	31678853
GLOBAL	X	5900001	5910000	0.00064892731429599	9363	4637460	7146347361	92618637
GLOBAL	X	5910001	5920000	0.00036677063836696	9581	2686992	7326082622	81429204
GLOBAL	X	5920001	5930000	0.00054932839291473	9189	3873688	7051679924	52758670
GLOBAL	X	5930001	5940000	0.00053259252632722	9251	3783148	7103269034	49104612
GLOBAL	X	5940001	5950000	0.00076337950662317	9230	5396264	7068913893	67223687
GLOBAL	X	5950001	5960000	0.0005912087291556	9028	4077100	6896210761	83751327
GLOBAL	X	5960001	5970000	0.00059810329958721	6006	1877480	3139056416	1546208344
GLOBAL	X	5970001	5980000	4.7638439097303e-05	2958	26100	547876893	2071541755
GLOBAL	X	5980001	5990000	0.00025688934484559	5163	252728	983801022	3209742882
GLOBAL	X	5990001	6000000	0.00017790198133294	5757	332640	1869793678	2603629078
GLOBAL	X	6000001	6010000	0.00017295570752656	2742	52076	301094429	2050815703
GLOBAL	X	6010001	6020000	0.00074523695260689	6939	3786720	5081229516	283630578
GLOBAL	X	6020001	6030000	0.00064632597007617	9109	4503484	6967821515	74765399
GLOBAL	X	6030001	6040000	0.0004691032932724	8746	3126560	6664971329	96963587
GLOBAL	X	6040001	6050000	0.00039305233600048	9173	2670356	6793894236	298174022
GLOBAL	X	6050001	6060000	0.00049817851614402	9361	3578192	7182549797	54869909
GLOBAL	X	6060001	6070000	0.00034268276531579	8986	2359144	6884338049	63151907
GLOBAL	X	6070001	6080000	0.00031177431079412	9493	2277992	7306541691	32933287
GLOBAL	X	6080001	6090000	0.00044893174529274	9305	3208860	7147768082	46355448
GLOBAL	X	6090001	6100000	0.00033334423389304	9222	2359008	7076792577	53159835
GLOBAL	X	6100001	6110000	0.00040768043455195	9395	2940576	7212943646	50763024
GLOBAL	X	6110001	6120000	0.00025456852886932	9224	1805992	7094325477	37173227
GLOBAL	X	6120001	6130000	0.00044073406488058	9534	3232040	7333311077	37862887
GLOBAL	X	6130001	6140000	0.00029493399932923	9249	2090412	7087728118	63099236
GLOBAL	X	6140001	6150000	0.00040662760914369	9363	2696260	6630784382	634468580
GLOBAL	X	6150001	6160000	0.00053922131570736	9854	4092404	7589470002	29110682
GLOBAL	X	6160001	6170000	0.00041307993060371	9682	3075928	7446326418	39273154
GLOBAL	X	6170001	6180000	0.00044436128838332	9231	3151108	7091319794	45590932
GLOBAL	X	6180001	6190000	0.00054617124210805	9184	3858196	7064077532	36495332
GLOBAL	X	6190001	6200000	0.00037296600461052	9353	2674660	7171323839	59910699
GLOBAL	X	6200001	6210000	0.00091795078608354	9628	6787308	7393978090	49871598
GLOBAL	X	6210001	6220000	0.00034784935367788	9330	2496912	7178141841	35310339
GLOBAL	X	6220001	6230000	0.00025683289867393	9031	1784336	6947458870	34822656
GLOBAL	X	6230001	6240000	0.00060244425316446	9319	4307080	7149341997	55605577
GLOBAL	X	6240001	6250000	0.00036433221226185	9502	2648724	7270079095	76354197
GLOBAL	X	6250001	6260000	0.00050471617990768	9176	3563036	7059484403	34903293
GLOBAL	X	6260001	6270000	0.00059999523891364	9623	4436028	7393438668	46545290
GLOBAL	X	6270001	6280000	0.00044784875986476	9378	3227776	7207290249	43272939
GLOBAL	X	6280001	6290000	0.00042772900271655	9368	3081560	7204468204	38363524
GLOBAL	X	6290001	6300000	0.00039388163685819	9404	2846192	7226008358	44656626
GLOBAL	X	6300001	6310000	0.00027255078360867	9558	2002692	7347959061	41770407
GLOBAL	X	6310001	6320000	0.00031978396341098	9450	2323764	7266668332	39561368
GLOBAL	X	6320001	6330000	0.00035689624011184	9744	2665708	7469140048	64394576
GLOBAL	X	6330001	6340000	0.00038895966114478	9502	2816324	7240658303	105774989
GLOBAL	X	6340001	6350000	0.00023086068223319	9495	1683032	7290249616	50771654
GLOBAL	X	6350001	6360000	0.0004155393672728	9475	3024284	7277972289	47586061
GLOBAL	X	6360001	6370000	0.00050703406945676	9165	3570048	7041041648	44841442
GLOBAL	X	6370001	6380000	0.00050286796258312	9534	3685932	7329820697	41353267
GLOBAL	X	6380001	6390000	0.00047632687429722	9413	3441704	7225508754	52114544
GLOBAL	X	6390001	6400000	0.00047386314007462	9359	3411184	7198669218	37204196
GLOBAL	X	6400001	6410000	0.00023683320952676	9467	1720704	7265467556	53905626
GLOBAL	X	6410001	6420000	0.00029540897224539	8878	2011196	6808175069	55815119
GLOBAL	X	6420001	6430000	0.0003563703163745	9337	2550616	7157206655	61657547
GLOBAL	X	6430001	6440000	0.00025713575482005	9606	1899108	7385623992	41216484
GLOBAL	X	6440001	6450000	0.00035846766268927	9588	2632264	7343100296	69823552
GLOBAL	X	6450001	6460000	0.00044977640948974	9621	3320984	7383633134	54804532
GLOBAL	X	6460001	6470000	0.00043240042730707	9528	3147260	7278577451	87957637
GLOBAL	X	6470001	6480000	0.00044967072298065	7642	2450160	5448787023	459594709
GLOBAL	X	6480001	6490000	0.00011509949931046	2046	34256	297620756	1322120114
GLOBAL	X	6490001	6500000	0.00027750395259194	2358	55972	201698028	1786060338
GLOBAL	X	6500001	6510000	6.0111421489573e-05	3483	38608	642273948	2136412776
GLOBAL	X	6510001	6520000	0.00030632138678826	5797	669296	2184947016	2296980346
GLOBAL	X	6520001	6530000	0.0005887583193688	7640	3095628	5257892582	648942858
GLOBAL	X	6530001	6540000	0.00031230130147756	8645	2058280	6590686591	93160579
GLOBAL	X	6540001	6550000	0.00041771770125437	9438	3032512	7259716289	37235659
GLOBAL	X	6550001	6560000	0.00052651050271082	9335	3764904	7150672172	66645738
GLOBAL	X	6560001	6570000	0.00024215495553995	9167	1705320	7042267610	45161772
GLOBAL	X	6570001	6580000	0.00031649509468591	9061	2203008	6960638686	44837220
GLOBAL	X	6580001	6590000	0.00028395568779617	9560	2088380	7354598234	36677526
GLOBAL	X	6590001	6600000	0.00044846198512742	9504	3266704	7284238371	63741213
GLOBAL	X	6600001	6610000	0.00047596539568107	9661	3535744	7428573657	40789849
GLOBAL	X	6610001	6620000	0.00038372508962347	9695	2859664	7452376916	43273554
GLOBAL	X	6620001	6630000	0.00042116964562111	9466	3067940	7284333123	34266913
GLOBAL	X	6630001	6640000	0.00040877157227776	9340	2939240	7190421740	30761900
GLOBAL	X	6640001	6650000	0.00044264174136458	8990	3059308	6911476515	39106025
GLOBAL	X	6650001	6660000	0.0003702347255462	9464	2695296	7279965422	37088322
GLOBAL	X	6660001	6670000	0.0003273960440526	9619	2422400	7398989829	37901545
GLOBAL	X	6670001	6680000	0.00032788115943204	9702	2445744	7459239208	41823284
GLOBAL	X	6680001	6690000	0.00052689557284288	8824	3399344	6451646541	374459493
GLOBAL	X	6690001	6700000	0.00046544215990343	9284	3313848	7119784767	58102697
GLOBAL	X	6700001	6710000	0.0004377120903789	9589	3225136	7368167503	45529491
GLOBAL	X	6710001	6720000	0.00029663667459103	9369	2139368	7212081928	31522946
GLOBAL	X	6720001	6730000	0.00040941634470663	9358	2933640	7165419842	69680426
GLOBAL	X	6730001	6740000	0.00028763312539807	9715	2150232	7475606285	35507105
GLOBAL	X	6740001	6750000	0.00052340402994342	9473	3811500	7282137282	41874776
GLOBAL	X	6750001	6760000	0.00042167856666797	9488	3074272	7290557887	45051361
GLOBAL	X	6760001	6770000	0.00038035631243416	9252	2602248	6841605923	311540869
GLOBAL	X	6770001	6780000	0.00043766856879452	9328	3131716	7155451004	56454884
GLOBAL	X	6780001	6790000	0.00028896925975257	9496	2104372	7282338619	59455797
GLOBAL	X	6790001	6800000	0.00037592946193753	9597	2771984	7373681184	46200978
GLOBAL	X	6800001	6810000	0.00051976908282053	9230	3694596	7108148834	27988746
GLOBAL	X	6810001	6820000	0.0002106216390754	9187	1486716	7058704920	44187382
GLOBAL	X	6820001	6830000	0.0003162563941806	9325	2270476	7179225596	30360854
GLOBAL	X	6830001	6840000	0.00018417567510638	9724	1379756	7491521338	26550366
GLOBAL	X	6840001	6850000	0.00027626415451039	9110	1936236	7008639986	34720074
GLOBAL	X	6850001	6860000	0.00030367967418595	9270	2163708	7124968129	42095291
GLOBAL	X	6860001	6870000	0.00045003572088167	9659	3343252	7428859188	38958026
GLOBAL	X	6870001	6880000	0.00030825097819745	9747	2306848	7483668060	52186002
GLOBAL	X	6880001	6890000	0.0004966679458223	9695	3701956	7453583488	42066982
GLOBAL	X	6890001	6900000	0.00036728979402151	9673	2738240	7455257523	23383735
GLOBAL	X	6900001	6910000	0.0003213102809234	9366	2317452	7212504976	28780460
GLOBAL	X	6910001	6920000	0.00029508184132916	9472	2144332	7266905989	56332923
GLOBAL	X	6920001	6930000	0.00031472458567075	9309	2248256	7143566478	53649636
GLOBAL	X	6930001	6940000	0.00044861356668579	9182	3166416	7058226133	40800439
GLOBAL	X	6940001	6950000	0.00041731943620767	9353	3001288	7191824151	39410387
GLOBAL	X	6950001	6960000	0.00033230322595228	9490	2426612	7302402777	34752763
GLOBAL	X	6960001	6970000	0.00019492503903674	9498	1425412	7312616209	30724499
GLOBAL	X	6970001	6980000	0.00025430560333684	9456	1838332	7228830100	82038476
GLOBAL	X	6980001	6990000	0.00041725351810264	9726	3118284	7473355801	46262195
GLOBAL	X	6990001	7000000	0.00052090837808077	9570	3838136	7368159472	30847748
GLOBAL	X	7000001	7010000	0.00067740730419228	9274	4701756	6940810899	229345105
GLOBAL	X	7010001	7020000	0.00043613470107699	9796	3288252	7539533066	34205150
GLOBAL	X	7020001	7030000	0.00036049823188703	9523	2640768	7325328577	37340781
GLOBAL	X	7030001	7040000	0.0004016108629611	8254	2548204	6344957856	36589228
GLOBAL	X	7040001	7050000	0.00043440448536488	9513	3162592	7280293152	74644746
GLOBAL	X	7050001	7060000	0.00046715932557949	9370	3350560	7172199754	72178266
GLOBAL	X	7060001	7070000	0.00031177609397299	9607	2302764	7385954358	41659264
GLOBAL	X	7070001	7080000	0.0004406275744172	9487	3216888	7300696068	34140034
GLOBAL	X	7080001	7090000	0.00032336951882647	9556	2375380	7345713995	42469181
GLOBAL	X	7090001	7100000	0.00020098009319457	9528	1472412	7326158410	40376678
GLOBAL	X	7100001	7110000	0.00062696904122596	9431	4531900	7228267589	63272337
GLOBAL	X	7110001	7120000	0.00028703764672413	9613	2124432	7401231247	31021251
GLOBAL	X	7120001	7130000	0.00027417416487016	9620	2026592	7391622770	46041750
GLOBAL	X	7130001	7140000	0.00057339754705994	9687	4266916	7441461900	48003402
GLOBAL	X	7140001	7150000	0.00029398682700415	8198	1784328	6069414804	279660148
GLOBAL	X	7150001	7160000	0.00049955481084627	8478	3071120	6147713791	440263275
GLOBAL	X	7160001	7170000	0.00023828376706325	8990	1641364	6888274515	62308025
GLOBAL	X	7170001	7180000	0.00036754592642996	9101	2570068	6992508460	43893286
GLOBAL	X	7180001	7190000	0.00035335683118072	9633	2616076	7403496322	44219096
GLOBAL	X	7190001	7200000	0.00055969871819224	9613	4112728	7348110450	84142048
GLOBAL	X	7200001	7210000	0.00042341005474799	9453	3074960	7262368868	46180270
GLOBAL	X	7210001	7220000	0.0004194875729293	9574	3093252	7373882326	28217478
GLOBAL	X	7220001	7230000	0.0025335189742158	9293	17961940	7089719944	95125834
GLOBAL	X	7230001	7240000	0.0022588971390297	9277	15938960	7056080476	116394966
GLOBAL	X	7240001	7250000	0.0019342854914131	9529	14190696	7336402027	30906207
GLOBAL	X	7250001	7260000	0.0026634982426421	9316	19005888	7135686330	66941806
GLOBAL	X	7260001	7270000	0.002452942083706	9144	17240428	7028469247	41177777
GLOBAL	X	7270001	7280000	0.0030584903637697	9333	21805220	7129406147	86365471
GLOBAL	X	7280001	7290000	0.0026061456935204	9007	18026104	6916767564	46958458
GLOBAL	X	7290001	7300000	0.0022585440418659	9420	16379048	7252038347	30996973
GLOBAL	X	7300001	7310000	0.0023124205698066	9432	16797276	7263936422	28376650
GLOBAL	X	7310001	7320000	0.0024875435055981	9494	18173484	7305795440	34452684
GLOBAL	X	7320001	7330000	0.0022462749311506	9529	16475864	7334749532	32558702
GLOBAL	X	7330001	7340000	0.0018717557871106	9272	13342728	7128455588	40154124
GLOBAL	X	7340001	7350000	0.00047407798600704	9670	3524848	7435164897	41156923
GLOBAL	X	7350001	7360000	0.0002787155922779	9295	1992212	7147831177	38560893
GLOBAL	X	7360001	7370000	0.00035715933702038	8989	2460752	6889787680	60021714
GLOBAL	X	7370001	7380000	0.00025030464561115	9606	1840744	7354014527	72825949
GLOBAL	X	7380001	7390000	0.00027474662089316	9509	2007760	7307678593	44166721
GLOBAL	X	7390001	7400000	0.00036967206176041	9682	2751600	7443353947	42245625
GLOBAL	X	7400001	7410000	0.00020982177556059	9199	1483400	7069809585	42360469
GLOBAL	X	7410001	7420000	0.00033373235445946	9311	2386900	7152138437	46623969
GLOBAL	X	7420001	7430000	0.00033869749461742	9208	2394692	7070297354	48831014
GLOBAL	X	7430001	7440000	0.00041443102164145	8870	2825168	6816980034	40824986
GLOBAL	X	7440001	7450000	0.00031204060938117	9301	2181216	6990167095	200863851
GLOBAL	X	7450001	7460000	0.00042291396373268	9070	2950632	6976908433	35525787
GLOBAL	X	7460001	7470000	0.00031447808195356	9056	2180728	6934435578	67174598
GLOBAL	X	7470001	7480000	0.00044629111748129	9407	3232252	7242474415	30510007
GLOBAL	X	7480001	7490000	0.00042184177455499	9488	3064008	7263405819	72203429
GLOBAL	X	7490001	7500000	0.00026282890755931	9368	1889832	7190350626	52481102
GLOBAL	X	7500001	7510000	0.00033769661820712	9150	2370312	7019057557	55228343
GLOBAL	X	7510001	7520000	0.00039306084314979	9693	2927144	7447050631	47053547
GLOBAL	X	7520001	7530000	0.00029115249068291	9515	2132892	7325686945	30797245
GLOBAL	X	7530001	7540000	0.00036887466268951	9453	2677020	7257261804	51287334
GLOBAL	X	7540001	7550000	0.00018400739562159	9167	1297176	7049586217	37843165
GLOBAL	X	7550001	7560000	0.00047102612789464	9234	3337692	7086001821	53228343
GLOBAL	X	7560001	7570000	0.00042426669822737	9297	3031032	7144166659	43771703
GLOBAL	X	7570001	7580000	0.00028157084389165	9265	1996400	7090222739	72974951
GLOBAL	X	7580001	7590000	0.00022472146770648	9440	1624240	7227791882	70706358
GLOBAL	X	7590001	7600000	0.00024483535989662	9416	1769036	7225410581	54532155
GLOBAL	X	7600001	7610000	0.00025256178974155	9354	1807884	7158184941	73822743
GLOBAL	X	7610001	7620000	0.00034659901120647	9258	2465112	7112288034	45497634
GLOBAL	X	7620001	7630000	0.00018464766053423	9394	1326436	7183605772	79327752
GLOBAL	X	7630001	7640000	0.00034126683686297	9542	2506884	7345817786	31541346
GLOBAL	X	7640001	7650000	0.00039340544670765	9263	2796332	7108015467	53635931
GLOBAL	X	7650001	7660000	0.00060014289996496	9635	4446724	7409441985	39819725
GLOBAL	X	7660001	7670000	0.00030392437177371	9698	2263988	7449182133	48787775
GLOBAL	X	7670001	7680000	0.00028939475636883	9546	2124736	7341998959	38452757
GLOBAL	X	7680001	7690000	0.00035889067488151	9592	2638560	7351988181	64028251
GLOBAL	X	7690001	7700000	0.00022709745006847	8699	1351228	5949991951	783336563
GLOBAL	X	7700001	7710000	0.00019004848463269	4360	364324	1917005551	1535864485
GLOBAL	X	7710001	7720000	0.00040689490906235	8077	2449908	6020984646	227581326
GLOBAL	X	7720001	7730000	0.00031525511445569	9588	2324656	7373888300	39035548
GLOBAL	X	7730001	7740000	0.00020915694092844	9590	1542396	7374347670	40122470
GLOBAL	X	7740001	7750000	0.00028155851592924	9881	2142388	7609032861	30422765
GLOBAL	X	7750001	7760000	0.00020041147573677	9165	1411604	7043528794	42354296
GLOBAL	X	7760001	7770000	0.00027658362661098	9242	1964564	7102965653	42449679
GLOBAL	X	7770001	7780000	0.00037527263169562	9692	2778408	7403705374	89625658
GLOBAL	X	7780001	7790000	0.00029731274363379	9684	2216688	7455744994	31400870
GLOBAL	X	7790001	7800000	0.00036195244604811	9332	2565948	7089185411	125813061
GLOBAL	X	7800001	7810000	0.00031537417281022	9008	2163800	6861056442	103442726
GLOBAL	X	7810001	7820000	0.00023105019798808	8781	1534248	6640323243	157176389
GLOBAL	X	7820001	7830000	0.00032096846645975	7703	1618804	5043498565	926734847
GLOBAL	X	7830001	7840000	0.00030145891616199	9285	2150536	7133761467	44899143
GLOBAL	X	7840001	7850000	0.00038801810641056	9502	2834236	7304391092	42042200
GLOBAL	X	7850001	7860000	0.00020564611820036	9531	1459576	7097513013	271341513
GLOBAL	X	7860001	7870000	0.00018447204250868	9465	1330140	7210523513	107303377
GLOBAL	X	7870001	7880000	0.00041862767074339	9536	3072980	7340604109	32116147
GLOBAL	X	7880001	7890000	0.00027873389277103	9517	2029272	7280320236	77710246
GLOBAL	X	7890001	7900000	0.00022670944894628	9554	1666508	7350853737	35783147
GLOBAL	X	7900001	7910000	0.00021960303239763	9417	1590312	7241757924	38957958
GLOBAL	X	7910001	7920000	0.00040446799036956	9276	2886672	7136960325	34741971
GLOBAL	X	7920001	7930000	0.00023192082893378	9222	1576824	6798975354	330977058
GLOBAL	X	7930001	7940000	0.00028223874454517	9453	2051724	7269462608	39086530
GLOBAL	X	7940001	7950000	0.00030092230782346	9183	2123040	7055110056	44689662
GLOBAL	X	7950001	7960000	0.00021907942455318	9682	1631604	7447545580	38053992
GLOBAL	X	7960001	7970000	0.00030970469026788	9643	2282016	7368361125	87085753
GLOBAL	X	7970001	7980000	0.00023609972435568	9861	1791232	7586760234	37232472
GLOBAL	X	7980001	7990000	0.00021072546866445	9810	1593296	7561003471	23558789
GLOBAL	X	7990001	8000000	0.00034016443773751	9679	2530064	7437767501	45512633
GLOBAL	X	8000001	8010000	0.00028003003221571	9500	2046652	7308687514	36199486
GLOBAL	X	8010001	8020000	0.00024950015017835	9425	1809308	7251731106	35169944
GLOBAL	X	8020001	8030000	0.00018332331838161	9672	1363292	7436544418	41323694
GLOBAL	X	8030001	8040000	0.00023956219538382	9121	1680560	7015130235	36734431
GLOBAL	X	8040001	8050000	0.00033689034922475	9311	2414516	7167067877	31694529
GLOBAL	X	8050001	8060000	0.00032321109671001	9157	2274704	7037827671	41870251
GLOBAL	X	8060001	8070000	0.00034110409675993	9393	2464720	7225712102	36448276
GLOBAL	X	8070001	8080000	0.00025343196277883	9077	1769376	6981660800	36185442
GLOBAL	X	8080001	8090000	0.00038763905002584	9408	2805768	7238094304	35663264
GLOBAL	X	8090001	8100000	0.00036175933911614	9464	2628404	7265614777	51438967
GLOBAL	X	8100001	8110000	0.00021170172965053	9725	1583148	7478200592	40644258
GLOBAL	X	8110001	8120000	0.00020344802987103	9536	1492480	7335927514	36792742
GLOBAL	X	8120001	8130000	0.0015340427609134	9237	10858280	7078212079	63337523
GLOBAL	X	8130001	8140000	0.0017526425770853	9095	12238592	6982936601	48826269
GLOBAL	X	8140001	8150000	0.004606585730387	9763	34574360	7505419854	42804544
GLOBAL	X	8150001	8160000	0.0050106187071205	9899	38184360	7620687630	32684624
GLOBAL	X	8160001	8170000	0.0048496695653682	9562	35530656	7326407608	66414444
GLOBAL	X	8170001	8180000	0.0030055340374462	9361	21634228	7198131091	39288615
GLOBAL	X	8180001	8190000	0.000971748858689	9154	6833732	7032405481	44973003
GLOBAL	X	8190001	8200000	0.00039819128949091	9255	2829944	7106996247	48469983
GLOBAL	X	8200001	8210000	0.00033594289651788	8426	2099036	6248192838	308085242
GLOBAL	X	8210001	8220000	0.00026420726924282	8884	1804512	6829910491	38718573
GLOBAL	X	8220001	8230000	0.00035860279456582	9505	2625292	7320891080	27861650
GLOBAL	X	8230001	8240000	0.00033301861001422	9327	2388176	7171298925	39833817
GLOBAL	X	8240001	8250000	0.00025071571648072	9451	1821728	7266110101	40892745
GLOBAL	X	8250001	8260000	0.00095651319753023	8797	6471716	6765945328	35420034
GLOBAL	X	8260001	8270000	0.0014027000981142	9134	9822804	7002782714	59132850
GLOBAL	X	8270001	8280000	0.0013836390910332	8670	9219752	6663408153	39767667
GLOBAL	X	8280001	8290000	0.0022092646732095	9726	16533932	7483907293	35710703
GLOBAL	X	8290001	8300000	0.0014913811131971	9357	10577088	7092142918	142184204
GLOBAL	X	8300001	8310000	0.0014618231022648	9297	10458852	7154663231	33275131
GLOBAL	X	8310001	8320000	0.001286582295432	9496	9392580	7300411356	41383060
GLOBAL	X	8320001	8330000	0.0015547716537954	9468	10325164	6640952049	720171017
GLOBAL	X	8330001	8340000	0.0013658633749574	9353	9775548	7157046729	74187809
GLOBAL	X	8340001	8350000	0.0014982705912001	9405	10806456	7212619712	58818418
GLOBAL	X	8350001	8360000	0.0013466763248128	8961	9284800	6894604018	33557288
GLOBAL	X	8360001	8370000	0.0021575022412501	9310	15432684	7153032662	44956598
GLOBAL	X	8370001	8380000	0.0015318579643289	9471	11133740	7268128155	54337611
GLOBAL	X	8380001	8390000	0.0024748982250534	9598	18193860	7351356842	69298466
GLOBAL	X	8390001	8400000	0.0023766793263946	9459	17300372	7279220132	33967882
GLOBAL	X	8400001	8410000	0.0021273316898531	9538	15596112	7331302436	42964112
GLOBAL	X	8410001	8420000	0.0022136915794016	9212	15621788	7056894531	65326421
GLOBAL	X	8420001	8430000	0.0044256908063577	9477	32095336	7252051127	75053515
GLOBAL	X	8430001	8440000	0.0013504941448508	9540	9726968	7202525118	173287722
GLOBAL	X	8440001	8450000	0.002260130139827	9085	15718308	6954603066	69428344
GLOBAL	X	8450001	8460000	0.0022910950786082	9302	16381004	7149857792	41946300
GLOBAL	X	8460001	8470000	0.0017418635521722	9110	12151264	6976013698	67346362
GLOBAL	X	8470001	8480000	0.0028996995668611	9660	21560192	7435319247	33271113
GLOBAL	X	8480001	8490000	0.0018431439842721	9472	13434852	7289095217	34143695
GLOBAL	X	8490001	8500000	0.00016730594698156	9717	1249152	7466273749	46385933
GLOBAL	X	8500001	8510000	0.00051036918378289	9392	3684688	7219652199	41735033
GLOBAL	X	8510001	8520000	0.0016126575342832	9613	11939428	7403573137	28679361
GLOBAL	X	8520001	8530000	0.0013702679429631	9187	9672940	7059159524	43732778
GLOBAL	X	8530001	8540000	0.00097136138371769	9408	7028344	7235560439	38197129
GLOBAL	X	8540001	8550000	0.00085571542526995	9296	6092968	7120320401	66844815
GLOBAL	X	8550001	8560000	0.00027395863536216	9563	2013828	7350846953	42748245
GLOBAL	X	8560001	8570000	0.00034577242116809	9556	2540936	7348579136	39604040
GLOBAL	X	8570001	8580000	0.00043120041549382	9384	3113376	7220252783	34949281
GLOBAL	X	8580001	8590000	0.00022340984883687	9400	1612472	7217551099	50021301
GLOBAL	X	8590001	8600000	0.00032936439091457	9645	2438072	7402354557	54638613
GLOBAL	X	8600001	8610000	0.00026090826558459	9861	1975940	7573313155	50679551
GLOBAL	X	8610001	8620000	0.0003192318233709	9777	2405632	7535689815	23358627
GLOBAL	X	8620001	8630000	0.00027323025602671	9668	2035252	7448852955	25922573
GLOBAL	X	8630001	8640000	0.0018939228563766	9665	14097328	7443454179	29001911
GLOBAL	X	8640001	8650000	0.00089333586725694	8706	5977408	6691109379	39899697
GLOBAL	X	8650001	8660000	0.0016599575527248	9190	11736148	7070149463	35062277
GLOBAL	X	8660001	8670000	0.001217190278365	8917	8352320	6861967392	32175490
GLOBAL	X	8670001	8680000	0.0014836824350818	9228	10537292	7102120879	32470409
GLOBAL	X	8680001	8690000	0.0015326078810099	9448	11138208	7267487097	37196311
GLOBAL	X	8690001	8700000	0.00035046668591772	9392	2529292	7216925607	44461625
GLOBAL	X	8700001	8710000	0.00036300198422304	9262	2585884	7123608444	37269808
GLOBAL	X	8710001	8720000	0.00037650780339401	9216	2669040	7088936739	36376797
GLOBAL	X	8720001	8730000	0.00036522752485829	9500	2661560	7287402561	57484439
GLOBAL	X	8730001	8740000	0.00029093979314642	9190	2049244	7043532883	61678857
GLOBAL	X	8740001	8750000	0.00043674123292763	9299	3121008	7146126275	43358379
GLOBAL	X	8750001	8760000	0.00031193604322865	9567	2296004	7360496005	36191777
GLOBAL	X	8760001	8770000	0.00051238796261116	9481	3723820	7267579006	62618220
GLOBAL	X	8770001	8780000	0.00025851391510432	9625	1902624	7359851400	81678850
GLOBAL	X	8780001	8790000	0.00037131546620995	9276	2647120	7129032429	42669867
GLOBAL	X	8790001	8800000	0.00058893495383937	9108	4127320	7008108405	33705363
GLOBAL	X	8800001	8810000	0.0011757890414664	9252	8365596	7114878354	38268438
GLOBAL	X	8810001	8820000	0.0012764141135893	9575	9344664	7321028419	81844531
GLOBAL	X	8820001	8830000	0.0012127069380218	9590	8948384	7378851163	35618977
GLOBAL	X	8830001	8840000	0.0014634205539544	8609	9675096	6611288856	44725058
GLOBAL	X	8840001	8850000	0.0009312527305745	9362	6699672	7194257563	43935289
GLOBAL	X	8850001	8860000	0.00098608462356476	9479	7169348	7270520023	58130911
GLOBAL	X	8860001	8870000	0.0015745926890757	9475	11450028	7271739593	53818757
GLOBAL	X	8870001	8880000	0.0016533882578433	9454	11969296	7239253057	70069227
GLOBAL	X	8880001	8890000	0.00076339721255243	9698	5691920	7456039800	41930108
GLOBAL	X	8890001	8900000	0.00044794675166996	9167	3160052	7054525986	32903396
GLOBAL	X	8900001	8910000	0.00026837702451319	9325	1915496	7137332279	72254171
GLOBAL	X	8910001	8920000	0.00059553418223167	9194	4197116	7047649195	60655129
GLOBAL	X	8920001	8930000	0.0002232238083686	9269	1588376	7115620917	50669357
GLOBAL	X	8930001	8940000	0.00091424360515031	9346	6567320	7183337092	42485424
GLOBAL	X	8940001	8950000	0.0010206536409601	9449	7395424	7245772418	59684136
GLOBAL	X	8950001	8960000	0.00030050350958189	9119	2105652	7007079561	43238813
GLOBAL	X	8960001	8970000	0.0012521281395985	9215	8864724	7079725884	44814506
GLOBAL	X	8970001	8980000	0.0023795575090525	8891	16093468	6763218766	110822320
GLOBAL	X	8980001	8990000	0.0014947581346237	9208	10525540	7041634199	77494169
GLOBAL	X	8990001	9000000	0.0015231279527424	9446	11039152	7247685252	55451864
GLOBAL	X	9000001	9010000	0.0010054149897448	9514	7330248	7290768563	64942481
GLOBAL	X	9010001	9020000	0.00032822009010159	7294	1632636	4974211053	686763959
GLOBAL	X	9020001	9030000	0.00024236482616451	9234	1716752	7083338070	55892094
GLOBAL	X	9030001	9040000	0.00037794809747928	9547	2773692	7338817204	42407658
GLOBAL	X	9040001	9050000	0.0012044885819443	9334	8649980	7181454544	35090220
GLOBAL	X	9050001	9060000	0.0012577444088527	9339	9014952	7167554820	52855674
GLOBAL	X	9060001	9070000	0.0012378578082225	9445	8975840	7251107470	51256500
GLOBAL	X	9070001	9080000	0.0014714582712489	9307	10527528	7154486271	41183551
GLOBAL	X	9080001	9090000	0.0011493636531245	9112	8029288	6985855154	59051198
GLOBAL	X	9090001	9100000	0.00056791950082949	8959	3906480	6878580493	48034521
GLOBAL	X	9100001	9110000	0.00030118793871496	9205	2129080	7068941768	47867162
GLOBAL	X	9110001	9120000	0.00025009250189871	9296	1786320	7142637170	44528046
GLOBAL	X	9120001	9130000	0.00026656336688797	9192	1864508	6994614533	112143499
GLOBAL	X	9130001	9140000	0.00021170009396143	9334	1519760	7178834792	37709972
GLOBAL	X	9140001	9150000	0.00026842818811271	9589	1980556	7378345821	35351173
GLOBAL	X	9150001	9160000	0.00026818666813344	9204	1896768	7072566333	43469451
GLOBAL	X	9160001	9170000	0.00052273952546721	9795	3851084	7367118445	205846625
GLOBAL	X	9170001	9180000	0.00033374912634832	9563	2444488	7324327787	69267411
GLOBAL	X	9180001	9190000	0.00055005696838723	9284	3922892	7131792206	46095258
GLOBAL	X	9190001	9200000	0.00059818064655542	9521	4382144	7325786993	35336073
GLOBAL	X	9200001	9210000	0.00028361304526116	9664	2110572	7441731032	29951912
GLOBAL	X	9210001	9220000	0.00033863002969387	9274	2413104	7126077986	44078018
GLOBAL	X	9220001	9230000	0.00037123909978683	9807	2800156	7542729205	39513617
GLOBAL	X	9230001	9240000	0.0004002107931303	9467	2908880	7268369694	51003488
GLOBAL	X	9240001	9250000	0.00036814130152678	9286	2596672	7053465583	132926487
GLOBAL	X	9250001	9260000	0.00029438021645177	6719	1315084	4467297483	880553399
GLOBAL	X	9260001	9270000	0.00031724963009085	9284	2262444	7131431483	46455981
GLOBAL	X	9270001	9280000	0.00023133055037904	8940	1591644	6880388247	31536993
GLOBAL	X	9280001	9290000	0.00030782366168145	9663	2280288	7407773618	63136180
GLOBAL	X	9290001	9300000	0.00039346632757943	8658	2547860	6475420694	221569958
GLOBAL	X	9300001	9310000	0.00041560446289686	9417	2958780	7119220952	161494930
GLOBAL	X	9310001	9320000	0.00030912055324432	9519	2222684	7190346862	169229912
GLOBAL	X	9320001	9330000	0.00033347219498832	9577	2458468	7372332797	32086445
GLOBAL	X	9330001	9340000	0.00040469853753126	9391	2920172	7215672233	44941853
GLOBAL	X	9340001	9350000	0.00021454662270273	9622	1587848	7400946144	38264668
GLOBAL	X	9350001	9360000	0.00045749154036089	9536	3348420	7319086157	53634099
GLOBAL	X	9360001	9370000	0.00038222576309325	9102	2671204	6988550375	48624517
GLOBAL	X	9370001	9380000	0.00040863106816706	9379	2942996	7202085767	49250567
GLOBAL	X	9380001	9390000	0.00018878080983645	9757	1413600	7488049242	55536280
GLOBAL	X	9390001	9400000	0.00026432958001311	9882	2006544	7591068695	49160077
GLOBAL	X	9400001	9410000	0.00024384593687859	9632	1806004	7406332142	40610130
GLOBAL	X	9410001	9420000	0.00032702042270338	9618	2420084	7400406311	35711917
GLOBAL	X	9420001	9430000	0.00024473446298496	9074	1705388	6968319783	47207021
GLOBAL	X	9430001	9440000	0.00026222848808612	9630	1941436	7403604445	41791535
GLOBAL	X	9440001	9450000	0.00024723144154955	8806	1619308	6549765636	258558040
GLOBAL	X	9450001	9460000	0.00024373261548149	9408	1766192	7246432721	27324847
GLOBAL	X	9460001	9470000	0.00016228354526148	9445	1180224	7272604244	29759726
GLOBAL	X	9470001	9480000	0.00016414959370611	9742	1227580	7478422409	53565923
GLOBAL	X	9480001	9490000	0.00035482390211209	9462	2577904	7265305366	50202086
GLOBAL	X	9490001	9500000	0.00026931198334053	9594	1989272	7386496417	31066307
GLOBAL	X	9500001	9510000	0.00026187055843127	9395	1888216	7210493655	53213015
GLOBAL	X	9510001	9520000	0.00031630959722284	9245	2249668	7112234405	35500365
GLOBAL	X	9520001	9530000	0.00031295164580972	9250	2226300	7113878549	37721951
GLOBAL	X	9530001	9540000	0.00044481027116199	9624	3283516	7381834937	58922167
GLOBAL	X	9540001	9550000	0.00029854471607486	9681	2202388	7377079149	107747277
GLOBAL	X	9550001	9560000	0.00028456169461952	9590	2089740	7343715052	70755088
GLOBAL	X	9560001	9570000	0.0002590606573106	9499	1892472	7305130851	38983003
GLOBAL	X	9570001	9580000	0.00033668965640638	9231	2387404	7090814804	46095922
GLOBAL	X	9580001	9590000	0.00026964992086771	9425	1951468	7237042732	49858318
GLOBAL	X	9590001	9600000	0.00020971876490811	9367	1508780	7194301381	47757201
GLOBAL	X	9600001	9610000	0.00034212541839411	9376	2465052	7205112124	43904772
GLOBAL	X	9610001	9620000	0.0002410332035454	9634	1786820	7413169529	35319035
GLOBAL	X	9620001	9630000	0.0002642094753544	9672	1961572	7424306026	53562086
GLOBAL	X	9630001	9640000	0.00032002351513663	9498	2337160	7303088334	40252374
GLOBAL	X	9640001	9650000	0.00036856341250491	9574	2716464	7370411462	31688342
GLOBAL	X	9650001	9660000	0.00025842213747878	9533	1892176	7322035250	48365568
GLOBAL	X	9660001	9670000	0.00013998790891889	8825	948828	6777928232	45085218
GLOBAL	X	9670001	9680000	0.0003273724286087	9461	2383348	7280234350	34499956
GLOBAL	X	9680001	9690000	0.00022929489473241	9728	1716124	7484353291	36810997
GLOBAL	X	9690001	9700000	0.00038987545726724	9378	2810156	7207829956	42733232
GLOBAL	X	9700001	9710000	0.00032389943214831	9352	2328044	7187551965	42909427
GLOBAL	X	9710001	9720000	0.0002015557394662	9566	1479580	7340798153	55116483
GLOBAL	X	9720001	9730000	0.00052050566926771	9001	3597008	6910602924	48484222
GLOBAL	X	9730001	9740000	0.00036085769225987	9102	2525296	6998038435	39136457
GLOBAL	X	9740001	9750000	0.00053441118970563	9249	3793372	7098227120	52600234
GLOBAL	X	9750001	9760000	0.00036113230784239	9486	2637732	7304059877	30003079
GLOBAL	X	9760001	9770000	0.00018666397786426	9122	1297444	6950692977	101944835
GLOBAL	X	9770001	9780000	0.00040620398205885	9409	2899676	7138472610	136058104
GLOBAL	X	9780001	9790000	0.00026551319677521	9012	1837164	6919294492	48297260
GLOBAL	X	9790001	9800000	0.0003616521004614	9834	2738220	7571420148	31697616
GLOBAL	X	9800001	9810000	0.00030468431724406	8550	1908852	6265015598	345382702
GLOBAL	X	9810001	9820000	0.00028201542203829	8044	1416188	5021668637	1199837225
GLOBAL	X	9820001	9830000	0.00030371510380983	9187	2146012	7065871842	37020460
GLOBAL	X	9830001	9840000	0.00038552341921429	9756	2889772	7495710652	47101724
GLOBAL	X	9840001	9850000	0.00022060151263765	9815	1666248	7553202968	35225022
GLOBAL	X	9850001	9860000	0.00039899133538277	9568	2928736	7340349878	57111050
GLOBAL	X	9860001	9870000	0.00021800111626535	9283	1555592	7135706581	41407737
GLOBAL	X	9870001	9880000	0.00032319538159071	8868	2201216	6810790393	45468335
GLOBAL	X	9880001	9890000	0.00033156704498176	9649	2455160	7404716594	55369160
GLOBAL	X	9890001	9900000	0.00034363748552192	9474	2495076	7260779470	64005734
GLOBAL	X	9900001	9910000	0.00018655251541634	9400	1347324	7222223710	45348690
GLOBAL	X	9910001	9920000	0.00035737847055412	9172	2517332	7043882627	47412485
GLOBAL	X	9920001	9930000	0.00025381838375277	8646	1600104	6304129655	387448975
GLOBAL	X	9930001	9940000	0.00036879108664938	9653	2738828	7426502698	36675640
GLOBAL	X	9940001	9950000	0.00027374143889325	9637	2029484	7413872040	36935962
GLOBAL	X	9950001	9960000	0.00043058029538821	9451	3129296	7267624723	39378123
GLOBAL	X	9960001	9970000	0.00023072605490476	9525	1692636	7336128556	28087094
GLOBAL	X	9970001	9980000	0.00028339612175197	9613	2099500	7408358262	23894236
GLOBAL	X	9980001	9990000	0.00020104329537586	9667	1492268	7422620074	51382308
GLOBAL	X	9990001	10000000	0.00015480147217144	9704	1158220	7481970189	20638595
GLOBAL	X	10000001	10010000	0.00033262106730715	9154	2340920	7037798354	39580130
GLOBAL	X	10010001	10020000	0.00013868220523268	8946	948952	6842637081	73927035
GLOBAL	X	10020001	10030000	0.00035248271578494	7719	1944844	5517558487	456540655
GLOBAL	X	10030001	10040000	0.00033479130786005	7121	1529576	4568744660	956929802
GLOBAL	X	10040001	10050000	0.00042989964617459	9487	3121804	7261704046	73132056
GLOBAL	X	10050001	10060000	0.00033716625937968	9675	2505816	7431989205	48198345
GLOBAL	X	10060001	10070000	0.00040364068742178	9299	2808412	6957702946	231781708
GLOBAL	X	10070001	10080000	0.00026754751859982	9590	1974596	7380356246	34113894
GLOBAL	X	10080001	10090000	0.00023502725289496	9208	1662872	7075230551	43897817
GLOBAL	X	10090001	10100000	0.00022000303063081	9282	1568992	7131683575	44657597
GLOBAL	X	10100001	10110000	0.00012253872711383	9191	865060	7059482503	46502383
GLOBAL	X	10110001	10120000	0.00023270600404514	9593	1719064	7387278240	29511338
GLOBAL	X	10120001	10130000	0.00033674529066686	9795	2539440	7541129959	31835111
GLOBAL	X	10130001	10140000	0.00018127800576969	9277	1293420	7135007882	37467560
GLOBAL	X	10140001	10150000	0.0003435115930926	9521	2511044	7309925052	51198014
GLOBAL	X	10150001	10160000	0.00024374323251236	9529	1784000	7319177569	48130665
GLOBAL	X	10160001	10170000	0.00053449739624917	9661	3957532	7404211934	65151572
GLOBAL	X	10170001	10180000	0.00042885366440836	9562	3148640	7341991596	50830456
GLOBAL	X	10180001	10190000	0.00048531691434847	9583	3578388	7373301639	35756479
GLOBAL	X	10190001	10200000	0.00062203349847432	9745	4636024	7453013401	81294369
GLOBAL	X	10200001	10210000	0.00046167764453057	9506	3374980	7310252164	39273712
GLOBAL	X	10210001	10220000	0.00032244376154755	9664	2400168	7443679445	28003499
GLOBAL	X	10220001	10230000	0.00052884973715967	9703	3946712	7462823034	39012604
GLOBAL	X	10230001	10240000	0.00053864069935102	9760	4047068	7513483487	32421473
GLOBAL	X	10240001	10250000	0.00043057218332494	9453	3119952	7246060291	62488847
GLOBAL	X	10250001	10260000	0.00037687894739415	9257	2680484	7112320862	44691660
GLOBAL	X	10260001	10270000	0.00049220327896204	9030	3411108	6930282966	51225414
GLOBAL	X	10270001	10280000	0.0005442037949163	9102	3808832	6998907460	38267432
GLOBAL	X	10280001	10290000	0.00029658409742201	9776	2231820	7525083170	33192126
GLOBAL	X	10290001	10300000	0.00020161298313523	9445	1465996	7271337278	31026692
GLOBAL	X	10300001	10310000	0.00047080758771161	9389	3402516	7226977833	32089961
GLOBAL	X	10310001	10320000	0.00050249978248874	9435	3651656	7266980260	27652250
GLOBAL	X	10320001	10330000	0.00048526597342507	9317	3447164	7103659001	99742281
GLOBAL	X	10330001	10340000	0.00036707221278693	9296	2620832	7139826739	47338477
GLOBAL	X	10340001	10350000	0.00051625495440917	9342	3710148	7186658391	36071541
GLOBAL	X	10350001	10360000	0.00040920568844741	9835	3082980	7534059489	69831421
GLOBAL	X	10360001	10370000	0.00046160775944142	9414	3339112	7233656566	44739878
GLOBAL	X	10370001	10380000	0.00051192380362763	8837	3474668	6787471056	44820146
GLOBAL	X	10380001	10390000	0.00032452469511891	9244	2296784	7077378192	69583432
GLOBAL	X	10390001	10400000	0.00049156297709561	8989	3390808	6898013394	51796000
GLOBAL	X	10400001	10410000	0.00055358564278551	9538	4056824	7328268088	45998460
GLOBAL	X	10410001	10420000	0.00050522726397498	8986	3477100	6882249332	65240624
GLOBAL	X	10420001	10430000	0.0004912189926096	9487	3567892	7263342936	71493166
GLOBAL	X	10430001	10440000	0.00047740675444288	9177	3366816	7052300724	42860118
GLOBAL	X	10440001	10450000	0.00028342898196162	9331	2030780	7165040025	49185301
GLOBAL	X	10450001	10460000	0.00040035471787041	9447	2908120	7263858449	40051813
GLOBAL	X	10460001	10470000	0.00046148094727225	9457	3351592	7262687701	48954021
GLOBAL	X	10470001	10480000	0.0005123252562551	9075	3576696	6981299392	35000558
GLOBAL	X	10480001	10490000	0.00033636146203607	9702	2507120	7453648182	47414310
GLOBAL	X	10490001	10500000	0.00044683699340569	9819	3366284	7533583946	57936628
GLOBAL	X	10500001	10510000	0.00025568379232179	9541	1872732	7324406381	52179605
GLOBAL	X	10510001	10520000	0.00042851524638013	9163	3011276	7027231879	57104919
GLOBAL	X	10520001	10530000	0.00047043109372937	9366	3381180	7187407561	53877875
GLOBAL	X	10530001	10540000	0.00044290246618673	9691	3298504	7447472642	45085244
GLOBAL	X	10540001	10550000	0.00037686701751798	9726	2814280	7467567787	52050209
GLOBAL	X	10550001	10560000	0.00031844454536486	9395	2288908	7187775810	75930860
GLOBAL	X	10560001	10570000	0.00031219304021253	9202	2190268	7015748969	98740523
GLOBAL	X	10570001	10580000	0.00058496414244103	7503	3186544	5447417660	353496778
GLOBAL	X	10580001	10590000	0.000670969235253	3062	579436	863580578	1670018864
GLOBAL	X	10590001	10600000	5.6076007981209e-05	3088	15456	275625897	2578829135
GLOBAL	X	10600001	10610000	1.6231763786473e-05	3171	10972	675958580	1826715022
GLOBAL	X	10610001	10620000	0.00026277936029903	3156	117828	448391380	2118453340
GLOBAL	X	10620001	10630000	0.00026132834477572	7019	1255024	4802479429	631963805
GLOBAL	X	10630001	10640000	0.00030434972843324	8856	2048968	6732281348	114699628
GLOBAL	X	10640001	10650000	0.00040095361680887	8877	2714892	6771087443	92129599
GLOBAL	X	10650001	10660000	0.00035723729874819	9547	2613992	7317242654	63982208
GLOBAL	X	10660001	10670000	0.00027243967587889	9640	2018500	7408979597	44147843
GLOBAL	X	10670001	10680000	0.00047115055353954	9843	3560236	7556472073	53604005
GLOBAL	X	10680001	10690000	0.00019443832741888	9361	1391612	7157086869	80332837
GLOBAL	X	10690001	10700000	0.00036499142968028	9273	2598184	7118479473	50903385
GLOBAL	X	10700001	10710000	0.0003291498432614	9802	2482272	7541464931	36912161
GLOBAL	X	10710001	10720000	0.00031962874692417	9610	2360444	7384955273	44977787
GLOBAL	X	10720001	10730000	0.00042867439485561	9046	2973012	6935361747	58516969
GLOBAL	X	10730001	10740000	0.00038249639943883	9353	2744228	7174519823	56714715
GLOBAL	X	10740001	10750000	0.00034044752060994	9486	2482668	7292366223	41696733
GLOBAL	X	10750001	10760000	0.00046771108758186	8524	2896832	6193635509	463924697
GLOBAL	X	10760001	10770000	0.00041723572912496	9300	2978712	7139158495	51099305
GLOBAL	X	10770001	10780000	0.00038844547001018	9587	2854136	7347584720	64565982
GLOBAL	X	10780001	10790000	0.00069454232913446	9135	4762032	6856359649	206329061
GLOBAL	X	10790001	10800000	0.00075181462185056	9815	5614288	7467649387	120778603
GLOBAL	X	10800001	10810000	0.00049238272442965	9536	3613472	7338746509	33973747
GLOBAL	X	10810001	10820000	0.0006606108621056	9101	4625536	7001907273	34494473
GLOBAL	X	10820001	10830000	0.00059971190353987	9725	4490384	7487568570	31276280
GLOBAL	X	10830001	10840000	0.00039769330447565	9712	2973672	7477299634	31494318
GLOBAL	X	10840001	10850000	0.0004307692838639	9591	3173896	7367971949	47271337
GLOBAL	X	10850001	10860000	0.00070717814950491	9680	5231596	7397847351	86205929
GLOBAL	X	10860001	10870000	0.00065414238960416	9665	4873980	7450946579	21509511
GLOBAL	X	10870001	10880000	0.00039007354748097	9383	2811456	7207502324	46926594
GLOBAL	X	10880001	10890000	0.0095767152619286	8961	57403184	5994036831	934124475
GLOBAL	X	10890001	10900000	0.00076908650004695	9387	5460356	7099794366	157727136
GLOBAL	X	10900001	10910000	0.00059530050005758	9686	4430232	7442009539	46682617
GLOBAL	X	10910001	10920000	0.00028381606145798	9078	1982264	6984326362	34293026
GLOBAL	X	10920001	10930000	0.00040333736960142	9563	2957968	7333731568	59863630
GLOBAL	X	10930001	10940000	0.0005380992867998	9786	4036148	7500749581	65257175
GLOBAL	X	10940001	10950000	0.00039394530850954	9256	2801176	7110570781	45668595
GLOBAL	X	10950001	10960000	0.00028858233789007	9571	2125988	7367006642	32773724
GLOBAL	X	10960001	10970000	0.00048766332065151	9621	3601972	7386186017	52251649
GLOBAL	X	10970001	10980000	0.00042648142483494	9665	3168932	7430410366	42045724
GLOBAL	X	10980001	10990000	0.00061337844103488	9640	4545472	7410550642	42576798
GLOBAL	X	10990001	11000000	0.0005481684067036	9320	3919968	7151028684	54692036
GLOBAL	X	11000001	11010000	0.00070518362401747	9075	4870032	6906048062	110251888
GLOBAL	X	11010001	11020000	0.0003035320731709	9480	2211292	7285200463	44223617
GLOBAL	X	11020001	11030000	0.00040070244673955	9735	3006936	7504161815	22414495
GLOBAL	X	11030001	11040000	0.00028177904714889	9475	2052292	7283337852	42220498
GLOBAL	X	11040001	11050000	0.0003771331793701	9162	2649064	7024213580	59350072
GLOBAL	X	11050001	11060000	0.00095486998800997	9580	7029212	7361433586	45305094
GLOBAL	X	11060001	11070000	0.00046792741251833	9434	3394256	7253808837	40050527
GLOBAL	X	11070001	11080000	0.00031246797538494	9327	2233932	7149315053	61817689
GLOBAL	X	11080001	11090000	0.00050420119300024	9629	3614980	7169717268	274905566
GLOBAL	X	11090001	11100000	0.00038709354739552	8975	2673592	6906836908	32148442
GLOBAL	X	11100001	11110000	0.00032478759868387	9341	2333700	7185311291	36645495
GLOBAL	X	11110001	11120000	0.0003418174934379	9472	2492080	7290674257	32564655
GLOBAL	X	11120001	11130000	0.00032902791739731	9483	2396720	7284245115	47498403
GLOBAL	X	11130001	11140000	0.00069251872534688	9722	5180676	7480918292	35607120
GLOBAL	X	11140001	11150000	0.00035801682550974	9362	2577832	7200309640	37883212
GLOBAL	X	11150001	11160000	0.00048594175867656	9689	3611992	7432973058	58038536
GLOBAL	X	11160001	11170000	0.00032571287872594	9617	2401128	7371916055	63429027
GLOBAL	X	11170001	11180000	0.00025706523034137	9425	1863908	7250719973	36181077
GLOBAL	X	11180001	11190000	0.00048748406472784	9631	3606792	7398789542	47379584
GLOBAL	X	11190001	11200000	0.00081752670586663	9604	6027600	7372970151	52324033
GLOBAL	X	11200001	11210000	0.00038128581125264	9499	2779660	7290226696	53887158
GLOBAL	X	11210001	11220000	0.00041092223646169	9638	3041696	7402120718	49460430
GLOBAL	X	11220001	11230000	0.00030481350271077	9505	2231148	7319715105	29037625
GLOBAL	X	11230001	11240000	0.00037826308233711	9630	2804644	7414532718	30863262
GLOBAL	X	11240001	11250000	0.00035909697227574	9490	2624832	7309535314	27620226
GLOBAL	X	11250001	11260000	0.00038945068098886	8831	2648312	6800121631	27530695
GLOBAL	X	11260001	11270000	0.0002875616344884	9793	2161824	7517776159	53642619
GLOBAL	X	11270001	11280000	0.00070621284377957	9676	5255232	7441427958	39532738
GLOBAL	X	11280001	11290000	0.00060278820176382	9524	4388520	7280368108	83074396
GLOBAL	X	11290001	11300000	0.00039572974127167	9335	2841756	7181052379	36265531
GLOBAL	X	11300001	11310000	0.00049100503684041	9537	3602072	7336120263	37373139
GLOBAL	X	11310001	11320000	0.00040094546133874	9801	3003516	7491083675	86520271
GLOBAL	X	11320001	11330000	0.00033353374792723	9640	2460572	7377280456	75846984
GLOBAL	X	11330001	11340000	0.00050122251150066	9777	3696668	7375303214	183745228
GLOBAL	X	11340001	11350000	0.00040132406339489	9408	2898316	7221884418	51873150
GLOBAL	X	11350001	11360000	0.00036455440973972	9755	2732384	7495133585	46905645
GLOBAL	X	11360001	11370000	0.0003572871959521	9291	2552480	7144056739	39242747
GLOBAL	X	11370001	11380000	0.00016640391246131	9669	1236316	7429608966	45939708
GLOBAL	X	11380001	11390000	0.00030264928793864	9413	2188040	7229622164	48001134
GLOBAL	X	11390001	11400000	0.0003624587512543	9433	2610668	7202662347	90423871
GLOBAL	X	11400001	11410000	0.00042734248241265	9520	3116740	7293307191	67042729
GLOBAL	X	11410001	11420000	0.00046079147492887	9504	3362752	7297773902	50205682
GLOBAL	X	11420001	11430000	0.00031398275851789	9630	2316604	7378124872	67271108
GLOBAL	X	11430001	11440000	0.00052381491707152	7893	2941496	5615525454	486915924
GLOBAL	X	11440001	11450000	0.0002661606671957	5893	916504	3443423890	1124322678
GLOBAL	X	11450001	11460000	0.00021228322517919	8046	1106724	5213431250	1113995614
GLOBAL	X	11460001	11470000	0.00043491947718338	7633	2244560	5160863373	805504309
GLOBAL	X	11470001	11480000	0.00031744671426515	9777	2383736	7509090165	49958277
GLOBAL	X	11480001	11490000	0.00062096435540884	9300	4415164	7110173010	80084790
GLOBAL	X	11490001	11500000	0.00030166266442324	9400	2178156	7220502425	47069975
GLOBAL	X	11500001	11510000	0.00040704551815689	9716	3031832	7448385659	63500877
GLOBAL	X	11510001	11520000	0.00037431453792624	9718	2799828	7479880465	33552363
GLOBAL	X	11520001	11530000	0.00022453349207962	9545	1644532	7324216912	55461658
GLOBAL	X	11530001	11540000	0.00070317500980262	9447	5052068	7184652369	119257893
GLOBAL	X	11540001	11550000	0.00053590454014842	9259	3753200	7003486104	155072710
GLOBAL	X	11550001	11560000	0.00060702079962147	9399	4310808	7101582026	165217228
GLOBAL	X	11560001	11570000	0.00034700814824199	8756	2215860	6385613742	390237802
GLOBAL	X	11570001	11580000	0.00035585307660989	9518	2601252	7309904483	48899145
GLOBAL	X	11580001	11590000	0.00029064928701572	9692	2162424	7439976964	53354068
GLOBAL	X	11590001	11600000	0.00032395662978658	9702	2411260	7443156825	57905667
GLOBAL	X	11600001	11610000	0.00066409152697258	9470	4581728	6899241767	422450853
GLOBAL	X	11610001	11620000	0.00064676922631781	9179	4538216	7016746956	79960178
GLOBAL	X	11620001	11630000	0.00048452211157729	9420	3500648	7224949938	58085382
GLOBAL	X	11630001	11640000	0.00036084783858318	9528	2638004	7310571709	55963379
GLOBAL	X	11640001	11650000	0.00027915295913647	9704	2036420	7294997002	207611782
GLOBAL	X	11650001	11660000	0.00045061916904054	9569	3299304	7321712494	76521580
GLOBAL	X	11660001	11670000	0.00033586382571022	9696	2498988	7440479768	55943848
GLOBAL	X	11670001	11680000	0.00084703733151811	6764	3280892	3873373555	1414945085
GLOBAL	X	11680001	11690000	0.00049873525786361	8767	3003820	6022874767	766893405
GLOBAL	X	11690001	11700000	0.00024536458830846	9437	1772936	7225720762	70458040
GLOBAL	X	11700001	11710000	0.00015182140583988	9008	1048844	6908406586	56092582
GLOBAL	X	11710001	11720000	0.00038041164759808	9785	2862884	7525752742	39480868
GLOBAL	X	11720001	11730000	0.00043834802063823	9809	3297676	7522963136	60825978
GLOBAL	X	11730001	11740000	0.00028916664943976	9603	2133288	7377365281	47155757
GLOBAL	X	11740001	11750000	0.00041443119305649	9690	3067760	7402338558	89446182
GLOBAL	X	11750001	11760000	0.00042037968386236	9577	3075740	7316576224	87843018
GLOBAL	X	11760001	11770000	0.00035987037452109	9772	2687452	7467833393	87349319
GLOBAL	X	11770001	11780000	0.00030542414951041	9830	2308424	7558092586	41932594
GLOBAL	X	11780001	11790000	0.00055779160348223	9747	4169000	7474117527	61736535
GLOBAL	X	11790001	11800000	0.00044761732816157	9564	3282100	7332379230	61989114
GLOBAL	X	11800001	11810000	0.00028648831983074	9572	2105408	7349018631	51534881
GLOBAL	X	11810001	11820000	0.0003802181139571	9762	2853912	7505986420	41464832
GLOBAL	X	11820001	11830000	0.00036054880246904	9711	2693224	7469790446	38230360
GLOBAL	X	11830001	11840000	0.00037665313914725	9625	2791276	7410733404	30796846
GLOBAL	X	11840001	11850000	0.00024629102198632	9724	1844252	7488100805	29970899
GLOBAL	X	11850001	11860000	0.0002822547514376	9817	2129564	7544829588	45144694
GLOBAL	X	11860001	11870000	0.00032346931655465	9538	2104600	6506335817	867930731
GLOBAL	X	11870001	11880000	0.00029769966615266	9636	2197824	7382688830	67346026
GLOBAL	X	11880001	11890000	0.00056751024191197	9444	4077468	7184835971	116754853
GLOBAL	X	11890001	11900000	0.00043336525403419	9708	3173728	7323448224	182253144
GLOBAL	X	11900001	11910000	0.00042604472291249	8326	2624152	6159334593	367563939
GLOBAL	X	11910001	11920000	0.00051367850326112	9393	3668056	7140762124	121398254
GLOBAL	X	11920001	11930000	0.00066203916207163	8284	3498908	5285046868	1162217626
GLOBAL	X	11930001	11940000	0.00088382697707237	9604	6244440	7065229012	360065172
GLOBAL	X	11940001	11950000	0.00044980650834545	9537	3235104	7192212518	181280884
GLOBAL	X	11950001	11960000	0.00048227466494786	9608	3395504	7040602061	387784707
GLOBAL	X	11960001	11970000	0.0040901461210652	9231	28407748	6945411523	191499203
GLOBAL	X	11970001	11980000	0.004307434842867	9278	30168976	7003930901	169317687
GLOBAL	X	11980001	11990000	0.0022567719205628	9263	15939636	7063024781	98626617
GLOBAL	X	11990001	12000000	0.0026053608974276	9590	19143648	7347791248	66678892
GLOBAL	X	12000001	12010000	0.0015901476374903	9344	11390904	7163425415	60850809
GLOBAL	X	12010001	12020000	0.00055839180479138	9483	4038792	7232899848	98843670
GLOBAL	X	12020001	12030000	0.00063415412843029	9610	4674348	7370996719	58936341
GLOBAL	X	12030001	12040000	0.0004392008317377	9764	3303556	7521743497	27254047
GLOBAL	X	12040001	12050000	0.00038834104894086	9668	2888716	7438605854	36169674
GLOBAL	X	12050001	12060000	0.00060606876464102	9373	4365724	7203347631	43349827
GLOBAL	X	12060001	12070000	0.0006122171052342	9229	4310144	7040221456	95142978
GLOBAL	X	12070001	12080000	0.00047647647136635	9426	3446676	7233675128	53999068
GLOBAL	X	12080001	12090000	0.00055832957245918	9608	4126372	7390566797	37819971
GLOBAL	X	12090001	12100000	0.00056573932571413	9178	3968248	7014269328	81664660
GLOBAL	X	12100001	12110000	0.00044630085156945	9476	3232420	7242692880	83638616
GLOBAL	X	12110001	12120000	0.00075929923904512	9492	5539772	7295900898	42800934
GLOBAL	X	12120001	12130000	0.00060109191472701	9687	4467904	7432979700	56485602
GLOBAL	X	12130001	12140000	0.0005823538930918	9447	4206600	7223442738	80467524
GLOBAL	X	12140001	12150000	0.0010030651934067	9473	7314080	7291729439	32282619
GLOBAL	X	12150001	12160000	0.00069056365666514	9577	5031652	7286297145	118122097
GLOBAL	X	12160001	12170000	0.001183743782637	9281	8385048	7083499084	92068942
GLOBAL	X	12170001	12180000	0.00042589089079682	9778	3202604	7519775767	40045821
GLOBAL	X	12180001	12190000	0.00066062318813504	9848	5013540	7589106907	24834901
GLOBAL	X	12190001	12200000	0.00042805729281136	9830	3219968	7522282774	77742406
GLOBAL	X	12200001	12210000	0.0008230709575336	9657	6101848	7413513919	52757003
GLOBAL	X	12210001	12220000	0.00073971886247811	9719	5524608	7468523895	45682079
GLOBAL	X	12220001	12230000	0.00052411689908801	9544	3835068	7317199668	61705756
GLOBAL	X	12230001	12240000	0.00064408256607654	9589	4468316	6937489439	476207555
GLOBAL	X	12240001	12250000	0.0006164578348899	9258	4379472	7104252314	53533354
GLOBAL	X	12250001	12260000	0.00068789370549245	9214	4863524	7070167907	53599337
GLOBAL	X	12260001	12270000	0.00041870178622712	9578	3079336	7354484985	50707403
GLOBAL	X	12270001	12280000	0.00074465466788659	9459	5394276	7243996758	69191256
GLOBAL	X	12280001	12290000	0.0060259678254239	9271	42908960	7120675258	47161308
GLOBAL	X	12290001	12300000	0.011885291311696	9184	83850644	7054992747	45580117
GLOBAL	X	12300001	12310000	0.0046826497370802	9017	32337228	6905754181	65703301
GLOBAL	X	12310001	12320000	0.0043545716161508	9550	31093300	7140380901	243163399
GLOBAL	X	12320001	12330000	0.0045806845516661	9508	33285360	7266459767	84612401
GLOBAL	X	12330001	12340000	0.0031904275594707	9080	22204708	6959790682	60374998
GLOBAL	X	12340001	12350000	0.0059723890314087	9137	41859300	7008803308	55431694
GLOBAL	X	12350001	12360000	0.0062160798446068	9114	42935816	6907217583	139235061
GLOBAL	X	12360001	12370000	0.0059834026155898	8679	39517832	6604575112	105559022
GLOBAL	X	12370001	12380000	0.0059559790571225	9193	41949144	7043198708	64332470
GLOBAL	X	12380001	12390000	0.0053849897398541	8876	36099668	6703757991	158685905
GLOBAL	X	12390001	12400000	0.006318543572953	8947	38149152	6037649588	879687674
GLOBAL	X	12400001	12410000	0.0052277585559367	8889	34594792	6617519082	254975712
GLOBAL	X	12410001	12420000	0.0054289918743882	9098	36874152	6792080897	242001411
GLOBAL	X	12420001	12430000	0.00641306894422	8923	43420944	6770696585	128085173
GLOBAL	X	12430001	12440000	0.0076354024480604	9302	51755524	6778362287	413441805
GLOBAL	X	12440001	12450000	0.012596839432691	9131	86632248	6877300331	182295795
GLOBAL	X	12450001	12460000	0.004883771539749	8407	24418328	4999891539	1499946883
GLOBAL	X	12460001	12470000	0.0029610833979101	9163	20047808	6770430044	313906754
GLOBAL	X	12470001	12480000	0.0026429198989016	9379	18878016	7142863470	108472864
GLOBAL	X	12480001	12490000	0.0022390892903392	9562	16501908	7369919579	22902473
GLOBAL	X	12490001	12500000	0.000848075653243	9132	5958860	7026330702	34038570
GLOBAL	X	12500001	12510000	0.00052264231831396	9412	3774416	7221795610	55054542
GLOBAL	X	12510001	12520000	0.00065668814687037	9705	4889468	7445646801	57735129
GLOBAL	X	12520001	12530000	0.00090920833139619	9756	6679828	7346861846	195950530
GLOBAL	X	12530001	12540000	0.00060103274398737	9532	4378232	7284514935	85112737
GLOBAL	X	12540001	12550000	0.0010214480924725	9355	7345708	7191464798	41316032
GLOBAL	X	12550001	12560000	0.015962482510747	8839	104169936	6525923266	307914228
GLOBAL	X	12560001	12570000	0.011107972321623	9378	79619316	7167763269	82799919
GLOBAL	X	12570001	12580000	0.011021881125741	9468	80176892	7274338299	45808029
GLOBAL	X	12580001	12590000	0.0055970730317818	9537	40782480	7286394115	87099287
GLOBAL	X	12590001	12600000	0.0011840866461022	9422	8566440	7234639482	49942130
GLOBAL	X	12600001	12610000	0.00067483313056885	7622	3612392	5353015192	574695190
GLOBAL	X	12610001	12620000	0.0023903737192235	9391	17280260	7229103910	31510176
GLOBAL	X	12620001	12630000	0.001320097295499	9634	9734984	7374444318	74044246
GLOBAL	X	12630001	12640000	0.00038797371926089	9700	2881244	7426389616	73126584
GLOBAL	X	12640001	12650000	0.0016744001964772	9595	12363720	7383969511	34366359
GLOBAL	X	12650001	12660000	0.001624972791719	9413	11760864	7237575952	40047346
GLOBAL	X	12660001	12670000	0.00042237420168292	9379	3034556	7184520238	66816096
GLOBAL	X	12670001	12680000	0.0003953882547793	9830	2990384	7563158399	36866781
GLOBAL	X	12680001	12690000	0.00062413185160115	9197	4235272	6785861015	325535893
GLOBAL	X	12690001	12700000	0.0002618027800983	9670	1944332	7426704939	49616881
GLOBAL	X	12700001	12710000	0.00024154382993394	9591	1783208	7382544197	32699089
GLOBAL	X	12710001	12720000	0.00040753027246754	9445	2956416	7254469667	47894303
GLOBAL	X	12720001	12730000	0.0003121483397253	9207	2198128	7041933979	76421243
GLOBAL	X	12730001	12740000	0.00037841991844462	9616	2769996	7319900103	114671833
GLOBAL	X	12740001	12750000	0.00035719977876705	9290	2540164	7111325793	71200547
GLOBAL	X	12750001	12760000	0.00044091859968116	9264	3119324	7074602891	87821653
GLOBAL	X	12760001	12770000	0.00089609846407556	9177	6301292	7031919206	63241636
GLOBAL	X	12770001	12780000	0.00061414458181851	9045	4253684	6926193157	66912413
GLOBAL	X	12780001	12790000	0.00050384446585187	9322	3608688	7162305522	44961490
GLOBAL	X	12790001	12800000	0.00054327755755844	9202	3841812	7071545560	42943932
GLOBAL	X	12800001	12810000	0.00041094377887706	9520	3010420	7325624951	34724969
GLOBAL	X	12810001	12820000	0.00035198334112944	9408	2542420	7223125935	50631633
GLOBAL	X	12820001	12830000	0.00031723101349561	9553	2329004	7341665540	44198198
GLOBAL	X	12830001	12840000	0.00030904636477413	9634	2283556	7389040158	59448406
GLOBAL	X	12840001	12850000	0.00035401524064672	9231	2506568	7080395735	56514991
GLOBAL	X	12850001	12860000	0.0011932322307581	8751	7592444	6362922325	423753263
GLOBAL	X	12860001	12870000	0.00050294069188247	9669	3732504	7421360133	54188541
GLOBAL	X	12870001	12880000	0.0011483921357546	9304	8210248	7149341888	44008496
GLOBAL	X	12880001	12890000	0.001324289871372	9544	9697164	7322538826	56366598
GLOBAL	X	12890001	12900000	0.00020509240000484	9168	1438004	7011493356	76709172
GLOBAL	X	12900001	12910000	0.00036283379185311	9382	2615800	7209361583	44294189
GLOBAL	X	12910001	12920000	0.00056590171341427	9279	4029916	7121229543	52792191
GLOBAL	X	12920001	12930000	0.00061024418390024	9239	4316460	7073332469	69763425
GLOBAL	X	12930001	12940000	0.0012425638701935	9303	8869784	7138292214	54285024
GLOBAL	X	12940001	12950000	0.0017539233723108	9592	12897332	7353418173	62598259
GLOBAL	X	12950001	12960000	0.00025627674313715	8333	1608720	6277276589	165349029
GLOBAL	X	12960001	12970000	0.00037340835390504	6468	1690400	4526947462	473760866
GLOBAL	X	12970001	12980000	0.00042594559644253	9664	3163688	7427446196	44236748
GLOBAL	X	12980001	12990000	0.00038482582917499	9547	2821380	7331576485	49648377
GLOBAL	X	12990001	13000000	0.00031659480800681	9618	2240816	7077867177	358251051
GLOBAL	X	13000001	13010000	0.00046951389896168	9460	3203112	6822187814	491773346
GLOBAL	X	13010001	13020000	0.00045792528677137	9045	3176156	6935969888	57135682
GLOBAL	X	13020001	13030000	0.00046126536556413	8910	3153872	6837435098	51295762
GLOBAL	X	13030001	13040000	0.0023500755615853	9083	16345728	6955405293	67079825
GLOBAL	X	13040001	13050000	0.0025471930968565	9018	17626704	6920050161	52180467
GLOBAL	X	13050001	13060000	0.012026673146057	8979	82515784	6861064818	81013116
GLOBAL	X	13060001	13070000	0.011544997970529	9050	80243016	6950457350	46513950
GLOBAL	X	13070001	13080000	0.0098499514553662	9269	69727540	7078972959	87317315
GLOBAL	X	13080001	13090000	0.0016003633962051	9112	11187920	6990862217	54044135
GLOBAL	X	13090001	13100000	0.0039523188329946	9071	27443904	6943747496	69459870
GLOBAL	X	13100001	13110000	0.0045267865814021	8919	30190000	6669190044	226499130
GLOBAL	X	13110001	13120000	0.0051947528436652	9198	36507520	7027768423	83628485
GLOBAL	X	13120001	13130000	0.0042881517194903	9363	30560068	7126629373	112336625
GLOBAL	X	13130001	13140000	0.0045339354011343	9031	31179936	6877013729	105267797
GLOBAL	X	13140001	13150000	0.0045756156146569	9131	32027676	6999643042	59953084
GLOBAL	X	13150001	13160000	0.0045459184057452	8820	30528568	6715599638	103548082
GLOBAL	X	13160001	13170000	0.0051515247139268	9305	36819672	7147334827	46788703
GLOBAL	X	13170001	13180000	0.0049626865433038	9070	34457804	6943377080	69057140
GLOBAL	X	13180001	13190000	0.0056395481740012	9194	39744496	7047461033	60843291
GLOBAL	X	13190001	13200000	0.0054429339894082	9139	37747176	6935078778	130702516
GLOBAL	X	13200001	13210000	0.0047086606150099	9403	33981148	7216733330	53158508
GLOBAL	X	13210001	13220000	0.0028827596776528	9386	20767164	7203917885	52830471
GLOBAL	X	13220001	13230000	0.0029025515108754	9421	21011832	7239090132	44718334
GLOBAL	X	13230001	13240000	0.0027512822537387	9267	19500564	7087809320	76934662
GLOBAL	X	13240001	13250000	0.0018508163144088	8991	12733412	6879889647	71466039
GLOBAL	X	13250001	13260000	0.0033124422133675	9285	23644604	7138118185	40542425
GLOBAL	X	13260001	13270000	0.0035114058316497	9148	24686736	7030442274	42297334
GLOBAL	X	13270001	13280000	0.0032836864126084	9002	22570464	6873513839	86346453
GLOBAL	X	13280001	13290000	0.0021325073643419	9331	15302332	7175746380	38478946
GLOBAL	X	13290001	13300000	0.00038428549648001	9299	2746672	7147477657	42006997
GLOBAL	X	13300001	13310000	0.0083627618215628	9104	58234444	6963542098	75179086
GLOBAL	X	13310001	13320000	0.0079334702261877	9424	57436752	7239801797	46326107
GLOBAL	X	13320001	13330000	0.0025138110904347	9104	17541748	6978148862	60572322
GLOBAL	X	13330001	13340000	0.0024828944743763	9161	17431640	7020693058	62097448
GLOBAL	X	13340001	13350000	0.0028111474137973	9168	19809824	7046881961	41320567
GLOBAL	X	13350001	13360000	0.0024731461034042	9540	18118900	7326255402	49557438
GLOBAL	X	13360001	13370000	0.00034205566500004	9443	2487112	7271073847	29743831
GLOBAL	X	13370001	13380000	0.00039461069948565	9407	2842608	7203575584	69408838
GLOBAL	X	13380001	13390000	0.00052371186412135	8988	3620104	6912396392	36639856
GLOBAL	X	13390001	13400000	0.0059025684985248	9232	41560480	7041083896	96599976
GLOBAL	X	13400001	13410000	0.0022274550690804	9059	14925308	6700610130	303319484
GLOBAL	X	13410001	13420000	0.001852273989267	8947	12545120	6772820907	144516355
GLOBAL	X	13420001	13430000	0.002524731367446	9029	17312544	6857182599	123552635
GLOBAL	X	13430001	13440000	0.0016791919276588	9281	11925512	7101935046	73632980
GLOBAL	X	13440001	13450000	0.0025894480585848	9150	18158188	7012377769	61908131
GLOBAL	X	13450001	13460000	0.0026947296951761	9229	19090432	7084358789	51005645
GLOBAL	X	13460001	13470000	0.0022248085353627	8285	11424168	5134899394	1284531844
GLOBAL	X	13470001	13480000	0.0033882902440857	9400	24413120	7205144259	62428141
GLOBAL	X	13480001	13490000	0.0079575827768191	9212	56064064	7045363595	76857357
GLOBAL	X	13490001	13500000	0.0027444648995942	9670	19933116	7263024571	213297249
GLOBAL	X	13500001	13510000	0.00056853249466849	9277	4043268	7111762367	60713075
GLOBAL	X	13510001	13520000	0.00061056202659667	9369	4391368	7192337238	51267636
GLOBAL	X	13520001	13530000	0.00070830150416864	9839	5337532	7535677912	71305582
GLOBAL	X	13530001	13540000	0.00042625752089974	9546	3125220	7331765064	48686652
GLOBAL	X	13540001	13550000	0.002152370375012	8801	14472236	6723859503	80598443
GLOBAL	X	13550001	13560000	0.0083133116876888	9196	58545976	7042437262	67413354
GLOBAL	X	13560001	13570000	0.010648473500731	9266	75590264	7098694850	65275986
GLOBAL	X	13570001	13580000	0.0018587732564634	9470	13477236	7250607869	71084751
GLOBAL	X	13580001	13590000	0.00050062647353788	9617	3635536	7261973132	173371950
GLOBAL	X	13590001	13600000	0.0006418478280121	9621	4738848	7383133187	55304479
GLOBAL	X	13600001	13610000	0.0032894166797657	8851	22338500	6791021684	52093562
GLOBAL	X	13610001	13620000	0.0067400661235882	9137	47082132	6985410994	78824008
GLOBAL	X	13620001	13630000	0.0037802014914991	9578	27714952	7331607075	73585313
GLOBAL	X	13630001	13640000	0.00070761151202133	9488	5145724	7271961963	63647285
GLOBAL	X	13640001	13650000	0.00070976280275136	9779	5340904	7524913928	35680806
GLOBAL	X	13650001	13660000	0.00061601906152347	9828	4645056	7540441993	58036895
GLOBAL	X	13660001	13670000	0.00060646317284844	9348	4364828	7197185576	30183232
GLOBAL	X	13670001	13680000	0.00071292742275479	9652	5295272	7427505004	34900188
GLOBAL	X	13680001	13690000	0.00073361718407493	9542	5366264	7314801393	62557739
GLOBAL	X	13690001	13700000	0.00097831858938583	9533	7175324	7334342900	36057918
GLOBAL	X	13700001	13710000	0.0011122281871985	9399	8022116	7212653026	54146228
GLOBAL	X	13710001	13720000	0.00061770458508287	9263	4396200	7116994282	44657116
GLOBAL	X	13720001	13730000	0.000770912613476	9526	5643116	7320046269	44942527
GLOBAL	X	13730001	13740000	0.00060797418987617	9551	4467228	7347726391	36591055
GLOBAL	X	13740001	13750000	0.0005818985224939	9712	4353040	7480754516	28039436
GLOBAL	X	13750001	13760000	0.00097661494102009	9891	7307516	7482494577	164692509
GLOBAL	X	13760001	13770000	0.00044147646124148	9624	3246344	7353379591	87377513
GLOBAL	X	13770001	13780000	0.00059616979888089	9591	4393108	7368887200	46356086
GLOBAL	X	13780001	13790000	0.00047851336163267	9659	3547312	7413193203	54624011
GLOBAL	X	13790001	13800000	0.0006468255872015	9585	4732156	7315969086	94635324
GLOBAL	X	13800001	13810000	0.00066251734029544	9785	4982440	7520467310	44766300
GLOBAL	X	13810001	13820000	0.00068699785477914	9696	5111076	7439726288	56697328
GLOBAL	X	13820001	13830000	0.00058644482171915	9799	4405036	7511424497	64633157
GLOBAL	X	13830001	13840000	0.00077302590932151	9511	5639156	7294912023	58479583
GLOBAL	X	13840001	13850000	0.00051288887546002	9497	3742780	7297448198	45119364
GLOBAL	X	13850001	13860000	0.00056602858506795	9612	4173572	7373429735	58049617
GLOBAL	X	13860001	13870000	0.00050018429240776	9618	3682192	7361670600	74447628
GLOBAL	X	13870001	13880000	0.00043342015793156	9362	3115240	7187575250	50617602
GLOBAL	X	13880001	13890000	0.0011963949833353	9355	8587780	7178047484	54733346
GLOBAL	X	13890001	13900000	0.0020612751977159	8983	14158120	6868621917	76548601
GLOBAL	X	13900001	13910000	0.0019693501000749	9156	13838152	7026760757	52164019
GLOBAL	X	13910001	13920000	0.0016133468729063	9424	11647456	7219436933	66690971
GLOBAL	X	13920001	13930000	0.00061527425021165	9805	4640968	7542925774	37770756
GLOBAL	X	13930001	13940000	0.00071861209990026	9647	5320896	7404406356	54133106
GLOBAL	X	13940001	13950000	0.00051375971249522	9422	3695972	7193970080	90611532
GLOBAL	X	13950001	13960000	0.00057866777647678	9460	4197296	7253377794	60583366
GLOBAL	X	13960001	13970000	0.00063032791682816	9123	4246304	6736658629	316752329
GLOBAL	X	13970001	13980000	0.00080185018530467	9435	5813844	7250536455	44096055
GLOBAL	X	13980001	13990000	0.00084320477990972	9653	6255016	7418145804	45032534
GLOBAL	X	13990001	14000000	0.00068400890899349	9656	5043720	7373763607	91734169
GLOBAL	X	14000001	14010000	0.00058423015537623	9187	4105308	7026867686	76024616
GLOBAL	X	14010001	14020000	0.00030831408438898	9658	2276916	7385053474	81990594
GLOBAL	X	14020001	14030000	0.0026201755201375	9383	18862876	7199088708	55340210
GLOBAL	X	14030001	14040000	0.004597642711711	9230	32453920	7058817319	77320261
GLOBAL	X	14040001	14050000	0.0021050894059646	9341	14814436	7037437915	184518871
GLOBAL	X	14050001	14060000	0.0012671284006436	9513	9238544	7290929629	64008269
GLOBAL	X	14060001	14070000	0.0033623164602409	9466	24487576	7282948018	35652018
GLOBAL	X	14070001	14080000	0.0037959483358351	8868	25466152	6708772024	147486704
GLOBAL	X	14080001	14090000	0.004110649061977	8767	27235924	6625699151	152471831
GLOBAL	X	14090001	14100000	0.0035400553900588	9004	24128712	6815913691	145492893
GLOBAL	X	14100001	14110000	0.0057939007879058	8801	38296896	6609863959	194593987
GLOBAL	X	14110001	14120000	0.00423745147906	8608	27649964	6525139966	130100802
GLOBAL	X	14120001	14130000	0.005574945350799	8928	37854440	6790100641	112546847
GLOBAL	X	14130001	14140000	0.0044270283549695	9401	31372660	7086618265	181727281
GLOBAL	X	14140001	14150000	0.0014698335774096	9081	8670052	5898662361	1154748597
GLOBAL	X	14150001	14160000	0.0038910831295924	8654	22605512	5809567991	894380975
GLOBAL	X	14160001	14170000	0.0035879789125094	8519	19488892	5431718657	1154712117
GLOBAL	X	14170001	14180000	0.0045110287121956	8384	28424776	6301173815	180882249
GLOBAL	X	14180001	14190000	0.0050633104495536	8997	34207800	6756014734	199979828
GLOBAL	X	14190001	14200000	0.0051021750597234	8777	33295012	6525650651	260251791
GLOBAL	X	14200001	14210000	0.0048352389068103	8875	32172404	6653736169	207934581
GLOBAL	X	14210001	14220000	0.0024036533535904	7258	12524096	5210441839	401051829
GLOBAL	X	14220001	14230000	0.0039760105683052	8268	24068872	6053523145	338847983
GLOBAL	X	14230001	14240000	0.0020766732132685	8209	12174096	5862307041	484448473
GLOBAL	X	14240001	14250000	0.0030681976980634	8086	17913952	5838591174	413067382
GLOBAL	X	14250001	14260000	0.0032268527713634	6068	12425108	3850534524	873387536
GLOBAL	X	14260001	14270000	0.0019222803917184	4696	4958980	2579738118	1112034032
GLOBAL	X	14270001	14280000	0.0023475543794018	7581	13107216	5583349257	277870569
GLOBAL	X	14280001	14290000	0.0027633577825654	5929	11167500	4041279081	542703553
GLOBAL	X	14290001	14300000	0.0027845344356347	7596	14951780	5369579851	503237165
GLOBAL	X	14300001	14310000	0.0022249515223904	7861	11933760	5363604501	714096205
GLOBAL	X	14310001	14320000	0.0021510792996816	8307	12648840	5880229521	542294301
GLOBAL	X	14320001	14330000	0.0025522925381554	7417	13645972	5346554831	387869051
GLOBAL	X	14330001	14340000	0.00065078897651514	8316	4091000	6286215882	143266254
GLOBAL	X	14340001	14350000	0.0010454211630261	8624	6738160	6445402330	222208774
GLOBAL	X	14350001	14360000	0.00056228948043978	8370	3531156	6279960986	191271034
GLOBAL	X	14360001	14370000	0.0008741333943234	7305	4619448	5284603048	363228482
GLOBAL	X	14370001	14380000	0.00082022098729232	6134	2819672	3437697942	1304779622
GLOBAL	X	14380001	14390000	0.00037765797282103	5972	553524	1465675399	3162376557
GLOBAL	X	14390001	14400000	0.00055348608570467	5086	699280	1263410261	2757722085
GLOBAL	X	14400001	14410000	0.00043751138330014	6233	463520	1059446720	3852349818
GLOBAL	X	14410001	14420000	0.00047378163019351	5279	296580	625984591	3763938397
GLOBAL	X	14420001	14430000	0.00030020143204505	5533	194620	648298040	3724615736
GLOBAL	X	14430001	14440000	0.00079517129942714	7465	3786416	4761761400	1044565060
GLOBAL	X	14440001	14450000	0.00096294279839492	8298	5925196	6153217003	262348505
GLOBAL	X	14450001	14460000	0.00084121453264606	8107	4999052	5942660054	325234568
GLOBAL	X	14460001	14470000	0.00094880574072649	9574	6924872	7298514019	103585785
GLOBAL	X	14470001	14480000	0.00063093192497447	9366	4510424	7148828299	92457137
GLOBAL	X	14480001	14490000	0.00054260939262794	9709	4013100	7395928000	110546514
GLOBAL	X	14490001	14500000	0.00049396956417857	9186	3373004	6828364022	273755134
GLOBAL	X	14500001	14510000	0.0006858780801357	8898	4566208	6657463086	243638110
GLOBAL	X	14510001	14520000	0.0010196477338994	9341	7254408	7114621804	107334982
GLOBAL	X	14520001	14530000	0.0013745593554229	9479	9980420	7260814137	67836797
GLOBAL	X	14530001	14540000	0.00061613583999691	9530	4479556	7270403228	97678152
GLOBAL	X	14540001	14550000	0.00056028544862334	9744	4196092	7489203959	44330665
GLOBAL	X	14550001	14560000	0.0007589084842519	9209	5306852	6992743012	127158502
GLOBAL	X	14560001	14570000	0.00069484260046982	9344	4958716	7136459389	87816835
GLOBAL	X	14570001	14580000	0.00085514709861992	8585	5342200	6247112349	409674711
GLOBAL	X	14580001	14590000	0.0012725771431776	1671	987352	775868092	549304152
GLOBAL	X	14590001	14600000	0.00067274517800624	6717	2659132	3952658580	1258345460
GLOBAL	X	14600001	14610000	0.0011819436536211	8995	7786932	6588242998	366205272
GLOBAL	X	14610001	14620000	0.001230083612836	8605	7467460	6070693018	582228312
GLOBAL	X	14620001	14630000	0.0010731290262094	9333	7521120	7008588731	207182887
GLOBAL	X	14630001	14640000	0.001045879721764	9409	7410180	7085116812	189413902
GLOBAL	X	14640001	14650000	0.00029057288846213	5232	707660	2435395827	1640629885
GLOBAL	X	14650001	14660000	0.00069984946347391	7628	3245104	4636860024	1292396650
GLOBAL	X	14660001	14670000	0.0009983577393835	6440	4189620	4196511766	815793752
GLOBAL	X	14670001	14680000	0.0011709253562273	5870	3338260	2850958844	1791782886
GLOBAL	X	14680001	14690000	0.0006805731236167	5515	2387992	3508795627	823914557
GLOBAL	X	14690001	14700000	0.00068567126714488	7590	3513180	5123708938	847297620
GLOBAL	X	14700001	14710000	0.00092140062487323	8696	6094552	6614443094	108834522
GLOBAL	X	14710001	14720000	0.00077600235222127	9097	5323200	6859773021	173536141
GLOBAL	X	14720001	14730000	0.00072735355804476	9476	5185228	7128896178	197435318
GLOBAL	X	14730001	14740000	0.00078269984071684	7608	3285652	4197844217	1862074131
GLOBAL	X	14740001	14750000	0.0008978062067796	4612	1565484	1743676963	1935724851
GLOBAL	X	14750001	14760000	0.0010070779235662	6015	2712940	2693872973	2081076723
GLOBAL	X	14760001	14770000	0.0011283129506359	8303	6710192	5947101818	472329420
GLOBAL	X	14770001	14780000	0.001359277041839	8476	7830776	5760985994	792199502
GLOBAL	X	14780001	14790000	0.0012496571583872	8747	7834824	6269578778	493129284
GLOBAL	X	14790001	14800000	0.0016744742852251	8672	9814188	5861056265	843665847
GLOBAL	X	14800001	14810000	0.0067596005945244	8473	37443956	5539374032	1011492026
GLOBAL	X	14810001	14820000	0.014482379543188	7505	68507108	4730376510	1072084220
GLOBAL	X	14820001	14830000	0.015449839869797	8186	77846828	5038681867	1307300501
GLOBAL	X	14830001	14840000	0.013071894918567	7044	44889736	3434064937	2061456831
GLOBAL	X	14840001	14850000	0.018604199569792	7215	78437996	4216144624	1362103766
GLOBAL	X	14850001	14860000	0.010171871527273	6470	27559144	2709348415	2440577091
GLOBAL	X	14860001	14870000	0.014262608448628	7788	66345988	4651742929	1369518119
GLOBAL	X	14870001	14880000	0.013090090683945	8073	78704056	6012491273	229116385
GLOBAL	X	14880001	14890000	0.010261915821612	8828	67197644	6548255235	277077653
GLOBAL	X	14890001	14900000	0.01164232930084	7781	66273360	5692448503	323400523
GLOBAL	X	14900001	14910000	0.0091849812606858	7141	42805128	4660339176	860696410
GLOBAL	X	14910001	14920000	0.0081470141243283	8690	53493228	6565991808	152646932
GLOBAL	X	14920001	14930000	0.0085847567341424	9035	59241892	6900823615	84550495
GLOBAL	X	14930001	14940000	0.0078384060225921	9514	56555844	7215222564	140488480
GLOBAL	X	14940001	14950000	0.0015722846904033	9777	11774404	7488722667	70325775
GLOBAL	X	14950001	14960000	0.00075354982661411	9811	5664796	7517480331	67855075
GLOBAL	X	14960001	14970000	0.00050382844156431	9658	3742048	7427226594	39817474
GLOBAL	X	14970001	14980000	0.00056211519908323	9561	4128316	7344252578	47796328
GLOBAL	X	14980001	14990000	0.00036512393901418	9786	2746396	7521818502	44188254
GLOBAL	X	14990001	15000000	0.00055746812686431	9862	4225064	7579023439	45742413
GLOBAL	X	15000001	15010000	0.00049258146732781	9502	3589428	7286973299	59459993
GLOBAL	X	15010001	15020000	0.0014623613169391	9344	10357864	7082971821	141304403
GLOBAL	X	15020001	15030000	0.00095743297667565	9300	6645096	6940533867	249723933
GLOBAL	X	15030001	15040000	0.00052851242017056	9444	3829916	7246596019	54994805
GLOBAL	X	15040001	15050000	0.00041002640434038	9369	2826640	6893799936	361402128
GLOBAL	X	15050001	15060000	0.00070749526214431	9489	5133556	7255958131	80424263
GLOBAL	X	15060001	15070000	0.00043238292484852	9832	3263564	7547855876	53715596
GLOBAL	X	15070001	15080000	0.00043930174358908	9309	3142412	7153197195	44018919
GLOBAL	X	15080001	15090000	0.0004613332383232	9434	3339256	7238273167	55586197
GLOBAL	X	15090001	15100000	0.00053419437367382	9646	3963048	7418737814	39028502
GLOBAL	X	15100001	15110000	0.00045786939543953	9568	3338448	7291266971	106193957
GLOBAL	X	15110001	15120000	0.00035522317341704	9709	2650348	7461078551	45395963
GLOBAL	X	15120001	15130000	0.00047885251659151	9594	3531264	7374429240	43133484
GLOBAL	X	15130001	15140000	0.00060760992878064	9611	4248004	6991334076	439372130
GLOBAL	X	15140001	15150000	0.00048310417623093	9463	3515244	7276368479	39912119
GLOBAL	X	15150001	15160000	0.0004999477550498	9750	3747784	7496351293	41822207
GLOBAL	X	15160001	15170000	0.00033615716129233	9624	2489380	7405405229	35351875
GLOBAL	X	15170001	15180000	0.0004057893263936	9787	3053184	7524061875	42718027
GLOBAL	X	15180001	15190000	0.00041187866510928	9670	3068320	7449572556	26749264
GLOBAL	X	15190001	15200000	0.00043295113589508	9695	3229496	7459262102	36388368
GLOBAL	X	15200001	15210000	0.00055005089487958	9879	4184168	7606874271	31035063
GLOBAL	X	15210001	15220000	0.00028979438604088	9394	2093460	7223949465	38984059
GLOBAL	X	15220001	15230000	0.0004524862217848	9736	3373644	7455793873	71555583
GLOBAL	X	15230001	15240000	0.00038823401230143	9517	2842532	7321697507	36332975
GLOBAL	X	15240001	15250000	0.00047779812283501	9740	3564156	7459543748	70898292
GLOBAL	X	15250001	15260000	0.00029242298597282	9667	2169116	7417734255	56268127
GLOBAL	X	15260001	15270000	0.00040295407630488	9366	2900408	7197862413	43423023
GLOBAL	X	15270001	15280000	0.00043711628411186	9625	3231020	7391671547	49858703
GLOBAL	X	15280001	15290000	0.00027239568621462	9654	2020012	7415726835	48224649
GLOBAL	X	15290001	15300000	0.00031284714950029	9659	2322284	7423062680	44754534
GLOBAL	X	15300001	15310000	0.00045048872248526	9594	3323076	7376601975	40960749
GLOBAL	X	15310001	15320000	0.00028243920452088	9657	2096108	7421448462	44822460
GLOBAL	X	15320001	15330000	0.00027470610684893	9823	2074332	7551095328	43517830
GLOBAL	X	15330001	15340000	0.00042034923868328	9643	3101652	7378750131	76696747
GLOBAL	X	15340001	15350000	0.00035245629316891	9541	2583908	7331144457	45441529
GLOBAL	X	15350001	15360000	0.00051559055995671	9142	3589984	6962858281	105242451
GLOBAL	X	15360001	15370000	0.00048350722768795	9233	3273896	6771141800	368088364
GLOBAL	X	15370001	15380000	0.00039412862932424	9637	2887224	7325588108	125219894
GLOBAL	X	15380001	15390000	0.00024932560167746	9688	1857808	7451332665	38905783
GLOBAL	X	15390001	15400000	0.00022193288663547	8788	1402316	6318648945	476531249
GLOBAL	X	15400001	15410000	0.00041025016620734	9410	2963692	7224109200	51194660
GLOBAL	X	15410001	15420000	0.0004976055061846	9707	3710392	7456493053	48435169
GLOBAL	X	15420001	15430000	0.00042981603929192	6975	2138500	4975384361	417308989
GLOBAL	X	15430001	15440000	0.00035423107254404	9624	2606140	7357175025	83582079
GLOBAL	X	15440001	15450000	0.00034033960098018	9459	2472604	7265108124	48079890
GLOBAL	X	15450001	15460000	0.00048581213816076	8301	2747952	5656408690	782351198
GLOBAL	X	15460001	15470000	0.00045951303288424	8953	3138888	6830900922	91075216
GLOBAL	X	15470001	15480000	0.00031894676322895	9234	2246932	7044849671	94380493
GLOBAL	X	15480001	15490000	0.00043349740966489	9737	3238728	7471158830	56963772
GLOBAL	X	15490001	15500000	0.0004852848264058	9674	3594864	7407740371	71674033
GLOBAL	X	15500001	15510000	0.00056627560012299	9603	4174600	7372028742	52492296
GLOBAL	X	15510001	15520000	0.00036751738704989	9484	2675924	7281081370	51435294
GLOBAL	X	15520001	15530000	0.00043028583820507	9743	3222212	7488538348	44223130
GLOBAL	X	15530001	15540000	0.00042306701181241	9467	3056380	7224340151	95033031
GLOBAL	X	15540001	15550000	0.00064614168148613	9562	4622960	7154715649	238106403
GLOBAL	X	15550001	15560000	0.00030580757832187	9665	2214188	7240461509	231994581
GLOBAL	X	15560001	15570000	0.00063959372719771	9383	4597760	7188563309	65865609
GLOBAL	X	15570001	15580000	0.00055747693400032	9062	3863532	6930388980	75860072
GLOBAL	X	15580001	15590000	0.0003421746938411	9754	2566580	7500788475	40477609
GLOBAL	X	15590001	15600000	0.00043304423436015	9588	3188568	7363146180	49777668
GLOBAL	X	15600001	15610000	0.00074029910010562	9369	5338988	7211933662	31671212
GLOBAL	X	15610001	15620000	0.00043421437975654	9638	3220352	7416502424	35078724
GLOBAL	X	15620001	15630000	0.00047654190631856	9091	3311692	6949424502	79245784
GLOBAL	X	15630001	15640000	0.00033719673168284	9470	2451340	7269762040	51930580
GLOBAL	X	15640001	15650000	0.00038681727170031	9421	2800936	7240979669	42828797
GLOBAL	X	15650001	15660000	0.00045666093292487	9580	3338076	7309747253	96991427
GLOBAL	X	15660001	15670000	0.00055811517756391	9641	4140252	7418275235	35625351
GLOBAL	X	15670001	15680000	0.00052903427003908	9692	3929292	7427291997	66039035
GLOBAL	X	15680001	15690000	0.00047158801114712	9328	3347040	7097381445	114524443
GLOBAL	X	15690001	15700000	0.00039542321661889	9612	2830712	7158689427	272789925
GLOBAL	X	15700001	15710000	0.00049867624205954	9014	3157580	6331923869	638760467
GLOBAL	X	15710001	15720000	0.00053156344225491	9556	3888272	7314784447	73398729
GLOBAL	X	15720001	15730000	0.00057231363253088	9624	4216716	7367841268	72915836
GLOBAL	X	15730001	15740000	0.00058750063895096	9186	4121808	7015835774	86283382
GLOBAL	X	15740001	15750000	0.00074593865169593	9448	5363052	7189669000	115014408
GLOBAL	X	15750001	15760000	0.00046611055664875	9401	3346072	7178708897	89636649
GLOBAL	X	15760001	15770000	0.00047041845507313	9500	3416072	7261772924	83114076
GLOBAL	X	15770001	15780000	0.00047815570763481	9708	3554532	7433837855	71863513
GLOBAL	X	15780001	15790000	0.00098341335584871	9763	7360108	7484246534	63977864
GLOBAL	X	15790001	15800000	0.00063741789005439	9511	4663660	7316487461	36904145
GLOBAL	X	15800001	15810000	0.00077930361637611	9185	5459496	7005608450	95737560
GLOBAL	X	15810001	15820000	0.00040279097990774	7848	2362988	5866536536	201113272
GLOBAL	X	15820001	15830000	0.00035020729067505	6755	1708900	4879681393	342919837
GLOBAL	X	15830001	15840000	0.00046526793504281	7418	2530104	5437950500	297246528
GLOBAL	X	15840001	15850000	0.00029921727045089	6474	1338552	4473511833	536474247
GLOBAL	X	15850001	15860000	0.00037144073810816	7715	2016184	5428009890	555367004
GLOBAL	X	15860001	15870000	0.00053526170610798	8814	3509764	6557099004	257409840
GLOBAL	X	15870001	15880000	0.00085053123826799	9117	5586564	6568323124	480448958
GLOBAL	X	15880001	15890000	0.0006112452949383	8740	3868264	6328496975	428799065
GLOBAL	X	15890001	15900000	0.00059769261689372	8533	3653456	6112600184	484654634
GLOBAL	X	15900001	15910000	0.00030950132948451	6858	1443132	4662765108	639470160
GLOBAL	X	15910001	15920000	0.0005511667273481	8949	3393804	6157490704	761392850
GLOBAL	X	15920001	15930000	0.00067934747052146	7664	3424044	5040195406	933130590
GLOBAL	X	15930001	15940000	0.00044429896178134	8326	2350588	5290554789	1152070829
GLOBAL	X	15940001	15950000	0.00055928381481124	8611	2830044	5060121400	1597438806
GLOBAL	X	15950001	15960000	0.00025018590343903	7852	939032	3753336967	2329002615
GLOBAL	X	15960001	15970000	0.00048087100848052	8943	2436728	5067321500	1846923178
GLOBAL	X	15970001	15980000	0.00032613744319135	1567	280956	861465023	350054759
GLOBAL	MtDNA	1	10000	0.0024272919603135	9313	17442079	7185818305	14490393
GLOBAL	MtDNA	10001	20000	0.0022652206528798	3490	6109980	2697300147	979393
