pop	chromosome	window_pos_1	window_pos_2	tajima_d	no_sites	raw_pi	raw_watterson_theta	tajima_d_stdev
GLOBAL	I	1	10000	-0.81527800379427	134	0.0056576858939586	0.14013212318178	0.16494304600638
GLOBAL	I	10001	20000	-0.97778071182934	7118	2.8721455179158	13.001916296115	10.359961753844
GLOBAL	I	20001	30000	-1.0138803075918	8690	1.7955645023407	13.665195952844	11.707132845588
GLOBAL	I	30001	40000	-1.2640006771623	9013	2.6123425198762	8.9773303993935	5.0355889791189
GLOBAL	I	40001	50000	-1.5413775532426	9527	3.4712825537378	13.640787600834	6.5976729878429
GLOBAL	I	50001	60000	-1.4580736449504	9644	3.3193385834255	14.029709452759	7.3455623496285
GLOBAL	I	60001	70000	-1.458910731834	9290	3.8184954451415	15.330712124471	7.8909671634649
GLOBAL	I	70001	80000	-1.333250768156	9861	3.5052360896764	12.731667299134	6.9202519359641
GLOBAL	I	80001	90000	-1.2510531061983	9565	3.0867557640667	12.348058260301	7.4028052449174
GLOBAL	I	90001	100000	-1.2708554668655	9064	3.3236502522898	13.127604445383	7.7144525468929
GLOBAL	I	100001	110000	-1.1727766089526	9324	4.7827346607381	13.254091833862	7.223334016433
GLOBAL	I	110001	120000	-1.1896900116474	8898	2.6571932932665	9.7479515196568	5.960172950071
GLOBAL	I	120001	130000	-1.4685008021245	9630	2.4439378509647	9.8702514381845	5.0570715225187
GLOBAL	I	130001	140000	-1.5930779288461	9301	1.6015952541209	10.651215764769	5.6805887187222
GLOBAL	I	140001	150000	-1.2736679602355	9511	3.1763979136988	11.955623444587	6.8928683181019
GLOBAL	I	150001	160000	-1.5134789698313	9641	2.9747247266545	15.203238339637	8.0797380450856
GLOBAL	I	160001	170000	-1.3133918693172	9523	2.8164004278104	11.04401350548	6.2644008006134
GLOBAL	I	170001	180000	-1.6203140985117	9598	2.0624273312028	16.113605609739	8.671885464332
GLOBAL	I	180001	190000	-1.3191809229248	9521	4.0272265840327	13.902873077431	7.4861956550304
GLOBAL	I	190001	200000	-1.6269956255329	9426	3.2502692953381	17.148166972924	8.5420621048283
GLOBAL	I	200001	210000	-1.4788922059765	9290	4.2149526178018	16.887982065762	8.5692719163348
GLOBAL	I	210001	220000	-1.4028617245245	9040	3.0042610486911	15.997836089963	9.262192284614
GLOBAL	I	220001	230000	-1.204174525141	8976	5.2437072116531	16.122350360045	9.0341083632524
GLOBAL	I	230001	240000	-1.5237975563012	9334	2.9710504639279	14.944494945452	7.8576346523279
GLOBAL	I	240001	250000	-1.2673426456241	9470	2.6523441380861	11.699992325264	7.1390702572961
GLOBAL	I	250001	260000	-1.5717056560996	9584	1.5780745730441	8.8314907287594	4.614996534221
GLOBAL	I	260001	270000	-1.6845942084144	9616	2.5230699845527	15.327791774407	7.6010719530528
GLOBAL	I	270001	280000	-1.3982846710149	9250	2.2136925654467	12.739346825634	7.5275474861265
GLOBAL	I	280001	290000	-1.4304181853882	8889	3.5676315643427	15.739784850686	8.5095068076471
GLOBAL	I	290001	300000	-1.4350972900859	9142	2.7560815443653	13.647314401959	7.5891947764331
GLOBAL	I	300001	310000	-1.4500559231907	9496	2.6013859187403	13.38326562068	7.4354923348168
GLOBAL	I	310001	320000	-0.99322008170245	8267	3.4201413774108	17.475941771798	14.151748090207
GLOBAL	I	320001	330000	-1.3272708407608	9389	3.6794553606908	14.294446982567	7.9976077947978
GLOBAL	I	330001	340000	-1.6746998974934	9473	2.384399868311	16.244058032029	8.2759055425172
GLOBAL	I	340001	350000	-1.4683615846264	9248	2.6540092188602	15.341070839982	8.6402843509075
GLOBAL	I	350001	360000	-1.4037599127839	9548	4.1894589084851	15.590937720305	8.1221003021869
GLOBAL	I	360001	370000	-1.5551586737333	9233	3.8820922741008	17.668126579637	8.8647123527539
GLOBAL	I	370001	380000	-1.4999831567558	9051	2.576789815858	13.901603071705	7.5499602811145
GLOBAL	I	380001	390000	-1.5312330466803	9105	3.8321640167553	19.889027849926	10.48623125525
GLOBAL	I	390001	400000	-1.4966265004004	9343	12.456513330506	43.167508724132	20.520146733611
GLOBAL	I	400001	410000	-1.5320427289297	9116	18.183147206917	57.467719488821	25.641956023869
GLOBAL	I	410001	420000	-1.5204033564498	9060	17.000887265083	52.642935377543	23.442495020325
GLOBAL	I	420001	430000	-1.3660173047669	9066	13.501323273196	40.889345637691	20.049542761223
GLOBAL	I	430001	440000	-1.5772000538799	8903	21.952655031682	71.508519998784	31.420151708209
GLOBAL	I	440001	450000	-1.3129509681695	9008	6.5239897145791	22.877141292667	12.455264495434
GLOBAL	I	450001	460000	-1.2397770058602	9327	4.3372513798441	13.512954084131	7.4010912131095
GLOBAL	I	460001	470000	-1.297544998776	9372	2.7998150179694	12.085123199133	7.1560587031062
GLOBAL	I	470001	480000	-1.4816381813813	9320	2.8441389429173	13.251315673434	7.0241013368151
GLOBAL	I	480001	490000	-1.1937752143509	8958	4.7179142999689	19.655581626332	12.512964875456
GLOBAL	I	490001	500000	-1.6172613981099	9397	2.5240865838551	13.901179872027	7.0347893676735
GLOBAL	I	500001	510000	-1.3217307563714	9533	4.2634543172012	15.726767087911	8.6729560581468
GLOBAL	I	510001	520000	-1.4080077095679	9270	4.5673728525603	20.667664803611	11.43480383072
GLOBAL	I	520001	530000	-0.94077149417272	8717	5.7146167307222	19.553848400749	14.710513398576
GLOBAL	I	530001	540000	-1.2888925631867	9775	3.4653109319213	10.780532798662	5.6755869928014
GLOBAL	I	540001	550000	-1.3222479216892	9611	2.9088535539322	11.953174665686	6.8401099093425
GLOBAL	I	550001	560000	-1.2554450203214	8752	4.1249150814846	15.600363209778	9.1405421524197
GLOBAL	I	560001	570000	-1.0301471777076	8200	5.5297201080606	20.520895939836	14.552460227223
GLOBAL	I	570001	580000	-1.0745648514576	8443	4.1301669133279	14.572338466205	9.7175815295955
GLOBAL	I	580001	590000	-0.90380276049248	8957	4.5485053224796	14.526388060521	11.039889646503
GLOBAL	I	590001	600000	-0.89272489606879	7376	4.0848526525428	12.434610486983	9.3531141241938
GLOBAL	I	600001	610000	-1.0929116662907	6969	4.9546706299782	22.854940500459	16.378514771678
GLOBAL	I	610001	620000	-0.72944798923812	3829	1.9692064881425	8.4195084070758	8.8427167037233
GLOBAL	I	620001	630000	-0.18582116932798	1446	2.2323853435481	2.6597632727755	2.2999420936429
GLOBAL	I	630001	640000	-0.81379599136078	3298	1.7642970977636	7.381401731365	6.9023498434895
GLOBAL	I	640001	650000	-1.2204229055923	9019	5.4954940507484	22.138264678576	13.636888124245
GLOBAL	I	650001	660000	-1.0997742569558	8665	6.1003843275397	17.81970330592	10.656113201649
GLOBAL	I	660001	670000	-1.1064335556758	8700	5.3554794219014	14.948789414564	8.6704799790734
GLOBAL	I	670001	680000	-1.1557013382736	9163	4.874499250246	17.034306099949	10.521582390713
GLOBAL	I	680001	690000	-1.4124334420695	9217	2.8345043258902	14.177803624502	8.0310327982547
GLOBAL	I	690001	700000	-1.3399484386976	9094	4.5675043368241	18.473714111546	10.3781678258
GLOBAL	I	700001	710000	-1.2251560906671	8296	4.1357177234958	20.546292890569	13.394681128457
GLOBAL	I	710001	720000	-1.1962762016215	8559	5.7821136460267	18.987968668425	11.039135447565
GLOBAL	I	720001	730000	-0.9813131428361	8990	8.4329825899586	20.420050511347	12.215334125399
GLOBAL	I	730001	740000	-0.88388697447881	8535	13.390163338048	26.038819994219	14.31026479786
GLOBAL	I	740001	750000	-0.99519532854516	8505	9.0203811597698	22.120251940416	13.163115224623
GLOBAL	I	750001	760000	-1.089474917822	8745	12.434112229256	30.957786444788	17.002387032978
GLOBAL	I	760001	770000	-1.1726308272135	8740	10.415441586643	31.890419107356	18.313502444536
GLOBAL	I	770001	780000	-0.71962125340267	8327	13.104842982324	29.168191365821	22.321948257563
GLOBAL	I	780001	790000	-0.87867347657747	8083	7.5668388469903	17.452269197664	11.250402583197
GLOBAL	I	790001	800000	-0.80570496236628	8721	7.7838280673808	16.65605665872	11.011758653295
GLOBAL	I	800001	810000	-1.1251469748645	8948	5.3106823403263	17.689540908241	11.001992490275
GLOBAL	I	810001	820000	-1.326345232409	8836	11.056917300599	31.19325389068	15.181821518299
GLOBAL	I	820001	830000	-1.2048560441929	8813	8.4958079629695	25.75816303139	14.327317484625
GLOBAL	I	830001	840000	-1.0013949602674	8983	11.000626270645	23.136874379171	12.119342107818
GLOBAL	I	840001	850000	-0.75111737061393	7964	12.198345631361	22.941211036321	14.302512264068
GLOBAL	I	850001	860000	-1.0189199822418	8852	9.282224172974	24.859841876091	15.288362162497
GLOBAL	I	860001	870000	-1.1213993806009	8789	7.6678101527198	24.346303302499	14.872928805116
GLOBAL	I	870001	880000	-0.92530824892856	8206	11.096619706488	26.444648927376	16.58693655726
GLOBAL	I	880001	890000	-0.83434639106107	8468	16.488504550436	32.045719840411	18.645990989654
GLOBAL	I	890001	900000	-0.87945467195202	8726	11.386180430439	24.864094032956	15.325307866751
GLOBAL	I	900001	910000	-1.2467798196835	9158	4.4326897419796	17.048256735439	10.118520362851
GLOBAL	I	910001	920000	-0.82938642916129	8996	10.965076600471	21.739903694103	12.991323121272
GLOBAL	I	920001	930000	-0.66899204588222	8870	13.519036347104	24.582085921142	16.536892541748
GLOBAL	I	930001	940000	-1.0255884780293	9104	8.1752407693819	19.370226189611	10.915670037304
GLOBAL	I	940001	950000	-1.0483111352121	8711	9.4194919570881	23.945048142392	13.856149856088
GLOBAL	I	950001	960000	-0.9964732864272	8753	11.454855493363	27.071466542343	15.67188128542
GLOBAL	I	960001	970000	-0.99988695173703	8421	11.474155683325	26.485040715023	15.012582178036
GLOBAL	I	970001	980000	-0.77441341496653	8953	7.1415780653478	13.910914347862	8.7412435679547
GLOBAL	I	980001	990000	-0.55672407539803	6472	13.360017639719	20.599617032616	13.003927282507
GLOBAL	I	990001	1000000	-0.99983224942888	9191	6.9551239385858	18.483088979848	11.529899188436
GLOBAL	I	1000001	1010000	-1.3622997477138	8856	10.860442393346	31.448550474648	15.112759226339
GLOBAL	I	1010001	1020000	-1.1596196022834	8904	7.1805101644732	20.669755183586	11.632474125611
GLOBAL	I	1020001	1030000	-0.95954905737787	8469	7.3230931674244	20.459777906038	13.690477456684
GLOBAL	I	1030001	1040000	-1.1428383371937	9068	4.8810450025988	16.909664306536	10.52521508289
GLOBAL	I	1040001	1050000	-0.99661562915626	9214	6.7001720502415	16.517212793658	9.8503780757756
GLOBAL	I	1050001	1060000	-1.1940989593133	7387	3.8337815001593	13.528217525363	8.1186202781537
GLOBAL	I	1060001	1070000	-1.2179596174407	8190	9.6196469617058	34.557938162908	20.475466381722
GLOBAL	I	1070001	1080000	-1.0310977223373	8128	16.21021659079	47.452249056411	30.299778370958
GLOBAL	I	1080001	1090000	-1.8092443009275	8870	5.1066161311496	50.985404165167	25.357983999451
GLOBAL	I	1090001	1100000	-1.3735098009174	9011	9.965223375145	33.02517874405	16.789072312045
GLOBAL	I	1100001	1110000	-1.2552353412661	8706	9.69481426707	33.456395937826	18.929981406346
GLOBAL	I	1110001	1120000	-1.048791831675	8410	9.1902668462257	27.371273104018	17.33519055803
GLOBAL	I	1120001	1130000	-1.1177490240045	8953	8.3025038419373	24.460718389472	14.456031005642
GLOBAL	I	1130001	1140000	-1.1292106311855	8894	10.350242606081	27.709559569727	15.372966286565
GLOBAL	I	1140001	1150000	0.99927492051102	7821	76.761963983409	44.227928993671	32.557641868066
GLOBAL	I	1150001	1160000	-0.96136046706258	8033	19.460548201582	45.78584646764	27.383379250548
GLOBAL	I	1160001	1170000	-1.079902828229	8508	11.855943185118	33.736467797565	20.261568023052
GLOBAL	I	1170001	1180000	-1.0198588352347	8683	8.7303431842153	23.572711849866	14.553355967382
GLOBAL	I	1180001	1190000	-1.2472029206117	8691	17.336665926379	50.455811664915	26.5547371572
GLOBAL	I	1190001	1200000	-1.118070087583	8293	9.7971343292881	27.068742883863	15.447697551692
GLOBAL	I	1200001	1210000	-1.0368463747583	9017	9.6885714388362	25.129348531286	14.892058716075
GLOBAL	I	1210001	1220000	-1.3185414489801	9114	6.2219833166304	24.327760561374	13.731670899499
GLOBAL	I	1220001	1230000	-0.87019120274656	8156	9.3556486935105	22.79129781443	15.439881578339
GLOBAL	I	1230001	1240000	-1.0276812741703	8804	7.0951352713042	20.699819559835	13.23823312779
GLOBAL	I	1240001	1250000	-1.1185797713105	8327	5.4132060630588	15.870752803211	9.348950346117
GLOBAL	I	1250001	1260000	0.044465859741858	7979	66.025883936434	64.159692389062	41.969087254955
GLOBAL	I	1260001	1270000	-0.99834527900886	8362	9.9992909809398	22.362844093235	12.384045251928
GLOBAL	I	1270001	1280000	-1.1628594670846	9324	6.5163999237104	19.240813076592	10.942348162486
GLOBAL	I	1280001	1290000	-0.87243142065323	8937	10.531188682699	20.46977763444	11.391828304738
GLOBAL	I	1290001	1300000	-1.0574839521009	8889	8.7103250673015	22.629595051049	13.162629991779
GLOBAL	I	1300001	1310000	-1.3108290982712	8757	8.6980289992596	25.208250240439	12.59525079429
GLOBAL	I	1310001	1320000	-0.63220350038977	8697	17.420788059978	28.844172321647	18.069156932263
GLOBAL	I	1320001	1330000	-0.92135805518764	8566	8.8917851957029	19.127693744404	11.109588168322
GLOBAL	I	1330001	1340000	-1.0110114427133	8785	8.8929480211795	21.324326130435	12.29598161213
GLOBAL	I	1340001	1350000	-1.6387407279671	9340	4.0124811139469	25.214465147394	12.937973452182
GLOBAL	I	1350001	1360000	-1.1759617311089	8521	14.890169647761	43.226022514034	24.095897099946
GLOBAL	I	1360001	1370000	-1.0280549306684	9167	7.5434505866002	17.026738407819	9.2244952466233
GLOBAL	I	1370001	1380000	-0.96915555294902	8903	6.1785742232277	18.105550685061	12.306565675181
GLOBAL	I	1380001	1390000	-0.99409309359934	8803	9.1863384496269	25.655871035989	16.567394635778
GLOBAL	I	1390001	1400000	-0.98950908249769	8460	8.867282486753	22.830285736881	14.111041017312
GLOBAL	I	1400001	1410000	-0.39028341728652	8304	17.203640135249	24.847082640239	19.584338371667
GLOBAL	I	1410001	1420000	-0.85910967975916	8862	7.3022052381353	14.296413956616	8.1412290924737
GLOBAL	I	1420001	1430000	-1.1714797647235	8676	5.9671116757575	17.159080838793	9.553702505205
GLOBAL	I	1430001	1440000	-0.87763563967055	8724	11.220019095972	23.553756894888	14.053369349889
GLOBAL	I	1440001	1450000	-1.0046653361789	8898	8.3356586980943	22.546492199976	14.144843053838
GLOBAL	I	1450001	1460000	-0.94620278688186	8837	9.5376018199322	24.899063089642	16.234851009403
GLOBAL	I	1460001	1470000	-0.96909215977764	8241	16.061102969898	39.110833813314	23.784869798869
GLOBAL	I	1470001	1480000	-0.68991222407027	8930	12.079859529428	25.771672657874	19.84573203772
GLOBAL	I	1480001	1490000	-1.3288281090317	8386	12.717054854001	44.5182028135	23.931724309076
GLOBAL	I	1490001	1500000	-1.2802616694651	7753	10.060666224673	32.9230578588	17.857592849499
GLOBAL	I	1500001	1510000	-1.1715821507259	8551	6.337574909183	22.002521141203	13.370762111998
GLOBAL	I	1510001	1520000	-0.60956068592206	8667	32.271699863206	49.247528396307	27.849283795955
GLOBAL	I	1520001	1530000	-0.26335412412384	8183	59.562728910725	68.737902958198	34.839682416205
GLOBAL	I	1530001	1540000	-0.8581697814261	9216	7.0824377898063	13.644014548868	7.6460123638445
GLOBAL	I	1540001	1550000	-0.25358343209012	9125	25.121033315378	30.273762918025	20.319661896585
GLOBAL	I	1550001	1560000	-1.4818230499167	8951	5.9384645087574	28.737633420067	15.385891664049
GLOBAL	I	1560001	1570000	-1.2655059968359	9039	6.1178386954114	20.547840742121	11.402555248879
GLOBAL	I	1570001	1580000	-1.370894145416	8739	4.5594826816679	18.327250142329	10.042910684751
GLOBAL	I	1580001	1590000	-1.0542472676067	9344	5.4608704485126	12.732822152169	6.8977667072015
GLOBAL	I	1590001	1600000	-1.0330217235327	9301	7.7284650786584	18.34372899288	10.275934835058
GLOBAL	I	1600001	1610000	-1.0866839780999	9244	7.0007447595224	17.67843062855	9.8259347558417
GLOBAL	I	1610001	1620000	-1.1383897175903	9361	8.0935248371355	21.578080727817	11.84528960717
GLOBAL	I	1620001	1630000	-1.0859186422805	8711	9.4909432386663	27.461164362028	16.548404662824
GLOBAL	I	1630001	1640000	-0.78382739668692	8962	10.135814884549	19.003397077764	11.313182252491
GLOBAL	I	1640001	1650000	-0.68045466342806	7857	8.4995809796036	17.096930055542	12.63471255032
GLOBAL	I	1650001	1660000	-0.69575612406112	9089	15.147254912594	27.919209549992	18.356941743966
GLOBAL	I	1660001	1670000	-0.93532589993297	9132	7.4971723991633	21.778579339823	15.268909950727
GLOBAL	I	1670001	1680000	-0.59193778532085	8867	18.215576567412	27.791076668802	16.176531282253
GLOBAL	I	1680001	1690000	-1.3063286633039	8939	6.3680970698961	18.840067851485	9.5473452676489
GLOBAL	I	1690001	1700000	-0.83268825602839	9357	13.435760953031	29.072797443706	18.778980461736
GLOBAL	I	1700001	1710000	-0.57085725064609	9660	14.621211634703	21.725813366305	12.445496178881
GLOBAL	I	1710001	1720000	-0.79953089067945	8950	9.5104271367406	18.467974953196	11.203504355964
GLOBAL	I	1720001	1730000	-0.52224450765946	8412	21.933489032608	33.336425040076	21.834477606231
GLOBAL	I	1730001	1740000	-0.83534270552199	8666	11.443486506073	25.79514117184	17.18055903391
GLOBAL	I	1740001	1750000	-0.70583185902794	8894	14.19510580527	23.00992306961	12.488551135224
GLOBAL	I	1750001	1760000	-0.90902118451846	9568	6.3722456429434	12.471527613187	6.7097247832284
GLOBAL	I	1760001	1770000	-1.3034471403432	9783	5.0542211476914	14.288099198916	7.0841983272089
GLOBAL	I	1770001	1780000	-1.6220099820034	9053	6.6443761142841	31.458930256733	15.298644532261
GLOBAL	I	1780001	1790000	-0.95446967628839	5803	5.564283701781	14.050217031468	8.8907311992202
GLOBAL	I	1790001	1800000	-0.33206515295255	1182	0.15666135527713	0.26516812854824	0.32676350501195
GLOBAL	I	1800001	1810000	-1.2375293642665	8736	7.5643528126758	20.53072633289	10.477628971576
GLOBAL	I	1810001	1820000	-1.2439090986574	8919	8.0297220881493	25.106887694288	13.728628261158
GLOBAL	I	1820001	1830000	-1.1414997899833	8909	6.9487715939313	20.683531397651	12.032205283123
GLOBAL	I	1830001	1840000	-1.030995055214	9171	4.6489958904038	13.524428504881	8.6086083241543
GLOBAL	I	1840001	1850000	-0.97004423618008	9384	7.5495207557999	16.112595632883	8.8275096719332
GLOBAL	I	1850001	1860000	-1.1479401126555	9357	5.6367875580626	14.812227037908	7.9929600670716
GLOBAL	I	1860001	1870000	-1.3026334145177	9317	5.0777483777402	17.425217207187	9.4788516030954
GLOBAL	I	1870001	1880000	-1.2433632144378	8451	4.285817969284	18.218355314539	11.205524808417
GLOBAL	I	1880001	1890000	-0.99691126051485	8314	6.5562348087069	20.720408183233	14.208058365406
GLOBAL	I	1890001	1900000	-1.2364583057529	9053	6.3818751045452	20.285327540553	11.2445784636
GLOBAL	I	1900001	1910000	-0.88149473217151	9228	11.209742627561	21.976794242478	12.214538807729
GLOBAL	I	1910001	1920000	-1.1116976360308	9098	5.8703266616222	15.341721967314	8.519758429556
GLOBAL	I	1920001	1930000	-1.248741170636	7797	5.7731564806469	21.604182057314	12.677587596959
GLOBAL	I	1930001	1940000	-1.0753687201667	8693	7.9006849992297	20.810205359478	12.004738577711
GLOBAL	I	1940001	1950000	-1.490245528772	8765	2.1369502253733	12.994416022714	7.2856892288665
GLOBAL	I	1950001	1960000	-1.271498134438	9106	4.3410260546769	15.993153881043	9.1640935293361
GLOBAL	I	1960001	1970000	-1.123155796704	9079	6.4405411199103	18.859037555755	11.056788801952
GLOBAL	I	1970001	1980000	-1.1868077527623	8261	22.073079131105	56.638989053047	29.125113011343
GLOBAL	I	1980001	1990000	-1.3506553837645	8822	6.2593497602737	23.275530203683	12.598461937776
GLOBAL	I	1990001	2000000	-0.82539764369769	9353	29.501843361014	47.836353177007	22.212941793554
GLOBAL	I	2000001	2010000	-0.59088061370051	8658	36.131419415131	54.516870034203	31.115339025815
GLOBAL	I	2010001	2020000	-0.69034108986478	8205	28.383377441465	48.944335056939	29.783766195203
GLOBAL	I	2020001	2030000	-1.4279516828246	9062	5.9332685684837	24.829874356652	13.23336497688
GLOBAL	I	2030001	2040000	-1.3914079745217	9319	3.7054330292301	16.116614299687	8.9198721710096
GLOBAL	I	2040001	2050000	-1.5157464771713	9158	7.3604445737129	27.420332254633	13.234329080121
GLOBAL	I	2050001	2060000	-1.5379278850198	8449	4.3088413312418	26.298892274246	14.298492898918
GLOBAL	I	2060001	2070000	-1.0238084893809	8803	6.7751566289464	21.113155047076	14.00457074428
GLOBAL	I	2070001	2080000	-1.0606343490812	8757	8.4158774421304	21.465622543853	12.303717216992
GLOBAL	I	2080001	2090000	-1.2900426817512	8836	5.2868456706999	17.936563149096	9.8056581052221
GLOBAL	I	2090001	2100000	-1.2150925725953	8755	6.729951418711	24.220574765785	14.394478035297
GLOBAL	I	2100001	2110000	-1.2759985980973	8418	6.4728548363081	22.37825050848	12.465057325212
GLOBAL	I	2110001	2120000	-1.1737471066572	9349	4.4771286735556	13.255791084223	7.4791770398213
GLOBAL	I	2120001	2130000	-1.3768531973732	9160	2.9616878001167	16.012945614666	9.4790481944255
GLOBAL	I	2130001	2140000	-1.1804792236331	8995	5.0491666430369	14.951545965152	8.3884401553799
GLOBAL	I	2140001	2150000	-1.3503423927749	9465	2.9999124301215	12.47753241004	7.0186791369578
GLOBAL	I	2150001	2160000	-1.322031227886	9072	5.2047176663299	20.543433155315	11.60238515206
GLOBAL	I	2160001	2170000	-1.0364862205569	8235	6.938980689806	19.009270641502	11.645393554013
GLOBAL	I	2170001	2180000	-0.77540617281367	8426	11.181843502033	21.079576896606	12.764579057526
GLOBAL	I	2180001	2190000	-1.0787549212345	9122	3.0780000264891	9.4921425248418	5.945875538637
GLOBAL	I	2190001	2200000	-0.97517231304923	9487	8.2390831603306	17.548466848046	9.5463986857938
GLOBAL	I	2200001	2210000	-1.3995557978354	9221	2.7032534327341	12.410795405595	6.936159307028
GLOBAL	I	2210001	2220000	-1.146501968146	5369	1.1266162254851	6.3751934786506	4.5779051401482
GLOBAL	I	2220001	2230000	-1.2126671161898	8457	5.167263880331	19.392559258234	11.730585572897
GLOBAL	I	2230001	2240000	-1.062307634726	7380	2.9744348409649	13.423056444567	9.8357775676699
GLOBAL	I	2240001	2250000	-0.92201967975054	7085	5.9893745692612	15.352776139414	10.155316394859
GLOBAL	I	2250001	2260000	-1.3989076303002	8570	14.838992637679	45.641683374718	22.019102669723
GLOBAL	I	2260001	2270000	-1.3422226737817	7958	8.1312013588526	27.829635179439	14.675980524965
GLOBAL	I	2270001	2280000	-1.0101985171007	8783	6.57071698586	17.16760563029	10.489907147007
GLOBAL	I	2280001	2290000	-1.2821523286821	8300	7.3494772052573	22.097051849652	11.502201660822
GLOBAL	I	2290001	2300000	-0.95441758294806	7476	5.6381031995084	18.283793776874	13.249641250641
GLOBAL	I	2300001	2310000	-1.0488583187167	8502	5.6413109814891	18.432245161536	12.195101999761
GLOBAL	I	2310001	2320000	-0.87781472882539	8921	11.352161809361	21.841444681499	11.949312910452
GLOBAL	I	2320001	2330000	-0.99518157436283	9053	8.278362516647	20.556746456369	12.337832869929
GLOBAL	I	2330001	2340000	-1.072498076257	9512	6.1243876404316	14.814169622416	8.1023753555923
GLOBAL	I	2340001	2350000	-1.1210673095109	8743	5.3550762401908	14.81414352468	8.4375551799971
GLOBAL	I	2350001	2360000	-1.0859536538762	9190	6.0902326560389	15.989279360209	9.1155333092134
GLOBAL	I	2360001	2370000	-1.0874651726259	8515	8.1539114967853	22.911310836634	13.570456977684
GLOBAL	I	2370001	2380000	-1.1689511697524	8658	5.4608459753988	17.306958973195	10.133967358367
GLOBAL	I	2380001	2390000	-1.1694996963703	8595	6.3851171542163	19.116803865002	10.886438662874
GLOBAL	I	2390001	2400000	-1.2445053508416	8618	7.3574736118966	22.880433366215	12.473196474262
GLOBAL	I	2400001	2410000	-1.2448114365255	8880	7.96030594522	23.396824274693	12.400688069319
GLOBAL	I	2410001	2420000	-1.0256216022231	9053	8.8213040730222	22.140030524203	12.986004216674
GLOBAL	I	2420001	2430000	-0.90432162333485	9316	9.8407462615132	19.810337457457	11.024386610572
GLOBAL	I	2430001	2440000	-1.026115729935	8055	5.4204839641568	15.522458768759	9.8448688679999
GLOBAL	I	2440001	2450000	-1.014256686528	8978	8.4463954814811	19.905132407948	11.297669592589
GLOBAL	I	2450001	2460000	-1.0328900684014	8923	6.2673628003309	19.055010780555	12.380454001281
GLOBAL	I	2460001	2470000	-1.28603941586	9154	7.4402612071768	23.010722624835	12.107297199166
GLOBAL	I	2470001	2480000	-1.4468572189176	8989	5.132375903043	19.49109983118	9.9240780226255
GLOBAL	I	2480001	2490000	-1.1972887976663	9205	4.0944727028707	14.170880713371	8.4160212892172
GLOBAL	I	2490001	2500000	-1.2694250330892	9304	4.1734511299611	14.854455773498	8.4140491680274
GLOBAL	I	2500001	2510000	-1.1913572912681	9392	3.1852605862093	10.133998105527	5.8326226483423
GLOBAL	I	2510001	2520000	-1.0251885023115	9465	5.0333135873708	11.951767815472	6.7484703666718
GLOBAL	I	2520001	2530000	-1.1653462493214	8678	6.6216032369303	18.454388834709	10.153879677108
GLOBAL	I	2530001	2540000	-1.0685992480682	8798	5.7561356915114	19.010033693307	12.403057578186
GLOBAL	I	2540001	2550000	-1.2518987907229	9045	4.1217455665688	14.818884839409	8.5447316924584
GLOBAL	I	2550001	2560000	-1.1311071072798	8728	5.1351983654011	16.519506196674	10.064747854561
GLOBAL	I	2560001	2570000	-1.2467801308806	8921	4.851754999324	17.292094459649	9.9779737839889
GLOBAL	I	2570001	2580000	-1.4150604420607	8846	16.906984887105	54.905575159021	26.85298036922
GLOBAL	I	2580001	2590000	-1.1260170268091	8971	8.6636892743375	24.468357580975	14.035905257512
GLOBAL	I	2590001	2600000	-0.97083537380047	8399	9.248556059336	24.11558745374	15.313648220506
GLOBAL	I	2600001	2610000	-1.3014997767743	9164	6.3491271982616	20.535614042928	10.900107013332
GLOBAL	I	2610001	2620000	-1.4340755142277	9038	3.7953938624133	17.287307947003	9.4080917990263
GLOBAL	I	2620001	2630000	-0.49606193610277	8557	18.518056910214	27.757549771383	18.6256839897
GLOBAL	I	2630001	2640000	1.3615060193666	7948	94.271357094493	53.538534098011	29.917475513939
GLOBAL	I	2640001	2650000	0.06744957743293	7369	39.004934323396	37.427359202031	23.388954851996
GLOBAL	I	2650001	2660000	-1.1503867321944	8895	5.3373934882983	17.858116419079	10.883925014414
GLOBAL	I	2660001	2670000	-0.88116551834012	8254	13.181910515599	25.623266310605	14.119204095097
GLOBAL	I	2670001	2680000	-1.1990717359215	8436	6.4998658549813	19.500161412784	10.841966471516
GLOBAL	I	2680001	2690000	-0.7412462984797	9232	10.028114882644	19.010703393703	12.118223766489
GLOBAL	I	2690001	2700000	-1.2140984127991	8942	3.5154454512074	12.485191376333	7.3879891700429
GLOBAL	I	2700001	2710000	-0.79652913213123	8953	39.279572230399	60.683051986993	26.870931511727
GLOBAL	I	2710001	2720000	-0.80630847680151	6309	18.874205288577	32.705793274052	17.154213782227
GLOBAL	I	2720001	2730000	-0.80044631747506	9121	28.503209054501	48.264965794897	24.688422332597
GLOBAL	I	2730001	2740000	-0.89518535674646	8656	9.9547294843264	23.34833148643	14.961819807668
GLOBAL	I	2740001	2750000	-1.2669393853268	9393	4.9695702029352	14.419589045629	7.4589352514728
GLOBAL	I	2750001	2760000	-1.0976343167413	9475	4.6862198554099	12.992774265169	7.5676883303177
GLOBAL	I	2760001	2770000	-1.413376452928	9568	5.0448687519798	16.763836248014	8.2914693192721
GLOBAL	I	2770001	2780000	-1.2684533788377	9715	7.0480364580578	19.356925153441	9.7038558142846
GLOBAL	I	2780001	2790000	-1.0065615352065	9039	4.8345162162997	11.445175454472	6.5675659231468
GLOBAL	I	2790001	2800000	-1.1914173093517	9300	5.9375968035101	17.823618864107	9.9763718113718
GLOBAL	I	2800001	2810000	-1.1027531508258	8724	5.0417301540993	16.540398807011	10.427237178421
GLOBAL	I	2810001	2820000	-0.95470761870669	9305	5.3480833982796	11.697545090469	6.6506871504714
GLOBAL	I	2820001	2830000	-1.575203711573	9686	2.8858218826359	13.644227565168	6.8298503891842
GLOBAL	I	2830001	2840000	-1.2232288573655	9660	2.0050673600705	8.5751100916446	5.3710658410431
GLOBAL	I	2840001	2850000	-0.61210968295569	9086	7.2354200551523	12.907157701941	9.2658845378855
GLOBAL	I	2850001	2860000	-0.15769378365008	7737	19.375385735468	22.403123278251	19.200107148808
GLOBAL	I	2860001	2870000	-1.0608227889502	9403	4.4723101403215	13.26147296188	8.2852319097111
GLOBAL	I	2870001	2880000	-1.0781526484909	9086	3.6890885119733	9.3554851037582	5.2556533619949
GLOBAL	I	2880001	2890000	-1.2669388380763	9307	4.3269642041711	13.121687237004	6.9417108139068
GLOBAL	I	2890001	2900000	-1.3827957682787	8701	2.1857704725627	15.078402110895	9.3235978400345
GLOBAL	I	2900001	2910000	-0.85071157678364	9033	6.3166319214479	14.240087887625	9.3139157646524
GLOBAL	I	2910001	2920000	-1.0843833829543	8415	4.3733734628321	12.882090677681	7.8465949853161
GLOBAL	I	2920001	2930000	-1.3907990560244	9000	3.6944406159459	14.561065380825	7.8132241446445
GLOBAL	I	2930001	2940000	-1.0556313119036	9052	3.7652334594992	11.596091933321	7.4181756315096
GLOBAL	I	2940001	2950000	-1.3610965755044	9357	3.8370536174427	16.789182652042	9.5159515259228
GLOBAL	I	2950001	2960000	-1.3980867536094	9459	4.7560288399206	16.499961289658	8.4000026603631
GLOBAL	I	2960001	2970000	-1.4775962377536	9680	3.3619307091822	12.857965643907	6.4266777974218
GLOBAL	I	2970001	2980000	-1.3082222968217	9748	3.248859115505	10.910525121871	5.8565474881292
GLOBAL	I	2980001	2990000	-1.1351842885433	9259	6.6021407447004	15.851614709258	8.1479932887605
GLOBAL	I	2990001	3000000	-1.3111731239337	9487	4.6821933859101	15.080580055941	7.9305977831781
GLOBAL	I	3000001	3010000	-1.4376122478096	9372	2.8876801971469	12.181156507815	6.4645222137106
GLOBAL	I	3010001	3020000	-1.1316963292422	9381	4.2175658074323	10.651034533183	5.6848012664837
GLOBAL	I	3020001	3030000	-1.3067479298457	9191	3.43779383162	12.543819389802	6.9684637336731
GLOBAL	I	3030001	3040000	-1.2322345617074	9071	3.410224531855	12.346678982202	7.2522348650605
GLOBAL	I	3040001	3050000	-1.3102276230042	9311	3.4759590398297	13.123668077968	7.3633839408892
GLOBAL	I	3050001	3060000	-1.0297927106819	9162	4.0402021100717	12.482316802468	8.1978776940512
GLOBAL	I	3060001	3070000	-0.77511259252081	9304	6.6356698840243	12.489306612359	7.5519824923733
GLOBAL	I	3070001	3080000	-1.1527924775611	9568	6.8262202365673	15.977417854248	7.9382870688408
GLOBAL	I	3080001	3090000	-1.0985601554512	9247	3.7625340912658	11.571181275184	7.1080742781088
GLOBAL	I	3090001	3100000	-0.34446036724888	8802	16.707998918315	21.347391511066	13.468581682718
GLOBAL	I	3100001	3110000	-0.60668973053773	9309	16.692092215298	25.373257662484	14.309069381298
GLOBAL	I	3110001	3120000	-1.0959873834711	9160	8.5927064191285	21.73212017981	11.988654211573
GLOBAL	I	3120001	3130000	-0.70095419373854	9431	5.9383436092459	9.6134426363753	5.2429945636365
GLOBAL	I	3130001	3140000	-1.0080139574526	9415	8.9309477337964	21.612173784456	12.580407202602
GLOBAL	I	3140001	3150000	-0.50726882781183	9503	12.966520116942	18.468487897119	10.846256419718
GLOBAL	I	3150001	3160000	-1.1544968260198	9499	4.3277739145119	11.953907414364	6.6055907023524
GLOBAL	I	3160001	3170000	-0.98245463011479	9070	4.9333840030752	14.068070202798	9.297819888798
GLOBAL	I	3170001	3180000	-1.0482659041471	9401	5.0075889158186	13.518140000476	8.118694933211
GLOBAL	I	3180001	3190000	-0.97361143400864	8866	5.9919483717204	14.179752263322	8.4097244604971
GLOBAL	I	3190001	3200000	-1.2228977855476	8819	5.1356376857754	17.777869230309	10.33792986948
GLOBAL	I	3200001	3210000	-1.3831687298488	9066	5.1858199935665	21.993539694612	12.151604745202
GLOBAL	I	3210001	3220000	-1.4069046263419	9084	1.6314371018364	12.219701662325	7.5259291655175
GLOBAL	I	3220001	3230000	-1.1797124905504	9214	2.7427571540872	11.55077406072	7.466240272258
GLOBAL	I	3230001	3240000	-1.332756817767	9329	4.4324506726372	13.639433296888	6.9082239921885
GLOBAL	I	3240001	3250000	-1.2705494410877	9170	2.0042946468081	8.7050077093761	5.2738703791265
GLOBAL	I	3250001	3260000	-1.3742094739755	9123	3.3314973550432	12.862469103405	6.9356032896418
GLOBAL	I	3260001	3270000	-1.0042416562079	8588	6.0446681239054	15.863327218752	9.7771876262556
GLOBAL	I	3270001	3280000	-0.62420347019105	9437	9.966298593403	19.573672033965	15.39141305578
GLOBAL	I	3280001	3290000	-1.298194661422	9522	2.4788883333408	11.82690560744	7.2007824033573
GLOBAL	I	3290001	3300000	-1.3784400439352	9311	2.5352971080144	9.2209008475236	4.8501229842562
GLOBAL	I	3300001	3310000	-1.2205850922259	9322	4.0548115991866	13.138389662138	7.4419867330889
GLOBAL	I	3310001	3320000	-1.400037473928	9223	1.9248372782021	9.2233635586207	5.213093518091
GLOBAL	I	3320001	3330000	-1.1686645755772	9065	2.9023717611205	11.94350848001	7.7362974011802
GLOBAL	I	3330001	3340000	-0.78078456278387	9010	7.6357358770035	17.246819587943	12.309520665561
GLOBAL	I	3340001	3350000	-1.4525722557081	9317	3.1011097675942	12.85972941604	6.7181646972109
GLOBAL	I	3350001	3360000	-1.4305257727437	9370	2.5097959684852	10.788462263665	5.7871493495018
GLOBAL	I	3360001	3370000	-1.0909810149133	9398	4.4814050217023	11.696099717915	6.6130341386245
GLOBAL	I	3370001	3380000	-1.5188784033534	8793	2.0326085582155	9.7419489618337	5.0756797822638
GLOBAL	I	3380001	3390000	-1.6467948685025	9496	2.189452812799	10.77842621983	5.2155696931709
GLOBAL	I	3390001	3400000	-1.4817515517133	9689	3.5802336615224	13.638150614389	6.787856534543
GLOBAL	I	3400001	3410000	-1.2569262988412	9429	2.3443984013171	8.0527311162188	4.5415015344691
GLOBAL	I	3410001	3420000	-1.3147179858425	9253	3.5312078029872	12.219793700999	6.6087069558452
GLOBAL	I	3420001	3430000	-1.1292928699442	9474	4.1863838452397	12.08753350759	6.996546133104
GLOBAL	I	3430001	3440000	-1.2293347023958	9525	2.7600955832848	9.0921212656354	5.1507743741476
GLOBAL	I	3440001	3450000	-1.1582166406384	9659	6.5873923826061	15.586820215794	7.7700729875784
GLOBAL	I	3450001	3460000	-0.87385739842722	6352	5.4704515645767	13.209668687529	8.8563845049338
GLOBAL	I	3460001	3470000	-0.97254023841823	8758	9.8516961901004	22.724317721405	13.236081164355
GLOBAL	I	3470001	3480000	-0.84608383004236	9048	10.559661930113	22.603571983892	14.234889766391
GLOBAL	I	3480001	3490000	-0.94178348612964	9664	5.031031916832	9.8703706760482	5.1384833462137
GLOBAL	I	3490001	3500000	-1.1823503620479	9546	3.714590757516	9.2206786483906	4.6569004143051
GLOBAL	I	3500001	3510000	-1.344062074621	9626	3.3696766103739	9.609056859229	4.6421816124932
GLOBAL	I	3510001	3520000	-0.91684181889944	9610	8.7723513280625	16.896489400623	8.8610029615709
GLOBAL	I	3520001	3530000	-1.366828195516	9494	3.703594075205	13.123311392296	6.8916615475106
GLOBAL	I	3530001	3540000	-1.4284715899471	9549	3.3815606492207	11.299375885543	5.5428580393503
GLOBAL	I	3540001	3550000	-1.3701997308928	9554	2.8271211269806	11.300436443059	6.1840001315409
GLOBAL	I	3550001	3560000	-1.4298164145389	9751	2.7360668154468	10.393811923901	5.3557540888383
GLOBAL	I	3560001	3570000	-1.4980094705792	9500	3.3248011659058	13.638855529707	6.8851730021532
GLOBAL	I	3570001	3580000	-1.760028040195	9425	2.1308517574502	12.986611094789	6.1679468107428
GLOBAL	I	3580001	3590000	-0.93883657818549	9523	6.4298742873542	12.208601370569	6.1552001887099
GLOBAL	I	3590001	3600000	-1.2089988795084	9488	2.0774065853234	8.1890867286217	5.0551578226306
GLOBAL	I	3600001	3610000	-1.0714471110642	9812	2.787088993132	7.2738580548139	4.1875786637995
GLOBAL	I	3610001	3620000	-1.3432227055122	9382	1.7467469884717	6.8830827941174	3.8238899510615
GLOBAL	I	3620001	3630000	-1.3092146151102	9543	2.3011506274593	10.978487946718	6.6278952427737
GLOBAL	I	3630001	3640000	-1.4166522498081	9776	2.8828633298619	10.519903146916	5.3909064966993
GLOBAL	I	3640001	3650000	-1.0008480494038	9508	4.7120276078098	9.7403745519529	5.0240862707764
GLOBAL	I	3650001	3660000	-1.3107436764343	9282	2.1662033277011	9.5011906087112	5.5960500995616
GLOBAL	I	3660001	3670000	-1.0040366126509	8956	3.084814062545	11.640940107539	8.5217271334394
GLOBAL	I	3670001	3680000	-1.3074049188454	9285	4.0277554319054	13.905160501634	7.5549700994329
GLOBAL	I	3680001	3690000	-1.2241508261636	9723	3.4078469865558	9.8716447594294	5.2802298823998
GLOBAL	I	3690001	3700000	-0.98438210668873	9524	5.1022989795727	11.830736085902	6.8351883487225
GLOBAL	I	3700001	3710000	-1.2775158870584	9530	3.0982471072667	11.049501376732	6.2239963901929
GLOBAL	I	3710001	3720000	-1.3177365172677	9621	3.49206377321	12.600463723386	6.912155678179
GLOBAL	I	3720001	3730000	-1.2834574212942	9558	2.1611514510733	8.575275764602	4.9975357242947
GLOBAL	I	3730001	3740000	-1.2739448279548	9187	1.4792301282133	6.7539188021981	4.1404372922906
GLOBAL	I	3740001	3750000	-1.3981692096077	9583	1.7459415876808	9.267464151792	5.3795509959924
GLOBAL	I	3750001	3760000	-1.2779138314919	9657	2.8238189325513	10.021223617392	5.6321517988725
GLOBAL	I	3760001	3770000	-0.71266298731597	6595	3.3487343357985	11.866484880189	11.952003536019
GLOBAL	I	3770001	3780000	-0.74195644190819	5220	12.039019097164	31.942720861222	26.825970690232
GLOBAL	I	3780001	3790000	-1.157196066764	9437	2.9132314794894	11.460332652855	7.3860440930006
GLOBAL	I	3790001	3800000	-1.152576499653	9424	5.6224320998539	19.537030750426	12.072603124184
GLOBAL	I	3800001	3810000	-1.2354930251042	9433	2.5129277182456	11.576773136455	7.3362173917938
GLOBAL	I	3810001	3820000	-1.401181536854	9271	2.2702367276879	9.7418232712654	5.3323472705421
GLOBAL	I	3820001	3830000	-1.4377140350013	9309	1.8676724579483	9.7511322555251	5.4833295117479
GLOBAL	I	3830001	3840000	-1.2285994599481	9271	1.752113128995	8.5063158055237	5.497481397895
GLOBAL	I	3840001	3850000	-1.2447203861066	9497	2.6626566240544	10.265089509984	6.1077435308258
GLOBAL	I	3850001	3860000	-1.0618777613234	8814	2.9563057858636	12.492314218582	8.9803259659883
GLOBAL	I	3860001	3870000	-1.2426968797365	9664	3.4878108187604	10.391042117045	5.555040340769
GLOBAL	I	3870001	3880000	-0.97263687864441	9101	1.8748397223429	7.4177544876945	5.6988531764053
GLOBAL	I	3880001	3890000	-1.3058604926151	9003	2.7152809104551	15.005434880497	9.4115367143313
GLOBAL	I	3890001	3900000	-1.0104031837213	6315	2.5875972830074	11.636633390897	8.9558665824486
GLOBAL	I	3900001	3910000	-1.3952030602495	9219	1.9029328376821	8.5918846631194	4.7942496802159
GLOBAL	I	3910001	3920000	-1.2075168561163	6677	1.0928211469659	5.4588066700887	3.6156725274751
GLOBAL	I	3920001	3930000	-1.5989270044027	9657	2.0844724602434	12.340648172821	6.4144114674009
GLOBAL	I	3930001	3940000	-1.3800564911536	9515	2.174070290123	8.7106818696686	4.7364811668552
GLOBAL	I	3940001	3950000	-1.3989434983216	9341	1.9425941342834	8.442357250768	4.6461941631545
GLOBAL	I	3950001	3960000	-1.1767220435507	9581	3.3982299664342	13.050126186376	8.2023586392739
GLOBAL	I	3960001	3970000	-0.97414676051129	8963	3.2947475248942	11.658154141356	8.5853661434676
GLOBAL	I	3970001	3980000	-1.060581734351	7670	6.1797961837188	22.555258635557	15.440075876716
GLOBAL	I	3980001	3990000	-1.2305016695962	9444	4.3496023525135	15.246888197564	8.8559699789975
GLOBAL	I	3990001	4000000	-1.1020971803901	9569	4.6141822615991	14.835488006792	9.274414205084
GLOBAL	I	4000001	4010000	-1.1328349219122	7399	1.9694661342652	10.065445055818	7.1466537312316
GLOBAL	I	4010001	4020000	-1.0569332597332	8009	2.2757446651792	10.295438221342	7.5877010041172
GLOBAL	I	4020001	4030000	-1.3964980689307	9568	4.3309993382378	18.466963572412	10.122437365773
GLOBAL	I	4030001	4040000	-1.5094536299651	9749	1.1991600821974	7.534999670091	4.1974390349706
GLOBAL	I	4040001	4050000	-1.1536311699723	9639	2.0413907148655	6.1039099419479	3.5215061215623
GLOBAL	I	4050001	4060000	-1.2427717097113	9635	2.5374719459401	8.5728949413729	4.8564212946518
GLOBAL	I	4060001	4070000	-1.5429548213788	9471	1.8085783048164	10.130660862628	5.3936009288818
GLOBAL	I	4070001	4080000	-1.5224600157398	9698	1.7698670517084	8.9610145458272	4.7233736319996
GLOBAL	I	4080001	4090000	-1.2177375906809	9392	3.1600556357174	11.570050271835	6.9062454017005
GLOBAL	I	4090001	4100000	-1.302858898548	9377	2.223218551332	9.4947479368181	5.5812102090182
GLOBAL	I	4100001	4110000	-1.5614528974281	9485	2.0527112745491	10.780200363654	5.589338688013
GLOBAL	I	4110001	4120000	-1.3678816168181	9526	2.172189931071	9.2236571835442	5.1550274276483
GLOBAL	I	4120001	4130000	-1.3320706157491	9308	2.1648819309048	9.8755874779007	5.7885111013126
GLOBAL	I	4130001	4140000	-1.4835417625461	9662	2.1693330540655	10.599226838356	5.6822760215542
GLOBAL	I	4140001	4150000	-1.6189310258285	9456	1.2290599741785	8.9612592386847	4.7761140784544
GLOBAL	I	4150001	4160000	-1.4563822382386	9432	3.2723216991005	12.078222297945	6.0464213086635
GLOBAL	I	4160001	4170000	-1.4006322415013	9662	2.4150173488625	9.350452866586	4.9516463438607
GLOBAL	I	4170001	4180000	-1.2644606172731	9557	3.9257387753521	12.210782193332	6.5522352414956
GLOBAL	I	4180001	4190000	-1.4010422259845	9676	3.2996965119953	15.985080956411	9.0542484795571
GLOBAL	I	4190001	4200000	-1.3751325763195	9753	2.9539291093443	10.390143022676	5.4076341738878
GLOBAL	I	4200001	4210000	-1.389721352601	9684	2.8284269211177	10.780314990021	5.7219298343659
GLOBAL	I	4210001	4220000	-1.5315293043239	9788	1.3815870803722	8.1832854787237	4.4411154126457
GLOBAL	I	4220001	4230000	-1.4512469054126	9701	2.1743893620756	8.831328208674	4.5870477461627
GLOBAL	I	4230001	4240000	-1.5126103295772	9490	2.0971456637713	10.520708396146	5.568891450536
GLOBAL	I	4240001	4250000	-1.3479435506147	9341	3.0003863034684	12.997059459353	7.4162402062945
GLOBAL	I	4250001	4260000	-1.3445240431459	9439	2.5679886179812	11.579059553242	6.7020526566238
GLOBAL	I	4260001	4270000	-1.2182720616811	9234	3.0074205161183	10.654900161331	6.2773167716415
GLOBAL	I	4270001	4280000	-1.1630043311224	9563	2.773035421359	8.1835871946638	4.652219797052
GLOBAL	I	4280001	4290000	-1.3819086363879	9753	2.8582102386877	9.8700619381578	5.0740342124194
GLOBAL	I	4290001	4300000	-1.350611773987	9754	1.2783511523041	6.1040475505355	3.5729707760402
GLOBAL	I	4300001	4310000	-1.2266917706229	9728	2.7417833028105	8.3122640698643	4.5410598656135
GLOBAL	I	4310001	4320000	-1.4236829998849	9229	2.537661620481	11.561482687354	6.3383639950767
GLOBAL	I	4320001	4330000	-1.5436742416556	9497	1.9305981927513	10.522343310951	5.5657760467555
GLOBAL	I	4330001	4340000	-1.4135401796121	8990	12.96396338576	34.198073112322	15.021935727636
GLOBAL	I	4340001	4350000	-1.5274285456528	9237	13.992204804993	42.485447951213	18.65438696122
GLOBAL	I	4350001	4360000	-1.6330684090843	9144	11.230700542301	40.542241779871	17.948752835165
GLOBAL	I	4360001	4370000	-1.6837882036939	9195	22.029624585621	72.889534075814	30.205645447934
GLOBAL	I	4370001	4380000	-1.4675082600017	9244	14.637731699379	46.292303845936	21.570285503211
GLOBAL	I	4380001	4390000	-1.2209784980255	9480	3.130568674209	9.8724014272876	5.5216637835812
GLOBAL	I	4390001	4400000	-1.176459568317	9159	3.1037929902485	9.7462771046658	5.6461643844844
GLOBAL	I	4400001	4410000	-1.459815957518	9355	1.7824404866651	8.7021347854882	4.7401141652049
GLOBAL	I	4410001	4420000	-1.4065451472075	9510	3.0163712833223	12.344704149228	6.6320891899035
GLOBAL	I	4420001	4430000	-1.2414375200197	9135	1.8516048451	8.3171816221528	5.2081370772088
GLOBAL	I	4430001	4440000	-1.0254092566378	9067	3.0848398377268	9.7519351777847	6.501887219078
GLOBAL	I	4440001	4450000	-0.93976878904177	6977	1.8476827218362	9.0525251099989	7.666611694467
GLOBAL	I	4450001	4460000	-0.8315679948086	6169	6.928385421431	18.669411757254	14.119141680681
GLOBAL	I	4460001	4470000	-1.1129131346561	9196	8.3498420505297	19.884579126364	10.364454077001
GLOBAL	I	4470001	4480000	-1.3585904373904	9541	2.0759568170596	9.2222679560295	5.2600923297361
GLOBAL	I	4480001	4490000	-1.456666552531	9601	0.98703522108768	6.7541897419679	3.9591452902242
GLOBAL	I	4490001	4500000	-1.2672914705892	9354	2.8404075969964	10.394431582236	5.9607629030497
GLOBAL	I	4500001	4510000	-1.4724346948818	9387	2.0624858986473	10.393583308699	5.6580420435699
GLOBAL	I	4510001	4520000	-1.6484027255458	9693	1.0803667123864	8.4418642623855	4.4658367982022
GLOBAL	I	4520001	4530000	-1.3501680499395	9583	1.944387507645	8.312398186745	4.7164578360342
GLOBAL	I	4530001	4540000	-1.7090836616386	9400	13.904904601383	48.32490101988	20.1394450085
GLOBAL	I	4540001	4550000	-1.6649446391582	9246	12.35325083028	41.574708140856	17.551008377883
GLOBAL	I	4550001	4560000	-1.6173765451808	9332	14.07231704208	45.989089331228	19.733668318765
GLOBAL	I	4560001	4570000	-1.5492082851461	7900	11.491223748068	39.38219438258	18.003370432454
GLOBAL	I	4570001	4580000	-1.5544140754122	8721	10.926294666449	37.818491290162	17.300535969851
GLOBAL	I	4580001	4590000	-1.7275271454436	9580	13.348134770865	43.640988240692	17.535384928523
GLOBAL	I	4590001	4600000	-1.2799034703667	9583	3.2943353006372	11.040998630457	6.0525371711039
GLOBAL	I	4600001	4610000	-1.4659089591057	9383	11.979149487034	36.903016019916	17.002329086035
GLOBAL	I	4610001	4620000	-1.648612070009	9264	9.6224082199597	33.908271902547	14.731096614169
GLOBAL	I	4620001	4630000	-1.6361867133697	9071	11.746959111785	39.487130461974	16.954160013351
GLOBAL	I	4630001	4640000	-1.1565679243223	9627	23.905878362161	46.500777999939	19.536163127659
GLOBAL	I	4640001	4650000	-1.1094349002569	9262	22.930524232575	42.344538465336	17.499011639408
GLOBAL	I	4650001	4660000	-1.5217294925279	9361	10.300317376211	33.778528915318	15.428636728401
GLOBAL	I	4660001	4670000	-1.6035809972023	9200	9.6030617564438	33.127121632934	14.669704815368
GLOBAL	I	4670001	4680000	-1.658220701241	9441	15.075144650658	49.622809063729	20.834177493512
GLOBAL	I	4680001	4690000	-1.6603762081533	9176	14.147203046655	50.553833646943	21.926735893657
GLOBAL	I	4690001	4700000	-1.5724422243191	9048	9.8965448627983	33.910817005694	15.27195834066
GLOBAL	I	4700001	4710000	-1.1943806730469	9328	1.9500036431803	7.7950340067464	4.8937750714394
GLOBAL	I	4710001	4720000	-1.0961785252743	9283	2.1349786683537	10.01851043885	7.191831976934
GLOBAL	I	4720001	4730000	-0.98861243247487	9545	3.096141634823	8.3160040610669	5.2799886535683
GLOBAL	I	4730001	4740000	-1.3700116496059	9583	1.3159655573095	6.754136205519	3.9694338728972
GLOBAL	I	4740001	4750000	-1.3445196230272	9655	2.7284672477949	11.175361903055	6.2824629039195
GLOBAL	I	4750001	4760000	-1.3047575980557	9581	1.6837591943576	7.9236835122989	4.7824395330133
GLOBAL	I	4760001	4770000	-1.3821784451098	9617	1.2507923591628	7.0137790809386	4.169495438281
GLOBAL	I	4770001	4780000	-1.5241524811621	9356	1.4700065261765	8.4421371068561	4.5744311457364
GLOBAL	I	4780001	4790000	-1.3390400481348	9413	2.1806233765613	9.4834400827233	5.4537701962943
GLOBAL	I	4790001	4800000	-1.1769109601052	9515	2.4727304971248	8.7068456559846	5.2970151270429
GLOBAL	I	4800001	4810000	-1.2193918032508	9375	1.980021686721	9.3579206062417	6.0504744249157
GLOBAL	I	4810001	4820000	-0.60238652126395	2429	1.5459608089712	4.5781117613302	5.0335637424237
GLOBAL	I	4820001	4830000	0.040996470594403	1172	0.56038190202362	0.53987183507644	0.50028860167252
GLOBAL	I	4830001	4840000	-0.7890048768659	1772	0.011432299992564	0.39830021802685	0.490323861585
GLOBAL	I	4840001	4850000	-0.87997654416921	8523	2.7540460505666	11.118532183967	9.5053512378528
GLOBAL	I	4850001	4860000	-1.1430220995516	9024	1.6868200817584	7.8002293626632	5.3484611393806
GLOBAL	I	4860001	4870000	-1.0777268284048	9506	2.4197627847449	7.4048840475859	4.6255889075524
GLOBAL	I	4870001	4880000	-1.3307074991563	9339	1.0917528522609	5.8460044126122	3.5727247072445
GLOBAL	I	4880001	4890000	-1.4588703589298	9517	1.7477153999103	8.9737273635652	4.9531556518537
GLOBAL	I	4890001	4900000	-1.5982703067682	9855	1.8403171686144	9.7405190378916	4.9429698066855
GLOBAL	I	4900001	4910000	-1.0311685957371	9143	3.1300651082225	9.8391436415299	6.5062867130003
GLOBAL	I	4910001	4920000	-1.3214594675306	9542	3.0892185071228	9.8704690551418	5.1316371895166
GLOBAL	I	4920001	4930000	-1.4857280256971	9479	2.1084269033256	10.009679636794	5.318101696144
GLOBAL	I	4930001	4940000	-0.77695020272936	6226	2.513924764452	7.963072378702	7.0135094824709
GLOBAL	I	4940001	4950000	-1.1439071566471	9809	2.3553902008522	7.6646660905808	4.6413521052622
GLOBAL	I	4950001	4960000	-1.2417650407849	9683	2.2391812541629	7.0128244229901	3.8442402644947
GLOBAL	I	4960001	4970000	-1.5318258819545	9835	1.9698962375027	10.911157820105	5.8369960241135
GLOBAL	I	4970001	4980000	-1.2359949570508	9428	2.2335696052194	7.9276895613163	4.6069119648222
GLOBAL	I	4980001	4990000	-1.4602090729335	9359	1.6134445188116	8.4421381662566	4.6765177494252
GLOBAL	I	4990001	5000000	-1.0969845702248	9293	2.5941715030182	7.6647356919979	4.6222748492631
GLOBAL	I	5000001	5010000	-1.3403049961058	9568	2.2674321563637	8.701809627235	4.8006815535018
GLOBAL	I	5010001	5020000	-1.3837446329226	9574	1.7391265222621	9.3538419846089	5.5029774144553
GLOBAL	I	5020001	5030000	-1.4652651888883	9483	2.2309733541781	9.2205545679982	4.7701817164735
GLOBAL	I	5030001	5040000	-1.4330650845279	9475	3.0580344871975	10.519574829556	5.2067002559176
GLOBAL	I	5040001	5050000	-1.1902564203309	9769	2.3335452127911	7.4035842091422	4.2596191121084
GLOBAL	I	5050001	5060000	-1.5095303102269	9517	2.1464643116282	9.7408933382512	5.0309880995243
GLOBAL	I	5060001	5070000	-1.2003027372349	9560	3.6871872046562	10.262801054315	5.4782961378614
GLOBAL	I	5070001	5080000	-1.157829179714	9442	2.5420767273218	7.1429153987383	3.9736765595707
GLOBAL	I	5080001	5090000	-1.1838278712672	9545	3.0242134129065	9.0921880618246	5.125723761194
GLOBAL	I	5090001	5100000	-1.2495768923911	9772	1.9335625817865	6.7531271335124	3.8569571677206
GLOBAL	I	5100001	5110000	-1.4312818116552	9584	1.4387983539902	6.7528825969106	3.7128147648121
GLOBAL	I	5110001	5120000	-0.90468596801453	9093	3.8366912662836	8.4581506450247	5.1083575319329
GLOBAL	I	5120001	5130000	-0.72482258471127	3850	0.66451207216465	2.7496976894817	2.8768220821205
GLOBAL	I	5130001	5140000	-1.409215382082	9816	1.5000911564656	7.2728196868278	4.096413226652
GLOBAL	I	5140001	5150000	-1.6630065301216	9861	1.09524204659	8.7088341395843	4.5782093786712
GLOBAL	I	5150001	5160000	-1.1932605427458	9170	3.7106864773452	13.649736555616	8.3293209841666
GLOBAL	I	5160001	5170000	-1.6447965106174	9750	0.9322566811122	8.8316012758887	4.8026272817244
GLOBAL	I	5170001	5180000	-1.4470368744932	9693	1.634223768745	7.9221998631902	4.3454152449622
GLOBAL	I	5180001	5190000	-1.4526647757973	9591	1.4526215388048	6.2326693885994	3.2905374518847
GLOBAL	I	5190001	5200000	-1.4825282337679	9830	2.0476934783671	8.8315772855267	4.5758884401939
GLOBAL	I	5200001	5210000	-1.3884721338341	9535	3.1538347451018	11.039706025654	5.6795315429032
GLOBAL	I	5210001	5220000	-1.4057245096801	9414	1.3832618083165	7.5496073538111	4.3865960243504
GLOBAL	I	5220001	5230000	-1.4470065458705	8804	1.0725159233576	6.3638532390188	3.656747324856
GLOBAL	I	5230001	5240000	-1.4843061197797	9576	1.7729162693392	9.3527415055096	5.1066455464694
GLOBAL	I	5240001	5250000	-1.1791015002072	9507	2.9882496944478	8.3119084356196	4.51501311824
GLOBAL	I	5250001	5260000	-1.3739303154874	9316	1.8293032934921	8.1827968677389	4.6243201002467
GLOBAL	I	5260001	5270000	-1.1994603303574	9507	1.8826054846979	6.7547873195352	4.0619783010129
GLOBAL	I	5270001	5280000	-1.4209691141023	9632	1.6098393662725	7.7930027572969	4.351370715704
GLOBAL	I	5280001	5290000	-1.3075942073227	9370	2.038327896362	9.6152338260082	5.794539228772
GLOBAL	I	5290001	5300000	-1.2984634373219	9716	2.9829087886824	9.8726734356839	5.306090605995
GLOBAL	I	5300001	5310000	-1.3714523543011	9593	1.6719771357234	8.8354394620168	5.2232673660354
GLOBAL	I	5310001	5320000	-1.6449536110847	9432	1.5502312436105	8.8308908987393	4.4260577356511
GLOBAL	I	5320001	5330000	-1.2095279980449	9709	2.1572000350809	11.367664640432	7.6149246815608
GLOBAL	I	5330001	5340000	-1.3478597051855	9532	3.3389312834493	11.952824529589	6.3907936508525
GLOBAL	I	5340001	5350000	-1.7211623337247	9825	0.99479546326836	8.3106548332826	4.2505342039308
GLOBAL	I	5350001	5360000	-1.35715771707	9430	2.1411878931831	10.015173789076	5.8018208177691
GLOBAL	I	5360001	5370000	-1.5343081994417	9503	1.665105886281	9.6344355360436	5.1940865939859
GLOBAL	I	5370001	5380000	-1.6904434871698	9684	1.7298791613186	9.998899340663	4.8916276953978
GLOBAL	I	5380001	5390000	-1.5004418648394	9730	1.4479190872094	7.6623648583788	4.1417437868109
GLOBAL	I	5390001	5400000	-1.3610185658177	9571	1.1713650227084	7.0147217655789	4.2933703401466
GLOBAL	I	5400001	5410000	-1.4930177427445	9887	1.9024736742929	8.1809409276638	4.2052194515984
GLOBAL	I	5410001	5420000	-1.4153420847026	9753	2.1232781196608	9.2221038174207	5.0156253915475
GLOBAL	I	5420001	5430000	-1.3710606026978	9769	1.7382628561933	8.054415434455	4.6067639649433
GLOBAL	I	5430001	5440000	-0.81729652360164	9247	2.8918841852429	6.2410892286641	4.0979068755388
GLOBAL	I	5440001	5450000	-1.2745774198407	8747	2.3648247899012	10.338222417338	6.2557185646934
GLOBAL	I	5450001	5460000	-0.99685703003452	9720	2.8449601754697	6.4934017382694	3.659944658938
GLOBAL	I	5460001	5470000	-1.3040820426666	9805	2.4755679883928	7.921570656387	4.176119668712
GLOBAL	I	5470001	5480000	-1.425186209794	9508	2.8137705388823	9.9995822434604	5.0420160223251
GLOBAL	I	5480001	5490000	-1.6134660001299	9312	1.1640979006448	8.4415356641985	4.5104376311419
GLOBAL	I	5490001	5500000	-1.4091441225026	9386	1.8700667005536	8.9623501683255	5.0330433590969
GLOBAL	I	5500001	5510000	-1.3844216789576	9622	1.7911413973958	8.3134355639213	4.711204877575
GLOBAL	I	5510001	5520000	-1.4311792403294	9468	1.9210043672329	8.57239452877	4.6474892690635
GLOBAL	I	5520001	5530000	-1.4570628124551	9746	2.7164587518939	10.781074634658	5.5348443552511
GLOBAL	I	5530001	5540000	-1.2584567097925	9306	2.2301844616529	7.9249235711007	4.5251768019789
GLOBAL	I	5540001	5550000	-1.248837251499	9489	3.1810682957693	10.393238827337	5.7751084241852
GLOBAL	I	5550001	5560000	-1.1950724233462	9625	2.4780402751127	8.5734206449744	5.1004275981823
GLOBAL	I	5560001	5570000	-1.5176731475841	9598	1.0865181881543	6.4927489128237	3.5621838162422
GLOBAL	I	5570001	5580000	-1.2949269203234	9086	2.0080084353979	8.3227714234685	4.8765400494519
GLOBAL	I	5580001	5590000	-1.2991004109172	9762	1.8755105677138	6.2328886320201	3.3541503240923
GLOBAL	I	5590001	5600000	-1.0418052612991	9846	3.4143307932287	7.4016044877882	3.8272735247924
GLOBAL	I	5600001	5610000	-1.2866064542956	9774	1.94598673784	7.4060156260218	4.2437443632841
GLOBAL	I	5610001	5620000	-1.1847247697723	9447	2.9646470437468	8.7027388145382	4.8433964724938
GLOBAL	I	5620001	5630000	-1.1464399619811	9459	2.9402255313695	7.6632831906955	4.1197601409185
GLOBAL	I	5630001	5640000	-1.1644166955121	9409	1.9150724788335	7.6697681194534	4.942127386871
GLOBAL	I	5640001	5650000	-1.5086008926952	9869	1.9317576185486	8.570814203821	4.4008038291766
GLOBAL	I	5650001	5660000	-1.1709057071396	9632	3.5962900358616	9.0907330988058	4.6924726982215
GLOBAL	I	5660001	5670000	-1.4240034220909	9384	1.7474084605316	8.312431892103	4.610258184585
GLOBAL	I	5670001	5680000	-1.0198191055022	9663	3.9034693295682	9.483015338315	5.4711134343763
GLOBAL	I	5680001	5690000	-1.4521436762069	9605	2.4511755841563	9.3502569561535	4.750963341326
GLOBAL	I	5690001	5700000	-0.97743290334762	9876	3.8630230531556	7.7917493836688	4.0194332695959
GLOBAL	I	5700001	5710000	-1.0858152096472	9629	3.9172203629066	9.2218003322114	4.8853432169444
GLOBAL	I	5710001	5720000	-1.4546890135107	9310	1.902122318797	8.4411840384119	4.4951612742532
GLOBAL	I	5720001	5730000	-1.2502941641526	9680	2.7795856752163	8.7014807522998	4.7364014380544
GLOBAL	I	5730001	5740000	-1.227431068207	9689	2.0361819027429	7.1433964731514	4.1608972615212
GLOBAL	I	5740001	5750000	-1.2932000549484	9708	2.0265864561367	7.4032401865547	4.157634938109
GLOBAL	I	5750001	5760000	-1.3025795300826	9719	2.3872444755353	7.9215158931047	4.2487013573892
GLOBAL	I	5760001	5770000	-1.4996109618388	9718	1.4325411587965	8.1824608143043	4.501113840373
GLOBAL	I	5770001	5780000	-1.2242764263049	9687	2.1369756640031	6.4931556949638	3.5581670424779
GLOBAL	I	5780001	5790000	-1.5662728093606	9845	0.93524733204364	6.6227884254661	3.6312582708654
GLOBAL	I	5790001	5800000	-1.2846668960543	9774	3.5490725597135	10.519631930984	5.425966367375
GLOBAL	I	5800001	5810000	-1.2151073746999	9857	2.0354387222142	6.6229245946181	3.7753748910764
GLOBAL	I	5810001	5820000	-1.5232671975428	9567	0.5454384632193	5.8445266451664	3.4787647173754
GLOBAL	I	5820001	5830000	-1.3279266200984	9605	2.967873049148	9.2207358719902	4.7087412272667
GLOBAL	I	5830001	5840000	-1.0738021177032	9421	1.9316903587672	6.7571243180208	4.4937832396672
GLOBAL	I	5840001	5850000	-1.7054460204748	9761	0.71663663520613	7.9227937767071	4.225379786277
GLOBAL	I	5850001	5860000	-1.023693897179	8423	2.6724891859921	7.9581537363765	5.1633252527442
GLOBAL	I	5860001	5870000	-1.250169777892	9126	2.5449276079801	8.052073335093	4.4051182683356
GLOBAL	I	5870001	5880000	-1.0692866129288	9289	2.6535875857454	7.6639036663286	4.6856624033288
GLOBAL	I	5880001	5890000	-1.3005343184378	9528	2.1298885736978	9.0946229102411	5.3552868523372
GLOBAL	I	5890001	5900000	-1.463275987578	9299	2.2316770339067	8.4406912321811	4.2432283800073
GLOBAL	I	5900001	5910000	-1.283691463797	9587	2.9221554060779	9.7471529660463	5.3166962252602
GLOBAL	I	5910001	5920000	-1.6272744664264	9807	1.7844210320922	8.6997079322506	4.2496131063524
GLOBAL	I	5920001	5930000	-1.6146999752869	9715	1.9323170097665	9.7394759674581	4.8350523795012
GLOBAL	I	5930001	5940000	-1.608556347191	9629	1.4318888072144	8.5705965404749	4.4379593824777
GLOBAL	I	5940001	5950000	-1.3883884381655	9671	2.0639955684556	10.141540153593	5.8179284435779
GLOBAL	I	5950001	5960000	-1.2215175155357	9797	1.8297127346798	7.2740562075789	4.4570326693281
GLOBAL	I	5960001	5970000	-1.5726314018674	9532	1.2957823643843	8.3115850631241	4.4611869573563
GLOBAL	I	5970001	5980000	-1.1006977662613	9727	2.4879458811795	7.0152123560839	4.1130877282344
GLOBAL	I	5980001	5990000	-1.5541819726374	9698	1.8977589328529	8.7001449143724	4.3768272321264
GLOBAL	I	5990001	6000000	-1.136571394457	9503	3.9597695816155	10.131494732035	5.4301253581776
GLOBAL	I	6000001	6010000	-1.4007738582693	9893	2.2407397278701	8.5706849548706	4.518891603832
GLOBAL	I	6010001	6020000	-1.5815812755253	9680	0.78556745693911	6.2335687445167	3.4446546452492
GLOBAL	I	6020001	6030000	-1.1078055360207	9562	0.90279817984232	4.1645137049863	2.9443033267916
GLOBAL	I	6030001	6040000	-1.6037260374438	9184	1.1593630005314	9.6117154884726	5.2704466290348
GLOBAL	I	6040001	6050000	-1.4370675861661	9673	3.1060034560289	10.258895131933	4.9774219005159
GLOBAL	I	6050001	6060000	-1.5028348492887	9670	2.4208172866042	9.9998293972192	5.0431437055125
GLOBAL	I	6060001	6070000	-1.2310728814082	9185	3.4018625497485	9.4833515519212	4.9399910387241
GLOBAL	I	6070001	6080000	-1.5029510353746	9223	1.5777369330196	8.052511764653	4.3080410999682
GLOBAL	I	6080001	6090000	-1.2511401903266	9482	2.5219280794273	8.1823324831187	4.5241967666421
GLOBAL	I	6090001	6100000	-1.5208803095517	9113	1.9921217550586	9.090016023657	4.6669644047734
GLOBAL	I	6100001	6110000	-1.2878999191013	9388	2.0212590382672	8.4473208466876	4.9895661247534
GLOBAL	I	6110001	6120000	-1.4344762861923	9456	1.2013328110553	8.5765495903821	5.1414002798913
GLOBAL	I	6120001	6130000	-1.3058776708541	9794	2.2136001382044	7.6634398887468	4.1733156728056
GLOBAL	I	6130001	6140000	-1.3733998294256	9491	2.2434265984429	8.8317211995002	4.7970696223347
GLOBAL	I	6140001	6150000	-1.1283907762967	9612	2.7063766839355	7.9236237058607	4.6236172180063
GLOBAL	I	6150001	6160000	-1.408640783257	9547	1.5260395362985	6.8827298370269	3.8027369109268
GLOBAL	I	6160001	6170000	-1.3874946154597	9523	2.3655064220227	9.0915395004486	4.8476102202368
GLOBAL	I	6170001	6180000	-1.5503888905065	9660	1.6742650983807	8.4410470914166	4.3645707438121
GLOBAL	I	6180001	6190000	-1.4396305470746	9840	1.9475374800128	7.6613023077579	3.9689105231587
GLOBAL	I	6190001	6200000	-1.206184041737	9555	2.167558447303	7.1441762098646	4.1259190889267
GLOBAL	I	6200001	6210000	-1.4622884568601	9560	1.056229019024	7.2740877093699	4.2521423602681
GLOBAL	I	6210001	6220000	-1.5114970872449	9658	1.6318974156762	8.9616474021158	4.8493312016895
GLOBAL	I	6220001	6230000	-1.4773252431327	9718	1.8572484164824	8.0510443283602	4.1925743438485
GLOBAL	I	6230001	6240000	-1.7031395630629	9447	0.71935618552257	6.8828379247558	3.6188941134975
GLOBAL	I	6240001	6250000	-1.4323282444853	9335	1.6629751965896	8.9634151068122	5.0969042454693
GLOBAL	I	6250001	6260000	-1.2683933500314	9309	2.1293239157614	8.0536106172468	4.6707014833677
GLOBAL	I	6260001	6270000	-0.76110213287428	3181	1.1639227498989	2.8576756361932	2.2253950069721
GLOBAL	I	6270001	6280000	-0.87670307921012	975	0.095744698298773	0.94953294741046	0.9738624961611
GLOBAL	I	6280001	6290000	-0.62049999538458	2213	0.58698426333681	1.537211442121	1.5313895017764
GLOBAL	I	6290001	6300000	-1.492119616156	9463	1.4799251433082	8.572450374816	4.7533221564231
GLOBAL	I	6300001	6310000	-1.5295772873807	9659	1.8158938329694	7.9208894266568	3.9912959247334
GLOBAL	I	6310001	6320000	-1.3278609993722	9240	0.96321351619691	4.415445143538	2.5998441320088
GLOBAL	I	6320001	6330000	-0.97164701891163	9534	2.9144692303486	7.5596774918442	4.7807569735549
GLOBAL	I	6330001	6340000	-0.90745698234272	9368	3.6114329409855	8.5774773414994	5.4724846435072
GLOBAL	I	6340001	6350000	-1.1076922026331	9715	2.131422304309	6.8843740821542	4.290859650855
GLOBAL	I	6350001	6360000	-1.381699514921	9786	3.150992767018	11.430318152662	5.9921316438459
GLOBAL	I	6360001	6370000	-1.4823825733506	9692	2.2212963020697	9.480380719312	4.896903503685
GLOBAL	I	6370001	6380000	-1.5499229762416	9472	1.2274642307207	7.5324606274578	4.0679417580001
GLOBAL	I	6380001	6390000	-1.5059985218501	9529	1.1022188654339	7.6631334565374	4.3565212687217
GLOBAL	I	6390001	6400000	-1.4843444123194	9776	2.0880162099422	10.522211682348	5.6821014061194
GLOBAL	I	6400001	6410000	-1.2932375763045	9504	2.3123562651568	8.4430132239359	4.7405496647396
GLOBAL	I	6410001	6420000	-1.354916044592	9444	1.3575082761428	8.3147274754191	5.1347972644102
GLOBAL	I	6420001	6430000	-1.1331241223457	8994	1.6406820087269	6.3696238319578	4.1733661211285
GLOBAL	I	6430001	6440000	-0.72647488325247	7099	2.4250304319119	8.1136944800375	7.8305034066107
GLOBAL	I	6440001	6450000	-0.75473145836104	5146	0.95725349437178	5.2807844018734	5.7285685651564
GLOBAL	I	6450001	6460000	-0.70936938507161	4734	1.7268414112844	5.3462447780742	5.1022830177883
GLOBAL	I	6460001	6470000	-0.44469505390037	5518	2.864457802108	4.8137303786874	4.3833916286736
GLOBAL	I	6470001	6480000	-0.78799152492532	8258	1.71999373293	9.6576285831968	10.073249012442
GLOBAL	I	6480001	6490000	-1.1931158303256	8989	1.1208058197526	8.3263491647237	6.0392655615044
GLOBAL	I	6490001	6500000	-1.3399812233805	9545	1.3793386661872	7.5348654734536	4.5937410911902
GLOBAL	I	6500001	6510000	-1.5425799430903	9317	1.1901117426831	7.4028861139376	4.0275218144017
GLOBAL	I	6510001	6520000	-1.4350971804312	9643	1.1008355191368	9.0991838937526	5.5733844952666
GLOBAL	I	6520001	6530000	-1.3285228755189	9510	1.4912376678327	7.6641450013461	4.646444142787
GLOBAL	I	6530001	6540000	-1.3476398614612	9795	2.7183455951572	9.2209856885092	4.8252061098145
GLOBAL	I	6540001	6550000	-1.1874948924746	9311	1.5582569573592	6.6256827911621	4.2673243193854
GLOBAL	I	6550001	6560000	-1.3479519763614	9405	2.9547829508507	10.916442735689	5.9064862283367
GLOBAL	I	6560001	6570000	-1.396595838737	9521	1.8322457671243	8.1828247270709	4.5471845066427
GLOBAL	I	6570001	6580000	-1.1811127654291	9323	2.3572989909026	7.4037208725088	4.272599559766
GLOBAL	I	6580001	6590000	-1.4120631419987	9758	3.0178036314598	9.609164727737	4.6678940199145
GLOBAL	I	6590001	6600000	-1.0064411276642	9163	3.13786491953	10.696846959868	7.5106052729394
GLOBAL	I	6600001	6610000	-1.6291081208149	9714	1.7704310494246	9.2203205405337	4.5729865292076
GLOBAL	I	6610001	6620000	-1.7314197983014	9531	1.2220043180705	9.7402386571445	4.9197972365978
GLOBAL	I	6620001	6630000	-1.1591105283983	9512	1.6436963144478	6.1057829629346	3.8495782232714
GLOBAL	I	6630001	6640000	-1.4372879883053	9243	1.4864728841476	9.3534870194775	5.4735127541182
GLOBAL	I	6640001	6650000	-1.3298647438852	9542	1.8118268778973	8.8356972311355	5.2816426524084
GLOBAL	I	6650001	6660000	-1.5763639741501	9561	2.0019939525363	8.9599761718464	4.4139439453135
GLOBAL	I	6660001	6670000	-1.3267224287315	9622	1.551362297604	6.7534540154401	3.9210098549473
GLOBAL	I	6670001	6680000	-1.2690440871054	9507	2.4109774603529	7.9224720189709	4.3430284374039
GLOBAL	I	6680001	6690000	-1.4609946146389	9751	1.6965457540743	9.6132714415504	5.4187233875825
GLOBAL	I	6690001	6700000	-1.506276249021	9265	0.77102909859763	7.2748598906116	4.3178207159817
GLOBAL	I	6700001	6710000	-1.2083437787048	9329	2.0208912096995	6.6240682617325	3.8094929052119
GLOBAL	I	6710001	6720000	-1.0751284580199	9612	2.4178248450962	6.1032857509614	3.4279261035028
GLOBAL	I	6720001	6730000	-1.516890530405	9534	1.9076728170965	9.2207083534881	4.8210700705205
GLOBAL	I	6730001	6740000	-1.5772088956382	9445	1.2967915704597	7.9217335156241	4.2004213668119
GLOBAL	I	6740001	6750000	-1.6537494544475	9781	1.3028220670087	8.3111162682656	4.2378210208379
GLOBAL	I	6750001	6760000	-1.6514941767851	9693	1.8300268419059	9.9998297824271	4.9469159839395
GLOBAL	I	6760001	6770000	-1.1815950738341	9835	2.5597190048861	8.4452082146876	4.9809696571465
GLOBAL	I	6770001	6780000	-1.4349973823044	9501	1.5395456885153	7.0132341936136	3.8144240349123
GLOBAL	I	6780001	6790000	-1.4632475241095	9342	0.73672284583441	6.7557874431754	4.1134972027402
GLOBAL	I	6790001	6800000	-1.2657605866327	9642	1.6225842091892	7.016251030956	4.2612061702093
GLOBAL	I	6800001	6810000	-1.3349757606006	9388	2.9579226632625	10.521845182975	5.6659624413773
GLOBAL	I	6810001	6820000	-1.1115122709329	9210	2.4648807586834	7.1441469644322	4.2098196557213
GLOBAL	I	6820001	6830000	-1.5255121509165	9714	1.2439399619367	7.7922134378025	4.2925082385819
GLOBAL	I	6830001	6840000	-1.3996404754225	9423	1.579085855314	7.6636311761174	4.3472201809301
GLOBAL	I	6840001	6850000	-1.458529689806	9018	1.0585701818948	6.7540514094171	3.9049470623254
GLOBAL	I	6850001	6860000	-1.3812643815199	9529	1.160743598456	6.4961891868808	3.8627258183213
GLOBAL	I	6860001	6870000	-1.17809127773	9321	1.6282161656272	8.4497783738249	5.7903511698534
GLOBAL	I	6870001	6880000	-1.4634562467524	9587	1.2102409201426	8.182889023238	4.7645073903429
GLOBAL	I	6880001	6890000	-1.4373285921097	9188	1.7020206611259	9.4845411494077	5.4145729313425
GLOBAL	I	6890001	6900000	-1.3484127753074	9468	1.9073152314445	8.3135990153616	4.7509812286203
GLOBAL	I	6900001	6910000	-1.2620034274691	9563	1.8977574883457	9.6358789893409	6.1316168661392
GLOBAL	I	6910001	6920000	-1.5324527017279	9540	2.2213333076648	8.8305625109419	4.3128438455718
GLOBAL	I	6920001	6930000	-1.3358657603229	9638	1.6808547069078	7.6639771625983	4.4788350996018
GLOBAL	I	6930001	6940000	-1.3130617206595	9648	1.3591981435111	6.233924768944	3.712488566786
GLOBAL	I	6940001	6950000	-1.5046532539684	9623	1.2432110397586	7.403567618028	4.0942034731404
GLOBAL	I	6950001	6960000	-1.2949333646395	9199	1.7673200507176	7.1433266393005	4.151570061738
GLOBAL	I	6960001	6970000	-1.6769027648816	9307	1.1274972236186	8.4412910099688	4.3614894909346
GLOBAL	I	6970001	6980000	-1.5848293619486	9759	1.3680899200492	9.7408419610408	5.2830621655679
GLOBAL	I	6980001	6990000	-1.3681124195115	9387	0.77749254074632	6.366822475444	4.0854317634902
GLOBAL	I	6990001	7000000	-1.3614814691787	9519	2.2928021158818	8.1814858796411	4.3252030211704
GLOBAL	I	7000001	7010000	-1.5894294735128	9691	1.835646080842	9.7410843054495	4.97375841857
GLOBAL	I	7010001	7020000	-1.4558039439303	9675	2.983111814499	9.9985738973456	4.8189607619189
GLOBAL	I	7020001	7030000	-1.2953095120183	9703	2.2057206189615	8.9750948714166	5.2260669667339
GLOBAL	I	7030001	7040000	-1.335261735952	9508	1.9421775637084	11.210074778376	6.9408842964107
GLOBAL	I	7040001	7050000	-1.3606324417459	9387	2.3999384341996	10.00335602656	5.5881495685963
GLOBAL	I	7050001	7060000	-1.5425971859859	9687	1.8785771056833	9.6110184887377	5.0126121409411
GLOBAL	I	7060001	7070000	-1.3559051414752	9802	1.3687479637699	6.4935675944268	3.7796299120758
GLOBAL	I	7070001	7080000	-1.5523994802274	9601	1.3435227538919	8.0524540916102	4.3216526565286
GLOBAL	I	7080001	7090000	-1.4200369694437	9281	1.5532664678932	7.2729906652046	4.0278699219726
GLOBAL	I	7090001	7100000	-1.5601164288587	9485	1.7794925487358	9.6109937021548	5.0198183985205
GLOBAL	I	7100001	7110000	-1.6087768100884	9446	0.96120351255315	7.7927955864439	4.2464511118329
GLOBAL	I	7110001	7120000	-1.542421699132	9811	1.2660145083927	8.0520043823102	4.3995684693339
GLOBAL	I	7120001	7130000	-1.4483374484457	9114	2.6916370209994	11.821473379307	6.3036665716995
GLOBAL	I	7130001	7140000	-1.3988289459696	9182	1.2913582790642	8.8344269394107	5.3924167655239
GLOBAL	I	7140001	7150000	-1.2030459119805	9389	2.317412213255	8.053575069906	4.7680332059878
GLOBAL	I	7150001	7160000	-1.3197838213494	9621	2.7364922086454	9.0907871791783	4.8146483293271
GLOBAL	I	7160001	7170000	-1.4739092046194	9574	1.3295504647916	7.5330919257585	4.2089033988826
GLOBAL	I	7170001	7180000	-1.3957201992965	9728	1.1224640473706	6.7542174406903	4.0350160412941
GLOBAL	I	7180001	7190000	-1.3608184032941	9484	2.1568481611187	7.7924558486574	4.1413370615041
GLOBAL	I	7190001	7200000	-1.4689608170284	9487	1.6021628237574	8.7020809119199	4.833293036723
GLOBAL	I	7200001	7210000	-1.3040853778305	9862	2.2246175662896	9.3553545263775	5.4679985538605
GLOBAL	I	7210001	7220000	-1.3814008864181	9481	1.5449039614332	7.9238645747804	4.6177475894688
GLOBAL	I	7220001	7230000	-0.98743262120861	9330	3.9194645499487	8.7028737482832	4.8442892158855
GLOBAL	I	7230001	7240000	-1.0310964027921	8810	1.2472257789692	6.6671825214145	5.2564985463715
GLOBAL	I	7240001	7250000	-1.7227512772629	9430	1.3645203449321	8.9598675806668	4.4088472526356
GLOBAL	I	7250001	7260000	-1.356735461158	9751	2.2843826277351	8.701657456514	4.7299381585425
GLOBAL	I	7260001	7270000	-1.1936716053847	9768	3.0589565886641	8.3110913324865	4.3999829770013
GLOBAL	I	7270001	7280000	-1.6512019989307	9474	1.5273502774122	10.52009759437	5.4461824312118
GLOBAL	I	7280001	7290000	-1.2989094326024	9764	1.9912481321567	7.2726581047527	4.0660340436627
GLOBAL	I	7290001	7300000	-1.3072232507401	9595	1.109665052156	10.034743940436	6.8275092898066
GLOBAL	I	7300001	7310000	-1.1074439314639	9619	3.3849507683763	8.5794398762148	4.6905210821574
GLOBAL	I	7310001	7320000	-1.1583093233185	9720	3.8272343101553	10.130441498809	5.4417305133959
GLOBAL	I	7320001	7330000	-0.90537077507036	9308	2.3204066109184	6.3687320811679	4.4714558739041
GLOBAL	I	7330001	7340000	-1.4328718117126	9702	2.8687088713412	10.780017850639	5.5212957046329
GLOBAL	I	7340001	7350000	-1.4975854142558	9651	3.0714599380575	11.429304171965	5.5808798311923
GLOBAL	I	7350001	7360000	-1.5406753484478	9246	1.4223142476514	11.696006431014	6.6683043859392
GLOBAL	I	7360001	7370000	-1.1907063893089	9290	2.8340762282149	8.7037459739719	4.9295693702996
GLOBAL	I	7370001	7380000	-1.5440956489767	9551	1.9636706998892	9.4811138668584	4.868508742934
GLOBAL	I	7380001	7390000	-1.5687195598452	9766	1.1685134824402	8.0569850154479	4.3911427570187
GLOBAL	I	7390001	7400000	-1.2364856537446	9124	1.9353826848893	6.7707686815328	3.9105880298733
GLOBAL	I	7400001	7410000	-1.5263705568322	9581	1.5590699986622	7.7915334532437	4.083191612079
GLOBAL	I	7410001	7420000	-1.450157373629	9323	2.1916260699731	9.6108028169898	5.116118348211
GLOBAL	I	7420001	7430000	-1.4741440350861	9548	2.2941403536808	9.6104732044043	4.9631058272376
GLOBAL	I	7430001	7440000	-1.2820008823832	8736	1.9683410772782	8.1864094678271	4.8502840177376
GLOBAL	I	7440001	7450000	-1.2918345763004	9275	2.1701349049661	9.4848575259756	5.6622749965076
GLOBAL	I	7450001	7460000	-1.4564533433474	9223	2.2385120122332	10.000515395701	5.329386910279
GLOBAL	I	7460001	7470000	-1.4031145592612	9739	1.2067057986875	7.663437421211	4.6017137944342
GLOBAL	I	7470001	7480000	-1.6455682354251	9655	1.1645414355049	8.0512557661062	4.1850068458705
GLOBAL	I	7480001	7490000	-1.2167535092887	9128	2.6742523486062	8.83468542411	5.063008266239
GLOBAL	I	7490001	7500000	-1.4295513255845	9331	1.1774256802862	9.0983389606369	5.5408386803545
GLOBAL	I	7500001	7510000	-1.6113660532986	9306	1.7064068014086	10.132258906113	5.2290117986884
GLOBAL	I	7510001	7520000	-1.4705757666202	9866	2.5284331042674	9.7399381868298	4.9038650345344
GLOBAL	I	7520001	7530000	-1.429982982045	9707	1.7617222243096	8.9632894770571	5.0361209491099
GLOBAL	I	7530001	7540000	-1.2838520142149	9645	2.0849067112314	8.7070658145333	5.1580392677511
GLOBAL	I	7540001	7550000	-1.2465984157596	9390	1.8678854621948	8.1845205147749	5.0670969678162
GLOBAL	I	7550001	7560000	-1.4123365657041	9644	1.1686109885886	6.884530051242	4.0471366397029
GLOBAL	I	7560001	7570000	-1.2862912581632	9743	1.973975437041	8.1834357237269	4.8274138903446
GLOBAL	I	7570001	7580000	-1.3390681320149	9336	1.7621663927964	8.9704403612569	5.3830524348408
GLOBAL	I	7580001	7590000	-1.3175067827294	9684	2.656542541948	8.4409648507281	4.3904307625627
GLOBAL	I	7590001	7600000	-1.4948473572544	9478	1.656500529908	8.8322001826482	4.8002892187735
GLOBAL	I	7600001	7610000	-1.5833166935304	9767	1.6096079110532	9.0903427912269	4.7247243149401
GLOBAL	I	7610001	7620000	-1.4965532401142	9328	1.6339666509748	8.3115544713723	4.4619781250735
GLOBAL	I	7620001	7630000	-1.119178776218	7502	1.2287615134233	6.1656152036371	4.4111394847005
GLOBAL	I	7630001	7640000	-1.4526542498973	9546	1.6842774761572	8.1827487240074	4.4735154619962
GLOBAL	I	7640001	7650000	-1.4357190186329	9613	2.0950752011993	8.9619686167117	4.7828950695737
GLOBAL	I	7650001	7660000	-1.5504440902375	9735	1.9140481060643	9.0897444602809	4.628155506799
GLOBAL	I	7660001	7670000	-1.206762800475	9373	2.3934925836688	7.7934781037815	4.4747696216582
GLOBAL	I	7670001	7680000	-1.4368368259029	9279	1.2612264309495	8.3147738956855	4.9090803754307
GLOBAL	I	7680001	7690000	-1.4935812954737	9281	1.6081901999543	8.4422720494136	4.5756343294937
GLOBAL	I	7690001	7700000	-1.3270454659179	9418	1.454216098348	8.4761258518843	5.291385965197
GLOBAL	I	7700001	7710000	-1.1468391171333	9522	3.252690931583	10.063642935161	5.9388905573814
GLOBAL	I	7710001	7720000	-1.1268009639875	9381	1.9518134009149	6.2715781454363	3.8336537530413
GLOBAL	I	7720001	7730000	-1.4520073334185	9607	1.1907524115782	8.1842192545413	4.8164128940713
GLOBAL	I	7730001	7740000	-1.4158636004513	9399	1.7159002848195	9.6151896369381	5.5791315982704
GLOBAL	I	7740001	7750000	-1.4397276499906	9585	1.9901055856559	11.044625597163	6.2890505795081
GLOBAL	I	7750001	7760000	-1.2448103772171	9442	1.3725542539716	6.3737347386549	4.0176243516414
GLOBAL	I	7760001	7770000	-1.297545161597	9081	2.2188457966473	10.006499470242	6.0018363168262
GLOBAL	I	7770001	7780000	-1.2974576192812	9607	1.9747777958617	9.0953571209313	5.488101668411
GLOBAL	I	7780001	7790000	-1.037680921534	9580	4.4725011462816	10.261941103459	5.579210176303
GLOBAL	I	7790001	7800000	-1.3282029892549	9581	2.1393753556596	9.3533543809105	5.4313829163252
GLOBAL	I	7800001	7810000	-1.3001202814832	9544	2.2572207187139	8.7025250962389	4.9574677584231
GLOBAL	I	7810001	7820000	-1.4772985910114	9543	1.4688188050514	8.7024852081309	4.8965499913778
GLOBAL	I	7820001	7830000	-1.3858053478279	9659	1.9246181227453	8.3176595694582	4.6132319064385
GLOBAL	I	7830001	7840000	-1.2226898130852	9545	3.1471828423048	9.3518613653094	5.0746137381717
GLOBAL	I	7840001	7850000	-1.5458152361774	9647	1.9629379668919	9.8705522823417	5.1154977195102
GLOBAL	I	7850001	7860000	-1.6040462276528	9689	1.0795526809327	8.1819509947781	4.4278015130764
GLOBAL	I	7860001	7870000	-1.108357924891	9678	4.52952694074	11.172591333494	5.9936093238181
GLOBAL	I	7870001	7880000	-1.2879938296433	9475	2.8743617655177	9.7417754646386	5.3318684772138
GLOBAL	I	7880001	7890000	-1.0664210103203	9343	3.116200449644	9.2190324746521	5.7227229827129
GLOBAL	I	7890001	7900000	-1.1159223865416	9314	2.7483525758322	8.4509491827667	5.1102089855979
GLOBAL	I	7900001	7910000	-1.4441454805355	9535	2.6054917941192	13.386823544232	7.4655440850147
GLOBAL	I	7910001	7920000	-1.4092979434242	9561	2.4635728637314	11.042246857328	6.087196844092
GLOBAL	I	7920001	7930000	-1.3999524607856	9480	0.97103486164547	7.6674308809604	4.7833024383965
GLOBAL	I	7930001	7940000	-1.4462209634932	9459	2.2278254339569	8.8310277858602	4.5658322750029
GLOBAL	I	7940001	7950000	-1.295469179611	9587	1.995283988269	8.837808195186	5.2818888435242
GLOBAL	I	7950001	7960000	-1.110426101375	9369	2.9079080977935	8.1836204041074	4.7510701520625
GLOBAL	I	7960001	7970000	-1.3074355304369	9717	1.0066227083803	6.756651617377	4.3979445067362
GLOBAL	I	7970001	7980000	-1.1372727714387	9459	1.5386160917957	7.9354654177925	5.6247274063411
GLOBAL	I	7980001	7990000	-1.266204093409	9266	3.0476692315563	10.13445141825	5.596871960518
GLOBAL	I	7990001	8000000	-1.2827563358551	9462	2.39283386096	11.697505418611	7.2536547258205
GLOBAL	I	8000001	8010000	-0.91944538236943	8636	2.0219745598939	5.9785479404548	4.3032174139205
GLOBAL	I	8010001	8020000	-0.7973005022887	8529	2.5865215468957	7.6907585261783	6.4018986124185
GLOBAL	I	8020001	8030000	-0.70363592929498	4612	0.66519308406604	3.810104699445	4.4695153906226
GLOBAL	I	8030001	8040000	-0.093469985058078	2981	9.2161711510392	9.8681529023218	6.975306039446
GLOBAL	I	8040001	8050000	-0.40486290827081	2897	3.3475670217034	5.1173655942943	4.3713527133166
GLOBAL	I	8050001	8060000	0.092770489546844	2284	4.6386283847572	4.3422888409491	3.1943298483777
GLOBAL	I	8060001	8070000	-0.76829768496554	325	0.13010808692202	0.51769014333927	0.50446859856754
GLOBAL	I	8070001	8080000	-0.14843362550283	1794	3.7963834608229	4.2606801013344	3.1279748031396
GLOBAL	I	8080001	8090000	0.48065276980773	711	1.6828037110911	1.2032835112419	0.99764368369516
GLOBAL	I	8090001	8100000	-0.52246289041286	2763	1.571787076099	2.8236004863629	2.395985309645
GLOBAL	I	8100001	8110000	-0.8567897418162	5187	2.7082034352321	11.774273574096	10.58144104252
GLOBAL	I	8110001	8120000	-0.75048731303035	7684	3.3960184134906	11.01302141507	10.149409416161
GLOBAL	I	8120001	8130000	-0.90459310785767	8770	2.6314593158761	9.4482809980505	7.535787773487
GLOBAL	I	8130001	8140000	-1.0696952333123	9218	2.8902854018479	8.9722451496243	5.6856939793437
GLOBAL	I	8140001	8150000	-1.0759133677293	9203	2.580666741194	8.7094487142367	5.6963526589298
GLOBAL	I	8150001	8160000	-1.2878307544579	8746	1.6586688136349	8.8375260708184	5.5743794223998
GLOBAL	I	8160001	8170000	-1.0973839010128	9412	3.3243440451246	8.8330464284951	5.0198498249212
GLOBAL	I	8170001	8180000	-1.2890262541156	9489	3.6676434277465	11.430043931981	6.0219103214155
GLOBAL	I	8180001	8190000	-1.4702250821105	9634	2.344604861045	10.260483017894	5.3841267253351
GLOBAL	I	8190001	8200000	-1.2876776566045	9477	2.3361255411295	9.0930498569525	5.2473724935479
GLOBAL	I	8200001	8210000	-0.98027431259616	9232	4.806847807056	12.351028310564	7.6959891803429
GLOBAL	I	8210001	8220000	-0.82635586438495	9452	12.552350421734	21.441627531563	10.757202184855
GLOBAL	I	8220001	8230000	-1.303288372715	9096	2.4664248102559	9.0929131551778	5.0844375532313
GLOBAL	I	8230001	8240000	-1.1438467768508	9673	2.6239246410901	8.3637212069955	5.0179767798165
GLOBAL	I	8240001	8250000	-1.0280880482232	9168	6.8658548430707	18.002299766412	10.832189852404
GLOBAL	I	8250001	8260000	-1.0040973440958	9339	5.853857276118	15.50047548916	9.6072539876387
GLOBAL	I	8260001	8270000	-1.2391713891187	9473	4.4001816883069	14.037830807924	7.7774948681407
GLOBAL	I	8270001	8280000	-1.6513775662804	9841	1.4820374424045	8.4408274620039	4.213930334099
GLOBAL	I	8280001	8290000	-1.1998565940963	9549	3.4358528150806	10.652614057137	6.0146864863389
GLOBAL	I	8290001	8300000	-1.2628096350567	9284	2.522763759779	7.7921030062954	4.172710676443
GLOBAL	I	8300001	8310000	-1.3184186288018	8206	1.5595292180364	8.3156861040934	5.1244397936012
GLOBAL	I	8310001	8320000	-1.5146610468983	9318	2.8848746508238	11.428377459603	5.6405377468934
GLOBAL	I	8320001	8330000	-0.73111014729154	9292	17.603287485513	27.162627850724	13.075102842743
GLOBAL	I	8330001	8340000	-0.61532952869841	9564	18.332777286776	25.87798524908	12.262060587706
GLOBAL	I	8340001	8350000	-0.61511073467716	9235	60.182195840175	80.301376798321	32.708226054134
GLOBAL	I	8350001	8360000	-0.53293501528856	9180	43.590951483922	56.683193565485	24.566301154886
GLOBAL	I	8360001	8370000	-0.82412060811869	9491	16.220289610677	29.749136324247	16.416100483708
GLOBAL	I	8370001	8380000	-0.69223045435188	8890	34.134613360177	48.473254642654	20.713681682643
GLOBAL	I	8380001	8390000	-1.0021024594018	9652	30.220589440963	53.013262136763	22.744852566679
GLOBAL	I	8390001	8400000	-1.0697941872449	9542	21.839983380759	44.589695301398	21.265503394843
GLOBAL	I	8400001	8410000	-1.176854010546	9654	10.601853870498	25.35264995071	12.53409169534
GLOBAL	I	8410001	8420000	-1.2282189205935	9042	4.2530873568553	13.390448593933	7.4395216389134
GLOBAL	I	8420001	8430000	-1.0621615336928	9393	4.3162402608843	10.391949808264	5.7201370551011
GLOBAL	I	8430001	8440000	-1.235030588158	9076	2.5017732617632	12.114541353153	7.7834251099211
GLOBAL	I	8440001	8450000	-1.4772309094546	9731	2.5029548547564	11.039821206512	5.7789654258641
GLOBAL	I	8450001	8460000	-1.0320231408026	9545	3.4889301859872	13.354648281946	9.5595899993925
GLOBAL	I	8460001	8470000	-1.437693725342	9555	3.246929814039	11.822775198179	5.9650016084614
GLOBAL	I	8470001	8480000	-1.501628487717	9706	2.2669727130292	9.6103895790225	4.8903020461192
GLOBAL	I	8480001	8490000	-1.4113719556244	9665	3.7044415012731	13.120759625627	6.6717480723839
GLOBAL	I	8490001	8500000	-1.4426007517922	9645	1.6494667695917	8.8325644984398	4.9792693646694
GLOBAL	I	8500001	8510000	-1.3722293712857	9559	2.9736675276305	11.697356252774	6.3573108896296
GLOBAL	I	8510001	8520000	-0.88485011787898	9819	4.5982315506466	8.9616819980659	4.931287637593
GLOBAL	I	8520001	8530000	-1.285770840055	9449	1.7120260944824	7.6643329626211	4.6293683778706
GLOBAL	I	8530001	8540000	-1.0323595662626	9186	6.2247017308219	14.429930851141	7.9480341815628
GLOBAL	I	8540001	8550000	-0.64195558462245	9088	36.51521596554	53.200609971469	25.991508455748
GLOBAL	I	8550001	8560000	-0.48367183466703	9173	42.394050029066	52.998651836653	21.925200202918
GLOBAL	I	8560001	8570000	-0.64954335794995	9057	28.210871747197	40.817230817112	19.408033221526
GLOBAL	I	8570001	8580000	-0.59285618997871	9024	34.378700868865	48.024035202485	23.01626358006
GLOBAL	I	8580001	8590000	-0.97911683547967	9053	27.753680146684	51.8901210989	24.651236785641
GLOBAL	I	8590001	8600000	-1.2184298299732	9430	24.190290152163	51.091606592513	22.078675175691
GLOBAL	I	8600001	8610000	-1.2245989968735	9675	30.749243412634	63.411641400897	26.671913068403
GLOBAL	I	8610001	8620000	-1.2682469802304	9438	29.187250881336	63.41017861126	26.984434627793
GLOBAL	I	8620001	8630000	-1.1902156869968	9267	3.8019121462827	12.237271066511	7.0872523462639
GLOBAL	I	8630001	8640000	-1.3454924046746	9611	4.7480403976528	13.636212105035	6.6058876858033
GLOBAL	I	8640001	8650000	-0.78089574706621	9539	7.673977746365	14.951566671162	9.3195397108238
GLOBAL	I	8650001	8660000	-1.1291160243032	9547	5.8577574808992	17.03927819276	9.9028979052539
GLOBAL	I	8660001	8670000	-1.2474345694603	9527	3.3514776615887	12.605516404254	7.4184562214508
GLOBAL	I	8670001	8680000	-1.419110534569	9660	4.4890655245012	14.417759626217	6.9964205464311
GLOBAL	I	8680001	8690000	-1.2521160073657	8870	18.036648390621	51.125592091817	26.426420161188
GLOBAL	I	8690001	8700000	-1.3978833026973	9467	25.657765997287	61.059093506697	25.324951976393
GLOBAL	I	8700001	8710000	-1.4690549807265	9415	22.836191012264	66.45009789099	29.688410203108
GLOBAL	I	8710001	8720000	-1.450702966974	8640	20.950978382709	64.963575620255	30.338806936717
GLOBAL	I	8720001	8730000	-1.0264450480346	8915	23.1272990593	48.552366572795	24.770023063756
GLOBAL	I	8730001	8740000	-1.252812697046	8874	3.1958790944842	12.225223521389	7.2072580747264
GLOBAL	I	8740001	8750000	-1.0825099800243	9383	4.6822341561921	13.128354857831	7.8023490383424
GLOBAL	I	8750001	8760000	-1.1997934555797	9399	3.1484416667478	11.193535858991	6.7053992958784
GLOBAL	I	8760001	8770000	-1.3101884730149	9500	3.7979574772049	11.560191142189	5.9245168346827
GLOBAL	I	8770001	8780000	-1.6540693611708	9240	6.3711971207062	25.197578489233	11.381857260932
GLOBAL	I	8780001	8790000	-1.891867226941	9268	8.6586018648634	40.664256320908	16.917495054764
GLOBAL	I	8790001	8800000	-1.0945934914196	9084	3.5223152511886	11.642907985237	7.4188205920324
GLOBAL	I	8800001	8810000	-1.2391931439866	9238	2.3423321895026	10.155755181986	6.3052503400291
GLOBAL	I	8810001	8820000	0.20356626517408	7967	19.04406350168	17.005172517054	10.015858879574
GLOBAL	I	8820001	8830000	0.28468998190512	8990	31.858121322908	27.273595446763	16.103572895209
GLOBAL	I	8830001	8840000	-1.1059114004298	9527	4.6002174506945	11.171604565025	5.9420556762297
GLOBAL	I	8840001	8850000	-1.1947286748205	9535	3.6082114140757	10.131745859782	5.4602643957518
GLOBAL	I	8850001	8860000	-1.2203422402268	9149	3.5139678404018	9.6135165701758	4.9982279795875
GLOBAL	I	8860001	8870000	-1.0460580711003	9484	4.1218956701278	10.001942750048	5.6211478524663
GLOBAL	I	8870001	8880000	-1.0437095870844	9547	8.9144710947775	20.927604088648	11.510034153686
GLOBAL	I	8880001	8890000	-0.80072964737077	9711	11.014852922568	19.105336612428	10.103889267027
GLOBAL	I	8890001	8900000	-0.62561794477814	9603	6.9187212558959	10.613276045284	5.9054488769473
GLOBAL	I	8900001	8910000	-0.78275193614716	9625	5.2151813668944	9.6132429584149	5.618716975864
GLOBAL	I	8910001	8920000	-1.3477682766565	9687	3.6607506348377	12.212337547654	6.3449979205852
GLOBAL	I	8920001	8930000	-1.0510908387192	9567	4.7726667050015	13.775046510193	8.5647971360514
GLOBAL	I	8930001	8940000	-0.83634216302864	8983	9.0748702198837	17.570258837632	10.157790666662
GLOBAL	I	8940001	8950000	-1.1600519006045	9037	2.7028071594674	12.749301337962	8.6603833615204
GLOBAL	I	8950001	8960000	-1.1488700879157	9369	5.3937693751383	16.118893188998	9.3353669197858
GLOBAL	I	8960001	8970000	-1.0602701187213	9071	4.7614861143633	14.569477829161	9.2504650858467
GLOBAL	I	8970001	8980000	-1.5472264466385	9216	20.130028041683	59.649093423608	25.541875572115
GLOBAL	I	8980001	8990000	-1.3492736892262	8957	18.364501758984	50.448317775075	23.778582708813
GLOBAL	I	8990001	9000000	-0.94044697247735	8893	40.118860052874	69.810429300113	31.571763338262
GLOBAL	I	9000001	9010000	-0.86761420582547	8908	40.769797401857	67.743383490923	31.089378099109
GLOBAL	I	9010001	9020000	-0.92110094664578	9216	35.033865978278	65.157342173251	32.703772919426
GLOBAL	I	9020001	9030000	-0.8678298146878	9176	28.050168880551	54.320529326055	30.271327397243
GLOBAL	I	9030001	9040000	-0.72679176956921	8832	49.272474785036	73.358014122868	33.139532320389
GLOBAL	I	9040001	9050000	-0.348670730033	9566	31.803615972542	37.807655817817	17.219798876453
GLOBAL	I	9050001	9060000	-1.7562928601551	9268	12.257604825958	46.25071887039	19.355037428911
GLOBAL	I	9060001	9070000	-1.8639083240555	9151	13.393054502241	62.632898615121	26.417524659016
GLOBAL	I	9070001	9080000	-1.6147151904936	8539	12.954276836425	48.181894515794	21.816613782273
GLOBAL	I	9080001	9090000	-1.8987516212934	9005	3.4629887640337	27.184248597009	12.493082068742
GLOBAL	I	9090001	9100000	-1.5461687902586	9383	2.2223672463946	14.040398531838	7.6434289450813
GLOBAL	I	9100001	9110000	-1.3068528626497	9304	4.1169356588417	15.471260130905	8.6882959792748
GLOBAL	I	9110001	9120000	-1.3503710991624	9226	1.1889531441265	8.3172948271045	5.2788020177559
GLOBAL	I	9120001	9130000	-0.94478262469194	9204	4.1245951987108	10.793270078508	7.0584224407929
GLOBAL	I	9130001	9140000	-1.2432745572133	9347	4.3923260993503	13.521539311338	7.3428778535049
GLOBAL	I	9140001	9150000	-0.95106877348673	8619	6.3097413230445	14.07525646466	8.1650405923289
GLOBAL	I	9150001	9160000	-1.5785422835665	9457	2.3820593093283	13.509186838944	7.0489892133113
GLOBAL	I	9160001	9170000	-0.84523110521802	8813	9.3376606682202	17.938594468593	10.175836818209
GLOBAL	I	9170001	9180000	-1.6717879798608	9434	6.5276514531008	35.351077397528	17.241077392378
GLOBAL	I	9180001	9190000	-1.6718856993984	9162	11.440840445615	45.631055721381	20.450091347792
GLOBAL	I	9190001	9200000	-0.69921000354404	8619	30.575473998066	49.199297466031	26.635522051411
GLOBAL	I	9200001	9210000	1.975626264356	8106	137.79151053782	58.296374789304	40.237942359217
GLOBAL	I	9210001	9220000	1.439512397832	7869	133.60759251589	68.716739275863	45.078356628092
GLOBAL	I	9220001	9230000	1.2682280569523	8573	120.44178825663	68.082985694853	41.285005701263
GLOBAL	I	9230001	9240000	2.0226858217559	8744	181.08329172771	86.29599611727	46.862095235412
GLOBAL	I	9240001	9250000	0.60934265186398	9376	75.179546063666	56.965994091932	29.890492510279
GLOBAL	I	9250001	9260000	0.93697482981594	8940	90.168991039135	62.148074603906	29.905730168583
GLOBAL	I	9260001	9270000	0.68942414400388	8550	74.719249662383	54.959148274984	28.661748445072
GLOBAL	I	9270001	9280000	1.0842503437906	9175	98.482113536093	66.111412418617	29.855375470121
GLOBAL	I	9280001	9290000	0.27976779250878	5732	44.71232279412	37.685607879138	25.116239621336
GLOBAL	I	9290001	9300000	0.6155770568036	8192	76.205242878285	56.168195194458	32.550023530554
GLOBAL	I	9300001	9310000	1.1829718714771	9073	63.783249294527	39.180211292889	20.797652585701
GLOBAL	I	9310001	9320000	-0.92718368154624	9502	7.6005760473242	13.637868763717	6.5114311614339
GLOBAL	I	9320001	9330000	-0.84154529637041	9247	5.992089378423	11.177995863043	6.162361677959
GLOBAL	I	9330001	9340000	-1.3826058845181	9630	4.0040100471951	12.864208643794	6.4083327691656
GLOBAL	I	9340001	9350000	-1.1229781857455	4818	1.9676970654982	7.2866932864149	4.7365089441924
GLOBAL	I	9350001	9360000	-0.86608854516585	5387	3.4756586622536	9.0582464985711	6.4457472246657
GLOBAL	I	9360001	9370000	-1.2063423355221	9608	5.2549052925269	13.771555840148	7.0598952692276
GLOBAL	I	9370001	9380000	-0.8366950149157	9234	8.1720243973201	18.292907172198	12.096262789253
GLOBAL	I	9380001	9390000	-2.1336858470216	8958	5.5290631883945	53.17927150924	22.332344936046
GLOBAL	I	9390001	9400000	-2.0928761897189	9008	4.3661810102033	61.368390325962	27.236302651718
GLOBAL	I	9400001	9410000	-2.0582529580167	8849	5.703581780214	59.060708457588	25.923502973507
GLOBAL	I	9410001	9420000	-0.47635376427422	4463	6.6089033354208	9.906506981428	6.922593864733
GLOBAL	I	9420001	9430000	-0.081690209836814	3484	6.160478202846	6.523392806117	4.4425715639113
GLOBAL	I	9430001	9440000	-0.42104609368664	4249	4.4343938258938	6.4030440969259	4.6756169943173
GLOBAL	I	9440001	9450000	-0.96628122961703	6870	3.7020578645685	12.86087510043	9.4784178302744
GLOBAL	I	9450001	9460000	-1.2574282696779	8446	2.7298612132702	12.136710959293	7.4810229520546
GLOBAL	I	9460001	9470000	-0.94669125323986	8363	4.0629932213445	14.921725371984	11.47019380762
GLOBAL	I	9470001	9480000	-1.1183210661835	9050	5.5933797799028	16.284249172049	9.5597496241666
GLOBAL	I	9480001	9490000	-1.4209234234576	8892	2.6020487629805	12.480703111755	6.9522777833698
GLOBAL	I	9490001	9500000	-1.2990919010844	8863	5.0910290620884	17.302207035519	9.3997799256833
GLOBAL	I	9500001	9510000	-1.0131701015311	9389	8.5917769125518	16.887966515789	8.1883482257325
GLOBAL	I	9510001	9520000	-1.4001348352636	9023	4.0669354854332	15.332867331928	8.0463192278004
GLOBAL	I	9520001	9530000	-1.1735502554812	9505	6.0029779507026	15.721860239613	8.2816072371143
GLOBAL	I	9530001	9540000	-0.9401895748873	8931	5.4658396281756	16.074451271653	11.283481466755
GLOBAL	I	9540001	9550000	-1.0730787718322	9067	8.6554230234419	21.844965110382	12.291308367251
GLOBAL	I	9550001	9560000	-1.2389545667043	9087	5.713446818566	19.245686090889	10.922304688153
GLOBAL	I	9560001	9570000	-0.9241860735616	9108	5.235967525583	13.862099061242	9.3337605731449
GLOBAL	I	9570001	9580000	-1.5259911141799	9270	0.59407105999061	6.3643739823609	3.7813476557965
GLOBAL	I	9580001	9590000	-1.5774727364384	9451	1.2523930053633	10.001333313341	5.546175287778
GLOBAL	I	9590001	9600000	0.010563040081606	9058	19.727392905152	19.581784984642	13.784660418317
GLOBAL	I	9600001	9610000	-0.70664910293839	9190	13.87780561066	24.083740579576	14.442719769228
GLOBAL	I	9610001	9620000	-0.78550011929118	5081	7.3647615398717	22.058530094839	18.706258845927
GLOBAL	I	9620001	9630000	-0.25990794484177	6376	23.46447752846	28.568924433619	19.639441604089
GLOBAL	I	9630001	9640000	-1.2109339463916	9102	21.701810369781	54.103972550159	26.757993098576
GLOBAL	I	9640001	9650000	-0.8662833112047	8938	28.474875800671	52.437031292205	27.660876276389
GLOBAL	I	9650001	9660000	0.06005967439214	7803	121.40841531056	117.86335208026	59.025681810319
GLOBAL	I	9660001	9670000	-0.6387615977315	8136	54.535175849798	82.764048248779	44.193126980759
GLOBAL	I	9670001	9680000	-1.83404669374	8826	9.371614454023	52.375311988488	23.447438760009
GLOBAL	I	9680001	9690000	-1.9028598426067	8372	7.4729152120797	53.703165498321	24.295142107214
GLOBAL	I	9690001	9700000	-1.868948222478	8864	6.8468124576343	53.059425535459	24.726534701188
GLOBAL	I	9700001	9710000	-2.0496128540878	8752	7.4521351369462	60.173518061701	25.722605525041
GLOBAL	I	9710001	9720000	-1.8982784363997	8641	10.672205140547	75.593031777181	34.199844128117
GLOBAL	I	9720001	9730000	-1.1417502877022	8211	19.741852843213	55.07339836449	30.945072580084
GLOBAL	I	9730001	9740000	-1.422445567939	8516	27.64063324192	75.406353331767	33.579998536644
GLOBAL	I	9740001	9750000	-0.90240935742572	7913	26.090972938782	55.67492069472	32.783290102766
GLOBAL	I	9750001	9760000	-0.8406850919046	9029	11.278467186796	23.163823077722	14.137702696736
GLOBAL	I	9760001	9770000	0.49703429699655	8222	66.597774597476	50.214528688133	32.962002840331
GLOBAL	I	9770001	9780000	1.0256233199615	7626	110.54077997879	67.182976129071	42.274588541286
GLOBAL	I	9780001	9790000	0.84881839547223	8667	65.935064680763	41.961593867763	28.243345032198
GLOBAL	I	9790001	9800000	-0.30703478648985	8823	13.074372449063	16.886159685499	12.414838331557
GLOBAL	I	9800001	9810000	-1.0438961018136	9222	7.4745527001212	17.808709847121	9.8996031588261
GLOBAL	I	9810001	9820000	-0.97289309242484	9097	8.6530863622391	19.125606266608	10.764306978753
GLOBAL	I	9820001	9830000	-1.0841373969131	8708	8.5674477763254	21.598603738724	12.019838075416
GLOBAL	I	9830001	9840000	-1.0573519171104	9323	6.0192902452983	18.394028819643	11.703519305249
GLOBAL	I	9840001	9850000	-0.82974301306251	7033	4.5004701126088	13.182708171692	10.463767603222
GLOBAL	I	9850001	9860000	-0.48500241387371	9222	13.176809258	18.362247196952	10.691571403811
GLOBAL	I	9860001	9870000	-0.58157288149202	7515	7.3749087161437	12.244462855352	8.3730763489439
GLOBAL	I	9870001	9880000	-1.2072144747641	8985	5.9934187588499	17.811536338252	9.7895757766751
GLOBAL	I	9880001	9890000	-1.2693529806201	9174	5.3193298098764	15.744715328907	8.2131492801456
GLOBAL	I	9890001	9900000	-0.99489040475028	6538	4.3795292240112	13.036959265025	8.7018931931374
GLOBAL	I	9900001	9910000	-0.6022508145738	4390	2.748309984353	5.4513264366591	4.4881906124427
GLOBAL	I	9910001	9920000	-0.7084295959964	7406	3.6086639796228	10.214135656402	9.3241046310167
GLOBAL	I	9920001	9930000	-1.0617351791814	9263	5.4192053097371	12.993078733751	7.1334863650779
GLOBAL	I	9930001	9940000	-0.98151627299922	9238	6.7395860849563	15.469688249792	8.8945057815079
GLOBAL	I	9940001	9950000	-0.88942945702543	8917	30.916689804093	56.760724376412	29.05686827458
GLOBAL	I	9950001	9960000	-0.62705761352677	8897	54.069832410304	75.267752832962	33.805379227333
GLOBAL	I	9960001	9970000	-1.3049511080584	9101	40.587394565333	90.5872388801	38.315492439529
GLOBAL	I	9970001	9980000	-2.3390721651134	9294	4.7472493854855	61.73663466678	24.364098778684
GLOBAL	I	9980001	9990000	-1.2336748066369	9331	4.5158415060316	14.589240082282	8.1653597220738
GLOBAL	I	9990001	10000000	-0.96034188364285	9063	30.420174646222	57.397144820814	28.091006582219
GLOBAL	I	10000001	10010000	0.52145869428177	8547	112.05938914251	88.742701794763	44.714351497898
GLOBAL	I	10010001	10020000	0.39371002109618	8190	131.79119664304	108.8608170947	58.241798073865
GLOBAL	I	10020001	10030000	0.10347577757071	6892	119.17775621775	112.97394595847	59.954227017388
GLOBAL	I	10030001	10040000	-0.31683381855579	7706	68.914729577032	85.220586159588	51.465012973938
GLOBAL	I	10040001	10050000	0.085287888242186	8124	106.48753413369	102.27724120482	49.365660419591
GLOBAL	I	10050001	10060000	-0.81486742416918	8145	51.174025985168	84.644427886264	41.074659396553
GLOBAL	I	10060001	10070000	-0.8824835187249	8207	60.401510931396	106.65464513081	52.412462349722
GLOBAL	I	10070001	10080000	-0.16559537656559	8183	64.100114438768	70.880822358003	40.947447083759
GLOBAL	I	10080001	10090000	0.14711090790589	7746	61.455910500101	56.842545432359	31.359775650985
GLOBAL	I	10090001	10100000	-0.82203301370826	8484	37.086392069744	65.566391670834	34.645809993219
GLOBAL	I	10100001	10110000	-0.71534154419938	8322	26.879796233324	45.180078349018	25.58257976779
GLOBAL	I	10110001	10120000	-0.73382513942243	9282	50.77397905229	75.882640255347	34.216136589187
GLOBAL	I	10120001	10130000	2.7873591277944	9166	152.22143698034	60.511165291714	32.902208679938
GLOBAL	I	10130001	10140000	1.7169783591762	8255	110.82488164005	51.918394188337	34.308229417622
GLOBAL	I	10140001	10150000	0.53749509836352	8361	81.341683997328	59.479047958429	40.675042629157
GLOBAL	I	10150001	10160000	0.38884570429743	8774	49.162833476789	40.71857236131	21.716225798962
GLOBAL	I	10160001	10170000	0.10737785031682	7956	59.328404951713	55.913471484671	31.802959893186
GLOBAL	I	10170001	10180000	-0.75385419189262	8366	39.76997145175	64.131411581683	32.315851516022
GLOBAL	I	10180001	10190000	-0.026520559193604	7961	55.045298818718	55.935122907927	33.552237066847
GLOBAL	I	10190001	10200000	0.37404492311743	7535	77.678838670975	62.87810752568	39.569394558119
GLOBAL	I	10200001	10210000	-1.3884502574884	9393	4.2701731136109	18.463169008804	10.222185360005
GLOBAL	I	10210001	10220000	-0.55573589372988	9200	32.719109369329	45.273604775374	22.590758573797
GLOBAL	I	10220001	10230000	-0.58568607176774	8636	44.668187564982	63.89296380796	32.824369862431
GLOBAL	I	10230001	10240000	-0.71026136801878	8488	30.024269212608	48.055716817654	25.387059492401
GLOBAL	I	10240001	10250000	-0.55509239491726	8851	56.443256749082	75.384330116775	34.122379519388
GLOBAL	I	10250001	10260000	-1.3360948133905	8888	21.665015356556	59.064852068785	27.991903222289
GLOBAL	I	10260001	10270000	-1.4311873006912	9076	18.441444798245	53.432282442871	24.44881786453
GLOBAL	I	10270001	10280000	-1.4626378951985	8606	15.799195005971	48.35069669727	22.255338657749
GLOBAL	I	10280001	10290000	-1.3573933752354	9142	12.538678620218	34.436809654196	16.132487039861
GLOBAL	I	10290001	10300000	-1.2055780221228	8859	4.6944342076558	16.650905682232	9.917625616236
GLOBAL	I	10300001	10310000	-1.2246704493769	9515	6.7393478729124	18.715002250132	9.7786750576967
GLOBAL	I	10310001	10320000	-1.1127384408456	8684	6.0001806081171	17.180076818417	10.047191505134
GLOBAL	I	10320001	10330000	-1.1306194424912	9362	8.3484118393161	20.531565001312	10.775644486664
GLOBAL	I	10330001	10340000	-1.261996276815	9654	6.5217579183065	18.58148128278	9.5560688934122
GLOBAL	I	10340001	10350000	-0.89624752349183	8633	7.6242206202867	20.146997678202	13.972453735912
GLOBAL	I	10350001	10360000	-0.82222934491443	9205	5.111157624093	10.5302285015	6.590704784407
GLOBAL	I	10360001	10370000	-1.0286470660001	9431	6.0780226131795	13.901246557009	7.6053528974231
GLOBAL	I	10370001	10380000	-1.2019653327103	9371	8.2231370202899	21.183531048816	10.782668747444
GLOBAL	I	10380001	10390000	-1.3897569012813	9598	4.4140316949361	14.678376209299	7.3857122097391
GLOBAL	I	10390001	10400000	-0.96446453073878	8957	8.788782051793	19.374962757743	10.97622604933
GLOBAL	I	10400001	10410000	-1.3643350717625	9197	4.4404731410501	18.198308591229	10.083912474965
GLOBAL	I	10410001	10420000	-1.0937011776706	9247	8.7504985783962	21.18862928474	11.372512858434
GLOBAL	I	10420001	10430000	-1.5069148492647	9254	2.8382641225678	13.641155886556	7.1688800261406
GLOBAL	I	10430001	10440000	-0.89954404389096	9262	5.8257910866933	11.564995896697	6.38012651963
GLOBAL	I	10440001	10450000	-1.2322816356181	9141	2.8031404546801	10.671245372554	6.3849891862805
GLOBAL	I	10450001	10460000	-1.1072182232689	9811	5.0646379994563	13.256896668375	7.3989557765153
GLOBAL	I	10460001	10470000	-1.1633962033742	8278	3.7082800298177	13.655301370155	8.5499860765299
GLOBAL	I	10470001	10480000	-1.2537307183458	8620	5.0904165474068	17.685385520399	10.045992164578
GLOBAL	I	10480001	10490000	-1.3780840969833	9406	3.995628239997	14.680825450126	7.7536612123453
GLOBAL	I	10490001	10500000	-1.316215177194	9571	4.0109076466063	13.64879531522	7.3224255696244
GLOBAL	I	10500001	10510000	-1.2408196501847	7674	3.3278773722258	12.996572961649	7.7921844548347
GLOBAL	I	10510001	10520000	-1.2210599985129	9371	3.6710896477083	11.562022450528	6.4623628752319
GLOBAL	I	10520001	10530000	-1.2855726257928	9318	3.8786691316349	11.949827247072	6.278259161329
GLOBAL	I	10530001	10540000	-1.1453001901583	9425	6.2789667663286	16.632109551176	9.039676124926
GLOBAL	I	10540001	10550000	-0.93617580733592	7710	5.4937067781921	19.874911835309	15.361649964061
GLOBAL	I	10550001	10560000	-1.1653350048695	9379	7.8854442474843	26.456348294062	15.936107616245
GLOBAL	I	10560001	10570000	-1.3205353698288	9400	2.8666564772772	10.000975695245	5.4025960841117
GLOBAL	I	10570001	10580000	-1.1396940167509	8842	8.8892482955823	23.410650618441	12.741492110538
GLOBAL	I	10580001	10590000	-1.0251032601562	8604	7.2995658051992	20.709106875915	13.081161276058
GLOBAL	I	10590001	10600000	-1.3338897482783	8803	5.6996128523208	17.81397874276	9.0819844039406
GLOBAL	I	10600001	10610000	-0.81163195240426	8453	6.9965871449953	13.785605493684	8.3646514021257
GLOBAL	I	10610001	10620000	-0.86008974036461	9345	11.94694805169	20.920482970052	10.433254225958
GLOBAL	I	10620001	10630000	-1.26545488102	9089	3.0990881064316	13.544359153085	8.2541631498034
GLOBAL	I	10630001	10640000	-1.3768455835473	9104	7.9367719580816	23.387833516833	11.222072934965
GLOBAL	I	10640001	10650000	-1.2681371882645	9146	5.275625372396	16.763560101168	9.0589053259245
GLOBAL	I	10650001	10660000	-1.3698051101341	9038	4.0404373819217	14.557296040085	7.6776313508817
GLOBAL	I	10660001	10670000	-1.2830215170387	9361	4.2126916795441	14.55703082886	8.0624829840666
GLOBAL	I	10670001	10680000	-1.1396484271153	8723	2.8820337033511	12.929245032912	8.8160621210108
GLOBAL	I	10680001	10690000	-1.5329030823373	9202	3.2254057434946	17.5478928088	9.343374170445
GLOBAL	I	10690001	10700000	-1.472861565392	9331	5.5710078827	19.226813017927	9.2716148320383
GLOBAL	I	10700001	10710000	-1.2267981248322	8477	4.8927944863187	17.17547694115	10.011983394996
GLOBAL	I	10710001	10720000	-1.1416928714364	8780	4.4044692005453	14.305045558618	8.6718386404713
GLOBAL	I	10720001	10730000	-1.0700802880483	8718	3.8889935351967	13.717856672443	9.1851641853649
GLOBAL	I	10730001	10740000	-1.1158109499517	8773	5.6023474545256	17.819060475934	10.948730178653
GLOBAL	I	10740001	10750000	-1.1766002011655	8589	3.9690215355438	13.393509474635	8.0099322860519
GLOBAL	I	10750001	10760000	-0.95396045452011	8526	8.0226176962644	20.978479692607	13.581131099255
GLOBAL	I	10760001	10770000	-1.1234299021927	9299	5.7794680904026	17.035914431532	10.019714019682
GLOBAL	I	10770001	10780000	-1.1698114839736	9630	5.4258988508113	13.378559393869	6.7982411285994
GLOBAL	I	10780001	10790000	-1.5785978887279	9624	7.3265111262182	26.239297868601	11.980750055116
GLOBAL	I	10790001	10800000	-1.1717440774973	9332	6.2147705582081	18.884513728795	10.812722175347
GLOBAL	I	10800001	10810000	-0.82998974627756	8762	9.6708155332326	23.562357923853	16.737004827979
GLOBAL	I	10810001	10820000	-1.0874717366632	9234	7.1786352324277	17.94360937792	9.8990840704726
GLOBAL	I	10820001	10830000	-0.98242852005932	9103	8.4196751106236	20.973013101145	12.777863970973
GLOBAL	I	10830001	10840000	-1.1308939514128	8872	7.1888429778776	20.155207012703	11.46558792593
GLOBAL	I	10840001	10850000	-0.88565572857204	8404	10.300165474266	21.472232994639	12.614458598247
GLOBAL	I	10850001	10860000	0.32859403051966	7867	52.721318310187	42.994335101941	29.601825671827
GLOBAL	I	10860001	10870000	-0.30717853016734	8296	39.256701501126	49.01136446453	31.755679532975
GLOBAL	I	10870001	10880000	-0.081858174443172	8041	48.605000842607	51.306990727575	33.008186455992
GLOBAL	I	10880001	10890000	-0.16238233749245	7588	72.196396417037	79.559492284325	45.344191868347
GLOBAL	I	10890001	10900000	-0.10812539864251	6749	41.380911839022	44.839358752216	31.985518265039
GLOBAL	I	10900001	10910000	-0.17879245672466	7768	62.94794271079	70.480439215116	42.129833899684
GLOBAL	I	10910001	10920000	-0.39961880463442	6854	41.461606307646	55.812138248229	35.910552191634
GLOBAL	I	10920001	10930000	-0.00071694752305574	8052	60.197593271855	60.223346834767	35.92112683779
GLOBAL	I	10930001	10940000	-0.48382278830467	8884	16.203523598281	21.578035408487	11.10843048348
GLOBAL	I	10940001	10950000	-1.4148504882444	8786	8.5910104232404	31.744642249254	16.364719819083
GLOBAL	I	10950001	10960000	-0.91339367760468	8245	9.9647604378065	23.115145450034	14.39728053156
GLOBAL	I	10960001	10970000	-0.7909824227791	8795	23.114699543966	38.228713803972	19.107901547171
GLOBAL	I	10970001	10980000	-0.95948056407756	8763	44.616930470266	79.863120937101	36.734658091507
GLOBAL	I	10980001	10990000	0.69458457829019	7890	82.684511482634	55.940704165946	38.503312847115
GLOBAL	I	10990001	11000000	1.9908862349746	8625	145.88720978956	73.173866639381	36.523103064756
GLOBAL	I	11000001	11010000	0.16434701134518	8716	59.561516364477	54.863966727147	28.583115682366
GLOBAL	I	11010001	11020000	-1.7082909907236	9091	16.975521440376	62.006928950456	26.360501667814
GLOBAL	I	11020001	11030000	-1.1723726943113	9363	6.2465992534729	16.632920515122	8.8592316351674
GLOBAL	I	11030001	11040000	-1.0118161126762	9191	4.7460678669462	12.779240265869	7.939360026276
GLOBAL	I	11040001	11050000	-1.0059552322348	9126	8.0540469001601	20.031452509783	11.906499639168
GLOBAL	I	11050001	11060000	-1.5622323836404	9478	3.1283677397505	14.677826055313	7.3929195403369
GLOBAL	I	11060001	11070000	-1.0310457973204	8943	13.213073564314	34.9298452772	21.062858477602
GLOBAL	I	11070001	11080000	-0.74122986534649	9106	15.257430848043	26.781006142033	15.546560969455
GLOBAL	I	11080001	11090000	-0.99791741152318	9314	10.391443336052	21.049892031548	10.680692181959
GLOBAL	I	11090001	11100000	-0.91797578833061	9026	14.323435243454	25.165626684318	11.810977564649
GLOBAL	I	11100001	11110000	-1.2712363476786	9380	2.4904637918968	9.3548202368543	5.3997484083054
GLOBAL	I	11110001	11120000	-1.4661375990066	8617	7.885622444854	27.181349595899	13.160925116523
GLOBAL	I	11120001	11130000	-1.2516369830211	9033	7.4123195732664	22.583664077144	12.121201841814
GLOBAL	I	11130001	11140000	-0.74397375811671	7026	4.2096478691187	12.359018948065	10.953842108055
GLOBAL	I	11140001	11150000	-1.2006446273922	8708	8.5133157109254	26.159625288748	14.697362712688
GLOBAL	I	11150001	11160000	-1.0088648820749	8071	2.5291878082275	8.5961238360068	6.0136259429523
GLOBAL	I	11160001	11170000	-1.1787433382463	9134	6.2379616414101	20.699455437124	12.268568844876
GLOBAL	I	11170001	11180000	-0.91190391246961	9185	8.5870142822831	20.051506499058	12.572039729193
GLOBAL	I	11180001	11190000	-1.4585539439456	8898	4.2373808664298	18.989091071112	10.113928432964
GLOBAL	I	11190001	11200000	-1.3069438476173	8771	7.538586784138	23.802966949792	12.444589869186
GLOBAL	I	11200001	11210000	-0.82126007386081	4833	1.4617266103278	9.0182720040772	9.2011600639801
GLOBAL	I	11210001	11220000	-1.196928819221	7830	5.4333997987214	19.473596971186	11.730185577453
GLOBAL	I	11220001	11230000	-1.5686651919464	9363	3.0426183010718	15.331656062159	7.8340730859455
GLOBAL	I	11230001	11240000	-1.4243177184953	9017	3.9824706467156	16.37326899992	8.6994623406737
GLOBAL	I	11240001	11250000	-1.0762356308698	8951	5.0828988057525	16.652191416109	10.749776608871
GLOBAL	I	11250001	11260000	-0.58112665482448	9029	17.101558391525	26.773906908546	16.644131596308
GLOBAL	I	11260001	11270000	-0.68876226247766	6186	5.3229028801663	10.972023317062	8.201843719739
GLOBAL	I	11270001	11280000	-0.78137787980978	7635	5.1917165019121	14.39093189873	11.773068619574
GLOBAL	I	11280001	11290000	-0.96011841934496	8447	7.8312193293319	19.459747059268	12.111555716085
GLOBAL	I	11290001	11300000	-1.0945363154676	8547	6.5099634960463	18.47067095583	10.927647891403
GLOBAL	I	11300001	11310000	-1.0426712090892	7858	6.9327107256191	18.627117212951	11.215814137179
GLOBAL	I	11310001	11320000	-1.0767645559868	9256	5.844470246791	17.17524669601	10.522984236637
GLOBAL	I	11320001	11330000	-1.0397404280928	9220	5.4356150063797	12.734732224643	7.0201340844774
GLOBAL	I	11330001	11340000	-1.4032794597416	8638	2.7290898522066	12.604140785029	7.0371235496031
GLOBAL	I	11340001	11350000	-1.0557124073693	8390	6.574160941163	17.169422478533	10.03612486072
GLOBAL	I	11350001	11360000	-1.1930580688039	8838	5.0754013234225	16.90372925084	9.9142935593037
GLOBAL	I	11360001	11370000	-1.2188307333633	9342	4.4749838196304	15.214283104282	8.8111490715506
GLOBAL	I	11370001	11380000	-1.0904269494429	7647	5.1687860384096	14.035314967418	8.1312452278785
GLOBAL	I	11380001	11390000	-1.056745880971	9069	8.3966398593854	24.215498972707	14.969406929494
GLOBAL	I	11390001	11400000	-1.0649135218251	8845	12.962558858501	30.829226766149	16.777576339745
GLOBAL	I	11400001	11410000	-1.2776793710815	9218	4.6378730249084	17.829901441751	10.324991320534
GLOBAL	I	11410001	11420000	-1.285493251792	9260	4.9075136416387	15.070756141976	7.9061033468435
GLOBAL	I	11420001	11430000	-1.3145797742423	8360	5.0205229426513	23.712757580913	14.219171026753
GLOBAL	I	11430001	11440000	-1.3350453645263	9121	10.03450981106	40.403206466117	22.747314407426
GLOBAL	I	11440001	11450000	-0.82239197680697	8708	39.673542972744	66.095704203805	32.128427776798
GLOBAL	I	11450001	11460000	-0.8289868977869	7068	25.68102949951	47.179027817308	25.932856568891
GLOBAL	I	11460001	11470000	-0.94876130716105	8429	19.487126393944	43.30140402276	25.100388737473
GLOBAL	I	11470001	11480000	-0.87157815033781	8201	37.364462751783	65.926454037268	32.770430596975
GLOBAL	I	11480001	11490000	-1.0590742161477	8239	33.499917987311	68.231305200377	32.794101379787
GLOBAL	I	11490001	11500000	-0.91199808790209	8282	36.153459716911	68.015302409791	34.936304270301
GLOBAL	I	11500001	11510000	-0.78356497467278	8370	31.272035681191	54.19572243673	29.255629713556
GLOBAL	I	11510001	11520000	-0.65030786317114	9173	45.314029634728	64.215529778733	29.065464550642
GLOBAL	I	11520001	11530000	-0.76671346094945	8274	28.046003503064	49.406090328389	27.859282395896
GLOBAL	I	11530001	11540000	-0.87560158536381	8047	23.52850700755	48.632248402398	28.670278599847
GLOBAL	I	11540001	11550000	-0.95372881266421	8590	41.989308136602	77.381715482044	37.109508358644
GLOBAL	I	11550001	11560000	-0.92847166060719	8093	15.30178649785	35.16395830168	21.392329617084
GLOBAL	I	11560001	11570000	-1.1521254094146	8529	10.542644905201	33.242027243763	19.702180121256
GLOBAL	I	11570001	11580000	-1.2242602809389	8607	8.4099417818182	24.448620167772	13.100709575952
GLOBAL	I	11580001	11590000	-1.1047554598538	8652	4.9186623298333	15.737867590645	9.7933032729648
GLOBAL	I	11590001	11600000	-1.2823402180101	8871	4.3755087265735	16.384124267659	9.3646096195282
GLOBAL	I	11600001	11610000	-1.2354282244396	9069	4.4091830078989	14.42440657335	8.1066818511402
GLOBAL	I	11610001	11620000	-1.4096069415567	9247	4.0507222408907	17.549356798364	9.5761691855506
GLOBAL	I	11620001	11630000	-1.2523071341328	8984	2.35171447948	11.048980373569	6.9449942885709
GLOBAL	I	11630001	11640000	-1.4056716166288	8712	6.0770480451606	26.788532803703	14.734227050991
GLOBAL	I	11640001	11650000	-1.1581663288027	9190	10.858291594095	33.325352516068	19.398820673021
GLOBAL	I	11650001	11660000	-1.1074706101986	7567	4.5749291745861	16.963764917786	11.186604528475
GLOBAL	I	11660001	11670000	-1.3112255271194	9393	3.0684172560058	12.998867940007	7.5734116508673
GLOBAL	I	11670001	11680000	-1.3089570768669	9433	3.3977249615453	16.254386004482	9.8220646575448
GLOBAL	I	11680001	11690000	-1.2099825849419	9443	1.3597703667145	7.4186564454044	5.0074159364704
GLOBAL	I	11690001	11700000	-1.471342416019	9118	4.3039766572572	17.671606028299	9.0853286260925
GLOBAL	I	11700001	11710000	-1.2702813115222	8490	3.6237389276268	17.084387926233	10.596589020488
GLOBAL	I	11710001	11720000	-1.3043949796018	9147	6.368323981269	24.064437247794	13.566529727006
GLOBAL	I	11720001	11730000	-1.0511506535055	5524	6.1183324330592	24.503792521718	17.490794518697
GLOBAL	I	11730001	11740000	-0.86080480162358	3570	2.6816739149033	12.605047089201	11.528017914842
GLOBAL	I	11740001	11750000	-1.1778991355033	6047	7.5522527605458	28.671549133395	17.929630590844
GLOBAL	I	11750001	11760000	-0.43764284972519	858	0.52747252747253	0.62890436503539	0.23176852455502
GLOBAL	I	11760001	11770000	-0.81252510022707	4859	2.6363899313551	9.0333584117503	7.8729487601153
GLOBAL	I	11770001	11780000	-1.118320766311	7167	5.8009814917882	23.33176262902	15.675986412254
GLOBAL	I	11780001	11790000	-1.7530066234902	9028	23.399071085362	83.845693333343	34.481685030734
GLOBAL	I	11790001	11800000	-1.4987270832507	9409	4.8579245218418	25.618171013021	13.851919220777
GLOBAL	I	11800001	11810000	-1.4834215561121	9359	2.9685727082562	13.512930675281	7.1081331692794
GLOBAL	I	11810001	11820000	-1.2372908621714	9257	3.2455692931184	12.483797816792	7.4664970106229
GLOBAL	I	11820001	11830000	-1.6477380394489	9518	1.9802019048904	13.902684423236	7.2356662484607
GLOBAL	I	11830001	11840000	-1.3099649554067	9384	1.7600518382574	11.444386327225	7.3928195170389
GLOBAL	I	11840001	11850000	-1.2786596893475	9536	3.1984452236115	14.2047293836	8.6076727464564
GLOBAL	I	11850001	11860000	-1.4919601911032	8985	2.1132668413451	14.296883290057	8.1661806537232
GLOBAL	I	11860001	11870000	-1.3625903965598	9519	1.5431558735578	8.8350587838942	5.3515002958678
GLOBAL	I	11870001	11880000	-1.6619409525339	9592	2.4252122410781	14.938420928154	7.529273929978
GLOBAL	I	11880001	11890000	-1.668779640794	9568	2.3620652537871	14.418304053067	7.2245840640434
GLOBAL	I	11890001	11900000	-1.5905159690315	9602	2.6598682349882	12.987409404166	6.493201810144
GLOBAL	I	11900001	11910000	-1.3882727257748	9398	2.9814594450908	13.427675030192	7.5246134215239
GLOBAL	I	11910001	11920000	-1.257394119672	9476	3.3705629469496	13.388249628277	7.9670220534673
GLOBAL	I	11920001	11930000	-1.4308991268506	9431	2.8867975968361	13.12062845053	7.1520281630326
GLOBAL	I	11930001	11940000	-1.2214723595581	9690	5.0513125377152	12.728747464391	6.2853939072792
GLOBAL	I	11940001	11950000	-1.692820682422	9803	3.48668498327	14.803726903276	6.6853164292713
GLOBAL	I	11950001	11960000	-1.3293721188426	9456	3.8948763706573	15.205499712863	8.5082447434311
GLOBAL	I	11960001	11970000	-1.5836265030618	9738	3.3652740912372	13.766606262705	6.5680462857615
GLOBAL	I	11970001	11980000	-1.2298510926076	9863	6.1954774361032	15.324711456328	7.4230401347762
GLOBAL	I	11980001	11990000	-1.4132410341892	9843	3.2729627127965	11.688490062437	5.9547714410008
GLOBAL	I	11990001	12000000	-1.0770641070429	9647	5.0636317438815	14.178266240563	8.4624809582651
GLOBAL	I	12000001	12010000	-1.5483231254445	9686	1.1415749827606	7.2729036922036	3.9599800640339
GLOBAL	I	12010001	12020000	-1.4895313453651	9856	2.6977938484899	12.081174299578	6.2995521915574
GLOBAL	I	12020001	12030000	-1.3346749099049	9712	3.0806931496627	10.649817377976	5.6711369728622
GLOBAL	I	12030001	12040000	-1.5498812695073	9715	2.814371775938	11.297910730538	5.4736702233303
GLOBAL	I	12040001	12050000	-1.1441745413532	7740	2.8382101987851	10.19880984972	6.4331090973495
GLOBAL	I	12050001	12060000	-1.2228263263853	9781	4.2147026555135	11.689995052918	6.1131268080417
GLOBAL	I	12060001	12070000	-1.4289316585364	9719	3.1268719823036	10.128394345342	4.8998301081867
GLOBAL	I	12070001	12080000	-1.3495304005083	9665	2.4392248192881	9.2233038348757	5.0269923619596
GLOBAL	I	12080001	12090000	-1.5232161432306	9524	1.8129055403409	9.7407161427655	5.2046524307513
GLOBAL	I	12090001	12100000	-1.1586659517611	9805	3.4587355654999	10.022227571669	5.6646974015187
GLOBAL	I	12100001	12110000	-1.5212531678049	9886	2.1643209190825	11.300451962018	6.0056611458821
GLOBAL	I	12110001	12120000	-1.3091280714786	9777	5.0691606933722	14.026996866546	6.8425972739675
GLOBAL	I	12120001	12130000	-1.4901776777832	9538	2.6658364456506	11.6895737567	6.0554774411015
GLOBAL	I	12130001	12140000	-1.51130237352	9367	3.3559135677363	14.289011927167	7.2342229794598
GLOBAL	I	12140001	12150000	-1.3668953371594	9823	4.1727233307632	12.858290738715	6.3542300363701
GLOBAL	I	12150001	12160000	-1.2327057894574	9627	4.6119866946812	11.427860081658	5.5291971898472
GLOBAL	I	12160001	12170000	-1.1844809454766	9787	4.5660017721976	11.299403002777	5.6846851410262
GLOBAL	I	12170001	12180000	-1.4261072446119	9534	2.6778007897228	11.690135990471	6.3195353889395
GLOBAL	I	12180001	12190000	-1.7630991360918	9509	1.587001523422	11.948265126189	5.8767334125829
GLOBAL	I	12190001	12200000	-1.4986548548407	9730	3.755616908272	12.988010218825	6.1604533430308
GLOBAL	I	12200001	12210000	-1.3748086112772	9688	2.5142749950051	10.134292796008	5.5426026128278
GLOBAL	I	12210001	12220000	-1.1678872687666	9641	5.439301769725	12.727639885212	6.2406178322189
GLOBAL	I	12220001	12230000	-1.4938624695383	8959	1.9272850003596	10.391502666547	5.6659952564466
GLOBAL	I	12230001	12240000	-1.3225865472196	9844	3.2855318798156	10.649836750734	5.5681081033223
GLOBAL	I	12240001	12250000	-1.3637781919061	9478	1.5260219287696	9.6222367781563	5.9366067718615
GLOBAL	I	12250001	12260000	-1.4001805590337	9789	2.5373666331188	10.912310810623	5.981331567183
GLOBAL	I	12260001	12270000	-0.8777949243101	8115	3.5441656469538	10.091282411783	7.4585949217867
GLOBAL	I	12270001	12280000	-0.73902513083838	5331	1.1548720136797	6.0910697485278	6.679336776069
GLOBAL	I	12280001	12290000	-0.40715521462258	4375	1.0873947208927	1.9570124738008	2.1358384264197
GLOBAL	I	12290001	12300000	-0.98746774119831	1170	0.042237727983858	1.0635097724702	1.0342333241661
GLOBAL	II	1	10000	-0.8206117503472	122	0.0061255454091393	0.14171345133879	0.16522783870969
GLOBAL	II	10001	20000	-0.8317006171171	3006	0.13946078680077	2.1252651256915	2.387643219232
GLOBAL	II	20001	30000	-0.97020577150649	6492	3.6357735076779	20.09453841578	16.964200163998
GLOBAL	II	30001	40000	-1.4214431542708	9510	3.972522313573	15.070413426752	7.8074814879757
GLOBAL	II	40001	50000	-1.4020559080044	9505	3.0481811313048	12.469421047242	6.7195893274659
GLOBAL	II	50001	60000	-1.4356812684898	9648	4.296548937356	14.867335833597	7.3629064669489
GLOBAL	II	60001	70000	-1.4083744350146	9744	2.6689928595694	11.172818803832	6.0380433873571
GLOBAL	II	70001	80000	-1.5090187326439	9463	3.1421997002055	12.468205180541	6.1801787337626
GLOBAL	II	80001	90000	-1.4332002019466	9656	2.2761907308947	10.130717578477	5.4804114853698
GLOBAL	II	90001	100000	-1.402448538101	9780	2.2373924639036	9.8739689441001	5.4451741170745
GLOBAL	II	100001	110000	-1.4018079150238	9517	3.0150957242028	12.088346440569	6.4725349451405
GLOBAL	II	110001	120000	-1.5077497245338	9812	2.2335098239135	9.3499855616333	4.7199317114253
GLOBAL	II	120001	130000	-1.4259864250327	9756	2.2966521256637	9.8724300793559	5.3126578350974
GLOBAL	II	130001	140000	-1.1831544896065	9705	3.3792700633236	10.262178943232	5.8174219346434
GLOBAL	II	140001	150000	-1.2574710929126	9743	3.2178128997273	10.786091465631	6.0186501372156
GLOBAL	II	150001	160000	-1.2365914121795	9814	3.6511260745163	9.8701481234455	5.029164837857
GLOBAL	II	160001	170000	-1.3554772115392	9697	4.2183249789167	15.017077255711	7.9667530998412
GLOBAL	II	170001	180000	-1.5322546922428	9713	2.4380053578456	12.080318241371	6.2928917316035
GLOBAL	II	180001	190000	-1.1831269028863	8679	3.4539994549196	13.001774631443	8.0699501915061
GLOBAL	II	190001	200000	-1.4539300840133	9655	2.8542249766439	10.38915299085	5.1824555369314
GLOBAL	II	200001	210000	-1.659475214913	9561	2.2057974885807	13.247894962502	6.6539695047508
GLOBAL	II	210001	220000	-1.4179331739101	9860	3.6983424800643	14.16008684451	7.3781646109574
GLOBAL	II	220001	230000	-1.5281994822037	9521	4.3604368576348	15.975255742437	7.600329027761
GLOBAL	II	230001	240000	-1.6128119549439	9471	4.1472225913177	16.625863907599	7.7371954480059
GLOBAL	II	240001	250000	-1.3244539709821	9538	5.2045648261978	14.416065577033	6.9549421517494
GLOBAL	II	250001	260000	-1.4323655524899	9482	3.8740196848043	13.513170017046	6.7295323567969
GLOBAL	II	260001	270000	-1.2574777040441	9507	3.9695664381476	11.300059627335	5.8295214027353
GLOBAL	II	270001	280000	-1.5189967967843	9693	2.8592803017278	11.427897335134	5.6409711011542
GLOBAL	II	280001	290000	-1.5052281010872	9484	2.8512869683806	11.961869463857	6.0526258371715
GLOBAL	II	290001	300000	-1.4429562681712	9661	3.9352594810228	12.206432337721	5.7321022397866
GLOBAL	II	300001	310000	-1.5539225423157	9640	2.3342582605979	10.648962285009	5.3507840950815
GLOBAL	II	310001	320000	-1.5778585085296	9746	3.0796388742254	12.207167559082	5.7847574009427
GLOBAL	II	320001	330000	-1.3733037523979	9509	4.862047785413	15.065615245639	7.4299421685912
GLOBAL	II	330001	340000	-1.6833579407869	9340	1.6478656314689	10.650077767346	5.3477706183329
GLOBAL	II	340001	350000	-1.3435161848238	9865	4.6460235945054	14.027768254623	6.9829785201645
GLOBAL	II	350001	360000	-1.5465921972497	9486	2.549782689552	12.343843273028	6.3326716641223
GLOBAL	II	360001	370000	-1.4584964350493	9833	2.788652222061	10.518949578884	5.3001825517396
GLOBAL	II	370001	380000	-1.6576358470274	9767	2.2094874641665	12.077625507776	5.9531398656142
GLOBAL	II	380001	390000	-1.3407541580885	9774	3.290694569478	9.9994460652638	5.0037148535496
GLOBAL	II	390001	400000	-1.0557109049042	9137	4.9747549136071	13.015536857111	7.6164619557787
GLOBAL	II	400001	410000	-1.239581716865	9835	5.1036674776605	13.118128167548	6.4654557104608
GLOBAL	II	410001	420000	-1.4103493129564	9558	2.3194059072346	10.912328741494	6.0927620946949
GLOBAL	II	420001	430000	-1.3972467238562	9628	3.6727336555151	13.381853693978	6.948751335532
GLOBAL	II	430001	440000	-1.217795756333	9409	4.3232551793263	12.246619321795	6.5063161053603
GLOBAL	II	440001	450000	-1.459284802807	9753	3.3584739713059	13.117697135766	6.6876754597101
GLOBAL	II	450001	460000	-1.4546876042353	9673	2.4085642422749	11.170838687365	6.0234750193643
GLOBAL	II	460001	470000	-1.4078096838252	9370	4.3503357059174	16.890885503965	8.9078445347625
GLOBAL	II	470001	480000	-1.5927559709517	9450	3.9233961380769	16.494960227113	7.8929630893331
GLOBAL	II	480001	490000	-1.2345490423206	9100	3.9987635942716	13.518807339639	7.7113532302227
GLOBAL	II	490001	500000	-1.2162926336464	9341	5.5931529413003	14.680828600626	7.4716194178384
GLOBAL	II	500001	510000	-1.1327273278461	9285	6.6441080837681	16.630914609433	8.8166024427559
GLOBAL	II	510001	520000	-1.0183764316218	9246	7.228748874514	15.461543350358	8.0842350826334
GLOBAL	II	520001	530000	-1.4880574918936	9358	3.8492365550257	15.458377480926	7.8015405917734
GLOBAL	II	530001	540000	-1.1796117137549	9321	7.1549441321176	19.637917306334	10.582272987508
GLOBAL	II	540001	550000	-1.3117229499311	9372	5.6924635366135	18.975395290468	10.126324125496
GLOBAL	II	550001	560000	-1.4941662755717	9620	2.7774276383717	12.990449447471	6.8352645726736
GLOBAL	II	560001	570000	-1.3269528164524	9290	8.0844587994503	22.872322949159	11.144227561341
GLOBAL	II	570001	580000	-0.83606519048101	8546	23.259974472414	43.995898113507	24.801802391944
GLOBAL	II	580001	590000	-0.80581687714697	8900	41.204716955109	65.955389680096	30.71500911301
GLOBAL	II	590001	600000	-1.1283996008701	8744	27.799738410954	57.85280758812	26.633356794872
GLOBAL	II	600001	610000	-1.654303935284	8354	20.625907225971	66.658973198764	27.826244616224
GLOBAL	II	610001	620000	-1.5513043246014	8802	18.165642031313	61.10441454679	27.67914189017
GLOBAL	II	620001	630000	-0.93318844974326	9271	20.737001248335	41.970791512488	22.754021730547
GLOBAL	II	630001	640000	-1.1878306716868	8868	5.7226024324057	17.032322707328	9.5213236570681
GLOBAL	II	640001	650000	-1.0199997834818	9229	8.7380116483226	21.862669981784	12.867314823009
GLOBAL	II	650001	660000	-1.1403995195293	9291	7.2986720927403	19.372254540478	10.587151468392
GLOBAL	II	660001	670000	-1.3979099001086	9476	5.7424624813752	18.060306322668	8.811614997745
GLOBAL	II	670001	680000	-1.2744169352729	9297	4.8919355244519	15.982438592059	8.7024134415098
GLOBAL	II	680001	690000	-0.94710815559256	9035	8.9076530440974	17.41982550932	8.9875400343236
GLOBAL	II	690001	700000	-0.93690326363423	8950	9.2976040617961	20.166889162844	11.601288545934
GLOBAL	II	700001	710000	-1.2622893323602	9135	9.478924686227	25.225942027208	12.474966663576
GLOBAL	II	710001	720000	-1.304599983732	9279	9.0735900770652	26.907737967861	13.67020398067
GLOBAL	II	720001	730000	-0.82292626372329	9163	9.2814211728827	19.807799124155	12.791398713716
GLOBAL	II	730001	740000	-0.95521475756015	8345	11.142127931199	26.906461476076	16.503444298896
GLOBAL	II	740001	750000	-1.1313680406679	8865	10.669059306472	26.127986250024	13.663924017535
GLOBAL	II	750001	760000	-1.028515893516	8445	8.5548798841689	20.411540266944	11.527931126317
GLOBAL	II	760001	770000	-1.104627068144	9178	7.2101641402888	20.027863004627	11.603643649503
GLOBAL	II	770001	780000	-0.88175797804309	8757	8.6293431934349	19.392968049993	12.207005918388
GLOBAL	II	780001	790000	-1.0715477673196	9027	8.8345460162088	21.721767485278	12.026735402852
GLOBAL	II	790001	800000	-0.47337283146075	8885	32.731899720002	43.865161789423	23.519013617798
GLOBAL	II	800001	810000	0.022606668099155	8831	39.298307818991	38.872476465954	18.836537572416
GLOBAL	II	810001	820000	-1.0296119955631	9003	11.028461848012	24.476761444934	13.061521869282
GLOBAL	II	820001	830000	-0.62169448829741	9147	15.244241301572	23.671787817475	13.555768427323
GLOBAL	II	830001	840000	-1.0296835394453	8818	8.9588472281969	25.820392109306	16.375463174048
GLOBAL	II	840001	850000	-1.0787467930426	8551	7.5594655231865	20.698609031323	12.180007016361
GLOBAL	II	850001	860000	-1.1880119950591	8967	8.5133762834713	26.176272370319	14.867607532843
GLOBAL	II	860001	870000	-1.0505075508902	8967	10.106512905478	23.404040854824	12.658193592306
GLOBAL	II	870001	880000	-0.94669926643971	8847	10.834458638248	24.464807554282	14.397760090481
GLOBAL	II	880001	890000	-1.0534561096914	8260	6.8398979745481	21.771272579065	14.173703552671
GLOBAL	II	890001	900000	-1.2022309084712	8609	7.7623686758356	23.506757705338	13.095977585141
GLOBAL	II	900001	910000	-1.2926874774512	9233	7.5264770459797	26.288582315483	14.514030341268
GLOBAL	II	910001	920000	-1.0984132002887	8318	8.9691779130221	26.68863790811	16.13187094841
GLOBAL	II	920001	930000	-0.26813224231979	8460	39.300404401603	47.373748897636	30.109562453905
GLOBAL	II	930001	940000	-1.0902041854094	8973	9.1170948643246	22.659116503758	12.421546184348
GLOBAL	II	940001	950000	-1.3320363360846	8553	6.450329613898	21.965621314436	11.64779914799
GLOBAL	II	950001	960000	-1.4154145447864	9132	7.1064238607946	25.342850812792	12.884159640135
GLOBAL	II	960001	970000	-1.1566378843456	9222	9.7651830972376	27.447402585819	15.287601874276
GLOBAL	II	970001	980000	-1.2336489300649	9077	8.2255422930635	24.865791823348	13.488642615213
GLOBAL	II	980001	990000	-1.3490094381907	9170	6.6673673372436	25.617632598249	14.047540902621
GLOBAL	II	990001	1000000	-1.2804490178112	8616	6.3264851748098	22.236794605887	12.425570413006
GLOBAL	II	1000001	1010000	-1.3315018454989	9194	8.5678037550443	27.29475340864	14.064531503957
GLOBAL	II	1010001	1020000	-1.2797466240335	9126	8.0537535757836	28.748189617041	16.170729152645
GLOBAL	II	1020001	1030000	-1.3171563547824	9093	8.2198884530126	26.523013712148	13.895939682999
GLOBAL	II	1030001	1040000	-0.91942756200921	9024	10.685997244902	21.857896578432	12.150929333808
GLOBAL	II	1040001	1050000	-1.029206749577	8634	7.6004400731367	20.058486452451	12.104512902228
GLOBAL	II	1050001	1060000	-1.2443422590138	9117	7.4461207222044	20.803465890514	10.734462380869
GLOBAL	II	1060001	1070000	-1.3684300199072	9518	5.8714129760961	22.379618196613	12.063609377436
GLOBAL	II	1070001	1080000	-1.3141325044304	8888	23.652150249843	65.890248292136	32.141430106852
GLOBAL	II	1080001	1090000	-1.170987437798	8641	24.157433858093	63.307060247834	33.433002888023
GLOBAL	II	1090001	1100000	-1.1008730755631	8328	25.629510021127	58.970983375888	30.286391860122
GLOBAL	II	1100001	1110000	-0.67559143842255	8849	36.302428830178	54.691967152288	27.219910253818
GLOBAL	II	1110001	1120000	0.095976468504645	7490	70.989421868082	66.723344696463	44.449199247332
GLOBAL	II	1120001	1130000	0.21797649292011	8308	64.19114527642	56.876522200996	33.556935325613
GLOBAL	II	1130001	1140000	0.2411919416732	7238	53.409727345706	45.771541507685	31.668495162124
GLOBAL	II	1140001	1150000	-0.56298610268606	8093	37.610306556945	56.153331791577	32.936914687879
GLOBAL	II	1150001	1160000	-1.7093099084746	8785	8.0166871763767	47.987775806611	23.384342670724
GLOBAL	II	1160001	1170000	-1.3486388255748	8506	5.5766909962765	22.755022138221	12.737532700516
GLOBAL	II	1170001	1180000	-1.1226876883313	8852	10.30824641863	26.794834017444	14.684927758777
GLOBAL	II	1180001	1190000	-1.441043852001	9200	5.286459698442	21.055133386043	10.942535624925
GLOBAL	II	1190001	1200000	-1.2789468508567	8877	6.1942037578356	20.417603255475	11.121181062459
GLOBAL	II	1200001	1210000	-1.1992970731647	8842	12.606022098466	35.122925603745	18.77508417982
GLOBAL	II	1210001	1220000	-1.643613660537	8701	8.5257260300798	44.227960141591	21.721792029792
GLOBAL	II	1220001	1230000	-1.7780890358514	8755	10.840106384804	58.508537252771	26.808798607288
GLOBAL	II	1230001	1240000	-1.1940502534593	9154	8.2836206277718	25.648080962703	14.542487039071
GLOBAL	II	1240001	1250000	0.31771318997908	8196	53.878152359568	44.314315728469	30.102107601288
GLOBAL	II	1250001	1260000	0.24123420838193	8014	56.498679308146	47.97670805312	35.326545568254
GLOBAL	II	1260001	1270000	-0.92929083890787	9012	19.451324348218	35.515791075595	17.286801994364
GLOBAL	II	1270001	1280000	-1.0827549392007	8819	17.249299710553	39.572904248897	20.61741187237
GLOBAL	II	1280001	1290000	-0.91871954918852	8790	20.037516914071	42.90641125256	24.892138584282
GLOBAL	II	1290001	1300000	-0.76897707304071	8242	21.610962816027	39.498752349489	23.261798251968
GLOBAL	II	1300001	1310000	-0.93135179065599	8303	21.287189331655	48.449243816272	29.164119033352
GLOBAL	II	1310001	1320000	-0.46549718349222	7539	52.203143301558	73.328732093556	45.382849867128
GLOBAL	II	1320001	1330000	-0.55014565222351	7496	23.951568329839	40.965807329187	30.926789897514
GLOBAL	II	1330001	1340000	-0.34355689756459	7056	23.900612109915	33.52091162301	28.002056082388
GLOBAL	II	1340001	1350000	-0.21625808845505	6568	58.20722475094	69.393651944096	51.727208323495
GLOBAL	II	1350001	1360000	0.2644762638125	8157	117.79213078669	101.93727873978	59.948109589708
GLOBAL	II	1360001	1370000	-0.38616934059114	7753	76.427365337029	98.436393793616	56.993205164594
GLOBAL	II	1370001	1380000	-0.61561083507803	7468	25.743787164444	44.215641915144	30.005733652104
GLOBAL	II	1380001	1390000	-0.86835452750303	8266	18.594071909534	42.642407473155	27.694144271664
GLOBAL	II	1390001	1400000	0.42487447210931	7989	137.72072659327	110.11598893841	64.971513863416
GLOBAL	II	1400001	1410000	0.98838416512272	8262	108.2954329113	67.031897872346	41.748478471257
GLOBAL	II	1410001	1420000	0.90064298046016	7768	91.028366383537	56.300216715199	38.55928533479
GLOBAL	II	1420001	1430000	2.5258972716985	8311	174.6017447596	70.757267039327	41.111916499457
GLOBAL	II	1430001	1440000	0.064563735593042	8662	22.723661951992	21.856396348066	13.432704845215
GLOBAL	II	1440001	1450000	-0.4547112854215	9113	19.493722745158	26.179558487836	14.703474395802
GLOBAL	II	1450001	1460000	-0.053350565157829	8364	67.928651784585	69.972802973584	38.315455196235
GLOBAL	II	1460001	1470000	-0.63721780879822	8781	32.355389505649	50.743896883047	28.857491305961
GLOBAL	II	1470001	1480000	-1.0385224510609	9198	10.38021408698	26.471429986405	15.494336095467
GLOBAL	II	1480001	1490000	-1.2370504015574	9291	7.0005920563619	21.331265358997	11.584550867607
GLOBAL	II	1490001	1500000	-0.95865193103393	8901	8.9750453863077	22.949758058551	14.577462601229
GLOBAL	II	1500001	1510000	-1.1714120930325	8725	13.04686844123	38.962854977388	22.12371435322
GLOBAL	II	1510001	1520000	-1.2431969524526	9476	8.4904405975944	23.263307007373	11.882965430888
GLOBAL	II	1520001	1530000	-1.1367585030684	9506	6.6481822244163	17.024309805664	9.1278205117791
GLOBAL	II	1530001	1540000	-1.2171279577477	8219	5.6850440974202	18.638424329802	10.642578826595
GLOBAL	II	1540001	1550000	-1.0678693374384	8641	7.6620490337268	19.131439428719	10.740443603808
GLOBAL	II	1550001	1560000	-0.93693281176546	8641	10.871469484978	23.674161192256	13.664471503729
GLOBAL	II	1560001	1570000	-1.3218826119171	8757	6.6674288711132	23.011823877007	12.364482941636
GLOBAL	II	1570001	1580000	-1.1435994710457	8515	9.0528143450768	24.198329433716	13.243723412
GLOBAL	II	1580001	1590000	-0.92135950604696	8953	5.5060969631313	18.440049563652	14.03789998978
GLOBAL	II	1590001	1600000	0.61396512013926	7032	50.134161013922	34.50111255522	25.462437434812
GLOBAL	II	1600001	1610000	0.21670056773622	4272	20.724337870717	17.211958440841	16.208445905648
GLOBAL	II	1610001	1620000	-0.99281863256755	8375	10.221384350254	24.593472135055	14.476045587131
GLOBAL	II	1620001	1630000	-1.0018163687585	9355	6.4200195776129	16.90798794449	10.468952887917
GLOBAL	II	1630001	1640000	-1.0461403187272	9267	8.1685277480605	22.407006257675	13.610486332214
GLOBAL	II	1640001	1650000	-0.96215950114259	8874	11.216112666478	24.640915532663	13.952783140677
GLOBAL	II	1650001	1660000	-0.9791520499049	9114	8.9939262887555	20.285789247023	11.532287512817
GLOBAL	II	1660001	1670000	-1.5017702011151	9286	11.148777349833	38.483577065806	18.201719341399
GLOBAL	II	1670001	1680000	-1.3715463025731	8719	6.8889007409867	23.148834446198	11.85518394436
GLOBAL	II	1680001	1690000	-1.291092054969	9454	3.4842240407603	14.034251769948	8.1713985370633
GLOBAL	II	1690001	1700000	-1.1761099639555	9204	5.3829162077547	14.70403440749	7.9253798415132
GLOBAL	II	1700001	1710000	-1.099142028081	8405	6.5072399352199	20.97954124157	13.166907402875
GLOBAL	II	1710001	1720000	-1.1829780851754	9302	4.8254734703498	17.816295749413	10.981456412303
GLOBAL	II	1720001	1730000	-1.2465566698668	9370	5.4551458703092	17.807071353737	9.9088359013376
GLOBAL	II	1730001	1740000	-0.99470591808262	8683	7.7140363200618	21.87895320305	14.240306230702
GLOBAL	II	1740001	1750000	-1.0728070782587	9096	6.7506008818444	19.522916171223	11.905509898489
GLOBAL	II	1750001	1760000	-0.76362933799627	4642	2.1182998734467	6.3474661478314	5.5382448839405
GLOBAL	II	1760001	1770000	-0.58627638336658	7702	8.7795452073755	15.484124535411	11.435867993753
GLOBAL	II	1770001	1780000	-0.84174130668748	9255	11.027638915283	26.352176475979	18.205756850645
GLOBAL	II	1780001	1790000	-1.5388420080999	9081	4.1379281907362	20.141993995505	10.40007078084
GLOBAL	II	1790001	1800000	-1.3250112079391	8687	4.4381823296025	19.522461616456	11.384265428453
GLOBAL	II	1800001	1810000	-0.95237082087528	6885	2.7503001185646	9.9266772323411	7.5352761303429
GLOBAL	II	1810001	1820000	-0.68251668037929	8414	10.362600375812	20.233330718422	14.462255101406
GLOBAL	II	1820001	1830000	-1.2681471000887	8719	5.4542148449446	19.118801254912	10.775237674724
GLOBAL	II	1830001	1840000	-1.3147769388112	9044	3.6122199043253	12.733137477295	6.9372357422218
GLOBAL	II	1840001	1850000	-0.90817869483864	9227	7.2524650008341	14.684517776244	8.1834696383522
GLOBAL	II	1850001	1860000	-1.1452858307152	9245	4.4756832642772	13.523621509891	7.9001573257602
GLOBAL	II	1860001	1870000	-1.0331670337103	9147	10.326172391312	22.620952048065	11.900089003614
GLOBAL	II	1870001	1880000	-0.84609600074104	8576	7.5415345515134	15.877352180695	9.8520943508543
GLOBAL	II	1880001	1890000	-0.43614189201094	8285	16.124415027603	24.52229100923	19.254917116322
GLOBAL	II	1890001	1900000	-0.55030892630257	8466	13.391927077748	22.060742076621	15.752633810825
GLOBAL	II	1900001	1910000	-0.66279373848684	8496	4.311675777358	9.864214660576	8.3774763712983
GLOBAL	II	1910001	1920000	-0.53654822667876	8534	5.1776296768074	9.7597618490032	8.5400192272729
GLOBAL	II	1920001	1930000	-0.75477503578825	9434	5.7944239273264	11.885726228415	8.0703547577293
GLOBAL	II	1930001	1940000	-1.064365750074	8806	4.2207747354881	18.271838109992	13.201348665651
GLOBAL	II	1940001	1950000	-0.82918960694389	8424	4.8699491947802	14.665753272979	11.813708223264
GLOBAL	II	1950001	1960000	-0.81340804584666	8429	12.904553823045	30.443051043289	21.561745436129
GLOBAL	II	1960001	1970000	-0.66822233801133	6130	8.314583332977	17.322693654551	13.480708155287
GLOBAL	II	1970001	1980000	-0.79260575135289	7153	5.1880359038134	16.311089500263	14.033526223426
GLOBAL	II	1980001	1990000	-1.06309496326	9286	5.431196692414	16.79502842465	10.689385355931
GLOBAL	II	1990001	2000000	-1.0953915759473	9293	7.3985764084587	18.322977826649	9.9730558989769
GLOBAL	II	2000001	2010000	-0.89874623816833	8529	8.2192899186606	17.446283724947	10.266517304251
GLOBAL	II	2010001	2020000	-0.99007276216806	9026	9.4265497973724	20.540416355554	11.225302808901
GLOBAL	II	2020001	2030000	-1.3340530965643	9375	2.8247474725127	11.17630002386	6.2602849713073
GLOBAL	II	2030001	2040000	-1.1069928052836	9083	7.3097073657879	19.762157091271	11.248898516818
GLOBAL	II	2040001	2050000	-1.237399495438	9468	7.2375250705175	20.795109888888	10.956513937781
GLOBAL	II	2050001	2060000	-1.3306121159996	9399	3.7407171742157	12.860978658842	6.8541849085562
GLOBAL	II	2060001	2070000	-1.2205747586957	8634	7.6916050990777	23.945921081627	13.316936030955
GLOBAL	II	2070001	2080000	-0.61380005122138	9117	12.708592963339	20.84637441987	13.258033198822
GLOBAL	II	2080001	2090000	-1.1987046643608	8777	6.4358422525692	20.808536031822	11.990187580455
GLOBAL	II	2090001	2100000	-1.1644366429339	9009	6.7280279178963	19.904973097715	11.316154691438
GLOBAL	II	2100001	2110000	-0.97706231344765	9075	7.5091696438349	17.968501768801	10.704877243765
GLOBAL	II	2110001	2120000	-0.40414624717573	6944	14.831828288397	20.71189092841	14.549343662361
GLOBAL	II	2120001	2130000	-0.7021784149577	8169	16.751880610949	30.105455197066	19.01735271501
GLOBAL	II	2130001	2140000	-0.99375657650994	9139	9.963111859652	24.73398751118	14.863675874632
GLOBAL	II	2140001	2150000	-1.139579882803	9071	7.733461841376	18.974185415059	9.863918926012
GLOBAL	II	2150001	2160000	-0.69842368785622	9496	9.506122865034	14.547387696461	7.2180610696365
GLOBAL	II	2160001	2170000	-1.0071033359778	9475	7.7916084209609	16.890893936358	9.0351061210245
GLOBAL	II	2170001	2180000	-0.88588969125481	8561	11.451126314519	23.558194944845	13.666564528115
GLOBAL	II	2180001	2190000	-1.1774304797058	9266	5.6806152733239	15.984708555523	8.7513390045527
GLOBAL	II	2190001	2200000	-1.0706691823802	9063	7.8854057127923	17.933797141548	9.3851505153233
GLOBAL	II	2200001	2210000	-1.0150902630398	9106	5.0103932577412	16.207578389722	11.030728536839
GLOBAL	II	2210001	2220000	-1.0847613825049	9269	8.8491033677335	19.621226674284	9.9304081803469
GLOBAL	II	2220001	2230000	-1.1576498741409	9054	7.2009630056746	19.757216267899	10.846330607121
GLOBAL	II	2230001	2240000	-1.0177578850313	8786	8.3687785120802	19.763012906589	11.195427283924
GLOBAL	II	2240001	2250000	-1.1650059686091	8611	6.9240630811134	19.629621115548	10.906002524266
GLOBAL	II	2250001	2260000	-0.80796334731787	8976	15.210644536166	26.638454398826	14.14397064
GLOBAL	II	2260001	2270000	-1.062725798187	8658	8.8107602300162	21.146840752911	11.607961850498
GLOBAL	II	2270001	2280000	-1.1291035346285	9230	11.588965244561	24.295730789384	11.253853304962
GLOBAL	II	2280001	2290000	-0.86219556051055	7958	13.597928371075	28.257019858034	17.002049370654
GLOBAL	II	2290001	2300000	-1.4054542556017	7928	11.951911243505	43.312891985527	22.313768389848
GLOBAL	II	2300001	2310000	-1.5556125556385	8617	5.906088022107	38.072891869139	20.677901917441
GLOBAL	II	2310001	2320000	-1.9165386833321	9172	10.519304536891	59.787343770566	25.706780490346
GLOBAL	II	2320001	2330000	-1.8663484307041	7806	10.785475830007	50.158139732192	21.096095056234
GLOBAL	II	2330001	2340000	-2.0511442878445	9277	8.7972732895772	59.118159086145	24.53307945949
GLOBAL	II	2340001	2350000	-1.1651004871243	9041	22.309877275517	50.194507284467	23.933240366053
GLOBAL	II	2350001	2360000	-0.88603476139269	9084	28.247936513167	55.258356416318	30.484605209728
GLOBAL	II	2360001	2370000	-1.2106465667366	9028	10.265210998528	35.369737897864	20.736462307913
GLOBAL	II	2370001	2380000	-1.6057381743078	8899	23.136396152769	75.007448845312	32.303555786673
GLOBAL	II	2380001	2390000	0.21183367772256	8312	90.788038239602	81.934835608324	41.793178150233
GLOBAL	II	2390001	2400000	1.1794479880344	8905	79.493442711063	47.665457631947	26.985492706769
GLOBAL	II	2400001	2410000	-1.2181433848867	9296	8.2170322509448	20.135802530888	9.7843738494317
GLOBAL	II	2410001	2420000	-0.89525878560465	9049	12.156699115255	21.193569344469	10.094143028276
GLOBAL	II	2420001	2430000	-0.31595466871121	8835	19.728552686216	24.977959251204	16.614429488891
GLOBAL	II	2430001	2440000	-0.055703846981712	8957	36.412191659176	38.071626656438	29.790312288606
GLOBAL	II	2440001	2450000	-0.80775349226868	9313	7.3758262433131	16.118419912477	10.823343696861
GLOBAL	II	2450001	2460000	-0.9493995524407	9469	9.4930011966931	19.507378296001	10.548116515921
GLOBAL	II	2460001	2470000	-1.3586414695651	9166	3.9548606497936	12.861329484577	6.5554224821611
GLOBAL	II	2470001	2480000	-1.1949892240612	9536	5.5664501293802	14.420136963216	7.4090097680933
GLOBAL	II	2480001	2490000	-1.1311088682989	9229	6.4784232359018	17.579717179283	9.8145229469169
GLOBAL	II	2490001	2500000	-0.85377044297259	7808	3.5560885754444	10.665650591367	8.3272524534454
GLOBAL	II	2500001	2510000	-1.007595898726	9201	4.6822359606894	15.254551370343	10.492614571994
GLOBAL	II	2510001	2520000	-0.65179844312003	8891	11.17629995475	18.544040712296	11.303710273192
GLOBAL	II	2520001	2530000	-0.95488881561902	9248	6.1720354558731	16.578275536932	10.89785523806
GLOBAL	II	2530001	2540000	-0.84604655816938	9650	9.4810384287762	17.744123870272	9.7667029807136
GLOBAL	II	2540001	2550000	-1.0999651825843	9260	5.2456904002075	17.215466187	10.881958789523
GLOBAL	II	2550001	2560000	-1.3017017503801	9234	10.797394153433	33.902223774177	17.749710802799
GLOBAL	II	2560001	2570000	-1.4131335327208	9486	4.976519755705	20.016898274885	10.643281877419
GLOBAL	II	2570001	2580000	-1.3555031632576	9651	5.314962019661	16.109198849793	7.9632693768051
GLOBAL	II	2580001	2590000	-0.93739509159927	9040	6.3618789103946	18.031317016427	12.448793695008
GLOBAL	II	2590001	2600000	-1.1700388537399	9343	7.4630406119865	20.020233227598	10.73228685994
GLOBAL	II	2600001	2610000	-0.84462527897293	9561	9.2969699625868	17.677372729167	9.922036405032
GLOBAL	II	2610001	2620000	-0.83288193985679	8985	10.770489404393	21.202978018175	12.525771198228
GLOBAL	II	2620001	2630000	-0.38249278254884	8905	15.405830302808	21.040939017128	14.732588355704
GLOBAL	II	2630001	2640000	-0.90086091607354	9294	6.0718471016651	13.631091348739	8.3911335392612
GLOBAL	II	2640001	2650000	-0.6489151807747	9019	11.345592938928	18.668248442644	11.284457076461
GLOBAL	II	2650001	2660000	-0.76394683392127	8273	7.4635540006042	13.283759794075	7.6186005819236
GLOBAL	II	2660001	2670000	-1.0195099909437	9393	8.0712354237312	17.942750612638	9.6826076022752
GLOBAL	II	2670001	2680000	-1.3230591330939	9321	6.7950049080306	19.618454814002	9.6922726922904
GLOBAL	II	2680001	2690000	-0.79609279723384	4241	3.2754057307871	8.1160290070508	6.080476161929
GLOBAL	II	2690001	2700000	-0.62015060845891	5969	5.9353177430169	12.397433869854	10.420236695237
GLOBAL	II	2700001	2710000	-0.93479317813457	6299	3.4276786597587	10.339803206553	7.3942821882674
GLOBAL	II	2710001	2720000	0.51445683682755	9077	83.92245944969	67.671620587024	31.58834269339
GLOBAL	II	2720001	2730000	-0.052092459503131	8408	59.067106759744	60.771449397031	32.717645769527
GLOBAL	II	2730001	2740000	-1.3829412303924	8504	20.803842975103	71.979220886116	37.004738007915
GLOBAL	II	2740001	2750000	-1.2971506038627	8453	29.06338833063	80.991011651287	40.032069650219
GLOBAL	II	2750001	2760000	-1.5447053258957	9234	18.519193155022	55.874303263087	24.182677098238
GLOBAL	II	2760001	2770000	-1.8296643613357	8585	14.436255981648	76.226482260349	33.771344944158
GLOBAL	II	2770001	2780000	-1.6091160396753	8654	20.210244802279	69.81830103959	30.829383968679
GLOBAL	II	2780001	2790000	-1.5928047252837	8476	16.313648139632	61.780964257071	28.545442762509
GLOBAL	II	2790001	2800000	-1.6911518703036	8786	21.009388634625	78.932110981944	34.250455777765
GLOBAL	II	2800001	2810000	-2.0536382270947	8886	4.4109082075313	68.160991109664	31.042508880603
GLOBAL	II	2810001	2820000	-1.5097781557958	8754	18.002142005309	60.340468212063	28.042746574538
GLOBAL	II	2820001	2830000	-0.70540977299737	9222	18.212800784009	29.563144570986	16.090426049455
GLOBAL	II	2830001	2840000	-1.1910056458679	7997	34.934286097716	81.062095036279	38.730134570395
GLOBAL	II	2840001	2850000	-0.86557390646095	8644	33.23211021216	60.349945457885	31.329312313261
GLOBAL	II	2850001	2860000	-1.4970640570671	9104	4.2535260855604	18.730087609957	9.6699679990702
GLOBAL	II	2860001	2870000	-1.1053245539242	8933	6.0087243222028	16.118123005762	9.1460907546735
GLOBAL	II	2870001	2880000	-1.0270376265764	8737	6.9317259981247	18.863088016663	11.617258910281
GLOBAL	II	2880001	2890000	-1.0394102098199	9306	4.8217946483896	12.869888543605	7.742942891248
GLOBAL	II	2890001	2900000	-0.98215347306367	8877	5.2928626780321	21.459044086786	16.459934065422
GLOBAL	II	2900001	2910000	-0.85757012872412	8689	6.3440765919989	16.280318012012	11.586505974498
GLOBAL	II	2910001	2920000	-0.80324498247945	6686	6.2894365863559	16.995251655432	13.328206590261
GLOBAL	II	2920001	2930000	-1.0864620687724	5582	5.1520572698247	14.567144441121	8.6658222517921
GLOBAL	II	2930001	2940000	-0.87453477906086	8853	8.8335017074149	19.383379818585	12.063417446359
GLOBAL	II	2940001	2950000	-1.4735438889959	9673	3.4309477272145	17.022593259075	9.2237805968046
GLOBAL	II	2950001	2960000	-1.4719687042945	9347	4.0712227521753	15.735071699108	7.9239788950013
GLOBAL	II	2960001	2970000	-1.1258703898331	8886	10.749095141648	24.171363358036	11.921681516447
GLOBAL	II	2970001	2980000	-1.0860935884626	9292	9.5755138370374	27.212556603412	16.238971441992
GLOBAL	II	2980001	2990000	-1.2258944036364	9105	6.3558614915743	16.499894915057	8.2748019677652
GLOBAL	II	2990001	3000000	-0.86358085605256	8503	7.6052835565231	15.205704980211	8.8010536250527
GLOBAL	II	3000001	3010000	-1.2431876210647	8100	4.0740144795048	12.862050426956	7.0689538719223
GLOBAL	II	3010001	3020000	-1.299718498549	9359	5.8871867903344	18.716478923683	9.8708236804132
GLOBAL	II	3020001	3030000	-1.1319158016532	8805	6.0597263128922	17.81397754604	10.384386555944
GLOBAL	II	3030001	3040000	-0.93808174203493	8431	6.967315280763	15.097563149372	8.6668863749255
GLOBAL	II	3040001	3050000	-1.1556590524887	8358	6.352915685479	18.984138213625	10.929886717838
GLOBAL	II	3050001	3060000	-1.1379890296123	8659	7.4259742967782	19.10397760242	10.261964748131
GLOBAL	II	3060001	3070000	-1.5861784415833	8529	3.4263193931188	15.068418019766	7.3397155839702
GLOBAL	II	3070001	3080000	-1.0088718512436	9278	4.5408433200066	10.001744989759	5.4128794088378
GLOBAL	II	3080001	3090000	-1.3909518338975	9023	4.376694308752	18.474134205864	10.135102850838
GLOBAL	II	3090001	3100000	-1.2038572115395	8578	5.8784775096108	18.462249612611	10.452877619023
GLOBAL	II	3100001	3110000	-1.2190105224607	8973	5.9421451054939	19.634552410921	11.232394678421
GLOBAL	II	3110001	3120000	-0.71814671091479	8342	7.13365388835	13.742829155359	9.2030989859863
GLOBAL	II	3120001	3130000	-1.5092927693634	8759	4.1759397672487	16.761615698758	8.3387903175453
GLOBAL	II	3130001	3140000	-0.67017200192534	9008	11.556355600968	18.986511550337	11.086938767992
GLOBAL	II	3140001	3150000	-0.98937942210467	9372	8.0127037740701	17.543273554931	9.6328764960433
GLOBAL	II	3150001	3160000	-0.48250793207222	8833	13.069954861965	19.570943341537	13.473329757818
GLOBAL	II	3160001	3170000	-1.3001223970583	9169	5.7593914030246	19.008981645933	10.191032992653
GLOBAL	II	3170001	3180000	-0.97282238337437	8971	8.4886602584288	17.027924367783	8.7778244572605
GLOBAL	II	3180001	3190000	-0.965383485999	9479	7.1560262982452	14.681681322869	7.7955083485147
GLOBAL	II	3190001	3200000	-1.0603513550605	9364	7.7060461531604	16.627980021777	8.4141297373147
GLOBAL	II	3200001	3210000	-0.76589687319548	9320	7.9596333028158	13.772822801659	7.5900420830674
GLOBAL	II	3210001	3220000	-0.20143939775526	9231	17.570924857955	19.698050781247	10.559632063023
GLOBAL	II	3220001	3230000	-0.99581848631272	9406	6.1312698083363	13.26052253201	7.1591889703426
GLOBAL	II	3230001	3240000	-0.78195536441927	9278	10.047189095512	18.879354115202	11.294973372616
GLOBAL	II	3240001	3250000	-1.1738403805397	9181	6.0294956341607	17.677886336323	9.923317424816
GLOBAL	II	3250001	3260000	-1.1760479950301	9320	9.1329442371811	21.325010418392	10.366980117082
GLOBAL	II	3260001	3270000	-1.102493868779	8952	7.4364642395071	18.992138782373	10.481395742965
GLOBAL	II	3270001	3280000	0.31416793170171	8510	15.849929610072	12.477174753989	10.735515995582
GLOBAL	II	3280001	3290000	-0.42036766845861	9058	9.2757629251723	12.750475077158	8.2658882038346
GLOBAL	II	3290001	3300000	-0.77830697813078	8893	10.232331593525	17.284225620066	9.060556084795
GLOBAL	II	3300001	3310000	-0.94800055163337	9258	8.0194356204367	16.907703219	9.3758042474228
GLOBAL	II	3310001	3320000	0.11977481543688	8757	45.258643432118	41.864175381582	28.340415622052
GLOBAL	II	3320001	3330000	0.092647432777247	8962	56.581319203081	54.26556744629	24.995314898354
GLOBAL	II	3330001	3340000	-1.2125671485815	8647	14.898451488455	40.223231388688	20.885259781167
GLOBAL	II	3340001	3350000	-0.91454815206527	9006	7.182701183221	16.391776572465	10.069535834115
GLOBAL	II	3350001	3360000	-0.76064980473392	9190	8.3386001039603	14.952633251408	8.6952407090421
GLOBAL	II	3360001	3370000	-0.83220384803346	9488	6.4796609312052	12.351755321729	7.0560769508576
GLOBAL	II	3370001	3380000	-0.81678678013119	8871	10.778002775597	20.201060547726	11.536741290812
GLOBAL	II	3380001	3390000	-0.81747099271469	8961	9.4710793360781	16.635410809657	8.7640191975347
GLOBAL	II	3390001	3400000	2.8413691205319	9065	92.930427938031	37.824366197107	19.394193222811
GLOBAL	II	3400001	3410000	2.4678479802169	9443	69.353802541838	31.849708047702	15.197084583322
GLOBAL	II	3410001	3420000	-1.122140723848	9539	6.6914412759816	16.239108519171	8.5084401985243
GLOBAL	II	3420001	3430000	-0.658910930057	8890	10.439399195056	17.094037355022	10.099450254059
GLOBAL	II	3430001	3440000	-1.0909243088144	9123	6.9625604898646	16.283328093873	8.5439177848528
GLOBAL	II	3440001	3450000	-1.3970231688547	9360	2.8665820213101	12.212066546148	6.6895701754892
GLOBAL	II	3450001	3460000	-1.1302024624364	9379	8.9256233610626	21.318375383535	10.965072572712
GLOBAL	II	3460001	3470000	-0.79874994862597	9584	7.5828448241635	13.121958127712	6.9347275866208
GLOBAL	II	3470001	3480000	-1.4448494234094	9522	4.8182134263276	18.064699982986	9.1680740858111
GLOBAL	II	3480001	3490000	-1.0932834928249	9096	4.3704224221057	10.391010930783	5.5068868671211
GLOBAL	II	3490001	3500000	-1.2599094722144	9165	4.3619833126616	13.381617841465	7.1589544548391
GLOBAL	II	3500001	3510000	-1.2712326389293	9191	4.1297035351947	14.565928684376	8.2095320947484
GLOBAL	II	3510001	3520000	-1.0385399712432	9541	11.113597923015	29.562904568839	17.76465726566
GLOBAL	II	3520001	3530000	-0.42755126992712	9276	20.179251585293	28.512182345892	19.489898280547
GLOBAL	II	3530001	3540000	-1.173666564416	8925	5.3684717682139	14.86419777627	8.0906505271199
GLOBAL	II	3540001	3550000	-0.85603394275874	8875	7.056949092219	14.967248306012	9.2406373376978
GLOBAL	II	3550001	3560000	-1.2521231154726	9280	5.4389786010464	18.375642513024	10.331782675456
GLOBAL	II	3560001	3570000	-0.8237833059524	6258	3.7464643867813	10.627887415105	8.3534383115081
GLOBAL	II	3570001	3580000	-1.1689329979409	9118	5.081558906635	14.555529628068	8.1048021897932
GLOBAL	II	3580001	3590000	-1.0779077374458	9290	6.0754371661183	16.261946498581	9.450260888377
GLOBAL	II	3590001	3600000	-1.3023655372998	9472	5.4254310502473	17.15034412262	9.0027820428067
GLOBAL	II	3600001	3610000	-1.2802272199967	9511	6.4841216385772	17.927999666848	8.9389429075723
GLOBAL	II	3610001	3620000	-1.2792456665895	9515	5.7634070810023	15.848874736625	7.8839177798511
GLOBAL	II	3620001	3630000	-1.0723873491936	9443	6.9799385905532	16.371359497392	8.7574894592903
GLOBAL	II	3630001	3640000	-1.3345215946626	9305	3.5540794867419	13.539901014173	7.4826975954303
GLOBAL	II	3640001	3650000	-1.3364494817347	9290	4.5374272345308	14.940546240606	7.7841468370147
GLOBAL	II	3650001	3660000	-0.45201054039292	9154	12.874643877945	18.930633259786	13.397894165425
GLOBAL	II	3660001	3670000	-1.3963792594042	9250	3.0962845740114	11.429913905205	5.968027149551
GLOBAL	II	3670001	3680000	-1.0764953984618	9381	6.7490419048643	16.373931378913	8.9409480874711
GLOBAL	II	3680001	3690000	-1.0007050856795	8626	7.8427111811275	16.370551186099	8.5218313836991
GLOBAL	II	3690001	3700000	-0.96645100241481	9465	6.0629153948903	12.732723855173	6.9013415513224
GLOBAL	II	3700001	3710000	-1.1009015651662	9418	7.1047445699282	17.843066234638	9.7541160849274
GLOBAL	II	3710001	3720000	-1.2412639121657	9234	2.9335242249403	11.196376533386	6.6568053960654
GLOBAL	II	3720001	3730000	-1.0481768658031	9284	6.7591761640914	14.944046434029	7.8086728842901
GLOBAL	II	3730001	3740000	-0.97802733370188	9229	5.7582667192346	13.518080205613	7.9341478698835
GLOBAL	II	3740001	3750000	-0.87058214731256	3808	1.558839762524	5.3512311417397	4.3561556952697
GLOBAL	II	3750001	3760000	-0.70331124073006	6023	3.5044080913958	9.3349897105474	8.2901868781441
GLOBAL	II	3760001	3770000	-1.2211563875053	8761	2.7959296500222	11.307042747822	6.9697159060747
GLOBAL	II	3770001	3780000	-0.95895981382961	9387	6.4845721267113	13.383178157656	7.1938426735472
GLOBAL	II	3780001	3790000	-1.4188881621587	9576	5.0431005353777	16.498341648074	8.073392546505
GLOBAL	II	3790001	3800000	-1.4874875528815	9496	12.042619710796	37.026052617559	16.795725690858
GLOBAL	II	3800001	3810000	-1.6687552672105	8935	14.276715650735	53.01593107503	23.214437842076
GLOBAL	II	3810001	3820000	-2.0179708386128	9185	6.8279783441302	51.061927599271	21.920014109594
GLOBAL	II	3820001	3830000	-1.7860250965769	9328	4.8028054857728	22.60006328584	9.9647299661005
GLOBAL	II	3830001	3840000	-2.2445424946923	9375	7.1729212559431	87.395990285706	35.741390158336
GLOBAL	II	3840001	3850000	-1.4672552839093	9276	23.481085364682	65.403822806296	28.572217732907
GLOBAL	II	3850001	3860000	-1.0222012559254	9796	3.865722281904	9.100562689891	5.1211445668277
GLOBAL	II	3860001	3870000	-1.2640204887858	9526	4.315531428989	12.59887516102	6.5531720454846
GLOBAL	II	3870001	3880000	-1.2778631918571	9341	3.8078602051849	13.524229529451	7.6036068541468
GLOBAL	II	3880001	3890000	-0.9029343373496	8640	4.8962295664471	14.427704270256	10.556110571436
GLOBAL	II	3890001	3900000	-0.85533951043549	8979	8.187618884814	19.868821449336	13.656802266242
GLOBAL	II	3900001	3910000	-0.00052075755146473	9064	21.58686405982	21.59642227637	18.3544463708
GLOBAL	II	3910001	3920000	-1.160181877692	9769	6.7459105751975	15.847403973067	7.8448849899085
GLOBAL	II	3920001	3930000	-0.78200844430682	7511	7.0171211485052	13.258291883886	7.9809505649434
GLOBAL	II	3930001	3940000	-1.1147410794803	7131	2.9075235940099	10.728822482127	7.0162471197027
GLOBAL	II	3940001	3950000	-1.2270144753126	9180	3.551375386166	9.9993694109691	5.2550268595328
GLOBAL	II	3950001	3960000	-1.3076171021531	9549	3.6819467343487	12.600665740373	6.8205891398475
GLOBAL	II	3960001	3970000	-0.71502470617331	9770	7.6505953739699	12.479301365162	6.7532016019898
GLOBAL	II	3970001	3980000	-1.3000568620633	9340	3.7467499349313	10.908855874273	5.5090712939852
GLOBAL	II	3980001	3990000	-1.122530284007	9431	3.0278338421813	10.001228181938	6.2122104312986
GLOBAL	II	3990001	4000000	-1.2712461332187	9386	3.6674195607308	13.654953057293	7.8564907578314
GLOBAL	II	4000001	4010000	-0.95813845181314	5830	1.7034835245136	7.3143582979563	5.8560166986566
GLOBAL	II	4010001	4020000	-0.21990275390457	2001	2.3266311013283	2.8854678872278	2.5412905294583
GLOBAL	II	4020001	4030000	NA	0	NA	NA	NA
GLOBAL	II	4030001	4040000	NA	0	NA	NA	NA
GLOBAL	II	4040001	4050000	NA	0	NA	NA	NA
GLOBAL	II	4050001	4060000	-1.1665071084078	7136	2.8884350991321	8.1831795241955	4.5389731334688
GLOBAL	II	4060001	4070000	-0.82593053813806	9086	6.8150822999533	12.604966880852	7.0101350095989
GLOBAL	II	4070001	4080000	-0.98225348816331	9358	6.0356502653052	13.134620384566	7.2272282102406
GLOBAL	II	4080001	4090000	-0.837401549548	9549	4.853783069275	10.137731695141	6.309934139384
GLOBAL	II	4090001	4100000	-1.0402068424771	9437	5.0340417660136	11.431596495814	6.1502717234249
GLOBAL	II	4100001	4110000	-0.32623799467938	7867	7.1230130404196	9.3368832812045	6.7860588799924
GLOBAL	II	4110001	4120000	-0.5422840557805	6416	5.7735920802895	9.6800276545788	7.2036703507109
GLOBAL	II	4120001	4130000	-0.76729008179605	9307	6.714481839122	11.82462223459	6.6599849479433
GLOBAL	II	4130001	4140000	-1.1726913280119	9659	4.4280513350545	12.474716503434	6.8617077453974
GLOBAL	II	4140001	4150000	-0.95485688183433	9333	5.3641377749988	11.563534830956	6.4924882188075
GLOBAL	II	4150001	4160000	-1.4149005266165	9246	3.9952426003696	13.508302905528	6.7234834719488
GLOBAL	II	4160001	4170000	-1.1549057396263	9551	6.4499361385878	15.587916590874	7.912317117103
GLOBAL	II	4170001	4180000	-1.0010080767227	9035	4.9902605623068	11.043553310896	6.0471967103476
GLOBAL	II	4180001	4190000	-0.90447313848741	9484	7.0755162067334	13.249501300588	6.826056884541
GLOBAL	II	4190001	4200000	-0.68069857339011	9621	10.556297383017	15.585933206865	7.3889325179559
GLOBAL	II	4200001	4210000	-1.0550582096354	8950	4.9832838881868	13.692964326143	8.2551657893512
GLOBAL	II	4210001	4220000	-0.7820992283079	8645	5.6986410883926	12.632759535239	8.8660341244021
GLOBAL	II	4220001	4230000	-0.60681182621673	8529	5.596545080379	11.230705232798	9.2848555499418
GLOBAL	II	4230001	4240000	-1.0234155913225	9180	4.4998820782515	12.235495374435	7.5586236537466
GLOBAL	II	4240001	4250000	-1.1261885025324	9522	5.3800000496047	13.658399691122	7.3508117183775
GLOBAL	II	4250001	4260000	-1.2896612051851	9604	4.7536986717132	14.040160266418	7.200698569026
GLOBAL	II	4260001	4270000	-1.1276641006203	9286	3.8203196332515	10.95645498261	6.328245570142
GLOBAL	II	4270001	4280000	-1.5234667672057	9494	2.4216418044539	10.650241749649	5.4012336352358
GLOBAL	II	4280001	4290000	-1.3724415229647	9181	3.9665207843856	12.338417004678	6.1000021350327
GLOBAL	II	4290001	4300000	-1.064378779939	9490	4.994386592806	12.479320172496	7.0322085715748
GLOBAL	II	4300001	4310000	-1.1486709279559	9433	4.9249519701116	12.470336408502	6.5687955138012
GLOBAL	II	4310001	4320000	-1.2350087750292	9294	5.1082147734325	13.771785029269	7.0149868009084
GLOBAL	II	4320001	4330000	-1.2269348974318	9250	3.4019159498874	10.522404141183	5.8034767828349
GLOBAL	II	4330001	4340000	-0.99040164558636	9650	4.7718142512505	9.8706082765141	5.1482083536371
GLOBAL	II	4340001	4350000	-1.6381081659306	9159	2.0858431064887	10.778345426802	5.3064275614394
GLOBAL	II	4350001	4360000	-1.1823184541694	9685	3.8979435126866	10.5209778993	5.6017347638091
GLOBAL	II	4360001	4370000	-1.4425666028086	9743	4.8935065928039	16.49685133777	8.0435417833567
GLOBAL	II	4370001	4380000	-1.3579634363969	9650	4.3670798496939	13.376971358652	6.6348557460904
GLOBAL	II	4380001	4390000	-0.80731723744627	9556	6.6021308888564	11.559971232357	6.1411302936911
GLOBAL	II	4390001	4400000	-1.2516234528353	9310	3.6260600987192	12.996139032145	7.4863401705998
GLOBAL	II	4400001	4410000	-1.2689721561184	9584	3.071125730642	9.8717160016753	5.3591327739101
GLOBAL	II	4410001	4420000	-1.2630954445735	9504	4.5768423126002	12.082967065075	5.9426425649169
GLOBAL	II	4420001	4430000	-1.1086989398048	9734	5.4897039525019	12.470059119274	6.2959879514281
GLOBAL	II	4430001	4440000	-1.0309627647901	9364	5.5600489378859	11.688951643891	5.9448342028662
GLOBAL	II	4440001	4450000	-1.1484363782232	9505	4.4437608509559	10.648997395113	5.4032044454715
GLOBAL	II	4450001	4460000	-0.79912185063133	9574	7.5917229273301	12.598107726827	6.2648578505792
GLOBAL	II	4460001	4470000	-1.0214934909746	9701	5.2025405280018	10.648825173513	5.3316880563917
GLOBAL	II	4470001	4480000	-1.257521899327	9671	5.6937322049177	14.156449155665	6.729677594701
GLOBAL	II	4480001	4490000	-1.1090517861371	9426	3.7544105570606	9.8715922829904	5.5156862848004
GLOBAL	II	4490001	4500000	-1.1091709185898	9668	3.9250169151039	9.4811775477448	5.0092916605718
GLOBAL	II	4500001	4510000	-1.5654051273963	9337	1.0908278061494	7.5319172825305	4.1146469777408
GLOBAL	II	4510001	4520000	-1.1631631411739	9274	3.5407499082273	9.0910594264924	4.7717377913673
GLOBAL	II	4520001	4530000	-1.2784153081255	9489	2.5884910234801	8.442217843081	4.5788929328326
GLOBAL	II	4530001	4540000	-1.0531518246106	9330	3.1886474030119	8.3127846606678	4.8655256895656
GLOBAL	II	4540001	4550000	-1.1757126810984	9641	5.0166741347323	12.597924265862	6.4482166884917
GLOBAL	II	4550001	4560000	-0.84640926325067	9039	5.7000876120286	11.437669163401	6.7787319922957
GLOBAL	II	4560001	4570000	-1.0161761191844	9640	7.2940594642977	13.89533383506	6.496191207544
GLOBAL	II	4570001	4580000	-0.73763595074845	9448	6.0916001246067	10.001606278737	5.3007261239953
GLOBAL	II	4580001	4590000	-1.3687296462314	9282	4.7174650609381	14.417218750365	7.0866834192816
GLOBAL	II	4590001	4600000	-1.3725237084704	9575	5.4633175522743	14.414158031318	6.5214468965491
GLOBAL	II	4600001	4610000	-1.4053927514044	9391	3.1350076719134	11.949268736095	6.2717422267711
GLOBAL	II	4610001	4620000	-1.2813842750224	9411	3.3771134402887	10.130413939735	5.2703163532489
GLOBAL	II	4620001	4630000	-1.244020532894	9389	2.6101488628208	9.3538695913938	5.4209078952137
GLOBAL	II	4630001	4640000	-1.3139249400497	8880	2.7469576173805	9.091660847617	4.8288171088346
GLOBAL	II	4640001	4650000	-1.0337670872166	9335	5.3468826957176	11.430397102809	5.8848017917367
GLOBAL	II	4650001	4660000	-0.80880898155073	9578	8.3322178048369	14.289013586026	7.3648981614527
GLOBAL	II	4660001	4670000	-0.61906949672363	9225	8.0950623231331	13.415032262731	8.5934938932594
GLOBAL	II	4670001	4680000	-0.79834593636162	9733	5.6057300426245	10.002472133392	5.5073144241269
GLOBAL	II	4680001	4690000	-1.2209353198699	9719	5.8105016484906	14.813368290286	7.3737457630062
GLOBAL	II	4690001	4700000	-1.5417166112539	9476	3.1099631038639	12.337289582187	5.9850989546118
GLOBAL	II	4700001	4710000	-1.275952514811	9629	4.3439733564233	12.340811244338	6.267347565908
GLOBAL	II	4710001	4720000	-1.2917392683639	9595	3.6053447233652	10.910129895399	5.6549996976446
GLOBAL	II	4720001	4730000	-1.3425318606917	9673	3.820938827136	11.558369998057	5.7633128847569
GLOBAL	II	4730001	4740000	-1.1425354605287	9468	5.4440577527394	12.207286164945	5.9194910318811
GLOBAL	II	4740001	4750000	-1.2613803325028	9383	3.7540373686714	10.780028435905	5.5700813515084
GLOBAL	II	4750001	4760000	-1.2289247012552	9454	4.2327548446039	12.472753681306	6.7050477773664
GLOBAL	II	4760001	4770000	-1.3842262906702	9663	2.3544355806049	9.0916536019609	4.8671362961137
GLOBAL	II	4770001	4780000	-0.94241912421826	9452	6.005249720477	12.343715724197	6.7257400033954
GLOBAL	II	4780001	4790000	-1.0177095394072	9538	3.0488661305726	7.2749263881656	4.1525210228988
GLOBAL	II	4790001	4800000	-1.1921231762693	9570	2.5847018077744	7.6622582842429	4.2592548970976
GLOBAL	II	4800001	4810000	-1.3685132695328	9598	1.9146603520517	6.7522810973004	3.5349461733025
GLOBAL	II	4810001	4820000	-0.7328938797552	9411	6.1766600414702	11.357008569087	7.0683473702185
GLOBAL	II	4820001	4830000	-1.4509408375516	9702	2.9681425282345	11.170433224685	5.6530841810831
GLOBAL	II	4830001	4840000	-0.67763388609342	9755	7.329252122126	10.777174505253	5.0881788143809
GLOBAL	II	4840001	4850000	-1.0626162365187	9156	4.6901873941414	9.8692959119836	4.8739218730647
GLOBAL	II	4850001	4860000	-1.4988673527649	9763	2.8164759971789	10.258188095643	4.9648903785492
GLOBAL	II	4860001	4870000	-1.3907699292386	9445	2.0511350357702	8.3117985643478	4.5015810285782
GLOBAL	II	4870001	4880000	-1.402064225871	9830	3.4179601472972	12.742694974085	6.6507187436406
GLOBAL	II	4880001	4890000	-1.3314442571149	9465	2.4670770165133	8.4410755116325	4.4868558808944
GLOBAL	II	4890001	4900000	-1.2789582107782	9253	2.2988472825155	7.4022848882848	3.9903083327984
GLOBAL	II	4900001	4910000	-1.0927732911256	9510	3.1586293086448	8.9714292285895	5.3193100226281
GLOBAL	II	4910001	4920000	-0.80885749459835	9372	7.1864447236489	16.627882082453	11.672559655879
GLOBAL	II	4920001	4930000	-1.2721575825049	9189	2.0775221072065	10.814514131015	6.8678535929531
GLOBAL	II	4930001	4940000	-0.95333402383859	9283	4.4468249837177	9.6145206606647	5.4206558747786
GLOBAL	II	4940001	4950000	-1.4248896801247	9571	2.4679500620862	9.4831562555231	4.9233328665999
GLOBAL	II	4950001	4960000	-1.1870936761947	9398	3.6189017950907	9.2211186312602	4.7192710638708
GLOBAL	II	4960001	4970000	-1.093647725445	9646	3.7728586284887	8.8314122235946	4.6253957992255
GLOBAL	II	4970001	4980000	-0.64892187508695	9185	7.0300857498035	12.641845757765	8.6478206751927
GLOBAL	II	4980001	4990000	-1.2706140604234	9637	3.0181945903936	9.8717295439673	5.3938762107589
GLOBAL	II	4990001	5000000	-1.2433779593479	9657	4.2401459203612	11.819783346949	6.0960043320721
GLOBAL	II	5000001	5010000	-1.3293420906125	8864	2.9561773149379	11.051857148097	6.0899898456002
GLOBAL	II	5010001	5020000	-0.53507373996116	9305	7.1398921624462	10.001274099338	5.3476403777525
GLOBAL	II	5020001	5030000	-1.1813042013725	9186	4.1763058307627	11.171274370039	5.9213947864987
GLOBAL	II	5030001	5040000	-1.0355391750452	9492	3.9160695558541	10.395783097486	6.2573330857805
GLOBAL	II	5040001	5050000	-1.1922650472286	9469	3.8382296728429	10.000589693941	5.1686158504955
GLOBAL	II	5050001	5060000	-0.5034007647806	3986	1.2785016537525	2.6943993923461	2.8126650526856
GLOBAL	II	5060001	5070000	-0.61664496064677	977	0.97195843756642	1.4718253842136	0.81062358171688
GLOBAL	II	5070001	5080000	-0.84389725069064	1178	0.14666782183922	0.565834339796	0.49670326288389
GLOBAL	II	5080001	5090000	-0.34024393451255	3346	2.9413065259898	4.3066259824333	4.0127664829634
GLOBAL	II	5090001	5100000	-1.0331745708774	9123	6.4031507539096	13.900489040722	7.2566035771145
GLOBAL	II	5100001	5110000	-1.066119685141	9445	4.3375464542524	9.7416318713972	5.0689294011397
GLOBAL	II	5110001	5120000	-1.4117550044136	9481	2.3714444599246	9.481089413346	5.0360331156572
GLOBAL	II	5120001	5130000	-1.4862648930818	9469	2.6643594881165	10.649727901907	5.3727760448089
GLOBAL	II	5130001	5140000	-1.039023746735	9274	5.0543082397216	11.300115702426	6.0112268678468
GLOBAL	II	5140001	5150000	-1.2626151944257	9253	3.7282220439713	11.170657544084	5.8944605870186
GLOBAL	II	5150001	5160000	-0.7897821578544	9153	6.4272076074177	10.955467871644	5.7335560435154
GLOBAL	II	5160001	5170000	-1.2889271344757	9348	3.4279199456184	10.260618226729	5.3010741246359
GLOBAL	II	5170001	5180000	1.7259134976635	8950	52.937638290355	29.229606878533	13.736511965355
GLOBAL	II	5180001	5190000	1.1930225992572	7434	42.678505012205	23.831559901238	15.79764299746
GLOBAL	II	5190001	5200000	2.5365046211826	8585	88.193560460672	41.333593950219	18.474228715817
GLOBAL	II	5200001	5210000	1.0203115366306	9257	71.638226921475	50.528116651576	20.689867272904
GLOBAL	II	5210001	5220000	0.66286402267885	8926	77.572301834095	59.938249593683	26.602819940577
GLOBAL	II	5220001	5230000	0.346568718229	9226	56.335157200095	48.310620807733	23.154243214357
GLOBAL	II	5230001	5240000	3.4786606597532	9514	126.02353570953	52.218472925659	21.216516930715
GLOBAL	II	5240001	5250000	2.1968258897828	9356	26.957308610354	13.124620772304	6.29667007403
GLOBAL	II	5250001	5260000	4.0730685194932	9611	88.388379755763	32.925276980439	13.617031608942
GLOBAL	II	5260001	5270000	4.2011352800593	8989	138.33637996127	46.3081059147	21.905572639707
GLOBAL	II	5270001	5280000	2.4078829638145	9221	102.33322582453	48.021927450672	22.555622175181
GLOBAL	II	5280001	5290000	-0.52505178964852	9327	33.52339603279	42.870810928187	17.802843604543
GLOBAL	II	5290001	5300000	-0.40503032924166	9369	36.030065204553	43.253972428017	17.835472313863
GLOBAL	II	5300001	5310000	-0.53782200750088	9529	15.323005025451	21.630725640921	11.728267953891
GLOBAL	II	5310001	5320000	-0.93807933427857	8973	4.0212066510827	8.83463483444	5.1311525661729
GLOBAL	II	5320001	5330000	-1.1359641269818	9095	3.3521086045272	12.338723149029	7.9110020563575
GLOBAL	II	5330001	5340000	-0.85584663248312	9371	6.018116769683	11.171609350639	6.0215141187201
GLOBAL	II	5340001	5350000	-1.3529034084167	8870	2.7263712427853	9.7408406063371	5.1847525255041
GLOBAL	II	5350001	5360000	-1.5007024742844	9317	2.7442330941475	12.209073690479	6.3069400887371
GLOBAL	II	5360001	5370000	-1.3135544757805	9345	3.2663880576208	10.261755907299	5.3255254948763
GLOBAL	II	5370001	5380000	-0.75410742037603	9441	4.6981049093834	9.544109737739	6.426146590547
GLOBAL	II	5380001	5390000	-1.0538092444075	9705	4.8283428331445	10.259959952451	5.1542697581485
GLOBAL	II	5390001	5400000	-1.4178163933087	9723	3.5915367501277	11.94842525578	5.894196558237
GLOBAL	II	5400001	5410000	-1.5104024735254	9688	2.3775961455383	9.7444652247207	4.8774212226942
GLOBAL	II	5410001	5420000	-1.1031387437343	9512	3.0265040693168	8.3134444631956	4.7926341304827
GLOBAL	II	5420001	5430000	-1.1429427959297	9207	3.4850688285754	9.4831106250628	5.2478932610171
GLOBAL	II	5430001	5440000	-1.1812821306118	9444	4.1725070184421	11.172830289005	5.9260384028134
GLOBAL	II	5440001	5450000	-1.0607998777462	9684	5.5709358498012	11.167886365015	5.2761605960074
GLOBAL	II	5450001	5460000	-0.79653651078929	9254	12.935499024346	21.174185498766	10.343137273463
GLOBAL	II	5460001	5470000	-2.0426578491749	9496	11.380605229358	56.360398568393	22.020228868582
GLOBAL	II	5470001	5480000	-1.9258404224982	9432	9.5960538093371	45.336068141073	18.558139041123
GLOBAL	II	5480001	5490000	-1.7662705736709	9494	6.6224092769602	27.404093184108	11.765855252831
GLOBAL	II	5490001	5500000	-1.9308260657621	9383	8.8945858504578	41.044562610159	16.650892242337
GLOBAL	II	5500001	5510000	-1.5007440534074	9191	16.259977986621	46.914243386357	20.426044887625
GLOBAL	II	5510001	5520000	-1.5986656877334	9278	14.697172548687	42.994536107501	17.700613565388
GLOBAL	II	5520001	5530000	-1.3095714776909	9017	11.26323767171	28.72682109254	13.335341917817
GLOBAL	II	5530001	5540000	-1.5141531291558	9458	17.549415086791	47.095496824301	19.51327191985
GLOBAL	II	5540001	5550000	4.0054431009118	9193	96.433924423962	34.687834555867	15.415545374752
GLOBAL	II	5550001	5560000	5.1513739444488	9013	142.25291177889	45.476366826947	18.786550150612
GLOBAL	II	5560001	5570000	4.984605442146	9632	123.481544815	42.213465165029	16.303813931355
GLOBAL	II	5570001	5580000	2.5739972820627	9272	63.578048359803	29.086674819024	13.399926169751
GLOBAL	II	5580001	5590000	-1.2290519958314	9508	9.1320876305607	19.739683908505	8.630714008783
GLOBAL	II	5590001	5600000	-1.4866211716479	9233	5.9326095201182	18.703375320197	8.5904640964597
GLOBAL	II	5600001	5610000	0.58592884481297	9183	32.173776525615	25.369477190279	11.612842404965
GLOBAL	II	5610001	5620000	4.410963933589	9083	137.17307434557	47.207880107568	20.395812705001
GLOBAL	II	5620001	5630000	4.4022703510137	9102	148.06888635051	50.095551785252	22.255183519725
GLOBAL	II	5630001	5640000	0.053632336890936	9328	35.082165825611	34.294218603055	14.691644411424
GLOBAL	II	5640001	5650000	4.8915307144656	9504	128.83317359198	42.631317557203	17.622675000252
GLOBAL	II	5650001	5660000	-0.64255520314409	9079	24.153214904316	34.755216105997	16.499751538553
GLOBAL	II	5660001	5670000	-1.8655143265363	9623	5.3090540287326	24.804674717231	10.450533888258
GLOBAL	II	5670001	5680000	-1.1379960091556	9293	6.517055620927	16.377176738436	8.6644601898254
GLOBAL	II	5680001	5690000	-1.2347837466634	9626	3.7966381496869	10.393191483136	5.3422741846695
GLOBAL	II	5690001	5700000	-1.3691769867098	9775	3.7932779654032	11.168494208507	5.3866054678776
GLOBAL	II	5700001	5710000	-0.98352555746143	9845	6.7760941561152	13.507199640113	6.8438541662011
GLOBAL	II	5710001	5720000	-1.0894646137732	9216	3.4524908301214	8.311715774982	4.4601952954042
GLOBAL	II	5720001	5730000	-1.1587223294376	9675	5.6319293642733	13.378181359127	6.6851667548457
GLOBAL	II	5730001	5740000	-1.0348282601193	9572	4.8056464353876	10.260535117329	5.2712985257213
GLOBAL	II	5740001	5750000	-1.0917355320986	9612	4.9460729828314	10.64882261712	5.2235632775701
GLOBAL	II	5750001	5760000	-1.1087686798215	9490	4.8653601223899	10.908902251998	5.4506789735269
GLOBAL	II	5760001	5770000	-1.4158319733764	8998	3.7754413695346	11.557597687021	5.4965253390401
GLOBAL	II	5770001	5780000	-1.5864855132194	9392	5.7323399727108	19.220916611762	8.5021744772691
GLOBAL	II	5780001	5790000	-1.4507328402575	9494	11.917015446338	29.869990331496	12.375107522879
GLOBAL	II	5790001	5800000	-1.4585565124009	9505	5.5024122791926	16.232524240833	7.356665216885
GLOBAL	II	5800001	5810000	-1.4968949047578	9819	10.93067829019	28.959986866142	12.044471872172
GLOBAL	II	5810001	5820000	-1.3518625691187	8866	11.066958503188	30.83702262354	14.624315053889
GLOBAL	II	5820001	5830000	-1.4613836511678	9231	14.635301889778	38.188453111774	16.117021155379
GLOBAL	II	5830001	5840000	3.4187951110972	8895	75.49295556955	30.011778645889	13.303276577187
GLOBAL	II	5840001	5850000	1.3473797415688	9417	26.788024258786	16.638118435451	7.5330699358126
GLOBAL	II	5850001	5860000	1.799893956182	9551	33.178847258202	18.450475035699	8.1829110942432
GLOBAL	II	5860001	5870000	-0.74749777529744	9314	5.9839223148985	10.862765348921	6.5268997383722
GLOBAL	II	5870001	5880000	-1.3511502383827	9817	3.5885239079322	11.298271961145	5.7060627561607
GLOBAL	II	5880001	5890000	-1.3916656577627	9638	1.7522696017091	7.9226752834773	4.4338276563409
GLOBAL	II	5890001	5900000	-0.93834198262492	9524	5.2709826070375	12.426778728724	7.626000172846
GLOBAL	II	5900001	5910000	-1.4296063675192	9703	3.4258118062225	12.989711265872	6.68988308736
GLOBAL	II	5910001	5920000	-1.0213695263645	9229	4.5755218564398	10.260482324115	5.5660173139401
GLOBAL	II	5920001	5930000	-1.2793261537107	9624	3.1149797378831	9.6119477618457	5.0784297695455
GLOBAL	II	5930001	5940000	-1.0832920445113	9633	3.3843149378978	8.3126988689892	4.5494508669771
GLOBAL	II	5940001	5950000	-1.0089956337864	8998	4.4978083054801	9.6109670098182	5.0675726763554
GLOBAL	II	5950001	5960000	-1.4331061262442	9557	2.442737621234	9.4804885749641	4.9108372540241
GLOBAL	II	5960001	5970000	-1.0330577199846	9576	3.9343447298098	8.5726549137032	4.4898848284707
GLOBAL	II	5970001	5980000	-1.5905071820519	8889	2.3486924658611	10.779217587918	5.3005262831826
GLOBAL	II	5980001	5990000	-1.0812424940082	9165	3.8483083199352	9.485152801063	5.2133027626687
GLOBAL	II	5990001	6000000	-1.6192722954267	9281	3.4751152500818	15.717062354559	7.5601534955253
GLOBAL	II	6000001	6010000	-1.6072372667515	9561	2.99750157141	14.028321990582	6.8632184229198
GLOBAL	II	6010001	6020000	-1.4243241384427	9191	2.9640334265008	11.170156934941	5.7614157388448
GLOBAL	II	6020001	6030000	-1.1721497335381	9266	3.6413661052722	10.132035088568	5.5374060135678
GLOBAL	II	6030001	6040000	-1.4077589501034	9363	2.1747354408073	8.7011799896569	4.6360526057178
GLOBAL	II	6040001	6050000	-0.86884796958059	9426	6.5716182639228	14.18402140728	8.7614903986392
GLOBAL	II	6050001	6060000	-1.3040902447637	9327	2.1452259979598	8.9641654525238	5.2288861771216
GLOBAL	II	6060001	6070000	-1.2496598812964	9335	4.5247104026942	13.52377668	7.2012124354749
GLOBAL	II	6070001	6080000	-1.0172278758964	8694	4.5147589951441	11.490348001299	6.8574497135244
GLOBAL	II	6080001	6090000	-1.1259674685901	8555	1.9217469394709	7.0380416505465	4.5439098853204
GLOBAL	II	6090001	6100000	-1.0934989582722	9802	3.1832928351944	7.7925410919558	4.2151373093617
GLOBAL	II	6100001	6110000	-1.3844604128895	9673	3.1888911474352	10.649424847493	5.3887663602363
GLOBAL	II	6110001	6120000	-1.3194667748496	9289	2.5826043951068	9.4821942761552	5.2290743598562
GLOBAL	II	6120001	6130000	-1.1773058503134	9086	4.1495435884623	10.780612385204	5.6324096197907
GLOBAL	II	6130001	6140000	-1.2740235715431	9319	3.0469748924708	10.790626970507	6.0781073843528
GLOBAL	II	6140001	6150000	-1.1970927273448	9524	3.6953430501498	10.000571076246	5.267117477258
GLOBAL	II	6150001	6160000	-1.1878572532276	9734	4.1208325796815	11.969581515599	6.6074849604955
GLOBAL	II	6160001	6170000	-1.1535763349826	8714	3.0541152241123	8.963793749262	5.1229193473694
GLOBAL	II	6170001	6180000	-1.1543450147216	9341	3.5325202281139	9.3527382440245	5.0420090542116
GLOBAL	II	6180001	6190000	-1.1640192696225	9491	4.3149750871169	11.824006099729	6.4509507776859
GLOBAL	II	6190001	6200000	-0.90532481869019	9377	5.981636964753	12.21320124604	6.8832358868754
GLOBAL	II	6200001	6210000	-1.2800730291499	9284	2.8440696949994	9.7425901651119	5.3891616439209
GLOBAL	II	6210001	6220000	-1.2024764119891	9046	2.1918487626481	8.7072627118853	5.4183299433372
GLOBAL	II	6220001	6230000	-1.1818793577671	9288	3.1024840844416	9.8874357691756	5.7408157948987
GLOBAL	II	6230001	6240000	-1.0584915226711	9392	5.1434641714799	11.691953698356	6.1866244430103
GLOBAL	II	6240001	6250000	-1.1165156158332	9328	3.1440699260463	8.7022546665814	4.9781522638064
GLOBAL	II	6250001	6260000	-0.96157711580477	9375	4.9927819462776	10.001245736588	5.2085929542104
GLOBAL	II	6260001	6270000	-1.3135956953736	9539	3.5600062723485	10.7797277377	5.4961518911633
GLOBAL	II	6270001	6280000	-1.2840542905138	9451	2.6689473399311	7.791613711392	3.9894468709818
GLOBAL	II	6280001	6290000	-1.0589845427564	9309	3.0797611669812	8.2094161987693	4.8439375880183
GLOBAL	II	6290001	6300000	-0.89833454056595	8910	4.5425000113198	10.396953321474	6.5170079138509
GLOBAL	II	6300001	6310000	-1.1264371037023	9353	3.036070760322	8.7049000840535	5.0325307157403
GLOBAL	II	6310001	6320000	-1.1712003612481	9235	3.5522770957739	10.393648397023	5.8413329841858
GLOBAL	II	6320001	6330000	-1.065834739689	9216	4.9669498339814	11.562072702162	6.1877537132114
GLOBAL	II	6330001	6340000	-1.289773614303	9638	2.6773336899902	9.0921989488888	4.973636603944
GLOBAL	II	6340001	6350000	-1.0656050246886	9152	4.0412488141851	10.007763281353	5.5991801173345
GLOBAL	II	6350001	6360000	-0.88960164768874	5140	0.54632474775655	4.3268683310671	4.249703890649
GLOBAL	II	6360001	6370000	-0.85308637595876	9566	3.7572271128689	8.8479223511341	5.9673854626314
GLOBAL	II	6370001	6380000	-1.09924693067	9152	3.8337339712024	11.827082397177	7.2716586264225
GLOBAL	II	6380001	6390000	-1.3971286359102	9200	2.074552733308	8.9629286090766	4.9303805667693
GLOBAL	II	6390001	6400000	-1.2363729673489	9317	2.4266467451499	8.5737876367983	4.9719146681358
GLOBAL	II	6400001	6410000	-0.99358791438883	9048	3.6782815941976	9.6208702244455	5.9809389226552
GLOBAL	II	6410001	6420000	-0.80238387333049	8912	3.8672895234972	8.7181313964166	6.0455375963438
GLOBAL	II	6420001	6430000	-0.71791223171031	8901	2.750879800377	7.0272885686149	5.9567292202975
GLOBAL	II	6430001	6440000	-0.52506449822535	4358	1.2215203752188	2.8391966555578	3.0809096516838
GLOBAL	II	6440001	6450000	-0.34297689548207	4500	2.9825017701444	3.9965635159186	2.9566473985044
GLOBAL	II	6450001	6460000	-0.58106175260323	3089	0.94864967991626	2.3043078616449	2.3330707547953
GLOBAL	II	6460001	6470000	-0.7837706341033	3364	0.7762952769434	3.3876470060598	3.3317805177838
GLOBAL	II	6470001	6480000	-0.28008436578789	6437	7.2850420339272	10.192288065667	10.379894013581
GLOBAL	II	6480001	6490000	-1.051289586825	8929	2.9809709620823	10.535468927731	7.1859343613063
GLOBAL	II	6490001	6500000	-1.1292043678834	8915	2.6962250928036	9.4882054040577	6.0148370874486
GLOBAL	II	6500001	6510000	-1.1146752179007	9294	3.1457917007526	9.4840183058406	5.686164456966
GLOBAL	II	6510001	6520000	-1.1682077434523	9322	2.8618977784131	9.7454136301928	5.892373073506
GLOBAL	II	6520001	6530000	-1.1911954717786	8932	2.4110416137702	8.8361151117276	5.3938028226082
GLOBAL	II	6530001	6540000	-0.97654806455789	8822	2.6406511449496	8.5820183721699	6.0840499744476
GLOBAL	II	6540001	6550000	-1.1031889853682	9344	3.7216588371717	9.8742791139534	5.5771226493239
GLOBAL	II	6550001	6560000	-1.5677542003318	9590	1.9451166081895	9.6100664571547	4.8891272926223
GLOBAL	II	6560001	6570000	-1.4123663968757	9031	1.3499747264675	7.6636487726564	4.4702805590357
GLOBAL	II	6570001	6580000	-1.4033630035838	8940	1.4386893328765	8.7075332099769	5.1795892142931
GLOBAL	II	6580001	6590000	-1.2393988041236	9255	3.4270301778945	10.392521328145	5.6200563749742
GLOBAL	II	6590001	6600000	-1.2965460671917	9522	1.9196811294508	8.1843840759913	4.8318398436161
GLOBAL	II	6600001	6610000	-1.2966775863664	9381	1.9779576845299	8.3136849333455	4.8861238255609
GLOBAL	II	6610001	6620000	-1.3369619655953	9496	2.3032728401626	9.6230959369558	5.4749673402519
GLOBAL	II	6620001	6630000	-1.5785035640352	9274	1.451878772044	11.172386591835	6.1580525006493
GLOBAL	II	6630001	6640000	-1.4838556252565	9734	2.5682713169755	10.389591078424	5.2709439033845
GLOBAL	II	6640001	6650000	-1.2621236900849	9580	2.4183980348207	10.152257491745	6.1276557263609
GLOBAL	II	6650001	6660000	-1.100512250885	9245	2.9563616182149	8.5767905220807	5.107102532794
GLOBAL	II	6660001	6670000	-1.4212645345773	7936	1.9424132524206	7.9224127531063	4.2075203842784
GLOBAL	II	6670001	6680000	-1.1730497703711	9548	2.4582834322925	8.0535817710138	4.7698729244466
GLOBAL	II	6680001	6690000	-1.1844698927882	9396	2.9236780079019	8.5722596400779	4.7688688978656
GLOBAL	II	6690001	6700000	-1.3008609289364	9342	3.8616944188405	11.169307608663	5.6175206951579
GLOBAL	II	6700001	6710000	-1.4575704694837	9732	2.4062525038248	9.9999163637828	5.2098090754048
GLOBAL	II	6710001	6720000	-1.5480653426915	9556	1.9773511727639	8.9610917083414	4.5112698689033
GLOBAL	II	6720001	6730000	-1.6197071355657	9114	1.1407363288208	9.4818821367062	5.1497864180069
GLOBAL	II	6730001	6740000	-1.4522862183406	9159	2.5464547024987	10.521200771888	5.4911669398758
GLOBAL	II	6740001	6750000	-1.4448104941663	9382	2.6241554316393	10.781045619982	5.6456471082384
GLOBAL	II	6750001	6760000	-1.1766208013064	9495	2.5308863746812	8.1863975498201	4.806570790572
GLOBAL	II	6760001	6770000	-1.4272121460874	9523	1.9623179936478	8.7024345963227	4.722575141441
GLOBAL	II	6770001	6780000	-1.4342436521795	9773	1.6203515111265	9.7429905044511	5.6633606019321
GLOBAL	II	6780001	6790000	-1.3983445374804	9482	3.0521913488839	10.780081104834	5.5264561406837
GLOBAL	II	6790001	6800000	-1.4161099716215	9865	2.4053274873335	9.8709828604762	5.2719460513325
GLOBAL	II	6800001	6810000	-1.2877870414302	8797	1.2226199188742	6.5781916062842	4.1587401605333
GLOBAL	II	6810001	6820000	-1.3598043917694	9351	3.7386493097058	12.470660673949	6.4215201959163
GLOBAL	II	6820001	6830000	-1.4754581634141	9028	2.1419921821567	10.260972837494	5.5026844248505
GLOBAL	II	6830001	6840000	-1.2018765836505	9726	2.6172700587237	7.9231080424549	4.4146279708817
GLOBAL	II	6840001	6850000	-1.1493327580064	9347	3.5371902727449	9.8723937415368	5.5120707424894
GLOBAL	II	6850001	6860000	-1.3706388947812	9361	2.2994306993466	9.0931976544246	4.956642468666
GLOBAL	II	6860001	6870000	-1.5800443522033	9464	1.0916227939367	8.832499903528	4.8991517857058
GLOBAL	II	6870001	6880000	-1.2151200826798	9153	2.0776147004046	7.534214731919	4.4905850123722
GLOBAL	II	6880001	6890000	-1.2273784515028	9546	2.138756731631	7.5341548145102	4.3958716044535
GLOBAL	II	6890001	6900000	-1.6654694933254	9494	1.927104572114	10.258894354947	5.0026673056595
GLOBAL	II	6900001	6910000	-1.3548289986313	9498	2.7059067880314	8.4404746054666	4.2326875371199
GLOBAL	II	6910001	6920000	-1.44325188158	9403	2.9965806478864	10.519711040954	5.2126246908691
GLOBAL	II	6920001	6930000	-1.3950855313259	9538	2.1345380251381	7.7916525011364	4.0550305690734
GLOBAL	II	6930001	6940000	-1.2528635021857	9507	1.7412223165256	5.9733005049208	3.3779243956043
GLOBAL	II	6940001	6950000	-1.2378586676125	9391	2.5942044742224	8.8371497272722	5.0433425207507
GLOBAL	II	6950001	6960000	-1.2645883444908	9653	1.8748239236776	8.5808564339836	5.3029371490895
GLOBAL	II	6960001	6970000	-1.5328153989271	9450	1.467185098605	10.784018243486	6.0782486602123
GLOBAL	II	6970001	6980000	-1.2548244640151	9403	1.8858182200935	7.0142143257727	4.0869430368529
GLOBAL	II	6980001	6990000	-1.3356442486181	9193	1.8321467097178	7.5334989836914	4.2686158981873
GLOBAL	II	6990001	7000000	-1.3673838679572	9523	3.0543855066553	10.781266814339	5.6508501297644
GLOBAL	II	7000001	7010000	-1.6440922521236	9834	2.4221662603459	10.388335307123	4.8453297170445
GLOBAL	II	7010001	7020000	-1.3826462847429	9461	2.3555966962852	8.4410471388922	4.4013067620825
GLOBAL	II	7020001	7030000	-1.2747169220884	9248	2.8422637384764	10.265608704549	5.8235242958182
GLOBAL	II	7030001	7040000	-1.3129549377892	9069	1.198566574431	8.6187283359397	5.6514976622144
GLOBAL	II	7040001	7050000	-1.4608809221511	9756	2.7651106206776	10.780028622149	5.4863595519265
GLOBAL	II	7050001	7060000	-1.4302584358541	9605	2.3251150953589	9.3499065003517	4.9115539044505
GLOBAL	II	7060001	7070000	-1.5446531741856	9642	2.0703689102164	9.4811566209526	4.7977033515264
GLOBAL	II	7070001	7080000	-1.4374301637783	9209	1.5809868298076	8.5717514075435	4.8633768470259
GLOBAL	II	7080001	7090000	-1.5605815958715	9333	2.5956564515182	12.858351628629	6.5761990300674
GLOBAL	II	7090001	7100000	-1.3523021564879	9605	3.4104545512766	11.168797697921	5.7371373028003
GLOBAL	II	7100001	7110000	-1.2806924346796	9595	2.6842872407031	9.6347785914149	5.4271354796052
GLOBAL	II	7110001	7120000	-1.3434393319784	9478	3.1017218723048	10.390061682264	5.4251350518571
GLOBAL	II	7120001	7130000	-1.4324985191291	9008	1.773951645823	9.4928036693241	5.3883839462493
GLOBAL	II	7130001	7140000	-1.1359758709442	9491	3.3374016691153	10.395631384695	6.2133623575234
GLOBAL	II	7140001	7150000	-1.3621847736013	9463	2.534087458811	10.393225965512	5.7695098778146
GLOBAL	II	7150001	7160000	-1.5450941904425	9422	2.5347050668791	11.040468698396	5.5050130174142
GLOBAL	II	7160001	7170000	-1.5250563486896	9449	2.057731463873	10.419862839287	5.4831622337098
GLOBAL	II	7170001	7180000	-1.3701959244141	9560	2.7035570884992	9.7407065199332	5.1358709408242
GLOBAL	II	7180001	7190000	-0.91141831622692	9421	3.3458543474673	8.7972345943653	5.9812055011859
GLOBAL	II	7190001	7200000	-1.509114595452	9657	1.741993305069	10.13434192105	5.5611075800822
GLOBAL	II	7200001	7210000	-1.5226069244733	9574	2.2579414270173	11.170985379581	5.8538049507737
GLOBAL	II	7210001	7220000	-1.4575425567034	9363	1.4788386538244	9.8736400098321	5.7595583177994
GLOBAL	II	7220001	7230000	-1.3275629064431	9018	2.7308484769721	9.4816094173069	5.08507800841
GLOBAL	II	7230001	7240000	-2.1950765007259	9694	3.0211111048107	33.641190980217	13.949436325012
GLOBAL	II	7240001	7250000	-2.0101411910632	9717	2.4611694516136	21.168629390319	9.3065402678555
GLOBAL	II	7250001	7260000	-2.2530815468041	9628	3.5868634662184	43.641467446762	17.777698298297
GLOBAL	II	7260001	7270000	-1.1555705532981	9452	17.610470893251	35.748132600091	15.69584968661
GLOBAL	II	7270001	7280000	-1.3746051392236	9621	3.7236462148952	11.168682807441	5.4161274246007
GLOBAL	II	7280001	7290000	-1.6754351893958	9464	1.2860312176088	9.35129331292	4.8138311445039
GLOBAL	II	7290001	7300000	-1.2137651354497	9395	4.4607776927668	11.298208918464	5.633240753092
GLOBAL	II	7300001	7310000	-1.5841398073905	9575	1.7147381419911	9.6125299951146	4.9855396703484
GLOBAL	II	7310001	7320000	-1.4117152739306	9447	2.217925701536	8.1808593068999	4.2238925337694
GLOBAL	II	7320001	7330000	-0.99440366004769	9525	4.7603734786148	10.001926920034	5.2710520405446
GLOBAL	II	7330001	7340000	-1.5071084981756	9483	0.99679991258944	8.0529782790683	4.6819312445126
GLOBAL	II	7340001	7350000	-1.5861964935009	9551	2.3876832180129	10.907976207204	5.3715242872502
GLOBAL	II	7350001	7360000	-1.0998746083809	7398	1.9888408822374	8.2134082951901	5.6593427700958
GLOBAL	II	7360001	7370000	-1.2669553871272	9407	2.0099390487239	7.7968110797644	4.5675420696243
GLOBAL	II	7370001	7380000	-1.3344300507195	9620	2.1429856541276	8.3125937441505	4.6234031425598
GLOBAL	II	7380001	7390000	-1.5558049150986	9660	2.7215284862914	11.819127403707	5.8475190746127
GLOBAL	II	7390001	7400000	-1.3737130803521	9550	1.2046579461207	6.3637727312948	3.7555985008542
GLOBAL	II	7400001	7410000	-0.96476682615994	9632	5.5346462786458	10.648523981955	5.3006359305114
GLOBAL	II	7410001	7420000	-1.4223248538583	9129	2.02196866478	8.5716864332473	4.6049380004155
GLOBAL	II	7420001	7430000	-1.2576391087378	9706	2.8550272943678	8.9609623662272	4.8550772868278
GLOBAL	II	7430001	7440000	-1.4887073156082	9254	1.5390446295256	9.2223759773945	5.161075832243
GLOBAL	II	7440001	7450000	-1.3820418309326	9369	2.2984771618817	10.653413678434	6.0453571878605
GLOBAL	II	7450001	7460000	-1.4642037024967	9488	2.3797440668105	10.131284759191	5.2940316153845
GLOBAL	II	7460001	7470000	-1.4965319556018	9511	2.3422116352039	11.040309775252	5.8121700024443
GLOBAL	II	7470001	7480000	-1.5505717294367	9694	2.2671635852103	8.9595132898181	4.3160529613418
GLOBAL	II	7480001	7490000	-1.5784494879295	9629	2.0591049103909	10.389352455847	5.2774875655876
GLOBAL	II	7490001	7500000	-1.5081135807044	9432	2.8268984211433	11.698382634305	5.8825040279909
GLOBAL	II	7500001	7510000	-1.5155557156444	9438	2.1170874095636	9.2216346431232	4.6877506120182
GLOBAL	II	7510001	7520000	-1.2579412819983	9456	2.2125100212931	7.79246273087	4.4357815340261
GLOBAL	II	7520001	7530000	-1.5850866477097	9295	1.3027593182054	9.7450589377862	5.3260808371449
GLOBAL	II	7530001	7540000	-0.49089988690165	9212	26.287243403336	33.121691679495	13.922285293843
GLOBAL	II	7540001	7550000	-0.45575233543998	9526	27.067278645094	32.982339422969	12.978673542428
GLOBAL	II	7550001	7560000	-0.4026411118292	8786	33.25232103572	40.156439161191	17.147076944291
GLOBAL	II	7560001	7570000	-0.77105782378158	9653	15.425058298106	23.116443706456	9.9751084433956
GLOBAL	II	7570001	7580000	-1.0396248756254	9289	16.000892175252	29.484378451995	12.969568728944
GLOBAL	II	7580001	7590000	-1.1280569962634	9234	20.888561004848	39.616558474837	16.601995760874
GLOBAL	II	7590001	7600000	-1.4157768493045	9541	8.8021871726182	22.597031136621	9.743656968808
GLOBAL	II	7600001	7610000	-1.6621849445687	9618	1.7007310897571	8.9594591281135	4.3669797768744
GLOBAL	II	7610001	7620000	-1.4749961407506	9330	8.8939537389838	27.281276801766	12.466014354062
GLOBAL	II	7620001	7630000	-1.4931396248306	9015	17.300784929803	48.071142770911	20.60782349447
GLOBAL	II	7630001	7640000	-1.5575286619016	8884	12.368926535607	36.240319869901	15.326455248116
GLOBAL	II	7640001	7650000	-1.7060516983886	9171	12.732237024894	41.696890029907	16.977593957071
GLOBAL	II	7650001	7660000	-1.3602707298688	9385	3.4978320671105	11.752645918644	6.0685080331984
GLOBAL	II	7660001	7670000	-1.3700602248663	9189	3.119436450425	11.040608504267	5.781623252814
GLOBAL	II	7670001	7680000	-1.592196958252	9570	1.7487414101001	9.8695476303693	5.1003779263495
GLOBAL	II	7680001	7690000	-1.2429259860696	8914	1.4528762802114	6.1301281677749	3.7630976743466
GLOBAL	II	7690001	7700000	-1.6005424722748	9130	1.3338989315882	8.8314452177842	4.6843782130567
GLOBAL	II	7700001	7710000	-1.2627874107242	9243	1.8204224070283	8.8358702032298	5.5555256067832
GLOBAL	II	7710001	7720000	-1.2375413675024	8749	2.8582096309445	10.677189238602	6.3181561546001
GLOBAL	II	7720001	7730000	-1.2846050931233	9433	3.8136376235072	12.081074195953	6.4357806276049
GLOBAL	II	7730001	7740000	-1.3433726565238	9689	3.6221545778119	11.429634110326	5.8118493737376
GLOBAL	II	7740001	7750000	-1.1619087327868	9273	3.0908289131951	9.6134809100993	5.6137386808859
GLOBAL	II	7750001	7760000	-1.4625122337596	9402	1.6305578831815	9.8737194394833	5.6363026346192
GLOBAL	II	7760001	7770000	-1.5892809739848	9415	1.150902001006	9.4817726706404	5.2419117865271
GLOBAL	II	7770001	7780000	-1.3732943829107	9744	2.9708759408109	11.040690796336	5.876245440123
GLOBAL	II	7780001	7790000	-1.5801253476564	9225	1.8626663834188	11.560446262384	6.1373484662774
GLOBAL	II	7790001	7800000	-1.3162913588527	9537	2.3316770462692	8.7022715177794	4.8398057380417
GLOBAL	II	7800001	7810000	-1.2912209062487	9403	2.3642779675594	8.4432215750301	4.7079036422446
GLOBAL	II	7810001	7820000	-1.0671181868131	5063	0.68777840208289	4.028145178698	3.1302688098597
GLOBAL	II	7820001	7830000	-1.2510523526148	9708	4.8500772263231	12.857366750854	6.4004432011138
GLOBAL	II	7830001	7840000	-1.5035453641835	9507	2.5574911661987	10.39013497286	5.2094496070727
GLOBAL	II	7840001	7850000	-1.2728284424525	9335	2.2289441430202	8.7042174963627	5.0873103847883
GLOBAL	II	7850001	7860000	-1.4006722420789	9514	4.1581120402087	14.158261676174	7.1395358139767
GLOBAL	II	7860001	7870000	-1.4949637336313	9706	2.2497700655089	10.13149522166	5.2721848556191
GLOBAL	II	7870001	7880000	-1.3464169630067	9476	2.3480983429184	10.29044654493	5.8988771088232
GLOBAL	II	7880001	7890000	-1.2481599434617	9799	3.6823206760919	12.083421334802	6.7307885521552
GLOBAL	II	7890001	7900000	-1.4603102993748	9720	1.877674628048	9.5033436841963	5.2219511561435
GLOBAL	II	7900001	7910000	-1.329424955643	9566	3.5254842699013	11.168847535299	5.7493754972433
GLOBAL	II	7910001	7920000	-1.4897064332334	9617	2.4286812063468	11.300060908295	5.9551194141609
GLOBAL	II	7920001	7930000	-0.7830753031373	9168	4.979785312766	12.462595270878	9.5556709911968
GLOBAL	II	7930001	7940000	-0.85317013678268	9235	4.3154500120065	11.689958302971	8.6436549675473
GLOBAL	II	7940001	7950000	-1.5633854888398	9714	2.8863328949906	11.686984652711	5.6292269696396
GLOBAL	II	7950001	7960000	-1.2260875035003	9757	2.5382364657492	8.3132606608932	4.7101240153392
GLOBAL	II	7960001	7970000	-1.1263463975067	9279	3.3920157488418	8.7037390292278	4.7158878406716
GLOBAL	II	7970001	7980000	-1.3169646804335	9629	2.5928297546184	9.4827453154331	5.2316631289965
GLOBAL	II	7980001	7990000	-1.4397476973093	9646	2.662651168197	9.8703885385182	5.0062503199633
GLOBAL	II	7990001	8000000	-1.4753851260859	9663	3.2682748508411	11.42764541844	5.5303326726934
GLOBAL	II	8000001	8010000	-1.4789833304967	9839	2.6718508180046	10.778620934427	5.4813127026248
GLOBAL	II	8010001	8020000	-1.3197712896338	9815	2.6247894002309	8.4409692395109	4.4069604218273
GLOBAL	II	8020001	8030000	-1.3867127637695	9583	3.1264684256094	12.081052462234	6.4574180541063
GLOBAL	II	8030001	8040000	-1.3918380937021	9390	2.9194205219622	9.8702516474923	4.9939940263037
GLOBAL	II	8040001	8050000	-1.6014022250158	9742	1.8426782216197	10.389484583164	5.3370766120048
GLOBAL	II	8050001	8060000	-1.3969366365064	9773	3.6482847167172	13.257462174783	6.8787496919667
GLOBAL	II	8060001	8070000	-1.3776443861003	9644	4.2218264163108	12.597055007435	6.07938353005
GLOBAL	II	8070001	8080000	-1.6933540230061	9498	1.7527600087359	11.038804826318	5.4838177318035
GLOBAL	II	8080001	8090000	-1.5141515953915	9787	1.8658161500285	8.8320735316134	4.6007661338454
GLOBAL	II	8090001	8100000	-1.1507061318926	9499	2.6031071877287	9.1038660869338	5.6493649586389
GLOBAL	II	8100001	8110000	-1.2151325788324	9563	2.8930976811493	9.3606796185442	5.3225319196114
GLOBAL	II	8110001	8120000	-0.69290917103512	5998	1.8632086388503	4.7738084420986	4.2005502667836
GLOBAL	II	8120001	8130000	-0.7328925578673	4548	1.9849170898442	6.6771666486223	6.4023703180073
GLOBAL	II	8130001	8140000	-1.3835131059116	9717	3.1968402216249	11.430068612703	5.9509580038659
GLOBAL	II	8140001	8150000	-1.167076068785	9672	4.0785812453865	12.735542791277	7.4176497808772
GLOBAL	II	8150001	8160000	-0.94933609367075	9708	6.9560496931282	16.808438226386	10.378188082117
GLOBAL	II	8160001	8170000	-1.0934097863817	9716	3.1496439381021	7.9225867382227	4.3651912206815
GLOBAL	II	8170001	8180000	-1.3565679726083	9643	2.7531068524898	10.001013052595	5.3428256795486
GLOBAL	II	8180001	8190000	-1.2466028265363	9642	2.9907124570884	9.0916094859262	4.8940182863129
GLOBAL	II	8190001	8200000	-1.2031901531207	9759	3.6475153373746	10.521101396927	5.7128011243479
GLOBAL	II	8200001	8210000	-1.3003884718325	9670	2.6697263263448	8.0508222373245	4.138067990865
GLOBAL	II	8210001	8220000	-1.2400692707441	9156	2.3390457890578	8.7098519350879	5.137459895452
GLOBAL	II	8220001	8230000	-1.3944913071249	9699	1.6362085017499	7.7967283088222	4.4177541843368
GLOBAL	II	8230001	8240000	-1.3609840607575	9568	2.2516374353576	8.3121447091916	4.4530332489427
GLOBAL	II	8240001	8250000	-1.6233832882993	9853	2.3496140332327	11.6879665288	5.7524015202536
GLOBAL	II	8250001	8260000	-1.4228555674503	9879	2.2565906393683	7.7908505244134	3.8895443864077
GLOBAL	II	8260001	8270000	-1.1739946635603	9267	2.9433438319615	8.8597291765162	5.0395334222496
GLOBAL	II	8270001	8280000	-0.86167926947382	8369	3.8164737589652	7.404884786933	4.1644393164513
GLOBAL	II	8280001	8290000	-1.5535524149934	9333	2.2286453419849	11.300357908246	5.8393347264693
GLOBAL	II	8290001	8300000	-1.4233157347288	9534	3.0205331263913	11.690013182085	6.091044906031
GLOBAL	II	8300001	8310000	-1.4558854863767	9727	1.6058028039678	8.702564024235	4.8745325691304
GLOBAL	II	8310001	8320000	-1.3998216951428	9317	3.5028826857739	12.467725397082	6.4042747318569
GLOBAL	II	8320001	8330000	-1.5298510621198	9536	1.4496585455597	8.8313576797717	4.8251096573961
GLOBAL	II	8330001	8340000	-1.3523173446918	9438	1.8058499884223	7.1425946932808	3.9463700778567
GLOBAL	II	8340001	8350000	-1.3288344717489	9674	3.5911072967868	11.689961533425	6.0947051034728
GLOBAL	II	8350001	8360000	-1.5153707911013	9561	1.3218246001203	8.962460522937	5.0420900070695
GLOBAL	II	8360001	8370000	-1.3621946732384	9242	1.9154409630829	8.4429628281184	4.7919155707145
GLOBAL	II	8370001	8380000	-0.92669902324949	9136	4.4018737175503	9.3556959059027	5.3456646268836
GLOBAL	II	8380001	8390000	-1.5061648306342	9524	2.0673370444745	10.650872286096	5.6989348489885
GLOBAL	II	8390001	8400000	-1.3094802232971	9259	2.0414531159667	8.5733305651643	4.9881451685853
GLOBAL	II	8400001	8410000	-1.0827534784869	7733	3.897435546312	10.436800281425	6.0395693618565
GLOBAL	II	8410001	8420000	-0.878647268559	9365	6.4827994320091	11.819903738947	6.0742285305128
GLOBAL	II	8420001	8430000	-0.98013070535314	9263	5.4644240773412	11.430538252261	6.0870597588001
GLOBAL	II	8430001	8440000	-0.95557268261289	9556	5.5552484801542	11.039766778825	5.7395092999874
GLOBAL	II	8440001	8450000	-0.96989712268962	9577	3.8231932226184	8.3120571404794	4.6281856218038
GLOBAL	II	8450001	8460000	-1.1439102758777	9416	3.9484404769264	10.391236252004	5.632256227556
GLOBAL	II	8460001	8470000	-1.0693349478959	9785	3.8057040066684	8.9621849169061	4.8221382087846
GLOBAL	II	8470001	8480000	-1.1844854278653	9640	4.4290828317033	10.909367035012	5.4709699679356
GLOBAL	II	8480001	8490000	-0.8002963949683	9444	5.7117450334596	10.400127857823	5.8583080641629
GLOBAL	II	8490001	8500000	-1.1521394569841	9395	4.1748470790532	10.390616801725	5.3949803428684
GLOBAL	II	8500001	8510000	-0.64491349094667	9506	7.4444986838821	11.170537960319	5.7775799835837
GLOBAL	II	8510001	8520000	-1.1912628278613	8899	3.3230424212942	8.9612024132223	4.7329269914773
GLOBAL	II	8520001	8530000	-0.89396030488101	9720	6.205787218833	11.558503238322	5.9876439594279
GLOBAL	II	8530001	8540000	-0.76826903707534	9618	6.2544733833828	10.523085797259	5.5561427154813
GLOBAL	II	8540001	8550000	-1.5570106746404	9596	17.061377862843	46.369017949018	18.823018084281
GLOBAL	II	8550001	8560000	-1.6308543730168	9804	14.521949177547	41.037282596656	16.258553711365
GLOBAL	II	8560001	8570000	-1.659744024017	9504	16.512624255926	48.835239926569	19.474458231465
GLOBAL	II	8570001	8580000	-1.5973993930379	9637	20.391836648194	55.329482381587	21.871578194948
GLOBAL	II	8580001	8590000	-1.1208398831363	9145	9.7959007191979	24.798590289561	13.385221025847
GLOBAL	II	8590001	8600000	-1.4873865689542	9363	12.513762302864	32.596241053247	13.501855650413
GLOBAL	II	8600001	8610000	-1.6180282284019	9395	14.991906345888	45.723724170516	18.993375569832
GLOBAL	II	8610001	8620000	-1.7524072045955	9231	20.669631808283	63.899231200182	24.668695311532
GLOBAL	II	8620001	8630000	-1.5114615637654	9077	16.920284859348	45.335086619046	18.799552989564
GLOBAL	II	8630001	8640000	-1.5945803078001	9360	29.857241086562	80.271051876167	31.615723926226
GLOBAL	II	8640001	8650000	-1.4172684518944	8863	18.883531295278	53.852880410288	24.67376527592
GLOBAL	II	8650001	8660000	-0.66309990434978	8666	26.779469994593	40.709976306068	21.008156116588
GLOBAL	II	8660001	8670000	-1.2643831982477	8496	15.867004585109	44.802642236632	22.885180451325
GLOBAL	II	8670001	8680000	-1.6699251582953	9168	21.225249511891	65.210346800522	26.339562027756
GLOBAL	II	8680001	8690000	-1.5403970753862	9005	21.18871736937	61.725656855145	26.315902654911
GLOBAL	II	8690001	8700000	-1.5418782520909	9131	23.100237426297	69.54983592568	30.125334757394
GLOBAL	II	8700001	8710000	-1.5520772457278	9441	16.364414743518	47.284876607896	19.921986453631
GLOBAL	II	8710001	8720000	-1.1157120342088	9597	4.1383362960959	11.302699156834	6.421336905108
GLOBAL	II	8720001	8730000	-1.3739885081179	9353	2.2001224425994	8.5718253320149	4.6373771336294
GLOBAL	II	8730001	8740000	-1.2245542591916	9419	3.2717457847935	10.783056639781	6.1339142782827
GLOBAL	II	8740001	8750000	-1.1790147778915	9322	2.6814392585623	8.1831244694661	4.6663411808482
GLOBAL	II	8750001	8760000	-1.2540416607275	9267	3.1400880172026	10.392062697454	5.7828817872326
GLOBAL	II	8760001	8770000	-1.2654393262663	9233	3.7115637831544	10.649505637186	5.4826349316186
GLOBAL	II	8770001	8780000	0.96001899334898	8793	47.867465519809	32.959920217685	15.528385797993
GLOBAL	II	8780001	8790000	-1.2383592684014	9250	3.7226370870415	10.783415846339	5.7017207683291
GLOBAL	II	8790001	8800000	-1.5192124639517	9144	2.7852219198806	12.079804667586	6.1180269173993
GLOBAL	II	8800001	8810000	-1.402110800327	9653	2.6349269710719	9.0902904695757	4.6040323610646
GLOBAL	II	8810001	8820000	-1.4889998760451	9347	2.972235672776	13.119218335727	6.8146296223358
GLOBAL	II	8820001	8830000	-1.0250525029077	9641	5.7902274282351	12.079204166834	6.1352727989634
GLOBAL	II	8830001	8840000	-1.176047896548	9830	5.0061123749835	11.949463844897	5.9039699746022
GLOBAL	II	8840001	8850000	-1.4503880024118	9555	2.7700507791407	10.130410914627	5.0747524960541
GLOBAL	II	8850001	8860000	-1.4265039071182	9528	2.927936215132	12.088685144082	6.4218183232715
GLOBAL	II	8860001	8870000	-0.86313973336962	9386	5.3611119604849	11.658054373926	7.2953916613926
GLOBAL	II	8870001	8880000	-0.99529175128897	9350	4.09111390625	9.2219955574634	5.1551533955431
GLOBAL	II	8880001	8890000	-1.0427463190948	9596	4.322320263842	10.394815328246	5.8235593386472
GLOBAL	II	8890001	8900000	-1.1932357020054	9667	2.9085252218546	8.1816779911757	4.4192046554245
GLOBAL	II	8900001	8910000	-1.0351715643121	9569	4.9129800903565	15.025880527139	9.7692989118214
GLOBAL	II	8910001	8920000	-0.97755324407403	8898	6.4198315557756	20.748322369848	14.657504234099
GLOBAL	II	8920001	8930000	-0.71090318530095	8366	8.6746802901748	16.006559292745	10.313470461476
GLOBAL	II	8930001	8940000	-1.6271333898474	9569	16.00658240562	51.31734564515	21.701209906855
GLOBAL	II	8940001	8950000	-1.6741475344554	9104	14.157065964272	43.253586849546	17.379902479586
GLOBAL	II	8950001	8960000	-1.402163872029	9464	14.854449363375	46.38252471574	22.485300028977
GLOBAL	II	8960001	8970000	-1.453968503806	9168	15.132832433883	45.392860609321	20.812024535763
GLOBAL	II	8970001	8980000	-1.4430523828256	9059	13.664179992965	43.951567203982	20.988418418817
GLOBAL	II	8980001	8990000	-1.0375481807077	8788	16.362751208611	45.760087968487	28.333466634606
GLOBAL	II	8990001	9000000	-1.574573696604	9271	9.9396302171833	30.523608881979	13.072731183806
GLOBAL	II	9000001	9010000	-1.7048019390595	9133	12.948748595372	42.992647547448	17.62310228756
GLOBAL	II	9010001	9020000	-1.1926643329522	9591	3.874385976274	11.301677263897	6.2274783293285
GLOBAL	II	9020001	9030000	-1.107274081342	9489	2.5602923016031	7.0133685750484	4.0216567410737
GLOBAL	II	9030001	9040000	-1.4948157441227	9654	3.1836855562639	11.427561395288	5.5149779305154
GLOBAL	II	9040001	9050000	-1.4550969020512	8420	1.1862668810765	7.0153698115095	4.0059895132866
GLOBAL	II	9050001	9060000	-1.4411840740956	9399	2.1243572434607	8.8355020504648	4.656688154992
GLOBAL	II	9060001	9070000	-1.363943696413	9543	2.7017440687981	9.3509668783133	4.8749980127491
GLOBAL	II	9070001	9080000	-1.5077876092967	9473	2.2082893147193	10.390545385727	5.4266635569609
GLOBAL	II	9080001	9090000	-1.1326490804823	9210	4.2774901168579	11.693438937077	6.5474372848657
GLOBAL	II	9090001	9100000	-1.5405435363893	9623	2.8834260762776	12.598800189401	6.3064586515318
GLOBAL	II	9100001	9110000	-1.0119767683375	8879	5.6722659226683	15.643896961265	9.8536165558212
GLOBAL	II	9110001	9120000	-1.0773400348512	9307	4.1839904248281	12.903358140201	8.0934221632051
GLOBAL	II	9120001	9130000	-1.5132572135285	9476	2.0426306758943	11.171149290023	6.0323641827181
GLOBAL	II	9130001	9140000	-0.96730598787377	9303	3.5811223638085	8.5750769244148	5.1627454220391
GLOBAL	II	9140001	9150000	-0.87687220209501	9139	3.9872029349206	8.8425148067256	5.5370803866342
GLOBAL	II	9150001	9160000	-1.5431110643978	9575	2.0798929693591	10.782141573841	5.639418189175
GLOBAL	II	9160001	9170000	-0.91602965944836	9205	4.0582141644361	9.4881201495878	5.9276530286385
GLOBAL	II	9170001	9180000	-1.2460703223681	9537	3.1051272091198	9.8715927827278	5.4302437447901
GLOBAL	II	9180001	9190000	-1.1518699106562	9531	3.1439461374772	9.6130620553544	5.6161862186256
GLOBAL	II	9190001	9200000	-1.1580393456526	9474	4.7402756547069	12.472230149286	6.6767632063672
GLOBAL	II	9200001	9210000	-0.9945008572214	9527	4.6309762859133	8.8299633476793	4.2222055730529
GLOBAL	II	9210001	9220000	-1.3697212819058	9729	3.2368301931917	10.780232118409	5.5072532090043
GLOBAL	II	9220001	9230000	-1.0700971000687	9465	3.822813360957	8.9612368271019	4.801829166545
GLOBAL	II	9230001	9240000	-1.4604522645632	9580	2.6571100551611	10.909856942363	5.6508159064479
GLOBAL	II	9240001	9250000	-1.0921684519371	9428	3.5291642569156	8.5718459526072	4.6171281424104
GLOBAL	II	9250001	9260000	-1.3038976734315	9024	12.913198704646	32.503577229767	15.02447540501
GLOBAL	II	9260001	9270000	-2.2792570631418	9498	3.3152927289986	37.792515564857	15.126517931388
GLOBAL	II	9270001	9280000	-2.0221339000864	9476	3.6973557972183	42.48934993705	19.183692107716
GLOBAL	II	9280001	9290000	-1.7230790579481	8843	4.2645909047314	22.995042975681	10.870338180103
GLOBAL	II	9290001	9300000	-1.6950217823476	8572	9.2540228542339	40.706012302507	18.555507531421
GLOBAL	II	9300001	9310000	-1.2140736790812	8724	4.473104936452	11.169897951362	5.515969195525
GLOBAL	II	9310001	9320000	-1.4373850742765	9677	1.4946304161896	7.6630865343308	4.2914430019709
GLOBAL	II	9320001	9330000	-0.67642058242557	9303	8.3607736255486	13.004591221034	6.8652813296035
GLOBAL	II	9330001	9340000	-1.0964981575434	9477	6.2897772169853	14.420228754	7.414924941808
GLOBAL	II	9340001	9350000	-1.1016166112789	9136	18.339511318093	40.067211042627	19.723467767348
GLOBAL	II	9350001	9360000	-0.84507788010196	9654	3.2322649515522	6.3645344167323	3.7064861581777
GLOBAL	II	9360001	9370000	-0.94595403574146	9459	5.7689015570366	10.90900929499	5.433781710043
GLOBAL	II	9370001	9380000	-1.197466503457	9102	4.9073218933167	13.641726960466	7.2940704745671
GLOBAL	II	9380001	9390000	-1.4182162345834	9395	3.2586792382296	14.422024930056	7.8713988879882
GLOBAL	II	9390001	9400000	-0.88366548448794	9291	7.364648275805	14.294263508082	7.8418987206366
GLOBAL	II	9400001	9410000	-0.75655259202792	9546	8.2806317947475	13.771220140487	7.2573782756095
GLOBAL	II	9410001	9420000	-1.1820104508341	9398	3.5301618634178	9.8717353632423	5.3650739681275
GLOBAL	II	9420001	9430000	-1.2409642287013	9770	3.8561216538298	10.909480392946	5.6837728082608
GLOBAL	II	9430001	9440000	-0.94947158049317	9545	4.791132607298	11.048692759541	6.5905713038744
GLOBAL	II	9440001	9450000	-1.1605918602873	9457	3.6778495754573	10.391860109377	5.7849884732589
GLOBAL	II	9450001	9460000	-1.2554189844525	9457	4.0253948670799	11.95045945533	6.3126849971179
GLOBAL	II	9460001	9470000	-1.1338700841875	9690	4.820728567087	11.81991596725	6.1728301132294
GLOBAL	II	9470001	9480000	-1.101184750176	9459	5.4986792179523	13.387842530489	7.1642504232605
GLOBAL	II	9480001	9490000	-1.3654537582019	9419	4.2331690965247	15.084571150921	7.9471032901811
GLOBAL	II	9490001	9500000	-1.5496566150001	8934	11.663737928761	39.895220744076	18.217895849987
GLOBAL	II	9500001	9510000	-1.1212992192881	9273	5.5964714497372	13.900890679604	7.4060688592468
GLOBAL	II	9510001	9520000	-0.80459903711408	9114	6.8435931802304	12.083007864643	6.5118331525785
GLOBAL	II	9520001	9530000	-1.3743179255366	9584	2.4860973909757	10.134394532811	5.5651585413537
GLOBAL	II	9530001	9540000	-1.0936954224656	9488	5.6425316557838	13.513781465751	7.1969303777664
GLOBAL	II	9540001	9550000	-1.4872794675628	9433	4.5023404521033	15.976012765322	7.7145368866147
GLOBAL	II	9550001	9560000	-1.2022721552967	8839	18.773101980375	46.623809669653	23.165060894556
GLOBAL	II	9560001	9570000	-1.2640665745904	8815	20.124195083623	51.123374331858	24.5233754862
GLOBAL	II	9570001	9580000	-2.0008555653097	8975	4.9183516205047	42.105932040472	18.585839510216
GLOBAL	II	9580001	9590000	-1.5994864236413	9508	9.6019462742441	38.205840382631	17.883174052374
GLOBAL	II	9590001	9600000	-1.1916678326214	9423	20.603230490658	42.4835350545	18.361076773978
GLOBAL	II	9600001	9610000	-1.1712998853461	9373	30.737228010501	64.072073854557	28.459702131881
GLOBAL	II	9610001	9620000	-1.215852435532	9555	23.355544522062	50.54597838687	22.363268000455
GLOBAL	II	9620001	9630000	-1.2023850730694	9360	19.203658173271	38.965977880349	16.43593233957
GLOBAL	II	9630001	9640000	-1.1158727564879	9266	15.441401834558	31.468256262015	14.362618259361
GLOBAL	II	9640001	9650000	-0.18172625127011	8721	16.234217049393	18.987383399631	15.150075077192
GLOBAL	II	9650001	9660000	-0.28650456306448	8761	20.620699585785	26.147741708524	19.291288290911
GLOBAL	II	9660001	9670000	1.4812374452972	9618	37.840075583393	21.748621925251	10.863520706441
GLOBAL	II	9670001	9680000	4.0119974071325	9247	123.76540482801	45.822212233818	19.427528157329
GLOBAL	II	9680001	9690000	1.8171508242682	8671	94.442543536773	45.603982807647	26.876448601229
GLOBAL	II	9690001	9700000	0.44708631791117	8653	59.11083106644	48.258522837461	24.273407156993
GLOBAL	II	9700001	9710000	-1.04314279117	9183	36.861367563979	65.767415991427	27.71053845373
GLOBAL	II	9710001	9720000	2.1516455565335	8624	159.21026536267	72.366313803979	40.361643810241
GLOBAL	II	9720001	9730000	2.0825573442211	9048	174.27496516268	88.593047543343	41.142645054696
GLOBAL	II	9730001	9740000	2.3454199127756	8455	211.23854460407	103.62390552589	45.882887960489
GLOBAL	II	9740001	9750000	2.6388184731894	9205	217.94256920813	101.06701238629	44.290866540956
GLOBAL	II	9750001	9760000	0.016135520534446	8994	82.798559938872	82.127384349456	41.596153528648
GLOBAL	II	9760001	9770000	-1.4183531836423	8432	8.4663257088006	36.591884299178	19.829728529358
GLOBAL	II	9770001	9780000	1.9886988522351	8399	145.32813622309	69.41649273704	38.171512695718
GLOBAL	II	9780001	9790000	0.78804662223406	8468	134.62305349785	90.081144949347	56.521920520678
GLOBAL	II	9790001	9800000	1.5673206208275	8088	172.97884820128	91.425853616033	52.033383279412
GLOBAL	II	9800001	9810000	0.5650948699335	8576	45.570527698745	33.686611918885	21.029948088642
GLOBAL	II	9810001	9820000	-0.96826609480867	9388	10.565462248899	20.402028593717	10.158949484605
GLOBAL	II	9820001	9830000	-1.1764257766286	9501	5.4060647600043	13.643045516305	7.0017003366812
GLOBAL	II	9830001	9840000	-1.0919814989827	9625	5.394611804015	11.688471404994	5.7637053437648
GLOBAL	II	9840001	9850000	-1.2786647825953	9510	4.684991630369	14.180641958581	7.4262233991769
GLOBAL	II	9850001	9860000	-0.81998359734552	9203	6.2242607143542	11.304545722242	6.1955934537399
GLOBAL	II	9860001	9870000	-0.79111544064515	8933	5.7597278857684	12.019066086703	7.9120415041201
GLOBAL	II	9870001	9880000	-1.0003839885395	8973	3.5276884364967	10.399569693929	6.8692435466352
GLOBAL	II	9880001	9890000	-0.84733771543333	9605	7.949054870373	14.813419431521	8.1010964531861
GLOBAL	II	9890001	9900000	-1.3178603226786	9603	2.7178812581907	9.8722731876165	5.4287937851291
GLOBAL	II	9900001	9910000	-0.88421283398041	9310	6.4924695613996	13.014978020777	7.376627219959
GLOBAL	II	9910001	9920000	-1.2484031778362	9606	5.660694879053	15.199014537733	7.6404160354767
GLOBAL	II	9920001	9930000	-0.27288634397418	9510	13.857184953843	16.336032844208	9.0838106966573
GLOBAL	II	9930001	9940000	-0.73311016678577	9518	10.403980183646	16.499864501811	8.3150999595209
GLOBAL	II	9940001	9950000	-1.1266715022056	9552	5.7949844615152	14.564783691281	7.7838120628753
GLOBAL	II	9950001	9960000	-1.2549247118494	9705	6.7379532002447	16.103932319028	7.4633793010425
GLOBAL	II	9960001	9970000	1.4490621168898	9300	70.697197263347	40.729675653765	20.680632845405
GLOBAL	II	9970001	9980000	2.5563914643064	7574	165.38657482187	59.448403133675	41.440512209243
GLOBAL	II	9980001	9990000	3.0663595631555	7915	177.45869733058	64.397713020556	36.87140466778
GLOBAL	II	9990001	10000000	2.4438455674574	7290	117.94359541479	46.597384560616	29.194238704862
GLOBAL	II	10000001	10010000	0.072842636068662	9322	18.526144930736	17.837864538053	9.4488671721643
GLOBAL	II	10010001	10020000	-0.43949127860297	9444	14.155963145552	19.447298891555	12.03968316009
GLOBAL	II	10020001	10030000	-0.61767203800609	8983	12.141488270882	19.157005493101	11.357997109382
GLOBAL	II	10030001	10040000	-0.80603131294163	9538	9.5718444596073	16.897458507489	9.0884980896671
GLOBAL	II	10040001	10050000	-0.61553239937677	7723	9.4594132725959	16.83319724417	11.979522083711
GLOBAL	II	10050001	10060000	-0.63160494629319	9170	10.794243019365	17.749235025126	11.011617382952
GLOBAL	II	10060001	10070000	-1.1500329038501	9547	7.3381516572679	16.891563523359	8.3070769837177
GLOBAL	II	10070001	10080000	-0.68250362371266	9655	7.8131220187284	13.806104558555	8.7808801764695
GLOBAL	II	10080001	10090000	-0.8584476416817	9056	9.5422899423066	20.131318016731	12.335089014493
GLOBAL	II	10090001	10100000	-0.384622633919	8133	9.4184804840031	13.609912558367	10.897517994864
GLOBAL	II	10100001	10110000	-0.63471109776509	8634	10.809173358145	19.284413488394	13.352909946102
GLOBAL	II	10110001	10120000	-0.78854123452462	8710	9.5031710394546	21.444845316794	15.144007382872
GLOBAL	II	10120001	10130000	-1.1242500584236	8870	18.192153963904	44.57246889863	23.464810819503
GLOBAL	II	10130001	10140000	-0.91917058356522	8999	38.859713476423	70.508740439979	34.432158218988
GLOBAL	II	10140001	10150000	-0.88113492692261	8339	12.940757484961	31.724017239705	21.317120886747
GLOBAL	II	10150001	10160000	-1.1965187633431	8666	30.40628747917	70.017011385484	33.104975132727
GLOBAL	II	10160001	10170000	-1.0057533853101	9357	20.940648944093	40.572884528934	19.519929906862
GLOBAL	II	10170001	10180000	-0.72249580710452	9040	8.7678253578897	15.601828516755	9.4588827944257
GLOBAL	II	10180001	10190000	-1.2871574074825	9391	6.0120723098796	15.847178973107	7.6409509870776
GLOBAL	II	10190001	10200000	-1.0063629172483	8487	7.6568374207217	15.995439816041	8.2858800263824
GLOBAL	II	10200001	10210000	-0.6115029410763	8120	12.535464990569	19.378515617708	11.190544096312
GLOBAL	II	10210001	10220000	-1.1089166918751	9187	9.5032272616977	21.444295050647	10.768228016081
GLOBAL	II	10220001	10230000	-0.99540180284866	8768	8.5121185080012	18.987483682995	10.523755477452
GLOBAL	II	10230001	10240000	-0.56640378414689	9323	11.244728097365	17.039097582456	10.23010376567
GLOBAL	II	10240001	10250000	-0.85188894353507	9163	8.4130663090257	16.639307456067	9.6564713152688
GLOBAL	II	10250001	10260000	-1.1676540534114	9231	6.9289373520645	19.508663949156	10.773504841044
GLOBAL	II	10260001	10270000	-0.5621733695924	8753	11.012180027838	19.250797999319	14.654941726348
GLOBAL	II	10270001	10280000	-0.82712826598815	9095	10.843807113606	21.862548949549	13.321684542818
GLOBAL	II	10280001	10290000	-0.21831420007448	8984	22.974814336682	26.598222728698	16.597218095662
GLOBAL	II	10290001	10300000	-0.42515883220915	9087	18.365228403501	25.680784443924	17.206642520893
GLOBAL	II	10300001	10310000	-0.8672392169453	8950	9.0689209786628	19.791178981081	12.363668285418
GLOBAL	II	10310001	10320000	-1.20203789137	8920	6.2668769812112	19.110984680325	10.685276887964
GLOBAL	II	10320001	10330000	-0.41718715312268	8727	12.610948728617	18.031611051616	12.993358693874
GLOBAL	II	10330001	10340000	-0.86575765095339	8635	4.9799345239147	13.745465573203	10.124693717273
GLOBAL	II	10340001	10350000	-0.96307232444459	8753	6.8291870246022	17.027321176534	10.589167493535
GLOBAL	II	10350001	10360000	-0.81587381951422	8625	4.6945114068713	10.430946827122	7.0310325972535
GLOBAL	II	10360001	10370000	-0.79703361990851	8032	7.2511202666987	16.989601857647	12.21840753978
GLOBAL	II	10370001	10380000	-1.1006343273011	9125	5.1156762571707	14.041132393421	8.1093746713651
GLOBAL	II	10380001	10390000	-0.79715351091061	9058	7.5488456583893	14.862016555436	9.1741061125005
GLOBAL	II	10390001	10400000	-1.2441217053546	9149	6.286976231584	17.27946583461	8.8355420178878
GLOBAL	II	10400001	10410000	-0.9839638080552	9266	7.9402359842564	18.591696877249	10.825053529199
GLOBAL	II	10410001	10420000	-1.2676136360014	9107	8.3248370799208	26.694132702342	14.491241732273
GLOBAL	II	10420001	10430000	-1.0585240087745	8593	31.922178521568	68.346913264163	34.410872536341
GLOBAL	II	10430001	10440000	0.34053103321575	7329	108.51179172669	89.17230174678	56.792151356316
GLOBAL	II	10440001	10450000	0.41637076743727	8048	119.90470217259	96.38465438613	56.488230264636
GLOBAL	II	10450001	10460000	0.19685490185154	7669	89.358848874266	79.939351909696	47.849948748923
GLOBAL	II	10460001	10470000	-0.082033244960546	6991	55.085968523919	58.456965421066	41.09305804944
GLOBAL	II	10470001	10480000	-0.91039631964217	8445	19.202901931379	43.896452218314	27.12395662654
GLOBAL	II	10480001	10490000	-1.4136851949763	8512	11.182643271086	38.54685140144	19.356649010399
GLOBAL	II	10490001	10500000	-1.9660197046299	8780	8.1030742406645	63.441098143588	28.147237676511
GLOBAL	II	10500001	10510000	-2.1248153991886	8925	4.757508550081	49.116220041204	20.87650132245
GLOBAL	II	10510001	10520000	-1.7120359712485	9036	12.180603280146	49.530193862267	21.815891260091
GLOBAL	II	10520001	10530000	-0.90010792314105	8411	5.6949069529366	12.89692211365	8.0012795972078
GLOBAL	II	10530001	10540000	-1.0016800149172	8827	5.192447752398	16.676575842875	11.46486694299
GLOBAL	II	10540001	10550000	-0.88185696510991	8837	8.9587964875116	23.552767285263	16.549135942849
GLOBAL	II	10550001	10560000	-0.46583101836458	5471	8.4466884667562	14.720962866125	13.468992299818
GLOBAL	II	10560001	10570000	-0.32958943941297	6054	21.816775829944	30.028106017995	24.913814601211
GLOBAL	II	10570001	10580000	-0.77578723800033	8548	9.7883483404516	20.358158061591	13.624624385913
GLOBAL	II	10580001	10590000	-0.69192036715926	8544	11.248834993739	20.625412763327	13.551527335558
GLOBAL	II	10590001	10600000	-1.1591837452794	8565	25.970569400307	66.621846762558	35.068881467496
GLOBAL	II	10600001	10610000	-0.7708264401468	8106	17.121277626534	35.395851361983	23.707767123255
GLOBAL	II	10610001	10620000	-1.0010819686831	8384	8.7557948618892	21.758062441235	12.98821473775
GLOBAL	II	10620001	10630000	-0.91471158743099	9044	13.435400164729	26.522395289772	14.307236625042
GLOBAL	II	10630001	10640000	-0.32814718422261	8484	13.103011425492	17.210261449634	12.516487178985
GLOBAL	II	10640001	10650000	-1.1534279759816	8936	7.2973043433793	20.309272297008	11.281127408545
GLOBAL	II	10650001	10660000	-0.77552605031082	9206	11.371169209261	18.972096716008	9.8009957288997
GLOBAL	II	10660001	10670000	-1.0494414884924	9073	6.3828269707736	18.129396455	11.193162851892
GLOBAL	II	10670001	10680000	-0.64002335943305	8384	10.201995021546	23.297581944585	20.461107754941
GLOBAL	II	10680001	10690000	-0.54236645917055	6990	2.9513757611832	6.7484614536388	7.0009596431583
GLOBAL	II	10690001	10700000	-0.47247068502051	7707	6.7939805151563	12.184010409975	11.408178466321
GLOBAL	II	10700001	10710000	0.27817459266224	8188	27.677205302619	23.853227892891	13.746681079429
GLOBAL	II	10710001	10720000	-0.82714627177405	8726	8.5467778431214	18.399166677149	11.911301749444
GLOBAL	II	10720001	10730000	-1.0650881372649	9119	10.211189668979	23.005850209522	12.012771612872
GLOBAL	II	10730001	10740000	-0.88557332632936	8711	9.2836680568219	19.419902370858	11.445957113512
GLOBAL	II	10740001	10750000	-1.1047273025229	9111	8.8837653050206	20.659959411288	10.659819920602
GLOBAL	II	10750001	10760000	-1.437229705641	9331	7.9118490239515	24.553957884624	11.57929647248
GLOBAL	II	10760001	10770000	-0.89093879432749	7295	16.330430392295	29.836794436314	15.15969910617
GLOBAL	II	10770001	10780000	-0.96617942298693	8748	25.777149358759	51.72624594883	26.857430382703
GLOBAL	II	10780001	10790000	-1.0450832853044	8731	15.583934208585	37.696963899302	21.15910760574
GLOBAL	II	10790001	10800000	-1.2068076958741	9363	6.4921523053999	17.280224186228	8.9393462750622
GLOBAL	II	10800001	10810000	-1.0813932227437	9313	6.8413889048604	16.506251275191	8.9374171828167
GLOBAL	II	10810001	10820000	-0.92503925551293	9168	9.8398556810688	20.15471149408	11.150722254799
GLOBAL	II	10820001	10830000	-0.75520917042365	8713	12.795613568298	25.018375837642	16.184605203466
GLOBAL	II	10830001	10840000	-1.3221470425264	8588	6.4243528936213	24.099372141917	13.368421726015
GLOBAL	II	10840001	10850000	-0.82348038789395	9143	10.634759075492	19.38619245265	10.627373166153
GLOBAL	II	10850001	10860000	-1.2797564297136	9146	5.7329610440714	20.675157112554	11.675812460522
GLOBAL	II	10860001	10870000	0.80034675018756	7934	57.552452042107	36.137195389506	26.757473117223
GLOBAL	II	10870001	10880000	1.4235921522825	7675	148.90042255835	76.413388519827	50.91839957273
GLOBAL	II	10880001	10890000	-0.083735752774948	8152	50.457798365001	53.273214308921	33.622626543846
GLOBAL	II	10890001	10900000	-1.1156242322271	8498	16.302663797611	42.842704054075	23.789408198388
GLOBAL	II	10900001	10910000	-1.1091695768016	8530	25.183187479655	60.964422333601	32.259480968749
GLOBAL	II	10910001	10920000	-1.1121681673849	8776	19.058033760991	44.707328633415	23.062424932315
GLOBAL	II	10920001	10930000	-1.1905679796986	8210	29.051817809277	70.501138184927	34.81474479613
GLOBAL	II	10930001	10940000	-1.0149649749976	8745	20.306979006446	47.43858364262	26.731567398409
GLOBAL	II	10940001	10950000	-0.78240365007329	7227	13.50580658784	30.254077942594	21.406177429241
GLOBAL	II	10950001	10960000	-1.1173074170801	8913	9.3805625569927	24.589900291604	13.612491514966
GLOBAL	II	10960001	10970000	-1.0020089038682	8786	10.621940783309	24.977425799749	14.326704045265
GLOBAL	II	10970001	10980000	-1.1858366607734	7144	5.4767969690088	20.644960923475	12.791107288397
GLOBAL	II	10980001	10990000	-0.64442519894811	9316	18.307400981959	27.041974331045	13.554053074497
GLOBAL	II	10990001	11000000	-0.90442429827587	7643	8.6798859533765	19.802643309178	12.298162905403
GLOBAL	II	11000001	11010000	-0.87141906908695	8102	10.671451910689	21.847561718547	12.825183891797
GLOBAL	II	11010001	11020000	-0.8084062547364	8726	22.135656875439	45.902602869182	29.3997552029
GLOBAL	II	11020001	11030000	-1.0498567397717	8429	7.7429534036833	24.45718009402	15.920483297532
GLOBAL	II	11030001	11040000	-0.97841694806233	8719	9.2918223496286	20.278611853093	11.229148805346
GLOBAL	II	11040001	11050000	-0.93142064695763	8168	29.736996117019	61.948839120537	34.583561260677
GLOBAL	II	11050001	11060000	-1.505870371042	8170	23.847269870658	76.626926617155	35.049269685795
GLOBAL	II	11060001	11070000	-1.6168570885747	8481	19.40441861615	77.197413949667	35.744034362655
GLOBAL	II	11070001	11080000	-1.6196760582667	7671	21.513888269214	88.399785484992	41.295848558357
GLOBAL	II	11080001	11090000	-1.7508958978215	7953	20.087943122683	87.089233735719	38.266861380166
GLOBAL	II	11090001	11100000	-0.80148386648347	7567	40.771966912677	76.263662482307	44.282482846911
GLOBAL	II	11100001	11110000	-0.41456601754106	7867	70.769218451369	92.235502690256	51.780134720668
GLOBAL	II	11110001	11120000	-0.55664265057492	8567	57.177915794183	82.176189178908	44.909015431904
GLOBAL	II	11120001	11130000	-0.63183454634073	7941	50.988064652978	76.144359465953	39.814687181426
GLOBAL	II	11130001	11140000	-0.70319675059196	7638	49.043293072146	77.177220637894	40.008614291896
GLOBAL	II	11140001	11150000	-0.68979020656291	8718	38.778956196219	64.167551195845	36.806256102319
GLOBAL	II	11150001	11160000	-0.91218390911461	9190	7.0842309068208	17.582741772138	11.509204186146
GLOBAL	II	11160001	11170000	-1.1510995447311	8881	15.55045057834	39.192384970644	20.538566365108
GLOBAL	II	11170001	11180000	0.20754329112346	8771	31.696929963353	28.522025357084	15.297553532484
GLOBAL	II	11180001	11190000	-0.8715775634071	8913	10.394201622654	22.231590795347	13.581567114256
GLOBAL	II	11190001	11200000	-0.45647827588433	9382	16.74691908108	21.576408162059	10.579888104473
GLOBAL	II	11200001	11210000	-1.0067656842357	9075	8.8689691087796	20.717579629612	11.768985282635
GLOBAL	II	11210001	11220000	-0.65719468893888	8278	38.412630099987	61.136285538665	34.57674844477
GLOBAL	II	11220001	11230000	-0.68358082831587	8162	26.762217363942	49.082096249421	32.651411451179
GLOBAL	II	11230001	11240000	-0.43475013435203	8608	41.865082803821	55.430311091078	31.202355595531
GLOBAL	II	11240001	11250000	-1.2125340476229	8854	10.074145941183	29.91948777337	16.366832643662
GLOBAL	II	11250001	11260000	-0.82620483595546	8751	12.527328462686	24.614124176643	14.629296740898
GLOBAL	II	11260001	11270000	1.5318737914386	7853	103.13458315245	49.234604514686	35.185652329198
GLOBAL	II	11270001	11280000	1.286218529165	7694	80.736461949222	39.979596742072	31.687356606197
GLOBAL	II	11280001	11290000	1.7227222739565	7777	119.6756294677	54.93547836518	37.580143985619
GLOBAL	II	11290001	11300000	-0.42686388695094	9146	10.069157860947	14.038418391187	9.2986562030161
GLOBAL	II	11300001	11310000	1.2799564782052	7543	90.513534916731	48.540182381868	32.79279666893
GLOBAL	II	11310001	11320000	1.9342852565477	8067	182.35095867893	85.080430480053	50.287581870154
GLOBAL	II	11320001	11330000	1.03159647835	8180	125.00068259309	77.079171210048	46.453736891083
GLOBAL	II	11330001	11340000	-1.3492839212467	7979	25.715500404758	70.837020894027	33.441086622879
GLOBAL	II	11340001	11350000	-1.0710422667695	8966	9.7856759047973	29.643790079362	18.540924845535
GLOBAL	II	11350001	11360000	-1.3029423569108	8784	7.9402288955142	24.044301547277	12.359773681734
GLOBAL	II	11360001	11370000	-1.1417767039661	8825	6.7125768833023	24.612039844371	15.676850735256
GLOBAL	II	11370001	11380000	-0.99093129692801	8770	12.319170009513	27.849740436386	15.672701503141
GLOBAL	II	11380001	11390000	-0.75224159894822	8799	18.493174955378	33.6232079721	20.113262863789
GLOBAL	II	11390001	11400000	-1.0631646837907	8824	13.794771291653	31.227378948944	16.396902495985
GLOBAL	II	11400001	11410000	-1.0619163349985	8662	13.121297373262	31.776013887749	17.567030376752
GLOBAL	II	11410001	11420000	-0.92301895997859	8434	9.4830591545571	25.293947185528	17.129537654717
GLOBAL	II	11420001	11430000	-0.93718392623242	8477	15.33946773011	32.707037859361	18.531655999554
GLOBAL	II	11430001	11440000	-1.0850338314915	8676	9.5577577435342	28.411957885458	17.376601166441
GLOBAL	II	11440001	11450000	-0.96736652780723	8284	10.710645930908	27.51904639041	17.375420770038
GLOBAL	II	11450001	11460000	-0.43282533955499	8665	24.222876432458	34.057665447034	22.722304162433
GLOBAL	II	11460001	11470000	-0.90228910627115	9119	12.15606106681	23.923420518799	13.041672973999
GLOBAL	II	11470001	11480000	-1.2475009165328	8809	10.317468857478	30.573175674739	16.237027603601
GLOBAL	II	11480001	11490000	-0.97187726707386	8878	25.87109168989	55.14690705551	30.122955189357
GLOBAL	II	11490001	11500000	-1.268005120039	8260	19.681727751272	59.05760765943	31.053407660489
GLOBAL	II	11500001	11510000	-1.2228473735852	8862	18.458842664865	50.545649074127	26.239420472556
GLOBAL	II	11510001	11520000	-1.0474310894066	9004	33.465621333358	71.776169684053	36.575722009932
GLOBAL	II	11520001	11530000	-0.92876172437607	8534	27.322654808439	53.931601241192	28.649917125546
GLOBAL	II	11530001	11540000	-1.2246419520341	8737	29.543020910725	72.411896002878	35.005231546207
GLOBAL	II	11540001	11550000	-0.95194956503807	8494	35.538210804886	69.078871078311	35.233652606463
GLOBAL	II	11550001	11560000	-1.2071024723692	8435	26.088433762147	64.062735436791	31.459053844958
GLOBAL	II	11560001	11570000	-1.7305029016948	8706	14.873897323853	65.277920020802	29.126806229325
GLOBAL	II	11570001	11580000	-1.3648389525298	8478	9.1655210531849	39.886055251405	22.508541495887
GLOBAL	II	11580001	11590000	-1.7927902793251	8683	9.4819600901835	59.18917076924	27.726171461488
GLOBAL	II	11590001	11600000	-1.9110768022492	8953	10.078897118951	61.232881657338	26.767100347919
GLOBAL	II	11600001	11610000	-2.0122729344144	8679	7.5175967754148	56.018889697805	24.102740782778
GLOBAL	II	11610001	11620000	-1.4922319668684	7699	13.106356901672	48.61143838867	23.793272276232
GLOBAL	II	11620001	11630000	-1.2456766511263	8248	8.836045904443	31.762382959238	18.404725683881
GLOBAL	II	11630001	11640000	-1.2762563016155	8510	14.533997606708	40.097732293235	20.030251489586
GLOBAL	II	11640001	11650000	-1.8463005158767	8124	6.0009671733622	50.497177812536	24.100199429368
GLOBAL	II	11650001	11660000	-1.2171388855847	9007	10.675914801818	27.550926174436	13.864491203493
GLOBAL	II	11660001	11670000	-0.93350077284429	8342	8.4341878574391	17.680215955044	9.9046817812834
GLOBAL	II	11670001	11680000	-0.73664646788686	8856	16.051704124503	27.182376651999	15.109924519729
GLOBAL	II	11680001	11690000	-0.68444916061097	8458	9.4605144143078	17.349376837979	11.525855940314
GLOBAL	II	11690001	11700000	-1.0362131278988	7711	10.495309271812	25.410791730459	14.394222633419
GLOBAL	II	11700001	11710000	-0.76143882025627	8650	12.938056008114	24.779263880186	15.551095579927
GLOBAL	II	11710001	11720000	-1.0966049853723	8809	8.0097493560255	22.524166982257	13.235775707607
GLOBAL	II	11720001	11730000	-1.0115543070098	8835	9.9547094974962	23.801962846644	13.689085453139
GLOBAL	II	11730001	11740000	-0.9131871353547	7498	6.1156913845412	17.67618309737	12.659499094168
GLOBAL	II	11740001	11750000	-1.1031765805176	9437	6.7840477334447	17.504832199266	9.7181037516147
GLOBAL	II	11750001	11760000	-1.4916422853401	9256	7.7195876478265	25.987290473093	12.246704860007
GLOBAL	II	11760001	11770000	-0.98058724906812	8915	11.324705884582	27.917388781609	16.921169342959
GLOBAL	II	11770001	11780000	-0.98169951089708	8957	11.708632296849	25.918788415501	14.475056736726
GLOBAL	II	11780001	11790000	-1.0395765873935	7574	6.4455193588198	15.969563094566	9.1614642453869
GLOBAL	II	11790001	11800000	-1.0848394208675	8386	8.8244624696743	20.541236446475	10.800468485402
GLOBAL	II	11800001	11810000	-0.60160981453786	7343	8.5105912432387	15.21418323152	11.142757026714
GLOBAL	II	11810001	11820000	-0.4733093433949	8469	14.04064194395	18.751219575223	9.9524289917569
GLOBAL	II	11820001	11830000	-0.96093907146168	8567	8.3750949223908	18.74004579665	10.786272701446
GLOBAL	II	11830001	11840000	-0.67598641610006	8843	13.147903242255	21.087256651412	11.744841641879
GLOBAL	II	11840001	11850000	-0.97845082410223	9371	10.337223088496	19.614654137178	9.4817550562073
GLOBAL	II	11850001	11860000	-1.2495398488373	9427	5.7165192337478	17.15753913688	9.1561865063985
GLOBAL	II	11860001	11870000	-0.72229409313636	8462	11.233203453336	19.515813541583	11.467088222032
GLOBAL	II	11870001	11880000	-1.1567635094235	8735	9.1440248088539	22.751469839201	11.76337680044
GLOBAL	II	11880001	11890000	-1.1621797880052	9234	10.422177848035	23.386132672156	11.154861715822
GLOBAL	II	11890001	11900000	-1.140220695986	9398	8.5460375423603	20.925962987215	10.857481791408
GLOBAL	II	11900001	11910000	-1.0866117736197	9545	7.8110342675492	16.49606773221	7.9927658392008
GLOBAL	II	11910001	11920000	1.3799152493677	8343	92.898590288508	53.394614776774	28.627827346524
GLOBAL	II	11920001	11930000	2.4062232118478	8118	169.23973323145	71.483278477721	40.626511402763
GLOBAL	II	11930001	11940000	1.9177486004159	8374	149.47375228451	69.932781968923	41.476223889999
GLOBAL	II	11940001	11950000	-1.0024073026538	9022	14.938701333964	32.962209397206	17.980224221756
GLOBAL	II	11950001	11960000	-0.60645014147465	8748	20.443338286221	31.23548602834	17.795605943594
GLOBAL	II	11960001	11970000	-0.11542324082557	8100	69.040944936638	73.818318754719	41.390050945637
GLOBAL	II	11970001	11980000	1.5600700622143	8113	109.68229905134	53.180184601562	36.217677537878
GLOBAL	II	11980001	11990000	1.2184423910021	6407	225.22886278716	128.58829091612	79.314847041356
GLOBAL	II	11990001	12000000	1.1573325024793	7404	253.88759087753	158.93269838028	82.046336980802
GLOBAL	II	12000001	12010000	0.53298574275897	6172	120.0491044556	87.522775153076	61.026640476639
GLOBAL	II	12010001	12020000	1.0535192565693	7446	186.25218277711	119.91436155412	62.967829785113
GLOBAL	II	12020001	12030000	0.85168382886879	7666	231.67204120172	159.23318237003	85.053697600322
GLOBAL	II	12030001	12040000	0.18578687704836	6990	167.87153926091	152.26711450884	83.99099548891
GLOBAL	II	12040001	12050000	-0.29920480666991	5803	108.55083093627	134.52653768955	86.815807013221
GLOBAL	II	12050001	12060000	-0.45331349332911	6381	129.73047618696	174.57385883233	98.923555784844
GLOBAL	II	12060001	12070000	-0.64805949602554	7425	60.135323235943	103.68286933769	67.196833575957
GLOBAL	II	12070001	12080000	-0.23623189816679	6487	98.225617355354	115.40954180566	72.741761733534
GLOBAL	II	12080001	12090000	0.4731128765974	7759	238.16713338586	192.70373891541	96.094181154863
GLOBAL	II	12090001	12100000	0.16075027516181	7453	137.59112833729	125.4399592706	75.590346918301
GLOBAL	II	12100001	12110000	1.289146217112	8212	124.53520244572	72.272799420168	40.54032221623
GLOBAL	II	12110001	12120000	-0.58551391910659	8611	37.716387498279	54.019400575091	27.84393768416
GLOBAL	II	12120001	12130000	-1.1029213158677	8927	39.40208731804	78.54884050326	35.493695354342
GLOBAL	II	12130001	12140000	-1.76638078275	9294	22.347893403187	77.816004233983	31.402125392488
GLOBAL	II	12140001	12150000	-1.9011386865862	9401	19.690457270475	75.989640083701	29.613401279167
GLOBAL	II	12150001	12160000	-1.4685647255011	8867	20.857094123895	60.77274573674	27.180042472575
GLOBAL	II	12160001	12170000	-0.96945896738956	8892	41.658783436652	74.897865430251	34.28621851124
GLOBAL	II	12170001	12180000	2.0096615698531	7833	199.64691667905	89.945613580689	54.586953715985
GLOBAL	II	12180001	12190000	1.9966299069111	7642	232.61764914063	108.38236713915	62.222488790464
GLOBAL	II	12190001	12200000	1.4057335950102	7339	147.74846175808	71.829503893605	54.006646873889
GLOBAL	II	12200001	12210000	1.6377996415452	7868	139.5951252927	66.022309423401	44.921743785391
GLOBAL	II	12210001	12220000	0.18237052488812	3396	22.593076095491	19.793170446918	15.352840873223
GLOBAL	II	12220001	12230000	NA	211	0	0	0
GLOBAL	II	12230001	12240000	-0.19358974032506	797	0.32076848970689	0.41637098974188	0.49384073698564
GLOBAL	II	12240001	12250000	-0.85899431838655	6102	9.6591905028491	23.123012047867	15.673935504378
GLOBAL	II	12250001	12260000	0.65456445709969	9058	55.16794737616	40.042432848603	23.107754115731
GLOBAL	II	12260001	12270000	1.4888500215197	8459	128.03817090195	71.784660298313	37.783194942775
GLOBAL	II	12270001	12280000	0.87021058672141	8200	59.206807726835	39.414200412016	22.744617931378
GLOBAL	II	12280001	12290000	-1.2488696739784	9184	6.9648032052146	16.884465272931	7.9429121183767
GLOBAL	II	12290001	12300000	-1.2756365568027	9549	7.2869150064971	18.708792882509	8.9538652801229
GLOBAL	II	12300001	12310000	-0.89868740079787	8698	10.831556671423	20.738139734193	11.02339150852
GLOBAL	II	12310001	12320000	-1.1150690881313	9351	8.0952293806787	17.933522268792	8.8230343687503
GLOBAL	II	12320001	12330000	-1.0407408703636	9384	5.2003054971012	12.866413897477	7.3660107128273
GLOBAL	II	12330001	12340000	-0.9761359232794	9262	9.349997479232	17.930140276329	8.7899057830706
GLOBAL	II	12340001	12350000	-1.036154878436	9444	7.2741830450598	15.329840487421	7.7745688506723
GLOBAL	II	12350001	12360000	-0.9318585339457	9451	8.2168899178845	16.113033425658	8.4735431614707
GLOBAL	II	12360001	12370000	-0.64752877379865	9407	13.154545013423	21.89788234853	13.502623649934
GLOBAL	II	12370001	12380000	-0.9204728381899	9294	6.8132727999372	14.776835614515	8.6516000083585
GLOBAL	II	12380001	12390000	-1.076533824919	9133	7.751285167877	17.28119195953	8.8523988481
GLOBAL	II	12390001	12400000	-1.0084989441253	9709	7.2998916026447	14.42142018886	7.0615131802567
GLOBAL	II	12400001	12410000	-1.1906104059618	9651	17.645581037429	36.432331597786	15.779091520018
GLOBAL	II	12410001	12420000	-1.2435330340161	9191	17.908270550521	41.325178350238	18.830949527806
GLOBAL	II	12420001	12430000	-1.2005825981834	9804	4.5271435334508	10.778098774551	5.2066015704029
GLOBAL	II	12430001	12440000	-1.4887470259386	9753	3.3316704189354	12.077975259052	5.8749436188479
GLOBAL	II	12440001	12450000	-1.4191276541036	9612	4.4307236727831	13.506256446218	6.3951489826804
GLOBAL	II	12450001	12460000	-1.1911718762165	9847	5.7146717769868	12.855756726055	5.9950080182806
GLOBAL	II	12460001	12470000	-1.422297299311	9715	2.704631823673	10.780762298743	5.6782294946226
GLOBAL	II	12470001	12480000	-1.2362131580607	9615	6.050286735744	15.066135266414	7.2931180774789
GLOBAL	II	12480001	12490000	-1.1703538844179	9518	5.5694668853849	12.728077473458	6.1166205225467
GLOBAL	II	12490001	12500000	-0.87101481748443	9580	8.0525451457229	13.505761238721	6.2607615663152
GLOBAL	II	12500001	12510000	-1.3711103106921	9530	4.0203722215997	12.224935780853	5.9838829124634
GLOBAL	II	12510001	12520000	-1.3295037420067	9806	3.7379627328008	11.038376639001	5.4910818793044
GLOBAL	II	12520001	12530000	-1.1746078784605	9781	5.0175761717542	11.167835382814	5.2360105221838
GLOBAL	II	12530001	12540000	-1.1337300670914	9883	5.0604722176746	11.818909698089	5.9612404015648
GLOBAL	II	12540001	12550000	-1.4323467100373	9562	4.2952975228182	12.726696636552	5.8864233461425
GLOBAL	II	12550001	12560000	-1.3963834458926	9593	4.876080279079	14.805046692591	7.110487053336
GLOBAL	II	12560001	12570000	-1.1565461702615	9716	6.9326190126016	15.194830552261	7.1438665849294
GLOBAL	II	12570001	12580000	-1.4047961114277	9669	3.8093239214319	11.817490914477	5.700590233629
GLOBAL	II	12580001	12590000	-1.0629947354914	9831	5.1438986450813	10.649165140213	5.1790157667966
GLOBAL	II	12590001	12600000	-1.3821893825854	9477	3.5351143108533	10.388689659229	4.9584922549152
GLOBAL	II	12600001	12610000	-1.3797699539553	9573	4.5979896106367	13.766940037896	6.6452747437903
GLOBAL	II	12610001	12620000	-1.1333025984386	9580	5.1558942291765	11.68851081033	5.7642297742494
GLOBAL	II	12620001	12630000	-1.4329694174553	9582	2.7834985069805	9.6121778316515	4.7654047891668
GLOBAL	II	12630001	12640000	-0.99637060640898	9712	8.5512896228928	15.843552168308	7.3188254435735
GLOBAL	II	12640001	12650000	-1.285543553442	9485	4.0261025512863	10.777828554409	5.2520398745307
GLOBAL	II	12650001	12660000	-1.1139131959715	9714	3.5794286283377	9.0932408364061	4.9499478307728
GLOBAL	II	12660001	12670000	-1.1472630320035	9361	5.056102983766	12.730982759962	6.6897298719654
GLOBAL	II	12670001	12680000	-1.3903003512481	9495	3.9825234556329	13.770549718718	7.0402242611091
GLOBAL	II	12680001	12690000	-0.82627574171568	9875	8.050928817678	13.506036824781	6.6020430368392
GLOBAL	II	12690001	12700000	-1.2178064254353	9824	6.0682543969563	14.805643376327	7.1746944316273
GLOBAL	II	12700001	12710000	-1.1127975121714	9670	6.2865537498418	13.636458089897	6.604889263019
GLOBAL	II	12710001	12720000	-1.0685030617014	9647	5.6745816317469	12.077229037767	5.9921657087486
GLOBAL	II	12720001	12730000	-0.74340471300261	5959	2.4522186336183	8.2894968412206	7.8520866299402
GLOBAL	II	12730001	12740000	-0.1297797556767	4913	6.7080531129688	7.7773525004061	8.2393388850341
GLOBAL	III	1	10000	-0.80895256529767	136	0.0051479880279348	0.13829874285979	0.16459649248143
GLOBAL	III	10001	20000	-0.77197641083046	4015	1.2796586016219	5.456637537715	5.4107598075435
GLOBAL	III	20001	30000	-0.73720927614808	5981	2.7109729600584	9.3953795715791	9.0671764827035
GLOBAL	III	30001	40000	-1.1370942646643	9573	4.4374708393799	11.692433575046	6.3802649974741
GLOBAL	III	40001	50000	-1.2675482012745	9186	2.8570598157802	9.7426958539552	5.4322478871034
GLOBAL	III	50001	60000	-1.4254988731767	9730	4.3979436115488	14.292128444403	6.9408577018413
GLOBAL	III	60001	70000	-1.5159828430128	9749	2.620538369527	11.558675136129	5.8959353054675
GLOBAL	III	70001	80000	-1.0692262562087	9532	4.3735047144822	10.390418187055	5.6273528990092
GLOBAL	III	80001	90000	-1.5373591595327	9669	2.3687684408293	10.649695563073	5.3864622790946
GLOBAL	III	90001	100000	-1.3747702677024	9599	2.6704398074869	8.9623323325436	4.5766865001903
GLOBAL	III	100001	110000	-1.5054141599812	9846	3.3755980958904	12.206515961046	5.8661052220117
GLOBAL	III	110001	120000	-0.9957218153716	9848	5.810853198435	11.29781991049	5.5105418273954
GLOBAL	III	120001	130000	-0.62819190445514	9693	7.6771148790961	11.429119353475	5.9727042767811
GLOBAL	III	130001	140000	-1.1792425091249	9582	3.8799645788755	9.9999933352314	5.1897965931517
GLOBAL	III	140001	150000	-1.545591023027	9678	2.017727357321	9.7403488019226	4.9965491061644
GLOBAL	III	150001	160000	-0.89991989929064	8676	6.4907295561055	12.992085330775	7.2243716132897
GLOBAL	III	160001	170000	-1.4027432050492	9611	4.4678091174988	13.247126138594	6.2586772757077
GLOBAL	III	170001	180000	-1.2226051217775	9758	3.6855561820776	10.650437165324	5.6967542988205
GLOBAL	III	180001	190000	-1.3673927189519	9580	4.1255282121138	12.337862476669	6.0058344254236
GLOBAL	III	190001	200000	-1.2374283859244	9360	4.3975814746564	12.2093577485	6.3129118118685
GLOBAL	III	200001	210000	-1.3402007941792	9899	3.4838869893052	10.649206553484	5.3464522594664
GLOBAL	III	210001	220000	-1.1201365261971	9410	4.2950853457671	10.913944351554	5.9089752463101
GLOBAL	III	220001	230000	-1.423274762209	9818	2.1542941826383	8.311252334183	4.3259097364931
GLOBAL	III	230001	240000	-1.5564644700807	9769	2.2450044332071	10.518487419158	5.3155617394348
GLOBAL	III	240001	250000	-1.5236390867012	9815	3.002480881713	11.169485158014	5.3601960907833
GLOBAL	III	250001	260000	-1.1502142516213	9785	6.280751731214	13.89710758518	6.6216844759404
GLOBAL	III	260001	270000	-1.4223270433388	9495	2.8457632809355	11.300953022756	5.9446171549778
GLOBAL	III	270001	280000	-1.3607447308242	9359	1.2504852029106	6.4941382376222	3.8535170601289
GLOBAL	III	280001	290000	-1.6015097847944	9690	2.7300718321104	11.297385384017	5.3495230770671
GLOBAL	III	290001	300000	-1.266309050842	9852	4.6686315232025	12.077567652246	5.8508119515669
GLOBAL	III	300001	310000	-1.2126765455708	9662	4.9805507807965	13.669193860578	7.1648479650371
GLOBAL	III	310001	320000	-1.5357197341449	9607	1.9313043138683	8.8303729677683	4.4924008596799
GLOBAL	III	320001	330000	-1.6036430157303	9696	1.6656436027639	8.8300743264135	4.4675969984424
GLOBAL	III	330001	340000	-1.1280495521137	9507	4.456087913294	10.395842839147	5.2655088730127
GLOBAL	III	340001	350000	-1.3859114502188	9456	2.520577077624	10.394390641952	5.6813251402784
GLOBAL	III	350001	360000	-1.1177431296529	9461	3.1715805336195	8.7032373360979	4.9489517365195
GLOBAL	III	360001	370000	-0.98312228226128	8086	3.8809020183748	13.299375202006	9.5801644958837
GLOBAL	III	370001	380000	-1.0126718740562	9292	3.2873684452481	8.2036170140839	4.8547300411772
GLOBAL	III	380001	390000	-0.76937064333241	9552	12.032867515943	20.591030359816	11.123589024407
GLOBAL	III	390001	400000	-1.5420343222033	9268	18.369031131543	52.616569567939	22.209323063226
GLOBAL	III	400001	410000	-1.6383374388794	9234	16.682789234942	55.2211895726	23.522871066182
GLOBAL	III	410001	420000	-1.6258047164817	9260	18.106040942484	58.606110696811	24.910783776032
GLOBAL	III	420001	430000	-1.5784525417518	9222	18.994885162366	56.908648218559	24.019577436338
GLOBAL	III	430001	440000	-0.71176079141639	6464	10.984389925314	22.818383120341	16.626362870421
GLOBAL	III	440001	450000	-0.51980491937451	5764	10.82225345286	22.394627185193	22.262916915557
GLOBAL	III	450001	460000	-0.54885617862713	7229	12.135361223002	24.535459597954	22.592618718383
GLOBAL	III	460001	470000	-0.62500650752272	8639	12.275998702202	30.655234638986	29.406471317605
GLOBAL	III	470001	480000	-0.029394843147123	1738	2.2077646635714	2.2779421524699	2.3874081772525
GLOBAL	III	480001	490000	-0.85288933623859	4109	0.23788248137593	1.4350487011255	1.403659500574
GLOBAL	III	490001	500000	-0.2377034164897	4718	5.4309479462495	7.0940360940763	6.9964839899507
GLOBAL	III	500001	510000	-0.92853393541802	8387	14.549640434123	34.575243848684	21.566905258606
GLOBAL	III	510001	520000	-0.8696809717568	9208	6.8210889787817	14.565246211267	8.9045954596909
GLOBAL	III	520001	530000	1.1513860537737	8302	101.7701100015	58.929779603538	37.207616209652
GLOBAL	III	530001	540000	0.60423253976081	8326	76.229079032521	57.330824181088	31.276459984948
GLOBAL	III	540001	550000	-1.7960426282645	8980	7.8691954030803	42.769134473884	19.431576133873
GLOBAL	III	550001	560000	-1.9168043922152	9105	10.117620068566	66.169919844864	29.242576865927
GLOBAL	III	560001	570000	-1.3165090411935	7803	21.581398301721	64.713455539461	32.762446658656
GLOBAL	III	570001	580000	-0.56967192084581	7684	37.276164548968	54.40445879651	30.066944886648
GLOBAL	III	580001	590000	2.3942407269257	8498	156.91760768476	65.88066572965	38.02330355979
GLOBAL	III	590001	600000	2.5100267320903	8977	161.0408558711	64.954039091806	38.281192606772
GLOBAL	III	600001	610000	2.2092756246187	8369	135.14908841868	55.036356059967	36.261990792817
GLOBAL	III	610001	620000	-0.83265009216292	9306	8.5918268643961	16.379510532697	9.3528887363377
GLOBAL	III	620001	630000	-0.9956322569008	9572	6.2433107375461	13.124371168242	6.9112469820082
GLOBAL	III	630001	640000	-1.2351053096638	9661	5.4702694482822	15.721316733103	8.2997354190078
GLOBAL	III	640001	650000	-0.51414584010745	8576	12.73898341946	19.293907078305	12.749152375668
GLOBAL	III	650001	660000	-0.9068461628885	9240	7.2172038734925	16.466354688769	10.199250097521
GLOBAL	III	660001	670000	-1.1553286126106	8505	5.4768858591689	15.476195827367	8.6549487817182
GLOBAL	III	670001	680000	-1.0201362449531	9290	7.0499151265698	16.118561499646	8.8896423570295
GLOBAL	III	680001	690000	-0.78176217365749	8579	10.558984732202	18.772955716955	10.506994660951
GLOBAL	III	690001	700000	-0.87694249506947	8886	5.6766565696894	11.695329678708	6.8632471830913
GLOBAL	III	700001	710000	-0.37738488516683	8938	12.49647011298	16.880292810192	11.616317636234
GLOBAL	III	710001	720000	-0.72565974678079	8315	10.817884588263	19.925261256008	12.550477972835
GLOBAL	III	720001	730000	-0.3138278840691	7686	16.602610404036	22.632652825426	19.214488984229
GLOBAL	III	730001	740000	-0.31177913756649	6233	8.6206293989159	12.231916907872	11.582838855554
GLOBAL	III	740001	750000	-0.57946213638324	4709	3.4548852711782	6.1658515041429	4.6784182481454
GLOBAL	III	750001	760000	-0.76952080075288	5126	0.88122951985588	2.0080615014672	1.4643294638804
GLOBAL	III	760001	770000	-0.44602269528686	5276	5.5979848412132	8.7949754464961	7.1677756290558
GLOBAL	III	770001	780000	-0.34046009200733	6835	12.052559208248	16.641949935136	13.479966770348
GLOBAL	III	780001	790000	-0.33552839511851	8520	10.325674735318	13.807341320124	10.376667475719
GLOBAL	III	790001	800000	-0.59279888125442	9297	13.574323291819	20.278590088671	11.309513241092
GLOBAL	III	800001	810000	-0.93458689261163	8844	8.3887855283373	17.297119784642	9.5318416369087
GLOBAL	III	810001	820000	-0.97168308234323	9136	6.1772037604035	13.777821704666	7.8221161635682
GLOBAL	III	820001	830000	-1.0418152027075	9394	7.0308101576856	15.069909379518	7.7164349310131
GLOBAL	III	830001	840000	-0.85753428962695	9156	6.0653164499817	12.475718537944	7.4753886410198
GLOBAL	III	840001	850000	-0.55964630048029	8889	3.7649787133027	7.4942485165526	6.6636191466814
GLOBAL	III	850001	860000	-0.93922392194957	8786	6.5858759581613	15.764895957634	9.7729836144071
GLOBAL	III	860001	870000	-0.93752123125604	9250	7.5317794986451	14.426651883147	7.3543639915918
GLOBAL	III	870001	880000	-0.48229959803298	8494	15.005100758087	21.10347665409	12.644372752694
GLOBAL	III	880001	890000	-0.52745246601877	7373	9.2314931704263	14.62204006137	10.219967178524
GLOBAL	III	890001	900000	-0.73310764702672	8977	10.9351647966	22.002269711105	15.096152603769
GLOBAL	III	900001	910000	-0.75719184372496	8824	8.7741855523303	16.823821717506	10.63090712332
GLOBAL	III	910001	920000	-1.0967365308377	9341	10.91378755448	25.480011634148	13.281425091715
GLOBAL	III	920001	930000	-1.1690394300177	8758	10.555151498133	27.952722760558	14.881937097846
GLOBAL	III	930001	940000	-0.8838560505052	8006	15.154077832569	30.454064636707	17.310496200589
GLOBAL	III	940001	950000	-0.92833508992486	9252	5.6059334126824	13.552803840305	8.5603469198448
GLOBAL	III	950001	960000	-0.85988648965448	8710	7.8605690863972	16.793446042551	10.388437385199
GLOBAL	III	960001	970000	-1.2167585181778	9112	7.567328016873	20.534216721469	10.656912206388
GLOBAL	III	970001	980000	-0.53974099115596	6805	9.1972610055919	17.581730937081	15.534247109029
GLOBAL	III	980001	990000	-0.61879902017987	5687	5.0071586851236	9.9196762077366	7.9387933115749
GLOBAL	III	990001	1000000	-0.78104737451657	8932	9.8012547116366	19.954182066013	12.999118473013
GLOBAL	III	1000001	1010000	-1.0196194047541	9216	10.944839179912	23.401630811825	12.217099413596
GLOBAL	III	1010001	1020000	-1.0506293307631	9489	6.8791260625618	15.59081506931	8.2918768319749
GLOBAL	III	1020001	1030000	-0.69121272710865	8803	11.46834081303	20.45393943674	12.999758643473
GLOBAL	III	1030001	1040000	-0.90960719751126	7450	27.541895389638	56.622312570373	31.970302412185
GLOBAL	III	1040001	1050000	-0.94210071353526	8338	42.062041481889	75.482734116601	35.474649530091
GLOBAL	III	1050001	1060000	-1.1543825836346	8185	26.700241829554	61.343709459561	30.010386609379
GLOBAL	III	1060001	1070000	-1.0958748574703	8404	35.596859113641	74.737696767087	35.71652126758
GLOBAL	III	1070001	1080000	-0.85611361065222	8243	34.085393262251	61.355857819123	31.853791620128
GLOBAL	III	1080001	1090000	-1.0255173054868	8860	37.919235606353	67.596030217183	28.938365498124
GLOBAL	III	1090001	1100000	-0.9451833560821	8679	30.504427813975	59.669485963071	30.8565083816
GLOBAL	III	1100001	1110000	-0.93294429494262	8822	42.249481276628	78.17573094104	38.508461715414
GLOBAL	III	1110001	1120000	-0.33458868159149	8834	57.648905841844	69.53898799194	35.536414721324
GLOBAL	III	1120001	1130000	-0.89374756741031	8604	46.633952267533	92.212411727137	50.997016519631
GLOBAL	III	1130001	1140000	-0.83744867418256	9437	43.490467904996	67.714547174664	28.926046474804
GLOBAL	III	1140001	1150000	-0.91933424892334	9124	33.571671444595	55.623159696616	23.986366523216
GLOBAL	III	1150001	1160000	-1.0296714995348	8171	28.232547330414	60.592399204359	31.42735512109
GLOBAL	III	1160001	1170000	-1.0043026273843	7646	26.708997851843	53.514026997193	26.69019119781
GLOBAL	III	1170001	1180000	-0.98881639467537	9057	31.481071469702	56.699197606308	25.50334548699
GLOBAL	III	1180001	1190000	-1.1060551160615	8760	41.253227956326	81.068456908893	35.997508961709
GLOBAL	III	1190001	1200000	-1.2255223884139	8173	31.58448440272	78.286366248855	38.107734536435
GLOBAL	III	1200001	1210000	0.035234459026295	7690	98.809271525259	96.862638372863	55.247993191627
GLOBAL	III	1210001	1220000	1.2179007507428	7481	143.31501078616	77.460981610532	54.071753495071
GLOBAL	III	1220001	1230000	0.8526429514163	7516	137.84296418814	90.734314201587	55.250148855747
GLOBAL	III	1230001	1240000	-0.40221736001275	7431	40.347184623796	55.639194309211	38.01926820098
GLOBAL	III	1240001	1250000	-0.77928920904563	7210	23.212270278601	44.26812969823	27.019313465684
GLOBAL	III	1250001	1260000	-0.98929342851806	8061	29.174907150648	60.351783505656	31.514286314133
GLOBAL	III	1260001	1270000	-0.94638414588752	7870	32.506260127917	59.071975156747	28.070752394015
GLOBAL	III	1270001	1280000	-1.2300286191795	7786	31.877222317707	82.309492967646	41.000892063456
GLOBAL	III	1280001	1290000	-1.3754457342601	7441	18.547701855967	65.803674461886	34.356842606619
GLOBAL	III	1290001	1300000	-1.3541736987004	8493	17.657255468516	49.419120633858	23.454794016324
GLOBAL	III	1300001	1310000	-1.4193081868831	8790	23.296415426426	63.175799262211	28.09776213816
GLOBAL	III	1310001	1320000	-1.117684637048	9063	17.13686006756	40.460845974053	20.868127854111
GLOBAL	III	1320001	1330000	-0.77607698375413	9114	13.178990208875	22.225413383625	11.656605419465
GLOBAL	III	1330001	1340000	-1.1092506041836	9402	12.53189581092	27.822842721838	13.784934489328
GLOBAL	III	1340001	1350000	-0.96408960139446	8525	10.5814609913	24.36444762555	14.29637516504
GLOBAL	III	1350001	1360000	-0.63599617042506	6778	11.453030241246	23.777810791563	19.378702456778
GLOBAL	III	1360001	1370000	-0.98788258560541	7018	8.3116347460185	21.998852163942	13.855105472414
GLOBAL	III	1370001	1380000	-1.3852171892735	9197	6.1644994666888	21.444263025333	11.03059049293
GLOBAL	III	1380001	1390000	-0.68620844141564	9429	6.7313380688137	13.844917751584	10.366499817599
GLOBAL	III	1390001	1400000	-1.0876800665604	8842	10.662317854498	25.873093337657	13.984604435439
GLOBAL	III	1400001	1410000	-0.63476440280683	8633	20.430195254818	35.103623263736	23.116337248961
GLOBAL	III	1410001	1420000	-0.096466344618628	7007	44.313890351738	47.200747328553	29.926053363247
GLOBAL	III	1420001	1430000	1.1264043568713	8144	109.22371389382	61.720725058434	42.172234638123
GLOBAL	III	1430001	1440000	-0.61899427839735	9006	13.382750667828	22.228257946149	14.290127691039
GLOBAL	III	1440001	1450000	-0.68868539840622	8489	16.216022615664	27.602905120714	16.534229608181
GLOBAL	III	1450001	1460000	-0.71053083502445	7867	8.3689002702579	18.306836099544	13.986635539813
GLOBAL	III	1460001	1470000	-0.81488985176509	7606	9.8464550184392	20.323760121648	12.857326766942
GLOBAL	III	1470001	1480000	-0.93005459467057	9535	7.6301534463732	16.24787871028	9.2658273108791
GLOBAL	III	1480001	1490000	-1.0667578747838	9597	7.5529927103429	16.109254750122	8.0208098220159
GLOBAL	III	1490001	1500000	-0.88105312859391	9454	9.3661313955405	17.286885591821	8.9900982576632
GLOBAL	III	1500001	1510000	-0.66731742679253	8913	14.065075886986	22.249678583604	12.264931752131
GLOBAL	III	1510001	1520000	-0.80831988791494	9366	16.966959286718	31.118689843465	17.507586746692
GLOBAL	III	1520001	1530000	-0.59227087230289	8693	21.447450811358	31.919113903091	17.680530280032
GLOBAL	III	1530001	1540000	-0.98740579723914	8501	10.780148016546	23.667485000152	13.051712902274
GLOBAL	III	1540001	1550000	-1.1436294845572	9307	10.026974954236	25.768219117909	13.764286752162
GLOBAL	III	1550001	1560000	-1.0056312732093	8893	10.898064177414	24.47075267958	13.496684981615
GLOBAL	III	1560001	1570000	-1.2568511777141	9540	6.9500052409497	19.885278645003	10.291809908298
GLOBAL	III	1570001	1580000	-1.2942959342121	9458	7.6483161059435	20.657370998964	10.051066799449
GLOBAL	III	1580001	1590000	-1.0953434864531	9195	5.8846549736566	17.435546411527	10.545451340815
GLOBAL	III	1590001	1600000	-1.1374885598313	9222	6.0455399239992	17.424564170016	10.003638408201
GLOBAL	III	1600001	1610000	-1.2871045185724	9278	4.3316108752946	16.787779007894	9.6776663844008
GLOBAL	III	1610001	1620000	-1.0067425667573	8491	9.5648633867802	23.550185646406	13.891656836039
GLOBAL	III	1620001	1630000	-1.1308524794855	8327	12.233864691744	26.453237302996	12.574029653913
GLOBAL	III	1630001	1640000	-1.090966699542	8488	13.95327980637	34.363593725418	18.708466470714
GLOBAL	III	1640001	1650000	-0.69349673193589	7325	11.566842386413	23.590429082289	17.337625603962
GLOBAL	III	1650001	1660000	-1.2880432328219	8824	27.179282478033	73.469822567696	35.938654006395
GLOBAL	III	1660001	1670000	-1.4371355653304	8368	24.719315242865	84.111591700552	41.326843403276
GLOBAL	III	1670001	1680000	-0.78611080975251	9020	18.625775757359	32.835234647607	18.075643680212
GLOBAL	III	1680001	1690000	-0.9380233663443	8446	11.438411292239	30.380173357696	20.193273158298
GLOBAL	III	1690001	1700000	1.0106567656628	8195	72.995283026247	44.417429967833	28.276516844642
GLOBAL	III	1700001	1710000	0.21890878787085	7040	96.118534528089	83.468975502738	57.784610423286
GLOBAL	III	1710001	1720000	0.44317168413576	6488	120.48425348272	91.389503093837	65.651194402503
GLOBAL	III	1720001	1730000	0.43169520102522	6311	100.24298548302	77.100870781433	53.607532922835
GLOBAL	III	1730001	1740000	0.34731508217225	6845	148.44169043653	119.12934922458	84.396971846485
GLOBAL	III	1740001	1750000	-0.079593474592861	7288	71.318039283181	75.59961903348	53.793100152995
GLOBAL	III	1750001	1760000	0.33280425172678	8231	107.5160166798	92.383600209982	45.469420511622
GLOBAL	III	1760001	1770000	0.88153179554858	7448	147.48676461281	96.185071500043	58.196077976786
GLOBAL	III	1770001	1780000	-0.2949674726452	7264	74.64027986348	93.172205048807	62.827012819878
GLOBAL	III	1780001	1790000	-0.0077563020121696	7025	132.00592672364	132.66988312736	85.602185510794
GLOBAL	III	1790001	1800000	0.17068890883472	6515	146.61404595238	132.235490825	84.238368067042
GLOBAL	III	1800001	1810000	0.063366282923579	6386	130.83563476696	125.26694894929	87.880897549047
GLOBAL	III	1810001	1820000	0.48870938425077	6622	117.65837883303	86.79320726424	63.156494561913
GLOBAL	III	1820001	1830000	0.69993559426148	6906	144.65692607954	99.029690486193	65.18776294194
GLOBAL	III	1830001	1840000	0.64952578044799	6349	165.47540148837	116.35964008944	75.617878269684
GLOBAL	III	1840001	1850000	0.39503490898588	6506	102.27031229469	81.310716291294	53.057579283814
GLOBAL	III	1850001	1860000	1.0701389252323	6980	151.53983471858	92.340837499494	55.318983192988
GLOBAL	III	1860001	1870000	0.56312242637301	6804	111.34420669769	82.6928379517	50.879466709444
GLOBAL	III	1870001	1880000	0.15185987721778	7496	86.095383014103	79.014100660941	46.630370594904
GLOBAL	III	1880001	1890000	0.37773096934931	7452	91.416953537378	72.021091969929	51.348348801956
GLOBAL	III	1890001	1900000	-0.20359738281448	7250	41.998718577183	49.705818226633	37.854610618804
GLOBAL	III	1900001	1910000	0.52892463265444	7463	92.507202935623	70.082336476974	42.397092277795
GLOBAL	III	1910001	1920000	0.87334791836863	8381	131.76026454103	87.892380933669	50.229562222242
GLOBAL	III	1920001	1930000	0.64478501151095	7473	121.01368038403	86.174320403634	54.032521473723
GLOBAL	III	1930001	1940000	0.48228285185968	7864	102.37576376393	75.277222035814	56.188068109039
GLOBAL	III	1940001	1950000	-0.33462167826348	6671	60.167387348906	76.689116171372	49.374352875778
GLOBAL	III	1950001	1960000	-0.72677801277811	8908	22.260884942812	38.237923504773	21.983381831942
GLOBAL	III	1960001	1970000	-1.1123192552966	9015	9.3458192084078	21.838372382562	11.231085962656
GLOBAL	III	1970001	1980000	-0.66426847274861	8635	9.9154730628045	16.653700560066	10.143831558616
GLOBAL	III	1980001	1990000	-0.66145180119098	8972	14.089753490721	24.214822388483	15.307341940155
GLOBAL	III	1990001	2000000	-1.2285330543631	9141	13.712512483333	37.464066161514	19.333263841643
GLOBAL	III	2000001	2010000	-1.7253965088523	8139	12.760344804832	56.949660413119	25.61110758111
GLOBAL	III	2010001	2020000	-1.5305177633749	8549	13.888550136459	54.375888276024	26.453360495659
GLOBAL	III	2020001	2030000	-0.29478740036889	7858	44.921242428842	55.892667039169	37.218092077876
GLOBAL	III	2030001	2040000	-1.1797332364398	8895	17.767129650884	49.283921543246	26.715185195149
GLOBAL	III	2040001	2050000	-1.7910170464419	9350	7.8159338927171	37.415109099735	16.526462026602
GLOBAL	III	2050001	2060000	-1.1147828659001	9496	8.198728290792	20.410745872018	10.954615427611
GLOBAL	III	2060001	2070000	-1.6963294802735	9176	10.953871278403	51.783876851534	24.069619757212
GLOBAL	III	2070001	2080000	-1.7192699413983	9104	13.440430928251	52.367711761809	22.641750371032
GLOBAL	III	2080001	2090000	-1.5785766862204	8724	16.777593995669	58.573415006118	26.476902500393
GLOBAL	III	2090001	2100000	-1.4820014728768	8576	14.95959993896	54.373354652538	26.594949758767
GLOBAL	III	2100001	2110000	-1.0598601740674	9033	5.7329022070034	14.830727599219	8.5839864680465
GLOBAL	III	2110001	2120000	-1.1738958342485	8880	8.1446534553551	21.842703639032	11.668880478179
GLOBAL	III	2120001	2130000	-1.1156864968458	8952	7.9358541729511	19.628440023858	10.480171521268
GLOBAL	III	2130001	2140000	-0.97125256935012	9007	6.7406927305611	16.937233825142	10.498341436979
GLOBAL	III	2140001	2150000	-1.1066981050453	7568	3.8776025723892	16.304340721483	11.228661269448
GLOBAL	III	2150001	2160000	-0.89128170900302	7620	8.5751579891038	19.009374224013	11.70697898264
GLOBAL	III	2160001	2170000	-0.82669660734842	8101	25.672605216928	47.308264606789	26.171220732665
GLOBAL	III	2170001	2180000	-0.83900823027826	8194	27.97827695515	50.382149076586	26.702803754388
GLOBAL	III	2180001	2190000	-1.0780473083224	8516	29.873796324058	62.463192480774	30.230024141917
GLOBAL	III	2190001	2200000	-1.1595417049822	8288	42.409363224436	98.038628181748	47.975217034703
GLOBAL	III	2200001	2210000	-0.5339193709369	8282	61.479463472247	83.763310277382	41.736352000175
GLOBAL	III	2210001	2220000	0.57057195817094	7828	141.74801884523	107.19782865692	60.553607119204
GLOBAL	III	2220001	2230000	-1.3903468439785	8032	22.866983407011	72.807227866425	35.919270558783
GLOBAL	III	2230001	2240000	-1.3977872134212	8076	15.243789464987	62.784121681035	34.011136859443
GLOBAL	III	2240001	2250000	-0.45263069426804	8178	75.772105678723	98.79066884484	50.855064531892
GLOBAL	III	2250001	2260000	-1.3055800001474	8485	28.0249600984	74.858585441078	35.87189244427
GLOBAL	III	2260001	2270000	-1.4533305448169	7146	18.496011459551	58.176305016186	27.303006668475
GLOBAL	III	2270001	2280000	-1.227278223897	8059	21.370117786011	57.759124759494	29.650169183264
GLOBAL	III	2280001	2290000	-1.3358667883306	8423	28.902643236644	79.9775143705	38.233506199883
GLOBAL	III	2290001	2300000	-1.2866611058401	9440	10.331552730363	25.852491255889	12.062957724514
GLOBAL	III	2300001	2310000	-1.5113130803076	8552	13.996337298607	53.712923512076	26.279522576081
GLOBAL	III	2310001	2320000	-1.0115502767178	9004	9.6633454032838	21.320327357558	11.523877974803
GLOBAL	III	2320001	2330000	-1.4136954911669	7651	15.471921508431	54.725962013242	27.766970150276
GLOBAL	III	2330001	2340000	-1.335848573706	8734	18.751744857184	49.953199729137	23.357029745813
GLOBAL	III	2340001	2350000	-1.5216831391667	8753	17.402912402456	55.648277075795	25.133592985911
GLOBAL	III	2350001	2360000	-1.3489280105442	8897	24.313881468035	66.451079140815	31.237543696481
GLOBAL	III	2360001	2370000	-1.3424927082218	8760	28.562374705497	72.829083146341	32.973518716148
GLOBAL	III	2370001	2380000	-1.3724458915232	8158	21.090940879608	65.481356750483	32.344018911818
GLOBAL	III	2380001	2390000	-1.2050800429912	8081	20.205996914879	52.868250254385	27.103804041459
GLOBAL	III	2390001	2400000	-1.1168899534221	6874	16.727026650758	47.23027555727	27.310881267265
GLOBAL	III	2400001	2410000	-0.71722470527255	6095	15.00871625871	33.557375417356	25.861712545997
GLOBAL	III	2410001	2420000	-0.85404226689286	5591	5.4381333073303	21.528357206691	18.840079142569
GLOBAL	III	2420001	2430000	-1.231860064923	8100	14.425004349703	45.937591514062	25.581304290701
GLOBAL	III	2430001	2440000	-0.50920251438222	8740	15.014253520616	22.141417277859	13.996717525817
GLOBAL	III	2440001	2450000	-1.0190373076837	8191	6.9376536969162	16.950173700208	9.8254695169611
GLOBAL	III	2450001	2460000	-1.4153377928667	8848	15.164431496013	48.771541866005	23.744939575112
GLOBAL	III	2460001	2470000	-1.2232264066544	8785	14.741562312089	38.76665296499	19.640755400802
GLOBAL	III	2470001	2480000	-0.92151854435855	9270	9.2554995312738	18.193261575286	9.6989497376136
GLOBAL	III	2480001	2490000	-0.13025679913636	9228	21.997581205381	24.395131633299	18.406336128433
GLOBAL	III	2490001	2500000	-1.3027566080451	9285	5.6894507737332	17.673020498751	9.1986251699003
GLOBAL	III	2500001	2510000	-1.1962482726373	9490	5.1630267917802	13.518544549683	6.9847689221585
GLOBAL	III	2510001	2520000	-0.96592425703857	8970	6.6806979642626	16.903052112617	10.582976950693
GLOBAL	III	2520001	2530000	-0.95258408723948	9169	8.4136381054341	19.639471006369	11.784610987432
GLOBAL	III	2530001	2540000	-0.98936038872115	8816	10.972006569331	24.187689436479	13.357804716875
GLOBAL	III	2540001	2550000	-1.321142611063	8219	5.7683629660603	20.422423669657	11.091959778518
GLOBAL	III	2550001	2560000	-0.78359885210028	6357	10.236178311571	21.565384276532	14.457915468605
GLOBAL	III	2560001	2570000	-1.1931103498943	8760	7.7681738707007	27.247355609233	16.326387362458
GLOBAL	III	2570001	2580000	-1.3921198227074	9147	6.5644799680555	23.133608371354	11.902084959235
GLOBAL	III	2580001	2590000	-1.1626285892224	8796	9.4614035911372	24.441524125977	12.884699958101
GLOBAL	III	2590001	2600000	-0.84425161642391	9001	11.606721039956	24.082649653807	14.777500417112
GLOBAL	III	2600001	2610000	-1.0712321891329	9029	8.089969320625	22.920174916463	13.84406270301
GLOBAL	III	2610001	2620000	-1.2594360509689	9074	7.8024350604204	23.661071001418	12.591854845506
GLOBAL	III	2620001	2630000	-0.9700149806051	8807	11.873800915164	25.881156735894	14.440349995412
GLOBAL	III	2630001	2640000	-0.81725199767695	8723	7.653891269002	18.962823011748	13.837753563028
GLOBAL	III	2640001	2650000	-0.70927366157153	9264	18.480392398581	34.981461913499	23.264743087114
GLOBAL	III	2650001	2660000	-0.77180966291546	9240	9.9395439592117	18.492770521321	11.082041302515
GLOBAL	III	2660001	2670000	-1.174803865321	8470	29.872307450278	71.786687283778	35.677768069011
GLOBAL	III	2670001	2680000	-1.304686283196	8467	16.498735864908	51.835328007542	27.084359357309
GLOBAL	III	2680001	2690000	-1.3144129605884	8792	10.959973804616	38.001245823565	20.572889061322
GLOBAL	III	2690001	2700000	-0.95931481927348	9048	13.267747244593	25.345797896959	12.590288828763
GLOBAL	III	2700001	2710000	-0.89765211086012	8662	11.83348111994	24.359634419356	13.954351744813
GLOBAL	III	2710001	2720000	-1.0672880235546	8877	11.603397293181	26.665190952798	14.112210881421
GLOBAL	III	2720001	2730000	-0.72476104978931	8175	8.4056245169916	15.926832124956	10.377499743054
GLOBAL	III	2730001	2740000	-0.7041160790152	9354	8.6627175395608	14.695880474485	8.5684209106003
GLOBAL	III	2740001	2750000	-0.997875900619	9659	8.4011158580127	15.977737107456	7.5927490029006
GLOBAL	III	2750001	2760000	-0.9833396953313	9521	8.0074499603495	19.248634110637	11.431638734466
GLOBAL	III	2760001	2770000	-0.79944549283156	8220	9.4496276348773	18.904749244842	11.827099776966
GLOBAL	III	2770001	2780000	-1.0508151569777	9119	9.8053569551296	22.513457809571	12.093564477117
GLOBAL	III	2780001	2790000	-1.2547449760387	9428	6.3145188597099	18.459186393434	9.6789927560151
GLOBAL	III	2790001	2800000	-1.0528429376019	8871	10.670624602781	24.981279521304	13.592392946207
GLOBAL	III	2800001	2810000	-1.1387026111868	9405	7.6383479603468	19.496806109013	10.414008040525
GLOBAL	III	2810001	2820000	-0.92894977931605	8974	8.6895951130057	20.059395422081	12.239413327
GLOBAL	III	2820001	2830000	-1.1047552145845	9194	8.117734825752	20.946507163906	11.612321144806
GLOBAL	III	2830001	2840000	-0.70444410788323	8775	12.95900992468	22.247256161101	13.18521389061
GLOBAL	III	2840001	2850000	-1.2313759843622	9115	6.9891213965044	21.318224443893	11.636659500722
GLOBAL	III	2850001	2860000	-1.2117081624347	9423	6.491779662414	18.971916197818	10.299622402747
GLOBAL	III	2860001	2870000	-1.2873656705981	9322	6.8183683069673	21.579139140024	11.465872649998
GLOBAL	III	2870001	2880000	-1.1735099435534	9393	6.915609581651	18.452761950074	9.8313205029082
GLOBAL	III	2880001	2890000	-1.0082489013501	8184	5.5616342480288	17.870631383871	12.20829213834
GLOBAL	III	2890001	2900000	-1.0544014636478	8287	5.1373339801786	17.597094211377	11.816903390946
GLOBAL	III	2900001	2910000	-0.97448594210692	9244	3.7210000866448	11.797962958528	8.2884344687624
GLOBAL	III	2910001	2920000	-1.0772716853384	9310	5.484571639027	15.995757538443	9.7572284155178
GLOBAL	III	2920001	2930000	-1.4255208645934	9205	6.8396159774687	26.804444716716	14.005286934149
GLOBAL	III	2930001	2940000	-1.2249555255793	9351	5.7187058742675	19.639548524765	11.364365774761
GLOBAL	III	2940001	2950000	-1.027202095493	9065	6.512634099802	18.618245696646	11.785033977208
GLOBAL	III	2950001	2960000	-0.55152017138479	8907	12.089111853642	18.65847323348	11.911371008141
GLOBAL	III	2960001	2970000	-0.6764938828235	8553	11.756447681824	19.972276333192	12.144719797136
GLOBAL	III	2970001	2980000	-0.58185992739212	9377	13.356812872928	20.424858189449	12.147331314256
GLOBAL	III	2980001	2990000	-0.74704478612423	9088	9.1023902858874	17.5828473353	11.352006207567
GLOBAL	III	2990001	3000000	-1.2271797644014	9498	4.1019039041798	13.51828152441	7.6731852116414
GLOBAL	III	3000001	3010000	-1.30148318028	9561	5.2800314067098	16.762317681336	8.8224622865709
GLOBAL	III	3010001	3020000	-1.0846765243081	7351	3.9217500855879	13.555625655232	8.8817959582831
GLOBAL	III	3020001	3030000	-1.3224244347559	9473	4.9677168354359	16.767685993874	8.9229817963972
GLOBAL	III	3030001	3040000	-1.0853875917159	9529	6.1810113233054	14.681398782996	7.8316608044617
GLOBAL	III	3040001	3050000	-1.3695272653332	9232	4.8571994297622	15.851759723193	8.0279966465332
GLOBAL	III	3050001	3060000	-1.1826516948055	9395	5.4738386742695	16.164880510542	9.039890513183
GLOBAL	III	3060001	3070000	-0.92736017612336	9124	4.3044707965983	11.917945119112	8.209835313761
GLOBAL	III	3070001	3080000	-1.3740303341909	9554	3.2647421917405	11.171411526841	5.75436301394
GLOBAL	III	3080001	3090000	-1.1072987652949	8850	4.0814061315595	12.218080604754	7.3482195846466
GLOBAL	III	3090001	3100000	-0.77013958482742	9173	9.7769129962754	17.438648727055	9.9485026892843
GLOBAL	III	3100001	3110000	-1.2410008429994	9247	4.3118923231612	13.644379452602	7.5201295648482
GLOBAL	III	3110001	3120000	-0.98035361256633	9563	8.7725651542622	18.460194255592	9.8817701869535
GLOBAL	III	3120001	3130000	-0.81354845713448	9045	9.4983593341691	17.156190105645	9.412876030087
GLOBAL	III	3130001	3140000	-1.0699703265751	9073	8.7160356002798	21.466783175589	11.916917000982
GLOBAL	III	3140001	3150000	-1.0332930862414	9109	12.457057184845	26.797588851456	13.87847442082
GLOBAL	III	3150001	3160000	-1.4135797574692	9064	2.696382414853	12.997114242396	7.2869831172351
GLOBAL	III	3160001	3170000	-1.4475893804977	9030	3.4520404300107	15.991801175257	8.6625122525666
GLOBAL	III	3170001	3180000	-1.4184795463449	8000	4.4829003083951	22.407030656655	12.636157070045
GLOBAL	III	3180001	3190000	-1.1335728607987	9265	6.9055549111534	17.596212306154	9.4309397875562
GLOBAL	III	3190001	3200000	-1.3647251765318	9542	3.7214990378056	14.033712824312	7.5562567202822
GLOBAL	III	3200001	3210000	-1.2212057152462	9236	4.9906739194562	12.989488523665	6.5499321730541
GLOBAL	III	3210001	3220000	-1.1507100372764	9569	4.2451394781316	11.823029303354	6.5854034289633
GLOBAL	III	3220001	3230000	-0.92848118552086	8980	5.7641535482979	12.476064893114	7.2289147583001
GLOBAL	III	3230001	3240000	-0.90758706678665	9229	7.8089684693551	16.438190941511	9.5078728950028
GLOBAL	III	3240001	3250000	-0.98776885833278	8803	3.4387666457316	10.835187016785	7.4880072485153
GLOBAL	III	3250001	3260000	-1.1737117912265	9430	4.2561189826875	15.241312979332	9.3593623909711
GLOBAL	III	3260001	3270000	-1.3651293935855	8978	4.09527376934	16.112269146531	8.8028251634296
GLOBAL	III	3270001	3280000	-1.3469957520388	9348	5.1911501122387	16.632479534386	8.4939610275908
GLOBAL	III	3280001	3290000	-1.4612064393516	9555	3.2442481751112	12.46905171629	6.3131418619209
GLOBAL	III	3290001	3300000	-1.1537963195641	9600	2.5658334343488	7.0129309342235	3.8543176334231
GLOBAL	III	3300001	3310000	-1.3730241740383	9391	3.308144279169	11.169282370162	5.7254185611839
GLOBAL	III	3310001	3320000	-1.4306621946227	9213	2.2315190879402	10.262455588355	5.6134400773293
GLOBAL	III	3320001	3330000	-1.3248233910592	9572	2.6720493996574	9.3532266639702	5.0430701249706
GLOBAL	III	3330001	3340000	-1.1402372898924	9429	4.6114997316741	11.691627897499	6.2093462725575
GLOBAL	III	3340001	3350000	-1.1330639521119	9117	3.7438909595465	12.875021965318	8.0587957888455
GLOBAL	III	3350001	3360000	-1.3766936084642	9260	2.9740840820852	12.213461949641	6.7112811527201
GLOBAL	III	3360001	3370000	-1.3037324496452	9509	4.1971719420401	13.904973809246	7.4461611121573
GLOBAL	III	3370001	3380000	-1.3009364620935	9274	3.8902318515754	13.512564564063	7.3964663093561
GLOBAL	III	3380001	3390000	-1.1836801759147	9362	4.7733138368011	15.089762028977	8.7155706432304
GLOBAL	III	3390001	3400000	-1.2259144951631	9158	4.7879017552576	15.079171281923	8.3947694290828
GLOBAL	III	3400001	3410000	-1.1277063826877	9401	6.634558767028	15.979698427307	8.2868553408433
GLOBAL	III	3410001	3420000	-1.2798712570488	9643	3.2479664854503	11.173038191068	6.1920850725971
GLOBAL	III	3420001	3430000	-1.3798493251615	9432	3.3772180840503	12.0798939276	6.3069754681592
GLOBAL	III	3430001	3440000	-1.3374884963855	9425	2.1292090527798	10.264739758223	6.0826920959914
GLOBAL	III	3440001	3450000	-1.1318768493483	9434	7.8912501928087	20.926081466765	11.516121459204
GLOBAL	III	3450001	3460000	-0.94029509946509	9288	11.167893116956	23.80230198291	13.436642255332
GLOBAL	III	3460001	3470000	-1.073364500585	9012	4.6739027694424	13.52631981022	8.2473540311358
GLOBAL	III	3470001	3480000	-1.0803140759908	8857	3.6165868680109	11.967379860932	7.7299677737351
GLOBAL	III	3480001	3490000	-1.2725762978338	9375	2.6153990611425	10.916456311813	6.5230330509855
GLOBAL	III	3490001	3500000	-1.1700544273702	8671	3.759877039628	12.868722510541	7.7849758591028
GLOBAL	III	3500001	3510000	-0.52731877419801	8547	13.691973746698	23.418063923105	18.444422334858
GLOBAL	III	3510001	3520000	-0.93489291714792	8399	9.7336970577726	25.296908572531	16.647052543982
GLOBAL	III	3520001	3530000	-0.88928397032192	8221	9.2873412996341	23.624979540031	16.122677028808
GLOBAL	III	3530001	3540000	-0.82648441985656	8564	3.4521484144976	11.347929839913	9.5534546516747
GLOBAL	III	3540001	3550000	-0.58415162116962	4639	2.5645782339794	6.2603397056974	6.3267161089412
GLOBAL	III	3550001	3560000	-0.35402744800739	3321	2.8984085461969	3.6023921585857	1.9885000904621
GLOBAL	III	3560001	3570000	0.17675088237939	3163	4.4993671410956	3.965388656235	3.0210795989944
GLOBAL	III	3570001	3580000	-0.12309112671355	1742	2.983527734723	3.2275453401437	1.9824142644217
GLOBAL	III	3580001	3590000	-0.21377749161699	3013	4.4359119920658	5.2196710201564	3.6662373674721
GLOBAL	III	3590001	3600000	-0.015393335289179	2754	3.5751392971259	3.6128022752493	2.4467067997863
GLOBAL	III	3600001	3610000	-0.12523299580381	3288	7.0046140459378	7.9377435910797	7.4511476720054
GLOBAL	III	3610001	3620000	-0.83342243887317	8468	3.5311729856485	14.80290492464	13.524632183208
GLOBAL	III	3620001	3630000	-1.1594990922916	8718	1.1057465803228	8.988430589204	6.7983528933188
GLOBAL	III	3630001	3640000	-1.0391348102425	8767	8.9623244660977	25.923488288657	16.322390180155
GLOBAL	III	3640001	3650000	-0.9943628768395	8962	2.6842259622621	11.211754984463	8.5758722703977
GLOBAL	III	3650001	3660000	-1.2435658917187	9482	2.6986950952111	10.13674534016	5.981227287176
GLOBAL	III	3660001	3670000	-1.330718595931	9116	2.4237262262086	10.004170151271	5.696504090528
GLOBAL	III	3670001	3680000	-1.4839977283382	9508	2.1987373389601	12.218087950385	6.7515943050973
GLOBAL	III	3680001	3690000	-1.5281222717435	9479	1.5365960874898	10.91492025716	6.1371556079541
GLOBAL	III	3690001	3700000	-1.5117704145024	9527	1.727547310532	10.652966419115	5.9039514353247
GLOBAL	III	3700001	3710000	-1.4432552846758	9658	2.5358207014315	10.260625199041	5.3523479731067
GLOBAL	III	3710001	3720000	-1.043676444398	8986	7.1464286157436	17.287542490753	9.7167220065592
GLOBAL	III	3720001	3730000	-1.3389557054948	9618	3.158905361314	10.521076392994	5.4984425559919
GLOBAL	III	3730001	3740000	-1.2317426212827	9017	3.2208350465346	11.303730199298	6.5621624299608
GLOBAL	III	3740001	3750000	-1.2065394189057	8836	2.0257427102505	7.6667972631657	4.6754001274418
GLOBAL	III	3750001	3760000	-1.4149599885492	9496	3.1175305785047	12.342045786708	6.5192763631865
GLOBAL	III	3760001	3770000	-1.2490443959935	9601	4.4409175643938	12.992005150496	6.8461038002582
GLOBAL	III	3770001	3780000	-1.1968054284767	9448	2.2585014627542	7.5377848864116	4.4111459540895
GLOBAL	III	3780001	3790000	-0.95767662062925	9433	6.4057501910506	13.927270187297	7.8539246278185
GLOBAL	III	3790001	3800000	-1.1708451690985	9356	3.2622099938164	10.526543999373	6.204350666749
GLOBAL	III	3800001	3810000	-1.0122937231041	9262	2.850824772569	7.7954138925945	4.8845399385303
GLOBAL	III	3810001	3820000	-1.2917656147386	9494	3.8948450472232	12.210308306627	6.4372848793364
GLOBAL	III	3820001	3830000	-1.3814342117949	9378	1.6458524258513	9.8774143503081	5.95870715679
GLOBAL	III	3830001	3840000	-1.3081833507088	9079	2.9004882176822	11.571865154872	6.6285639031347
GLOBAL	III	3840001	3850000	-1.0606619440517	9618	2.58589997797	7.665757737232	4.7893278228285
GLOBAL	III	3850001	3860000	-1.6306103428584	9846	2.0609123557497	11.169254958145	5.5858486623043
GLOBAL	III	3860001	3870000	-1.2787343732248	9637	3.8667267167959	11.431114552529	5.9155270978258
GLOBAL	III	3870001	3880000	-1.287462322627	9523	3.2956277203448	10.261000834887	5.4101568582839
GLOBAL	III	3880001	3890000	-1.3227161582667	9309	2.9692583513702	9.8709073755332	5.217785373702
GLOBAL	III	3890001	3900000	-1.1550997916773	9622	2.9600344693981	9.6157011669749	5.7619841554226
GLOBAL	III	3900001	3910000	-1.3782100292002	9444	1.6574879713418	8.7045678833413	5.1132118927397
GLOBAL	III	3910001	3920000	-1.5149286658746	9687	4.1426565175412	15.19574443958	7.2961111443868
GLOBAL	III	3920001	3930000	-1.2996536068732	9411	4.0835906639283	12.210578075192	6.2531949807895
GLOBAL	III	3930001	3940000	-1.4623113973249	9819	1.650747046445	7.402040685903	3.9330156695621
GLOBAL	III	3940001	3950000	-1.1910362590384	9249	3.048061214595	9.3553698465621	5.2956478731046
GLOBAL	III	3950001	3960000	-1.3600880450505	9499	3.3715140491227	11.95025801958	6.307491637528
GLOBAL	III	3960001	3970000	-1.1386442101432	9348	2.8770915187794	9.5002920886665	5.8167428516183
GLOBAL	III	3970001	3980000	-1.3981872266419	9239	2.6923850854223	15.110618220995	8.8816668461479
GLOBAL	III	3980001	3990000	-1.4011807579728	9494	2.6745694081203	10.651387817967	5.6929260300346
GLOBAL	III	3990001	4000000	-0.99722163670798	9230	4.4141958038323	10.263486052302	5.8655869800209
GLOBAL	III	4000001	4010000	-0.92717683636083	9363	4.0675445529202	10.291199994656	6.7124794296668
GLOBAL	III	4010001	4020000	-1.1644783468051	9378	4.0092081754687	11.042655701079	6.0399985494856
GLOBAL	III	4020001	4030000	-1.4226911676864	9259	1.9553066779837	7.7922938299309	4.1027787931228
GLOBAL	III	4030001	4040000	-1.2580563547289	9636	2.7327824912397	8.3125715088926	4.4352456840897
GLOBAL	III	4040001	4050000	-1.5365693068432	9259	1.5740154543111	7.9222240870678	4.1314170499726
GLOBAL	III	4050001	4060000	-1.5351966876239	9700	1.2836036862229	7.5323247359515	4.0703064956452
GLOBAL	III	4060001	4070000	-1.3667926715956	9585	2.0523629993883	7.6622264654059	4.1043997254307
GLOBAL	III	4070001	4080000	-1.5564186706975	9495	1.5945376402558	12.130411693704	6.7693058762438
GLOBAL	III	4080001	4090000	-1.5178941399314	9473	1.784021681536	8.7010517895464	4.5569911142307
GLOBAL	III	4090001	4100000	-1.4953822023002	9834	1.8434683257125	8.961432702062	4.7599632825647
GLOBAL	III	4100001	4110000	-1.4157143822469	9768	2.2239489494267	9.220711575637	4.9422134252146
GLOBAL	III	4110001	4120000	-1.3656108068945	9662	3.9529979872063	12.993645567862	6.620222639578
GLOBAL	III	4120001	4130000	-0.95507936760679	9505	5.0859601386799	10.130251247693	5.2815412834779
GLOBAL	III	4130001	4140000	-1.6655957484147	9689	1.5491262796485	9.3500699256283	4.6835756235597
GLOBAL	III	4140001	4150000	-0.7999072506493	7984	2.6686904279582	6.8578423487606	5.2370470668967
GLOBAL	III	4150001	4160000	-1.3350838001938	9418	3.2493409211212	11.561252612923	6.2257602785646
GLOBAL	III	4160001	4170000	-1.3124176014202	9721	2.4500926019889	7.6617362236379	3.971025393144
GLOBAL	III	4170001	4180000	-1.3040333644417	9803	1.9723609207807	8.1830990020334	4.7627140919906
GLOBAL	III	4180001	4190000	-1.259812051003	9501	2.6546992312313	8.571496905272	4.6965717380858
GLOBAL	III	4190001	4200000	-1.422112142056	9547	2.2660543166328	9.351951061463	4.9826568069279
GLOBAL	III	4200001	4210000	-1.4449271837773	9751	2.7499685971228	12.865057742522	7.0004144561504
GLOBAL	III	4210001	4220000	-1.2104768900168	8877	3.4775063031486	13.936638477261	8.6405054572892
GLOBAL	III	4220001	4230000	-1.3696988656365	9652	3.1871647761711	14.685930305075	8.3951048054351
GLOBAL	III	4230001	4240000	-1.3904197349588	9559	1.9732273209557	10.395804414519	6.0575787884748
GLOBAL	III	4240001	4250000	-1.5966337201537	9719	1.2294622467041	8.0519387797756	4.2730379842002
GLOBAL	III	4250001	4260000	-1.4077976272162	9837	2.4877784350198	10.521488974161	5.7065805367399
GLOBAL	III	4260001	4270000	-1.3666513224878	9544	1.9789776641809	8.8330248445925	5.0152127815125
GLOBAL	III	4270001	4280000	-1.6223416120848	9627	1.8358447064653	11.169246251563	5.7530433020845
GLOBAL	III	4280001	4290000	-1.5150647213265	9793	2.4661187098302	11.950253104674	6.2598872915083
GLOBAL	III	4290001	4300000	-1.4650171346952	9448	2.4959865107568	10.390898802528	5.3889555997678
GLOBAL	III	4300001	4310000	-1.3821167962879	9733	2.770114928365	10.002649974873	5.2329405632964
GLOBAL	III	4310001	4320000	-1.3776527387463	9830	2.4438613855742	8.9613373686204	4.7308554614257
GLOBAL	III	4320001	4330000	-1.5350747729665	9630	2.9388295500246	10.779849071907	5.1079072237827
GLOBAL	III	4330001	4340000	-1.5613517514053	9625	2.2598782596664	10.260069491151	5.1238878262277
GLOBAL	III	4340001	4350000	-1.5994168441018	9582	2.0097802703417	14.040446612868	7.5219079922108
GLOBAL	III	4350001	4360000	-1.1883440310473	9215	2.5236350103995	8.5803890471562	5.0968018339089
GLOBAL	III	4360001	4370000	-0.91554073298281	5902	0.92640215694166	5.7025337451584	5.2167330367226
GLOBAL	III	4370001	4380000	-0.82022197346998	1736	0.020623690657127	0.42679620916559	0.4951982897875
GLOBAL	III	4380001	4390000	-0.74693754682326	1971	0.07780037443013	0.81248055652423	0.98358983989854
GLOBAL	III	4390001	4400000	0.074543729629511	5821	7.9611860504588	7.4835114131028	6.4079787760833
GLOBAL	III	4400001	4410000	-1.2765254673439	9731	2.5589264540474	10.009110341983	5.836298670513
GLOBAL	III	4410001	4420000	-1.5144777006718	9378	2.6650695374034	11.69270525752	5.9608904879301
GLOBAL	III	4420001	4430000	-1.4362352429068	9638	1.4271521657904	7.7999808510593	4.4371760940576
GLOBAL	III	4430001	4440000	-1.5830559538257	9864	1.7061999632691	8.5724845556556	4.3373606446399
GLOBAL	III	4440001	4450000	-1.3474817122193	9682	1.5488293458482	7.1432460122937	4.1517570262467
GLOBAL	III	4450001	4460000	-1.4151864550329	9688	2.8574728985431	10.520284299783	5.4147009208493
GLOBAL	III	4460001	4470000	-1.497236511547	9459	1.5880797377268	9.4824048790837	5.2725972686843
GLOBAL	III	4470001	4480000	-1.6067515244201	9800	2.8391068001939	14.420512761167	7.2079632631142
GLOBAL	III	4480001	4490000	-1.4100629664545	9504	3.298586606158	11.732725222428	5.9813914817411
GLOBAL	III	4490001	4500000	-1.2081088211642	9403	1.3382389656991	6.7579183866996	4.4860854635412
GLOBAL	III	4500001	4510000	-1.4671036703904	9569	2.1942311596665	8.8306179457098	4.5234613749398
GLOBAL	III	4510001	4520000	-1.4401215117811	9758	1.8186885815999	8.8320635421273	4.8699883330354
GLOBAL	III	4520001	4530000	-1.7194767128471	9430	8.8867429714756	31.819963532583	13.337325472198
GLOBAL	III	4530001	4540000	-1.7172132894154	9685	11.273161902324	36.622298840699	14.76178707364
GLOBAL	III	4540001	4550000	-1.452068073216	9679	6.910879166205	23.390784049649	11.349264671142
GLOBAL	III	4550001	4560000	-1.6704662730727	9538	5.9626592082971	21.817505204132	9.4912697439088
GLOBAL	III	4560001	4570000	-1.6167115598714	9423	2.7800643405691	11.816751103107	5.5895479359697
GLOBAL	III	4570001	4580000	-1.2279921733619	9611	4.1067653482239	12.472885020372	6.8128444575047
GLOBAL	III	4580001	4590000	-1.5288933814051	9557	10.998923116965	32.349107363127	13.964469011266
GLOBAL	III	4590001	4600000	-1.57415810159	9325	14.685532945324	44.174148888509	18.732944240733
GLOBAL	III	4600001	4610000	-1.613184941906	9602	8.513698784333	26.752573025944	11.306127256594
GLOBAL	III	4610001	4620000	-1.5168417592281	9392	5.5756122623656	19.101099236986	8.91687408547
GLOBAL	III	4620001	4630000	-1.4373877440711	8260	4.9019562236183	16.760147636127	8.2498208722186
GLOBAL	III	4630001	4640000	-1.3784728453198	7894	6.2090707276433	21.669564081454	11.215667690736
GLOBAL	III	4640001	4650000	-1.5751410701286	9693	7.4862123215459	24.546398997658	10.830894451072
GLOBAL	III	4650001	4660000	-1.7211889284851	9233	12.589747023026	40.264400958606	16.07880080889
GLOBAL	III	4660001	4670000	-1.6181622984348	9512	9.97549286593	32.733941844668	14.064379698348
GLOBAL	III	4670001	4680000	-1.617687648938	9043	8.8779063575289	29.87659987465	12.980684825594
GLOBAL	III	4680001	4690000	-1.6519529102397	9534	8.0101993147107	30.005795666013	13.314905173726
GLOBAL	III	4690001	4700000	-1.6790431948328	9543	8.8006440116744	30.260682102525	12.781111383491
GLOBAL	III	4700001	4710000	-1.4692719253936	9636	9.3304855546457	31.056930696551	14.787218598821
GLOBAL	III	4710001	4720000	-1.4358084960515	8472	6.6954735928085	24.847125044972	12.64211174546
GLOBAL	III	4720001	4730000	-1.6494469139636	9508	9.2089653986498	31.564589518484	13.55340625429
GLOBAL	III	4730001	4740000	-1.6774526150646	9140	12.84865348028	44.0376713629	18.593084300875
GLOBAL	III	4740001	4750000	-1.6024048558871	9669	8.5822400367194	29.882275805811	13.292543198953
GLOBAL	III	4750001	4760000	-1.7528676755232	9378	14.581754158932	50.667832626642	20.586881127201
GLOBAL	III	4760001	4770000	-1.7056113911155	9599	11.454700935488	39.612327401492	16.508817080301
GLOBAL	III	4770001	4780000	-1.6154775129683	9129	14.175436550357	47.683367329672	20.741811947444
GLOBAL	III	4780001	4790000	-1.607841458693	9367	11.21866740291	39.231226721754	17.42246361878
GLOBAL	III	4790001	4800000	-1.2643298736872	9347	6.9263904855809	24.155067526504	13.626726220332
GLOBAL	III	4800001	4810000	-1.3484757400237	9517	2.9014370933998	11.567136106182	6.4262921130715
GLOBAL	III	4810001	4820000	-1.0705721376498	9645	3.2431782452889	9.6164048772472	5.9531033994114
GLOBAL	III	4820001	4830000	-1.3661987134102	9735	2.5528771607908	9.8726774551929	5.3577859666774
GLOBAL	III	4830001	4840000	-1.2852639560295	9111	1.6866327609443	8.0584589862723	4.9576012736031
GLOBAL	III	4840001	4850000	-1.4416545990552	9006	1.1828968665547	7.5345955912063	4.4058394630825
GLOBAL	III	4850001	4860000	-1.2210671007813	9330	2.0511958970382	7.4041432394217	4.3838273416412
GLOBAL	III	4860001	4870000	-1.3178858613456	9368	2.2896383971034	9.223193470386	5.2611195526474
GLOBAL	III	4870001	4880000	-1.0963998064776	9031	2.6436075645148	8.968313353735	5.7686126464572
GLOBAL	III	4880001	4890000	-1.517261390083	9720	1.1833317993488	7.2751958742597	4.0150392771661
GLOBAL	III	4890001	4900000	-1.1283089279311	9341	1.4858805416313	7.6731718654041	5.4836855143193
GLOBAL	III	4900001	4910000	-0.89035828686098	9169	3.2526000874164	9.6534609437055	7.1890843840582
GLOBAL	III	4910001	4920000	-0.81363311448098	8739	4.7186736151525	12.920421445941	10.080400717245
GLOBAL	III	4920001	4930000	-1.2995770441961	9292	1.5494044110826	10.269222210809	6.7097351701225
GLOBAL	III	4930001	4940000	-1.3672603323584	9441	2.9880363161651	11.170842180802	5.984819182549
GLOBAL	III	4940001	4950000	-0.90804860650282	8259	1.9431829502821	7.6062037396679	6.2364731896851
GLOBAL	III	4950001	4960000	-1.3954797581062	9771	1.5756934672628	8.0537663523	4.6421833404652
GLOBAL	III	4960001	4970000	-1.475496659387	9626	1.603913290128	8.7020257003119	4.8106597632915
GLOBAL	III	4970001	4980000	-1.2586108708336	9470	2.5198045956236	8.7024350436236	4.9122652531238
GLOBAL	III	4980001	4990000	-0.96067961526507	6593	2.5876028915654	10.307353639883	8.0357182828198
GLOBAL	III	4990001	5000000	-1.5315031513192	9468	2.1787914611623	12.082279424171	6.4665149101902
GLOBAL	III	5000001	5010000	-1.4469815345449	9546	2.2113639334709	10.528910435628	5.7482050071721
GLOBAL	III	5010001	5020000	-1.4662911985721	9577	2.2228330114485	9.6112917200312	5.0388754401428
GLOBAL	III	5020001	5030000	-1.7867639626527	9641	1.8557928163901	11.94697894366	5.6477443793352
GLOBAL	III	5030001	5040000	-1.639041972917	9867	1.5430144468594	10.261377858393	5.3191825197846
GLOBAL	III	5040001	5050000	-1.4978875937288	9449	2.306840309624	10.909953034233	5.7434968822946
GLOBAL	III	5050001	5060000	-1.3889651806499	9400	2.7181799354652	11.560689229355	6.3662569926716
GLOBAL	III	5060001	5070000	-1.4880781422699	9757	2.0123712642588	10.261623981746	5.5435615127734
GLOBAL	III	5070001	5080000	-1.4964862162779	9123	2.2316790475243	10.130909302883	5.2785185519485
GLOBAL	III	5080001	5090000	-1.3752451213816	9637	2.6686555013364	9.3506398871862	4.8587588364881
GLOBAL	III	5090001	5100000	-1.2381835964226	8985	2.7936553282164	9.7607798043658	5.6268912754773
GLOBAL	III	5100001	5110000	-1.0937635957726	9429	2.5488939537063	8.8377746222508	5.7497622821341
GLOBAL	III	5110001	5120000	-1.3629512629891	9455	2.2580996283871	9.3528290012601	5.2054167786702
GLOBAL	III	5120001	5130000	-1.3936657564492	8770	2.2402499278275	10.914697951952	6.2241954241783
GLOBAL	III	5130001	5140000	-0.94164225470077	8929	2.5541916894122	12.479897931493	10.540846263568
GLOBAL	III	5140001	5150000	-1.661628832585	9610	1.7970071669042	11.299512352175	5.7187892981417
GLOBAL	III	5150001	5160000	-1.5866259145992	9659	2.3472495765016	11.429388247595	5.7241839979577
GLOBAL	III	5160001	5170000	-1.5342041671001	9636	1.7810535445628	9.743165444109	5.1897342415618
GLOBAL	III	5170001	5180000	-1.3527163094254	9635	2.3364384511828	8.5720674676269	4.6097093477736
GLOBAL	III	5180001	5190000	-1.5462782036215	9431	2.0854421499124	10.651861137788	5.5400244068708
GLOBAL	III	5190001	5200000	-1.452308538558	9631	1.7013627352938	8.5731266952236	4.7316143763452
GLOBAL	III	5200001	5210000	-1.4519750081168	9618	1.5470276062326	8.5730231626747	4.8389232026486
GLOBAL	III	5210001	5220000	-0.72526795353139	7061	3.334806607554	8.4339356950391	7.0306830222637
GLOBAL	III	5220001	5230000	-1.1932716387005	9657	2.1487604355355	11.968097679002	8.2289203271099
GLOBAL	III	5230001	5240000	-1.1831011527004	9439	3.310165478703	11.30844675554	6.7604373967355
GLOBAL	III	5240001	5250000	-1.2935005579688	9002	2.9381418622787	10.392125846012	5.7626445831907
GLOBAL	III	5250001	5260000	-1.4665120947026	9581	3.158033421753	11.949205420725	5.9946126804738
GLOBAL	III	5260001	5270000	-1.4790369578921	9588	1.9610507644108	10.651764940239	5.8759276632372
GLOBAL	III	5270001	5280000	-1.2864512366137	9680	2.7503241559407	9.3524923877415	5.1320781106164
GLOBAL	III	5280001	5290000	-1.3963328921792	9688	2.6607591756308	10.391433250016	5.5364119241801
GLOBAL	III	5290001	5300000	-1.2089463506219	9217	2.6209476009196	11.68355983626	7.4962898317851
GLOBAL	III	5300001	5310000	-1.0857151078385	9479	2.6964232142613	9.4914699735842	6.2585909602484
GLOBAL	III	5310001	5320000	-0.93048768183115	3963	0.20645522183999	2.100874231651	2.0359420622129
GLOBAL	III	5320001	5330000	-0.48607242376805	4173	1.5811096024302	2.7645522700235	2.4347043973803
GLOBAL	III	5330001	5340000	-0.79518290958841	6309	0.3268288614643	2.8651066513678	3.1920678365904
GLOBAL	III	5340001	5350000	-0.89018494904225	7683	2.6135251400407	8.8342763563152	6.9881559140798
GLOBAL	III	5350001	5360000	-1.2446802418792	9313	2.0227823410932	9.4978631747342	6.0056234381574
GLOBAL	III	5360001	5370000	-1.3532034559934	9215	2.1846374777192	12.60933453643	7.7037174362357
GLOBAL	III	5370001	5380000	-1.2986836215693	9387	2.0290231101237	8.8343381666976	5.2401639194852
GLOBAL	III	5380001	5390000	-1.3349523373763	9002	2.6273069113458	10.134799175217	5.6237904932442
GLOBAL	III	5390001	5400000	-1.299551512772	9437	2.7914653973007	10.784754806963	6.1508061289639
GLOBAL	III	5400001	5410000	-1.2619285810279	9323	3.0597546109948	10.006832732589	5.5051278067859
GLOBAL	III	5410001	5420000	-0.91493689565786	9609	4.5669746141911	10.00410087225	5.9426243316481
GLOBAL	III	5420001	5430000	-1.6137510878328	9258	13.989336701179	44.693463004203	19.026556533112
GLOBAL	III	5430001	5440000	-2.2379463507835	9416	2.2026927082273	33.249733357411	13.873004881602
GLOBAL	III	5440001	5450000	-2.1958128739095	9661	2.8097887014103	33.64186999758	14.041306371101
GLOBAL	III	5450001	5460000	-2.2852623675903	9672	2.6554304908515	40.132526713397	16.399472005511
GLOBAL	III	5460001	5470000	-1.6452245198551	9683	2.1036259778888	10.521518422025	5.1165615042483
GLOBAL	III	5470001	5480000	-1.6236625161003	9821	3.0243355975428	13.246392082931	6.2956780636529
GLOBAL	III	5480001	5490000	-1.5956796915991	9746	1.404289684394	9.8712777470032	5.3061952891835
GLOBAL	III	5490001	5500000	-1.0547058336012	9641	2.5917522750904	6.4935647568872	3.6994319719219
GLOBAL	III	5500001	5510000	-1.4486024192012	9140	2.1169873638095	9.2215318808295	4.9044129865098
GLOBAL	III	5510001	5520000	-1.2070654372157	9566	2.2310153428083	10.412245039914	6.7777847371529
GLOBAL	III	5520001	5530000	-1.5269319883418	9435	2.9209514721355	12.213524062379	6.0857802843822
GLOBAL	III	5530001	5540000	-1.3964475688328	9847	2.2307152876814	8.4409406221158	4.4471596879397
GLOBAL	III	5540001	5550000	-1.4182329380146	9656	1.7920601673141	7.9234101802226	4.3232319942392
GLOBAL	III	5550001	5560000	-1.773100874289	9466	0.9589302545766	8.8302377432164	4.4392891587718
GLOBAL	III	5560001	5570000	-1.1118762035295	9684	3.8149695113258	9.4866906261772	5.101036515439
GLOBAL	III	5570001	5580000	-1.5153923228387	9753	1.3418167132948	6.6277660118943	3.4881721511545
GLOBAL	III	5580001	5590000	-1.0558069153476	9540	3.2368466804604	8.3144885598618	4.8092523411156
GLOBAL	III	5590001	5600000	-1.625598540777	9764	2.0869592384673	10.129025341748	4.9471415614319
GLOBAL	III	5600001	5610000	-1.2172304904415	9661	1.7827502099762	6.4943033940327	3.8707157116544
GLOBAL	III	5610001	5620000	-1.4978222712325	9608	1.1136472739122	8.0571433135893	4.6357275980171
GLOBAL	III	5620001	5630000	-1.4973169897709	9388	3.2475547206419	12.467493234764	6.1576396829189
GLOBAL	III	5630001	5640000	-1.2054123956876	9316	3.5636442881786	9.8709331728479	5.2324738879689
GLOBAL	III	5640001	5650000	-1.5404540295033	9596	1.6490470557712	9.7489783532935	5.2581454184218
GLOBAL	III	5650001	5660000	-1.4518026369882	9622	2.4930584091675	9.741193223652	4.9925069908408
GLOBAL	III	5660001	5670000	-1.1557323153603	9491	3.1175657592586	8.3134524290555	4.495752693544
GLOBAL	III	5670001	5680000	-1.1925091720657	9412	3.6576069036123	11.436803993126	6.5233855401198
GLOBAL	III	5680001	5690000	-1.465813751252	9443	1.5457846055143	8.442494311654	4.705038208469
GLOBAL	III	5690001	5700000	-1.3209109548047	9425	2.0328308394575	8.3138189744367	4.7550428074901
GLOBAL	III	5700001	5710000	-1.3366062742052	9628	3.2622586701186	10.651989259125	5.5287265454447
GLOBAL	III	5710001	5720000	-1.4078937702591	9214	1.8844108023222	10.283019779871	5.965371219736
GLOBAL	III	5720001	5730000	-1.275710328317	9029	2.0286538189301	7.9293684474561	4.6254345501072
GLOBAL	III	5730001	5740000	-1.5262966536762	9652	1.7130923297644	7.7917519117944	3.9826200020743
GLOBAL	III	5740001	5750000	-1.2510496250056	9790	4.3281146456225	11.819152274629	5.9878021457163
GLOBAL	III	5750001	5760000	-1.4256912055931	9711	2.5486099702446	9.3505305142433	4.7709633876636
GLOBAL	III	5760001	5770000	-1.1637996141933	9413	2.9680205555899	8.5727804460843	4.8159148895916
GLOBAL	III	5770001	5780000	-1.2828581567391	9545	3.1364078023299	10.390934822683	5.654972049906
GLOBAL	III	5780001	5790000	-1.246460931029	9352	2.2049527531008	7.5326279506136	4.2742416267428
GLOBAL	III	5790001	5800000	-1.4748506654038	9691	2.3399381689419	10.129866516702	5.281842108148
GLOBAL	III	5800001	5810000	-1.3829352914148	9741	1.9484594560167	9.0920697622808	5.165541982052
GLOBAL	III	5810001	5820000	-1.2207575309046	9301	2.4951546678135	7.7927320873298	4.3395820098611
GLOBAL	III	5820001	5830000	-1.1359969616716	9476	4.8662338187321	11.700728198283	6.0162963547841
GLOBAL	III	5830001	5840000	-1.1949958124034	9343	2.8287032335769	8.8360973626314	5.0271256741666
GLOBAL	III	5840001	5850000	-1.3118552983687	9572	3.696846347751	11.430396472501	5.8951243588885
GLOBAL	III	5850001	5860000	-1.3622004400352	9670	4.1039604148256	11.94807001251	5.7584107060498
GLOBAL	III	5860001	5870000	-1.4813968832944	9314	2.4586270516106	10.649835854575	5.5293816905758
GLOBAL	III	5870001	5880000	-1.6959972748217	9644	1.7391209042983	10.388610703231	5.099943217681
GLOBAL	III	5880001	5890000	-1.3801662976874	9286	2.4882550684688	9.2211994261368	4.8783573174838
GLOBAL	III	5890001	5900000	-1.1769049412961	9607	4.0411136533837	11.361103910998	6.2196954067955
GLOBAL	III	5900001	5910000	-1.2409275865904	9498	2.795738489131	8.4423902124877	4.5503474855221
GLOBAL	III	5910001	5920000	-1.1201898343868	9788	3.0062015831188	7.7919422065525	4.2722585730778
GLOBAL	III	5920001	5930000	-1.3515408364819	9690	2.6688679375988	8.8308645979774	4.5592382368692
GLOBAL	III	5930001	5940000	-1.4422015992941	9368	1.8491193402126	7.53240708193	3.9407027037683
GLOBAL	III	5940001	5950000	-1.2851667589435	9376	2.3096424007723	8.5733524938841	4.8738500661664
GLOBAL	III	5950001	5960000	-1.089875417828	9490	3.0527957872958	7.6631460408095	4.2301626205145
GLOBAL	III	5960001	5970000	-1.2915979946473	9172	2.1363768195164	7.7928065208127	4.3794042145761
GLOBAL	III	5970001	5980000	-1.2172631832968	9470	2.7420687567062	9.6314818082553	5.6597563666469
GLOBAL	III	5980001	5990000	-1.4527236835843	9481	2.2820167350347	10.000864921408	5.3133629427235
GLOBAL	III	5990001	6000000	-1.2456227660073	9578	2.5602596294978	7.1418268772082	3.678133840148
GLOBAL	III	6000001	6010000	-1.4581411091252	9784	2.1823526093148	8.3110602845726	4.2030964197524
GLOBAL	III	6010001	6020000	-0.90684874172588	8928	2.0421802203181	5.8631819570459	4.2134940050265
GLOBAL	III	6020001	6030000	-1.5009849590468	9464	1.5416873576295	8.8328795807512	4.857605120675
GLOBAL	III	6030001	6040000	-1.3320482063199	9199	2.5949523139132	9.2216927310646	4.9748502987435
GLOBAL	III	6040001	6050000	-1.3295022845924	9530	1.7589561944234	7.8163033165297	4.556101326267
GLOBAL	III	6050001	6060000	-1.2426829326903	9382	3.4456999308376	9.7409483879495	5.0658525127431
GLOBAL	III	6060001	6070000	-1.3381791096978	9752	3.4201167464492	10.389998580333	5.2084820211086
GLOBAL	III	6070001	6080000	-1.4932136048126	9600	2.0690936443259	10.65030032391	5.7468045107057
GLOBAL	III	6080001	6090000	-1.3089629875837	9640	2.7227996437899	8.9612587360647	4.7659553031294
GLOBAL	III	6090001	6100000	-1.2122719485784	9547	3.0733187885198	8.9613948550797	4.8570587428546
GLOBAL	III	6100001	6110000	-1.2620828131107	9749	3.2693302746069	9.4809441689289	4.9217165702559
GLOBAL	III	6110001	6120000	-1.5639772834992	9851	2.6759262023125	11.948077724118	5.9285717379863
GLOBAL	III	6120001	6130000	-1.3065998006279	9468	2.4532902935647	9.4881313271838	5.3840824330744
GLOBAL	III	6130001	6140000	-1.3046703553302	9541	3.9759838186322	11.298522433149	5.6125584402229
GLOBAL	III	6140001	6150000	-1.4230460375705	9628	2.5900755761422	10.260563734532	5.39018974501
GLOBAL	III	6150001	6160000	-0.99451814801699	9796	3.4432847562539	7.6667758863644	4.2467713017926
GLOBAL	III	6160001	6170000	-1.627917437755	9667	1.0932143525425	7.2720014461695	3.7955162530528
GLOBAL	III	6170001	6180000	-1.5447219263278	9746	1.5070470066083	8.5711144522224	4.5730350072828
GLOBAL	III	6180001	6190000	-1.5714223390589	9550	0.81979162054865	5.7139826143221	3.1144975301194
GLOBAL	III	6190001	6200000	-1.1039792418083	9430	2.9623414144331	8.7064393434815	5.2030850866723
GLOBAL	III	6200001	6210000	-1.2948108089599	9584	3.5611718635302	10.910431146832	5.6759329103883
GLOBAL	III	6210001	6220000	-1.3129923629151	9340	1.596909686659	6.4941638983602	3.7298421148684
GLOBAL	III	6220001	6230000	-1.2352507801016	9519	3.3012783761689	9.3511408350076	4.8976795289627
GLOBAL	III	6230001	6240000	-1.1158881213945	9326	3.1337063783543	8.3120597397767	4.6405667935162
GLOBAL	III	6240001	6250000	-1.2312046693542	9391	3.0126968494169	11.464798739182	6.8649040246074
GLOBAL	III	6250001	6260000	-1.3840563015704	9851	3.0907961979895	11.433125578539	6.0274494405206
GLOBAL	III	6260001	6270000	-1.7087158504617	9696	1.2605865807717	9.4800554982129	4.8103193490132
GLOBAL	III	6270001	6280000	-1.5307388454527	9542	2.0785932278175	9.3496317716002	4.7500189633147
GLOBAL	III	6280001	6290000	-1.2634605026992	9509	2.3178141689634	9.2238149224703	5.4659411503197
GLOBAL	III	6290001	6300000	-1.2931888318063	9567	2.5876033288922	9.7447979910282	5.5345317606393
GLOBAL	III	6300001	6310000	-1.4237855009145	9540	2.2479273611167	9.0909778048998	4.8062369221963
GLOBAL	III	6310001	6320000	-1.3671858254601	9507	1.7144398784227	8.054614849522	4.6373908016239
GLOBAL	III	6320001	6330000	-1.1374254270793	9381	2.7138492437666	8.5754775660543	5.1534176946783
GLOBAL	III	6330001	6340000	-1.3818805726801	9586	4.1626329613053	12.728660045283	6.1988186630082
GLOBAL	III	6340001	6350000	-1.3246471177547	9623	1.8123830539871	6.6232776677222	3.6318311112846
GLOBAL	III	6350001	6360000	-1.3539231652984	9538	2.4868133969689	8.9615857892884	4.7822303054345
GLOBAL	III	6360001	6370000	-1.2784729760313	9754	3.4995248012063	10.780227722377	5.6948430335787
GLOBAL	III	6370001	6380000	-1.4015479222893	9243	2.5661757920974	9.6113617891719	5.0267178774499
GLOBAL	III	6380001	6390000	-1.4020531621393	9436	1.7448085743279	8.8340136269025	5.0563026025046
GLOBAL	III	6390001	6400000	-1.3182409412524	9624	2.928775278423	9.8710154531444	5.2662908255042
GLOBAL	III	6400001	6410000	-1.3860273203376	9473	3.3110016619532	11.171052939264	5.670920884443
GLOBAL	III	6410001	6420000	-1.2309706408355	9694	3.3663963752019	9.4812019196724	4.9674666004381
GLOBAL	III	6420001	6430000	-1.1739279545337	9594	1.8485799986504	7.7995258535056	5.0692598569381
GLOBAL	III	6430001	6440000	-1.0002200266641	9648	3.3252273343581	7.7931706958519	4.4669605110738
GLOBAL	III	6440001	6450000	-0.97183215529751	9563	3.9495361303966	9.487252940599	5.6982234843909
GLOBAL	III	6450001	6460000	-1.1595260383236	9568	2.8801100601889	8.1834635595474	4.5737252326181
GLOBAL	III	6460001	6470000	-1.6200671214679	9333	2.7566075498591	12.988031380276	6.3154320551521
GLOBAL	III	6470001	6480000	-1.3865943556446	9501	2.6572912540588	10.131313781504	5.3902011767317
GLOBAL	III	6480001	6490000	-0.96048493758217	9188	3.0532909566132	7.4049099085539	4.530647781833
GLOBAL	III	6490001	6500000	-1.2978715551886	9626	2.9808131916075	10.261523678875	5.6097311464767
GLOBAL	III	6500001	6510000	-0.68357784095612	7159	3.1414929570233	11.007662565914	11.507350205923
GLOBAL	III	6510001	6520000	-0.80608285361969	5592	1.8247381097626	7.3999009238174	6.9163644767033
GLOBAL	III	6520001	6530000	-0.888901868985	9246	5.0227779765205	12.725145577541	8.6650370190077
GLOBAL	III	6530001	6540000	-1.2405552204792	9013	2.6697942193115	8.3125072721816	4.5485383961307
GLOBAL	III	6540001	6550000	-0.92925419241476	9479	3.1417088260385	7.9318670338867	5.1548416428453
GLOBAL	III	6550001	6560000	-1.6535794215698	9563	1.3429226599948	10.130820709374	5.3144698916462
GLOBAL	III	6560001	6570000	-1.3630878176117	9470	2.5725978318748	10.132553324577	5.5461984143824
GLOBAL	III	6570001	6580000	-1.4719842003995	9427	1.7605472957511	8.5719310422235	4.6273484081038
GLOBAL	III	6580001	6590000	-1.0257446859497	9069	3.270189480039	9.226142142881	5.806466993614
GLOBAL	III	6590001	6600000	-1.3752626875326	9663	3.1791452951746	11.430918251341	6.0001431224539
GLOBAL	III	6600001	6610000	-1.3570840418602	9552	2.0703081824934	10.264493663448	6.0380825565691
GLOBAL	III	6610001	6620000	-0.99742288741289	9531	4.639151937031	10.001757443523	5.3764612524595
GLOBAL	III	6620001	6630000	-1.3382652340861	9593	2.4127620608769	8.9630861498178	4.8946381644698
GLOBAL	III	6630001	6640000	-1.3912189524309	9604	2.6585488441399	9.7414672831536	5.0911601129624
GLOBAL	III	6640001	6650000	-1.4794261490435	9658	1.7105570346352	9.6143405417092	5.3424657338822
GLOBAL	III	6650001	6660000	-1.0932640764539	9636	2.8090862720929	7.5329269025384	4.3208596460682
GLOBAL	III	6660001	6670000	-1.3784840639963	9822	2.637481145043	8.9602772519527	4.586774901539
GLOBAL	III	6670001	6680000	-1.3880142033003	9535	2.2717050342322	9.8729802581306	5.4763670327182
GLOBAL	III	6680001	6690000	-1.4280705919937	9755	3.2083137767711	12.600679079681	6.5769615000597
GLOBAL	III	6690001	6700000	-1.5769823488724	9785	1.3799401157383	9.4817750605477	5.137555883617
GLOBAL	III	6700001	6710000	-1.2588190551684	9516	4.4657464345225	12.729569433149	6.5647425376164
GLOBAL	III	6710001	6720000	-1.1509752221188	9575	4.2554401469079	11.561863862468	6.3480286761602
GLOBAL	III	6720001	6730000	-1.3754772582236	9525	2.566237557068	10.397733867229	5.6936574293315
GLOBAL	III	6730001	6740000	-1.2856163659412	9569	2.3331242710411	8.7020017605856	4.9539486726135
GLOBAL	III	6740001	6750000	-1.2739261947535	9530	2.7641409789233	9.6193569099052	5.3811719699418
GLOBAL	III	6750001	6760000	-1.3415769554643	9451	1.6472103934299	7.7945073587926	4.5821426346989
GLOBAL	III	6760001	6770000	-1.5994778670657	9761	1.4388736390688	8.8323689408881	4.622443019723
GLOBAL	III	6770001	6780000	-1.4039440971087	9679	1.9387032446567	8.5718512557649	4.7246525162708
GLOBAL	III	6780001	6790000	-1.4225463291101	9728	1.6151683466599	7.7928664261113	4.3427043134096
GLOBAL	III	6790001	6800000	-1.4117718449734	9687	2.3715992790798	9.7415275256298	5.2203394428006
GLOBAL	III	6800001	6810000	-1.3299128573621	9630	2.2017509050978	8.44221839715	4.6923882700333
GLOBAL	III	6810001	6820000	-1.1926763418064	9717	4.1259192589466	11.563742437887	6.2362460947919
GLOBAL	III	6820001	6830000	-1.3779948375186	9685	3.0373552196326	11.822567771809	6.3753595535932
GLOBAL	III	6830001	6840000	-1.3096201751911	9531	2.2281060685497	9.8746770949607	5.838770027573
GLOBAL	III	6840001	6850000	-1.3742621962759	9287	1.8244755361341	8.8335044476509	5.1002122669971
GLOBAL	III	6850001	6860000	-1.0851990459547	9385	3.2678687318793	7.9224159684332	4.289118437677
GLOBAL	III	6860001	6870000	-1.2323279159274	9630	2.9051544073649	9.3533821258594	5.2325583435653
GLOBAL	III	6870001	6880000	-1.4043379220889	9472	2.4806140232774	10.132349187872	5.4486424130834
GLOBAL	III	6880001	6890000	-1.4389749693001	9122	1.658368736534	8.4426835150442	4.7146857473204
GLOBAL	III	6890001	6900000	-1.020153423284	9509	3.6816004869338	9.0948975875609	5.3063558647883
GLOBAL	III	6900001	6910000	-1.0287289285938	9346	2.5752682609124	9.4995542677571	6.730914057515
GLOBAL	III	6910001	6920000	-0.68269000312192	5142	1.9879597954557	6.9967513331352	7.336846174361
GLOBAL	III	6920001	6930000	-0.59457358824847	2271	0.74419782402088	1.4640832681235	1.2107592034542
GLOBAL	III	6930001	6940000	-0.75372868150563	3792	1.0231832578694	4.3571581320419	4.4233090181902
GLOBAL	III	6940001	6950000	-0.81879751937024	8800	3.8047129330626	11.214496934144	9.049592635283
GLOBAL	III	6950001	6960000	-0.73857015113903	9121	5.8715253223488	12.247248688557	8.6325223898845
GLOBAL	III	6960001	6970000	-0.98938165174489	9136	3.3636360093673	10.015092826314	6.7228422977278
GLOBAL	III	6970001	6980000	-1.0343816622352	9478	3.6923729566897	10.530380867217	6.6107203561116
GLOBAL	III	6980001	6990000	-0.71987316608051	9212	3.2969382809985	7.0752055457359	5.2485179928416
GLOBAL	III	6990001	7000000	-1.0464595927489	9734	3.2618623011816	8.7067672669703	5.2031679039664
GLOBAL	III	7000001	7010000	-1.0306327110302	9181	1.9372199282187	5.5854992827691	3.5398443262135
GLOBAL	III	7010001	7020000	-1.2983019027102	9464	2.1002243428403	8.053780994892	4.5856488692067
GLOBAL	III	7020001	7030000	-1.377375822659	9495	3.0311299075602	11.560606821646	6.1925559994364
GLOBAL	III	7030001	7040000	-1.1381358481279	9310	3.4007346807993	8.4417267628048	4.4291655431971
GLOBAL	III	7040001	7050000	-0.84112200820495	9729	4.9771304363016	9.4825391712524	5.356427118779
GLOBAL	III	7050001	7060000	-1.3269361652851	9058	1.7573489339372	7.2734212419637	4.1569989968893
GLOBAL	III	7060001	7070000	-1.0634023727757	9575	2.7793308827541	7.4039812674891	4.3489186249075
GLOBAL	III	7070001	7080000	-1.3606648244482	9636	2.6744790797089	9.7413889182366	5.1937183291218
GLOBAL	III	7080001	7090000	-1.1700377435773	9728	2.7870640995035	8.1825242586068	4.6113556496111
GLOBAL	III	7090001	7100000	-1.4025329002649	9252	1.6128228960689	8.0533577985741	4.5920740264195
GLOBAL	III	7100001	7110000	-0.66328417072061	8552	5.4635617389104	10.682226537718	7.8679169942172
GLOBAL	III	7110001	7120000	-1.0168022184063	9578	4.6557241300113	11.1733491939	6.4099241188757
GLOBAL	III	7120001	7130000	-1.2382216641048	9127	2.109077886202	8.208515518483	4.9259658501377
GLOBAL	III	7130001	7140000	-0.8240874551456	8391	3.3462337704995	9.8489761885358	7.8908401983711
GLOBAL	III	7140001	7150000	-1.0829615463823	8435	1.6726426728986	6.5612629771906	4.514121780799
GLOBAL	III	7150001	7160000	-1.3306012942686	9503	1.8351202426173	7.273011069882	4.0867920771516
GLOBAL	III	7160001	7170000	-1.435596532679	9655	1.9081107365156	9.3520973706545	5.1852915946009
GLOBAL	III	7170001	7180000	-1.5444623591783	9635	1.8250715521767	8.5705693943225	4.36753786977
GLOBAL	III	7180001	7190000	-1.0636571988804	9258	3.052332019102	7.403787018492	4.0910313999381
GLOBAL	III	7190001	7200000	-0.9906968168889	9394	3.8156501320244	9.7452704945611	5.9853027298074
GLOBAL	III	7200001	7210000	-1.5199921931598	9392	2.1590904593556	12.214892976445	6.6156935294423
GLOBAL	III	7210001	7220000	-1.2656935270837	9704	3.3479451764395	9.8714517528136	5.1540964987036
GLOBAL	III	7220001	7230000	-1.0901080407448	9082	1.7337802795232	5.1944281761315	3.1745916617987
GLOBAL	III	7230001	7240000	-1.1574373359311	9537	3.7228900521488	9.8731813091587	5.3137142427347
GLOBAL	III	7240001	7250000	-1.2772493726094	9403	2.298832813843	7.532489090569	4.0975994108602
GLOBAL	III	7250001	7260000	-1.1244909654166	9398	4.7373981413123	10.778835609352	5.3725976053542
GLOBAL	III	7260001	7270000	-0.88775092664439	9668	4.7674830015951	10.150375836896	6.0635169998054
GLOBAL	III	7270001	7280000	-0.68253518883622	8642	6.7483094098596	16.771238648177	14.684853473133
GLOBAL	III	7280001	7290000	-0.9745314212252	9484	3.5599355306941	8.5793913502919	5.1506351773525
GLOBAL	III	7290001	7300000	-1.0909034759993	9631	2.4856089296856	7.0138077840105	4.1508703143301
GLOBAL	III	7300001	7310000	-1.1631830466042	9546	3.4633563218533	9.7432239260155	5.3988644543054
GLOBAL	III	7310001	7320000	-1.6311345831774	9366	1.4191659362268	8.1809950278912	4.1454758923034
GLOBAL	III	7320001	7330000	-1.1353027325152	9643	3.4791977017611	8.7013744132842	4.599809867412
GLOBAL	III	7330001	7340000	-1.2653703901129	9659	1.1714581292126	6.7598038802434	4.4163715183286
GLOBAL	III	7340001	7350000	-1.3388128349887	9722	2.387148306981	9.893866699081	5.6069961356198
GLOBAL	III	7350001	7360000	-1.4533796492449	9851	2.9941568014044	10.258677670652	4.998364242283
GLOBAL	III	7360001	7370000	-1.5978950328891	9546	2.6113518935883	14.030889306683	7.1466129990076
GLOBAL	III	7370001	7380000	-0.79842192864663	7532	8.947674312559	16.516313697047	9.4794983866699
GLOBAL	III	7380001	7390000	-1.1839187447181	9712	3.7426973300445	14.436998818566	9.0329691427159
GLOBAL	III	7390001	7400000	-1.2295862919423	9188	4.1252374717536	15.287896744075	9.0783862389102
GLOBAL	III	7400001	7410000	-1.2650944683359	9353	2.6934533897623	11.182597455187	6.7102847082967
GLOBAL	III	7410001	7420000	-1.3829182892383	9211	2.1438192010701	9.613619544712	5.4014762851651
GLOBAL	III	7420001	7430000	-1.5472427803041	9677	1.6783283486281	9.6117100279521	5.1274316999976
GLOBAL	III	7430001	7440000	-1.3344601378083	9383	2.5600805851391	9.741148149372	5.3812529582389
GLOBAL	III	7440001	7450000	-1.3259364363341	9272	2.078208119619	10.538750147279	6.3808051395367
GLOBAL	III	7450001	7460000	-0.96108753696031	9426	3.2134048135078	7.7971962428547	4.769379742291
GLOBAL	III	7460001	7470000	-1.4788273072994	9294	1.8442823761168	8.9616131484286	4.8128207649272
GLOBAL	III	7470001	7480000	-1.5733194565577	9569	1.7367575124445	11.040476638562	5.9134329568856
GLOBAL	III	7480001	7490000	-1.6097198995726	9565	1.4138592449295	8.8314076029366	4.6079745674862
GLOBAL	III	7490001	7500000	-1.6607848936558	9619	1.8239007878401	9.3494674112104	4.5313313314192
GLOBAL	III	7500001	7510000	-1.4202164594997	9579	1.6053359485001	8.1822892035247	4.6309512969181
GLOBAL	III	7510001	7520000	-1.6590648332521	9664	1.8432540051191	11.559212312416	5.8562860911542
GLOBAL	III	7520001	7530000	-1.3123802805211	9552	2.4995981285074	8.4417321519446	4.5277532066222
GLOBAL	III	7530001	7540000	-1.3750152684221	9592	2.2751970770001	9.7432029539428	5.4312166915155
GLOBAL	III	7540001	7550000	-1.376981404788	9592	3.2147543492444	11.300479497114	5.8720656065175
GLOBAL	III	7550001	7560000	-1.4867313495568	9696	1.8823776790101	9.3509956291801	5.0235154807198
GLOBAL	III	7560001	7570000	-1.6568251691141	9789	1.4888117479331	9.8702527813126	5.0587359424659
GLOBAL	III	7570001	7580000	-1.6531898902377	9773	1.5016962446535	8.1804782118141	4.0399363718587
GLOBAL	III	7580001	7590000	-1.4657684263526	9636	2.4859076306905	9.7404301485564	4.949296483291
GLOBAL	III	7590001	7600000	-1.3944724817368	9531	2.866708154496	10.780257219959	5.6749410039321
GLOBAL	III	7600001	7610000	-1.5281594544547	9527	2.0379590674774	10.260864429935	5.3809210409863
GLOBAL	III	7610001	7620000	-1.3660813884874	9202	2.0415988044236	9.483796645972	5.4478436674909
GLOBAL	III	7620001	7630000	-1.258570133697	9626	1.8176181999573	7.794262896148	4.7487577657945
GLOBAL	III	7630001	7640000	-1.4748523648124	9636	2.2042336456383	9.2324569045673	4.7653740988664
GLOBAL	III	7640001	7650000	-1.6456095438076	9632	1.7758604765672	11.952894999508	6.1843555545946
GLOBAL	III	7650001	7660000	-1.3948929426908	9620	2.4260440110736	9.8706368767695	5.3370352934289
GLOBAL	III	7660001	7670000	-1.5729495767634	9577	1.9591934741335	10.003731864119	5.1143015064335
GLOBAL	III	7670001	7680000	-1.3960937768821	9465	1.3166002203661	9.1040141577848	5.5780020413887
GLOBAL	III	7680001	7690000	-1.3468594222273	9390	2.8190213287903	9.7419286167593	5.1400370177613
GLOBAL	III	7690001	7700000	-1.4137057644378	9155	1.0350529724901	5.976247817987	3.4952073973201
GLOBAL	III	7700001	7710000	-1.1312273586478	9220	3.2665329093224	8.7023280115417	4.8052189161309
GLOBAL	III	7710001	7720000	-1.37832098072	9512	3.1988976668136	10.521210007463	5.3124870353671
GLOBAL	III	7720001	7730000	-1.1373263407571	8284	4.0149611098567	16.431989200975	10.917735434539
GLOBAL	III	7730001	7740000	-0.54923395881101	7530	7.1328645603726	11.099039568253	7.2212851085655
GLOBAL	III	7740001	7750000	-1.2943536893521	6635	3.8513287393478	11.8197470975	6.1562913009819
GLOBAL	III	7750001	7760000	-0.77862026804429	9132	7.7642910409304	14.306589151001	8.4024246202877
GLOBAL	III	7760001	7770000	-1.0868126172402	9549	4.9623344714872	10.908086249381	5.4708159286849
GLOBAL	III	7770001	7780000	-1.3712635488189	9482	3.0400784933712	10.00072579561	5.0760827911117
GLOBAL	III	7780001	7790000	-1.3184494981073	9347	1.9878534054835	7.0123329829145	3.8109002920808
GLOBAL	III	7790001	7800000	-1.2592695678626	9408	3.0042015818347	8.3109511389025	4.2141489737382
GLOBAL	III	7800001	7810000	-1.4799720490726	9507	2.5792587608923	10.780760757184	5.5416600613713
GLOBAL	III	7810001	7820000	-1.312259782113	9044	1.9807463151064	7.7929822863667	4.4291809064676
GLOBAL	III	7820001	7830000	-1.2736309869129	9290	2.1547042509363	8.3140404303469	4.8360445393529
GLOBAL	III	7830001	7840000	-1.1248409843503	9514	5.1955094129333	15.869256299727	9.4891162709179
GLOBAL	III	7840001	7850000	-1.5249099191147	9632	3.4694501990923	13.508130732002	6.5831301948233
GLOBAL	III	7850001	7860000	-1.3260354141613	9722	3.3580438991035	10.258987416219	5.2041924698367
GLOBAL	III	7860001	7870000	-1.3310070638071	9690	2.6609402280334	8.4407464456509	4.3424309117379
GLOBAL	III	7870001	7880000	-1.4119549890178	9685	2.5710261348268	10.001414272977	5.2624823000338
GLOBAL	III	7880001	7890000	-1.4528962346373	9774	2.3739734546598	9.8708998575518	5.1599874954344
GLOBAL	III	7890001	7900000	-1.3126695116557	9699	2.7995630363995	9.8708902183725	5.3869821148307
GLOBAL	III	7900001	7910000	-1.2544950293796	9551	2.1220750892444	9.747266159985	6.0782951643192
GLOBAL	III	7910001	7920000	-0.72859864615371	5012	1.841264637215	4.9266579541452	4.2346953747692
GLOBAL	III	7920001	7930000	-1.0918680279772	9462	3.2487142224253	11.712522190254	7.7516767145464
GLOBAL	III	7930001	7940000	-1.3550107894272	9531	2.9279042532936	11.042570428344	5.9886358384504
GLOBAL	III	7940001	7950000	-1.5726117151726	9485	4.9043195001266	19.485269698856	9.2718056580987
GLOBAL	III	7950001	7960000	-1.6306020505297	9081	17.874798055151	56.121919580192	23.455828178687
GLOBAL	III	7960001	7970000	-1.6237660840249	8720	11.576821491093	38.583790121458	16.632302457889
GLOBAL	III	7970001	7980000	-1.505000461789	8987	3.2263021664668	12.85903351763	6.4004839837144
GLOBAL	III	7980001	7990000	-1.6215817097221	9413	2.1083306891061	11.688815676412	5.908111154601
GLOBAL	III	7990001	8000000	-1.6076855976155	9258	2.7582596360812	13.636652228247	6.7664925333039
GLOBAL	III	8000001	8010000	-1.7161413197158	8903	14.860109537514	51.051984408585	21.089099397166
GLOBAL	III	8010001	8020000	-1.3668403663599	9602	1.7969141628934	8.9631025349327	5.2428861104855
GLOBAL	III	8020001	8030000	-1.1015426445401	9037	3.7719061003488	9.351844149239	5.0655669814941
GLOBAL	III	8030001	8040000	-1.4130569486431	9563	3.5860725206946	12.989211584195	6.6544657471373
GLOBAL	III	8040001	8050000	-0.91364720678124	9230	4.4867535093157	8.9618348378481	4.8980408360225
GLOBAL	III	8050001	8060000	-1.4392455257384	9721	2.6119264537433	10.259661826799	5.3137114107975
GLOBAL	III	8060001	8070000	-1.4908530641831	9505	2.427741508601	11.039444273878	5.7763591678941
GLOBAL	III	8070001	8080000	-1.6229975719148	9041	1.7144537702912	11.433557012878	5.9883658551135
GLOBAL	III	8080001	8090000	-1.4589076223431	9714	4.1369121133264	15.847024967273	8.0266307986928
GLOBAL	III	8090001	8100000	-0.96865301022213	7747	3.5376498454955	11.013662878712	7.7179474531362
GLOBAL	III	8100001	8110000	-1.3359261220919	9244	3.2213927019522	11.952567497438	6.5356718841708
GLOBAL	III	8110001	8120000	-1.5672973469738	9263	2.0670217653274	9.6096267793038	4.8124914066497
GLOBAL	III	8120001	8130000	-1.6119042378568	9226	13.36461596137	40.528655781454	16.852142442532
GLOBAL	III	8130001	8140000	-1.5374948912736	9363	9.0782792429451	31.829981986416	14.797904612629
GLOBAL	III	8140001	8150000	-1.5617477014286	9536	5.8036259926828	19.478443082945	8.7560987461373
GLOBAL	III	8150001	8160000	-1.7633227200108	9460	12.462030888339	40.904776504238	16.130198569508
GLOBAL	III	8160001	8170000	-1.6473022688392	9269	13.413325450953	39.613044856991	15.904621696722
GLOBAL	III	8170001	8180000	-1.6685009012601	9263	19.683924788936	63.015257741186	25.970218487461
GLOBAL	III	8180001	8190000	-1.6117007859263	9427	13.589357452807	44.561223849068	19.216883596952
GLOBAL	III	8190001	8200000	-1.7306847566154	9326	19.145710137379	60.004927126712	23.608699870471
GLOBAL	III	8200001	8210000	-1.6393242364141	9189	10.308943240043	30.908194971691	12.565697056189
GLOBAL	III	8210001	8220000	-1.7322293448515	9222	18.573594450415	58.194160130772	22.872586587981
GLOBAL	III	8220001	8230000	-1.8616703961377	9151	9.9338872097434	45.594956972037	19.155415392692
GLOBAL	III	8230001	8240000	-1.8642796684286	8963	2.2377322849816	24.037836606273	11.693580469966
GLOBAL	III	8240001	8250000	-1.3019451155615	9223	2.6486211137849	8.9615057798878	4.8488101308173
GLOBAL	III	8250001	8260000	-1.6286745055226	9450	4.0940795576369	16.623035017781	7.6927313699949
GLOBAL	III	8260001	8270000	-1.3579608145839	9262	3.4317068324544	13.253311504111	7.2326127279792
GLOBAL	III	8270001	8280000	-1.2282213544348	9010	3.3035213378751	11.0446045286	6.3026775774365
GLOBAL	III	8280001	8290000	-0.6784285956507	9260	37.00065485095	52.379746739907	22.668696436957
GLOBAL	III	8290001	8300000	-0.60031701159152	9413	35.616617356142	47.01199142825	18.98226079234
GLOBAL	III	8300001	8310000	-1.5157250363938	9308	1.7967602335834	8.9610527846146	4.7266439354176
GLOBAL	III	8310001	8320000	-0.93883576990432	9381	9.1760835649301	19.726995017164	11.238292990593
GLOBAL	III	8320001	8330000	-1.1830348056633	9577	6.0175087138085	19.509651678332	11.404688095342
GLOBAL	III	8330001	8340000	-0.98177931073469	9832	5.9994062609065	14.950582716797	9.1172999451298
GLOBAL	III	8340001	8350000	-1.4142571387602	9804	3.0615181125453	10.388664356958	5.1809151558083
GLOBAL	III	8350001	8360000	-1.1617571490536	9692	2.5170925659663	7.7936044455835	4.5418372367371
GLOBAL	III	8360001	8370000	-1.1598683151331	9245	3.9872037166767	12.94280341575	7.7212210922803
GLOBAL	III	8370001	8380000	-1.4444909375679	9400	2.93645738199	11.170260249696	5.700141588683
GLOBAL	III	8380001	8390000	-1.1809445515737	9297	3.5710632847888	11.311355682768	6.554323306428
GLOBAL	III	8390001	8400000	-1.0611175797098	9330	14.509759133529	30.815409861975	15.366488163268
GLOBAL	III	8400001	8410000	-1.2455452253624	9291	19.563621048912	38.829606826638	15.467913477104
GLOBAL	III	8410001	8420000	-1.2515817753226	9221	11.853051811933	25.978430444085	11.286021345678
GLOBAL	III	8420001	8430000	-1.1674094532678	9482	10.693889495992	24.307016192055	11.660970071775
GLOBAL	III	8430001	8440000	-1.1958329211045	9788	6.2061460477941	14.15623047912	6.6481565200452
GLOBAL	III	8440001	8450000	-1.1232573233642	7387	1.4076043130898	5.8624446448245	3.9660015911512
GLOBAL	III	8450001	8460000	-1.1156092580025	9616	4.7582639937668	11.039053048809	5.6299183697061
GLOBAL	III	8460001	8470000	-1.2150770495389	9452	2.0949783167365	9.0974884978686	5.7630174018919
GLOBAL	III	8470001	8480000	-1.4578946351114	9602	2.3174971392573	11.82213145384	6.5194247140204
GLOBAL	III	8480001	8490000	-1.2160065843271	8938	2.8715099511607	8.5741681087499	4.6896605915543
GLOBAL	III	8490001	8500000	-1.3885370029122	9326	3.6442963459824	12.340790361758	6.2630624877379
GLOBAL	III	8500001	8510000	-1.5526766267885	9219	2.1223518838167	11.560249298615	6.0784694326975
GLOBAL	III	8510001	8520000	-1.5732936903827	9406	2.4001005152551	10.259684559656	4.9956242070029
GLOBAL	III	8520001	8530000	-1.3558027709024	9551	3.2876206138778	11.430484338769	6.0059353024269
GLOBAL	III	8530001	8540000	-1.0572207684445	9418	4.8307291827421	12.346185395353	7.1086914265485
GLOBAL	III	8540001	8550000	-1.331651284134	9250	4.4879465198576	14.068019669821	7.1941305235884
GLOBAL	III	8550001	8560000	-1.322222103994	9230	2.8138760162477	12.740805006507	7.5077620925208
GLOBAL	III	8560001	8570000	-1.2314152454788	8784	3.7984485923425	13.908590014513	8.2101804889047
GLOBAL	III	8570001	8580000	-1.2539453316962	9127	2.613123430984	11.050911090974	6.7289916447759
GLOBAL	III	8580001	8590000	-1.3824525235926	9404	3.1593881295658	12.993936287336	7.1138415171126
GLOBAL	III	8590001	8600000	-1.3061769230807	9421	3.1450947268927	11.17291346312	6.146042388571
GLOBAL	III	8600001	8610000	-1.3370039200097	9702	2.6108396046065	9.4823950548121	5.1395178034748
GLOBAL	III	8610001	8620000	-1.0700586404708	8008	5.4807795955951	13.390369808155	7.3917352875912
GLOBAL	III	8620001	8630000	-1.0664237450918	7558	6.3434329239934	16.491837435891	9.5162964615201
GLOBAL	III	8630001	8640000	-0.71130690147151	6698	4.953093834632	10.865749027586	8.312382715143
GLOBAL	III	8640001	8650000	-0.88383056955935	8816	9.3939770288066	22.379732177248	14.692584298047
GLOBAL	III	8650001	8660000	-0.64027594060375	8516	9.7355069599854	21.272832461219	18.019301944024
GLOBAL	III	8660001	8670000	-0.4936115953814	8772	12.035763457334	20.175097464667	16.489349284925
GLOBAL	III	8670001	8680000	-1.2924799906742	9129	3.3358997359339	13.820243916856	8.1118038627842
GLOBAL	III	8680001	8690000	-1.3263905570494	9093	3.522421905972	13.912150464787	7.8330839311218
GLOBAL	III	8690001	8700000	-1.3986583486203	9098	1.8185324026516	8.3123443036697	4.642886454311
GLOBAL	III	8700001	8710000	-1.0656754774643	8652	4.0790676662868	11.306132145832	6.7816747521882
GLOBAL	III	8710001	8720000	-1.3884474666564	9285	2.3940243499053	10.91413142376	6.1364273971216
GLOBAL	III	8720001	8730000	-0.90439008941936	9011	5.5302245851892	12.349056322252	7.5397019680311
GLOBAL	III	8730001	8740000	-1.0942898106645	9176	4.8282621753477	11.820996889311	6.390203624136
GLOBAL	III	8740001	8750000	-1.0200085069224	8834	7.3104827299348	16.37734484395	8.889006368557
GLOBAL	III	8750001	8760000	-0.47170821262175	8988	13.007868208216	18.480828112838	11.602426581048
GLOBAL	III	8760001	8770000	-1.1631913591235	9761	4.6367881331952	12.990930818102	7.1820879852493
GLOBAL	III	8770001	8780000	-1.0557629869514	8644	4.1444540609736	12.184978100448	7.6158419444998
GLOBAL	III	8780001	8790000	-1.2388334700629	8946	3.9816496441001	14.30749276927	8.3351341198793
GLOBAL	III	8790001	8800000	-1.1270550768056	9397	4.6163051064899	12.736694638901	7.204962472133
GLOBAL	III	8800001	8810000	-0.91678217880913	8825	5.207191698045	12.874917509841	8.3637378529289
GLOBAL	III	8810001	8820000	-1.0545937082136	8688	4.0425471965166	13.533774615711	8.9998900479616
GLOBAL	III	8820001	8830000	NA	0	NA	NA	NA
GLOBAL	III	8830001	8840000	-0.48202765466429	2176	0.30042076392664	0.62163489911162	0.66638113410462
GLOBAL	III	8840001	8850000	-0.28184965540287	1374	0.6473371261019	0.94621418446406	1.0604130699927
GLOBAL	III	8850001	8860000	-0.59631325398255	3234	0.83269929946379	2.3616855487709	2.5640655127076
GLOBAL	III	8860001	8870000	-0.4582068438792	5140	2.8194962197097	5.4209657063838	5.6775002849149
GLOBAL	III	8870001	8880000	NA	924	0	0	0
GLOBAL	III	8880001	8890000	-0.81325745822871	4333	0.61430130229927	3.091157526207	3.045599150486
GLOBAL	III	8890001	8900000	NA	254	0	0	0
GLOBAL	III	8900001	8910000	NA	0	0	0	0
GLOBAL	III	8910001	8920000	NA	0	NA	NA	NA
GLOBAL	III	8920001	8930000	NA	0	NA	NA	NA
GLOBAL	III	8930001	8940000	NA	0	NA	NA	NA
GLOBAL	III	8940001	8950000	-0.36041125229164	5114	8.6672129373761	12.823456459653	11.531947173819
GLOBAL	III	8950001	8960000	-0.85183097917563	8986	4.7195979836223	10.802268948508	7.140701751388
GLOBAL	III	8960001	8970000	-0.93347119424597	9089	7.2488683953633	16.434845756248	9.8406650548064
GLOBAL	III	8970001	8980000	-0.80450829626796	9219	7.1321240012481	15.519519524581	10.425492890802
GLOBAL	III	8980001	8990000	-0.99076866896997	9245	7.4938771570641	17.973242260893	10.577004937715
GLOBAL	III	8990001	9000000	0.4597795998483	8108	47.729533199064	36.621750357477	24.158929289711
GLOBAL	III	9000001	9010000	0.40936361739786	7804	54.95070003552	43.418119147565	28.171973272228
GLOBAL	III	9010001	9020000	0.35244217997313	8575	55.863764765789	45.218714209703	30.203679244343
GLOBAL	III	9020001	9030000	0.81401160918074	5812	75.858723410363	50.010181890189	31.75451213305
GLOBAL	III	9030001	9040000	-0.16962272172993	8636	49.255989882221	55.05121780762	34.165398752566
GLOBAL	III	9040001	9050000	-0.8748576154151	8083	30.877669799998	60.865840713302	34.277773188355
GLOBAL	III	9050001	9060000	-0.70585545083447	8072	26.241234021844	54.149998437253	39.538923135629
GLOBAL	III	9060001	9070000	-0.61521983437918	8459	31.838211168153	51.422677116908	31.833281136843
GLOBAL	III	9070001	9080000	0.16044867246148	8192	41.696413446951	37.189167266764	28.091514320687
GLOBAL	III	9080001	9090000	-0.57846536576698	8601	8.5602747471301	14.226244975219	9.7948305350591
GLOBAL	III	9090001	9100000	-0.65126282235569	8765	12.668424630845	22.937897850217	15.7685543637
GLOBAL	III	9100001	9110000	3.1663786634005	8600	143.95614473306	55.248778401717	28.015400481533
GLOBAL	III	9110001	9120000	-1.007835466051	9510	5.2870903776038	12.478147362799	7.1351497614703
GLOBAL	III	9120001	9130000	-1.2810225851111	9182	5.4659917964045	18.741504958027	10.363215540397
GLOBAL	III	9130001	9140000	-1.135109888699	9266	5.2877314818658	15.88156430743	9.3328698225921
GLOBAL	III	9140001	9150000	-1.3281856191445	9476	7.0760123028134	24.876730350731	13.402281873359
GLOBAL	III	9150001	9160000	-1.305258618274	9530	5.4753821423201	14.937984790805	7.249599823365
GLOBAL	III	9160001	9170000	-1.0569232862416	9467	3.1571710023032	8.1830981902877	4.75524312257
GLOBAL	III	9170001	9180000	-1.2682991888406	9486	3.7396109309601	13.775896649177	7.9131846858561
GLOBAL	III	9180001	9190000	-1.2251089244601	9248	6.2232183529599	17.410461756358	9.1316316288595
GLOBAL	III	9190001	9200000	-1.3611854106494	8786	12.258947758094	35.806925229283	17.299610535757
GLOBAL	III	9200001	9210000	-0.6478199402311	8427	26.123468022021	40.687754727102	22.481998161227
GLOBAL	III	9210001	9220000	-0.83895594268663	8849	6.3457188172699	14.200658764272	9.3627561917584
GLOBAL	III	9220001	9230000	-1.0372714350851	8710	6.2281718198811	17.611468832815	10.97427021308
GLOBAL	III	9230001	9240000	-1.160607318732	9152	3.7241603918756	11.697823101729	6.8702502398178
GLOBAL	III	9240001	9250000	-0.84501435918965	8787	5.7080687098101	11.438047327685	6.7809245553769
GLOBAL	III	9250001	9260000	-0.9952942162675	7690	4.3442800112787	14.412981759712	10.116306900881
GLOBAL	III	9260001	9270000	-0.86407542695208	7936	6.1094323767007	13.82452916682	8.9287306981211
GLOBAL	III	9270001	9280000	-0.97064860683766	9183	8.9673733932904	20.786086482813	12.176098545104
GLOBAL	III	9280001	9290000	-0.73182038169417	9246	7.328297795474	12.476790215611	7.0351858856657
GLOBAL	III	9290001	9300000	-0.84290670017435	8855	7.0568338166498	14.351534223821	8.6542204560267
GLOBAL	III	9300001	9310000	-0.81130366465533	7654	6.1942240960057	12.504682923219	7.7781712349272
GLOBAL	III	9310001	9320000	-0.92355384416318	8863	11.511552256797	24.65327915094	14.229518914568
GLOBAL	III	9320001	9330000	-1.3133864142136	8141	8.894576721693	32.416784785295	17.909586858096
GLOBAL	III	9330001	9340000	-1.3790820593685	9194	9.1793270852999	28.856468751759	14.268289209323
GLOBAL	III	9340001	9350000	-1.2984293391073	8999	8.7159344740109	26.128795277423	13.410711140726
GLOBAL	III	9350001	9360000	-1.3389993181769	9317	3.2459305609673	15.874207564039	9.4311302714221
GLOBAL	III	9360001	9370000	-0.63816961553338	8721	14.389613702582	25.485966168293	17.387779354611
GLOBAL	III	9370001	9380000	0.1202647402218	8544	48.468238108435	45.48510449863	24.804723348696
GLOBAL	III	9380001	9390000	-1.4898967312092	9074	10.487334296056	33.134654093175	15.200597009658
GLOBAL	III	9390001	9400000	-1.1831241873704	9149	7.0204231382017	20.800211884552	11.646950416065
GLOBAL	III	9400001	9410000	-0.75064447870851	8587	6.9270985128787	12.21880190514	7.0495468125817
GLOBAL	III	9410001	9420000	-1.3312124052146	9444	7.1781909812911	20.92364914485	10.325518384381
GLOBAL	III	9420001	9430000	-1.423748044852	9683	6.0970026439664	20.785657895198	10.316892307135
GLOBAL	III	9430001	9440000	-1.078651351737	9333	4.6695925521501	11.431551787688	6.2689016470876
GLOBAL	III	9440001	9450000	-1.1386021185621	8619	5.1971124109811	17.83486212201	11.099355521127
GLOBAL	III	9450001	9460000	-0.7785602721248	8444	22.924075460473	42.783999584368	25.508524946558
GLOBAL	III	9460001	9470000	-0.97708311711069	8266	6.4671417025059	17.056569001431	10.837795795959
GLOBAL	III	9470001	9480000	-0.94158219732612	8980	5.8140050375319	15.768158144532	10.571730365408
GLOBAL	III	9480001	9490000	-1.0065608051649	9325	6.2437043367994	14.294813641601	7.9986318397155
GLOBAL	III	9490001	9500000	-1.3935499490207	9197	3.7873624996608	13.770821456293	7.1640481660867
GLOBAL	III	9500001	9510000	-1.0970672564533	9556	3.7649125876336	10.657658570941	6.2828836999391
GLOBAL	III	9510001	9520000	-0.94331764174972	9365	7.2730824437161	15.621721776677	8.8502949202513
GLOBAL	III	9520001	9530000	-1.0137562113825	9481	5.1811010023224	11.824106741702	6.552863168474
GLOBAL	III	9530001	9540000	-0.78044077082213	9201	7.3848123541747	12.993369809891	7.1863973095722
GLOBAL	III	9540001	9550000	-0.84835799757681	8671	7.5187322379944	14.979102374109	8.7938938012298
GLOBAL	III	9550001	9560000	-0.68719836753715	8968	14.357625603547	23.84840119304	13.810823828798
GLOBAL	III	9560001	9570000	-0.27174574026296	8076	16.393290346541	20.217114763202	14.071331579885
GLOBAL	III	9570001	9580000	-1.1002951720511	8722	7.3658697882592	18.455589020883	10.078858395743
GLOBAL	III	9580001	9590000	-0.71884641688897	9269	11.632350842821	19.268098807232	10.622224420979
GLOBAL	III	9590001	9600000	-0.78972149147059	9419	8.5336024765275	15.860946598719	9.2783901683444
GLOBAL	III	9600001	9610000	-0.87219580664795	8603	7.5219131256786	16.128076960451	9.8672382613804
GLOBAL	III	9610001	9620000	-1.1807271413217	9381	5.8459644193191	15.199622041943	7.9219468201207
GLOBAL	III	9620001	9630000	-0.97460467235247	9249	7.9591966866283	17.291648429014	9.5756279516486
GLOBAL	III	9630001	9640000	-0.95798912614822	9312	7.3558966740579	17.5582198341	10.649727519416
GLOBAL	III	9640001	9650000	-1.4308066599136	9537	4.5979573961342	20.665174207393	11.229481425694
GLOBAL	III	9650001	9660000	-1.3025355331026	8963	13.824441963065	46.471135335412	25.063956063128
GLOBAL	III	9660001	9670000	-0.86694165450584	9213	21.540690214537	40.563276384697	21.942175775373
GLOBAL	III	9670001	9680000	-0.93487784984017	9236	7.8969874294604	18.090452796931	10.903526454513
GLOBAL	III	9680001	9690000	-1.0998214159837	8496	12.051721626367	28.737910821332	15.171726020665
GLOBAL	III	9690001	9700000	-1.1111578164479	9290	7.4928074481	19.106376020052	10.451772376563
GLOBAL	III	9700001	9710000	-1.0222078300722	8323	5.9553009182403	18.353692917176	12.129032506101
GLOBAL	III	9710001	9720000	-0.72729305575903	7671	6.9290440142406	13.891388114151	9.5729555572951
GLOBAL	III	9720001	9730000	-1.1997235521636	8543	5.7128339767951	17.040551010189	9.4419393642526
GLOBAL	III	9730001	9740000	-1.0501339121236	9028	6.9685203301613	19.409829316655	11.84735474482
GLOBAL	III	9740001	9750000	-0.95024897779599	9010	9.7713087324548	21.087049189314	11.908184824471
GLOBAL	III	9750001	9760000	1.1274498093961	8372	51.886813790632	29.028570356365	20.274289146859
GLOBAL	III	9760001	9770000	1.6120285307023	7112	124.06267261547	57.289368965439	41.421911819971
GLOBAL	III	9770001	9780000	0.063750588480419	7162	69.004299842993	65.983663353796	47.382095776663
GLOBAL	III	9780001	9790000	1.0308819328469	6451	84.749984967905	53.910201792691	29.915921690515
GLOBAL	III	9790001	9800000	-0.081137465271841	1465	5.3900891864013	5.8414896291821	5.5634033090437
GLOBAL	III	9800001	9810000	0.60408737943404	5458	34.390856981904	24.828502566552	15.829422598285
GLOBAL	III	9810001	9820000	-0.4579308830283	8088	31.613139324605	47.282111658097	34.216893671536
GLOBAL	III	9820001	9830000	-1.4356648066559	8589	8.374281458777	40.81059030995	22.593232557345
GLOBAL	III	9830001	9840000	-1.8671517429956	8867	5.5564412533424	49.675729848716	23.629192839244
GLOBAL	III	9840001	9850000	-1.3308901738289	8488	5.2847504337747	25.374622407301	15.095063716437
GLOBAL	III	9850001	9860000	-1.4379396207121	8503	6.0327110558933	33.326466406599	18.981155368116
GLOBAL	III	9860001	9870000	-1.2683368618407	8632	26.202345101405	64.9033237401	30.513170280748
GLOBAL	III	9870001	9880000	-1.480709399766	8607	11.292793045176	44.763766884397	22.604687891162
GLOBAL	III	9880001	9890000	-1.3340108124751	8740	17.74465495135	59.921165715284	31.616318525694
GLOBAL	III	9890001	9900000	-1.0334893375057	7600	14.088717558635	40.232031760604	25.296162479108
GLOBAL	III	9900001	9910000	1.5918535820615	7885	48.96440668462	24.334603892907	15.472404666651
GLOBAL	III	9910001	9920000	-0.82335854132076	8985	9.5165654981426	17.547485243441	9.753854903134
GLOBAL	III	9920001	9930000	0.89084963198267	8933	54.983694054075	35.761513121041	21.577357438262
GLOBAL	III	9930001	9940000	-0.41043406879676	8562	41.716003492668	54.478770804906	31.095779523503
GLOBAL	III	9940001	9950000	-1.2591812358934	8360	14.971030951622	46.225869004562	24.82155639078
GLOBAL	III	9950001	9960000	-1.1237811923417	9334	11.315035428072	32.037786005738	18.440200564742
GLOBAL	III	9960001	9970000	0.18465332521736	8000	55.124096793719	49.262082266401	31.746054507372
GLOBAL	III	9970001	9980000	0.67935302320371	7840	108.81808435534	76.997228581006	46.839941366967
GLOBAL	III	9980001	9990000	0.93627709672007	7810	129.08987063755	84.538609702177	47.583414238625
GLOBAL	III	9990001	10000000	-0.10005655074487	6498	67.345262498498	72.495716061901	51.475425897257
GLOBAL	III	10000001	10010000	0.03062418392239	7099	95.160093047098	93.137730267084	66.03809541959
GLOBAL	III	10010001	10020000	0.70707650650279	7343	117.774297515	81.002116740028	52.005943397621
GLOBAL	III	10020001	10030000	-0.20160877501227	7796	46.387596346595	53.604804988754	35.798087864576
GLOBAL	III	10030001	10040000	-1.3603004722381	8151	18.361687767186	56.111740168372	27.751260233761
GLOBAL	III	10040001	10050000	-0.93849426194176	8766	8.576175038449	20.423543614161	12.623805020608
GLOBAL	III	10050001	10060000	-1.2667620858255	8599	8.8956654107824	30.332993085024	16.922931238719
GLOBAL	III	10060001	10070000	-1.5152695813148	9264	9.7410526049922	37.832176547126	18.538697198527
GLOBAL	III	10070001	10080000	-1.0008768476381	8637	9.0138936160467	24.750901095043	15.723220610142
GLOBAL	III	10080001	10090000	-0.7144526636228	8862	14.476292584082	23.807989264858	13.061322542291
GLOBAL	III	10090001	10100000	-0.7725016922356	7838	8.8163670240294	16.646261088646	10.13576299355
GLOBAL	III	10100001	10110000	-0.91966840903168	9038	8.4031379253506	17.977129941135	10.410265180105
GLOBAL	III	10110001	10120000	-0.73376574372388	8619	16.738789846515	30.097482662147	18.205664314384
GLOBAL	III	10120001	10130000	-0.8604110757801	7234	22.819131757644	44.972330892956	25.747226830183
GLOBAL	III	10130001	10140000	-0.76201102869663	8260	29.152688688399	55.013475019434	33.937548614315
GLOBAL	III	10140001	10150000	1.2160367472833	7909	80.416923276702	44.384792917465	29.630790713961
GLOBAL	III	10150001	10160000	2.3878247899883	8001	122.64996589351	51.6598451301	29.730037589464
GLOBAL	III	10160001	10170000	-0.74588282920486	8814	12.907688925742	22.738937683371	13.180687867704
GLOBAL	III	10170001	10180000	-1.2084867135651	8727	6.3819528899103	21.864135796589	12.811214829996
GLOBAL	III	10180001	10190000	-1.1088105973816	9337	5.0702447614205	11.826955681591	6.0936565145808
GLOBAL	III	10190001	10200000	-0.90142507104812	7095	4.6542094623116	11.699162656934	7.8153508493293
GLOBAL	III	10200001	10210000	-1.028246396588	9350	7.0107869332692	17.422403810649	10.125605022228
GLOBAL	III	10210001	10220000	-1.4400188445616	8907	4.6744350957362	21.060178346323	11.378839459268
GLOBAL	III	10220001	10230000	-1.4191247627805	9332	5.0879652362526	17.670877849653	8.866671164801
GLOBAL	III	10230001	10240000	-1.1504137240883	9058	6.8791010268686	19.110287021741	10.631988943426
GLOBAL	III	10240001	10250000	-1.121581646611	8887	8.0524133552891	23.027016876632	13.351327178534
GLOBAL	III	10250001	10260000	-0.6459693116794	9039	8.7051129870634	14.60217506373	9.1290127410786
GLOBAL	III	10260001	10270000	-1.1571357728995	9197	7.6353000561238	22.069378792015	12.473971571826
GLOBAL	III	10270001	10280000	1.9962781485681	7368	129.94000012794	55.185921390133	37.446724942325
GLOBAL	III	10280001	10290000	2.2533917276464	8594	123.07749790126	52.361419756581	31.382061661573
GLOBAL	III	10290001	10300000	-0.29978964649132	9142	37.459119041073	44.712586403022	24.195189683307
GLOBAL	III	10300001	10310000	-1.2789590972732	9042	15.606307754103	42.417797647957	20.963524127564
GLOBAL	III	10310001	10320000	-1.3166028521481	8599	16.365844314474	44.343064179515	21.249551312603
GLOBAL	III	10320001	10330000	-0.89357325002381	8540	18.828789231168	40.679006734903	24.45263161487
GLOBAL	III	10330001	10340000	0.2733297308686	7841	71.796537127042	60.927622398458	39.76484626844
GLOBAL	III	10340001	10350000	1.7420581479174	7952	184.89619221999	92.593581613981	52.984804621106
GLOBAL	III	10350001	10360000	1.2459100547718	7750	129.84702598928	71.572780560424	46.772433696692
GLOBAL	III	10360001	10370000	0.87595912527253	7690	100.85765734873	61.316100065278	45.140870324456
GLOBAL	III	10370001	10380000	1.0520487893958	7150	147.42415252528	82.670444550487	61.550099793364
GLOBAL	III	10380001	10390000	0.28847519997461	8012	70.640173663312	58.998762448379	40.354981003419
GLOBAL	III	10390001	10400000	-0.33511719861948	8833	24.431051125046	30.482246917998	18.056953859365
GLOBAL	III	10400001	10410000	-0.068070021760439	8675	35.772181247127	37.254250304021	21.772713135153
GLOBAL	III	10410001	10420000	-0.76720891627274	7589	15.140567806899	30.358089265702	19.834912155001
GLOBAL	III	10420001	10430000	-0.87555387890848	5402	9.3913318955941	28.061244195048	21.323544728885
GLOBAL	III	10430001	10440000	-1.3878320923289	8352	13.06745967229	44.566476639493	22.696561883322
GLOBAL	III	10440001	10450000	-1.2929167685269	8300	11.66024158693	37.609675732189	20.070459891106
GLOBAL	III	10450001	10460000	-1.338828992945	8039	12.150464436128	40.884986953329	21.46242923377
GLOBAL	III	10460001	10470000	-0.94775327375645	8738	16.60246535537	36.479130421466	20.972404545029
GLOBAL	III	10470001	10480000	-0.81608669326392	8531	11.450732124413	22.521231195625	13.565346871342
GLOBAL	III	10480001	10490000	-0.0043264844606084	7379	57.097739100649	57.28133284592	42.434856046112
GLOBAL	III	10490001	10500000	0.29862438528835	8116	36.856744234131	29.744571860998	23.816448768126
GLOBAL	III	10500001	10510000	-0.82555474581869	8859	10.382234651153	19.773261515998	11.375413820111
GLOBAL	III	10510001	10520000	-0.96957467692993	8910	8.4397413820505	20.953796308047	12.906746869278
GLOBAL	III	10520001	10530000	-0.89004425182724	8783	12.632681106614	27.076647794721	16.228369160807
GLOBAL	III	10530001	10540000	-1.1258411985176	9050	7.8701962368806	22.807445678777	13.267634424433
GLOBAL	III	10540001	10550000	-1.0601114859043	8968	8.3510366075328	18.714497946972	9.7758221444028
GLOBAL	III	10550001	10560000	-1.1351003816552	9257	5.8312172005761	16.641681956186	9.5237962477348
GLOBAL	III	10560001	10570000	-0.89885531649846	8261	10.824717256818	25.424925199574	16.243112406157
GLOBAL	III	10570001	10580000	-1.1426001230579	7589	12.032006801864	34.299402077684	19.488353647491
GLOBAL	III	10580001	10590000	-0.78328659161465	8693	28.545513382851	53.367144406535	31.689079437089
GLOBAL	III	10590001	10600000	-0.33924965496335	8773	17.449600956578	22.429163950508	14.678166716095
GLOBAL	III	10600001	10610000	-1.0470889313817	8881	7.658807109279	18.851207033295	10.689063353241
GLOBAL	III	10610001	10620000	-1.067686713223	9061	6.5182275965808	19.405693496633	12.070456380551
GLOBAL	III	10620001	10630000	-1.1067881510012	8941	5.8248470432396	19.128651830681	12.020190833637
GLOBAL	III	10630001	10640000	-1.0525522121109	8791	6.7127548869762	21.231947143043	13.794272710661
GLOBAL	III	10640001	10650000	-1.0176244192725	8579	8.7146870419283	20.429122814057	11.511551364405
GLOBAL	III	10650001	10660000	-0.6862865134571	7702	6.1817824029005	16.333734110614	14.792585179292
GLOBAL	III	10660001	10670000	-0.8944811461923	9190	8.2319031886804	15.860495939109	8.5285115096082
GLOBAL	III	10670001	10680000	-1.1358914932545	9255	5.8889329009142	17.287500210197	10.03490859556
GLOBAL	III	10680001	10690000	-0.89905114963023	9291	9.7699658945673	19.238262454296	10.531432570464
GLOBAL	III	10690001	10700000	-0.74853246316045	8945	14.693120017385	26.020428275534	15.132688047119
GLOBAL	III	10700001	10710000	-0.76549445511384	8600	12.85158928006	24.663806187309	15.43083274913
GLOBAL	III	10710001	10720000	-1.048998603896	8108	8.6324426770212	23.289861978476	13.972772935081
GLOBAL	III	10720001	10730000	-0.799024092729	8339	10.247656785138	22.552878275141	15.400313459855
GLOBAL	III	10730001	10740000	-1.0510168734163	8740	5.4144593020435	16.13270207175	10.197974020025
GLOBAL	III	10740001	10750000	-1.4668690892424	9284	13.548759917647	38.079608568023	16.723270556506
GLOBAL	III	10750001	10760000	-1.1637244387567	8828	14.946052298003	40.355962466941	21.834988870807
GLOBAL	III	10760001	10770000	-1.064351594769	8946	9.8402524568111	23.269998339511	12.617772124083
GLOBAL	III	10770001	10780000	-1.0901689100485	8997	6.2906827809062	16.518506716489	9.3818708654318
GLOBAL	III	10780001	10790000	-0.77175489031618	9062	12.812259241974	22.104428506229	12.040311478231
GLOBAL	III	10790001	10800000	-0.71825486399905	9160	12.364774548563	21.684643474032	12.9757129295
GLOBAL	III	10800001	10810000	-0.96021832532722	9013	10.651125987214	24.277427234386	14.190836487658
GLOBAL	III	10810001	10820000	-1.2027837700165	8868	8.1514604474855	23.794426173842	13.005634193203
GLOBAL	III	10820001	10830000	-0.93770026731159	9530	10.047599490831	22.248047838854	13.011032174494
GLOBAL	III	10830001	10840000	-1.3277202601709	8677	5.2622334905314	18.852613389859	10.235875965001
GLOBAL	III	10840001	10850000	-0.98688703024278	8815	10.231049179232	24.20972060356	14.164408889727
GLOBAL	III	10850001	10860000	-0.85479724573352	8667	10.371272956808	20.545240551891	11.902199785813
GLOBAL	III	10860001	10870000	-1.0688449414002	9220	9.5362325051743	22.62067917454	12.241669640337
GLOBAL	III	10870001	10880000	-0.6258454885912	8231	13.582034736775	21.100202213106	12.012817242247
GLOBAL	III	10880001	10890000	-0.75290854530056	5601	1.2822889897815	6.8488156704789	7.3933636634118
GLOBAL	III	10890001	10900000	-0.95185045569895	8439	8.9409745299787	19.777506771229	11.384700376377
GLOBAL	III	10900001	10910000	-0.77629018974822	4407	3.2335222381535	8.5274361686627	6.8195038407301
GLOBAL	III	10910001	10920000	-0.9488002512204	8852	7.7929672418726	19.693282146115	12.542487092448
GLOBAL	III	10920001	10930000	-1.026382056085	8716	14.165472902182	33.075265518	18.423736564478
GLOBAL	III	10930001	10940000	-0.98361553298459	8873	9.8437406368257	24.09589034594	14.489553317513
GLOBAL	III	10940001	10950000	-0.79540297394728	8964	9.1418647365152	17.688353882469	10.744854401965
GLOBAL	III	10950001	10960000	-1.1099323381526	8817	7.544817621854	26.041486024597	16.664681050315
GLOBAL	III	10960001	10970000	-0.73007475314362	8749	10.678404577646	21.255921961086	14.48826621917
GLOBAL	III	10970001	10980000	-0.97842627307606	9291	7.9040130007179	20.465897849044	12.838867060298
GLOBAL	III	10980001	10990000	1.3084434025746	9002	51.192321984245	29.575314167239	16.521163830602
GLOBAL	III	10990001	11000000	0.93783219955914	8455	60.541507321173	34.565549765178	27.697873423631
GLOBAL	III	11000001	11010000	1.2652713845627	7646	73.306371159856	38.202503675168	27.74414083254
GLOBAL	III	11010001	11020000	1.4947959754053	8380	91.062039268493	47.322375287678	29.261293648424
GLOBAL	III	11020001	11030000	1.1936244085337	8592	75.771290636038	44.378626717866	26.300286500286
GLOBAL	III	11030001	11040000	-1.0543635861591	8956	7.9348744956454	20.840763186512	12.240453729895
GLOBAL	III	11040001	11050000	-0.90084769371099	9254	10.545402226264	22.021965784296	12.739737958095
GLOBAL	III	11050001	11060000	-0.98504714785951	9052	8.2797685664953	18.980112713249	10.862773594142
GLOBAL	III	11060001	11070000	-0.99643613042082	8916	9.9065485985733	21.99459854222	12.131284258572
GLOBAL	III	11070001	11080000	-0.93326774824201	9053	9.9822890607528	20.542914779329	11.315751281954
GLOBAL	III	11080001	11090000	-1.7321207513382	8733	13.725832040299	63.198650184659	28.561991481333
GLOBAL	III	11090001	11100000	-1.3436444776942	8782	9.3377723190784	30.817148526832	15.985907406559
GLOBAL	III	11100001	11110000	-0.94645134174888	9266	8.6359884884317	20.034829332592	12.043768486923
GLOBAL	III	11110001	11120000	-0.84829360667503	9335	9.1954883948052	17.285360207123	9.5366412627187
GLOBAL	III	11120001	11130000	-0.7412776966826	9369	9.3974983189691	15.856874268386	8.7138409510009
GLOBAL	III	11130001	11140000	-0.92193765210787	8888	8.1788997155337	18.743376563337	11.458992724345
GLOBAL	III	11140001	11150000	-0.99195977182008	9061	9.6539812958759	21.583489714045	12.02620182498
GLOBAL	III	11150001	11160000	-0.63479661925624	8919	12.993107221804	20.160068498386	11.290169259217
GLOBAL	III	11160001	11170000	-1.0168229513764	9539	8.9075184613944	20.023425468882	10.931998527808
GLOBAL	III	11170001	11180000	-1.0274900744656	8687	7.3300356869338	19.265973390177	11.616596597735
GLOBAL	III	11180001	11190000	-0.77542120576595	9063	13.691657017205	24.317740509176	13.703627670944
GLOBAL	III	11190001	11200000	-0.81962221661736	8974	9.3532192100476	19.797952509135	12.743350640486
GLOBAL	III	11200001	11210000	-0.99722277798113	9093	8.5529611201439	20.814160586486	12.295346373019
GLOBAL	III	11210001	11220000	-0.90271582989583	8880	8.1542255218237	17.819486150878	10.706869547386
GLOBAL	III	11220001	11230000	-1.1979403943192	8882	6.7979487118068	19.499237894822	10.602605307616
GLOBAL	III	11230001	11240000	-0.44131196183078	8018	13.760962112297	18.662013436525	11.105638976781
GLOBAL	III	11240001	11250000	-1.0159325915806	9034	10.630702363066	23.799285224709	12.962063596321
GLOBAL	III	11250001	11260000	-0.85365025763506	9115	6.6423156145593	12.866356631453	7.2910901873752
GLOBAL	III	11260001	11270000	-1.1406308750567	8888	5.4732587072655	16.788218322376	9.9199134992272
GLOBAL	III	11270001	11280000	-0.82828251697943	9221	7.6660940399031	15.871101715777	9.9060495756877
GLOBAL	III	11280001	11290000	-0.64294309873565	9161	8.7478985868266	15.672229859587	10.769741966866
GLOBAL	III	11290001	11300000	-1.0224468126905	9212	7.7790224491482	18.998867701374	10.973524600954
GLOBAL	III	11300001	11310000	-1.0704089014104	8785	5.5640625216535	15.227868394541	9.0281441607536
GLOBAL	III	11310001	11320000	-0.882810556379	9131	8.6807567058988	19.919063802754	12.73014580042
GLOBAL	III	11320001	11330000	-1.2336450955044	9335	6.8697641832707	18.322570170284	9.2837121703388
GLOBAL	III	11330001	11340000	-0.88944173259367	9138	7.357521331974	15.209145705313	8.8275871095491
GLOBAL	III	11340001	11350000	-0.52132202902204	9223	11.762613076286	18.113095890192	12.181497156026
GLOBAL	III	11350001	11360000	-0.63201449197767	9415	15.631300375585	25.11514863852	15.005744936731
GLOBAL	III	11360001	11370000	-1.0078229312399	9755	6.4014036280991	13.902142126668	7.4425162060378
GLOBAL	III	11370001	11380000	-1.1790688718435	9197	4.5132272687351	13.387093610261	7.526164546818
GLOBAL	III	11380001	11390000	-1.2224751179977	9251	6.4702899978734	17.020546973773	8.6302427105268
GLOBAL	III	11390001	11400000	-1.211602202594	9014	5.9862491908124	16.765223357913	8.8964630008293
GLOBAL	III	11400001	11410000	-1.2085063782719	9542	4.2510857427006	13.643686458053	7.7720737633039
GLOBAL	III	11410001	11420000	-1.233917525387	9425	6.9815277710684	19.635721585139	10.255299526685
GLOBAL	III	11420001	11430000	-0.7026730818296	9524	9.977284050043	16.377764563614	9.108760075034
GLOBAL	III	11430001	11440000	-1.0788334789623	9144	7.0299972963905	19.119028411814	11.205650687677
GLOBAL	III	11440001	11450000	-1.2525247422905	9238	4.9235523222482	15.739257534812	8.63512300187
GLOBAL	III	11450001	11460000	-1.0987051651027	9245	5.7727015004378	16.803471529723	10.039790818908
GLOBAL	III	11460001	11470000	-0.74850962927035	9306	13.538607930742	21.966694056195	11.259823248592
GLOBAL	III	11470001	11480000	-1.0700986147789	9137	5.7192212225402	16.389580911533	9.9713797790471
GLOBAL	III	11480001	11490000	-1.2881313523184	9367	4.9392516111807	15.592199485961	8.27007886704
GLOBAL	III	11490001	11500000	-1.4472898055694	9420	3.4503326040299	15.203366841418	8.1207192866007
GLOBAL	III	11500001	11510000	-1.1014288657262	9301	5.8279208945644	15.725558130199	8.9861792655204
GLOBAL	III	11510001	11520000	-1.0800886296911	9402	3.8802967668106	13.007996129996	8.4508799669489
GLOBAL	III	11520001	11530000	-0.98617690344149	9730	6.5030525235176	13.120342433384	6.7100434889253
GLOBAL	III	11530001	11540000	-1.1373688845965	9246	4.6200258809746	12.47713401965	6.9081440903521
GLOBAL	III	11540001	11550000	-0.82725970361127	9446	11.052024054095	19.101524304267	9.7303183208766
GLOBAL	III	11550001	11560000	-1.1892736133806	9310	6.5884429030443	18.329122991695	9.8721437662071
GLOBAL	III	11560001	11570000	-1.047367152885	9112	5.1835658846831	13.516536655894	7.9561123797485
GLOBAL	III	11570001	11580000	-1.0904796925118	9659	5.2875926444889	13.251760802991	7.3033621929794
GLOBAL	III	11580001	11590000	-1.1203211807685	9509	7.0537623239264	15.979294189961	7.9669402125485
GLOBAL	III	11590001	11600000	-0.7730611448837	9363	12.430207279291	21.194569129756	11.337216866311
GLOBAL	III	11600001	11610000	-1.2212269258799	9612	5.5936692349034	14.93978400909	7.6530533155848
GLOBAL	III	11610001	11620000	-1.1773994182178	9519	4.1429770088943	12.08254456302	6.743308541925
GLOBAL	III	11620001	11630000	-0.89517606774823	9212	8.3973541621541	16.243878413963	8.7653418522978
GLOBAL	III	11630001	11640000	-1.4025508978391	9779	5.0955604499644	15.844595578438	7.6639180403613
GLOBAL	III	11640001	11650000	-1.1705513369191	9601	5.3694303719851	13.637260316089	7.0631929445015
GLOBAL	III	11650001	11660000	-0.98882495155125	8990	4.1580609294818	9.5951719591123	5.4985576780813
GLOBAL	III	11660001	11670000	-1.1811204417457	9326	3.9324005575715	10.815895763226	5.8279367305511
GLOBAL	III	11670001	11680000	-1.3031183125503	9844	3.6207788974433	10.128911939461	4.9942764055556
GLOBAL	III	11680001	11690000	-1.2046483325866	9705	4.4772891305517	11.819867099103	6.0952045256107
GLOBAL	III	11690001	11700000	-1.1735730593529	9460	4.5552315482296	11.429634631961	5.8576694726804
GLOBAL	III	11700001	11710000	-0.88090984327011	9692	7.2950860284935	13.118130233764	6.6102612540395
GLOBAL	III	11710001	11720000	-1.0635252464286	9736	4.4779733483244	10.391450082307	5.5602598563978
GLOBAL	III	11720001	11730000	-1.5436292775628	9529	1.526765008876	8.3113099397109	4.3951906260464
GLOBAL	III	11730001	11740000	-1.271196847236	9629	5.34322356588	14.026056142956	6.8304390432964
GLOBAL	III	11740001	11750000	-1.2988435756993	9751	2.9152104024109	11.304481544865	6.4590311715843
GLOBAL	III	11750001	11760000	-1.596307826934	9787	2.0799567083043	12.731020084309	6.6723116909487
GLOBAL	III	11760001	11770000	-1.2261240401078	9420	3.8666704746924	10.390219212168	5.320463936831
GLOBAL	III	11770001	11780000	-0.95344456333319	9719	5.6502526800375	10.909639704225	5.5161959346657
GLOBAL	III	11780001	11790000	-0.90944716638822	9443	4.4984015161427	9.0921580911074	5.0511527714231
GLOBAL	III	11790001	11800000	-0.97057659863515	9336	5.2022198563512	11.317568707445	6.3007379939859
GLOBAL	III	11800001	11810000	-1.200146356896	9848	3.6602357286858	9.6101122914784	4.9576258167222
GLOBAL	III	11810001	11820000	-1.1662490962412	9020	4.5075187079528	12.604936697853	6.9431290587907
GLOBAL	III	11820001	11830000	-0.98301222594103	9598	5.7971753499602	11.689123470601	5.9937689126915
GLOBAL	III	11830001	11840000	-1.0047037460804	9691	5.9227897941869	13.384598664414	7.426874737292
GLOBAL	III	11840001	11850000	-1.5648118914568	9603	2.1512350192298	11.039561356409	5.6801244837833
GLOBAL	III	11850001	11860000	-1.2659633511921	9635	3.9672494911141	11.952906047394	6.3079681957304
GLOBAL	III	11860001	11870000	-0.93033325944047	9028	6.4388318087594	12.7438819657	6.7771952609036
GLOBAL	III	11870001	11880000	-1.2910646262221	9480	4.7117449080971	12.758487281933	6.2326410393431
GLOBAL	III	11880001	11890000	-0.84389731775772	3087	1.278064748979	3.7719554761186	2.9552063677202
GLOBAL	IV	1	10000	-0.78692474571367	130	0.011086590052135	0.39663383849213	0.48994170095686
GLOBAL	IV	10001	20000	-0.0612348608759	9173	21.674736090034	22.497459089747	13.435533092497
GLOBAL	IV	20001	30000	0.10302080337695	9687	22.693729684386	21.690278482173	9.7402773937034
GLOBAL	IV	30001	40000	0.63817081976752	9611	24.516419329312	18.833002278932	8.9057927350091
GLOBAL	IV	40001	50000	0.66604516636198	9786	29.441820686124	22.984043589976	9.695704469146
GLOBAL	IV	50001	60000	0.46405085141857	9522	28.533949126332	23.765878891661	10.274887375155
GLOBAL	IV	60001	70000	-0.019267144060893	9751	20.989066465309	21.167914745577	9.282552707483
GLOBAL	IV	70001	80000	-0.031602506381273	9579	17.549060091735	17.798173639351	7.8827148900975
GLOBAL	IV	80001	90000	0.017469686293857	9636	19.262171532759	19.100246264771	9.268928203049
GLOBAL	IV	90001	100000	0.041809857495679	9499	23.185739671579	22.73821305243	10.703854209385
GLOBAL	IV	100001	110000	0.68233210234814	9551	33.881428965678	25.849152289686	11.771799462973
GLOBAL	IV	110001	120000	0.65783399982549	9520	30.491300965075	23.765782768261	10.223731516762
GLOBAL	IV	120001	130000	0.51233497075966	9533	24.70292070584	20.258673249323	8.674495613537
GLOBAL	IV	130001	140000	1.053939412936	9076	40.823104707656	27.426093743589	12.711367275606
GLOBAL	IV	140001	150000	1.1775648385065	9418	36.389210091566	24.162926205639	10.382684236252
GLOBAL	IV	150001	160000	1.5982852217441	9542	61.846194379523	37.406790592149	15.291015304956
GLOBAL	IV	160001	170000	1.8012142310591	9869	54.340328833452	31.2960951832	12.793721731092
GLOBAL	IV	170001	180000	1.5868079761114	9093	45.344520972792	27.274609865679	11.387585252373
GLOBAL	IV	180001	190000	-0.72245882403868	9566	9.7664560812908	14.674099514682	6.7929732049726
GLOBAL	IV	190001	200000	-1.7132006810608	9684	8.4156198533612	30.260328358515	12.750817079776
GLOBAL	IV	200001	210000	-1.2824571517626	9296	6.9534810575563	21.259800306685	11.155397456723
GLOBAL	IV	210001	220000	-1.6627624476615	9513	7.9777905693585	28.578930786401	12.389707408906
GLOBAL	IV	220001	230000	-1.7488386748786	9676	12.747838296177	41.427972836582	16.399531273172
GLOBAL	IV	230001	240000	-1.7015448671925	9703	13.735034415041	46.912615948709	19.49850525447
GLOBAL	IV	240001	250000	-1.7053852198095	9745	15.54697326671	51.56780158092	21.12181335677
GLOBAL	IV	250001	260000	-1.76937828749	9542	15.649338304032	50.652792644793	19.782911652215
GLOBAL	IV	260001	270000	-1.7578406942158	9408	18.78606533599	62.995346630257	25.149765527524
GLOBAL	IV	270001	280000	-1.8075008558501	9372	21.221959856624	75.214547163178	29.871403452897
GLOBAL	IV	280001	290000	-1.6432573592153	9350	16.100255414408	52.226862509758	21.984752962008
GLOBAL	IV	290001	300000	-1.4757185458551	9668	3.6762813803282	12.743580984011	6.1443285571973
GLOBAL	IV	300001	310000	-1.4246321463248	9649	3.0012710558862	11.689194132237	6.0983623728857
GLOBAL	IV	310001	320000	-1.4359968850796	9747	5.2336230162178	16.365705337925	7.7521632793023
GLOBAL	IV	320001	330000	-1.3256199850928	9564	4.3291071765655	14.032957226393	7.3202351797286
GLOBAL	IV	330001	340000	-1.5933188862903	9820	3.9159505307537	15.584864787037	7.3236527582069
GLOBAL	IV	340001	350000	-1.3451409039834	9289	4.5838029422655	13.637466648484	6.7306433693361
GLOBAL	IV	350001	360000	-1.3294605877581	9720	5.4968553684428	17.408658889056	8.9598771338534
GLOBAL	IV	360001	370000	-1.325772359942	9043	4.2259433278416	17.434826821972	9.9631610171053
GLOBAL	IV	370001	380000	-1.3114430625077	9246	5.3171306266763	14.937859455494	7.335986672896
GLOBAL	IV	380001	390000	-1.3382654176447	9551	5.7490786336717	16.75940184105	8.2273090690451
GLOBAL	IV	390001	400000	-1.2602608745153	9484	5.2336346035605	13.507480045295	6.5651847240888
GLOBAL	IV	400001	410000	-1.4263810103424	9656	4.8520149384492	15.586640071091	7.5257768119507
GLOBAL	IV	410001	420000	-1.2982087223633	9519	4.3713556344631	14.555353669554	7.8446538369819
GLOBAL	IV	420001	430000	-1.5555917449272	9632	4.6550254321888	19.356593037433	9.4507878774661
GLOBAL	IV	430001	440000	-1.5594724899817	9402	10.581026479748	32.602779858196	14.121283651952
GLOBAL	IV	440001	450000	-1.1077699528691	9674	7.2030233322867	14.804708278768	6.8621512316646
GLOBAL	IV	450001	460000	-1.6192036370733	9592	4.1943202102581	19.231077432124	9.2865139860016
GLOBAL	IV	460001	470000	-1.1734738335845	8192	9.1538180585876	24.963347098916	13.472417183804
GLOBAL	IV	470001	480000	-1.3702009762043	9252	4.8374548340419	15.198922477012	7.5620057370512
GLOBAL	IV	480001	490000	-1.4668843204129	9303	4.0117949397816	18.340472877718	9.7681035501855
GLOBAL	IV	490001	500000	-1.3949400270393	9509	5.1099603331733	21.870715623596	12.015394902673
GLOBAL	IV	500001	510000	-1.1711375426495	8260	5.1011730383879	13.793589910591	7.4221998319156
GLOBAL	IV	510001	520000	-0.78921978202073	8240	10.668806275332	24.123128374269	17.047624002136
GLOBAL	IV	520001	530000	-1.4550071744388	9304	4.6042340521512	18.214977966812	9.3544170460262
GLOBAL	IV	530001	540000	-1.4969339959244	9579	5.5483714236687	20.918009324501	10.267411885012
GLOBAL	IV	540001	550000	-0.8884000135885	8889	7.5305971819781	19.604404804581	13.59050814715
GLOBAL	IV	550001	560000	-1.1233238165075	9023	6.4633067513441	19.294048953319	11.422122466758
GLOBAL	IV	560001	570000	-1.4390046882675	9433	5.4304590358451	18.967038974238	9.406904681242
GLOBAL	IV	570001	580000	-1.1990017613166	8950	9.1600848391546	24.045508435989	12.414847147921
GLOBAL	IV	580001	590000	-1.2017144701707	9093	7.9451136962027	22.753674282588	12.322861173737
GLOBAL	IV	590001	600000	-1.2019404626838	9430	11.474368819272	30.294165566306	15.65784440355
GLOBAL	IV	600001	610000	-1.2489325611566	8871	6.7676163572866	24.405236380566	14.122155648617
GLOBAL	IV	610001	620000	-1.2889440448446	9320	8.9890776879205	23.001168025433	10.870984193268
GLOBAL	IV	620001	630000	-1.2796121803207	9471	9.6796147389108	25.205445726391	12.133231635533
GLOBAL	IV	630001	640000	-1.0899525560365	9042	8.6874499663859	25.852432037427	15.74837544623
GLOBAL	IV	640001	650000	-1.1962495625936	9048	6.4695036986506	20.51987916655	11.745354738051
GLOBAL	IV	650001	660000	-1.4528780927578	9504	9.3148982026669	27.02428011196	12.189172648117
GLOBAL	IV	660001	670000	-1.0543036188563	8887	4.9299419395824	19.679228642805	13.989600755826
GLOBAL	IV	670001	680000	-1.359454430757	9299	4.4574201099529	19.370230448964	10.969702258212
GLOBAL	IV	680001	690000	-1.2980713584224	9230	5.1316748951474	21.875349537397	12.898886131036
GLOBAL	IV	690001	700000	-0.43958570769557	7864	18.973955959468	27.202992450244	18.719981898217
GLOBAL	IV	700001	710000	-1.0102239146669	7358	8.1624938567201	19.639677643865	11.361029590088
GLOBAL	IV	710001	720000	-0.72316521609538	8765	11.645086570539	22.027702930141	14.357184400629
GLOBAL	IV	720001	730000	-1.3675769160644	9014	6.2514224025305	24.999332440258	13.708852363259
GLOBAL	IV	730001	740000	-1.2957647410354	9205	11.513098848713	30.292609397339	14.492993947049
GLOBAL	IV	740001	750000	-1.0364486079473	8976	6.6552150115591	21.123913110177	13.95987990883
GLOBAL	IV	750001	760000	-1.2610392835979	9128	6.6473508905125	25.149284119	14.67197213373
GLOBAL	IV	760001	770000	-1.3818426328007	8932	6.9119239491786	29.558908719893	16.388975295121
GLOBAL	IV	770001	780000	-1.2209984653962	8512	6.1019117057243	21.765592623815	12.828583623984
GLOBAL	IV	780001	790000	-1.3026654569695	9467	6.2849800952451	23.151391691435	12.947615603033
GLOBAL	IV	790001	800000	-1.2868718247034	9414	7.6639126223705	22.509791203747	11.536408130466
GLOBAL	IV	800001	810000	-1.2151236542277	9409	7.5316100802517	21.850738737291	11.784091773063
GLOBAL	IV	810001	820000	-1.0588781467349	8952	14.247658184237	32.526542629691	17.262500413119
GLOBAL	IV	820001	830000	-1.1025995755107	9191	9.1496542294481	22.764450230462	12.347906078876
GLOBAL	IV	830001	840000	-1.2328461366292	9367	8.8596227131877	25.099061567581	13.172315970259
GLOBAL	IV	840001	850000	-1.1341834975642	9310	11.257647014629	26.12748054243	13.110606493337
GLOBAL	IV	850001	860000	-1.2588950105196	8903	4.7851501866213	16.90078884902	9.6240262779327
GLOBAL	IV	860001	870000	-1.228126373423	9029	6.9848787280592	18.059769180615	9.0177124213103
GLOBAL	IV	870001	880000	-1.5578576157276	9401	4.7428981446351	19.358479059308	9.3818464326383
GLOBAL	IV	880001	890000	-1.4872337722335	9347	3.5830830916183	15.850387837177	8.2484038317231
GLOBAL	IV	890001	900000	-1.2972146076136	9311	7.0832240694461	21.713030467346	11.277861282192
GLOBAL	IV	900001	910000	-1.0173832644063	9282	8.4592059090173	22.005321446797	13.314663226433
GLOBAL	IV	910001	920000	-1.0891074906586	8748	6.984583479725	19.252968413671	11.264622674229
GLOBAL	IV	920001	930000	-1.0181493413124	9337	8.6386062852579	17.93055436797	9.1263115396564
GLOBAL	IV	930001	940000	-0.85139497631045	9403	10.901435559765	21.723396637315	12.710858507115
GLOBAL	IV	940001	950000	-1.1511353687336	9092	10.556947594658	25.085203657746	12.620805908405
GLOBAL	IV	950001	960000	-1.0210594836481	9052	8.7361586872747	21.068409623736	12.077896669056
GLOBAL	IV	960001	970000	-0.9640041689607	9161	12.134833446285	24.440672449961	12.765337951747
GLOBAL	IV	970001	980000	-1.2611114706429	9526	6.6622297013696	21.582050347796	11.830691412885
GLOBAL	IV	980001	990000	-1.0415999669379	9154	9.6307661902074	24.19484535729	13.982411318521
GLOBAL	IV	990001	1000000	-1.2620749538074	7932	6.4553705539826	21.741798819363	12.11213978953
GLOBAL	IV	1000001	1010000	-1.3115916665247	9047	17.697962178781	44.856911606176	20.706863363471
GLOBAL	IV	1010001	1020000	-1.7574580329056	9262	11.319260540818	53.4240323794	23.957768009385
GLOBAL	IV	1020001	1030000	-1.200724602906	8751	6.8532984371759	21.465551634003	12.16952926713
GLOBAL	IV	1030001	1040000	-1.3982719400512	9370	5.8294021912197	21.048904065523	10.884507825957
GLOBAL	IV	1040001	1050000	-1.191900511935	8028	5.0976289767303	15.598367427389	8.8100796547281
GLOBAL	IV	1050001	1060000	-1.3595300509616	9419	6.8322020872283	22.223163319369	11.320795168341
GLOBAL	IV	1060001	1070000	-1.1720154228439	9459	7.9019864683871	19.882873759835	10.222465556278
GLOBAL	IV	1070001	1080000	-1.0544178578495	9340	8.2913077312181	23.216030917392	14.154467391716
GLOBAL	IV	1080001	1090000	-1.2725005859131	8985	7.4826806471385	22.751378273315	11.998970998681
GLOBAL	IV	1090001	1100000	-1.231580148113	8795	5.709585450084	19.129764882322	10.896716265523
GLOBAL	IV	1100001	1110000	-1.0828148566511	9024	8.4423793054536	21.619397587112	12.169225607424
GLOBAL	IV	1110001	1120000	-1.3543357402332	9342	4.817408931783	18.854343373697	10.364442157819
GLOBAL	IV	1120001	1130000	-1.7121004656299	9233	3.8943263541944	33.559234456469	17.326616456097
GLOBAL	IV	1130001	1140000	-1.7617770523919	8970	7.4121029751875	38.991821867763	17.924923502495
GLOBAL	IV	1140001	1150000	-1.936323227816	8735	5.7282418396368	47.006613779379	21.31791394472
GLOBAL	IV	1150001	1160000	-2.2664957658215	8877	5.512519882266	64.443008501575	26.000705365514
GLOBAL	IV	1160001	1170000	-1.7153367177127	7318	4.1440055892545	36.537165854859	18.884432386429
GLOBAL	IV	1170001	1180000	-1.7346043640678	8956	4.0711738701596	39.981446477606	20.702284250707
GLOBAL	IV	1180001	1190000	-1.1763238422044	8965	6.6081099565767	23.202191883772	14.106729228661
GLOBAL	IV	1190001	1200000	-1.1640417428305	8978	4.5361708220294	17.168794893513	10.852380637799
GLOBAL	IV	1200001	1210000	-1.0602405195409	9219	7.5449537176785	19.035728335326	10.83789423802
GLOBAL	IV	1210001	1220000	-1.0450678437606	7726	3.224352103803	13.516817151052	9.848609455069
GLOBAL	IV	1220001	1230000	-0.67518148209156	4443	5.4662632802755	14.492562496646	13.368700794946
GLOBAL	IV	1230001	1240000	-0.62595749364803	7632	6.3201502498668	17.231363960314	17.431237458086
GLOBAL	IV	1240001	1250000	-0.46479773962313	3508	1.9865299735223	3.7656475680859	3.8277242828378
GLOBAL	IV	1250001	1260000	-0.90859018639833	8667	6.1847096814277	19.4781788391	14.630874685503
GLOBAL	IV	1260001	1270000	-0.69048419815202	8941	12.697319080043	22.055248043895	13.552705462191
GLOBAL	IV	1270001	1280000	-1.0944443931497	9286	9.0767080271099	23.568598896276	13.241322226943
GLOBAL	IV	1280001	1290000	-1.013853907747	9622	9.5762798247397	21.242827117061	11.507128594342
GLOBAL	IV	1290001	1300000	-1.2078183375899	9150	6.2189293897058	21.478351667658	12.633872001315
GLOBAL	IV	1300001	1310000	-1.1184437287526	8947	3.4183437863112	11.182979920603	6.9423574335313
GLOBAL	IV	1310001	1320000	-1.371696741351	9115	3.9219828891924	15.466879066502	8.4165076939231
GLOBAL	IV	1320001	1330000	-1.1112404448648	8891	6.0382345126167	23.889677327439	16.064428627769
GLOBAL	IV	1330001	1340000	-1.4256049161027	9414	5.374303217983	19.376225567911	9.8217410670878
GLOBAL	IV	1340001	1350000	-1.1129336320959	7578	3.7266663680493	11.877745613719	7.3239580605718
GLOBAL	IV	1350001	1360000	-1.14980571862	9554	14.943400479142	35.494836531126	17.873833569597
GLOBAL	IV	1360001	1370000	-1.228145460707	9145	2.1482394099569	11.211143944205	7.3793413111108
GLOBAL	IV	1370001	1380000	-1.5923564180759	9338	2.8080623490075	14.943845268664	7.6212729649564
GLOBAL	IV	1380001	1390000	-1.6043543445573	9225	1.2949771339254	12.084317380351	6.7250357023856
GLOBAL	IV	1390001	1400000	-1.3136764721782	9014	3.4020346654256	13.515678718156	7.6987327298026
GLOBAL	IV	1400001	1410000	-1.451619257123	9462	4.9361562018039	18.709532826898	9.4882845880625
GLOBAL	IV	1410001	1420000	-1.4311261591412	9641	6.0350897124027	20.39926445256	10.036973084733
GLOBAL	IV	1420001	1430000	-1.4786976467907	9553	7.0534100843194	25.599935477013	12.542473055899
GLOBAL	IV	1430001	1440000	-1.3992370274188	9511	4.978072193945	19.889909469399	10.657120261434
GLOBAL	IV	1440001	1450000	-1.4011584499889	9461	4.3848469351841	18.45427003039	10.041279125367
GLOBAL	IV	1450001	1460000	-1.1840850253822	9433	5.7046020743097	17.939752861482	10.333000185712
GLOBAL	IV	1460001	1470000	-1.4733016280835	9566	5.0742592633031	20.013558923472	10.140014356465
GLOBAL	IV	1470001	1480000	-1.5735056342976	9515	6.2548810095556	21.43199263797	9.6454129541065
GLOBAL	IV	1480001	1490000	-0.87171215316204	8896	9.5776512716079	18.33688597463	10.04831086873
GLOBAL	IV	1490001	1500000	-1.5592324685413	9589	3.8492988949444	19.250960606087	9.8777199820313
GLOBAL	IV	1500001	1510000	-1.3223496654498	9442	6.2293040587929	19.362552635058	9.9317517290691
GLOBAL	IV	1510001	1520000	-1.0628129153348	9203	8.6920243680998	20.983008544669	11.564579239891
GLOBAL	IV	1520001	1530000	-1.0174937018962	9297	8.1328464437191	18.716457316278	10.401647551071
GLOBAL	IV	1530001	1540000	-0.97668832732743	9332	8.1290240759891	17.15896573563	9.2454690068326
GLOBAL	IV	1540001	1550000	-1.4781426841169	9178	11.396930339373	41.223031813384	20.178093626888
GLOBAL	IV	1550001	1560000	-1.144548457258	9386	10.523583542305	29.28236295265	16.389676899557
GLOBAL	IV	1560001	1570000	-1.2676518787611	8424	3.2385789821714	11.571924693994	6.5738440114698
GLOBAL	IV	1570001	1580000	-1.3266939134702	9029	6.8931580817825	23.403855751446	12.444993907055
GLOBAL	IV	1580001	1590000	-1.2242029403363	8042	3.9915927803301	15.749988663157	9.6049400760275
GLOBAL	IV	1590001	1600000	-1.1604996113934	9402	7.354596842206	18.716624168986	9.7906343226932
GLOBAL	IV	1600001	1610000	-1.2083677656903	9677	8.0575946498233	18.576955908196	8.7054302150831
GLOBAL	IV	1610001	1620000	-1.2858016009406	9349	6.0149115691715	19.891620263855	10.792262728972
GLOBAL	IV	1620001	1630000	-1.0501078828757	9073	7.1130669422378	15.075524236185	7.5825135910254
GLOBAL	IV	1630001	1640000	-0.87197445886405	9306	7.9039435612775	15.990279346934	9.2735924813565
GLOBAL	IV	1640001	1650000	-1.1027401030868	9706	8.4876744120292	18.577551045772	9.1498228870971
GLOBAL	IV	1650001	1660000	-0.96011817688642	8464	7.1989441855436	15.603536769417	8.7537063522002
GLOBAL	IV	1660001	1670000	-1.058952409763	9252	9.7126029838984	24.456832794739	13.923411170234
GLOBAL	IV	1670001	1680000	-1.2676475893689	8574	4.6509531599367	18.675827355264	11.063701231278
GLOBAL	IV	1680001	1690000	-0.75128214969039	9135	14.485819098754	25.010157688209	14.008503454784
GLOBAL	IV	1690001	1700000	-1.1775555528364	9522	7.8077134636415	18.187275118306	8.8144985004428
GLOBAL	IV	1700001	1710000	-1.0122845192548	7700	5.8933516345132	15.35108076657	9.3429554163478
GLOBAL	IV	1710001	1720000	-1.1780184332068	9348	9.6727600883608	21.437384014588	9.9867910336533
GLOBAL	IV	1720001	1730000	-1.1771190930946	9062	6.5791130080396	18.696966008023	10.294500421471
GLOBAL	IV	1730001	1740000	-0.73122354671176	9406	10.522496562689	17.173687703561	9.095975055483
GLOBAL	IV	1740001	1750000	-1.0147745788896	9173	7.7074989988836	19.786040285185	11.90268414047
GLOBAL	IV	1750001	1760000	-0.80782758761789	9552	8.4502141730777	15.596419111696	8.8462006598349
GLOBAL	IV	1760001	1770000	-1.1092012435761	8544	4.70199965278	15.716189342506	9.9298389300535
GLOBAL	IV	1770001	1780000	-0.90270825666573	8704	6.9280284703077	15.487079694441	9.4815253554315
GLOBAL	IV	1780001	1790000	-1.0032179474046	8692	6.6846353318673	19.178419621068	12.45370890894
GLOBAL	IV	1790001	1800000	-0.95934961922175	9027	8.791471094508	18.490298593302	10.109794494589
GLOBAL	IV	1800001	1810000	-0.77820858005167	7829	8.2054046980308	18.585308631378	13.338202892414
GLOBAL	IV	1810001	1820000	-1.1130564887356	9427	9.6786808787622	22.833664585213	11.818792522735
GLOBAL	IV	1820001	1830000	-1.3613861635705	9125	8.2989729656997	22.732086312841	10.601777609732
GLOBAL	IV	1830001	1840000	-1.3025016897583	8747	5.5171790203204	18.325752688722	9.8338249916426
GLOBAL	IV	1840001	1850000	-1.3881881267513	9312	4.6566818983454	15.590036393691	7.8759890569964
GLOBAL	IV	1850001	1860000	-1.3413125186135	9194	7.5474831043547	23.142476674149	11.626666681613
GLOBAL	IV	1860001	1870000	-1.156401588509	7345	5.9630166478559	15.720769397426	8.4380312570749
GLOBAL	IV	1870001	1880000	-1.0193387164175	9231	8.9842516819899	20.041873639633	10.847838681636
GLOBAL	IV	1880001	1890000	-1.4154889429585	9205	4.3939492033192	18.852875339384	10.214792710316
GLOBAL	IV	1890001	1900000	-0.96178566113202	9211	9.1490693409111	18.451320907	9.6718551149325
GLOBAL	IV	1900001	1910000	-1.2888152602123	9389	7.3718037627507	20.007797115499	9.8043480263156
GLOBAL	IV	1910001	1920000	-0.60773454736218	9178	14.515357887378	22.773408207159	13.588252232204
GLOBAL	IV	1920001	1930000	-1.0036991674226	8462	8.5821965138767	20.201299397574	11.576280284792
GLOBAL	IV	1930001	1940000	-1.8260775460163	8180	5.6318470720313	27.797984707175	12.13866173619
GLOBAL	IV	1940001	1950000	-1.2451269408676	9381	7.4009463678083	21.318635985623	11.177727475816
GLOBAL	IV	1950001	1960000	-1.5077673063049	8855	4.75095098633	19.877997580724	10.03274612146
GLOBAL	IV	1960001	1970000	-0.9424268414699	9412	7.587348133969	17.178884758988	10.177486679029
GLOBAL	IV	1970001	1980000	-1.5817488326038	9534	4.6804716910467	21.572590005482	10.679393571373
GLOBAL	IV	1980001	1990000	-1.0521251187112	9333	10.167346986039	20.922036151756	10.221872830953
GLOBAL	IV	1990001	2000000	-0.55323622020557	8947	14.795355679148	21.883453766303	12.812064409884
GLOBAL	IV	2000001	2010000	-0.80839643304846	9266	8.0947064878324	16.179753436786	10.001339217276
GLOBAL	IV	2010001	2020000	-0.87084194068051	4327	3.7687751911757	9.0587523917932	6.0745549261025
GLOBAL	IV	2020001	2030000	-0.4583913969196	3553	5.2695053426366	8.7532043055366	7.5998349583143
GLOBAL	IV	2030001	2040000	-0.88474334632054	7216	4.6684211071146	15.589420060618	12.343691533733
GLOBAL	IV	2040001	2050000	-0.88550985803714	8424	7.0352217717437	17.348855104407	11.647112947477
GLOBAL	IV	2050001	2060000	-0.36706115403879	9155	18.850058552666	23.595399155649	12.927929176842
GLOBAL	IV	2060001	2070000	-0.59830547425751	9024	16.740823107607	26.002501370409	15.479848775068
GLOBAL	IV	2070001	2080000	-1.3530114490246	9134	6.1699796477424	19.628438243885	9.9470396986253
GLOBAL	IV	2080001	2090000	-1.2145695884813	9276	7.2828806473107	18.320720363798	9.0878611000703
GLOBAL	IV	2090001	2100000	-1.3670054834313	9324	5.4821297811957	17.017855496318	8.4386828399304
GLOBAL	IV	2100001	2110000	-1.0282290809206	9450	7.9831550103511	16.758741487771	8.5346608457748
GLOBAL	IV	2110001	2120000	1.6424751885244	9252	62.632125125213	32.417343780025	18.395882967543
GLOBAL	IV	2120001	2130000	-1.1776813076853	8930	7.8183230017344	20.688650913882	10.928532046963
GLOBAL	IV	2130001	2140000	-1.1279557410797	9403	9.8857740579513	22.346120034059	11.046839447956
GLOBAL	IV	2140001	2150000	0.14938863031342	8944	33.574798903126	30.170732254844	22.786651441541
GLOBAL	IV	2150001	2160000	-0.96985826105247	8533	4.7708959310686	14.925219287787	10.469904484496
GLOBAL	IV	2160001	2170000	-1.0340249254451	9242	9.6062911103689	26.645111877361	16.478152844969
GLOBAL	IV	2170001	2180000	-1.3389252166428	9580	5.9469782245954	19.109836400054	9.8309136401685
GLOBAL	IV	2180001	2190000	-1.2398594334986	9484	8.3540736193291	21.57003941892	10.659245268069
GLOBAL	IV	2190001	2200000	-1.0615727847936	9486	11.426684402363	23.796606165326	11.652448084724
GLOBAL	IV	2200001	2210000	-0.87176577752092	9258	9.8991943887139	19.378071904488	10.873192960992
GLOBAL	IV	2210001	2220000	-1.2837428333722	9286	6.8417320977914	18.581263451955	9.1447687566252
GLOBAL	IV	2220001	2230000	-1.2867997709251	9431	8.9906921633058	22.621483425067	10.592783407136
GLOBAL	IV	2230001	2240000	-1.0107206889836	9272	9.9209793921643	22.650400361937	12.594400320997
GLOBAL	IV	2240001	2250000	-0.82271000697214	9201	11.876261495037	22.538774430597	12.960232457608
GLOBAL	IV	2250001	2260000	-1.1006362866679	9247	7.0189679613597	17.956545490745	9.9375040255104
GLOBAL	IV	2260001	2270000	-1.3160032692429	8677	5.1256047443446	18.069118901692	9.8354726465034
GLOBAL	IV	2270001	2280000	-1.2953500818377	9270	5.0516881798124	17.161064595645	9.3483426493115
GLOBAL	IV	2280001	2290000	-1.2102255289757	5991	3.4135578406521	12.750193317534	7.7147897258329
GLOBAL	IV	2290001	2300000	-0.96949740258491	6526	6.0454521681631	13.521264877147	7.7110188114496
GLOBAL	IV	2300001	2310000	-1.2602745146545	9324	5.2106607738081	17.567527067544	9.8049005594023
GLOBAL	IV	2310001	2320000	-1.3937385643216	9561	3.7985845489974	15.20356554149	8.1830131449681
GLOBAL	IV	2320001	2330000	-1.1452251513654	9066	4.3819152602221	16.522530125689	10.601072506128
GLOBAL	IV	2330001	2340000	-1.3515609973348	9434	3.2745324408004	15.339156986158	8.926437333682
GLOBAL	IV	2340001	2350000	-0.94746277474	8472	5.2557087160965	19.686117570504	15.230581336948
GLOBAL	IV	2350001	2360000	-1.1611195514405	9413	6.1719541341732	15.982212917012	8.4489652858465
GLOBAL	IV	2360001	2370000	-0.93291002152526	5584	3.4397088772892	9.733252507727	6.7461421629368
GLOBAL	IV	2370001	2380000	-0.81316744305904	4424	1.2880766016009	6.5731664276511	6.499386898925
GLOBAL	IV	2380001	2390000	-1.0545847394911	7380	6.2405489313655	14.94357570072	8.252562779881
GLOBAL	IV	2390001	2400000	-1.2988965635281	9409	7.90834837136	21.957451379289	10.816183060619
GLOBAL	IV	2400001	2410000	-1.2175501827157	9328	7.7148179383586	19.097966958572	9.3492236967384
GLOBAL	IV	2410001	2420000	-1.0025626606171	9321	6.1634211033576	17.619427322475	11.426723405064
GLOBAL	IV	2420001	2430000	-1.1084167739619	8646	5.5164786040206	14.431267649427	8.042813186182
GLOBAL	IV	2430001	2440000	-0.93701459600795	9211	10.229953719863	20.534777107745	10.997505729137
GLOBAL	IV	2440001	2450000	-1.056824641067	9248	6.9245935568441	14.811856372265	7.4631708127645
GLOBAL	IV	2450001	2460000	-1.1849827857963	9623	9.1574821767874	21.433800725648	10.3599129844
GLOBAL	IV	2460001	2470000	-1.1468223985105	9556	7.9716846105356	18.447892667978	9.1349873101962
GLOBAL	IV	2470001	2480000	-1.0669427415005	9158	6.6748518384922	17.69206530302	10.325965055101
GLOBAL	IV	2480001	2490000	-1.1626059933943	9282	7.5468774384822	18.322913531389	9.2688633588112
GLOBAL	IV	2490001	2500000	-1.1326825736429	9411	6.8470255906329	16.370977102261	8.4083146798993
GLOBAL	IV	2500001	2510000	-1.2069771557076	9639	6.6369769046384	17.414212643684	8.9291132711844
GLOBAL	IV	2510001	2520000	-1.1801111011483	9101	7.4365038074594	20.145118648918	10.768998638427
GLOBAL	IV	2520001	2530000	-1.0943318846812	9054	6.9160873881968	18.233936581565	10.342245667698
GLOBAL	IV	2530001	2540000	-1.0533816116546	8597	5.0279002262673	12.493224505383	7.0870083515032
GLOBAL	IV	2540001	2550000	-0.87034431183827	9066	9.4421477771082	22.85206729705	15.407602873417
GLOBAL	IV	2550001	2560000	-0.84905552453197	3168	2.5674010676722	6.3921124352744	4.5046657810872
GLOBAL	IV	2560001	2570000	-1.1002053846479	9044	8.0932326031411	21.591750898373	12.269089466011
GLOBAL	IV	2570001	2580000	-1.180038602734	8673	3.2194170482965	13.396364226183	8.6242493714251
GLOBAL	IV	2580001	2590000	-1.0586668661698	8641	4.0763613553609	11.933591989174	7.4218159506961
GLOBAL	IV	2590001	2600000	-1.2596679057091	9412	6.7961389409267	19.364962193421	9.9778863901588
GLOBAL	IV	2600001	2610000	-1.2801904885122	9455	6.9958379867323	18.840180582858	9.2520157760976
GLOBAL	IV	2610001	2620000	-1.0930038131735	8934	6.1189877758089	15.204992921962	8.3128759814411
GLOBAL	IV	2620001	2630000	-1.2360296118679	9614	7.8662441308283	19.618209664859	9.507834942782
GLOBAL	IV	2630001	2640000	-0.80826407298169	9366	9.6560107552355	17.177634772215	9.3058992331946
GLOBAL	IV	2640001	2650000	-0.93675734021236	9108	8.758932466803	17.936342823974	9.7969986070148
GLOBAL	IV	2650001	2660000	-0.86363558001603	8406	9.6393415454826	21.099954481783	13.270195440637
GLOBAL	IV	2660001	2670000	-1.2143303754315	9515	6.7626036918929	19.896483105252	10.815738187141
GLOBAL	IV	2670001	2680000	-0.91394087939194	9182	8.9442775124142	17.282705992343	9.1235972347322
GLOBAL	IV	2680001	2690000	-1.2173922484878	9463	7.5499683168166	19.626426591309	9.919940174987
GLOBAL	IV	2690001	2700000	-1.4024752264017	9013	7.0430160631257	22.745898942668	11.196549203818
GLOBAL	IV	2700001	2710000	-1.3179552868364	9465	5.4429307576368	18.195286836621	9.6758639738036
GLOBAL	IV	2710001	2720000	-0.943545346158	7413	4.6953347781187	10.954190021285	6.6333380463922
GLOBAL	IV	2720001	2730000	-1.2447546114374	8063	4.9303847957202	13.65047525432	7.0054694945295
GLOBAL	IV	2730001	2740000	-1.355871895958	9457	7.0576122746231	19.354910822308	9.069661067793
GLOBAL	IV	2740001	2750000	-1.3070015936419	9638	5.7753919499707	16.889559771508	8.5035610328282
GLOBAL	IV	2750001	2760000	-1.248031258653	9290	4.6181345838396	13.928176026108	7.459782259233
GLOBAL	IV	2760001	2770000	-1.0566848073109	9434	7.6262146906001	18.818995787798	10.592355468498
GLOBAL	IV	2770001	2780000	-1.1652967331991	9054	6.7305129929243	18.264092078983	9.8975469144197
GLOBAL	IV	2780001	2790000	-0.81643279451302	7801	5.5172785405579	11.908889691952	7.8287045723175
GLOBAL	IV	2790001	2800000	-0.27746994313435	1918	3.1669310090259	4.3993203789989	4.4415238495807
GLOBAL	IV	2800001	2810000	-0.43916426194954	3798	5.6344990411939	8.9940522419847	7.6498783982945
GLOBAL	IV	2810001	2820000	-0.86907843067484	9257	9.2900189040733	17.316989790714	9.2361869807399
GLOBAL	IV	2820001	2830000	-0.98008098755686	9481	7.3748460668757	17.962307117474	10.802638950268
GLOBAL	IV	2830001	2840000	-0.66987541814167	4173	5.4478740778166	10.349546603474	7.3172897421059
GLOBAL	IV	2840001	2850000	-1.0897136919231	9004	9.171733476435	21.262777821463	11.095615696715
GLOBAL	IV	2850001	2860000	-0.61294833057514	9255	13.13703494082	18.83906785403	9.3026322591646
GLOBAL	IV	2860001	2870000	-0.45217380636026	9400	14.494080468301	21.075219602193	14.554445749226
GLOBAL	IV	2870001	2880000	-0.97290811402786	9402	8.777950143127	17.545079114799	9.0112610279047
GLOBAL	IV	2880001	2890000	-0.81387466123177	9543	10.784889131751	18.622843449393	9.6304193888766
GLOBAL	IV	2890001	2900000	-0.86445721535832	9578	9.5957648959802	17.672061675831	9.3426217473394
GLOBAL	IV	2900001	2910000	-1.3268152283414	9029	10.875931422376	32.248741351158	16.108354405533
GLOBAL	IV	2910001	2920000	-1.5753708102493	9145	11.294784173453	41.868301831341	19.407188110239
GLOBAL	IV	2920001	2930000	-1.6393384805225	9548	22.231514425945	67.67413946467	27.72009903912
GLOBAL	IV	2930001	2940000	-1.3954231803529	9014	14.851836612819	44.724342203417	21.407488431605
GLOBAL	IV	2940001	2950000	-1.5487525987024	9167	18.947549063693	57.185769041087	24.689688985465
GLOBAL	IV	2950001	2960000	-1.1108121627585	9191	16.601042900175	37.194387345808	18.538997983685
GLOBAL	IV	2960001	2970000	-0.91225345634662	9459	6.7251051598134	13.914572831537	7.8809980074135
GLOBAL	IV	2970001	2980000	-0.77988347269497	8771	7.3937124136842	14.781740712748	9.4732463986367
GLOBAL	IV	2980001	2990000	-0.707452779753	8309	6.189065792018	13.115621509296	9.7908382234303
GLOBAL	IV	2990001	3000000	-0.66284126147964	9003	7.6588022270535	15.457407331985	11.765418899124
GLOBAL	IV	3000001	3010000	-0.50985855086483	5467	2.2547307469642	4.2574669995484	3.9280232707426
GLOBAL	IV	3010001	3020000	-0.1377465610306	2110	2.0743438585533	2.2771158033067	1.4720653875953
GLOBAL	IV	3020001	3030000	-0.5074293846277	1866	1.6267374692307	2.5721594477332	1.8631596969817
GLOBAL	IV	3030001	3040000	-0.25708677775642	4530	5.4233913616575	6.9019111429139	5.7510533764487
GLOBAL	IV	3040001	3050000	-0.78208783944988	7950	6.1370538585915	15.107203083533	11.469490730416
GLOBAL	IV	3050001	3060000	-0.46185879842433	8640	9.6556558747334	13.541124539425	8.4126765105417
GLOBAL	IV	3060001	3070000	-0.75061076774108	9377	8.4429598707988	14.162546625282	7.6199103454051
GLOBAL	IV	3070001	3080000	-0.33421524834576	8294	16.936042581635	21.77445357518	14.476930713045
GLOBAL	IV	3080001	3090000	-1.1572160003274	9574	4.3759512634471	12.343948889231	6.8854886412993
GLOBAL	IV	3090001	3100000	-1.0393878054043	9539	5.1162147321498	15.679738883259	10.163217324837
GLOBAL	IV	3100001	3110000	-0.45301370724105	9148	13.463406412856	18.249280092771	10.564522890624
GLOBAL	IV	3110001	3120000	-0.39396712736179	8943	9.9067771010451	13.706788806707	9.6455045148271
GLOBAL	IV	3120001	3130000	-0.869327699847	8935	7.2886457306419	15.222130871475	9.1260006350075
GLOBAL	IV	3130001	3140000	-1.0683657013755	9474	8.0053908578101	17.148675499147	8.558197468867
GLOBAL	IV	3140001	3150000	-1.0256032566081	9266	6.263647474347	15.338035316366	8.8478539664834
GLOBAL	IV	3150001	3160000	-0.84553083315093	8800	10.310226700756	19.646611295256	11.042039188219
GLOBAL	IV	3160001	3170000	-0.66159378843394	9576	11.997991211464	18.188170320867	9.3564649753685
GLOBAL	IV	3170001	3180000	-1.0083965357255	9142	9.0812202247438	18.598748468264	9.4382793934063
GLOBAL	IV	3180001	3190000	-1.1556731851268	9365	8.5850374423178	18.707505608585	8.7589366064219
GLOBAL	IV	3190001	3200000	-0.81067381228075	9117	10.611909743059	19.402004493346	10.842948935969
GLOBAL	IV	3200001	3210000	-0.73685654400644	9639	9.0484410839896	14.559395132354	7.4790053683999
GLOBAL	IV	3210001	3220000	-1.0211063080655	8945	5.7492207253272	13.6862503159	7.7729708727483
GLOBAL	IV	3220001	3230000	-1.1550378439584	9371	6.1103084251384	16.63581350581	9.1126928314316
GLOBAL	IV	3230001	3240000	-0.78532399214863	9090	6.7230792369831	14.639566004065	10.080535990531
GLOBAL	IV	3240001	3250000	-0.77094901364748	6087	4.9747835239984	11.930094714073	9.0217524984799
GLOBAL	IV	3250001	3260000	-0.96343400198507	9179	7.206828781978	17.345341971141	10.523308465628
GLOBAL	IV	3260001	3270000	-1.1212634692484	9545	7.055801857313	16.63382079	8.5421662217428
GLOBAL	IV	3270001	3280000	-1.1250676346712	9450	6.8610492729579	15.979615097375	8.1049045794317
GLOBAL	IV	3280001	3290000	-0.98397945378814	9355	7.785057736173	16.110209335858	8.4606965802336
GLOBAL	IV	3290001	3300000	-0.65718577931149	9359	9.205094876393	14.170954659438	7.5562496015172
GLOBAL	IV	3300001	3310000	-0.77250389529074	9390	7.651617351835	13.776731965206	7.9289109747026
GLOBAL	IV	3310001	3320000	-0.78715040866811	8825	9.7711966008747	17.813263698491	10.21668414201
GLOBAL	IV	3320001	3330000	-0.84941328492497	9259	7.269730263979	14.045739511136	7.9772819279086
GLOBAL	IV	3330001	3340000	-0.69506749513335	8598	6.4231020920273	11.810824341873	7.7513655689113
GLOBAL	IV	3340001	3350000	-0.99090159594923	8480	6.3662045342812	13.56309847781	7.2629754285891
GLOBAL	IV	3350001	3360000	-0.87738031902848	9186	7.8033830594049	14.946676206689	8.1416154344489
GLOBAL	IV	3360001	3370000	-0.75676127349072	8947	9.7072882021235	17.930304471393	10.866063786984
GLOBAL	IV	3370001	3380000	-0.57768292767406	9197	10.771147972719	16.298023407266	9.5673165499293
GLOBAL	IV	3380001	3390000	-0.60559734330999	9001	9.2349559516953	14.569451644032	8.8086510802377
GLOBAL	IV	3390001	3400000	-1.0063291833902	9087	6.9032561345158	14.29022835009	7.3405127641116
GLOBAL	IV	3400001	3410000	-0.29612041766366	8978	12.553443966842	15.09957570179	8.5982984727528
GLOBAL	IV	3410001	3420000	-1.4114969414568	9555	3.4026624507903	14.598101193707	7.9316068027482
GLOBAL	IV	3420001	3430000	-1.2728627893514	9438	4.2376583776806	13.252039623011	7.0819740515183
GLOBAL	IV	3430001	3440000	-0.81762051515854	9413	10.474145677804	18.711871080413	10.075243037427
GLOBAL	IV	3440001	3450000	-0.92603536928388	9637	7.2693056251948	13.637524633311	6.8768636915466
GLOBAL	IV	3450001	3460000	-0.77732999099269	8962	8.91549557551	15.468229424523	8.4297967722109
GLOBAL	IV	3460001	3470000	-1.3162609476216	9413	7.0198384757189	18.837327885549	8.9780749259356
GLOBAL	IV	3470001	3480000	-0.85451278167027	8890	5.9655762461925	15.775795481704	11.48048273349
GLOBAL	IV	3480001	3490000	-0.85611026081794	9258	5.11285060864	11.245249464647	7.1630946814587
GLOBAL	IV	3490001	3500000	-1.2790608620037	9391	4.8961984496571	14.033409021475	7.1436870935949
GLOBAL	IV	3500001	3510000	-0.96788782355267	9396	5.2839384002686	13.661748041495	8.6557650973182
GLOBAL	IV	3510001	3520000	-1.3085784003748	9199	4.4270456896714	14.42019902223	7.6366485414218
GLOBAL	IV	3520001	3530000	-1.1295958855965	8908	3.9037658444797	12.796279245764	7.8722962031579
GLOBAL	IV	3530001	3540000	-1.4454293654549	9520	2.3329152019625	9.7404638136789	5.1248084401448
GLOBAL	IV	3540001	3550000	-1.0721572975839	9293	4.817609083026	15.890281559523	10.327470140294
GLOBAL	IV	3550001	3560000	-1.3774528164425	9334	3.5075265085587	14.42753633781	7.9276834014936
GLOBAL	IV	3560001	3570000	-1.2793096083317	9292	4.7321592191259	16.396064321039	9.1173434686572
GLOBAL	IV	3570001	3580000	-1.3518494469094	9346	4.5995982630038	14.41811532608	7.2630255429137
GLOBAL	IV	3580001	3590000	-1.0370528881171	8654	5.0973443908671	13.265906777861	7.8767076207896
GLOBAL	IV	3590001	3600000	-1.3036623435026	9396	5.1941275273038	14.417590531845	7.0750398295314
GLOBAL	IV	3600001	3610000	-1.4781334415046	9540	4.8851601875192	16.755084830479	8.0303471321763
GLOBAL	IV	3610001	3620000	-1.3051244962482	9338	4.458362331986	12.99024322438	6.5372161176353
GLOBAL	IV	3620001	3630000	-1.2531316253652	9588	3.7012256198625	12.087506658962	6.6922587135694
GLOBAL	IV	3630001	3640000	-1.1298228744208	9357	4.3792480081367	13.978744987959	8.496461876596
GLOBAL	IV	3640001	3650000	-0.94352689540394	9214	5.8791087160825	13.78532470683	8.3794283228809
GLOBAL	IV	3650001	3660000	-1.0729784436537	9562	5.4266409544915	12.734269856748	6.810601783734
GLOBAL	IV	3660001	3670000	-1.5355669282285	9532	4.2788468833195	15.457550644526	7.2798544665861
GLOBAL	IV	3670001	3680000	-1.191083279742	9451	4.278597589593	11.301033438363	5.8958395002334
GLOBAL	IV	3680001	3690000	-1.1477387449451	9508	4.3718460960037	12.086534753038	6.7216417420875
GLOBAL	IV	3690001	3700000	-1.1227807376945	9725	5.7381985076919	13.769832226879	7.1533412086132
GLOBAL	IV	3700001	3710000	-1.0847325674314	9178	9.0377562907482	20.14064495515	10.235599997419
GLOBAL	IV	3710001	3720000	-1.4092711625416	9268	3.1072291985234	13.774211547941	7.5691482469417
GLOBAL	IV	3720001	3730000	-1.4266561146357	9606	3.1270844428263	13.251686005151	7.0967358275477
GLOBAL	IV	3730001	3740000	-1.518983244345	9317	2.5896069906242	14.031754937085	7.5327677175235
GLOBAL	IV	3740001	3750000	-0.94923076198015	8858	5.2129290030468	13.659204669036	8.8980214340814
GLOBAL	IV	3750001	3760000	-1.2996708738009	9486	5.0490981605946	16.121629720292	8.5194888820706
GLOBAL	IV	3760001	3770000	-1.2818973952243	9448	5.0594902726738	16.896436355761	9.2339263089112
GLOBAL	IV	3770001	3780000	-1.38637027979	8941	3.0434130128172	12.601071217835	6.8940155053423
GLOBAL	IV	3780001	3790000	-1.4524728517945	9424	3.1423990753006	12.210089977841	6.2429331407724
GLOBAL	IV	3790001	3800000	-1.641602645766	9357	1.539217295611	11.171794299752	5.8677884255274
GLOBAL	IV	3800001	3810000	-1.3530498009777	8952	1.5628523706154	10.145272023336	6.3430183031838
GLOBAL	IV	3810001	3820000	-1.3482399479695	9061	3.0637097515142	13.77956331879	7.9480314935147
GLOBAL	IV	3820001	3830000	-1.0757610326178	9329	4.644007045854	13.004684860757	7.771872712807
GLOBAL	IV	3830001	3840000	-1.1648999985557	9597	3.5147913659498	10.788045541269	6.2436725764758
GLOBAL	IV	3840001	3850000	-1.5131033522347	9630	2.0881035878762	10.52150253599	5.5735775984224
GLOBAL	IV	3850001	3860000	-1.062390943538	9412	4.4282716351275	10.001653845015	5.2460746618631
GLOBAL	IV	3860001	3870000	-1.2444844862167	9250	2.3476485420459	8.313058412606	4.7934786946965
GLOBAL	IV	3870001	3880000	-1.0123930719014	9377	4.5618571193338	11.957843003131	7.3054489299366
GLOBAL	IV	3880001	3890000	-0.9915206744233	9037	5.2779723421508	11.432146690517	6.2068038590785
GLOBAL	IV	3890001	3900000	-0.9057965467129	8594	8.3264489699702	19.331985662644	12.150119949797
GLOBAL	IV	3900001	3910000	-1.1517449347776	9423	4.5780094932416	19.539322852127	12.990127333857
GLOBAL	IV	3910001	3920000	-0.92599022472021	9294	8.562213192935	16.369319443425	8.431089272945
GLOBAL	IV	3920001	3930000	-0.84881506154037	9069	9.2137754325125	19.122996706844	11.6741817191
GLOBAL	IV	3930001	3940000	-1.4285623960513	9611	2.6924085722074	9.8709064649658	5.024980296696
GLOBAL	IV	3940001	3950000	-1.3846410698397	9214	2.3035090971965	9.7430180726828	5.3728790352487
GLOBAL	IV	3950001	3960000	-1.3323885189454	9741	4.2546409908217	12.338791922885	6.0674126331124
GLOBAL	IV	3960001	3970000	-1.1451091594845	9557	3.8083626968524	9.3502322136917	4.8395993263509
GLOBAL	IV	3970001	3980000	-0.25941584264676	8776	15.295792025886	18.474257040586	12.252393617411
GLOBAL	IV	3980001	3990000	-1.0461006619959	9330	4.6542791936883	11.82904263134	6.8585784316041
GLOBAL	IV	3990001	4000000	-0.92222725616887	9016	4.6755189462017	13.071412434521	9.1039311971729
GLOBAL	IV	4000001	4010000	-1.2650652466572	9494	3.5735880036776	11.432457067627	6.2122242980872
GLOBAL	IV	4010001	4020000	-1.4657978098192	9126	3.1043519918745	12.079419510405	6.1229914920105
GLOBAL	IV	4020001	4030000	-1.0521160429348	9091	3.247927214776	11.217369053651	7.5746795160013
GLOBAL	IV	4030001	4040000	-1.4029488292523	9458	2.3618334674558	10.269550786	5.6364973216867
GLOBAL	IV	4040001	4050000	-1.4853153386016	9279	1.7381967010194	9.6118942418055	5.3010275570164
GLOBAL	IV	4050001	4060000	-1.4055054163635	9742	2.9798678140342	12.861688102811	7.0307948825584
GLOBAL	IV	4060001	4070000	-0.94946241157869	9096	5.7615272723956	17.254395014376	12.104605302775
GLOBAL	IV	4070001	4080000	-1.37693757913	9472	3.6435508000574	12.599263103873	6.5040800974248
GLOBAL	IV	4080001	4090000	-1.5114303044853	9633	3.265278033695	12.077157582998	5.8301593683496
GLOBAL	IV	4090001	4100000	-1.4145207970371	9210	2.7525719557231	10.910431664358	5.7672250034942
GLOBAL	IV	4100001	4110000	-1.5204359513001	8743	3.9730474792488	18.107523164919	9.2963308803534
GLOBAL	IV	4110001	4120000	-1.0448987478534	9464	3.6592901929412	9.757460876094	5.8361355066037
GLOBAL	IV	4120001	4130000	-1.1976239138561	9140	3.5741636115406	11.233261649801	6.395244742233
GLOBAL	IV	4130001	4140000	-1.1857692005219	9184	3.4738292908133	9.7423672152146	5.2864738952929
GLOBAL	IV	4140001	4150000	-1.2265571484812	9409	5.1057446473772	14.562780055259	7.7102281125609
GLOBAL	IV	4150001	4160000	-1.3425841815794	9432	5.4819932028725	17.147946999246	8.6891786425266
GLOBAL	IV	4160001	4170000	-1.3514381262044	9453	3.115364937376	11.170854351542	5.9606794110433
GLOBAL	IV	4170001	4180000	-1.3255725086792	9538	3.6086377515316	11.169227502289	5.7036410315201
GLOBAL	IV	4180001	4190000	-1.2774628949961	9335	2.4943798395274	9.4824919937377	5.4703053854504
GLOBAL	IV	4190001	4200000	-1.2245337841883	9328	2.3968370515718	9.7488390881451	6.0039193132158
GLOBAL	IV	4200001	4210000	-1.2242777983435	9223	3.1586836141681	10.26188158763	5.8019495110283
GLOBAL	IV	4210001	4220000	-1.4641934528035	9444	3.2344504885943	12.213111232508	6.1321546867471
GLOBAL	IV	4220001	4230000	-1.1626638478787	9799	4.6783546752496	11.819243786447	6.1418346534348
GLOBAL	IV	4230001	4240000	-1.3327109403612	9501	3.8989580889012	13.773365439083	7.4092641180726
GLOBAL	IV	4240001	4250000	-1.3616800154343	9634	4.4771435856544	12.987267807888	6.2497239628794
GLOBAL	IV	4250001	4260000	-1.3220489935359	9181	3.5748317986606	12.736148363715	6.9296346881607
GLOBAL	IV	4260001	4270000	-1.4367081267311	9747	3.3094893833484	13.640408164979	7.1906872310499
GLOBAL	IV	4270001	4280000	-1.1033978198271	9580	4.4342782948015	10.521077929016	5.516414410868
GLOBAL	IV	4280001	4290000	-1.2726313188698	9157	3.3044947585334	10.261515538243	5.4666427554901
GLOBAL	IV	4290001	4300000	-1.4077432267716	9067	2.5726850803916	10.521433664796	5.6464477564089
GLOBAL	IV	4300001	4310000	-1.3682120099532	9503	4.3791589478798	15.232063877067	7.932180722166
GLOBAL	IV	4310001	4320000	-0.78343592457305	9006	6.7740534073506	13.148113807287	8.1360328266923
GLOBAL	IV	4320001	4330000	-1.3750397179304	8905	14.416029705746	41.993484717562	20.055751591905
GLOBAL	IV	4330001	4340000	-1.5744462401289	9090	24.090516342391	72.520386812447	30.759939104742
GLOBAL	IV	4340001	4350000	-1.4577697541562	8679	15.213670131616	47.729144915696	22.304945408132
GLOBAL	IV	4350001	4360000	-1.4776210810781	9025	13.808177742394	40.799805783442	18.266948398811
GLOBAL	IV	4360001	4370000	-1.5678565381133	9058	15.819062435978	54.086074016755	24.407214978245
GLOBAL	IV	4370001	4380000	-1.6132964310341	9067	20.902387690934	66.531421861366	28.283106125255
GLOBAL	IV	4380001	4390000	-1.6393020827671	9117	21.111414825729	65.622163605932	27.152255370206
GLOBAL	IV	4390001	4400000	-1.6603846313247	8699	14.757482614328	55.516524857528	24.547952007169
GLOBAL	IV	4400001	4410000	-1.7242835058524	9268	18.196854231077	59.500416990781	23.954043879394
GLOBAL	IV	4410001	4420000	-1.6849846319502	9583	20.352677555618	60.264767096097	23.686916060644
GLOBAL	IV	4420001	4430000	-1.6677177806046	9473	18.645429018989	57.148762498115	23.087439569762
GLOBAL	IV	4430001	4440000	-1.6255366427556	9303	19.252816173059	58.067202164232	23.877890519512
GLOBAL	IV	4440001	4450000	-1.6847306346808	9157	21.246193225127	71.61731976101	29.898623257021
GLOBAL	IV	4450001	4460000	-0.50684525182245	9078	53.171269442219	70.080836357454	33.362385963831
GLOBAL	IV	4460001	4470000	1.6221936952008	8862	95.29765630526	55.263909114074	24.678771289535
GLOBAL	IV	4470001	4480000	0.26367990659228	9148	67.286161507524	59.033642900849	31.297487598991
GLOBAL	IV	4480001	4490000	0.87142271451641	9078	77.693569200599	53.887183422243	27.3189869644
GLOBAL	IV	4490001	4500000	1.8337187242435	9430	98.453083262111	55.776410787282	23.273292632399
GLOBAL	IV	4500001	4510000	0.63175030805711	8725	53.131903613722	39.189470207013	22.069531631235
GLOBAL	IV	4510001	4520000	0.9195831914238	8724	81.132029938582	56.219455246572	27.091159260358
GLOBAL	IV	4520001	4530000	0.99018185874683	8653	62.666479833478	41.660145092891	21.214622904899
GLOBAL	IV	4530001	4540000	1.7057040128265	9279	94.845942864608	55.105812315466	23.298374307797
GLOBAL	IV	4540001	4550000	2.5871911636827	9202	148.66454651517	72.226829373628	29.544673085825
GLOBAL	IV	4550001	4560000	2.058477538566	8979	82.908934082235	42.393896044876	19.682040380962
GLOBAL	IV	4560001	4570000	1.3461460808717	9076	81.469088918392	50.202004343468	23.227111098282
GLOBAL	IV	4570001	4580000	1.8973493234166	9208	97.514691506049	54.965038798094	22.425840188108
GLOBAL	IV	4580001	4590000	0.57713257888977	9058	61.876312693822	48.509959997437	23.159934450588
GLOBAL	IV	4590001	4600000	0.26439290252027	9214	67.886435720645	60.004945368044	29.809765229976
GLOBAL	IV	4600001	4610000	0.46569685551989	9256	72.294430232514	60.442996626224	25.448816039481
GLOBAL	IV	4610001	4620000	0.31470787460522	8828	71.616027394621	61.65912623638	31.638551055425
GLOBAL	IV	4620001	4630000	0.80233889947273	8817	93.491365671317	66.895293186869	33.148177786128
GLOBAL	IV	4630001	4640000	1.0861993106135	9044	102.25678425169	68.546569183457	31.035017918756
GLOBAL	IV	4640001	4650000	1.6149551396395	8894	83.148601004768	45.861411658606	23.08868428041
GLOBAL	IV	4650001	4660000	1.1687543048833	8935	85.447467717818	54.683814800397	26.321745116902
GLOBAL	IV	4660001	4670000	0.94853187861909	8827	63.994692595948	44.972261153024	20.054604248638
GLOBAL	IV	4670001	4680000	-0.8529064356424	9090	40.092956275883	62.366725934424	26.115138458023
GLOBAL	IV	4680001	4690000	-1.6153758416716	7855	12.749675993862	52.830070455378	24.811807523407
GLOBAL	IV	4690001	4700000	-1.8696003114672	9516	4.6704492099096	40.519492600722	19.174709787398
GLOBAL	IV	4700001	4710000	-1.591623948834	9346	5.2556430768349	21.656091543496	10.304223229788
GLOBAL	IV	4710001	4720000	-1.1332124110565	9511	4.522382431066	11.962884186869	6.5658491587346
GLOBAL	IV	4720001	4730000	-1.0714007772089	9476	4.0390127155026	10.655798534289	6.175826973006
GLOBAL	IV	4730001	4740000	-1.1955064046882	8784	3.5644056360023	10.653604184805	5.9298708237796
GLOBAL	IV	4740001	4750000	-1.2865913169696	9233	2.085994510004	10.273651495331	6.363836656858
GLOBAL	IV	4750001	4760000	4.0929596297478	8512	152.87027304482	48.227310836427	25.566575699366
GLOBAL	IV	4760001	4770000	4.1333875595468	9340	175.65119202445	60.408754935127	27.880869003719
GLOBAL	IV	4770001	4780000	5.1424220905105	8505	176.10195103623	53.552086191732	23.831156347637
GLOBAL	IV	4780001	4790000	3.3279121196369	8698	172.58295528961	60.881408563841	33.565053015268
GLOBAL	IV	4790001	4800000	3.7923897650942	8506	116.42821933391	42.451968062898	19.506500083907
GLOBAL	IV	4800001	4810000	2.3561119872896	6846	96.338694073443	38.648170196101	24.485476152476
GLOBAL	IV	4810001	4820000	-0.73349451089272	5051	1.564757763426	5.0583846138826	4.7629897682596
GLOBAL	IV	4820001	4830000	-0.55795129362105	3782	1.4781117344114	3.1520014758747	3.0000642719186
GLOBAL	IV	4830001	4840000	-0.79673230721491	2155	0.20798568176291	0.60683325831653	0.50060424679884
GLOBAL	IV	4840001	4850000	-0.48988317829567	3776	4.5731066904651	7.137772363845	5.2352597251911
GLOBAL	IV	4850001	4860000	3.9118054513346	8573	164.48397827763	53.347605056188	28.410506249365
GLOBAL	IV	4860001	4870000	4.4126531335411	9168	122.34671190082	42.740232792738	18.040502323417
GLOBAL	IV	4870001	4880000	4.5300282137587	8852	119.26417802984	39.838353269705	17.533185448803
GLOBAL	IV	4880001	4890000	4.2039806031652	8706	138.08353412053	49.051396261256	21.178056290803
GLOBAL	IV	4890001	4900000	5.2519315966988	9377	184.26106173757	59.290178468429	23.795222951437
GLOBAL	IV	4900001	4910000	4.3262051846194	8764	120.94546113563	41.292002967721	18.411853984895
GLOBAL	IV	4910001	4920000	2.9839963799486	8466	176.97838946656	64.7390026568	37.613781157366
GLOBAL	IV	4920001	4930000	4.2598796710499	8888	183.57536003054	63.2733001999	28.240717841916
GLOBAL	IV	4930001	4940000	4.7006987810399	8870	208.72880146761	68.768714705602	29.774315113857
GLOBAL	IV	4940001	4950000	3.8638188342162	8359	153.41238056832	52.443874452652	26.131790968443
GLOBAL	IV	4950001	4960000	4.8411497451051	8853	188.82052148856	59.632320637634	26.685437892424
GLOBAL	IV	4960001	4970000	5.3658714124285	8366	203.47875968692	63.42489833266	26.100860529357
GLOBAL	IV	4970001	4980000	5.6623611638162	9477	235.42687340577	72.148975147005	28.835655927804
GLOBAL	IV	4980001	4990000	-0.085892903752751	9358	26.39165362112	27.40602995777	11.809780463006
GLOBAL	IV	4990001	5000000	0.091452558136924	9457	58.782398416708	56.669704022788	23.101534139234
GLOBAL	IV	5000001	5010000	-0.61254648680189	9182	35.212798740099	47.824493674959	20.588959706072
GLOBAL	IV	5010001	5020000	-0.68465315506051	9290	32.819505790398	45.859925965655	19.046753934996
GLOBAL	IV	5020001	5030000	0.89374197002915	9182	80.835952595423	58.089033776877	25.451326648344
GLOBAL	IV	5030001	5040000	4.9245131980581	9129	181.45500366433	59.176599128131	24.830556771463
GLOBAL	IV	5040001	5050000	2.3632843318477	9009	151.16663241225	72.065414993445	33.470884714478
GLOBAL	IV	5050001	5060000	3.6702886785429	9226	195.10933752178	79.141206234942	31.596460508626
GLOBAL	IV	5060001	5070000	2.5311004081989	8718	145.58746833895	56.916371985779	35.032626941997
GLOBAL	IV	5070001	5080000	3.5669593311071	7878	117.75450674871	39.678671769838	21.888624941131
GLOBAL	IV	5080001	5090000	-1.0720434964251	9552	2.7521251962351	7.8645362509874	4.7688466669502
GLOBAL	IV	5090001	5100000	4.5506217538416	8725	180.62434293575	55.995959629828	27.387111047126
GLOBAL	IV	5100001	5110000	4.7577316570541	8550	177.75420285346	55.699681453038	25.65393136863
GLOBAL	IV	5110001	5120000	2.3311900424131	8998	54.566125047796	24.475218201407	12.907959582412
GLOBAL	IV	5120001	5130000	4.4639105409264	8902	133.37196418804	44.323428267262	19.948548498979
GLOBAL	IV	5130001	5140000	4.7306129832037	9324	169.76579861317	56.177616235412	24.011303140007
GLOBAL	IV	5140001	5150000	4.7045049212479	9140	178.72009289619	58.774358288274	25.495931371266
GLOBAL	IV	5150001	5160000	0.045042500928125	9022	56.129147889289	55.089536566023	23.080674959083
GLOBAL	IV	5160001	5170000	-0.56707989348138	9552	13.497767273811	21.351060624613	13.848654203889
GLOBAL	IV	5170001	5180000	-0.43659194879977	9294	8.9908215483785	12.701226137193	8.4985639314112
GLOBAL	IV	5180001	5190000	-1.1129149924759	9412	5.840371014397	13.635105681543	7.0038904317434
GLOBAL	IV	5190001	5200000	-1.5413898277612	9366	18.795751189696	52.537111811377	21.890218823286
GLOBAL	IV	5200001	5210000	-0.18876348315418	9221	45.726227859068	49.938968867469	22.317563429152
GLOBAL	IV	5210001	5220000	-1.2529266453038	9708	4.094025101631	11.951096975363	6.2709751629771
GLOBAL	IV	5220001	5230000	-0.80708354075281	9589	7.6890931782088	13.119391471175	6.7282976529309
GLOBAL	IV	5230001	5240000	-0.61909595940352	9437	7.2553744887087	10.91494168374	5.9111469545971
GLOBAL	IV	5240001	5250000	-0.89757573738605	8800	4.5728742803107	10.073039583698	6.1278007796926
GLOBAL	IV	5250001	5260000	-0.4278702492843	9297	9.9556451383948	14.110090095928	9.7095906165062
GLOBAL	IV	5260001	5270000	-0.66186733270053	8669	5.0768775925431	9.8170556304598	7.1618250421516
GLOBAL	IV	5270001	5280000	-0.8307604211623	9474	7.4943371469981	12.72841637381	6.3003473606612
GLOBAL	IV	5280001	5290000	-0.82504244403795	8973	6.7286518067907	12.403756330643	6.8785606908627
GLOBAL	IV	5290001	5300000	-1.3532202404239	9434	4.0011683996721	14.297016418935	7.6084052777969
GLOBAL	IV	5300001	5310000	-0.65694110041618	9438	8.2221249887498	12.601048613974	6.6656259175289
GLOBAL	IV	5310001	5320000	-1.2260978428412	9702	4.3673740808861	11.951845115501	6.185861168339
GLOBAL	IV	5320001	5330000	-0.79330272474284	9590	6.1442400721076	10.390926413222	5.3531725136718
GLOBAL	IV	5330001	5340000	-0.97631277178244	9716	6.0061563212795	12.0791652988	6.2203518719034
GLOBAL	IV	5340001	5350000	-1.4368780953786	9396	2.7339463524847	10.780310687079	5.5998935194805
GLOBAL	IV	5350001	5360000	-0.6776546758692	8443	6.2357590251418	13.609373445268	10.881079527221
GLOBAL	IV	5360001	5370000	-0.91250218843812	9604	4.4170090862946	10.527434165405	6.6963401913247
GLOBAL	IV	5370001	5380000	-1.0165288059774	9383	3.6261314677379	10.941240402362	7.1961649208654
GLOBAL	IV	5380001	5390000	-0.99000373023968	9230	4.8016466556083	12.081850471268	7.3537135197432
GLOBAL	IV	5390001	5400000	-0.57962134622673	9330	8.1068825391808	12.085309630494	6.8638381198555
GLOBAL	IV	5400001	5410000	-0.80219441373182	9339	6.9959042799474	11.81942366753	6.0129057308479
GLOBAL	IV	5410001	5420000	-0.96536940875139	9559	5.3339660067736	11.981304032535	6.8857972559533
GLOBAL	IV	5420001	5430000	-1.4254750462381	9264	2.7156805364434	11.952335250238	6.4797028458485
GLOBAL	IV	5430001	5440000	-0.20736534550764	9597	12.893919097442	14.420129749662	7.3600082428609
GLOBAL	IV	5440001	5450000	-0.48934574387844	8393	8.839416359192	12.626997426439	7.7400919791959
GLOBAL	IV	5450001	5460000	-0.22481552924672	9405	12.685211999376	14.712573334123	9.017888317325
GLOBAL	IV	5460001	5470000	-0.9741167572423	9012	4.9072490288758	10.783050955212	6.0319277772928
GLOBAL	IV	5470001	5480000	-1.1449585777924	9099	4.4253171046054	11.040655137403	5.7777968226178
GLOBAL	IV	5480001	5490000	-0.92868643586809	9628	6.1911705850425	11.821007795983	6.0621507900869
GLOBAL	IV	5490001	5500000	-0.15005532779793	8616	15.112677211915	17.269834125768	14.375743570782
GLOBAL	IV	5500001	5510000	-0.90986120043784	8998	11.653181238994	24.603519694518	14.233312124192
GLOBAL	IV	5510001	5520000	-1.5275843196006	9287	19.661764035982	55.414559767182	23.404793615942
GLOBAL	IV	5520001	5530000	-1.6063093887541	9286	18.125249668489	52.873570020435	21.632395723528
GLOBAL	IV	5530001	5540000	-1.5668626805053	8832	10.051354117359	30.006826532083	12.735942123715
GLOBAL	IV	5540001	5550000	-0.61208499731474	8954	39.529876256612	53.930029635345	23.526394931924
GLOBAL	IV	5550001	5560000	-0.60271445884256	8910	51.410737473558	68.475048786428	28.312430641933
GLOBAL	IV	5560001	5570000	-0.63693855179536	9259	21.592922614855	31.192017367348	15.070676324169
GLOBAL	IV	5570001	5580000	-0.44497383643285	9371	14.49607781873	18.182973281173	8.2856454932238
GLOBAL	IV	5580001	5590000	-0.4593393911293	9304	46.834086530193	57.952482614039	24.20518749004
GLOBAL	IV	5590001	5600000	1.6856148019539	9360	111.9092170611	67.301371938046	26.463842789791
GLOBAL	IV	5600001	5610000	2.6174437385074	9017	183.7408046337	88.722912240723	36.301789794022
GLOBAL	IV	5610001	5620000	2.8305285103348	8946	196.90176773513	92.408085991137	36.916668163726
GLOBAL	IV	5620001	5630000	2.3253941915807	8367	166.78545728523	83.26711038189	35.915780303284
GLOBAL	IV	5630001	5640000	0.35622383012227	8851	56.941112771565	46.893737278253	28.205231216181
GLOBAL	IV	5640001	5650000	1.5255241918309	8761	121.73548403346	73.364693032892	31.707652529923
GLOBAL	IV	5650001	5660000	0.9954187268389	8438	76.414390503362	51.675060333616	24.853189419401
GLOBAL	IV	5660001	5670000	1.7609263260622	8314	140.89189644019	77.689548549574	35.891534447068
GLOBAL	IV	5670001	5680000	1.5561058904505	8542	166.11423068917	100.11603570265	42.412406116793
GLOBAL	IV	5680001	5690000	1.6933634248303	8887	140.75250262593	83.431437834609	33.850420973318
GLOBAL	IV	5690001	5700000	2.7129722942812	9193	169.90887437041	80.599062564025	32.919544366394
GLOBAL	IV	5700001	5710000	2.9666176054887	9077	116.7204190605	51.975919154995	21.824349651847
GLOBAL	IV	5710001	5720000	3.3187913633531	8939	167.86696079259	70.740275046467	29.26567991547
GLOBAL	IV	5720001	5730000	1.5556130082441	8962	107.77925070035	53.625383996908	34.811914284884
GLOBAL	IV	5730001	5740000	2.479446291659	8632	212.0260863916	95.158082095771	47.134719025364
GLOBAL	IV	5740001	5750000	3.5966943792267	9091	171.9903649688	67.740027054999	28.985042075279
GLOBAL	IV	5750001	5760000	3.6200813576328	8963	184.07984570906	69.709890844894	31.593200142593
GLOBAL	IV	5760001	5770000	3.3361818607988	8441	159.01152498843	57.340154705807	30.475368107865
GLOBAL	IV	5770001	5780000	4.6209340628012	9212	175.17623251728	60.727154432286	24.767520273945
GLOBAL	IV	5780001	5790000	3.4678340152954	9010	119.92438135913	45.214014169243	21.543812898877
GLOBAL	IV	5790001	5800000	2.0234228778922	9308	54.133558121951	28.324445951109	12.755174636419
GLOBAL	IV	5800001	5810000	3.6022722264891	9236	90.580947948307	36.108882914625	15.121584824468
GLOBAL	IV	5810001	5820000	4.2854057627579	8979	131.60068404401	46.269523447919	19.912037580585
GLOBAL	IV	5820001	5830000	4.4824970681034	9016	162.85389796352	51.959071155257	24.739520210145
GLOBAL	IV	5830001	5840000	2.8037235616705	9118	89.537105002843	35.306784988326	19.342249270183
GLOBAL	IV	5840001	5850000	4.2054835148921	8930	131.53817156125	44.612597857849	20.669578990284
GLOBAL	IV	5850001	5860000	4.0122916668692	8943	82.435533777734	31.039896408948	12.809546672087
GLOBAL	IV	5860001	5870000	4.3007681043661	9332	113.68048319992	41.301031927863	16.829424306458
GLOBAL	IV	5870001	5880000	3.1635532032332	8995	93.172088238366	37.969460462379	17.449565166019
GLOBAL	IV	5880001	5890000	-0.18398025866868	9645	13.805876646711	15.063653166063	6.836475437381
GLOBAL	IV	5890001	5900000	-1.0680392617188	9284	4.8555162648352	10.648961860435	5.4243751173305
GLOBAL	IV	5900001	5910000	-1.1408984214567	8891	4.2251319645005	10.390384813441	5.4038578132741
GLOBAL	IV	5910001	5920000	-0.74836382631939	9322	6.5313147175279	11.302149874619	6.3750210650278
GLOBAL	IV	5920001	5930000	-0.3102230572875	7981	9.9258973702956	14.162616752092	13.657009955484
GLOBAL	IV	5930001	5940000	-0.83990459684336	9460	6.3707070307208	11.825332923533	6.4943398492074
GLOBAL	IV	5940001	5950000	-0.83798207625446	9300	5.0684686821226	10.020329188054	5.9092678068543
GLOBAL	IV	5950001	5960000	-0.84439375468644	9484	5.6734618356228	10.13005735153	5.27786413764
GLOBAL	IV	5960001	5970000	-1.0040345679422	9630	4.6744746678245	10.13145575396	5.4350529955552
GLOBAL	IV	5970001	5980000	-0.92532297543577	9351	5.2887465656163	10.521888655057	5.6554762265316
GLOBAL	IV	5980001	5990000	-0.97027132008194	9452	4.8129728245429	10.001572342906	5.3475758903442
GLOBAL	IV	5990001	6000000	-1.0531998863225	9101	1.8912799467747	5.8463270915793	3.7552673487411
GLOBAL	IV	6000001	6010000	-0.99831393664292	9344	4.1556752686835	9.3518699243419	5.204970565804
GLOBAL	IV	6010001	6020000	-1.0160737611083	9579	4.4476657670852	10.001548108917	5.4660227971776
GLOBAL	IV	6020001	6030000	-1.1481181190219	9456	5.4399432006265	14.128302447359	7.5674785571136
GLOBAL	IV	6030001	6040000	1.6784189466559	9199	57.006035340527	32.077180103655	14.852582119941
GLOBAL	IV	6040001	6050000	3.2637864265524	9264	59.410105026087	24.682569044213	10.640259944508
GLOBAL	IV	6050001	6060000	3.5055120451671	9216	59.858040017763	24.029797086082	10.220544807734
GLOBAL	IV	6060001	6070000	4.3619746775518	9389	128.42313429868	46.519096807271	18.776825531087
GLOBAL	IV	6070001	6080000	2.9581370737318	8677	113.88513400552	47.872723511183	22.315534692602
GLOBAL	IV	6080001	6090000	0.55450853135364	9499	38.984216216145	31.43561548649	13.613137224829
GLOBAL	IV	6090001	6100000	0.5332026186043	9328	44.272701277743	35.23630742139	16.947392118978
GLOBAL	IV	6100001	6110000	0.34419097995934	9157	28.113706258663	24.543313632534	10.373289348111
GLOBAL	IV	6110001	6120000	0.68773008162877	9138	46.500811930439	36.363445755886	14.740326830759
GLOBAL	IV	6120001	6130000	0.42999527698621	9540	32.617425817492	27.662673670572	11.522805975097
GLOBAL	IV	6130001	6140000	0.46864920842877	9337	32.980954797717	27.405062333393	11.89779554524
GLOBAL	IV	6140001	6150000	3.6273880871382	9421	112.49212654894	43.266576971974	19.084131036991
GLOBAL	IV	6150001	6160000	3.9566390316853	8945	98.874896482049	33.250113852891	16.585991823774
GLOBAL	IV	6160001	6170000	2.0641447592323	9490	27.535368611053	13.899550429106	6.6060377407922
GLOBAL	IV	6170001	6180000	-0.29349753632168	9642	9.2705390564154	10.911111649141	5.58973207505
GLOBAL	IV	6180001	6190000	-0.23153881306593	7514	7.902717239229	9.0949951498171	5.1493652178677
GLOBAL	IV	6190001	6200000	-0.23852144654412	4540	3.4559384031858	4.4330897588708	4.0967022875413
GLOBAL	IV	6200001	6210000	0.019281163488598	9280	12.624043007039	12.489259380992	6.990430122509
GLOBAL	IV	6210001	6220000	3.4897119117774	9233	64.310704009659	24.690601695762	11.35340203304
GLOBAL	IV	6220001	6230000	2.9921999178756	9251	54.753781291756	22.244909444813	10.864538713718
GLOBAL	IV	6230001	6240000	4.2857130369362	9039	96.303459862514	32.565430264137	14.872211239776
GLOBAL	IV	6240001	6250000	-1.1310104144529	8774	3.580442044271	10.918566056075	6.4881135646786
GLOBAL	IV	6250001	6260000	-1.0894915040988	9359	2.8307344106445	8.3139641315887	5.0328338498424
GLOBAL	IV	6260001	6270000	-0.78479423521	9445	6.8340804063997	11.691832657071	6.1898419136209
GLOBAL	IV	6270001	6280000	-1.173613528862	9151	2.3968872662469	8.3242947213976	5.0505616281521
GLOBAL	IV	6280001	6290000	-1.2680638542037	9384	1.6228865760381	6.6239402262463	3.9438500148312
GLOBAL	IV	6290001	6300000	-1.1374725757012	9401	3.5154148404934	9.2227589021282	5.0175662987887
GLOBAL	IV	6300001	6310000	-1.3706681939955	9622	2.1717067513656	9.0926827460604	5.0493445642158
GLOBAL	IV	6310001	6320000	-1.2456339825796	9719	2.4507231983992	9.614571947584	5.7511667547386
GLOBAL	IV	6320001	6330000	-1.2129948609994	8679	1.1849733054869	6.3801238736314	4.282912265485
GLOBAL	IV	6330001	6340000	-1.1158760035622	9460	3.4021922975252	10.268203145475	6.1530231190843
GLOBAL	IV	6340001	6350000	-0.48003869690484	9135	7.9467066854712	12.130692972211	8.7159354312839
GLOBAL	IV	6350001	6360000	-0.92872593764078	9487	5.7048642152675	11.43351682775	6.1682918289486
GLOBAL	IV	6360001	6370000	-1.020174198465	9270	4.2355859878635	9.873260846186	5.5261884360586
GLOBAL	IV	6370001	6380000	-1.4054428713553	9175	2.0814444292608	10.527699508034	6.0096751358014
GLOBAL	IV	6380001	6390000	-1.1691242247984	8828	2.5417216481896	7.9264603220037	4.6057882982818
GLOBAL	IV	6390001	6400000	-1.0834951921944	9378	4.618040681971	11.171785749765	6.0487071054928
GLOBAL	IV	6400001	6410000	-1.1778203649613	9477	3.8326584387939	10.000893740073	5.2369915521727
GLOBAL	IV	6410001	6420000	-1.2634247706638	9128	1.3402048978353	6.49973155054	4.0837624625594
GLOBAL	IV	6420001	6430000	-1.3971066508996	9673	1.7920745385906	8.0537778833205	4.481907906385
GLOBAL	IV	6430001	6440000	-1.0786356112831	9303	3.6140689644595	8.8319841491381	4.8375142912923
GLOBAL	IV	6440001	6450000	-1.475540278108	9643	2.0018285597566	9.6135848971794	5.1586232177835
GLOBAL	IV	6450001	6460000	-0.71281205047233	9127	6.3776521299931	12.669033190545	8.82614295926
GLOBAL	IV	6460001	6470000	-1.2649822592937	9655	2.6541854752604	7.9217626465195	4.164151024695
GLOBAL	IV	6470001	6480000	-1.2930423459402	9342	3.1755381849849	9.3498770853967	4.7750477157981
GLOBAL	IV	6480001	6490000	-1.1956475475785	9294	4.748353729517	11.821013314362	5.9153381773494
GLOBAL	IV	6490001	6500000	-1.5532078308796	9546	2.0483472481201	8.9597325290947	4.4497491858902
GLOBAL	IV	6500001	6510000	-1.219032028365	9369	3.8711098308403	10.912835033267	5.776489081974
GLOBAL	IV	6510001	6520000	-1.3524063122337	9706	2.8155171887091	9.3504501722929	4.8320781443191
GLOBAL	IV	6520001	6530000	-1.1464597974775	9516	3.1053062932785	8.7027011871288	4.8823298524432
GLOBAL	IV	6530001	6540000	-1.4746339657183	9733	2.2258255410657	9.6117101783614	5.008622349003
GLOBAL	IV	6540001	6550000	-1.4288127312539	9540	2.7901479406143	9.089551356038	4.4088376857446
GLOBAL	IV	6550001	6560000	-1.3515506682323	9604	2.908627327822	9.0901526894586	4.5736541788118
GLOBAL	IV	6560001	6570000	-1.1881662042836	9382	2.4884086433716	9.2282518986753	5.6724751394248
GLOBAL	IV	6570001	6580000	-1.1863013198453	9483	2.3253393350695	7.4049613267133	4.2818986261486
GLOBAL	IV	6580001	6590000	-1.4337744620458	9565	2.8871571826877	11.432629376211	5.9601230317144
GLOBAL	IV	6590001	6600000	-1.3073259372667	9445	2.5500229289095	10.00610771174	5.7033097640663
GLOBAL	IV	6600001	6610000	-0.98986252186834	9420	3.9368234941553	8.83339373213	4.9467174782339
GLOBAL	IV	6610001	6620000	-1.248348456626	9129	3.0137123065251	10.178093992224	5.739088030807
GLOBAL	IV	6620001	6630000	-1.303582523847	9273	2.8947872162478	12.357383186546	7.2589159467809
GLOBAL	IV	6630001	6640000	-1.1710937327432	9233	4.0172042032169	11.569459022484	6.4488901341623
GLOBAL	IV	6640001	6650000	-1.35778924065	9497	2.1993536173528	8.1819913805371	4.4061608267866
GLOBAL	IV	6650001	6660000	-1.1463473586776	9221	2.8086711276149	8.3293299397603	4.8158690909479
GLOBAL	IV	6660001	6670000	-1.343407393919	9261	2.0409526208128	7.4026684253988	3.9911316767022
GLOBAL	IV	6670001	6680000	-1.2067630003311	9623	4.1088419067595	10.519411293975	5.3122024668112
GLOBAL	IV	6680001	6690000	-1.414716041992	9349	1.9435864455798	8.9625746845797	4.9614113579406
GLOBAL	IV	6690001	6700000	-1.5408488781923	9454	2.5468659027902	9.8690782300115	4.7520638985774
GLOBAL	IV	6700001	6710000	-1.2275152081568	9336	1.4118636321466	7.1486648913515	4.6735072780231
GLOBAL	IV	6710001	6720000	-1.2044650516862	9291	2.6672271077035	7.7921044525232	4.2548991667671
GLOBAL	IV	6720001	6730000	-1.1661264871128	9545	2.5050432651805	7.5332553616034	4.3118925365226
GLOBAL	IV	6730001	6740000	-1.3942224247335	9215	1.9639935251969	7.0181075987429	3.6250414452429
GLOBAL	IV	6740001	6750000	-1.179631994828	9085	1.6120546422451	5.4548881321577	3.2576545115435
GLOBAL	IV	6750001	6760000	-1.1808533901176	9164	3.2776150106518	9.6145719296401	5.3664214135483
GLOBAL	IV	6760001	6770000	-1.2385841874625	9327	3.0709580194107	9.8754397651994	5.4937579654793
GLOBAL	IV	6770001	6780000	-1.521629828703	9701	1.9492707647189	9.7405994874584	5.1203837988513
GLOBAL	IV	6780001	6790000	-1.1579472525823	9418	2.4099403594041	6.6227915541222	3.6382064773013
GLOBAL	IV	6790001	6800000	-0.86776130089317	9055	3.6387066056066	7.4041101884829	4.3392158408085
GLOBAL	IV	6800001	6810000	-1.3083265328565	9558	3.4372458342962	10.572339931649	5.4536034530877
GLOBAL	IV	6810001	6820000	-1.3713309419911	9636	2.0361090686159	7.6613846023337	4.1020554276638
GLOBAL	IV	6820001	6830000	-1.3137529707161	9679	2.5667858224368	8.0513930976565	4.1747629862487
GLOBAL	IV	6830001	6840000	-1.5859123531425	9612	1.0665284316019	7.0128513587254	3.7494650415837
GLOBAL	IV	6840001	6850000	-1.4600931359388	9383	2.6238360892085	9.8706318000203	4.9632420921916
GLOBAL	IV	6850001	6860000	-1.5487944949763	9681	2.4897910413438	11.689194002127	5.9397182716122
GLOBAL	IV	6860001	6870000	-1.5408531784028	9856	2.8524802981949	10.258106361122	4.8061854086601
GLOBAL	IV	6870001	6880000	-1.3529296998885	9801	3.200232684863	10.650411381248	5.5067005307068
GLOBAL	IV	6880001	6890000	-0.93826788044711	9178	2.9863689626492	7.4094543588192	4.7140965691614
GLOBAL	IV	6890001	6900000	-1.1689504207077	8901	2.8184492916608	8.3124601105354	4.6999519582263
GLOBAL	IV	6900001	6910000	-1.2478391040619	9262	2.6321990475801	9.4838399268755	5.4908047495804
GLOBAL	IV	6910001	6920000	-1.0743879132169	9287	3.6149988056279	9.6323587989102	5.6007331423392
GLOBAL	IV	6920001	6930000	-1.3836815652429	9471	2.1464789236629	8.5712219970352	4.6432237262946
GLOBAL	IV	6930001	6940000	-1.4716404157365	9710	1.4545428316565	6.8828652793526	3.6886201205473
GLOBAL	IV	6940001	6950000	-1.4605188852715	9696	2.4805767207808	8.3101354007529	3.9914298532939
GLOBAL	IV	6950001	6960000	-1.1371751221463	9202	2.9264362362035	10.551702202627	6.7054456415043
GLOBAL	IV	6960001	6970000	-1.0123551973825	9352	3.4582271735257	8.0523470007795	4.5380513076163
GLOBAL	IV	6970001	6980000	-1.3692367787873	9369	2.389418072764	9.0922509284512	4.8953058810061
GLOBAL	IV	6980001	6990000	-1.1340750347964	9703	2.9948431458121	8.0527289916732	4.4599216900749
GLOBAL	IV	6990001	7000000	-1.1864019560861	9691	3.5596632408968	9.7401067295128	5.2094009596927
GLOBAL	IV	7000001	7010000	-1.2903516482858	9315	2.4915527701319	7.7924295001412	4.1080869211515
GLOBAL	IV	7010001	7020000	-1.6138831862452	9743	1.6471039597125	8.1805623060177	4.0482845363212
GLOBAL	IV	7020001	7030000	-1.3560561150829	9378	3.8618410750999	12.07890175346	6.0595285010444
GLOBAL	IV	7030001	7040000	-1.296911023576	9384	3.2503241455005	10.001053459509	5.2052370527276
GLOBAL	IV	7040001	7050000	-1.360331695764	9781	3.3511465486123	10.129266018711	4.9826961256623
GLOBAL	IV	7050001	7060000	-1.2845860322187	8998	2.3160439437032	7.1422610193081	3.7570212928979
GLOBAL	IV	7060001	7070000	-1.0585396837437	9638	4.5161375576149	10.001188683613	5.1817151593214
GLOBAL	IV	7070001	7080000	-1.1856249684149	9468	3.4934144142726	10.656141936417	6.0413096155695
GLOBAL	IV	7080001	7090000	-1.5590409656474	9222	9.9690809173491	28.834287220885	12.10051994734
GLOBAL	IV	7090001	7100000	-1.5188804678927	9601	7.6689676962848	24.939064740372	11.37028055147
GLOBAL	IV	7100001	7110000	-1.3710199633406	9696	5.9107143270867	17.534757939774	8.4783912149352
GLOBAL	IV	7110001	7120000	-1.3192915083237	9574	1.9085208787063	7.5326343126569	4.262980090804
GLOBAL	IV	7120001	7130000	-1.2942564888962	9799	2.0892527611486	7.4027058068361	4.105409624192
GLOBAL	IV	7130001	7140000	-1.2841372364516	9510	1.7714610936125	7.2745413503066	4.2854300151756
GLOBAL	IV	7140001	7150000	-1.174577799528	9502	2.6288504930467	8.5744643346721	5.0619157317757
GLOBAL	IV	7150001	7160000	-1.2608649979038	9288	1.6620821224856	7.5378414896789	4.6601018958905
GLOBAL	IV	7160001	7170000	-1.4221557172409	9726	2.7877717071984	10.260502906245	5.2545098321189
GLOBAL	IV	7170001	7180000	-1.287653021521	9708	3.0211502090148	9.6117897998781	5.1183350488927
GLOBAL	IV	7180001	7190000	-1.3738319540309	9397	2.6647090380344	9.2210913336546	4.7723320718983
GLOBAL	IV	7190001	7200000	-1.3789535729944	9636	2.6430372828291	8.7008775733441	4.3930705203951
GLOBAL	IV	7200001	7210000	-1.4549669678333	9653	1.4096358189761	6.6232228437438	3.5833026728653
GLOBAL	IV	7210001	7220000	-1.3824453245615	9461	2.6490151200448	9.7409534842388	5.1299955507776
GLOBAL	IV	7220001	7230000	-1.2189309689394	9628	3.0736753485979	8.832122372808	4.7241781289884
GLOBAL	IV	7230001	7240000	-1.7714022384173	9813	1.6783453140403	8.3098620113119	3.7436537865034
GLOBAL	IV	7240001	7250000	-1.2231385317552	9081	2.1130672307314	7.1436336751526	4.1128345758204
GLOBAL	IV	7250001	7260000	-1.3510679336174	9069	1.5305244604075	7.4047022408421	4.3478034185201
GLOBAL	IV	7260001	7270000	-1.0844579702044	9509	2.7695099155432	7.0134237885613	3.913396359859
GLOBAL	IV	7270001	7280000	-1.4269602148252	9387	1.9358578974084	8.4418642107693	4.5593466767802
GLOBAL	IV	7280001	7290000	-1.5591121761671	9665	1.3726619313413	8.3119841825761	4.4508165334801
GLOBAL	IV	7290001	7300000	-1.0785808696624	9194	2.0934360594053	6.5013368122476	4.086759627233
GLOBAL	IV	7300001	7310000	-1.1819638716119	9524	1.8494675183154	7.2741939384198	4.5895873388302
GLOBAL	IV	7310001	7320000	-1.3946135856046	9185	1.3973329398149	6.4933462442445	3.6540683075452
GLOBAL	IV	7320001	7330000	-1.5622170267381	8994	1.3027952400455	8.4417010195855	4.5697272897134
GLOBAL	IV	7330001	7340000	-1.2878142857185	9707	3.225874029954	10.650989422859	5.7656724849595
GLOBAL	IV	7340001	7350000	-1.1804081227451	9399	2.2948523194673	7.4046239034192	4.3288177076154
GLOBAL	IV	7350001	7360000	-1.2167024870822	9639	2.8260232318265	8.3119891683389	4.5088803505847
GLOBAL	IV	7360001	7370000	-1.2295903123571	9439	2.2068565850466	7.536624099627	4.3345880827276
GLOBAL	IV	7370001	7380000	-1.4801378669975	9239	1.3196912097615	9.6211152278233	5.6085478273057
GLOBAL	IV	7380001	7390000	-1.3530060146998	9521	2.4341757235317	9.7431335855378	5.4020143167125
GLOBAL	IV	7390001	7400000	-1.1596652468837	8988	1.8008729537156	6.6364174685094	4.1697761727257
GLOBAL	IV	7400001	7410000	-1.2043810225235	9744	3.3797641269587	10.262155059954	5.7144631178056
GLOBAL	IV	7410001	7420000	-1.55072742462	9250	1.0411390334315	9.2240037453456	5.2767911252483
GLOBAL	IV	7420001	7430000	-1.1894580699899	9189	1.8623070283814	6.8850040120145	4.2226767889982
GLOBAL	IV	7430001	7440000	-1.2680383764227	9280	2.2582732328986	7.1426745953526	3.8519349676415
GLOBAL	IV	7440001	7450000	-1.3096983664585	9443	3.0671645570959	9.8727011617602	5.1962625738527
GLOBAL	IV	7450001	7460000	-1.5549085706802	9733	2.0850289673666	9.6103926405318	4.8397467317793
GLOBAL	IV	7460001	7470000	-1.2694612304106	9574	3.0591310772396	8.3105699883089	4.1367461922178
GLOBAL	IV	7470001	7480000	-1.3587766372338	9480	2.1498036805442	8.312233929103	4.5352783376554
GLOBAL	IV	7480001	7490000	-1.4865466651572	9431	1.7086341547849	8.3114164156804	4.4416918860716
GLOBAL	IV	7490001	7500000	-1.4783131243793	9698	2.1468271214209	9.4810073960562	4.961181872558
GLOBAL	IV	7500001	7510000	-1.6032016869659	9488	0.96441949202311	7.0127130221088	3.7726342101923
GLOBAL	IV	7510001	7520000	-1.4200049133805	9493	1.8461002186935	7.9217924172077	4.278641673183
GLOBAL	IV	7520001	7530000	-1.2181756797255	9548	3.0797058580333	9.2222118826808	5.0423811005909
GLOBAL	IV	7530001	7540000	-1.4881269736614	9628	2.1087652169576	9.2212269472962	4.7794723543241
GLOBAL	IV	7540001	7550000	-1.3803244896353	9400	1.6318872736956	6.6231940425242	3.6160386969207
GLOBAL	IV	7550001	7560000	-1.3467098481205	9443	2.1641069026789	8.5739817281845	4.7596554183157
GLOBAL	IV	7560001	7570000	-1.3786936217353	9472	2.1771332853907	9.3520593577434	5.2041483033205
GLOBAL	IV	7570001	7580000	-0.93328195259182	9447	3.7965982870292	8.0527831528236	4.5604491268416
GLOBAL	IV	7580001	7590000	-1.6285092315043	9703	5.0740485415054	18.963676767824	8.5290448206353
GLOBAL	IV	7590001	7600000	-1.3970927023439	9441	8.5334932203803	22.077629798206	9.6945152995947
GLOBAL	IV	7600001	7610000	-1.0679626802562	9593	6.8846083946444	14.680115947174	7.2994194428776
GLOBAL	IV	7610001	7620000	-1.6026421311784	9625	8.8114865187591	29.875381123246	13.143230291218
GLOBAL	IV	7620001	7630000	-1.6598657836252	9569	13.685205095338	40.26183817953	16.011314496855
GLOBAL	IV	7630001	7640000	-1.5719598531939	9484	14.79279879068	43.259269224236	18.108904229149
GLOBAL	IV	7640001	7650000	-1.3293961421628	9689	14.826324795551	34.42544119494	14.742871426949
GLOBAL	IV	7650001	7660000	-1.1837044822167	9068	9.7311189036085	22.606212076385	10.876948905918
GLOBAL	IV	7660001	7670000	-1.2744633744205	9251	11.523412088131	26.890591425761	12.057764582382
GLOBAL	IV	7670001	7680000	-1.3020207694015	8959	5.8448901181692	15.716654534698	7.5818793743719
GLOBAL	IV	7680001	7690000	-1.3207331631745	9298	13.839653239871	31.56744498563	13.422689942266
GLOBAL	IV	7690001	7700000	-1.3628893604134	9670	14.458233115004	34.810909080537	14.933476301671
GLOBAL	IV	7700001	7710000	-1.3040127769528	9173	6.3276042354486	15.844097276761	7.2978526050563
GLOBAL	IV	7710001	7720000	-1.4694958321757	9578	7.0230091694271	20.391694872847	9.0974641851325
GLOBAL	IV	7720001	7730000	-1.5648821374287	9665	5.5776516318826	17.400832656356	7.5553172610814
GLOBAL	IV	7730001	7740000	-1.5470337126516	9125	11.539709128016	35.857021398725	15.718669911226
GLOBAL	IV	7740001	7750000	-1.6769198108473	9589	13.186948018533	41.431603945126	16.843176247242
GLOBAL	IV	7750001	7760000	-1.6581189061063	9077	8.7908013189393	30.789965327744	13.267543074136
GLOBAL	IV	7760001	7770000	-1.3803557891535	5405	4.9423800355799	14.415116259296	6.8625323254705
GLOBAL	IV	7770001	7780000	-1.5217240904105	9440	6.9784189324776	25.464543856749	12.148145015753
GLOBAL	IV	7780001	7790000	-1.4867118414469	9310	7.6838525733446	22.467562357876	9.9438972451737
GLOBAL	IV	7790001	7800000	-1.6226721010604	9623	7.6019658645628	25.587056649129	11.083626059026
GLOBAL	IV	7800001	7810000	-1.6192358842491	9729	4.808008924732	19.095598718478	8.8236617856153
GLOBAL	IV	7810001	7820000	-1.524204537192	9448	6.136080300158	19.871370542674	9.0114482061704
GLOBAL	IV	7820001	7830000	-1.4323398701361	9269	9.1856712314565	28.983329165132	13.821899638802
GLOBAL	IV	7830001	7840000	-1.210102846538	9363	9.6334353580933	23.129944816012	11.153192058453
GLOBAL	IV	7840001	7850000	-1.3144995277477	5457	3.5423681467447	12.289756020803	6.6545386205241
GLOBAL	IV	7850001	7860000	-1.6203590401407	9574	5.665020334728	21.820659877762	9.9704072633376
GLOBAL	IV	7860001	7870000	-1.3263139911126	9702	7.6944121402137	19.089658572292	8.5916657054332
GLOBAL	IV	7870001	7880000	-1.2997554748352	9557	6.098561054602	15.975175941204	7.5988253774072
GLOBAL	IV	7880001	7890000	-1.5489434470799	9564	7.4637596375449	23.638734467014	10.442585789664
GLOBAL	IV	7890001	7900000	-1.6683507625527	9703	4.1258335388675	17.922414772888	8.2695926682171
GLOBAL	IV	7900001	7910000	-1.642963086183	9144	9.6444663489044	32.471113788187	13.893585091016
GLOBAL	IV	7910001	7920000	-1.4843683049113	9307	14.078810745626	39.752898521943	17.296305567405
GLOBAL	IV	7920001	7930000	-1.1365166108118	8968	4.117582710381	14.961630272617	9.5414774047953
GLOBAL	IV	7930001	7940000	-1.257104713885	9067	2.8790166035951	10.406120149672	5.9876504024992
GLOBAL	IV	7940001	7950000	-1.4521049755117	9676	3.0800199767175	10.909610563385	5.3918901998858
GLOBAL	IV	7950001	7960000	-1.3436471891854	9288	5.4189899112365	16.505742613777	8.2512379676554
GLOBAL	IV	7960001	7970000	-1.6372339097807	9198	9.1109258804937	30.786556251078	13.23917751831
GLOBAL	IV	7970001	7980000	-1.3442689041342	9382	2.0025160993902	9.5178342712908	5.5906360318145
GLOBAL	IV	7980001	7990000	-1.4700891512549	9611	1.6422619561836	7.5319712724977	4.0063620027986
GLOBAL	IV	7990001	8000000	-1.4082410407243	9653	2.4530024292864	10.783014672049	5.9151892338535
GLOBAL	IV	8000001	8010000	-1.1124320798345	9439	3.5217063743345	9.6154374441012	5.4778455064631
GLOBAL	IV	8010001	8020000	-1.3692008026127	9366	2.2486603969262	9.222593145558	5.0934331438635
GLOBAL	IV	8020001	8030000	-1.3404240521534	9373	3.01244306024	10.78159428325	5.7960398506195
GLOBAL	IV	8030001	8040000	-1.3962395068341	9398	1.5574144809039	8.9650523484108	5.3054206182026
GLOBAL	IV	8040001	8050000	-1.329543681537	9306	2.6178980492285	9.6124980378809	5.2609027336106
GLOBAL	IV	8050001	8060000	-1.4192597169397	9381	3.4969046029123	11.817873566006	5.8628937774943
GLOBAL	IV	8060001	8070000	-1.4631014488736	9499	1.9125615803257	7.7916676499609	4.0182490928168
GLOBAL	IV	8070001	8080000	-1.2915759939622	9535	2.6789973905293	9.7422749748992	5.468727831261
GLOBAL	IV	8080001	8090000	-1.3341060127774	9438	1.8650504403506	8.9638896015289	5.3210457738658
GLOBAL	IV	8090001	8100000	-1.003476125191	9173	3.1226305078558	8.3153623843564	5.174743819154
GLOBAL	IV	8100001	8110000	-1.2594524545881	9490	1.9235493904075	8.4448818567729	5.1779107997359
GLOBAL	IV	8110001	8120000	-1.1078722121211	9442	2.840149731782	9.6171520354411	6.1171335732701
GLOBAL	IV	8120001	8130000	-1.2988707489484	9584	3.1184694480314	13.126165438552	7.7049206001621
GLOBAL	IV	8130001	8140000	-1.1022601173968	8894	2.5517577880979	9.2376240678708	6.0655975610937
GLOBAL	IV	8140001	8150000	-0.88335738643061	8796	0.83965806955579	6.6677211953227	6.597627659306
GLOBAL	IV	8150001	8160000	-0.51064822589172	3485	2.5149373047536	4.1233715943042	3.1497892443313
GLOBAL	IV	8160001	8170000	-0.85671925896889	1623	0.19668372100128	1.3390588874732	1.3334300058188
GLOBAL	IV	8170001	8180000	0.88557548213317	1415	2.516021837832	1.5688993317444	1.0694994669524
GLOBAL	IV	8180001	8190000	-0.19868884118289	2413	3.2816174633751	3.7534585469163	2.3747739467003
GLOBAL	IV	8190001	8200000	-0.71487038729847	7260	2.5997942421723	8.0603955889379	7.6385893775815
GLOBAL	IV	8200001	8210000	-1.2435946602704	9227	1.3539833914502	8.5825516275443	5.8126401367168
GLOBAL	IV	8210001	8220000	-1.2582004954197	9498	2.9969762975513	11.566458778245	6.810903756507
GLOBAL	IV	8220001	8230000	-1.4505850182666	9017	7.4907618762545	22.863723422688	10.597766661622
GLOBAL	IV	8230001	8240000	-1.5026450644187	9363	13.139086582902	38.848464299734	17.109414808331
GLOBAL	IV	8240001	8250000	-1.6115766834998	9563	12.404794932778	36.890593859153	15.193691480569
GLOBAL	IV	8250001	8260000	-1.5142228205934	9377	11.884242090005	33.773410404102	14.455711548132
GLOBAL	IV	8260001	8270000	-1.4831078110495	9308	13.272663670193	40.028557845059	18.040424287114
GLOBAL	IV	8270001	8280000	-1.6454917192981	9357	11.248297139323	36.37362530761	15.269191496755
GLOBAL	IV	8280001	8290000	-1.4446329189832	9502	3.4917312345661	13.119982999132	6.6648431155388
GLOBAL	IV	8290001	8300000	-1.6989100466841	9330	15.727967981416	48.976587488148	19.57055911914
GLOBAL	IV	8300001	8310000	-1.6970238492009	9509	13.787712776562	44.160238882292	17.89752461053
GLOBAL	IV	8310001	8320000	-1.6628773102604	9208	13.598525489416	45.208499569955	19.009204037782
GLOBAL	IV	8320001	8330000	-1.6931980778252	9334	20.42500253754	63.005373372052	25.147896983915
GLOBAL	IV	8330001	8340000	-1.6844666198547	9401	15.707664125803	52.355353369362	21.756257328934
GLOBAL	IV	8340001	8350000	-1.4790741760773	9281	13.15211209219	43.686764563491	20.644436205548
GLOBAL	IV	8350001	8360000	-1.7096588109562	9413	17.141945915532	52.346482102382	20.591556608398
GLOBAL	IV	8360001	8370000	-1.4840000183252	9535	16.686972001252	46.116666637651	19.831330372631
GLOBAL	IV	8370001	8380000	-1.5646261122074	8569	8.8527884870895	27.015675367567	11.608451845951
GLOBAL	IV	8380001	8390000	-1.6806596855055	7770	10.73702267297	35.644563723579	14.820097885026
GLOBAL	IV	8390001	8400000	-1.6996758528011	9344	17.303076098693	53.514624069044	21.304972892727
GLOBAL	IV	8400001	8410000	-1.5871686833077	9243	10.198727499335	33.512268238213	14.688760548306
GLOBAL	IV	8410001	8420000	-1.5939073824061	9188	15.507332746631	47.419638400764	20.021430358117
GLOBAL	IV	8420001	8430000	-1.6092285292218	8914	11.949760238075	35.851972860477	14.853212075453
GLOBAL	IV	8430001	8440000	-1.7484203043019	9519	9.4825012141075	32.984990628417	13.442127934846
GLOBAL	IV	8440001	8450000	-1.5598335027302	9484	7.7833763439593	24.547948434751	10.747667659047
GLOBAL	IV	8450001	8460000	-1.3568268638541	8967	13.794824446551	39.879376106675	19.224672178166
GLOBAL	IV	8460001	8470000	-1.3522000904261	9204	3.2000450058505	11.043009480714	5.8001508285602
GLOBAL	IV	8470001	8480000	-1.1813300942739	9496	3.3822061466872	10.285764662677	5.8438860987734
GLOBAL	IV	8480001	8490000	-1.5441746590264	9627	4.05628164252	15.065250915592	7.1293549655923
GLOBAL	IV	8490001	8500000	-1.6248575593594	9472	9.0961554230597	29.224902762468	12.388007320065
GLOBAL	IV	8500001	8510000	-1.3473988864056	9084	4.8414933947796	14.290378612584	7.0126859337183
GLOBAL	IV	8510001	8520000	-1.2392118194926	9268	6.4517364217812	19.25639945696	10.332909058616
GLOBAL	IV	8520001	8530000	-1.7271328038491	9092	16.317402290594	51.179853585077	20.18515959907
GLOBAL	IV	8530001	8540000	-1.5110918325429	9157	10.032022945162	28.705104792566	12.35734417013
GLOBAL	IV	8540001	8550000	-1.3804960296658	9396	3.9516919649745	12.728591573399	6.3577869257253
GLOBAL	IV	8550001	8560000	-1.6133056260891	9702	5.9168740352263	21.561470425665	9.6972304177502
GLOBAL	IV	8560001	8570000	-1.620709514346	9112	15.873421248062	52.878507362256	22.832645694146
GLOBAL	IV	8570001	8580000	-1.4708788214504	8881	6.1708484360128	22.349465931687	10.999286453605
GLOBAL	IV	8580001	8590000	-1.6231909944529	8818	10.491052087528	33.25868016086	14.026462782962
GLOBAL	IV	8590001	8600000	-1.588729910785	9477	13.703568246414	41.187605338525	17.299376631319
GLOBAL	IV	8600001	8610000	-1.5620496574919	9223	16.340112966753	48.067675776487	20.311494360991
GLOBAL	IV	8610001	8620000	-1.4925810902519	9291	11.837677651532	35.467701797271	15.831651827876
GLOBAL	IV	8620001	8630000	-1.6453027809599	9166	15.279155732053	48.580862380347	20.24047308111
GLOBAL	IV	8630001	8640000	-1.6492937850154	9393	17.760317100649	50.788895991047	20.025891803193
GLOBAL	IV	8640001	8650000	-1.5313042904898	9532	13.304737470865	40.142011153497	17.525761437035
GLOBAL	IV	8650001	8660000	-1.4223095074672	9598	8.3697841675699	24.030059899702	11.010455635651
GLOBAL	IV	8660001	8670000	-1.5755103105773	9354	8.2023723926141	25.596048716032	11.040026971988
GLOBAL	IV	8670001	8680000	-1.4519127621685	9530	13.888629796003	34.936212029318	14.496451013957
GLOBAL	IV	8680001	8690000	-1.5061562232035	9363	13.18825391445	37.933360119533	16.429309140623
GLOBAL	IV	8690001	8700000	-1.3934174890409	9227	11.068357094334	34.04836034375	16.491829211382
GLOBAL	IV	8700001	8710000	-1.4601535956153	9357	11.840866596765	38.08657864338	17.974624125454
GLOBAL	IV	8710001	8720000	-1.4807284953891	8931	15.642709086037	45.221618307371	19.975916795982
GLOBAL	IV	8720001	8730000	-1.1842989098722	9359	2.5022392973099	8.4446063654927	5.017624367166
GLOBAL	IV	8730001	8740000	-1.3167386849363	9623	3.4284342498298	11.431763576221	6.0781455105335
GLOBAL	IV	8740001	8750000	-1.1408907658194	7942	2.6732256399884	8.6228790043826	5.214919379351
GLOBAL	IV	8750001	8760000	-1.3260946767588	9603	2.3642106306338	8.8325860426204	4.8777628968368
GLOBAL	IV	8760001	8770000	-0.68659900171232	6543	2.2113932630604	5.4684617334855	4.7437710545781
GLOBAL	IV	8770001	8780000	-1.1659431493298	9217	2.1333087044553	7.0178553503639	4.1893523270977
GLOBAL	IV	8780001	8790000	-1.1215422871079	9417	2.9337160101846	8.1911809031626	4.687709909303
GLOBAL	IV	8790001	8800000	-1.1583245562663	9605	3.2080811404848	9.4837140601708	5.4178536453674
GLOBAL	IV	8800001	8810000	-1.4851182464393	9329	1.9111765906165	9.6123136704066	5.1855379854461
GLOBAL	IV	8810001	8820000	-1.539094209934	9213	2.0388040656619	9.7402919836706	5.0039093567501
GLOBAL	IV	8820001	8830000	-1.5514212436537	8949	0.85149409132059	8.1832618897325	4.7258395025873
GLOBAL	IV	8830001	8840000	-1.562758377438	9536	1.4529641569172	11.562943112838	6.4693167554761
GLOBAL	IV	8840001	8850000	-0.64842554773597	8003	4.9698109723017	12.895751206618	12.223362052883
GLOBAL	IV	8850001	8860000	-1.0708319327435	9196	3.0653678607235	8.4449329739137	5.0237249643907
GLOBAL	IV	8860001	8870000	-1.3142892485176	9469	3.3385947844581	10.911249769405	5.7617872119767
GLOBAL	IV	8870001	8880000	-1.2437207873172	9135	3.2708383083	11.181003977659	6.360081579421
GLOBAL	IV	8880001	8890000	-1.234658869281	9562	3.4563501422284	10.39214445213	5.6175794646344
GLOBAL	IV	8890001	8900000	-0.88112357562026	9407	6.0433326699853	12.488592585446	7.3148195029549
GLOBAL	IV	8900001	8910000	-1.2786721287726	9495	4.2353133666973	12.729788222532	6.6432001329289
GLOBAL	IV	8910001	8920000	-1.3418852466325	9545	3.3340930134798	11.432689574812	6.0352377982064
GLOBAL	IV	8920001	8930000	-1.0323694978666	9525	5.2086105186046	11.83259041613	6.4162878806609
GLOBAL	IV	8930001	8940000	-0.99377859070356	9355	4.4411511333471	10.144996332408	5.7395533093778
GLOBAL	IV	8940001	8950000	-1.3063520881389	9547	3.2001472909808	9.3498750840909	4.7075576706669
GLOBAL	IV	8950001	8960000	-1.3842827820669	9461	2.4510710116778	9.7417839611696	5.2667800567498
GLOBAL	IV	8960001	8970000	-1.1416008539706	9265	3.221983958916	9.6146651078887	5.5997515477835
GLOBAL	IV	8970001	8980000	-1.0664384186337	9631	5.5593992517556	12.078800480755	6.1132467802051
GLOBAL	IV	8980001	8990000	-0.83380692278595	9723	7.3925610403341	12.988121137655	6.7108582867414
GLOBAL	IV	8990001	9000000	-1.0918738245425	9376	3.8854470745281	9.6115456651598	5.2442859805997
GLOBAL	IV	9000001	9010000	-1.1268357438267	9273	4.4446465640572	11.041075017796	5.8539396623489
GLOBAL	IV	9010001	9020000	-1.1520037613797	9449	3.5117708417871	9.612139117747	5.2954412828075
GLOBAL	IV	9020001	9030000	-0.75630261301464	8955	3.8769232986835	7.0135889263671	4.1473684920653
GLOBAL	IV	9030001	9040000	-1.137985290595	9700	2.3570851517927	8.1848340222496	5.1211108953877
GLOBAL	IV	9040001	9050000	-1.4110325238776	9398	7.9239931992573	21.951894624841	9.9415861705545
GLOBAL	IV	9050001	9060000	-1.5999742787512	9412	21.358746158147	63.532436064657	26.358979932744
GLOBAL	IV	9060001	9070000	-1.5945412245755	8915	16.425765015862	49.239285101625	20.578658977286
GLOBAL	IV	9070001	9080000	-1.5940039606563	9181	15.773078443839	47.026992197354	19.60717446439
GLOBAL	IV	9080001	9090000	-1.6406109183224	9534	24.204914770564	68.32047161555	26.889713064995
GLOBAL	IV	9090001	9100000	-1.5491264062316	8993	23.929565541563	71.111801452074	30.457318215423
GLOBAL	IV	9100001	9110000	-1.6511595360632	8995	15.04116409371	45.981890315356	18.738786619866
GLOBAL	IV	9110001	9120000	-1.5794888661473	9241	18.171044369765	51.303563891625	20.97673508942
GLOBAL	IV	9120001	9130000	-1.6418550122025	9575	16.978655835147	53.906432654551	22.491496840435
GLOBAL	IV	9130001	9140000	-1.512382884286	9428	13.113616207817	35.84673690671	15.031326349363
GLOBAL	IV	9140001	9150000	-1.4519412117468	9746	9.7437486420908	25.844831998929	11.089349366609
GLOBAL	IV	9150001	9160000	-1.5463880256242	9639	19.668343301098	51.822559493399	20.793109917753
GLOBAL	IV	9160001	9170000	-1.5837688574909	9342	23.266106811425	65.451886484829	26.636323522764
GLOBAL	IV	9170001	9180000	-1.5618117319308	9172	16.839670080886	47.411880389879	19.574837148392
GLOBAL	IV	9180001	9190000	-1.6150526856232	9311	20.036662404881	56.49672431934	22.575153268384
GLOBAL	IV	9190001	9200000	-1.640087830684	8920	18.116267734568	58.078576934252	24.365956781119
GLOBAL	IV	9200001	9210000	-0.79576825099806	1183	0.16921837721635	1.3312210831417	1.4602275278864
GLOBAL	IV	9210001	9220000	-1.429497537458	5027	9.0292546925156	27.054040923014	12.609176132301
GLOBAL	IV	9220001	9230000	-1.6209437360696	9180	14.375680672027	46.903110821352	20.066970509535
GLOBAL	IV	9230001	9240000	-1.5713610259161	9520	11.359754542432	34.682305987607	14.842261619399
GLOBAL	IV	9240001	9250000	-1.6201016990809	9109	17.158784640439	49.611649020783	20.031374819713
GLOBAL	IV	9250001	9260000	-1.6661628441499	9149	20.473906856492	62.486575196027	25.215223402111
GLOBAL	IV	9260001	9270000	-1.0364314357256	9440	5.6332879380931	12.20938799939	6.3449446192198
GLOBAL	IV	9270001	9280000	-0.92834915431921	8826	4.0529271693165	11.077820684213	7.5670812885567
GLOBAL	IV	9280001	9290000	-1.0323775164615	9322	3.9268986075166	9.0926338704379	5.0037270093084
GLOBAL	IV	9290001	9300000	-0.99588023527983	9154	5.470441413614	11.691158542544	6.2464510375408
GLOBAL	IV	9300001	9310000	-1.1977218462317	9094	5.1045111621514	14.166497920903	7.5660194286871
GLOBAL	IV	9310001	9320000	-1.0020546661664	9337	4.3550511123331	10.133356711551	5.7664574541867
GLOBAL	IV	9320001	9330000	-1.236317917438	9394	3.0169843085089	9.3516320161761	5.1238015872118
GLOBAL	IV	9330001	9340000	-1.139435691948	9592	2.6933844861166	8.0611469560705	4.7108954966795
GLOBAL	IV	9340001	9350000	-1.0564250962893	9615	5.2197893739181	12.080339428016	6.4941187768025
GLOBAL	IV	9350001	9360000	-1.0074613755653	8766	5.6875904892056	14.669564401483	8.9154523737823
GLOBAL	IV	9360001	9370000	-1.1294358863367	9445	4.2292972317906	11.178670599297	6.1529595894516
GLOBAL	IV	9370001	9380000	-0.73487337782652	9582	7.8189721000597	12.7320096029	6.6855565204594
GLOBAL	IV	9380001	9390000	-0.59722325935417	6222	4.3929474916423	8.0771831866516	6.1689420787017
GLOBAL	IV	9390001	9400000	-0.72099558824345	6930	0.95174921353897	4.6092212992865	5.0728078581704
GLOBAL	IV	9400001	9410000	-1.1943464868959	9513	4.2208327330678	11.561769930139	6.1464049818162
GLOBAL	IV	9410001	9420000	-1.046211081626	9482	3.4330793288852	8.4428178558734	4.7884586724147
GLOBAL	IV	9420001	9430000	-1.0981709225087	9613	3.7704843119159	10.141303259779	5.8012999773376
GLOBAL	IV	9430001	9440000	-1.1193934148894	9408	4.8705104717795	11.691322642261	6.0933109662391
GLOBAL	IV	9440001	9450000	-1.2338343269363	9623	3.1716956389198	8.5707022272012	4.3757954130579
GLOBAL	IV	9450001	9460000	-1.1002708144726	9356	5.171211312728	13.391774627212	7.4713999556772
GLOBAL	IV	9460001	9470000	-1.5376064154364	9131	2.7858866141178	12.731186408598	6.4680399968655
GLOBAL	IV	9470001	9480000	-1.1469898305944	9192	4.4936284875527	12.602991913989	7.0701267004552
GLOBAL	IV	9480001	9490000	-1.102218204635	8776	3.1443279944508	11.901990521818	7.9454889154796
GLOBAL	IV	9490001	9500000	-1.1263366418286	8831	2.7790705173757	10.140961901689	6.5361376971286
GLOBAL	IV	9500001	9510000	-1.3623696722791	9589	3.1678894899144	11.301040441612	5.9698561390403
GLOBAL	IV	9510001	9520000	-1.3202212944589	9120	2.3692986710924	9.8848461873547	5.6926422470278
GLOBAL	IV	9520001	9530000	-1.4905956870579	9411	3.2140608230405	12.727762705727	6.3824831678295
GLOBAL	IV	9530001	9540000	-1.1286145348316	9361	3.2764351712211	11.754373035221	7.5118099247815
GLOBAL	IV	9540001	9550000	-1.1669197313571	9678	4.3562526560038	12.868479886253	7.2946124754872
GLOBAL	IV	9550001	9560000	-1.0330840439951	9349	5.0903340779222	12.344400908311	7.0217586580243
GLOBAL	IV	9560001	9570000	-0.86467272057791	8594	13.429873005925	32.139085887098	21.637334491909
GLOBAL	IV	9570001	9580000	-1.0834939128159	9220	3.8721206025373	13.791369179188	9.1548724541256
GLOBAL	IV	9580001	9590000	-1.1536761491794	9592	5.6861775197761	16.932075922044	9.7478815092665
GLOBAL	IV	9590001	9600000	-1.090359912839	9180	4.6134754460626	13.665458604211	8.3018304796068
GLOBAL	IV	9600001	9610000	-1.1443820581513	8739	2.9428793228352	11.840594537685	7.7751264549044
GLOBAL	IV	9610001	9620000	-0.86858836614555	9419	6.7960430342635	13.77885870205	8.0392691635664
GLOBAL	IV	9620001	9630000	-1.0870159235728	9435	6.0208129953401	15.466385258433	8.6894516062358
GLOBAL	IV	9630001	9640000	-0.73487537607844	5795	2.6504514096223	5.8377365436489	4.3371777552749
GLOBAL	IV	9640001	9650000	-1.2089977140268	8986	3.1578005427158	10.301794635954	5.9090220025674
GLOBAL	IV	9650001	9660000	-0.93718626527595	9594	7.6657415694074	15.598114270513	8.46403003865
GLOBAL	IV	9660001	9670000	-1.2973434729984	9579	4.2313983070086	14.292112800341	7.7548580639792
GLOBAL	IV	9670001	9680000	-1.3985439398952	8992	2.6759416594658	12.486794364129	7.0150478828708
GLOBAL	IV	9680001	9690000	-1.328505672436	9423	3.4686368426428	12.212282093339	6.5815641077874
GLOBAL	IV	9690001	9700000	-1.1943216077694	9433	5.123347188441	16.389842913653	9.4333851551548
GLOBAL	IV	9700001	9710000	-1.2852569997728	9183	2.9205797454318	10.783185059987	6.1175354936368
GLOBAL	IV	9710001	9720000	-1.2465627922443	9371	3.7299743022293	13.012585571349	7.4465653289774
GLOBAL	IV	9720001	9730000	-1.3944376255982	9587	2.2709779873285	11.694529967852	6.7579587695657
GLOBAL	IV	9730001	9740000	-1.2002319324314	9158	4.7415520491029	13.76165484989	7.5152997991935
GLOBAL	IV	9740001	9750000	-1.1906508032528	9024	4.820202864376	15.231441093261	8.7441575652925
GLOBAL	IV	9750001	9760000	-1.1111136847064	9358	3.7250248265396	12.363296109377	7.7744261471501
GLOBAL	IV	9760001	9770000	-1.3993094027869	9564	3.3790482163584	14.167984251581	7.7101861916566
GLOBAL	IV	9770001	9780000	-1.4713762279972	9678	5.110076311911	15.454955941622	7.0307508255667
GLOBAL	IV	9780001	9790000	-0.98708087389865	9284	4.5482540260142	13.432484442653	9.0005091290538
GLOBAL	IV	9790001	9800000	-1.0981722107131	9247	4.1784452104065	13.263179965681	8.2725957428623
GLOBAL	IV	9800001	9810000	-1.1217289832561	9385	5.6146523941822	15.20714567184	8.55152485212
GLOBAL	IV	9810001	9820000	-1.1658274506356	9240	4.1257796817711	13.141825709706	7.7336024495044
GLOBAL	IV	9820001	9830000	-1.3349468355309	9535	3.8250340473431	13.251125208436	7.0610236379523
GLOBAL	IV	9830001	9840000	-0.74460425287146	5796	4.325101624694	8.6235109244075	5.7727434179127
GLOBAL	IV	9840001	9850000	-0.94828769858986	8123	4.2181551604355	10.737903388576	6.8752850404318
GLOBAL	IV	9850001	9860000	-1.0475294232662	9483	8.9103576619459	18.186509144123	8.8552658055694
GLOBAL	IV	9860001	9870000	-1.3524982216047	9233	3.8940806505626	15.139728863847	8.3147231054711
GLOBAL	IV	9870001	9880000	-1.2454557013927	9495	7.7918375456231	20.14269801747	9.9167400799853
GLOBAL	IV	9880001	9890000	-1.5188856786284	9506	3.2198954537823	15.330541619707	7.9733757032072
GLOBAL	IV	9890001	9900000	-1.242815452503	9093	3.8591037337016	15.116112078754	9.0576668662922
GLOBAL	IV	9900001	9910000	-1.5102320386552	9565	6.8068231772094	23.003678421104	10.724746151139
GLOBAL	IV	9910001	9920000	-1.2825331230591	9584	4.8247759429603	14.030288848676	7.177602465158
GLOBAL	IV	9920001	9930000	-1.0584008724204	6436	4.2433723457109	12.527890894667	7.827392025869
GLOBAL	IV	9930001	9940000	-1.1967376836501	9362	6.5014492349515	16.503064475714	8.3573997688924
GLOBAL	IV	9940001	9950000	-1.143605040335	9396	6.2487132695404	16.24664938202	8.7424729341441
GLOBAL	IV	9950001	9960000	-1.5145454798842	9321	2.7273335634722	13.902271532959	7.378410300588
GLOBAL	IV	9960001	9970000	-1.1746455947334	9586	5.4947809800182	16.116010019546	9.0420711465221
GLOBAL	IV	9970001	9980000	-1.2344496772495	9193	3.4989975877158	12.613296897437	7.3832894752171
GLOBAL	IV	9980001	9990000	-1.3210870741165	9164	5.7340458781418	18.58800021189	9.7298312772794
GLOBAL	IV	9990001	10000000	-1.137940051086	9382	5.9616705134209	15.871892795768	8.7089142111563
GLOBAL	IV	10000001	10010000	-1.2609296777258	8943	9.8058718145947	28.663374007613	14.955237017682
GLOBAL	IV	10010001	10020000	-1.2545848206812	9504	4.9000564319979	14.682708698753	7.7975216226858
GLOBAL	IV	10020001	10030000	-0.73263908221658	9162	8.3216250247648	18.055160549285	13.285580527688
GLOBAL	IV	10030001	10040000	-0.79333957459529	9400	8.4752257038942	15.619398980894	9.0051895881339
GLOBAL	IV	10040001	10050000	-1.1020340346318	9473	5.769402945924	15.85922673956	9.1556371913751
GLOBAL	IV	10050001	10060000	-1.2166165033556	9573	5.0093854779588	13.511114259804	6.9880104029464
GLOBAL	IV	10060001	10070000	-0.82979329035924	9154	9.5770350301614	19.811811922479	12.334128283789
GLOBAL	IV	10070001	10080000	-0.71529928460516	6532	5.4532220797689	16.338445336358	15.217718640104
GLOBAL	IV	10080001	10090000	-0.72384245185975	2248	1.0204719237993	4.8668869634662	5.3138842986956
GLOBAL	IV	10090001	10100000	-0.433844133215	3833	3.4794086740702	5.8775039341532	5.5275502801246
GLOBAL	IV	10100001	10110000	-1.1606763048308	9235	4.8870274551411	13.839304827681	7.7129836589922
GLOBAL	IV	10110001	10120000	-1.0376450806037	9476	5.503917014596	13.907645977966	8.0988472074482
GLOBAL	IV	10120001	10130000	-0.8555966348818	9034	6.7059871587528	15.271020842754	10.010597675136
GLOBAL	IV	10130001	10140000	-0.84849332826729	9114	9.0301183432034	18.637958619206	11.323412873054
GLOBAL	IV	10140001	10150000	-0.89124882860462	9062	7.9906993465196	18.097869468346	11.340458239537
GLOBAL	IV	10150001	10160000	-0.52681412551808	8934	9.6022688548397	14.881063991871	10.020223227387
GLOBAL	IV	10160001	10170000	-1.0392186891553	9544	8.5377738629795	21.095301764014	12.083624007225
GLOBAL	IV	10170001	10180000	-0.96001036655284	8863	5.3938804243489	14.353964814722	9.3333204541807
GLOBAL	IV	10180001	10190000	-0.96273736261014	9666	6.8404632008961	16.271171646919	9.795722917052
GLOBAL	IV	10190001	10200000	-0.82874916022498	9421	7.5146783513539	17.50008876478	12.048772888911
GLOBAL	IV	10200001	10210000	-1.0721624410049	9532	7.0707222153197	16.894854303735	9.1629138577242
GLOBAL	IV	10210001	10220000	-0.93778336660014	9244	7.0509471110993	14.033483844745	7.4457886355571
GLOBAL	IV	10220001	10230000	-1.4038058286791	9441	5.2629955553575	16.237438257244	7.8176357995412
GLOBAL	IV	10230001	10240000	-1.3586719591857	9107	3.8506373645288	14.126395921396	7.5630901833182
GLOBAL	IV	10240001	10250000	-1.1929862224903	9346	5.9478446265112	16.241446112073	8.6284328280628
GLOBAL	IV	10250001	10260000	-1.2960536030054	9617	6.1850163247253	18.189669493915	9.2624665687841
GLOBAL	IV	10260001	10270000	-1.1384191044524	9656	5.8989682729037	14.160088498005	7.2566598652396
GLOBAL	IV	10270001	10280000	-1.0495926641649	9213	9.8254494944451	22.116317548775	11.71013143857
GLOBAL	IV	10280001	10290000	-1.4474627686308	9455	3.6855231243726	16.773600518982	9.042082240906
GLOBAL	IV	10290001	10300000	-1.0172707347825	9320	4.7556473903539	18.578556301413	13.588230191262
GLOBAL	IV	10300001	10310000	-1.1922173692064	9350	5.1524919669259	16.251036418226	9.3091618508187
GLOBAL	IV	10310001	10320000	-0.86720464873133	8756	5.0856555404608	16.358364687659	12.998903042885
GLOBAL	IV	10320001	10330000	-0.89959038568642	8891	5.71711055641	17.179442885495	12.741723912866
GLOBAL	IV	10330001	10340000	-0.95205047881456	7299	3.6667752783501	12.582693985693	9.3649642595051
GLOBAL	IV	10340001	10350000	-1.1106720456138	7044	3.8152049047938	14.697012217222	9.7974981502432
GLOBAL	IV	10350001	10360000	-1.1313916476782	8936	5.9860352746762	18.834298243903	11.356158581862
GLOBAL	IV	10360001	10370000	-1.2954801100852	9433	5.9012065360878	17.413076055582	8.8861800577836
GLOBAL	IV	10370001	10380000	-1.1596464229378	9196	6.9178021704019	17.411093403555	9.0486988323306
GLOBAL	IV	10380001	10390000	-1.1641266085351	9472	6.9612239675607	17.674192901629	9.20258059177
GLOBAL	IV	10390001	10400000	-1.4095919787259	9416	4.6867233129639	19.258393675227	10.337509422716
GLOBAL	IV	10400001	10410000	-1.3837215487712	9344	4.2638100382181	16.332705767565	8.7220551996643
GLOBAL	IV	10410001	10420000	-1.2928014776726	9384	6.4153433774302	17.536915172951	8.6026911228032
GLOBAL	IV	10420001	10430000	-1.2540421383421	9456	5.8997935694493	16.760133875478	8.6602674455474
GLOBAL	IV	10430001	10440000	-0.96302557821843	8569	4.8972954987248	12.888326022594	8.2978382969358
GLOBAL	IV	10440001	10450000	-1.191711715738	9334	3.8677306648132	13.609138486456	8.1742989457903
GLOBAL	IV	10450001	10460000	-1.1871855278659	8886	4.157382013509	14.02779195227	8.3141258944621
GLOBAL	IV	10460001	10470000	-1.0800126858905	9226	3.9123699598324	14.577262617281	9.8747846176037
GLOBAL	IV	10470001	10480000	-1.2445288935226	9109	6.3263278909363	18.324284776011	9.6405611372468
GLOBAL	IV	10480001	10490000	-1.0583396923524	9108	6.6447768782846	16.780791526057	9.5772791297691
GLOBAL	IV	10490001	10500000	-1.2082136899135	7150	1.4268147294286	7.4197114861879	4.9601298237137
GLOBAL	IV	10500001	10510000	-0.92044450075501	9436	7.3196653770739	16.253804358451	9.7063309890479
GLOBAL	IV	10510001	10520000	-0.71830824070624	8760	7.6541914860192	16.910145114363	12.885768398318
GLOBAL	IV	10520001	10530000	-0.79527251773502	7334	6.3599958359007	13.475891638093	8.947745135792
GLOBAL	IV	10530001	10540000	-0.73102158492672	6459	4.6026948775212	11.600395310382	9.5724949538422
GLOBAL	IV	10540001	10550000	-1.0025500405965	9066	6.5017943296132	17.007502415647	10.478986245697
GLOBAL	IV	10550001	10560000	-0.81336263067372	7065	6.4133881923959	16.870984070011	12.857236714887
GLOBAL	IV	10560001	10570000	-0.72935677160165	6060	2.4006862325416	7.4160780694498	6.876458863739
GLOBAL	IV	10570001	10580000	-0.55157855676444	4056	4.1691767135848	8.4443456863471	7.7507889317533
GLOBAL	IV	10580001	10590000	-0.90875142205587	7009	5.2257511104916	14.277174630312	9.9602853983363
GLOBAL	IV	10590001	10600000	-0.87881078846409	9214	9.3418729526402	19.928154418736	12.0461441815
GLOBAL	IV	10600001	10610000	-0.91913698687072	9233	7.0184603888983	16.274012029052	10.069828298026
GLOBAL	IV	10610001	10620000	-0.37376063238987	8971	15.353417034768	20.319376093065	13.286469007032
GLOBAL	IV	10620001	10630000	-0.57354406085773	8963	12.475187613911	21.005364083907	14.872748324234
GLOBAL	IV	10630001	10640000	-0.73200371158622	9275	7.497677489228	16.301153058043	12.026544988056
GLOBAL	IV	10640001	10650000	-0.62901599198533	8891	8.598560788889	16.296280854743	12.237717584187
GLOBAL	IV	10650001	10660000	-0.74656711145652	8915	9.2247137159913	17.429948250764	10.990618805541
GLOBAL	IV	10660001	10670000	-1.0252163361373	9299	10.508708978057	23.661101862101	12.828895151631
GLOBAL	IV	10670001	10680000	-0.84527703358767	8493	8.3201099646094	16.513737674847	9.6934228479642
GLOBAL	IV	10680001	10690000	-0.58365181685452	8647	13.901636582096	22.072760782831	13.999997883622
GLOBAL	IV	10690001	10700000	-1.1264349551258	9233	6.0745443068495	14.564504247091	7.5370174741184
GLOBAL	IV	10700001	10710000	-1.1498100012865	9366	6.0007932582298	16.256848234849	8.9197823685168
GLOBAL	IV	10710001	10720000	-1.0129554114572	8793	9.0505408706046	20.14731461544	10.954849166433
GLOBAL	IV	10720001	10730000	-0.84004285485602	9216	11.486672416002	21.586639471572	12.023156910609
GLOBAL	IV	10730001	10740000	-0.43401007925683	9317	15.842928800233	21.624512529323	13.321312120193
GLOBAL	IV	10740001	10750000	-0.903845670638	8956	10.879450063916	21.716131892267	11.989526730489
GLOBAL	IV	10750001	10760000	-1.0796191575728	8793	7.5847722266718	20.371098347746	11.843367201653
GLOBAL	IV	10760001	10770000	-0.99456440946144	8916	9.2706328217303	24.247330580907	15.058549870376
GLOBAL	IV	10770001	10780000	-0.85778523619476	9133	9.8703574937277	21.536284742122	13.600056000201
GLOBAL	IV	10780001	10790000	-1.0228519162092	9434	9.7449041497331	20.665415521702	10.676532153786
GLOBAL	IV	10790001	10800000	-0.96847138942385	8681	9.0344941407671	20.182274062171	11.510696178682
GLOBAL	IV	10800001	10810000	-1.2647151870391	9231	7.3580313846173	20.280002849921	10.217297615881
GLOBAL	IV	10810001	10820000	-0.90595624725249	9155	10.963881399751	23.421502102985	13.750797282997
GLOBAL	IV	10820001	10830000	-0.81318330622679	8738	10.924482691872	20.556315385485	11.844602096304
GLOBAL	IV	10830001	10840000	-0.96080460564907	8830	7.9487328476138	19.836707570833	12.372936862838
GLOBAL	IV	10840001	10850000	-0.75543548489066	9495	9.4975943324996	17.702130402095	10.86067074382
GLOBAL	IV	10850001	10860000	-0.93590008150666	9127	8.5135486546137	19.424403890489	11.658141132235
GLOBAL	IV	10860001	10870000	-0.69094369500381	8540	7.70582923826	14.905239319979	10.419676934282
GLOBAL	IV	10870001	10880000	-0.45417380312384	9079	16.954163187356	24.710045163655	17.076902989457
GLOBAL	IV	10880001	10890000	-1.0551546129283	9464	7.8871971225649	19.501854298224	11.007540537994
GLOBAL	IV	10890001	10900000	-0.92330488683095	8919	8.7379035838304	19.953094462737	12.146790338563
GLOBAL	IV	10900001	10910000	-1.1282430970775	9124	8.7651800809556	20.510944846837	10.410668406752
GLOBAL	IV	10910001	10920000	-0.80477917473831	9199	10.40934107542	18.725776689902	10.333810659534
GLOBAL	IV	10920001	10930000	-1.0929585612241	9403	7.0260625447194	17.94495671799	9.990217891739
GLOBAL	IV	10930001	10940000	-0.89245127609013	9257	9.1356046178881	20.426402289798	12.651444369462
GLOBAL	IV	10940001	10950000	-1.1759460007713	9342	7.7188972408863	18.982110469669	9.5780020693087
GLOBAL	IV	10950001	10960000	-0.88650761718446	9325	12.435223344316	22.088561111688	10.889176336725
GLOBAL	IV	10960001	10970000	-0.58369694613704	9559	15.79342671898	22.089331907242	10.786256857996
GLOBAL	IV	10970001	10980000	-1.3056547931928	9166	6.8559183505709	20.020431781109	10.08269069219
GLOBAL	IV	10980001	10990000	-1.2139621466137	9284	6.5963221870802	20.071366499042	11.100053119078
GLOBAL	IV	10990001	11000000	-1.051647673162	9300	6.7701247407984	17.189453807206	9.9076233726454
GLOBAL	IV	11000001	11010000	-0.87912208079834	9342	6.3141873098349	16.394936221024	11.466836212366
GLOBAL	IV	11010001	11020000	-1.2253847571006	8931	4.7901208232747	16.423350336068	9.4935320889086
GLOBAL	IV	11020001	11030000	-1.3320704344067	9526	6.0516081275558	18.210523212748	9.1278319607834
GLOBAL	IV	11030001	11040000	-1.1677688550566	9272	8.4261257330539	20.40916189886	10.261479499062
GLOBAL	IV	11040001	11050000	-1.0080604753047	8811	7.3874048636836	17.88219553803	10.410874080917
GLOBAL	IV	11050001	11060000	-1.0584997684167	9284	8.1772466236396	19.930173991748	11.103382087356
GLOBAL	IV	11060001	11070000	-1.0359067101188	8665	8.3957322484305	18.808104497599	10.051457479192
GLOBAL	IV	11070001	11080000	-0.65157465289494	6345	4.4601617747833	9.9261936579855	8.3889572114518
GLOBAL	IV	11080001	11090000	-0.82468097329125	9231	11.482951397668	23.325172181511	14.359759916107
GLOBAL	IV	11090001	11100000	-0.82178544572662	8928	11.766291777583	22.076889873742	12.546581531439
GLOBAL	IV	11100001	11110000	2.1506542051213	8441	128.11651712728	57.476797394221	32.84568926276
GLOBAL	IV	11110001	11120000	-0.76762161097702	8837	48.450963773488	79.079590402359	39.900683085104
GLOBAL	IV	11120001	11130000	-1.375162181036	9007	19.205118710807	58.890753304281	28.858875804435
GLOBAL	IV	11130001	11140000	-1.2671049811102	9529	7.6924785040787	22.237107792281	11.478630030685
GLOBAL	IV	11140001	11150000	-1.2665491406741	9622	6.7699191588177	23.177995832889	12.9549467503
GLOBAL	IV	11150001	11160000	-1.325564568634	9436	4.3903802277711	16.000432259206	8.7585714842996
GLOBAL	IV	11160001	11170000	-1.4744240087426	9498	5.0924442067152	19.362170532763	9.678170079594
GLOBAL	IV	11170001	11180000	-1.4802182358293	9190	4.411620553182	19.374843439391	10.108795124947
GLOBAL	IV	11180001	11190000	-1.1231058217915	9491	9.3967810007939	23.005475762741	12.117019160527
GLOBAL	IV	11190001	11200000	-1.2496929294357	9376	6.5455353063761	18.710270654609	9.7341795425911
GLOBAL	IV	11200001	11210000	-1.3913739532881	9359	6.9180307259192	22.351139163542	11.091991769109
GLOBAL	IV	11210001	11220000	-0.78774405116207	9195	9.9251405780544	20.190890026127	13.031833668472
GLOBAL	IV	11220001	11230000	-0.66101679470464	8794	11.378621110604	21.865281079061	15.864438018012
GLOBAL	IV	11230001	11240000	-1.127334169705	9283	7.1512071855684	21.085571917905	12.360456293082
GLOBAL	IV	11240001	11250000	-1.0230546188394	9208	8.2328586216168	24.264872229413	15.670730880414
GLOBAL	IV	11250001	11260000	-1.2883795852584	9395	5.7531366729171	20.828716322533	11.701194137279
GLOBAL	IV	11260001	11270000	-1.0625977122527	8796	5.4918054208641	20.770023584044	14.37817716621
GLOBAL	IV	11270001	11280000	-1.2917318775207	9276	5.79350382673	20.824764418651	11.636517495233
GLOBAL	IV	11280001	11290000	-1.1722924105228	9018	9.1105384101143	29.427173537675	17.330688952
GLOBAL	IV	11290001	11300000	-1.4527199569913	8673	21.724849097135	67.008404557468	31.171565615522
GLOBAL	IV	11300001	11310000	-1.4901499088346	9226	26.255243034722	75.963695318613	33.358021222688
GLOBAL	IV	11310001	11320000	-1.3898393048712	8747	18.201804400883	56.990665936508	27.908882271264
GLOBAL	IV	11320001	11330000	-1.2470122922467	9434	6.1260158441059	18.07056259457	9.5785316830714
GLOBAL	IV	11330001	11340000	-1.2570041955566	9187	5.5915844939645	22.154991707712	13.176890954141
GLOBAL	IV	11340001	11350000	-1.2746115096433	9268	7.8637026744076	23.933890233439	12.607910282819
GLOBAL	IV	11350001	11360000	0.73954590580641	8749	58.4125564785	39.054716103275	26.175305986066
GLOBAL	IV	11360001	11370000	1.8904234435145	8550	120.47966792589	51.60766104935	36.432052888901
GLOBAL	IV	11370001	11380000	2.3353956648683	8045	162.76665929624	65.875895736906	41.48794357071
GLOBAL	IV	11380001	11390000	0.91871368723046	8843	58.424482176801	35.759158180245	24.670715492312
GLOBAL	IV	11390001	11400000	-0.73703104117504	9313	11.229177467609	21.228534581381	13.567077307666
GLOBAL	IV	11400001	11410000	-0.88626313657214	8887	9.670127250796	24.331068905469	16.542425211747
GLOBAL	IV	11410001	11420000	-0.32405761685782	5098	14.155626583108	19.536693710338	16.605278960596
GLOBAL	IV	11420001	11430000	-0.84769596104708	5853	15.878798793202	32.456539614826	19.556234290827
GLOBAL	IV	11430001	11440000	-1.1651896861666	9164	9.5897511225561	25.217625492195	13.412300636692
GLOBAL	IV	11440001	11450000	-1.0442364218113	9041	7.4154061122199	21.600219598919	13.583909917732
GLOBAL	IV	11450001	11460000	-1.1877441205399	9487	9.0131404760211	23.285218286397	12.016121623813
GLOBAL	IV	11460001	11470000	-1.1503302933324	9253	12.049376301966	29.829902751411	15.456887949927
GLOBAL	IV	11470001	11480000	1.7689829866991	7963	131.86208089919	58.630947999155	41.397307634189
GLOBAL	IV	11480001	11490000	2.2597721705629	8013	179.35495342824	74.143591893444	46.558393321829
GLOBAL	IV	11490001	11500000	0.9950201663748	8111	157.54456338144	93.900551670771	63.962534490677
GLOBAL	IV	11500001	11510000	-0.20262192569869	8571	81.063444937861	91.404344508452	51.03544216616
GLOBAL	IV	11510001	11520000	0.026076050298279	8320	79.147431160188	77.949060453625	45.956756980276
GLOBAL	IV	11520001	11530000	-0.27774899334337	8274	84.591764790505	100.14501595557	55.997506877857
GLOBAL	IV	11530001	11540000	-0.34064774104368	9007	55.846796035017	67.985670947999	35.634684897045
GLOBAL	IV	11540001	11550000	-0.8761081661109	8976	44.556536188119	77.1138192213	37.161259639555
GLOBAL	IV	11550001	11560000	-1.4175679671729	8574	19.814681767775	59.532230948028	28.018091618889
GLOBAL	IV	11560001	11570000	-1.2882429917358	9501	8.6527557418878	23.000767385929	11.137659382652
GLOBAL	IV	11570001	11580000	-1.1208258502901	9341	8.8761381856018	21.588022922609	11.341534221143
GLOBAL	IV	11580001	11590000	-1.3465114353878	9536	8.6224352287497	24.821447874291	12.030356534533
GLOBAL	IV	11590001	11600000	-0.90828383459655	9422	11.872885813418	24.864541975031	14.303520184727
GLOBAL	IV	11600001	11610000	-1.0354283422224	8976	21.157341135098	46.053362149968	24.044175728698
GLOBAL	IV	11610001	11620000	-1.9525238519124	9070	8.3170878202393	74.004935548579	33.642532798768
GLOBAL	IV	11620001	11630000	-0.77145073689717	8606	21.794732378488	40.398684839224	24.115541759105
GLOBAL	IV	11630001	11640000	-0.53713059301636	7119	64.421279802218	97.489983475563	61.565481659947
GLOBAL	IV	11640001	11650000	-0.43692456688553	6632	55.409198643036	78.366217261696	52.54229301479
GLOBAL	IV	11650001	11660000	-0.46301134167755	6225	72.750098059813	101.69121903558	62.506289523952
GLOBAL	IV	11660001	11670000	-0.74634723719443	6645	50.392670327414	95.139459763775	59.954384777477
GLOBAL	IV	11670001	11680000	-0.61224134561806	6926	69.892206484933	110.20056760665	65.837371830914
GLOBAL	IV	11680001	11690000	-0.30202602203818	7505	58.415402715381	72.411949342293	46.342187777259
GLOBAL	IV	11690001	11700000	0.17402574899664	7839	85.121437216066	76.904468998596	47.216967976553
GLOBAL	IV	11700001	11710000	0.51278012093824	7778	88.507640089208	66.151452951213	43.597998879305
GLOBAL	IV	11710001	11720000	-0.073794758067044	7777	91.333467904758	95.747890855745	59.820278114823
GLOBAL	IV	11720001	11730000	-1.2720009791497	8341	22.507969173172	62.753877146027	31.639840403077
GLOBAL	IV	11730001	11740000	-1.4227360637189	8226	21.147642538604	65.802523939986	31.386623661355
GLOBAL	IV	11740001	11750000	-1.4242482794973	8547	19.715136867371	56.448631041307	25.79149625998
GLOBAL	IV	11750001	11760000	-0.58593644682563	8681	43.279361557189	61.714381663446	31.462490865914
GLOBAL	IV	11760001	11770000	0.42489493125139	8900	55.117456121737	42.588760305232	29.486573962191
GLOBAL	IV	11770001	11780000	-0.8604070639929	9240	8.9616535445663	20.574661525989	13.497109063156
GLOBAL	IV	11780001	11790000	-0.56318666024522	9154	17.469717194259	27.475230785468	17.765892371903
GLOBAL	IV	11790001	11800000	-0.69629447025357	8045	38.207444189752	62.883632101125	35.439298982781
GLOBAL	IV	11800001	11810000	-0.37298946351533	8581	48.481886270312	60.50820412419	32.243049818439
GLOBAL	IV	11810001	11820000	-0.50662369647788	8267	55.687713600982	76.269787193714	40.625959140525
GLOBAL	IV	11820001	11830000	-0.25296260296676	8465	57.673475744163	67.553549659312	39.057448805772
GLOBAL	IV	11830001	11840000	-0.099680756766619	8314	66.395642808206	70.63056350237	42.48483690869
GLOBAL	IV	11840001	11850000	-1.1812883810953	8900	9.9612151419561	28.481912124011	15.678387494918
GLOBAL	IV	11850001	11860000	-1.3795128680296	9347	8.3117498533439	27.569748440614	13.959999238555
GLOBAL	IV	11860001	11870000	-1.2975939287331	9294	8.9267585289337	23.257391131034	11.044004048394
GLOBAL	IV	11870001	11880000	-1.1114835265264	8822	8.8489588364253	24.481796469927	14.064839703344
GLOBAL	IV	11880001	11890000	-1.3094777774925	9361	3.065976093687	11.174397851137	6.1921033688535
GLOBAL	IV	11890001	11900000	-1.205848303288	9132	6.5178178192001	21.066546877918	12.065140382126
GLOBAL	IV	11900001	11910000	-1.1959759222696	9346	8.5185918301117	21.968125916124	11.245656234023
GLOBAL	IV	11910001	11920000	-1.062593995643	9293	8.6504065030231	21.84702182267	12.41924514326
GLOBAL	IV	11920001	11930000	-1.3882661128624	9298	6.1934416197721	20.794865492214	10.517741330109
GLOBAL	IV	11930001	11940000	-1.1101824545423	9002	8.0068175765522	21.066314365247	11.76337883495
GLOBAL	IV	11940001	11950000	-0.96139639186124	9054	8.3552530730247	18.72435177279	10.785456225492
GLOBAL	IV	11950001	11960000	-0.87581489584381	9219	9.5056345356294	19.397742219119	11.294747018386
GLOBAL	IV	11960001	11970000	-0.98561059979068	8860	9.6278741885138	23.942294043137	14.523402911518
GLOBAL	IV	11970001	11980000	-1.0286094584148	8639	9.5258346407393	23.28233839039	13.373884166738
GLOBAL	IV	11980001	11990000	-1.5784077395934	8656	7.0765632919774	41.648654943503	21.903143772236
GLOBAL	IV	11990001	12000000	-1.8909467077638	8884	13.925275921927	70.321198600247	29.824173492976
GLOBAL	IV	12000001	12010000	-1.7488996591195	8506	11.164717667453	61.507037306203	28.785138916485
GLOBAL	IV	12010001	12020000	-1.3475776928813	8667	7.9629110297646	32.697397763678	18.354776028555
GLOBAL	IV	12020001	12030000	-1.8372791270544	8473	7.6931461184158	46.154522572791	20.933877649847
GLOBAL	IV	12030001	12040000	-1.681707247907	8556	7.2620822801808	43.369074297794	21.470438485979
GLOBAL	IV	12040001	12050000	-1.2692321494534	8329	12.159521721366	38.648609080891	20.870167345614
GLOBAL	IV	12050001	12060000	-1.3498208290617	8614	13.271296819502	37.84889825671	18.208047251939
GLOBAL	IV	12060001	12070000	-1.0730382297643	8842	11.568658344185	27.847771160311	15.171046440444
GLOBAL	IV	12070001	12080000	-1.4887444588487	8457	9.9157709228164	44.927944013922	23.51792000501
GLOBAL	IV	12080001	12090000	-1.478390857466	8203	12.1953231327	50.638310676804	26.003263852698
GLOBAL	IV	12090001	12100000	-1.5151600519125	8831	13.583341031131	52.990493525868	26.008574107398
GLOBAL	IV	12100001	12110000	-1.4370156252073	8749	12.211367592266	55.041007007926	29.804574608909
GLOBAL	IV	12110001	12120000	-1.0022684935479	7443	7.9046722048924	26.34485139489	18.398442442027
GLOBAL	IV	12120001	12130000	-0.71251511248243	6044	5.443425921772	15.114866270205	13.57366346201
GLOBAL	IV	12130001	12140000	-0.59783624274738	5368	12.433133588207	20.526461348595	13.537700095255
GLOBAL	IV	12140001	12150000	-0.36843870762065	2417	3.5302713509185	4.5116657530859	2.6636571616083
GLOBAL	IV	12150001	12160000	-0.67475566196767	2654	3.8918665183882	8.1450558849462	6.303302967707
GLOBAL	IV	12160001	12170000	-0.12851575623759	8555	35.437076786275	38.601032650593	24.619205900861
GLOBAL	IV	12170001	12180000	-0.8068618910616	8028	7.1402980417463	19.516572613108	15.338776943695
GLOBAL	IV	12180001	12190000	-0.62128793194377	8478	25.025931743496	42.580181096512	28.254611832063
GLOBAL	IV	12190001	12200000	-0.92162247773217	8229	11.234731410438	27.369035980461	17.506413916602
GLOBAL	IV	12200001	12210000	-1.3778022080198	8605	15.867124768125	50.487436766935	25.127200259438
GLOBAL	IV	12210001	12220000	-0.65051164876962	8090	34.035852790862	57.81900444713	36.560685271742
GLOBAL	IV	12220001	12230000	-1.4226453296047	8250	15.248470643456	65.783439651386	35.521832431681
GLOBAL	IV	12230001	12240000	-1.4408132535214	8215	11.907828669852	50.706039148182	26.927993883666
GLOBAL	IV	12240001	12250000	-1.6510623663347	8230	14.734181654987	78.305800946154	38.503463338151
GLOBAL	IV	12250001	12260000	-1.5747496086009	8767	8.9610487034927	48.553987138227	25.142370709913
GLOBAL	IV	12260001	12270000	-0.96259508578778	8040	16.328655703831	36.199457341101	20.642949388224
GLOBAL	IV	12270001	12280000	-0.42613571993611	8007	35.795353034618	48.605479433548	30.061142025011
GLOBAL	IV	12280001	12290000	0.067062896520059	7966	79.530327395439	76.558464371162	44.314564065808
GLOBAL	IV	12290001	12300000	0.44517844455494	7672	95.474652754245	74.684116295721	46.701579361754
GLOBAL	IV	12300001	12310000	-0.12393957285029	7809	73.889553026502	79.820592657379	47.854284910612
GLOBAL	IV	12310001	12320000	0.60611932314891	8120	105.99768618858	77.554257734755	46.927110500376
GLOBAL	IV	12320001	12330000	0.57878168707423	7961	92.282987017469	67.496640892332	42.8250352053
GLOBAL	IV	12330001	12340000	0.34590187594027	7874	98.522641893746	81.272451361936	49.870184961901
GLOBAL	IV	12340001	12350000	0.25401168271289	8281	53.17477139333	45.275116537832	31.09957294534
GLOBAL	IV	12350001	12360000	-1.1523067729178	8777	5.9949341331347	20.950575007159	12.978870927015
GLOBAL	IV	12360001	12370000	-1.1515929030119	8449	6.0050724959211	20.70793026063	12.76740914802
GLOBAL	IV	12370001	12380000	-1.3633841201277	9574	7.0095345983976	22.222649649074	11.158348425865
GLOBAL	IV	12380001	12390000	-1.3677255118001	9101	6.3560532293439	23.660316093776	12.651853544544
GLOBAL	IV	12390001	12400000	-1.2111996255017	8952	7.232209223914	24.074304496074	13.905300924432
GLOBAL	IV	12400001	12410000	-1.1199481121913	8954	7.0907790476947	24.785667826057	15.799739814499
GLOBAL	IV	12410001	12420000	-1.2644856050194	8951	6.5133727636685	23.938951762663	13.780765023993
GLOBAL	IV	12420001	12430000	-1.164152430957	9023	7.0550424272408	22.98425962692	13.683102638531
GLOBAL	IV	12430001	12440000	-1.2059912720408	9066	9.9362217588189	27.572571951464	14.623945132539
GLOBAL	IV	12440001	12450000	-1.2220125330512	9223	7.3120209563468	23.419230606602	13.180887441504
GLOBAL	IV	12450001	12460000	-1.2026121210313	8962	4.2374750163014	17.827968489311	11.300811986956
GLOBAL	IV	12460001	12470000	-1.0091460610505	8653	10.245637306256	26.723854069595	16.328871904019
GLOBAL	IV	12470001	12480000	-1.1513641036585	8485	8.6177336703947	25.637091833452	14.781907920334
GLOBAL	IV	12480001	12490000	-1.1782666977817	9023	7.3370523073467	23.024016606017	13.313593881761
GLOBAL	IV	12490001	12500000	-1.1254086940379	8682	4.4999618081533	19.470709584561	13.302498777306
GLOBAL	IV	12500001	12510000	-1.1304634286968	8305	5.5437453563326	24.134146499406	16.444938129935
GLOBAL	IV	12510001	12520000	-1.3113919019943	8268	9.9743240442614	36.332672745379	20.099520716143
GLOBAL	IV	12520001	12530000	-1.5709488566108	9002	13.168645275473	52.029224387623	24.737010978187
GLOBAL	IV	12530001	12540000	-1.0435281383681	8809	14.011356896274	37.045510425164	22.073342042231
GLOBAL	IV	12540001	12550000	-0.59310772539761	7599	26.614708734335	43.225916261126	28.007066533579
GLOBAL	IV	12550001	12560000	-0.28143683117153	7822	52.718820452294	63.951035407315	39.910252358461
GLOBAL	IV	12560001	12570000	-0.39739591568546	8462	33.193042029933	44.479649204152	28.401417147812
GLOBAL	IV	12570001	12580000	-0.9103806418906	8972	10.560885582586	23.690456383598	14.422067206686
GLOBAL	IV	12580001	12590000	-1.3389398287711	8596	8.2399483522679	28.626164949852	15.225640584831
GLOBAL	IV	12590001	12600000	-0.81743888135195	8686	29.893469433009	57.332533917909	33.567114448384
GLOBAL	IV	12600001	12610000	-1.1541365574492	7817	5.5750881573589	19.387449084966	11.967700735634
GLOBAL	IV	12610001	12620000	-1.7411988579409	8744	8.8272500425788	51.626833211481	24.580525638247
GLOBAL	IV	12620001	12630000	-0.95769325248632	5571	10.736036828496	32.10892705435	22.317052114929
GLOBAL	IV	12630001	12640000	-1.1244694098259	4860	5.5619520327859	22.579272752073	15.133644873383
GLOBAL	IV	12640001	12650000	-1.1039978633456	7817	17.598353142395	51.286115648342	30.514336688892
GLOBAL	IV	12650001	12660000	-0.8382197750519	8389	15.450428204235	36.123307299348	24.662838685514
GLOBAL	IV	12660001	12670000	-0.895896382054	7667	9.3248118249807	22.700584732279	14.930044562332
GLOBAL	IV	12670001	12680000	-0.92010985506763	7974	4.7616376077147	18.653569962393	15.098123640527
GLOBAL	IV	12680001	12690000	-1.1660277826538	9022	8.5656023704987	25.633479591507	14.637624827568
GLOBAL	IV	12690001	12700000	-1.0822768764878	8921	7.4561792585927	22.01393497088	13.451045687616
GLOBAL	IV	12700001	12710000	-1.2264314074156	8998	5.6997508640487	22.519757705917	13.714592385816
GLOBAL	IV	12710001	12720000	-1.2014669306384	8421	7.2609264233853	22.661788298005	12.818381831314
GLOBAL	IV	12720001	12730000	-1.0879341295024	9115	8.133586624338	24.464172606563	15.010638548213
GLOBAL	IV	12730001	12740000	-0.95985022427564	8394	10.320604968615	25.726953105484	16.050783494368
GLOBAL	IV	12740001	12750000	-0.79338675553248	9016	14.357495883104	27.463127387387	16.518591232957
GLOBAL	IV	12750001	12760000	0.3804358055175	8072	91.23577027599	74.255807366593	44.632925353331
GLOBAL	IV	12760001	12770000	-0.19615939994247	8217	58.40066913269	66.055572108512	39.02389066273
GLOBAL	IV	12770001	12780000	-0.43278271003275	8632	37.528600703855	50.271909646142	29.445050938663
GLOBAL	IV	12780001	12790000	0.039820050466266	8192	81.665446799631	79.881961229334	44.788631591712
GLOBAL	IV	12790001	12800000	-0.20942696123955	8486	60.701456933152	68.954015698577	39.405426677538
GLOBAL	IV	12800001	12810000	-0.55005434048409	8714	39.88438401929	58.172247697959	33.247376363896
GLOBAL	IV	12810001	12820000	0.36628994838447	8014	63.715239559985	50.029900104689	37.36203932337
GLOBAL	IV	12820001	12830000	0.2741371543794	8217	51.116095053852	42.630325610875	30.954466796691
GLOBAL	IV	12830001	12840000	-1.0570195634358	8710	7.4222561517896	22.451354286361	14.218372728808
GLOBAL	IV	12840001	12850000	-1.3599623312218	9027	5.6498407795072	25.136786296825	14.329033290069
GLOBAL	IV	12850001	12860000	-1.2439293625394	9035	6.9565403186314	24.8991155877	14.424111054378
GLOBAL	IV	12860001	12870000	-1.1001186292441	8787	8.8822337705475	25.779465671786	15.359463472452
GLOBAL	IV	12870001	12880000	-1.2324118446008	8915	6.0187685665649	22.89981743331	13.697571100685
GLOBAL	IV	12880001	12890000	-1.2593696589298	8520	5.6189612968659	19.041973268137	10.658516247468
GLOBAL	IV	12890001	12900000	-1.2209358410118	8499	4.2991665340462	18.246520414293	11.423494512774
GLOBAL	IV	12900001	12910000	-1.1291910698654	8689	8.6175090427291	20.795903394495	10.785060807484
GLOBAL	IV	12910001	12920000	-1.2131285632132	8694	6.4142171023926	23.578194905737	14.14852335014
GLOBAL	IV	12920001	12930000	-1.3392421776721	9011	6.7930041754743	21.468828052405	10.958304720092
GLOBAL	IV	12930001	12940000	-1.1197883634395	8858	5.6857624374943	17.562131918048	10.605905426696
GLOBAL	IV	12940001	12950000	-1.4005292645019	9264	5.7970061284983	21.837670997938	11.453287893377
GLOBAL	IV	12950001	12960000	-1.389715419351	9035	6.059083826429	25.231431915686	13.795880669016
GLOBAL	IV	12960001	12970000	-1.2001065125436	8376	5.2017865143529	25.482953209027	16.89947224075
GLOBAL	IV	12970001	12980000	-1.2159888838218	9343	9.2234576270861	26.544260869378	14.244211828527
GLOBAL	IV	12980001	12990000	-1.1562503698784	8935	8.5295001621559	23.410559721304	12.87010144759
GLOBAL	IV	12990001	13000000	-1.2343470625157	7878	8.8474466128147	26.410239522407	14.228407425216
GLOBAL	IV	13000001	13010000	-1.0544737462002	9081	12.323550422044	32.850382092703	19.466422701019
GLOBAL	IV	13010001	13020000	-1.0142784363744	8712	7.8961460282774	24.653057896986	16.521017570489
GLOBAL	IV	13020001	13030000	-1.1250589764919	9238	6.9448168543286	17.0249714733	8.9596677415105
GLOBAL	IV	13030001	13040000	-1.1809937746325	9287	6.4904745797882	17.809299642506	9.584153029291
GLOBAL	IV	13040001	13050000	-0.5279248547069	3961	2.0147657068555	4.2823031314008	4.2951897496931
GLOBAL	IV	13050001	13060000	-1.040953815561	4738	2.9983079962412	11.902889918813	8.5542526377823
GLOBAL	IV	13060001	13070000	-0.98837073075548	9003	12.161052329897	27.848434349351	15.871961331213
GLOBAL	IV	13070001	13080000	-1.1507878592374	9280	8.2009015228529	22.242554506254	12.201773655056
GLOBAL	IV	13080001	13090000	-1.1423467238881	8963	9.1609719669644	24.840554163197	13.725764575982
GLOBAL	IV	13090001	13100000	-1.1826317482482	8600	5.6498481119275	17.557831631053	10.06905449373
GLOBAL	IV	13100001	13110000	-1.1877322262854	9250	8.6898730025718	27.863412413811	16.14298154661
GLOBAL	IV	13110001	13120000	-1.2949996911798	8598	6.0998777542012	16.760113879724	8.2318445310291
GLOBAL	IV	13120001	13130000	-1.2025087831263	9245	4.3201246797757	13.126366139751	7.3232242321597
GLOBAL	IV	13130001	13140000	-1.2286132540267	9092	4.8870524684424	14.160253122603	7.5476970672166
GLOBAL	IV	13140001	13150000	-0.98000883710045	8443	6.4079031083408	15.223185016997	8.9951045081781
GLOBAL	IV	13150001	13160000	-1.2499762839249	8207	4.6521494506216	14.812616593279	8.128527935549
GLOBAL	IV	13160001	13170000	-1.525464171213	8582	2.1524104830036	10.650787375457	5.5710104850878
GLOBAL	IV	13170001	13180000	-1.3893335813798	8571	11.422075192759	40.227898177605	20.733554108897
GLOBAL	IV	13180001	13190000	-1.2349755245008	8398	16.312931503486	51.794796546096	28.730824488973
GLOBAL	IV	13190001	13200000	-1.2471904290399	8440	16.291633270239	50.810720041971	27.677478890137
GLOBAL	IV	13200001	13210000	-1.2227673977803	7768	10.262674444162	36.859947697697	21.751702982774
GLOBAL	IV	13210001	13220000	-1.2015992137061	8543	29.903498424166	73.723762517061	36.468286258062
GLOBAL	IV	13220001	13230000	-1.0748027776256	8595	18.321692328589	50.13106863374	29.595547171382
GLOBAL	IV	13230001	13240000	-1.3008320199801	7528	7.4027550490869	27.71758975891	15.616800938013
GLOBAL	IV	13240001	13250000	-1.2995196400546	8890	7.487249974576	27.085634772485	15.081253252229
GLOBAL	IV	13250001	13260000	-1.2765485092128	9247	13.872304384594	37.318229921607	18.366654590722
GLOBAL	IV	13260001	13270000	-0.82446544897067	8291	11.369553512631	25.597426034413	17.257087655456
GLOBAL	IV	13270001	13280000	-1.1163949298749	9074	6.1424557146043	17.816169840199	10.456616931164
GLOBAL	IV	13280001	13290000	-0.94498019867393	8694	11.580783669833	24.123654892031	13.273157723093
GLOBAL	IV	13290001	13300000	-1.354482755815	8745	6.0079674524316	23.925183564753	13.228087279369
GLOBAL	IV	13300001	13310000	-1.2722220572424	8735	10.771438321263	30.048073682808	15.151942423737
GLOBAL	IV	13310001	13320000	-1.1705212533279	9049	9.0827392145891	26.687231106457	15.039873767193
GLOBAL	IV	13320001	13330000	-1.2046578239277	9026	7.0304730047557	21.45918024971	11.977432062749
GLOBAL	IV	13330001	13340000	-1.1360948957335	8813	9.3716269130113	26.826821109487	15.364204400554
GLOBAL	IV	13340001	13350000	-1.2030837620678	8394	5.3720066934417	19.121582842849	11.428610860623
GLOBAL	IV	13350001	13360000	-0.84135322879591	9236	11.615571994649	20.011660140326	9.9792665652362
GLOBAL	IV	13360001	13370000	-1.0938899672207	9295	10.935766705755	23.518297380261	11.502556062815
GLOBAL	IV	13370001	13380000	-1.088751319509	8639	8.2462407791997	18.712758645751	9.6133227845563
GLOBAL	IV	13380001	13390000	-1.0848655310699	9072	9.4311475550951	22.901976544777	12.417049490361
GLOBAL	IV	13390001	13400000	-1.1626703059095	9154	6.399094470302	17.674356770492	9.6977296512013
GLOBAL	IV	13400001	13410000	-1.1239640879612	9431	5.4900441495738	13.640896111049	7.2518793516441
GLOBAL	IV	13410001	13420000	-0.81189274509862	7938	8.2868703755351	15.607192133677	9.016365526524
GLOBAL	IV	13420001	13430000	-0.95067283471868	9208	8.9088605526211	17.54075504535	9.0797740058313
GLOBAL	IV	13430001	13440000	-0.80344008296316	9150	9.0897223337435	15.461586896011	7.9307277510575
GLOBAL	IV	13440001	13450000	-0.82180714096176	9083	7.9608287294467	16.920437488642	10.902325269053
GLOBAL	IV	13450001	13460000	-1.1794133540509	8979	5.8285730507753	15.07476194784	7.8396508444702
GLOBAL	IV	13460001	13470000	-1.2308693071934	9400	5.5556005245376	14.809525179571	7.518202461425
GLOBAL	IV	13470001	13480000	-0.91616670186415	8871	7.636112599358	16.427431393771	9.5957632781511
GLOBAL	IV	13480001	13490000	-1.077049585243	9098	6.9446830701513	17.192388451197	9.5146087250325
GLOBAL	IV	13490001	13500000	-0.91835510144113	9366	6.9307741830325	14.692413263749	8.4516752490797
GLOBAL	IV	13500001	13510000	-1.2238608709593	9332	4.872209323297	15.08950437904	8.3484122241235
GLOBAL	IV	13510001	13520000	-1.1238493444119	9139	3.658576226303	12.246187438458	7.6412476946801
GLOBAL	IV	13520001	13530000	-1.0520495684538	9456	5.3680701605389	14.312600136568	8.5020043201719
GLOBAL	IV	13530001	13540000	-1.2554702762037	9213	4.5529795467034	13.925102585133	7.4650298107964
GLOBAL	IV	13540001	13550000	3.2493905895647	9493	143.01694736936	60.047467913338	25.533858478718
GLOBAL	IV	13550001	13560000	2.93816545714	9187	140.61501646408	59.111901229737	27.739457298527
GLOBAL	IV	13560001	13570000	2.6552418212315	9196	128.67650611923	55.220995752042	27.664339187428
GLOBAL	IV	13570001	13580000	1.5341477143519	8491	118.24167742818	62.883904321299	36.083730783555
GLOBAL	IV	13580001	13590000	-0.4921104099808	9023	57.095062783603	74.030736652679	34.414378411007
GLOBAL	IV	13590001	13600000	-1.3571466371747	8517	32.477363995975	77.907162362139	33.47449503374
GLOBAL	IV	13600001	13610000	-1.4474820576646	9064	31.474615318133	74.692842834503	29.857522093296
GLOBAL	IV	13610001	13620000	-1.5559279978677	9268	31.673188001707	84.037501368963	33.654715024742
GLOBAL	IV	13620001	13630000	-0.97612259954666	9313	24.504011043749	47.363305775464	23.418466842517
GLOBAL	IV	13630001	13640000	-0.24584091183546	9084	52.49333287103	59.443659601699	28.27164396185
GLOBAL	IV	13640001	13650000	-0.083407916299687	9475	32.390516520071	33.65039201221	15.10498700881
GLOBAL	IV	13650001	13660000	-0.15336222437331	9116	52.008578148269	55.609306606553	23.478587853026
GLOBAL	IV	13660001	13670000	0.11215069653144	9147	100.32650818797	95.83125391592	40.082267975855
GLOBAL	IV	13670001	13680000	1.6220561050449	9436	116.90090312838	69.702134224148	29.098111191985
GLOBAL	IV	13680001	13690000	1.7579791645455	9292	110.44104802913	62.267305174559	27.402908877492
GLOBAL	IV	13690001	13700000	1.3895661263559	9134	146.17526853111	89.911985745915	40.489820324528
GLOBAL	IV	13700001	13710000	1.8869021469707	9263	191.10575293658	109.2516509162	43.380152040099
GLOBAL	IV	13710001	13720000	2.4509867297031	9151	122.25047987733	61.831010283757	24.651079853416
GLOBAL	IV	13720001	13730000	2.1457499703844	9503	101.00689984735	52.748274885358	22.490330014243
GLOBAL	IV	13730001	13740000	1.4502543939211	9467	61.279768662043	37.242885437457	16.574252989916
GLOBAL	IV	13740001	13750000	2.1637492733694	9764	71.515860400863	38.186101257069	15.403706683581
GLOBAL	IV	13750001	13760000	2.2462208616823	9627	113.89997869328	61.046429216818	23.529987802213
GLOBAL	IV	13760001	13770000	1.6437807679656	9625	60.323122647438	36.493853539386	14.496622403937
GLOBAL	IV	13770001	13780000	3.6478616916734	9618	105.96057607952	42.22755114357	17.471338094157
GLOBAL	IV	13780001	13790000	-0.91731358273225	9362	9.3184425625726	17.285501686219	8.6852078434463
GLOBAL	IV	13790001	13800000	-0.53973510082191	7157	20.95883263922	32.6471570755	21.655668527914
GLOBAL	IV	13800001	13810000	-0.082790144981543	9025	38.528191041516	40.220625262519	20.4424599254
GLOBAL	IV	13810001	13820000	0.50271600486954	9229	29.869419406579	24.421317236478	10.837335826447
GLOBAL	IV	13820001	13830000	0.038346574913281	9386	29.42946378271	28.962967805091	12.165258009958
GLOBAL	IV	13830001	13840000	0.010912294719298	9575	33.656903969477	33.508029101117	13.64285626344
GLOBAL	IV	13840001	13850000	0.027869065453974	9684	29.814410166369	29.481205718954	11.95606820634
GLOBAL	IV	13850001	13860000	0.07007417347984	9768	29.021641803096	28.184797843572	11.942259436924
GLOBAL	IV	13860001	13870000	1.4740549282198	9757	50.095024905936	30.033666039425	13.609641325062
GLOBAL	IV	13870001	13880000	1.2284811279966	9472	73.076312462671	44.317477260601	23.4100748857
GLOBAL	IV	13880001	13890000	0.86747144308038	9433	37.463895232401	27.062759007197	11.990177092481
GLOBAL	IV	13890001	13900000	1.498792781989	9379	45.23661264034	27.536107029896	11.809841776095
GLOBAL	IV	13900001	13910000	1.0595316518215	9592	31.746484042198	21.566630888515	9.607880176286
GLOBAL	IV	13910001	13920000	0.51881223231362	9656	33.22459684937	27.153264019316	11.702370244778
GLOBAL	IV	13920001	13930000	1.4286447782549	9603	36.871074070749	22.342051230601	10.169793822293
GLOBAL	IV	13930001	13940000	2.1644191793357	9670	59.054990539866	29.756085715646	13.536613010985
GLOBAL	IV	13940001	13950000	0.71691115824642	9510	33.317353001405	24.66605997705	12.067454837105
GLOBAL	IV	13950001	13960000	0.5932977937312	6592	39.249415143324	28.822879079677	17.573866233472
GLOBAL	V	1	10000	-0.015857225850347	1445	8.0127578569401	8.1019239150618	5.6230553164354
GLOBAL	V	10001	20000	-0.90034181119557	574	0.11407453818876	0.41587787136789	0.33520972749045
GLOBAL	V	20001	30000	0.41865313354817	685	3.1485485342085	2.5121491852175	1.5201112758846
GLOBAL	V	30001	40000	-0.80580322556009	1218	0.17902837927145	1.3829787371202	1.494099700348
GLOBAL	V	40001	50000	0.027180954221987	4898	28.418520846945	27.894096913857	19.293801417149
GLOBAL	V	50001	60000	0.59771902466759	8712	69.297992247655	53.239151437355	26.866872472782
GLOBAL	V	60001	70000	0.85883713211769	9388	85.130981728214	63.021849219364	25.7431027165
GLOBAL	V	70001	80000	0.70182819308359	9025	77.028402006826	58.658690191368	26.174086473711
GLOBAL	V	80001	90000	0.87688525879751	9372	80.50304049877	59.109229312376	24.397503517999
GLOBAL	V	90001	100000	0.44400709128121	7372	54.626110613938	44.881605263881	21.946733602697
GLOBAL	V	100001	110000	0.62179404438013	8987	74.466685076518	57.737268216725	26.905077349963
GLOBAL	V	110001	120000	0.44410268467567	8826	68.981378992769	56.353165008732	28.435347093792
GLOBAL	V	120001	130000	0.6482572836745	8827	72.898042588337	55.030559829292	27.562332439625
GLOBAL	V	130001	140000	-7.7836232908848e-05	8360	30.870379751598	30.871744493584	17.533505081762
GLOBAL	V	140001	150000	0.22744132958179	8741	45.554044473625	40.626884098602	21.663434627658
GLOBAL	V	150001	160000	0.1817946122497	9203	51.049296208054	46.897596483174	22.837308947183
GLOBAL	V	160001	170000	0.71715964825379	8808	65.7582570042	49.275925888918	22.982792123644
GLOBAL	V	170001	180000	0.3555964072788	8299	63.889759769742	54.376896338884	26.751854732322
GLOBAL	V	180001	190000	0.069847153155351	8072	40.497621146538	38.852244209182	23.556821760461
GLOBAL	V	190001	200000	0.29452289724982	8476	79.978671854983	69.19238937412	36.622899549005
GLOBAL	V	200001	210000	0.045561132783902	8189	57.440881113105	56.05065525075	30.513417411054
GLOBAL	V	210001	220000	0.21250941962535	8697	62.934764971777	56.923279807286	28.288088006119
GLOBAL	V	220001	230000	0.068778848509424	8289	58.377359639972	56.390071128375	28.893890413491
GLOBAL	V	230001	240000	0.56916546206601	9210	73.589592402838	58.508753070875	26.496406294965
GLOBAL	V	240001	250000	0.0047736422351335	8096	40.018938345354	39.913365417014	22.115802387412
GLOBAL	V	250001	260000	0.57320245453635	8571	66.285314549231	51.990023995439	24.939339391622
GLOBAL	V	260001	270000	-0.2481752158667	8824	62.590633433452	71.772647820473	36.998111817715
GLOBAL	V	270001	280000	0.12106834736807	9039	65.796243905117	62.524956760259	27.020168491381
GLOBAL	V	280001	290000	-0.72188308458892	7866	32.660483017298	53.524763825682	28.902576128744
GLOBAL	V	290001	300000	-1.1694192484114	9191	5.6634831678241	15.73359053875	8.6112037103936
GLOBAL	V	300001	310000	-0.96518044450204	8856	6.9470608449	19.031232714839	12.520116770677
GLOBAL	V	310001	320000	-1.3483691403925	9155	4.3797252294655	16.119802875459	8.7068720977822
GLOBAL	V	320001	330000	-1.0189302617191	8944	6.6723271812599	16.118686150651	9.2708591787759
GLOBAL	V	330001	340000	-1.1495072676116	8662	6.9345135906918	20.18658637436	11.528481077986
GLOBAL	V	340001	350000	-1.4617066439082	9396	3.5191264511492	15.852294398474	8.4375124097056
GLOBAL	V	350001	360000	-1.1879279099205	9123	5.1087694303284	16.900553981916	9.9263469214871
GLOBAL	V	360001	370000	-1.0650117088761	9469	9.5511453871107	20.800002725846	10.562191236946
GLOBAL	V	370001	380000	-0.94188901525754	9490	9.7753245474093	20.404950550875	11.285433667107
GLOBAL	V	380001	390000	-1.3578233271246	8933	3.553038184069	12.601941782962	6.6642717193963
GLOBAL	V	390001	400000	-1.3118710310667	9669	5.1546002081556	13.767091254613	6.565044003948
GLOBAL	V	400001	410000	-0.94885079551562	9550	5.4702445370049	14.18081498595	9.1801266227651
GLOBAL	V	410001	420000	-0.77570466291484	9080	5.6066467403943	9.7529766400943	5.3452429744581
GLOBAL	V	420001	430000	-1.305065170441	9398	4.3274077140829	12.208152142604	6.0385830585439
GLOBAL	V	430001	440000	-0.75693002047415	9684	8.689550274342	13.637275658668	6.5365691021562
GLOBAL	V	440001	450000	-0.91308527697476	9571	6.0152817318182	11.430011085741	5.930146384424
GLOBAL	V	450001	460000	-1.2543986782605	9259	5.9871426093541	15.976616955739	7.9635561799519
GLOBAL	V	460001	470000	-1.0254969628119	9554	7.4801914360889	15.457184747438	7.7786610790892
GLOBAL	V	470001	480000	-1.0124352266378	8259	6.3229888055271	13.841307535358	7.4259750471129
GLOBAL	V	480001	490000	-1.2040029709496	9453	6.8075522253608	17.017346119222	8.479874336032
GLOBAL	V	490001	500000	-1.4045694175882	9065	3.9435774017037	14.938647543139	7.8280717234433
GLOBAL	V	500001	510000	-1.3369505607429	9283	3.3185493790473	11.299816944667	5.9697552026044
GLOBAL	V	510001	520000	-1.4705899417272	9256	4.8012566446097	15.454797270926	7.2443992196792
GLOBAL	V	520001	530000	-1.1226554851951	9363	5.2544517824798	12.339316937494	6.3108097260869
GLOBAL	V	530001	540000	-1.1763566870468	9237	7.5313160057959	16.234263691353	7.398221799041
GLOBAL	V	540001	550000	1.6069097102571	8888	88.914090154466	50.601792330764	23.84222186172
GLOBAL	V	550001	560000	-0.67035936298817	9091	24.416211407779	35.628805670367	16.726243984431
GLOBAL	V	560001	570000	-0.40377941927003	7941	82.332212795672	101.39009853852	47.198754650009
GLOBAL	V	570001	580000	-0.52080180642576	8294	93.051509117498	127.70444549193	66.537665474425
GLOBAL	V	580001	590000	-0.36149355557692	8733	119.34363497771	142.01454071437	62.714550195713
GLOBAL	V	590001	600000	-0.049918544499532	8305	164.05571911459	167.63507001354	71.703831408631
GLOBAL	V	600001	610000	0.3739255060628	8061	145.62074533716	122.55250815183	61.692066498018
GLOBAL	V	610001	620000	0.23592402694787	8509	154.09137180198	139.3531167278	62.470343800296
GLOBAL	V	620001	630000	0.1320169085517	7225	121.52050409694	113.29133279488	62.334222126096
GLOBAL	V	630001	640000	0.62293211812706	6502	151.60394236407	112.50125889548	62.771981618424
GLOBAL	V	640001	650000	0.91929979385749	6618	111.91851617768	76.710014959483	38.299259342224
GLOBAL	V	650001	660000	1.8541336589825	8558	225.60954291907	124.54265812242	54.508953174452
GLOBAL	V	660001	670000	0.91423295605017	8650	176.32669770121	124.42125135767	56.774858092829
GLOBAL	V	670001	680000	0.16731582814406	8424	112.10160428342	102.48178589797	57.494969197811
GLOBAL	V	680001	690000	-0.40612451207857	7707	34.999109617003	48.115456682781	32.296368910725
GLOBAL	V	690001	700000	-0.51520073770686	7694	45.62418340359	71.51750576966	50.258705919794
GLOBAL	V	700001	710000	-0.63566396212223	5893	33.12776828022	57.118751237241	37.741612528929
GLOBAL	V	710001	720000	-0.31226210801189	8780	35.500424881878	45.878409123507	33.234849747553
GLOBAL	V	720001	730000	0.73906996175315	8521	164.03763910767	123.26169307231	55.171970375626
GLOBAL	V	730001	740000	1.0158801226348	8007	157.66690807304	101.75157692708	55.041269043574
GLOBAL	V	740001	750000	2.9439313814277	9106	291.77690068153	131.69390632206	54.377284528226
GLOBAL	V	750001	760000	2.592548329777	8638	276.41201772111	125.61121089734	58.167018563059
GLOBAL	V	760001	770000	2.66642756287	8348	191.65806020602	85.441037572949	39.834955245792
GLOBAL	V	770001	780000	1.4816585722343	9024	157.28670349275	93.959684586111	42.740628707155
GLOBAL	V	780001	790000	1.2841818434097	8233	214.25564765917	128.76570479936	66.571524351122
GLOBAL	V	790001	800000	1.7385371073925	8792	220.21098612333	118.3203325745	58.607120386203
GLOBAL	V	800001	810000	1.0457031128683	7458	176.8685795606	106.14701054782	67.630638316454
GLOBAL	V	810001	820000	2.5108154698397	8453	247.17257394538	101.70854945324	57.934972218976
GLOBAL	V	820001	830000	3.0877276176621	9245	171.63881276132	70.997277779184	32.594045668555
GLOBAL	V	830001	840000	-1.085758489576	8776	6.4822644093807	17.305223880195	9.9681094596284
GLOBAL	V	840001	850000	-0.013205550648615	7777	32.178081470453	32.420672594186	18.370390617441
GLOBAL	V	850001	860000	0.050126171125157	8721	87.168971873331	85.054863836389	42.175733543716
GLOBAL	V	860001	870000	-1.3298606152026	9209	7.137253215597	20.279819728253	9.8826646660663
GLOBAL	V	870001	880000	-1.4864543904218	9027	16.079105318741	50.975196416647	23.476059085812
GLOBAL	V	880001	890000	-1.7029910311635	9339	23.905244017082	77.588737575991	31.523062997126
GLOBAL	V	890001	900000	-1.6053012227529	9126	26.173984700568	82.696844920793	35.210127183043
GLOBAL	V	900001	910000	-0.95427573396419	8665	53.664858050714	95.7889520583	44.142476339199
GLOBAL	V	910001	920000	-0.86558806625615	9063	29.471109482661	48.423874226698	21.895824911279
GLOBAL	V	920001	930000	-1.0525392238612	6831	4.7058525094007	13.869082498652	8.7058323162872
GLOBAL	V	930001	940000	-1.0726474422749	9440	9.2336479153591	21.453952114686	11.392656820596
GLOBAL	V	940001	950000	-1.0719127391374	9518	9.2703401195998	21.73165281854	11.62530516147
GLOBAL	V	950001	960000	-1.3363469081358	9648	4.756778794383	14.165139117333	7.0403577586565
GLOBAL	V	960001	970000	-1.3081603798749	9293	5.8713132526956	18.320467937569	9.5165354924324
GLOBAL	V	970001	980000	-0.80565482744339	9436	9.515759625442	17.496416038258	9.905801021687
GLOBAL	V	980001	990000	0.32030063459768	9054	33.778378468312	29.381645164981	13.726895386434
GLOBAL	V	990001	1000000	0.74073854387812	9288	59.298385997603	43.25745641077	21.655319166801
GLOBAL	V	1000001	1010000	-1.0986059590606	8948	7.808656076794	18.601901602736	9.8244920637158
GLOBAL	V	1010001	1020000	-1.1124311021706	9317	4.5180597155741	11.824468553983	6.567965264682
GLOBAL	V	1020001	1030000	-1.518376115239	9064	5.6086567242436	22.609621312852	11.19680717971
GLOBAL	V	1030001	1040000	-0.74246863491072	9031	12.824754520742	20.795092382138	10.734915236325
GLOBAL	V	1040001	1050000	1.5451233399794	8047	150.25473692789	81.269222371823	44.647254216606
GLOBAL	V	1050001	1060000	0.96008311303029	8254	116.67955046292	73.195970680698	45.291474448475
GLOBAL	V	1060001	1070000	0.39535741132954	8149	100.75487827534	82.517099391057	46.129852031737
GLOBAL	V	1070001	1080000	-0.51757224199692	7552	34.735076868669	51.044233382557	31.510879430015
GLOBAL	V	1080001	1090000	-0.14920945566292	8779	52.975229038776	57.73157675239	31.876985895312
GLOBAL	V	1090001	1100000	-0.17489698279059	9050	58.266558614734	63.645050973401	30.752345025342
GLOBAL	V	1100001	1110000	-0.89348148414683	8294	35.838835457415	60.204868612571	27.270887631681
GLOBAL	V	1110001	1120000	-1.259661564126	9226	7.4211843545177	22.360823635281	11.860042178177
GLOBAL	V	1120001	1130000	-1.2309910337961	9348	3.0284319327187	14.786573465193	9.5517686235415
GLOBAL	V	1130001	1140000	-1.2819706318295	9370	11.50809185515	31.974192213872	15.964562565302
GLOBAL	V	1140001	1150000	-1.3772853094618	9417	17.027351003427	48.511911280023	22.85986793027
GLOBAL	V	1150001	1160000	-1.0329174370784	9328	6.6812999009513	15.988355195469	9.0104542342151
GLOBAL	V	1160001	1170000	-1.1171733526848	9141	24.854683607332	52.79823448461	25.012725921295
GLOBAL	V	1170001	1180000	0.51506352056638	8776	96.19926515853	76.271817488439	38.689301172365
GLOBAL	V	1180001	1190000	0.46251767082312	9325	32.799374120674	26.911634811344	12.729760786983
GLOBAL	V	1190001	1200000	-1.3543038869049	9078	4.6859950547572	15.736399465117	8.1594718269724
GLOBAL	V	1200001	1210000	-1.0933124378612	8865	4.6526280497999	16.448231922849	10.788868272756
GLOBAL	V	1210001	1220000	-1.0872314408941	8868	8.9472677327652	23.716968017174	13.584688345899
GLOBAL	V	1220001	1230000	-0.14467901693581	8853	50.510008732479	54.431807532936	27.106894168326
GLOBAL	V	1230001	1240000	-1.199727022909	8609	22.32761887074	54.031501336863	26.42591344592
GLOBAL	V	1240001	1250000	-0.37657456237603	8910	57.553139606001	69.442761536823	31.573088356802
GLOBAL	V	1250001	1260000	-1.3254965909256	9459	6.9771317913035	19.097040588269	9.1436740614339
GLOBAL	V	1260001	1270000	-1.3056361861474	8296	4.9208472489839	16.896785774753	9.172492806826
GLOBAL	V	1270001	1280000	-1.2650973443715	9292	6.1196046185133	16.759241467445	8.4101329405738
GLOBAL	V	1280001	1290000	-0.97877754314528	9127	7.7584066458705	18.465790011788	10.939547439461
GLOBAL	V	1290001	1300000	-1.6560492882777	9197	3.7487877094481	20.140152214718	9.8978723769249
GLOBAL	V	1300001	1310000	-1.3717490891293	9253	6.7649394681081	21.30892964823	10.602514917181
GLOBAL	V	1310001	1320000	-0.84545057469989	8005	6.7821838067924	14.450127633161	9.0696535738837
GLOBAL	V	1320001	1330000	-1.2397276607597	9322	4.9438815947437	14.161282977396	7.435021153762
GLOBAL	V	1330001	1340000	-1.087540953966	9122	7.9431442735938	19.628221268924	10.744493761561
GLOBAL	V	1340001	1350000	-1.1499098068645	8947	3.9841934670608	13.40633435379	8.1938086191485
GLOBAL	V	1350001	1360000	-0.96494799723175	9500	7.3643497452949	14.942611898266	7.8535446207583
GLOBAL	V	1360001	1370000	-1.4314137908547	9352	5.9959412938416	20.535858631334	10.157731768681
GLOBAL	V	1370001	1380000	-1.1537914611069	9126	7.9027180427217	19.494225301311	10.046449162892
GLOBAL	V	1380001	1390000	-1.282612917338	9640	9.9654058144319	23.249033466293	10.356692554937
GLOBAL	V	1390001	1400000	-0.93079451112201	9372	11.138530615924	21.573613204392	11.210941259086
GLOBAL	V	1400001	1410000	-1.3627757124445	9437	4.6440482854115	14.287259197506	7.0761540758585
GLOBAL	V	1410001	1420000	-1.4129839975402	8660	22.029006034546	56.893258388208	24.674201841179
GLOBAL	V	1420001	1430000	-1.4971582316508	8733	13.072607796154	38.322641411173	16.865307274287
GLOBAL	V	1430001	1440000	-0.99997523635811	8267	6.9258576479154	16.391959303509	9.4663360765499
GLOBAL	V	1440001	1450000	-1.2410342620988	9567	5.6568923783842	13.76679261965	6.5347915758189
GLOBAL	V	1450001	1460000	-1.6040178237314	9181	2.7111954197724	14.550830974234	7.3812369035395
GLOBAL	V	1460001	1470000	-1.4442871488577	9554	4.4793307337779	15.977923540864	7.9614312265953
GLOBAL	V	1470001	1480000	-1.9421739242709	9261	7.9536522639386	53.000550694284	23.194059948702
GLOBAL	V	1480001	1490000	-0.0010974975416811	6559	70.372205649515	70.413689740629	37.798800943165
GLOBAL	V	1490001	1500000	1.3476009401526	8227	141.0635545585	83.118298682875	42.998824169015
GLOBAL	V	1500001	1510000	0.80867400750972	8061	121.41149421057	80.252560994309	50.896817300962
GLOBAL	V	1510001	1520000	0.97409165531045	6183	57.348806615813	31.945382808975	26.079089856017
GLOBAL	V	1520001	1530000	1.7005743135209	6859	100.17599441286	45.837979182195	31.952743728182
GLOBAL	V	1530001	1540000	1.5900880282421	8403	155.33327125768	83.980520465373	44.873459534937
GLOBAL	V	1540001	1550000	0.3949916301982	8053	166.50396447782	137.58415758722	73.216252395265
GLOBAL	V	1550001	1560000	-0.38059668476826	8890	77.227174470391	92.960323425053	41.338113505224
GLOBAL	V	1560001	1570000	-1.532182172035	8880	22.427812395305	74.036834488413	33.683345906945
GLOBAL	V	1570001	1580000	-1.6438449286549	8416	22.562740934408	87.566317515781	39.543618408437
GLOBAL	V	1580001	1590000	-1.5926791172349	8280	26.046324254919	105.13669704351	49.658698938618
GLOBAL	V	1590001	1600000	-1.9376014921471	8637	25.069999479959	114.09591677087	45.946453722156
GLOBAL	V	1600001	1610000	-1.2571503041438	8867	49.283387873396	99.406310967552	39.870270825168
GLOBAL	V	1610001	1620000	-0.0088354426307266	8488	105.66050882975	106.07651896754	47.084244126885
GLOBAL	V	1620001	1630000	-1.3438773859957	9043	30.237581335699	74.287121888939	32.777946122372
GLOBAL	V	1630001	1640000	-1.3928147589378	8900	18.984109497295	49.893532292166	22.192055760843
GLOBAL	V	1640001	1650000	-0.72787125421028	6917	3.7045087225617	7.8535962575868	5.7003041554742
GLOBAL	V	1650001	1660000	-0.95396407219571	8062	6.3019457524821	15.88097892333	10.041293430266
GLOBAL	V	1660001	1670000	-0.81422366648551	9398	8.0478607229752	15.102397287007	8.6641261540357
GLOBAL	V	1670001	1680000	-1.120534867559	9261	7.6437684510299	17.149107623867	8.4828588989323
GLOBAL	V	1680001	1690000	-0.59261964702654	9345	11.539754947539	16.107069714781	7.7069918119636
GLOBAL	V	1690001	1700000	-1.0316855952265	9295	5.2070002216381	13.286351292416	7.8312143817457
GLOBAL	V	1700001	1710000	-0.18628803375276	9484	17.120672813487	19.256860064298	11.467120070882
GLOBAL	V	1710001	1720000	-0.70258943110916	9256	8.9705098939664	14.291291521901	7.5731022875412
GLOBAL	V	1720001	1730000	0.5155115216556	8855	32.68139882103	23.080208106765	18.62458996732
GLOBAL	V	1730001	1740000	-1.0955025947468	9686	5.9252246500366	16.177221916979	9.3582592283241
GLOBAL	V	1740001	1750000	-1.0193112789378	9339	6.7249090722467	14.600655034584	7.7265366577169
GLOBAL	V	1750001	1760000	-1.2834595674222	9520	4.2184808698725	12.730394590752	6.6320076899469
GLOBAL	V	1760001	1770000	-1.4126674317003	9353	3.905487262214	15.468250210354	8.1850566443817
GLOBAL	V	1770001	1780000	-0.7569153999317	9134	7.2691854300101	14.272019426807	9.251805416337
GLOBAL	V	1780001	1790000	-0.81063253661941	9443	10.019338144528	16.886960869328	8.4719307634006
GLOBAL	V	1790001	1800000	-0.52062323013147	9575	10.407044441128	14.027943424849	6.9549316552915
GLOBAL	V	1800001	1810000	-1.2792815498848	9541	7.2904188063711	18.574210024346	8.820412691007
GLOBAL	V	1810001	1820000	-1.1405175431177	9666	6.0433119004367	15.982053018033	8.7142378278792
GLOBAL	V	1820001	1830000	-1.2552090909904	9693	6.1895063236326	15.324939848045	7.2780173359042
GLOBAL	V	1830001	1840000	-1.1729444808692	9304	5.3782474408344	15.758201067058	8.8494841789374
GLOBAL	V	1840001	1850000	-0.88353044456262	9021	9.6144521470057	17.325211060069	8.7272136014293
GLOBAL	V	1850001	1860000	-1.0627896268899	8638	6.7621233777412	15.126073538971	7.8698078618862
GLOBAL	V	1860001	1870000	-0.94504526103272	9588	8.6698328332005	16.367103049417	8.1448693873194
GLOBAL	V	1870001	1880000	-0.48544322831174	9236	12.550770440114	17.630831522169	10.464789260163
GLOBAL	V	1880001	1890000	-0.8310492679125	6658	6.7034473337149	13.426827692637	8.0902307703257
GLOBAL	V	1890001	1900000	-1.1298884274453	9320	4.7017097987369	11.170016777064	5.7247307089893
GLOBAL	V	1900001	1910000	-1.0152905739905	6791	4.7331287948094	11.196136030755	6.3656724503445
GLOBAL	V	1910001	1920000	-0.7106695125203	9074	11.951659722552	20.160842668196	11.55133687462
GLOBAL	V	1920001	1930000	-0.855405171243	9622	8.2550055868509	16.030770106877	9.0901537440174
GLOBAL	V	1930001	1940000	-0.82819901499515	9189	8.3294868604404	16.003961003725	9.2664613267252
GLOBAL	V	1940001	1950000	-0.8309218191239	9383	9.2381139070243	16.378825951072	8.5937231153423
GLOBAL	V	1950001	1960000	-1.3556567990394	9562	5.7056530018789	18.191294762155	9.2100314542174
GLOBAL	V	1960001	1970000	-0.28468229651569	9206	17.82354507644	21.892744689275	14.293827409147
GLOBAL	V	1970001	1980000	-0.76670351003458	9663	9.6495268403831	17.844128677812	10.688097459028
GLOBAL	V	1980001	1990000	-0.42777946612108	8988	13.493358095454	18.240303257604	11.096711128267
GLOBAL	V	1990001	2000000	-1.2802004823496	9168	24.913058968228	57.064901842152	25.114693610266
GLOBAL	V	2000001	2010000	-0.85717819056058	9444	7.4824797631283	14.039433570734	7.6494641135435
GLOBAL	V	2010001	2020000	-0.77145866030377	9439	8.8181856719922	14.95928866839	7.960378582022
GLOBAL	V	2020001	2030000	-1.1515001996746	9364	6.6341510172562	16.372549248234	8.4571398543652
GLOBAL	V	2030001	2040000	-0.63442506556919	8962	19.925814318105	31.226575867843	17.81260256418
GLOBAL	V	2040001	2050000	0.68735782808465	8966	78.95881372749	59.197670858072	28.749425789596
GLOBAL	V	2050001	2060000	-0.31005281916013	9502	20.265520700641	23.652472236364	10.923788872158
GLOBAL	V	2060001	2070000	-0.55966083002691	8887	18.527486534394	27.862141910374	16.679129349702
GLOBAL	V	2070001	2080000	-0.63634508339088	9065	11.714812489584	17.440433551828	8.9976668504037
GLOBAL	V	2080001	2090000	-0.58263907532722	9361	10.632426886341	16.52140356594	10.10741800366
GLOBAL	V	2090001	2100000	-0.54053831751468	9043	9.1856820610252	14.777170977623	10.344297037639
GLOBAL	V	2100001	2110000	-0.40997883631511	8429	7.8906325803426	12.065492812108	10.18311157056
GLOBAL	V	2110001	2120000	-0.78425270023662	9595	10.767418247218	17.536960426018	8.6318378970933
GLOBAL	V	2120001	2130000	-1.0639524266532	9158	6.8063973019189	14.811630478378	7.5240518052485
GLOBAL	V	2130001	2140000	-1.1559348669794	9229	12.267336919548	27.671780344692	13.326393956259
GLOBAL	V	2140001	2150000	-1.460099116086	9077	16.065550951446	46.520830564912	20.858364530146
GLOBAL	V	2150001	2160000	-1.4604542433679	9018	19.778277942346	64.136540412858	30.372921761807
GLOBAL	V	2160001	2170000	-1.1122928194276	8791	12.730042409629	35.903587976598	20.834033234967
GLOBAL	V	2170001	2180000	-1.1667346745309	9099	8.4692834824802	21.196635312491	10.908522826861
GLOBAL	V	2180001	2190000	-0.83223392964983	6557	5.8756611870313	14.127828239833	9.9156820682304
GLOBAL	V	2190001	2200000	-0.87124909600372	9467	11.240641714546	19.487341657901	9.4653756097783
GLOBAL	V	2200001	2210000	-0.72344085812041	9172	11.098340567502	17.79954728918	9.2629641337766
GLOBAL	V	2210001	2220000	-0.91732941553112	9153	9.990786961716	18.317079272289	9.0766655572167
GLOBAL	V	2220001	2230000	-0.79963011814945	8712	8.3588228058753	15.854091296185	9.3734194350451
GLOBAL	V	2230001	2240000	-0.58111581959859	9185	11.823242355416	18.237357057432	11.037584050709
GLOBAL	V	2240001	2250000	-1.2226458407385	8848	10.048663817896	27.320082450979	14.126264579324
GLOBAL	V	2250001	2260000	-0.23931953147688	8993	33.368833671451	37.941796103629	19.108187300706
GLOBAL	V	2260001	2270000	0.51283993392033	8815	76.742003392153	58.255464110483	36.047386443471
GLOBAL	V	2270001	2280000	2.7394499752059	8314	120.91004994576	47.896673611828	26.652567849296
GLOBAL	V	2280001	2290000	2.7575709050009	8493	104.93504299906	41.451666642025	23.021484684912
GLOBAL	V	2290001	2300000	1.0213966871269	8790	43.901055787348	27.827497745654	15.736841762145
GLOBAL	V	2300001	2310000	-0.35691452690929	7816	13.697887191331	18.678476545584	13.954571693628
GLOBAL	V	2310001	2320000	-0.5763359679999	8561	14.981419848932	23.899837934277	15.474338893503
GLOBAL	V	2320001	2330000	-0.65476844399335	8756	10.823991286271	16.764387086806	9.0725138864433
GLOBAL	V	2330001	2340000	-0.85507241801624	9328	8.1777838316501	15.464797357604	8.5221010202385
GLOBAL	V	2340001	2350000	-1.1185788833083	9536	6.3759446360437	14.417880176576	7.1894219178782
GLOBAL	V	2350001	2360000	-0.89891836308984	8863	9.201113463687	20.072372585073	12.09371125095
GLOBAL	V	2360001	2370000	-1.0682890012729	9392	8.0974573157928	17.547045971832	8.8455358473037
GLOBAL	V	2370001	2380000	0.45652096471362	8968	51.703229077061	41.922645435437	21.424171938654
GLOBAL	V	2380001	2390000	0.17946026172272	8060	69.047952663139	62.897939688721	34.26949741063
GLOBAL	V	2390001	2400000	-0.18560822556096	6615	40.556312751502	46.215765836188	30.491391572657
GLOBAL	V	2400001	2410000	-0.10188781453309	8625	38.502668001406	40.595816855235	20.543662295839
GLOBAL	V	2410001	2420000	-0.12047676626331	8166	49.665420055551	53.024108306288	27.878306788188
GLOBAL	V	2420001	2430000	-0.32947567522374	8159	47.036211746308	56.162271878044	27.698737169411
GLOBAL	V	2430001	2440000	-1.0152561653547	9238	37.870681551134	67.350793584971	29.037116975831
GLOBAL	V	2440001	2450000	-0.86897888746032	8326	24.807580408967	45.203411081021	23.471031306253
GLOBAL	V	2450001	2460000	-0.92832847127187	9222	27.890119365456	49.950087750338	23.763106559318
GLOBAL	V	2460001	2470000	-0.98614627726254	9028	20.616487886661	39.266828012291	18.912346530782
GLOBAL	V	2470001	2480000	-1.0969737318821	8794	33.747386167065	63.174543302089	26.825762805219
GLOBAL	V	2480001	2490000	2.9990014995153	8597	180.99810352474	73.054195790316	35.993282348098
GLOBAL	V	2490001	2500000	3.1180196286473	9006	136.34045281151	52.297226368646	26.954040208954
GLOBAL	V	2500001	2510000	-1.1551181593624	9265	7.8811943854378	19.629955621148	10.171047126638
GLOBAL	V	2510001	2520000	0.61064078350958	8541	128.16047112573	100.96313630646	44.539008126769
GLOBAL	V	2520001	2530000	0.84237531894037	7868	217.42963139307	151.65453648568	78.08288470527
GLOBAL	V	2530001	2540000	0.63010206986736	3954	50.407269806536	35.654408893182	23.413446200009
GLOBAL	V	2540001	2550000	-0.18292976557171	3249	16.341302096921	19.931760312402	19.627523187714
GLOBAL	V	2550001	2560000	-0.2337620567088	5053	11.879296148041	15.348247598185	14.839668588585
GLOBAL	V	2560001	2570000	-0.38964401549395	5136	4.1791368019414	6.7159657302043	6.5106323397445
GLOBAL	V	2570001	2580000	0.2765650893746	5270	93.878401292813	78.242585098002	56.535755218305
GLOBAL	V	2580001	2590000	0.46613530115972	7678	195.42978817551	154.04256464439	88.788005173921
GLOBAL	V	2590001	2600000	0.491978988175	7599	193.64716149636	149.86491511508	88.992106235449
GLOBAL	V	2600001	2610000	0.53422896058793	7399	181.14226249105	137.8250544421	81.083601310717
GLOBAL	V	2610001	2620000	0.52901145802013	7712	179.9979699736	138.38899869604	78.654196703578
GLOBAL	V	2620001	2630000	0.40536452411517	7176	133.30310447021	108.3305404839	61.605203466729
GLOBAL	V	2630001	2640000	0.72126977301313	8105	208.20703091585	160.76349566885	65.777794969569
GLOBAL	V	2640001	2650000	0.76333546680265	7903	123.48326443857	89.260999274024	44.832536483454
GLOBAL	V	2650001	2660000	0.34704064059528	8118	130.42463603928	108.5234943899	63.108290751799
GLOBAL	V	2660001	2670000	0.83052978639668	8105	143.23446133374	100.96687300128	50.892320811086
GLOBAL	V	2670001	2680000	0.39723587543855	8120	99.52482841063	82.467742363437	42.939440020019
GLOBAL	V	2680001	2690000	0.54744213625486	8104	119.89550421762	92.345310853727	50.325306620281
GLOBAL	V	2690001	2700000	0.61691775711483	7866	138.84086208148	103.85652971361	56.70825967384
GLOBAL	V	2700001	2710000	0.71526083859127	8501	108.43239613806	82.706463390703	35.967204353064
GLOBAL	V	2710001	2720000	0.27766095277439	7755	70.266646992815	60.481316017235	35.242013246029
GLOBAL	V	2720001	2730000	0.95798069771275	8632	173.62688526676	121.72802678451	54.175265332755
GLOBAL	V	2730001	2740000	0.3258486947232	8444	167.53768972668	146.9115788055	63.299657955368
GLOBAL	V	2740001	2750000	-0.17552079280836	7786	125.23129291025	136.8467264054	66.176965756035
GLOBAL	V	2750001	2760000	0.25525509953691	7143	171.46473531451	152.07305386063	75.969810158781
GLOBAL	V	2760001	2770000	0.34195759996214	7802	146.77947614959	124.06404732996	66.427617991663
GLOBAL	V	2770001	2780000	0.15068729888152	7394	99.651144656192	91.431487249061	54.547778533039
GLOBAL	V	2780001	2790000	-0.61507423903612	8538	82.880599749277	119.95062975179	60.269196220285
GLOBAL	V	2790001	2800000	-0.53325493781265	5306	2.922581866036	5.4793996409222	4.7947381141449
GLOBAL	V	2800001	2810000	-0.51466642580031	4247	2.1942263963764	4.0593211875309	3.6238905389142
GLOBAL	V	2810001	2820000	-0.816692046968	3230	0.68701358024856	2.0336810515433	1.6489293318018
GLOBAL	V	2820001	2830000	-0.18941120701596	2467	1.9200935777431	2.1873186588509	1.4108197995132
GLOBAL	V	2830001	2840000	-0.79475218497813	1346	0.99152047672221	2.4453707970167	1.8293127691552
GLOBAL	V	2840001	2850000	-0.44064727394894	2588	2.6961713408696	4.3503892107419	3.7540635507573
GLOBAL	V	2850001	2860000	-0.96788869384583	7381	47.306507336268	86.948496011311	40.957177129044
GLOBAL	V	2860001	2870000	-0.87352401992593	9152	38.476298086123	61.332862259178	26.165925208323
GLOBAL	V	2870001	2880000	1.8629241015378	8995	66.832202312998	36.005667089202	16.54739191916
GLOBAL	V	2880001	2890000	-1.360108673574	9106	5.3939643251492	15.848084351058	7.68623877564
GLOBAL	V	2890001	2900000	-1.0508980132889	9085	43.833285075812	80.766508608864	35.144441293087
GLOBAL	V	2900001	2910000	-1.5804479017797	8681	14.747645786981	54.914764723176	25.415022469874
GLOBAL	V	2910001	2920000	-1.731484289419	9005	20.183741997759	69.262097364492	28.344672641068
GLOBAL	V	2920001	2930000	-1.6983492376312	9294	21.644739127763	71.838462075106	29.554417804757
GLOBAL	V	2930001	2940000	-1.5062096645015	9160	17.697896290948	52.364856710938	23.016025747958
GLOBAL	V	2940001	2950000	-0.8035650679847	7702	64.838634295202	103.87379500014	48.577473387238
GLOBAL	V	2950001	2960000	-0.47440674258445	7446	54.144532224377	74.473328210113	42.850984526463
GLOBAL	V	2960001	2970000	0.54516635602659	7778	140.30023309642	107.99690383102	59.254077050624
GLOBAL	V	2970001	2980000	-0.72553867561857	9187	30.536504668855	49.662466108388	26.361050185542
GLOBAL	V	2980001	2990000	-0.81291842664352	9003	7.8995161690177	16.463063131935	10.534325071552
GLOBAL	V	2990001	3000000	0.15377446543749	9124	75.145093595618	69.888811571391	34.181760991805
GLOBAL	V	3000001	3010000	0.95420763234318	8736	142.85794961468	98.466354463107	46.521945168851
GLOBAL	V	3010001	3020000	0.70839427061233	8337	157.3708943594	116.6093596948	57.540745818527
GLOBAL	V	3020001	3030000	1.2134291019533	8987	218.32651113313	142.09784577628	62.820864634073
GLOBAL	V	3030001	3040000	1.4896137707145	8472	169.97811210349	99.809373729545	47.105323375396
GLOBAL	V	3040001	3050000	1.5785595269455	8079	245.63984239212	137.59291884139	68.446530971057
GLOBAL	V	3050001	3060000	1.2267852757128	8741	233.60897901987	148.1049859442	69.697602969669
GLOBAL	V	3060001	3070000	1.1641641781619	8029	196.41678439388	123.24560835237	62.852969893844
GLOBAL	V	3070001	3080000	0.70007602387697	8118	137.2521886767	98.475741874888	55.388908460353
GLOBAL	V	3080001	3090000	2.1542726716501	8672	184.10449435123	100.43711661495	38.837877320421
GLOBAL	V	3090001	3100000	0.90134234410542	8208	146.38963534347	104.55643703443	46.412108099239
GLOBAL	V	3100001	3110000	0.54522710997099	7392	154.39096570277	119.41589407554	64.147712004068
GLOBAL	V	3110001	3120000	0.40965890559468	8519	160.62824827605	134.27787506908	64.322715427654
GLOBAL	V	3120001	3130000	0.7821532740692	8243	164.03537962345	121.56529563679	54.298927581936
GLOBAL	V	3130001	3140000	1.0791284628477	8418	182.9181006779	120.0497120517	58.258484314545
GLOBAL	V	3140001	3150000	1.5703658050766	8362	160.87844025319	89.010605408205	45.765027876089
GLOBAL	V	3150001	3160000	1.0049811783964	9330	45.248161667425	30.07289869503	15.100046944769
GLOBAL	V	3160001	3170000	-1.601252830555	9758	3.0627979605763	13.766823534911	6.684781672251
GLOBAL	V	3170001	3180000	-0.99564078151409	9739	7.8667713231507	15.849249543511	8.0174279404478
GLOBAL	V	3180001	3190000	-1.3914926576315	9532	2.3568476602713	11.050061826872	6.2474021109081
GLOBAL	V	3190001	3200000	-1.1518833854714	9431	7.2166081279459	17.277638037441	8.7344170741537
GLOBAL	V	3200001	3210000	-1.4303922177022	9326	5.4982351006235	17.145112558998	8.1424362592549
GLOBAL	V	3210001	3220000	-1.2881113071027	9575	3.1914256130593	10.652664961139	5.7923871228662
GLOBAL	V	3220001	3230000	-1.2666774182712	9631	4.8791803657672	14.550759671269	7.6353925364063
GLOBAL	V	3230001	3240000	-1.2905871673212	9616	4.3667725265889	13.119227647933	6.7817620870283
GLOBAL	V	3240001	3250000	-1.1761117460797	9536	4.3390249373981	11.17046933802	5.808499424815
GLOBAL	V	3250001	3260000	-1.4832320621819	9327	4.1508109230474	15.06721829004	7.3598782316867
GLOBAL	V	3260001	3270000	-1.1502270079712	9623	5.9690376720164	14.550599604757	7.4607550277199
GLOBAL	V	3270001	3280000	-1.1121419850608	9721	5.4891599281482	12.863787305569	6.6310124754593
GLOBAL	V	3280001	3290000	1.4849442147696	8695	77.20939217552	40.179432180943	24.936936772619
GLOBAL	V	3290001	3300000	1.5955815689837	7913	127.88769465457	63.915376657158	40.093417498021
GLOBAL	V	3300001	3310000	1.3411495058121	8634	144.99009907918	80.245450683403	48.275489134655
GLOBAL	V	3310001	3320000	2.2137320328841	8137	202.43782927666	96.184222912549	47.997501407468
GLOBAL	V	3320001	3330000	0.0031856424851122	8312	78.006758096408	77.867125051279	43.831988611862
GLOBAL	V	3330001	3340000	-0.53511312245714	9141	16.170442801387	22.231278565183	11.326270108955
GLOBAL	V	3340001	3350000	1.4405293933089	9015	115.26011684606	67.915699238219	32.865985121688
GLOBAL	V	3350001	3360000	3.2057934959991	9089	185.28802814657	77.03457212249	33.768069016044
GLOBAL	V	3360001	3370000	-2.1696173491457	9401	10.285363079304	79.11960038254	31.726441222614
GLOBAL	V	3370001	3380000	-2.3018140686758	9600	9.7670075599565	88.454547318101	34.185011217441
GLOBAL	V	3380001	3390000	-1.6938463526704	9480	7.2781960103223	33.476279067978	15.466623059614
GLOBAL	V	3390001	3400000	-1.0005272402655	9620	9.664772162594	19.772030762587	10.101932454444
GLOBAL	V	3400001	3410000	-0.81757395118608	9489	6.7052615776554	12.868866242848	7.5388956023498
GLOBAL	V	3410001	3420000	-1.1812521967696	9578	7.6664055477345	18.4509449965	9.1297518669238
GLOBAL	V	3420001	3430000	1.5244945974688	8684	164.46551013923	87.762362770745	50.313820393877
GLOBAL	V	3430001	3440000	0.18794383920955	6866	23.536046654498	20.433704919708	16.506748759827
GLOBAL	V	3440001	3450000	0.37854220454135	8358	65.049486895253	52.632070964589	32.803253591525
GLOBAL	V	3450001	3460000	0.57731167320819	8670	88.096839203682	67.456820027219	35.751951907996
GLOBAL	V	3460001	3470000	2.7742511802832	8777	170.72934787512	69.302248123646	36.56017179422
GLOBAL	V	3470001	3480000	2.4148767041906	8869	90.599214260633	40.784474923443	20.628274416969
GLOBAL	V	3480001	3490000	3.410310565364	8805	178.65954144486	62.831567717507	33.964054448217
GLOBAL	V	3490001	3500000	-1.3380858391484	9644	5.0099022837244	13.89729857783	6.6418730653048
GLOBAL	V	3500001	3510000	-1.0650901478301	9613	5.6146016911892	14.036120351516	7.9068599756408
GLOBAL	V	3510001	3520000	-1.5183876824926	9416	4.1182071707139	15.327877023653	7.3826137963242
GLOBAL	V	3520001	3530000	-1.3323954537818	9644	6.3668421142462	18.32491442794	8.9748672436195
GLOBAL	V	3530001	3540000	-0.66339319256821	9475	9.9407309634271	14.808096791851	7.3370753317218
GLOBAL	V	3540001	3550000	-1.2731827309697	9732	5.4594571686742	14.806491616196	7.3414712752211
GLOBAL	V	3550001	3560000	-0.54984732564879	9232	12.770909977939	18.066824651993	9.6316094068579
GLOBAL	V	3560001	3570000	0.35056281468081	8932	74.965402521931	63.8966947875	31.57410675319
GLOBAL	V	3570001	3580000	0.40153506706567	8809	65.021254078532	53.941816043107	27.592703462718
GLOBAL	V	3580001	3590000	0.22029792746072	8939	104.79733017681	95.098959780274	44.023883966236
GLOBAL	V	3590001	3600000	-0.24628489856963	8453	25.532322954363	30.136799271998	18.695731424774
GLOBAL	V	3600001	3610000	-0.95814607410574	9511	9.5178843242099	19.115432340806	10.016790003083
GLOBAL	V	3610001	3620000	-1.0373301771011	9441	6.0638210497182	12.859758545851	6.5513735608511
GLOBAL	V	3620001	3630000	-1.0198825589951	9688	6.6185065648971	13.247595644651	6.4998553228383
GLOBAL	V	3630001	3640000	-1.1417885094991	9554	5.0994081231283	12.480531613896	6.4645277381584
GLOBAL	V	3640001	3650000	-1.0951706218682	9659	5.9691160328424	13.117487063367	6.5271756635791
GLOBAL	V	3650001	3660000	-1.2293419696657	8970	4.2491939182308	13.924724464995	7.8704955866717
GLOBAL	V	3660001	3670000	NA	0	NA	NA	NA
GLOBAL	V	3670001	3680000	-1.2638681438572	3158	0.35596340311531	4.2907624756188	3.1132987184049
GLOBAL	V	3680001	3690000	-0.9250953617004	9587	13.877111462241	23.907996512461	10.843082200501
GLOBAL	V	3690001	3700000	0.16959242797275	9074	120.96358795579	112.54978259097	49.611916436367
GLOBAL	V	3700001	3710000	-0.35191833671859	8315	91.305964498221	109.8191787533	52.606563294497
GLOBAL	V	3710001	3720000	-0.22131649472985	8824	103.8642325735	114.85333673467	49.653344521772
GLOBAL	V	3720001	3730000	-0.20123847682112	8920	81.093999420625	88.51616839161	36.882454529718
GLOBAL	V	3730001	3740000	-0.085729157952231	8706	99.054743535402	103.41612307908	50.873934234938
GLOBAL	V	3740001	3750000	-1.5976299152398	9184	18.526239945739	75.748023791252	35.816670243637
GLOBAL	V	3750001	3760000	-2.4352634142497	9442	7.3141958682774	80.647515607889	30.113095491234
GLOBAL	V	3760001	3770000	-1.9587273591795	8885	26.545384110714	111.59959155037	43.423198762734
GLOBAL	V	3770001	3780000	-1.0412425530794	9378	21.808390563443	46.664964132429	23.872030100454
GLOBAL	V	3780001	3790000	-1.7278550517225	9313	25.894198731565	78.970868341799	30.718241994502
GLOBAL	V	3790001	3800000	-1.5124860335794	9246	20.432271391626	62.304185560953	27.684165830103
GLOBAL	V	3800001	3810000	-1.9212074933171	8936	22.752915825684	88.970308181577	34.466549077197
GLOBAL	V	3810001	3820000	0.40518260882832	8639	126.85760776788	105.63359749447	52.381345622864
GLOBAL	V	3820001	3830000	-1.4860864383898	9047	45.171807576839	114.11793392765	46.394425364322
GLOBAL	V	3830001	3840000	-1.413842861171	9359	37.449178553656	92.172959350935	38.705702239042
GLOBAL	V	3840001	3850000	2.0297273818509	8973	220.71362764756	114.94069886518	52.111889373994
GLOBAL	V	3850001	3860000	2.2904948015711	7696	218.7787730811	106.95277183403	48.821766008971
GLOBAL	V	3860001	3870000	2.015399696535	8664	206.79979742507	107.45560470012	49.292551197535
GLOBAL	V	3870001	3880000	2.5564470794801	7995	152.62795788237	68.259658868492	33.002169178889
GLOBAL	V	3880001	3890000	-1.1918026310933	8045	3.6882710943784	16.548844067452	10.790858014196
GLOBAL	V	3890001	3900000	-1.012735499573	8343	2.3779605579321	8.9208552059268	6.4606154822786
GLOBAL	V	3900001	3910000	-0.86716887587027	5954	3.4767174471119	12.626025613341	10.550780154611
GLOBAL	V	3910001	3920000	0.76240243055795	8128	114.55392029642	80.858022721485	44.196996526196
GLOBAL	V	3920001	3930000	-1.5942121844753	8542	32.306301685949	98.316659318308	41.406255876839
GLOBAL	V	3930001	3940000	-1.5981228094912	9284	31.951541467594	90.287400648154	36.502738609388
GLOBAL	V	3940001	3950000	-1.5503740646043	8703	27.105473194306	79.924254678782	34.068411417832
GLOBAL	V	3950001	3960000	-1.6485569452827	9265	29.553378504596	84.944930465697	33.600023414177
GLOBAL	V	3960001	3970000	-1.8236682743739	9436	17.335683151844	64.036707944933	25.60828931957
GLOBAL	V	3970001	3980000	-1.6999057356391	9407	18.903348420155	67.28543520719	28.461629237837
GLOBAL	V	3980001	3990000	-1.7781717489217	9427	24.554047234188	81.574040745072	32.066640101251
GLOBAL	V	3990001	4000000	-1.8402533893388	9250	18.358148441779	70.170963601962	28.155261368001
GLOBAL	V	4000001	4010000	-1.7689882008678	8888	16.338726534063	58.841986707421	24.026876014497
GLOBAL	V	4010001	4020000	-1.6930921214144	8954	14.312591135713	51.315544218086	21.85525088349
GLOBAL	V	4020001	4030000	-1.6329299654213	9345	27.010179656408	78.890072672356	31.771045981486
GLOBAL	V	4030001	4040000	-1.4764288838075	7625	11.16514874716	32.032698757397	14.133799629022
GLOBAL	V	4040001	4050000	-0.89526028035918	9565	6.7458736550341	11.81743272257	5.6648990006589
GLOBAL	V	4050001	4060000	1.6594340613546	9348	100.38104620118	58.408369919959	25.293367937112
GLOBAL	V	4060001	4070000	1.3116587348824	8862	127.99538092353	75.332369498789	40.149933838897
GLOBAL	V	4070001	4080000	2.3300672584208	8781	180.51882874482	84.983470289609	41.001116216687
GLOBAL	V	4080001	4090000	2.2298896297857	8946	133.82303277108	62.027205699833	32.197031688134
GLOBAL	V	4090001	4100000	1.8088275453317	9019	132.49057381966	68.512727026306	35.369787992486
GLOBAL	V	4100001	4110000	4.0440793200126	8950	220.44946648558	73.380118434107	36.366583445504
GLOBAL	V	4110001	4120000	5.3743674724056	9193	205.83151895639	63.346401842764	26.511978915697
GLOBAL	V	4120001	4130000	3.9725981501997	8970	174.92142025515	60.142847899366	28.892570558645
GLOBAL	V	4130001	4140000	5.0570002850526	9524	294.92435978628	91.934226910449	40.140423459304
GLOBAL	V	4140001	4150000	2.9240898930019	8754	263.54735137504	112.50359766469	51.654962479724
GLOBAL	V	4150001	4160000	2.1859789036741	8765	210.00087011568	96.853928425294	51.760308162265
GLOBAL	V	4160001	4170000	1.2357439297274	8192	189.44649446934	113.64396271235	61.341617736059
GLOBAL	V	4170001	4180000	2.4150667495857	9030	239.31092302601	120.34550659465	49.259680483685
GLOBAL	V	4180001	4190000	2.0229105606373	9027	200.91111385666	103.89277846552	47.959775028596
GLOBAL	V	4190001	4200000	1.8843391730977	9032	233.2100596734	129.94332366371	54.802626556839
GLOBAL	V	4200001	4210000	-0.7224059684712	7880	49.056757714012	90.876941692632	57.890141836898
GLOBAL	V	4210001	4220000	-0.87652459803662	8867	80.908641952317	127.57393212372	53.238996687521
GLOBAL	V	4220001	4230000	-0.49424974938813	5898	20.98164876128	31.487645236321	21.256452811656
GLOBAL	V	4230001	4240000	-1.3384378814357	8720	41.264730831664	101.07052277783	44.683278003174
GLOBAL	V	4240001	4250000	-1.658571691709	8859	31.295287774938	89.590539255555	35.147863533442
GLOBAL	V	4250001	4260000	-1.6462397729889	9082	36.107560631936	101.05356266156	39.451119512021
GLOBAL	V	4260001	4270000	-1.5589527867905	8836	34.281300557706	85.596869189633	32.916691940089
GLOBAL	V	4270001	4280000	-1.3115475943899	8830	40.298914470673	85.111862651354	34.167992356791
GLOBAL	V	4280001	4290000	-1.023578728979	9157	50.920744223262	90.902149935219	39.060410870238
GLOBAL	V	4290001	4300000	-1.0325230536908	8840	41.902640240426	76.188701988694	33.206098038886
GLOBAL	V	4300001	4310000	-0.94865033252474	9350	42.480321041866	70.164095870351	29.182274942979
GLOBAL	V	4310001	4320000	-0.89997958268704	9232	49.995663884535	77.553704041266	30.62073927772
GLOBAL	V	4320001	4330000	-0.93988623694007	8473	37.643567765874	64.73822028966	28.827587274814
GLOBAL	V	4330001	4340000	-0.58386244392463	3555	0.32391069551488	0.69572921958334	0.63682555358272
GLOBAL	V	4340001	4350000	1.112072336063	4671	42.556180946837	26.628564969037	14.322463981245
GLOBAL	V	4350001	4360000	0.59326170223894	9214	104.12424985807	83.193554453993	35.280712247369
GLOBAL	V	4360001	4370000	-0.90259057978748	9320	36.048866553492	57.958561920191	24.274234472796
GLOBAL	V	4370001	4380000	-0.89112426611105	9543	30.636986756658	50.673079051537	22.484060929368
GLOBAL	V	4380001	4390000	-1.1788245431354	9781	6.9651124263171	15.716856735095	7.4241280093304
GLOBAL	V	4390001	4400000	-1.5251025302117	9693	4.825710175905	17.405652183735	8.2485877235305
GLOBAL	V	4400001	4410000	-1.0045948910045	9674	5.6643254772665	13.267681278011	7.568579005157
GLOBAL	V	4410001	4420000	-1.1665200943363	9590	6.2578948784399	15.339515273538	7.7852241373223
GLOBAL	V	4420001	4430000	-0.897126702175	9181	7.2385700436373	12.989068699256	6.4099069191423
GLOBAL	V	4430001	4440000	-1.4026871377447	9547	4.8525426520032	14.285642528144	6.7250205853515
GLOBAL	V	4440001	4450000	-1.3845348010091	9770	4.6471615117505	15.198148635417	7.6206008805097
GLOBAL	V	4450001	4460000	-1.260059856693	9881	5.7523564300525	14.416067699716	6.8756346959589
GLOBAL	V	4460001	4470000	-1.2259085682365	9677	4.8031892751949	13.119390108324	6.7837039797287
GLOBAL	V	4470001	4480000	-1.3504898221737	9416	3.3713292114914	12.863690847752	7.0288287111875
GLOBAL	V	4480001	4490000	-1.2193501406326	9796	5.6004807498388	15.32979011033	7.9790939749625
GLOBAL	V	4490001	4500000	-1.15054437548	9648	5.7556911446089	14.685490386015	7.7613688195903
GLOBAL	V	4500001	4510000	-1.0107739381087	9632	6.8596513352739	13.774192749148	6.8408386417362
GLOBAL	V	4510001	4520000	-0.80246400353123	7853	7.2995651623726	12.947534508171	7.0382837372696
GLOBAL	V	4520001	4530000	-1.1291042074886	8142	2.9346926925585	8.7147541895483	5.1191568135645
GLOBAL	V	4530001	4540000	-1.205917193132	9563	3.9083135277089	11.829510336318	6.5686075741536
GLOBAL	V	4540001	4550000	-0.84310063610351	8944	15.568056143675	34.666535833972	22.652669055694
GLOBAL	V	4550001	4560000	-1.3217749071783	9334	5.5780067425684	20.563744394562	11.337586733269
GLOBAL	V	4560001	4570000	-1.0861804248531	9773	7.1254177363508	15.066765213715	7.3112599855942
GLOBAL	V	4570001	4580000	-1.2534193500531	9654	6.8916747215563	16.494540160785	7.6613349226032
GLOBAL	V	4580001	4590000	-1.0417046988441	9902	7.1010898333508	14.417222870344	7.0232312910859
GLOBAL	V	4590001	4600000	-0.90833732644843	9528	7.5521646524065	15.218590587037	8.4400648430978
GLOBAL	V	4600001	4610000	-1.3575869070526	8896	10.117840908991	32.200492218355	16.26610509769
GLOBAL	V	4610001	4620000	-1.7371569023844	9420	16.100801007502	64.000744026674	27.573757415593
GLOBAL	V	4620001	4630000	-1.1937209975472	9197	40.239008067254	77.190400628552	30.954798179159
GLOBAL	V	4630001	4640000	-0.21891943081215	8620	78.024334153713	87.292834404071	42.337494739385
GLOBAL	V	4640001	4650000	0.48684869042439	8446	109.47733442157	90.729173568917	38.509214919146
GLOBAL	V	4650001	4660000	0.63568098257635	9067	157.91225777326	124.36155303268	52.779154418942
GLOBAL	V	4660001	4670000	-0.11232040849483	8650	138.96244989659	145.96252647858	62.322392482328
GLOBAL	V	4670001	4680000	0.0043021188756957	8679	85.826189813774	85.672284197616	35.774375512272
GLOBAL	V	4680001	4690000	-0.3417811842284	8590	43.950837508329	52.006814358628	23.570568603668
GLOBAL	V	4690001	4700000	-1.4603573877856	9086	30.256267667187	77.498215517627	32.349579798459
GLOBAL	V	4700001	4710000	-1.657291428242	8787	22.920668043881	70.538844347499	28.732530375862
GLOBAL	V	4710001	4720000	-1.581194934136	9162	22.953849508842	71.9996779038	31.018204862741
GLOBAL	V	4720001	4730000	-1.3236967860377	9044	21.802174124565	53.164752248437	23.693173885957
GLOBAL	V	4730001	4740000	-0.98626702651413	9065	28.372622876173	48.328705648409	20.233955141711
GLOBAL	V	4740001	4750000	-0.99842574494941	9374	20.916615409144	36.631450436199	15.739613192618
GLOBAL	V	4750001	4760000	-1.181712987576	9467	5.7978253995328	14.809099590167	7.6256030739904
GLOBAL	V	4760001	4770000	-1.3469202177527	9640	4.3391186149082	13.508290960536	6.8075096243829
GLOBAL	V	4770001	4780000	-1.3531352118837	9603	4.0783363824332	13.250812813111	6.7786843104242
GLOBAL	V	4780001	4790000	-1.4486500194432	9700	3.2193536020446	11.948841091388	6.0259464827109
GLOBAL	V	4790001	4800000	-1.1838031469475	9450	3.8731157890665	11.568843687344	6.5008510225045
GLOBAL	V	4800001	4810000	-1.5341906572634	9626	13.566759547961	39.11058163705	16.649705151153
GLOBAL	V	4810001	4820000	-1.561146544806	8937	25.126613247838	72.901205677217	30.602247167845
GLOBAL	V	4820001	4830000	-1.3072455339728	9224	34.044642036089	71.831995999151	28.906087633151
GLOBAL	V	4830001	4840000	-0.96717774123452	9241	49.86410170955	86.065636118641	37.430073982971
GLOBAL	V	4840001	4850000	-1.0009236602138	9368	46.612275087182	79.925903691443	33.282886526176
GLOBAL	V	4850001	4860000	-0.99432261771198	9602	36.978440878886	66.563413338898	29.75389670617
GLOBAL	V	4860001	4870000	-0.78873638238544	9322	61.974551279287	89.759935454764	35.227719674149
GLOBAL	V	4870001	4880000	-1.1843174827352	9545	3.5130617632139	13.534099017954	8.4614450101637
GLOBAL	V	4880001	4890000	-1.1051681653429	6660	2.57689051951	11.089848547912	7.7028621483692
GLOBAL	V	4890001	4900000	-1.146362308117	9635	6.4022628409899	14.417429612605	6.9918268551423
GLOBAL	V	4900001	4910000	-1.3327118171065	9451	5.7911074167796	15.064893120252	6.9585829317601
GLOBAL	V	4910001	4920000	-1.1196070488844	9613	5.2586568492084	12.600323953452	6.5573605592773
GLOBAL	V	4920001	4930000	-1.2967888309075	9277	3.8516807704927	12.080184778236	6.3452921644809
GLOBAL	V	4930001	4940000	-0.95345820128791	8679	2.8534021323124	9.2980194494171	6.7592027719721
GLOBAL	V	4940001	4950000	-1.2048827900358	9624	5.1025060716426	12.467084569187	6.11227793977
GLOBAL	V	4950001	4960000	-1.2849496724886	9624	3.2826492772415	11.179675860409	6.1457866811804
GLOBAL	V	4960001	4970000	-0.8392576208034	9487	10.347903729833	19.122839907598	10.455593086381
GLOBAL	V	4970001	4980000	-0.44748149489304	9221	13.981090657353	21.221802611311	16.181031029424
GLOBAL	V	4980001	4990000	-0.30232255462463	2008	2.4656448685025	3.3293107773796	2.8567696841192
GLOBAL	V	4990001	5000000	0.5867449740295	419	0.23660585224831	0.13985627972339	0.16489203454184
GLOBAL	V	5000001	5010000	NA	0	NA	NA	NA
GLOBAL	V	5010001	5020000	NA	2	0	0	0
GLOBAL	V	5020001	5030000	0.088539590840938	707	1.0629580863937	0.99219203402741	0.79925885916333
GLOBAL	V	5030001	5040000	-0.90645922999594	8532	5.4860606862848	15.265726770341	10.788864805425
GLOBAL	V	5040001	5050000	-0.85438624986319	9387	4.2445363887149	10.021897422866	6.7620014192361
GLOBAL	V	5050001	5060000	-0.76134341339788	9461	9.8178773077356	15.982515198661	8.0970528968158
GLOBAL	V	5060001	5070000	-1.2176307849004	9203	5.0536477151822	14.685880996142	7.9106354737472
GLOBAL	V	5070001	5080000	-0.86356413733934	9424	6.1900259387877	11.823269495911	6.523248608354
GLOBAL	V	5080001	5090000	-0.44453566521601	9691	6.0561549108996	8.0527452513007	4.4914064193947
GLOBAL	V	5090001	5100000	-0.77173363447009	9694	6.3480733033631	10.519547688771	5.405329247146
GLOBAL	V	5100001	5110000	-1.151222315266	9257	4.1328756703555	10.130383051218	5.2096865230388
GLOBAL	V	5110001	5120000	-1.2364930310732	9341	4.4204496459474	12.991791873298	6.9319777887557
GLOBAL	V	5120001	5130000	-1.0923032602886	9694	5.172003657161	11.559407963526	5.8476473874827
GLOBAL	V	5130001	5140000	-1.2984591623395	9605	3.6234305281954	11.822539881467	6.3144915073794
GLOBAL	V	5140001	5150000	-1.4689792046679	9788	3.9378803353002	12.596441342946	5.8942706473532
GLOBAL	V	5150001	5160000	-1.0411304380685	9639	7.1910192736427	14.026126659109	6.5650826597159
GLOBAL	V	5160001	5170000	-1.4032057804203	9631	3.3883808041622	10.648279386738	5.1737946663823
GLOBAL	V	5170001	5180000	-0.81950453055874	9159	5.7576716905642	14.123558432321	10.208469178386
GLOBAL	V	5180001	5190000	-0.48759934762581	8161	7.8639806921157	14.886535090764	14.40230474639
GLOBAL	V	5190001	5200000	-0.67636895790073	9169	5.3718320556718	10.503839679149	7.5875859817778
GLOBAL	V	5200001	5210000	-0.62080508150506	9558	7.4197720758604	12.801003593781	8.668149920543
GLOBAL	V	5210001	5220000	-1.2353678999746	9780	3.2136107688871	9.870787283284	5.3888210261363
GLOBAL	V	5220001	5230000	-0.95426142459215	9691	6.5861805781412	12.8658608561	6.5806707848872
GLOBAL	V	5230001	5240000	-0.82318915156408	9553	6.7729124905238	11.818999420008	6.12992399122
GLOBAL	V	5240001	5250000	-1.1152635570706	9686	3.6492352964027	10.132177951339	5.8129243207452
GLOBAL	V	5250001	5260000	-0.29733139418433	9071	13.26943438869	16.974025122515	12.459467134263
GLOBAL	V	5260001	5270000	-0.56102449257093	9162	12.753744107773	19.981134747154	12.882486834506
GLOBAL	V	5270001	5280000	-1.2182385923699	9246	4.4427836228762	12.080037153373	6.2690950511098
GLOBAL	V	5280001	5290000	-1.1528797049752	9487	4.7282757435207	14.818658850751	8.7523295480744
GLOBAL	V	5290001	5300000	-1.3738043794185	9597	2.8204611464331	9.3506649062617	4.7533723561085
GLOBAL	V	5300001	5310000	-1.2327318887375	9766	6.2193094631988	14.934428897893	7.0697606789579
GLOBAL	V	5310001	5320000	-1.3207744076665	9147	4.0822815143125	12.598361267183	6.447792827782
GLOBAL	V	5320001	5330000	-1.180825443197	9643	5.7518975565282	13.116709623401	6.2370031991627
GLOBAL	V	5330001	5340000	-0.94619333130335	9599	5.6887655945262	10.778919606655	5.3796130703193
GLOBAL	V	5340001	5350000	-1.3471212655931	9623	3.8101977605378	11.16914491454	5.4627206488069
GLOBAL	V	5350001	5360000	-1.5665984280086	9551	8.2222032854957	25.458171631112	11.002161139358
GLOBAL	V	5360001	5370000	-1.7300153908828	9639	12.771358898765	42.593900412248	17.238309942587
GLOBAL	V	5370001	5380000	-1.5822979670904	9158	18.925640956733	51.951224039442	20.871911466485
GLOBAL	V	5380001	5390000	-1.563042420716	9003	13.220966722155	40.657724406706	17.553431257472
GLOBAL	V	5390001	5400000	-1.3280527528341	8738	17.374818156434	46.166347455299	21.679507261609
GLOBAL	V	5400001	5410000	-1.471050672187	8974	19.75834052421	53.159365212363	22.70555686467
GLOBAL	V	5410001	5420000	-1.8045155989125	9511	22.255610286283	77.556022257331	30.645571589613
GLOBAL	V	5420001	5430000	-0.9559242024193	9644	43.82827970797	68.563992434819	25.876228119601
GLOBAL	V	5430001	5440000	3.398630106943	9249	147.47658973897	62.724859964502	24.937026715951
GLOBAL	V	5440001	5450000	3.3370016594071	9291	190.21562724334	81.262166742073	32.650106778976
GLOBAL	V	5450001	5460000	2.7215398057208	9453	117.23379437736	55.740548650853	22.595019774192
GLOBAL	V	5460001	5470000	3.3879521266071	9101	193.34050067935	80.564796208737	33.287278053587
GLOBAL	V	5470001	5480000	3.303349724363	9059	161.94976774986	68.497341497518	28.29020056917
GLOBAL	V	5480001	5490000	-0.51749657324539	9128	63.383001919864	80.555011704381	33.182847331386
GLOBAL	V	5490001	5500000	-0.95789000293181	9393	49.983094752071	80.796313744588	32.167805174088
GLOBAL	V	5500001	5510000	-0.85745364864378	9001	48.504125506135	78.022118710212	34.425176510432
GLOBAL	V	5510001	5520000	-1.8298936174882	8776	14.840124265995	55.202807219441	22.057393155374
GLOBAL	V	5520001	5530000	-1.8337281084233	8761	14.597033895795	55.332091906997	22.214339096447
GLOBAL	V	5530001	5540000	1.3816793285248	8827	75.915065406732	46.279217692713	21.449150394151
GLOBAL	V	5540001	5550000	3.5505551671761	9002	182.20539859628	70.017235911007	31.597357991344
GLOBAL	V	5550001	5560000	3.5382971182535	8893	176.76798565905	66.947182614359	31.037756122329
GLOBAL	V	5560001	5570000	5.0312983836061	9269	203.3590237193	64.511881960918	27.596682043506
GLOBAL	V	5570001	5580000	4.4566811618347	9042	158.47547737263	53.958669889628	23.451712987243
GLOBAL	V	5580001	5590000	5.8217566411931	9369	183.55579478976	56.115944662969	21.890274358955
GLOBAL	V	5590001	5600000	6.1381259029181	9450	192.09492761655	57.929086055337	21.857785858943
GLOBAL	V	5600001	5610000	5.5517170296577	9478	174.34325719194	54.076987436567	21.662896201824
GLOBAL	V	5610001	5620000	4.5990280253968	9462	107.97013862196	37.671894639117	15.28545675187
GLOBAL	V	5620001	5630000	5.4578075506449	9313	152.87468424181	48.081736609983	19.200557487493
GLOBAL	V	5630001	5640000	4.7904765831777	8659	155.72236778748	50.494563252754	21.966040895439
GLOBAL	V	5640001	5650000	4.8272759747439	8938	119.93795707451	40.280589850388	16.501515065823
GLOBAL	V	5650001	5660000	3.4204460165117	8554	113.48361946543	39.609016600964	21.597944393171
GLOBAL	V	5660001	5670000	4.456347442171	9081	153.76234466842	53.689118049139	22.456334008492
GLOBAL	V	5670001	5680000	2.9740123949385	9037	76.92504468606	31.624415725366	15.232158762281
GLOBAL	V	5680001	5690000	3.4936981846385	8798	132.31519849281	49.112874886217	23.814971760419
GLOBAL	V	5690001	5700000	-1.0602387015717	9307	8.9288121962517	19.100345366221	9.5936256192977
GLOBAL	V	5700001	5710000	-1.4350597658826	9195	16.646684108754	42.482091426469	18.003018363368
GLOBAL	V	5710001	5720000	-1.5114824791277	9372	15.865416490919	42.483853806276	17.610814338198
GLOBAL	V	5720001	5730000	-0.68018149867524	9504	4.5942579038753	9.6765368568246	7.4719453011407
GLOBAL	V	5730001	5740000	-0.70235864539604	9004	7.2137055939546	16.724967562305	13.541887795782
GLOBAL	V	5740001	5750000	-1.4857975052734	9078	15.299385518111	41.966766181907	17.948193188606
GLOBAL	V	5750001	5760000	-1.4156142612674	9008	16.661033017694	41.975477853943	17.882304190398
GLOBAL	V	5760001	5770000	-1.420591496427	9276	13.919626130825	35.073471652426	14.890871566391
GLOBAL	V	5770001	5780000	-1.2604824737687	9359	17.330279816504	38.97588569177	17.172476671213
GLOBAL	V	5780001	5790000	-1.4824956246541	9513	20.029122672053	52.21901025106	21.713310342159
GLOBAL	V	5790001	5800000	-1.6181063740349	9391	18.04057137266	53.649264678621	22.006398267357
GLOBAL	V	5800001	5810000	-1.663545572349	9252	24.78243007527	76.362458171818	31.006080599111
GLOBAL	V	5810001	5820000	-1.4812461488935	9357	12.54102822402	35.599522979639	15.566956763293
GLOBAL	V	5820001	5830000	-1.3660113763331	8881	6.8491655137817	19.615012181342	9.3453443278259
GLOBAL	V	5830001	5840000	-1.1408987696972	8784	6.973115980695	18.195776419373	9.8366837941777
GLOBAL	V	5840001	5850000	-1.109415365279	9372	3.5219028952674	10.534209224004	6.3207222003576
GLOBAL	V	5850001	5860000	-0.59952520271404	5244	1.8666350733998	4.8687128431142	5.0074254695616
GLOBAL	V	5860001	5870000	2.7032183770879	8635	72.517782057379	30.182024945764	15.661241973807
GLOBAL	V	5870001	5880000	3.5120064028939	8471	128.28837403242	46.045575238565	23.41761072135
GLOBAL	V	5880001	5890000	3.6497029890704	9348	70.552421480161	27.53564604966	11.786377017341
GLOBAL	V	5890001	5900000	-1.262013012161	9381	6.0338776643195	15.979252486653	7.8805644050402
GLOBAL	V	5900001	5910000	-1.4645708240398	8957	9.4107908016067	29.104604384901	13.446815449301
GLOBAL	V	5910001	5920000	-0.94548393054421	7722	10.210206680357	22.71543430956	13.226271991746
GLOBAL	V	5920001	5930000	-1.3755611063024	8222	8.6401558924891	24.723680729403	11.692337594618
GLOBAL	V	5930001	5940000	-0.88615110619325	8668	13.112979772198	27.224797036057	15.924843026469
GLOBAL	V	5940001	5950000	-0.77949621106713	9423	5.5462340109764	11.575979853286	7.7354395784108
GLOBAL	V	5950001	5960000	-0.93944231371519	9396	4.1734896550129	8.7023284788332	4.820773726819
GLOBAL	V	5960001	5970000	-1.1249030539962	9666	3.4393838508236	8.8312212957934	4.7931574421597
GLOBAL	V	5970001	5980000	-1.167403043607	9368	3.4504661014782	9.2213441507844	4.9433467566398
GLOBAL	V	5980001	5990000	-1.1440296967863	8698	3.5658703317749	10.524526787644	6.0825837610824
GLOBAL	V	5990001	6000000	-1.5412848077549	9050	12.718331039921	38.457069074228	16.699533989307
GLOBAL	V	6000001	6010000	-1.6478254536043	9007	15.168491867618	45.067134470282	18.144301957023
GLOBAL	V	6010001	6020000	-1.4186014408341	9256	13.337036039575	33.642262692669	14.313552819427
GLOBAL	V	6020001	6030000	-1.7002997509071	9504	10.264634646038	32.986295766958	13.36332673624
GLOBAL	V	6030001	6040000	-1.6227461903678	9547	16.197431936836	47.926301912323	19.552577084341
GLOBAL	V	6040001	6050000	-1.4600349961047	9260	17.640826448325	44.941722791732	18.69879586191
GLOBAL	V	6050001	6060000	-1.5974808627557	9608	14.945867396029	45.461861582465	19.102572617862
GLOBAL	V	6060001	6070000	-1.5347206004383	9714	16.512927408005	42.98861169478	17.251142832912
GLOBAL	V	6070001	6080000	-1.5611067842736	9142	15.840211892735	45.724957748001	19.143306631117
GLOBAL	V	6080001	6090000	-1.5929576210216	9327	20.251379229251	53.637655160014	20.958671775179
GLOBAL	V	6090001	6100000	-1.7016581826071	9638	24.899482403497	70.907011774481	27.036880756214
GLOBAL	V	6100001	6110000	-1.6272112996477	9338	18.36078106878	52.213535469431	20.804153958359
GLOBAL	V	6110001	6120000	-1.5497836142643	9385	14.858600455577	39.091110682154	15.636060417428
GLOBAL	V	6120001	6130000	-1.3897313773786	9243	12.455553512293	35.347754711237	16.472392846252
GLOBAL	V	6130001	6140000	-1.2378251883945	9555	10.08216723393	23.382769205224	10.745137597778
GLOBAL	V	6140001	6150000	-0.93971650792657	9286	7.1414968108646	13.771153793625	7.0549542620976
GLOBAL	V	6150001	6160000	-1.4299680618659	9228	4.7850004298305	15.458559201615	7.4641938211241
GLOBAL	V	6160001	6170000	-1.3971072537131	9192	6.1027615042347	19.095092508612	9.2994513984864
GLOBAL	V	6170001	6180000	-1.5518940418726	9118	13.678739569446	38.707530912914	16.12789962984
GLOBAL	V	6180001	6190000	-1.5117047391743	9269	12.36720766412	37.415426282275	16.569517822532
GLOBAL	V	6190001	6200000	-1.4014799257665	9301	15.313836573188	37.669956688421	15.95179474512
GLOBAL	V	6200001	6210000	-1.3266705896054	8625	14.947517597354	40.185869713937	19.023827251714
GLOBAL	V	6210001	6220000	-1.5265410247271	9076	12.041940958118	34.035295408674	14.407313065489
GLOBAL	V	6220001	6230000	-1.5498667119033	9106	12.623857200456	35.455471574539	14.73134057189
GLOBAL	V	6230001	6240000	-1.5227272138305	9605	8.5912155170682	25.587645085361	11.161834775079
GLOBAL	V	6240001	6250000	-1.4730983072975	9404	14.051925753556	34.674002053753	13.999117504948
GLOBAL	V	6250001	6260000	-1.675430285137	9436	9.2745944831342	30.909823890816	12.913237631915
GLOBAL	V	6260001	6270000	-1.5607156812809	9290	11.077140670768	31.297346264853	12.955726553276
GLOBAL	V	6270001	6280000	-1.4358986607925	9062	14.056753976728	39.763665095088	17.903012113802
GLOBAL	V	6280001	6290000	-1.745616568556	9528	16.643742448615	53.121904161017	20.897007034356
GLOBAL	V	6290001	6300000	-1.4716224014149	9021	16.97755446143	45.880352435203	19.640091062751
GLOBAL	V	6300001	6310000	-1.5410626904507	9421	15.33092020804	42.731093411864	17.780050982748
GLOBAL	V	6310001	6320000	-1.5368564389809	9560	10.25717683411	28.570828224297	11.916305860248
GLOBAL	V	6320001	6330000	-0.99281013779294	9238	3.2175632134452	7.1467038707768	3.9575952216466
GLOBAL	V	6330001	6340000	-0.83938139388207	9265	5.3378565590885	8.9594332205554	4.3145781975431
GLOBAL	V	6340001	6350000	-1.1111041954404	9561	3.2030293729349	9.0938324640505	5.3017557806813
GLOBAL	V	6350001	6360000	-1.3865039190188	9192	1.8584972611426	8.7086049457159	4.9405613576779
GLOBAL	V	6360001	6370000	-1.0788478611179	9486	4.7049402944013	10.519638679339	5.3897297241824
GLOBAL	V	6370001	6380000	-1.4348742858965	9552	2.5686469138456	9.7400791917552	4.9979516313018
GLOBAL	V	6380001	6390000	-1.0621789128362	9488	3.3952485308667	8.1830415037984	4.5075202633685
GLOBAL	V	6390001	6400000	-0.63589380235083	9514	9.5280678587579	14.551309161221	7.8994971863106
GLOBAL	V	6400001	6410000	-0.9537003269199	9367	3.914658383865	8.7067751869833	5.0247616235963
GLOBAL	V	6410001	6420000	-1.380108445076	8633	6.2090602599573	19.007171208781	9.2732647166133
GLOBAL	V	6420001	6430000	-0.87335954620903	9376	3.4533690759475	7.274290792664	4.3749698887496
GLOBAL	V	6430001	6440000	-1.28630032942	8867	2.7937016081232	8.8327757790931	4.6949176897846
GLOBAL	V	6440001	6450000	-1.1507341049243	9394	3.7631735416766	10.522968169365	5.8743323924804
GLOBAL	V	6450001	6460000	-1.4182334351475	9179	1.9409547486135	9.482373493191	5.3174735256423
GLOBAL	V	6460001	6470000	-1.3004602080243	9291	2.8300187494002	10.265094874587	5.7172653798321
GLOBAL	V	6470001	6480000	-0.90731955918367	9432	3.9899836188814	7.9315644498282	4.3442035290114
GLOBAL	V	6480001	6490000	-1.2967349905289	9493	6.7368857071052	17.794864865131	8.527555158757
GLOBAL	V	6490001	6500000	-1.6776553943632	9229	9.1946524918781	30.14114133318	12.485572967893
GLOBAL	V	6500001	6510000	-1.6029157363764	9217	13.357652175443	39.228107723107	16.139622913771
GLOBAL	V	6510001	6520000	-1.4631672759622	9520	16.372414536622	41.17559044415	16.951702184029
GLOBAL	V	6520001	6530000	-1.623495936379	9589	13.884907376377	39.351382377452	15.686195715324
GLOBAL	V	6530001	6540000	-1.5047266384817	9592	8.1333804983865	24.419954319209	10.823609687176
GLOBAL	V	6540001	6550000	-0.96499793358021	9253	9.2100755056352	21.283029111238	12.51085954227
GLOBAL	V	6550001	6560000	-0.71272223822019	7830	5.7064985462519	11.847733305334	8.6165892261453
GLOBAL	V	6560001	6570000	-1.6049283193418	9359	10.80441026315	35.071075336775	15.120092767493
GLOBAL	V	6570001	6580000	-1.283714191347	8989	7.7791685964585	21.047063920178	10.335552425262
GLOBAL	V	6580001	6590000	-1.6061048125318	9276	6.5449600562486	23.900033385314	10.805691629619
GLOBAL	V	6590001	6600000	-1.5066941216328	9347	10.181409804817	30.135930235842	13.243909393766
GLOBAL	V	6600001	6610000	-1.4401739786209	9113	11.75072253821	33.348966406293	14.9969685529
GLOBAL	V	6610001	6620000	-1.4619541781014	9310	15.564379369497	45.908514339406	20.755872806708
GLOBAL	V	6620001	6630000	-1.5773075050225	9486	11.580132346911	35.731037063239	15.311475181235
GLOBAL	V	6630001	6640000	-1.5111886364053	9216	12.237948712157	33.381109698615	13.991079920209
GLOBAL	V	6640001	6650000	-1.5661969493283	8187	8.5365648060195	27.538129349948	12.132295719308
GLOBAL	V	6650001	6660000	-1.0130869261227	8332	6.0342694282559	18.452335915684	12.257651507709
GLOBAL	V	6660001	6670000	-1.3808729250591	9406	4.7549704879434	18.754376417828	10.138084160992
GLOBAL	V	6670001	6680000	-1.535971237928	9090	5.8265102536391	19.352719654171	8.8062908123057
GLOBAL	V	6680001	6690000	-1.5914163731564	9178	8.5526765061776	29.487398042405	13.154773250639
GLOBAL	V	6690001	6700000	-1.6589066623356	9203	10.716646524968	35.463797554125	14.917747689503
GLOBAL	V	6700001	6710000	-1.5039034699566	9219	12.086022859025	35.337355788485	15.460655151046
GLOBAL	V	6710001	6720000	-1.5054697157524	9056	9.316499012536	30.194266541795	13.867942550292
GLOBAL	V	6720001	6730000	-1.5569435541079	9139	9.9270401245945	32.246744707928	14.335590088956
GLOBAL	V	6730001	6740000	-1.5991351311248	9322	10.762795838955	35.072262792925	15.201633983784
GLOBAL	V	6740001	6750000	-1.5223643460808	9351	9.9327258627346	29.225459006016	12.672875053169
GLOBAL	V	6750001	6760000	-1.5497435495428	8858	7.7361122851295	26.110951048278	11.856696398943
GLOBAL	V	6760001	6770000	-1.3932920595789	9414	16.330180229484	48.258287138568	22.915588077588
GLOBAL	V	6770001	6780000	-1.4551585946816	9120	8.3099884137981	24.03018883573	10.803083924589
GLOBAL	V	6780001	6790000	-1.5031431401213	9235	2.335539823087	10.390845843983	5.3589746750574
GLOBAL	V	6790001	6800000	-1.1705222577132	9536	3.0906253578509	9.3566524019922	5.3531891451455
GLOBAL	V	6800001	6810000	-1.2410282722532	9334	2.6855918166891	8.8327111655785	4.9532468246907
GLOBAL	V	6810001	6820000	-0.89148943496291	6588	3.5904772667778	8.5678201507061	5.5831765231581
GLOBAL	V	6820001	6830000	-1.0106899071758	8768	2.6204906970686	7.3014152227785	4.6314151279001
GLOBAL	V	6830001	6840000	-1.2004534125282	9306	3.0535928723866	8.571468581592	4.5964930014108
GLOBAL	V	6840001	6850000	-0.96551454239131	9350	4.6730659529861	10.683322457963	6.2249259240474
GLOBAL	V	6850001	6860000	-1.4322329794835	9785	2.3059787546706	9.3502890988181	4.9184109324782
GLOBAL	V	6860001	6870000	-1.4994448772772	9437	2.8092629814943	10.518837593615	5.1416192278571
GLOBAL	V	6870001	6880000	-1.4158452179335	9290	1.6075337691972	7.7925710862317	4.3684417185532
GLOBAL	V	6880001	6890000	-1.4166610545167	9004	1.8405378929813	7.9230182431708	4.293532550215
GLOBAL	V	6890001	6900000	-1.0912029378721	8668	2.096785736531	7.9550538345957	5.368632996433
GLOBAL	V	6900001	6910000	-1.6200975590765	9247	1.7032130275705	10.260779751838	5.2821304966012
GLOBAL	V	6910001	6920000	-1.4761271060954	9606	1.2517492859093	8.1841625438779	4.6963525223148
GLOBAL	V	6920001	6930000	-1.37063939495	9804	2.3143225271013	10.671881861125	6.0975624696154
GLOBAL	V	6930001	6940000	-0.98135699733836	8700	2.013870448761	6.1305686558132	4.1949038099463
GLOBAL	V	6940001	6950000	-1.4368605423585	9288	1.9073433861604	9.0932012180625	5.0010823041373
GLOBAL	V	6950001	6960000	-1.3886384503345	9241	2.026279092322	9.7458895382592	5.5591219183639
GLOBAL	V	6960001	6970000	-1.1127303527164	9388	2.5127552248113	7.5350236125274	4.5134639991223
GLOBAL	V	6970001	6980000	-1.1341605053484	9392	0.94012938587449	4.0262554856802	2.7210664498122
GLOBAL	V	6980001	6990000	-1.2889389083396	9492	2.0466181932452	8.3135562528478	4.862090840035
GLOBAL	V	6990001	7000000	-0.95508080607212	9020	4.369411541613	9.1554892550853	5.0111756859146
GLOBAL	V	7000001	7010000	-1.4208990057861	9368	1.8721449170216	9.092489959019	5.0815328975494
GLOBAL	V	7010001	7020000	-1.3405261093777	9492	2.4148145637153	10.131948736022	5.7567951256756
GLOBAL	V	7020001	7030000	-1.4552779722253	9714	1.1587959530346	7.5339491662128	4.3807116817894
GLOBAL	V	7030001	7040000	-0.89729291163794	9158	2.5012488570827	10.067899461429	8.4327542391192
GLOBAL	V	7040001	7050000	-1.2203032458467	9533	1.9456311875398	12.737887660268	8.8439136005409
GLOBAL	V	7050001	7060000	-1.40128395083	9610	2.207670538447	10.782992447035	6.1196175860778
GLOBAL	V	7060001	7070000	-1.4948940844051	9338	2.221226469015	9.8712083945155	5.1174073168834
GLOBAL	V	7070001	7080000	-1.6252259223479	9625	1.7486228184394	11.43007792215	5.9569903301347
GLOBAL	V	7080001	7090000	-1.423115634531	9577	1.9435075814193	8.5721912795446	4.6578672437322
GLOBAL	V	7090001	7100000	-1.6164007785752	9339	1.1471707890532	7.4015792426831	3.869342638614
GLOBAL	V	7100001	7110000	-1.5481738067731	9403	1.5927199155258	8.9605279005748	4.7590315459516
GLOBAL	V	7110001	7120000	-1.4551321343528	9491	1.4534924562641	8.1829046759755	4.6246056016793
GLOBAL	V	7120001	7130000	-1.2926052907925	9375	2.0742766905649	8.4439141513956	4.9277513454438
GLOBAL	V	7130001	7140000	-1.6997818469414	9676	1.8240835228666	12.208533031545	6.1092836868241
GLOBAL	V	7140001	7150000	-1.393492150442	9265	2.2543687921375	9.8763864600572	5.4697241498649
GLOBAL	V	7150001	7160000	-0.98521202607061	9445	3.2651954038239	7.9237364034504	4.7284654230283
GLOBAL	V	7160001	7170000	-1.3225503058549	9437	2.9914760727578	9.6108287187104	5.0049912027156
GLOBAL	V	7170001	7180000	-1.4817440293725	9556	2.2566395453737	10.130444013895	5.3138762920176
GLOBAL	V	7180001	7190000	-1.3991150562478	9529	2.6894845520772	12.473338576204	6.9928873829473
GLOBAL	V	7190001	7200000	-1.2986746421218	9428	2.4816960661523	9.0927053860029	5.0905816633559
GLOBAL	V	7200001	7210000	-1.2307663778537	9468	3.7217079752661	10.390001260395	5.41800085306
GLOBAL	V	7210001	7220000	-1.2177894834122	9368	3.6420289154914	11.173804664121	6.184792898298
GLOBAL	V	7220001	7230000	-1.3026715546401	8892	1.6462478046671	7.014569678647	4.1210095168334
GLOBAL	V	7230001	7240000	-1.376384961434	9642	2.2741403124466	8.8311668000101	4.7639480750588
GLOBAL	V	7240001	7250000	-1.3613745774011	8916	2.7801020393475	10.520027598082	5.6853754192399
GLOBAL	V	7250001	7260000	-1.5266297569739	9145	1.787627486635	8.3106526108833	4.2728271831792
GLOBAL	V	7260001	7270000	-1.334375631403	9248	1.7477725735009	9.7795815584471	6.019151426275
GLOBAL	V	7270001	7280000	-1.3658089021721	9571	2.0303431255021	8.1827692197899	4.5046024260811
GLOBAL	V	7280001	7290000	-1.5189277860602	9700	1.7571534245539	9.4807904370132	5.0849270671997
GLOBAL	V	7290001	7300000	-1.6292171174651	9474	1.8584332876728	10.519168981627	5.3158879814798
GLOBAL	V	7300001	7310000	-1.3404075304883	9272	3.5505500646615	10.522245304568	5.2011758225253
GLOBAL	V	7310001	7320000	-1.2538181938788	9201	3.2542228202855	10.521656430084	5.7962419474201
GLOBAL	V	7320001	7330000	-1.3364436057472	9379	2.3494350146068	10.002959741771	5.7267846501351
GLOBAL	V	7330001	7340000	-1.2817194830635	9263	1.8445707048028	8.0542879878508	4.8448333391997
GLOBAL	V	7340001	7350000	-1.5358863931992	9173	1.9882756217896	10.002846368699	5.2182054495679
GLOBAL	V	7350001	7360000	-1.450941668098	9566	1.2403460623471	8.4527206824872	4.9708232789224
GLOBAL	V	7360001	7370000	-0.98254974605049	9391	3.0691234076424	6.6236660676684	3.6176719543352
GLOBAL	V	7370001	7380000	-1.3746953062072	9160	2.0265168692749	7.1420996068907	3.7212484210264
GLOBAL	V	7380001	7390000	-1.5591933957012	9466	1.7613013843322	9.6099303821899	5.0337751682998
GLOBAL	V	7390001	7400000	-1.3890890915944	9476	1.5021480680414	7.9242826111161	4.6232704453126
GLOBAL	V	7400001	7410000	-1.4947333181501	9425	1.8429653556111	10.000735427829	5.4576759433674
GLOBAL	V	7410001	7420000	-1.3348203476651	9357	3.2273708402586	11.822105208705	6.4388697576275
GLOBAL	V	7420001	7430000	-1.5684060586658	9683	2.5301007531305	11.038126435449	5.4246319920215
GLOBAL	V	7430001	7440000	-1.2489451975248	9650	3.7230778243588	10.259714700154	5.2337259382955
GLOBAL	V	7440001	7450000	-1.6703452231018	9462	2.8910341429258	14.936169987094	7.2111654989503
GLOBAL	V	7450001	7460000	-1.6334196147446	9519	12.420512103988	38.580044098399	16.015193988289
GLOBAL	V	7460001	7470000	-1.5999808386224	9288	10.164166368969	32.9920041029	14.267569450136
GLOBAL	V	7470001	7480000	-1.6491850756334	9461	14.067577820554	44.163954911843	18.249241723055
GLOBAL	V	7480001	7490000	-1.6299612008348	9126	12.452456493058	38.575897869278	16.027032645219
GLOBAL	V	7490001	7500000	-1.6922632659042	9287	9.6742455611601	33.119991725907	13.854668264172
GLOBAL	V	7500001	7510000	-1.5113875672131	9121	9.2614560926807	29.361301763995	13.298935433469
GLOBAL	V	7510001	7520000	-1.460558788635	9346	7.0164907563641	20.522001430631	9.2468107270704
GLOBAL	V	7520001	7530000	-1.4962813800724	9636	5.120938808055	18.335752366404	8.8317703704302
GLOBAL	V	7530001	7540000	-1.529356861694	9481	7.1515242485186	26.242143908982	12.482776347776
GLOBAL	V	7540001	7550000	-1.6865121797319	9396	13.334129482442	44.298506133347	18.360007726613
GLOBAL	V	7550001	7560000	-1.6805580862427	9557	15.224618401617	46.88878771384	18.841460804854
GLOBAL	V	7560001	7570000	-1.2220823227048	9207	4.6247961527488	12.729813646937	6.6321370856995
GLOBAL	V	7570001	7580000	-1.3990251925564	9460	2.449711475103	9.4846642928818	5.0284675752864
GLOBAL	V	7580001	7590000	-1.2226131054077	9526	3.0917602643454	9.0921164856374	4.907812778018
GLOBAL	V	7590001	7600000	-1.1255004345848	9211	3.7376229451278	11.17522710327	6.6082641370866
GLOBAL	V	7600001	7610000	-1.4503045462238	9160	2.1377783908963	9.4822612644866	5.0640969806745
GLOBAL	V	7610001	7620000	-1.4752336978772	9757	2.4602844745845	10.130168315765	5.1990975072066
GLOBAL	V	7620001	7630000	-1.2144857827263	9252	2.6877909591301	8.4421974512721	4.738142326561
GLOBAL	V	7630001	7640000	-0.9058777796541	9259	2.7891155666978	5.9743632751807	3.5162002866426
GLOBAL	V	7640001	7650000	-1.265909896125	9582	2.7901748788413	8.7066132434295	4.6736646760553
GLOBAL	V	7650001	7660000	-1.1605190332974	9427	3.2406033294598	11.046096143861	6.7258636786195
GLOBAL	V	7660001	7670000	-1.111471559256	9232	2.52239883059	7.14345218804	4.1575992826513
GLOBAL	V	7670001	7680000	-1.3867732570377	9853	1.8087458817502	8.1826058673868	4.5961803440397
GLOBAL	V	7680001	7690000	-1.0933968446502	9541	5.8476869853748	13.903344660522	7.3675516026613
GLOBAL	V	7690001	7700000	-1.3513990320544	9065	3.0387554313874	11.562625659564	6.3074414188519
GLOBAL	V	7700001	7710000	-1.0899519032121	9657	4.2109703703782	10.654406190117	5.9116698642843
GLOBAL	V	7710001	7720000	-1.3360073049624	9518	2.7823943579126	9.6109383474249	5.1111576741749
GLOBAL	V	7720001	7730000	-0.90876642672324	9862	3.8840014479446	8.0529214349344	4.5874493867711
GLOBAL	V	7730001	7740000	-1.1699218783302	9324	2.8738149559003	8.7032308470111	4.9827394453304
GLOBAL	V	7740001	7750000	-1.0459036614091	9196	5.0804968753664	11.040761401525	5.6986745013671
GLOBAL	V	7750001	7760000	-0.86919661382079	9632	5.6559128546438	10.65050075736	5.7462118734691
GLOBAL	V	7760001	7770000	-1.2425036217106	9492	3.1835516199395	9.0905897135281	4.754141549669
GLOBAL	V	7770001	7780000	-1.3445997254366	9656	4.4886936247478	13.898593700048	6.9982909391451
GLOBAL	V	7780001	7790000	-1.2306484113347	9150	1.9376258076263	7.7949722453587	4.7595612067463
GLOBAL	V	7790001	7800000	-1.2791566196679	9330	2.8675456076637	9.2215323421399	4.9673250615126
GLOBAL	V	7800001	7810000	-1.5469900739745	9384	8.4552793011425	26.367071358044	11.578478982016
GLOBAL	V	7810001	7820000	-1.4975004440939	8957	12.255192007566	32.470639092281	13.499459826168
GLOBAL	V	7820001	7830000	-1.4513087645619	8969	12.514599898854	37.687179402932	17.344744356779
GLOBAL	V	7830001	7840000	-1.6493312098859	8797	10.938385328994	36.634741286664	15.579864010121
GLOBAL	V	7840001	7850000	-1.3153862463696	9349	10.308747457367	25.978606069782	11.91274323847
GLOBAL	V	7850001	7860000	-1.3050997239671	9620	5.3665042289318	14.676614311104	7.1336388409252
GLOBAL	V	7860001	7870000	-1.2977643141683	9246	6.4506783560083	18.447467317991	9.244196986316
GLOBAL	V	7870001	7880000	-1.531604321528	9126	9.043541106095	27.539782956305	12.076383952584
GLOBAL	V	7880001	7890000	-1.6766977293579	9397	9.8889732060577	32.990826262737	13.778185925931
GLOBAL	V	7890001	7900000	-1.6261450482758	9571	11.516810124761	37.277594556213	15.841627694138
GLOBAL	V	7900001	7910000	-1.5949635030113	8993	9.3124591540227	30.394262699604	13.217734139859
GLOBAL	V	7910001	7920000	-1.5696032572068	9057	10.435561116322	31.956026062712	13.710767257636
GLOBAL	V	7920001	7930000	-1.2937158628509	9435	4.9689797272141	16.636687199324	9.0187558235533
GLOBAL	V	7930001	7940000	-1.0796631822994	9568	3.4775867037023	8.5730767526049	4.7195182094203
GLOBAL	V	7940001	7950000	-1.5103060124309	9221	2.07406912043	10.911552389971	5.851452087724
GLOBAL	V	7950001	7960000	-1.2920332416021	9228	2.2904644909993	8.5723170963832	4.8619899265088
GLOBAL	V	7960001	7970000	-1.19581670696	9696	3.4092026667307	10.002291728315	5.5134612380066
GLOBAL	V	7970001	7980000	-1.1193434637318	9183	2.7123906010794	6.882703706331	3.7256778105875
GLOBAL	V	7980001	7990000	-1.3333244562555	9746	1.9488873530491	7.4034315586915	4.0909353908956
GLOBAL	V	7990001	8000000	-1.4159656092928	9461	1.9908634160468	8.8317669223859	4.8312638820062
GLOBAL	V	8000001	8010000	-1.0699196406393	9262	4.1533598145965	10.272398242721	5.7191570242311
GLOBAL	V	8010001	8020000	-1.2086654363078	8809	3.6247685467692	11.57131402313	6.5746444281846
GLOBAL	V	8020001	8030000	-1.0223208069582	9552	3.8499610172214	10.281095345294	6.2907203729987
GLOBAL	V	8030001	8040000	-1.1250655504767	9404	2.8243080848026	8.7044863866396	5.2265206230389
GLOBAL	V	8040001	8050000	-1.3247655414986	9267	1.9603560192787	8.7040972628309	5.090516798862
GLOBAL	V	8050001	8060000	-1.3550489505499	9404	2.2411804132936	10.010901607629	5.7339044402653
GLOBAL	V	8060001	8070000	-1.2124464261175	9227	3.7809788520732	10.913442228769	5.8827039472048
GLOBAL	V	8070001	8080000	-1.1546808257947	9538	3.8586059122761	10.00149542984	5.3199891955735
GLOBAL	V	8080001	8090000	-1.4137932418435	9055	2.1527832109071	9.4817551027442	5.183906440436
GLOBAL	V	8090001	8100000	-1.1925565339444	9230	3.0663670981864	9.7445009703434	5.5998467846795
GLOBAL	V	8100001	8110000	-1.2813124214906	9656	3.9419943810126	12.210464731942	6.4531258826872
GLOBAL	V	8110001	8120000	-1.4234751431832	9494	2.8407102051495	9.8695965503144	4.9378356754771
GLOBAL	V	8120001	8130000	-1.1963866497815	9077	2.0482810815044	7.9277673893388	4.9143697055699
GLOBAL	V	8130001	8140000	-1.3862228834166	9281	1.9186054129395	7.7918325097239	4.2368562566999
GLOBAL	V	8140001	8150000	-1.304137002791	9365	2.009461377899	7.6634286320798	4.335408965531
GLOBAL	V	8150001	8160000	-1.3593085940597	9654	2.4139594262939	9.4826286232795	5.2001945900116
GLOBAL	V	8160001	8170000	-1.26941154569	9441	1.9072897521266	6.6232800624972	3.7150995879806
GLOBAL	V	8170001	8180000	-1.1407007881178	8902	2.6691652478108	10.54909155956	6.9079695515521
GLOBAL	V	8180001	8190000	-1.5172304862818	9503	1.5470135006521	8.8317122539756	4.8013131947907
GLOBAL	V	8190001	8200000	-1.2612829352806	9666	3.2134598620476	10.278080130838	5.6011383894753
GLOBAL	V	8200001	8210000	-1.5022763040494	9457	2.2645401361956	10.781219313095	5.6691829285616
GLOBAL	V	8210001	8220000	-1.3288419612404	9461	2.1803640752049	8.8330532972873	5.0063810566852
GLOBAL	V	8220001	8230000	-1.3677921949809	9672	2.3616034019645	8.4414560371206	4.4450119378265
GLOBAL	V	8230001	8240000	-1.2984837177716	8984	3.4628695271648	11.778606811124	6.4041906495606
GLOBAL	V	8240001	8250000	-1.3332644486445	9053	2.3812339012254	9.4839533744949	5.3273148327706
GLOBAL	V	8250001	8260000	-1.1518020651844	9213	2.6442787926904	7.6626427834416	4.3569673492015
GLOBAL	V	8260001	8270000	-0.96264662470697	9477	5.2752937992379	11.176436573317	6.1301235807848
GLOBAL	V	8270001	8280000	-1.2140592143503	9124	2.1797527847745	7.4050653368543	4.3040013949207
GLOBAL	V	8280001	8290000	-1.3881645347311	9300	2.0822841840775	8.4420296436771	4.5814060945101
GLOBAL	V	8290001	8300000	-1.1826719484572	8892	2.6355648482123	7.5325432485931	4.1406058601196
GLOBAL	V	8300001	8310000	-1.4850474877147	9476	2.2841901535657	10.260314367738	5.3709556631396
GLOBAL	V	8310001	8320000	-1.3706401984712	9796	3.2413913483395	10.520964860269	5.3110754522221
GLOBAL	V	8320001	8330000	-1.4110403001461	9139	1.6968262830692	9.1355438398453	5.2717966708717
GLOBAL	V	8330001	8340000	-1.1836802316315	9137	3.2076044794537	12.759429224297	8.0695989420028
GLOBAL	V	8340001	8350000	-1.2157910823847	9450	3.3528494377314	8.830536658291	4.5054510597458
GLOBAL	V	8350001	8360000	-1.1857788343143	9286	3.2436615544797	9.7443350626942	5.482197286793
GLOBAL	V	8360001	8370000	-1.1378105427641	9548	3.756348649621	9.4804890231259	5.0308378753455
GLOBAL	V	8370001	8380000	-1.4122862396896	9563	2.1555197257149	9.4819640365427	5.1876483002753
GLOBAL	V	8380001	8390000	-1.2538582057863	9099	2.473536405922	8.70344664309	4.9685923084589
GLOBAL	V	8390001	8400000	-1.4426636682764	9295	2.0744983339041	10.133308604989	5.5860630916927
GLOBAL	V	8400001	8410000	-1.1720518110939	9449	3.2622185152011	9.0923683544363	4.974310678121
GLOBAL	V	8410001	8420000	-1.2351179367111	9492	3.8212585974143	10.521257914127	5.4245826390914
GLOBAL	V	8420001	8430000	-1.5971842503995	9633	2.5470412015069	11.298584282272	5.4793572366969
GLOBAL	V	8430001	8440000	-1.2272920844947	9392	1.6216267425503	8.0592918601687	5.2454221769618
GLOBAL	V	8440001	8450000	-1.2133763853449	9630	2.8097140819084	9.2226041056062	5.2851613902763
GLOBAL	V	8450001	8460000	-1.6314809788116	9625	1.8322913725215	10.12930079297	5.0855692025856
GLOBAL	V	8460001	8470000	-1.0088016852177	9562	4.44767861907	9.8721702736579	5.3771635536249
GLOBAL	V	8470001	8480000	-1.3846600873197	9407	2.9530209949686	10.910739165477	5.7470553555948
GLOBAL	V	8480001	8490000	-1.3144602404316	9322	2.3164448960516	9.4823815006851	5.4516191393361
GLOBAL	V	8490001	8500000	-1.5179720548363	9599	2.3760307764361	10.520066348454	5.3650760869221
GLOBAL	V	8500001	8510000	-0.97399827335868	9322	3.1093244043438	8.8531502063641	5.8971622015443
GLOBAL	V	8510001	8520000	-1.346822829802	9548	1.9490454069083	9.2412132022371	5.41434822307
GLOBAL	V	8520001	8530000	-1.0267616893662	9739	4.9359978018142	10.911893085207	5.8201385436204
GLOBAL	V	8530001	8540000	-1.4946050378824	9629	2.2321787372594	10.909972957895	5.80607852957
GLOBAL	V	8540001	8550000	-1.474874970555	9360	2.1093364140035	12.762082022003	7.2228126591575
GLOBAL	V	8550001	8560000	-1.1277632866929	8911	3.7383844263135	9.4816424930654	5.0926095347487
GLOBAL	V	8560001	8570000	-1.2278307256651	9035	2.137635349502	7.6644447768927	4.50127962419
GLOBAL	V	8570001	8580000	-1.3733028467665	8903	1.0807639561035	8.0557282338502	5.0789702316352
GLOBAL	V	8580001	8590000	-0.8288379529886	6611	2.3548431214392	6.5196499064996	5.0248746091358
GLOBAL	V	8590001	8600000	-0.98150320663409	8070	2.6225663161857	9.104877864616	6.6044731230786
GLOBAL	V	8600001	8610000	-0.60379576966427	3559	2.2642249161611	5.3677314007247	5.1399937536648
GLOBAL	V	8610001	8620000	-0.77204927206171	1766	0.44513834982615	1.7920800128211	1.7446317375548
GLOBAL	V	8620001	8630000	-0.54070445563763	3106	1.3926702510024	3.5444065071878	3.9795053170922
GLOBAL	V	8630001	8640000	-0.46119012614647	1544	1.3107883148463	2.8153115422939	3.2622624426478
GLOBAL	V	8640001	8650000	-1.0110076042313	6041	1.8382193455423	7.805557842492	5.9023675707038
GLOBAL	V	8650001	8660000	-1.1019106478592	9214	3.4888510753813	9.3526651914033	5.3214969175715
GLOBAL	V	8660001	8670000	-1.4042429191266	9291	3.0244710325243	11.823056451872	6.2657146420365
GLOBAL	V	8670001	8680000	-1.275650651475	9357	2.5942198564587	9.6141316649661	5.5030049178356
GLOBAL	V	8680001	8690000	-1.3880975339089	8809	6.3032416595655	21.962339976703	11.280978414421
GLOBAL	V	8690001	8700000	-1.7236884652394	9346	8.5200156020259	32.860965179189	14.121432073157
GLOBAL	V	8700001	8710000	-1.4624827308322	9280	7.7181255318982	25.219987150579	11.967226176218
GLOBAL	V	8710001	8720000	-1.4153920528385	9166	4.7538444234884	15.586289291271	7.6533175709577
GLOBAL	V	8720001	8730000	-1.4624072658157	9322	12.163492544695	34.813598919655	15.488234299989
GLOBAL	V	8730001	8740000	-1.6123170503239	9597	8.0950163981919	26.494989113437	11.412130580365
GLOBAL	V	8740001	8750000	-1.3432294012163	9279	6.9063592944349	23.803832905728	12.579737754394
GLOBAL	V	8750001	8760000	-1.7044222379856	9097	10.388559496607	36.245179895142	15.170313917691
GLOBAL	V	8760001	8770000	-1.6423583423658	9039	7.7786221144584	29.356140681648	13.138130705451
GLOBAL	V	8770001	8780000	-1.3939926703554	8952	7.0660441532905	21.046491506124	10.029068050458
GLOBAL	V	8780001	8790000	-1.485622049464	9720	3.5242423007415	13.11668970408	6.456855838131
GLOBAL	V	8790001	8800000	-1.6297246031212	9562	8.5304202039244	28.830917868502	12.456397618161
GLOBAL	V	8800001	8810000	-1.5669069876314	8946	11.423073184731	33.381254390835	14.013710692105
GLOBAL	V	8810001	8820000	-1.6438391321217	9203	8.4518949015189	28.312660435533	12.081939860125
GLOBAL	V	8820001	8830000	-1.6094862839701	9465	10.997045893491	32.730026359233	13.503054162185
GLOBAL	V	8830001	8840000	-1.4537202860532	9457	7.5593285119043	23.130404056029	10.71119093096
GLOBAL	V	8840001	8850000	-1.4134477454188	9470	6.9631492715998	19.219967337073	8.6715749522399
GLOBAL	V	8850001	8860000	-1.5579949781083	9250	7.7048847077069	27.412651453266	12.649441764882
GLOBAL	V	8860001	8870000	-1.6455273416911	9286	10.897686414838	34.815319946871	14.534935352368
GLOBAL	V	8870001	8880000	-1.5854058334557	8889	10.645998204639	32.34134718235	13.684413492047
GLOBAL	V	8880001	8890000	-1.6849222854058	9337	10.291644859324	34.157997660879	14.164660891649
GLOBAL	V	8890001	8900000	-1.3874195065342	9378	4.9472997220838	15.197249073638	7.3877794735337
GLOBAL	V	8900001	8910000	-1.5926699649186	9157	8.5440192287612	27.404544044433	11.842079797515
GLOBAL	V	8910001	8920000	-1.5497175209342	9009	8.4159884524205	26.888944112218	11.920208302647
GLOBAL	V	8920001	8930000	-1.5339257860142	9311	10.683361952928	33.905714206692	15.139162836623
GLOBAL	V	8930001	8940000	-1.6932454711035	9707	13.840013854945	42.988832133857	17.214762287193
GLOBAL	V	8940001	8950000	-1.410999882519	9340	9.1921600450082	29.367740236877	14.298782332887
GLOBAL	V	8950001	8960000	-1.581657583404	9652	4.899457826126	18.832033812002	8.80884467793
GLOBAL	V	8960001	8970000	-1.5910752394337	9244	10.880102688664	33.511456738339	14.223937051356
GLOBAL	V	8970001	8980000	-1.4142415320293	9278	11.203660461745	33.764287090792	15.952456576971
GLOBAL	V	8980001	8990000	-1.6392949053708	9293	13.885716815159	41.172269593396	16.64529834677
GLOBAL	V	8990001	9000000	-1.5047066404576	9305	9.3565757899137	28.36172838952	12.630470344589
GLOBAL	V	9000001	9010000	-1.6174744683116	9413	16.830971455835	52.709392628339	22.181754256656
GLOBAL	V	9010001	9020000	-1.68991054269	9093	14.366070145657	48.724114307807	20.331279848376
GLOBAL	V	9020001	9030000	-2.0018466084086	9288	12.004448217086	56.368666558251	22.161647228523
GLOBAL	V	9030001	9040000	-1.5747131303263	9071	13.463691134814	49.661236981169	22.986755586939
GLOBAL	V	9040001	9050000	-1.5918584042152	9034	11.736480374217	37.023201957452	15.885031932662
GLOBAL	V	9050001	9060000	-1.5685028956218	9092	12.785908127973	39.368159367094	16.947530867378
GLOBAL	V	9060001	9070000	-1.7329232321197	9111	10.444041175002	37.54204607193	15.637164067437
GLOBAL	V	9070001	9080000	-1.6045880379044	9018	7.8866178080094	28.843610720726	13.060668793273
GLOBAL	V	9080001	9090000	-1.3765074684263	8591	2.3188803615624	11.499026493842	6.6691582449419
GLOBAL	V	9090001	9100000	-1.2329732482595	9556	2.2336729060169	8.3137434412736	4.9312266457031
GLOBAL	V	9100001	9110000	-1.6559239755909	9467	2.9563874791978	15.976384393271	7.8626779405303
GLOBAL	V	9110001	9120000	-1.4026460627423	9482	3.2816335037198	11.94960507337	6.1797283005974
GLOBAL	V	9120001	9130000	-1.3126091897786	9156	2.8833391825458	10.544188175748	5.8363517891377
GLOBAL	V	9130001	9140000	-1.4379205941975	9584	2.6676127379329	12.213103188149	6.6383988717706
GLOBAL	V	9140001	9150000	-1.3040614483621	9114	2.4667197331554	9.0925630700352	5.0809287746386
GLOBAL	V	9150001	9160000	-1.3453559338593	8897	0.99638158802588	5.7148864843517	3.5072539374695
GLOBAL	V	9160001	9170000	-1.4914700161665	9113	2.2836611994796	9.3509425067941	4.7384669022574
GLOBAL	V	9170001	9180000	-1.4085336608146	8701	0.47375764044904	4.6759316738743	2.983367845817
GLOBAL	V	9180001	9190000	-1.4074596063845	8845	0.99611575669225	5.7142301539972	3.3522201105471
GLOBAL	V	9190001	9200000	-1.3328511214072	9171	1.585711146144	8.7078571590681	5.343542049471
GLOBAL	V	9200001	9210000	-1.2269313772676	9721	3.939700392746	11.437022513912	6.110628727959
GLOBAL	V	9210001	9220000	-1.3589173194172	9340	2.0006519072322	8.702890447842	4.9320429174338
GLOBAL	V	9220001	9230000	-1.4076964014652	9659	2.0374451176321	8.0519651325895	4.2725974213596
GLOBAL	V	9230001	9240000	-1.4090522703127	9542	2.22492226634	10.392855113522	5.796756457707
GLOBAL	V	9240001	9250000	-1.4375261183831	9633	2.6009255119098	10.131706918495	5.2387092730224
GLOBAL	V	9250001	9260000	-1.2696839815795	9452	2.8609401955592	9.8939566745113	5.5391865857857
GLOBAL	V	9260001	9270000	-1.1431330480761	9376	3.4208612539515	9.3520625917909	5.1885485664348
GLOBAL	V	9270001	9280000	-0.74035268921293	6216	1.0227595123661	4.5978128861654	4.8288517430793
GLOBAL	V	9280001	9290000	-0.4852359826849	7481	4.6937518812077	9.2369153746705	9.3627918282658
GLOBAL	V	9290001	9300000	-1.3233988383755	9269	3.1353277872802	11.562924729064	6.368145941649
GLOBAL	V	9300001	9310000	-1.2802689938736	9306	3.8467887612033	12.341813632404	6.6353437534235
GLOBAL	V	9310001	9320000	-1.4684357883999	9661	2.5924485060265	11.299875320741	5.9297293647434
GLOBAL	V	9320001	9330000	-1.382488892726	9453	14.670233908703	40.879786724091	18.958237533257
GLOBAL	V	9330001	9340000	-1.5168138833331	9236	10.547130985983	32.995222157567	14.799502706459
GLOBAL	V	9340001	9350000	-1.3311275233059	9282	14.581226938741	34.420517704991	14.904124825681
GLOBAL	V	9350001	9360000	-1.4066934019123	9595	14.301253155001	35.522457059417	15.08587718942
GLOBAL	V	9360001	9370000	-1.3926165561092	9389	15.100169920403	34.284701690092	13.775889483383
GLOBAL	V	9370001	9380000	-1.3994414077542	9844	14.640008881572	34.284601167297	14.037452498458
GLOBAL	V	9380001	9390000	-1.0830936865358	9519	10.776777585598	23.544007021426	11.787742458978
GLOBAL	V	9390001	9400000	-1.5245806087168	9203	15.341917820124	42.736023558285	17.968289496491
GLOBAL	V	9400001	9410000	-1.3626055490722	9593	19.035859197152	45.227123879061	19.221457522863
GLOBAL	V	9410001	9420000	-1.5328962208742	9400	21.021728819029	54.819827818402	22.048523924274
GLOBAL	V	9420001	9430000	-1.5330810296137	9165	22.952153603652	58.980345815877	23.500514008254
GLOBAL	V	9430001	9440000	-1.4456534031281	9396	15.147678499576	41.342779872701	18.119904339757
GLOBAL	V	9440001	9450000	-1.4918824270938	8940	15.917146022435	40.394424445262	16.406975495052
GLOBAL	V	9450001	9460000	-1.5244075568144	9179	13.743367499053	41.706088961864	18.343336949369
GLOBAL	V	9460001	9470000	-1.3247204568523	9180	15.67610897574	37.442225171412	16.430723993944
GLOBAL	V	9470001	9480000	-1.24980255199	9058	14.989622945668	35.339881645724	16.282778961887
GLOBAL	V	9480001	9490000	-1.3926840787863	8975	8.5641684199887	21.949591876534	9.6112418174628
GLOBAL	V	9490001	9500000	-1.3653655459746	9534	21.529917790866	49.338220403056	20.366928617889
GLOBAL	V	9500001	9510000	-1.5521969275319	9515	22.987968911881	57.663357635167	22.339555057889
GLOBAL	V	9510001	9520000	-1.3978800828877	9269	20.274185070198	52.868856875059	23.31721597859
GLOBAL	V	9520001	9530000	-1.3237770636458	9406	14.244083729226	40.589751516145	19.901891723641
GLOBAL	V	9530001	9540000	-1.4712869821117	8371	19.605874589248	52.146489112562	22.117108979384
GLOBAL	V	9540001	9550000	-1.5711096789411	9670	14.899280976448	39.873547282016	15.895940710136
GLOBAL	V	9550001	9560000	-1.0904286044648	9492	5.3539644084624	11.779790251254	5.8929358753801
GLOBAL	V	9560001	9570000	-1.3519182288969	9461	3.1374822501103	9.7395847795398	4.8835072923136
GLOBAL	V	9570001	9580000	-1.2333417081267	9455	3.7172911524329	11.475628547463	6.2905011189586
GLOBAL	V	9580001	9590000	-1.1186079617065	9209	5.3069013537489	12.34018649537	6.2875335974645
GLOBAL	V	9590001	9600000	-1.0770279205311	9275	3.2836238052375	9.2360169851907	5.526684189411
GLOBAL	V	9600001	9610000	-1.0048160658631	9318	7.4225084649306	14.680565522536	7.2232693168286
GLOBAL	V	9610001	9620000	-0.90541217640056	9544	4.8603944095846	10.144067344429	5.8356548239163
GLOBAL	V	9620001	9630000	-1.0885190632136	9422	5.027766200097	10.778860856495	5.2834119775713
GLOBAL	V	9630001	9640000	-0.65502419255467	9380	6.7793953834595	10.784640106549	6.1146515939642
GLOBAL	V	9640001	9650000	-0.92772210426307	9444	6.0394735094542	11.55989315761	5.9505099887012
GLOBAL	V	9650001	9660000	-1.1405297717106	9830	4.4157411578871	11.171516413789	5.9233659861152
GLOBAL	V	9660001	9670000	-1.0811963026408	9208	3.9931790957692	10.417570646767	5.9419288942318
GLOBAL	V	9670001	9680000	-0.77387328702195	9540	8.1157494059246	13.378950341886	6.801114632365
GLOBAL	V	9680001	9690000	-0.98289418319194	9465	4.9838772906477	11.319378418212	6.4457611367585
GLOBAL	V	9690001	9700000	-0.32397717302165	8823	9.5211015405809	11.431291835372	5.8960644571803
GLOBAL	V	9700001	9710000	-0.56917768791867	9623	8.6017555496125	13.973625542421	9.437949004031
GLOBAL	V	9710001	9720000	-0.63688166581666	9662	7.5080584502508	11.430487916578	6.1588041811458
GLOBAL	V	9720001	9730000	-1.0151772322666	9344	5.2247608720953	10.909804357816	5.6000502227855
GLOBAL	V	9730001	9740000	-1.0003031512792	9538	4.8494157584121	10.130386786095	5.2793705797382
GLOBAL	V	9740001	9750000	-1.1108298358286	9309	2.8643750730179	8.4784785379724	5.0539725202528
GLOBAL	V	9750001	9760000	-1.338046212278	8937	2.7991883530984	9.7413043780595	5.1882483289887
GLOBAL	V	9760001	9770000	-0.7385766054547	9514	5.5701484903807	9.0916249248095	4.7679230677241
GLOBAL	V	9770001	9780000	-1.3797616103471	9210	2.1484521970444	8.3115810497998	4.4668070241534
GLOBAL	V	9780001	9790000	-0.9736028220296	9549	6.7024312457098	13.118526579072	6.5900541660167
GLOBAL	V	9790001	9800000	-0.9400443061582	9707	4.9710862786728	10.523157034541	5.9061798677962
GLOBAL	V	9800001	9810000	-1.2166671164011	9461	3.2335292673524	9.742233563972	5.3496179923662
GLOBAL	V	9810001	9820000	-0.64686222691247	9220	6.7561480673686	10.391974522753	5.6207122693477
GLOBAL	V	9820001	9830000	-0.95373642651237	9306	3.7980044261156	8.5742270221458	5.0079062341112
GLOBAL	V	9830001	9840000	-0.85680344626119	9029	4.3402428497237	9.5781990732613	6.113369695692
GLOBAL	V	9840001	9850000	-1.2400699038108	9248	2.5666567979709	7.7928120457382	4.2144037458752
GLOBAL	V	9850001	9860000	-0.82447713520181	8207	3.5923409679244	10.850116151054	8.8028823035259
GLOBAL	V	9860001	9870000	-0.72840706637713	7066	4.5963932151898	7.9586717405711	4.6159334259403
GLOBAL	V	9870001	9880000	-1.2940345923733	9487	3.0265136808741	9.4813907776866	4.9881797093029
GLOBAL	V	9880001	9890000	-0.8447242084655	9494	6.5360971106612	11.560599852425	5.9480984342703
GLOBAL	V	9890001	9900000	-0.86003522129029	9403	4.0422286085601	8.4444733953187	5.1186796514613
GLOBAL	V	9900001	9910000	-1.0994056060891	9282	4.5531576595451	11.69259772579	6.4939090966092
GLOBAL	V	9910001	9920000	-1.0519448991641	8879	3.6116700081656	8.9652531237773	5.0892238936336
GLOBAL	V	9920001	9930000	-1.232050299825	9368	3.6312691826115	11.046615615067	6.0187042960092
GLOBAL	V	9930001	9940000	-1.2157825651443	9364	4.2635160448258	11.430369400762	5.8948479451878
GLOBAL	V	9940001	9950000	-1.2678648141765	8959	2.6679147778891	9.4824841662327	5.3748391091442
GLOBAL	V	9950001	9960000	-1.1151994608387	9458	9.6340065051811	20.665024422891	9.8915201316668
GLOBAL	V	9960001	9970000	-1.4807703485938	9360	8.8855718716841	26.503968486643	11.898128991906
GLOBAL	V	9970001	9980000	-1.0993422123566	9005	2.6879829458926	10.809962862534	7.3880360686143
GLOBAL	V	9980001	9990000	-0.74625427436481	9247	4.1625010681376	7.2731234575095	4.168314334976
GLOBAL	V	9990001	10000000	-0.89610334865687	9393	5.4743414439646	11.725315255196	6.9757286596476
GLOBAL	V	10000001	10010000	-1.2913002615641	9739	2.5471894719063	9.4823280011808	5.3706629942705
GLOBAL	V	10010001	10020000	-1.0100959608463	9642	3.6591085462679	8.4424942372932	4.7355755061308
GLOBAL	V	10020001	10030000	-1.1009469616845	8645	2.6670949962115	9.1095148533725	5.8517077401293
GLOBAL	V	10030001	10040000	-1.1872518807015	9376	4.1344762090373	11.561287238748	6.2554636892401
GLOBAL	V	10040001	10050000	-0.81136343024117	9214	4.2165688518833	8.3157865744022	5.0522584204966
GLOBAL	V	10050001	10060000	-1.292985874102	9343	8.5361574467773	22.087217380994	10.48043927288
GLOBAL	V	10060001	10070000	-1.1589853986528	9393	16.04505319562	36.831018322413	17.934622084933
GLOBAL	V	10070001	10080000	-1.2848766094334	9492	11.346915182253	31.598393001432	15.761418388734
GLOBAL	V	10080001	10090000	-1.4480750990955	9284	15.625343549872	41.970445513552	18.193187618608
GLOBAL	V	10090001	10100000	-1.420018920717	8695	16.012445303271	41.05969058015	17.638670099009
GLOBAL	V	10100001	10110000	-1.2802688778986	9249	10.109683602391	24.553831648408	11.282120728987
GLOBAL	V	10110001	10120000	-1.1056363241323	9210	19.510379888484	41.874376070392	20.227262521842
GLOBAL	V	10120001	10130000	-1.0827798626993	8422	9.8322117498935	25.63984563158	14.599120676551
GLOBAL	V	10130001	10140000	-0.78948899735147	3186	0.38009512194327	0.89611305357315	0.65361003555589
GLOBAL	V	10140001	10150000	NA	49	0	0	0
GLOBAL	V	10150001	10160000	-0.21836222601006	7091	7.6763258699008	9.5953843151092	8.7884176685393
GLOBAL	V	10160001	10170000	-0.29384881515557	2795	5.0573602913003	7.2231804820192	7.3705255186149
GLOBAL	V	10170001	10180000	-0.59800800583544	4182	1.0393738066995	2.727080414914	2.8222140702894
GLOBAL	V	10180001	10190000	-0.60023392012667	4279	1.5636812348013	3.7026901292067	3.5636254844677
GLOBAL	V	10190001	10200000	-0.58697722559021	3332	0.54891836355251	0.78300260676155	0.39879612530735
GLOBAL	V	10200001	10210000	-1.0434527567584	7702	4.0846900805835	11.446272927038	7.0550226627642
GLOBAL	V	10210001	10220000	-0.98705719747885	8994	2.8421759896299	7.926528344974	5.1510210029678
GLOBAL	V	10220001	10230000	-1.3349409607646	9351	2.1664904625497	9.093700779244	5.1891510713151
GLOBAL	V	10230001	10240000	-1.5213939766539	9356	2.0097913150869	9.7408934258969	5.0815911127855
GLOBAL	V	10240001	10250000	-1.3818815729502	9628	2.198542307876	9.4824543334793	5.2710103153431
GLOBAL	V	10250001	10260000	-1.350627242927	9676	3.5439169663146	12.081266811186	6.3210259452265
GLOBAL	V	10260001	10270000	-1.1729832538815	8967	3.1126173028484	9.4869258269119	5.4342706965088
GLOBAL	V	10270001	10280000	-0.96244139474948	9562	3.2857318725784	7.9274066463927	4.8228128997117
GLOBAL	V	10280001	10290000	-1.6078635238963	9110	15.245445959807	47.543530015852	20.087578066188
GLOBAL	V	10290001	10300000	-1.6755073694681	9370	17.389422951149	52.475714496247	20.94069664178
GLOBAL	V	10300001	10310000	-1.2600275604852	9375	9.639487202404	26.38923344869	13.293158635226
GLOBAL	V	10310001	10320000	-1.3334066880143	9048	13.254970866389	37.435986537604	18.134764051038
GLOBAL	V	10320001	10330000	-1.2677971584005	7994	11.850858723872	31.912723176808	15.824191054543
GLOBAL	V	10330001	10340000	-1.5377721331341	9646	25.049936168544	67.316838865132	27.485803511372
GLOBAL	V	10340001	10350000	0.50889514958156	9437	101.0074141683	83.858899401935	33.697540211316
GLOBAL	V	10350001	10360000	-0.0039037033587011	9276	72.296613154011	72.419900940421	31.582263066968
GLOBAL	V	10360001	10370000	-1.0726871938292	9305	25.955001358707	48.994229561056	21.478049085405
GLOBAL	V	10370001	10380000	-1.396404870609	9615	3.57962278455	12.599328106859	6.4592336450212
GLOBAL	V	10380001	10390000	-0.19123729106023	9511	13.244330837764	14.750162400088	7.8741523369996
GLOBAL	V	10390001	10400000	0.59602461340177	9397	18.745232217906	14.29565199164	7.4654303299165
GLOBAL	V	10400001	10410000	-0.55325496396227	9515	9.9198000358251	13.77507221722	6.9683463005627
GLOBAL	V	10410001	10420000	-1.2534363272514	9619	5.2825051084461	13.506935893712	6.5615066409487
GLOBAL	V	10420001	10430000	-0.45846504864668	9825	7.7156564464803	10.807579545279	6.7440759288529
GLOBAL	V	10430001	10440000	-0.62763953762544	9301	9.9554823934949	17.215323177194	11.566895245582
GLOBAL	V	10440001	10450000	-0.77548141082658	9439	30.568686688825	47.069765651419	21.278497114464
GLOBAL	V	10450001	10460000	0.24651697725974	8647	55.165712033502	48.714650916194	26.168831003115
GLOBAL	V	10460001	10470000	-1.7679650972058	8592	1.3459626480829	21.067857795861	11.155138288051
GLOBAL	V	10470001	10480000	1.8031557408485	8674	122.27947909135	65.615979104547	31.424628889871
GLOBAL	V	10480001	10490000	1.601188649797	9303	99.634382916899	58.758280688336	25.528598540681
GLOBAL	V	10490001	10500000	-0.84356427861136	9677	24.644401946228	39.103009149082	17.139899791223
GLOBAL	V	10500001	10510000	-0.81616764019256	9274	37.785116277933	57.023434985953	23.571528397624
GLOBAL	V	10510001	10520000	-0.43594685231369	9315	65.307755486329	80.196794109525	34.153334389675
GLOBAL	V	10520001	10530000	-0.57948710295214	9251	60.757178575618	82.780228236306	38.004382752427
GLOBAL	V	10530001	10540000	-1.5148258540482	9083	15.869094824085	58.290551212193	28.004180331845
GLOBAL	V	10540001	10550000	-1.4514529974915	9233	15.785606636124	48.91188049656	22.822836094374
GLOBAL	V	10550001	10560000	-1.4116214316374	9524	22.462555972387	56.518539966144	24.125437054504
GLOBAL	V	10560001	10570000	-1.3842279739919	9304	12.410351672261	35.013211307476	16.328856272159
GLOBAL	V	10570001	10580000	-1.5907455031705	9477	14.805223325138	41.560660464654	16.81943282957
GLOBAL	V	10580001	10590000	-1.3541229616352	9264	15.341288993344	34.807051418282	14.375180819201
GLOBAL	V	10590001	10600000	0.48222187106966	8881	36.327431518215	29.37919853722	14.408788563618
GLOBAL	V	10600001	10610000	2.5476010078929	9503	161.15878953156	79.660771351546	31.990102817324
GLOBAL	V	10610001	10620000	2.3483941971209	9148	142.80268065251	73.68517098181	29.431817603467
GLOBAL	V	10620001	10630000	1.2983051714711	8757	50.934361360045	29.844429427786	16.244202361424
GLOBAL	V	10630001	10640000	0.95295017766934	9025	51.027261199406	35.244987664141	16.561488632978
GLOBAL	V	10640001	10650000	1.6352065694932	9486	84.375117099458	50.808576880756	20.527400540657
GLOBAL	V	10650001	10660000	1.1994936268295	9326	108.41351184374	70.221115174118	31.840433175599
GLOBAL	V	10660001	10670000	1.8661383080504	9292	116.36392218652	66.791412253924	26.564220732589
GLOBAL	V	10670001	10680000	1.3674344290285	8915	118.74358245805	71.335985411758	34.669009379834
GLOBAL	V	10680001	10690000	2.147019959399	9237	147.79641306783	77.901896076302	32.554199920478
GLOBAL	V	10690001	10700000	1.6407644972505	9077	131.24721145532	74.66488553739	34.485342663587
GLOBAL	V	10700001	10710000	3.2661018619399	9314	141.03725869697	57.273447852031	25.646417162014
GLOBAL	V	10710001	10720000	2.6132147255518	9335	60.242705805606	28.071416040135	12.311001254854
GLOBAL	V	10720001	10730000	0.42906027670125	9501	48.791203581864	39.995663397062	20.499544382029
GLOBAL	V	10730001	10740000	1.3289968793977	9368	79.837822896808	49.091886870177	23.13469392085
GLOBAL	V	10740001	10750000	-1.2110729910789	9085	4.6335410046289	11.948918837772	6.0404103526626
GLOBAL	V	10750001	10760000	-0.90596162903556	9075	6.7507753751631	12.469212555755	6.312008143965
GLOBAL	V	10760001	10770000	1.2893462306172	9160	46.437915147168	29.885178355167	12.838085224074
GLOBAL	V	10770001	10780000	1.0733307468751	9031	59.433073662086	39.161983311574	18.886154533009
GLOBAL	V	10780001	10790000	-0.68381028588572	9342	7.591171008897	12.21334692938	6.7594419327807
GLOBAL	V	10790001	10800000	0.83122583833953	8279	78.999663719601	56.779557003005	26.731732450695
GLOBAL	V	10800001	10810000	-0.58887075713918	8989	41.908167679466	55.87881205001	23.724466194271
GLOBAL	V	10810001	10820000	0.329612491044	9287	51.127274378619	44.700549338849	19.497820059593
GLOBAL	V	10820001	10830000	2.2685258326076	8903	75.860043655931	36.587823396443	17.311780053369
GLOBAL	V	10830001	10840000	1.9313684179855	8157	102.5464068593	51.726332359958	26.312988255423
GLOBAL	V	10840001	10850000	2.2755134075475	9095	79.441988461183	40.276959741695	17.21151305441
GLOBAL	V	10850001	10860000	0.16701552570822	4095	8.2352695968056	7.2586796361459	5.8473004621482
GLOBAL	V	10860001	10870000	1.7293180396738	7996	54.149532391926	30.148647276694	13.878814980591
GLOBAL	V	10870001	10880000	1.8918764321364	8925	107.57622042579	57.991381796733	26.20934316152
GLOBAL	V	10880001	10890000	0.16969124134704	9176	64.881969690558	60.549921623923	25.529002158545
GLOBAL	V	10890001	10900000	-1.2341860765152	8813	17.699079963216	37.666588457634	16.178685592367
GLOBAL	V	10900001	10910000	0.81749603474309	8979	87.095724065381	62.71492700628	29.82374962438
GLOBAL	V	10910001	10920000	1.1817579108442	9066	111.74356333264	72.268875955458	33.403362071835
GLOBAL	V	10920001	10930000	0.85415962819819	8489	82.566970624346	55.60674527184	31.563450744421
GLOBAL	V	10930001	10940000	0.41739087386231	9161	67.844855312713	56.495311860406	27.191642565839
GLOBAL	V	10940001	10950000	-1.3125837929012	9068	38.714449159994	85.780250452396	35.857368913852
GLOBAL	V	10950001	10960000	-1.5075992312626	8822	22.873386327105	70.08600131559	31.316422832709
GLOBAL	V	10960001	10970000	-2.3341931651087	9389	4.7113505920429	52.991015704194	20.683663132011
GLOBAL	V	10970001	10980000	-1.8351286213619	9620	7.0747007870912	46.798723007804	21.646451239604
GLOBAL	V	10980001	10990000	-1.9612716363637	9459	4.5156145847331	33.387607778656	14.721057837482
GLOBAL	V	10990001	11000000	-2.0733316700236	9379	3.2068141824373	40.278119958182	17.880065361333
GLOBAL	V	11000001	11010000	-1.3986091500807	9325	2.9778786610947	10.910458171131	5.6717629150207
GLOBAL	V	11010001	11020000	-0.76452890960712	9019	5.4732198689087	11.712647292531	8.1611399454196
GLOBAL	V	11020001	11030000	0.044285142591684	8804	19.006694550961	18.409648316673	13.481863201674
GLOBAL	V	11030001	11040000	-1.0693907095381	9625	4.2332976998753	10.008277518176	5.4002524678708
GLOBAL	V	11040001	11050000	-0.93909700590848	9431	7.1653741945874	16.538080549257	9.9805518446969
GLOBAL	V	11050001	11060000	-2.0061165864	9343	4.587369921291	29.743741080172	12.539835087065
GLOBAL	V	11060001	11070000	-2.2645252168972	9135	3.0526330847793	41.694279937991	17.063906625936
GLOBAL	V	11070001	11080000	-1.2446125676897	9549	3.0299753911531	11.05853832201	6.4506523068136
GLOBAL	V	11080001	11090000	-1.3525624993635	9413	2.9955300203046	10.911257475644	5.8523931123807
GLOBAL	V	11090001	11100000	-1.2817769362643	9189	2.4975749761744	9.2255341649855	5.2489313845976
GLOBAL	V	11100001	11110000	-1.089491227857	9198	4.8752527759051	13.801346931731	8.1929013539501
GLOBAL	V	11110001	11120000	-1.7443011584967	9582	3.304995203504	18.705299459796	8.8289250862878
GLOBAL	V	11120001	11130000	-1.4860354845745	9509	2.6658424158807	12.473745728804	6.600046509476
GLOBAL	V	11130001	11140000	-1.111122053702	9509	3.507889929343	11.967906753728	7.6139401573376
GLOBAL	V	11140001	11150000	-0.78935354928702	9592	6.806373379071	14.044193025866	9.1693001866309
GLOBAL	V	11150001	11160000	-1.1609431641665	9757	4.7975117688865	11.038422610171	5.3757246986029
GLOBAL	V	11160001	11170000	-1.0881355327902	8541	2.822528722453	9.2458687713228	5.9030698431461
GLOBAL	V	11170001	11180000	-1.5156656681171	9659	3.2129544587477	13.259244718472	6.6283023169646
GLOBAL	V	11180001	11190000	-0.70352950735597	9258	9.5027613251817	16.578926802332	10.058093375136
GLOBAL	V	11190001	11200000	-0.81819980220637	9484	7.1387471102977	13.397072843536	7.6488966586918
GLOBAL	V	11200001	11210000	-0.9812911475368	9333	5.0093526127205	11.172049197423	6.2801917658914
GLOBAL	V	11210001	11220000	-1.5406462956289	9540	2.2730489040104	11.431489355273	5.9445444922997
GLOBAL	V	11220001	11230000	-1.2590483811665	8793	2.7749097483961	8.7046427319353	4.7096942994719
GLOBAL	V	11230001	11240000	-0.95617304175926	9465	5.5918281129334	11.170413223168	5.8342840329095
GLOBAL	V	11240001	11250000	-1.2021416808389	9419	4.5648663367142	13.254244465804	7.2282479408131
GLOBAL	V	11250001	11260000	-0.54182272848766	9414	8.6501231448033	12.802635155484	7.6639679222595
GLOBAL	V	11260001	11270000	-0.075875269295987	8955	14.187995030596	15.282127479322	14.420145837744
GLOBAL	V	11270001	11280000	-0.47635283451961	8643	10.362737244969	18.093004485955	16.228028219423
GLOBAL	V	11280001	11290000	0.06668291101847	8494	21.682266135882	20.307570762121	20.615407347473
GLOBAL	V	11290001	11300000	-1.281454116902	9124	2.684762002129	12.884707498974	7.9596650104832
GLOBAL	V	11300001	11310000	-1.3916004931025	9505	3.2296545522802	13.002746218481	7.0229147766486
GLOBAL	V	11310001	11320000	-1.3136271763887	9443	3.4029336923667	11.042598590005	5.8157025333782
GLOBAL	V	11320001	11330000	-1.1675941538917	9412	4.1706423619844	12.090687691375	6.7832176985402
GLOBAL	V	11330001	11340000	-1.2880796525028	9572	3.9676300773808	12.472095522156	6.60243753424
GLOBAL	V	11340001	11350000	-0.66516718380208	9000	6.0377873109775	12.183912922048	9.2399711842964
GLOBAL	V	11350001	11360000	-1.0568180278338	9189	3.6832492965023	11.258565930168	7.1680425902589
GLOBAL	V	11360001	11370000	-1.3782900898675	9600	3.6572539221963	12.991035703319	6.7720009377847
GLOBAL	V	11370001	11380000	-1.3223598801983	9197	4.2519766676076	15.475214833397	8.4872796988563
GLOBAL	V	11380001	11390000	-1.4478761604875	9072	9.5462318460548	29.496617867676	13.779069347273
GLOBAL	V	11390001	11400000	-1.574612912141	8895	13.728500201166	50.698842085158	23.479003378502
GLOBAL	V	11400001	11410000	-1.704828683474	9206	13.443294256176	51.99643535685	22.614085200697
GLOBAL	V	11410001	11420000	-1.6334119990192	9294	12.753560029028	44.304746185958	19.316122433211
GLOBAL	V	11420001	11430000	-1.4982364484539	9138	3.6390715360035	14.555262189134	7.2860266244326
GLOBAL	V	11430001	11440000	-1.2349365946036	9382	4.6538830911806	12.599852086399	6.4343133323119
GLOBAL	V	11440001	11450000	-1.3940568100601	9692	3.7636996895397	13.77188770916	7.1791823313062
GLOBAL	V	11450001	11460000	-1.4243933050489	9839	3.6789399847954	13.248443543632	6.7183014164112
GLOBAL	V	11460001	11470000	-1.167532313021	9670	6.4348921973669	15.589423463693	7.8409232568805
GLOBAL	V	11470001	11480000	-0.94845251557037	9731	7.9240315448389	15.197476715234	7.668749938442
GLOBAL	V	11480001	11490000	-1.7730926623274	9330	26.53745454086	91.753485582656	36.780949144639
GLOBAL	V	11490001	11500000	-0.91422694053186	8956	50.550522794771	83.281403555335	35.801702301096
GLOBAL	V	11500001	11510000	2.8836612024192	8530	165.92929587984	69.309597790666	33.505911862364
GLOBAL	V	11510001	11520000	2.6307110683907	8675	188.83908584366	77.293740948918	42.401214726699
GLOBAL	V	11520001	11530000	3.2791225971162	9606	136.72880080631	55.591852482057	24.743493395341
GLOBAL	V	11530001	11540000	3.1680627598698	8908	210.73211707753	85.539666697152	39.517036078389
GLOBAL	V	11540001	11550000	3.1324014717314	9407	180.92961547541	76.983045921597	33.184306191873
GLOBAL	V	11550001	11560000	3.0275011462987	8972	197.65674767085	82.909704818358	37.901568755069
GLOBAL	V	11560001	11570000	2.4071803317069	8996	182.48018570407	90.463132169009	38.226074018235
GLOBAL	V	11570001	11580000	-1.3223911814404	9287	35.932926732918	75.737120853371	30.100166031883
GLOBAL	V	11580001	11590000	-0.40913384621532	9058	47.137787223172	59.104385484295	29.248614779296
GLOBAL	V	11590001	11600000	0.048323285409381	8371	77.48451259544	75.590018506554	39.204579590069
GLOBAL	V	11600001	11610000	-1.8942174748427	9003	9.5234336107872	69.051872003357	31.426401235957
GLOBAL	V	11610001	11620000	-1.4737147806239	9817	4.7145345109906	16.366188559058	7.9063155240494
GLOBAL	V	11620001	11630000	-1.0410568042562	9232	4.3572581301864	12.747439680176	8.0592927453028
GLOBAL	V	11630001	11640000	-1.0591756126573	9376	6.0539548736386	16.173257693348	9.5539424235058
GLOBAL	V	11640001	11650000	-0.73780566915008	8856	5.9235892141274	12.981450840048	9.5660170706612
GLOBAL	V	11650001	11660000	-1.2989769194697	9385	12.009631771978	32.773979549611	15.985155291374
GLOBAL	V	11660001	11670000	-0.99861892015591	9183	50.995508006003	87.068111264455	36.122491303109
GLOBAL	V	11670001	11680000	-1.0654167889598	9066	63.410129945778	113.62950200072	47.135893272317
GLOBAL	V	11680001	11690000	0.84081191780619	9225	129.01035036392	95.683036254032	39.637061992228
GLOBAL	V	11690001	11700000	1.8991020800695	8765	172.65157124704	91.475923826189	42.744225427778
GLOBAL	V	11700001	11710000	1.5189910489542	8473	144.0800610907	79.678416218437	42.397646066844
GLOBAL	V	11710001	11720000	1.990528543365	9042	211.84936767706	114.39970500619	48.956676856353
GLOBAL	V	11720001	11730000	1.0287608197302	8843	222.5383983496	153.60437994057	67.006846574024
GLOBAL	V	11730001	11740000	1.8831894056454	8800	258.74926832879	142.17323288875	61.903510656214
GLOBAL	V	11740001	11750000	1.2664686140208	8915	190.72911388029	124.02073911382	52.672742165065
GLOBAL	V	11750001	11760000	2.1297188560309	9150	217.6987080896	115.41955947158	48.024718534273
GLOBAL	V	11760001	11770000	1.0673129232183	7960	149.05151349229	88.165640914705	57.045943371504
GLOBAL	V	11770001	11780000	1.3284793670367	8192	150.8405247732	84.42018949721	49.99726523728
GLOBAL	V	11780001	11790000	2.6058158545901	8909	272.88126711447	124.75734022758	56.843589552181
GLOBAL	V	11790001	11800000	1.89644779547	8564	246.03640863158	129.18473615907	61.616076515065
GLOBAL	V	11800001	11810000	0.4762892680217	9256	121.19801539123	100.45370598681	43.554013909626
GLOBAL	V	11810001	11820000	1.6376881838015	9182	159.10835177315	88.779593164269	42.943925042941
GLOBAL	V	11820001	11830000	4.1013560436775	8951	223.72875206095	81.698298846275	34.630120307068
GLOBAL	V	11830001	11840000	2.3118648663752	7815	179.41192104159	78.444864582713	43.673424830052
GLOBAL	V	11840001	11850000	2.1152534477429	8296	175.73713332821	78.322487717293	46.053415355434
GLOBAL	V	11850001	11860000	3.6482057928194	8575	191.98826939265	72.541471843696	32.741244417751
GLOBAL	V	11860001	11870000	3.0075537565139	9328	212.91617875618	88.506365763008	41.365781982689
GLOBAL	V	11870001	11880000	1.8301715746168	8514	152.95841034174	80.071046763981	39.825426527577
GLOBAL	V	11880001	11890000	0.55034294201423	9059	51.984546226278	40.032384941323	21.717660702997
GLOBAL	V	11890001	11900000	1.6088591478382	9018	136.97769999966	79.536650667729	35.702969653444
GLOBAL	V	11900001	11910000	2.5584205602587	9194	193.24404030703	90.762540695826	40.056549420803
GLOBAL	V	11910001	11920000	1.436173453586	8500	188.6145001827	109.78847155611	54.886147929951
GLOBAL	V	11920001	11930000	1.4426205825085	8866	169.41833498419	98.354525819787	49.260221312549
GLOBAL	V	11930001	11940000	0.60879157993423	9110	108.42318703569	86.071773644561	36.714393115524
GLOBAL	V	11940001	11950000	0.70578615054862	8666	139.99444951272	107.26296882886	46.375918057355
GLOBAL	V	11950001	11960000	0.55659883883051	8661	132.35499484668	106.07285624923	47.219176117343
GLOBAL	V	11960001	11970000	0.057729420386366	9067	96.122151523742	93.611661329738	43.487188632803
GLOBAL	V	11970001	11980000	-2.143034127682	9069	10.168112879612	70.814490242961	28.299305447342
GLOBAL	V	11980001	11990000	-0.21195944625542	8699	57.472125163761	64.127868519992	31.401022572076
GLOBAL	V	11990001	12000000	0.44647985496041	7769	60.392717242262	49.02304263927	25.465145799244
GLOBAL	V	12000001	12010000	0.69292330500037	9002	118.97162878677	90.935508827734	40.460639376269
GLOBAL	V	12010001	12020000	0.7280126563822	8544	122.89700717652	92.54698848774	41.688861344255
GLOBAL	V	12020001	12030000	1.5819716391367	8544	115.63553766183	64.803422925423	32.132127706249
GLOBAL	V	12030001	12040000	1.2065283395833	9673	48.230949245448	30.566243303202	14.640937442337
GLOBAL	V	12040001	12050000	-0.94853685986401	9396	9.4218395334677	21.066299347348	12.276233330089
GLOBAL	V	12050001	12060000	-0.93325558352986	9558	9.6809816358429	17.795965409554	8.6953498236975
GLOBAL	V	12060001	12070000	-0.99846471074457	9181	11.987882417187	24.038990019381	12.069637987714
GLOBAL	V	12070001	12080000	-1.3049353752825	9294	4.8138329643309	14.556979841367	7.4663826742588
GLOBAL	V	12080001	12090000	-1.2048893284842	9570	6.7125641366014	15.976568852625	7.688676874314
GLOBAL	V	12090001	12100000	-1.1386621787654	6165	1.9994646996879	6.5120056053075	3.963019927923
GLOBAL	V	12100001	12110000	-0.99766918937898	6099	6.9217242678538	19.568971925143	12.676794865402
GLOBAL	V	12110001	12120000	-1.1761712518492	9227	3.2790970916001	15.158394860122	10.099972899223
GLOBAL	V	12120001	12130000	-1.4452116223284	9662	2.6736426429413	11.950595472055	6.4190964740286
GLOBAL	V	12130001	12140000	-1.450271975528	9716	4.5286762123094	16.757475732891	8.4320732434545
GLOBAL	V	12140001	12150000	-1.4607738640377	9374	4.9549024291059	17.926940381711	8.8802505794762
GLOBAL	V	12150001	12160000	-1.1165582624472	9303	5.5503010861271	14.689488950999	8.1851419422047
GLOBAL	V	12160001	12170000	-0.78293843162237	9145	7.4719131319359	13.91805108509	8.2332629141692
GLOBAL	V	12170001	12180000	-1.4530143822807	9548	3.2943654325043	13.773255612105	7.2118282567534
GLOBAL	V	12180001	12190000	-1.1356335440828	9429	7.3334030272019	16.758010957598	8.2989869218836
GLOBAL	V	12190001	12200000	-1.1535881961209	9066	5.8473855866143	15.885587914859	8.7017207370876
GLOBAL	V	12200001	12210000	-0.97617031459892	7554	4.9269336001254	12.649577195594	7.9111641482783
GLOBAL	V	12210001	12220000	-0.68818597345854	8658	20.788024339434	35.482087427544	21.351878205632
GLOBAL	V	12220001	12230000	-1.2572490181825	8776	8.4214646712656	27.70889283756	15.340976916551
GLOBAL	V	12230001	12240000	-0.7352228540962	8279	30.341872787368	51.801444879262	29.187846885247
GLOBAL	V	12240001	12250000	-0.9076346630966	9018	5.2879794728498	15.661635451943	11.42932988445
GLOBAL	V	12250001	12260000	-0.14616474515873	8337	32.611603613328	35.729817117665	21.333554140913
GLOBAL	V	12260001	12270000	0.59212479134021	8249	95.500007438465	71.789566369391	40.042979817494
GLOBAL	V	12270001	12280000	-0.56329353413799	8788	19.545490838389	30.836769855688	20.045106739203
GLOBAL	V	12280001	12290000	-1.0066170486445	8259	8.2048750020274	19.016346548742	10.740401785638
GLOBAL	V	12290001	12300000	NA	0	NA	NA	NA
GLOBAL	V	12300001	12310000	-1.0362549619992	6693	7.1653174553846	14.42115743139	7.0019833362317
GLOBAL	V	12310001	12320000	-0.98437225191604	8105	7.9451752742554	20.705476347307	12.962881723062
GLOBAL	V	12320001	12330000	-0.37099174359559	5694	22.35705828076	29.907389418341	20.351749783982
GLOBAL	V	12330001	12340000	-0.64459434791517	5798	26.712770973915	44.805204443569	28.067936878707
GLOBAL	V	12340001	12350000	-0.40238663495761	7707	77.775244144519	98.760422821934	52.151778549071
GLOBAL	V	12350001	12360000	-0.53638478304659	7848	59.384984545931	85.000996186375	47.756782910486
GLOBAL	V	12360001	12370000	0.055844876735322	8611	61.170479175504	59.46127021974	30.606369924759
GLOBAL	V	12370001	12380000	-0.92993695855549	8428	9.8520487074708	22.184022741968	13.26108605647
GLOBAL	V	12380001	12390000	-0.42237212692447	8211	30.009715024606	42.709550532961	30.067882558515
GLOBAL	V	12390001	12400000	-0.73648242433651	8160	42.556090264242	70.19140634015	37.523388424107
GLOBAL	V	12400001	12410000	-0.36665513819821	7611	49.556007036198	66.201465944248	45.398133488181
GLOBAL	V	12410001	12420000	1.1158507567699	6978	205.94183959653	120.14380479342	76.890242070959
GLOBAL	V	12420001	12430000	-0.13333736509887	6638	66.776580378993	72.836604098049	45.448803601023
GLOBAL	V	12430001	12440000	-0.17129150845449	7191	103.45194797632	112.98561872052	55.657579469146
GLOBAL	V	12440001	12450000	0.084641877490234	7849	110.89158799991	106.02967914848	57.440938169131
GLOBAL	V	12450001	12460000	0.10550572374985	7494	127.50500126659	120.32111516117	68.090013035288
GLOBAL	V	12460001	12470000	1.1015090533518	7531	197.74137662049	122.05629983536	68.710353813999
GLOBAL	V	12470001	12480000	0.80858317601133	6125	157.57921131286	100.77554392226	70.250864816169
GLOBAL	V	12480001	12490000	0.71390428480406	6355	159.15895954259	105.21565095285	75.560981686142
GLOBAL	V	12490001	12500000	1.1747933359158	7564	193.0301333908	111.20966358392	69.646692150417
GLOBAL	V	12500001	12510000	1.6301397454059	6701	227.68377609548	112.37927265542	70.73289499567
GLOBAL	V	12510001	12520000	1.7849576954942	8169	190.11841682933	91.359585038879	55.328387916282
GLOBAL	V	12520001	12530000	0.5749929396251	7673	162.70154104769	125.64496600327	64.447008807759
GLOBAL	V	12530001	12540000	-1.0651086931517	7504	33.634925867373	76.488592900094	40.234078745444
GLOBAL	V	12540001	12550000	-0.52203832568623	6602	69.994667424548	102.19970073971	61.69093671969
GLOBAL	V	12550001	12560000	-0.4697366388029	7307	79.220322731355	108.59501865427	62.534393735561
GLOBAL	V	12560001	12570000	-0.69565824099648	6710	55.171255880776	96.698347009598	59.694672874626
GLOBAL	V	12570001	12580000	-0.1324376258454	7758	119.58652059926	128.76777847337	69.325146955107
GLOBAL	V	12580001	12590000	0.78339407443692	7668	84.633026019922	57.360635496075	34.813118216971
GLOBAL	V	12590001	12600000	0.60391983731476	7660	119.77948375408	86.259588330077	55.503882059986
GLOBAL	V	12600001	12610000	-0.38211230383043	7704	99.067132080974	124.61346052024	66.855550536281
GLOBAL	V	12610001	12620000	-0.51385015708025	7677	65.601447296079	94.609802714031	56.452946483039
GLOBAL	V	12620001	12630000	-0.44984250988543	7484	102.10155046416	130.98881845602	64.21640320123
GLOBAL	V	12630001	12640000	-0.72381094775126	7787	40.399508914338	72.980178239415	45.012678277799
GLOBAL	V	12640001	12650000	-1.2465899349293	7208	40.839742684683	112.22267381078	57.262560145849
GLOBAL	V	12650001	12660000	-1.0097741176226	8344	24.769331825869	62.720640225828	37.583958370126
GLOBAL	V	12660001	12670000	-1.1314380399887	9052	10.171376821869	22.746953515114	11.114684365191
GLOBAL	V	12670001	12680000	-1.3467922386089	9161	7.2502670935498	23.534494310052	12.09112047848
GLOBAL	V	12680001	12690000	-1.0597943249402	8700	7.6463172739488	19.254289109042	10.953042077998
GLOBAL	V	12690001	12700000	-1.1883604689472	8850	10.897889009337	29.007093642615	15.238814405634
GLOBAL	V	12700001	12710000	-1.8571787484801	8673	10.234442459666	60.056053869825	26.826503076742
GLOBAL	V	12710001	12720000	-1.5232130992271	8645	11.679761097517	43.439995206926	20.850814718916
GLOBAL	V	12720001	12730000	-1.141209478689	8037	33.126842447581	78.555886643061	39.807804827968
GLOBAL	V	12730001	12740000	-0.89497481676292	7306	36.253240755764	74.68486201979	42.941567230943
GLOBAL	V	12740001	12750000	-0.93384112848105	8004	45.449984708948	85.660806824666	43.059596423135
GLOBAL	V	12750001	12760000	-0.77387540492739	7352	33.025772449647	57.509156652925	31.637372175661
GLOBAL	V	12760001	12770000	0.32308341877622	8113	87.371299954453	74.062786688167	41.192189053512
GLOBAL	V	12770001	12780000	-0.22958699698074	7599	95.388298000105	110.17349051689	64.399084927369
GLOBAL	V	12780001	12790000	0.45821734961917	7178	119.07459872126	93.852895525931	55.043099560271
GLOBAL	V	12790001	12800000	0.75666435366581	8057	181.02868374035	124.933814182	74.134415459883
GLOBAL	V	12800001	12810000	0.93778299173674	7389	161.6621441257	102.22054125835	63.385243058488
GLOBAL	V	12810001	12820000	0.96813760659713	6748	178.29433681328	116.13640204517	64.203615627102
GLOBAL	V	12820001	12830000	-0.23991289093364	7693	101.14721220395	115.28124206886	58.91317390201
GLOBAL	V	12830001	12840000	-0.39441383773013	7652	92.393727689743	116.39566004958	60.854691351536
GLOBAL	V	12840001	12850000	-0.11767287434597	7561	58.670419748621	64.093412480388	46.085325627583
GLOBAL	V	12850001	12860000	-0.037970873612835	6389	105.26840963505	107.59870600151	61.370628187777
GLOBAL	V	12860001	12870000	-0.1021433778811	7356	95.865413599135	102.00107975159	60.069152594457
GLOBAL	V	12870001	12880000	-0.084856056653217	7642	93.242091798582	98.14771436605	57.811106961004
GLOBAL	V	12880001	12890000	0.095135778503584	7134	132.81062549521	126.13161525992	70.205030540054
GLOBAL	V	12890001	12900000	0.17899062514522	7225	122.2990079218	110.9805197884	63.235089123901
GLOBAL	V	12900001	12910000	0.096097242403204	7526	127.04311673442	120.33979415206	69.755618524752
GLOBAL	V	12910001	12920000	-0.25755720703606	6685	74.573540955709	90.791211993211	62.967257737158
GLOBAL	V	12920001	12930000	-0.67348045087383	6923	38.341094406248	71.814913686389	49.702733370671
GLOBAL	V	12930001	12940000	-0.79922190734814	7463	40.764420333732	79.132087463822	48.006275575448
GLOBAL	V	12940001	12950000	-0.45593708207746	6881	81.463731148815	111.22141047978	65.267074122109
GLOBAL	V	12950001	12960000	-0.53552468656222	4924	30.829817557093	53.065254439172	41.52084383788
GLOBAL	V	12960001	12970000	-0.49833674879663	7369	114.4921849387	153.47355803865	78.222955048139
GLOBAL	V	12970001	12980000	-0.016363039677844	7079	107.67462534532	108.83589786144	70.969241594815
GLOBAL	V	12980001	12990000	-0.43421146799375	6793	116.42892583051	150.08276054056	77.505633062941
GLOBAL	V	12990001	13000000	-0.65531605679142	7259	92.733679361682	143.45453976756	77.399080764511
GLOBAL	V	13000001	13010000	-0.61932089272754	7654	94.069946854429	138.30487856589	71.424898192346
GLOBAL	V	13010001	13020000	-1.0333551468706	6619	55.996970138135	124.37769650997	66.173499574584
GLOBAL	V	13020001	13030000	-0.35011870480517	7078	128.31362917373	159.1394730139	88.043978848049
GLOBAL	V	13030001	13040000	-0.25351925928823	6076	71.147868568484	86.712755005965	61.395282083027
GLOBAL	V	13040001	13050000	0.09700917388258	6974	142.41462670544	134.62398706761	80.308277310595
GLOBAL	V	13050001	13060000	-0.067870739338122	7629	79.700626071967	83.513344557967	56.176174345262
GLOBAL	V	13060001	13070000	-0.12662805976827	7327	87.49630381996	95.290688577922	61.553377444348
GLOBAL	V	13070001	13080000	-0.19598430023826	5629	85.456919928487	99.433150627304	71.313011714843
GLOBAL	V	13080001	13090000	-0.089499431148646	7072	104.46866401647	110.91229392915	71.996322546191
GLOBAL	V	13090001	13100000	0.40494574040694	6653	144.89277366767	116.93775415902	69.033988308054
GLOBAL	V	13100001	13110000	0.35977266049772	7502	124.91819139113	103.28707039812	60.124415688179
GLOBAL	V	13110001	13120000	0.13478701056631	6891	83.163735965833	76.46998300606	49.661706507539
GLOBAL	V	13120001	13130000	0.38738800667437	7112	124.09330650797	99.365955176306	63.830967674871
GLOBAL	V	13130001	13140000	0.46247473925123	5975	139.84322063839	108.29997901725	68.205328732568
GLOBAL	V	13140001	13150000	0.063270795668485	7429	53.94424539973	51.795895904461	33.954836075161
GLOBAL	V	13150001	13160000	0.16180910613282	6939	109.65447585063	99.103509496877	65.206258200904
GLOBAL	V	13160001	13170000	0.58898784307404	7025	133.97489459653	98.61495662447	60.035089667571
GLOBAL	V	13170001	13180000	0.80410987501654	7830	164.12308844916	111.19385400021	65.823385700685
GLOBAL	V	13180001	13190000	0.47744527755466	6600	163.19173975377	124.8293085361	80.349378287189
GLOBAL	V	13190001	13200000	0.1228422279916	6263	98.26592570612	89.817060906224	68.77817944228
GLOBAL	V	13200001	13210000	0.6413003553212	7264	145.46855096061	105.1981080645	62.794979859228
GLOBAL	V	13210001	13220000	0.27125203025301	7871	94.588449466537	81.467923012004	48.370242398905
GLOBAL	V	13220001	13230000	-0.12565774792082	7676	84.13945894515	91.417941083875	57.923066895252
GLOBAL	V	13230001	13240000	0.28735989603033	7538	95.984559997446	81.46388395684	50.531324103327
GLOBAL	V	13240001	13250000	0.0033708328109632	8241	59.018633920875	58.895423367453	36.55196218001
GLOBAL	V	13250001	13260000	0.46005933351418	7406	114.92137005564	88.721031829408	56.949911277962
GLOBAL	V	13260001	13270000	-0.10060117100167	7522	70.087529941746	75.43027923193	53.108221673631
GLOBAL	V	13270001	13280000	0.088453282371726	7107	105.3734708637	100.02045670158	60.517982132366
GLOBAL	V	13280001	13290000	0.36694939514241	7515	106.44227576738	86.268357731449	54.977384628478
GLOBAL	V	13290001	13300000	-0.78654902271852	8400	29.73857870595	54.066797559968	30.930327482873
GLOBAL	V	13300001	13310000	-0.52837024929127	7854	38.131887848013	55.066823265733	32.051266021196
GLOBAL	V	13310001	13320000	0.0010426084780676	7422	103.28958714472	103.22461431933	62.317568637693
GLOBAL	V	13320001	13330000	0.59009926497828	7992	69.967064081428	48.691731423076	36.053819960503
GLOBAL	V	13330001	13340000	-0.16145263386484	8021	21.618560639617	24.522015970036	17.983325888935
GLOBAL	V	13340001	13350000	-0.59362025672967	7644	14.002438332591	27.316936720076	22.429319479151
GLOBAL	V	13350001	13360000	-0.73925214294043	8892	9.6893478723593	18.371912883192	11.74506573129
GLOBAL	V	13360001	13370000	0.52983947293351	8588	47.027083569521	34.994617536327	22.709644426029
GLOBAL	V	13370001	13380000	0.61390537855169	7924	74.207993009652	50.037796586876	39.371208116465
GLOBAL	V	13380001	13390000	0.78983215037437	6641	161.85634036375	102.3898416494	75.290045721945
GLOBAL	V	13390001	13400000	1.0754513787503	7204	182.92064390139	104.25507343071	73.146561550821
GLOBAL	V	13400001	13410000	1.2447980528284	7517	236.23492151746	132.91688873113	82.999834833918
GLOBAL	V	13410001	13420000	0.98850616183206	7536	217.0959863636	130.2930003044	87.812286266704
GLOBAL	V	13420001	13430000	1.1643284398771	7399	178.77890959234	102.73629871978	65.310275235216
GLOBAL	V	13430001	13440000	0.11726388430268	7473	75.676945685436	70.224861390591	46.494147172988
GLOBAL	V	13440001	13450000	-0.023802324903684	7159	62.544324717899	63.581640505724	43.580439810946
GLOBAL	V	13450001	13460000	-0.39959967938989	7871	49.422301191925	63.732433487986	35.811170614326
GLOBAL	V	13460001	13470000	-0.28047536590435	7992	59.665413717949	70.708503110362	39.372760444778
GLOBAL	V	13470001	13480000	-0.44393390270741	7902	56.802549935264	74.721245416586	40.363431069448
GLOBAL	V	13480001	13490000	-0.21658218239655	7923	65.362291304412	73.684775944254	38.42645109469
GLOBAL	V	13490001	13500000	-0.32256152159067	7720	53.89702267953	65.566034578867	36.176081517079
GLOBAL	V	13500001	13510000	-0.44226654864015	7948	57.044706084857	75.979379786993	42.812809968003
GLOBAL	V	13510001	13520000	-0.6317317133034	7918	46.578711070814	69.899018461503	36.91489108366
GLOBAL	V	13520001	13530000	-1.2854334023469	8864	6.3058959594859	25.610155498874	15.017704926714
GLOBAL	V	13530001	13540000	-0.82835957415909	8699	6.2658849344484	15.786107953704	11.492862901862
GLOBAL	V	13540001	13550000	-0.83155236639255	8683	10.464849184008	23.668351230126	15.878136578936
GLOBAL	V	13550001	13560000	-0.92362965302767	8404	9.6926317730267	23.571014139722	15.025916850116
GLOBAL	V	13560001	13570000	-0.84430642365139	7984	8.979873130841	21.149805904682	14.414118420667
GLOBAL	V	13570001	13580000	-0.82980485210553	8709	9.3361928121667	20.886404715199	13.919190606954
GLOBAL	V	13580001	13590000	-0.59726618545273	8590	15.073296856519	24.688613136397	16.098879384222
GLOBAL	V	13590001	13600000	-0.42212260335726	7277	20.95906060083	29.070415270189	19.215636890437
GLOBAL	V	13600001	13610000	-0.1617280573178	8362	31.498675969309	35.210589064746	22.951571650571
GLOBAL	V	13610001	13620000	-1.0323827392861	8913	10.380037947249	23.684067034744	12.886721737227
GLOBAL	V	13620001	13630000	-0.52286721097978	9225	25.379316048179	34.459297598684	17.36575053825
GLOBAL	V	13630001	13640000	-0.97655724518123	8971	9.1721521711414	20.935823933048	12.046064703277
GLOBAL	V	13640001	13650000	0.24966351109971	8566	78.421087552908	68.712765491074	38.885626574225
GLOBAL	V	13650001	13660000	-1.2002174364936	7958	29.939073614112	69.349357736157	32.83595365618
GLOBAL	V	13660001	13670000	-1.6528805626583	8760	16.454844199953	62.923492309472	28.113736200506
GLOBAL	V	13670001	13680000	-1.0333349246856	7600	28.794659768644	64.869713033591	34.91128810528
GLOBAL	V	13680001	13690000	1.2043087780415	8417	103.87842325356	62.057364389698	34.726192838909
GLOBAL	V	13690001	13700000	1.5030753406947	7469	97.564945925665	49.346533983822	32.079837009073
GLOBAL	V	13700001	13710000	0.010047477288525	8411	64.888961334331	64.509276387459	37.789082370599
GLOBAL	V	13710001	13720000	-1.5346105999725	8320	13.673537652416	58.30095840455	29.080615468793
GLOBAL	V	13720001	13730000	-1.0258907668014	8456	12.190025859404	30.061743779944	17.420683077462
GLOBAL	V	13730001	13740000	-1.1545470518425	8697	13.05513783706	36.710438111451	20.488814411367
GLOBAL	V	13740001	13750000	-1.1746606009235	8571	7.4844685558277	24.327703032544	14.33880940884
GLOBAL	V	13750001	13760000	-0.45450388785036	8761	14.138650501927	18.592917580317	9.800283776355
GLOBAL	V	13760001	13770000	-1.0640412702765	8776	9.6587451141566	21.839470664807	11.447606301478
GLOBAL	V	13770001	13780000	0.69836925353141	8014	71.512805786778	47.157216893758	34.874944407794
GLOBAL	V	13780001	13790000	0.23939455048314	7803	97.669102984882	85.041739354171	52.747080521372
GLOBAL	V	13790001	13800000	1.5651356690636	7819	133.59174746761	66.254551853419	43.023232391397
GLOBAL	V	13800001	13810000	1.0351270833906	7749	119.56267723484	66.651782491659	51.115361188183
GLOBAL	V	13810001	13820000	0.78348151002748	6529	115.6141621278	71.594734087439	56.184386583435
GLOBAL	V	13820001	13830000	0.32522050471106	6176	92.730079243642	73.549946556431	58.975779230931
GLOBAL	V	13830001	13840000	0.71145489922102	6758	101.33446503677	64.151733254276	52.262949939909
GLOBAL	V	13840001	13850000	0.11450149297514	7906	84.072953363653	77.759562986451	55.138061637096
GLOBAL	V	13850001	13860000	1.5018165068597	7808	217.34847175552	113.24427963105	69.318849306135
GLOBAL	V	13860001	13870000	0.10325206202722	7055	87.503470814284	81.948250101924	53.802515933246
GLOBAL	V	13870001	13880000	-0.9385712471324	8203	12.886783059049	27.088751171498	15.131475799881
GLOBAL	V	13880001	13890000	-0.66372448081702	8543	15.184081825199	25.857139790162	16.08055491915
GLOBAL	V	13890001	13900000	-0.64646640475085	8610	11.482900416116	20.071453251345	13.285381532764
GLOBAL	V	13900001	13910000	-0.83529236240892	8791	13.94443838198	26.021175586456	14.458096048727
GLOBAL	V	13910001	13920000	-1.2043422567079	8998	11.671840419748	33.562522719839	18.176462860258
GLOBAL	V	13920001	13930000	-0.034951397624213	8312	36.740025163161	37.589328057068	24.299540265568
GLOBAL	V	13930001	13940000	0.017789388152815	7594	83.216764542934	82.374749105431	47.33245630879
GLOBAL	V	13940001	13950000	-0.15575994062613	7800	95.337547767661	104.51105370635	58.895155595309
GLOBAL	V	13950001	13960000	0.10105236929797	8308	103.31643649611	98.00278034997	52.583192091969
GLOBAL	V	13960001	13970000	-0.17305119888618	8256	100.54623554733	110.8299498988	59.425848637008
GLOBAL	V	13970001	13980000	-0.4797713778947	7682	86.197627479966	116.20288810468	62.540747546019
GLOBAL	V	13980001	13990000	-0.3450625631671	7884	86.875848797035	106.69087777586	57.424453110643
GLOBAL	V	13990001	14000000	-0.18926187814016	6938	90.924263363649	101.94847311987	58.248443186514
GLOBAL	V	14000001	14010000	-0.22602224761999	8780	115.43385245801	129.94204837287	64.189238305674
GLOBAL	V	14010001	14020000	-0.40122756286945	8032	81.816362746641	102.15687415436	50.695698127638
GLOBAL	V	14020001	14030000	-0.66026005763366	7968	76.367707029367	112.67223853517	54.9852002799
GLOBAL	V	14030001	14040000	-0.76854108050806	7535	57.421945223699	100.39222576615	55.911494690754
GLOBAL	V	14040001	14050000	-1.1257134862313	8448	35.779310101784	77.03690931197	36.650177611633
GLOBAL	V	14050001	14060000	-0.081461624744743	7839	138.06247899669	143.74589801217	69.76805377125
GLOBAL	V	14060001	14070000	-0.21575366793208	7054	98.694770116594	112.38792631687	63.466620667531
GLOBAL	V	14070001	14080000	0.081023372012679	7497	111.55895478258	107.04305576899	55.735757490794
GLOBAL	V	14080001	14090000	-0.39344647590841	6438	86.989988935322	110.31943665899	59.295098957999
GLOBAL	V	14090001	14100000	-0.84688886106874	6910	42.373121340504	91.225735720127	57.684799771687
GLOBAL	V	14100001	14110000	0.30838301913734	6958	163.12446682511	137.27075859489	83.836354876315
GLOBAL	V	14110001	14120000	0.025174218709505	7056	109.67726259822	107.93221910591	69.31867528618
GLOBAL	V	14120001	14130000	-0.32723489425524	6183	41.399293018944	54.213366830335	39.158641197341
GLOBAL	V	14130001	14140000	-0.78709656429014	7850	58.799699450122	99.336859365394	51.50214313517
GLOBAL	V	14140001	14150000	-2.2509497107516	7708	6.9095011574449	72.237332238692	29.022341445128
GLOBAL	V	14150001	14160000	-1.9100771831944	9011	10.410649591396	73.067835129162	32.803483591683
GLOBAL	V	14160001	14170000	-1.2093902815067	8054	16.179538347599	50.702108091059	28.5454334067
GLOBAL	V	14170001	14180000	-0.46753528104491	7729	84.035208211821	111.41209596553	58.555768652415
GLOBAL	V	14180001	14190000	-0.97611414320751	7981	41.490901450006	96.467739100264	56.322140225942
GLOBAL	V	14190001	14200000	0.38334935940962	8554	91.54232529685	74.495062238237	44.469261889122
GLOBAL	V	14200001	14210000	-0.81423137790795	9184	11.847123746908	21.984526985683	12.450273366794
GLOBAL	V	14210001	14220000	-1.234558681592	9092	8.5371626156146	23.262513252815	11.927623090554
GLOBAL	V	14220001	14230000	-1.5645124251274	9336	6.0937754882761	20.520030311463	9.2209269747488
GLOBAL	V	14230001	14240000	-1.2021791259585	9104	10.272222626299	27.169818112648	14.055805097162
GLOBAL	V	14240001	14250000	-1.0625102943605	8686	11.993740096964	31.536475422039	18.392984452765
GLOBAL	V	14250001	14260000	-1.1158673433882	9177	13.197195000604	31.072637453214	16.019325736636
GLOBAL	V	14260001	14270000	-0.86461375574736	8475	9.2040700142669	21.553821352172	14.283547139763
GLOBAL	V	14270001	14280000	-0.70520047950029	8008	16.185917652207	29.889715380953	19.432484984208
GLOBAL	V	14280001	14290000	-0.96767472515231	9119	12.597106297391	27.998128301407	15.915494746019
GLOBAL	V	14290001	14300000	-1.0672984699376	8478	9.3925971833426	24.849162844272	14.481952421269
GLOBAL	V	14300001	14310000	0.46290069085173	8700	73.330322877688	55.975332868929	37.491821359839
GLOBAL	V	14310001	14320000	1.5245901813301	8421	111.62366612699	54.783452233363	37.282290408064
GLOBAL	V	14320001	14330000	1.6540210778891	7930	214.54131708085	104.69243568379	66.413229471809
GLOBAL	V	14330001	14340000	0.72687973030418	7391	140.8297800951	95.675939194691	62.120099127698
GLOBAL	V	14340001	14350000	-0.0098958963232788	7949	93.923470153079	94.466293019984	54.853330024033
GLOBAL	V	14350001	14360000	-0.19434379763058	7501	47.721870061896	53.979400349948	32.19825054539
GLOBAL	V	14360001	14370000	-0.53998099068639	8426	39.886483009964	60.259116480481	37.72842715189
GLOBAL	V	14370001	14380000	-1.1791485201156	8530	11.116138480538	26.820264970007	13.318192086548
GLOBAL	V	14380001	14390000	-0.95711378781078	8480	9.2018829638992	26.627791601498	18.206726158921
GLOBAL	V	14390001	14400000	-1.7875547997284	8449	7.5522898773317	47.06646420958	22.105154112339
GLOBAL	V	14400001	14410000	-1.7049268249953	7980	21.005886538919	90.843598227977	40.962292730217
GLOBAL	V	14410001	14420000	-2.0098553332749	8426	12.890760297679	92.38754184424	39.553484387867
GLOBAL	V	14420001	14430000	-2.0632493153313	7976	22.859702243832	120.99040857964	47.561245074276
GLOBAL	V	14430001	14440000	-1.9308335225627	9082	20.224869341688	97.534817087631	40.039675530044
GLOBAL	V	14440001	14450000	-1.7446870343344	8198	22.704280195608	101.11281667291	44.94131894963
GLOBAL	V	14450001	14460000	-1.6685245347002	7999	20.697752458816	93.978670603037	43.919592802026
GLOBAL	V	14460001	14470000	-1.6650530728621	8613	16.436766599581	74.571568508919	34.914684016292
GLOBAL	V	14470001	14480000	-1.7821907997819	9048	35.183185071572	116.67322515277	45.724644124059
GLOBAL	V	14480001	14490000	-1.7532738025124	9105	35.822888997801	111.97481204981	43.434130449499
GLOBAL	V	14490001	14500000	-0.90134827461309	8437	46.384582856671	85.545365336058	43.446893484316
GLOBAL	V	14500001	14510000	-0.34404813133044	8138	49.701334665141	60.255874990143	30.677510975534
GLOBAL	V	14510001	14520000	-0.34290157542841	8705	60.307629101623	72.832066511756	36.524875671643
GLOBAL	V	14520001	14530000	-0.81116194775804	8173	49.114710912255	83.764260854515	42.715945980981
GLOBAL	V	14530001	14540000	-0.56814229662394	8673	64.534197368355	91.139525187239	46.828634264657
GLOBAL	V	14540001	14550000	-1.1818353141435	8436	35.566076092998	88.388588510078	44.695324115746
GLOBAL	V	14550001	14560000	-0.89203352202065	8653	31.114705333633	58.363964113892	30.547348398448
GLOBAL	V	14560001	14570000	-0.94354348354936	8460	23.948689286364	50.865326504227	28.527182569912
GLOBAL	V	14570001	14580000	-0.79976279171149	8251	31.376425089688	55.781396646072	30.515262536981
GLOBAL	V	14580001	14590000	-0.44627678221726	7262	59.678809172295	79.513420318427	44.444640493254
GLOBAL	V	14590001	14600000	-0.14651455512939	7576	52.701237508347	57.913909091846	35.57784125199
GLOBAL	V	14600001	14610000	-0.60271621663781	8309	53.654101582618	73.192858977952	32.417839201886
GLOBAL	V	14610001	14620000	-0.88277354522496	7695	36.785942967149	70.504514799841	38.196173882963
GLOBAL	V	14620001	14630000	-0.63355876803923	7653	33.546183230083	51.918931839378	28.999280786778
GLOBAL	V	14630001	14640000	-0.92430272685832	8604	12.215560442726	29.622132817205	18.832111892218
GLOBAL	V	14640001	14650000	-0.99550422369935	8568	8.3079468520518	19.051644073027	10.792216612654
GLOBAL	V	14650001	14660000	-1.065279299652	8910	9.9308894690767	25.914924916896	15.004548997658
GLOBAL	V	14660001	14670000	-1.1037335383609	8556	5.592402449865	16.519216562391	9.8998659846409
GLOBAL	V	14670001	14680000	-1.0418291757679	8905	8.8990162410917	19.769643613796	10.434174455416
GLOBAL	V	14680001	14690000	-1.2603552046186	8196	11.786828361395	36.697461473726	19.764771884183
GLOBAL	V	14690001	14700000	-1.517823644948	7718	13.543021517991	53.878922037884	26.574826827971
GLOBAL	V	14700001	14710000	-1.1583454725882	8610	15.187155448092	43.888120046389	24.777551496936
GLOBAL	V	14710001	14720000	-1.4021305877797	8455	3.5420076706383	18.907740301525	10.958845605971
GLOBAL	V	14720001	14730000	-0.89100743609248	8111	9.9283049930919	22.161382434657	13.729489728182
GLOBAL	V	14730001	14740000	-0.41125934825799	6386	5.7426501440993	9.7681009243645	9.7881076681083
GLOBAL	V	14740001	14750000	-0.19470497206764	6386	11.588574182492	13.768740446519	11.197280895678
GLOBAL	V	14750001	14760000	-0.85667915823158	9102	9.7860679391623	21.627291619368	13.822238543364
GLOBAL	V	14760001	14770000	-1.0502748683331	9099	7.7335799324984	18.585061474261	10.332039610722
GLOBAL	V	14770001	14780000	-1.2704089746067	8733	5.2362717491989	16.500531512367	8.8666405766344
GLOBAL	V	14780001	14790000	-1.0516764481853	9230	9.1948414613188	19.360830401135	9.6664605900018
GLOBAL	V	14790001	14800000	-1.266911691865	8864	4.6116989450958	17.320144598468	10.031042996111
GLOBAL	V	14800001	14810000	-0.98369885651434	9142	6.8997586211072	15.596999856111	8.8413656043291
GLOBAL	V	14810001	14820000	-1.3041477461935	9151	4.7202159316109	16.638902330232	9.1390614548152
GLOBAL	V	14820001	14830000	-0.45406692442081	8399	15.666033454462	22.532562018171	15.122283069766
GLOBAL	V	14830001	14840000	-1.031091516699	9417	8.2658161382353	18.009506004691	9.4498788018839
GLOBAL	V	14840001	14850000	-1.538015547938	9164	4.7022312262078	19.357447187975	9.5286526728653
GLOBAL	V	14850001	14860000	-1.5287392376773	9577	4.6298757352747	16.495371986262	7.7616220991452
GLOBAL	V	14860001	14870000	-1.1542584092682	9382	7.1599879214553	20.425255636613	11.492459234989
GLOBAL	V	14870001	14880000	-0.67968717897607	7622	12.154221070921	28.791632423177	24.478042056523
GLOBAL	V	14880001	14890000	-0.65056887584497	8087	19.631292848007	39.556739395428	30.627727958151
GLOBAL	V	14890001	14900000	-1.310598822462	9408	3.7871306709907	12.371649797467	6.5500738893922
GLOBAL	V	14900001	14910000	-1.4220481367724	9575	3.9682693704326	15.068931824704	7.8061087857876
GLOBAL	V	14910001	14920000	-1.3949908398746	9760	4.2269125665845	11.946709573829	5.5339410027511
GLOBAL	V	14920001	14930000	-1.5323704955861	8988	3.115998791311	14.296955605703	7.2965101107065
GLOBAL	V	14930001	14940000	-1.1732046532997	9582	5.5915394137905	14.678510069715	7.745426708262
GLOBAL	V	14940001	14950000	-1.4256036178717	9671	3.0949386023612	11.574550935166	5.9480855873979
GLOBAL	V	14950001	14960000	-1.3316898189333	9747	3.7744912243369	13.77785517118	7.5117822518582
GLOBAL	V	14960001	14970000	-1.2985347955039	7995	4.8315377939865	16.271556554813	8.8099439463899
GLOBAL	V	14970001	14980000	-1.0640717567909	8842	5.2964440735865	13.255963968692	7.4802473088002
GLOBAL	V	14980001	14990000	-1.5272576006089	9858	5.6233404437537	16.361306824534	7.0308809571477
GLOBAL	V	14990001	15000000	-1.4732697262687	9579	2.3365913046752	10.13490179556	5.2931994405637
GLOBAL	V	15000001	15010000	-1.3364999076864	9629	4.9161167072342	13.506604837392	6.4276009902832
GLOBAL	V	15010001	15020000	-1.3326067567272	9290	4.8299833531999	14.162029049341	7.002850352538
GLOBAL	V	15020001	15030000	-1.4194092992731	9639	3.8929970126414	14.941522016877	7.7838894037778
GLOBAL	V	15030001	15040000	-1.6926885255548	9388	2.0044784647628	12.727630094889	6.3349821708112
GLOBAL	V	15040001	15050000	-1.4777469137396	8516	2.2603102534271	11.434465190619	6.2082044306052
GLOBAL	V	15050001	15060000	-1.4668234634982	9455	2.7462691025499	10.129376658866	5.0333988649925
GLOBAL	V	15060001	15070000	-1.5183763975026	9585	2.621121552077	11.168356826999	5.629193979161
GLOBAL	V	15070001	15080000	-1.4435049043011	9655	4.251376309116	13.116586782555	6.1414481149485
GLOBAL	V	15080001	15090000	-1.4736913573646	9621	3.8204619575369	13.245772571118	6.3957154708682
GLOBAL	V	15090001	15100000	-1.4243355034443	9356	4.288770071594	12.336551750334	5.6502008545589
GLOBAL	V	15100001	15110000	-1.1715131604019	8646	4.685607254958	12.369403517677	6.5588646567857
GLOBAL	V	15110001	15120000	-1.2779364533387	8572	3.015384941432	10.013858103336	5.4763858904094
GLOBAL	V	15120001	15130000	-1.6495489094712	9807	3.279340925056	15.195913556256	7.2241402257183
GLOBAL	V	15130001	15140000	-1.4086186583556	9797	3.6881446748046	13.290620851716	6.8169451823965
GLOBAL	V	15140001	15150000	-1.674914309627	9617	3.0019713975137	11.166309505742	4.8744810772117
GLOBAL	V	15150001	15160000	-1.6539412384779	9746	3.2584878691373	14.415328258358	6.7456086889084
GLOBAL	V	15160001	15170000	-1.4552747783943	9849	3.8020491355823	12.467346975742	5.9544066651938
GLOBAL	V	15170001	15180000	-1.3886960103406	9796	3.0291847919502	11.689392675992	6.2362157157188
GLOBAL	V	15180001	15190000	-1.6246127321164	9834	3.3183867909126	13.245635831394	6.1105325867714
GLOBAL	V	15190001	15200000	-1.4979516978307	9892	3.4141597070615	11.037154354136	5.0889455635411
GLOBAL	V	15200001	15210000	-1.185576963701	9815	3.8478906098375	9.3517143264914	4.6423166822278
GLOBAL	V	15210001	15220000	-1.3111925628572	9791	3.579704914657	10.258515758282	5.0936918289648
GLOBAL	V	15220001	15230000	-1.519395967393	9723	2.9150805848325	11.818221629958	5.8596582037809
GLOBAL	V	15230001	15240000	-1.634769541504	9793	3.1004497157636	12.466454587703	5.7292509030491
GLOBAL	V	15240001	15250000	-1.3870053407555	9785	3.6265716093953	11.038014719898	5.3434856324818
GLOBAL	V	15250001	15260000	-1.1560212352631	9614	5.7386044874014	13.130307221905	6.3940890608474
GLOBAL	V	15260001	15270000	-1.4140338789596	9641	2.4743091030306	9.356114694121	4.8667897519923
GLOBAL	V	15270001	15280000	-1.6457219408266	9807	3.7988426984096	14.93333201457	6.7657172453857
GLOBAL	V	15280001	15290000	-1.522731503044	9700	3.8787172171838	12.725388391666	5.8097380639971
GLOBAL	V	15290001	15300000	-1.2247207930912	9730	4.4483389386116	10.908355580859	5.2746852006507
GLOBAL	V	15300001	15310000	-1.4978223451175	9731	4.0175086392147	14.806585698419	7.2031753928453
GLOBAL	V	15310001	15320000	-1.479867187893	9745	3.3676220586603	11.820693940849	5.7120476427505
GLOBAL	V	15320001	15330000	-1.438262778308	9796	2.7280167566103	15.992705247609	9.2227155503556
GLOBAL	V	15330001	15340000	-0.59365704125737	346	0.43470106490189	1.5999136603349	1.9627706140992
GLOBAL	X	1	10000	NA	95	0	0	0
GLOBAL	X	10001	20000	-1.6000782936466	8741	4.855102936739	24.452975207153	12.248070827678
GLOBAL	X	20001	30000	-1.0163174501773	5915	10.268373318922	26.021634757632	15.500335486674
GLOBAL	X	30001	40000	-0.48236310675883	6960	6.4491794121661	9.9546847049747	7.2673578134186
GLOBAL	X	40001	50000	-0.63031060711409	6477	6.8854674141274	13.946017846184	11.201700165548
GLOBAL	X	50001	60000	-0.7521221691782	3835	1.1697633979	3.5230421145425	3.1288516853768
GLOBAL	X	60001	70000	-0.67169945226824	1813	1.1306272554165	2.5802020069636	2.1580704683501
GLOBAL	X	70001	80000	-0.76811581602406	6123	5.8922854490176	14.977006763839	11.827280633077
GLOBAL	X	80001	90000	-0.90000718892084	8615	7.7779094967817	18.030515008002	11.391692908046
GLOBAL	X	90001	100000	-0.75606151798817	8676	6.2324903395178	16.290885957149	13.303673548147
GLOBAL	X	100001	110000	-0.87786717086551	8491	14.196297191729	33.855213834712	22.393953544932
GLOBAL	X	110001	120000	-0.69770722491006	7881	5.0334198372315	16.027431560739	15.757342522753
GLOBAL	X	120001	130000	-0.65722574550759	7851	5.0738954946211	14.382131042515	14.162919836174
GLOBAL	X	130001	140000	-0.94156082595398	8665	6.4874679782056	16.192277623476	10.307151038742
GLOBAL	X	140001	150000	-0.95410411129421	8475	4.659805386504	12.138877663107	7.8388429397475
GLOBAL	X	150001	160000	-0.58826256371234	8438	11.818469891468	18.539983170197	11.42604288179
GLOBAL	X	160001	170000	-0.71602706262395	8419	7.4450979186597	15.639006172954	11.443573409456
GLOBAL	X	170001	180000	-0.86024320194715	8474	7.6633899326561	17.230290731118	11.12115826874
GLOBAL	X	180001	190000	-0.70101192125551	9054	7.0982716573428	12.960547596123	8.362590936087
GLOBAL	X	190001	200000	-0.96791015340439	8949	6.7935091728287	13.901592227829	7.343742629416
GLOBAL	X	200001	210000	-0.61188529964785	8081	7.0066753081081	12.045106012512	8.2342731673795
GLOBAL	X	210001	220000	-0.78393335091089	8572	8.7841153455821	17.671063299665	11.336356520305
GLOBAL	X	220001	230000	-0.94213591118037	8664	6.3271146100555	13.921281362202	8.0605851682607
GLOBAL	X	230001	240000	-0.69779867800504	7437	10.727629800089	23.953999143058	18.954420178585
GLOBAL	X	240001	250000	-0.89917698913753	8276	9.4274143376907	22.374418837215	14.398727565241
GLOBAL	X	250001	260000	-0.78191619414154	7983	9.7630872064594	21.839604643019	15.444772121415
GLOBAL	X	260001	270000	-0.75090089064565	6748	4.0099944067804	11.055643034808	9.3829275152008
GLOBAL	X	270001	280000	0.019071942000933	1914	2.4284402511407	2.3904547641865	1.9916947604159
GLOBAL	X	280001	290000	-0.40876068170462	4465	7.1636600806896	10.250882648661	7.5526407165608
GLOBAL	X	290001	300000	-0.47119354494759	3021	4.4417387761532	6.9469495218728	5.3167340100091
GLOBAL	X	300001	310000	-0.21224554218787	3393	11.103648977468	12.964854673101	8.7691156028394
GLOBAL	X	310001	320000	-0.61291434872681	474	0.77202642681398	1.5944932230753	1.3418951570799
GLOBAL	X	320001	330000	-0.55626200410172	4535	8.6062990756535	16.240632134621	13.7243475245
GLOBAL	X	330001	340000	-0.61360533718396	8292	8.9950200802527	19.003387382159	16.31075659778
GLOBAL	X	340001	350000	-0.43752813977416	4871	3.966529393202	6.6802040039523	6.2022858967449
GLOBAL	X	350001	360000	-1.0247808971468	8749	7.7731403597758	19.863174362997	11.797676983327
GLOBAL	X	360001	370000	-1.0060472087936	8664	6.8276602997064	16.718642063958	9.8315284589002
GLOBAL	X	370001	380000	-1.0033705058004	8978	9.7243811310767	22.092869164726	12.326940010842
GLOBAL	X	380001	390000	-0.97883160010923	9217	5.259257788757	14.879573118581	9.8283661139985
GLOBAL	X	390001	400000	-1.1567993870963	9236	6.590380737553	18.463008587867	10.263342099546
GLOBAL	X	400001	410000	-0.95290698525678	8776	5.5164955404737	13.460025002037	8.3361016179593
GLOBAL	X	410001	420000	-0.9775914849428	8337	6.2029466347444	17.123269978993	11.170640817199
GLOBAL	X	420001	430000	-0.92756204002914	5648	4.0335571689215	11.218195630983	7.7457228217708
GLOBAL	X	430001	440000	NA	0	NA	NA	NA
GLOBAL	X	440001	450000	-1.2991180204326	5810	2.2367854024125	9.1423609653861	5.3155875404409
GLOBAL	X	450001	460000	-1.1268353156433	9321	6.7351343021313	17.197865773031	9.2850581852113
GLOBAL	X	460001	470000	-1.1217210610848	8980	7.4197179047437	18.242027856787	9.6479511061127
GLOBAL	X	470001	480000	-1.2826630700276	8015	4.305217262019	15.185985153181	8.482950936545
GLOBAL	X	480001	490000	-1.0700781389623	7755	6.2185146994991	18.578521510852	11.550564731037
GLOBAL	X	490001	500000	-0.83526227507299	8958	7.5411198380276	18.039576756006	12.569054333336
GLOBAL	X	500001	510000	-0.63172253125052	5570	2.64833484749	5.5375588605903	4.5735649279138
GLOBAL	X	510001	520000	-0.98069839362808	8113	5.9515921773527	17.121203867671	11.389446299587
GLOBAL	X	520001	530000	-1.2045454309312	9199	6.0078486494501	18.604277611548	10.457412928262
GLOBAL	X	530001	540000	-0.83479938030274	9037	3.530813240415	8.8430038208987	6.3634337852015
GLOBAL	X	540001	550000	-0.8914088156795	9149	7.3629048982891	16.133302957801	9.8388056133669
GLOBAL	X	550001	560000	-1.1893802678148	9509	6.9921949528062	18.328923921684	9.5316269116406
GLOBAL	X	560001	570000	-0.89654541968953	8850	8.7492412503666	18.220107009611	10.563732245181
GLOBAL	X	570001	580000	-1.1873098686955	9355	6.7189218503787	20.037585510584	11.217512808883
GLOBAL	X	580001	590000	-0.94562274462669	8521	7.1271054947326	16.993204449851	10.433440831643
GLOBAL	X	590001	600000	-0.81413697687904	6567	1.4839459077742	7.9156035354002	7.8999699194125
GLOBAL	X	600001	610000	-0.65696470129196	6813	2.0750419768329	5.7391511804858	5.577330405191
GLOBAL	X	610001	620000	-0.55237106036266	3468	0.7463021866403	1.5802362422956	1.5097352404881
GLOBAL	X	620001	630000	-0.39116734843892	3015	0.8167945443704	1.336256543444	1.3279789357334
GLOBAL	X	630001	640000	-0.64494475690708	3928	1.8106918571208	4.643233384489	4.3919134112385
GLOBAL	X	640001	650000	-0.9043400439701	8189	6.9430503989418	18.562827703954	12.848902779977
GLOBAL	X	650001	660000	-1.0560979536991	9048	6.3177473039467	18.385434525879	11.426674182697
GLOBAL	X	660001	670000	-0.88973085241944	8571	6.5556994417677	17.431155155353	12.223309649218
GLOBAL	X	670001	680000	-0.71225552573933	8069	7.9026440436241	17.205950305771	13.06175371892
GLOBAL	X	680001	690000	-0.79900225156256	8982	8.2822412368758	16.145796597288	9.8417186497712
GLOBAL	X	690001	700000	-0.87489902603199	8409	6.8103670506229	17.239499765228	11.920384414994
GLOBAL	X	700001	710000	-0.92007329116803	9036	4.8680410099825	12.910786911068	8.7414187307569
GLOBAL	X	710001	720000	-1.3393655753967	9549	6.8783865351278	21.325758386285	10.786727773616
GLOBAL	X	720001	730000	-1.2005534994531	9648	6.758240855546	17.955219171645	9.3265134133542
GLOBAL	X	730001	740000	-1.2866972445911	8877	5.5018525420498	18.857952199863	10.380141648673
GLOBAL	X	740001	750000	-1.1366450176491	9533	7.4597366278607	20.156519454015	11.170402921763
GLOBAL	X	750001	760000	-1.1087426843923	9405	5.4940897116508	16.802923065112	10.199691517838
GLOBAL	X	760001	770000	-0.89929608303996	8514	8.2150605720009	20.176019370841	13.300356828429
GLOBAL	X	770001	780000	-0.70916765348919	7815	9.292176669821	21.102841227653	16.654262923192
GLOBAL	X	780001	790000	-1.0141895841893	8013	8.4296412042987	27.532640635581	18.835728279099
GLOBAL	X	790001	800000	-0.86244574136556	7880	6.0295369523573	16.352665180429	11.969597312553
GLOBAL	X	800001	810000	-0.69361468484305	5164	4.9843113500897	12.924774624549	11.447945736985
GLOBAL	X	810001	820000	-0.69644106445046	8890	9.1710519661005	18.598196029872	13.536169167753
GLOBAL	X	820001	830000	-1.0738653620728	8997	4.6916644549632	14.730641538018	9.3484504087893
GLOBAL	X	830001	840000	-0.82107844021335	8404	10.650997070277	22.973024736036	15.007126070143
GLOBAL	X	840001	850000	-0.99862137233482	8589	5.4938904971396	16.798912847031	11.320629282608
GLOBAL	X	850001	860000	-0.90047305436405	8361	8.8901309784279	21.934363820456	14.485977985472
GLOBAL	X	860001	870000	-0.89381060777047	9016	9.2725782970323	19.196176444007	11.102573700404
GLOBAL	X	870001	880000	-0.63841720173015	8290	8.0440322502861	17.748433386896	15.200720015548
GLOBAL	X	880001	890000	-0.82877520933847	8569	9.1549754931661	20.01300617817	13.101297628908
GLOBAL	X	890001	900000	-0.83790984311508	7007	6.0101040051124	12.767136343811	8.0641520018168
GLOBAL	X	900001	910000	-0.31653033146114	3226	6.1168221716513	9.4173818073261	10.42730919479
GLOBAL	X	910001	920000	-0.8730263332702	7990	4.0598110502409	12.151817997376	9.2689150816603
GLOBAL	X	920001	930000	-0.94210857732189	9008	7.6827395022466	19.71198898105	12.768432183261
GLOBAL	X	930001	940000	-0.4602056098746	4835	5.4707593384667	9.2393621524944	8.1889545306816
GLOBAL	X	940001	950000	-0.8024953437525	6465	5.7342101590388	18.317545145258	15.680259186775
GLOBAL	X	950001	960000	-0.69739483861484	7408	5.9285106512055	18.07461179738	17.416390936157
GLOBAL	X	960001	970000	-0.84283375278385	8632	6.9327516903964	15.526646558279	10.196429413864
GLOBAL	X	970001	980000	-1.1798795780011	9042	6.9860475056208	20.621100552179	11.556309051181
GLOBAL	X	980001	990000	-0.8128211268228	8266	9.2099068372181	18.917503032824	11.943090398685
GLOBAL	X	990001	1000000	-0.8488094038303	8811	8.9618684088555	18.185684682285	10.866769656187
GLOBAL	X	1000001	1010000	-0.96314575865207	8605	7.8072828989538	19.500352863155	12.140498838478
GLOBAL	X	1010001	1020000	-0.65263937063237	8262	12.496941272127	20.010619632422	11.512756812411
GLOBAL	X	1020001	1030000	-1.2226089850402	9213	8.6992045917717	24.829850400118	13.193626094459
GLOBAL	X	1030001	1040000	-1.0000526677872	9125	9.6761532044099	21.125976944525	11.449220734993
GLOBAL	X	1040001	1050000	-0.75769668244818	9079	9.4485191040304	20.431864119974	14.495701605101
GLOBAL	X	1050001	1060000	-0.83518882131515	8905	8.5191172571717	17.826211789294	11.143701034535
GLOBAL	X	1060001	1070000	-1.1050007033501	9322	9.1618138986337	25.285293740556	14.591375184685
GLOBAL	X	1070001	1080000	-0.63485605746912	8573	10.336359432489	19.07698869524	13.767891413993
GLOBAL	X	1080001	1090000	-1.1933378974794	9194	7.2148208745263	21.231901409647	11.746111947611
GLOBAL	X	1090001	1100000	-0.73423661108124	9155	14.927974174593	26.148279874449	15.281593876574
GLOBAL	X	1100001	1110000	-0.96229458081537	9300	9.0662802779263	19.406478726684	10.745356624575
GLOBAL	X	1110001	1120000	-0.77386060723137	9066	11.366732998981	21.68817999155	13.337604855602
GLOBAL	X	1120001	1130000	-0.72803692241869	9261	10.312658524595	18.988190551033	11.916335228736
GLOBAL	X	1130001	1140000	-1.0210041969801	9486	11.005244111315	23.93849324134	12.667185079433
GLOBAL	X	1140001	1150000	-0.70814897546469	8704	11.793454819876	21.314887277642	13.445521758352
GLOBAL	X	1150001	1160000	-0.76077383282372	8992	11.343492460401	18.7041010716	9.6751600720531
GLOBAL	X	1160001	1170000	-0.67423255325753	8798	10.408201045874	20.296165421671	14.665510183428
GLOBAL	X	1170001	1180000	-0.87677891947207	7424	14.406788501496	37.330196046336	26.145025884794
GLOBAL	X	1180001	1190000	-0.27712177629281	8208	32.23184702474	38.720437853329	23.414222135085
GLOBAL	X	1190001	1200000	-0.80224125203298	8488	8.0210907983216	17.842281745292	12.242191388292
GLOBAL	X	1200001	1210000	-0.97493943402239	7900	11.521239785892	25.242911140579	14.074383367666
GLOBAL	X	1210001	1220000	-0.61089399706005	8073	12.606746771252	21.591318885627	14.707252252622
GLOBAL	X	1220001	1230000	-0.90807461976729	8305	11.893717738927	24.597551943846	13.989857142109
GLOBAL	X	1230001	1240000	-0.39551641129534	5721	3.5167372506019	5.8599902883427	5.9245406026681
GLOBAL	X	1240001	1250000	-0.64919751134181	7087	7.6010564733632	15.999275447701	12.936308022776
GLOBAL	X	1250001	1260000	-0.80169215398537	7370	6.1279084420158	16.806768842809	13.320400290444
GLOBAL	X	1260001	1270000	-0.72772834470439	7934	8.1915729104944	15.270294279702	9.7271480776014
GLOBAL	X	1270001	1280000	-0.87081625669822	9417	14.808816695427	26.947180799887	13.939064654677
GLOBAL	X	1280001	1290000	-0.62833831928049	6972	9.963832989877	18.244479477078	13.178643149894
GLOBAL	X	1290001	1300000	-0.78224446219038	7494	4.3697457111184	12.318660974263	10.161676620742
GLOBAL	X	1300001	1310000	-0.66834852996487	7596	9.7700993231903	18.911338360307	13.67735339763
GLOBAL	X	1310001	1320000	-0.62416813427032	9439	12.857113936145	21.273328490172	13.483890144224
GLOBAL	X	1320001	1330000	-0.87040120654264	9270	13.992070553622	26.410217521518	14.267152750422
GLOBAL	X	1330001	1340000	-0.61418098616557	6350	3.9147134893768	8.2542892890744	7.0656303230589
GLOBAL	X	1340001	1350000	-0.81265684053171	9172	13.737083126074	25.136169198771	14.026936714443
GLOBAL	X	1350001	1360000	-1.0538439108067	7968	8.0825064984658	23.213164553968	14.357589297944
GLOBAL	X	1360001	1370000	-0.78624009286545	8340	15.035418784305	29.999021951997	19.031849562844
GLOBAL	X	1370001	1380000	-0.96943430695548	9642	7.1304846736152	18.137767909462	11.354336396878
GLOBAL	X	1380001	1390000	-0.80342723876611	9378	11.29445188092	20.0817273839	10.937238718064
GLOBAL	X	1390001	1400000	-1.4743771342443	6502	3.9727159440039	15.891692092983	8.0840755544464
GLOBAL	X	1400001	1410000	0.1471377898771	3792	6.1513924265787	5.4384302869597	4.8455406338136
GLOBAL	X	1410001	1420000	-0.6634166812867	3156	0.7181260134106	2.4747048853354	2.6477761585945
GLOBAL	X	1420001	1430000	-0.7709521264317	6679	8.1136368808751	15.078276792634	9.0338163330504
GLOBAL	X	1430001	1440000	-0.52474035343818	8951	10.870584050712	15.74091225315	9.2814058810754
GLOBAL	X	1440001	1450000	-0.50549570001855	7172	10.071379414306	17.181832028764	14.066296932293
GLOBAL	X	1450001	1460000	-0.39893632395474	6973	8.9607691058032	12.568830355664	9.0442033808645
GLOBAL	X	1460001	1470000	-0.78476045812176	8413	7.5805734572301	17.114952249487	12.149412847682
GLOBAL	X	1470001	1480000	-0.441282448272	2725	3.2175403443502	5.1437777125495	4.3650894698898
GLOBAL	X	1480001	1490000	-0.55118691478262	1442	0.38269483611582	0.93572372854162	1.0033418384831
GLOBAL	X	1490001	1500000	-0.54158572710661	1639	0.86129993075346	2.1045211883864	2.2955207188984
GLOBAL	X	1500001	1510000	-0.47652601383524	7178	12.523908673157	18.782325246239	13.133420613728
GLOBAL	X	1510001	1520000	-0.67643265242073	7548	8.4160662253018	18.120250437008	14.346120307732
GLOBAL	X	1520001	1530000	-0.4814271638192	6447	5.5178999725184	10.606614704617	10.57006150573
GLOBAL	X	1530001	1540000	-0.64377907857335	2254	0.2962521829884	0.50042490189488	0.31714717936927
GLOBAL	X	1540001	1550000	-0.15298148026666	3286	2.2615155885777	2.5787053525735	2.0733866834268
GLOBAL	X	1550001	1560000	-0.30717222708452	6090	1.202456945499	1.5533749841057	1.1424146054393
GLOBAL	X	1560001	1570000	0.075827072079286	6039	6.6593435315641	6.3541578678448	4.0247586429315
GLOBAL	X	1570001	1580000	-0.63836532854927	7480	11.621101957728	22.140955135927	16.479361750592
GLOBAL	X	1580001	1590000	-0.50112677260045	7849	18.477808583435	32.289160488598	27.56059476426
GLOBAL	X	1590001	1600000	-0.47988257550427	8206	20.327314776965	28.417019141376	16.85767472576
GLOBAL	X	1600001	1610000	-0.5457480403934	8934	15.649246396414	24.00197815451	15.305106275919
GLOBAL	X	1610001	1620000	-1.0467267336136	8914	10.475513494969	28.409756043907	17.133643359832
GLOBAL	X	1620001	1630000	-0.43126622199109	8672	14.85798703013	20.996184942829	14.232967015965
GLOBAL	X	1630001	1640000	-0.58201948018442	4694	1.8820115528985	3.7770704245745	3.2560059176637
GLOBAL	X	1640001	1650000	-0.089795744088301	8465	17.787358339463	19.158216857431	15.266408579679
GLOBAL	X	1650001	1660000	-0.49673905344179	8876	17.300726394539	24.339504509339	14.169971267671
GLOBAL	X	1660001	1670000	-0.44220990373637	8424	11.326184891543	17.915452522343	14.900769012918
GLOBAL	X	1670001	1680000	-0.43405080782444	5022	8.4019443658307	13.425368963238	11.573356175942
GLOBAL	X	1680001	1690000	-0.38549419330337	4617	8.4523462417449	11.902864368392	8.9508952056547
GLOBAL	X	1690001	1700000	-0.30232182928843	3707	4.870483992755	6.6752296213603	5.9696173208964
GLOBAL	X	1700001	1710000	-0.44746593878181	2136	2.7499995292473	4.8652306567319	4.7271332724077
GLOBAL	X	1710001	1720000	-0.38078962742617	6358	11.092398615382	16.675050153185	14.660723758516
GLOBAL	X	1720001	1730000	-0.81786765083872	8598	11.754323233367	22.262675483463	12.84847522618
GLOBAL	X	1730001	1740000	-0.87221687218124	9325	9.6237933208981	19.395413008624	11.203199570411
GLOBAL	X	1740001	1750000	-0.6138073377834	8865	13.228468082137	20.728733725574	12.219250539627
GLOBAL	X	1750001	1760000	-0.5552300789014	8867	13.861542593465	22.132033070072	14.895609569587
GLOBAL	X	1760001	1770000	-0.63309240327294	8398	9.7609500645549	17.561817868592	12.321847116959
GLOBAL	X	1770001	1780000	-0.63167049248716	8135	10.206128234084	17.618486016665	11.734532277099
GLOBAL	X	1780001	1790000	-0.77354184226863	8947	9.9955403990996	20.269325701589	13.281486199064
GLOBAL	X	1790001	1800000	-0.72575262015562	8760	10.048914892041	19.970432546236	13.670660468394
GLOBAL	X	1800001	1810000	-0.64657917615889	6863	6.9709775365363	11.965126000416	7.7239550050905
GLOBAL	X	1810001	1820000	-0.81441824501313	8919	10.442265585528	19.54538788873	11.177453794709
GLOBAL	X	1820001	1830000	-0.98200620997299	9244	11.651526355048	21.438310438464	9.9661122139803
GLOBAL	X	1830001	1840000	-0.70285323826988	9101	11.25826469963	17.678598706704	9.1346723006895
GLOBAL	X	1840001	1850000	-0.74071634262387	9774	13.630860573735	21.049340037447	10.01527715378
GLOBAL	X	1850001	1860000	-1.0820375794519	9573	10.161096270893	20.917477573702	9.9408574222139
GLOBAL	X	1860001	1870000	-0.4393560403792	8046	17.620356442206	25.378116302294	17.657114383569
GLOBAL	X	1870001	1880000	-0.28664711870021	9225	19.845841887465	26.044515961599	21.624756258641
GLOBAL	X	1880001	1890000	-0.47629594143857	9026	13.871565196677	20.561590649287	14.045942596959
GLOBAL	X	1890001	1900000	-0.51511076550084	9469	13.320484274226	18.461504105613	9.9804162050251
GLOBAL	X	1900001	1910000	-0.88910035032002	9382	10.702069367328	20.296224075562	10.790856965449
GLOBAL	X	1910001	1920000	-0.8195696999169	9731	12.036057609694	20.023150525754	9.7454712111364
GLOBAL	X	1920001	1930000	-0.84116373420735	9200	9.6840106097827	19.012119250337	11.089527830565
GLOBAL	X	1930001	1940000	-1.1110255832538	9524	9.3444660909653	19.484928381367	9.1271186219713
GLOBAL	X	1940001	1950000	-0.3603778776914	9122	20.26563542927	26.07574428606	16.122268364556
GLOBAL	X	1950001	1960000	-0.99108006830639	9659	9.5615915856061	17.801603820175	8.3141740996267
GLOBAL	X	1960001	1970000	-0.84378386132521	9263	10.99240736681	18.97029779088	9.4548980962262
GLOBAL	X	1970001	1980000	-0.77649404535517	8962	16.76790208314	28.28381943437	14.830657646528
GLOBAL	X	1980001	1990000	-1.0083368968599	9620	10.545256355387	19.612008866955	8.9917888949643
GLOBAL	X	1990001	2000000	-1.103764532173	9248	7.6262915141453	19.57037150781	10.821221053507
GLOBAL	X	2000001	2010000	-0.92571075538506	9009	6.93554481514	15.382446092335	9.1247738324927
GLOBAL	X	2010001	2020000	-0.98921067115514	9033	9.1290542750889	19.145758290757	10.125956287927
GLOBAL	X	2020001	2030000	-0.81354087059105	8544	10.868370535387	19.704211276415	10.860967236481
GLOBAL	X	2030001	2040000	-0.64561106495043	8264	10.000259455872	16.252258620191	9.6838476038184
GLOBAL	X	2040001	2050000	1.3230772159751	9233	48.774755294444	30.149482532213	14.077237924852
GLOBAL	X	2050001	2060000	3.016601547769	9137	200.36918613714	74.01494772679	41.886287071555
GLOBAL	X	2060001	2070000	4.0343439603458	8113	183.73202668163	62.157019011553	30.135012994691
GLOBAL	X	2070001	2080000	2.5209329349288	8800	150.10349379605	60.788246613244	35.429441991614
GLOBAL	X	2080001	2090000	2.6100212527084	7785	197.17696255802	77.254686236587	45.94685817098
GLOBAL	X	2090001	2100000	3.4386072122556	9135	181.90717723141	68.381206815945	33.015102745917
GLOBAL	X	2100001	2110000	3.350390702794	3601	87.200234936469	29.871544087406	17.111046422513
GLOBAL	X	2110001	2120000	NA	593	0	0	0
GLOBAL	X	2120001	2130000	-1.1744228977777	1073	0.36639828947361	1.4839654734187	0.95158838103362
GLOBAL	X	2130001	2140000	-0.63050633895474	496	0.095158642879556	0.40498992183292	0.49140073590221
GLOBAL	X	2140001	2150000	-0.75610939728404	7851	5.5834927491856	12.967809470862	9.7662014890981
GLOBAL	X	2150001	2160000	-1.6712698125412	9088	7.1180280452715	47.048741302299	23.892439723011
GLOBAL	X	2160001	2170000	-2.1321465326043	9287	5.4567523107459	58.100776188548	24.690621902755
GLOBAL	X	2170001	2180000	-2.1894427231324	9189	6.4200209208844	63.152009617813	25.911611250448
GLOBAL	X	2180001	2190000	-1.9579630770492	9160	8.1364860707886	72.002367953552	32.618532306041
GLOBAL	X	2190001	2200000	-2.0914589727839	9180	7.5618631098657	72.805883925369	31.195458129718
GLOBAL	X	2200001	2210000	-2.2910396439317	9427	6.3013921494897	69.119645019929	27.41910339126
GLOBAL	X	2210001	2220000	-2.2011091375636	9491	5.6015021804012	49.110837733063	19.767005102174
GLOBAL	X	2220001	2230000	-1.0518349773735	9585	6.0584457712525	16.703520712883	10.120480085394
GLOBAL	X	2230001	2240000	-1.1466567232345	9751	4.5375594857265	13.811463171988	8.0877768370832
GLOBAL	X	2240001	2250000	-1.1808273096938	8877	4.1003173565403	13.13948722109	7.654946485692
GLOBAL	X	2250001	2260000	-1.1163444395763	9046	5.759964837385	15.870225266504	9.0565779437717
GLOBAL	X	2260001	2270000	-1.3795105022203	9653	5.5930353534024	16.759138277472	8.0942500300638
GLOBAL	X	2270001	2280000	-2.0524402783593	9451	7.1530114691576	45.718443564413	18.790038619825
GLOBAL	X	2280001	2290000	-2.1356692413876	9536	8.1886621437605	56.503828185343	22.622962912642
GLOBAL	X	2290001	2300000	-1.524074283318	9540	33.783182608061	81.169838230445	31.092090550351
GLOBAL	X	2300001	2310000	0.01480137110353	9367	66.014426898412	65.592262826847	28.521957095172
GLOBAL	X	2310001	2320000	3.7098146798146	9507	203.24018567722	77.80034382889	33.81296713576
GLOBAL	X	2320001	2330000	4.7077196131039	9640	187.76148006653	64.877993671494	26.102549959219
GLOBAL	X	2330001	2340000	-0.073484482847503	9454	71.816843323009	73.899049963275	28.335324133487
GLOBAL	X	2340001	2350000	-2.2674798922741	9158	10.204760083932	71.556753130751	27.057348228692
GLOBAL	X	2350001	2360000	-1.7782098227061	9552	6.5181013074292	30.265306802276	13.354557595857
GLOBAL	X	2360001	2370000	-1.3776653215089	9678	5.4925705755908	14.673935040333	6.6644375244104
GLOBAL	X	2370001	2380000	-1.2834493429524	9686	4.9546558254411	13.507082094894	6.6636258894174
GLOBAL	X	2380001	2390000	-1.3469269328575	9707	5.7633658225309	15.323806134336	7.0979650629767
GLOBAL	X	2390001	2400000	-1.2003146461721	9477	6.0602551960958	14.417859462494	6.96284452835
GLOBAL	X	2400001	2410000	-1.4613043144063	9588	5.3987180314063	18.835812333628	9.1952745022044
GLOBAL	X	2410001	2420000	-1.3894612230237	9599	5.7066841877728	17.797294276195	8.7016534812761
GLOBAL	X	2420001	2430000	-1.1707315024446	9836	8.2099373741906	19.099296357336	9.3013290924581
GLOBAL	X	2430001	2440000	-0.8548298192396	9331	8.2924201153796	14.808675406871	7.6228684877743
GLOBAL	X	2440001	2450000	-0.89508252360338	8633	8.7697998390503	16.389047662649	8.5123411782472
GLOBAL	X	2450001	2460000	-0.51035633018478	9446	13.58890844659	21.926725240484	16.337245764885
GLOBAL	X	2460001	2470000	-0.58950500026168	9137	16.371407815239	25.734889214423	15.883633548531
GLOBAL	X	2470001	2480000	-0.94794809779783	7169	5.4669256019228	16.051241101696	11.16550106948
GLOBAL	X	2480001	2490000	-1.2723069144873	9561	5.6402496218189	15.196922592149	7.5112953183798
GLOBAL	X	2490001	2500000	-2.135536542836	9280	8.5815863746222	59.583558793884	23.882509803148
GLOBAL	X	2500001	2510000	-1.7355816426569	9342	23.735434782984	72.074433526688	27.85175733347
GLOBAL	X	2510001	2520000	-0.70939211854814	9058	37.500023346672	52.669359305813	21.383569907975
GLOBAL	X	2520001	2530000	-0.53726284749843	9618	66.965948876681	84.814293822008	33.220880670291
GLOBAL	X	2530001	2540000	-0.5168255907483	9360	71.755886070267	91.634811557809	38.463508470544
GLOBAL	X	2540001	2550000	-0.57260155628964	9696	69.604527369378	91.926357348633	38.983180772153
GLOBAL	X	2550001	2560000	-0.68081319966467	9530	57.761173298581	81.873197978017	35.416505865798
GLOBAL	X	2560001	2570000	-0.62660446539152	9501	57.728088219115	78.100059261082	32.511691453136
GLOBAL	X	2570001	2580000	-0.70974583206785	9440	50.565997595053	71.720150727254	29.805251649831
GLOBAL	X	2580001	2590000	-0.98419111120382	9743	13.614957974422	24.026189199258	10.578465001682
GLOBAL	X	2590001	2600000	-1.4559062950892	9757	5.9742091678107	18.054576350077	8.2974894902327
GLOBAL	X	2600001	2610000	-1.2037016488257	9148	5.92170956878	16.769181484374	9.0117612833515
GLOBAL	X	2610001	2620000	-1.2749582810518	9381	6.3409486435707	19.625295329401	10.419436371574
GLOBAL	X	2620001	2630000	-1.6530815665863	9648	4.0278687592353	17.795086609123	8.3282144863052
GLOBAL	X	2630001	2640000	-1.2760225993977	9510	6.525069963458	16.36430156642	7.7108599860271
GLOBAL	X	2640001	2650000	-1.2541668638629	9706	4.839728119339	14.293113940847	7.5375821941193
GLOBAL	X	2650001	2660000	-1.0870799214944	9574	6.2876910255267	15.13217595199	8.1360024700895
GLOBAL	X	2660001	2670000	-1.0220240805596	9693	6.71406671228	16.28205691106	9.3618050501713
GLOBAL	X	2670001	2680000	-1.3053912806362	9248	6.3884929427234	18.969850131678	9.6379969558415
GLOBAL	X	2680001	2690000	-1.4424853802302	9690	5.5097272085354	16.493119377997	7.6142138561633
GLOBAL	X	2690001	2700000	-0.97130518227062	9558	8.3567345589802	17.177747181996	9.0816077006768
GLOBAL	X	2700001	2710000	-1.0835416654396	8964	6.7317011260674	14.026279124936	6.7321619754317
GLOBAL	X	2710001	2720000	-1.5265283572815	9559	4.1143752546955	15.197167485214	7.2601286295491
GLOBAL	X	2720001	2730000	-1.3152526397692	9770	13.265819756297	30.781159952425	13.317091839635
GLOBAL	X	2730001	2740000	-1.2370944619249	9566	24.329456510733	53.538616691968	23.611099297774
GLOBAL	X	2740001	2750000	-1.3814625422704	9579	6.9350808564293	19.355077494159	8.9904693451313
GLOBAL	X	2750001	2760000	-1.5290666398003	9660	3.6710809964448	14.546178943247	7.1122459046145
GLOBAL	X	2760001	2770000	-1.5239364912445	9254	3.7380683710353	14.026463528879	6.7511967965557
GLOBAL	X	2770001	2780000	-1.3734345075516	9326	6.8456220843154	19.358723175775	9.1108101789045
GLOBAL	X	2780001	2790000	-1.1945081342001	9481	6.6925397809511	17.025384289071	8.6502922937721
GLOBAL	X	2790001	2800000	-1.417670975647	9471	5.8725952812301	17.404625340664	8.134489777623
GLOBAL	X	2800001	2810000	-1.1503903328429	9693	7.5959295469925	17.802486150185	8.872255191827
GLOBAL	X	2810001	2820000	-1.4930849815517	9447	3.7817337350832	13.507916959953	6.5141524729297
GLOBAL	X	2820001	2830000	-1.1502689076428	9616	5.3502714084363	13.511968270232	7.0954685531067
GLOBAL	X	2830001	2840000	-0.95829258818407	9208	5.2537545577349	11.041590469873	6.039737741378
GLOBAL	X	2840001	2850000	-1.0175207468988	9233	5.8743275678914	12.600547358049	6.6104006337537
GLOBAL	X	2850001	2860000	-1.3084162368794	9622	6.5135699643561	16.755975911059	7.8280944992943
GLOBAL	X	2860001	2870000	-1.4631441901828	9728	4.1850738270125	15.196180793477	7.525647192085
GLOBAL	X	2870001	2880000	-1.4222387119677	9335	3.1951013013434	14.428297749566	7.8982496775677
GLOBAL	X	2880001	2890000	-1.3359194830185	9159	3.7125201534683	12.348209130847	6.4642286358954
GLOBAL	X	2890001	2900000	-1.5135110246501	9310	3.0647219779951	11.818006093463	5.7834293724366
GLOBAL	X	2900001	2910000	-1.7041184154181	9579	2.6033434788856	13.376158480893	6.3216352247239
GLOBAL	X	2910001	2920000	-1.3494148226483	9436	13.944648782975	37.808565967854	17.684641360352
GLOBAL	X	2920001	2930000	-1.2189079367841	9353	15.032897748982	34.310951728069	15.815840882905
GLOBAL	X	2930001	2940000	-1.052092685935	9515	7.1569069842216	18.574346097566	10.852122884209
GLOBAL	X	2940001	2950000	-1.5750871133825	9371	4.6139971676519	17.168216972642	7.9704923609149
GLOBAL	X	2950001	2960000	-1.5398963436324	9441	3.7681754210221	16.626241101499	8.3499553289066
GLOBAL	X	2960001	2970000	-1.3065280328948	9786	6.8142924504942	18.578256684376	9.0039891511684
GLOBAL	X	2970001	2980000	-1.3012602722409	9628	4.1522021772092	13.155098883336	6.9185979916405
GLOBAL	X	2980001	2990000	-1.4982975713725	9655	3.9729728122905	15.586400292369	7.7510820960887
GLOBAL	X	2990001	3000000	-1.3025578723738	9454	6.5140527987475	16.76225988122	7.8677556673904
GLOBAL	X	3000001	3010000	-1.1669951336219	9092	6.0820017087765	17.061480846262	9.4083332664882
GLOBAL	X	3010001	3020000	-1.2115179655905	8864	4.6039980645226	11.299071836254	5.5261861250802
GLOBAL	X	3020001	3030000	-1.5897746536835	8889	2.2230906774754	13.123566553028	6.8566169741709
GLOBAL	X	3030001	3040000	-1.2787656685852	9574	4.3737983131384	12.210338144865	6.1282063041283
GLOBAL	X	3040001	3050000	-0.72511533010625	8913	9.026068194756	14.684375607394	7.8033206273666
GLOBAL	X	3050001	3060000	-0.93097009225863	9321	7.4676083047664	13.897955539402	6.9071469514502
GLOBAL	X	3060001	3070000	-0.83951988842752	9409	8.133878882081	14.288877709893	7.3315699993017
GLOBAL	X	3070001	3080000	-0.74827246857379	9196	8.4122067455834	13.246561807582	6.4606881383907
GLOBAL	X	3080001	3090000	-0.95739208325943	9632	7.7379376255471	15.592339954005	8.2039557938661
GLOBAL	X	3090001	3100000	-0.65636973675578	9045	7.6059709611287	13.69420768624	9.2756207121967
GLOBAL	X	3100001	3110000	-1.2504200451617	9519	6.6561808013089	15.845950990975	7.3493465057799
GLOBAL	X	3110001	3120000	-1.2352869358617	9483	4.74391174036	12.867547263522	6.5763146094438
GLOBAL	X	3120001	3130000	-1.1477991206754	9296	7.7786632127791	18.089826815336	8.9834217650289
GLOBAL	X	3130001	3140000	-1.3624488603684	9355	4.3685604705663	12.467107308241	5.9441106916006
GLOBAL	X	3140001	3150000	-1.4947076267336	9202	17.679784723941	47.411895503737	19.891589664776
GLOBAL	X	3150001	3160000	-1.4520490517487	8899	10.827611152528	31.05320077125	13.92899888221
GLOBAL	X	3160001	3170000	-1.3662903435066	9214	23.853748475893	61.735013793777	27.725633499437
GLOBAL	X	3170001	3180000	-1.5632451205974	9634	20.016745126119	53.901350849756	21.675810963471
GLOBAL	X	3180001	3190000	-1.5956517478111	9451	18.01689352525	51.179337819231	20.783008785891
GLOBAL	X	3190001	3200000	-1.5796856069662	9339	17.651449196487	53.53316868496	22.714468834963
GLOBAL	X	3200001	3210000	-1.6094249117655	9321	18.790265473735	51.558281554831	20.360077591411
GLOBAL	X	3210001	3220000	-1.6137199704347	9617	17.547328536263	53.255825415309	22.128062819615
GLOBAL	X	3220001	3230000	-0.7945224819184	9310	8.7562172978062	14.026053410447	6.6327086175294
GLOBAL	X	3230001	3240000	-1.2357934310715	9363	23.951182011732	48.969370036888	20.244635872084
GLOBAL	X	3240001	3250000	-1.2414906837152	9615	22.180036958992	48.84687532983	21.479692695749
GLOBAL	X	3250001	3260000	-1.3027606035505	8951	21.562190829669	46.254816444435	18.954077631354
GLOBAL	X	3260001	3270000	-1.2710614289675	9367	24.427778895843	53.134525495374	22.58486171109
GLOBAL	X	3270001	3280000	-1.3743681498869	9153	25.091767697949	56.495310065716	22.849439846485
GLOBAL	X	3280001	3290000	-1.2623675869365	9098	29.392463361688	59.622830227642	23.947356680249
GLOBAL	X	3290001	3300000	-1.5820309268322	9134	24.830522440794	70.689248104448	28.987249797625
GLOBAL	X	3300001	3310000	-1.6386456893123	9176	24.030967122968	64.420411237998	24.648064177913
GLOBAL	X	3310001	3320000	-1.5777022379622	9454	26.330311012696	72.743935980683	29.418494726822
GLOBAL	X	3320001	3330000	-1.4294128767736	8651	11.911718356477	29.21889495795	12.107891906317
GLOBAL	X	3330001	3340000	-1.2731976556158	9065	18.4659519286	41.052417869996	17.739952506018
GLOBAL	X	3340001	3350000	-1.1507129773901	8850	17.057172103963	35.862504008354	16.342330601887
GLOBAL	X	3350001	3360000	-1.3669904152274	9402	24.610481579081	52.468958506732	20.379423745277
GLOBAL	X	3360001	3370000	-0.96179051692831	9029	35.264938397414	59.768873887645	25.477414321457
GLOBAL	X	3370001	3380000	-0.81939181784597	9441	48.722658024298	74.849455343559	31.885597037012
GLOBAL	X	3380001	3390000	-1.1495319101655	9155	25.094113296089	51.728317674348	23.169608553473
GLOBAL	X	3390001	3400000	-1.1892425606182	9073	34.00969323028	69.799867734336	30.094932429472
GLOBAL	X	3400001	3410000	-1.2620503136609	9228	38.528468636465	81.6089224255	34.135290267525
GLOBAL	X	3410001	3420000	-1.6955054692544	9501	15.93309944589	48.457782740715	19.18288314878
GLOBAL	X	3420001	3430000	-1.8143809110243	9426	14.51147121385	52.74693812234	21.07356105665
GLOBAL	X	3430001	3440000	-1.7138096789773	9303	19.73235333899	61.972572509487	24.646971999658
GLOBAL	X	3440001	3450000	-0.73335655969077	9539	34.307712178825	51.475608673612	23.410026497924
GLOBAL	X	3450001	3460000	-0.39739722853405	9410	32.251366736306	38.847405648595	16.59809993296
GLOBAL	X	3460001	3470000	-0.27229385974628	9182	55.116417287413	62.392197891012	26.720325645163
GLOBAL	X	3470001	3480000	-0.64946875606918	9535	36.581238338011	49.888840960919	20.489981232431
GLOBAL	X	3480001	3490000	-1.1399544988144	9128	27.145481891736	51.17729101678	21.081375747926
GLOBAL	X	3490001	3500000	-1.2052967183102	9369	28.21242202022	55.598420368568	22.721374689166
GLOBAL	X	3500001	3510000	-1.1946585518088	9363	20.540140470535	40.260796024396	16.507357289665
GLOBAL	X	3510001	3520000	-1.1531883905446	9234	19.902919283501	39.361116043392	16.87338939538
GLOBAL	X	3520001	3530000	-1.188464845827	9322	29.708817269736	56.896427466706	22.876242652388
GLOBAL	X	3530001	3540000	-1.6604516686495	9403	5.0492741058005	20.001893361019	9.0051517533052
GLOBAL	X	3540001	3550000	-2.026865971749	9196	10.158212526738	52.73190183092	21.004688961967
GLOBAL	X	3550001	3560000	-2.0024213291669	9387	14.41758546002	60.904196349475	23.215199624744
GLOBAL	X	3560001	3570000	-1.8953440080805	9467	13.353371428283	57.544368522385	23.315554804669
GLOBAL	X	3570001	3580000	-2.1227680795004	9099	9.6191839120427	59.496401413164	23.496310304826
GLOBAL	X	3580001	3590000	-1.8426019281613	9157	9.2627440544543	38.970022514713	16.122461398867
GLOBAL	X	3590001	3600000	-1.9611338959076	9191	7.9223339492243	41.572575316244	17.158563949784
GLOBAL	X	3600001	3610000	-1.5286606126122	9022	12.152778414717	32.867702143888	13.551028631381
GLOBAL	X	3610001	3620000	-1.4365579190544	9441	20.6914288099	49.488306674413	20.045747882875
GLOBAL	X	3620001	3630000	-0.23449614030675	9379	46.31790152418	51.584721259149	22.460155327417
GLOBAL	X	3630001	3640000	3.56849372766	9165	111.52005034073	44.299888170161	18.837124933004
GLOBAL	X	3640001	3650000	4.0460012475131	9332	162.34046357907	57.968959699548	25.796211492441
GLOBAL	X	3650001	3660000	4.7667289830546	9040	162.71725273586	54.187649259499	22.76815062534
GLOBAL	X	3660001	3670000	3.7248194068666	8855	132.81446292557	47.507405863379	22.902333709099
GLOBAL	X	3670001	3680000	2.7167897559739	8896	94.779008170246	42.370450593859	19.290619548733
GLOBAL	X	3680001	3690000	-1.3113555666139	9709	5.2030095248392	14.546590036109	7.1251312375915
GLOBAL	X	3690001	3700000	-1.0525516563808	9806	7.2062480201853	14.415435506406	6.849248150926
GLOBAL	X	3700001	3710000	-0.98538248261541	9889	9.9100531083643	17.661645577111	7.8665823733463
GLOBAL	X	3710001	3720000	-1.2589565381983	9247	5.2648946637925	13.637710848802	6.6505998666101
GLOBAL	X	3720001	3730000	-0.9610076444854	8886	6.897249821978	13.78622823053	7.1684949106111
GLOBAL	X	3730001	3740000	-0.93738199798001	9635	8.276011896563	16.371931204735	8.6367343576236
GLOBAL	X	3740001	3750000	-1.2542227272156	9447	5.6582527758531	14.025869129479	6.6715553562025
GLOBAL	X	3750001	3760000	-1.3630340180424	9545	4.9044627254322	14.850491055962	7.2969773306281
GLOBAL	X	3760001	3770000	-1.2211719186475	9272	13.333512981822	27.920885344426	11.945387983339
GLOBAL	X	3770001	3780000	-1.2188152882238	9468	21.60869851021	44.194845067053	18.531230101125
GLOBAL	X	3780001	3790000	-1.2250016061207	9429	25.291150073159	50.922555841303	20.923569112136
GLOBAL	X	3790001	3800000	-1.1625880338426	9532	33.303078804711	61.434096122746	24.196892191516
GLOBAL	X	3800001	3810000	-0.87223765156033	9435	10.039164353798	17.014485341633	7.9970418329877
GLOBAL	X	3810001	3820000	-1.3261052776869	9612	3.4442771104648	10.9084743601	5.6286611442001
GLOBAL	X	3820001	3830000	-1.5943822591014	9501	3.4498477930831	13.635448801639	6.3884309740727
GLOBAL	X	3830001	3840000	-1.4568272668501	9505	4.0119647299358	14.156739050315	6.9636082130137
GLOBAL	X	3840001	3850000	-1.429529278799	9633	3.0639210498759	11.430115597275	5.8524121691493
GLOBAL	X	3850001	3860000	-1.5554159494355	9701	4.2920994974237	15.064269879273	6.9255882233681
GLOBAL	X	3860001	3870000	0.25281072527659	9563	36.219292926486	32.607062136227	14.288281425983
GLOBAL	X	3870001	3880000	-0.70500992341871	9097	71.043414754676	99.156631011249	39.876341201336
GLOBAL	X	3880001	3890000	-1.156960116476	9230	31.246277826529	58.182817007078	23.282167463643
GLOBAL	X	3890001	3900000	-0.73251997895417	9400	50.067896207327	69.733165531745	26.846051833965
GLOBAL	X	3900001	3910000	-0.71881192212251	8951	44.974002129259	63.393873335877	25.625439200044
GLOBAL	X	3910001	3920000	-0.35198392958249	8424	67.917228707872	79.678653086248	33.414662971479
GLOBAL	X	3920001	3930000	-0.087956985138006	9061	64.012470512415	66.369174167644	26.793820314916
GLOBAL	X	3930001	3940000	-0.31975953892308	9333	35.045675278621	40.126035650066	15.888065102157
GLOBAL	X	3940001	3950000	-0.15989607746493	9415	57.888588734872	61.82533740489	24.620670703331
GLOBAL	X	3950001	3960000	-0.47983063874318	9409	55.248017663513	70.426649975477	31.633312019676
GLOBAL	X	3960001	3970000	-0.58598257773487	4426	7.8833072221784	15.009520491111	12.161135057085
GLOBAL	X	3970001	3980000	-0.40149718786874	9335	43.514645640612	52.624557922995	22.689853273296
GLOBAL	X	3980001	3990000	-0.46132344769624	9397	40.020781075123	49.753549029811	21.097492449802
GLOBAL	X	3990001	4000000	-0.76346505055943	9529	45.572926876259	65.981670098623	26.731732130253
GLOBAL	X	4000001	4010000	-1.1868009620183	9553	17.731527412903	34.67728531757	14.278517162515
GLOBAL	X	4010001	4020000	-1.3181433305422	9498	20.381339900459	47.303900598193	20.424607911691
GLOBAL	X	4020001	4030000	-1.2891717313297	9519	20.592846703376	42.210248460339	16.768442273137
GLOBAL	X	4030001	4040000	-1.2393279182832	9142	26.58341192828	51.946334088585	20.465061575825
GLOBAL	X	4040001	4050000	-1.280905833313	9517	23.899812335347	49.358887848089	19.875836966792
GLOBAL	X	4050001	4060000	-1.3041759348529	9210	20.317402636717	43.772989630078	17.984986815453
GLOBAL	X	4060001	4070000	-1.1940609227645	9724	19.261234754686	41.18496927063	18.360649861303
GLOBAL	X	4070001	4080000	-1.2187810750553	9396	25.02154311158	49.095921796484	19.752832709362
GLOBAL	X	4080001	4090000	-0.76290411826003	9588	32.867377321957	47.271329126719	18.880422139564
GLOBAL	X	4090001	4100000	0.31327879632903	9463	72.81736312976	64.679710406941	25.975753284852
GLOBAL	X	4100001	4110000	-0.4496670958715	9107	24.413133494598	30.530611544532	13.604460068572
GLOBAL	X	4110001	4120000	-0.43655980311358	9367	48.404214232476	58.71664179494	23.622027243266
GLOBAL	X	4120001	4130000	-0.63907374038204	2700	1.7397665994654	5.8963289552255	6.5040418548183
GLOBAL	X	4130001	4140000	-0.3299786144317	5915	22.829093907622	27.640818663085	14.581929085768
GLOBAL	X	4140001	4150000	-0.6104912416244	1545	0.79257981379483	2.4936463486533	2.7863897446461
GLOBAL	X	4150001	4160000	-0.74255949704116	2319	0.74892866051249	4.2982361844288	4.7798291423906
GLOBAL	X	4160001	4170000	-0.28050275243476	8573	47.1599993191	53.807041522037	23.696887624956
GLOBAL	X	4170001	4180000	-0.77772180414121	9144	40.09803556108	58.191266343894	23.26439954039
GLOBAL	X	4180001	4190000	-1.5591805187651	9477	14.274034119166	45.347548462348	19.92938852763
GLOBAL	X	4190001	4200000	-1.5919855230564	9367	15.31659052134	50.161385493571	21.887633064235
GLOBAL	X	4200001	4210000	-1.56037099794	9258	6.2589628117058	21.956328315782	10.06002131852
GLOBAL	X	4210001	4220000	-1.0939416773943	6506	2.9420394771399	9.6175298547541	6.1022360840249
GLOBAL	X	4220001	4230000	-0.85774042238432	6545	2.5131532223744	7.9662432016809	6.3575061137355
GLOBAL	X	4230001	4240000	-1.6461117435037	9330	2.7421365025074	12.987051647275	6.2237057631102
GLOBAL	X	4240001	4250000	-2.037122317292	9550	5.4474722230042	37.409610577923	15.689847430176
GLOBAL	X	4250001	4260000	-2.2681320239304	9534	5.6804647076365	57.536289042877	22.862789197509
GLOBAL	X	4260001	4270000	-1.1567734492963	9465	16.546721076828	33.511034693015	14.665199678042
GLOBAL	X	4270001	4280000	0.34327910452381	9336	54.723437823485	47.002519320748	22.491664657095
GLOBAL	X	4280001	4290000	0.28560097338552	8941	37.230373933795	33.372707891059	13.507188007826
GLOBAL	X	4290001	4300000	-1.1275668648841	9471	29.19015664307	52.34140977049	20.532044571742
GLOBAL	X	4300001	4310000	-0.78886083280299	9379	29.748421085274	44.687203503332	18.937158237375
GLOBAL	X	4310001	4320000	-0.67962514319579	9004	28.575126557244	39.350921323241	15.855497510474
GLOBAL	X	4320001	4330000	-0.69660788125853	9706	29.870714978904	41.033797509132	16.024915638422
GLOBAL	X	4330001	4340000	-0.96156298098298	9380	33.9203492943	53.896146795491	20.774299651979
GLOBAL	X	4340001	4350000	-1.408747977896	8655	16.416204394561	41.705890462809	17.951888105648
GLOBAL	X	4350001	4360000	-1.2505340247963	9400	24.228632307705	48.445088924921	19.364892227671
GLOBAL	X	4360001	4370000	-1.2434407365076	9396	22.025521146068	50.821762193981	23.158515080335
GLOBAL	X	4370001	4380000	-1.2099382789809	8997	25.327302509188	49.093076871661	19.642137764656
GLOBAL	X	4380001	4390000	-1.1738911274948	9293	27.392341970183	51.036922319792	20.142055592557
GLOBAL	X	4390001	4400000	-1.2542828630331	9592	37.386248995269	73.902193209592	29.113005758542
GLOBAL	X	4400001	4410000	-1.262671349576	9805	41.10020897403	77.132413172173	28.536486719401
GLOBAL	X	4410001	4420000	-1.1496552932562	9600	35.911400157923	65.728262142846	25.935480104191
GLOBAL	X	4420001	4430000	-1.2185682867173	9557	24.953505301495	50.010213732225	20.562416324021
GLOBAL	X	4430001	4440000	-1.1741241219364	9297	23.110881172242	45.883789193754	19.395656384228
GLOBAL	X	4440001	4450000	-1.3322678015837	9474	25.442215275869	52.596953905286	20.38234249686
GLOBAL	X	4450001	4460000	-1.1503465665543	9303	26.898908330141	49.762455550925	19.875355728029
GLOBAL	X	4460001	4470000	-1.2297889675169	9349	21.416965322368	48.871947153104	22.324953757042
GLOBAL	X	4470001	4480000	-1.1914040702655	9291	16.368150272076	33.903305859103	14.718059157813
GLOBAL	X	4480001	4490000	-1.1882412717022	9266	22.810735161057	46.89929713383	20.272450171896
GLOBAL	X	4490001	4500000	-1.2551000591132	9506	29.450957064156	57.271758877802	22.166202297292
GLOBAL	X	4500001	4510000	-1.2855447302418	9671	21.219049999166	44.156437696798	17.84254344329
GLOBAL	X	4510001	4520000	-1.1481987437997	9257	23.662978195592	43.374870564245	17.167665854973
GLOBAL	X	4520001	4530000	-1.2693290368501	9339	25.503457161953	50.912967049968	20.018063993139
GLOBAL	X	4530001	4540000	-1.1212992976526	8963	24.650127115794	50.039949323625	22.643216009306
GLOBAL	X	4540001	4550000	-1.3510624100973	9101	18.912188237814	41.431498787383	16.667853669281
GLOBAL	X	4550001	4560000	-1.3048880403497	9333	18.150555031523	38.443061040959	15.551147211065
GLOBAL	X	4560001	4570000	-1.2437712420734	9082	19.925315908227	40.528260005148	16.564898270662
GLOBAL	X	4570001	4580000	-1.3919223254301	9118	18.617019172517	43.773580930154	18.073251141987
GLOBAL	X	4580001	4590000	-1.2549161182107	9374	31.927639748433	62.085965579186	24.032144772953
GLOBAL	X	4590001	4600000	-1.1640550149939	9339	18.1891248481	38.45908934577	17.413235832137
GLOBAL	X	4600001	4610000	-1.2892548723027	9402	10.992402108178	32.167650425037	16.424408215762
GLOBAL	X	4610001	4620000	-1.1512738869538	9229	25.666195404561	57.774095937974	27.889020064867
GLOBAL	X	4620001	4630000	-0.86103917795336	9289	39.542771107628	63.705325687172	28.062084976177
GLOBAL	X	4630001	4640000	-1.1619130222342	9058	22.513550712646	43.12406161654	17.73842835866
GLOBAL	X	4640001	4650000	-1.153429457698	8805	23.431577021054	48.35636141084	21.609283709062
GLOBAL	X	4650001	4660000	-1.2927262377718	9347	27.016225479318	54.80547719505	21.496625429086
GLOBAL	X	4660001	4670000	-1.2415388301272	9411	21.394432935648	42.725247459061	17.180948356829
GLOBAL	X	4670001	4680000	-1.2610899342491	9520	23.292880723107	46.230241609855	18.188521106867
GLOBAL	X	4680001	4690000	-1.0465962832011	9619	48.506997152889	84.05779181978	33.968011579552
GLOBAL	X	4690001	4700000	-1.106403542346	9178	32.451140182621	57.401179047705	22.550577533565
GLOBAL	X	4700001	4710000	-0.96504343268487	9103	28.817528765431	54.137992100485	26.237641206064
GLOBAL	X	4710001	4720000	-1.1827348090051	9031	26.582902042866	50.671535433792	20.366893074863
GLOBAL	X	4720001	4730000	-1.2269805823109	9580	14.430169296574	30.292218935446	12.927710403532
GLOBAL	X	4730001	4740000	-1.4508164323522	9481	21.639112456779	51.946081786853	20.889596129634
GLOBAL	X	4740001	4750000	-1.2813897449409	9454	33.57361750524	68.060932969779	26.9139936547
GLOBAL	X	4750001	4760000	-1.2992279828226	9524	36.983919869389	77.427750957741	31.129125621575
GLOBAL	X	4760001	4770000	-1.242700039808	9242	29.27793742918	62.893246577669	27.050219740624
GLOBAL	X	4770001	4780000	-1.0196004891999	8974	30.10827619144	56.02691321883	25.42038504486
GLOBAL	X	4780001	4790000	-1.1758112764157	8818	17.287655949604	34.683040232023	14.79436762628
GLOBAL	X	4790001	4800000	-1.0307108907582	9584	32.495146762988	55.324312712578	22.14895190716
GLOBAL	X	4800001	4810000	-1.3497123239444	9090	15.012913736505	33.503850091276	13.699909252317
GLOBAL	X	4810001	4820000	-1.0503261124439	9126	38.739980221107	66.88986440522	26.801089538386
GLOBAL	X	4820001	4830000	-1.230459758692	9352	29.149687892274	57.409693067992	22.96702917433
GLOBAL	X	4830001	4840000	-1.1520644094969	8928	11.006125754506	30.07815278155	16.554653428945
GLOBAL	X	4840001	4850000	-1.6295325097447	9425	11.977448935298	36.883958227856	15.284450689762
GLOBAL	X	4850001	4860000	-1.6989463738307	9371	14.373839930445	45.064885240493	18.064752238676
GLOBAL	X	4860001	4870000	-1.5271907100958	9289	8.468404728195	27.679552982313	12.579403559175
GLOBAL	X	4870001	4880000	-1.6946781221055	9687	15.764074905752	47.40037970555	18.668031638063
GLOBAL	X	4880001	4890000	-1.662192104014	9068	11.610841371642	36.890092611834	15.208381256983
GLOBAL	X	4890001	4900000	-1.6385329178137	9615	9.6916185375794	31.17028032166	13.108471334674
GLOBAL	X	4900001	4910000	-1.6848027772302	9633	10.380346267818	35.456785094587	14.883901644556
GLOBAL	X	4910001	4920000	-1.5667120350563	9658	13.941295699244	50.119255848688	23.091646288492
GLOBAL	X	4920001	4930000	-1.686447565346	9343	9.9097161050327	33.248796875859	13.839197405488
GLOBAL	X	4930001	4940000	-1.610797118341	9044	11.57752709481	36.503015707	15.4740086932
GLOBAL	X	4940001	4950000	-1.7230845918132	9119	16.605241930155	50.516805490761	19.680730546677
GLOBAL	X	4950001	4960000	-1.6265135469006	9648	19.374896718956	54.806354139809	21.783684180418
GLOBAL	X	4960001	4970000	-1.6995497163128	9064	10.586620925853	37.030300986305	15.559227133303
GLOBAL	X	4970001	4980000	-1.6718303572422	9436	16.413572672315	49.088774716438	19.544567965629
GLOBAL	X	4980001	4990000	-1.6090030902023	9382	13.991173081555	41.704176656718	17.2237105969
GLOBAL	X	4990001	5000000	-1.5731616062888	9526	19.508184542579	60.334940918911	25.952042188879
GLOBAL	X	5000001	5010000	-1.5762447517183	9560	16.843031040198	49.997917858002	21.034098151104
GLOBAL	X	5010001	5020000	-1.5848675433339	9206	12.382839810351	40.92795840402	18.011043707553
GLOBAL	X	5020001	5030000	-1.5209236218963	9350	2.277948932997	11.690184402717	6.188499760419
GLOBAL	X	5030001	5040000	-1.4499103935522	9126	3.4476852408778	13.248963228846	6.7599198071517
GLOBAL	X	5040001	5050000	-1.5985594286492	9779	3.875179287767	15.455321419836	7.2441111193811
GLOBAL	X	5050001	5060000	-1.4986432792585	9533	2.8964686923609	12.078113432899	6.1266379181854
GLOBAL	X	5060001	5070000	-1.6345776340221	9397	3.5598947946005	14.935863836991	6.9595770831629
GLOBAL	X	5070001	5080000	-1.5370252194728	9422	2.0965549954796	10.130550467728	5.2269770010696
GLOBAL	X	5080001	5090000	-1.6156476073718	9512	2.5724996223318	13.507424158773	6.7681371151409
GLOBAL	X	5090001	5100000	-1.8247094028803	9523	2.0760260434277	13.375367875975	6.1924062070988
GLOBAL	X	5100001	5110000	-1.4783877290579	9439	3.171542527318	11.297874344085	5.4967527510156
GLOBAL	X	5110001	5120000	-1.549027496252	9357	3.2479699054595	14.942640635759	7.549685695442
GLOBAL	X	5120001	5130000	-1.4969020421441	9449	3.9926034603963	15.331260184557	7.5747486508338
GLOBAL	X	5130001	5140000	-1.5996703254364	9221	3.4968048755462	14.41647470133	6.8262001564635
GLOBAL	X	5140001	5150000	-1.7529729223591	9664	2.7870588141546	15.063702147995	7.003327420094
GLOBAL	X	5150001	5160000	-1.7408751194316	9469	3.1143288822299	14.413966864971	6.4907803303147
GLOBAL	X	5160001	5170000	-1.4936722565276	9367	2.7528620879541	14.302120072158	7.7321232510894
GLOBAL	X	5170001	5180000	-1.6496760021705	9745	2.9968164380475	12.986313446968	6.0554296696909
GLOBAL	X	5180001	5190000	-1.2982287593301	9385	4.0003622799426	12.092500977231	6.2332147852467
GLOBAL	X	5190001	5200000	-1.3534924539341	9397	3.5274398489439	11.039325474698	5.5500018518168
GLOBAL	X	5200001	5210000	-1.3097001252546	9436	5.0554675311695	13.376803479455	6.3536192658363
GLOBAL	X	5210001	5220000	-1.1477873301901	9072	5.8025141080098	15.278072730587	8.2555002772228
GLOBAL	X	5220001	5230000	-1.6188249953994	9040	10.698026853211	33.910900086908	14.339334578887
GLOBAL	X	5230001	5240000	-1.608871242365	8941	18.689440604539	60.053609218966	25.710055301643
GLOBAL	X	5240001	5250000	-2.2782358229487	9560	5.3955843384281	50.127375303792	19.63439891287
GLOBAL	X	5250001	5260000	-2.1834453286999	9483	5.9445415012811	67.294165554152	28.097623167602
GLOBAL	X	5260001	5270000	-2.172387317658	9331	3.764143089846	40.394874977153	16.861970970627
GLOBAL	X	5270001	5280000	-2.4268928661332	9322	3.5114419490205	51.298356796507	19.690574526113
GLOBAL	X	5280001	5290000	-2.3894380473111	9593	4.3289817995209	50.514795851978	19.329153189149
GLOBAL	X	5290001	5300000	-1.8738511553374	8981	7.2492539640051	33.512603024865	14.015707163321
GLOBAL	X	5300001	5310000	-2.2143997024585	9201	4.7693263301254	43.511606992311	17.495613198996
GLOBAL	X	5310001	5320000	-2.3854543719568	9423	4.5921599729309	58.438894979159	22.572946956876
GLOBAL	X	5320001	5330000	-2.2737754993834	9583	3.6809065465594	38.307031082449	15.228471124471
GLOBAL	X	5330001	5340000	-1.5820908357403	9796	3.543797488325	13.894600495066	6.542483385221
GLOBAL	X	5340001	5350000	-1.3022972328033	8900	4.6807770769781	13.390386930846	6.6878817173863
GLOBAL	X	5350001	5360000	-1.5020968180778	9270	3.0247071029481	12.5974356652	6.3729104855583
GLOBAL	X	5360001	5370000	-1.702809278255	9409	1.6611454902479	11.688894190761	5.8889441281345
GLOBAL	X	5370001	5380000	-1.5929904085545	9489	3.4019904705232	14.810043672103	7.1614073382469
GLOBAL	X	5380001	5390000	-1.531302519092	9636	4.2072478152563	15.195236823854	7.1755834471647
GLOBAL	X	5390001	5400000	-1.6184809036699	9344	2.4247180882459	11.81811507321	5.8038355371788
GLOBAL	X	5400001	5410000	-1.4389695370562	9288	3.3587816000741	12.340719992744	6.2419239333203
GLOBAL	X	5410001	5420000	-1.5475939437887	9579	3.1317783683318	12.857508943798	6.284420157174
GLOBAL	X	5420001	5430000	-1.3552680744525	9529	4.2238645559262	14.436869396728	7.5357820591531
GLOBAL	X	5430001	5440000	-1.6363464810833	9713	3.6304593493307	15.194571685848	7.0670316282051
GLOBAL	X	5440001	5450000	-1.3527543737587	9635	4.2430057332152	13.772838049995	7.0447617850242
GLOBAL	X	5450001	5460000	-1.504443692761	9122	3.8488155688199	12.855947939835	5.9870185998689
GLOBAL	X	5460001	5470000	-1.3579271477883	8818	5.0824487211335	15.977888231254	8.0235817715749
GLOBAL	X	5470001	5480000	-1.1980435418534	9871	6.8531107556596	15.974267556928	7.6133767117998
GLOBAL	X	5480001	5490000	-1.8032691431899	9803	1.8151807013044	12.596715631341	5.9788828366269
GLOBAL	X	5490001	5500000	-1.5763952686165	9548	3.2618242035467	14.285971747736	6.9932635320995
GLOBAL	X	5500001	5510000	-1.6255445505517	9445	3.4803013846739	13.505977364421	6.1675799511891
GLOBAL	X	5510001	5520000	-1.5585588145126	9760	4.0804136903484	15.3258542187	7.2152814662107
GLOBAL	X	5520001	5530000	-1.4028566400679	9228	2.5826123882353	10.000513610104	5.287711523759
GLOBAL	X	5530001	5540000	-1.5181417531544	9519	11.153881557077	36.503214459872	16.697606037199
GLOBAL	X	5540001	5550000	-1.6896777311578	9522	5.1512515146865	19.869601209244	8.7107437253563
GLOBAL	X	5550001	5560000	-1.3685263406857	9783	4.4109002593957	13.115647670558	6.360672171499
GLOBAL	X	5560001	5570000	-1.5531767708381	9487	4.2026826733185	16.888087914449	8.16739309994
GLOBAL	X	5570001	5580000	-1.5587047154405	9637	4.4462312733961	16.104016095021	7.4791490050314
GLOBAL	X	5580001	5590000	-1.4183403415014	9282	3.7977055138992	13.118704083302	6.5717644042582
GLOBAL	X	5590001	5600000	-1.2120903482532	9165	4.8542757721071	11.819826467277	5.7467256506157
GLOBAL	X	5600001	5610000	-0.92964415138331	9790	7.578616508794	14.684576698122	7.6437421552693
GLOBAL	X	5610001	5620000	-1.6192495918441	9789	3.9119889878561	15.975567404668	7.4501043431317
GLOBAL	X	5620001	5630000	-1.4861145237041	9648	3.1612551271111	12.466791527469	6.2616549747215
GLOBAL	X	5630001	5640000	-1.5455259452663	9598	3.7054096043578	15.067626591078	7.3516831092492
GLOBAL	X	5640001	5650000	-1.5255699682389	9258	2.7046294240676	10.648823510519	5.2073613481145
GLOBAL	X	5650001	5660000	-1.247471998971	9262	2.3370409009834	8.0533154872734	4.5822868898101
GLOBAL	X	5660001	5670000	-1.3805717980021	9576	3.6137753098423	12.599381733398	6.5086121826909
GLOBAL	X	5670001	5680000	-1.1431256986428	9335	5.8017721627647	12.857148385929	6.1720038588415
GLOBAL	X	5680001	5690000	-1.241847055073	9562	6.0978091853941	14.155330289124	6.4883361206312
GLOBAL	X	5690001	5700000	-1.3208061121846	9325	4.8607750470246	13.246638517003	6.3490495634582
GLOBAL	X	5700001	5710000	-0.63522647556407	8443	4.3617460793995	11.142544021095	10.67461480675
GLOBAL	X	5710001	5720000	-1.1406261088285	9246	5.0226470981029	11.950324297412	6.0735741060881
GLOBAL	X	5720001	5730000	-1.0510105779508	9516	6.634652035472	13.377060635071	6.4151672124411
GLOBAL	X	5730001	5740000	-1.421594764054	9187	4.6580934989263	14.155714827188	6.6809625136608
GLOBAL	X	5740001	5750000	-1.1559526199761	9467	5.333276990671	12.207607983795	5.9468968488225
GLOBAL	X	5750001	5760000	-1.4578232167736	9307	5.2575981057433	15.974379440694	7.3512214729771
GLOBAL	X	5760001	5770000	-1.6809154565355	9193	2.966534090064	14.806755974886	7.0439127909656
GLOBAL	X	5770001	5780000	-1.4523741458282	9022	4.0561570470666	14.417049319331	7.1337625377217
GLOBAL	X	5780001	5790000	-1.3846407514029	9479	4.7354478830043	14.805915606401	7.2729823336435
GLOBAL	X	5790001	5800000	-1.3476420876312	9219	3.5955197243629	12.34067440819	6.4892264526989
GLOBAL	X	5800001	5810000	-1.631737282748	9552	2.1456355479648	10.51878549284	5.1314326352672
GLOBAL	X	5810001	5820000	-1.4730217950442	9626	3.235097232918	14.421296732516	7.5940488709893
GLOBAL	X	5820001	5830000	-1.214546553736	9837	3.1640367919489	8.5705971966509	4.4515052865378
GLOBAL	X	5830001	5840000	-1.3838388626176	9872	3.4352223509362	10.77910778289	5.3068934760674
GLOBAL	X	5840001	5850000	-1.4460610440607	9500	3.4736593939644	12.858268222052	6.4897736279063
GLOBAL	X	5850001	5860000	-1.4403885995705	9120	3.0499530397053	12.211237371562	6.3602866161172
GLOBAL	X	5860001	5870000	-1.4638333749723	9355	4.2428762385975	14.286625516368	6.8612653936522
GLOBAL	X	5870001	5880000	-1.5838000131748	9626	2.1613861744765	11.689634524856	6.0160678564964
GLOBAL	X	5880001	5890000	-1.3411357468446	9339	4.833717373725	13.638993680401	6.5655369543258
GLOBAL	X	5890001	5900000	-1.2797794868908	9642	5.4895128585455	14.156315558269	6.7721062796368
GLOBAL	X	5900001	5910000	-1.1810966043745	9363	6.1107374199548	15.213490616502	7.7070352779211
GLOBAL	X	5910001	5920000	-1.3654839849257	9581	3.5073714878555	12.086342161115	6.2827325460913
GLOBAL	X	5920001	5930000	-1.1376478124006	9189	5.0387686038214	12.602531090973	6.6485975753698
GLOBAL	X	5930001	5940000	-1.4312496596044	9251	4.9218538454393	14.285477784016	6.5422715567068
GLOBAL	X	5940001	5950000	-1.1438708840017	9230	7.0424914814526	15.716923889985	7.5834017019346
GLOBAL	X	5950001	5960000	-1.0102508068909	9028	5.3456017659169	11.692657781769	6.2826537455443
GLOBAL	X	5960001	5970000	-0.717958552065	6006	2.7801995350344	8.2630837564231	7.636769846419
GLOBAL	X	5970001	5980000	-0.59083197902463	2958	0.8750389775859	2.1443429668313	2.1483332559975
GLOBAL	X	5980001	5990000	-0.56887853138999	5163	2.2789850707706	4.2916708866082	3.5379887001885
GLOBAL	X	5990001	6000000	-0.98838076907568	5757	0.97958319912486	7.8269862806642	6.9278999508893
GLOBAL	X	6000001	6010000	-0.71043359654946	2742	0.43598689551642	1.4924435979253	1.487059040479
GLOBAL	X	6010001	6020000	-1.0147752715563	6939	5.0415109381524	13.679476270125	8.5121953343669
GLOBAL	X	6020001	6030000	-0.92106267049233	9109	5.9031170576096	12.213353140836	6.8510387896338
GLOBAL	X	6030001	6040000	-1.2724545477632	8746	4.1273998848833	11.862547808894	6.0789188404472
GLOBAL	X	6040001	6050000	-1.0261962058017	9173	4.241201692813	10.038040244497	5.648859856343
GLOBAL	X	6050001	6060000	-1.1468035269136	9361	4.6835746732609	11.430668206677	5.8833909864003
GLOBAL	X	6060001	6070000	-1.3545346214226	8986	3.1184140222369	10.785960359133	5.6606499499022
GLOBAL	X	6070001	6080000	-1.2613540628113	9493	2.9652876097662	8.9610686361505	4.7534480628072
GLOBAL	X	6080001	6090000	-1.316632864667	9305	4.1834497205831	12.208342822069	6.0950119937312
GLOBAL	X	6090001	6100000	-1.3549480824059	9222	3.0866738267451	10.785448408104	5.6819701664797
GLOBAL	X	6100001	6110000	-1.3339718246872	9395	3.8396469652801	11.950191146688	6.0799966171019
GLOBAL	X	6110001	6120000	-1.6473468050125	9224	2.3600024083323	12.338515158854	6.0573236431817
GLOBAL	X	6120001	6130000	-1.3673977277474	9534	4.2219928863563	12.987679819502	6.4104881522553
GLOBAL	X	6130001	6140000	-1.5162329920336	9249	2.7297518904614	13.121200234522	6.8534640775252
GLOBAL	X	6140001	6150000	-1.315034765496	9363	3.610569484056	11.965910878936	6.3537038062478
GLOBAL	X	6150001	6160000	-1.3128555152725	9854	5.343089235655	14.287645146318	6.8130542977584
GLOBAL	X	6160001	6170000	-1.360652807785	9682	3.9985306819771	11.688427125692	5.6516228090786
GLOBAL	X	6170001	6180000	-1.4138299089747	9231	4.0918431323667	13.246341140909	6.4749641738598
GLOBAL	X	6180001	6190000	-1.5343649990688	9184	5.0161134131065	16.623269189052	7.5647944152729
GLOBAL	X	6190001	6200000	-1.4852145920925	9353	3.4908479016544	14.029701201323	7.0958455133551
GLOBAL	X	6200001	6210000	-1.0188423786518	9628	8.8112736444945	16.883922331631	7.9233538536344
GLOBAL	X	6210001	6220000	-1.3618455559454	9330	3.2602698186078	10.64975189745	5.4260793719094
GLOBAL	X	6220001	6230000	-1.6502905575862	9031	2.3147117633495	11.558227418777	5.6011443639037
GLOBAL	X	6230001	6240000	-1.2189641399891	9319	5.6053619138639	14.156404288345	7.0150073279088
GLOBAL	X	6240001	6250000	-1.6427186718082	9502	3.4386954843808	14.290497954014	6.6060017797742
GLOBAL	X	6250001	6260000	-1.2788652580343	9176	4.6468542983929	12.338736787111	6.0146152539491
GLOBAL	X	6260001	6270000	-1.4796720608464	9623	5.7625902075795	17.013112492724	7.6033890095278
GLOBAL	X	6270001	6280000	-1.3877668727761	9378	4.2001449110592	12.72710748219	6.1443767958473
GLOBAL	X	6280001	6290000	-1.429057706454	9368	4.0017801177377	12.597778496347	6.0151513404863
GLOBAL	X	6290001	6300000	-1.6332174441071	9404	3.6949108642938	14.803704019498	6.8017845359699
GLOBAL	X	6300001	6310000	-1.6861312808568	9558	2.6039615694775	13.506607338246	6.4660717066044
GLOBAL	X	6310001	6320000	-1.4389569667942	9450	3.0192371485722	10.909174759972	5.4830949037884
GLOBAL	X	6320001	6330000	-1.445024178569	9744	3.4686041100203	12.858984638478	6.4984245023203
GLOBAL	X	6330001	6340000	-1.3693541733279	9502	3.7241802807184	17.419748823303	10.001480120589
GLOBAL	X	6340001	6350000	-1.6713037014545	9495	2.19647465646	13.638603747763	6.8462297315236
GLOBAL	X	6350001	6360000	-1.4522012785754	9475	3.9369692461515	13.251262704849	6.413913550493
GLOBAL	X	6360001	6370000	-1.3160339902652	9165	4.6536399035906	13.645609894756	6.8326274683482
GLOBAL	X	6370001	6380000	-1.4609807831681	9534	4.7956906175404	14.675053983175	6.7621446356136
GLOBAL	X	6380001	6390000	-1.4590532368009	9413	4.5302631486906	14.422639434042	6.7799968060389
GLOBAL	X	6390001	6400000	-1.261524616915	9359	4.4236861250295	11.68824047168	5.7585513982407
GLOBAL	X	6400001	6410000	-1.5083317561372	9467	2.245364592899	12.34137385952	6.6934938056842
GLOBAL	X	6410001	6420000	-1.4637022302135	8878	2.6140969188551	11.039710731524	5.7563715069562
GLOBAL	X	6420001	6430000	-1.4000358776263	9337	3.366887544298	12.472841120239	6.504085874842
GLOBAL	X	6430001	6440000	-1.5965652825458	9606	2.4748958053369	11.948943072816	5.9340180893649
GLOBAL	X	6440001	6450000	-1.371657215071	9588	3.426676654326	12.472294225437	6.5946633544614
GLOBAL	X	6450001	6460000	-1.2212814100939	9621	4.3251732932209	12.080475008575	6.3501349085117
GLOBAL	X	6460001	6470000	-1.3938028226736	9528	4.1268001531687	17.282465784506	9.4386848823437
GLOBAL	X	6470001	6480000	-0.88647159273623	7642	3.2583630976473	9.6489370842917	7.2090003097776
GLOBAL	X	6480001	6490000	-0.76567036811819	2046	0.41906166317661	2.568102213483	2.8067437892211
GLOBAL	X	6490001	6500000	-0.32721721489757	2358	1.0707972286519	1.5003336249146	1.3126949827415
GLOBAL	X	6500001	6510000	-0.73844885594075	3483	0.55627300234938	2.2521051261871	2.2964787746571
GLOBAL	X	6510001	6520000	-0.80563287197888	5797	1.2701689067857	9.3259572593351	9.9993292636655
GLOBAL	X	6520001	6530000	-0.87019022877485	7640	4.802275488364	17.74202125745	14.870019613188
GLOBAL	X	6530001	6540000	-1.3792352928057	8645	2.6923685961911	11.564015778624	6.4322942058608
GLOBAL	X	6540001	6550000	-1.5336512147636	9438	3.945747554877	15.195618306155	7.3353515082057
GLOBAL	X	6550001	6560000	-1.2632953805455	9335	4.9284880450146	14.680233375206	7.7192915294126
GLOBAL	X	6560001	6570000	-1.4323647609804	9167	2.2244443360828	9.4809834365569	5.0661251227006
GLOBAL	X	6570001	6580000	-1.350398512412	9061	2.8760423956527	10.13147515331	5.3728086123985
GLOBAL	X	6580001	6590000	-1.5141010652173	9560	2.7247630863785	11.299129329906	5.6630078668473
GLOBAL	X	6590001	6600000	-1.3954289717089	9504	4.2679338817955	14.287604880608	7.1803518501856
GLOBAL	X	6600001	6610000	-1.4181537764528	9661	4.6169066901268	14.80720943447	7.1856119650378
GLOBAL	X	6610001	6620000	-1.7348915765329	9695	3.7241661779511	17.273141422037	7.8096956762928
GLOBAL	X	6620001	6630000	-1.5395545627268	9466	3.9917476337676	14.285914471202	6.686457944824
GLOBAL	X	6630001	6640000	-1.5412767984253	9340	3.82828771619	13.635938196632	6.363328436827
GLOBAL	X	6640001	6650000	-1.4849802544539	8990	3.9835924784051	14.158376332057	6.851797404804
GLOBAL	X	6650001	6660000	-1.5200634462632	9464	3.5197293611664	13.768165276841	6.7421106275977
GLOBAL	X	6660001	6670000	-1.6560090916646	9619	3.1529385124535	14.675217468009	6.9578597204279
GLOBAL	X	6670001	6680000	-1.6210403010241	9702	3.1943216476598	14.805911820086	7.1630484233432
GLOBAL	X	6680001	6690000	-1.1822543960534	8824	4.4566811697906	13.023273051696	7.2459801464912
GLOBAL	X	6690001	6700000	-1.3939190393237	9284	4.3162833038554	14.031562950927	6.9697589120999
GLOBAL	X	6700001	6710000	-1.3639367216692	9589	4.2033233670286	12.858102899624	6.3454406609155
GLOBAL	X	6710001	6720000	-1.6251851072008	9369	2.7796509446145	12.596768278313	6.0406148753156
GLOBAL	X	6720001	6730000	-1.1687197181249	9358	3.8298470307974	10.782547457137	5.9489887254535
GLOBAL	X	6730001	6740000	-1.5482090027138	9715	2.8060604192461	12.207904841602	6.0727230017887
GLOBAL	X	6740001	6750000	-1.5617372508921	9473	4.9549164162186	17.013629870068	7.7213458582495
GLOBAL	X	6750001	6760000	-1.4377055672685	9488	4.0038750052116	15.199308229076	7.7870138912621
GLOBAL	X	6760001	6770000	-1.3117980218923	9252	3.3964000526964	13.774739945848	7.9115379959031
GLOBAL	X	6770001	6780000	-1.4815533630238	9328	4.0737199872207	14.54728144776	7.0693109826052
GLOBAL	X	6780001	6790000	-1.4057716366694	9496	2.7401211006952	11.951987528926	6.552889664253
GLOBAL	X	6790001	6800000	-1.4249788519038	9597	3.6006162143944	12.207552785901	6.0400451276925
GLOBAL	X	6800001	6810000	-1.453959053233	9230	4.7878187446677	13.893754181596	6.2628554887296
GLOBAL	X	6810001	6820000	-1.6355665273738	9187	1.9342501626994	11.299051037501	5.7257229944898
GLOBAL	X	6820001	6830000	-1.4934283064267	9325	2.962491671708	11.298420349066	5.5817401086386
GLOBAL	X	6830001	6840000	-1.6487119319249	9724	1.7909643843695	9.9993916355709	4.9786909964422
GLOBAL	X	6840001	6850000	-1.5324607719862	9110	2.5222272898118	11.689143763682	5.9818278167013
GLOBAL	X	6850001	6860000	-1.5426007249301	9270	2.8119417357027	12.209019560535	6.0917110130737
GLOBAL	X	6860001	6870000	-1.5544703787244	9659	4.3434556819017	16.23453128327	7.6495993517268
GLOBAL	X	6870001	6880000	-1.6824034534031	9747	3.007493575952	14.416142595527	6.7811611991751
GLOBAL	X	6880001	6890000	-1.3899480828332	9695	4.8137371249913	14.677854123741	7.0967521165565
GLOBAL	X	6890001	6900000	-1.6958476863516	9673	3.5570156643466	14.933113094425	6.7082070646052
GLOBAL	X	6900001	6910000	-1.5440551617784	9366	3.0356846223598	11.558588229713	5.5198180857322
GLOBAL	X	6910001	6920000	-1.5950989276941	9472	2.8015455405719	13.898966201685	6.9571989977795
GLOBAL	X	6920001	6930000	-1.551941846349	9309	2.9200565937556	12.338461833356	6.0687874753538
GLOBAL	X	6930001	6940000	-1.4415040376538	9182	4.1276363118512	14.676732348715	7.3181175781051
GLOBAL	X	6940001	6950000	-1.6030807609369	9353	3.926167500506	16.495558245531	7.8407720005815
GLOBAL	X	6950001	6960000	-1.7255234674475	9490	3.1533634847986	14.804409191943	6.7521803829072
GLOBAL	X	6960001	6970000	-1.7906550529783	9498	1.857785464639	11.818138912377	5.5624076960949
GLOBAL	X	6970001	6980000	-1.4839805858541	9456	2.4040563409145	11.432434819445	6.0838925822836
GLOBAL	X	6980001	6990000	-1.5317712264104	9726	4.0559619282293	15.715784431652	7.6119868962072
GLOBAL	X	6990001	7000000	-1.4802705756171	9570	4.9946434736186	15.583421866323	7.1532722240937
GLOBAL	X	7000001	7010000	-1.1872854933029	9274	6.1753020034132	19.250605407913	11.012771130662
GLOBAL	X	7010001	7020000	-1.3315044766874	9796	4.2745661052118	12.20774119775	5.9580536388993
GLOBAL	X	7020001	7030000	-1.5189649730342	9523	3.4469853292376	13.247359353001	6.4520079117997
GLOBAL	X	7030001	7040000	-1.4412521996587	8254	3.3184793865022	11.299157792405	5.5373226197282
GLOBAL	X	7040001	7050000	-1.4012476746806	9513	4.111929781368	14.678431449067	7.5407808759487
GLOBAL	X	7050001	7060000	-1.4741281628187	9370	4.3500114826916	13.895061599525	6.4750476638224
GLOBAL	X	7060001	7070000	-1.5768589338686	9607	3.0624939105665	13.50902218333	6.6248971600358
GLOBAL	X	7070001	7080000	-1.4402252730376	9487	4.1791320099649	13.376212318014	6.3858623232262
GLOBAL	X	7080001	7090000	-1.6895647244315	9556	3.0925110578174	15.064382754439	7.0857727576253
GLOBAL	X	7090001	7100000	-1.8457678470348	9528	1.9145677833616	14.15557494278	6.6319321680044
GLOBAL	X	7100001	7110000	-1.2895911022547	9431	5.9788137887443	18.71120061413	9.8731968630398
GLOBAL	X	7110001	7120000	-1.5121178966484	9613	2.7593035848605	11.16817166729	5.560987077177
GLOBAL	X	7120001	7130000	-1.673473563116	9620	2.6366255204175	13.376786395023	6.4178849976019
GLOBAL	X	7130001	7140000	-1.2853707836625	9687	5.5493735704589	14.806403033601	7.2018359066523
GLOBAL	X	7140001	7150000	-1.2252006305959	8198	2.3672828609588	8.8365290632608	5.280152524208
GLOBAL	X	7150001	7160000	-0.8883593051682	8478	4.0504187420943	9.2891148500741	5.8970464737665
GLOBAL	X	7160001	7170000	-1.6794219298894	8990	2.1379081095668	13.63812556577	6.847723762283
GLOBAL	X	7170001	7180000	-1.5742773372549	9101	3.343111490031	13.6374377928	6.5390805413737
GLOBAL	X	7180001	7190000	-1.5551696267533	9633	3.4085844776057	13.377333246806	6.4100716717389
GLOBAL	X	7190001	7200000	-1.1951797433156	9613	5.3702149294323	14.290681771822	7.4637031729165
GLOBAL	X	7200001	7210000	-1.4298587404238	9453	4.0110118094998	13.378013041005	6.5509976382205
GLOBAL	X	7210001	7220000	-1.5942219451359	9574	4.032713350802	15.063725599229	6.919370469139
GLOBAL	X	7220001	7230000	-0.8668292169799	9293	23.803616064586	40.4175744624	19.166357192825
GLOBAL	X	7230001	7240000	-1.0369726711423	9277	21.068999500266	40.689617706854	18.921056217398
GLOBAL	X	7240001	7250000	-1.3927379399854	9529	18.440416431315	40.126046860669	15.570503112439
GLOBAL	X	7250001	7260000	-1.1730199567456	9316	24.876535243179	49.630532042455	21.102792545793
GLOBAL	X	7260001	7270000	-1.1842046543328	9144	22.493142027623	44.423578476315	18.519127051605
GLOBAL	X	7270001	7280000	-1.1621199058473	9333	28.56296857873	54.44092222272	22.267886053567
GLOBAL	X	7280001	7290000	-1.1868238351863	9007	23.528208483558	47.414426864501	20.126170095996
GLOBAL	X	7290001	7300000	-1.3453907972437	9420	21.298713869627	45.713090452546	18.146680230708
GLOBAL	X	7300001	7310000	-1.3736556841849	9432	21.807163120663	46.098564267132	17.683762696969
GLOBAL	X	7310001	7320000	-1.3293067263349	9494	23.617972526133	49.087887881962	19.160299764716
GLOBAL	X	7320001	7330000	-1.3178694741567	9529	21.405136449023	44.809147387015	17.758974918946
GLOBAL	X	7330001	7340000	-1.3218231664002	9272	17.356739414401	37.402293342042	15.165079896604
GLOBAL	X	7340001	7350000	-1.6772143578032	9670	4.5812045375189	18.701117819934	8.4186694543382
GLOBAL	X	7350001	7360000	-1.6277236710788	9295	2.587014975308	12.856935954278	6.3093761929279
GLOBAL	X	7360001	7370000	-1.2656279416092	8989	3.2133718824032	11.17183267257	6.2881519351158
GLOBAL	X	7370001	7380000	-1.5245702330077	9606	2.4078435152062	12.86423451292	6.8585826820749
GLOBAL	X	7380001	7390000	-1.6296166247321	9509	2.6155385550089	12.208367275053	5.8865555091037
GLOBAL	X	7390001	7400000	-1.7798557795671	9682	3.5776368050144	18.832468816638	8.5708247751024
GLOBAL	X	7400001	7410000	-1.7540508215071	9199	1.9394190539537	12.988194508481	6.299005319033
GLOBAL	X	7410001	7420000	-1.5718577341902	9311	3.1081063354168	14.028466545829	6.9474227678996
GLOBAL	X	7420001	7430000	-1.4680777388085	9208	3.1159190288819	12.470396702836	6.3719225669527
GLOBAL	X	7430001	7440000	-1.4621239379687	8870	3.6726104112344	12.728678918557	6.1937762402712
GLOBAL	X	7440001	7450000	-1.4043973580544	9301	2.8710899227176	13.399510431376	7.4967532858678
GLOBAL	X	7450001	7460000	-1.5239074401458	9070	3.8373352379226	14.026926138004	6.6864893704481
GLOBAL	X	7460001	7470000	-1.3244395892653	9056	2.8624536330309	11.184025653624	6.2830891556247
GLOBAL	X	7470001	7480000	-1.6008509982259	9407	4.194642300094	14.933413457766	6.7081640762153
GLOBAL	X	7480001	7490000	-1.2751295779641	9488	3.9771923178553	11.949295782789	6.2519947797478
GLOBAL	X	7490001	7500000	-1.6317418356468	9368	2.6006959313756	13.645502369925	6.7687217409432
GLOBAL	X	7500001	7510000	-1.3554388165551	9150	3.0964607323999	10.650922428036	5.5734435249804
GLOBAL	X	7510001	7520000	-1.5044160166147	9693	3.8143351413971	13.898061316071	6.7027511428421
GLOBAL	X	7520001	7530000	-1.5755484973448	9515	2.7706463618809	12.077676166247	5.9071680878446
GLOBAL	X	7530001	7540000	-1.5274917149234	9453	3.481006253678	14.416525136803	7.1591346625884
GLOBAL	X	7540001	7550000	-1.6649235759125	9167	1.6841667374482	9.9993374961894	4.9943257931127
GLOBAL	X	7550001	7560000	-1.5342480362337	9234	4.3583268643848	16.107487230013	7.6579275893812
GLOBAL	X	7560001	7570000	-1.4301597450023	9297	3.9530042215465	13.378151209151	6.5902756811192
GLOBAL	X	7570001	7580000	-1.6414263005241	9265	2.6040334111992	12.727628439419	6.1675598989656
GLOBAL	X	7580001	7590000	-1.648498922242	9440	2.1157678791865	11.168583318761	5.4915507177052
GLOBAL	X	7590001	7600000	-1.5565454974637	9416	2.3247293084368	11.95084289286	6.184280254004
GLOBAL	X	7600001	7610000	-1.5807305215622	9354	2.3583002213048	12.605650925005	6.4826677057978
GLOBAL	X	7610001	7620000	-1.4952025841697	9258	3.2102138442524	12.078354007875	5.9310626248998
GLOBAL	X	7620001	7630000	-1.7521436768804	9394	1.7223354724426	11.558362866262	5.6137105213495
GLOBAL	X	7630001	7640000	-1.4182516280015	9542	3.2627446178876	12.208955629911	6.3079152072823
GLOBAL	X	7640001	7650000	-1.3496964415278	9263	3.6519922394718	12.470828343561	6.5339403978175
GLOBAL	X	7650001	7660000	-1.303094094711	9635	5.7767641714692	15.065553276797	7.1282566186354
GLOBAL	X	7660001	7670000	-1.4809034140705	9698	2.940194097702	11.949523531029	6.0836711886321
GLOBAL	X	7670001	7680000	-1.5142428130685	9546	2.7667459483425	12.208887273439	6.235553006167
GLOBAL	X	7680001	7690000	-1.4865661447456	9592	3.4444757186369	13.511236933671	6.771821927074
GLOBAL	X	7690001	7700000	-1.3301936481086	8699	1.8229331685789	11.223931401784	7.0673907115494
GLOBAL	X	7700001	7710000	-0.56874953361013	4360	2.5173945458615	5.9023748999306	5.9516186898351
GLOBAL	X	7710001	7720000	-1.0073662028172	8077	3.2312059726739	8.8576640695791	5.5853155299136
GLOBAL	X	7720001	7730000	-1.5881973869758	9588	3.0343467915523	13.117564054706	6.3488438816498
GLOBAL	X	7730001	7740000	-1.5473428176168	9590	2.0095302933262	10.000821564007	5.1645253913342
GLOBAL	X	7740001	7750000	-1.6380482953141	9881	2.7846987866457	12.986100992438	6.2277786527873
GLOBAL	X	7750001	7760000	-1.7059878156269	9165	1.8442716516632	11.688812122841	5.7705807632399
GLOBAL	X	7760001	7770000	-1.5021324403433	9242	2.5537695798313	11.299050847683	5.8219109267442
GLOBAL	X	7770001	7780000	-1.4116483580794	9692	3.6305455483493	13.908810865013	7.2810379850175
GLOBAL	X	7780001	7790000	-1.7724868707126	9684	2.8726069675848	14.543160089598	6.5842818442549
GLOBAL	X	7790001	7800000	-1.3133141712292	9332	3.3779564598016	12.60700318426	7.0272954686999
GLOBAL	X	7800001	7810000	-1.5988522026135	9008	2.8916265146632	14.24279515053	7.0995734423181
GLOBAL	X	7810001	7820000	-1.5237592080247	8781	2.1187086691602	11.465165496315	6.133814829753
GLOBAL	X	7820001	7830000	-1.1238763723854	7703	2.4610176368069	10.27982102918	6.9569959690294
GLOBAL	X	7830001	7840000	-1.4957011028155	9285	2.7999804602082	11.819324746212	6.0301782682553
GLOBAL	X	7840001	7850000	-1.5933731486318	9502	3.6887570641023	13.89601701505	6.4060700154968
GLOBAL	X	7850001	7860000	-1.586461020864	9531	1.9652362515352	16.400175160946	9.0988298606598
GLOBAL	X	7860001	7870000	-1.3909556152026	9465	1.7615884886694	9.4885319808671	5.5551330378521
GLOBAL	X	7870001	7880000	-1.3601489969465	9536	3.9945403227231	12.07726771618	5.9425308636056
GLOBAL	X	7880001	7890000	-1.5386121556034	9517	2.6425573350129	13.378435839639	6.9776379092855
GLOBAL	X	7890001	7900000	-1.7914871318584	9554	2.1690008219491	13.895907360524	6.545906096691
GLOBAL	X	7900001	7910000	-1.6296696661933	9417	2.0685443379954	11.298628707604	5.6637762615836
GLOBAL	X	7910001	7920000	-1.4575547392255	9276	3.7588413543044	13.772545711825	6.8702080875819
GLOBAL	X	7920001	7930000	-1.7076662253406	9222	2.1376105878063	12.829629009371	6.2611874984131
GLOBAL	X	7930001	7940000	-1.4705577731664	9453	2.6689734340833	9.6090313578682	4.7193371456883
GLOBAL	X	7940001	7950000	-1.5024500782515	9183	2.7686954123779	11.038995979005	5.5045426708961
GLOBAL	X	7950001	7960000	-1.6519879099983	9682	2.1277206185187	12.208287377951	6.1020826474711
GLOBAL	X	7960001	7970000	-1.6316293806865	9643	2.9790352934096	15.456583937866	7.6472934308193
GLOBAL	X	7970001	7980000	-1.7075155100695	9861	2.3246705410015	13.116523539364	6.3202078896041
GLOBAL	X	7980001	7990000	-1.41869071969	9810	2.0710156201845	8.8314771429785	4.7652821217236
GLOBAL	X	7990001	8000000	-1.6416258068255	9679	3.2872679820354	15.067367254067	7.1758735901037
GLOBAL	X	8000001	8010000	-1.6270385272522	9500	2.6552116810993	12.337017246145	5.9505693337189
GLOBAL	X	8010001	8020000	-1.5846052651467	9425	2.3560530105303	12.208515447617	6.2176130887549
GLOBAL	X	8020001	8030000	-1.6753740753792	9672	1.7748718062307	12.209086818783	6.2279912085846
GLOBAL	X	8030001	8040000	-1.5657084505041	9121	2.1879451912637	10.778784751181	5.4868705327299
GLOBAL	X	8040001	8050000	-1.7544252897647	9311	3.1356046619988	14.803182173402	6.6503701123507
GLOBAL	X	8050001	8060000	-1.5815513684022	9157	2.9569156172944	12.467522185991	6.0134667508812
GLOBAL	X	8060001	8070000	-1.4558870000746	9393	3.2082748984641	11.818228741577	5.9138888132605
GLOBAL	X	8070001	8080000	-1.4301376520236	9077	2.3036957461146	9.8711279030018	5.2914012481102
GLOBAL	X	8080001	8090000	-1.5752322529664	9408	3.6457146029059	13.636074313967	6.3421503033904
GLOBAL	X	8090001	8100000	-1.502411197222	9464	3.4201688040089	12.727279196809	6.1947823671769
GLOBAL	X	8100001	8110000	-1.7717178270281	9725	2.0586934628707	13.246829672351	6.3148521953112
GLOBAL	X	8110001	8120000	-1.7896250862545	9536	1.9407216029856	13.375516851106	6.3894920427454
GLOBAL	X	8120001	8130000	-0.90377520504059	9237	14.223030809333	24.817355384313	11.72230054099
GLOBAL	X	8130001	8140000	-0.92383085461829	9095	15.94948295411	26.366446167793	11.275833840804
GLOBAL	X	8140001	8150000	-0.75743896900599	9763	44.984572373588	64.054046553587	25.176251764581
GLOBAL	X	8150001	8160000	-0.65988188558225	9899	49.612282182222	66.360197185635	25.380170859873
GLOBAL	X	8160001	8170000	-0.66865270668126	9562	46.307406710863	63.91561642054	26.333864401855
GLOBAL	X	8170001	8180000	-0.765244245035	9361	28.135077385505	40.648578709934	16.352297198729
GLOBAL	X	8180001	8190000	-1.3447190327642	9154	8.8869460049572	22.598719252195	10.196757027415
GLOBAL	X	8190001	8200000	-1.4420035613588	9255	3.6903155930054	12.59696138543	6.1765768345483
GLOBAL	X	8200001	8210000	-1.5452955270358	8426	2.754189792954	13.018277088627	6.6421516894971
GLOBAL	X	8210001	8220000	-1.5958439318951	8884	2.3529003195548	11.429768668261	5.6878170648725
GLOBAL	X	8220001	8230000	-1.6157714707258	9505	3.408676325518	13.764859957356	6.4094358759697
GLOBAL	X	8230001	8240000	-1.5864012300274	9327	3.1075116445818	14.677565823398	7.2932710589336
GLOBAL	X	8240001	8250000	-1.5342670007219	9451	2.3728126235502	10.649506850962	5.39455924133
GLOBAL	X	8250001	8260000	-1.7283415973639	8797	8.4335683272275	30.131844113287	12.554390763466
GLOBAL	X	8260001	8270000	-1.6433610991821	9134	12.803397760059	39.355370858456	16.157114289496
GLOBAL	X	8270001	8280000	-1.66644525695	8670	12.024696360114	39.877279397622	16.713770177176
GLOBAL	X	8280001	8290000	-1.7524781916354	9726	21.509516723366	64.805953489123	24.705834841432
GLOBAL	X	8290001	8300000	-1.7399098037685	9357	13.76464082985	47.408190102226	19.336375483089
GLOBAL	X	8300001	8310000	-1.7814115751441	9297	13.605346435951	45.583118995123	17.950805420463
GLOBAL	X	8310001	8320000	-1.8158138936586	9496	12.224965738645	43.766553370755	17.370495810316
GLOBAL	X	8320001	8330000	-1.357798693305	9468	15.458754417312	39.084343355681	17.399920220031
GLOBAL	X	8330001	8340000	-1.651389048855	9353	12.760927411126	40.658293778789	16.893273203554
GLOBAL	X	8340001	8350000	-1.6751520314908	9405	14.140726009466	48.333034488968	20.411465847116
GLOBAL	X	8350001	8360000	-1.6958281662377	8961	12.11079810908	38.056243601506	15.299572214317
GLOBAL	X	8360001	8370000	-1.0200285847323	9310	20.13440621709	36.111230691621	15.66311445941
GLOBAL	X	8370001	8380000	-1.114732585179	9471	14.512477686526	27.797011389547	11.917238160655
GLOBAL	X	8380001	8390000	-0.82211911083974	9598	23.706650347448	36.8897229861	16.035477663555
GLOBAL	X	8390001	8400000	-0.90736534640984	9459	22.492040847091	35.32419660249	14.142214937094
GLOBAL	X	8400001	8410000	-0.91030263717988	9538	20.333148108988	32.731313720889	13.619828291733
GLOBAL	X	8410001	8420000	-0.89424375823795	9212	20.343815334229	32.599529125788	13.705115276072
GLOBAL	X	8420001	8430000	-0.63737668656637	9477	41.742883848684	55.846871078387	22.128181853783
GLOBAL	X	8430001	8440000	-0.94172025572029	9540	12.812812061879	25.223629674874	13.178879330256
GLOBAL	X	8440001	8450000	-0.82566533128501	9085	20.559901127156	32.21970112634	14.121702289519
GLOBAL	X	8450001	8460000	-0.8152402681255	9302	21.345745427075	33.384013312261	14.766527557411
GLOBAL	X	8460001	8470000	-0.8006172651146	9110	15.890747419706	25.856182661092	12.447190031505
GLOBAL	X	8470001	8480000	-0.73352249914545	9660	28.029273989817	40.653880982582	17.210933553467
GLOBAL	X	8480001	8490000	-0.94776317707056	9472	17.475868313006	28.830657959829	11.980619126732
GLOBAL	X	8490001	8500000	-1.6978198925535	9717	1.6315640635232	12.079062617064	6.1534787048747
GLOBAL	X	8500001	8510000	-1.8185301694086	9392	4.793956665872	22.077475193124	9.5041142665633
GLOBAL	X	8510001	8520000	-1.7547221111331	9613	15.520902281305	48.439212020206	18.759842102659
GLOBAL	X	8520001	8530000	-1.6862270973568	9187	12.609229530377	40.784754085628	16.709211113626
GLOBAL	X	8530001	8540000	-1.5676412920815	9408	9.1519957807659	30.654420139656	13.716418716133
GLOBAL	X	8540001	8550000	-1.3507945820922	9296	7.9420624510166	21.439630859564	9.9923175496017
GLOBAL	X	8550001	8560000	-1.5507450397221	9563	2.6215886827442	12.079339825289	6.0988433948109
GLOBAL	X	8560001	8570000	-1.3422296158219	9556	3.3036494467176	11.039363801568	5.7633315966683
GLOBAL	X	8570001	8580000	-1.2100910410426	9384	4.0617196585342	11.03999332532	5.7667344274969
GLOBAL	X	8580001	8590000	-1.6008355887793	9400	2.1084756622858	11.429099153492	5.8223490010696
GLOBAL	X	8590001	8600000	-1.3617518984491	9645	3.1820747256647	11.171032607405	5.8666765148916
GLOBAL	X	8600001	8610000	-1.5976951964693	9861	2.568559244244	11.42767479326	5.5449347088188
GLOBAL	X	8610001	8620000	-1.5919078525673	9777	3.1311410259645	12.725882413125	6.027196468493
GLOBAL	X	8620001	8630000	-1.3235242764097	9668	2.6472194974514	8.3110908214616	4.2793860490224
GLOBAL	X	8630001	8640000	-1.6692497966299	9665	18.317800864493	54.023490137835	21.390261269122
GLOBAL	X	8640001	8650000	-1.6028578126567	8706	7.7917730184673	25.066582011947	10.777505563545
GLOBAL	X	8650001	8660000	-1.6974322004931	9190	15.274486270791	46.494499310466	18.392494869961
GLOBAL	X	8660001	8670000	-1.6333614511811	8917	10.866816420479	32.595854137896	13.303263464253
GLOBAL	X	8670001	8680000	-1.6629735700994	9228	13.710515292458	44.808329356571	18.70012525951
GLOBAL	X	8680001	8690000	-1.8130875560637	9448	14.486542087685	48.181014329051	18.58402928677
GLOBAL	X	8690001	8700000	-1.3101074626321	9392	3.3161442561288	11.822601821193	6.4929464243902
GLOBAL	X	8700001	8710000	-1.4787568812456	9262	3.3789278499256	12.077705594512	5.8824935017441
GLOBAL	X	8710001	8720000	-1.460644482067	9216	3.4771135183643	12.727965770012	6.333404442508
GLOBAL	X	8720001	8730000	-1.4501346848432	9500	3.4778849572975	13.509683652768	6.9178392878415
GLOBAL	X	8730001	8740000	-1.6613969489565	9190	2.699930339676	14.028799198414	6.8188814634901
GLOBAL	X	8740001	8750000	-1.2753236346824	9299	4.0773961471126	11.560055080368	5.8672628106034
GLOBAL	X	8750001	8760000	-1.3615056869073	9567	2.9828647230148	11.039535643423	5.917471368562
GLOBAL	X	8760001	8770000	-1.2648603937479	9481	4.8349065488147	12.858920615931	6.3437942296073
GLOBAL	X	8770001	8780000	-1.5774147493507	9625	2.4846602203379	14.032172982729	7.320530486446
GLOBAL	X	8780001	8790000	-1.5000972162819	9276	3.4433033178234	12.469252775788	6.0169096775851
GLOBAL	X	8790001	8800000	-1.2836578159866	9108	5.37225868765	13.636159472246	6.4377754582862
GLOBAL	X	8800001	8810000	-1.6276135153768	9252	10.894467988946	33.899476160167	14.134195835733
GLOBAL	X	8810001	8820000	-1.6530199807852	9575	12.165807243668	41.180167077183	17.552334618323
GLOBAL	X	8820001	8830000	-1.6832875358101	9590	11.631657096313	37.4014508569	15.309204881734
GLOBAL	X	8830001	8840000	-1.5347849086219	8609	12.590145269098	34.937968496734	14.560882832567
GLOBAL	X	8840001	8850000	-1.5647062974712	9362	8.7366775617522	26.757506570431	11.517068115469
GLOBAL	X	8850001	8860000	-1.564880783322	9479	9.3510753179514	28.836442612247	12.451662453757
GLOBAL	X	8860001	8870000	-1.5548062935714	9475	14.939021286596	43.254445435674	18.211544593145
GLOBAL	X	8870001	8880000	-1.5624917349417	9454	15.659810506268	48.592332094335	21.076925305654
GLOBAL	X	8880001	8890000	-1.3770312037051	9698	7.4337068990811	19.48209849288	8.749541449301
GLOBAL	X	8890001	8900000	-1.3223684614582	9167	4.1097091367127	11.947909290724	5.9273949602275
GLOBAL	X	8900001	8910000	-1.5797079680724	9325	2.5351928337597	13.644053114507	7.0322239966304
GLOBAL	X	8910001	8920000	-1.3682835864411	9194	5.4738348155547	16.628188999011	8.1520777520016
GLOBAL	X	8920001	8930000	-1.706113378982	9269	2.0782474207877	13.63786008457	6.7754070779749
GLOBAL	X	8930001	8940000	-1.6422523949495	9346	8.5474020685873	28.3136669169	12.0360700396
GLOBAL	X	8940001	8950000	-1.6349745710108	9449	9.6703418777625	32.479418215459	13.95072237949
GLOBAL	X	8950001	8960000	-1.670846991711	9119	2.7418775198662	13.635865016521	6.5200389686781
GLOBAL	X	8960001	8970000	-1.2863217443147	9215	11.551364432086	27.538173390767	12.428312768046
GLOBAL	X	8970001	8980000	-1.081250423569	8891	20.969764587175	38.842333301871	16.529536844669
GLOBAL	X	8980001	8990000	-1.6484447127591	9208	13.769289505684	48.074547367313	20.810681484253
GLOBAL	X	8990001	9000000	-1.6992129822055	9446	14.423862413539	50.015034500303	20.94568041763
GLOBAL	X	9000001	9010000	-1.6674189361185	9514	9.5456486745272	31.690915660685	13.281165582603
GLOBAL	X	9010001	9020000	-0.89084626734906	7294	2.3951732659039	10.338133565001	8.9161964193139
GLOBAL	X	9020001	9030000	-1.5186944208152	9234	2.2308918883684	11.299596978658	5.9713823702746
GLOBAL	X	9030001	9040000	-1.3729175336411	9547	3.6094131600502	12.07923618047	6.1692146927116
GLOBAL	X	9040001	9050000	-1.7719246974149	9334	11.246718398926	38.959928976214	15.640173997078
GLOBAL	X	9050001	9060000	-1.7764726019207	9339	11.726669655871	41.821006609755	16.940501599263
GLOBAL	X	9060001	9070000	-1.7642006789631	9445	11.723470406714	43.390539406886	17.949811139844
GLOBAL	X	9070001	9080000	-1.6660561554924	9307	13.719180164738	44.423225378371	18.429177859589
GLOBAL	X	9080001	9090000	-1.801507250182	9112	10.471690963684	39.488001061866	16.106685163355
GLOBAL	X	9090001	9100000	-1.5760850144287	8959	5.1326840492786	22.21682732908	10.83960771367
GLOBAL	X	9100001	9110000	-1.4624441067063	9205	2.7680427853667	11.559597103276	6.0115489389265
GLOBAL	X	9110001	9120000	-1.512431796793	9296	2.3328743726548	10.910515776659	5.6714236120882
GLOBAL	X	9120001	9130000	-1.3818085741245	9192	2.4362132322978	11.056601130522	6.2384819863243
GLOBAL	X	9130001	9140000	-1.6693108942912	9334	1.9864560626381	11.694186109569	5.8154116648549
GLOBAL	X	9140001	9150000	-1.595805535497	9589	2.582615383397	12.727661877493	6.3573200295589
GLOBAL	X	9150001	9160000	-1.674414598052	9204	2.4738648007051	13.249044221505	6.4351919968544
GLOBAL	X	9160001	9170000	-1.4251126204598	9795	5.1177557437686	23.79351785431	13.104762278027
GLOBAL	X	9170001	9180000	-1.4836578201641	9563	3.1941978883578	14.031744181907	7.304613062566
GLOBAL	X	9180001	9190000	-1.3607395636789	9284	5.0944346267958	14.28637857853	6.7551089106888
GLOBAL	X	9190001	9200000	-1.3079989894948	9521	5.6920542853354	14.675489805146	6.8680752752572
GLOBAL	X	9200001	9210000	-1.7605899223899	9664	2.7443759573465	14.804301382887	6.8499343726616
GLOBAL	X	9210001	9220000	-1.7008960709025	9274	3.1335326340738	14.935078006708	6.9384282640929
GLOBAL	X	9220001	9230000	-1.6732757483999	9807	3.6394851227506	15.973130296802	7.3709579463193
GLOBAL	X	9230001	9240000	-1.4961237150066	9467	3.7827839340361	14.547265065788	7.1949137787073
GLOBAL	X	9240001	9250000	-1.4305413435354	9286	3.3889981381147	12.36433654487	6.2740852945738
GLOBAL	X	9250001	9260000	-1.3750967618878	6719	2.2438521005708	8.6208460776026	4.637487450903
GLOBAL	X	9260001	9270000	-1.5936470178079	9284	2.9443727832038	13.247211219922	6.4649438185437
GLOBAL	X	9270001	9280000	-1.5279953499362	8940	2.0682671235295	9.4796999214098	4.8504288957356
GLOBAL	X	9280001	9290000	-1.5924101832961	9663	2.9622119172095	15.587180161602	7.9282137082674
GLOBAL	X	9290001	9300000	-1.4494277966057	8658	3.3370860906622	14.291213120526	7.5575527497931
GLOBAL	X	9300001	9310000	-1.5648996506	9417	3.9208898422383	17.163500214986	8.4622744772612
GLOBAL	X	9310001	9320000	-1.5509932130039	9519	2.9794397003091	17.300081307533	9.2332071392421
GLOBAL	X	9320001	9330000	-1.7905689451615	9577	3.197781219784	17.27243372013	7.8604359460037
GLOBAL	X	9330001	9340000	-1.3328125133926	9391	3.7977113285729	12.599528618694	6.6039425663228
GLOBAL	X	9340001	9350000	-1.6401315910463	9622	2.0671983720182	12.338409084021	6.2624308732756
GLOBAL	X	9350001	9360000	-1.3669814447771	9536	4.3541765237699	13.897966484589	6.9816528946195
GLOBAL	X	9360001	9370000	-1.6460792046701	9102	3.4944785478325	16.885575965799	8.135147676961
GLOBAL	X	9370001	9380000	-1.6200187461942	9379	3.8790351731542	17.408248001705	8.3512693049594
GLOBAL	X	9380001	9390000	-1.7677953923957	9757	1.8400066526834	14.547177444304	7.1881456679215
GLOBAL	X	9390001	9400000	-1.5720842812279	9882	2.6154244987453	12.339944771791	6.1857499557528
GLOBAL	X	9400001	9410000	-1.598342049173	9632	2.3493611522247	12.207798423078	6.1679146062345
GLOBAL	X	9410001	9420000	-1.5156530200511	9618	3.1453549833908	12.077620958161	5.8933448860669
GLOBAL	X	9420001	9430000	-1.6559432567458	9074	2.2181507167899	12.20831378446	6.0329138857707
GLOBAL	X	9430001	9440000	-1.6254794148586	9630	2.5311574565191	14.287452489709	7.2325093296935
GLOBAL	X	9440001	9450000	-1.4011253814133	8806	2.3343224930851	11.425649023144	6.488588851976
GLOBAL	X	9450001	9460000	-1.5836997453507	9408	2.2940601093657	10.778701329213	5.3574809522802
GLOBAL	X	9460001	9470000	-1.6813076928035	9445	1.5317208076716	9.7396819457317	4.8818911453225
GLOBAL	X	9470001	9480000	-1.7217626289947	9742	1.5935504956858	11.038073837924	5.4853806112358
GLOBAL	X	9480001	9490000	-1.6162207742871	9462	3.3602353295147	14.807476274542	7.0827210781745
GLOBAL	X	9490001	9500000	-1.7167745210086	9594	2.5818561267222	12.726208232169	5.9089600767651
GLOBAL	X	9500001	9510000	-1.7431189843775	9395	2.4588276137268	14.1567767202	6.7109297823697
GLOBAL	X	9510001	9520000	-1.6437555372401	9245	2.921624746076	13.376434094582	6.3603188622922
GLOBAL	X	9520001	9530000	-1.6130543937154	9250	2.8903228125712	12.988131264226	6.2600545220278
GLOBAL	X	9530001	9540000	-1.4147879212025	9624	4.2705976792214	15.847409767795	8.1827190599238
GLOBAL	X	9540001	9550000	-1.4601302585114	9681	2.9007600696105	16.506906901764	9.3184472774537
GLOBAL	X	9550001	9560000	-1.6899866460393	9590	2.722930825519	15.84811404385	7.7664419710601
GLOBAL	X	9560001	9570000	-1.6608560266971	9499	2.4664680270448	13.636678213954	6.7255740457665
GLOBAL	X	9570001	9580000	-1.6675347501758	9231	3.1081981803634	14.41595360292	6.7811213057869
GLOBAL	X	9580001	9590000	-1.6954737043159	9425	2.5511434411738	14.287171405672	6.9219758080729
GLOBAL	X	9590001	9600000	-1.4430165718694	9367	1.9826698638864	11.043384281362	6.2790092602592
GLOBAL	X	9600001	9610000	-1.4848025836067	9376	3.1959032473486	11.948335028012	5.8946770953234
GLOBAL	X	9610001	9620000	-1.5242022149619	9634	2.3266712434521	9.9997905381048	5.0341872091063
GLOBAL	X	9620001	9630000	-1.9134512827559	9672	2.5494741288663	15.453152880251	6.7436672507282
GLOBAL	X	9630001	9640000	-1.5711418377051	9498	3.0379295919184	12.987004376136	6.3323848588681
GLOBAL	X	9640001	9650000	-1.5570828797186	9574	3.5334426888148	13.765597872094	6.571361946468
GLOBAL	X	9650001	9660000	-1.4256204027752	9533	2.4606769389638	10.520860012906	5.6538073236408
GLOBAL	X	9660001	9670000	-1.6603180058217	8825	1.2387095731671	10.391281596203	5.5125415679062
GLOBAL	X	9670001	9680000	-1.6559483679647	9461	3.0938846949563	13.245601595021	6.1304549685582
GLOBAL	X	9680001	9690000	-1.675329632425	9728	2.2353574227724	13.637180400723	6.8057191595464
GLOBAL	X	9690001	9700000	-1.5133921715147	9378	3.6612574259513	14.025814159051	6.8485597640734
GLOBAL	X	9700001	9710000	-1.7538492404139	9352	3.0266360829779	15.584346079039	7.1600852038442
GLOBAL	X	9710001	9720000	-1.6787966164326	9566	1.9237116382205	11.55893484789	5.7393630147671
GLOBAL	X	9720001	9730000	-1.4979518188856	9001	4.6884687051728	18.056571268934	8.9242540348905
GLOBAL	X	9730001	9740000	-1.5769158687594	9102	3.2866671239347	14.548576821653	7.1417314777725
GLOBAL	X	9740001	9750000	-1.3467110429531	9249	4.9549940840462	15.06786619873	7.509311049019
GLOBAL	X	9750001	9760000	-1.4590766419364	9486	3.421017851388	11.037660498702	5.2201799606671
GLOBAL	X	9760001	9770000	-1.5818877146564	9122	1.7045721827902	11.825047994128	6.3977207216225
GLOBAL	X	9770001	9780000	-1.562100263568	9409	3.7906167478879	15.85368537675	7.7223395387625
GLOBAL	X	9780001	9790000	-1.5700060553317	9012	2.3992564542788	11.951129754682	6.0839722674735
GLOBAL	X	9790001	9800000	-1.6645767487453	9834	3.5565827566571	14.67428739012	6.6789979145409
GLOBAL	X	9800001	9810000	-1.4957039668432	8550	2.493273622259	11.821948567508	6.236979477254
GLOBAL	X	9810001	9820000	-1.0378594140576	8044	1.9363431081492	8.3695859667114	6.1985686803289
GLOBAL	X	9820001	9830000	-1.6519194991718	9187	2.7996842721369	13.507807109554	6.4822304251422
GLOBAL	X	9830001	9840000	-1.453923380872	9756	3.7597566388282	14.026917111321	7.0616929389602
GLOBAL	X	9840001	9850000	-1.683012979907	9815	2.1671538647829	12.078001215515	5.8887527719954
GLOBAL	X	9850001	9860000	-1.6874518633566	9568	3.8007672166922	16.233290981764	7.3676316551878
GLOBAL	X	9860001	9870000	-1.7612255605026	9283	2.0232302613828	13.116818174899	6.2987888447125
GLOBAL	X	9870001	9880000	-1.5209241340616	8868	2.9014580074004	12.339520309428	6.2054786893438
GLOBAL	X	9880001	9890000	-1.5275187175077	9649	3.2006667921851	13.638643539722	6.8332889331579
GLOBAL	X	9890001	9900000	-1.5845890779523	9474	3.2723239156686	14.417384752089	7.0334075827548
GLOBAL	X	9900001	9910000	-1.6517547525683	9400	1.7610195681305	12.079723712769	6.2471163643359
GLOBAL	X	9910001	9920000	-1.592541389405	9172	3.2811427930925	13.898033566181	6.6666341256316
GLOBAL	X	9920001	9930000	-1.5812864199708	8646	2.1445596963926	11.063790196913	5.6404901653963
GLOBAL	X	9930001	9940000	-1.7009743762135	9653	3.5691321552762	16.884138774127	7.8278701931368
GLOBAL	X	9940001	9950000	-1.5003326593826	9637	2.639775585636	10.779299837064	5.4251463503948
GLOBAL	X	9950001	9960000	-1.5547118839836	9451	4.0686209723369	15.585004267396	7.4074067444259
GLOBAL	X	9960001	9970000	-1.5922712640226	9525	2.1996767850294	11.298276125598	5.7142269324022
GLOBAL	X	9970001	9980000	-1.7661664501433	9613	2.7257565010422	13.504316765644	6.102799803341
GLOBAL	X	9980001	9990000	-1.7691874149773	9667	1.9453563171887	14.156983638902	6.9023932785945
GLOBAL	X	9990001	10000000	-1.7358865482238	9704	1.5033893119383	9.0890359207921	4.3698976852006
GLOBAL	X	10000001	10010000	-1.4391869884241	9154	3.0467120803231	11.039323144357	5.5535598419953
GLOBAL	X	10010001	10020000	-1.6532458497262	8946	1.2446350028312	9.7424622029128	5.1400868185992
GLOBAL	X	10020001	10030000	-1.2218660741836	7719	2.5573598244387	8.8393212075533	5.1412847249334
GLOBAL	X	10030001	10040000	-0.92732890103418	7121	2.2122680334872	8.4885106805763	6.7680869647109
GLOBAL	X	10040001	10050000	-1.4129739043732	9487	4.0717018350152	14.419671209844	7.3235389151923
GLOBAL	X	10050001	10060000	-1.491190405299	9675	3.2602350116774	13.117535182166	6.6103564879847
GLOBAL	X	10060001	10070000	-1.4101488061355	9299	3.9353816245115	17.221342478086	9.4216729438538
GLOBAL	X	10070001	10080000	-1.6266287185741	9590	2.5670105123272	12.856800816719	6.3258383347689
GLOBAL	X	10080001	10090000	-1.6712913279602	9208	2.1721538982062	12.728717564341	6.3164114415765
GLOBAL	X	10090001	10100000	-1.6197870305261	9282	2.0435890746351	11.559100215275	5.8745445921675
GLOBAL	X	10100001	10110000	-1.6672977512072	9191	1.1290203950737	11.17239831291	6.0237458549709
GLOBAL	X	10110001	10120000	-1.6512165734274	9593	2.2300103744384	10.907866171617	5.2554316234643
GLOBAL	X	10120001	10130000	-1.6229338872507	9795	3.307276542801	15.325036607536	7.4049597208755
GLOBAL	X	10130001	10140000	-1.5494093070578	9277	1.705644932407	10.813492172442	5.878270640655
GLOBAL	X	10140001	10150000	-1.5226285650995	9521	3.2800024455482	13.898563640147	6.9738355354614
GLOBAL	X	10150001	10160000	-1.6227387883017	9529	2.3212222672374	12.598886455856	6.3335296245521
GLOBAL	X	10160001	10170000	-1.406730000553	9661	5.1485434068474	14.545206278378	6.6797913372406
GLOBAL	X	10170001	10180000	-1.5408339105793	9562	4.0948643914572	14.805798854236	6.9513880693034
GLOBAL	X	10180001	10190000	-1.4806493073601	9583	4.6364564480161	13.634436111611	6.0770498583743
GLOBAL	X	10190001	10200000	-1.1944066325431	9745	6.0200400852789	14.026065313375	6.7029309867866
GLOBAL	X	10200001	10210000	-1.3103792734948	9506	4.3882407662529	12.858094311541	6.4636656856597
GLOBAL	X	10210001	10220000	-1.775267011112	9664	3.1451742125711	17.012633864073	7.8114782535248
GLOBAL	X	10220001	10230000	-1.3235160867936	9703	5.1289055336395	13.116513259395	6.0351421531314
GLOBAL	X	10230001	10240000	-1.3984244645453	9760	5.2533395345275	14.934722820842	6.9230648717681
GLOBAL	X	10240001	10250000	-1.552031661892	9453	4.0521669859868	14.675641369585	6.8448825139607
GLOBAL	X	10250001	10260000	-1.5935371294689	9257	3.4867629814806	14.676569617815	7.0219930426493
GLOBAL	X	10260001	10270000	-1.2144454293822	9030	4.4403621987101	12.468813294552	6.6107960898051
GLOBAL	X	10270001	10280000	-1.1937904710909	9102	4.9410928774908	12.208020396239	6.0872721760858
GLOBAL	X	10280001	10290000	-1.6674041008822	9776	2.8954604131592	12.855810386357	5.9735669163391
GLOBAL	X	10290001	10300000	-1.7049294050985	9445	1.9029290606151	11.038883473601	5.3585529029325
GLOBAL	X	10300001	10310000	-1.3094763763675	9389	4.4280560595842	12.337019143235	6.0397905807133
GLOBAL	X	10310001	10320000	-1.3553013360531	9435	4.7424706588456	12.855021395901	5.9857911456657
GLOBAL	X	10320001	10330000	-1.3226190704022	9317	4.5019580515654	13.775072477918	7.0111755031119
GLOBAL	X	10330001	10340000	-1.4315449769603	9296	3.4095747875978	11.819314187222	5.8745897159875
GLOBAL	X	10340001	10350000	-1.3329867083282	9342	4.8156228887309	12.726205514133	5.9344797483563
GLOBAL	X	10350001	10360000	-1.5359277417818	9835	4.0116899134238	16.106840355995	7.8748173586213
GLOBAL	X	10360001	10370000	-1.3150095298053	9414	4.338543938691	12.468756280869	6.1826261771516
GLOBAL	X	10370001	10380000	-1.0150183775756	8837	4.533797721044	10.522128683585	5.8997266402644
GLOBAL	X	10380001	10390000	-1.3383776129708	9244	2.9864801460584	10.261494922128	5.4356967014123
GLOBAL	X	10390001	10400000	-1.3536978234883	8989	4.4115826316365	12.858266484878	6.2397114826375
GLOBAL	X	10400001	10410000	-1.1697938169998	9538	5.2764717709751	12.989481392039	6.5934778496653
GLOBAL	X	10410001	10420000	-1.0580553344051	8986	4.5238300853412	10.397127151376	5.5510301541432
GLOBAL	X	10420001	10430000	-1.4129945044201	9487	4.648887539138	16.107627311789	8.1095430568242
GLOBAL	X	10430001	10440000	-1.0419706593122	9177	4.3783511127183	10.261332294829	5.6460142418924
GLOBAL	X	10440001	10450000	-1.6216748999836	9331	2.6399839192479	12.72944556866	6.2216302722047
GLOBAL	X	10450001	10460000	-1.2667554333973	9447	3.7855225891219	10.390630624132	5.2141935695477
GLOBAL	X	10460001	10470000	-1.420607216549	9457	4.3539167267891	14.156118781995	6.9000086308288
GLOBAL	X	10470001	10480000	-1.4741167524124	9075	4.6526302902288	14.93564959121	6.9757156508489
GLOBAL	X	10480001	10490000	-1.5920888037827	9702	3.2624036799218	12.857087062213	6.0264750053483
GLOBAL	X	10490001	10500000	-1.389942762121	9819	4.3850060251842	15.589639935347	8.0612196527175
GLOBAL	X	10500001	10510000	-1.6456378379948	9541	2.4382636626396	12.468556177589	6.0950789313224
GLOBAL	X	10510001	10520000	-1.0209013555182	9163	3.9229878505831	9.4830638810835	5.4462421863259
GLOBAL	X	10520001	10530000	-1.4182526099286	9366	4.4090467362876	14.418079544746	7.0572990582841
GLOBAL	X	10530001	10540000	-1.4642185331485	9691	4.302040969807	14.02668170508	6.6415227748566
GLOBAL	X	10540001	10550000	-1.4608395473967	9726	3.6620181157511	13.379133071026	6.6517332260009
GLOBAL	X	10550001	10560000	-1.3194950661501	9395	2.9968654393425	11.434503046086	6.3945957989534
GLOBAL	X	10560001	10570000	-1.2534944853772	9202	2.8776054669549	10.918315473404	6.414635325683
GLOBAL	X	10570001	10580000	-0.80028676236363	7503	4.3491016406277	12.019998913802	9.5851857533147
GLOBAL	X	10580001	10590000	-0.040144592720473	3062	3.5372905945271	3.6547805080823	2.9266684649976
GLOBAL	X	10590001	10600000	-0.3407312552697	3088	3.6802554393473	5.0030303546552	3.8821648875766
GLOBAL	X	10600001	10610000	-0.4053677344872	3171	1.2647563110013	1.9060903207539	1.5821042357105
GLOBAL	X	10610001	10620000	-0.42784004048119	3156	2.8180542386444	4.4496496567367	3.8135640980617
GLOBAL	X	10620001	10630000	-1.0014088521159	7019	2.220896356793	9.8963986651438	7.6647038740804
GLOBAL	X	10630001	10640000	-1.2291999060818	8856	2.7018188914819	11.569243471392	7.2139808472454
GLOBAL	X	10640001	10650000	-1.2536122620319	8877	3.55216303521	12.214631314592	6.910006021592
GLOBAL	X	10650001	10660000	-1.429244234026	9547	3.4027538086942	12.731188254581	6.5268302112438
GLOBAL	X	10660001	10670000	-1.5419293578705	9640	2.632644778815	11.94902186502	6.0420258805315
GLOBAL	X	10670001	10680000	-1.2598825216741	9843	4.6401519904092	12.858420461631	6.5230434821026
GLOBAL	X	10680001	10690000	-1.3887628895368	9361	1.8414790442034	11.69785144713	7.0972319876825
GLOBAL	X	10690001	10700000	-1.5946618334045	9273	3.3818972643957	14.547006514014	7.0015529410281
GLOBAL	X	10700001	10710000	-1.650894832942	9802	3.2286933951152	14.28466226963	6.6969552838276
GLOBAL	X	10710001	10720000	-1.6479610180166	9610	3.0788795459669	14.676660030656	7.037654627685
GLOBAL	X	10720001	10730000	-1.3278177616704	9046	3.8797291492578	12.469950020244	6.4694275968863
GLOBAL	X	10730001	10740000	-1.5885218185379	9353	3.5657861959378	13.63892764286	6.3412043381275
GLOBAL	X	10740001	10750000	-1.5274932395899	9486	3.2315753892185	12.077047324898	5.7908419536146
GLOBAL	X	10750001	10760000	-1.4044779098027	8524	3.7866906501923	14.94269138971	7.9431656857353
GLOBAL	X	10760001	10770000	-1.4368915580092	9300	3.876146112789	14.289904396774	7.2474211612831
GLOBAL	X	10770001	10780000	-1.4751222220966	9587	3.7459912231941	18.716372426636	10.148570050124
GLOBAL	X	10780001	10790000	-1.0526481615472	9135	6.2976732865937	15.482237521501	8.7251985710094
GLOBAL	X	10790001	10800000	-1.337575872148	9815	7.2885030341131	18.311198916833	8.2408004751301
GLOBAL	X	10800001	10810000	-1.4532130674995	9536	4.6824613945107	14.415648533762	6.6977013604746
GLOBAL	X	10810001	10820000	-1.224290404092	9101	6.0506964330945	14.287155712183	6.7275372342698
GLOBAL	X	10820001	10830000	-1.2108622661847	9725	5.8315684680231	13.375371543897	6.2301083174754
GLOBAL	X	10830001	10840000	-1.3493587498249	9712	3.8536591774086	11.817889325253	5.9022333007273
GLOBAL	X	10840001	10850000	-1.3377537392585	9591	4.1165925662074	12.339589193812	6.1468687294885
GLOBAL	X	10850001	10860000	-0.91860902478672	9680	6.8743840409718	13.783661547002	7.5214561577323
GLOBAL	X	10860001	10870000	-1.3087916474397	9665	6.3206248393055	15.062253807664	6.6791601134219
GLOBAL	X	10870001	10880000	-1.5866940438274	9383	3.6563224682772	14.545857237941	6.8630337474491
GLOBAL	X	10880001	10890000	0.57461746252625	8961	81.730683243512	62.368677402233	33.695470646082
GLOBAL	X	10890001	10900000	-0.95683421062896	9387	7.3582040159851	18.219283308644	11.351056611489
GLOBAL	X	10900001	10910000	-1.3566832192722	9686	5.760487839232	16.104698128368	7.624632001187
GLOBAL	X	10910001	10920000	-1.5411530994658	9078	2.584455690466	11.6885768989	5.9073438009437
GLOBAL	X	10920001	10930000	-1.3994814895397	9563	3.8682176948962	14.029914245469	7.2610439127101
GLOBAL	X	10930001	10940000	-1.1021663549601	9786	5.2671365041296	13.381812060069	7.3624780137961
GLOBAL	X	10940001	10950000	-1.5615007883012	9256	3.642625784257	14.545966997104	6.9826037197904
GLOBAL	X	10950001	10960000	-1.5420159518858	9571	2.769411967587	11.688456486742	5.7840157284022
GLOBAL	X	10960001	10970000	-1.5368462026182	9621	4.6886799523109	15.974162702323	7.3432739924047
GLOBAL	X	10970001	10980000	-1.3369038643403	9665	4.1350463126886	11.817894782631	5.746747148295
GLOBAL	X	10980001	10990000	-1.4507684973549	9640	5.9155695525696	17.533680856143	8.0082461983117
GLOBAL	X	10990001	11000000	-1.2043452964623	9320	5.1197264737897	13.769403614953	7.1820574768477
GLOBAL	X	11000001	11010000	-0.92503980388832	9075	6.8475274464673	14.318731997427	8.0766303455859
GLOBAL	X	11010001	11020000	-1.7641311648439	9480	2.878187314524	15.324183992111	7.0550290849199
GLOBAL	X	11020001	11030000	-1.5574641976199	9735	3.9029979652576	13.374305774734	6.0812362967639
GLOBAL	X	11030001	11040000	-1.6541633206738	9475	2.6746386840878	13.76747462016	6.7060101003531
GLOBAL	X	11040001	11050000	-1.4921039986332	9162	3.4591046642689	15.338361129691	7.9614131966026
GLOBAL	X	11050001	11060000	-1.3148591902616	9580	9.1266467072674	21.686519404601	9.552256842677
GLOBAL	X	11060001	11070000	-1.2698105435229	9434	4.4293023603415	12.599034205722	6.4338195072117
GLOBAL	X	11070001	11080000	-1.3933685115315	9327	2.9080861742743	10.911099248279	5.7436442748435
GLOBAL	X	11080001	11090000	-1.3940316082385	9629	4.7252889232082	16.63798151993	8.5454967637172
GLOBAL	X	11090001	11100000	-1.5333085337159	8975	3.4883143248515	14.546649386118	7.2120742943151
GLOBAL	X	11100001	11110000	-1.6417030067745	9341	3.0377545266362	14.156043972166	6.7724121839642
GLOBAL	X	11110001	11120000	-1.5421112543299	9472	3.2388127698618	12.726400730752	6.1523368915509
GLOBAL	X	11120001	11130000	-1.645942525566	9483	3.11945958995	13.635011821969	6.3887724320165
GLOBAL	X	11130001	11140000	-1.1364699982025	9722	6.725403860026	14.935082331916	7.2238409151799
GLOBAL	X	11140001	11150000	-1.4937239875671	9362	3.3556961140087	12.33772556255	6.013178822395
GLOBAL	X	11150001	11160000	-1.340703315127	9689	4.7208075042958	15.069075783049	7.7185371006357
GLOBAL	X	11160001	11170000	-1.3759040195699	9617	3.1343204202338	11.953896029607	6.4100224172106
GLOBAL	X	11170001	11180000	-1.5001363183829	9425	2.4270540526541	10.649751062915	5.4812998722174
GLOBAL	X	11180001	11190000	-1.3309150283372	9631	4.7129432989363	14.417726039776	7.2918124254439
GLOBAL	X	11190001	11200000	-1.031809078924	9604	7.8787129093305	15.976267375634	7.8479193793756
GLOBAL	X	11200001	11210000	-1.3647799481277	9499	3.630418563167	11.820169595528	6.0007849936515
GLOBAL	X	11210001	11220000	-1.6014745233298	9638	3.9757671232845	15.980544057302	7.496077370658
GLOBAL	X	11220001	11230000	-1.771129208667	9505	2.9094864942387	14.934202168948	6.7892933027508
GLOBAL	X	11230001	11240000	-1.6007626263408	9630	3.659822284656	15.975088438541	7.6933743649652
GLOBAL	X	11240001	11250000	-1.5745165569907	9490	3.4104500952427	12.85592052974	5.9989654554985
GLOBAL	X	11250001	11260000	-0.78136929224422	8831	3.4725307195447	6.4941116032464	3.8670330581117
GLOBAL	X	11260001	11270000	-1.6588976955632	9793	2.943566142684	13.534751926045	6.3844719368093
GLOBAL	X	11270001	11280000	-1.2653912735493	9676	6.8637519418832	17.53420090389	8.4325292777449
GLOBAL	X	11280001	11290000	-1.1988142907783	9524	5.7693321564752	14.294894570725	7.1116623148651
GLOBAL	X	11290001	11300000	-1.4284034968193	9335	3.7136632864897	12.98866041156	6.4932612848706
GLOBAL	X	11300001	11310000	-1.4971652864311	9537	4.700401510854	15.974056515684	7.5300002658382
GLOBAL	X	11310001	11320000	-1.3373020170422	9801	3.9462200889804	14.94313688706	8.2232111055975
GLOBAL	X	11320001	11330000	-1.6696100976289	9640	3.2377700266296	17.539253495324	8.5657624429828
GLOBAL	X	11330001	11340000	-1.2867035088448	9777	4.9227851082081	15.212680185996	7.9970987931989
GLOBAL	X	11340001	11350000	-1.5796016017223	9408	3.777606512805	15.973681909361	7.7209819129444
GLOBAL	X	11350001	11360000	-1.6520050082821	9755	3.5574714036589	15.584443564058	7.2802274206821
GLOBAL	X	11360001	11370000	-1.395902746687	9291	3.3238919726142	10.649919383037	5.2482362598758
GLOBAL	X	11370001	11380000	-1.7555497858026	9669	1.6130063840916	13.89738852344	6.9974558618013
GLOBAL	X	11380001	11390000	-1.4055379920024	9413	2.8547164982926	10.390547314476	5.3615276563586
GLOBAL	X	11390001	11400000	-1.3389321431844	9433	3.4237553551099	13.906911368615	7.8294901402344
GLOBAL	X	11400001	11410000	-1.2871001540581	9520	4.0574103270898	11.950901311674	6.132771377345
GLOBAL	X	11410001	11420000	-1.4392686700519	9504	4.3698400202298	13.765635654198	6.5281735297063
GLOBAL	X	11420001	11430000	-1.5689133414524	9630	3.0163124123169	13.509968123186	6.6884865043945
GLOBAL	X	11430001	11440000	-1.0500680830454	7893	4.2880194126299	16.13283267403	11.28004312544
GLOBAL	X	11440001	11450000	-0.92653039861887	5893	1.4446859837836	10.608599549968	9.8905697857779
GLOBAL	X	11450001	11460000	-1.3520884864635	8046	1.6581643147475	12.75935736148	8.2104042434151
GLOBAL	X	11460001	11470000	-1.1051777987298	7633	3.1465214944729	12.149692318735	8.1463551245871
GLOBAL	X	11470001	11480000	-1.6827668075028	9777	3.1014868371237	15.326429898281	7.2647873767483
GLOBAL	X	11480001	11490000	-1.1155319537942	9300	5.7711519957386	15.338263669463	8.5762775698034
GLOBAL	X	11490001	11500000	-1.5575980308527	9400	2.8362586909009	13.508681641148	6.851846714524
GLOBAL	X	11500001	11510000	-1.4368840040879	9716	3.948659550217	14.159403992813	7.1061716976089
GLOBAL	X	11510001	11520000	-1.5550478286112	9718	3.6308381802611	12.98606702383	6.0160392956681
GLOBAL	X	11520001	11530000	-1.5114641486155	9545	2.169612751055	11.706665641741	6.3098108542119
GLOBAL	X	11530001	11540000	-1.3669110397777	9447	6.677076549886	23.140049138645	12.043923934828
GLOBAL	X	11540001	11550000	-1.5204637809959	9259	4.964062437155	23.4011974129	12.125994190844
GLOBAL	X	11550001	11560000	-1.4255147742306	9399	5.6975411210768	20.930896622234	10.686213693842
GLOBAL	X	11560001	11570000	-1.502421511588	8756	2.9433023210208	15.129693310111	8.1111664703269
GLOBAL	X	11570001	11580000	-1.7346882576903	9518	3.3797654057992	15.583554700646	7.0351483851604
GLOBAL	X	11580001	11590000	-1.5351813314527	9692	2.8219076917522	14.160182528145	7.3856257916218
GLOBAL	X	11590001	11600000	-1.6381178859861	9702	3.1493949672754	16.758723475995	8.307905447554
GLOBAL	X	11600001	11610000	-1.0311815773399	9470	6.3532241714606	16.577818461585	9.9154159798904
GLOBAL	X	11610001	11620000	-1.064436782241	9179	6.2881143302933	17.431642950739	10.468943582525
GLOBAL	X	11620001	11630000	-1.3552608411276	9420	4.5722824307405	14.941705480301	7.6512378539122
GLOBAL	X	11630001	11640000	-1.3462760757077	9528	3.4368761441715	12.731516732307	6.9039632775544
GLOBAL	X	11640001	11650000	-1.4834136412255	9704	2.7094803359778	16.39715080829	9.2271434560924
GLOBAL	X	11650001	11660000	-1.4775492843692	9569	4.3173065608768	17.539493711714	8.9487283373305
GLOBAL	X	11660001	11670000	-1.534156378645	9696	3.2568662662397	13.637528324817	6.7663650218931
GLOBAL	X	11670001	11680000	-0.74630672110356	6764	5.4485571475391	17.769225398446	16.508853401037
GLOBAL	X	11680001	11690000	-1.0370771138708	8767	4.3364532395813	19.806366147261	14.916839549124
GLOBAL	X	11690001	11700000	-1.5799834896229	9437	2.3111797860923	12.600615822689	6.512369340677
GLOBAL	X	11700001	11710000	-1.5740520008605	9008	1.402109981675	11.443761803674	6.3794917934789
GLOBAL	X	11710001	11720000	-1.5526920280844	9785	3.725555605564	14.285806395022	6.8012526621178
GLOBAL	X	11720001	11730000	-1.5462942755934	9809	4.3076220943488	17.40819263106	8.4722363288083
GLOBAL	X	11730001	11740000	-1.7864555075346	9603	2.783865333483	18.574034768151	8.8388260262129
GLOBAL	X	11740001	11750000	-1.5358856527777	9690	3.9960260098144	15.589296086594	7.5482638019394
GLOBAL	X	11750001	11760000	-1.5747080840417	9577	4.0203771926375	15.983429184163	7.5969966197294
GLOBAL	X	11760001	11770000	-1.4758473723806	9772	3.5082324811594	16.631837718976	8.8922509762291
GLOBAL	X	11770001	11780000	-1.6980136619279	9830	3.0032209482096	14.934966986576	7.026884592212
GLOBAL	X	11780001	11790000	-1.2924602309497	9747	5.4214598261161	14.545919573902	7.0597605475891
GLOBAL	X	11790001	11800000	-1.6308614433171	9564	4.2875233675644	17.145011424726	7.8838629178761
GLOBAL	X	11800001	11810000	-1.5713029545678	9572	2.7409217848796	13.898027644103	7.1005440591771
GLOBAL	X	11810001	11820000	-1.4954500204177	9762	3.7066541732751	12.986308052066	6.2052584520338
GLOBAL	X	11820001	11830000	-1.6038789431786	9711	3.5028577415768	15.325714408212	7.3714146051473
GLOBAL	X	11830001	11840000	-1.5666542428801	9625	3.6341773668257	13.765813471264	6.4670530530165
GLOBAL	X	11840001	11850000	-1.9618289415564	9724	2.3973421596764	17.272267038488	7.5821722086592
GLOBAL	X	11850001	11860000	-1.6756316835666	9817	2.7713820432119	15.195788844557	7.4147600115197
GLOBAL	X	11860001	11870000	-1.3316914458109	9538	2.7421996553051	11.966245898657	6.9265641619675
GLOBAL	X	11870001	11880000	-1.4643198244975	9636	2.8652749777339	12.080413897694	6.2931190070601
GLOBAL	X	11880001	11890000	-1.3256057536246	9444	5.3612460971651	15.854820555359	7.9160598311383
GLOBAL	X	11890001	11900000	-1.6917797090649	9708	4.2240578698917	20.936467963491	9.8785970797796
GLOBAL	X	11900001	11910000	-1.4366834317422	8326	3.6378185671358	17.047339617237	9.3336644342309
GLOBAL	X	11910001	11920000	-1.3887423619247	9393	4.8040356075029	18.587538666069	9.9251693017152
GLOBAL	X	11920001	11930000	-0.82769120019457	8284	5.5336364741682	15.6523019063	12.225169761081
GLOBAL	X	11930001	11940000	-1.0164500738278	9604	9.1096903674883	27.59398806898	18.185150631041
GLOBAL	X	11940001	11950000	-1.4351189337981	9537	4.2487940834224	16.246074054638	8.3597809830746
GLOBAL	X	11950001	11960000	-1.3502152019481	9608	4.5959687607904	17.458808360176	9.5265107227554
GLOBAL	X	11960001	11970000	-0.73428923676841	9231	37.005612869007	53.39826091379	22.324510865673
GLOBAL	X	11970001	11980000	-0.92388808455751	9278	39.426579545559	63.927372620653	26.519221845824
GLOBAL	X	11980001	11990000	-1.7426325284519	9263	20.813819309407	72.502432895098	29.661223890737
GLOBAL	X	11990001	12000000	-1.7314841399058	9590	25.037209327139	82.111058775956	32.962386506135
GLOBAL	X	12000001	12010000	-1.5835329272537	9344	14.989307305473	47.551028367627	20.562705392319
GLOBAL	X	12010001	12020000	-1.3773246055489	9483	5.3679071790339	17.544096094886	8.8404642353716
GLOBAL	X	12020001	12030000	-1.1415662180074	9610	6.1097692740475	14.548917060669	7.3926046982645
GLOBAL	X	12030001	12040000	-1.5233744277949	9764	4.2935131076125	14.154649330443	6.4732189558311
GLOBAL	X	12040001	12050000	-1.5037904937922	9668	3.7628275149079	13.506229589138	6.4792283994687
GLOBAL	X	12050001	12060000	-1.1514366828548	9373	5.7174020594576	13.37777381849	6.6528814593953
GLOBAL	X	12060001	12070000	-1.113240604224	9229	5.6441081418108	13.511792595963	7.0673710824952
GLOBAL	X	12070001	12080000	-1.4714483174919	9426	4.503259346504	15.7173820777	7.6211461849443
GLOBAL	X	12080001	12090000	-1.3504131088047	9608	5.3665365075262	14.67554393302	6.8934516147682
GLOBAL	X	12090001	12100000	-1.2390891271546	9178	5.1868541046802	15.333722597083	8.1889738760789
GLOBAL	X	12100001	12110000	-1.3052935914169	9476	4.2238613019261	12.872865523361	6.6260987400134
GLOBAL	X	12110001	12120000	-1.2470009255358	9492	7.2251635205213	16.753963036368	7.6413732505871
GLOBAL	X	12120001	12130000	-1.0905289926553	9687	5.8377334074364	13.380201277475	6.9163386951071
GLOBAL	X	12130001	12140000	-1.2885883407145	9447	5.5603701862473	16.5023983065	8.4914846538076
GLOBAL	X	12140001	12150000	-1.2328287770077	9473	9.5238390279391	20.908241048719	9.2343740129203
GLOBAL	X	12150001	12160000	-1.2060417321224	9577	6.6326840961469	17.155047134151	8.7247089033037
GLOBAL	X	12160001	12170000	-0.99018894111349	9281	11.07630193227	21.963095797693	10.994663153055
GLOBAL	X	12170001	12180000	-1.6143648012731	9778	4.1745962133372	14.804705502349	6.5847008561068
GLOBAL	X	12180001	12190000	-1.4224359323708	9848	6.5445491822653	18.050406028733	8.0888401260299
GLOBAL	X	12190001	12200000	-1.1926905728992	9830	4.2090123120194	12.089339157357	6.6071846498981
GLOBAL	X	12200001	12210000	-0.98699671803976	9657	7.9455943779446	15.066478989217	7.21469938159
GLOBAL	X	12210001	12220000	-1.2925999789102	9719	7.1952425246453	18.18316648409	8.5006375821765
GLOBAL	X	12220001	12230000	-1.2074814421273	9544	5.0496509050175	13.901958302148	7.3312161067543
GLOBAL	X	12230001	12240000	-1.2175139617843	9589	5.8563288751275	15.59047657586	7.9951014988501
GLOBAL	X	12240001	12250000	-1.3122235069139	9258	5.7320901366269	17.28215819068	8.8019060725537
GLOBAL	X	12250001	12260000	-1.1314937937746	9214	6.3504059662408	15.068112685666	7.7045996782213
GLOBAL	X	12260001	12270000	-1.57403874891	9578	4.0145317216263	15.715582924153	7.4337758270749
GLOBAL	X	12270001	12280000	-1.1964934438204	9459	7.0450250361212	16.88759139171	8.2261765882825
GLOBAL	X	12280001	12290000	0.39307904079434	9271	56.314492665158	48.332529743799	20.306254195667
GLOBAL	X	12290001	12300000	1.4028677952512	9184	108.96850404795	71.037142633039	27.038443353899
GLOBAL	X	12300001	12310000	0.25525516789349	9017	42.364861593768	38.333685121624	15.792732054796
GLOBAL	X	12310001	12320000	-0.58591536910444	9550	40.720733039169	54.463146799125	23.454605365552
GLOBAL	X	12320001	12330000	-0.63547732920621	9508	43.467621363552	59.512901569493	25.249178009203
GLOBAL	X	12330001	12340000	-1.0684965493975	9080	29.009830725708	52.222206734515	21.724334085962
GLOBAL	X	12340001	12350000	-1.1683226674465	9137	54.664009210537	102.10837243802	40.608955513272
GLOBAL	X	12350001	12360000	-1.21967741655	9114	56.409589366819	113.88099950158	47.120172395527
GLOBAL	X	12360001	12370000	-1.1096737176558	8679	52.201432974635	101.44032394113	44.372404413174
GLOBAL	X	12370001	12380000	-1.1175465082685	9193	54.859401134055	100.43893845321	40.785360592981
GLOBAL	X	12380001	12390000	-1.1749404632885	8876	47.214508340873	92.26028292398	38.33877204044
GLOBAL	X	12390001	12400000	-1.0732492597701	8947	51.500939832695	102.56607218048	47.579937170164
GLOBAL	X	12400001	12410000	-1.250295760244	8889	45.395691186747	98.96192752541	42.842852101018
GLOBAL	X	12410001	12420000	-1.2485643646076	9098	48.80010096993	106.04145806361	45.845739888361
GLOBAL	X	12420001	12430000	-1.2278430982071	8923	57.143489639602	118.73490847175	50.162287772835
GLOBAL	X	12430001	12440000	-0.62982293384061	9302	69.284225253844	96.49037175074	43.196500214743
GLOBAL	X	12440001	12450000	0.22154035423256	9131	114.56400429938	104.49448029402	45.452324206332
GLOBAL	X	12450001	12460000	-0.87273670572198	8407	40.84987412848	74.282700026255	38.308032283479
GLOBAL	X	12460001	12470000	-1.4772991487205	9163	27.117891018805	83.453992031064	38.134524792119
GLOBAL	X	12470001	12480000	-1.7310615991437	9379	24.712605864977	83.674844555416	34.061317471085
GLOBAL	X	12480001	12490000	-1.7661121682554	9562	21.415847600474	63.754734263366	23.972931857842
GLOBAL	X	12490001	12500000	-1.5170015755297	9132	7.756330066688	26.111557383558	12.099675842763
GLOBAL	X	12500001	12510000	-1.2782773586816	9412	4.9474309205616	14.6828880154	7.6160756730283
GLOBAL	X	12510001	12520000	-1.2300203154978	9705	6.3948178644587	16.757299904767	8.4246429995868
GLOBAL	X	12520001	12530000	-0.87808802749071	9756	8.7429829075306	15.200328959505	7.3538709671594
GLOBAL	X	12530001	12540000	-1.1410439021543	9532	5.7866503450379	14.827336986827	7.9231716016533
GLOBAL	X	12540001	12550000	-0.75485265902507	9355	9.633715161009	15.457486663732	7.7151102709828
GLOBAL	X	12550001	12560000	2.1345084333087	8839	137.31484764454	70.190824684099	31.44706383586
GLOBAL	X	12560001	12570000	1.9601924898189	9378	105.35814370991	56.450373198608	24.9504937731
GLOBAL	X	12570001	12580000	2.5578242376344	9468	105.06669981265	51.449412282747	20.962068753986
GLOBAL	X	12580001	12590000	-0.69477592031603	9537	53.372265080752	75.529102485527	31.890623662801
GLOBAL	X	12590001	12600000	-1.3531849165004	9422	11.203222556839	28.57907541427	12.840708350762
GLOBAL	X	12600001	12610000	-1.0782123663672	7622	4.9308017708486	11.085390499922	5.7081414766272
GLOBAL	X	12610001	12620000	-1.0981693573782	9391	22.46274562992	39.868586983422	15.849869818856
GLOBAL	X	12620001	12630000	-0.98224478682533	9634	12.738661484306	24.686954139271	12.164271895586
GLOBAL	X	12630001	12640000	-1.3546531086895	9700	3.7619938493908	11.82597450447	5.9528012030179
GLOBAL	X	12640001	12650000	-0.98868885359867	9595	16.071285376755	27.401993440101	11.460337619974
GLOBAL	X	12650001	12660000	-1.7307830189392	9413	15.309048593311	50.651162176732	20.419725174495
GLOBAL	X	12660001	12670000	-1.4764235402371	9379	3.959302276757	14.548294546944	7.172055972832
GLOBAL	X	12670001	12680000	-1.6679268067703	9830	3.8852439712809	17.273561877422	8.0269217161066
GLOBAL	X	12680001	12690000	-1.1265161128662	9197	5.5928157516858	15.250520469061	8.5730728633808
GLOBAL	X	12690001	12700000	-1.6972929614049	9670	2.6069082457297	15.07812093113	7.3477077728979
GLOBAL	X	12700001	12710000	-1.6806241063434	9591	2.3291912557375	12.467140219442	6.0322524980094
GLOBAL	X	12710001	12720000	-1.4410022182849	9445	3.8706386575686	13.769640686365	6.8695258780233
GLOBAL	X	12720001	12730000	-1.3560359247395	9207	2.891830693412	12.082424376561	6.7775443964833
GLOBAL	X	12730001	12740000	-1.3655132850756	9616	3.6343778964583	14.294318715353	7.8065449347162
GLOBAL	X	12740001	12750000	-1.3920284698517	9290	3.3170998218369	12.865380606539	6.8592568266359
GLOBAL	X	12750001	12760000	-1.3251127010214	9264	4.1064881359092	15.085208975363	8.2851223378895
GLOBAL	X	12760001	12770000	-1.6792263087662	9177	8.2415157778227	32.997155556466	14.742289141975
GLOBAL	X	12770001	12780000	-1.5080388634543	9045	5.5682828472083	19.87603011483	9.4876515548463
GLOBAL	X	12780001	12790000	-1.4385031920488	9322	4.7131034469104	15.456718355116	7.4686069294733
GLOBAL	X	12790001	12800000	-1.293497626018	9202	5.0205441054179	13.770802907697	6.7648046863575
GLOBAL	X	12800001	12810000	-1.591693761027	9520	3.9203412052415	15.324927036117	7.1650628469616
GLOBAL	X	12810001	12820000	-1.4184576581486	9408	3.3440414489391	12.473414118575	6.4361263215649
GLOBAL	X	12820001	12830000	-1.4223253686598	9553	3.0453162391254	12.340143667479	6.5349515892495
GLOBAL	X	12830001	12840000	-1.5283467443855	9634	2.9710544691964	12.077819633095	5.9585726847345
GLOBAL	X	12840001	12850000	-1.4855708874938	9231	3.2918589537772	14.032229264211	7.2297932066734
GLOBAL	X	12850001	12860000	-1.1447882859014	8751	10.006351626519	24.835785874909	12.95386616986
GLOBAL	X	12860001	12870000	-1.3747275541905	9669	4.8659361862168	14.417211937007	6.9477590099044
GLOBAL	X	12870001	12880000	-1.5047950934603	9304	10.691480618439	29.351720196747	12.400518621707
GLOBAL	X	12880001	12890000	-0.75900132152043	9544	12.645174001092	19.875515037508	9.5261244366892
GLOBAL	X	12890001	12900000	-1.5208039511708	9168	1.8811995750379	9.7407608768766	5.1680305642211
GLOBAL	X	12900001	12910000	-1.5519971920325	9382	3.409413855962	14.676610599557	7.25980485109
GLOBAL	X	12910001	12920000	-1.3239178468683	9279	5.2539244865217	15.45788400872	7.7073963058475
GLOBAL	X	12920001	12930000	-1.2472051416564	9239	5.7139842462676	15.073940512473	7.5047447717978
GLOBAL	X	12930001	12940000	-0.60109173784066	9303	11.63241116414	16.367638380814	7.8777113684592
GLOBAL	X	12940001	12950000	-0.23363663336378	9592	17.065597113514	19.510431249128	10.464258538632
GLOBAL	X	12950001	12960000	-1.3468605167234	8333	2.1129102883269	10.543271921547	6.2592685200461
GLOBAL	X	12960001	12970000	-1.0279020050477	6468	2.4818421621654	10.77407755398	8.0671458476537
GLOBAL	X	12970001	12980000	-1.5922552559058	9664	4.1251476998531	15.715118977925	7.2789656275802
GLOBAL	X	12980001	12990000	-1.4937618111431	9547	3.682854880797	14.028411185004	6.9258406708697
GLOBAL	X	12990001	13000000	-1.4532747509359	9618	2.9393612236665	14.973322684526	8.2805824935095
GLOBAL	X	13000001	13010000	-0.99989396021577	9460	4.6340435798346	14.231463978391	9.5984382148737
GLOBAL	X	13010001	13020000	-1.3975858826903	9045	4.1420333695585	13.640002920702	6.7959827505273
GLOBAL	X	13020001	13030000	-1.6307521560194	8910	4.1126659593204	16.623406084239	7.6717605914174
GLOBAL	X	13030001	13040000	-1.6945641961647	9083	21.354701826917	68.732341496792	27.958598309292
GLOBAL	X	13040001	13050000	-1.37054989618	9018	23.194667756833	54.696642536173	22.984916395341
GLOBAL	X	13050001	13060000	2.0540506188592	8979	108.45386749397	57.973808503148	24.575859293504
GLOBAL	X	13060001	13070000	2.1869203437836	9050	105.03246180479	55.73710974014	22.540991126984
GLOBAL	X	13070001	13080000	1.1708122439147	9269	91.714176859104	61.481598246491	25.821884567527
GLOBAL	X	13080001	13090000	-1.6853518542187	9112	14.576043553449	44.805561210772	17.936621116626
GLOBAL	X	13090001	13100000	-0.72285583897792	9071	35.869594200923	51.70983736684	21.913419400906
GLOBAL	X	13100001	13110000	-0.7918804727703	8919	39.542705965151	62.4225299628	28.893027147906
GLOBAL	X	13110001	13120000	-0.67268113110912	9198	47.688832593749	67.444845057718	29.369059945825
GLOBAL	X	13120001	13130000	-0.76753188931438	9363	40.061687436097	61.887264832558	28.436052886294
GLOBAL	X	13130001	13140000	-0.71035494617662	9031	40.814507257041	60.31140614203	27.446699695593
GLOBAL	X	13140001	13150000	-0.59583418691479	9131	41.746635589429	54.814066881954	21.931321799756
GLOBAL	X	13150001	13160000	-0.6926420405214	8820	39.849170432023	57.846189161118	25.983145226858
GLOBAL	X	13160001	13170000	-0.57795369611792	9305	48.059891605064	63.529002531527	26.765311875966
GLOBAL	X	13170001	13180000	-0.5991685271882	9070	45.043414944688	60.962130270581	26.568009839564
GLOBAL	X	13180001	13190000	-0.69233642874159	9194	51.873376650238	71.705348813812	28.644993012459
GLOBAL	X	13190001	13200000	-0.5235288839125	9139	49.643629247595	66.358017475062	31.92639172562
GLOBAL	X	13200001	13210000	-0.24902201202447	9403	44.254294823746	49.2293268379	19.978282135415
GLOBAL	X	13210001	13220000	-1.2378429318254	9386	27.054255164608	57.292532664628	24.428202256184
GLOBAL	X	13220001	13230000	-1.2096547072134	9421	27.382358136526	56.117619591643	23.75492881048
GLOBAL	X	13230001	13240000	-1.18672674247	9267	25.423168460455	49.617964501345	20.387840919918
GLOBAL	X	13240001	13250000	-1.2894437790233	8991	16.60648029759	37.020851847004	15.83192061687
GLOBAL	X	13250001	13260000	-1.3152574210315	9285	30.740700876133	62.074880540185	23.823609859945
GLOBAL	X	13260001	13270000	-1.2052207696787	9148	32.140814204612	61.563194956218	24.412440850525
GLOBAL	X	13270001	13280000	-1.2078347278301	9002	29.414862152778	58.061511502632	23.71735858375
GLOBAL	X	13280001	13290000	-1.3157066060538	9331	19.889297157438	41.556242981921	16.467915966058
GLOBAL	X	13290001	13300000	-1.4066251340262	9299	3.5863326795952	12.208644404945	6.1297864774175
GLOBAL	X	13300001	13310000	-0.20208437522715	9104	75.79624566918	82.354182082179	32.451476793434
GLOBAL	X	13310001	13320000	0.16729581644424	9424	74.766218913454	70.262302171305	26.921873110023
GLOBAL	X	13320001	13330000	-1.183012567691	9104	22.837112459643	44.289497761526	18.133691803252
GLOBAL	X	13330001	13340000	-1.4511797468111	9161	22.719949746457	54.949495191178	22.209202902358
GLOBAL	X	13340001	13350000	-1.3398517672104	9168	25.827723878618	59.89337344842	25.42493908914
GLOBAL	X	13350001	13360000	-1.1078197011097	9540	23.538170559025	42.598990610875	17.205705976123
GLOBAL	X	13360001	13370000	-1.6171895541344	9443	3.2232363538582	12.725499256274	5.8757879545552
GLOBAL	X	13370001	13380000	-1.2839334983435	9407	3.7907036747387	12.482745994598	6.7698539924949
GLOBAL	X	13380001	13390000	-1.7919359848502	8988	4.7160873626149	23.507888149222	10.486870594419
GLOBAL	X	13390001	13400000	-0.82300570769254	9232	54.427736800954	82.373257599227	33.955439843333
GLOBAL	X	13400001	13410000	-1.572836569594	9059	19.987361582771	70.03236297354	31.818309898329
GLOBAL	X	13410001	13420000	-1.5473394267539	8947	16.497697641059	57.089409150849	26.233230284157
GLOBAL	X	13420001	13430000	-1.6628125090246	9029	22.73549418009	76.939864342387	32.598004806983
GLOBAL	X	13430001	13440000	-1.7009565855142	9281	15.634614611975	56.282613261495	23.897140582946
GLOBAL	X	13440001	13450000	-1.6747523803537	9150	23.655791855148	72.874914532677	29.388895489813
GLOBAL	X	13450001	13460000	-1.6558406329425	9229	24.871229805859	73.648859363274	29.457925229638
GLOBAL	X	13460001	13470000	-1.5675106101232	8285	15.018132151261	49.758772810002	22.162938122638
GLOBAL	X	13470001	13480000	-1.4700647960104	9400	31.747255786921	78.847309956485	32.039440912665
GLOBAL	X	13480001	13490000	-0.24069691896166	9212	73.522009814437	81.745708875704	34.166199952801
GLOBAL	X	13490001	13500000	-0.13095481272015	9670	27.452320643223	29.702630850237	17.183867933309
GLOBAL	X	13500001	13510000	-2.2134116734748	9277	5.3210317008183	55.087122097092	22.483883586892
GLOBAL	X	13510001	13520000	-2.3212596790503	9369	5.7228788463134	68.70951987032	27.134681049462
GLOBAL	X	13520001	13530000	-1.2953881541558	9839	7.015689415579	20.270343322383	10.23218705859
GLOBAL	X	13530001	13540000	-1.4490194794289	9546	4.0749766417413	15.199152753812	7.6770369687885
GLOBAL	X	13540001	13550000	-0.73696160733454	8801	19.112020813548	29.636753366941	14.281249455395
GLOBAL	X	13550001	13560000	1.0185145111519	9196	77.256040962807	53.677573443556	23.149859193057
GLOBAL	X	13560001	13570000	1.0888786618416	9266	98.926819274541	68.36792708652	28.064552331606
GLOBAL	X	13570001	13580000	-0.68092671930545	9470	17.671897134201	25.203553494742	11.060891204597
GLOBAL	X	13580001	13590000	-1.292495238074	9617	4.7823157276389	15.462098738547	8.2629186524682
GLOBAL	X	13590001	13600000	-1.3053367511152	9621	6.1557351121021	15.19479756714	6.9246977435637
GLOBAL	X	13600001	13610000	-1.2233543489905	8851	29.320359740056	59.257393559118	24.471269378136
GLOBAL	X	13610001	13620000	-0.19764499323189	9137	61.949267832589	67.322621740504	27.186896161897
GLOBAL	X	13620001	13630000	-0.8462909727766	9578	36.256629371928	56.258010622522	23.634165900377
GLOBAL	X	13630001	13640000	-2.0599839044381	9488	6.7088228506079	41.824124877017	17.04639630958
GLOBAL	X	13640001	13650000	-1.3628013673383	9779	6.9282823757574	18.311221134653	8.3526029777382
GLOBAL	X	13650001	13660000	-1.4118171071087	9828	6.0413775314681	17.662960118859	8.2316487942203
GLOBAL	X	13660001	13670000	-1.3556749523407	9348	5.6704319391676	15.193578131011	7.0246530522684
GLOBAL	X	13670001	13680000	-1.2784006519193	9652	6.8798186165285	16.362400781714	7.4175354580345
GLOBAL	X	13680001	13690000	-1.2876513309207	9542	6.9899595312612	18.314100618603	8.7944157050995
GLOBAL	X	13690001	13700000	-1.3735263828063	9533	9.3266731080053	23.117561417229	10.040497570238
GLOBAL	X	13700001	13710000	-1.5687340472691	9399	10.42406302948	31.689837791714	13.556010210433
GLOBAL	X	13710001	13720000	-1.2702396150595	9263	5.7240762309101	14.417702321646	6.8440835789305
GLOBAL	X	13720001	13730000	-1.1565898559566	9526	7.3483569546746	16.495092661161	7.9083658389182
GLOBAL	X	13730001	13740000	-0.99847044375269	9551	5.7932990252472	11.818282333895	6.0342129768035
GLOBAL	X	13740001	13750000	-1.1395870037826	9712	5.6400937934623	12.076202714257	5.6477556337789
GLOBAL	X	13750001	13760000	-0.69620874134089	9891	9.5169830365793	14.318630414781	6.8968501730582
GLOBAL	X	13760001	13770000	-1.7432194725789	9624	4.2237812067506	17.924379172217	7.8593649170278
GLOBAL	X	13770001	13780000	-1.38647631206	9591	5.7199126556881	16.103604831351	7.489267638648
GLOBAL	X	13780001	13790000	-1.4288956179915	9659	4.6797816885589	15.852364563391	7.8190336188007
GLOBAL	X	13790001	13800000	-1.4163639856342	9585	6.1870739441081	19.502104088808	9.4008533680256
GLOBAL	X	13800001	13810000	-1.4024043638849	9785	6.4901957430077	18.703512138303	8.7088408377898
GLOBAL	X	13810001	13820000	-1.2620147290785	9696	6.6423808957072	17.02293270458	8.2253808689319
GLOBAL	X	13820001	13830000	-1.1986144522604	9799	5.7229817649667	14.027314411381	6.9282767538413
GLOBAL	X	13830001	13840000	-1.0681803514445	9511	7.3524206868971	15.97787382622	8.0749033884195
GLOBAL	X	13840001	13850000	-1.1557682153194	9497	4.8591058201602	12.209023408633	6.3593352811153
GLOBAL	X	13850001	13860000	-1.3760065931152	9612	5.4358412720602	17.017244352326	8.4166770262682
GLOBAL	X	13860001	13870000	-1.4715183585717	9618	4.8432601149177	16.106705358476	7.6543015436728
GLOBAL	X	13870001	13880000	-1.5607934785913	9362	4.0466753322763	15.455343378567	7.3095308269661
GLOBAL	X	13880001	13890000	-1.8818207186771	9355	11.275665917961	57.817918809446	24.73256481319
GLOBAL	X	13890001	13900000	-1.430011987336	8983	18.473448758076	46.893892713339	19.874269731269
GLOBAL	X	13900001	13910000	-1.686431400138	9156	18.014406002529	55.06797145682	21.971581797671
GLOBAL	X	13910001	13920000	-1.4885347488801	9424	15.252565808283	41.575589759693	17.683849148443
GLOBAL	X	13920001	13930000	-1.2627974261588	9805	6.0301850604569	14.414318515787	6.6393336584742
GLOBAL	X	13930001	13940000	-1.1301775969628	9647	6.9010947911275	15.065094181624	7.2236429145618
GLOBAL	X	13940001	13950000	-1.2543505723641	9422	4.8129832107334	13.254121408999	6.7294888560197
GLOBAL	X	13950001	13960000	-1.3656629547029	9460	5.4745178113582	16.106800408143	7.7854367801149
GLOBAL	X	13960001	13970000	-1.2424650238593	9123	5.5336101984645	14.69125542349	7.370545688747
GLOBAL	X	13970001	13980000	-1.0621637189271	9435	7.5400263270324	15.064970763465	7.0845429027018
GLOBAL	X	13980001	13990000	-1.2521121310534	9653	8.125256622371	18.441475589118	8.2390536046226
GLOBAL	X	13990001	14000000	-1.3049493270795	9656	6.5672100138748	16.630768980995	7.7118388877543
GLOBAL	X	14000001	14010000	-1.388936602544	9187	5.3434421267766	16.886508417737	8.3107222243391
GLOBAL	X	14010001	14020000	-1.5504869555737	9658	2.9651386916177	13.515830453996	6.8047600945307
GLOBAL	X	14020001	14030000	-1.2241425524802	9383	24.546111896394	47.536948098026	18.78117557065
GLOBAL	X	14030001	14040000	-0.78146421606183	9230	42.313996056233	62.744451908477	26.143814946772
GLOBAL	X	14040001	14050000	-0.86740524901125	9341	19.688491791656	35.378659368874	18.088624198554
GLOBAL	X	14050001	14060000	-1.1728002700181	9513	11.99827217255	24.67699770093	10.810643425401
GLOBAL	X	14060001	14070000	-0.85321305754062	9466	31.879458217454	48.183746833419	19.109281640582
GLOBAL	X	14070001	14080000	-0.90979017139825	8868	33.411389287377	57.470226369434	26.444380076211
GLOBAL	X	14080001	14090000	-0.87272991621722	8767	35.865053078947	59.685344529011	27.294001279699
GLOBAL	X	14090001	14100000	-0.73207236416472	9004	31.714995074526	48.486416028518	22.909512467566
GLOBAL	X	14100001	14110000	-0.8346936367316	8801	51.093724506129	83.577637861769	38.917169038015
GLOBAL	X	14110001	14120000	-0.95959668485637	8608	36.425969578911	66.984104464517	31.844769128375
GLOBAL	X	14120001	14130000	-0.92522221481337	8928	49.73516796443	83.60859192821	36.611122627025
GLOBAL	X	14130001	14140000	-0.75797926002266	9401	40.991596665204	61.199951991468	26.660828853892
GLOBAL	X	14140001	14150000	-0.75545679293505	9081	12.061564468907	23.260510664621	14.824072402877
GLOBAL	X	14150001	14160000	-0.63314248496995	8654	33.548428325347	50.938539108575	27.466346353385
GLOBAL	X	14160001	14170000	-1.0243876635492	8519	29.621545279726	67.676379038246	37.148859862946
GLOBAL	X	14170001	14180000	-0.96269071984292	8384	37.844908653607	70.681898033201	34.109593769587
GLOBAL	X	14180001	14190000	-0.87340618552366	8997	44.862936045591	73.192763964126	32.436028491772
GLOBAL	X	14190001	14200000	-0.99791250081948	8777	44.140792981594	81.589832627026	37.527378016289
GLOBAL	X	14200001	14210000	-0.89606437304285	8875	42.813392098325	73.524419555878	34.27323792962
GLOBAL	X	14210001	14220000	-0.97919457064245	7258	16.760448304209	39.220131369879	22.936895014577
GLOBAL	X	14220001	14230000	-0.85729704386736	8268	32.008550053357	54.923169291211	26.728914326456
GLOBAL	X	14230001	14240000	-0.93880328666474	8209	17.255448616686	42.068944142808	26.430984934317
GLOBAL	X	14240001	14250000	-0.90883595215213	8086	24.861556058459	51.142670462895	28.917335787831
GLOBAL	X	14250001	14260000	-0.77105309610546	6068	16.992092194912	36.70751387523	25.569473464148
GLOBAL	X	14260001	14270000	-0.68071419744197	4696	9.8199136360496	24.117864713168	21.0043379892
GLOBAL	X	14270001	14280000	-0.79463131615779	7581	19.55734354638	43.345525166397	29.936124006586
GLOBAL	X	14280001	14290000	-0.87554665467564	5929	17.102874936314	45.065480098077	31.937310264891
GLOBAL	X	14290001	14300000	-0.85341989645165	7596	21.536061511627	48.804131323994	31.951528111475
GLOBAL	X	14300001	14310000	-0.82531312452797	7861	17.655355983661	41.423044064692	28.798388605081
GLOBAL	X	14310001	14320000	-0.94405279370456	8307	17.459078407923	41.365152178008	25.322814496713
GLOBAL	X	14320001	14330000	-1.1552732791645	7417	18.882266614296	57.579945944855	33.496558804292
GLOBAL	X	14330001	14340000	-1.1015609557856	8316	5.5038823329683	19.400904041632	12.61575370448
GLOBAL	X	14340001	14350000	-1.4461407137083	8624	9.0893650595797	36.710997721673	19.100238586924
GLOBAL	X	14350001	14360000	-1.1033431676848	8370	4.7421805470527	16.527425243882	10.681395455196
GLOBAL	X	14360001	14370000	-0.69709772654048	7305	6.3894887731748	14.229273480621	11.246320865732
GLOBAL	X	14370001	14380000	-0.64536358279238	6134	4.4553876821656	13.908609677892	14.647901195205
GLOBAL	X	14380001	14390000	-0.60603343277778	5972	3.1206886102279	8.4091442350214	8.7263430344984
GLOBAL	X	14390001	14400000	-0.63276053323574	5086	4.2350783013844	12.815740831418	13.56067908685
GLOBAL	X	14400001	14410000	-0.68724281229309	6233	5.375537711273	15.02043405523	14.03419020386
GLOBAL	X	14410001	14420000	-0.72644476807854	5279	1.9179344811329	7.5268865784964	7.7210991720668
GLOBAL	X	14420001	14430000	-0.70512558688072	5533	1.5364874408587	5.7780185117409	6.0152845816383
GLOBAL	X	14430001	14440000	-0.76640774780043	7465	8.1350246155808	17.840244670338	12.663259319351
GLOBAL	X	14440001	14450000	-0.77349445862351	8298	7.9709011783232	16.668061806454	11.243985695267
GLOBAL	X	14450001	14460000	-0.75857059968621	8107	7.9444654845647	15.057987281383	9.3775342726985
GLOBAL	X	14460001	14470000	-0.83085618759701	9574	9.0640817201741	15.984860928053	8.3296956936619
GLOBAL	X	14470001	14480000	-1.1828105255979	9366	5.9035562967992	15.20600507473	7.8646990169691
GLOBAL	X	14480001	14490000	-1.2301582695785	9709	5.2758405574506	15.857546608539	8.6019062040807
GLOBAL	X	14490001	14500000	-1.3252663513455	9186	4.4204821249008	16.518821656509	9.1289871800678
GLOBAL	X	14500001	14510000	-1.1329151504293	8898	5.9690367340781	15.079633718649	8.0417293220223
GLOBAL	X	14510001	14520000	-1.0691958408529	9341	9.7753609750585	21.714096377289	11.166088518177
GLOBAL	X	14520001	14530000	-1.0197041349797	9479	12.999286840159	25.333873941526	12.096241133328
GLOBAL	X	14530001	14540000	-1.3535937619386	9530	5.8750735683659	19.101609511439	9.7714220580708
GLOBAL	X	14540001	14550000	-1.5786208611307	9744	5.4701145078017	18.44267120424	8.2176518858027
GLOBAL	X	14550001	14560000	-1.1633760493258	9209	6.9579175613576	18.978750803903	10.332715074814
GLOBAL	X	14560001	14570000	-1.1587143869731	9344	6.4791147151535	16.763991448518	8.876110324505
GLOBAL	X	14570001	14580000	-1.0265706226363	8585	7.0127209105012	16.384301019552	9.1290164577124
GLOBAL	X	14580001	14590000	-0.57630173905565	1671	1.6245824739882	4.2241717980605	4.5108129091057
GLOBAL	X	14590001	14600000	-0.87336718785566	6717	4.2231963260388	13.86572024402	11.040629934422
GLOBAL	X	14600001	14610000	-0.8957178521549	8995	10.562245681897	20.849718310242	11.485170920281
GLOBAL	X	14610001	14620000	-0.92325373354368	8605	10.411326395917	27.027115724808	17.996991211847
GLOBAL	X	14620001	14630000	-1.0869215027919	9333	10.069854495967	24.848756986667	13.597028352773
GLOBAL	X	14630001	14640000	-1.0682289452173	9409	9.8395537772669	25.367729660818	14.536374391533
GLOBAL	X	14640001	14650000	-0.84530769660323	5232	1.009804114279	5.530784951913	5.3483256520685
GLOBAL	X	14650001	14660000	-1.0759492760354	7628	5.2316138757034	14.46515939926	8.5817665657808
GLOBAL	X	14660001	14670000	-0.75602800513053	6440	6.3140558226137	15.006808163484	11.497923730179
GLOBAL	X	14670001	14680000	-0.57451085381652	5870	5.1204003759109	11.346464227226	10.837156182438
GLOBAL	X	14680001	14690000	-0.97987798883888	5515	3.1566010686142	9.1292858161351	6.0953351494284
GLOBAL	X	14690001	14700000	-0.81356036915253	7590	5.7853500244438	15.636918325067	12.109203783962
GLOBAL	X	14700001	14710000	-0.91055688132162	8696	8.0540982585439	17.421855630562	10.287943086456
GLOBAL	X	14710001	14720000	-1.2138275719538	9097	7.2920066951056	20.127420523729	10.574330428137
GLOBAL	X	14720001	14730000	-1.154375203737	9476	6.9887113285681	24.992280478658	15.595942369351
GLOBAL	X	14730001	14740000	-0.93867719243191	7608	4.7680792946711	14.561863757824	10.433602245922
GLOBAL	X	14740001	14750000	-0.58435545039543	4612	2.808434581686	7.486063281707	8.0047661005912
GLOBAL	X	14750001	14760000	-0.7838695756069	6015	4.3619820389416	13.316552645603	11.423546576264
GLOBAL	X	14760001	14770000	-0.97486092798619	8303	9.2300663122347	23.502956261239	14.640949841418
GLOBAL	X	14770001	14780000	-0.82484864201724	8476	11.528645456968	27.009854541263	18.768545276907
GLOBAL	X	14780001	14790000	-0.7776824373082	8747	11.571208669716	23.907103623751	15.862380789688
GLOBAL	X	14790001	14800000	-0.63772101247093	8672	14.566905631119	23.981189744932	14.762386576123
GLOBAL	X	14800001	14810000	-0.10905922203872	8473	58.784348119731	62.882769952489	37.579782398433
GLOBAL	X	14810001	14820000	0.066899628374485	7505	106.45436678714	102.75793896821	55.253338602112
GLOBAL	X	14820001	14830000	0.76351216306102	8186	118.33451779779	85.617730178126	42.850381699875
GLOBAL	X	14830001	14840000	0.095559770278474	7044	73.587524498145	69.175685857591	46.168368003577
GLOBAL	X	14840001	14850000	-0.047279237116241	7215	122.13020191301	125.64181492406	74.273893261254
GLOBAL	X	14850001	14860000	-0.3128821143972	6470	48.097146126891	63.502190856385	49.235939098575
GLOBAL	X	14860001	14870000	0.016355706992269	7788	101.87404304311	100.84025763036	63.206403321056
GLOBAL	X	14870001	14880000	0.27606679595614	8073	104.86885652258	93.07130011103	42.734427263103
GLOBAL	X	14880001	14890000	0.16806432419625	8828	88.533171707523	82.365348733107	36.69918053051
GLOBAL	X	14890001	14900000	0.12356323178806	7781	88.516148439481	83.345309934192	41.847711738055
GLOBAL	X	14900001	14910000	0.038131531897038	7141	59.838023763005	58.516806324075	34.648947293747
GLOBAL	X	14910001	14920000	0.32165297652958	8690	70.154771887234	61.499099189939	26.90997232696
GLOBAL	X	14920001	14930000	1.7525937792309	9035	77.327215613062	44.302512400223	18.843330156822
GLOBAL	X	14930001	14940000	2.8356669579633	9514	73.433593814519	33.537479910574	14.069393372133
GLOBAL	X	14940001	14950000	-0.39730153119391	9777	15.36234717213	18.702862560038	8.4080103539245
GLOBAL	X	14950001	14960000	-1.125944518137	9811	7.3546500724297	15.58384830317	7.308706688635
GLOBAL	X	14960001	14970000	-1.486342328424	9658	4.8686339413055	16.364610415818	7.7344069765558
GLOBAL	X	14970001	14980000	-1.2503201801034	9561	5.3565675511772	13.116627415527	6.2064581439512
GLOBAL	X	14980001	14990000	-1.6940326261228	9786	3.5724942310982	16.102514711677	7.3965638485116
GLOBAL	X	14990001	15000000	-1.472249725889	9862	5.4909533769736	18.053524971837	8.5329080888618
GLOBAL	X	15000001	15010000	-1.5465214071763	9502	4.6730408421305	17.278494431065	8.1508432605212
GLOBAL	X	15010001	15020000	-1.5235424201329	9344	13.594319210376	39.179587506504	16.793275958732
GLOBAL	X	15020001	15030000	-1.4506276926841	9300	8.7093977182399	25.979181605205	11.905042192467
GLOBAL	X	15030001	15040000	-1.3689668840911	9444	5.0319793081962	14.807486221396	7.140791371071
GLOBAL	X	15040001	15050000	-1.3566709329281	9369	3.9721245145245	14.574073758359	7.8146800277886
GLOBAL	X	15050001	15060000	-1.1296526876437	9489	6.7474080378455	16.047415103964	8.2326250960523
GLOBAL	X	15060001	15070000	-1.3879146744703	9832	4.253339810187	13.771388294421	6.8578052090034
GLOBAL	X	15070001	15080000	-1.448822608332	9309	4.0883066867027	14.027422803163	6.8601332276996
GLOBAL	X	15080001	15090000	-1.4552931207499	9434	4.3561529704855	15.462786061479	7.6318873034117
GLOBAL	X	15090001	15100000	-1.339047860608	9646	5.1564384069694	14.80693231274	7.2069820576753
GLOBAL	X	15100001	15110000	-1.3825652469943	9568	4.3565801253651	14.030707105665	6.9972299689522
GLOBAL	X	15110001	15120000	-1.474187646944	9709	3.4458279197642	12.207167999659	5.9431647647143
GLOBAL	X	15120001	15130000	-1.2080276649439	9594	4.5939096963799	12.468770118535	6.51877490117
GLOBAL	X	15130001	15140000	-1.1110578581632	9611	5.5712004343203	13.132889083563	6.8058459725437
GLOBAL	X	15140001	15150000	-1.3274277105715	9463	4.5630170446443	13.249770273081	6.5440499390331
GLOBAL	X	15150001	15160000	-1.1769172371657	9750	4.8733520250117	11.688575544759	5.790741527552
GLOBAL	X	15160001	15170000	-1.4687320871163	9624	3.2463319791782	12.59821731676	6.3673187367636
GLOBAL	X	15170001	15180000	-1.5640556216227	9787	3.9888967376481	16.104919469263	7.746542107655
GLOBAL	X	15180001	15190000	-1.5408464639291	9670	4.0167375589751	15.466426099691	7.4307783473245
GLOBAL	X	15190001	15200000	-1.5899941228522	9695	4.2028307212576	15.45395139213	7.076202678466
GLOBAL	X	15200001	15210000	-1.4699995999101	9879	5.4329260445482	15.971954979546	7.1694093900723
GLOBAL	X	15210001	15220000	-1.6754560497794	9394	2.7192754595239	13.765434162238	6.592926567169
GLOBAL	X	15220001	15230000	-1.3696666743131	9736	4.4399282483206	14.690847141816	7.4842434920427
GLOBAL	X	15230001	15240000	-1.6288588866951	9517	3.7006522179447	15.194853726643	7.0565974760524
GLOBAL	X	15240001	15250000	-1.4098149009297	9740	4.6389487040384	14.547469892719	7.0282426311046
GLOBAL	X	15250001	15260000	-1.7130510967745	9667	2.8307197774777	14.28826097374	6.6883826278362
GLOBAL	X	15260001	15270000	-1.3748936892821	9366	3.7679147171992	11.558492747512	5.6663130328139
GLOBAL	X	15270001	15280000	-1.4779623118951	9625	4.2019591166137	14.546500222366	6.999191401903
GLOBAL	X	15280001	15290000	-1.6513902353901	9654	2.6254994045619	13.505876091886	6.5886163392225
GLOBAL	X	15290001	15300000	-1.4985235547584	9659	3.0212960678195	12.080722105472	6.0455679918311
GLOBAL	X	15300001	15310000	-1.546152425906	9594	4.3158361398784	15.454112096612	7.2038666887623
GLOBAL	X	15310001	15320000	-1.7505237806639	9657	2.7267706733101	14.15571256078	6.5288698238279
GLOBAL	X	15320001	15330000	-1.5760946060619	9823	2.7369213072918	14.292945496646	7.3320625201739
GLOBAL	X	15330001	15340000	-1.4422011882585	9643	4.0641522307686	16.246644490107	8.4471517278729
GLOBAL	X	15340001	15350000	-1.5807008654753	9541	3.3639867015723	14.807136962818	7.2392889199852
GLOBAL	X	15350001	15360000	-1.3629712236467	9142	4.7559860492071	18.720848352354	10.245896656411
GLOBAL	X	15360001	15370000	-1.3385152857489	9233	4.3014788211394	15.339236958402	8.2462697697825
GLOBAL	X	15370001	15380000	-1.4685725250091	9637	3.7955581517148	16.248337769463	8.4795128641471
GLOBAL	X	15380001	15390000	-1.9018756081643	9688	2.4127418002929	15.972309154561	7.1295763487683
GLOBAL	X	15390001	15400000	-1.4921459765648	8788	1.9001524737821	11.46352476401	6.409139883381
GLOBAL	X	15400001	15410000	-1.5983565870184	9410	3.8613500317315	15.846443062446	7.4983849837111
GLOBAL	X	15410001	15420000	-1.4265364130669	9707	4.8276797880647	15.195290944149	7.2676806992925
GLOBAL	X	15420001	15430000	-1.3696228618363	6975	3.0298580037268	15.690268290906	9.2437200341453
GLOBAL	X	15430001	15440000	-1.4858690020337	9624	3.4005855818464	14.557695599577	7.5088113437053
GLOBAL	X	15440001	15450000	-1.6053041203546	9459	3.2165961888404	13.636509400655	6.4909278433254
GLOBAL	X	15450001	15460000	-1.1060100570233	8301	3.8082477410599	13.16014556704	8.4555269335889
GLOBAL	X	15460001	15470000	-1.3476618179047	8953	4.1026386614376	15.085999909348	8.1499387323938
GLOBAL	X	15470001	15480000	-1.3205158533121	9234	2.9389506898353	12.364649535973	7.1378914705918
GLOBAL	X	15480001	15490000	-1.5566162917399	9737	4.2186578754759	16.364979235029	7.8030285459603
GLOBAL	X	15490001	15500000	-1.4107025210364	9674	4.6743601348391	17.146830021641	8.841318209057
GLOBAL	X	15500001	15510000	-1.4856956419708	9603	5.4398820402443	18.314275067482	8.6655655866095
GLOBAL	X	15510001	15520000	-1.441858816534	9484	3.4776529464618	12.209031915249	6.0556407247807
GLOBAL	X	15520001	15530000	-1.6543958909227	9743	4.1999070026669	18.702849590341	8.7663071863564
GLOBAL	X	15530001	15540000	-1.4123004252042	9467	4.007279493698	16.11283307733	8.5715145075321
GLOBAL	X	15540001	15550000	-1.0030034086397	9562	6.1647397045941	15.354634437164	9.1623763722136
GLOBAL	X	15550001	15560000	-1.5859318519156	9665	2.9459295777894	14.438368022675	7.2464894572891
GLOBAL	X	15560001	15570000	-1.275442086864	9383	6.0251396701496	17.289522904012	8.8317481051288
GLOBAL	X	15570001	15580000	-1.3935724281119	9062	5.0318031745257	17.149399171003	8.6953471179789
GLOBAL	X	15580001	15590000	-1.6278037669429	9754	3.3391626854226	14.804958331226	7.0437210422092
GLOBAL	X	15590001	15600000	-1.6998464144488	9588	4.15397545827	18.44321675916	8.4061955123887
GLOBAL	X	15600001	15610000	-1.2165059884716	9369	6.9440933220723	15.843088336124	7.3152085549796
GLOBAL	X	15610001	15620000	-1.7424122815213	9638	4.186011826805	18.180877834911	8.0318912788462
GLOBAL	X	15620001	15630000	-1.5067124007838	9091	4.3249133271378	17.151121572844	8.5127116754556
GLOBAL	X	15630001	15640000	-1.5792854783989	9470	3.2057156319541	17.67171017239	9.1598350889044
GLOBAL	X	15640001	15650000	-1.6001311049146	9421	3.6487707404424	15.326202278255	7.2977967254977
GLOBAL	X	15650001	15660000	-1.4552111761553	9580	4.3584441743667	16.634809027543	8.4361397536888
GLOBAL	X	15660001	15670000	-1.6271999764023	9641	5.3795426202015	19.350145880881	8.5856707616038
GLOBAL	X	15670001	15680000	-1.4296847219408	9692	5.1134365527458	17.014982700428	8.3245949019624
GLOBAL	X	15680001	15690000	-1.6353630960133	9328	4.3660036285788	20.396972512344	9.8026969807779
GLOBAL	X	15690001	15700000	-1.4782923538599	9612	3.7833345680219	16.134929493106	8.3553127314995
GLOBAL	X	15700001	15710000	-1.2706003859437	9014	4.1387238939773	15.35299943745	8.8259657934416
GLOBAL	X	15710001	15720000	-1.3499857123245	9556	5.0929201506421	17.280983321772	9.0282904921593
GLOBAL	X	15720001	15730000	-1.5322034477793	9624	5.5003241521392	21.960659189736	10.742917372659
GLOBAL	X	15730001	15740000	-1.3211803207157	9186	5.3834147764289	16.890095985592	8.709394946884
GLOBAL	X	15740001	15750000	-1.0753110412773	9448	7.0761915131575	16.378894167555	8.6511737509433
GLOBAL	X	15750001	15760000	-1.2423471074835	9401	4.3797706478834	13.773049317972	7.5609132210362
GLOBAL	X	15760001	15770000	-1.58963850525	9500	4.4525688499769	18.055323946953	8.5571373944772
GLOBAL	X	15770001	15780000	-1.5439803426212	9708	4.6336452091932	18.05504769024	8.6927288583619
GLOBAL	X	15780001	15790000	-1.2053936339823	9763	9.5925789958422	21.950291433965	10.252014022421
GLOBAL	X	15790001	15800000	-1.4797632260578	9511	6.0514585570353	18.441093195154	8.3727142423491
GLOBAL	X	15800001	15810000	-1.3000568662411	9185	7.1154995888684	19.74889395563	9.7175705884994
GLOBAL	X	15810001	15820000	-1.0343190985961	7848	3.1981573011657	13.159749400438	9.6310627085911
GLOBAL	X	15820001	15830000	-0.96905285898894	6755	2.4342292270238	11.4825725575	9.3373062640949
GLOBAL	X	15830001	15840000	-0.95868058261007	7418	3.6786097823988	13.578190459054	10.326255539362
GLOBAL	X	15840001	15850000	-0.8884928063859	6474	1.9084572606988	9.5505679850468	8.601207201028
GLOBAL	X	15850001	15860000	-1.013619634771	7715	2.8645553605216	12.691997913792	9.6953948169039
GLOBAL	X	15860001	15870000	-1.5108996908469	8814	4.7265635731375	19.779636229115	9.9629861248701
GLOBAL	X	15870001	15880000	-1.1462387282529	9117	7.8491462822098	29.931519070338	19.265073011262
GLOBAL	X	15880001	15890000	-1.3133611939253	8740	5.3420962731241	21.125489221844	12.017556953657
GLOBAL	X	15890001	15900000	-1.2337067690306	8533	5.3191331894726	24.455055528426	15.510916223625
GLOBAL	X	15900001	15910000	-1.0402504358052	6858	2.0555240650314	8.3774311363197	6.0772933648375
GLOBAL	X	15910001	15920000	-1.3341768316924	8949	5.015432781726	23.684126649694	13.992668306409
GLOBAL	X	15920001	15930000	-1.0998902455127	7664	4.9937694668393	15.200048558426	9.2793614028548
GLOBAL	X	15930001	15940000	-1.0147989716654	8326	4.5593746255288	14.286492558851	9.5852658555214
GLOBAL	X	15940001	15950000	-0.96026970575679	8611	4.7931449582267	13.314875562757	8.8743095335018
GLOBAL	X	15950001	15960000	-0.97906223630887	7852	1.6892484765386	8.6093735273895	7.068115584705
GLOBAL	X	15960001	15970000	-0.9928949086688	8943	4.0953261673412	12.566213802057	8.531504755194
GLOBAL	X	15970001	15980000	-0.95724721216403	1567	0.45894739158693	2.1082900192079	1.7230059347912
GLOBAL	MtDNA	1	10000	-2.0921015059035	9313	22.603305124271	96.865689368502	35.496549299677
GLOBAL	MtDNA	10001	20000	-2.1888383828572	3490	7.9080975594224	37.519309591488	13.528277036796
