pop	chromosome	window_pos_1	window_pos_2	avg_watterson_theta	no_sites	raw_watterson_theta	no_var_sites	weighted_no_sites
GLOBAL	I	1	10000	0.0010457621132969	134	0.14013212318178	1	96.57223796034
GLOBAL	I	10001	20000	0.0018266249362341	7118	13.001916296115	97	5446.883424408
GLOBAL	I	20001	30000	0.0015725196723641	8690	13.665195952844	104	7952.5530546624
GLOBAL	I	30001	40000	0.00099604242753728	9013	8.9773303993935	69	8711.1398713826
GLOBAL	I	40001	50000	0.0014318030440678	9527	13.640787600834	105	9492.5434083601
GLOBAL	I	50001	60000	0.0014547604160886	9644	14.029709452759	108	9600.652733119
GLOBAL	I	60001	70000	0.0016502381188881	9290	15.330712124471	118	9207.7524115756
GLOBAL	I	70001	80000	0.0012911132034412	9861	12.731667299134	98	9816.1945337621
GLOBAL	I	80001	90000	0.0012909627036384	9565	12.348058260301	95	9503.1977491961
GLOBAL	I	90001	100000	0.001448323526631	9064	13.127604445383	101	9003.9887459807
GLOBAL	I	100001	110000	0.0014215027706845	9324	13.254091833862	102	9268.7395498392
GLOBAL	I	110001	120000	0.0010955216362842	8898	9.7479515196568	75	8527.0128617363
GLOBAL	I	120001	130000	0.0010249482282642	9630	9.8702514381845	76	9596.7218649518
GLOBAL	I	130001	140000	0.0011451688812783	9301	10.651215764769	82	9241.5964630225
GLOBAL	I	140001	150000	0.0012570311686035	9511	11.955623444587	92	9427.5225080386
GLOBAL	I	150001	160000	0.0015769358302705	9641	15.203238339637	117	9579.575562701
GLOBAL	I	160001	170000	0.0011597199942749	9523	11.04401350548	85	9427.6398713826
GLOBAL	I	170001	180000	0.0016788503448363	9598	16.113605609739	124	9536.8987138264
GLOBAL	I	180001	190000	0.0014602324417006	9521	13.902873077431	107	9474.3922829582
GLOBAL	I	190001	200000	0.001819241138651	9426	17.148166972924	132	9379.4099678457
GLOBAL	I	200001	210000	0.0018178667455073	9290	16.887982065762	130	9243.0546623794
GLOBAL	I	210001	220000	0.0017696721338454	9040	15.997836089963	123	8938.5916398714
GLOBAL	I	220001	230000	0.0017961620276342	8976	16.122350360045	124	8607.4549839228
GLOBAL	I	230001	240000	0.0016010815240468	9334	14.944494945452	115	9267.2974276527
GLOBAL	I	240001	250000	0.0012354796541989	9470	11.699992325264	90	9210.7186495177
GLOBAL	I	250001	260000	0.00092148275550495	9584	8.8314907287594	68	9561.1077170418
GLOBAL	I	260001	270000	0.0015939883292852	9616	15.327791774407	118	9576.4260450161
GLOBAL	I	270001	280000	0.0013772266838523	9250	12.739346825634	98	9165.6061093248
GLOBAL	I	280001	290000	0.0017707036619064	8889	15.739784850686	121	8793.154340836
GLOBAL	I	290001	300000	0.0014928149641171	9142	13.647314401959	105	9076.4565916399
GLOBAL	I	300001	310000	0.0014093582161626	9496	13.38326562068	103	9445.6897106109
GLOBAL	I	310001	320000	0.0021139399748153	8267	17.475941771798	133	7143.3440514469
GLOBAL	I	320001	330000	0.0015224674600668	9389	14.294446982567	110	9320.152733119
GLOBAL	I	330001	340000	0.0017147744148664	9473	16.244058032029	125	9427.7443729904
GLOBAL	I	340001	350000	0.001658852815742	9248	15.341070839982	118	9182.4421221865
GLOBAL	I	350001	360000	0.0016329008923654	9548	15.590937720305	120	9495.6125401929
GLOBAL	I	360001	370000	0.0019135845965165	9233	17.668126579637	136	9179.922829582
GLOBAL	I	370001	380000	0.0015359190223959	9051	13.901603071705	107	9009.4790996785
GLOBAL	I	380001	390000	0.0021844072322818	9105	19.889027849926	153	8976.8890675241
GLOBAL	I	390001	400000	0.0046203049046487	9343	43.167508724132	332	9250.1302250804
GLOBAL	I	400001	410000	0.0063040499658645	9116	57.467719488821	442	8994.2540192926
GLOBAL	I	410001	420000	0.0058104785184926	9060	52.642935377543	405	8971.6784565916
GLOBAL	I	420001	430000	0.0045101859295931	9066	40.889345637691	314	8429.0819935691
GLOBAL	I	430001	440000	0.0080319577669082	8903	71.508519998784	550	8803.0964630225
GLOBAL	I	440001	450000	0.002539647123964	9008	22.877141292667	174	7839.0176848875
GLOBAL	I	450001	460000	0.001448799623044	9327	13.512954084131	104	9276.3553054662
GLOBAL	I	460001	470000	0.00128949244549	9372	12.085123199133	93	9321.2475884244
GLOBAL	I	470001	480000	0.0014218149864199	9320	13.251315673434	102	9268.1334405145
GLOBAL	I	480001	490000	0.0021941930817517	8958	19.655581626332	151	8653.8745980707
GLOBAL	I	490001	500000	0.0014793210462943	9397	13.901179872027	107	9352.0112540193
GLOBAL	I	500001	510000	0.0016497185658147	9533	15.726767087911	121	9468.3504823151
GLOBAL	I	510001	520000	0.0022295215537876	9270	20.667664803611	159	9148.8376205788
GLOBAL	I	520001	530000	0.0022431855455717	8717	19.553848400749	149	8181.9083601286
GLOBAL	I	530001	540000	0.0011028678054897	9775	10.780532798662	83	9735.4549839228
GLOBAL	I	540001	550000	0.0012436972911961	9611	11.953174665686	92	9565.3279742765
GLOBAL	I	550001	560000	0.0017824912259801	8752	15.600363209778	120	8678.2990353698
GLOBAL	I	560001	570000	0.0025025482853459	8200	20.520895939836	153	7611.578778135
GLOBAL	I	570001	580000	0.0017259668916504	8443	14.572338466205	112	8341.692926045
GLOBAL	I	580001	590000	0.0016217916780754	8957	14.526388060521	111	8605.6864951768
GLOBAL	I	590001	600000	0.0016858202937884	7376	12.434610486983	92	6699.654340836
GLOBAL	I	600001	610000	0.0032795150667899	6969	22.854940500459	175	6719.9774919614
GLOBAL	I	610001	620000	0.0021988791870138	3829	8.4195084070758	58	2341.4071082391
GLOBAL	I	620001	630000	0.0018393936879499	1446	2.6597632727755	14	257.30066815145
GLOBAL	I	630001	640000	0.0022381448548711	3298	7.381401731365	44	676.20261437908
GLOBAL	I	640001	650000	0.0024546251999752	9019	22.138264678576	170	8856.4019292605
GLOBAL	I	650001	660000	0.0020565150958939	8665	17.81970330592	137	8572.2540192926
GLOBAL	I	660001	670000	0.0017182516568464	8700	14.948789414564	115	8604.5803858521
GLOBAL	I	670001	680000	0.0018590315507966	9163	17.034306099949	131	9054.0610932476
GLOBAL	I	680001	690000	0.0015382232423242	9217	14.177803624502	109	9146.6639871383
GLOBAL	I	690001	700000	0.0020314178701942	9094	18.473714111546	142	8981.8649517685
GLOBAL	I	700001	710000	0.0024766505412932	8296	20.546292890569	156	7833.1993569132
GLOBAL	I	710001	720000	0.0022184798070365	8559	18.987968668425	146	8467.1832797428
GLOBAL	I	720001	730000	0.0022714182993712	8990	20.420050511347	157	8891.0675241158
GLOBAL	I	730001	740000	0.0030508283531598	8535	26.038819994219	200	8344.4807073955
GLOBAL	I	740001	750000	0.0026008526678914	8505	22.120251940416	170	8379.6382636656
GLOBAL	I	750001	760000	0.003540055625476	8745	30.957786444788	238	8633.1768488746
GLOBAL	I	760001	770000	0.0036487893715511	8740	31.890419107356	245	8605.001607717
GLOBAL	I	770001	780000	0.0035028451261944	8327	29.168191365821	221	7476.7717041801
GLOBAL	I	780001	790000	0.00215913264848	8083	17.452269197664	134	7676.1109324759
GLOBAL	I	790001	800000	0.0019098792178328	8721	16.65605665872	128	8593.6270096463
GLOBAL	I	800001	810000	0.0019769267890301	8948	17.689540908241	136	8821.0176848875
GLOBAL	I	810001	820000	0.0035302460265595	8836	31.19325389068	240	8759.2154340836
GLOBAL	I	820001	830000	0.0029227462874606	8813	25.75816303139	198	8658.4019292604
GLOBAL	I	830001	840000	0.0025756288967128	8983	23.136874379171	178	8907.5112540193
GLOBAL	I	840001	850000	0.0028806141431844	7964	22.941211036321	176	7783.3762057878
GLOBAL	I	850001	860000	0.0028083870171816	8852	24.859841876091	191	8715.0498392283
GLOBAL	I	860001	870000	0.0027700879852656	8789	24.346303302499	187	8611.8215434084
GLOBAL	I	870001	880000	0.0032225991868603	8206	26.444648927376	203	7940.7829581994
GLOBAL	I	880001	890000	0.0037843315824766	8468	32.045719840411	246	8317.6028938907
GLOBAL	I	890001	900000	0.0028494263159473	8726	24.864094032956	191	8593.6479099678
GLOBAL	I	900001	910000	0.0018615698553657	9158	17.048256735439	131	9043.5289389068
GLOBAL	I	910001	920000	0.0024166189077483	8996	21.739903694103	167	8852.6254019293
GLOBAL	I	920001	930000	0.002771373835529	8870	24.582085921142	188	8708.38585209
GLOBAL	I	930001	940000	0.0021276610489467	9104	19.370226189611	149	9008.0562700965
GLOBAL	I	940001	950000	0.0027488288534488	8711	23.945048142392	184	8609.0273311897
GLOBAL	I	950001	960000	0.0030928214946124	8753	27.071466542343	208	8625.0337620579
GLOBAL	I	960001	970000	0.0031451182418979	8421	26.485040715023	203	8296.2765273312
GLOBAL	I	970001	980000	0.0015537712887146	8953	13.910914347862	107	8872.2572347267
GLOBAL	I	980001	990000	0.0031828827306266	6472	20.599617032616	158	6289.9758842444
GLOBAL	I	990001	1000000	0.0020109986921823	9191	18.483088979848	142	9050.8118971061
GLOBAL	I	1000001	1010000	0.0035511010021056	8856	31.448550474648	242	8798.5578778135
GLOBAL	I	1010001	1020000	0.0023214010763237	8904	20.669755183586	159	8829
GLOBAL	I	1020001	1030000	0.0024158434178815	8469	20.459777906038	157	8273
GLOBAL	I	1030001	1040000	0.0018647622746511	9068	16.909664306536	130	8965.1350482315
GLOBAL	I	1040001	1050000	0.0017926213147013	9214	16.517212793658	127	9126.4260450161
GLOBAL	I	1050001	1060000	0.0018313547482554	7387	13.528217525363	104	7254.1688102894
GLOBAL	I	1060001	1070000	0.0042195284692195	8190	34.557938162908	265	7944.3536977492
GLOBAL	I	1070001	1080000	0.005838121192964	8128	47.452249056411	363	7802.4389067524
GLOBAL	I	1080001	1090000	0.005748072622905	8870	50.985404165167	392	8750.3874598071
GLOBAL	I	1090001	1100000	0.0036649848789313	9011	33.02517874405	254	8899.6254019293
GLOBAL	I	1100001	1110000	0.0038429124670142	8706	33.456395937826	257	8519.7282958199
GLOBAL	I	1110001	1120000	0.003254610357196	8410	27.371273104018	210	8143.0900321543
GLOBAL	I	1120001	1130000	0.0027321253646232	8953	24.460718389472	188	8818.9726688103
GLOBAL	I	1130001	1140000	0.003115534019533	8894	27.709559569727	213	8778.6672025723
GLOBAL	I	1140001	1150000	0.0056550222469852	7821	44.227928993671	335	6964.5691318328
GLOBAL	I	1150001	1160000	0.0056997194656592	8033	45.78584646764	351	7795.9180064309
GLOBAL	I	1160001	1170000	0.0039652641981153	8508	33.736467797565	259	8311.5209003215
GLOBAL	I	1170001	1180000	0.0027148119140696	8683	23.572711849866	181	8561.2829581994
GLOBAL	I	1180001	1190000	0.0058055242969641	8691	50.455811664915	387	8512.6414790997
GLOBAL	I	1190001	1200000	0.0032640471341931	8293	27.068742883863	208	8156.0819935691
GLOBAL	I	1200001	1210000	0.0027868857193397	9017	25.129348531286	193	8847.0546623794
GLOBAL	I	1210001	1220000	0.0026692737065365	9114	24.327760561374	187	8978.9372990354
GLOBAL	I	1220001	1230000	0.0027944210169728	8156	22.79129781443	175	7991.1350482315
GLOBAL	I	1230001	1240000	0.0023511835029344	8804	20.699819559835	159	8636.9485530547
GLOBAL	I	1240001	1250000	0.0019059388499113	8327	15.870752803211	122	8240.3553054662
GLOBAL	I	1250001	1260000	0.0080410693556914	7979	64.159692389062	488	7530.345659164
GLOBAL	I	1260001	1270000	0.0026743415562347	8362	22.362844093235	172	8265.6270096463
GLOBAL	I	1270001	1280000	0.0020635792660438	9324	19.240813076592	148	9239.2604501608
GLOBAL	I	1280001	1290000	0.0022904529075126	8937	20.46977763444	157	8726.4678456592
GLOBAL	I	1290001	1300000	0.0025457976207728	8889	22.629595051049	173	8382.7331189711
GLOBAL	I	1300001	1310000	0.0028786399726435	8757	25.208250240439	194	8558.2411575563
GLOBAL	I	1310001	1320000	0.0033165657492982	8697	28.844172321647	221	8094.5980707396
GLOBAL	I	1320001	1330000	0.0022329784898907	8566	19.127693744404	147	8452.0884244373
GLOBAL	I	1330001	1340000	0.0024273564178071	8785	21.324326130435	164	8701.8536977492
GLOBAL	I	1340001	1350000	0.0026996215361236	9340	25.214465147394	194	9284.9469453376
GLOBAL	I	1350001	1360000	0.0050728814122796	8521	43.226022514034	332	8336.7250803859
GLOBAL	I	1360001	1370000	0.0018573948301319	9167	17.026738407819	131	9072.2025723473
GLOBAL	I	1370001	1380000	0.0020336460389825	8903	18.105550685061	139	8768.7009646302
GLOBAL	I	1380001	1390000	0.0029144463292047	8803	25.655871035989	197	8631.9340836013
GLOBAL	I	1390001	1400000	0.0026986153353287	8460	22.830285736881	175	8283.3681672026
GLOBAL	I	1400001	1410000	0.0029921823988727	8304	24.847082640239	190	7989.0128617363
GLOBAL	I	1410001	1420000	0.0016132265805254	8862	14.296413956616	110	8797.0112540193
GLOBAL	I	1420001	1430000	0.0019777640431989	8676	17.159080838793	132	8594.2025723473
GLOBAL	I	1430001	1440000	0.0026998804327015	8724	23.553756894888	181	8593.4919614148
GLOBAL	I	1440001	1450000	0.0025338831422765	8898	22.546492199976	173	8712.5900321543
GLOBAL	I	1450001	1460000	0.0028175922925927	8837	24.899063089642	191	8563.8408360129
GLOBAL	I	1460001	1470000	0.0047458844573855	8241	39.110833813314	299	7905.4260450161
GLOBAL	I	1470001	1480000	0.0028859655831886	8930	25.771672657874	195	8233.7266881029
GLOBAL	I	1480001	1490000	0.0053086337721798	8386	44.5182028135	341	7773.6446945338
GLOBAL	I	1490001	1500000	0.004246492694286	7753	32.9230578588	253	7608.6993569132
GLOBAL	I	1500001	1510000	0.0025730933389315	8551	22.002521141203	169	8412.9790996785
GLOBAL	I	1510001	1520000	0.0056821885769363	8667	49.247528396307	378	8486.3890675241
GLOBAL	I	1520001	1530000	0.0084000859047046	8183	68.737902958198	528	7997.2379421222
GLOBAL	I	1530001	1540000	0.0014804703286532	9216	13.644014548868	105	9167.1768488746
GLOBAL	I	1540001	1550000	0.0033176726485506	9125	30.273762918025	232	8765.8922829582
GLOBAL	I	1550001	1560000	0.0032105500413436	8951	28.737633420067	221	8850.0836012862
GLOBAL	I	1560001	1570000	0.0022732426974357	9039	20.547840742121	158	8959.6302250804
GLOBAL	I	1570001	1580000	0.0020971793274206	8739	18.327250142329	141	8658.0884244373
GLOBAL	I	1580001	1590000	0.0013626736036139	9344	12.732822152169	98	9290.3151125402
GLOBAL	I	1590001	1600000	0.0019722319097817	9301	18.34372899288	141	9196.8794212219
GLOBAL	I	1600001	1610000	0.0019124221796355	9244	17.67843062855	136	9169.2218649518
GLOBAL	I	1610001	1620000	0.0023051042332888	9361	21.578080727817	166	9273.9372990354
GLOBAL	I	1620001	1630000	0.0031524697924496	8711	27.461164362028	211	8574.2958199357
GLOBAL	I	1630001	1640000	0.0021204415395853	8962	19.003397077764	146	8772.9855305466
GLOBAL	I	1640001	1650000	0.0021760124800232	7857	17.096930055542	130	6804.7749196141
GLOBAL	I	1650001	1660000	0.0030717581197042	9089	27.919209549992	213	8636.3360128617
GLOBAL	I	1660001	1670000	0.0023848641414611	9132	21.778579339823	165	8602.3327974277
GLOBAL	I	1670001	1680000	0.0031342141275293	8867	27.791076668802	213	8664.4051446945
GLOBAL	I	1680001	1690000	0.0021076258923241	8939	18.840067851485	145	8880.421221865
GLOBAL	I	1690001	1700000	0.0031070639567923	9357	29.072797443706	220	8421.2202572347
GLOBAL	I	1700001	1710000	0.0022490490027231	9660	21.725813366305	167	9547.6318327974
GLOBAL	I	1710001	1720000	0.0020634608886252	8950	18.467974953196	142	8855.2974276527
GLOBAL	I	1720001	1730000	0.0039629606562144	8412	33.336425040076	255	7790.2411575563
GLOBAL	I	1730001	1740000	0.0029765914114747	8666	25.79514117184	197	8240.5675241158
GLOBAL	I	1740001	1750000	0.002587128746302	8894	23.00992306961	177	8825.2990353698
GLOBAL	I	1750001	1760000	0.0013034623341541	9568	12.471527613187	96	9518.461414791
GLOBAL	I	1760001	1770000	0.0014605028313315	9783	14.288099198916	110	9741.3745980707
GLOBAL	I	1770001	1780000	0.0034749729655068	9053	31.458930256733	242	8984.8938906752
GLOBAL	I	1780001	1790000	0.0024211988680799	5803	14.050217031468	108	5479.4935691318
GLOBAL	I	1790001	1800000	0.00022433851823032	1182	0.26516812854824	2	604.1384863124
GLOBAL	I	1800001	1810000	0.002350128930047	8736	20.53072633289	158	8310.6495176849
GLOBAL	I	1810001	1820000	0.0028149890900648	8919	25.106887694288	193	8802.2057877814
GLOBAL	I	1820001	1830000	0.0023216445614155	8909	20.683531397651	159	8775.692926045
GLOBAL	I	1830001	1840000	0.001474695071953	9171	13.524428504881	104	9084.998392283
GLOBAL	I	1840001	1850000	0.0017170285201282	9384	16.112595632883	124	9316.0241157556
GLOBAL	I	1850001	1860000	0.0015830102637499	9357	14.812227037908	114	9307.1961414791
GLOBAL	I	1860001	1870000	0.0018702605138121	9317	17.425217207187	134	9210.7926045016
GLOBAL	I	1870001	1880000	0.0021557632605064	8451	18.218355314539	140	8107.4212218649
GLOBAL	I	1880001	1890000	0.0024922309578101	8314	20.720408183233	158	7899.3263665595
GLOBAL	I	1890001	1900000	0.0022407298730313	9053	20.285327540553	156	8952.3520900322
GLOBAL	I	1900001	1910000	0.0023815338364194	9228	21.976794242478	169	9116.5353697749
GLOBAL	I	1910001	1920000	0.0016862741225889	9098	15.341721967314	118	8992.8247588424
GLOBAL	I	1920001	1930000	0.0027708326352845	7797	21.604182057314	166	7325.7347266881
GLOBAL	I	1930001	1940000	0.0023939037569859	8693	20.810205359478	160	8597.615755627
GLOBAL	I	1940001	1950000	0.0014825346289462	8765	12.994416022714	100	8700.38585209
GLOBAL	I	1950001	1960000	0.0017563314167629	9106	15.993153881043	123	9034.9726688103
GLOBAL	I	1960001	1970000	0.002077215283154	9079	18.859037555755	145	8979.347266881
GLOBAL	I	1970001	1980000	0.0068561904192043	8261	56.638989053047	435	8101.731511254
GLOBAL	I	1980001	1990000	0.0026383507372118	8822	23.275530203683	179	8734.6205787781
GLOBAL	I	1990001	2000000	0.0051145464746078	9353	47.836353177007	368	9258.4453376206
GLOBAL	I	2000001	2010000	0.0062967047856553	8658	54.516870034203	417	8483.963022508
GLOBAL	I	2010001	2020000	0.005965184041065	8205	48.944335056939	375	8001.5819935691
GLOBAL	I	2020001	2030000	0.0027399993772513	9062	24.829874356652	191	8970.2508038585
GLOBAL	I	2030001	2040000	0.0017294360231449	9319	16.116614299687	124	9248.4855305466
GLOBAL	I	2040001	2050000	0.0029941397963128	9158	27.420332254633	211	9093.1575562701
GLOBAL	I	2050001	2060000	0.0031126633062192	8449	26.298892274246	202	8291.3681672026
GLOBAL	I	2060001	2070000	0.0023984045265336	8803	21.113155047076	162	8641.5321543408
GLOBAL	I	2070001	2080000	0.0024512530026097	8757	21.465622543853	165	8655.459807074
GLOBAL	I	2080001	2090000	0.0020299415062354	8836	17.936563149096	138	8776.5964630225
GLOBAL	I	2090001	2100000	0.0027664848390389	8755	24.220574765785	185	8581.6881028939
GLOBAL	I	2100001	2110000	0.0026583809109623	8418	22.37825050848	172	8321.1125401929
GLOBAL	I	2110001	2120000	0.0014178833120359	9349	13.255791084223	102	9268.4694533762
GLOBAL	I	2120001	2130000	0.00174813816754	9160	16.012945614666	123	9047.9356913183
GLOBAL	I	2130001	2140000	0.0016622063329797	8995	14.951545965152	115	8361.692926045
GLOBAL	I	2140001	2150000	0.0013182812900201	9465	12.47753241004	96	9371.3231511254
GLOBAL	I	2150001	2160000	0.0022644877816705	9072	20.543433155315	157	8924.1945337621
GLOBAL	I	2160001	2170000	0.0023083510190045	8235	19.009270641502	146	8088.6028938907
GLOBAL	I	2170001	2180000	0.0025017299901028	8426	21.079576896606	162	8334.0723472669
GLOBAL	I	2180001	2190000	0.0010405769047185	9122	9.4921425248418	73	9075.2958199357
GLOBAL	I	2190001	2200000	0.0018497382574097	9487	17.548466848046	135	9424.0064308682
GLOBAL	I	2200001	2210000	0.0013459272753058	9221	12.410795405595	95	8463.2138263666
GLOBAL	I	2210001	2220000	0.0011874079863384	5369	6.3751934786506	49	4479.461414791
GLOBAL	I	2220001	2230000	0.0022930778359033	8457	19.392559258234	149	8116.3167202572
GLOBAL	I	2230001	2240000	0.0018188423366622	7380	13.423056444567	103	6948.5610932476
GLOBAL	I	2240001	2250000	0.0021669408806512	7085	15.352776139414	118	6849.7765273312
GLOBAL	I	2250001	2260000	0.0053257506854981	8570	45.641683374718	351	8455.154340836
GLOBAL	I	2260001	2270000	0.0034970639833424	7958	27.829635179439	214	7832.5498392283
GLOBAL	I	2270001	2280000	0.0019546402858124	8783	17.16760563029	132	8695.961414791
GLOBAL	I	2280001	2290000	0.0026622954035725	8300	22.097051849652	170	8203.191318328
GLOBAL	I	2290001	2300000	0.0024456652992074	7476	18.283793776874	140	7219.7540192926
GLOBAL	I	2300001	2310000	0.0021679893156359	8502	18.432245161536	141	8235.0096463023
GLOBAL	I	2310001	2320000	0.0024483179779732	8921	21.841444681499	168	8819.4903536977
GLOBAL	I	2320001	2330000	0.0022707109749662	9053	20.556746456369	158	8962.9855305466
GLOBAL	I	2330001	2340000	0.001557419009926	9512	14.814169622416	114	9456.1221864952
GLOBAL	I	2340001	2350000	0.0016944004946449	8743	14.81414352468	114	8677.9051446945
GLOBAL	I	2350001	2360000	0.0017398562959966	9190	15.989279360209	123	9088.0498392283
GLOBAL	I	2360001	2370000	0.0026907000395342	8515	22.911310836634	176	8297.5176848875
GLOBAL	I	2370001	2380000	0.0019989557603597	8658	17.306958973195	133	8531.6446945338
GLOBAL	I	2380001	2390000	0.0022241772966843	8595	19.116803865002	147	8503.731511254
GLOBAL	I	2390001	2400000	0.0026549586175696	8618	22.880433366215	176	8513.963022508
GLOBAL	I	2400001	2410000	0.0026347775084114	8880	23.396824274693	180	8792.0192926045
GLOBAL	I	2410001	2420000	0.002445601515984	9053	22.140030524203	170	8934.1189710611
GLOBAL	I	2420001	2430000	0.002126485343222	9316	19.810337457457	152	8726.2106109325
GLOBAL	I	2430001	2440000	0.0019270588167298	8055	15.522458768759	119	6776.1446945338
GLOBAL	I	2440001	2450000	0.0022171009587824	8978	19.905132407948	153	8855.4292604502
GLOBAL	I	2450001	2460000	0.0021354937555256	8923	19.055010780555	146	8239.4260450161
GLOBAL	I	2460001	2470000	0.0025137341735673	9154	23.010722624835	177	9078.268488746
GLOBAL	I	2470001	2480000	0.0021683279376105	8989	19.49109983118	150	8938.8971061093
GLOBAL	I	2480001	2490000	0.0015394764490354	9205	14.170880713371	109	9133
GLOBAL	I	2490001	2500000	0.0015965666136606	9304	14.854455773498	114	9192.9855305466
GLOBAL	I	2500001	2510000	0.0010790032054437	9392	10.133998105527	78	9348.4855305466
GLOBAL	I	2510001	2520000	0.0012627329968803	9465	11.951767815472	92	9410.7122186495
GLOBAL	I	2520001	2530000	0.0021265716564542	8678	18.454388834709	142	8621.1623794212
GLOBAL	I	2530001	2540000	0.0021607221747337	8798	19.010033693307	146	8676.7266881029
GLOBAL	I	2540001	2550000	0.0016383510049098	9045	14.818884839409	114	8964.2234726688
GLOBAL	I	2550001	2560000	0.0018927023598389	8728	16.519506196674	127	8634.845659164
GLOBAL	I	2560001	2570000	0.0019383583073253	8921	17.292094459649	133	8823.5562700965
GLOBAL	I	2570001	2580000	0.0062068251366743	8846	54.905575159021	422	8733.5643086817
GLOBAL	I	2580001	2590000	0.0027274949928631	8971	24.468357580975	188	8882.0482315113
GLOBAL	I	2590001	2600000	0.0028712450831932	8399	24.11558745374	185	8280.1800643087
GLOBAL	I	2600001	2610000	0.0022409007030694	9164	20.535614042928	158	9088.5594855305
GLOBAL	I	2610001	2620000	0.0019127359976768	9038	17.287307947003	133	8964.5723472669
GLOBAL	I	2620001	2630000	0.0032438412728039	8557	27.757549771383	212	8370.5900321543
GLOBAL	I	2630001	2640000	0.0067361014214911	7948	53.538534098011	409	6444.5225080386
GLOBAL	I	2640001	2650000	0.00507902825377	7369	37.427359202031	285	6137.2041800643
GLOBAL	I	2650001	2660000	0.0020076578323866	8895	17.858116419079	137	8690.694041868
GLOBAL	I	2660001	2670000	0.0031043453247643	8254	25.623266310605	197	8167.5
GLOBAL	I	2670001	2680000	0.0023115411821698	8436	19.500161412784	150	8334.1784565916
GLOBAL	I	2680001	2690000	0.0020592183052105	9232	19.010703393703	146	9103.95
GLOBAL	I	2690001	2700000	0.0013962414869529	8942	12.485191376333	96	8862.5707395498
GLOBAL	I	2700001	2710000	0.0067779573312848	8953	60.683051986993	467	8881.729903537
GLOBAL	I	2710001	2720000	0.0051839900577036	6309	32.705793274052	251	5819.3006430868
GLOBAL	I	2720001	2730000	0.0052916309390305	9121	48.264965794897	369	8687.9501607717
GLOBAL	I	2730001	2740000	0.0026973580737558	8656	23.34833148643	178	8431.6045016077
GLOBAL	I	2740001	2750000	0.0015351420255114	9393	14.419589045629	111	9340.461414791
GLOBAL	I	2750001	2760000	0.0013712690517329	9475	12.992774265169	100	9432.9196141479
GLOBAL	I	2760001	2770000	0.0017520731864563	9568	16.763836248014	129	9514.1414790997
GLOBAL	I	2770001	2780000	0.0019924781424026	9715	19.356925153441	149	9673.3954983923
GLOBAL	I	2780001	2790000	0.0012661992979834	9039	11.445175454472	88	8952.459807074
GLOBAL	I	2790001	2800000	0.0019165181574308	9300	17.823618864107	137	9222.498392283
GLOBAL	I	2800001	2810000	0.0018959650168514	8724	16.540398807011	127	8594.652733119
GLOBAL	I	2810001	2820000	0.0012571246738817	9305	11.697545090469	90	9256.6366559486
GLOBAL	I	2820001	2830000	0.0014086545080702	9686	13.644227565168	105	9625.077170418
GLOBAL	I	2830001	2840000	0.00088769255607087	9660	8.5751100916446	66	9615.6045016077
GLOBAL	I	2840001	2850000	0.0014205544466147	9086	12.907157701941	99	9019.0578778135
GLOBAL	I	2850001	2860000	0.0028955826907394	7737	22.403123278251	170	7144.0884244373
GLOBAL	I	2860001	2870000	0.0014103448858747	9403	13.26147296188	102	9310.8360128617
GLOBAL	I	2870001	2880000	0.0010296593774772	9086	9.3554851037582	72	9047.4405144695
GLOBAL	I	2880001	2890000	0.0014098729168372	9307	13.121687237004	101	9255.2990353698
GLOBAL	I	2890001	2900000	0.0017329504782088	8701	15.078402110895	115	8301.7958199357
GLOBAL	I	2900001	2910000	0.0015764516647432	9033	14.240087887625	109	8320.0884244373
GLOBAL	I	2910001	2920000	0.001530848565381	8415	12.882090677681	99	8314.2009646302
GLOBAL	I	2920001	2930000	0.001617896153425	9000	14.561065380825	112	8914.4758842444
GLOBAL	I	2930001	2940000	0.0012810530195892	9052	11.596091933321	88	8962.3392282958
GLOBAL	I	2940001	2950000	0.0017942911886333	9357	16.789182652042	128	8872.8633440514
GLOBAL	I	2950001	2960000	0.001744366348415	9459	16.499961289658	127	9382.5546623794
GLOBAL	I	2960001	2970000	0.0013283022359408	9680	12.857965643907	99	9649.5900321543
GLOBAL	I	2970001	2980000	0.0011192578089732	9748	10.910525121871	84	9715.8778135048
GLOBAL	I	2980001	2990000	0.001712022325225	9259	15.851614709258	122	9194.4019292604
GLOBAL	I	2990001	3000000	0.0015896047281481	9487	15.080580055941	116	9433.9196141479
GLOBAL	I	3000001	3010000	0.0012997392774023	9372	12.181156507815	93	9258.2556270096
GLOBAL	I	3010001	3020000	0.0011353837046352	9381	10.651034533183	82	9347.0257234727
GLOBAL	I	3020001	3030000	0.0013647937536506	9191	12.543819389802	96	8671.8794212219
GLOBAL	I	3030001	3040000	0.0013611155310553	9071	12.346678982202	95	9012.1704180064
GLOBAL	I	3040001	3050000	0.0014094799783018	9311	13.123668077968	101	9239.5594855305
GLOBAL	I	3050001	3060000	0.0013624008734411	9162	12.482316802468	96	9083.652733119
GLOBAL	I	3060001	3070000	0.0013423588362381	9304	12.489306612359	96	9210.577170418
GLOBAL	I	3070001	3080000	0.0016698806285794	9568	15.977417854248	123	9526.1205787781
GLOBAL	I	3080001	3090000	0.0012513443576494	9247	11.571181275184	89	9183.1639871383
GLOBAL	I	3090001	3100000	0.0024252887424524	8802	21.347391511066	164	8706.578778135
GLOBAL	I	3100001	3110000	0.0027256695308287	9309	25.373257662484	195	9188.6366559486
GLOBAL	I	3110001	3120000	0.0023725022030361	9160	21.73212017981	167	9055.2427652733
GLOBAL	I	3120001	3130000	0.0010193449937838	9431	9.6134426363753	74	9395.421221865
GLOBAL	I	3130001	3140000	0.0022955043849661	9415	21.612173784456	166	9305.6688102894
GLOBAL	I	3140001	3150000	0.0019434376404419	9503	18.468487897119	142	9428.5289389068
GLOBAL	I	3150001	3160000	0.0012584385108289	9499	11.953907414364	92	9435.6977491961
GLOBAL	I	3160001	3170000	0.0015510551491508	9070	14.068070202798	108	8977.2041800643
GLOBAL	I	3170001	3180000	0.0014379470269626	9401	13.518140000476	104	9332.8327974277
GLOBAL	I	3180001	3190000	0.0015993404312342	8866	14.179752263322	109	8792.6254019293
GLOBAL	I	3190001	3200000	0.0020158599875619	8819	17.777869230309	136	8728.3938906752
GLOBAL	I	3200001	3210000	0.0024259364322317	9066	21.993539694612	169	8971
GLOBAL	I	3210001	3220000	0.0013451895268962	9084	12.219701662325	94	8997.3569131833
GLOBAL	I	3220001	3230000	0.0012536112503495	9214	11.55077406072	87	9075.7797427653
GLOBAL	I	3230001	3240000	0.0014620466606161	9329	13.639433296888	105	9290.5659163987
GLOBAL	I	3240001	3250000	0.00094929200756555	9170	8.7050077093761	67	9119.8649517685
GLOBAL	I	3250001	3260000	0.0014098946731782	9123	12.862469103405	99	9065.4678456592
GLOBAL	I	3260001	3270000	0.0018471503515082	8588	15.863327218752	122	8517.8488745981
GLOBAL	I	3270001	3280000	0.0020741413620817	9437	19.573672033965	149	9165.8987138264
GLOBAL	I	3280001	3290000	0.0012420610803865	9522	11.82690560744	91	9452.7331189711
GLOBAL	I	3290001	3300000	0.00099032336457133	9311	9.2209008475236	71	9275.3488745981
GLOBAL	I	3300001	3310000	0.0014093960161058	9322	13.138389662138	101	9253.8006430868
GLOBAL	I	3310001	3320000	0.0010000394186946	9223	9.2233635586207	71	9186.959807074
GLOBAL	I	3320001	3330000	0.0013175409244357	9065	11.94350848001	91	8744.7877813505
GLOBAL	I	3330001	3340000	0.0019141864137561	9010	17.246819587943	129	8588.691318328
GLOBAL	I	3340001	3350000	0.0013802435779801	9317	12.85972941604	99	9263.4356913183
GLOBAL	I	3350001	3360000	0.0011513833792598	9370	10.788462263665	83	9320.0675241158
GLOBAL	I	3360001	3370000	0.0012445307212082	9398	11.696099717915	90	9335.9196141479
GLOBAL	I	3370001	3380000	0.0011079209555139	8793	9.7419489618337	75	8759.4067524116
GLOBAL	I	3380001	3390000	0.0011350490964438	9496	10.77842621983	83	9469.7379421222
GLOBAL	I	3390001	3400000	0.001407591146082	9689	13.638150614389	105	9653.078778135
GLOBAL	I	3400001	3410000	0.00085403872268733	9429	8.0527311162188	62	9401.1173633441
GLOBAL	I	3410001	3420000	0.0013206304659029	9253	12.219793700999	94	9081.2765273312
GLOBAL	I	3420001	3430000	0.0012758637858971	9474	12.08753350759	93	9431.7282958199
GLOBAL	I	3430001	3440000	0.000954553413715	9525	9.0921212656354	70	9499.5691318328
GLOBAL	I	3440001	3450000	0.0016137095160776	9659	15.586820215794	120	9633.5643086817
GLOBAL	I	3450001	3460000	0.0020796077908579	6352	13.209668687529	101	5836.4131832797
GLOBAL	I	3460001	3470000	0.0025946925920764	8758	22.724317721405	174	8142.6688102894
GLOBAL	I	3470001	3480000	0.0024981843483523	9048	22.603571983892	173	8741.9340836013
GLOBAL	I	3480001	3490000	0.0010213545815447	9664	9.8703706760482	76	9637.2797427653
GLOBAL	I	3490001	3500000	0.00096592066293637	9546	9.2206786483906	71	9516.5964630225
GLOBAL	I	3500001	3510000	0.00099823985655818	9626	9.609056859229	74	9604.8536977492
GLOBAL	I	3510001	3520000	0.0017582195005851	9610	16.896489400623	130	9566.2909967846
GLOBAL	I	3520001	3530000	0.0013822742144824	9494	13.123311392296	101	9456.7282958199
GLOBAL	I	3530001	3540000	0.0011833046272429	9549	11.299375885543	87	9516.5643086817
GLOBAL	I	3540001	3550000	0.0011827963620535	9554	11.300436443059	87	9522.921221865
GLOBAL	I	3550001	3560000	0.0010659226667933	9751	10.393811923901	80	9715.8424437299
GLOBAL	I	3560001	3570000	0.0014356690031271	9500	13.638855529707	105	9469.8440514469
GLOBAL	I	3570001	3580000	0.0013778897713304	9425	12.986611094789	100	9399.3890675241
GLOBAL	I	3580001	3590000	0.0012820121149395	9523	12.208601370569	94	9494.1993569132
GLOBAL	I	3590001	3600000	0.00086309936009925	9488	8.1890867286217	63	9437.2524115756
GLOBAL	I	3600001	3610000	0.00074132267170953	9812	7.2738580548139	56	9778.7845659164
GLOBAL	I	3610001	3620000	0.00073364770775073	9382	6.8830827941174	53	9362.9501607717
GLOBAL	I	3620001	3630000	0.0011504231317948	9543	10.978487946718	84	9362.7154340836
GLOBAL	I	3630001	3640000	0.0010760948390872	9776	10.519903146916	81	9753.3826366559
GLOBAL	I	3640001	3650000	0.001024439898186	9508	9.7403745519529	75	9479.422829582
GLOBAL	I	3650001	3660000	0.0010236145883119	9282	9.5011906087112	73	8983.1173633441
GLOBAL	I	3660001	3670000	0.0012997923300065	8956	11.640940107539	89	8637.0868167203
GLOBAL	I	3670001	3680000	0.0014975940227931	9285	13.905160501634	107	9025.6511254019
GLOBAL	I	3680001	3690000	0.0010152879522194	9723	9.8716447594294	76	9692.7057877814
GLOBAL	I	3690001	3700000	0.0012422024449709	9524	11.830736085902	91	9415.9180064309
GLOBAL	I	3700001	3710000	0.001159444005953	9530	11.049501376732	85	9463.0948553055
GLOBAL	I	3710001	3720000	0.0013096833721428	9621	12.600463723386	97	9579.6061093248
GLOBAL	I	3720001	3730000	0.00089718306806884	9558	8.575275764602	66	9517.6672025723
GLOBAL	I	3730001	3740000	0.00073516042257517	9187	6.7539188021981	52	9154.38585209
GLOBAL	I	3740001	3750000	0.00096707337491308	9583	9.267464151792	71	9030.1382636656
GLOBAL	I	3750001	3760000	0.0010377160212688	9657	10.021223617392	77	9428.2861736334
GLOBAL	I	3760001	3770000	0.0017993153722803	6595	11.866484880189	84	4315.7845659164
GLOBAL	I	3770001	3780000	0.0061192951841421	5220	31.942720861222	238	3732.6572438163
GLOBAL	I	3780001	3790000	0.0012144042230428	9437	11.460332652855	88	9219.231511254
GLOBAL	I	3790001	3800000	0.0020731144684239	9424	19.537030750426	150	9093.6221864952
GLOBAL	I	3800001	3810000	0.0012272631333038	9433	11.576773136455	89	9347.3906752412
GLOBAL	I	3810001	3820000	0.0010507845185272	9271	9.7418232712654	75	9235.922829582
GLOBAL	I	3820001	3830000	0.0010474951397062	9309	9.7511322555251	75	9000.077170418
GLOBAL	I	3830001	3840000	0.00091751869329347	9271	8.5063158055237	65	8913.3022508039
GLOBAL	I	3840001	3850000	0.0010808770674933	9497	10.265089509984	79	9433.1752411576
GLOBAL	I	3850001	3860000	0.0014173263238691	8814	12.492314218582	96	8452.6672025723
GLOBAL	I	3860001	3870000	0.0010752320071445	9664	10.391042117045	80	9633.4935691318
GLOBAL	I	3870001	3880000	0.00081504829004444	9101	7.4177544876945	57	8923.4115755627
GLOBAL	I	3880001	3890000	0.0016667149706206	9003	15.005434880497	115	8732.1479099678
GLOBAL	I	3890001	3900000	0.00184269729072	6315	11.636633390897	89	5734.2604501608
GLOBAL	I	3900001	3910000	0.00093197577428348	9219	8.5918846631194	66	9071.4646302251
GLOBAL	I	3910001	3920000	0.00081755379213549	6677	5.4588066700887	42	6509.1398713826
GLOBAL	I	3920001	3930000	0.0012778966731719	9657	12.340648172821	95	9611.2781350482
GLOBAL	I	3930001	3940000	0.00091546840458945	9515	8.7106818696686	67	9251.6784565916
GLOBAL	I	3940001	3950000	0.00090379587311509	9341	8.442357250768	65	9311.9405144695
GLOBAL	I	3950001	3960000	0.0013620839355366	9581	13.050126186376	100	9471.3553054662
GLOBAL	I	3960001	3970000	0.0013006977732184	8963	11.658154141356	89	8078.1463022508
GLOBAL	I	3970001	3980000	0.0029407116865134	7670	22.555258635557	171	6351.7781350482
GLOBAL	I	3980001	3990000	0.0016144523716184	9444	15.246888197564	117	9198.1366559486
GLOBAL	I	3990001	4000000	0.0015503697363143	9569	14.835488006792	114	9439.4758842444
GLOBAL	I	4000001	4010000	0.0013603791128285	7399	10.065445055818	77	6374.3462783172
GLOBAL	I	4010001	4020000	0.001285483608608	8009	10.295438221342	79	7411.998389694
GLOBAL	I	4020001	4030000	0.0019300756242069	9568	18.466963572412	142	9401.3167202572
GLOBAL	I	4030001	4040000	0.000772899750753	9749	7.534999670091	58	9708.2411575563
GLOBAL	I	4040001	4050000	0.0006332513686013	9639	6.1039099419479	47	9614.7379421222
GLOBAL	I	4050001	4060000	0.00088976595136201	9635	8.5728949413729	66	9604.7282958199
GLOBAL	I	4060001	4070000	0.0010696506031705	9471	10.130660862628	78	9443.5932475884
GLOBAL	I	4070001	4080000	0.00092400644935319	9698	8.9610145458272	69	9669.3022508039
GLOBAL	I	4080001	4090000	0.0012319048415497	9392	11.570050271835	89	9333.3167202572
GLOBAL	I	4090001	4100000	0.001012557101079	9377	9.4947479368181	73	9233.0610932476
GLOBAL	I	4100001	4110000	0.0011365524895787	9485	10.780200363654	83	9437.5948553055
GLOBAL	I	4110001	4120000	0.00096826130417218	9526	9.2236571835442	71	9485.4163987138
GLOBAL	I	4120001	4130000	0.0010609784570155	9308	9.8755874779007	76	9257.3488745981
GLOBAL	I	4130001	4140000	0.0010970013287472	9662	10.599226838356	81	9564.6848874598
GLOBAL	I	4140001	4150000	0.00094767969952249	9456	8.9612592386847	69	9419.1302250804
GLOBAL	I	4150001	4160000	0.0012805579196295	9432	12.078222297945	93	9401.7250803859
GLOBAL	I	4160001	4170000	0.00096775541984951	9662	9.350452866586	72	9631.9581993569
GLOBAL	I	4170001	4180000	0.0012776794175298	9557	12.210782193332	94	9510.1221864952
GLOBAL	I	4180001	4190000	0.0016520339971487	9676	15.985080956411	123	9619.1173633441
GLOBAL	I	4190001	4200000	0.001065327901433	9753	10.390143022676	80	9723.768488746
GLOBAL	I	4200001	4210000	0.00111320890025	9684	10.780314990021	83	9656.0514469453
GLOBAL	I	4210001	4220000	0.00083605286868856	9788	8.1832854787237	63	9754.308681672
GLOBAL	I	4220001	4230000	0.00091035235632141	9701	8.831328208674	68	9673.3890675241
GLOBAL	I	4230001	4240000	0.0011086099469069	9490	10.520708396146	81	9452.2652733119
GLOBAL	I	4240001	4250000	0.0013913991499147	9341	12.997059459353	100	9281.4758842444
GLOBAL	I	4250001	4260000	0.0012267252413647	9439	11.579059553242	89	9353.4646302251
GLOBAL	I	4260001	4270000	0.001153876993863	9234	10.654900161331	82	9162.6639871383
GLOBAL	I	4270001	4280000	0.0008557552226983	9563	8.1835871946638	63	9529.7475884244
GLOBAL	I	4280001	4290000	0.0010120026595056	9753	9.8700619381578	76	9730.1205787781
GLOBAL	I	4290001	4300000	0.00062579942080537	9754	6.1040475505355	47	9721.9517684887
GLOBAL	I	4300001	4310000	0.00085446793481335	9728	8.3122640698643	64	9696.6318327974
GLOBAL	I	4310001	4320000	0.0012527340651592	9229	11.561482687354	89	9179.5675241158
GLOBAL	I	4320001	4330000	0.0011079649690377	9497	10.522343310951	81	9450.11414791
GLOBAL	I	4330001	4340000	0.0038040125820158	8990	34.198073112322	263	8932.2025723473
GLOBAL	I	4340001	4350000	0.0045994855419739	9237	42.485447951213	327	9201.3874598071
GLOBAL	I	4350001	4360000	0.004433753475489	9144	40.542241779871	312	9098.5498392283
GLOBAL	I	4360001	4370000	0.007927083640654	9195	72.889534075814	561	9138.5466237942
GLOBAL	I	4370001	4380000	0.0050078217055318	9244	46.292303845936	356	9159.2877813505
GLOBAL	I	4380001	4390000	0.0010413925556211	9480	9.8724014272876	76	9433.2154340836
GLOBAL	I	4390001	4400000	0.0010641202210575	9159	9.7462771046658	75	9118.4260450161
GLOBAL	I	4400001	4410000	0.00093021216306662	9355	8.7021347854882	67	9288.3199356913
GLOBAL	I	4410001	4420000	0.0012980761460808	9510	12.344704149228	95	9401.5096463023
GLOBAL	I	4420001	4430000	0.00091047417867026	9135	8.3171816221528	64	9075.5160771704
GLOBAL	I	4430001	4440000	0.0010755415438166	9067	9.7519351777847	75	8979.1334405145
GLOBAL	I	4440001	4450000	0.0012974810247956	6977	9.0525251099989	68	6336.4533762058
GLOBAL	I	4450001	4460000	0.0030263270801189	6169	18.669411757254	138	4583.3488745981
GLOBAL	I	4460001	4470000	0.0021623074300091	9196	19.884579126364	153	9126.9501607717
GLOBAL	I	4470001	4480000	0.00096659343423431	9541	9.2222679560295	71	9501.4790996785
GLOBAL	I	4480001	4490000	0.00070348815143921	9601	6.7541897419679	52	9564.6881028939
GLOBAL	I	4490001	4500000	0.0011112285206581	9354	10.394431582236	80	9310.1479099678
GLOBAL	I	4500001	4510000	0.0011072316297752	9387	10.393583308699	80	9344.7266881029
GLOBAL	I	4510001	4520000	0.0008709237864836	9693	8.4418642623855	65	9666.0578778135
GLOBAL	I	4520001	4530000	0.00086741085116822	9583	8.312398186745	64	9554.3215434084
GLOBAL	I	4530001	4540000	0.0051409469170085	9400	48.32490101988	372	9356.7379421222
GLOBAL	I	4540001	4550000	0.0044965074779208	9246	41.574708140856	320	9192.036977492
GLOBAL	I	4550001	4560000	0.004928106443552	9332	45.989089331228	354	9266.768488746
GLOBAL	I	4560001	4570000	0.0049850878965291	7900	39.38219438258	303	7513.0627009646
GLOBAL	I	4570001	4580000	0.0043364856427201	8721	37.818491290162	291	8426.7106109325
GLOBAL	I	4580001	4590000	0.0045554267474627	9580	43.640988240692	336	9546.6414790997
GLOBAL	I	4590001	4600000	0.0011521442795008	9583	11.040998630457	85	9547.0144694534
GLOBAL	I	4600001	4610000	0.0039329655781644	9383	36.903016019916	284	9334.9517684887
GLOBAL	I	4610001	4620000	0.0036602193331764	9264	33.908271902547	261	9222.5530546624
GLOBAL	I	4620001	4630000	0.0043531176785331	9071	39.487130461974	304	9029.5691318328
GLOBAL	I	4630001	4640000	0.004830245974856	9627	46.500777999939	358	9591.7363344051
GLOBAL	I	4640001	4650000	0.0045718568846184	9262	42.344538465336	326	9226.0739549839
GLOBAL	I	4650001	4660000	0.0036084316756028	9361	33.778528915318	260	9325.0160771704
GLOBAL	I	4660001	4670000	0.0036007740905363	9200	33.127121632934	255	9153.4581993569
GLOBAL	I	4670001	4680000	0.0052560967126077	9441	49.622809063729	382	9402.5128617363
GLOBAL	I	4680001	4690000	0.0055093541463539	9176	50.553833646943	389	9130.7427652733
GLOBAL	I	4690001	4700000	0.0037478798635825	9048	33.910817005694	261	8994.501607717
GLOBAL	I	4700001	4710000	0.00083565973485703	9328	7.7950340067464	60	9262.0498392283
GLOBAL	I	4710001	4720000	0.0010792319766078	9283	10.01851043885	77	9191.7057877813
GLOBAL	I	4720001	4730000	0.00087124191315526	9545	8.3160040610669	64	9491.498392283
GLOBAL	I	4730001	4740000	0.00070480394506095	9583	6.754136205519	52	9547.9372990354
GLOBAL	I	4740001	4750000	0.001157468866189	9655	11.175361903055	86	9590.7170418006
GLOBAL	I	4750001	4760000	0.00082702051062508	9581	7.9236835122989	61	9539.154340836
GLOBAL	I	4760001	4770000	0.00072931050025357	9617	7.0137790809386	54	9582.6350482315
GLOBAL	I	4770001	4780000	0.00090232333335358	9356	8.4421371068561	65	9328.5
GLOBAL	I	4780001	4790000	0.0010074832766093	9413	9.4834400827233	73	9359.3681672026
GLOBAL	I	4790001	4800000	0.0009150652292154	9515	8.7068456559846	67	9456.2572347267
GLOBAL	I	4800001	4810000	0.00099817819799911	9375	9.3579206062417	72	9297.8102893891
GLOBAL	I	4810001	4820000	0.0018847722360355	2429	4.5781117613302	34	1297.9529983793
GLOBAL	I	4820001	4830000	0.00046064149750549	1172	0.53987183507644	3	172.73773265651
GLOBAL	I	4830001	4840000	0.00022477438940567	1772	0.39830021802685	3	470.05564924115
GLOBAL	I	4840001	4850000	0.0013045326978724	8523	11.118532183967	85	7681.8151125402
GLOBAL	I	4850001	4860000	0.00086438711908945	9024	7.8002293626632	60	8844.961414791
GLOBAL	I	4860001	4870000	0.0007789694979577	9506	7.4048840475859	57	9458.8569131833
GLOBAL	I	4870001	4880000	0.00062597755783405	9339	5.8460044126122	45	9299.2459807074
GLOBAL	I	4880001	4890000	0.00094291555779817	9517	8.9737273635652	69	9461.4839228296
GLOBAL	I	4890001	4900000	0.00098838346401741	9855	9.7405190378916	75	9825.8118971061
GLOBAL	I	4900001	4910000	0.0010761395211123	9143	9.8391436415299	73	8585.6382636656
GLOBAL	I	4910001	4920000	0.0010344235019013	9542	9.8704690551418	76	9512.1816720257
GLOBAL	I	4920001	4930000	0.0010559847702072	9479	10.009679636794	77	9425.2813504823
GLOBAL	I	4930001	4940000	0.0012790029519277	6226	7.963072378702	60	5145.4099678457
GLOBAL	I	4940001	4950000	0.00078139118060769	9809	7.6646660905808	59	9767.4839228296
GLOBAL	I	4950001	4960000	0.00072424087813592	9683	7.0128244229901	54	9649.2009646302
GLOBAL	I	4960001	4970000	0.0011094212323442	9835	10.911157820105	84	9794.8231511254
GLOBAL	I	4970001	4980000	0.00084086652114089	9428	7.9276895613163	61	9390.0337620579
GLOBAL	I	4980001	4990000	0.0009020342094515	9359	8.4421381662566	65	9328.9356913183
GLOBAL	I	4990001	5000000	0.0008247859347894	9293	7.6647356919979	59	9249.3553054662
GLOBAL	I	5000001	5010000	0.0009094700697361	9568	8.701809627235	67	9542.1511254019
GLOBAL	I	5010001	5020000	0.00097700459417265	9574	9.3538419846089	72	9525.6398713826
GLOBAL	I	5020001	5030000	0.00097232464072532	9483	9.2205545679982	71	9455.924437299
GLOBAL	I	5030001	5040000	0.0011102453645969	9475	10.519574829556	81	9455.0225080386
GLOBAL	I	5040001	5050000	0.00075786510483593	9769	7.4035842091422	57	9736.5241157556
GLOBAL	I	5050001	5060000	0.0010235256213356	9517	9.7408933382512	75	9482.9823151125
GLOBAL	I	5060001	5070000	0.0010735147546354	9560	10.262801054315	79	9410.2186495177
GLOBAL	I	5070001	5080000	0.00075650449044041	9442	7.1429153987383	55	9414.7234726688
GLOBAL	I	5080001	5090000	0.00095256029982447	9545	9.0921880618246	70	9518.4581993569
GLOBAL	I	5090001	5100000	0.00069106908857065	9772	6.7531271335124	52	9750.6028938907
GLOBAL	I	5100001	5110000	0.00070459960318349	9584	6.7528825969106	52	9556.9180064309
GLOBAL	I	5110001	5120000	0.00093018262894805	9093	8.4581506450247	65	8837.9565916399
GLOBAL	I	5120001	5130000	0.00071420719207316	3850	2.7496976894817	21	2798.536977492
GLOBAL	I	5130001	5140000	0.00074091480102158	9816	7.2728196868278	56	9789.9646302251
GLOBAL	I	5140001	5150000	0.00088315932862634	9861	8.7088341395843	67	9817.6446945338
GLOBAL	I	5150001	5160000	0.0014885208893801	9170	13.649736555616	105	8698.5594855305
GLOBAL	I	5160001	5170000	0.00090580525906551	9750	8.8316012758887	68	9718.1237942122
GLOBAL	I	5170001	5180000	0.00081731144776541	9693	7.9221998631902	61	9665.8794212219
GLOBAL	I	5180001	5190000	0.00064984562491914	9591	6.2326693885994	48	9568.3360128617
GLOBAL	I	5190001	5200000	0.0008984310565134	9830	8.8315772855267	68	9800.2749196141
GLOBAL	I	5200001	5210000	0.0011578087074624	9535	11.039706025654	85	9496.5819935691
GLOBAL	I	5210001	5220000	0.00080195531695465	9414	7.5496073538111	58	9331.7443729904
GLOBAL	I	5220001	5230000	0.00072283657871636	8804	6.3638532390188	49	8783.2508038585
GLOBAL	I	5230001	5240000	0.00097668562087611	9576	9.3527415055096	72	9533.2797427653
GLOBAL	I	5240001	5250000	0.0008742935137919	9507	8.3119084356196	64	9468.6302250804
GLOBAL	I	5250001	5260000	0.0008783594748539	9316	8.1827968677389	63	9279.4051446945
GLOBAL	I	5260001	5270000	0.00071050671289947	9507	6.7547873195352	52	9467.5707395498
GLOBAL	I	5270001	5280000	0.00080907420653	9632	7.7930027572969	60	9588.5916398714
GLOBAL	I	5280001	5290000	0.0010261722332986	9370	9.6152338260082	74	9311.9292604502
GLOBAL	I	5290001	5300000	0.0010161253021494	9716	9.8726734356839	76	9620.3199356913
GLOBAL	I	5300001	5310000	0.00092102986156748	9593	8.8354394620168	68	9555.8697749196
GLOBAL	I	5310001	5320000	0.00093626917925565	9432	8.8308908987393	68	9397.6302250804
GLOBAL	I	5320001	5330000	0.0011708378453427	9709	11.367664640432	87	9409.0498392283
GLOBAL	I	5330001	5340000	0.0012539681629867	9532	11.952824529589	92	9458.7106109325
GLOBAL	I	5340001	5350000	0.00084586817641554	9825	8.3106548332826	64	9803.7379421222
GLOBAL	I	5350001	5360000	0.0010620544845255	9430	10.015173789076	77	9308.3263665595
GLOBAL	I	5360001	5370000	0.0010138309519145	9503	9.6344355360436	74	9443.6848874598
GLOBAL	I	5370001	5380000	0.0010325174866443	9684	9.998899340663	77	9663.3906752412
GLOBAL	I	5380001	5390000	0.00078749895769567	9730	7.6623648583788	59	9709.1463022508
GLOBAL	I	5390001	5400000	0.00073291419554685	9571	7.0147217655789	54	9538.9549839228
GLOBAL	I	5400001	5410000	0.00082744421236612	9887	8.1809409276638	63	9867.9710610932
GLOBAL	I	5410001	5420000	0.00094556585844568	9753	9.2221038174207	71	9718.7733118971
GLOBAL	I	5420001	5430000	0.00082448719771266	9769	8.054415434455	62	9727.4163987138
GLOBAL	I	5430001	5440000	0.00067493124566498	9247	6.2410892286641	48	9201.6752411576
GLOBAL	I	5440001	5450000	0.0011819163618769	8747	10.338222417338	79	8192.0707395498
GLOBAL	I	5450001	5460000	0.00066804544632401	9720	6.4934017382694	50	9698.8408360129
GLOBAL	I	5460001	5470000	0.00080791133670444	9805	7.921570656387	61	9772.0064308682
GLOBAL	I	5470001	5480000	0.0010517019608183	9508	9.9995822434604	77	9487.7475884244
GLOBAL	I	5480001	5490000	0.0009065223007086	9312	8.4415356641985	65	9278.768488746
GLOBAL	I	5490001	5500000	0.0009548636446117	9386	8.9623501683255	69	9343.9807073955
GLOBAL	I	5500001	5510000	0.00086400286467691	9622	8.3134355639213	64	9560.8987138264
GLOBAL	I	5510001	5520000	0.00090540711119244	9468	8.57239452877	66	9433.2250803859
GLOBAL	I	5520001	5530000	0.0011062050723022	9746	10.781074634658	83	9695.0610932476
GLOBAL	I	5530001	5540000	0.00085159290469597	9306	7.9249235711007	61	9271.768488746
GLOBAL	I	5540001	5550000	0.0010952933741529	9489	10.393238827337	80	9444.4533762058
GLOBAL	I	5550001	5560000	0.00089074500207526	9625	8.5734206449744	66	9580.7974276527
GLOBAL	I	5560001	5570000	0.00067646894278221	9598	6.4927489128237	50	9576.0996784566
GLOBAL	I	5570001	5580000	0.00091599949630954	9086	8.3227714234685	64	9027.3569131833
GLOBAL	I	5580001	5590000	0.00063848480147717	9762	6.2328886320201	48	9715.7427652733
GLOBAL	I	5590001	5600000	0.00075173720168476	9846	7.4016044877882	57	9830.2282958199
GLOBAL	I	5600001	5610000	0.00075772617413769	9774	7.4060156260218	57	9735.7765273312
GLOBAL	I	5610001	5620000	0.00092121719218145	9447	8.7027388145382	67	9416.6495176849
GLOBAL	I	5620001	5630000	0.00081015785925526	9459	7.6632831906955	59	9428.6768488746
GLOBAL	I	5630001	5640000	0.00081515231368407	9409	7.6697681194534	59	9292.2572347267
GLOBAL	I	5640001	5650000	0.00086845822310477	9869	8.570814203821	66	9840.8295819936
GLOBAL	I	5650001	5660000	0.00094380534663681	9632	9.0907330988058	70	9605.1623794212
GLOBAL	I	5660001	5670000	0.00088580902516017	9384	8.312431892103	64	9333.8135048232
GLOBAL	I	5670001	5680000	0.00098137383196885	9663	9.483015338315	73	9620.3585209003
GLOBAL	I	5680001	5690000	0.00097347807976612	9605	9.3502569561535	72	9586.0739549839
GLOBAL	I	5690001	5700000	0.00078895801778744	9876	7.7917493836688	60	9859.4839228296
GLOBAL	I	5700001	5710000	0.00095771111561028	9629	9.2218003322114	71	9593.1350482315
GLOBAL	I	5710001	5720000	0.00090667927372845	9310	8.4411840384119	65	9279.3006430868
GLOBAL	I	5720001	5730000	0.00089891330085742	9680	8.7014807522998	67	9657.1993569132
GLOBAL	I	5730001	5740000	0.00073726870400985	9689	7.1433964731514	55	9663.8697749196
GLOBAL	I	5740001	5750000	0.00076259169618404	9708	7.4032401865547	57	9677.6173633441
GLOBAL	I	5750001	5760000	0.00081505462425195	9719	7.9215158931047	61	9698.7781350482
GLOBAL	I	5760001	5770000	0.00084199020521756	9718	8.1824608143043	63	9690.7604501608
GLOBAL	I	5770001	5780000	0.00067029582894227	9687	6.4931556949638	50	9669.1639871383
GLOBAL	I	5780001	5790000	0.00067270578217024	9845	6.6227884254661	51	9828.9019292605
GLOBAL	I	5790001	5800000	0.0010762872857565	9774	10.519631930984	81	9749.963022508
GLOBAL	I	5800001	5810000	0.0006719006385937	9857	6.6229245946181	51	9832.8327974277
GLOBAL	I	5810001	5820000	0.00061090484427369	9567	5.8445266451664	45	9548.2379421222
GLOBAL	I	5820001	5830000	0.00095999332347634	9605	9.2207358719902	71	9582.0819935691
GLOBAL	I	5830001	5840000	0.00071724066638582	9421	6.7571243180208	52	9370.3520900322
GLOBAL	I	5840001	5850000	0.00081167849366941	9761	7.9227937767071	61	9723.9356913183
GLOBAL	I	5850001	5860000	0.00094481226835766	8423	7.9581537363765	61	7701.5546623794
GLOBAL	I	5860001	5870000	0.00088232230277154	9126	8.052073335093	62	8975.8553054662
GLOBAL	I	5870001	5880000	0.00082505153044769	9289	7.6639036663286	59	9249.2877813505
GLOBAL	I	5880001	5890000	0.00095451541879105	9528	9.0946229102411	70	9484.4646302251
GLOBAL	I	5890001	5900000	0.00090769880978397	9299	8.4406912321811	65	9281.4453376206
GLOBAL	I	5900001	5910000	0.001016705222285	9587	9.7471529660463	75	9559.6077170418
GLOBAL	I	5910001	5920000	0.00088709166230759	9807	8.6997079322506	67	9791.8022508039
GLOBAL	I	5920001	5930000	0.0010025193996354	9715	9.7394759674581	75	9696.7540192926
GLOBAL	I	5930001	5940000	0.00089008168454407	9629	8.5705965404749	66	9613.3810289389
GLOBAL	I	5940001	5950000	0.00104865475686	9671	10.141540153593	78	9589.2861736334
GLOBAL	I	5950001	5960000	0.0007424779225864	9797	7.2740562075789	56	9766.6655948553
GLOBAL	I	5960001	5970000	0.00087196654040328	9532	8.3115850631241	64	9497.3408360129
GLOBAL	I	5970001	5980000	0.00072121027614721	9727	7.0152123560839	54	9683.6575562701
GLOBAL	I	5980001	5990000	0.00089710712666245	9698	8.7001449143724	67	9674.3633440514
GLOBAL	I	5990001	6000000	0.0010661364550179	9503	10.131494732035	78	9470.5787781351
GLOBAL	I	6000001	6010000	0.00086633831546251	9893	8.5706849548706	66	9876.0964630225
GLOBAL	I	6010001	6020000	0.00064396371327652	9680	6.2335687445167	48	9655.7154340836
GLOBAL	I	6020001	6030000	0.00043552747385341	9562	4.1645137049863	32	9510.4212218649
GLOBAL	I	6030001	6040000	0.0010465718084138	9184	9.6117154884726	74	9146.4067524116
GLOBAL	I	6040001	6050000	0.0010605701573383	9673	10.258895131933	79	9649.4662379421
GLOBAL	I	6050001	6060000	0.001034108520912	9670	9.9998293972192	77	9650.1977491961
GLOBAL	I	6060001	6070000	0.0010324824770736	9185	9.4833515519212	73	9134.2266881029
GLOBAL	I	6070001	6080000	0.00087309029216665	9223	8.052511764653	62	9184.9035369775
GLOBAL	I	6080001	6090000	0.00086293318742024	9482	8.1823324831187	63	9451.9871382637
GLOBAL	I	6090001	6100000	0.00099747789132635	9113	9.090016023657	70	9087.3826366559
GLOBAL	I	6100001	6110000	0.00089979983454278	9388	8.4473208466876	65	9323.6430868167
GLOBAL	I	6110001	6120000	0.00090699551505732	9456	8.5765495903821	66	9396.5048231511
GLOBAL	I	6120001	6130000	0.00078246272092575	9794	7.6634398887468	59	9764.345659164
GLOBAL	I	6130001	6140000	0.00093053642392796	9491	8.8317211995002	68	9450.5659163987
GLOBAL	I	6140001	6150000	0.00082434703556603	9612	7.9236237058607	61	9569.4903536977
GLOBAL	I	6150001	6160000	0.00072093116549984	9547	6.8827298370269	53	9520.9485530547
GLOBAL	I	6160001	6170000	0.0009546927964348	9523	9.0915395004486	70	9495.2057877813
GLOBAL	I	6170001	6180000	0.00087381439869737	9660	8.4410470914166	65	9631.6173633441
GLOBAL	I	6180001	6190000	0.00077858763290223	9840	7.6613023077579	59	9810.1350482315
GLOBAL	I	6190001	6200000	0.00074768981788222	9555	7.1441762098646	55	9515.5321543408
GLOBAL	I	6200001	6210000	0.00076088783570815	9560	7.2740877093699	56	9522.2845659164
GLOBAL	I	6210001	6220000	0.00092789888197513	9658	8.9616474021158	69	9628.1125401929
GLOBAL	I	6220001	6230000	0.00082846720810457	9718	8.0510443283602	62	9688.807073955
GLOBAL	I	6230001	6240000	0.00072857393085167	9447	6.8828379247558	53	9414.9099678457
GLOBAL	I	6240001	6250000	0.00096019444100827	9335	8.9634151068122	69	9290.2620578778
GLOBAL	I	6250001	6260000	0.00086514240168082	9309	8.0536106172468	62	9260.8247588424
GLOBAL	I	6260001	6270000	0.0008983576347668	3181	2.8576756361932	22	2619.1350482315
GLOBAL	I	6270001	6280000	0.00097387994606201	975	0.94953294741046	7	598.1051625239
GLOBAL	I	6280001	6290000	0.00069462785455085	2213	1.537211442121	11	1238.7411575563
GLOBAL	I	6290001	6300000	0.00090589140598288	9463	8.572450374816	66	9423.8360128617
GLOBAL	I	6300001	6310000	0.00082005274113851	9659	7.9208894266568	61	9628.3890675241
GLOBAL	I	6310001	6320000	0.00047786202852143	9240	4.415445143538	34	9220.2234726688
GLOBAL	I	6320001	6330000	0.00079291771468893	9534	7.5596774918442	58	9463.0659163987
GLOBAL	I	6330001	6340000	0.00091561457530951	9368	8.5774773414994	66	9298.3601286174
GLOBAL	I	6340001	6350000	0.00070863346187897	9715	6.8843740821542	53	9687.2636655949
GLOBAL	I	6350001	6360000	0.0011680276060354	9786	11.430318152662	88	9752.4742765273
GLOBAL	I	6360001	6370000	0.00097816557153446	9692	9.480380719312	73	9643.7475884244
GLOBAL	I	6370001	6380000	0.00079523444124343	9472	7.5324606274578	58	9433.2781350482
GLOBAL	I	6380001	6390000	0.00080419072898913	9529	7.6631334565374	59	9497.5739549839
GLOBAL	I	6390001	6400000	0.0010763309822369	9776	10.522211682348	81	9731.1752411576
GLOBAL	I	6400001	6410000	0.00088836418602019	9504	8.4430132239359	65	9467.1093247588
GLOBAL	I	6410001	6420000	0.00088042434089571	9444	8.3147274754191	64	9393.6800643087
GLOBAL	I	6420001	6430000	0.00070820812007536	8994	6.3696238319578	49	8916.501607717
GLOBAL	I	6430001	6440000	0.0011429348471668	7099	8.1136944800375	60	4522.0289389068
GLOBAL	I	6440001	6450000	0.0010261920718759	5146	5.2807844018734	37	2109.512864494
GLOBAL	I	6450001	6460000	0.001129329272935	4734	5.3462447780742	32	1896.8411867365
GLOBAL	I	6460001	6470000	0.00087236868044354	5518	4.8137303786874	27	2017.3477477477
GLOBAL	I	6470001	6480000	0.0011694875978683	8258	9.6576285831968	69	4910.9823151125
GLOBAL	I	6480001	6490000	0.00092628202967224	8989	8.3263491647237	64	8886.8729903537
GLOBAL	I	6490001	6500000	0.00078940444981179	9545	7.5348654734536	58	9489.7556270096
GLOBAL	I	6500001	6510000	0.00079455684382715	9317	7.4028861139376	57	9251.7347266881
GLOBAL	I	6510001	6520000	0.00094360509112855	9643	9.0991838937526	70	9439.0289389068
GLOBAL	I	6520001	6530000	0.0008059037856305	9510	7.6641450013461	59	9468.2041800643
GLOBAL	I	6530001	6540000	0.00094139721169057	9795	9.2209856885092	71	9763.038585209
GLOBAL	I	6540001	6550000	0.00071159733553454	9311	6.6256827911621	51	9273.5562700965
GLOBAL	I	6550001	6560000	0.0011607062983188	9405	10.916442735689	84	9360.7909967846
GLOBAL	I	6560001	6570000	0.00085945013413201	9521	8.1828247270709	63	9477.9581993569
GLOBAL	I	6570001	6580000	0.00079413502869343	9323	7.4037208725088	57	9291.1270096463
GLOBAL	I	6580001	6590000	0.00098474735885807	9758	9.609164727737	74	9719.4839228296
GLOBAL	I	6590001	6600000	0.0011673957175453	9163	10.696846959868	82	8506.5787781351
GLOBAL	I	6600001	6610000	0.00094917856089497	9714	9.2203205405337	71	9687.0723472669
GLOBAL	I	6610001	6620000	0.0010219534841197	9531	9.7402386571445	75	9508.9839228296
GLOBAL	I	6620001	6630000	0.00064190317104023	9512	6.1057829629346	47	9465.8601286174
GLOBAL	I	6630001	6640000	0.0010119535886052	9243	9.3534870194775	72	9179.6591639871
GLOBAL	I	6640001	6650000	0.00092597958825566	9542	8.8356972311355	68	9495.8890675241
GLOBAL	I	6650001	6660000	0.00093713797425441	9561	8.9599761718464	69	9539.4919614148
GLOBAL	I	6660001	6670000	0.00070187632669301	9622	6.7534540154401	52	9597.7218649518
GLOBAL	I	6670001	6680000	0.00083333039013052	9507	7.9224720189709	61	9462.7331189711
GLOBAL	I	6680001	6690000	0.00098587544267771	9751	9.6132714415504	74	9711.2540192926
GLOBAL	I	6690001	6700000	0.00078519804539791	9265	7.2748598906116	56	9233.6768488746
GLOBAL	I	6700001	6710000	0.00071005126613062	9329	6.6240682617325	51	9297.4437299035
GLOBAL	I	6710001	6720000	0.00063496522585949	9612	6.1032857509614	47	9593.3649517685
GLOBAL	I	6720001	6730000	0.00096713953781079	9534	9.2207083534881	71	9507.9662379421
GLOBAL	I	6730001	6740000	0.00083872244739271	9445	7.9217335156241	61	9422.8938906752
GLOBAL	I	6740001	6750000	0.00084972050590589	9781	8.3111162682656	64	9743.998392283
GLOBAL	I	6750001	6760000	0.0010316547799884	9693	9.9998297824271	77	9670.192926045
GLOBAL	I	6760001	6770000	0.00085868919315583	9835	8.4452082146876	65	9776.3906752412
GLOBAL	I	6770001	6780000	0.00073815747748801	9501	7.0132341936136	54	9474.7717041801
GLOBAL	I	6780001	6790000	0.00072316286054115	9342	6.7557874431754	52	9211.2411575563
GLOBAL	I	6790001	6800000	0.00072767590032732	9642	7.016251030956	54	9567.0466237942
GLOBAL	I	6800001	6810000	0.0011207760101166	9388	10.521845182975	81	9341.7942122187
GLOBAL	I	6810001	6820000	0.00077569456725648	9210	7.1441469644322	55	9159.0643086817
GLOBAL	I	6820001	6830000	0.00080216321163295	9714	7.7922134378025	60	9685.1639871383
GLOBAL	I	6830001	6840000	0.00081328994758754	9423	7.6636311761174	59	9389.7990353698
GLOBAL	I	6840001	6850000	0.0007489522520977	9018	6.7540514094171	52	8989.0064308682
GLOBAL	I	6850001	6860000	0.00068172832268662	9529	6.4961891868808	50	9493.4324758842
GLOBAL	I	6860001	6870000	0.00090653131357418	9321	8.4497783738249	65	8871.7572347267
GLOBAL	I	6870001	6880000	0.00085354010881798	9587	8.182889023238	63	9551.5032154341
GLOBAL	I	6880001	6890000	0.0010322748312372	9188	9.4845411494077	73	9141.6109324759
GLOBAL	I	6890001	6900000	0.00087807340677668	9468	8.3135990153616	64	9430.0948553055
GLOBAL	I	6900001	6910000	0.0010076209337385	9563	9.6358789893409	74	9310.924437299
GLOBAL	I	6910001	6920000	0.00092563548332725	9540	8.8305625109419	68	9503.9839228296
GLOBAL	I	6920001	6930000	0.00079518335366241	9638	7.6639771625983	59	9596.3279742765
GLOBAL	I	6930001	6940000	0.00064613648102654	9648	6.233924768944	48	9611.7540192926
GLOBAL	I	6940001	6950000	0.00076936169781025	9623	7.403567618028	57	9555.5305466238
GLOBAL	I	6950001	6960000	0.00077653295350587	9199	7.1433266393005	55	9167.2491961415
GLOBAL	I	6960001	6970000	0.00090698302460179	9307	8.4412910099688	65	9270.8215434084
GLOBAL	I	6970001	6980000	0.0009981393545487	9759	9.7408419610408	75	9721.4501607717
GLOBAL	I	6980001	6990000	0.00067825955847917	9387	6.366822475444	49	9348.4581993569
GLOBAL	I	6990001	7000000	0.00085949005984254	9519	8.1814858796411	63	9487.1559485531
GLOBAL	I	7000001	7010000	0.0010051681256268	9691	9.7410843054495	75	9663.8376205788
GLOBAL	I	7010001	7020000	0.001033444330475	9675	9.9985738973456	77	9656.8729903537
GLOBAL	I	7020001	7030000	0.00092498143578446	9703	8.9750948714166	69	9592.0819935691
GLOBAL	I	7030001	7040000	0.0011790150166571	9508	11.210074778376	86	9378.7797427653
GLOBAL	I	7040001	7050000	0.0010656605972686	9387	10.00335602656	77	9322.8199356913
GLOBAL	I	7050001	7060000	0.00099215634239059	9687	9.6110184887377	74	9659.5852090032
GLOBAL	I	7060001	7070000	0.00066247373948447	9802	6.4935675944268	50	9777.036977492
GLOBAL	I	7070001	7080000	0.0008387099355911	9601	8.0524540916102	62	9567.6720257235
GLOBAL	I	7080001	7090000	0.00078364299808259	9281	7.2729906652046	56	9243.9276527331
GLOBAL	I	7090001	7100000	0.0010132834688619	9485	9.6109937021548	74	9448.2845659164
GLOBAL	I	7100001	7110000	0.0008249836530218	9446	7.7927955864439	60	9414.040192926
GLOBAL	I	7110001	7120000	0.00082071189300889	9811	8.0520043823102	62	9740.0176848875
GLOBAL	I	7120001	7130000	0.0012970675202224	9114	11.821473379307	91	9067.2958199357
GLOBAL	I	7130001	7140000	0.0009621462578317	9182	8.8344269394107	68	9117.0610932476
GLOBAL	I	7140001	7150000	0.00085776707529087	9389	8.053575069906	62	9352.3376205788
GLOBAL	I	7150001	7160000	0.00094489005084485	9621	9.0907871791783	70	9582.9871382637
GLOBAL	I	7160001	7170000	0.00078682806828479	9574	7.5330919257585	58	9543.4437299035
GLOBAL	I	7170001	7180000	0.00069430689151833	9728	6.7542174406903	52	9694.9083601286
GLOBAL	I	7180001	7190000	0.00082164232904444	9484	7.7924558486574	60	9453.2282958199
GLOBAL	I	7190001	7200000	0.0009172637200295	9487	8.7020809119199	67	9451.3408360129
GLOBAL	I	7200001	7210000	0.00094862649831449	9862	9.3553545263775	72	9827.6945337621
GLOBAL	I	7210001	7220000	0.00083576253293749	9481	7.9238645747804	61	9436.9340836013
GLOBAL	I	7220001	7230000	0.00093278389585029	9330	8.7028737482832	67	9284.9035369775
GLOBAL	I	7230001	7240000	0.00075677440651697	8810	6.6671825214145	50	7714.3440514469
GLOBAL	I	7240001	7250000	0.00095014502446096	9430	8.9598675806668	69	9410.2379421222
GLOBAL	I	7250001	7260000	0.00089238616106184	9751	8.701657456514	67	9726.2620578778
GLOBAL	I	7260001	7270000	0.00085084882601213	9768	8.3110913324865	64	9744.4196141479
GLOBAL	I	7270001	7280000	0.001110417732148	9474	10.52009759437	81	9443.3954983923
GLOBAL	I	7280001	7290000	0.00074484413199024	9764	7.2726581047527	56	9733.9308681672
GLOBAL	I	7290001	7300000	0.00104583053053	9595	10.034743940436	77	9432.6318327974
GLOBAL	I	7300001	7310000	0.00089192638280641	9619	8.5794398762148	66	9579.4501607717
GLOBAL	I	7310001	7320000	0.001042226491647	9720	10.130441498809	78	9690.2556270096
GLOBAL	I	7320001	7330000	0.00068422132371808	9308	6.3687320811679	49	9267.847266881
GLOBAL	I	7330001	7340000	0.0011111129510039	9702	10.780017850639	83	9673.6479099678
GLOBAL	I	7340001	7350000	0.0011842611306565	9651	11.429304171965	88	9617.4967845659
GLOBAL	I	7350001	7360000	0.0012649801461187	9246	11.696006431014	90	9203.6093247588
GLOBAL	I	7360001	7370000	0.00093689407685381	9290	8.7037459739719	67	9250.192926045
GLOBAL	I	7370001	7380000	0.0009926828464934	9551	9.4811138668584	73	9520.0353697749
GLOBAL	I	7380001	7390000	0.00082500358544418	9766	8.0569850154479	62	9723.6221864952
GLOBAL	I	7390001	7400000	0.00074208337149636	9124	6.7707686815328	52	8677.3697749196
GLOBAL	I	7400001	7410000	0.00081322758096688	9581	7.7915334532437	60	9560.2524115756
GLOBAL	I	7410001	7420000	0.0010308701938206	9323	9.6108028169898	74	9271.384244373
GLOBAL	I	7420001	7430000	0.0010065430670721	9548	9.6104732044043	74	9376.308681672
GLOBAL	I	7430001	7440000	0.00093708899585933	8736	8.1864094678271	63	8559.1237942122
GLOBAL	I	7440001	7450000	0.0010226261483532	9275	9.4848575259756	73	9213.5176848875
GLOBAL	I	7450001	7460000	0.0010843017885396	9223	10.000515395701	77	9193.4051446945
GLOBAL	I	7460001	7470000	0.00078688134523165	9739	7.663437421211	59	9693.8102893891
GLOBAL	I	7470001	7480000	0.00083389495247087	9655	8.0512557661062	62	9631.6221864952
GLOBAL	I	7480001	7490000	0.00096786650132669	9128	8.83468542411	68	9091.768488746
GLOBAL	I	7490001	7500000	0.0009750657979463	9331	9.0983389606369	70	9175.5627009646
GLOBAL	I	7500001	7510000	0.0010887877612414	9306	10.132258906113	78	9111.4549839228
GLOBAL	I	7510001	7520000	0.00098722260154366	9866	9.7399381868298	75	9840.2347266881
GLOBAL	I	7520001	7530000	0.00092338410189112	9707	8.9632894770571	69	9678.6414790997
GLOBAL	I	7530001	7540000	0.00090275436127873	9645	8.7070658145333	67	9552.5514469453
GLOBAL	I	7540001	7550000	0.00087162092809104	9390	8.1845205147749	63	9352.0868167203
GLOBAL	I	7550001	7560000	0.0007138666581545	9644	6.884530051242	53	9605.3376205788
GLOBAL	I	7560001	7570000	0.00083992976739474	9743	8.1834357237269	63	9714.8167202572
GLOBAL	I	7570001	7580000	0.00096084408325374	9336	8.9704403612569	69	9271.7427652733
GLOBAL	I	7580001	7590000	0.00087164031915821	9684	8.4409648507281	65	9662.3247588424
GLOBAL	I	7590001	7600000	0.00093186328156237	9478	8.8322001826482	68	9449.2620578778
GLOBAL	I	7600001	7610000	0.00093072005643769	9767	9.0903427912269	70	9743.9003215434
GLOBAL	I	7610001	7620000	0.00089103285499274	9328	8.3115544713723	64	9304.3633440514
GLOBAL	I	7620001	7630000	0.00082186286372128	7502	6.1656152036371	47	6525.8231511254
GLOBAL	I	7630001	7640000	0.00085719136015162	9546	8.1827487240074	63	9507.2250803859
GLOBAL	I	7640001	7650000	0.00093227594057128	9613	8.9619686167117	69	9576.1495176849
GLOBAL	I	7650001	7660000	0.00093371797229388	9735	9.0897444602809	70	9704.422829582
GLOBAL	I	7660001	7670000	0.00083148171383565	9373	7.7934781037815	60	9341.7829581994
GLOBAL	I	7670001	7680000	0.00089608512724275	9279	8.3147738956855	64	9222.2331189711
GLOBAL	I	7680001	7690000	0.00090962957110372	9281	8.4422720494136	65	9252.7379421222
GLOBAL	I	7690001	7700000	0.00089999212697858	9418	8.4761258518843	65	9247.2090032154
GLOBAL	I	7700001	7710000	0.001056883316022	9522	10.063642935161	77	9284.0707395498
GLOBAL	I	7710001	7720000	0.00066854046961265	9381	6.2715781454363	48	9307.4855305466
GLOBAL	I	7720001	7730000	0.00085190166072044	9607	8.1842192545413	63	9566.0932475884
GLOBAL	I	7730001	7740000	0.0010230013444982	9399	9.6151896369381	74	9350.5273311897
GLOBAL	I	7740001	7750000	0.0011522822740911	9585	11.044625597163	85	9530.9340836013
GLOBAL	I	7750001	7760000	0.00067504074758048	9442	6.3737347386549	49	9221.3183279743
GLOBAL	I	7760001	7770000	0.0011019160301996	9081	10.006499470242	77	9004.0225080386
GLOBAL	I	7770001	7780000	0.00094674270021144	9607	9.0953571209313	70	9539.6028938907
GLOBAL	I	7780001	7790000	0.0010711838312588	9580	10.261941103459	79	9505.731511254
GLOBAL	I	7790001	7800000	0.0009762398894594	9581	9.3533543809105	72	9539.308681672
GLOBAL	I	7800001	7810000	0.00091183205115663	9544	8.7025250962389	67	9509.6463022508
GLOBAL	I	7810001	7820000	0.00091192342116011	9543	8.7024852081309	67	9513.192926045
GLOBAL	I	7820001	7830000	0.0008611305072428	9659	8.3176595694582	64	9606.6270096463
GLOBAL	I	7830001	7840000	0.00097976546519742	9545	9.3518613653094	72	9520.6961414791
GLOBAL	I	7840001	7850000	0.0010231732437381	9647	9.8705522823417	76	9616.6591639871
GLOBAL	I	7850001	7860000	0.00084445773503748	9689	8.1819509947781	63	9664.6945337621
GLOBAL	I	7860001	7870000	0.0011544318385507	9678	11.172591333494	86	9636.9839228296
GLOBAL	I	7870001	7880000	0.0010281557218616	9475	9.7417754646386	75	9424.7893890675
GLOBAL	I	7880001	7890000	0.00098673150750852	9343	9.2190324746521	70	8801.8890675241
GLOBAL	I	7890001	7900000	0.00090733832754635	9314	8.4509491827667	65	9229.4951768489
GLOBAL	I	7900001	7910000	0.0014039668111413	9535	13.386823544232	103	9471.2733118971
GLOBAL	I	7910001	7920000	0.0011549259342462	9561	11.042246857328	85	9504.578778135
GLOBAL	I	7920001	7930000	0.0008088007258397	9480	7.6674308809604	59	9415.6864951768
GLOBAL	I	7930001	7940000	0.00093361114133208	9459	8.8310277858602	68	9426.3745980707
GLOBAL	I	7940001	7950000	0.00092185336342819	9587	8.837808195186	68	9527.0659163987
GLOBAL	I	7950001	7960000	0.00087347853603452	9369	8.1836204041074	63	9313.6704180064
GLOBAL	I	7960001	7970000	0.00069534337937399	9717	6.756651617377	52	9654.9485530547
GLOBAL	I	7970001	7980000	0.00083893280661724	9459	7.9354654177925	61	9384.3504823151
GLOBAL	I	7980001	7990000	0.0010937245217192	9266	10.13445141825	78	9209.7540192926
GLOBAL	I	7990001	8000000	0.0012362614054757	9462	11.697505418611	90	9386.1334405145
GLOBAL	I	8000001	8010000	0.00069228206813974	8636	5.9785479404548	46	8467.7845659164
GLOBAL	I	8010001	8020000	0.00090171866879801	8529	7.6907585261783	59	8273.2797427653
GLOBAL	I	8020001	8030000	0.00082612851245556	4612	3.810104699445	29	4120.7761674718
GLOBAL	I	8030001	8040000	0.0033103498498228	2981	9.8681529023218	45	756.72968490879
GLOBAL	I	8040001	8050000	0.0017664361733843	2897	5.1173655942943	27	719.10902896082
GLOBAL	I	8050001	8060000	0.0019011772508534	2284	4.3422888409491	21	684.64705882353
GLOBAL	I	8060001	8070000	0.0015928927487362	325	0.51769014333927	3	102.1171875
GLOBAL	I	8070001	8080000	0.0023749610375331	1794	4.2606801013344	20	438.33061889251
GLOBAL	I	8080001	8090000	0.0016923818723514	711	1.2032835112419	6	154.96187175043
GLOBAL	I	8090001	8100000	0.0010219328578946	2763	2.8236004863629	15	961.27394957983
GLOBAL	I	8100001	8110000	0.0022699582753222	5187	11.774273574096	81	3212.8671023965
GLOBAL	I	8110001	8120000	0.0014332406838977	7684	11.01302141507	83	6114
GLOBAL	I	8120001	8130000	0.0010773410488085	8770	9.4482809980505	72	7965.7138263666
GLOBAL	I	8130001	8140000	0.00097333967776354	9218	8.9722451496243	69	9129.6254019293
GLOBAL	I	8140001	8150000	0.00094637060895759	9203	8.7094487142367	67	9130.3167202572
GLOBAL	I	8150001	8160000	0.0010104649063364	8746	8.8375260708184	68	8649.5916398714
GLOBAL	I	8160001	8170000	0.00093848772083458	9412	8.8330464284951	68	9358.8906752412
GLOBAL	I	8170001	8180000	0.0012045572696786	9489	11.430043931981	88	9451.8392282958
GLOBAL	I	8180001	8190000	0.0010650283389967	9634	10.260483017894	79	9596.8665594855
GLOBAL	I	8190001	8200000	0.00095948610920676	9477	9.0930498569525	70	9433.5723472669
GLOBAL	I	8200001	8210000	0.0013378496870195	9232	12.351028310564	95	9177.0353697749
GLOBAL	I	8210001	8220000	0.0022684751937752	9452	21.441627531563	165	9398.3954983923
GLOBAL	I	8220001	8230000	0.00099966063711277	9096	9.0929131551778	70	8772.6446945338
GLOBAL	I	8230001	8240000	0.0008646460464174	9673	8.3637212069955	64	9402.3617363344
GLOBAL	I	8240001	8250000	0.0019636016324621	9168	18.002299766412	138	8878.1077170418
GLOBAL	I	8250001	8260000	0.0016597575210579	9339	15.50047548916	119	8633.1800643087
GLOBAL	I	8260001	8270000	0.0014818780542515	9473	14.037830807924	108	9280.3601286174
GLOBAL	I	8270001	8280000	0.00085772050218513	9841	8.4408274620039	65	9820.9485530547
GLOBAL	I	8280001	8290000	0.0011155737833424	9549	10.652614057137	82	9510.1463022508
GLOBAL	I	8290001	8300000	0.00083930450304776	9284	7.7921030062954	60	9247.7411575563
GLOBAL	I	8300001	8310000	0.0010133665737379	8206	8.3156861040934	64	7903.2106109325
GLOBAL	I	8310001	8320000	0.0012264839514491	9318	11.428377459603	88	9265.9807073955
GLOBAL	I	8320001	8330000	0.0029232272762294	9292	27.162627850724	209	9256.9453376206
GLOBAL	I	8330001	8340000	0.0027057701013258	9564	25.87798524908	199	9196.9501607717
GLOBAL	I	8340001	8350000	0.0086953304600239	9235	80.301376798321	618	9160.5209003215
GLOBAL	I	8350001	8360000	0.0061746398219482	9180	56.683193565485	436	8708.9292604502
GLOBAL	I	8360001	8370000	0.0031344575202031	9491	29.749136324247	228	8881.1463022508
GLOBAL	I	8370001	8380000	0.0054525595773514	8890	48.473254642654	373	8836.1173633441
GLOBAL	I	8380001	8390000	0.0054924639594657	9652	53.013262136763	408	9589.6205787781
GLOBAL	I	8390001	8400000	0.0046729925907984	9542	44.589695301398	343	9415.2588424437
GLOBAL	I	8400001	8410000	0.0026261290605666	9654	25.35264995071	195	9418.2170418006
GLOBAL	I	8410001	8420000	0.0014809166770552	9042	13.390448593933	103	8996.6688102894
GLOBAL	I	8420001	8430000	0.0011063504533444	9393	10.391949808264	80	9334.9951768489
GLOBAL	I	8430001	8440000	0.0013347886021544	9076	12.114541353153	93	8789.6832797428
GLOBAL	I	8440001	8450000	0.0011345001753686	9731	11.039821206512	85	9703.3424437299
GLOBAL	I	8450001	8460000	0.0013991250164427	9545	13.354648281946	102	9236.8279742765
GLOBAL	I	8460001	8470000	0.0012373391102228	9555	11.822775198179	91	9515.9389067524
GLOBAL	I	8470001	8480000	0.00099014934875567	9706	9.6103895790225	74	9678.4533762058
GLOBAL	I	8480001	8490000	0.0013575540223101	9665	13.120759625627	101	9637.461414791
GLOBAL	I	8490001	8500000	0.00091576614810158	9645	8.8325644984398	68	9608.8022508039
GLOBAL	I	8500001	8510000	0.0012237008319672	9559	11.697356252774	90	9512.4147909968
GLOBAL	I	8510001	8520000	0.0009126878498896	9819	8.9616819980659	69	9789.2829581994
GLOBAL	I	8520001	8530000	0.00081112635862219	9449	7.6643329626211	59	9407.7122186495
GLOBAL	I	8530001	8540000	0.0015708611856239	9186	14.429930851141	111	9059.9742765273
GLOBAL	I	8540001	8550000	0.0058539403577761	9088	53.200609971469	409	8858.0723472669
GLOBAL	I	8550001	8560000	0.0057776792583291	9173	52.998651836653	408	9120.4051446945
GLOBAL	I	8560001	8570000	0.0045067054010281	9057	40.817230817112	314	9004.8135048232
GLOBAL	I	8570001	8580000	0.0053218124116229	9024	48.024035202485	369	8891.4067524116
GLOBAL	I	8580001	8590000	0.0057318149893847	9053	51.8901210989	399	8958.5884244373
GLOBAL	I	8590001	8600000	0.0054179858528645	9430	51.091606592513	393	9364.1832797428
GLOBAL	I	8600001	8610000	0.0065541748217981	9675	63.411641400897	488	9615.6832797428
GLOBAL	I	8610001	8620000	0.006718603370551	9438	63.41017861126	488	9395.1366559486
GLOBAL	I	8620001	8630000	0.0013205213193602	9267	12.237271066511	94	9220.5643086817
GLOBAL	I	8630001	8640000	0.0014188130376688	9611	13.636212105035	105	9584.8906752412
GLOBAL	I	8640001	8650000	0.0015674144743854	9539	14.951566671162	115	9414.2829581994
GLOBAL	I	8650001	8660000	0.0017847782751398	9547	17.03927819276	131	9435.3311897106
GLOBAL	I	8660001	8670000	0.0013231359718961	9527	12.605516404254	97	9465.5594855305
GLOBAL	I	8670001	8680000	0.0014925217004365	9660	14.417759626217	111	9625.5836012862
GLOBAL	I	8680001	8690000	0.0057638773496975	8870	51.125592091817	392	8661.2090032154
GLOBAL	I	8690001	8700000	0.0064496771423573	9467	61.059093506697	470	9422.845659164
GLOBAL	I	8700001	8710000	0.0070578967489102	9415	66.45009789099	511	9298.0996784566
GLOBAL	I	8710001	8720000	0.0075189323634554	8640	64.963575620255	499	8478.0305466238
GLOBAL	I	8720001	8730000	0.0054461431938076	8915	48.552366572795	373	8278.6752411576
GLOBAL	I	8730001	8740000	0.0013776452018693	8874	12.225223521389	94	8788.1318327974
GLOBAL	I	8740001	8750000	0.0013991638983087	9383	13.128354857831	101	9298.9726688103
GLOBAL	I	8750001	8760000	0.0011909283816354	9399	11.193535858991	86	9295.6784565916
GLOBAL	I	8760001	8770000	0.0012168622254936	9500	11.560191142189	89	9467.3424437299
GLOBAL	I	8770001	8780000	0.0027270106590079	9240	25.197578489233	194	9195.692926045
GLOBAL	I	8780001	8790000	0.004387597790344	9268	40.664256320908	313	9221.1318327974
GLOBAL	I	8790001	8800000	0.00128169396579	9084	11.642907985237	89	8726.654340836
GLOBAL	I	8800001	8810000	0.0010993456572836	9238	10.155755181986	78	9050.8054662379
GLOBAL	I	8810001	8820000	0.0021344511757316	7967	17.005172517054	130	7548.308681672
GLOBAL	I	8820001	8830000	0.0030337703500293	8990	27.273595446763	209	8781.6012861736
GLOBAL	I	8830001	8840000	0.001172625649735	9527	11.171604565025	86	9483.3199356913
GLOBAL	I	8840001	8850000	0.0010625847781628	9535	10.131745859782	78	9492.1655948553
GLOBAL	I	8850001	8860000	0.0010507723871653	9149	9.6135165701758	74	9111.7363344051
GLOBAL	I	8860001	8870000	0.0010546122680354	9484	10.001942750048	77	9439.9501607717
GLOBAL	I	8870001	8880000	0.0021920607613542	9547	20.927604088648	161	9486.536977492
GLOBAL	I	8880001	8890000	0.0019673912689144	9711	19.105336612428	147	9624.1672025723
GLOBAL	I	8890001	8900000	0.0011052042117343	9603	10.613276045284	81	9426.1752411576
GLOBAL	I	8900001	8910000	0.00099877848918596	9625	9.6132429584149	74	9594.2379421222
GLOBAL	I	8910001	8920000	0.0012606934600655	9687	12.212337547654	94	9644.9437299035
GLOBAL	I	8920001	8930000	0.0014398501630807	9567	13.775046510193	105	9366.9115755627
GLOBAL	I	8930001	8940000	0.0019559455457678	8983	17.570258837632	135	8793.9565916399
GLOBAL	I	8940001	8950000	0.0014107891266972	9037	12.749301337962	98	8909.8987138264
GLOBAL	I	8950001	8960000	0.001720449694631	9369	16.118893188998	124	9275.9919614148
GLOBAL	I	8960001	8970000	0.001606160051721	9071	14.569477829161	112	8982.7620578778
GLOBAL	I	8970001	8980000	0.0064723408662769	9216	59.649093423608	459	9145.8054662379
GLOBAL	I	8980001	8990000	0.0056322784163307	8957	50.448317775075	388	8854.6237942122
GLOBAL	I	8990001	9000000	0.0078500426515364	8893	69.810429300113	537	8770.9324758842
GLOBAL	I	9000001	9010000	0.0076047803649442	8908	67.743383490923	521	8782.88585209
GLOBAL	I	9010001	9020000	0.0070700241073406	9216	65.157342173251	500	8811.5136876006
GLOBAL	I	9020001	9030000	0.0059198484444262	9176	54.320529326055	416	8437.3623188406
GLOBAL	I	9030001	9040000	0.0083059345700711	8832	73.358014122868	564	8671.5964630225
GLOBAL	I	9040001	9050000	0.003952295193165	9566	37.807655817817	291	9529.1816720257
GLOBAL	I	9050001	9060000	0.0049903667318073	9268	46.25071887039	356	9220.7508038585
GLOBAL	I	9060001	9070000	0.006844377512307	9151	62.632898615121	482	9056.308681672
GLOBAL	I	9070001	9080000	0.0056425687452623	8539	48.181894515794	370	8194.0466237942
GLOBAL	I	9080001	9090000	0.0030187949580243	9005	27.184248597009	209	8640.0160771704
GLOBAL	I	9090001	9100000	0.0014963656114077	9383	14.040398531838	108	9310.0032154341
GLOBAL	I	9100001	9110000	0.0016628611490654	9304	15.471260130905	119	9213.192926045
GLOBAL	I	9110001	9120000	0.0009015060510627	9226	8.3172948271045	64	9165.5868167203
GLOBAL	I	9120001	9130000	0.0011726716730234	9204	10.793270078508	83	9090.0610932476
GLOBAL	I	9130001	9140000	0.0014466180925792	9347	13.521539311338	104	9279.1045016077
GLOBAL	I	9140001	9150000	0.0016330498276668	8619	14.07525646466	108	8244.7186495177
GLOBAL	I	9150001	9160000	0.0014284854434751	9457	13.509186838944	104	9414.1736334405
GLOBAL	I	9160001	9170000	0.0020354697002829	8813	17.938594468593	138	8741.0932475884
GLOBAL	I	9170001	9180000	0.0037471992153411	9434	35.351077397528	272	9366.9067524116
GLOBAL	I	9180001	9190000	0.0049804688628444	9162	45.631055721381	351	9075.4581993569
GLOBAL	I	9190001	9200000	0.0057082373205744	8619	49.199297466031	377	8430.8215434084
GLOBAL	I	9200001	9210000	0.0071917560805951	8106	58.296374789304	442	6623.6093247588
GLOBAL	I	9210001	9220000	0.008732588546939	7869	68.716739275863	520	7021.5241157556
GLOBAL	I	9220001	9230000	0.0079415590452412	8573	68.082985694853	515	7537.731511254
GLOBAL	I	9230001	9240000	0.0098691669850491	8744	86.29599611727	658	8327.0514469453
GLOBAL	I	9240001	9250000	0.0060757246258459	9376	56.965994091932	437	9097.3553054662
GLOBAL	I	9250001	9260000	0.0069516861973049	8940	62.148074603906	477	8657.1414790997
GLOBAL	I	9260001	9270000	0.0064279705584777	8550	54.959148274984	422	8262.6816720257
GLOBAL	I	9270001	9280000	0.0072056035333643	9175	66.111412418617	508	9071.8713826367
GLOBAL	I	9280001	9290000	0.0065746001184818	5732	37.685607879138	287	4767.4019292605
GLOBAL	I	9290001	9300000	0.0068564691399485	8192	56.168195194458	429	7635.1848874598
GLOBAL	I	9300001	9310000	0.0043183303530133	9073	39.180211292889	300	8275.1286173633
GLOBAL	I	9310001	9320000	0.0014352629723971	9502	13.637868763717	105	9458.5176848875
GLOBAL	I	9320001	9330000	0.0012088240362326	9247	11.177995863043	86	9171.6254019293
GLOBAL	I	9330001	9340000	0.0013358472111935	9630	12.864208643794	99	9572.9871382637
GLOBAL	I	9340001	9350000	0.0015123896401857	4818	7.2866932864149	56	4510.6977491961
GLOBAL	I	9350001	9360000	0.0016815011135272	5387	9.0582464985711	69	4587.2077294686
GLOBAL	I	9360001	9370000	0.0014333426145033	9608	13.771555840148	106	9572.4975845411
GLOBAL	I	9370001	9380000	0.0019810382469351	9234	18.292907172198	140	8743.7202572347
GLOBAL	I	9380001	9390000	0.0059365116665818	8958	53.17927150924	408	8812.3496732026
GLOBAL	I	9390001	9400000	0.0068126543434682	9008	61.368390325962	472	8916.3687600644
GLOBAL	I	9400001	9410000	0.0066742805353812	8849	59.060708457588	454	8683.5080645161
GLOBAL	I	9410001	9420000	0.0022196968365288	4463	9.906506981428	53	1061.4684975767
GLOBAL	I	9420001	9430000	0.0018723859948671	3484	6.523392806117	30	1187.1573849879
GLOBAL	I	9430001	9440000	0.0015069531882622	4249	6.4030440969259	31	1065.5230769231
GLOBAL	I	9440001	9450000	0.0018720342213144	6870	12.86087510043	86	2907.2093862816
GLOBAL	I	9450001	9460000	0.001436977380925	8446	12.136710959293	92	7487.3542673108
GLOBAL	I	9460001	9470000	0.0017842550964946	8363	14.921725371984	114	8055.6435483871
GLOBAL	I	9470001	9480000	0.0017993645493976	9050	16.284249172049	125	8751.3526570048
GLOBAL	I	9480001	9490000	0.0014035878443269	8892	12.480703111755	96	8638.9565916399
GLOBAL	I	9490001	9500000	0.0019521840274759	8863	17.302207035519	133	8789.4405144695
GLOBAL	I	9500001	9510000	0.00179869704077	9389	16.887966515789	130	9345.0900321543
GLOBAL	I	9510001	9520000	0.001699309246584	9023	15.332867331928	118	8975.7556270096
GLOBAL	I	9520001	9530000	0.0016540620978026	9505	15.721860239613	121	9457.1093247588
GLOBAL	I	9530001	9540000	0.0017998489835016	8931	16.074451271653	123	8725.0868167203
GLOBAL	I	9540001	9550000	0.0024092825753151	9067	21.844965110382	168	8961.4855305466
GLOBAL	I	9550001	9560000	0.0021179361825562	9087	19.245686090889	148	8998.6254019293
GLOBAL	I	9560001	9570000	0.0015219695939001	9108	13.862099061242	106	8624.1446945338
GLOBAL	I	9570001	9580000	0.00068655598515221	9270	6.3643739823609	49	9241.4421221865
GLOBAL	I	9580001	9590000	0.0010582301675316	9451	10.001333313341	77	9399.2041800643
GLOBAL	I	9590001	9600000	0.0021618221444736	9058	19.581784984642	150	8984.8826366559
GLOBAL	I	9600001	9610000	0.0026206464177993	9190	24.083740579576	185	8980.8376205788
GLOBAL	I	9610001	9620000	0.0043413757321076	5081	22.058530094839	161	3317.1330935252
GLOBAL	I	9620001	9630000	0.0044806970567156	6376	28.568924433619	216	5013.9807073955
GLOBAL	I	9630001	9640000	0.0059441850747263	9102	54.103972550159	416	8865.6977491961
GLOBAL	I	9640001	9650000	0.0058667522143885	8938	52.437031292205	402	8537.8681672026
GLOBAL	I	9650001	9660000	0.015104876596214	7803	117.86335208026	903	7588.2282958199
GLOBAL	I	9660001	9670000	0.010172572301964	8136	82.764048248779	634	7747.6704180064
GLOBAL	I	9670001	9680000	0.0059342071140368	8826	52.375311988488	403	8744.4790996785
GLOBAL	I	9680001	9690000	0.0064146160413666	8372	53.703165498321	413	8268.4485530547
GLOBAL	I	9690001	9700000	0.0059859460215997	8864	53.059425535459	408	8756.1623794212
GLOBAL	I	9700001	9710000	0.006875401972315	8752	60.173518061701	463	8681.8810289389
GLOBAL	I	9710001	9720000	0.0087481809717835	8641	75.593031777181	581	8529.575562701
GLOBAL	I	9720001	9730000	0.0067072705351954	8211	55.07339836449	422	7886.5659163987
GLOBAL	I	9730001	9740000	0.0088546680755951	8516	75.406353331767	580	8438.3762057878
GLOBAL	I	9740001	9750000	0.0070358802849387	7913	55.67492069472	426	7291.0868167203
GLOBAL	I	9750001	9760000	0.0025654915359089	9029	23.163823077722	178	8893.6752411576
GLOBAL	I	9760001	9770000	0.0061073374711911	8222	50.214528688133	382	7665.2652733119
GLOBAL	I	9770001	9780000	0.0088097267412891	7626	67.182976129071	510	6962.0032154341
GLOBAL	I	9780001	9790000	0.0048415361564282	8667	41.961593867763	318	7274.998389694
GLOBAL	I	9790001	9800000	0.0019138795971324	8823	16.886159685499	129	8340.3263665595
GLOBAL	I	9800001	9810000	0.001931111455988	9222	17.808709847121	137	9145.0723472669
GLOBAL	I	9810001	9820000	0.002102408075916	9097	19.125606266608	147	8951.7781350482
GLOBAL	I	9820001	9830000	0.0024803173792746	8708	21.598603738724	166	8297.7331189711
GLOBAL	I	9830001	9840000	0.0019729731652518	9323	18.394028819643	141	8928.5980707396
GLOBAL	I	9840001	9850000	0.0018744075318772	7033	13.182708171692	93	5011.0305466238
GLOBAL	I	9850001	9860000	0.0019911350246098	9222	18.362247196952	141	9114.9260450161
GLOBAL	I	9860001	9870000	0.001629336374631	7515	12.244462855352	93	6732.1607717042
GLOBAL	I	9870001	9880000	0.0019823635323597	8985	17.811536338252	137	8932.5594855305
GLOBAL	I	9880001	9890000	0.0017162323227499	9174	15.744715328907	121	9114.1093247588
GLOBAL	I	9890001	9900000	0.0019940286425551	6538	13.036959265025	99	6068.5466237942
GLOBAL	I	9900001	9910000	0.0012417600083506	4390	5.4513264366591	41	3148.9705400982
GLOBAL	I	9910001	9920000	0.0013791703559819	7406	10.214135656402	76	5622.5964630225
GLOBAL	I	9920001	9930000	0.0014026858181746	9263	12.993078733751	100	9216.1302250804
GLOBAL	I	9930001	9940000	0.0016745711463295	9238	15.469688249792	119	9170.6446945338
GLOBAL	I	9940001	9950000	0.0063654507543357	8917	56.760724376412	435	8641.9356913183
GLOBAL	I	9950001	9960000	0.0084599025326472	8897	75.267752832962	579	8712.6334405145
GLOBAL	I	9960001	9970000	0.00995354783871	9101	90.5872388801	697	9030.6639871383
GLOBAL	I	9970001	9980000	0.0066426333835571	9294	61.73663466678	475	8976.7090032154
GLOBAL	I	9980001	9990000	0.0015635237468955	9331	14.589240082282	112	9227.3585209003
GLOBAL	I	9990001	10000000	0.0063331286351996	9063	57.397144820814	441	8762.6688102894
GLOBAL	I	10000001	10010000	0.010382906492894	8547	88.742701794763	680	8174.5289389068
GLOBAL	I	10010001	10020000	0.013291919059182	8190	108.8608170947	833	7725.3778135048
GLOBAL	I	10020001	10030000	0.01639204091098	6892	112.97394595847	864	6606.8118971061
GLOBAL	I	10030001	10040000	0.011058991196417	7706	85.220586159588	649	7033.5819935691
GLOBAL	I	10040001	10050000	0.012589517627378	8124	102.27724120482	785	7929.4019292604
GLOBAL	I	10050001	10060000	0.010392194952273	8145	84.644427886264	650	7883.6897106109
GLOBAL	I	10060001	10070000	0.012995570260852	8207	106.65464513081	817	7848.2942122186
GLOBAL	I	10070001	10080000	0.0086619604494688	8183	70.880822358003	536	7370.0964630225
GLOBAL	I	10080001	10090000	0.0073383095058558	7746	56.842545432359	432	6205.921221865
GLOBAL	I	10090001	10100000	0.0077282404138182	8484	65.566391670834	503	8173.2479871176
GLOBAL	I	10100001	10110000	0.0054289928321339	8322	45.180078349018	344	6549.8729903537
GLOBAL	I	10110001	10120000	0.0081752467415801	9282	75.882640255347	583	9189.8006430868
GLOBAL	I	10120001	10130000	0.0066016981553255	9166	60.511165291714	458	8867.0353697749
GLOBAL	I	10130001	10140000	0.0062893269761765	8255	51.918394188337	392	7427.1800643087
GLOBAL	I	10140001	10150000	0.0071138677142003	8361	59.479047958429	414	4812.9403225806
GLOBAL	I	10150001	10160000	0.0046408220151937	8774	40.71857236131	266	6418.0476190476
GLOBAL	I	10160001	10170000	0.0070278370393	7956	55.913471484671	343	3336.5444743935
GLOBAL	I	10170001	10180000	0.0076657197683102	8366	64.131411581683	466	6901.0953206239
GLOBAL	I	10180001	10190000	0.0070261428096882	7961	55.935122907927	424	7004.5749185668
GLOBAL	I	10190001	10200000	0.0083448052456112	7535	62.87810752568	479	6896.2834138486
GLOBAL	I	10200001	10210000	0.0019656306833603	9393	18.463169008804	142	9318.8164251208
GLOBAL	I	10210001	10220000	0.0049210439973233	9200	45.273604775374	347	9069.9376026273
GLOBAL	I	10220001	10230000	0.0073984441648866	8636	63.89296380796	490	8266.9146537842
GLOBAL	I	10230001	10240000	0.0056616065996294	8488	48.055716817654	369	8137.4308681672
GLOBAL	I	10240001	10250000	0.0085170410255084	8851	75.384330116775	579	8601.2524115756
GLOBAL	I	10250001	10260000	0.0066454604037787	8888	59.064852068785	454	8705.9710610932
GLOBAL	I	10260001	10270000	0.005887206086698	9076	53.432282442871	411	8960.9340836013
GLOBAL	I	10270001	10280000	0.0056182543222485	8606	48.35069669727	372	8504.7170418006
GLOBAL	I	10280001	10290000	0.0037668792008527	9142	34.436809654196	265	9080.075562701
GLOBAL	I	10290001	10300000	0.0018795468655866	8859	16.650905682232	128	8780.7765273312
GLOBAL	I	10300001	10310000	0.0019668946137816	9515	18.715002250132	144	9424.4324758842
GLOBAL	I	10310001	10320000	0.0019783598362986	8684	17.180076818417	132	8493.463022508
GLOBAL	I	10320001	10330000	0.0021930746636736	9362	20.531565001312	158	9303.1382636656
GLOBAL	I	10330001	10340000	0.0019247442803791	9654	18.58148128278	143	9606.9887459807
GLOBAL	I	10340001	10350000	0.0023337191796828	8633	20.146997678202	152	7769.2797427653
GLOBAL	I	10350001	10360000	0.001143968332591	9205	10.5302285015	81	9142.7186495177
GLOBAL	I	10360001	10370000	0.0014739949694634	9431	13.901246557009	107	9391.9292604502
GLOBAL	I	10370001	10380000	0.0022605411427613	9371	21.183531048816	163	9321.3135048232
GLOBAL	I	10380001	10390000	0.0015293161293289	9598	14.678376209299	113	9555.884244373
GLOBAL	I	10390001	10400000	0.0021631084914305	8957	19.374962757743	149	8896.1334405145
GLOBAL	I	10400001	10410000	0.0019787222563041	9197	18.198308591229	140	9117.6623794212
GLOBAL	I	10410001	10420000	0.0022914057840099	9247	21.18862928474	163	9167.5916398714
GLOBAL	I	10420001	10430000	0.001474082114389	9254	13.641155886556	105	9210.9839228296
GLOBAL	I	10430001	10440000	0.0012486499564562	9262	11.564995896697	89	9202.9726688103
GLOBAL	I	10440001	10450000	0.0011674045916807	9141	10.671245372554	82	9092.2588424437
GLOBAL	I	10450001	10460000	0.0013512278736495	9811	13.256896668375	102	9757.4163987138
GLOBAL	I	10460001	10470000	0.0016495894382888	8278	13.655301370155	105	8231.4003215434
GLOBAL	I	10470001	10480000	0.0020516688538746	8620	17.685385520399	136	8549.1254019293
GLOBAL	I	10480001	10490000	0.0015607936902112	9406	14.680825450126	113	9365.3488745981
GLOBAL	I	10490001	10500000	0.0014260573937122	9571	13.64879531522	105	9506.0996784566
GLOBAL	I	10500001	10510000	0.0016935852178328	7674	12.996572961649	100	7344.3810289389
GLOBAL	I	10510001	10520000	0.0012338088198195	9371	11.562022450528	89	9335.5241157556
GLOBAL	I	10520001	10530000	0.0012824455083787	9318	11.949827247072	92	9285.5353697749
GLOBAL	I	10530001	10540000	0.0017646800584802	9425	16.632109551176	128	9352.347266881
GLOBAL	I	10540001	10550000	0.0025778095765641	7710	19.874911835309	151	6691.9581993569
GLOBAL	I	10550001	10560000	0.0028208069404054	9379	26.456348294062	203	9243.1623794212
GLOBAL	I	10560001	10570000	0.0010639335846006	9400	10.000975695245	77	9370.2443729904
GLOBAL	I	10570001	10580000	0.002647664625474	8842	23.410650618441	180	8722.7990353698
GLOBAL	I	10580001	10590000	0.0024069161873449	8604	20.709106875915	159	8468.115755627
GLOBAL	I	10590001	10600000	0.002023625893759	8803	17.81397874276	137	8717.5675241158
GLOBAL	I	10600001	10610000	0.0016308536015241	8453	13.785605493684	106	8393.7138263666
GLOBAL	I	10610001	10620000	0.0022386819657626	9345	20.920482970052	161	9300.9308681672
GLOBAL	I	10620001	10630000	0.0014901924472533	9089	13.544359153085	104	8688.6205787781
GLOBAL	I	10630001	10640000	0.0025689623810229	9104	23.387833516833	180	9056.6189710611
GLOBAL	I	10640001	10650000	0.0018328843320761	9146	16.763560101168	129	9081.6254019293
GLOBAL	I	10650001	10660000	0.0016106767028198	9038	14.557296040085	112	8965.5852090032
GLOBAL	I	10660001	10670000	0.0015550721962248	9361	14.55703082886	112	9309.0996784566
GLOBAL	I	10670001	10680000	0.0014822016545812	8723	12.929245032912	99	8618.5128617363
GLOBAL	I	10680001	10690000	0.001906965095501	9202	17.5478928088	135	9158.2475884244
GLOBAL	I	10690001	10700000	0.0020605308131955	9331	19.226813017927	148	9292.577170418
GLOBAL	I	10700001	10710000	0.002026126806789	8477	17.17547694115	132	8420.8890675241
GLOBAL	I	10710001	10720000	0.0016292762595237	8780	14.305045558618	110	8664.2813504823
GLOBAL	I	10720001	10730000	0.0015735095976649	8718	13.717856672443	105	8370.4581993569
GLOBAL	I	10730001	10740000	0.0020311250969946	8773	17.819060475934	137	8664.3311897106
GLOBAL	I	10740001	10750000	0.0015593793776499	8589	13.393509474635	103	8489.3954983923
GLOBAL	I	10750001	10760000	0.0024605301070381	8526	20.978479692607	161	8417.9694533762
GLOBAL	I	10760001	10770000	0.0018320157470193	9299	17.035914431532	131	9202.7057877813
GLOBAL	I	10770001	10780000	0.0013892585040362	9630	13.378559393869	103	9561
GLOBAL	I	10780001	10790000	0.0027264440844348	9624	26.239297868601	202	9590.9180064309
GLOBAL	I	10790001	10800000	0.0020236298466347	9332	18.884513728795	145	9153.0948553055
GLOBAL	I	10800001	10810000	0.0026891529244297	8762	23.562357923853	180	8380.2057877814
GLOBAL	I	10810001	10820000	0.0019432108921291	9234	17.94360937792	138	9146.5128617363
GLOBAL	I	10820001	10830000	0.0023039671647968	9103	20.973013101145	161	8874.5192926045
GLOBAL	I	10830001	10840000	0.0022717771655437	8872	20.155207012703	155	8781.578778135
GLOBAL	I	10840001	10850000	0.0025550015462445	8404	21.472232994639	165	8300.3327974277
GLOBAL	I	10850001	10860000	0.0054651500066024	7867	42.994335101941	327	6443.7572347267
GLOBAL	I	10860001	10870000	0.0059078308178074	8296	49.01136446453	373	7861.8504823151
GLOBAL	I	10870001	10880000	0.0063806728923734	8041	51.306990727575	391	7340.1655948553
GLOBAL	I	10880001	10890000	0.010484909367992	7588	79.559492284325	608	7236.0241157556
GLOBAL	I	10890001	10900000	0.0066438522376969	6749	44.839358752216	339	5753.5225080386
GLOBAL	I	10900001	10910000	0.0090731770359316	7768	70.480439215116	538	7316.3376205788
GLOBAL	I	10910001	10920000	0.0081430023706199	6854	55.812138248229	425	6341.7122186495
GLOBAL	I	10920001	10930000	0.0074793028855895	8052	60.223346834767	460	7542.4196141479
GLOBAL	I	10930001	10940000	0.0024288648591273	8884	21.578035408487	166	8798.0466237942
GLOBAL	I	10940001	10950000	0.0036130938139373	8786	31.744642249254	244	8668.7395498392
GLOBAL	I	10950001	10960000	0.0028035349242006	8245	23.115145450034	177	7903.0514469453
GLOBAL	I	10960001	10970000	0.0043466417059662	8795	38.228713803972	294	8701.2781350482
GLOBAL	I	10970001	10980000	0.0091136735064591	8763	79.863120937101	614	8665.1189710611
GLOBAL	I	10980001	10990000	0.0070900765736306	7890	55.940704165946	425	6975.2475884244
GLOBAL	I	10990001	11000000	0.0084839265668847	8625	73.173866639381	560	8303.2475884244
GLOBAL	I	11000001	11010000	0.0062946267470338	8716	54.863966727147	420	8521.3151125402
GLOBAL	I	11010001	11020000	0.0068206939776104	9091	62.006928950456	477	9041.1511254019
GLOBAL	I	11020001	11030000	0.0017764520468997	9363	16.632920515122	128	9320.1864951769
GLOBAL	I	11030001	11040000	0.0013904080367609	9191	12.779240265869	98	9033.6350482315
GLOBAL	I	11040001	11050000	0.0021949871257706	9126	20.031452509783	154	9052.4196141479
GLOBAL	I	11050001	11060000	0.0015486206008982	9478	14.677826055313	113	9447.6511254019
GLOBAL	I	11060001	11070000	0.0039058308483954	8943	34.9298452772	266	8549.7749196141
GLOBAL	I	11070001	11080000	0.0029410285682005	9106	26.781006142033	205	8868.5128617363
GLOBAL	I	11080001	11090000	0.0022600270594318	9314	21.049892031548	162	9285.0803858521
GLOBAL	I	11090001	11100000	0.0027881261560291	9026	25.165626684318	165	8419.4469453376
GLOBAL	I	11100001	11110000	0.00099731559028297	9380	9.3548202368543	72	9343.6897106109
GLOBAL	I	11110001	11120000	0.0031543866306022	8617	27.181349595899	209	8544.2572347267
GLOBAL	I	11120001	11130000	0.0025001288693839	9033	22.583664077144	173	8945.7202572347
GLOBAL	I	11130001	11140000	0.001759040556229	7026	12.359018948065	94	6037.2588424437
GLOBAL	I	11140001	11150000	0.0030040910988457	8708	26.159625288748	201	8271.6061093248
GLOBAL	I	11150001	11160000	0.0010650630449767	8071	8.5961238360068	66	7481.1302250804
GLOBAL	I	11160001	11170000	0.002266198318056	9134	20.699455437124	159	9050.808681672
GLOBAL	I	11170001	11180000	0.002183070930763	9185	20.051506499058	154	9102.4453376206
GLOBAL	I	11180001	11190000	0.0021340853080594	8898	18.989091071112	146	8816.847266881
GLOBAL	I	11190001	11200000	0.0027138258978214	8771	23.802966949792	183	8651.9292604502
GLOBAL	I	11200001	11210000	0.0018659780682966	4833	9.0182720040772	68	3455.1433172303
GLOBAL	I	11210001	11220000	0.0024870494216074	7830	19.473596971186	149	7420.7363344051
GLOBAL	I	11220001	11230000	0.0016374726115731	9363	15.331656062159	118	9300.4485530547
GLOBAL	I	11230001	11240000	0.0018158222246778	9017	16.37326899992	126	8953.5610932476
GLOBAL	I	11240001	11250000	0.0018603721836788	8951	16.652191416109	128	8856.6977491961
GLOBAL	I	11250001	11260000	0.0029653236137497	9029	26.773906908546	204	8799.7057877814
GLOBAL	I	11260001	11270000	0.0017736862782189	6186	10.972023317062	84	4910.7556270096
GLOBAL	I	11270001	11280000	0.0018848633790085	7635	14.39093189873	109	6229.9035369775
GLOBAL	I	11280001	11290000	0.0023037465442486	8447	19.459747059268	149	8269.0482315113
GLOBAL	I	11290001	11300000	0.0021610706629028	8547	18.47067095583	142	8428.924437299
GLOBAL	I	11300001	11310000	0.0023704654126942	7858	18.627117212951	142	7584.2926045016
GLOBAL	I	11310001	11320000	0.0018555798072612	9256	17.17524669601	132	9132.9067524116
GLOBAL	I	11320001	11330000	0.0013812073996359	9220	12.734732224643	98	9160.4517684887
GLOBAL	I	11330001	11340000	0.0014591503571462	8638	12.604140785029	97	8315.7893890675
GLOBAL	I	11340001	11350000	0.0020464150749145	8390	17.169422478533	132	7974.5803858521
GLOBAL	I	11350001	11360000	0.0019126192861326	8838	16.90372925084	130	8682.4324758842
GLOBAL	I	11360001	11370000	0.001628589499495	9342	15.214283104282	117	9233.4726688103
GLOBAL	I	11370001	11380000	0.0018354014603658	7647	14.035314967418	107	6889.2202572347
GLOBAL	I	11380001	11390000	0.0026701399242151	9069	24.215498972707	186	8931.229903537
GLOBAL	I	11390001	11400000	0.0034854976558676	8845	30.829226766149	237	8723.8826366559
GLOBAL	I	11400001	11410000	0.0019342483664299	9218	17.829901441751	137	9069.0353697749
GLOBAL	I	11410001	11420000	0.0016275114624164	9260	15.070756141976	116	9208.2572347267
GLOBAL	I	11420001	11430000	0.0028364542560901	8360	23.712757580913	182	8017.9180064309
GLOBAL	I	11430001	11440000	0.00442969043593	9121	40.403206466117	310	8630.8199356913
GLOBAL	I	11440001	11450000	0.0075902278598765	8708	66.095704203805	508	8581.3778135048
GLOBAL	I	11450001	11460000	0.0066750180839428	7068	47.179027817308	362	6812.1607717042
GLOBAL	I	11460001	11470000	0.0051371935013358	8429	43.30140402276	332	8087.9694533762
GLOBAL	I	11470001	11480000	0.0080388311227006	8201	65.926454037268	506	7986.4774919614
GLOBAL	I	11480001	11490000	0.0082815032407303	8239	68.231305200377	524	8064.0627009646
GLOBAL	I	11490001	11500000	0.0082124248261037	8282	68.015302409791	522	8096.654340836
GLOBAL	I	11500001	11510000	0.0064749967068973	8370	54.19572243673	416	8186.2057877814
GLOBAL	I	11510001	11520000	0.0070004938164976	9173	64.215529778733	494	9102.2266881029
GLOBAL	I	11520001	11530000	0.0059712461117222	8274	49.406090328389	379	8076.1993569132
GLOBAL	I	11530001	11540000	0.0060435253389335	8047	48.632248402398	373	7886.845659164
GLOBAL	I	11540001	11550000	0.0090083487173509	8590	77.381715482044	594	8426.4565916399
GLOBAL	I	11550001	11560000	0.0043449843447028	8093	35.16395830168	270	7960.4389067524
GLOBAL	I	11560001	11570000	0.0038975292817168	8529	33.242027243763	255	8258.6897106109
GLOBAL	I	11570001	11580000	0.0028405507340272	8607	24.448620167772	188	8506.6720257235
GLOBAL	I	11580001	11590000	0.0018189860830612	8652	15.737867590645	121	8564.6270096463
GLOBAL	I	11590001	11600000	0.0018469309286054	8871	16.384124267659	126	8795.3665594855
GLOBAL	I	11600001	11610000	0.0015905178711379	9069	14.42440657335	111	9012.8295819936
GLOBAL	I	11610001	11620000	0.0018978432787244	9247	17.549356798364	135	9151.4790996785
GLOBAL	I	11620001	11630000	0.0012298508875299	8984	11.048980373569	85	8890.4405144695
GLOBAL	I	11630001	11640000	0.0030749004595618	8712	26.788532803703	206	8634.8247588424
GLOBAL	I	11640001	11650000	0.0036262625153502	9190	33.325352516068	255	8801.2170418006
GLOBAL	I	11650001	11660000	0.0022418084997735	7567	16.963764917786	130	6840.1977491961
GLOBAL	I	11660001	11670000	0.0013838888470144	9393	12.998867940007	100	9325.3504823151
GLOBAL	I	11670001	11680000	0.0017231406768242	9433	16.254386004482	125	9346.3038585209
GLOBAL	I	11680001	11690000	0.00078562495450645	9443	7.4186564454044	57	9365.6816720257
GLOBAL	I	11690001	11700000	0.00193810112177	9118	17.671606028299	136	9057.8987138264
GLOBAL	I	11700001	11710000	0.0020122953976718	8490	17.084387926233	131	8247.6591639871
GLOBAL	I	11710001	11720000	0.0026308557174805	9147	24.064437247794	185	9022.3504823151
GLOBAL	I	11720001	11730000	0.0044358784434681	5524	24.503792521718	187	4329.078778135
GLOBAL	I	11730001	11740000	0.0035308255151825	3570	12.605047089201	95	2791.3355817875
GLOBAL	I	11740001	11750000	0.0047414501626253	6047	28.671549133395	220	5732.7027463651
GLOBAL	I	11750001	11760000	0.00073298877043752	858	0.62890436503539	2	201.65782493369
GLOBAL	I	11760001	11770000	0.0018590982530871	4859	9.0333584117503	67	2491.5265700483
GLOBAL	I	11770001	11780000	0.003255443369474	7167	23.33176262902	178	6484.152733119
GLOBAL	I	11780001	11790000	0.0092872943435249	9028	83.845693333343	645	8930.7877813505
GLOBAL	I	11790001	11800000	0.0027227304722097	9409	25.618171013021	197	9309.1639871383
GLOBAL	I	11800001	11810000	0.0014438434314864	9359	13.512930675281	104	9299.9180064309
GLOBAL	I	11810001	11820000	0.0013485792175427	9257	12.483797816792	96	9166.6511254019
GLOBAL	I	11820001	11830000	0.0014606728748934	9518	13.902684423236	107	9454.6672025723
GLOBAL	I	11830001	11840000	0.0012195637603607	9384	11.444386327225	88	9299.8633440514
GLOBAL	I	11840001	11850000	0.001489589910193	9536	14.2047293836	109	9427.270096463
GLOBAL	I	11850001	11860000	0.0015911945787487	8985	14.296883290057	110	8932.7122186495
GLOBAL	I	11860001	11870000	0.00092814988800233	9519	8.8350587838942	68	9471.8987138264
GLOBAL	I	11870001	11880000	0.0015573833327934	9592	14.938420928154	115	9555.8874598071
GLOBAL	I	11880001	11890000	0.0015069297714326	9568	14.418304053067	111	9530.768488746
GLOBAL	I	11890001	11900000	0.0013525733601506	9602	12.987409404166	100	9573.768488746
GLOBAL	I	11900001	11910000	0.0014287800627997	9398	13.427675030192	103	8875.7491961415
GLOBAL	I	11910001	11920000	0.001412858761954	9476	13.388249628277	103	9411.7540192926
GLOBAL	I	11920001	11930000	0.0013912234599226	9431	13.12062845053	101	9382.3649517685
GLOBAL	I	11930001	11940000	0.0013135962295554	9690	12.728747464391	98	9662.5964630225
GLOBAL	I	11940001	11950000	0.0015101220956112	9803	14.803726903276	114	9781.4180064309
GLOBAL	I	11950001	11960000	0.0016080266193806	9456	15.205499712863	117	9399.1993569132
GLOBAL	I	11960001	11970000	0.0014136995546011	9738	13.766606262705	106	9707.1575562701
GLOBAL	I	11970001	11980000	0.0015537576250966	9863	15.324711456328	118	9848.6897106109
GLOBAL	I	11980001	11990000	0.0011874926407027	9843	11.688490062437	90	9821.5852090032
GLOBAL	I	11990001	12000000	0.0014697072914443	9647	14.178266240563	109	9248.2218649518
GLOBAL	I	12000001	12010000	0.00075086761224485	9686	7.2729036922036	56	9663.5032154341
GLOBAL	I	12010001	12020000	0.0012257684963046	9856	12.081174299578	93	9829.7427652733
GLOBAL	I	12020001	12030000	0.0010965627448492	9712	10.649817377976	82	9690.7781350482
GLOBAL	I	12030001	12040000	0.0011629347123559	9715	11.297910730538	87	9700.3424437299
GLOBAL	I	12040001	12050000	0.0013176756911783	7740	10.19880984972	78	7347.0225080386
GLOBAL	I	12050001	12060000	0.0011951738117696	9781	11.689995052918	90	9759.5160771704
GLOBAL	I	12060001	12070000	0.0010421230934604	9719	10.128394345342	78	9701.1575562701
GLOBAL	I	12070001	12080000	0.00095429941385159	9665	9.2233038348757	71	9596.7459807074
GLOBAL	I	12080001	12090000	0.0010227547398956	9524	9.7407161427655	75	9503.0064308682
GLOBAL	I	12090001	12100000	0.001022154775285	9805	10.022227571669	77	9736.2958199357
GLOBAL	I	12100001	12110000	0.00114307626563	9886	11.300451962018	87	9855.5739549839
GLOBAL	I	12110001	12120000	0.0014346933483222	9777	14.026996866546	108	9744.8874598071
GLOBAL	I	12120001	12130000	0.0012255791315475	9538	11.6895737567	90	9507.0562700965
GLOBAL	I	12130001	12140000	0.0015254630006584	9367	14.289011927167	110	9337.154340836
GLOBAL	I	12140001	12150000	0.0013089983445704	9823	12.858290738715	99	9787.1495176849
GLOBAL	I	12150001	12160000	0.0011870634758136	9627	11.427860081658	88	9599.2813504823
GLOBAL	I	12160001	12170000	0.0011545318282188	9787	11.299403002777	87	9765.1012861736
GLOBAL	I	12170001	12180000	0.0012261522960427	9534	11.690135990471	90	9478.2331189711
GLOBAL	I	12180001	12190000	0.0012565217295393	9509	11.948265126189	92	9487.307073955
GLOBAL	I	12190001	12200000	0.0013348417491084	9730	12.988010218825	100	9704.6961414791
GLOBAL	I	12200001	12210000	0.0010460665561528	9688	10.134292796008	78	9649.1221864952
GLOBAL	I	12210001	12220000	0.0013201576480875	9641	12.727639885212	98	9612.2250803859
GLOBAL	I	12220001	12230000	0.0011598953752145	8959	10.391502666547	80	8567.6430868167
GLOBAL	I	12230001	12240000	0.001081860702025	9844	10.649836750734	82	9819.6639871383
GLOBAL	I	12240001	12250000	0.0010152180605778	9478	9.6222367781563	74	9432.0418006431
GLOBAL	I	12250001	12260000	0.001114752355769	9789	10.912310810623	84	9750.9035369775
GLOBAL	I	12260001	12270000	0.0012435344931341	8115	10.091282411783	77	7279.3633440514
GLOBAL	I	12270001	12280000	0.0011425754546103	5331	6.0910697485278	44	2343.3494363929
GLOBAL	I	12280001	12290000	0.00044731713686875	4375	1.9570124738008	13	3069.9444444444
GLOBAL	I	12290001	12300000	0.00090898271151296	1170	1.0635097724702	8	1130.7754318618
GLOBAL	II	1	10000	0.0011615856667114	122	0.14171345133879	1	72.446153846154
GLOBAL	II	10001	20000	0.00070700769317747	3006	2.1252651256915	15	1639.8121442125
GLOBAL	II	20001	30000	0.0030952770202988	6492	20.09453841578	152	5523.3859934853
GLOBAL	II	30001	40000	0.0015846912120665	9510	15.070413426752	116	9464.654340836
GLOBAL	II	40001	50000	0.0013118801733026	9505	12.469421047242	96	9456.231511254
GLOBAL	II	50001	60000	0.0015409759363181	9648	14.867335833597	114	9231.0916398714
GLOBAL	II	60001	70000	0.0011466357557299	9744	11.172818803832	86	9708.729903537
GLOBAL	II	70001	80000	0.0013175742555787	9463	12.468205180541	96	9438.5980707395
GLOBAL	II	80001	90000	0.0010491629638025	9656	10.130717578477	78	9601.038585209
GLOBAL	II	90001	100000	0.0010096082764929	9780	9.8739689441001	76	9745.421221865
GLOBAL	II	100001	110000	0.0012701845582189	9517	12.088346440569	93	9477.4887459807
GLOBAL	II	110001	120000	0.00095291332670539	9812	9.3499855616333	72	9791.7491961415
GLOBAL	II	120001	130000	0.001011934202476	9756	9.8724300793559	76	9712.1012861736
GLOBAL	II	130001	140000	0.0010574115345937	9705	10.262178943232	79	9684.38585209
GLOBAL	II	140001	150000	0.0011070606040881	9743	10.786091465631	83	9708
GLOBAL	II	150001	160000	0.0010057212271699	9814	9.8701481234455	76	9792.0643086817
GLOBAL	II	160001	170000	0.0015486312525225	9697	15.017077255711	113	9428.5096463023
GLOBAL	II	170001	180000	0.0012437267828036	9713	12.080318241371	93	9676.6237942122
GLOBAL	II	180001	190000	0.0014980728922045	8679	13.001774631443	100	8578.5209003215
GLOBAL	II	190001	200000	0.001076038631885	9655	10.38915299085	80	9632.1398713826
GLOBAL	II	200001	210000	0.0013856181322562	9561	13.247894962502	102	9535.3906752412
GLOBAL	II	210001	220000	0.0014361142844331	9860	14.16008684451	109	9829.4003215434
GLOBAL	II	220001	230000	0.0016778968325215	9521	15.975255742437	123	9488.536977492
GLOBAL	II	230001	240000	0.0017554496787667	9471	16.625863907599	128	9433.9356913183
GLOBAL	II	240001	250000	0.0015114348476655	9538	14.416065577033	111	9508.8102893891
GLOBAL	II	250001	260000	0.0014251392129347	9482	13.513170017046	104	9440.4501607717
GLOBAL	II	260001	270000	0.00118860414719	9507	11.300059627335	87	9475.1061093248
GLOBAL	II	270001	280000	0.0011789845594897	9693	11.427897335134	88	9672.5707395498
GLOBAL	II	280001	290000	0.0012612683955986	9484	11.961869463857	92	9421.5192926045
GLOBAL	II	290001	300000	0.0012634750375449	9661	12.206432337721	94	9640.8295819936
GLOBAL	II	300001	310000	0.0011046641374491	9640	10.648962285009	82	9617.6768488746
GLOBAL	II	310001	320000	0.0012525310444369	9746	12.207167559082	94	9723.3102893891
GLOBAL	II	320001	330000	0.0015843532701271	9509	15.065615245639	116	9486.3183279743
GLOBAL	II	330001	340000	0.0011402652855831	9340	10.650077767346	82	9311.2041800643
GLOBAL	II	340001	350000	0.0014219734672705	9865	14.027768254623	108	9833.8231511254
GLOBAL	II	350001	360000	0.0013012695839161	9486	12.343843273028	95	9442.5080385852
GLOBAL	II	360001	370000	0.0010697599490373	9833	10.518949578884	81	9811.5321543408
GLOBAL	II	370001	380000	0.0012365747422726	9767	12.077625507776	93	9739.231511254
GLOBAL	II	380001	390000	0.0010230658957708	9774	9.9994460652638	77	9754.8745980707
GLOBAL	II	390001	400000	0.0014244869056705	9137	13.015536857111	100	9044.191318328
GLOBAL	II	400001	410000	0.0013338208609607	9835	13.118128167548	101	9809.1784565916
GLOBAL	II	410001	420000	0.0011416958298278	9558	10.912328741494	84	9528.8327974277
GLOBAL	II	420001	430000	0.0013898892494784	9628	13.381853693978	103	9586.2057877813
GLOBAL	II	430001	440000	0.0013015856437235	9409	12.246619321795	93	8967.4469453376
GLOBAL	II	440001	450000	0.0013449909910557	9753	13.117697135766	101	9724.0128617363
GLOBAL	II	450001	460000	0.001154847377997	9673	11.170838687365	86	9634.0819935691
GLOBAL	II	460001	470000	0.0018026558702204	9370	16.890885503965	130	9286.0691318328
GLOBAL	II	470001	480000	0.0017454984367316	9450	16.494960227113	127	9411.4807073955
GLOBAL	II	480001	490000	0.0014855832241361	9100	13.518807339639	104	9039.5241157556
GLOBAL	II	490001	500000	0.0015716549192406	9341	14.680828600626	113	9290.0900321543
GLOBAL	II	500001	510000	0.0017911593548124	9285	16.630914609433	128	9219.0900321543
GLOBAL	II	510001	520000	0.0016722413314252	9246	15.461543350358	119	9186.463022508
GLOBAL	II	520001	530000	0.0016518890233946	9358	15.458377480926	119	9319.2218649518
GLOBAL	II	530001	540000	0.0021068466158496	9321	19.637917306334	151	9244.1639871383
GLOBAL	II	540001	550000	0.0020246900651375	9372	18.975395290468	146	9301.2491961415
GLOBAL	II	550001	560000	0.0013503585704231	9620	12.990449447471	100	9559.8360128617
GLOBAL	II	560001	570000	0.0024620369159482	9290	22.872322949159	176	9237.808681672
GLOBAL	II	570001	580000	0.0051481275583322	8546	43.995898113507	336	8267.6623794212
GLOBAL	II	580001	590000	0.0074107179415838	8900	65.955389680096	507	8756.0836012862
GLOBAL	II	590001	600000	0.0066162863206907	8744	57.85280758812	445	8606.6350482315
GLOBAL	II	600001	610000	0.0079792881492416	8354	66.658973198764	513	8299.2443729904
GLOBAL	II	610001	620000	0.0069421057199261	8802	61.10441454679	470	8694.6237942122
GLOBAL	II	620001	630000	0.0045271051140641	9271	41.970791512488	321	9058.9469453376
GLOBAL	II	630001	640000	0.0019206498316789	8868	17.032322707328	131	8720.4646302251
GLOBAL	II	640001	650000	0.0023689099557681	9229	21.862669981784	168	9084.1125401929
GLOBAL	II	650001	660000	0.0020850559186824	9291	19.372254540478	149	9210.4453376206
GLOBAL	II	660001	670000	0.0019058997807797	9476	18.060306322668	139	9416.3890675241
GLOBAL	II	670001	680000	0.001719096331296	9297	15.982438592059	123	9244.2122186495
GLOBAL	II	680001	690000	0.0019280382412086	9035	17.41982550932	134	8984.9887459807
GLOBAL	II	690001	700000	0.0022532837053457	8950	20.166889162844	155	8837.1768488746
GLOBAL	II	700001	710000	0.0027614605393769	9135	25.225942027208	194	9052.0466237942
GLOBAL	II	710001	720000	0.0028998532134779	9279	26.907737967861	207	9200.8810289389
GLOBAL	II	720001	730000	0.0021617154997441	9163	19.807799124155	152	9053.3440514469
GLOBAL	II	730001	740000	0.0032242614111535	8345	26.906461476076	206	7635.768488746
GLOBAL	II	740001	750000	0.0029473193739452	8865	26.127986250024	201	8794.1977491961
GLOBAL	II	750001	760000	0.0024169970712781	8445	20.411540266944	157	8371.7363344051
GLOBAL	II	760001	770000	0.002182159839249	9178	20.027863004627	154	9045.9501607717
GLOBAL	II	770001	780000	0.0022145675516721	8757	19.392968049993	149	8639.4356913183
GLOBAL	II	780001	790000	0.0024063107882218	9027	21.721767485278	167	8877.8810289389
GLOBAL	II	790001	800000	0.0049369906347128	8885	43.865161789423	337	8783.8649517685
GLOBAL	II	800001	810000	0.0044018204581536	8831	38.872476465954	299	8768.8520900322
GLOBAL	II	810001	820000	0.0027187339159096	9003	24.476761444934	188	8847.963022508
GLOBAL	II	820001	830000	0.002587929137146	9147	23.671787817475	182	9031.5707395498
GLOBAL	II	830001	840000	0.0029281460772631	8818	25.820392109306	198	8662.7829581994
GLOBAL	II	840001	850000	0.0024206068332736	8551	20.698609031323	159	8137.7893890675
GLOBAL	II	850001	860000	0.0029191783618065	8967	26.176272370319	201	8809.9051446945
GLOBAL	II	860001	870000	0.0026100190537331	8967	23.404040854824	180	8871.2073954984
GLOBAL	II	870001	880000	0.0027653224318166	8847	24.464807554282	188	8716.6816720257
GLOBAL	II	880001	890000	0.002635747285601	8260	21.771272579065	167	7795.3408360129
GLOBAL	II	890001	900000	0.0027304864334229	8609	23.506757705338	178	8107.615755627
GLOBAL	II	900001	910000	0.0028472416674411	9233	26.288582315483	202	9101.6672025723
GLOBAL	II	910001	920000	0.0032085402630572	8318	26.68863790811	204	7668.5884244373
GLOBAL	II	920001	930000	0.0055997339122502	8460	47.373748897636	361	8211.3327974277
GLOBAL	II	930001	940000	0.0025252553776616	8973	22.659116503758	174	8868.7041800643
GLOBAL	II	940001	950000	0.0025681774014306	8553	21.965621314436	169	8470.4019292604
GLOBAL	II	950001	960000	0.0027751698218125	9132	25.342850812792	195	9068.578778135
GLOBAL	II	960001	970000	0.0029762960947538	9222	27.447402585819	211	9125.9067524116
GLOBAL	II	970001	980000	0.0027394284260602	9077	24.865791823348	191	8910.4276527331
GLOBAL	II	980001	990000	0.0027936349616411	9170	25.617632598249	197	9061.077170418
GLOBAL	II	990001	1000000	0.0025808721687427	8616	22.236794605887	171	8522.7234726688
GLOBAL	II	1000001	1010000	0.0029687571686578	9194	27.29475340864	210	9115.191318328
GLOBAL	II	1010001	1020000	0.0031501413124087	9126	28.748189617041	221	9023.770096463
GLOBAL	II	1020001	1030000	0.0029168606303913	9093	26.523013712148	204	9018.1045016077
GLOBAL	II	1030001	1040000	0.0024221959860851	9024	21.857896578432	168	8927.0514469453
GLOBAL	II	1040001	1050000	0.0023231974116807	8634	20.058486452451	154	8525.1688102894
GLOBAL	II	1050001	1060000	0.0022818323890001	9117	20.803465890514	160	9044.9083601286
GLOBAL	II	1060001	1070000	0.0023512942001064	9518	22.379618196613	172	9408.1382636656
GLOBAL	II	1070001	1080000	0.0074133942722926	8888	65.890248292136	506	8695.8167202572
GLOBAL	II	1080001	1090000	0.0073263580890908	8641	63.307060247834	486	8438.8279742765
GLOBAL	II	1090001	1100000	0.0070810498770279	8328	58.970983375888	453	8146.3585209003
GLOBAL	II	1100001	1110000	0.0061805816648535	8849	54.691967152288	420	8615.7186495177
GLOBAL	II	1110001	1120000	0.0089083237244944	7490	66.723344696463	505	6590.1591639871
GLOBAL	II	1120001	1130000	0.0068459944873611	8308	56.876522200996	434	7841.4292604502
GLOBAL	II	1130001	1140000	0.0063237830212331	7238	45.771541507685	349	6189.2797427653
GLOBAL	II	1140001	1150000	0.0069385063377706	8093	56.153331791577	429	7658.5305466238
GLOBAL	II	1150001	1160000	0.0054624673655789	8785	47.987775806611	369	8664.7829581994
GLOBAL	II	1160001	1170000	0.0026751730705644	8506	22.755022138221	175	8405.1864951768
GLOBAL	II	1170001	1180000	0.0030269807972712	8852	26.794834017444	206	8757.0176848875
GLOBAL	II	1180001	1190000	0.0022886014550046	9200	21.055133386043	162	9119.421221865
GLOBAL	II	1190001	1200000	0.0023000566920666	8877	20.417603255475	157	8796.2845659164
GLOBAL	II	1200001	1210000	0.0039722829228393	8842	35.122925603745	270	8725.3665594855
GLOBAL	II	1210001	1220000	0.0050830893163534	8701	44.227960141591	340	8560.2106109325
GLOBAL	II	1220001	1230000	0.0066828711882091	8755	58.508537252771	450	8645.2057877814
GLOBAL	II	1230001	1240000	0.0028018441077893	9154	25.648080962703	197	9006.6446945338
GLOBAL	II	1240001	1250000	0.0054068223192374	8196	44.314315728469	335	7467.7282958199
GLOBAL	II	1250001	1260000	0.0059866119357525	8014	47.97670805312	360	6790.6463022508
GLOBAL	II	1260001	1270000	0.003940944415845	9012	35.515791075595	273	8777.1302250804
GLOBAL	II	1270001	1280000	0.0044872325942734	8819	39.572904248897	304	8634.1623794212
GLOBAL	II	1280001	1290000	0.0048812754553538	8790	42.90641125256	329	8552.578778135
GLOBAL	II	1290001	1300000	0.0047923747087465	8242	39.498752349489	303	7947.8102893891
GLOBAL	II	1300001	1310000	0.0058351492010445	8303	48.449243816272	371	7982.1993569132
GLOBAL	II	1310001	1320000	0.0097265860317756	7539	73.328732093556	557	6974.6848874598
GLOBAL	II	1320001	1330000	0.0054650223224636	7496	40.965807329187	307	6333.5342019544
GLOBAL	II	1330001	1340000	0.0047506960916964	7056	33.52091162301	248	5560.7309562399
GLOBAL	II	1340001	1350000	0.010565415947639	6568	69.393651944096	522	5269.6800643087
GLOBAL	II	1350001	1360000	0.01249690802253	8157	101.93727873978	774	7094.921221865
GLOBAL	II	1360001	1370000	0.012696555371291	7753	98.436393793616	752	7346.1093247588
GLOBAL	II	1370001	1380000	0.0059206804921189	7468	44.215641915144	337	6757.4308681672
GLOBAL	II	1380001	1390000	0.0051587717727021	8266	42.642407473155	324	7399.1350482315
GLOBAL	II	1390001	1400000	0.013783450862237	7989	110.11598893841	838	7422.0176848875
GLOBAL	II	1400001	1410000	0.0081132773992188	8262	67.031897872346	508	7059.7057877814
GLOBAL	II	1410001	1420000	0.0072477106996909	7768	56.300216715199	427	6223.7234726688
GLOBAL	II	1420001	1430000	0.0085136887305171	8311	70.757267039327	540	7777.6446945338
GLOBAL	II	1430001	1440000	0.0025232505596936	8662	21.856396348066	167	8041.0739549839
GLOBAL	II	1440001	1450000	0.0028727706011012	9113	26.179558487836	201	9003.4501607717
GLOBAL	II	1450001	1460000	0.0083659496620736	8364	69.972802973584	536	8052.5418006431
GLOBAL	II	1460001	1470000	0.005778828935548	8781	50.743896883047	389	8428.9340836013
GLOBAL	II	1470001	1480000	0.0028779549887372	9198	26.471429986405	203	8904.8054662379
GLOBAL	II	1480001	1490000	0.0022959062920027	9291	21.331265358997	164	9174.2395498392
GLOBAL	II	1490001	1500000	0.0025783348004214	8901	22.949758058551	176	8780.7154340836
GLOBAL	II	1500001	1510000	0.0044656567309327	8725	38.962854977388	299	8528.3520900322
GLOBAL	II	1510001	1520000	0.0024549711911538	9476	23.263307007373	179	9404.6639871383
GLOBAL	II	1520001	1530000	0.0017909015154285	9506	17.024309805664	131	9431.1237942122
GLOBAL	II	1530001	1540000	0.0022677240941479	8219	18.638424329802	143	8036.308681672
GLOBAL	II	1540001	1550000	0.0022140307173614	8641	19.131439428719	147	8515.8633440514
GLOBAL	II	1550001	1560000	0.0027397478523616	8641	23.674161192256	182	8515.4903536977
GLOBAL	II	1560001	1570000	0.0026278204724229	8757	23.011823877007	177	8667.4823151125
GLOBAL	II	1570001	1580000	0.00284184726174	8515	24.198329433716	186	8407.2379421222
GLOBAL	II	1580001	1590000	0.0020596503477775	8953	18.440049563652	138	6797.4035369775
GLOBAL	II	1590001	1600000	0.0049063015579095	7032	34.50111255522	262	6528.8478964401
GLOBAL	II	1600001	1610000	0.004029016488961	4272	17.211958440841	129	3462.5217391304
GLOBAL	II	1610001	1620000	0.0029365339862753	8375	24.593472135055	189	8235.884244373
GLOBAL	II	1620001	1630000	0.0018073744462309	9355	16.90798794449	130	9263.3344051447
GLOBAL	II	1630001	1640000	0.0024179352819332	9267	22.407006257675	172	9159.3987138264
GLOBAL	II	1640001	1650000	0.0027767540604759	8874	24.640915532663	189	8607.0482315113
GLOBAL	II	1650001	1660000	0.0022257833275206	9114	20.285789247023	156	9010.3167202572
GLOBAL	II	1660001	1670000	0.0041442577068497	9286	38.483577065806	296	9228.8713826367
GLOBAL	II	1670001	1680000	0.0026549873203576	8719	23.148834446198	175	8300.4019292604
GLOBAL	II	1680001	1690000	0.0014844776570708	9454	14.034251769948	108	9387.5176848875
GLOBAL	II	1690001	1700000	0.0015975700138516	9204	14.70403440749	113	9137.9340836013
GLOBAL	II	1700001	1710000	0.0024960786724058	8405	20.97954124157	161	8274.8279742765
GLOBAL	II	1710001	1720000	0.0019153188292209	9302	17.816295749413	137	9192.8569131833
GLOBAL	II	1720001	1730000	0.0019004345094704	9370	17.807071353737	137	9305.6848874598
GLOBAL	II	1730001	1740000	0.0025197458485604	8683	21.87895320305	167	8126.1993569132
GLOBAL	II	1740001	1750000	0.002146318840284	9096	19.522916171223	150	8979.5546623794
GLOBAL	II	1750001	1760000	0.0013673989978094	4642	6.3474661478314	48	3625.4019292605
GLOBAL	II	1760001	1770000	0.0020104030817204	7702	15.484124535411	118	7000.8826366559
GLOBAL	II	1770001	1780000	0.0028473448380312	9255	26.352176475979	200	8632.2154340836
GLOBAL	II	1780001	1790000	0.0022180369998354	9081	20.141993995505	155	9017.6109324759
GLOBAL	II	1790001	1800000	0.0022473191684651	8687	19.522461616456	150	8604.5691318328
GLOBAL	II	1800001	1810000	0.0014417831855252	6885	9.9266772323411	75	5092.0466237942
GLOBAL	II	1810001	1820000	0.0024047219774687	8414	20.233330718422	155	8215.1623794212
GLOBAL	II	1820001	1830000	0.0021927745446624	8719	19.118801254912	147	8634.2379421222
GLOBAL	II	1830001	1840000	0.0014079099377814	9044	12.733137477295	98	8987.4308681672
GLOBAL	II	1840001	1850000	0.0015914726104091	9227	14.684517776244	113	9144.6848874598
GLOBAL	II	1850001	1860000	0.0014628038409834	9245	13.523621509891	104	9172.6012861736
GLOBAL	II	1860001	1870000	0.0024730460312741	9147	22.620952048065	174	9075.1237942122
GLOBAL	II	1870001	1880000	0.0018513703568907	8576	15.877352180695	122	8429.1302250804
GLOBAL	II	1880001	1890000	0.0029598420047351	8285	24.52229100923	187	7712.615136876
GLOBAL	II	1890001	1900000	0.0026058046393362	8466	22.060742076621	169	8016.078778135
GLOBAL	II	1900001	1910000	0.0011610422152279	8496	9.864214660576	73	5987.4074074074
GLOBAL	II	1910001	1920000	0.0011436327453718	8534	9.7597618490032	73	5880.7198067633
GLOBAL	II	1920001	1930000	0.0012598819406843	9434	11.885726228415	91	9119.7786752827
GLOBAL	II	1930001	1940000	0.0020749305144211	8806	18.271838109992	133	7084.2259194396
GLOBAL	II	1940001	1950000	0.001740948869062	8424	14.665753272979	105	5890.4795918367
GLOBAL	II	1950001	1960000	0.0036117037659615	8429	30.443051043289	223	6028.5340136054
GLOBAL	II	1960001	1970000	0.0028258880350002	6130	17.322693654551	127	3752.0509337861
GLOBAL	II	1970001	1980000	0.0022803144834702	7153	16.311089500263	121	5475.4035369775
GLOBAL	II	1980001	1990000	0.0018086397183555	9286	16.79502842465	129	9178.8954983923
GLOBAL	II	1990001	2000000	0.001971696742349	9293	18.322977826649	141	9228.1366559486
GLOBAL	II	2000001	2010000	0.0020455251172408	8529	17.446283724947	134	8418.1752411576
GLOBAL	II	2010001	2020000	0.0022756942560995	9026	20.540416355554	158	8933.7909967846
GLOBAL	II	2020001	2030000	0.0011921386692118	9375	11.17630002386	86	9316.6607717042
GLOBAL	II	2030001	2040000	0.0021757301652836	9083	19.762157091271	152	8971.0948553055
GLOBAL	II	2040001	2050000	0.0021963571914752	9468	20.795109888888	160	9400.3376205788
GLOBAL	II	2050001	2060000	0.0013683347865562	9399	12.860978658842	99	9341.2733118971
GLOBAL	II	2060001	2070000	0.0027734446469339	8634	23.945921081627	184	8488.7717041801
GLOBAL	II	2070001	2080000	0.002286538819773	9117	20.84637441987	160	8998.7813504823
GLOBAL	II	2080001	2090000	0.0023708027836187	8777	20.808536031822	160	8695.1607717042
GLOBAL	II	2090001	2100000	0.0022094542233006	9009	19.904973097715	153	8919.5852090032
GLOBAL	II	2100001	2110000	0.0019800001949092	9075	17.968501768801	138	8703.036977492
GLOBAL	II	2110001	2120000	0.002982703186695	6944	20.71189092841	158	6473.4340836013
GLOBAL	II	2120001	2130000	0.0036853293177948	8169	30.105455197066	231	7653.9646302251
GLOBAL	II	2130001	2140000	0.0027064216556713	9139	24.73398751118	190	8989.8311897106
GLOBAL	II	2140001	2150000	0.0020917413091234	9071	18.974185415059	146	9004.3569131833
GLOBAL	II	2150001	2160000	0.0015319489992061	9496	14.547387696461	112	9460.3987138264
GLOBAL	II	2160001	2170000	0.0017826800988241	9475	16.890893936358	130	9429.2122186495
GLOBAL	II	2170001	2180000	0.0027518041052266	8561	23.558194944845	181	8464.0418006431
GLOBAL	II	2180001	2190000	0.0017250926565425	9266	15.984708555523	123	9191.7041800643
GLOBAL	II	2190001	2200000	0.0019787925787872	9063	17.933797141548	138	8993.6720257235
GLOBAL	II	2200001	2210000	0.0017798790236901	9106	16.207578389722	123	8505.9340836013
GLOBAL	II	2210001	2220000	0.0021168655382765	9269	19.621226674284	151	9203.4276527331
GLOBAL	II	2220001	2230000	0.0021821533319968	9054	19.757216267899	152	8961.768488746
GLOBAL	II	2230001	2240000	0.0022493754730923	8786	19.763012906589	152	8684.9292604502
GLOBAL	II	2240001	2250000	0.0022795983179129	8611	19.629621115548	151	8530.5675241158
GLOBAL	II	2250001	2260000	0.0029677422458585	8976	26.638454398826	204	8506.6655948553
GLOBAL	II	2260001	2270000	0.0024424625494238	8658	21.146840752911	162	8467.5627009646
GLOBAL	II	2270001	2280000	0.0026322568569213	9230	24.295730789384	187	9085.2508038585
GLOBAL	II	2280001	2290000	0.0035507690196072	7958	28.257019858034	216	6998.7893890675
GLOBAL	II	2290001	2300000	0.0054632810274378	7928	43.312891985527	333	7779.3488745981
GLOBAL	II	2300001	2310000	0.0044183465091261	8617	38.072891869139	292	8471.4678456592
GLOBAL	II	2310001	2320000	0.0065184631236988	9172	59.787343770566	460	9083.7009646302
GLOBAL	II	2320001	2330000	0.0064255879749157	7806	50.158139732192	386	7709.9292604502
GLOBAL	II	2330001	2340000	0.0063725513728732	9277	59.118159086145	455	9232.0144694534
GLOBAL	II	2340001	2350000	0.0055518755983262	9041	50.194507284467	386	8902.268488746
GLOBAL	II	2350001	2360000	0.0060830423179567	9084	55.258356416318	423	8682.8118971061
GLOBAL	II	2360001	2370000	0.0039177822217395	9028	35.369737897864	271	8815.8681672026
GLOBAL	II	2370001	2380000	0.0084287502916409	8899	75.007448845312	577	8789.654340836
GLOBAL	II	2380001	2390000	0.0098574152560544	8312	81.934835608324	626	7757.5916398714
GLOBAL	II	2390001	2400000	0.0053526622832057	8905	47.665457631947	362	8091.3954983923
GLOBAL	II	2400001	2410000	0.0021660717008271	9296	20.135802530888	155	9245.8778135048
GLOBAL	II	2410001	2420000	0.0023420896612298	9049	21.193569344469	163	8998.7604501608
GLOBAL	II	2420001	2430000	0.0028271600737073	8835	24.977959251204	191	8525.8151125402
GLOBAL	II	2430001	2440000	0.004250488629724	8957	38.071626656438	287	7917.9516908213
GLOBAL	II	2440001	2450000	0.001730744111723	9313	16.118419912477	123	8786.5321543408
GLOBAL	II	2450001	2460000	0.0020601307736826	9469	19.507378296001	150	9362.8408360129
GLOBAL	II	2460001	2470000	0.0014031561733119	9166	12.861329484577	99	9110.0209003215
GLOBAL	II	2470001	2480000	0.0015121787922836	9536	14.420136963216	111	9461.2508038585
GLOBAL	II	2480001	2490000	0.0019048344543594	9229	17.579717179283	135	9096.8504823151
GLOBAL	II	2490001	2500000	0.0013659900859845	7808	10.665650591367	81	7071.040192926
GLOBAL	II	2500001	2510000	0.0016579232007763	9201	15.254551370343	117	8965.6752411576
GLOBAL	II	2510001	2520000	0.0020857092241926	8891	18.544040712296	142	8505.3826366559
GLOBAL	II	2520001	2530000	0.0017926336004468	9248	16.578275536932	127	8926.9726688103
GLOBAL	II	2530001	2540000	0.0018387693129815	9650	17.744123870272	134	8925.3697749196
GLOBAL	II	2540001	2550000	0.0018591216184665	9260	17.215466187	132	8720.6832797428
GLOBAL	II	2550001	2560000	0.0036714558993044	9234	33.902223774177	260	8992.7106109325
GLOBAL	II	2560001	2570000	0.0021101516207975	9486	20.016898274885	154	9411.1575562701
GLOBAL	II	2570001	2580000	0.0016691740596614	9651	16.109198849793	124	9595.4790996785
GLOBAL	II	2580001	2590000	0.0019946147142065	9040	18.031317016427	137	8434.1495176849
GLOBAL	II	2590001	2600000	0.0021428056542436	9343	20.020233227598	154	9262.5032154341
GLOBAL	II	2600001	2610000	0.0018489041657951	9561	17.677372729167	136	9448.2057877813
GLOBAL	II	2610001	2620000	0.0023598194789288	8985	21.202978018175	163	8871.0723472669
GLOBAL	II	2620001	2630000	0.0023628230226983	8905	21.040939017128	159	8072.8745980707
GLOBAL	II	2630001	2640000	0.0014666549761932	9294	13.631091348739	104	8705.1028938907
GLOBAL	II	2640001	2650000	0.0020698800801246	9019	18.668248442644	143	8829.0739549839
GLOBAL	II	2650001	2660000	0.0016056762714947	8273	13.283759794075	102	7527.5578778135
GLOBAL	II	2660001	2670000	0.0019102257652122	9393	17.942750612638	138	9313.6559485531
GLOBAL	II	2670001	2680000	0.0021047585896365	9321	19.618454814002	151	9251.9421221865
GLOBAL	II	2680001	2690000	0.0019137064388236	4241	8.1160290070508	62	3569.385483871
GLOBAL	II	2690001	2700000	0.0020769699899236	5969	12.397433869854	93	4929.1153846154
GLOBAL	II	2700001	2710000	0.0016414991596369	6299	10.339803206553	79	5578.2717041801
GLOBAL	II	2710001	2720000	0.0074552848503937	9077	67.671620587024	520	9000.5418006431
GLOBAL	II	2720001	2730000	0.0072278127256221	8408	60.771449397031	466	8123.9726688103
GLOBAL	II	2730001	2740000	0.0084641604993081	8504	71.979220886116	551	7268.6334405145
GLOBAL	II	2740001	2750000	0.0095813334498151	8453	80.991011651287	621	7644.6366559486
GLOBAL	II	2750001	2760000	0.0060509316940748	9234	55.874303263087	430	9135.4083601286
GLOBAL	II	2760001	2770000	0.0088790311310832	8585	76.226482260349	586	8487.8183279743
GLOBAL	II	2770001	2780000	0.0080677491379234	8654	69.81830103959	537	8541.5594855305
GLOBAL	II	2780001	2790000	0.0072889292422217	8476	61.780964257071	475	8341.8778135048
GLOBAL	II	2790001	2800000	0.0089838505556504	8786	78.932110981944	607	8669.9774919614
GLOBAL	II	2800001	2810000	0.0076706044462823	8886	68.160991109664	523	8619.4565916399
GLOBAL	II	2810001	2820000	0.0068929024688215	8754	60.340468212063	464	8624.3038585209
GLOBAL	II	2820001	2830000	0.0032057194286474	9222	29.563144570986	227	8880.6672025723
GLOBAL	II	2830001	2840000	0.010136563090694	7997	81.062095036279	622	7748.347266881
GLOBAL	II	2840001	2850000	0.0069817151154425	8644	60.349945457885	463	8415.7588424437
GLOBAL	II	2850001	2860000	0.0020573470573327	9104	18.730087609957	144	9019.9662379421
GLOBAL	II	2860001	2870000	0.0018043348265714	8933	16.118123005762	124	8851.2588424437
GLOBAL	II	2870001	2880000	0.0021589891286097	8737	18.863088016663	145	8647.2717041801
GLOBAL	II	2880001	2890000	0.0013829667465727	9306	12.869888543605	99	9222.5482315113
GLOBAL	II	2890001	2900000	0.0024173756997618	8877	21.459044086786	163	8213.731511254
GLOBAL	II	2900001	2910000	0.0018736699288769	8689	16.280318012012	124	8037.615755627
GLOBAL	II	2910001	2920000	0.0025419161913599	6686	16.995251655432	128	5919.1594202899
GLOBAL	II	2920001	2930000	0.0026096639987676	5582	14.567144441121	112	4963.270096463
GLOBAL	II	2930001	2940000	0.0021894702155863	8853	19.383379818585	148	8591.577170418
GLOBAL	II	2940001	2950000	0.0017598049476972	9673	17.022593259075	131	9608.0225080386
GLOBAL	II	2950001	2960000	0.0016834355086239	9347	15.735071699108	121	9270.5257234727
GLOBAL	II	2960001	2970000	0.002720162430569	8886	24.171363358036	186	8783.9533762058
GLOBAL	II	2970001	2980000	0.0029286005815123	9292	27.212556603412	209	9110.7057877814
GLOBAL	II	2980001	2990000	0.0018121795623347	9105	16.499894915057	127	9048.575562701
GLOBAL	II	2990001	3000000	0.0017882753122675	8503	15.205704980211	117	8446.807073955
GLOBAL	II	3000001	3010000	0.001587907460118	8100	12.862050426956	99	8046.9710610932
GLOBAL	II	3010001	3020000	0.0019998374744826	9359	18.716478923683	144	9282.963022508
GLOBAL	II	3020001	3030000	0.0020231661040364	8805	17.81397754604	137	8709.8569131833
GLOBAL	II	3030001	3040000	0.0017907203355915	8431	15.097563149372	116	8282.2122186495
GLOBAL	II	3040001	3050000	0.002271373320606	8358	18.984138213625	146	8233.4340836013
GLOBAL	II	3050001	3060000	0.0022062567966763	8659	19.10397760242	147	8585.4807073955
GLOBAL	II	3060001	3070000	0.0017667274029506	8529	15.068418019766	116	8495.6366559486
GLOBAL	II	3070001	3080000	0.0010780065735891	9278	10.001744989759	77	9237.1559485531
GLOBAL	II	3080001	3090000	0.0020474492082306	9023	18.474134205864	142	8656.9469453376
GLOBAL	II	3090001	3100000	0.0021522790408733	8578	18.462249612611	142	8494.6430868167
GLOBAL	II	3100001	3110000	0.0021881814789837	8973	19.634552410921	151	8873.5996784566
GLOBAL	II	3110001	3120000	0.0016474261754207	8342	13.742829155359	105	7636.3987138264
GLOBAL	II	3120001	3130000	0.0019136449022443	8759	16.761615698758	129	8704.1012861736
GLOBAL	II	3130001	3140000	0.0021077388488385	9008	18.986511550337	143	8648.7942122187
GLOBAL	II	3140001	3150000	0.0018718815146107	9372	17.543273554931	135	9322.0418006431
GLOBAL	II	3150001	3160000	0.0022156621013853	8833	19.570943341537	149	8357.6093247588
GLOBAL	II	3160001	3170000	0.0020731793702621	9169	19.008981645933	146	9020.0803858521
GLOBAL	II	3170001	3180000	0.0018981077213001	8971	17.027924367783	131	8914.2652733119
GLOBAL	II	3180001	3190000	0.0015488639437566	9479	14.681681322869	113	9416.8376205788
GLOBAL	II	3190001	3200000	0.001775734731074	9364	16.627980021777	128	9316.9324758842
GLOBAL	II	3200001	3210000	0.0014777706868733	9320	13.772822801659	106	9269.4372990354
GLOBAL	II	3210001	3220000	0.0021339021537479	9231	19.698050781247	151	9010.5530546624
GLOBAL	II	3220001	3230000	0.001409794017862	9406	13.26052253201	102	9366.5257234727
GLOBAL	II	3230001	3240000	0.0020348517045917	9278	18.879354115202	144	8665.7347266881
GLOBAL	II	3240001	3250000	0.0019254859314152	9181	17.677886336323	136	8870.1302250804
GLOBAL	II	3250001	3260000	0.0022880912466086	9320	21.325010418392	164	9256.7057877813
GLOBAL	II	3260001	3270000	0.0021215525896306	8952	18.992138782373	146	8715.5176848875
GLOBAL	II	3270001	3280000	0.0014661779969435	8510	12.477174753989	87	3732.4774919614
GLOBAL	II	3280001	3290000	0.0014076479440448	9058	12.750475077158	95	6330.998392283
GLOBAL	II	3290001	3300000	0.0019435764781363	8893	17.284225620066	133	8815.8585209003
GLOBAL	II	3300001	3310000	0.0018262803217758	9258	16.907703219	130	9143.2057877814
GLOBAL	II	3310001	3320000	0.004780652664335	8757	41.864175381582	317	8346.2636655949
GLOBAL	II	3320001	3330000	0.0060550733593272	8962	54.26556744629	417	8745.0819935691
GLOBAL	II	3330001	3340000	0.0046516978592215	8647	40.223231388688	309	8511.6318327974
GLOBAL	II	3340001	3350000	0.0018200951113108	9006	16.391776572465	126	8850.2749196141
GLOBAL	II	3350001	3360000	0.0016270547607625	9190	14.952633251408	115	9113.4292604502
GLOBAL	II	3360001	3370000	0.0013018291865229	9488	12.351755321729	95	9416.2524115756
GLOBAL	II	3370001	3380000	0.0022772021810084	8871	20.201060547726	155	8777.4581993569
GLOBAL	II	3380001	3390000	0.0018564234806001	8961	16.635410809657	128	8900.6688102894
GLOBAL	II	3390001	3400000	0.0041725721122016	9065	37.824366197107	287	8496.2717041801
GLOBAL	II	3400001	3410000	0.0033728378743728	9443	31.849708047702	245	9348.1720257235
GLOBAL	II	3410001	3420000	0.0017023910807392	9539	16.239108519171	125	9493.345659164
GLOBAL	II	3420001	3430000	0.0019228388475841	8890	17.094037355022	131	8646.5964630225
GLOBAL	II	3430001	3440000	0.0017848655150578	9123	16.283328093873	125	8978.3022508039
GLOBAL	II	3440001	3450000	0.0013047079643321	9360	12.212066546148	94	9324.4967845659
GLOBAL	II	3450001	3460000	0.0022729902317449	9379	21.318375383535	164	9304.2749196141
GLOBAL	II	3460001	3470000	0.0013691525592354	9584	13.121958127712	101	9525.5739549839
GLOBAL	II	3470001	3480000	0.0018971539574655	9522	18.064699982986	139	9461.6623794212
GLOBAL	II	3480001	3490000	0.0011423714743605	9096	10.391010930783	80	9041.5530546624
GLOBAL	II	3490001	3500000	0.0014600783242188	9165	13.381617841465	103	9104.2733118971
GLOBAL	II	3500001	3510000	0.0015848034690868	9191	14.565928684376	112	9127.0305466238
GLOBAL	II	3510001	3520000	0.0030985121652697	9541	29.562904568839	226	9144.4180064309
GLOBAL	II	3520001	3530000	0.0030737583382807	9276	28.512182345892	218	9044.5530546624
GLOBAL	II	3530001	3540000	0.0016654563334756	8925	14.86419777627	114	8161.9807073955
GLOBAL	II	3540001	3550000	0.0016864505133535	8875	14.967248306012	115	8770.5916398714
GLOBAL	II	3550001	3560000	0.0019801338914897	9280	18.375642513024	141	8975.4405144695
GLOBAL	II	3560001	3570000	0.0016982881775495	6258	10.627887415105	79	5073.9453376206
GLOBAL	II	3570001	3580000	0.001596351132712	9118	14.555529628068	112	9068.8006430868
GLOBAL	II	3580001	3590000	0.0017504786327859	9290	16.261946498581	125	9212.6350482315
GLOBAL	II	3590001	3600000	0.0018106359926752	9472	17.15034412262	132	9427.8569131833
GLOBAL	II	3600001	3610000	0.0018849752567394	9511	17.927999666848	138	9462.9871382637
GLOBAL	II	3610001	3620000	0.0016656725944955	9515	15.848874736625	122	9462.8102893891
GLOBAL	II	3620001	3630000	0.0017337032190397	9443	16.371359497392	126	9396.6077170418
GLOBAL	II	3630001	3640000	0.0014551210117328	9305	13.539901014173	104	9253.1961414791
GLOBAL	II	3640001	3650000	0.001608239638386	9290	14.940546240606	115	9238.6318327974
GLOBAL	II	3650001	3660000	0.0020680176163192	9154	18.930633259786	143	8736.0707395498
GLOBAL	II	3660001	3670000	0.0012356663681303	9250	11.429913905205	88	9195.4405144695
GLOBAL	II	3670001	3680000	0.0017454356016323	9381	16.373931378913	126	9321.2234726688
GLOBAL	II	3680001	3690000	0.0018978148836191	8626	16.370551186099	126	8479.3617363344
GLOBAL	II	3690001	3700000	0.0013452428795745	9465	12.732723855173	98	9411.4549839228
GLOBAL	II	3700001	3710000	0.001894570634385	9418	17.843066234638	137	9232.9678456592
GLOBAL	II	3710001	3720000	0.0012125164103732	9234	11.196376533386	86	9163.5257234727
GLOBAL	II	3720001	3730000	0.0016096560140057	9284	14.944046434029	115	9211.0192926045
GLOBAL	II	3730001	3740000	0.0014647394306656	9229	13.518080205613	104	9128.0257234727
GLOBAL	II	3740001	3750000	0.0014052602788182	3808	5.3512311417397	41	3569.4372990354
GLOBAL	II	3750001	3760000	0.0015498903719986	6023	9.3349897105474	68	5285.2363344051
GLOBAL	II	3760001	3770000	0.001290610974526	8761	11.307042747822	87	8681.3376205788
GLOBAL	II	3770001	3780000	0.0014257140894488	9387	13.383178157656	103	9335.9035369775
GLOBAL	II	3780001	3790000	0.0017228844661731	9576	16.498341648074	127	9519.1028938907
GLOBAL	II	3790001	3800000	0.0038991209580412	9496	37.026052617559	285	9428.5964630225
GLOBAL	II	3800001	3810000	0.0059335121516541	8935	53.01593107503	406	8591.7781350482
GLOBAL	II	3810001	3820000	0.0055592735546294	9185	51.061927599271	393	9140.9372990354
GLOBAL	II	3820001	3830000	0.0024228198205232	9328	22.60006328584	174	9293.1511254019
GLOBAL	II	3830001	3840000	0.0093222389638087	9375	87.395990285706	672	9288.459807074
GLOBAL	II	3840001	3850000	0.007050864899342	9276	65.403822806296	503	9194.7427652733
GLOBAL	II	3850001	3860000	0.00092900803285943	9796	9.100562689891	70	9747.9147909968
GLOBAL	II	3860001	3870000	0.0013225776990363	9526	12.59887516102	97	9490.4565916399
GLOBAL	II	3870001	3880000	0.0014478352991597	9341	13.524229529451	104	9268.2877813505
GLOBAL	II	3880001	3890000	0.0016698731794278	8640	14.427704270256	109	7755.6623794212
GLOBAL	II	3890001	3900000	0.0022128100511567	8979	19.868821449336	149	7461.4120603015
GLOBAL	II	3900001	3910000	0.0023826591214001	9064	21.59642227637	163	8442.8215434084
GLOBAL	II	3910001	3920000	0.0016222135298462	9769	15.847403973067	122	9725.1993569132
GLOBAL	II	3920001	3930000	0.0017651833156552	7511	13.258291883886	101	6281.5691318328
GLOBAL	II	3930001	3940000	0.0015045326717329	7131	10.728822482127	82	6190.4726688103
GLOBAL	II	3940001	3950000	0.0010892559271208	9180	9.9993694109691	77	9153.8585209003
GLOBAL	II	3950001	3960000	0.0013195796146584	9549	12.600665740373	97	9477.7170418006
GLOBAL	II	3960001	3970000	0.0012773082257075	9770	12.479301365162	96	9697.6864951768
GLOBAL	II	3970001	3980000	0.0011679717210142	9340	10.908855874273	84	9312.4389067524
GLOBAL	II	3980001	3990000	0.0010604631727217	9431	10.001228181938	76	9160.3874598071
GLOBAL	II	3990001	4000000	0.001454821335744	9386	13.654953057293	105	9280.8151125402
GLOBAL	II	4000001	4010000	0.0012546069121709	5830	7.3143582979563	56	4866.2266881029
GLOBAL	II	4010001	4020000	0.0014420129371453	2001	2.8854678872278	17	697.06196213425
GLOBAL	II	4020001	4030000	NA	0	NA	0	NA
GLOBAL	II	4030001	4040000	NA	0	NA	0	NA
GLOBAL	II	4040001	4050000	NA	0	NA	0	NA
GLOBAL	II	4050001	4060000	0.0011467460095565	7136	8.1831795241955	63	7036.5305466238
GLOBAL	II	4060001	4070000	0.0013872954964618	9086	12.604966880852	97	9037.9067524116
GLOBAL	II	4070001	4080000	0.0014035713170086	9358	13.134620384566	101	9294.1463022508
GLOBAL	II	4080001	4090000	0.001061653753811	9549	10.137731695141	78	9471.5836012862
GLOBAL	II	4090001	4100000	0.0012113591709032	9437	11.431596495814	88	9386.4742765273
GLOBAL	II	4100001	4110000	0.0011868416526255	7867	9.3368832812045	67	5471.3488745981
GLOBAL	II	4110001	4120000	0.0015087324898034	6416	9.6800276545788	72	4727.9758842444
GLOBAL	II	4120001	4130000	0.0012705084597174	9307	11.82462223459	91	9235.4485530547
GLOBAL	II	4130001	4140000	0.0012915122169411	9659	12.474716503434	96	9601.4196141479
GLOBAL	II	4140001	4150000	0.0012389944102599	9333	11.563534830956	89	9268.8938906752
GLOBAL	II	4150001	4160000	0.0014609888498299	9246	13.508302905528	104	9191.2556270096
GLOBAL	II	4160001	4170000	0.0016320716774028	9551	15.587916590874	120	9508.6205787781
GLOBAL	II	4170001	4180000	0.0012223080587599	9035	11.043553310896	85	8995.6993569132
GLOBAL	II	4180001	4190000	0.0013970372522762	9484	13.249501300588	102	9423.6286173633
GLOBAL	II	4190001	4200000	0.0016199909787824	9621	15.585933206865	120	9585.4276527331
GLOBAL	II	4200001	4210000	0.0015299401481724	8950	13.692964326143	105	8270.1993569132
GLOBAL	II	4210001	4220000	0.001461279298466	8645	12.632759535239	97	8491.152733119
GLOBAL	II	4220001	4230000	0.0013167669401803	8529	11.230705232798	85	7906.6720257235
GLOBAL	II	4230001	4240000	0.0013328426333807	9180	12.235495374435	93	8922.7829581994
GLOBAL	II	4240001	4250000	0.0014344045044237	9522	13.658399691122	105	9422.963022508
GLOBAL	II	4250001	4260000	0.0014619075662659	9604	14.040160266418	108	9302.9887459807
GLOBAL	II	4260001	4270000	0.0011798896169082	9286	10.95645498261	84	9236.8376205788
GLOBAL	II	4270001	4280000	0.0011217865756951	9494	10.650241749649	82	9457.5241157556
GLOBAL	II	4280001	4290000	0.0013439077447639	9181	12.338417004678	95	9151.847266881
GLOBAL	II	4290001	4300000	0.0013149968569542	9490	12.479320172496	96	9426.6704180064
GLOBAL	II	4300001	4310000	0.0013219905023325	9433	12.470336408502	96	9385.6093247588
GLOBAL	II	4310001	4320000	0.0014817930954668	9294	13.771785029269	106	9252.8231511254
GLOBAL	II	4320001	4330000	0.0011375572044522	9250	10.522404141183	81	9207.9710610932
GLOBAL	II	4330001	4340000	0.0010228609612968	9650	9.8706082765141	76	9625.7958199357
GLOBAL	II	4340001	4350000	0.0011768037369584	9159	10.778345426802	83	9144.075562701
GLOBAL	II	4350001	4360000	0.001086316768126	9685	10.5209778993	81	9635.2604501608
GLOBAL	II	4360001	4370000	0.0016932003836364	9743	16.49685133777	127	9704.9823151125
GLOBAL	II	4370001	4380000	0.001386214648565	9650	13.376971358652	103	9611.384244373
GLOBAL	II	4380001	4390000	0.0012097081657971	9556	11.559971232357	89	9486.7508038585
GLOBAL	II	4390001	4400000	0.0013959333009823	9310	12.996139032145	100	9250.501607717
GLOBAL	II	4400001	4410000	0.0010300204509261	9584	9.8717160016753	76	9551.6109324759
GLOBAL	II	4410001	4420000	0.0012713559622344	9504	12.082967065075	93	9438.3199356913
GLOBAL	II	4420001	4430000	0.0012810827120684	9734	12.470059119274	96	9689.1961414791
GLOBAL	II	4430001	4440000	0.001248286164448	9364	11.688951643891	90	9319.4099678457
GLOBAL	II	4440001	4450000	0.0011203574324158	9505	10.648997395113	82	9475.7572347267
GLOBAL	II	4450001	4460000	0.0013158666938403	9574	12.598107726827	97	9548.4340836013
GLOBAL	II	4460001	4470000	0.0010977038628505	9701	10.648825173513	82	9675.1784565916
GLOBAL	II	4470001	4480000	0.0014638040694514	9671	14.156449155665	109	9638.4099678457
GLOBAL	II	4480001	4490000	0.001047272680139	9426	9.8715922829904	76	9395.2893890675
GLOBAL	II	4490001	4500000	0.00098067620477294	9668	9.4811775477448	73	9642.8665594855
GLOBAL	II	4500001	4510000	0.00080667422968089	9337	7.5319172825305	58	9319.308681672
GLOBAL	II	4510001	4520000	0.00098027382213634	9274	9.0910594264924	70	9221.8183279743
GLOBAL	II	4520001	4530000	0.00088968467099599	9489	8.442217843081	65	9452.5819935691
GLOBAL	II	4530001	4540000	0.00089097370425164	9330	8.3127846606678	64	9297.1848874598
GLOBAL	II	4540001	4550000	0.00130670306668	9641	12.597924265862	97	9603.115755627
GLOBAL	II	4550001	4560000	0.0012653688641887	9039	11.437669163401	86	8760.3488745981
GLOBAL	II	4560001	4570000	0.0014414246716867	9640	13.89533383506	107	9610.8520900322
GLOBAL	II	4570001	4580000	0.0010585950760729	9448	10.001606278737	77	9412.9839228296
GLOBAL	II	4580001	4590000	0.0015532448556739	9282	14.417218750365	111	9246.2379421222
GLOBAL	II	4590001	4600000	0.0015053950946547	9575	14.414158031318	111	9529.270096463
GLOBAL	II	4600001	4610000	0.0012724170733782	9391	11.949268736095	92	9359.4935691318
GLOBAL	II	4610001	4620000	0.0010764439421672	9411	10.130413939735	78	9375.5337620579
GLOBAL	II	4620001	4630000	0.00099625834395504	9389	9.3538695913938	72	9339.9710610932
GLOBAL	II	4630001	4640000	0.0010238356810379	8880	9.091660847617	70	8842.4807073955
GLOBAL	II	4640001	4650000	0.0012244667490957	9335	11.430397102809	88	9295.3151125402
GLOBAL	II	4650001	4660000	0.0014918577559017	9578	14.289013586026	110	9540.192926045
GLOBAL	II	4660001	4670000	0.0014542040393204	9225	13.415032262731	103	8897.1736334405
GLOBAL	II	4670001	4680000	0.0010276864413225	9733	10.002472133392	77	9694.6028938907
GLOBAL	II	4680001	4690000	0.0015241658905531	9719	14.813368290286	114	9677.8954983923
GLOBAL	II	4690001	4700000	0.0013019512011595	9476	12.337289582187	95	9451.4501607717
GLOBAL	II	4700001	4710000	0.0012816295819232	9629	12.340811244338	95	9591.1463022508
GLOBAL	II	4710001	4720000	0.0011370640849817	9595	10.910129895399	84	9566.8826366559
GLOBAL	II	4720001	4730000	0.0011949105756288	9673	11.558369998057	89	9641.3971061093
GLOBAL	II	4730001	4740000	0.0012893204652456	9468	12.207286164945	94	9444.1302250804
GLOBAL	II	4740001	4750000	0.0011488893142817	9383	10.780028435905	83	9349.3102893891
GLOBAL	II	4750001	4760000	0.0013193096764656	9454	12.472753681306	96	9401.2861736334
GLOBAL	II	4760001	4770000	0.00094087277263385	9663	9.0916536019609	70	9625.7829581994
GLOBAL	II	4770001	4780000	0.0013059369153826	9452	12.343715724197	95	9396.4549839228
GLOBAL	II	4780001	4790000	0.00076273080186261	9538	7.2749263881656	56	9454.3424437299
GLOBAL	II	4790001	4800000	0.00080065394819675	9570	7.6622582842429	59	9549.7250803859
GLOBAL	II	4800001	4810000	0.00070350917871435	9598	6.7522810973004	52	9582.0643086817
GLOBAL	II	4810001	4820000	0.0012067802113577	9411	11.357008569087	87	9017.5659163987
GLOBAL	II	4820001	4830000	0.0011513536615837	9702	11.170433224685	86	9675.1704180064
GLOBAL	II	4830001	4840000	0.0011047846750644	9755	10.777174505253	83	9732.6655948553
GLOBAL	II	4840001	4850000	0.0010779047522918	9156	9.8692959119836	76	9133.3167202572
GLOBAL	II	4850001	4860000	0.0010507208947703	9763	10.258188095643	79	9726.9405144695
GLOBAL	II	4860001	4870000	0.0008800210232237	9445	8.3117985643478	64	9422.6463022508
GLOBAL	II	4870001	4880000	0.0012963067115041	9830	12.742694974085	98	9768.3054662379
GLOBAL	II	4880001	4890000	0.00089181991670708	9465	8.4410755116325	65	9441.4935691318
GLOBAL	II	4890001	4900000	0.000799987559525	9253	7.4022848882848	57	9233.5932475884
GLOBAL	II	4900001	4910000	0.00094336795253307	9510	8.9714292285895	69	9399.3553054662
GLOBAL	II	4910001	4920000	0.0017742085021824	9372	16.627882082453	126	8665.3874598071
GLOBAL	II	4920001	4930000	0.0011768978268598	9189	10.814514131015	82	8702.501607717
GLOBAL	II	4930001	4940000	0.0010357126640811	9283	9.6145206606647	74	9239.7138263666
GLOBAL	II	4940001	4950000	0.00099082188439276	9571	9.4831562555231	73	9538.345659164
GLOBAL	II	4950001	4960000	0.00098117882860824	9398	9.2211186312602	71	9372.9726688103
GLOBAL	II	4960001	4970000	0.00091555175446761	9646	8.8314122235946	68	9609.8231511254
GLOBAL	II	4970001	4980000	0.00137635773084	9185	12.641845757765	97	8727.6205787781
GLOBAL	II	4980001	4990000	0.0010243571177718	9637	9.8717295439673	76	9597.9453376206
GLOBAL	II	4990001	5000000	0.0012239601684735	9657	11.819783346949	91	9613.6623794212
GLOBAL	II	5000001	5010000	0.0012468250392709	8864	11.051857148097	85	8787.3392282958
GLOBAL	II	5010001	5020000	0.0010748279526424	9305	10.001274099338	77	9265.5514469453
GLOBAL	II	5020001	5030000	0.001216119570002	9186	11.171274370039	86	9145.5627009646
GLOBAL	II	5030001	5040000	0.0010952152441515	9492	10.395783097486	80	9440.5064308682
GLOBAL	II	5040001	5050000	0.0010561400035844	9469	10.000589693941	77	9429.3681672026
GLOBAL	II	5050001	5060000	0.00067596572813499	3986	2.6943993923461	17	1690.4019292605
GLOBAL	II	5060001	5070000	0.0015064742929515	977	1.4718253842136	6	135.9497716895
GLOBAL	II	5070001	5080000	0.00048033475364686	1178	0.565834339796	3	282.18339100346
GLOBAL	II	5080001	5090000	0.0012870968267882	3346	4.3066259824333	27	1159.2106109325
GLOBAL	II	5090001	5100000	0.0015236752209495	9123	13.900489040722	107	9061.6446945338
GLOBAL	II	5100001	5110000	0.0010314062330754	9445	9.7416318713972	75	9403.2845659164
GLOBAL	II	5110001	5120000	0.0010000094307927	9481	9.481089413346	73	9441.6173633441
GLOBAL	II	5120001	5130000	0.001124694043923	9469	10.649727901907	82	9442.9758842444
GLOBAL	II	5130001	5140000	0.0012184726873437	9274	11.300115702426	87	9234.7090032154
GLOBAL	II	5140001	5150000	0.00120724711381	9253	11.170657544084	86	9205.2797427653
GLOBAL	II	5150001	5160000	0.0011969264581716	9153	10.955467871644	84	9118.6382636656
GLOBAL	II	5160001	5170000	0.001097627110262	9348	10.260618226729	79	9319.4678456592
GLOBAL	II	5170001	5180000	0.0032658778635232	8950	29.229606878533	221	8872.1591639871
GLOBAL	II	5180001	5190000	0.0032057519372125	7434	23.831559901238	175	4478.9742765273
GLOBAL	II	5190001	5200000	0.0048146294642072	8585	41.333593950219	318	8531.6736334405
GLOBAL	II	5200001	5210000	0.0054583684402696	9257	50.528116651576	389	9199.6591639871
GLOBAL	II	5210001	5220000	0.0067150178796418	8926	59.938249593683	461	8873.2202572347
GLOBAL	II	5220001	5230000	0.0052363560381241	9226	48.310620807733	371	9146.38585209
GLOBAL	II	5230001	5240000	0.0054885929078894	9514	52.218472925659	402	9465.0241157556
GLOBAL	II	5240001	5250000	0.0014028025622386	9356	13.124620772304	101	9334.7990353698
GLOBAL	II	5250001	5260000	0.0034257909666464	9611	32.925276980439	253	9255.2234726688
GLOBAL	II	5260001	5270000	0.0051516415524196	8989	46.3081059147	355	8754.7813504823
GLOBAL	II	5270001	5280000	0.0052078871543946	9221	48.021927450672	368	9133.5144694534
GLOBAL	II	5280001	5290000	0.0045964201702785	9327	42.870810928187	330	9270.3504823151
GLOBAL	II	5290001	5300000	0.0046167117545114	9369	43.253972428017	333	9331.5305466238
GLOBAL	II	5300001	5310000	0.0022699890482654	9529	21.630725640921	166	9439.2652733119
GLOBAL	II	5310001	5320000	0.00098457983221219	8973	8.83463483444	68	8742.038585209
GLOBAL	II	5320001	5330000	0.0013566490543187	9095	12.338723149029	94	8685.7524115756
GLOBAL	II	5330001	5340000	0.001192146980113	9371	11.171609350639	86	9323.4662379421
GLOBAL	II	5340001	5350000	0.0010981781968813	8870	9.7408406063371	75	8840.4405144695
GLOBAL	II	5350001	5360000	0.0013104082527078	9317	12.209073690479	94	9284.9051446945
GLOBAL	II	5360001	5370000	0.0010981012206847	9345	10.261755907299	79	9310.4196141479
GLOBAL	II	5370001	5380000	0.0010109214847727	9441	9.544109737739	72	8744.8118971061
GLOBAL	II	5380001	5390000	0.0010571828905153	9705	10.259959952451	79	9675.2829581994
GLOBAL	II	5390001	5400000	0.0012288825728458	9723	11.94842525578	92	9691.9774919614
GLOBAL	II	5400001	5410000	0.0010058283675393	9688	9.7444652247207	75	9641.075562701
GLOBAL	II	5410001	5420000	0.00087399542296001	9512	8.3134444631956	64	9468.2877813505
GLOBAL	II	5420001	5430000	0.0010299892065888	9207	9.4831106250628	73	9164.8778135048
GLOBAL	II	5430001	5440000	0.0011830612334821	9444	11.172830289005	86	9402.8617363344
GLOBAL	II	5440001	5450000	0.0011532307274902	9684	11.167886365015	86	9657.5144694534
GLOBAL	II	5450001	5460000	0.0022881116813017	9254	21.174185498766	163	9214.1864951768
GLOBAL	II	5460001	5470000	0.0059351725535376	9496	56.360398568393	434	9468.9260450161
GLOBAL	II	5470001	5480000	0.0048066230005379	9432	45.336068141073	349	9387.6655948553
GLOBAL	II	5480001	5490000	0.0028864644179595	9494	27.404093184108	211	9466.6398713826
GLOBAL	II	5490001	5500000	0.0043743538964254	9383	41.044562610159	316	9347.768488746
GLOBAL	II	5500001	5510000	0.0051043676842952	9191	46.914243386357	361	9114.5450160772
GLOBAL	II	5510001	5520000	0.0046340306216319	9278	42.994536107501	331	9239.2363344051
GLOBAL	II	5520001	5530000	0.0031858512911767	9017	28.72682109254	221	8957.2861736334
GLOBAL	II	5530001	5540000	0.0049794350628358	9458	47.095496824301	362	9391.3729903537
GLOBAL	II	5540001	5550000	0.0037732877793829	9193	34.687834555867	267	9144.9774919614
GLOBAL	II	5550001	5560000	0.0050456414986073	9013	45.476366826947	350	8979.1237942122
GLOBAL	II	5560001	5570000	0.004382627197366	9632	42.213465165029	325	9614.2459807074
GLOBAL	II	5570001	5580000	0.0031370443074875	9272	29.086674819024	223	9135.963022508
GLOBAL	II	5580001	5590000	0.0020761131582357	9508	19.739683908505	152	9481.3906752412
GLOBAL	II	5590001	5600000	0.0020257094465717	9233	18.703375320197	144	9194.1366559486
GLOBAL	II	5600001	5610000	0.0027626567777718	9183	25.369477190279	195	9143.4726688103
GLOBAL	II	5610001	5620000	0.0051973885398621	9083	47.207880107568	362	8986.5964630225
GLOBAL	II	5620001	5630000	0.0055037960651782	9102	50.095551785252	385	9046.5562700965
GLOBAL	II	5630001	5640000	0.0036764814111337	9328	34.294218603055	264	9293.3102893891
GLOBAL	II	5640001	5650000	0.0044856184298404	9504	42.631317557203	328	9444.3745980707
GLOBAL	II	5650001	5660000	0.0038280885676834	9079	34.755216105997	267	8967.3344051447
GLOBAL	II	5660001	5670000	0.0025776446760086	9623	24.804674717231	191	9601.5916398714
GLOBAL	II	5670001	5680000	0.0017623132183833	9293	16.377176738436	126	9250.4855305466
GLOBAL	II	5680001	5690000	0.0010796999255284	9626	10.393191483136	80	9587.692926045
GLOBAL	II	5690001	5700000	0.0011425569522769	9775	11.168494208507	86	9751.0337620579
GLOBAL	II	5700001	5710000	0.0013719857430282	9845	13.507199640113	104	9811.922829582
GLOBAL	II	5710001	5720000	0.00090187888183398	9216	8.311715774982	64	9169.2122186495
GLOBAL	II	5720001	5730000	0.0013827577632172	9675	13.378181359127	103	9643.4887459807
GLOBAL	II	5730001	5740000	0.0010719322103352	9572	10.260535117329	79	9541.2106109325
GLOBAL	II	5740001	5750000	0.0011078675215481	9612	10.64882261712	82	9590.4421221865
GLOBAL	II	5750001	5760000	0.0011495155165436	9490	10.908902251998	84	9459.4292604502
GLOBAL	II	5760001	5770000	0.0012844629569928	8998	11.557597687021	89	8976.001607717
GLOBAL	II	5770001	5780000	0.0020465200821723	9392	19.220916611762	148	9366.6672025723
GLOBAL	II	5780001	5790000	0.0031461965801028	9494	29.869990331496	230	9471.8520900322
GLOBAL	II	5790001	5800000	0.0017077879264422	9505	16.232524240833	125	9487.3279742765
GLOBAL	II	5800001	5810000	0.0029493825100461	9819	28.959986866142	223	9791.8135048232
GLOBAL	II	5810001	5820000	0.003478121207257	8866	30.83702262354	237	8813.5209003215
GLOBAL	II	5820001	5830000	0.0041369789959673	9231	38.188453111774	294	9195.2636655949
GLOBAL	II	5830001	5840000	0.0033740054689027	8895	30.011778645889	231	8827.9839228296
GLOBAL	II	5840001	5850000	0.0017668172916482	9417	16.638118435451	128	9353.3376205788
GLOBAL	II	5850001	5860000	0.0019317846336194	9551	18.450475035699	142	9509.1302250804
GLOBAL	II	5860001	5870000	0.0011662835891047	9314	10.862765348921	83	8846.4646302251
GLOBAL	II	5870001	5880000	0.0011508884548381	9817	11.298271961145	87	9794.7041800643
GLOBAL	II	5880001	5890000	0.00082202482708833	9638	7.9226752834773	61	9614.3295819936
GLOBAL	II	5890001	5900000	0.0013047856708026	9524	12.426778728724	95	9219.0932475884
GLOBAL	II	5900001	5910000	0.0013387314506721	9703	12.989711265872	100	9672.0980707396
GLOBAL	II	5910001	5920000	0.001111765340136	9229	10.260482324115	79	9166.4051446945
GLOBAL	II	5920001	5930000	0.00099874768930234	9624	9.6119477618457	74	9585.424437299
GLOBAL	II	5930001	5940000	0.00086293977670396	9633	8.3126988689892	64	9601.3874598071
GLOBAL	II	5940001	5950000	0.0010681225838873	8998	9.6109670098182	74	8699.4324758842
GLOBAL	II	5950001	5960000	0.0009919942005822	9557	9.4804885749641	73	9522.3504823151
GLOBAL	II	5960001	5970000	0.0008952229442046	9576	8.5726549137032	66	9552.4646302251
GLOBAL	II	5970001	5980000	0.0012126468205555	8889	10.779217587918	83	8863.9163987138
GLOBAL	II	5980001	5990000	0.0010349321114089	9165	9.485152801063	73	9126.1045016077
GLOBAL	II	5990001	6000000	0.001693466475009	9281	15.717062354559	121	9237.7443729904
GLOBAL	II	6000001	6010000	0.0014672442203307	9561	14.028321990582	108	9456.6077170418
GLOBAL	II	6010001	6020000	0.0012153364089806	9191	11.170156934941	86	9156.4662379421
GLOBAL	II	6020001	6030000	0.0010934637479569	9266	10.132035088568	78	9232.1639871383
GLOBAL	II	6030001	6040000	0.00092931538926165	9363	8.7011799896569	67	9330.9292604502
GLOBAL	II	6040001	6050000	0.0015047763003692	9426	14.18402140728	107	9036.4935691318
GLOBAL	II	6050001	6060000	0.00096109847244814	9327	8.9641654525238	69	9285.8135048232
GLOBAL	II	6060001	6070000	0.0014487173733262	9335	13.52377668	104	9286.6318327974
GLOBAL	II	6070001	6080000	0.0013216411319645	8694	11.490348001299	88	8640.1045016077
GLOBAL	II	6080001	6090000	0.00082268166575646	8555	7.0380416505465	54	8091.2990353698
GLOBAL	II	6090001	6100000	0.00079499501040153	9802	7.7925410919558	60	9779.4276527331
GLOBAL	II	6100001	6110000	0.0011009433316957	9673	10.649424847493	82	9651.5610932476
GLOBAL	II	6110001	6120000	0.0010207981780768	9289	9.4821942761552	73	9236.1012861736
GLOBAL	II	6120001	6130000	0.0011865080767338	9086	10.780612385204	83	9049.1479099678
GLOBAL	II	6130001	6140000	0.0011579168334056	9319	10.790626970507	82	8974.2524115756
GLOBAL	II	6140001	6150000	0.0010500389622266	9524	10.000571076246	77	9500.7958199357
GLOBAL	II	6150001	6160000	0.0012296673017874	9734	11.969581515599	92	9685.8376205788
GLOBAL	II	6160001	6170000	0.0010286657963349	8714	8.963793749262	69	8202.6205787781
GLOBAL	II	6170001	6180000	0.0010012566367653	9341	9.3527382440245	72	9304.3360128617
GLOBAL	II	6180001	6190000	0.0012458124644115	9491	11.824006099729	91	9424.3938906752
GLOBAL	II	6190001	6200000	0.0013024636073414	9377	12.21320124604	94	9316.3247588424
GLOBAL	II	6200001	6210000	0.0010493957523817	9284	9.7425901651119	75	9234.8922829582
GLOBAL	II	6210001	6220000	0.00096255391464574	9046	8.7072627118853	67	8990.4694533762
GLOBAL	II	6220001	6230000	0.001064538734838	9288	9.8874357691756	76	9227.1559485531
GLOBAL	II	6230001	6240000	0.0012448843375592	9392	11.691953698356	90	9340.9678456592
GLOBAL	II	6240001	6250000	0.00093291752429046	9328	8.7022546665814	67	9299.536977492
GLOBAL	II	6250001	6260000	0.0010667995452361	9375	10.001245736588	77	9343.4549839228
GLOBAL	II	6260001	6270000	0.0011300689524793	9539	10.7797277377	83	9514.5723472669
GLOBAL	II	6270001	6280000	0.00082442214701006	9451	7.791613711392	60	9426.8054662379
GLOBAL	II	6280001	6290000	0.0008818794928316	9309	8.2094161987693	63	9018.0996784566
GLOBAL	II	6290001	6300000	0.001166885894666	8910	10.396953321474	80	8846.4260450161
GLOBAL	II	6300001	6310000	0.00093070673410173	9353	8.7049000840535	67	9305.9485530547
GLOBAL	II	6310001	6320000	0.0011254627392553	9235	10.393648397023	80	9185.9405144695
GLOBAL	II	6320001	6330000	0.0012545651803561	9216	11.562072702162	89	9173.4196141479
GLOBAL	II	6330001	6340000	0.00094336988471558	9638	9.0921989488888	70	9602.6881028939
GLOBAL	II	6340001	6350000	0.0010935056032947	9152	10.007763281353	77	9048.0450160772
GLOBAL	II	6350001	6360000	0.00084180317725042	5140	4.3268683310671	31	3102.6977491961
GLOBAL	II	6360001	6370000	0.00092493438753232	9566	8.8479223511341	68	9470.9919614148
GLOBAL	II	6370001	6380000	0.0012922948423489	9152	11.827082397177	91	9065.9099678457
GLOBAL	II	6380001	6390000	0.00097423137055181	9200	8.9629286090766	69	9158.5739549839
GLOBAL	II	6390001	6400000	0.0009202305073305	9317	8.5737876367983	66	9262.1350482315
GLOBAL	II	6400001	6410000	0.0010633145694568	9048	9.6208702244455	74	8976.8263665595
GLOBAL	II	6410001	6420000	0.00097824634160869	8912	8.7181313964166	67	8767.0627009646
GLOBAL	II	6420001	6430000	0.00078949427801538	8901	7.0272885686149	54	8739.5209003215
GLOBAL	II	6430001	6440000	0.00065149074244099	4358	2.8391966555578	21	3342.145187602
GLOBAL	II	6440001	6450000	0.00088812522575969	4500	3.9965635159186	19	495.67532467532
GLOBAL	II	6450001	6460000	0.00074597211448525	3089	2.3043078616449	14	627.94974874372
GLOBAL	II	6460001	6470000	0.0010070294310523	3364	3.3876470060598	20	597.96283783784
GLOBAL	II	6470001	6480000	0.0015833910308632	6437	10.192288065667	73	4812.7048387097
GLOBAL	II	6480001	6490000	0.0011799158839435	8929	10.535468927731	81	8794.4163987138
GLOBAL	II	6490001	6500000	0.0010642967362936	8915	9.4882054040577	73	8845.4003215434
GLOBAL	II	6500001	6510000	0.0010204452663913	9294	9.4840183058406	73	9239.8311897106
GLOBAL	II	6510001	6520000	0.0010454209000421	9322	9.7454136301928	75	9261.424437299
GLOBAL	II	6520001	6530000	0.00098926501474783	8932	8.8361151117276	68	8882.9807073955
GLOBAL	II	6530001	6540000	0.00097279736705621	8822	8.5820183721699	66	8750.0803858521
GLOBAL	II	6540001	6550000	0.0010567507613392	9344	9.8742791139534	76	9292.4790996785
GLOBAL	II	6550001	6560000	0.001002092435574	9590	9.6100664571547	74	9562.1414790997
GLOBAL	II	6560001	6570000	0.00084859359679508	9031	7.6636487726564	59	8988.3504823151
GLOBAL	II	6570001	6580000	0.00097399700335312	8940	8.7075332099769	67	8899.4581993569
GLOBAL	II	6580001	6590000	0.0011229088415067	9255	10.392521328145	80	9178.8054662379
GLOBAL	II	6590001	6600000	0.00085952363747021	9522	8.1843840759913	63	9470.0803858521
GLOBAL	II	6600001	6610000	0.00088622587499685	9381	8.3136849333455	64	9339.5659163987
GLOBAL	II	6610001	6620000	0.0010133841551133	9496	9.6230959369558	74	9440.8247588424
GLOBAL	II	6620001	6630000	0.0012046998697255	9274	11.172386591835	86	9235.5096463023
GLOBAL	II	6630001	6640000	0.0010673506347261	9734	10.389591078424	80	9705.7958199357
GLOBAL	II	6640001	6650000	0.0010597346024786	9580	10.152257491745	78	9425.7556270096
GLOBAL	II	6650001	6660000	0.00092772206837	9245	8.5767905220807	66	9198.7652733119
GLOBAL	II	6660001	6670000	0.00099828789731683	7936	7.9224127531063	61	6912.3038585209
GLOBAL	II	6670001	6680000	0.00084348363751715	9548	8.0535817710138	62	9509.7090032154
GLOBAL	II	6680001	6690000	0.00091233074074903	9396	8.5722596400779	66	9369.6398713826
GLOBAL	II	6690001	6700000	0.0011956013282662	9342	11.169307608663	86	9311.4565916399
GLOBAL	II	6700001	6710000	0.0010275294249674	9732	9.9999163637828	77	9702.5530546624
GLOBAL	II	6710001	6720000	0.00093774505110312	9556	8.9610917083414	69	9515.5627009646
GLOBAL	II	6720001	6730000	0.0010403645091844	9114	9.4818821367062	73	9077.1784565916
GLOBAL	II	6730001	6740000	0.0011487281113536	9159	10.521200771888	81	9125.2974276527
GLOBAL	II	6740001	6750000	0.0011491201897231	9382	10.781045619982	83	9345.1832797428
GLOBAL	II	6750001	6760000	0.00086217983673724	9495	8.1863975498201	63	9466.8215434084
GLOBAL	II	6760001	6770000	0.0009138333084451	9523	8.7024345963227	67	9487.577170418
GLOBAL	II	6770001	6780000	0.00099692934661323	9773	9.7429905044511	75	9737.0257234727
GLOBAL	II	6780001	6790000	0.0011368995048338	9482	10.780081104834	83	9439.4067524116
GLOBAL	II	6790001	6800000	0.001000606473439	9865	9.8709828604762	76	9832.6254019293
GLOBAL	II	6800001	6810000	0.00074777669731547	8797	6.5781916062842	50	8493.7556270096
GLOBAL	II	6810001	6820000	0.0013336178669606	9351	12.470660673949	96	9313.8553054662
GLOBAL	II	6820001	6830000	0.001136572090994	9028	10.260972837494	79	8988.4485530547
GLOBAL	II	6830001	6840000	0.0008146317131868	9726	7.9231080424549	61	9693.4581993569
GLOBAL	II	6840001	6850000	0.00105620987927	9347	9.8723937415368	76	9294.4903536977
GLOBAL	II	6850001	6860000	0.0009713916947361	9361	9.0931976544246	70	9330.4003215434
GLOBAL	II	6860001	6870000	0.00093327344711834	9464	8.832499903528	68	9416.3504823151
GLOBAL	II	6870001	6880000	0.00082314156363149	9153	7.534214731919	58	9117.2250803858
GLOBAL	II	6880001	6890000	0.00078924730929292	9546	7.5341548145102	58	9504.6318327974
GLOBAL	II	6890001	6900000	0.001080566079097	9494	10.258894354947	79	9470.3729903537
GLOBAL	II	6900001	6910000	0.00088865809701691	9498	8.4404746054666	65	9478.7958199357
GLOBAL	II	6910001	6920000	0.0011187611444171	9403	10.519711040954	81	9380.5916398714
GLOBAL	II	6920001	6930000	0.00081690632219925	9538	7.7916525011364	60	9513.3488745981
GLOBAL	II	6930001	6940000	0.0006283055122458	9507	5.9733005049208	46	9487.0868167203
GLOBAL	II	6940001	6950000	0.00094102329115879	9391	8.8371497272722	68	9353.1463022508
GLOBAL	II	6950001	6960000	0.000888931568837	9653	8.5808564339836	66	9611.3167202572
GLOBAL	II	6960001	6970000	0.0011411659516916	9450	10.784018243486	83	9412.9726688103
GLOBAL	II	6970001	6980000	0.0007459549426537	9403	7.0142143257727	54	9374.1881028939
GLOBAL	II	6980001	6990000	0.00081948210417615	9193	7.5334989836914	58	9161.9790996785
GLOBAL	II	6990001	7000000	0.0011321292464915	9523	10.781266814339	83	9473.0112540193
GLOBAL	II	7000001	7010000	0.0010563692604356	9834	10.388335307123	80	9813.6816720257
GLOBAL	II	7010001	7020000	0.00089219396880797	9461	8.4410471388922	65	9437.9324758842
GLOBAL	II	7020001	7030000	0.0011100355433119	9248	10.265608704549	79	9204.308681672
GLOBAL	II	7030001	7040000	0.00095035046156574	9069	8.6187283359397	66	8549.1430868167
GLOBAL	II	7040001	7050000	0.0011049639834101	9756	10.780028622149	83	9726.88585209
GLOBAL	II	7050001	7060000	0.00097344159295697	9605	9.3499065003517	72	9584.9163987138
GLOBAL	II	7060001	7070000	0.00098331846307328	9642	9.4811566209526	73	9618.0112540193
GLOBAL	II	7070001	7080000	0.00093080154278896	9209	8.5717514075435	66	9179.3681672026
GLOBAL	II	7080001	7090000	0.0013777297362723	9333	12.858351628629	99	9299.7073954984
GLOBAL	II	7090001	7100000	0.0011628107962437	9605	11.168797697921	86	9583.4453376206
GLOBAL	II	7100001	7110000	0.0010041457625237	9595	9.6347785914149	74	8522.422829582
GLOBAL	II	7110001	7120000	0.001096229339762	9478	10.390061682264	80	9447.4356913183
GLOBAL	II	7120001	7130000	0.0010538192350493	9008	9.4928036693241	73	8970.3665594855
GLOBAL	II	7130001	7140000	0.0010953146543773	9491	10.395631384695	80	9437.4839228296
GLOBAL	II	7140001	7150000	0.0010983013806945	9463	10.393225965512	80	9418.1832797428
GLOBAL	II	7150001	7160000	0.0011717754933556	9422	11.040468698396	85	9395.4726688103
GLOBAL	II	7160001	7170000	0.0011027476811607	9449	10.419862839287	80	9317.9260450161
GLOBAL	II	7170001	7180000	0.0010189023556415	9560	9.7407065199332	75	9522.6672025723
GLOBAL	II	7180001	7190000	0.00093378989431752	9421	8.7972345943653	67	8707.578778135
GLOBAL	II	7190001	7200000	0.0010494296283576	9657	10.13434192105	78	9610.2620578778
GLOBAL	II	7200001	7210000	0.0011668044056383	9574	11.170985379581	86	9541.4935691318
GLOBAL	II	7210001	7220000	0.0010545380764533	9363	9.8736400098321	76	9320.4726688103
GLOBAL	II	7220001	7230000	0.0010514093388009	9018	9.4816094173069	73	8980.1688102894
GLOBAL	II	7230001	7240000	0.0034703106024569	9694	33.641190980217	259	9653.5225080386
GLOBAL	II	7240001	7250000	0.0021785149110135	9717	21.168629390319	163	9688.7958199357
GLOBAL	II	7250001	7260000	0.004532765625962	9628	43.641467446762	336	9594.1463022508
GLOBAL	II	7260001	7270000	0.0037820707363617	9452	35.748132600091	275	9409.9356913183
GLOBAL	II	7270001	7280000	0.0011608650667749	9621	11.168682807441	86	9598.3167202572
GLOBAL	II	7280001	7290000	0.0009880910093956	9464	9.35129331292	72	9427.5627009646
GLOBAL	II	7290001	7300000	0.0012025767874895	9395	11.298208918464	87	9370.5691318328
GLOBAL	II	7300001	7310000	0.0010039195817352	9575	9.6125299951146	74	9558.077170418
GLOBAL	II	7310001	7320000	0.00086597431003492	9447	8.1808593068999	63	9426.8327974277
GLOBAL	II	7320001	7330000	0.0010500710677201	9525	10.001926920034	77	9487.1704180064
GLOBAL	II	7330001	7340000	0.00084920154793507	9483	8.0529782790683	62	9449.9871382637
GLOBAL	II	7340001	7350000	0.0011420768722861	9551	10.907976207204	84	9525.9919614148
GLOBAL	II	7350001	7360000	0.0011102200993769	7398	8.2134082951901	62	6980.3311897106
GLOBAL	II	7360001	7370000	0.0008288307728037	9407	7.7968110797644	60	9370.421221865
GLOBAL	II	7370001	7380000	0.00086409498379943	9620	8.3125937441505	64	9600.1607717042
GLOBAL	II	7380001	7390000	0.0012235121535928	9660	11.819127403707	91	9629.075562701
GLOBAL	II	7390001	7400000	0.00066636363678479	9550	6.3637727312948	49	9525.8890675241
GLOBAL	II	7400001	7410000	0.0011055361276946	9632	10.648523981955	82	9608.6848874598
GLOBAL	II	7410001	7420000	0.00093895130170306	9129	8.5716864332473	66	9099.847266881
GLOBAL	II	7420001	7430000	0.00092323947725399	9706	8.9609623662272	69	9685.768488746
GLOBAL	II	7430001	7440000	0.00099658266451204	9254	9.2223759773945	71	9220.5707395498
GLOBAL	II	7440001	7450000	0.0011370918644929	9369	10.653413678434	82	9325.5610932476
GLOBAL	II	7450001	7460000	0.0010677998270648	9488	10.131284759191	78	9453.0032154341
GLOBAL	II	7460001	7470000	0.0011607937940544	9511	11.040309775252	85	9482.3199356913
GLOBAL	II	7470001	7480000	0.00092423285432413	9694	8.9595132898181	69	9662.7025723473
GLOBAL	II	7480001	7490000	0.0010789648411929	9629	10.389352455847	80	9607.7717041801
GLOBAL	II	7490001	7500000	0.0012402865388364	9432	11.698382634305	90	9383.5675241158
GLOBAL	II	7500001	7510000	0.00097707508403509	9438	9.2216346431232	71	9406.1591639871
GLOBAL	II	7510001	7520000	0.00082407600791773	9456	7.79246273087	60	9427.498392283
GLOBAL	II	7520001	7530000	0.0010484194661416	9295	9.7450589377862	75	9262.9163987138
GLOBAL	II	7530001	7540000	0.0035954941032887	9212	33.121691679495	255	9169.8713826367
GLOBAL	II	7540001	7550000	0.0034623492990729	9526	32.982339422969	254	9508.6688102894
GLOBAL	II	7550001	7560000	0.0045705029775997	8786	40.156439161191	309	8752.9163987138
GLOBAL	II	7560001	7570000	0.0023947419150996	9653	23.116443706456	178	9631.3327974277
GLOBAL	II	7570001	7580000	0.0031741176070616	9289	29.484378451995	227	9259.9324758842
GLOBAL	II	7580001	7590000	0.0042902922324926	9234	39.616558474837	305	9196.9035369775
GLOBAL	II	7590001	7600000	0.0023684132833688	9541	22.597031136621	174	9511.6623794212
GLOBAL	II	7600001	7610000	0.00093153037306233	9618	8.9594591281135	69	9594.3118971061
GLOBAL	II	7610001	7620000	0.0029240382424187	9330	27.281276801766	210	9290.9372990354
GLOBAL	II	7620001	7630000	0.0053323508342663	9015	48.071142770911	370	8964.1768488746
GLOBAL	II	7630001	7640000	0.0040792795891379	8884	36.240319869901	279	8833.692926045
GLOBAL	II	7640001	7650000	0.0045466023367034	9171	41.696890029907	321	9133.6495176849
GLOBAL	II	7650001	7660000	0.0012522797995358	9385	11.752645918644	90	9274.2540192926
GLOBAL	II	7660001	7670000	0.0012015027211087	9189	11.040608504267	85	9144.8311897106
GLOBAL	II	7670001	7680000	0.0010313006928286	9570	9.8695476303693	76	9543.9051446945
GLOBAL	II	7680001	7690000	0.00068769667576563	8914	6.1301281677749	47	8624.4437299035
GLOBAL	II	7690001	7700000	0.00096729958573759	9130	8.8314452177842	68	8634.4662379421
GLOBAL	II	7700001	7710000	0.00095595263477548	9243	8.8358702032298	68	8987.0434083601
GLOBAL	II	7710001	7720000	0.0012203896718027	8749	10.677189238602	82	8699.6479099678
GLOBAL	II	7720001	7730000	0.0012807244986698	9433	12.081074195953	93	9395.0610932476
GLOBAL	II	7730001	7740000	0.0011796505429173	9689	11.429634110326	88	9662.4421221865
GLOBAL	II	7740001	7750000	0.0010367174495955	9273	9.6134809100993	74	9214.6270096463
GLOBAL	II	7750001	7760000	0.0010501722441484	9402	9.8737194394833	76	9363.2347266881
GLOBAL	II	7760001	7770000	0.0010070921583261	9415	9.4817726706404	73	9382.5418006431
GLOBAL	II	7770001	7780000	0.0011330758206421	9744	11.040690796336	85	9709.7411575563
GLOBAL	II	7780001	7790000	0.0012531649064915	9225	11.560446262384	89	9186.5578778135
GLOBAL	II	7790001	7800000	0.00091247473186321	9537	8.7022715177794	67	9510.9903536977
GLOBAL	II	7800001	7810000	0.00089792848825164	9403	8.4432215750301	65	8622.1672025723
GLOBAL	II	7810001	7820000	0.000795604420047	5063	4.028145178698	31	4497.7974276527
GLOBAL	II	7820001	7830000	0.0013244094304547	9708	12.857366750854	99	9679.2668810289
GLOBAL	II	7830001	7840000	0.0010928931285222	9507	10.39013497286	80	9473.2395498392
GLOBAL	II	7840001	7850000	0.00093242822671266	9335	8.7042174963627	67	9299.115755627
GLOBAL	II	7850001	7860000	0.0014881502707771	9514	14.158261676174	109	9468.652733119
GLOBAL	II	7860001	7870000	0.0010438383702514	9706	10.13149522166	78	9663.152733119
GLOBAL	II	7870001	7880000	0.0010859483479242	9476	10.29044654493	79	9300.1414790997
GLOBAL	II	7880001	7890000	0.0012331280064091	9799	12.083421334802	93	9613.2588424437
GLOBAL	II	7890001	7900000	0.00097771025557575	9720	9.5033436841963	73	9644.5948553055
GLOBAL	II	7900001	7910000	0.0011675567149591	9566	11.168847535299	86	9536.2861736334
GLOBAL	II	7910001	7920000	0.001175008932962	9617	11.300060908295	87	9545.9067524116
GLOBAL	II	7920001	7930000	0.0013593581229143	9168	12.462595270878	91	6409.9662379421
GLOBAL	II	7930001	7940000	0.0012658319764993	9235	11.689958302971	86	6637.4340836013
GLOBAL	II	7940001	7950000	0.0012031073350536	9714	11.686984652711	90	9672.5852090032
GLOBAL	II	7950001	7960000	0.0008520304049291	9757	8.3132606608932	64	9713.461414791
GLOBAL	II	7960001	7970000	0.00093800399064854	9279	8.7037390292278	67	8963.6045016077
GLOBAL	II	7970001	7980000	0.00098481102040016	9629	9.4827453154331	73	9594.88585209
GLOBAL	II	7980001	7990000	0.0010232623407131	9646	9.8703885385182	76	9622.0562700965
GLOBAL	II	7990001	8000000	0.0011826187952437	9663	11.42764541844	88	9639.3054662379
GLOBAL	II	8000001	8010000	0.0010954996376081	9839	10.778620934427	83	9815.1414790997
GLOBAL	II	8010001	8020000	0.00086000705445857	9815	8.4409692395109	65	9783.7218649518
GLOBAL	II	8020001	8030000	0.0012606754108561	9583	12.081052462234	93	9545.2765273312
GLOBAL	II	8030001	8040000	0.0010511450103826	9390	9.8702516474923	76	9359.8392282958
GLOBAL	II	8040001	8050000	0.0010664632091115	9742	10.389484583164	80	9715.7363344051
GLOBAL	II	8050001	8060000	0.0013565396679405	9773	13.257462174783	102	9743.1350482315
GLOBAL	II	8060001	8070000	0.0013062064503769	9644	12.597055007435	97	9593.2813504823
GLOBAL	II	8070001	8080000	0.0011622241341669	9498	11.038804826318	85	9473.0482315113
GLOBAL	II	8080001	8090000	0.0009024290928388	9787	8.8320735316134	68	9756.4871382637
GLOBAL	II	8090001	8100000	0.00095840257784333	9499	9.1038660869338	70	9422.2025723473
GLOBAL	II	8100001	8110000	0.00097884341927682	9563	9.3606796185442	72	9465.4453376206
GLOBAL	II	8110001	8120000	0.00079590004036323	5998	4.7738084420986	36	5204.424437299
GLOBAL	II	8120001	8130000	0.001468154496179	4548	6.6771666486223	49	3158.9646302251
GLOBAL	II	8130001	8140000	0.0011762960391791	9717	11.430068612703	88	9664.4421221865
GLOBAL	II	8140001	8150000	0.0013167434647722	9672	12.735542791277	98	9598.4324758842
GLOBAL	II	8150001	8160000	0.0017314007237727	9708	16.808438226386	129	9535.1398713826
GLOBAL	II	8160001	8170000	0.00081541650249307	9716	7.9225867382227	61	9681.5080385852
GLOBAL	II	8170001	8180000	0.0010371267295027	9643	10.001013052595	77	9614.0546623794
GLOBAL	II	8180001	8190000	0.00094291739119749	9642	9.0916094859262	70	9597.2122186495
GLOBAL	II	8190001	8200000	0.0010780921607672	9759	10.521101396927	81	9734.1350482315
GLOBAL	II	8200001	8210000	0.00083255659124349	9670	8.0508222373245	62	9648.6864951768
GLOBAL	II	8210001	8220000	0.00095127260103625	9156	8.7098519350879	67	8662.8504823151
GLOBAL	II	8220001	8230000	0.00080386929671329	9699	7.7967283088222	60	9632.5739549839
GLOBAL	II	8230001	8240000	0.00086874422127839	9568	8.3121447091916	64	9518.5691318328
GLOBAL	II	8240001	8250000	0.0011862342970466	9853	11.6879665288	90	9829.5273311897
GLOBAL	II	8250001	8260000	0.00078862744452003	9879	7.7908505244134	60	9856.6109324759
GLOBAL	II	8260001	8270000	0.00095605149201642	9267	8.8597291765162	68	9158.963022508
GLOBAL	II	8270001	8280000	0.00088479923371168	8369	7.404884786933	57	8060.7379421222
GLOBAL	II	8280001	8290000	0.0012107958757362	9333	11.300357908246	87	9303.5209003215
GLOBAL	II	8290001	8300000	0.001226139414945	9534	11.690013182085	90	9504.8295819936
GLOBAL	II	8300001	8310000	0.00089468119916059	9727	8.702564024235	67	9691.7877813505
GLOBAL	II	8310001	8320000	0.001338169517772	9317	12.467725397082	96	9293.9131832797
GLOBAL	II	8320001	8330000	0.00092610713923781	9536	8.8313576797717	68	9509.5482315113
GLOBAL	II	8330001	8340000	0.00075679113088374	9438	7.1425946932808	55	9412.4855305466
GLOBAL	II	8340001	8350000	0.0012083896561325	9674	11.689961533425	90	9637.3954983923
GLOBAL	II	8350001	8360000	0.00093739781643521	9561	8.962460522937	69	9523.9469453376
GLOBAL	II	8360001	8370000	0.00091354282927054	9242	8.4429628281184	65	9203.4581993569
GLOBAL	II	8370001	8380000	0.0010240472751645	9136	9.3556959059027	72	9098.7990353698
GLOBAL	II	8380001	8390000	0.0011183192236556	9524	10.650872286096	82	9489.5514469453
GLOBAL	II	8390001	8400000	0.00092594562751531	9259	8.5733305651643	66	9215.7443729904
GLOBAL	II	8400001	8410000	0.0013496444176161	7733	10.436800281425	80	7124.5257234727
GLOBAL	II	8410001	8420000	0.0012621360105657	9365	11.819903738947	91	9330.8729903537
GLOBAL	II	8420001	8430000	0.0012339995954076	9263	11.430538252261	88	9209.9035369775
GLOBAL	II	8430001	8440000	0.0011552706968214	9556	11.039766778825	85	9526.9823151125
GLOBAL	II	8440001	8450000	0.00086791867395629	9577	8.3120571404794	64	9557.9115755627
GLOBAL	II	8450001	8460000	0.0011035722442655	9416	10.391236252004	80	9362.4212218649
GLOBAL	II	8460001	8470000	0.00091591056892244	9785	8.9621849169061	69	9742.7797427653
GLOBAL	II	8470001	8480000	0.0011316770783207	9640	10.909367035012	84	9617.2636655949
GLOBAL	II	8480001	8490000	0.0011012418316204	9444	10.400127857823	80	9400.88585209
GLOBAL	II	8490001	8500000	0.0011059730496781	9395	10.390616801725	80	9365.6061093248
GLOBAL	II	8500001	8510000	0.0011751039301829	9506	11.170537960319	86	9466.2363344051
GLOBAL	II	8510001	8520000	0.0010069898205666	8899	8.9612024132223	69	8747.3874598071
GLOBAL	II	8520001	8530000	0.0011891464236957	9720	11.558503238322	89	9683.0932475884
GLOBAL	II	8530001	8540000	0.00109410332681	9618	10.523085797259	81	9572.8665594855
GLOBAL	II	8540001	8550000	0.0048321194194475	9596	46.369017949018	357	9540.7942122187
GLOBAL	II	8550001	8560000	0.0041857693387042	9804	41.037282596656	316	9780.1961414791
GLOBAL	II	8560001	8570000	0.0051383880394118	9504	48.835239926569	376	9466.2411575563
GLOBAL	II	8570001	8580000	0.0057413595913238	9637	55.329482381587	426	9604.1463022508
GLOBAL	II	8580001	8590000	0.0027117102558296	9145	24.798590289561	190	8873.2122186495
GLOBAL	II	8590001	8600000	0.0034813885563651	9363	32.596241053247	251	9335.8729903537
GLOBAL	II	8600001	8610000	0.0048668147068139	9395	45.723724170516	352	9354.0514469453
GLOBAL	II	8610001	8620000	0.0069222436572616	9231	63.899231200182	492	9200.0273311897
GLOBAL	II	8620001	8630000	0.0049945011148007	9077	45.335086619046	349	8780.4324758842
GLOBAL	II	8630001	8640000	0.008575967080787	9360	80.271051876167	618	9325.7636655949
GLOBAL	II	8640001	8650000	0.0060761458208606	8863	53.852880410288	414	8571.9758842444
GLOBAL	II	8650001	8660000	0.00469766631734	8666	40.709976306068	311	8372.3184079602
GLOBAL	II	8660001	8670000	0.0052733806775697	8496	44.802642236632	342	7608.2958199357
GLOBAL	II	8670001	8680000	0.0071128214223955	9168	65.210346800522	502	9134.7266881029
GLOBAL	II	8680001	8690000	0.0068545982071232	9005	61.725656855145	475	8648.1639871383
GLOBAL	II	8690001	8700000	0.0076168914604841	9131	69.54983592568	535	9074.8569131833
GLOBAL	II	8700001	8710000	0.0050084606088228	9441	47.284876607896	364	9400.1077170418
GLOBAL	II	8710001	8720000	0.0011777325369213	9597	11.302699156834	87	9536.3617363344
GLOBAL	II	8720001	8730000	0.0009164787054437	9353	8.5718253320149	66	9322.4051446945
GLOBAL	II	8730001	8740000	0.0011448196878417	9419	10.783056639781	83	9363.0450160772
GLOBAL	II	8740001	8750000	0.00087782927155826	9322	8.1831244694661	63	9268.7234726688
GLOBAL	II	8750001	8760000	0.0011214052765139	9267	10.392062697454	80	9141.9517684887
GLOBAL	II	8760001	8770000	0.0011534177014173	9233	10.649505637186	82	9202.5032154341
GLOBAL	II	8770001	8780000	0.0037484271827232	8793	32.959920217685	253	8474.2909967846
GLOBAL	II	8780001	8790000	0.0011657746860907	9250	10.783415846339	83	9210.7829581994
GLOBAL	II	8790001	8800000	0.0013210635025793	9144	12.079804667586	93	9113.5659163987
GLOBAL	II	8800001	8810000	0.00094170625397034	9653	9.0902904695757	70	9627.0498392283
GLOBAL	II	8810001	8820000	0.001403575300709	9347	13.119218335727	101	9314.5048231511
GLOBAL	II	8820001	8830000	0.0012528995090586	9641	12.079204166834	93	9594.5144694534
GLOBAL	II	8830001	8840000	0.0012156117848318	9830	11.949463844897	92	9802.8199356913
GLOBAL	II	8840001	8850000	0.0010602209225146	9555	10.130410914627	78	9517.5980707396
GLOBAL	II	8850001	8860000	0.0012687536885057	9528	12.088685144082	93	9468.2443729904
GLOBAL	II	8860001	8870000	0.001242068439583	9386	11.658054373926	89	8960.9903536978
GLOBAL	II	8870001	8880000	0.0009863096852902	9350	9.2219955574634	71	9317.7395498392
GLOBAL	II	8880001	8890000	0.001083244615282	9596	10.394815328246	80	9551.5932475884
GLOBAL	II	8890001	8900000	0.00084635129731827	9667	8.1816779911757	63	9644.7057877813
GLOBAL	II	8900001	8910000	0.0015702665406144	9569	15.025880527139	115	9085.7106109325
GLOBAL	II	8910001	8920000	0.0023317961755279	8898	20.748322369848	157	8056.0643086817
GLOBAL	II	8920001	8930000	0.001913287029972	8366	16.006559292745	122	7176.1961414791
GLOBAL	II	8930001	8940000	0.0053628744534591	9569	51.31734564515	395	9519.1736334405
GLOBAL	II	8940001	8950000	0.0047510530370767	9104	43.253586849546	333	9066.0289389068
GLOBAL	II	8950001	8960000	0.0049009430173013	9464	46.38252471574	356	8980.4276527331
GLOBAL	II	8960001	8970000	0.004951228251453	9168	45.392860609321	349	9056.9839228296
GLOBAL	II	8970001	8980000	0.0048517018659876	9059	43.951567203982	338	8888.0305466238
GLOBAL	II	8980001	8990000	0.0052071106017851	8788	45.760087968487	348	8009.3585209003
GLOBAL	II	8990001	9000000	0.0032923750277186	9271	30.523608881979	235	9235.2604501608
GLOBAL	II	9000001	9010000	0.0047073959868004	9133	42.992647547448	331	9095.9726688103
GLOBAL	II	9010001	9020000	0.0011783627634133	9591	11.301677263897	87	9529.1768488746
GLOBAL	II	9020001	9030000	0.00073910512962887	9489	7.0133685750484	54	9467.2926045016
GLOBAL	II	9030001	9040000	0.0011837125953271	9654	11.427561395288	88	9632.4887459807
GLOBAL	II	9040001	9050000	0.00083317931253082	8420	7.0153698115095	54	8232.1173633441
GLOBAL	II	9050001	9060000	0.00094004703164856	9399	8.8355020504648	68	9219.2765273312
GLOBAL	II	9060001	9070000	0.000979877069927	9543	9.3509668783133	72	9513.424437299
GLOBAL	II	9070001	9080000	0.0010968590083106	9473	10.390545385727	80	9438.347266881
GLOBAL	II	9080001	9090000	0.0012696459215067	9210	11.693438937077	90	9166.7877813505
GLOBAL	II	9090001	9100000	0.0013092383029618	9623	12.598800189401	97	9567.6093247588
GLOBAL	II	9100001	9110000	0.0017618985202461	8879	15.643896961265	120	8645.1479099678
GLOBAL	II	9110001	9120000	0.0013864143268723	9307	12.903358140201	99	9077.1398713826
GLOBAL	II	9120001	9130000	0.0011788886967099	9476	11.171149290023	86	9437.9903536978
GLOBAL	II	9130001	9140000	0.00092175394221378	9303	8.5750769244148	66	9259.8424437299
GLOBAL	II	9140001	9150000	0.00096755824562048	9139	8.8425148067256	68	9047.8617363344
GLOBAL	II	9150001	9160000	0.001126072227033	9575	10.782141573841	83	9537.963022508
GLOBAL	II	9160001	9170000	0.0010307572134262	9205	9.4881201495878	73	9152.538585209
GLOBAL	II	9170001	9180000	0.0010350836513293	9537	9.8715927827278	76	9504.1366559486
GLOBAL	II	9180001	9190000	0.0010086100152507	9531	9.6130620553544	74	9478.5192926045
GLOBAL	II	9190001	9200000	0.0013164693001146	9474	12.472230149286	96	9423.7073954984
GLOBAL	II	9200001	9210000	0.00092683566155971	9527	8.8299633476793	68	9500.6752411576
GLOBAL	II	9210001	9220000	0.0011080514049141	9729	10.780232118409	83	9698.9565916399
GLOBAL	II	9220001	9230000	0.00094677620994209	9465	8.9612368271019	69	9432.5273311897
GLOBAL	II	9230001	9240000	0.001138815964756	9580	10.909856942363	84	9550.1189710611
GLOBAL	II	9240001	9250000	0.00090919027923283	9428	8.5718459526072	66	9386.9003215434
GLOBAL	II	9250001	9260000	0.0036019035050717	9024	32.503577229767	250	8954.0610932476
GLOBAL	II	9260001	9270000	0.0039789972167674	9498	37.792515564857	291	9470.8954983923
GLOBAL	II	9270001	9280000	0.0044838908755857	9476	42.48934993705	327	9419.7427652733
GLOBAL	II	9280001	9290000	0.0026003667279973	8843	22.995042975681	177	8804.6366559486
GLOBAL	II	9290001	9300000	0.0047487181874133	8572	40.706012302507	313	7889.3311897106
GLOBAL	II	9300001	9310000	0.001280364276864	8724	11.169897951362	86	8692.268488746
GLOBAL	II	9310001	9320000	0.00079188659029977	9677	7.6630865343308	59	9642.8344051447
GLOBAL	II	9320001	9330000	0.001397892209076	9303	13.004591221034	100	9227.4501607717
GLOBAL	II	9330001	9340000	0.001521602696423	9477	14.420228754	111	9434.8810289389
GLOBAL	II	9340001	9350000	0.0043856404381159	9136	40.067211042627	308	9054.3681672026
GLOBAL	II	9350001	9360000	0.0006592639752157	9654	6.3645344167323	49	9619.3135048232
GLOBAL	II	9360001	9370000	0.0011532941426144	9459	10.90900929499	84	9425.1688102894
GLOBAL	II	9370001	9380000	0.0014987614766497	9102	13.641726960466	105	9056.2009646302
GLOBAL	II	9380001	9390000	0.0015350745002721	9395	14.422024930056	111	9344.0610932476
GLOBAL	II	9390001	9400000	0.0015385064587323	9291	14.294263508082	110	9187.7057877813
GLOBAL	II	9400001	9410000	0.0014426168175662	9546	13.771220140487	106	9497.5160771704
GLOBAL	II	9410001	9420000	0.0010504081041969	9398	9.8717353632423	76	9339.0868167203
GLOBAL	II	9420001	9430000	0.001116630541755	9770	10.909480392946	84	9725.6961414791
GLOBAL	II	9430001	9440000	0.0011575372194385	9545	11.048692759541	85	9503.0964630225
GLOBAL	II	9440001	9450000	0.001098853770686	9457	10.391860109377	80	9414.0418006431
GLOBAL	II	9450001	9460000	0.0012636628376156	9457	11.95045945533	92	9407.307073955
GLOBAL	II	9460001	9470000	0.0012198055693756	9690	11.81991596725	91	9651.2508038585
GLOBAL	II	9470001	9480000	0.0014153549561781	9459	13.387842530489	103	9372.4485530547
GLOBAL	II	9480001	9490000	0.0016015045281793	9419	15.084571150921	116	9371.2073954984
GLOBAL	II	9490001	9500000	0.0044655496691377	8934	39.895220744076	307	8868.270096463
GLOBAL	II	9500001	9510000	0.0014990715711856	9273	13.900890679604	107	9215.4356913183
GLOBAL	II	9510001	9520000	0.0013257634260086	9114	12.083007864643	93	9058.5948553055
GLOBAL	II	9520001	9530000	0.0010574284779644	9584	10.134394532811	78	9531.9581993569
GLOBAL	II	9530001	9540000	0.0014243024310446	9488	13.513781465751	104	9436.2556270096
GLOBAL	II	9540001	9550000	0.0016936301033946	9433	15.976012765322	123	9395.7202572347
GLOBAL	II	9550001	9560000	0.0052747833091586	8839	46.623809669653	358	8657.5852090032
GLOBAL	II	9560001	9570000	0.0057995886933475	8815	51.123374331858	393	8703.3762057878
GLOBAL	II	9570001	9580000	0.0046914687510275	8975	42.105932040472	324	8911.2379421222
GLOBAL	II	9580001	9590000	0.0040182835909372	9508	38.205840382631	294	9451.9774919614
GLOBAL	II	9590001	9600000	0.0045084935853231	9423	42.4835350545	327	9388.9051446945
GLOBAL	II	9600001	9610000	0.0068358128512277	9373	64.072073854557	493	9314.0932475884
GLOBAL	II	9610001	9620000	0.0052900029708916	9555	50.54597838687	389	9487.7459807074
GLOBAL	II	9620001	9630000	0.0041630318248236	9360	38.965977880349	300	9318.3215434084
GLOBAL	II	9630001	9640000	0.0033960993159955	9266	31.468256262015	242	8789.3890675241
GLOBAL	II	9640001	9650000	0.0021772025455374	8721	18.987383399631	144	7495.7202572347
GLOBAL	II	9650001	9660000	0.0029845613181742	8761	26.147741708524	199	7792.1093247588
GLOBAL	II	9660001	9670000	0.0022612416225048	9618	21.748621925251	167	9576.5273311897
GLOBAL	II	9670001	9680000	0.004955359817651	9247	45.822212233818	352	9183.1623794212
GLOBAL	II	9680001	9690000	0.0052593683321009	8671	45.603982807647	347	8365.5128617363
GLOBAL	II	9690001	9700000	0.0055770857318227	8653	48.258522837461	371	8522.2717041801
GLOBAL	II	9700001	9710000	0.0071618660559106	9183	65.767415991427	506	9138.1430868167
GLOBAL	II	9710001	9720000	0.0083912701535226	8624	72.366313803979	554	8464.2508038585
GLOBAL	II	9720001	9730000	0.0097914508779114	9048	88.593047543343	680	8854.2717041801
GLOBAL	II	9730001	9740000	0.012255932055102	8455	103.62390552589	795	8278.9035369775
GLOBAL	II	9740001	9750000	0.010979577662824	9205	101.06701238629	777	9048.8279742765
GLOBAL	II	9750001	9760000	0.0091313524960481	8994	82.127384349456	629	8780.2524115756
GLOBAL	II	9760001	9770000	0.0043396447223883	8432	36.591884299178	281	8113.5610932476
GLOBAL	II	9770001	9780000	0.0082648520939445	8399	69.41649273704	531	7974.4115755627
GLOBAL	II	9780001	9790000	0.01063783006015	8468	90.081144949347	682	6902.1623794212
GLOBAL	II	9790001	9800000	0.011303888923842	8088	91.425853616033	692	7011.9855305466
GLOBAL	II	9800001	9810000	0.0039280097853178	8576	33.686611918885	257	8260.8874598071
GLOBAL	II	9810001	9820000	0.0021732028753426	9388	20.402028593717	157	9329.0321543408
GLOBAL	II	9820001	9830000	0.0014359589007794	9501	13.643045516305	105	9451.2186495177
GLOBAL	II	9830001	9840000	0.0012143866394799	9625	11.688471404994	90	9597.3553054662
GLOBAL	II	9840001	9850000	0.0014911295434891	9510	14.180641958581	109	9152.0659163987
GLOBAL	II	9850001	9860000	0.0012283544194548	9203	11.304545722242	87	9165.5289389067
GLOBAL	II	9860001	9870000	0.0013454680495582	8933	12.019066086703	91	8553.9646302251
GLOBAL	II	9870001	9880000	0.0011589846978635	8973	10.399569693929	80	8829.4260450161
GLOBAL	II	9880001	9890000	0.0015422612630423	9605	14.813419431521	114	9553.7202572347
GLOBAL	II	9890001	9900000	0.0010280405277118	9603	9.8722731876165	76	9561.654340836
GLOBAL	II	9900001	9910000	0.0013979568228546	9310	13.014978020777	100	9220.7958199357
GLOBAL	II	9910001	9920000	0.0015822417799014	9606	15.199014537733	117	9563.5964630225
GLOBAL	II	9920001	9930000	0.0017177742212626	9510	16.336032844208	125	9454.3360128617
GLOBAL	II	9930001	9940000	0.0017335432340629	9518	16.499864501811	127	9457.3762057878
GLOBAL	II	9940001	9950000	0.0015247889124038	9552	14.564783691281	112	9487.4839228296
GLOBAL	II	9950001	9960000	0.0016593438762522	9705	16.103932319028	124	9681.4710610932
GLOBAL	II	9960001	9970000	0.0043795350165338	9300	40.729675653765	312	9150.768488746
GLOBAL	II	9970001	9980000	0.0078490101840078	7574	59.448403133675	448	6462.4051446945
GLOBAL	II	9980001	9990000	0.0081361608364569	7915	64.397713020556	492	7491.6109324759
GLOBAL	II	9990001	10000000	0.0063919594733355	7290	46.597384560616	354	5825.0996784566
GLOBAL	II	10000001	10010000	0.001913523335985	9322	17.837864538053	137	9082.2893890675
GLOBAL	II	10010001	10020000	0.0020592226695844	9444	19.447298891555	149	9107.5353697749
GLOBAL	II	10020001	10030000	0.0021325843808417	8983	19.157005493101	147	8349.1318327974
GLOBAL	II	10030001	10040000	0.0017715934690175	9538	16.897458507489	130	9478.2845659164
GLOBAL	II	10040001	10050000	0.0021796189620834	7723	16.83319724417	120	6311.8389694042
GLOBAL	II	10050001	10060000	0.0019355763386179	9170	17.749235025126	127	8544.3585209003
GLOBAL	II	10060001	10070000	0.0017693059100617	9547	16.891563523359	130	9494.1430868167
GLOBAL	II	10070001	10080000	0.0014299435068416	9655	13.806104558555	106	9500.268488746
GLOBAL	II	10080001	10090000	0.0022229812297628	9056	20.131318016731	154	8504.8167202572
GLOBAL	II	10090001	10100000	0.0016734184874422	8133	13.609912558367	103	7246.3167202572
GLOBAL	II	10100001	10110000	0.0022335433736847	8634	19.284413488394	144	7622.2565445026
GLOBAL	II	10110001	10120000	0.0024620947550854	8710	21.444845316794	163	8102.698541329
GLOBAL	II	10120001	10130000	0.0050250810483235	8870	44.57246889863	342	8488.921221865
GLOBAL	II	10130001	10140000	0.0078351750683386	8999	70.508740439979	541	8817.231511254
GLOBAL	II	10140001	10150000	0.0038042951480639	8339	31.724017239705	242	7376.7202572347
GLOBAL	II	10150001	10160000	0.0080795074296658	8666	70.017011385484	538	8480.536977492
GLOBAL	II	10160001	10170000	0.0043360996611023	9357	40.572884528934	312	9262.8199356913
GLOBAL	II	10170001	10180000	0.0017258659863667	9040	15.601828516755	120	8954.7861736334
GLOBAL	II	10180001	10190000	0.0016874857813979	9391	15.847178973107	122	9357.1704180064
GLOBAL	II	10190001	10200000	0.001884698929662	8487	15.995439816041	123	8395.3536977492
GLOBAL	II	10200001	10210000	0.0023865167016882	8120	19.378515617708	149	7954.9260450161
GLOBAL	II	10210001	10220000	0.0023341999619731	9187	21.444295050647	165	9072.9453376206
GLOBAL	II	10220001	10230000	0.0021655433032613	8768	18.987483682995	146	8642.1575562701
GLOBAL	II	10230001	10240000	0.0018276410578629	9323	17.039097582456	131	9197.4276527331
GLOBAL	II	10240001	10250000	0.001815923546444	9163	16.639307456067	128	9077.5192926045
GLOBAL	II	10250001	10260000	0.0021133857598479	9231	19.508663949156	150	9130.691318328
GLOBAL	II	10260001	10270000	0.0021993371414737	8753	19.250797999319	147	8400.2877813505
GLOBAL	II	10270001	10280000	0.0024037986750466	9095	21.862548949549	168	8964.0819935691
GLOBAL	II	10280001	10290000	0.0029606214079139	8984	26.598222728698	204	8812.3906752412
GLOBAL	II	10290001	10300000	0.002826101512482	9087	25.680784443924	197	8883.5659163987
GLOBAL	II	10300001	10310000	0.0022113049140872	8950	19.791178981081	152	8697.652733119
GLOBAL	II	10310001	10320000	0.0021424870717853	8920	19.110984680325	147	8844.8922829582
GLOBAL	II	10320001	10330000	0.0020661866679977	8727	18.031611051616	137	7910.2652733119
GLOBAL	II	10330001	10340000	0.0015918315660918	8635	13.745465573203	100	5954.1353251318
GLOBAL	II	10340001	10350000	0.0019453125987129	8753	17.027321176534	124	7334.8162839248
GLOBAL	II	10350001	10360000	0.0012093851393764	8625	10.430946827122	76	5745.9565916399
GLOBAL	II	10360001	10370000	0.0021152392751055	8032	16.989601857647	130	7611.4276527331
GLOBAL	II	10370001	10380000	0.0015387542348955	9125	14.041132393421	108	9065.4163987138
GLOBAL	II	10380001	10390000	0.0016407613772837	9058	14.862016555436	114	8293.4790996785
GLOBAL	II	10390001	10400000	0.0018886726237414	9149	17.27946583461	133	9091.615755627
GLOBAL	II	10400001	10410000	0.00200644257255	9266	18.591696877249	143	9196.0723472669
GLOBAL	II	10410001	10420000	0.0029311664326718	9107	26.694132702342	205	8852.6318327974
GLOBAL	II	10420001	10430000	0.0079537895105508	8593	68.346913264163	524	8409.6254019293
GLOBAL	II	10430001	10440000	0.01216704894894	7329	89.17230174678	675	6609.1012861736
GLOBAL	II	10440001	10450000	0.011976224451557	8048	96.38465438613	729	6763.4710610932
GLOBAL	II	10450001	10460000	0.010423699557921	7669	79.939351909696	605	7040.4163987138
GLOBAL	II	10460001	10470000	0.008361745876279	6991	58.456965421066	440	6279.3392282958
GLOBAL	II	10470001	10480000	0.0051979221099247	8445	43.896452218314	335	7764.0160771704
GLOBAL	II	10480001	10490000	0.0045285304747933	8512	38.54685140144	296	8220.5900321543
GLOBAL	II	10490001	10500000	0.0072256376017754	8780	63.441098143588	488	8677.3215434084
GLOBAL	II	10500001	10510000	0.0055032179317876	8925	49.116220041204	378	8875.4405144695
GLOBAL	II	10510001	10520000	0.0054814291569574	9036	49.530193862267	381	8923.0273311897
GLOBAL	II	10520001	10530000	0.0015333399255321	8411	12.89692211365	98	6927.9180064309
GLOBAL	II	10530001	10540000	0.001889268816458	8827	16.676575842875	128	8630.8151125402
GLOBAL	II	10540001	10550000	0.0026652446854434	8837	23.552767285263	179	8304.3107890499
GLOBAL	II	10550001	10560000	0.0026907261681823	5471	14.720962866125	107	3353.2045088567
GLOBAL	II	10560001	10570000	0.0049600439408648	6054	30.028106017995	214	3913.0692431562
GLOBAL	II	10570001	10580000	0.0023816282243322	8548	20.358158061591	156	8366.038585209
GLOBAL	II	10580001	10590000	0.0024140230294156	8544	20.625412763327	158	8335.8922829582
GLOBAL	II	10590001	10600000	0.007778382575897	8565	66.621846762558	511	8346.3665594855
GLOBAL	II	10600001	10610000	0.0043666236567953	8106	35.395851361983	266	6624.8841059603
GLOBAL	II	10610001	10620000	0.0025951887453763	8384	21.758062441235	167	7897.7282958199
GLOBAL	II	10620001	10630000	0.0029325956755608	9044	26.522395289772	204	8971.3569131833
GLOBAL	II	10630001	10640000	0.0020285550977881	8484	17.210261449634	131	6838.4501607717
GLOBAL	II	10640001	10650000	0.0022727475712856	8936	20.309272297008	156	8844.5434083601
GLOBAL	II	10650001	10660000	0.0020608403993057	9206	18.972096716008	146	9154.2668810289
GLOBAL	II	10660001	10670000	0.0019981700049598	9073	18.129396455	139	8930.2427652733
GLOBAL	II	10670001	10680000	0.002778814640337	8384	23.297581944585	175	7333.2620578778
GLOBAL	II	10680001	10690000	0.00096544512927594	6990	6.7484614536388	50	4955.7673667205
GLOBAL	II	10690001	10700000	0.0015809018308	7707	12.184010409975	91	5227.9869918699
GLOBAL	II	10700001	10710000	0.0029131934407537	8188	23.853227892891	182	7978.5064935065
GLOBAL	II	10710001	10720000	0.0021085453446195	8726	18.399166677149	141	8397.0546623794
GLOBAL	II	10720001	10730000	0.0025228479229654	9119	23.005850209522	177	9045.2668810289
GLOBAL	II	10730001	10740000	0.0022293539629042	8711	19.419902370858	149	8561.8665594855
GLOBAL	II	10740001	10750000	0.0022675841742166	9111	20.659959411288	159	9062.0578778135
GLOBAL	II	10750001	10760000	0.0026314390616894	9331	24.553957884624	189	9279.1302250804
GLOBAL	II	10760001	10770000	0.0040900335073768	7295	29.836794436314	229	6165.9372990354
GLOBAL	II	10770001	10780000	0.0059129224907213	8748	51.72624594883	397	8163.1366559486
GLOBAL	II	10780001	10790000	0.0043175998052115	8731	37.696963899302	289	8372.8424437299
GLOBAL	II	10790001	10800000	0.0018455862636151	9363	17.280224186228	133	9304.7411575563
GLOBAL	II	10800001	10810000	0.0017723881966274	9313	16.506251275191	127	9226.9678456592
GLOBAL	II	10810001	10820000	0.0021983760355671	9168	20.15471149408	155	9057.8102893891
GLOBAL	II	10820001	10830000	0.0028713848086356	8713	25.018375837642	192	8571.307073955
GLOBAL	II	10830001	10840000	0.002806168158118	8588	24.099372141917	185	8415.8006430868
GLOBAL	II	10840001	10850000	0.0021203316693263	9143	19.38619245265	149	8977.2781350482
GLOBAL	II	10850001	10860000	0.0022605682388535	9146	20.675157112554	159	9058.5675241158
GLOBAL	II	10860001	10870000	0.0045547259124661	7934	36.137195389506	274	7575.7990353698
GLOBAL	II	10870001	10880000	0.0099561418266875	7675	76.413388519827	574	6683.7090032154
GLOBAL	II	10880001	10890000	0.0065349870349511	8152	53.273214308921	404	7744.7600644122
GLOBAL	II	10890001	10900000	0.0050415043603289	8498	42.842704054075	329	8351.5964630225
GLOBAL	II	10900001	10910000	0.0071470600625558	8530	60.964422333601	468	8266.538585209
GLOBAL	II	10910001	10920000	0.0050942717221303	8776	44.707328633415	343	8211.8665594855
GLOBAL	II	10920001	10930000	0.0085872275499302	8210	70.501138184927	541	7955.345659164
GLOBAL	II	10930001	10940000	0.0054246522175666	8745	47.43858364262	363	8069.3135048232
GLOBAL	II	10940001	10950000	0.0041862568067793	7227	30.254077942594	230	5655.0928338762
GLOBAL	II	10950001	10960000	0.0027588803199376	8913	24.589900291604	189	8773.9469453376
GLOBAL	II	10960001	10970000	0.002842866583172	8786	24.977425799749	192	8674.9453376206
GLOBAL	II	10970001	10980000	0.0028898321561416	7144	20.644960923475	158	6456.154340836
GLOBAL	II	10980001	10990000	0.0029027452051358	9316	27.041974331045	208	9253.6061093248
GLOBAL	II	10990001	11000000	0.0025909516301424	7643	19.802643309178	152	6969.2974276527
GLOBAL	II	11000001	11010000	0.0026965640235185	8102	21.847561718547	168	7998.6816720257
GLOBAL	II	11010001	11020000	0.0052604403929844	8726	45.902602869182	347	8121.4919614148
GLOBAL	II	11020001	11030000	0.0029015517966568	8429	24.45718009402	187	7805.6704180064
GLOBAL	II	11030001	11040000	0.0023257956019145	8719	20.278611853093	156	8633.5900321543
GLOBAL	II	11040001	11050000	0.0075843338786162	8168	61.948839120537	475	7948.6672025723
GLOBAL	II	11050001	11060000	0.0093790607854535	8170	76.626926617155	589	8031.2556270096
GLOBAL	II	11060001	11070000	0.009102395230476	8481	77.197413949667	593	8315.9678456592
GLOBAL	II	11070001	11080000	0.011523893297483	7671	88.399785484992	679	7494.2974276527
GLOBAL	II	11080001	11090000	0.010950488335939	7953	87.089233735719	669	7766.3022508039
GLOBAL	II	11090001	11100000	0.010078454140651	7567	76.263662482307	583	7210.7942122186
GLOBAL	II	11100001	11110000	0.011724355242183	7867	92.235502690256	705	7393.9710610932
GLOBAL	II	11110001	11120000	0.0095921780295212	8567	82.176189178908	628	8129.9662379421
GLOBAL	II	11120001	11130000	0.0095887620533878	7941	76.144359465953	584	7633.9533762058
GLOBAL	II	11130001	11140000	0.010104375574482	7638	77.177220637894	592	7436.6125401929
GLOBAL	II	11140001	11150000	0.007360352282157	8718	64.167551195845	491	8416.9372990354
GLOBAL	II	11150001	11160000	0.0019132472004503	9190	17.582741772138	135	8998.308681672
GLOBAL	II	11160001	11170000	0.0044130598998586	8881	39.192384970644	301	8741.9871382637
GLOBAL	II	11170001	11180000	0.0032518555873998	8771	28.522025357084	219	8607.6736334405
GLOBAL	II	11180001	11190000	0.0024942882077132	8913	22.231590795347	170	8364.0321543408
GLOBAL	II	11190001	11200000	0.0022997663783904	9382	21.576408162059	166	9319.7451612903
GLOBAL	II	11200001	11210000	0.0022829288848057	9075	20.717579629612	159	8930.7858293076
GLOBAL	II	11210001	11220000	0.0073853932759924	8278	61.136285538665	468	7946.2443729904
GLOBAL	II	11220001	11230000	0.0060134888813307	8162	49.082096249421	374	7176.7536231884
GLOBAL	II	11230001	11240000	0.0064393948758223	8608	55.430311091078	425	8440.8440514469
GLOBAL	II	11240001	11250000	0.0033792057571008	8854	29.91948777337	230	8756.6045016077
GLOBAL	II	11250001	11260000	0.0028127213091811	8751	24.614124176643	189	8591.1768488746
GLOBAL	II	11260001	11270000	0.0062695281439813	7853	49.234604514686	373	7201.0643086817
GLOBAL	II	11270001	11280000	0.0051962044114989	7694	39.979596742072	299	5597.2277867528
GLOBAL	II	11280001	11290000	0.0070638393165977	7777	54.93547836518	415	6515.0803858521
GLOBAL	II	11290001	11300000	0.00153492438128	9146	14.038418391187	102	5529.6526655897
GLOBAL	II	11300001	11310000	0.0064351295746876	7543	48.540182381868	364	5836.0434083601
GLOBAL	II	11310001	11320000	0.01054672498823	8067	85.080430480053	644	7174.5932475884
GLOBAL	II	11320001	11330000	0.0094228815660205	8180	77.079171210048	584	7554.6205787781
GLOBAL	II	11330001	11340000	0.0088779321837357	7979	70.837020894027	544	7836.3681672026
GLOBAL	II	11340001	11350000	0.0033062447110598	8966	29.643790079362	227	8705.8344051447
GLOBAL	II	11350001	11360000	0.0027372838737792	8784	24.044301547277	185	8662.2266881029
GLOBAL	II	11360001	11370000	0.0027888996990789	8825	24.612039844371	189	8638.2829581994
GLOBAL	II	11370001	11380000	0.0031755690349357	8770	27.849740436386	214	8615.5803858521
GLOBAL	II	11380001	11390000	0.0038212533210705	8799	33.6232079721	258	8630.345659164
GLOBAL	II	11390001	11400000	0.003538914205456	8824	31.227378948944	240	8713.0691318328
GLOBAL	II	11400001	11410000	0.0036684384539078	8662	31.776013887749	244	8515.9501607717
GLOBAL	II	11410001	11420000	0.0029990451962922	8434	25.293947185528	194	8277.8762057878
GLOBAL	II	11420001	11430000	0.0038583269858867	8477	32.707037859361	251	8280.8408360129
GLOBAL	II	11430001	11440000	0.0032747761509288	8676	28.411957885458	218	8453.6848874598
GLOBAL	II	11440001	11450000	0.0033219515198466	8284	27.51904639041	209	7946.963022508
GLOBAL	II	11450001	11460000	0.0039304864912907	8665	34.057665447034	260	8046.8520900322
GLOBAL	II	11460001	11470000	0.002623469735585	9119	23.923420518799	184	9021.4935691318
GLOBAL	II	11470001	11480000	0.0034706749545622	8809	30.573175674739	235	8703.3199356913
GLOBAL	II	11480001	11490000	0.0062116362982102	8878	55.14690705551	423	8662.2717041801
GLOBAL	II	11490001	11500000	0.0071498314357664	8260	59.05760765943	453	8044.4437299035
GLOBAL	II	11500001	11510000	0.0057036390289018	8862	50.545649074127	388	8648.5836012862
GLOBAL	II	11510001	11520000	0.0079715870373226	9004	71.776169684053	551	8750.5691318328
GLOBAL	II	11520001	11530000	0.0063196158004678	8534	53.931601241192	414	8310.5257234727
GLOBAL	II	11530001	11540000	0.0082879587962548	8737	72.411896002878	556	8534.7266881029
GLOBAL	II	11540001	11550000	0.0081326667151296	8494	69.078871078311	530	8207.078778135
GLOBAL	II	11550001	11560000	0.0075948708283096	8435	64.062735436791	492	8221.8392282958
GLOBAL	II	11560001	11570000	0.0074980381370092	8706	65.277920020802	502	8620.0032154341
GLOBAL	II	11570001	11580000	0.0047046538395146	8478	39.886055251405	306	8301.2170418006
GLOBAL	II	11580001	11590000	0.0068166728975285	8683	59.18917076924	455	8579.0418006431
GLOBAL	II	11590001	11600000	0.0068393702286762	8953	61.232881657338	471	8854.5884244373
GLOBAL	II	11600001	11610000	0.0064545327454552	8679	56.018889697805	431	8603.6768488746
GLOBAL	II	11610001	11620000	0.0063139938159073	7699	48.61143838867	373	7429.922829582
GLOBAL	II	11620001	11630000	0.0038509193694517	8248	31.762382959238	244	8072.7411575563
GLOBAL	II	11630001	11640000	0.004711836932225	8510	40.097732293235	308	8377.6977491961
GLOBAL	II	11640001	11650000	0.0062158022910557	8124	50.497177812536	388	7999.9260450161
GLOBAL	II	11650001	11660000	0.0030588349255508	9007	27.550926174436	212	8932.3826366559
GLOBAL	II	11660001	11670000	0.0021194217160206	8342	17.680215955044	136	8257.7556270096
GLOBAL	II	11670001	11680000	0.0030693740573621	8856	27.182376651999	209	8718.807073955
GLOBAL	II	11680001	11690000	0.0020512386897587	8458	17.349376837979	133	7883.4790996785
GLOBAL	II	11690001	11700000	0.0032953951148307	7711	25.410791730459	195	7586.6237942122
GLOBAL	II	11700001	11710000	0.0028646547838365	8650	24.779263880186	190	8485.8745980707
GLOBAL	II	11710001	11720000	0.0025569493679483	8809	22.524166982257	172	7903.1832797428
GLOBAL	II	11720001	11730000	0.0026940535197107	8835	23.801962846644	183	8703.7524115756
GLOBAL	II	11730001	11740000	0.0023574530671338	7498	17.67618309737	135	6282.5819935691
GLOBAL	II	11740001	11750000	0.0018549149305146	9437	17.504832199266	134	9354.0450160772
GLOBAL	II	11750001	11760000	0.0028076156518034	9256	25.987290473093	200	9194.8424437299
GLOBAL	II	11760001	11770000	0.0031315074348412	8915	27.917388781609	214	8708.7668810289
GLOBAL	II	11770001	11780000	0.0028936907910573	8957	25.918788415501	199	8763.5466237942
GLOBAL	II	11780001	11790000	0.0021084714938693	7574	15.969563094566	122	7008.5482315113
GLOBAL	II	11790001	11800000	0.0024494677374762	8386	20.541236446475	156	8024.1012861736
GLOBAL	II	11800001	11810000	0.0020719301690754	7343	15.21418323152	115	5851.11414791
GLOBAL	II	11810001	11820000	0.002214100788195	8469	18.751219575223	144	7972.9823151125
GLOBAL	II	11820001	11830000	0.0021874688685246	8567	18.74004579665	144	8316.3118971061
GLOBAL	II	11830001	11840000	0.0023846270102241	8843	21.087256651412	162	8763.2347266881
GLOBAL	II	11840001	11850000	0.0020931228403775	9371	19.614654137178	151	9315.9356913183
GLOBAL	II	11850001	11860000	0.001820042339756	9427	17.15753913688	132	9379.8922829582
GLOBAL	II	11860001	11870000	0.0023062885300855	8462	19.515813541583	150	8093.1672025723
GLOBAL	II	11870001	11880000	0.0026046330668805	8735	22.751469839201	175	8667.9147909968
GLOBAL	II	11880001	11890000	0.0025326112921979	9234	23.386132672156	180	9180.7234726688
GLOBAL	II	11890001	11900000	0.0022266400284332	9398	20.925962987215	161	9320.8585209003
GLOBAL	II	11900001	11910000	0.001728241773935	9545	16.49606773221	127	9510.307073955
GLOBAL	II	11910001	11920000	0.0063999298545816	8343	53.394614776774	409	8251.1607717042
GLOBAL	II	11920001	11930000	0.0088055282677655	8118	71.483278477721	535	6932.6864951768
GLOBAL	II	11930001	11940000	0.0083511800774926	8374	69.932781968923	527	7381.536977492
GLOBAL	II	11940001	11950000	0.0036535368429623	9022	32.962209397206	253	8746.3778135048
GLOBAL	II	11950001	11960000	0.0035705859657454	8748	31.23548602834	240	8650.4083601286
GLOBAL	II	11960001	11970000	0.0091133726857677	8100	73.818318754719	565	7574.1977491961
GLOBAL	II	11970001	11980000	0.0065549346236363	8113	53.180184601562	399	5029.0209339775
GLOBAL	II	11980001	11990000	0.020069968927129	6407	128.58829091612	964	5524.463022508
GLOBAL	II	11990001	12000000	0.021465788544068	7404	158.93269838028	1203	6726.4935691318
GLOBAL	II	12000001	12010000	0.014180618138865	6172	87.522775153076	650	3876.5201288245
GLOBAL	II	12010001	12020000	0.016104534186693	7446	119.91436155412	915	5117.6945337621
GLOBAL	II	12020001	12030000	0.020771351731024	7666	159.23318237003	1198	6601.4276527331
GLOBAL	II	12030001	12040000	0.021783564307417	6990	152.26711450884	1158	6030.7154340836
GLOBAL	II	12040001	12050000	0.023182239822429	5803	134.52653768955	1010	4786.5610932476
GLOBAL	II	12050001	12060000	0.027358385649949	6381	174.57385883233	1306	5135.2721417069
GLOBAL	II	12060001	12070000	0.013964022806423	7425	103.68286933769	770	5146.4975767367
GLOBAL	II	12070001	12080000	0.01779089591578	6487	115.40954180566	870	5700.847266881
GLOBAL	II	12080001	12090000	0.024836156581442	7759	192.70373891541	1473	7493.9003215434
GLOBAL	II	12090001	12100000	0.016830800921857	7453	125.4399592706	950	6583.3890675241
GLOBAL	II	12100001	12110000	0.0088008766951008	8212	72.272799420168	549	6528.4581993569
GLOBAL	II	12110001	12120000	0.0062733016577739	8611	54.019400575091	414	7611.729903537
GLOBAL	II	12120001	12130000	0.0087990187636675	8927	78.54884050326	603	8728.501607717
GLOBAL	II	12130001	12140000	0.0083727140342138	9294	77.816004233983	599	9253.0353697749
GLOBAL	II	12140001	12150000	0.0080831443552495	9401	75.989640083701	585	9364.2797427653
GLOBAL	II	12150001	12160000	0.0068538114059704	8867	60.77274573674	467	8339.1816720257
GLOBAL	II	12160001	12170000	0.008423061789277	8892	74.897865430251	574	8728.2331189711
GLOBAL	II	12170001	12180000	0.011482907389339	7833	89.945613580689	670	6227.4340836013
GLOBAL	II	12180001	12190000	0.014182461023181	7642	108.38236713915	816	6793.1302250804
GLOBAL	II	12190001	12200000	0.0097873693818783	7339	71.829503893605	523	5275.8099838969
GLOBAL	II	12200001	12210000	0.0083912442073464	7868	66.022309423401	473	5639.5088566828
GLOBAL	II	12210001	12220000	0.0058283776345458	3396	19.793170446918	149	2523.9318181818
GLOBAL	II	12220001	12230000	0	211	0	0	47.583333333333
GLOBAL	II	12230001	12240000	0.00052242282276271	797	0.41637098974188	3	348.57692307692
GLOBAL	II	12240001	12250000	0.0037894152815252	6102	23.123012047867	173	5177.1993067591
GLOBAL	II	12250001	12260000	0.0044206704403404	9058	40.042432848603	305	7897.1851851852
GLOBAL	II	12260001	12270000	0.0084861875278772	8459	71.784660298313	550	8177.0723472669
GLOBAL	II	12270001	12280000	0.0048066098063434	8200	39.414200412016	302	7649.8327974277
GLOBAL	II	12280001	12290000	0.0018384652953975	9184	16.884465272931	130	9153.498392283
GLOBAL	II	12290001	12300000	0.0019592410600595	9549	18.708792882509	144	9505.3006430868
GLOBAL	II	12300001	12310000	0.0023842423240047	8698	20.738139734193	159	8492.3215434084
GLOBAL	II	12310001	12320000	0.0019178186577684	9351	17.933522268792	138	9303.2057877814
GLOBAL	II	12320001	12330000	0.0013711012252213	9384	12.866413897477	99	9324.9581993569
GLOBAL	II	12330001	12340000	0.0019358821287334	9262	17.930140276329	138	9204.8617363344
GLOBAL	II	12340001	12350000	0.001623235968596	9444	15.329840487421	118	9392.3424437299
GLOBAL	II	12350001	12360000	0.0017049024892242	9451	16.113033425658	124	9387.0948553055
GLOBAL	II	12360001	12370000	0.0023278284626905	9407	21.89788234853	161	7355.6988543372
GLOBAL	II	12370001	12380000	0.0015899328184328	9294	14.776835614515	108	6852.6302250804
GLOBAL	II	12380001	12390000	0.0018921703667503	9133	17.28119195953	133	8568.463022508
GLOBAL	II	12390001	12400000	0.0014853661745659	9709	14.42142018886	111	9678.192926045
GLOBAL	II	12400001	12410000	0.0037749799603964	9651	36.432331597786	280	9539.9919614148
GLOBAL	II	12410001	12420000	0.0044962657328079	9191	41.325178350238	318	9142.6366559486
GLOBAL	II	12420001	12430000	0.001099357280146	9804	10.778098774551	83	9784.6414790997
GLOBAL	II	12430001	12440000	0.0012383856514972	9753	12.077975259052	93	9734.6430868167
GLOBAL	II	12440001	12450000	0.0014051452815457	9612	13.506256446218	104	9590.2170418006
GLOBAL	II	12450001	12460000	0.0013055505967355	9847	12.855756726055	99	9830.5209003215
GLOBAL	II	12460001	12470000	0.0011097027584913	9715	10.780762298743	83	9658.9292604502
GLOBAL	II	12470001	12480000	0.0015669407453369	9615	15.066135266414	116	9587.8762057878
GLOBAL	II	12480001	12490000	0.0013372638656711	9518	12.728077473458	98	9493.38585209
GLOBAL	II	12490001	12500000	0.0014097871856702	9580	13.505761238721	104	9564.3826366559
GLOBAL	II	12500001	12510000	0.0012827844470989	9530	12.224935780853	94	9422.7942122186
GLOBAL	II	12510001	12520000	0.001125675773914	9806	11.038376639001	85	9789.4951768489
GLOBAL	II	12520001	12530000	0.0011417887110534	9781	11.167835382814	86	9763.6350482315
GLOBAL	II	12530001	12540000	0.0011958827985519	9883	11.818909698089	91	9861.5691318328
GLOBAL	II	12540001	12550000	0.0013309659732851	9562	12.726696636552	98	9538.6961414791
GLOBAL	II	12550001	12560000	0.0015433176996342	9593	14.805046692591	114	9566.61414791
GLOBAL	II	12560001	12570000	0.0015638977513648	9716	15.194830552261	117	9692.8617363344
GLOBAL	II	12570001	12580000	0.0012222040453487	9669	11.817490914477	91	9651.3890675241
GLOBAL	II	12580001	12590000	0.0010832229824243	9831	10.649165140213	82	9814.4855305466
GLOBAL	II	12590001	12600000	0.0010962002383907	9477	10.388689659229	80	9451.1720257235
GLOBAL	II	12600001	12610000	0.0014381009127647	9573	13.766940037896	106	9545.5948553055
GLOBAL	II	12610001	12620000	0.0012200950741472	9580	11.68851081033	90	9548.0884244373
GLOBAL	II	12620001	12630000	0.0010031494293103	9582	9.6121778316515	74	9539.2331189711
GLOBAL	II	12630001	12640000	0.0016313377438537	9712	15.843552168308	122	9689.922829582
GLOBAL	II	12640001	12650000	0.0011363024306178	9485	10.777828554409	83	9466.845659164
GLOBAL	II	12650001	12660000	0.00093609644187833	9714	9.0932408364061	70	9686.6318327974
GLOBAL	II	12660001	12670000	0.0013600024313601	9361	12.730982759962	98	9326.3697749196
GLOBAL	II	12670001	12680000	0.0014502948624242	9495	13.770549718718	106	9455.1816720257
GLOBAL	II	12680001	12690000	0.0013676999316234	9875	13.506036824781	104	9857.1061093248
GLOBAL	II	12690001	12700000	0.0015070891058965	9824	14.805643376327	114	9801.7459807074
GLOBAL	II	12700001	12710000	0.001410181808676	9670	13.636458089897	105	9647.0996784566
GLOBAL	II	12710001	12720000	0.0012519155216924	9647	12.077229037767	93	9628.5128617363
GLOBAL	II	12720001	12730000	0.0013910885788254	5959	8.2894968412206	60	3705.0337620579
GLOBAL	II	12730001	12740000	0.001583014960392	4913	7.7773525004061	58	4582.7673545966
GLOBAL	III	1	10000	0.0010169025210278	136	0.13829874285979	1	100.15051020408
GLOBAL	III	10001	20000	0.0013590628985592	4015	5.456637537715	36	1536.2716666667
GLOBAL	III	20001	30000	0.0015708710201604	5981	9.3953795715791	64	2286.114516129
GLOBAL	III	30001	40000	0.0012213970098241	9573	11.692433575046	90	9523.2572347267
GLOBAL	III	40001	50000	0.0010606026403173	9186	9.7426958539552	75	9155.2942122187
GLOBAL	III	50001	60000	0.0014688723992192	9730	14.292128444403	110	9653.347266881
GLOBAL	III	60001	70000	0.0011856267449102	9749	11.558675136129	89	9730.2636655949
GLOBAL	III	70001	80000	0.0010900564610843	9532	10.390418187055	80	9502.5273311897
GLOBAL	III	80001	90000	0.0011014267828186	9669	10.649695563073	82	9646.229903537
GLOBAL	III	90001	100000	0.00093367354230062	9599	8.9623323325436	69	9562.2958199357
GLOBAL	III	100001	110000	0.0012397436482883	9846	12.206515961046	94	9831.9019292604
GLOBAL	III	110001	120000	0.0011472197309596	9848	11.29781991049	87	9830.8649517685
GLOBAL	III	120001	130000	0.0011791106317419	9693	11.429119353475	88	9664.4935691318
GLOBAL	III	130001	140000	0.0010436227651045	9582	9.9999933352314	77	9554.3327974277
GLOBAL	III	140001	150000	0.0010064423229926	9678	9.7403488019226	75	9656.4694533762
GLOBAL	III	150001	160000	0.0014974741045154	8676	12.992085330775	100	8644.4163987138
GLOBAL	III	160001	170000	0.0013783296367281	9611	13.247126138594	102	9587.0707395498
GLOBAL	III	170001	180000	0.0010914569753355	9758	10.650437165324	82	9717.5209003215
GLOBAL	III	180001	190000	0.0012878770852473	9580	12.337862476669	95	9554.7331189711
GLOBAL	III	190001	200000	0.0013044185628739	9360	12.2093577485	94	9326.7909967846
GLOBAL	III	200001	210000	0.0010757860949069	9899	10.649206553484	82	9881.501607717
GLOBAL	III	210001	220000	0.0011598240543628	9410	10.913944351554	84	9378.9501607717
GLOBAL	III	220001	230000	0.00084653211796527	9818	8.311252334183	64	9802.4260450161
GLOBAL	III	230001	240000	0.0010767209969452	9769	10.518487419158	81	9745.8536977492
GLOBAL	III	240001	250000	0.0011380015443722	9815	11.169485158014	86	9792.578778135
GLOBAL	III	250001	260000	0.0014202460485621	9785	13.89710758518	107	9759.6414790997
GLOBAL	III	260001	270000	0.001190200423671	9495	11.300953022756	87	9468.0160771704
GLOBAL	III	270001	280000	0.00069389232157518	9359	6.4941382376222	50	9334.0627009646
GLOBAL	III	280001	290000	0.0011658808445838	9690	11.297385384017	87	9675.8247588424
GLOBAL	III	290001	300000	0.0012259000865049	9852	12.077567652246	93	9826.8729903537
GLOBAL	III	300001	310000	0.0014147375140321	9662	13.669193860578	105	9535.5691318328
GLOBAL	III	310001	320000	0.00091916029642639	9607	8.8303729677683	68	9579.036977492
GLOBAL	III	320001	330000	0.00091069248415981	9696	8.8300743264135	68	9676.3231511254
GLOBAL	III	330001	340000	0.0010934935141629	9507	10.395842839147	80	9431.501607717
GLOBAL	III	340001	350000	0.0010992375890389	9456	10.394390641952	80	9420.2170418006
GLOBAL	III	350001	360000	0.00091990670500982	9461	8.7032373360979	67	9428.7604501608
GLOBAL	III	360001	370000	0.0016447409351974	8086	13.299375202006	102	7727.1012861736
GLOBAL	III	370001	380000	0.00088286881339689	9292	8.2036170140839	63	9195.1977491961
GLOBAL	III	380001	390000	0.0021556773827278	9552	20.591030359816	158	9485.4453376206
GLOBAL	III	390001	400000	0.005677230208021	9268	52.616569567939	405	9208.421221865
GLOBAL	III	400001	410000	0.0059802024661685	9234	55.2211895726	425	9177.1832797428
GLOBAL	III	410001	420000	0.0063289536389645	9260	58.606110696811	451	9187.2797427653
GLOBAL	III	420001	430000	0.0061709659746865	9222	56.908648218559	438	9125.307073955
GLOBAL	III	430001	440000	0.0035300716460923	6464	22.818383120341	174	4107.9790996785
GLOBAL	III	440001	450000	0.0038852580126982	5764	22.394627185193	164	3994.4155172414
GLOBAL	III	450001	460000	0.0033940323140067	7229	24.535459597954	180	5143.2396006656
GLOBAL	III	460001	470000	0.0035484702672746	8639	30.655234638986	230	6857.1957928803
GLOBAL	III	470001	480000	0.0013106686723072	1738	2.2779421524699	15	400.23064516129
GLOBAL	III	480001	490000	0.00034924524242528	4109	1.4350487011255	9	1722.9259259259
GLOBAL	III	490001	500000	0.0015036108719958	4718	7.0940360940763	53	1877.1384863124
GLOBAL	III	500001	510000	0.0041224804875026	8387	34.575243848684	265	8127.9646302251
GLOBAL	III	510001	520000	0.0015818034547423	9208	14.565246211267	112	9093.0466237942
GLOBAL	III	520001	530000	0.0070982630213849	8302	58.929779603538	448	7964.5257234727
GLOBAL	III	530001	540000	0.0068857583690954	8326	57.330824181088	440	8158.9292604502
GLOBAL	III	540001	550000	0.0047627098523256	8980	42.769134473884	329	8874.0434083601
GLOBAL	III	550001	560000	0.0072674266715941	9105	66.169919844864	509	9018.7717041801
GLOBAL	III	560001	570000	0.008293407092075	7803	64.713455539461	496	7485.9131832797
GLOBAL	III	570001	580000	0.0070802262879372	7684	54.40445879651	417	7484.9196141479
GLOBAL	III	580001	590000	0.0077524906718816	8498	65.88066572965	496	7891.998392283
GLOBAL	III	590001	600000	0.0072356064489035	8977	64.954039091806	484	8405.9051446945
GLOBAL	III	600001	610000	0.0065762165204884	8369	55.036356059967	410	7147.5434083601
GLOBAL	III	610001	620000	0.0017601021419189	9306	16.379510532697	126	9173.4389067524
GLOBAL	III	620001	630000	0.0013711210998999	9572	13.124371168242	101	9518.1800643087
GLOBAL	III	630001	640000	0.0016272970430704	9661	15.721316733103	121	9613.691318328
GLOBAL	III	640001	650000	0.0022497559559591	8576	19.293907078305	147	7424.8424437299
GLOBAL	III	650001	660000	0.0017820730182651	9240	16.466354688769	126	8422.8327974277
GLOBAL	III	660001	670000	0.0018196585334941	8505	15.476195827367	118	6738.1591639871
GLOBAL	III	670001	680000	0.0017350442949027	9290	16.118561499646	124	9233.0546623794
GLOBAL	III	680001	690000	0.0021882452170363	8579	18.772955716955	144	8423.1672025723
GLOBAL	III	690001	700000	0.0013161523383646	8886	11.695329678708	90	8790.5868167203
GLOBAL	III	700001	710000	0.0018885984347943	8938	16.880292810192	129	8601.8183279743
GLOBAL	III	710001	720000	0.0023963032178001	8315	19.925261256008	153	8135.0948553055
GLOBAL	III	720001	730000	0.0029446594880856	7686	22.632652825426	170	7032.3665594855
GLOBAL	III	730001	740000	0.0019624445544476	6233	12.231916907872	76	1379.3083475298
GLOBAL	III	740001	750000	0.0013093759830416	4709	6.1658515041429	31	1016.1404109589
GLOBAL	III	750001	760000	0.0003917404411758	5126	2.0080615014672	9	1744.725
GLOBAL	III	760001	770000	0.0016669779087369	5276	8.7949754464961	45	670.57692307692
GLOBAL	III	770001	780000	0.0024348134506417	6835	16.641949935136	117	5381.8180354267
GLOBAL	III	780001	790000	0.0016205799671508	8520	13.807341320124	105	8089.4581993569
GLOBAL	III	790001	800000	0.0021811971699119	9297	20.278590088671	156	9199.3794212219
GLOBAL	III	800001	810000	0.0019558027798103	8844	17.297119784642	133	8767.7202572347
GLOBAL	III	810001	820000	0.0015080803091798	9136	13.777821704666	106	9076.0418006431
GLOBAL	III	820001	830000	0.0016042058100403	9394	15.069909379518	116	9334.8006430868
GLOBAL	III	830001	840000	0.0013625730163766	9156	12.475718537944	96	9076.922829582
GLOBAL	III	840001	850000	0.00084309241945692	8889	7.4942485165526	53	5079.4807073955
GLOBAL	III	850001	860000	0.0017943200498103	8786	15.764895957634	121	8593.7347266881
GLOBAL	III	860001	870000	0.0015596380414213	9250	14.426651883147	111	9209.2829581994
GLOBAL	III	870001	880000	0.0024845157351177	8494	21.10347665409	162	8374.424437299
GLOBAL	III	880001	890000	0.0019831873133554	7373	14.62204006137	112	6329.9131832797
GLOBAL	III	890001	900000	0.0024509601995216	8977	22.002269711105	168	8461.268488746
GLOBAL	III	900001	910000	0.0019065981094182	8824	16.823821717506	129	8751.3665594855
GLOBAL	III	910001	920000	0.0027277605860345	9341	25.480011634148	196	9262.538585209
GLOBAL	III	920001	930000	0.0031916787806072	8758	27.952722760558	215	8686.0852090032
GLOBAL	III	930001	940000	0.0038039051507253	8006	30.454064636707	234	7890.5112540193
GLOBAL	III	940001	950000	0.0014648512581393	9252	13.552803840305	104	9168.9292604502
GLOBAL	III	950001	960000	0.0019280649876638	8710	16.793446042551	129	8543.1977491961
GLOBAL	III	960001	970000	0.0022535356366845	9112	20.534216721469	158	9037.9903536978
GLOBAL	III	970001	980000	0.0025836489253609	6805	17.581730937081	131	5558.845659164
GLOBAL	III	980001	990000	0.0017442722362822	5687	9.9196762077366	72	4473.8344051447
GLOBAL	III	990001	1000000	0.0022340105313495	8932	19.954182066013	153	8784.4951768489
GLOBAL	III	1000001	1010000	0.0025392394544081	9216	23.401630811825	180	9118.770096463
GLOBAL	III	1010001	1020000	0.0016430408967552	9489	15.59081506931	120	9443.2057877814
GLOBAL	III	1020001	1030000	0.0023235191908145	8803	20.45393943674	157	8662.5900321543
GLOBAL	III	1030001	1040000	0.0076003104121307	7450	56.622312570373	434	7177.615755627
GLOBAL	III	1040001	1050000	0.0090528584932359	8338	75.482734116601	580	8195.3215434084
GLOBAL	III	1050001	1060000	0.0074946499034284	8185	61.343709459561	471	7979.0916398714
GLOBAL	III	1060001	1070000	0.0088931100389204	8404	74.737696767087	574	8221.424437299
GLOBAL	III	1070001	1080000	0.007443389278069	8243	61.355857819123	471	8056.7395498392
GLOBAL	III	1080001	1090000	0.0076293487829778	8860	67.596030217183	520	8784.038585209
GLOBAL	III	1090001	1100000	0.0068751568110463	8679	59.669485963071	458	8469.3167202572
GLOBAL	III	1100001	1110000	0.0088614521583586	8822	78.17573094104	600	8632.7524115756
GLOBAL	III	1110001	1120000	0.0078717441693389	8834	69.53898799194	532	8396.0594855305
GLOBAL	III	1120001	1130000	0.010717388624725	8604	92.212411727137	692	7305.8376205788
GLOBAL	III	1130001	1140000	0.0071754315115677	9437	67.714547174664	521	9367.6607717042
GLOBAL	III	1140001	1150000	0.0060963568277746	9124	55.623159696616	428	9038.1672025723
GLOBAL	III	1150001	1160000	0.0074155426758486	8171	60.592399204359	465	7946.9967845659
GLOBAL	III	1160001	1170000	0.0069989572321728	7646	53.514026997193	411	7447.1495176849
GLOBAL	III	1170001	1180000	0.0062602625158781	9057	56.699197606308	436	8930.1205787781
GLOBAL	III	1180001	1190000	0.0092543900580928	8760	81.068456908893	623	8605.3971061093
GLOBAL	III	1190001	1200000	0.0095786573166346	8173	78.286366248855	601	7928.3424437299
GLOBAL	III	1200001	1210000	0.012595921765002	7690	96.862638372863	734	7152.9774919614
GLOBAL	III	1210001	1220000	0.010354361931631	7481	77.460981610532	576	6484.7781350482
GLOBAL	III	1220001	1230000	0.012072154630334	7516	90.734314201587	684	6510.6221864952
GLOBAL	III	1230001	1240000	0.0074874437234842	7431	55.639194309211	424	5838.1045016077
GLOBAL	III	1240001	1250000	0.0061398238139015	7210	44.26812969823	339	6838.3183279743
GLOBAL	III	1250001	1260000	0.0074868854367518	8061	60.351783505656	463	7879.1366559486
GLOBAL	III	1260001	1270000	0.0075059688890402	7870	59.071975156747	453	7725.6736334405
GLOBAL	III	1270001	1280000	0.0105714735381	7786	82.309492967646	631	7565.1109324759
GLOBAL	III	1280001	1290000	0.0088433912729318	7441	65.803674461886	504	7245.1463022508
GLOBAL	III	1290001	1300000	0.0058188061502246	8493	49.419120633858	380	8363.077170418
GLOBAL	III	1300001	1310000	0.0071872354109455	8790	63.175799262211	486	8684.6318327974
GLOBAL	III	1310001	1320000	0.0044643987613432	9063	40.460845974053	311	8967.2765273312
GLOBAL	III	1320001	1330000	0.0024386014245803	9114	22.225413383625	171	9055.4115755627
GLOBAL	III	1330001	1340000	0.0029592472582257	9402	27.822842721838	214	9331.3183279743
GLOBAL	III	1340001	1350000	0.0028579997214721	8525	24.36444762555	187	8377.0610932476
GLOBAL	III	1350001	1360000	0.003508086572966	6778	23.777810791563	180	6107.4099678457
GLOBAL	III	1360001	1370000	0.0031346326822374	7018	21.998852163942	169	6908.1270096463
GLOBAL	III	1370001	1380000	0.0023316584783443	9197	21.444263025333	165	9121.0128617363
GLOBAL	III	1380001	1390000	0.0014683336251547	9429	13.844917751584	105	7651.8954983923
GLOBAL	III	1390001	1400000	0.0029261584865027	8842	25.873093337657	199	8763.2491961415
GLOBAL	III	1400001	1410000	0.004066213745365	8633	35.103623263736	269	8442.4421221865
GLOBAL	III	1410001	1420000	0.0067362276764026	7007	47.200747328553	360	6553.9855305466
GLOBAL	III	1420001	1430000	0.007578674491458	8144	61.720725058434	459	7237.1752411576
GLOBAL	III	1430001	1440000	0.0024681609977959	9006	22.228257946149	166	8299.3778135048
GLOBAL	III	1440001	1450000	0.0032516085664641	8489	27.602905120714	212	8332.9356913183
GLOBAL	III	1450001	1460000	0.0023270415786887	7867	18.306836099544	139	7331.6864951768
GLOBAL	III	1460001	1470000	0.0026720694348735	7606	20.323760121648	156	7442.9019292604
GLOBAL	III	1470001	1480000	0.0017040250351631	9535	16.24787871028	125	9447.2524115756
GLOBAL	III	1480001	1490000	0.0016785719235305	9597	16.109254750122	124	9548.1607717042
GLOBAL	III	1490001	1500000	0.0018285260833321	9454	17.286885591821	133	9274.691318328
GLOBAL	III	1500001	1510000	0.0024963175792218	8913	22.249678583604	171	8803.6881028939
GLOBAL	III	1510001	1520000	0.0033225165325075	9366	31.118689843465	239	9236.8135048232
GLOBAL	III	1520001	1530000	0.0036718180033464	8693	31.919113903091	245	8487.4485530547
GLOBAL	III	1530001	1540000	0.0027840824609048	8501	23.667485000152	182	8394.1350482315
GLOBAL	III	1540001	1550000	0.0027686922873008	9307	25.768219117909	198	9172.7266881029
GLOBAL	III	1550001	1560000	0.0027516870212055	8893	24.47075267958	188	8755.6430868167
GLOBAL	III	1560001	1570000	0.0020844107594343	9540	19.885278645003	153	9457.2942122187
GLOBAL	III	1570001	1580000	0.0021841161978182	9458	20.657370998964	159	9400.5048231511
GLOBAL	III	1580001	1590000	0.0018961986309437	9195	17.435546411527	134	9084.8360128617
GLOBAL	III	1590001	1600000	0.0018894561017151	9222	17.424564170016	134	9120.5321543408
GLOBAL	III	1600001	1610000	0.0018094178710814	9278	16.787779007894	129	9197.3408360129
GLOBAL	III	1610001	1620000	0.0027735467726305	8491	23.550185646406	181	8392.8585209003
GLOBAL	III	1620001	1630000	0.0031768028465229	8327	26.453237302996	201	7536.4571890145
GLOBAL	III	1630001	1640000	0.0040484912494602	8488	34.363593725418	261	7841.0771756979
GLOBAL	III	1640001	1650000	0.0032205363934865	7325	23.590429082289	178	5648.6430868167
GLOBAL	III	1650001	1660000	0.0083261358304279	8824	73.469822567696	563	8401.7958199357
GLOBAL	III	1660001	1670000	0.010051576446051	8368	84.111591700552	645	8096.7942122186
GLOBAL	III	1670001	1680000	0.0036402699165862	9020	32.835234647607	252	8820.1832797428
GLOBAL	III	1680001	1690000	0.0035969895048184	8446	30.380173357696	231	7900.075562701
GLOBAL	III	1690001	1700000	0.0054200646696563	8195	44.417429967833	338	7707.0980707396
GLOBAL	III	1700001	1710000	0.01185638856573	7040	83.468975502738	616	5097.6286173633
GLOBAL	III	1710001	1720000	0.014085928343686	6488	91.389503093837	676	4920.7974276527
GLOBAL	III	1720001	1730000	0.012216902358015	6311	77.100870781433	539	2599.3794212219
GLOBAL	III	1730001	1740000	0.017403849411919	6845	119.12934922458	883	5435.4807073955
GLOBAL	III	1740001	1750000	0.010373163972761	7288	75.59961903348	564	5629.9678456592
GLOBAL	III	1750001	1760000	0.011223861038754	8231	92.383600209982	709	8033.3215434084
GLOBAL	III	1760001	1770000	0.012914214755645	7448	96.185071500043	729	6694.9067524116
GLOBAL	III	1770001	1780000	0.012826570078305	7264	93.172205048807	668	4425.4967845659
GLOBAL	III	1780001	1790000	0.018885392615995	7025	132.66988312736	984	5263.075562701
GLOBAL	III	1790001	1800000	0.020297082244819	6515	132.235490825	997	5505.7588424437
GLOBAL	III	1800001	1810000	0.019615870490024	6386	125.26694894929	934	5382.9340836013
GLOBAL	III	1810001	1820000	0.013106796627037	6622	86.79320726424	651	5208.8810289389
GLOBAL	III	1820001	1830000	0.01433965978659	6906	99.029690486193	748	6162.5948553055
GLOBAL	III	1830001	1840000	0.018327238949352	6349	116.35964008944	867	5363.1864951768
GLOBAL	III	1840001	1850000	0.012497804532938	6506	81.310716291294	616	6084.1270096463
GLOBAL	III	1850001	1860000	0.013229346346632	6980	92.340837499494	700	6367.4051446945
GLOBAL	III	1860001	1870000	0.012153562309186	6804	82.6928379517	627	6316.4469453376
GLOBAL	III	1870001	1880000	0.010540835200232	7496	79.014100660941	603	7287.1752411576
GLOBAL	III	1880001	1890000	0.0096646661258627	7452	72.021091969929	544	6214.5675241158
GLOBAL	III	1890001	1900000	0.0068559749278115	7250	49.705818226633	370	5727.8392282958
GLOBAL	III	1900001	1910000	0.0093906386810899	7463	70.082336476974	530	6648.3553054662
GLOBAL	III	1910001	1920000	0.010487099502884	8381	87.892380933669	671	7906.5064308682
GLOBAL	III	1920001	1930000	0.011531422508181	7473	86.174320403634	655	6893.463022508
GLOBAL	III	1930001	1940000	0.0095723832700679	7864	75.277222035814	563	6342.0226537217
GLOBAL	III	1940001	1950000	0.011495895093895	6671	76.689116171372	583	6176.5128617363
GLOBAL	III	1950001	1960000	0.0042925374387936	8908	38.237923504773	293	8775.6897106109
GLOBAL	III	1960001	1970000	0.0024224484062742	9015	21.838372382562	168	8938.768488746
GLOBAL	III	1970001	1980000	0.0019286277429144	8635	16.653700560066	128	8532.6077170418
GLOBAL	III	1980001	1990000	0.0026989324998309	8972	24.214822388483	185	8573.0916398714
GLOBAL	III	1990001	2000000	0.0040984647370654	9141	37.464066161514	288	9018.424437299
GLOBAL	III	2000001	2010000	0.0069971323765965	8139	56.949660413119	438	8050.8906752412
GLOBAL	III	2010001	2020000	0.0063604969325096	8549	54.375888276024	418	8443.001607717
GLOBAL	III	2020001	2030000	0.0071128362228518	7858	55.892667039169	425	7297.9067524116
GLOBAL	III	2030001	2040000	0.0055406319891226	8895	49.283921543246	378	8618.5289389068
GLOBAL	III	2040001	2050000	0.0040016159464957	9350	37.415109099735	288	9293.770096463
GLOBAL	III	2050001	2060000	0.0021494045779294	9496	20.410745872018	157	9407.268488746
GLOBAL	III	2060001	2070000	0.0056434041904461	9176	51.783876851534	398	9016.2668810289
GLOBAL	III	2070001	2080000	0.0057521651759457	9104	52.367711761809	403	9034.231511254
GLOBAL	III	2080001	2090000	0.0067140549067077	8724	58.573415006118	450	8583.0932475884
GLOBAL	III	2090001	2100000	0.006340176615268	8576	54.373354652538	418	8433.7475884244
GLOBAL	III	2100001	2110000	0.0016418385474615	9033	14.830727599219	114	8968.5321543408
GLOBAL	III	2110001	2120000	0.0024597639233144	8880	21.842703639032	168	8803.3135048232
GLOBAL	III	2120001	2130000	0.0021926318167848	8952	19.628440023858	151	8877.5610932476
GLOBAL	III	2130001	2140000	0.0018804522954526	9007	16.937233825142	130	8906.1318327974
GLOBAL	III	2140001	2150000	0.0021543790593926	7568	16.304340721483	125	7461.2540192926
GLOBAL	III	2150001	2160000	0.0024946685333351	7620	19.009374224013	146	7433.8199356913
GLOBAL	III	2160001	2170000	0.0058398055310195	8101	47.308264606789	363	7894.7556270096
GLOBAL	III	2170001	2180000	0.00614866354364	8194	50.382149076586	387	7973.4276527331
GLOBAL	III	2180001	2190000	0.0073348041898514	8516	62.463192480774	480	8323.077170418
GLOBAL	III	2190001	2200000	0.011828985060539	8288	98.038628181748	752	8064.3954983923
GLOBAL	III	2200001	2210000	0.010113898850203	8282	83.763310277382	642	7979.3665594855
GLOBAL	III	2210001	2220000	0.013694152868794	7828	107.19782865692	811	6870.152733119
GLOBAL	III	2220001	2230000	0.0090646449036883	8032	72.807227866425	559	7842.3713826367
GLOBAL	III	2230001	2240000	0.0077741606836349	8076	62.784121681035	481	7807.5980707395
GLOBAL	III	2240001	2250000	0.012080052438841	8178	98.79066884484	757	7858.7154340836
GLOBAL	III	2250001	2260000	0.0088224614544583	8485	74.858585441078	575	8321.5707395498
GLOBAL	III	2260001	2270000	0.0081411006179942	7146	58.176305016186	447	6543.2813504823
GLOBAL	III	2270001	2280000	0.0071670337212426	8059	57.759124759494	441	7586.8183279743
GLOBAL	III	2280001	2290000	0.0094951340817404	8423	79.9775143705	612	7999.7620578778
GLOBAL	III	2290001	2300000	0.0027386113618526	9440	25.852491255889	199	9389.4405144695
GLOBAL	III	2300001	2310000	0.0062807440963607	8552	53.712923512076	411	8073.2524115756
GLOBAL	III	2310001	2320000	0.0023678728740069	9004	21.320327357558	164	8930.5852090032
GLOBAL	III	2320001	2330000	0.0071527855199636	7651	54.725962013242	420	7458.1237942122
GLOBAL	III	2330001	2340000	0.0057193954349824	8734	49.953199729137	384	8631.88585209
GLOBAL	III	2340001	2350000	0.0063576233378036	8753	55.648277075795	428	8632.3826366559
GLOBAL	III	2350001	2360000	0.0074689310038007	8897	66.451079140815	510	8737.3553054662
GLOBAL	III	2360001	2370000	0.0083138222769795	8760	72.829083146341	560	8626.7331189711
GLOBAL	III	2370001	2380000	0.0080266433869187	8158	65.481356750483	503	7994.5884244373
GLOBAL	III	2380001	2390000	0.0065422905895787	8081	52.868250254385	405	7641.4405144695
GLOBAL	III	2390001	2400000	0.0068708576603535	6874	47.23027555727	358	6123.2362459547
GLOBAL	III	2400001	2410000	0.0055057219716744	6095	33.557375417356	252	4482.0903225806
GLOBAL	III	2410001	2420000	0.0038505378656218	5591	21.528357206691	162	3260.0227272727
GLOBAL	III	2420001	2430000	0.0056713075943286	8100	45.937591514062	351	7772.0969305331
GLOBAL	III	2430001	2440000	0.0025333429379702	8740	22.141417277859	170	8550.8376205788
GLOBAL	III	2440001	2450000	0.0020693656086202	8191	16.950173700208	130	7411.2250803859
GLOBAL	III	2450001	2460000	0.0055121543700277	8848	48.771541866005	375	8715.1189710611
GLOBAL	III	2460001	2470000	0.0044128233312453	8785	38.76665296499	298	8657.0482315113
GLOBAL	III	2470001	2480000	0.0019625956391895	9270	18.193261575286	140	9206.9951768489
GLOBAL	III	2480001	2490000	0.0026435990066427	9228	24.395131633299	186	8908.0482315113
GLOBAL	III	2490001	2500000	0.0019033947763868	9285	17.673020498751	136	9221.6897106109
GLOBAL	III	2500001	2510000	0.0014245041675114	9490	13.518544549683	104	9432.6591639871
GLOBAL	III	2510001	2520000	0.0018843982288314	8970	16.903052112617	129	8827.1672025723
GLOBAL	III	2520001	2530000	0.0021419425244159	9169	19.639471006369	151	9018.8360128617
GLOBAL	III	2530001	2540000	0.0027436126856261	8816	24.187689436479	186	8730.1125401929
GLOBAL	III	2540001	2550000	0.002484782050086	8219	20.422423669657	157	7942.3183279743
GLOBAL	III	2550001	2560000	0.0033923838723505	6357	21.565384276532	164	5870.5321543408
GLOBAL	III	2560001	2570000	0.0031104287225152	8760	27.247355609233	209	8559.1479099678
GLOBAL	III	2570001	2580000	0.0025290924206138	9147	23.133608371354	178	9079.5803858521
GLOBAL	III	2580001	2590000	0.0027787089729397	8796	24.441524125977	188	8724.1511254019
GLOBAL	III	2590001	2600000	0.0026755526779033	9001	24.082649653807	185	8805.4581993569
GLOBAL	III	2600001	2610000	0.0025385064698708	9029	22.920174916463	176	8907.5707395498
GLOBAL	III	2610001	2620000	0.0026075678864248	9074	23.661071001418	182	8996.1848874598
GLOBAL	III	2620001	2630000	0.0029387029335635	8807	25.881156735894	199	8695.2025723473
GLOBAL	III	2630001	2640000	0.0021738877693165	8723	18.962823011748	144	8055.5578778135
GLOBAL	III	2640001	2650000	0.0037760645416126	9264	34.981461913499	267	8879.5032154341
GLOBAL	III	2650001	2660000	0.002001382091052	9240	18.492770521321	142	9040.2636655949
GLOBAL	III	2660001	2670000	0.0084754058186278	8470	71.786687283778	551	8308.7813504823
GLOBAL	III	2670001	2680000	0.0061220418102683	8467	51.835328007542	398	8247.1028938907
GLOBAL	III	2680001	2690000	0.0043222527096867	8792	38.001245823565	292	8664.1672025723
GLOBAL	III	2690001	2700000	0.002801259714518	9048	25.345797896959	195	8971.4276527331
GLOBAL	III	2700001	2710000	0.0028122413321815	8662	24.359634419356	187	8534.3263665595
GLOBAL	III	2710001	2720000	0.0030038516337499	8877	26.665190952798	205	8771.4131832797
GLOBAL	III	2720001	2730000	0.0019482363455603	8175	15.926832124956	122	6927.1736334405
GLOBAL	III	2730001	2740000	0.0015710798027031	9354	14.695880474485	113	9262.3006430868
GLOBAL	III	2740001	2750000	0.0016541812928312	9659	15.977737107456	123	9625.3263665595
GLOBAL	III	2750001	2760000	0.0020217029839971	9521	19.248634110637	148	9424.8488745981
GLOBAL	III	2760001	2770000	0.0022998478400051	8220	18.904749244842	145	7850.8569131833
GLOBAL	III	2770001	2780000	0.0024688516075853	9119	22.513457809571	173	9017.6189710611
GLOBAL	III	2780001	2790000	0.0019579111575556	9428	18.459186393434	142	9358.5128617363
GLOBAL	III	2790001	2800000	0.0028160612694515	8871	24.981279521304	192	8765.5964630225
GLOBAL	III	2800001	2810000	0.0020730256362587	9405	19.496806109013	150	9335.5321543408
GLOBAL	III	2810001	2820000	0.0022352791867707	8974	20.059395422081	154	8822.4887459807
GLOBAL	III	2820001	2830000	0.0022782800917888	9194	20.946507163906	161	9086.231511254
GLOBAL	III	2830001	2840000	0.0025352998474189	8775	22.247256161101	171	8669.4694533762
GLOBAL	III	2840001	2850000	0.002338806850674	9115	21.318224443893	164	9032.5192926045
GLOBAL	III	2850001	2860000	0.0020133626443615	9423	18.971916197818	146	9369.2877813505
GLOBAL	III	2860001	2870000	0.0023148615254263	9322	21.579139140024	166	9243.8906752412
GLOBAL	III	2870001	2880000	0.0019645227243771	9393	18.452761950074	142	9327.8778135048
GLOBAL	III	2880001	2890000	0.0021836059853215	8184	17.870631383871	135	7217.0996784566
GLOBAL	III	2890001	2900000	0.002123457730346	8287	17.597094211377	133	7263.9083601286
GLOBAL	III	2900001	2910000	0.0012762833144232	9244	11.797962958528	90	8892.8135048232
GLOBAL	III	2910001	2920000	0.0017181264810358	9310	15.995757538443	123	9201.8263665595
GLOBAL	III	2920001	2930000	0.0029119440213706	9205	26.804444716716	206	9093.3906752412
GLOBAL	III	2930001	2940000	0.0021002618463015	9351	19.639548524765	151	9254.1945337621
GLOBAL	III	2940001	2950000	0.0020538605291392	9065	18.618245696646	143	8910.2411575563
GLOBAL	III	2950001	2960000	0.0020948100632626	8907	18.65847323348	143	8567.5176848875
GLOBAL	III	2960001	2970000	0.0023351194122754	8553	19.972276333192	153	8174.7041800643
GLOBAL	III	2970001	2980000	0.0021781868603444	9377	20.424858189449	157	9250.0643086817
GLOBAL	III	2980001	2990000	0.0019347323212258	9088	17.5828473353	135	8942.3504823151
GLOBAL	III	2990001	3000000	0.0014232766397568	9498	13.51828152441	104	9405.1559485531
GLOBAL	III	3000001	3010000	0.0017531971217797	9561	16.762317681336	129	9500.3954983923
GLOBAL	III	3010001	3020000	0.0018440519188181	7351	13.555625655232	104	6356.4180064309
GLOBAL	III	3020001	3030000	0.0017700502474268	9473	16.767685993874	129	9411.7797427653
GLOBAL	III	3030001	3040000	0.0015407071867977	9529	14.681398782996	113	9482.3745980707
GLOBAL	III	3040001	3050000	0.0017170450306751	9232	15.851759723193	122	9183.8327974277
GLOBAL	III	3050001	3060000	0.0017205833433254	9395	16.164880510542	124	8713.2781350482
GLOBAL	III	3060001	3070000	0.0013062193247601	9124	11.917945119112	91	7836.4533762058
GLOBAL	III	3070001	3080000	0.0011692915560855	9554	11.171411526841	86	9508.5723472669
GLOBAL	III	3080001	3090000	0.0013805740796332	8850	12.218080604754	94	8753.2025723473
GLOBAL	III	3090001	3100000	0.001901084566342	9173	17.438648727055	134	9084.1221864952
GLOBAL	III	3100001	3110000	0.0014755466045855	9247	13.644379452602	105	9185.0980707396
GLOBAL	III	3110001	3120000	0.0019303768959105	9563	18.460194255592	142	9478.2363344051
GLOBAL	III	3120001	3130000	0.0018967595473349	9045	17.156190105645	132	8980.8488745981
GLOBAL	III	3130001	3140000	0.0023660071834662	9073	21.466783175589	165	8982.3022508039
GLOBAL	III	3140001	3150000	0.0029418804316013	9109	26.797588851456	206	9000.4469453376
GLOBAL	III	3150001	3160000	0.0014339269905556	9064	12.997114242396	100	9004.0948553055
GLOBAL	III	3160001	3170000	0.0017709635852998	9030	15.991801175257	123	8949.1768488746
GLOBAL	III	3170001	3180000	0.0028008788320819	8000	22.407030656655	172	7436.1109324759
GLOBAL	III	3180001	3190000	0.0018992134167462	9265	17.596212306154	135	8795.9196141479
GLOBAL	III	3190001	3200000	0.0014707307508187	9542	14.033712824312	108	9471.538585209
GLOBAL	III	3200001	3210000	0.0014063976314059	9236	12.989488523665	100	9171.9485530547
GLOBAL	III	3210001	3220000	0.0012355553666375	9569	11.823029303354	91	9520.4517684887
GLOBAL	III	3220001	3230000	0.001389316803242	8980	12.476064893114	96	8922.7652733119
GLOBAL	III	3230001	3240000	0.0017811454048663	9229	16.438190941511	126	9156.5466237942
GLOBAL	III	3240001	3250000	0.0012308516433926	8803	10.835187016785	83	8419.1591639871
GLOBAL	III	3250001	3260000	0.001616258004171	9430	15.241312979332	117	8858.8826366559
GLOBAL	III	3260001	3270000	0.0017946390227814	8978	16.112269146531	124	8929.8987138264
GLOBAL	III	3270001	3280000	0.0017792554059036	9348	16.632479534386	128	9299.2186495177
GLOBAL	III	3280001	3290000	0.0013049766317415	9555	12.46905171629	96	9523.2861736334
GLOBAL	III	3290001	3300000	0.00073051363898161	9600	7.0129309342235	54	9565.9758842444
GLOBAL	III	3300001	3310000	0.0011893602779429	9391	11.169282370162	86	9353.6720257235
GLOBAL	III	3310001	3320000	0.0011139102993981	9213	10.262455588355	79	9173.8054662379
GLOBAL	III	3320001	3330000	0.00097714444880591	9572	9.3532266639702	72	9535.3504823151
GLOBAL	III	3330001	3340000	0.0012399647786084	9429	11.691627897499	90	9369.0209003215
GLOBAL	III	3340001	3350000	0.0014121994038958	9117	12.875021965318	99	8971.4823151125
GLOBAL	III	3350001	3360000	0.0013189483746913	9260	12.213461949641	94	9216.0530546624
GLOBAL	III	3360001	3370000	0.0014622961204381	9509	13.904973809246	107	9456.8713826367
GLOBAL	III	3370001	3380000	0.0014570373694267	9274	13.512564564063	104	9215.0900321543
GLOBAL	III	3380001	3390000	0.0016118096591516	9362	15.089762028977	116	9204.1655948553
GLOBAL	III	3390001	3400000	0.0016465572485174	9158	15.079171281923	116	9091.577170418
GLOBAL	III	3400001	3410000	0.0016997870893848	9401	15.979698427307	123	9357.3987138264
GLOBAL	III	3410001	3420000	0.0011586682765807	9643	11.173038191068	86	9596.2813504823
GLOBAL	III	3420001	3430000	0.0012807351492366	9432	12.0798939276	93	9390.231511254
GLOBAL	III	3430001	3440000	0.0010890970565754	9425	10.264739758223	79	9377.0176848875
GLOBAL	III	3440001	3450000	0.002218155762854	9434	20.926081466765	161	9367.2861736334
GLOBAL	III	3450001	3460000	0.0025626940119413	9288	23.80230198291	183	9186.3633440514
GLOBAL	III	3460001	3470000	0.0015009231924346	9012	13.52631981022	104	8947.6479099678
GLOBAL	III	3470001	3480000	0.0013511775839373	8857	11.967379860932	92	8777.9694533762
GLOBAL	III	3480001	3490000	0.0011644220065934	9375	10.916456311813	84	9297.0273311897
GLOBAL	III	3490001	3500000	0.0014841105420991	8671	12.868722510541	99	8578.1446945338
GLOBAL	III	3500001	3510000	0.0027399162189196	8547	23.418063923105	179	8114.9115755627
GLOBAL	III	3510001	3520000	0.0030118952937886	8399	25.296908572531	194	8178.6173633441
GLOBAL	III	3520001	3530000	0.0028737354993347	8221	23.624979540031	181	7851.8051529791
GLOBAL	III	3530001	3540000	0.0013250735450622	8564	11.347929839913	87	8270.3188405797
GLOBAL	III	3540001	3550000	0.0013495019844142	4639	6.2603397056974	47	3979.5610932476
GLOBAL	III	3550001	3560000	0.0010847311528412	3321	3.6023921585857	14	987.10355987055
GLOBAL	III	3560001	3570000	0.0012536796257461	3163	3.965388656235	19	893.13365539452
GLOBAL	III	3570001	3580000	0.0018527814811387	1742	3.2275453401437	13	348.30615640599
GLOBAL	III	3580001	3590000	0.0017323833455547	3013	5.2196710201564	24	730.44927536232
GLOBAL	III	3590001	3600000	0.0013118381536853	2754	3.6128022752493	16	635.29260450161
GLOBAL	III	3600001	3610000	0.0024141555933941	3288	7.9377435910797	57	2029.1037277147
GLOBAL	III	3610001	3620000	0.0017480993061691	8468	14.80290492464	113	8075.2520193861
GLOBAL	III	3620001	3630000	0.0010310197968805	8718	8.988430589204	69	8572.4356913183
GLOBAL	III	3630001	3640000	0.0029569394648862	8767	25.923488288657	199	8597.9372990354
GLOBAL	III	3640001	3650000	0.0012510326918615	8962	11.211754984463	86	8867.9823151125
GLOBAL	III	3650001	3660000	0.0010690513963468	9482	10.13674534016	78	9410.0803858521
GLOBAL	III	3660001	3670000	0.0010974298103632	9116	10.004170151271	77	9057.4823151125
GLOBAL	III	3670001	3680000	0.0012850323885555	9508	12.218087950385	94	9452.3006430868
GLOBAL	III	3680001	3690000	0.0011514843609199	9479	10.91492025716	84	9428.8392282958
GLOBAL	III	3690001	3700000	0.0011181868814018	9527	10.652966419115	82	9486.6720257235
GLOBAL	III	3700001	3710000	0.0010623964795031	9658	10.260625199041	79	9628.0112540193
GLOBAL	III	3710001	3720000	0.0019238306800304	8986	17.287542490753	133	8946.4549839228
GLOBAL	III	3720001	3730000	0.0010938944055931	9618	10.521076392994	81	9583.1704180064
GLOBAL	III	3730001	3740000	0.0012536021070531	9017	11.303730199298	87	8961.038585209
GLOBAL	III	3740001	3750000	0.00086767737247235	8836	7.6667972631657	59	8786.808681672
GLOBAL	III	3750001	3760000	0.0012997099606896	9496	12.342045786708	95	9418.6237942122
GLOBAL	III	3760001	3770000	0.0013531929122484	9601	12.992005150496	100	9532.6045016077
GLOBAL	III	3770001	3780000	0.00079781804470911	9448	7.5377848864116	58	9407.4260450161
GLOBAL	III	3780001	3790000	0.0014764412368596	9433	13.927270187297	107	9179.6173633441
GLOBAL	III	3790001	3800000	0.0011251115860809	9356	10.526543999373	81	9315.4453376206
GLOBAL	III	3800001	3810000	0.00084165557035138	9262	7.7954138925945	60	9216.4967845659
GLOBAL	III	3810001	3820000	0.0012861078898912	9494	12.210308306627	94	9442.3231511254
GLOBAL	III	3820001	3830000	0.0010532538228096	9378	9.8774143503081	76	9322.4292604502
GLOBAL	III	3830001	3840000	0.0012745748601027	9079	11.571865154872	89	8992.0980707396
GLOBAL	III	3840001	3850000	0.00079702201468414	9618	7.665757737232	59	9568.2508038585
GLOBAL	III	3850001	3860000	0.0011343951816113	9846	11.169254958145	86	9816.2427652733
GLOBAL	III	3860001	3870000	0.0011861694046413	9637	11.431114552529	88	9595.4774919614
GLOBAL	III	3870001	3880000	0.0010774966748805	9523	10.261000834887	79	9484.8874598071
GLOBAL	III	3880001	3890000	0.0010603617333262	9309	9.8709073755332	76	9275.3279742765
GLOBAL	III	3890001	3900000	0.00099934537174962	9622	9.6157011669749	74	9564.4774919614
GLOBAL	III	3900001	3910000	0.00092170350310688	9444	8.7045678833413	67	9411.4003215434
GLOBAL	III	3910001	3920000	0.0015686739382244	9687	15.19574443958	117	9663.4147909968
GLOBAL	III	3920001	3930000	0.0012974793406856	9411	12.210578075192	94	9367.4469453376
GLOBAL	III	3930001	3940000	0.00075384873061443	9819	7.402040685903	57	9797.0852090032
GLOBAL	III	3940001	3950000	0.001011500686189	9249	9.3553698465621	72	9203.808681672
GLOBAL	III	3950001	3960000	0.0012580543235688	9499	11.95025801958	92	9469.4067524116
GLOBAL	III	3960001	3970000	0.0010162914087149	9348	9.5002920886665	73	9297.6189710611
GLOBAL	III	3970001	3980000	0.0016355252972178	9239	15.110618220995	116	9096.3054662379
GLOBAL	III	3980001	3990000	0.0011219072907065	9494	10.651387817967	82	9447.4324758842
GLOBAL	III	3990001	4000000	0.0011119703198593	9230	10.263486052302	79	9172.2090032154
GLOBAL	III	4000001	4010000	0.0010991348920918	9363	10.291199994656	79	9294.2170418006
GLOBAL	III	4010001	4020000	0.0011775064727105	9378	11.042655701079	85	9330.2073954984
GLOBAL	III	4020001	4030000	0.00084159129818888	9259	7.7922938299309	60	9235.7331189711
GLOBAL	III	4030001	4040000	0.00086265789839068	9636	8.3125715088926	64	9591.654340836
GLOBAL	III	4040001	4050000	0.00085562415887977	9259	7.9222240870678	61	9232.7556270096
GLOBAL	III	4050001	4060000	0.00077652832329397	9700	7.5323247359515	58	9671.0675241158
GLOBAL	III	4060001	4070000	0.00079939764897297	9585	7.6622264654059	59	9558.231511254
GLOBAL	III	4070001	4080000	0.0012775578403059	9495	12.130411693704	93	9457.3408360129
GLOBAL	III	4080001	4090000	0.00091851069244658	9473	8.7010517895464	67	9450.0064308682
GLOBAL	III	4090001	4100000	0.00091127035815152	9834	8.961432702062	69	9796.3022508039
GLOBAL	III	4100001	4110000	0.00094397129152713	9768	9.220711575637	71	9741.3569131833
GLOBAL	III	4110001	4120000	0.001344819454343	9662	12.993645567862	100	9626.1607717042
GLOBAL	III	4120001	4130000	0.0010657812990734	9505	10.130251247693	78	9442.924437299
GLOBAL	III	4130001	4140000	0.00096501908614185	9689	9.3500699256283	72	9664.9019292604
GLOBAL	III	4140001	4150000	0.00085894818997502	7984	6.8578423487606	52	7262.8874598071
GLOBAL	III	4150001	4160000	0.0012275698251139	9418	11.561252612923	89	9379.1093247588
GLOBAL	III	4160001	4170000	0.0007881633806849	9721	7.6617362236379	59	9692.3504823151
GLOBAL	III	4170001	4180000	0.00083475456513653	9803	8.1830990020334	63	9775.1270096463
GLOBAL	III	4180001	4190000	0.00090216786709526	9501	8.571496905272	66	9468.3215434084
GLOBAL	III	4190001	4200000	0.0009795696094546	9547	9.351951061463	72	9511.6382636656
GLOBAL	III	4200001	4210000	0.0013193577830502	9751	12.865057742522	99	9705.6672025723
GLOBAL	III	4210001	4220000	0.0015699716657949	8877	13.936638477261	107	8710.9260450161
GLOBAL	III	4220001	4230000	0.0015215427170612	9652	14.685930305075	113	9555.1414790997
GLOBAL	III	4230001	4240000	0.0010875409995312	9559	10.395804414519	80	9523.152733119
GLOBAL	III	4240001	4250000	0.00082847399730173	9719	8.0519387797756	62	9693.538585209
GLOBAL	III	4250001	4260000	0.0010695831019783	9837	10.521488974161	81	9806.2781350482
GLOBAL	III	4260001	4270000	0.00092550553694389	9544	8.8330248445925	68	9516.8279742765
GLOBAL	III	4270001	4280000	0.0011602000884557	9627	11.169246251563	86	9588.0546623794
GLOBAL	III	4280001	4290000	0.0012202852144056	9793	11.950253104674	92	9754.9565916399
GLOBAL	III	4290001	4300000	0.0010997987724945	9448	10.390898802528	80	9414.540192926
GLOBAL	III	4300001	4310000	0.0010277047133333	9733	10.002649974873	77	9699.1977491961
GLOBAL	III	4310001	4320000	0.00091163147188406	9830	8.9613373686204	69	9781.7475884244
GLOBAL	III	4320001	4330000	0.0011194028112053	9630	10.779849071907	83	9570.7620578778
GLOBAL	III	4330001	4340000	0.0010659812458339	9625	10.260069491151	79	9597.2861736334
GLOBAL	III	4340001	4350000	0.0014652939483269	9582	14.040446612868	108	9269.729903537
GLOBAL	III	4350001	4360000	0.00093113283202997	9215	8.5803890471562	66	8621.1720257235
GLOBAL	III	4360001	4370000	0.00096620361659748	5902	5.7025337451584	43	4681.6382636656
GLOBAL	III	4370001	4380000	0.00024585035090184	1736	0.42679620916559	3	589.89833641405
GLOBAL	III	4380001	4390000	0.00041221743101178	1971	0.81248055652423	6	1070.9935587762
GLOBAL	III	4390001	4400000	0.0012856058088134	5821	7.4835114131028	52	5134.8649517685
GLOBAL	III	4400001	4410000	0.0010285798316702	9731	10.009110341983	77	9679.2347266881
GLOBAL	III	4410001	4420000	0.001246822910804	9378	11.69270525752	90	9347.0948553055
GLOBAL	III	4420001	4430000	0.0008092945477339	9638	7.7999808510593	60	9594.2250803859
GLOBAL	III	4430001	4440000	0.00086906777733734	9864	8.5724845556556	66	9843.4083601286
GLOBAL	III	4440001	4450000	0.00073778620246785	9682	7.1432460122937	55	9658.2926045016
GLOBAL	III	4450001	4460000	0.0010859087840404	9688	10.520284299783	81	9663.6495176849
GLOBAL	III	4460001	4470000	0.0010024743502573	9459	9.4824048790837	73	9428.0096463022
GLOBAL	III	4470001	4480000	0.0014714808939966	9800	14.420512761167	111	9536.308681672
GLOBAL	III	4480001	4490000	0.0012345039165012	9504	11.732725222428	90	9284.1559485531
GLOBAL	III	4490001	4500000	0.00071869811620755	9403	6.7579183866996	52	9339.8681672026
GLOBAL	III	4500001	4510000	0.00092283602734976	9569	8.8306179457098	68	9547.1591639871
GLOBAL	III	4510001	4520000	0.00090511001661481	9758	8.8320635421273	68	9725.6028938907
GLOBAL	III	4520001	4530000	0.0033743333544627	9430	31.819963532583	245	9400.4067524116
GLOBAL	III	4530001	4540000	0.0037813421621786	9685	36.622298840699	282	9659.1270096463
GLOBAL	III	4540001	4550000	0.0024166529651461	9679	23.390784049649	180	9642.2106109325
GLOBAL	III	4550001	4560000	0.0022874297760675	9538	21.817505204132	168	9511.4549839228
GLOBAL	III	4560001	4570000	0.0012540328030465	9423	11.816751103107	91	9408.921221865
GLOBAL	III	4570001	4580000	0.0012977718260714	9611	12.472885020372	96	9556.9405144695
GLOBAL	III	4580001	4590000	0.0033848600359032	9557	32.349107363127	249	9512.1639871383
GLOBAL	III	4590001	4600000	0.0047371741435398	9325	44.174148888509	340	9177.5160771704
GLOBAL	III	4600001	4610000	0.0027861459098046	9602	26.752573025944	206	9573.8745980707
GLOBAL	III	4610001	4620000	0.0020337626955905	9392	19.101099236986	147	9360.6816720257
GLOBAL	III	4620001	4630000	0.0020290735636958	8260	16.760147636127	129	8118.3263665595
GLOBAL	III	4630001	4640000	0.0027450676566321	7894	21.669564081454	166	7488.8906752412
GLOBAL	III	4640001	4650000	0.0025323840913708	9693	24.546398997658	189	9669.6752411576
GLOBAL	III	4650001	4660000	0.0043609228808194	9233	40.264400958606	310	9199.0852090032
GLOBAL	III	4660001	4670000	0.0034413311443091	9512	32.733941844668	252	9480.0916398714
GLOBAL	III	4670001	4680000	0.0033038372082992	9043	29.87659987465	230	9006.4565916399
GLOBAL	III	4680001	4690000	0.0031472409970645	9534	30.005795666013	231	9491.1672025723
GLOBAL	III	4690001	4700000	0.00317098209185	9543	30.260682102525	233	9513.6784565916
GLOBAL	III	4700001	4710000	0.0032230106575914	9636	31.056930696551	239	9494.0080385852
GLOBAL	III	4710001	4720000	0.0029328523424187	8472	24.847125044972	191	7754.0884244373
GLOBAL	III	4720001	4730000	0.0033197927554148	9508	31.564589518484	243	9468.4694533762
GLOBAL	III	4730001	4740000	0.0048181259696827	9140	44.0376713629	339	9097.2636655949
GLOBAL	III	4740001	4750000	0.003090523922413	9669	29.882275805811	230	9632.61414791
GLOBAL	III	4750001	4760000	0.005402839904739	9378	50.667832626642	390	9326.2652733119
GLOBAL	III	4760001	4770000	0.0041267139703607	9599	39.612327401492	305	9565.6077170418
GLOBAL	III	4770001	4780000	0.0052232848427727	9129	47.683367329672	367	9003.0803858521
GLOBAL	III	4780001	4790000	0.0041882381468724	9367	39.231226721754	302	9324.0562700965
GLOBAL	III	4790001	4800000	0.0025842588559435	9347	24.155067526504	185	9225.3874598071
GLOBAL	III	4800001	4810000	0.0012154183152445	9517	11.567136106182	89	9469.3424437299
GLOBAL	III	4810001	4820000	0.00099703523869852	9645	9.6164048772472	74	9586.6495176849
GLOBAL	III	4820001	4830000	0.0010141425223619	9735	9.8726774551929	76	9700.6350482315
GLOBAL	III	4830001	4840000	0.00088447579697863	9111	8.0584589862723	62	8907.6961414791
GLOBAL	III	4840001	4850000	0.00083661954155078	9006	7.5345955912063	58	8427.8279742765
GLOBAL	III	4850001	4860000	0.00079358448439675	9330	7.4041432394217	57	9292.7652733119
GLOBAL	III	4860001	4870000	0.00098454242852114	9368	9.223193470386	71	9323.9565916399
GLOBAL	III	4870001	4880000	0.00099305872591463	9031	8.968313353735	69	8671.9453376206
GLOBAL	III	4880001	4890000	0.00074847694179626	9720	7.2751958742597	56	9682.8713826367
GLOBAL	III	4890001	4900000	0.00082145079385549	9341	7.6731718654041	59	9004.807073955
GLOBAL	III	4900001	4910000	0.0010528368353916	9169	9.6534609437055	74	8780.9019292604
GLOBAL	III	4910001	4920000	0.001478478252196	8739	12.920421445941	99	8551.0594855305
GLOBAL	III	4920001	4930000	0.0011051681242799	9292	10.269222210809	79	9209.7491961415
GLOBAL	III	4930001	4940000	0.0011832265841333	9441	11.170842180802	86	9399.4115755627
GLOBAL	III	4940001	4950000	0.00092095940666763	8259	7.6062037396679	57	6885.2604501608
GLOBAL	III	4950001	4960000	0.00082425200617132	9771	8.0537663523	62	9727.2524115756
GLOBAL	III	4960001	4970000	0.0009040126428747	9626	8.7020257003119	67	9594.3118971061
GLOBAL	III	4970001	4980000	0.00091894773427915	9470	8.7024350436236	67	9437.3890675241
GLOBAL	III	4980001	4990000	0.0015633783770489	6593	10.307353639883	79	6027.6093247588
GLOBAL	III	4990001	5000000	0.0012761173874283	9468	12.082279424171	93	9410.4196141479
GLOBAL	III	5000001	5010000	0.0011029656856932	9546	10.528910435628	81	9479.7106109325
GLOBAL	III	5010001	5020000	0.0010035806327693	9577	9.6112917200312	74	9544.5144694534
GLOBAL	III	5020001	5030000	0.0012391846223069	9641	11.94697894366	92	9581.692926045
GLOBAL	III	5030001	5040000	0.0010399693785743	9867	10.261377858393	79	9833.9951768489
GLOBAL	III	5040001	5050000	0.0011546145660105	9449	10.909953034233	84	9400.4180064309
GLOBAL	III	5050001	5060000	0.0012298605563144	9400	11.560689229355	89	9357.6254019293
GLOBAL	III	5060001	5070000	0.0010517191741053	9757	10.261623981746	79	9723.2427652733
GLOBAL	III	5070001	5080000	0.0011104800288154	9123	10.130909302883	78	8811.4051446945
GLOBAL	III	5080001	5090000	0.00097028534680774	9637	9.3506398871862	72	9608.1736334405
GLOBAL	III	5090001	5100000	0.0010863416588053	8985	9.7607798043658	75	8618.1270096463
GLOBAL	III	5100001	5110000	0.00093729712824804	9429	8.8377746222508	68	9312.2331189711
GLOBAL	III	5110001	5120000	0.00098919397157696	9455	9.3528290012601	72	9400.078778135
GLOBAL	III	5120001	5130000	0.0012445493673834	8770	10.914697951952	84	8701.1752411576
GLOBAL	III	5130001	5140000	0.0013976814796162	8929	12.479897931493	95	8290.9903536977
GLOBAL	III	5140001	5150000	0.0011758077369589	9610	11.299512352175	87	9577.4389067524
GLOBAL	III	5150001	5160000	0.0011832889789414	9659	11.429388247595	88	9624.8488745981
GLOBAL	III	5160001	5170000	0.0010111213619872	9636	9.743165444109	75	9600.424437299
GLOBAL	III	5170001	5180000	0.00088968006929184	9635	8.5720674676269	66	9604.808681672
GLOBAL	III	5180001	5190000	0.0011294519285111	9431	10.651861137788	82	9398.2749196141
GLOBAL	III	5190001	5200000	0.00089015955718239	9631	8.5731266952236	66	9595.6254019293
GLOBAL	III	5200001	5210000	0.00089135196118473	9618	8.5730231626747	66	9577.3279742765
GLOBAL	III	5210001	5220000	0.0011944392713552	7061	8.4339356950391	64	6496.7604501608
GLOBAL	III	5220001	5230000	0.0012393183886302	9657	11.968097679002	92	9492.5498392283
GLOBAL	III	5230001	5240000	0.0011980555943998	9439	11.30844675554	87	9081.7073954984
GLOBAL	III	5240001	5250000	0.0011544241108655	9002	10.392125846012	80	8689.5112540193
GLOBAL	III	5250001	5260000	0.0012471772696718	9581	11.949205420725	92	9545.4115755627
GLOBAL	III	5260001	5270000	0.001110947532357	9588	10.651764940239	82	9535.2138263666
GLOBAL	III	5270001	5280000	0.00096616656898156	9680	9.3524923877415	72	9644.4919614148
GLOBAL	III	5280001	5290000	0.0010726087169711	9688	10.391433250016	80	9649.9694533762
GLOBAL	III	5290001	5300000	0.0012676098335966	9217	11.68355983626	89	8745.1832797428
GLOBAL	III	5300001	5310000	0.0010013155368271	9479	9.4914699735842	73	9379.5192926045
GLOBAL	III	5310001	5320000	0.00053012218815316	3963	2.100874231651	16	2691.9774919614
GLOBAL	III	5320001	5330000	0.0006624855667442	4173	2.7645522700235	16	1706.6607717042
GLOBAL	III	5330001	5340000	0.00045413007629859	6309	2.8651066513678	20	4593.0273311897
GLOBAL	III	5340001	5350000	0.0011498472414832	7683	8.8342763563152	67	6177.8890675241
GLOBAL	III	5350001	5360000	0.0010198500133936	9313	9.4978631747342	73	9196.6688102894
GLOBAL	III	5360001	5370000	0.0013683488373771	9215	12.60933453643	97	9138.1189710611
GLOBAL	III	5370001	5380000	0.00094112476474886	9387	8.8343381666976	68	9343.0305466238
GLOBAL	III	5380001	5390000	0.0011258386108883	9002	10.134799175217	78	8699.308681672
GLOBAL	III	5390001	5400000	0.0011428160227788	9437	10.784754806963	83	9384.077170418
GLOBAL	III	5400001	5410000	0.0010733490005995	9323	10.006832732589	77	9280.345659164
GLOBAL	III	5410001	5420000	0.0010411177929285	9609	10.00410087225	77	9549.9067524116
GLOBAL	III	5420001	5430000	0.0048275505513289	9258	44.693463004203	344	9215.1237942122
GLOBAL	III	5430001	5440000	0.0035311951314158	9416	33.249733357411	256	9379.7540192926
GLOBAL	III	5440001	5450000	0.0034822347580561	9661	33.64186999758	259	9637.1479099678
GLOBAL	III	5450001	5460000	0.0041493513971667	9672	40.132526713397	309	9638.3762057878
GLOBAL	III	5460001	5470000	0.0010865969660255	9683	10.521518422025	81	9651.3729903537
GLOBAL	III	5470001	5480000	0.0013487824134946	9821	13.246392082931	102	9793.4823151125
GLOBAL	III	5480001	5490000	0.0010128542732406	9746	9.8712777470032	76	9714.7556270096
GLOBAL	III	5490001	5500000	0.000673536433657	9641	6.4935647568872	50	9613.0112540193
GLOBAL	III	5500001	5510000	0.0010089203370711	9140	9.2215318808295	71	8883.0594855305
GLOBAL	III	5510001	5520000	0.0010884638344045	9566	10.412245039914	80	9257.8553054662
GLOBAL	III	5520001	5530000	0.0012944911565849	9435	12.213524062379	94	9397.5289389068
GLOBAL	III	5530001	5540000	0.00085720936550379	9847	8.4409406221158	65	9821.5498392283
GLOBAL	III	5540001	5550000	0.00082056857707359	9656	7.9234101802226	61	9614.4517684887
GLOBAL	III	5550001	5560000	0.00093283728535986	9466	8.8302377432164	68	9432.191318328
GLOBAL	III	5560001	5570000	0.00097962521955568	9684	9.4866906261772	73	9655.3295819936
GLOBAL	III	5570001	5580000	0.00067956177708339	9753	6.6277660118943	51	9709.0096463022
GLOBAL	III	5580001	5590000	0.00087153968132723	9540	8.3144885598618	64	9499.2749196141
GLOBAL	III	5590001	5600000	0.0010373848158284	9764	10.129025341748	78	9737.9646302251
GLOBAL	III	5600001	5610000	0.0006722185481868	9661	6.4943033940327	50	9625.2218649518
GLOBAL	III	5610001	5620000	0.00083858693938273	9608	8.0571433135893	62	9550.0836012862
GLOBAL	III	5620001	5630000	0.0013280244178487	9388	12.467493234764	96	9365.0707395498
GLOBAL	III	5630001	5640000	0.0010595677514865	9316	9.8709331728479	76	9263.1254019293
GLOBAL	III	5640001	5650000	0.0010159418875879	9596	9.7489783532935	75	9538.1398713826
GLOBAL	III	5650001	5660000	0.0010123875726098	9622	9.741193223652	75	9582.8054662379
GLOBAL	III	5660001	5670000	0.00087593008419086	9491	8.3134524290555	64	9420.8263665595
GLOBAL	III	5670001	5680000	0.0012151300460185	9412	11.436803993126	88	9360.0819935691
GLOBAL	III	5680001	5690000	0.00089404789914794	9443	8.442494311654	65	9401.0192926045
GLOBAL	III	5690001	5700000	0.0008821028089588	9425	8.3138189744367	64	9387.8408360129
GLOBAL	III	5700001	5710000	0.0011063553447367	9628	10.651989259125	82	9584.652733119
GLOBAL	III	5710001	5720000	0.0011160212480868	9214	10.283019779871	79	9132.2411575563
GLOBAL	III	5720001	5730000	0.00087821114713214	9029	7.9293684474561	61	8952.8762057878
GLOBAL	III	5730001	5740000	0.00080726812181873	9652	7.7917519117944	60	9628.0643086817
GLOBAL	III	5740001	5750000	0.0012072678523625	9790	11.819152274629	91	9755.9083601286
GLOBAL	III	5750001	5760000	0.00096288029185906	9711	9.3505305142433	72	9686.2861736334
GLOBAL	III	5760001	5770000	0.00091073838798304	9413	8.5727804460843	66	9378.9565916399
GLOBAL	III	5770001	5780000	0.0010886259636127	9545	10.390934822683	80	9495.7057877813
GLOBAL	III	5780001	5790000	0.00080545636768751	9352	7.5326279506136	58	9325.5980707396
GLOBAL	III	5790001	5800000	0.0010452859887217	9691	10.129866516702	78	9660.4324758842
GLOBAL	III	5800001	5810000	0.00093338155859571	9741	9.0920697622808	70	9703.9099678457
GLOBAL	III	5810001	5820000	0.00083783809131596	9301	7.7927320873298	60	9269.6221864952
GLOBAL	III	5820001	5830000	0.0012347750314777	9476	11.700728198283	90	9405.3922829582
GLOBAL	III	5830001	5840000	0.00094574519561505	9343	8.8360973626314	68	9271.0675241158
GLOBAL	III	5840001	5850000	0.0011941492344861	9572	11.430396472501	88	9543.2491961415
GLOBAL	III	5850001	5860000	0.0012355811801975	9670	11.94807001251	92	9647.768488746
GLOBAL	III	5860001	5870000	0.0011434223593059	9314	10.649835854575	82	9285.1254019293
GLOBAL	III	5870001	5880000	0.0010772097369588	9644	10.388610703231	80	9624.8424437299
GLOBAL	III	5880001	5890000	0.00099302169137807	9286	9.2211994261368	71	9255.4308681672
GLOBAL	III	5890001	5900000	0.0011825860217548	9607	11.361103910998	87	9141.807073955
GLOBAL	III	5900001	5910000	0.0008888597823213	9498	8.4423902124877	65	9473.6511254019
GLOBAL	III	5910001	5920000	0.00079607092424933	9788	7.7919422065525	60	9763.1977491961
GLOBAL	III	5920001	5930000	0.00091133793580778	9690	8.8308645979774	68	9668.9855305466
GLOBAL	III	5930001	5940000	0.00080405711805402	9368	7.53240708193	58	9344.4485530547
GLOBAL	III	5940001	5950000	0.00091439339738525	9376	8.5733524938841	66	9337.8311897106
GLOBAL	III	5950001	5960000	0.000807496948452	9490	7.6631460408095	59	9455.9276527331
GLOBAL	III	5960001	5970000	0.00084963001753301	9172	7.7928065208127	60	9134.347266881
GLOBAL	III	5970001	5980000	0.0010170519332899	9470	9.6314818082553	74	9422.3649517685
GLOBAL	III	5980001	5990000	0.0010548322878819	9481	10.000864921408	77	9453.2170418006
GLOBAL	III	5990001	6000000	0.00074564907884822	9578	7.1418268772082	55	9560.3038585209
GLOBAL	III	6000001	6010000	0.00084945424004217	9784	8.3110602845726	64	9755.3038585209
GLOBAL	III	6010001	6020000	0.00065671840916732	8928	5.8631819570459	45	8385.7475884244
GLOBAL	III	6020001	6030000	0.00093331356516813	9464	8.8328795807512	68	9435.0176848875
GLOBAL	III	6030001	6040000	0.0010024668693406	9199	9.2216927310646	71	9175.578778135
GLOBAL	III	6040001	6050000	0.00082017873205978	9530	7.8163033165297	60	9458.4710610932
GLOBAL	III	6050001	6060000	0.001038259261133	9382	9.7409483879495	75	9354.1221864952
GLOBAL	III	6060001	6070000	0.0010654223318636	9752	10.389998580333	80	9729.3536977492
GLOBAL	III	6070001	6080000	0.0011094062837407	9600	10.65030032391	82	9570.692926045
GLOBAL	III	6080001	6090000	0.00092959115519344	9640	8.9612587360647	69	9620.4260450161
GLOBAL	III	6090001	6100000	0.000938660820685	9547	8.9613948550797	69	9510.8520900322
GLOBAL	III	6100001	6110000	0.00097250427417467	9749	9.4809441689289	73	9697.3440514469
GLOBAL	III	6110001	6120000	0.0012128796796384	9851	11.948077724118	92	9823.0643086817
GLOBAL	III	6120001	6130000	0.0010021262491745	9468	9.4881313271838	73	9417.9356913183
GLOBAL	III	6130001	6140000	0.0011842073611937	9541	11.298522433149	87	9502.9131832797
GLOBAL	III	6140001	6150000	0.0010657004294279	9628	10.260563734532	79	9601.9260450161
GLOBAL	III	6150001	6160000	0.0007826435163704	9796	7.6667758863644	59	9758.6720257235
GLOBAL	III	6160001	6170000	0.00075225007201505	9667	7.2720014461695	56	9647.6189710611
GLOBAL	III	6170001	6180000	0.0008794494615455	9746	8.5711144522224	66	9727.7411575563
GLOBAL	III	6180001	6190000	0.00059832278684001	9550	5.7139826143221	44	9531.0176848875
GLOBAL	III	6190001	6200000	0.00092327034395349	9430	8.7064393434815	67	9384.6961414791
GLOBAL	III	6200001	6210000	0.0011384005787596	9584	10.910431146832	84	9327.5241157556
GLOBAL	III	6210001	6220000	0.00069530662723342	9340	6.4941638983602	50	9314.2057877814
GLOBAL	III	6220001	6230000	0.00098236588244643	9519	9.3511408350076	72	9489.5980707396
GLOBAL	III	6230001	6240000	0.0008912781192126	9326	8.3120597397767	64	9284.2106109325
GLOBAL	III	6240001	6250000	0.0012208283185158	9391	11.464798739182	88	8933.8681672026
GLOBAL	III	6250001	6260000	0.001160605581011	9851	11.433125578539	88	9818.3810289389
GLOBAL	III	6260001	6270000	0.00097772849610281	9696	9.4800554982129	73	9669.5128617363
GLOBAL	III	6270001	6280000	0.00097983984191995	9542	9.3496317716002	72	9514.0176848875
GLOBAL	III	6280001	6290000	0.00097000893074669	9509	9.2238149224703	71	9449.9694533762
GLOBAL	III	6290001	6300000	0.0010185845083128	9567	9.7447979910282	75	9510.0530546624
GLOBAL	III	6300001	6310000	0.00095293268395176	9540	9.0909778048998	70	9521.229903537
GLOBAL	III	6310001	6320000	0.00084722992000862	9507	8.054614849522	62	9446.8151125402
GLOBAL	III	6320001	6330000	0.00091413256220598	9381	8.5754775660543	66	9348.691318328
GLOBAL	III	6330001	6340000	0.0013278385192242	9586	12.728660045283	98	9552.1704180064
GLOBAL	III	6340001	6350000	0.00068827576303879	9623	6.6232776677222	51	9585.1639871383
GLOBAL	III	6350001	6360000	0.00093956655371026	9538	8.9615857892884	69	9518.0450160772
GLOBAL	III	6360001	6370000	0.0011052109619004	9754	10.780227722377	83	9730.4485530547
GLOBAL	III	6370001	6380000	0.0010398530551955	9243	9.6113617891719	74	9221.5337620579
GLOBAL	III	6380001	6390000	0.00093620322455516	9436	8.8340136269025	68	9386.268488746
GLOBAL	III	6390001	6400000	0.0010256666098446	9624	9.8710154531444	76	9590.3183279743
GLOBAL	III	6400001	6410000	0.001179251867335	9473	11.171052939264	86	9445.3826366559
GLOBAL	III	6410001	6420000	0.00097804847531178	9694	9.4812019196724	73	9666.5192926045
GLOBAL	III	6420001	6430000	0.00081295870893325	9594	7.7995258535056	60	9536.924437299
GLOBAL	III	6430001	6440000	0.0008077498648271	9648	7.7931706958519	60	9618.6655948553
GLOBAL	III	6440001	6450000	0.0009920791530481	9563	9.487252940599	73	9508.3279742765
GLOBAL	III	6450001	6460000	0.00085529510446774	9568	8.1834635595474	63	9539.9019292605
GLOBAL	III	6460001	6470000	0.0013916244916185	9333	12.988031380276	100	9293.9501607717
GLOBAL	III	6470001	6480000	0.0010663418357545	9501	10.131313781504	78	9467.5192926045
GLOBAL	III	6480001	6490000	0.0008059327284016	9188	7.4049099085539	57	9126.9565916399
GLOBAL	III	6490001	6500000	0.0010660215747845	9626	10.261523678875	79	9579.2475884244
GLOBAL	III	6500001	6510000	0.0015375977882266	7159	11.007662565914	82	5392.2717041801
GLOBAL	III	6510001	6520000	0.0013233013096955	5592	7.3999009238174	56	4123.8852988691
GLOBAL	III	6520001	6530000	0.0013762865647351	9246	12.725145577541	97	8536.4501607717
GLOBAL	III	6530001	6540000	0.00092227973728854	9013	8.3125072721816	64	8970.0562700965
GLOBAL	III	6540001	6550000	0.00083678310305799	9479	7.9318670338867	61	9397.3408360129
GLOBAL	III	6550001	6560000	0.0010593768387926	9563	10.130820709374	78	9523.4871382637
GLOBAL	III	6560001	6570000	0.0010699633922468	9470	10.132553324577	78	9435.8778135048
GLOBAL	III	6570001	6580000	0.00090929575073974	9427	8.5719310422235	66	9397.461414791
GLOBAL	III	6580001	6590000	0.0010173273947382	9069	9.226142142881	71	9005.270096463
GLOBAL	III	6590001	6600000	0.0011829574926359	9663	11.430918251341	88	9617.0321543408
GLOBAL	III	6600001	6610000	0.0010745910451683	9552	10.264493663448	79	9499.7588424437
GLOBAL	III	6610001	6620000	0.0010493922404284	9531	10.001757443523	77	9499.191318328
GLOBAL	III	6620001	6630000	0.00093433609400791	9593	8.9630861498178	69	9556.538585209
GLOBAL	III	6630001	6640000	0.0010143135446849	9604	9.7414672831536	75	9567.1591639871
GLOBAL	III	6640001	6650000	0.00099547945140911	9658	9.6143405417092	74	9615.1302250804
GLOBAL	III	6650001	6660000	0.00078174832944566	9636	7.5329269025384	58	9598.115755627
GLOBAL	III	6660001	6670000	0.00091226606108254	9822	8.9602772519527	69	9802.3906752412
GLOBAL	III	6670001	6680000	0.0010354462777274	9535	9.8729802581306	76	9505.2106109325
GLOBAL	III	6680001	6690000	0.0012917149235962	9755	12.600679079681	97	9711.577170418
GLOBAL	III	6690001	6700000	0.00096901124788428	9785	9.4817750605477	73	9756.9131832797
GLOBAL	III	6700001	6710000	0.0013377017058794	9516	12.729569433149	98	9474.9147909968
GLOBAL	III	6710001	6720000	0.0012075053642264	9575	11.561863862468	89	9528.768488746
GLOBAL	III	6720001	6730000	0.0010916256028587	9525	10.397733867229	80	9422.2331189711
GLOBAL	III	6730001	6740000	0.00090939510508784	9569	8.7020017605856	67	9528.0144694534
GLOBAL	III	6740001	6750000	0.0010093763808925	9530	9.6193569099052	74	9477.7250803859
GLOBAL	III	6750001	6760000	0.00082472832068486	9451	7.7945073587926	60	9410.6768488746
GLOBAL	III	6760001	6770000	0.00090486312272186	9761	8.8323689408881	68	9720.1398713826
GLOBAL	III	6770001	6780000	0.00088561331292126	9679	8.5718512557649	66	9641.424437299
GLOBAL	III	6780001	6790000	0.0008010759072894	9728	7.7928664261113	60	9703.270096463
GLOBAL	III	6790001	6800000	0.0010056289383328	9687	9.7415275256298	75	9650.6189710611
GLOBAL	III	6800001	6810000	0.00087665819285047	9630	8.44221839715	65	9603.7588424437
GLOBAL	III	6810001	6820000	0.0011900527362239	9717	11.563742437887	89	9673.7347266881
GLOBAL	III	6820001	6830000	0.0012207091142807	9685	11.822567771809	91	9570.2861736334
GLOBAL	III	6830001	6840000	0.0010360588705236	9531	9.8746770949607	76	9478.538585209
GLOBAL	III	6840001	6850000	0.00095116877868535	9287	8.8335044476509	68	9249.3311897106
GLOBAL	III	6850001	6860000	0.0008441572688794	9385	7.9224159684332	61	9350.0209003215
GLOBAL	III	6860001	6870000	0.00097127540247761	9630	9.3533821258594	72	9587.9292604502
GLOBAL	III	6870001	6880000	0.0010697159193277	9472	10.132349187872	78	9425.5257234727
GLOBAL	III	6880001	6890000	0.00092552987448413	9122	8.4426835150442	65	9083.2990353698
GLOBAL	III	6890001	6900000	0.00095645152882121	9509	9.0948975875609	70	9434.8762057878
GLOBAL	III	6900001	6910000	0.0010164299451912	9346	9.4995542677571	73	9213.88585209
GLOBAL	III	6910001	6920000	0.0013607062102558	5142	6.9967513331352	52	4286.7990353698
GLOBAL	III	6920001	6930000	0.00064468659979017	2271	1.4640832681235	8	340.74245115453
GLOBAL	III	6930001	6940000	0.0011490395917832	3792	4.3571581320419	29	1537.8221859706
GLOBAL	III	6940001	6950000	0.0012743746516072	8800	11.214496934144	86	8501.2041800643
GLOBAL	III	6950001	6960000	0.0013427528438282	9121	12.247248688557	94	8935.347266881
GLOBAL	III	6960001	6970000	0.0010962229450869	9136	10.015092826314	77	8912.3633440514
GLOBAL	III	6970001	6980000	0.00111103406491	9478	10.530380867217	81	9363.5273311897
GLOBAL	III	6980001	6990000	0.00076804228677116	9212	7.0752055457359	54	8255.8745980707
GLOBAL	III	6990001	7000000	0.00089446961855047	9734	8.7067672669703	67	9688.5884244373
GLOBAL	III	7000001	7010000	0.00060837591577923	9181	5.5854992827691	43	9143.3922829582
GLOBAL	III	7010001	7020000	0.00085099122938419	9464	8.053780994892	62	9426.654340836
GLOBAL	III	7020001	7030000	0.0012175467953287	9495	11.560606821646	89	9458.0803858521
GLOBAL	III	7030001	7040000	0.00090673756850749	9310	8.4417267628048	65	9276.5643086817
GLOBAL	III	7040001	7050000	0.00097466740376734	9729	9.4825391712524	73	9685.2106109325
GLOBAL	III	7050001	7060000	0.00080298313556676	9058	7.2734212419637	56	9030.9292604502
GLOBAL	III	7060001	7070000	0.00077326175117379	9575	7.4039812674891	57	9544.2106109325
GLOBAL	III	7070001	7080000	0.0010109369985717	9636	9.7413889182366	75	9599.924437299
GLOBAL	III	7080001	7090000	0.00084113119434691	9728	8.1825242586068	63	9695.6077170418
GLOBAL	III	7090001	7100000	0.00087044507118181	9252	8.0533577985741	62	9208.5209003215
GLOBAL	III	7100001	7110000	0.0012490910357482	8552	10.682226537718	82	8349.9324758842
GLOBAL	III	7110001	7120000	0.0011665639166737	9578	11.1733491939	86	9530.1109324759
GLOBAL	III	7120001	7130000	0.00089936622312731	9127	8.208515518483	63	9032.1430868167
GLOBAL	III	7130001	7140000	0.0011737547596873	8391	9.8489761885358	75	7027.2138263666
GLOBAL	III	7140001	7150000	0.00077786164519153	8435	6.5612629771906	50	7470.5707395498
GLOBAL	III	7150001	7160000	0.00076533842680017	9503	7.273011069882	56	9475.5273311897
GLOBAL	III	7160001	7170000	0.00096862738173532	9655	9.3520973706545	72	9626.4083601286
GLOBAL	III	7170001	7180000	0.00088952458685236	9635	8.5705693943225	66	9609.2491961415
GLOBAL	III	7180001	7190000	0.00079971775961244	9258	7.403787018492	57	9223.5225080386
GLOBAL	III	7190001	7200000	0.0010373930694657	9394	9.7452704945611	75	9350.2106109325
GLOBAL	III	7200001	7210000	0.001300563562228	9392	12.214892976445	94	9350.3311897106
GLOBAL	III	7210001	7220000	0.0010172559514441	9704	9.8714517528136	76	9674.7186495177
GLOBAL	III	7220001	7230000	0.00057194760803033	9082	5.1944281761315	40	9039.9581993569
GLOBAL	III	7230001	7240000	0.0010352502159126	9537	9.8731813091587	76	9488.2395498392
GLOBAL	III	7240001	7250000	0.00080107296507168	9403	7.532489090569	58	9380.2250803859
GLOBAL	III	7250001	7260000	0.0011469286666686	9398	10.778835609352	83	9375.4807073955
GLOBAL	III	7260001	7270000	0.0010498940667042	9668	10.150375836896	78	9626.5289389068
GLOBAL	III	7270001	7280000	0.0019406663559566	8642	16.771238648177	128	8336.3038585209
GLOBAL	III	7280001	7290000	0.00090461739248122	9484	8.5793913502919	66	9430.7475884244
GLOBAL	III	7290001	7300000	0.00072825332613545	9631	7.0138077840105	54	9606.0578778135
GLOBAL	III	7300001	7310000	0.0010206603735612	9546	9.7432239260155	75	9507.8054662379
GLOBAL	III	7310001	7320000	0.00087347800852992	9366	8.1809950278912	63	9334.6382636656
GLOBAL	III	7320001	7330000	0.00090235138580154	9643	8.7013744132842	67	9603.6623794212
GLOBAL	III	7330001	7340000	0.00069984510614385	9659	6.7598038802434	52	9611.7347266881
GLOBAL	III	7340001	7350000	0.0010176781216911	9722	9.893866699081	76	9311.4758842444
GLOBAL	III	7350001	7360000	0.0010413843945439	9851	10.258677670652	79	9832.3971061093
GLOBAL	III	7360001	7370000	0.0014698186996316	9546	14.030889306683	108	9411.2202572347
GLOBAL	III	7370001	7380000	0.0021928191313126	7532	16.516313697047	127	7228.2877813505
GLOBAL	III	7380001	7390000	0.0014865114104784	9712	14.436998818566	111	9659.9323671498
GLOBAL	III	7390001	7400000	0.0016638982089764	9188	15.287896744075	117	8845.4067524116
GLOBAL	III	7400001	7410000	0.001195616107686	9353	11.182597455187	86	9273.3536977492
GLOBAL	III	7410001	7420000	0.0010437107311597	9211	9.613619544712	74	9173.7218649518
GLOBAL	III	7420001	7430000	0.00099325307718839	9677	9.6117100279521	74	9621.9646302251
GLOBAL	III	7430001	7440000	0.0010381698976204	9383	9.741148149372	75	9343.3054662379
GLOBAL	III	7440001	7450000	0.0011366210253752	9272	10.538750147279	81	9126.231511254
GLOBAL	III	7450001	7460000	0.00082720095935229	9426	7.7971962428547	60	9372.4276527331
GLOBAL	III	7460001	7470000	0.00096423640503858	9294	8.9616131484286	69	9246.8006430868
GLOBAL	III	7470001	7480000	0.0011537753828574	9569	11.040476638562	85	9533.7234726688
GLOBAL	III	7480001	7490000	0.00092330450631852	9565	8.8314076029366	68	9539.1897106109
GLOBAL	III	7490001	7500000	0.00097197914660676	9619	9.3494674112104	72	9592.3536977492
GLOBAL	III	7500001	7510000	0.00085419033338811	9579	8.1822892035247	63	9548.6945337621
GLOBAL	III	7510001	7520000	0.0011961105455729	9664	11.559212312416	89	9642.7395498392
GLOBAL	III	7520001	7530000	0.00088376592880492	9552	8.4417321519446	65	9504.7025723473
GLOBAL	III	7530001	7540000	0.0010157634439056	9592	9.7432029539428	75	9550.9083601286
GLOBAL	III	7540001	7550000	0.0011781150434857	9592	11.300479497114	87	9552.7347266881
GLOBAL	III	7550001	7560000	0.0009644178660458	9696	9.3509956291801	72	9654.5337620579
GLOBAL	III	7560001	7570000	0.0010083004169285	9789	9.8702527813126	76	9759.4903536977
GLOBAL	III	7570001	7580000	0.00083704882961364	9773	8.1804782118141	63	9757.4919614148
GLOBAL	III	7580001	7590000	0.0010108374998502	9636	9.7404301485564	75	9608.5241157556
GLOBAL	III	7590001	7600000	0.0011310730479445	9531	10.780257219959	83	9480.231511254
GLOBAL	III	7600001	7610000	0.0010770299601065	9527	10.260864429935	79	9477.1237942122
GLOBAL	III	7610001	7620000	0.0010306234129507	9202	9.483796645972	73	9162.4260450161
GLOBAL	III	7620001	7630000	0.0008097094219975	9626	7.794262896148	60	9597.6270096463
GLOBAL	III	7630001	7640000	0.00095812130599494	9636	9.2324569045673	71	9569.0675241158
GLOBAL	III	7640001	7650000	0.0012409567067595	9632	11.952894999508	92	9592.1414790997
GLOBAL	III	7650001	7660000	0.0010260537293939	9620	9.8706368767695	76	9591.7604501608
GLOBAL	III	7660001	7670000	0.0010445579893619	9577	10.003731864119	77	9550.8826366559
GLOBAL	III	7670001	7680000	0.00096186097810722	9465	9.1040141577848	70	9396.6768488746
GLOBAL	III	7680001	7690000	0.0010374790859169	9390	9.7419286167593	75	9341.807073955
GLOBAL	III	7690001	7700000	0.00065278512484839	9155	5.976247817987	46	9131.3520900322
GLOBAL	III	7700001	7710000	0.00094385336350777	9220	8.7023280115417	67	9188.0900321543
GLOBAL	III	7710001	7720000	0.0011060986130638	9512	10.521210007463	81	9464.1511254019
GLOBAL	III	7720001	7730000	0.0019835815066363	8284	16.431989200975	126	7692.538585209
GLOBAL	III	7730001	7740000	0.0014739760382806	7530	11.099039568253	85	6733.1109324759
GLOBAL	III	7740001	7750000	0.0017814238278071	6635	11.8197470975	91	6095.3954983923
GLOBAL	III	7750001	7760000	0.0015666435776392	9132	14.306589151001	110	8480.9035369775
GLOBAL	III	7760001	7770000	0.0011423275996838	9549	10.908086249381	84	9525.4694533762
GLOBAL	III	7770001	7780000	0.0010547063695011	9482	10.00072579561	77	9455.5932475884
GLOBAL	III	7780001	7790000	0.00075022285042414	9347	7.0123329829145	54	9329.2250803859
GLOBAL	III	7790001	7800000	0.0008833919152745	9408	8.3109511389025	64	9384.6784565916
GLOBAL	III	7800001	7810000	0.0011339813565987	9507	10.780760757184	83	9479.3022508039
GLOBAL	III	7810001	7820000	0.00086167429084107	9044	7.7929822863667	60	9019.2379421222
GLOBAL	III	7820001	7830000	0.00089494514858417	9290	8.3140404303469	64	9258.0434083601
GLOBAL	III	7830001	7840000	0.0016679899411107	9514	15.869256299727	122	9423.9855305466
GLOBAL	III	7840001	7850000	0.0014024222105484	9632	13.508130732002	104	9574.1334405145
GLOBAL	III	7850001	7860000	0.0010552342538797	9722	10.258987416219	79	9694.0144694534
GLOBAL	III	7860001	7870000	0.00087107806456666	9690	8.4407464456509	65	9665.7604501608
GLOBAL	III	7870001	7880000	0.0010326705496105	9685	10.001414272977	77	9649.2395498392
GLOBAL	III	7880001	7890000	0.0010099140431299	9774	9.8708998575518	76	9737.2668810289
GLOBAL	III	7890001	7900000	0.0010177224681279	9699	9.8708902183725	76	9668.7411575563
GLOBAL	III	7900001	7910000	0.001020549278608	9551	9.747266159985	75	9481.5418006431
GLOBAL	III	7910001	7920000	0.00098297245693241	5012	4.9266579541452	34	3075.6945337621
GLOBAL	III	7920001	7930000	0.0012378484665244	9462	11.712522190254	90	8968.3649517685
GLOBAL	III	7930001	7940000	0.0011585951556336	9531	11.042570428344	85	9482.9260450161
GLOBAL	III	7940001	7950000	0.0020543246914978	9485	19.485269698856	150	9430.5273311897
GLOBAL	III	7950001	7960000	0.0061801475146121	9081	56.121919580192	432	9016.7347266881
GLOBAL	III	7960001	7970000	0.0044247465735617	8720	38.583790121458	297	8661.9839228296
GLOBAL	III	7970001	7980000	0.0014308482828118	8987	12.85903351763	99	8958.4839228296
GLOBAL	III	7980001	7990000	0.0012417736828229	9413	11.688815676412	90	9390.191318328
GLOBAL	III	7990001	8000000	0.0014729587630424	9258	13.636652228247	105	9229.231511254
GLOBAL	III	8000001	8010000	0.005734245131819	8903	51.051984408585	393	8861.652733119
GLOBAL	III	8010001	8020000	0.00093346204279658	9602	8.9631025349327	69	9561.7057877814
GLOBAL	III	8020001	8030000	0.0010348394543808	9037	9.351844149239	72	9001.4533762058
GLOBAL	III	8030001	8040000	0.0013582779027706	9563	12.989211584195	100	9529.3038585209
GLOBAL	III	8040001	8050000	0.00097094635296296	9230	8.9618348378481	69	9199.770096463
GLOBAL	III	8050001	8060000	0.0010554121825737	9721	10.259661826799	79	9692.3263665595
GLOBAL	III	8060001	8070000	0.0011614354838378	9505	11.039444273878	85	9465.4726688103
GLOBAL	III	8070001	8080000	0.0012646341126953	9041	11.433557012878	88	8785.5836012862
GLOBAL	III	8080001	8090000	0.001631359374848	9714	15.847024967273	122	9678.270096463
GLOBAL	III	8090001	8100000	0.0014216681139424	7747	11.013662878712	84	7004.8006430868
GLOBAL	III	8100001	8110000	0.0012930081671828	9244	11.952567497438	92	9206.3826366559
GLOBAL	III	8110001	8120000	0.0010374205742528	9263	9.6096267793038	74	9240.2668810289
GLOBAL	III	8120001	8130000	0.0043928740279053	9226	40.528655781454	312	9193.7234726688
GLOBAL	III	8130001	8140000	0.0033995495019135	9363	31.829981986416	245	9309.6302250804
GLOBAL	III	8140001	8150000	0.0020426219675907	9536	19.478443082945	150	9511.2652733119
GLOBAL	III	8150001	8160000	0.0043239721463254	9460	40.904776504238	315	9436.8954983923
GLOBAL	III	8160001	8170000	0.0042737128985857	9269	39.613044856991	305	9239.2475884244
GLOBAL	III	8170001	8180000	0.0068028994646643	9263	63.015257741186	485	9226.5996784566
GLOBAL	III	8180001	8190000	0.0047269782379408	9427	44.561223849068	343	9387.4823151125
GLOBAL	III	8190001	8200000	0.0064341547423023	9326	60.004927126712	462	9300.807073955
GLOBAL	III	8200001	8210000	0.0033636081153217	9189	30.908194971691	238	9162.5418006431
GLOBAL	III	8210001	8220000	0.0063103621915823	9222	58.194160130772	448	9176.4501607717
GLOBAL	III	8220001	8230000	0.0049825108700729	9151	45.594956972037	351	9095.0803858521
GLOBAL	III	8230001	8240000	0.0026818963077399	8963	24.037836606273	185	8758.6639871383
GLOBAL	III	8240001	8250000	0.00097164759621466	9223	8.9615057798878	69	9183.729903537
GLOBAL	III	8250001	8260000	0.0017590513246329	9450	16.623035017781	128	9421.1318327974
GLOBAL	III	8260001	8270000	0.0014309340859545	9262	13.253311504111	102	9217.4083601286
GLOBAL	III	8270001	8280000	0.0012258162628857	9010	11.0446045286	85	8964.2122186495
GLOBAL	III	8280001	8290000	0.0056565601231001	9260	52.379746739907	403	9205.3135048232
GLOBAL	III	8290001	8300000	0.0049943685783757	9413	47.01199142825	362	9394.3906752412
GLOBAL	III	8300001	8310000	0.00096272591154003	9308	8.9610527846146	69	9278.9147909968
GLOBAL	III	8310001	8320000	0.0021028669669719	9381	19.726995017164	151	9266.9115755627
GLOBAL	III	8320001	8330000	0.0020371360215445	9577	19.509651678332	150	9390.7395498392
GLOBAL	III	8330001	8340000	0.0015206044260372	9832	14.950582716797	115	9782.5
GLOBAL	III	8340001	8350000	0.0010596352873274	9804	10.388664356958	80	9785.1334405145
GLOBAL	III	8350001	8360000	0.00080412757383239	9692	7.7936044455835	60	9652.2620578778
GLOBAL	III	8360001	8370000	0.0013999787361547	9245	12.94280341575	99	8854.498392283
GLOBAL	III	8370001	8380000	0.0011883255584783	9400	11.170260249696	86	9362.2636655949
GLOBAL	III	8380001	8390000	0.0012166672779141	9297	11.311355682768	87	9231.7009646302
GLOBAL	III	8390001	8400000	0.0033028306390113	9330	30.815409861975	237	9239.1897106109
GLOBAL	III	8400001	8410000	0.0041792709963016	9291	38.829606826638	299	9270.3810289389
GLOBAL	III	8410001	8420000	0.0028173116195733	9221	25.978430444085	200	9158.6993569132
GLOBAL	III	8420001	8430000	0.0025634904231233	9482	24.307016192055	187	9426.7813504823
GLOBAL	III	8430001	8440000	0.001446284274532	9788	14.15623047912	109	9759.4340836013
GLOBAL	III	8440001	8450000	0.00079361644034446	7387	5.8624446448245	45	7063.7524115756
GLOBAL	III	8450001	8460000	0.0011479880458412	9616	11.039053048809	85	9589.8279742765
GLOBAL	III	8460001	8470000	0.00096249349321504	9452	9.0974884978686	70	9374.4067524116
GLOBAL	III	8470001	8480000	0.0012312155232077	9602	11.82213145384	91	9552.2942122186
GLOBAL	III	8480001	8490000	0.00095929381391249	8938	8.5741681087499	66	8901.2958199357
GLOBAL	III	8490001	8500000	0.0013232672487409	9326	12.340790361758	95	9275.1286173633
GLOBAL	III	8500001	8510000	0.0012539591385849	9219	11.560249298615	89	9182.7459807074
GLOBAL	III	8510001	8520000	0.0010907595747029	9406	10.259684559656	79	9359.4099678457
GLOBAL	III	8520001	8530000	0.0011967840371447	9551	11.430484338769	88	9520.1720257235
GLOBAL	III	8530001	8540000	0.0013109137179181	9418	12.346185395353	95	9064.7652733119
GLOBAL	III	8540001	8550000	0.001520866991332	9250	14.068019669821	108	8903.9581993569
GLOBAL	III	8550001	8560000	0.0013803689064471	9230	12.740805006507	98	9154.2636655949
GLOBAL	III	8560001	8570000	0.0015834005025629	8784	13.908590014513	107	8714.0884244373
GLOBAL	III	8570001	8580000	0.0012107933703269	9127	11.050911090974	85	9068.4051446945
GLOBAL	III	8580001	8590000	0.0013817456707078	9404	12.993936287336	100	9347.6061093248
GLOBAL	III	8590001	8600000	0.0011859583338414	9421	11.17291346312	86	9375.9646302251
GLOBAL	III	8600001	8610000	0.00097736498194312	9702	9.4823950548121	73	9661.959807074
GLOBAL	III	8610001	8620000	0.0016721241019174	8008	13.390369808155	103	7844.4678456592
GLOBAL	III	8620001	8630000	0.0021820372368207	7558	16.491837435891	126	6781.4581993569
GLOBAL	III	8630001	8640000	0.0016222378363072	6698	10.865749027586	82	5156.5096463023
GLOBAL	III	8640001	8650000	0.0025385358640254	8816	22.379732177248	171	8191.9935379645
GLOBAL	III	8650001	8660000	0.0024979840842201	8516	21.272832461219	161	7211.21197411
GLOBAL	III	8660001	8670000	0.0022999427114303	8772	20.175097464667	151	7700.2572347267
GLOBAL	III	8670001	8680000	0.0015138836583258	9129	13.820243916856	106	9014.11414791
GLOBAL	III	8680001	8690000	0.001529984654656	9093	13.912150464787	107	8998.6189710611
GLOBAL	III	8690001	8700000	0.00091364523012417	9098	8.3123443036697	64	9066.5064308682
GLOBAL	III	8700001	8710000	0.0013067651578632	8652	11.306132145832	87	8604.5321543408
GLOBAL	III	8710001	8720000	0.0011754584193603	9285	10.91413142376	84	9232.2540192926
GLOBAL	III	8720001	8730000	0.0013704423840031	9011	12.349056322252	95	8946.1575562701
GLOBAL	III	8730001	8740000	0.0012882516226363	9176	11.820996889311	91	9125.2106109325
GLOBAL	III	8740001	8750000	0.0018538991220229	8834	16.37734484395	126	8753.1800643087
GLOBAL	III	8750001	8760000	0.0020561669017398	8988	18.480828112838	142	8878.1205787781
GLOBAL	III	8760001	8770000	0.001330901630786	9761	12.990930818102	100	9711.9678456592
GLOBAL	III	8770001	8780000	0.0014096457774697	8644	12.184978100448	91	7750.347266881
GLOBAL	III	8780001	8790000	0.0015993173227442	8946	14.30749276927	110	8871.6334405145
GLOBAL	III	8790001	8800000	0.0013554000892733	9397	12.736694638901	98	9331.4389067524
GLOBAL	III	8800001	8810000	0.0014589141654211	8825	12.874917509841	99	8729.1993569132
GLOBAL	III	8810001	8820000	0.0015577549051233	8688	13.533774615711	104	8412.5514469453
GLOBAL	III	8820001	8830000	NA	0	NA	0	NA
GLOBAL	III	8830001	8840000	0.00028567780290056	2176	0.62163489911162	4	1085.6709183673
GLOBAL	III	8840001	8850000	0.00068865661169145	1374	0.94621418446406	7	509.25626204239
GLOBAL	III	8850001	8860000	0.00073026764031258	3234	2.3616855487709	16	1188.0846456693
GLOBAL	III	8860001	8870000	0.0010546625887906	5140	5.4209657063838	39	3212.0590405904
GLOBAL	III	8870001	8880000	0	924	0	0	375.98095238095
GLOBAL	III	8880001	8890000	0.00071339892134941	4333	3.091157526207	21	1750.0170454545
GLOBAL	III	8890001	8900000	0	254	0	0	172.484375
GLOBAL	III	8900001	8910000	NA	0	0	0	0
GLOBAL	III	8910001	8920000	NA	0	NA	0	NA
GLOBAL	III	8920001	8930000	NA	0	NA	0	NA
GLOBAL	III	8930001	8940000	NA	0	NA	0	NA
GLOBAL	III	8940001	8950000	0.002507519839588	5114	12.823456459653	97	4414.8745980707
GLOBAL	III	8950001	8960000	0.001202122073059	8986	10.802268948508	83	8860.9196141479
GLOBAL	III	8960001	8970000	0.0018082127578664	9089	16.434845756248	126	8991.8762057878
GLOBAL	III	8970001	8980000	0.001683427652086	9219	15.519519524581	119	8928.5643086817
GLOBAL	III	8980001	8990000	0.0019441040844665	9245	17.973242260893	138	8908.7588424437
GLOBAL	III	8990001	9000000	0.0045167427673258	8108	36.621750357477	280	7234.8295819936
GLOBAL	III	9000001	9010000	0.0055635724176788	7804	43.418119147565	330	6692.3135048232
GLOBAL	III	9010001	9020000	0.0052733194413648	8575	45.218714209703	345	7350.2717041801
GLOBAL	III	9020001	9030000	0.0086046424449741	5812	50.010181890189	381	5232.9485530547
GLOBAL	III	9030001	9040000	0.0063746199406693	8636	55.05121780762	420	8047.1512195122
GLOBAL	III	9040001	9050000	0.0075301052472228	8083	60.865840713302	464	7448.4774919614
GLOBAL	III	9050001	9060000	0.006708374434744	8072	54.149998437253	410	6918.2717041801
GLOBAL	III	9060001	9070000	0.0060790491922104	8459	51.422677116908	393	7890.8569131833
GLOBAL	III	9070001	9080000	0.0045396932698686	8192	37.189167266764	282	7244.6451612903
GLOBAL	III	9080001	9090000	0.0016540222038389	8601	14.226244975219	108	7882.8338870432
GLOBAL	III	9090001	9100000	0.0026169877752672	8765	22.937897850217	175	8033.1479099678
GLOBAL	III	9100001	9110000	0.0064242765583392	8600	55.248778401717	423	8331.0144694534
GLOBAL	III	9110001	9120000	0.001312108029737	9510	12.478147362799	96	9449.5964630225
GLOBAL	III	9120001	9130000	0.0020411135872389	9182	18.741504958027	144	8775.5530546624
GLOBAL	III	9130001	9140000	0.0017139611814624	9266	15.88156430743	122	9098.3681672026
GLOBAL	III	9140001	9150000	0.002625235368376	9476	24.876730350731	191	9288.2041800643
GLOBAL	III	9150001	9160000	0.0015674695478284	9530	14.937984790805	115	9465.7942122187
GLOBAL	III	9160001	9170000	0.00086438134470135	9467	8.1830981902877	63	9440.5691318328
GLOBAL	III	9170001	9180000	0.0014522345192048	9486	13.775896649177	106	9426.7604501608
GLOBAL	III	9180001	9190000	0.0018826191345542	9248	17.410461756358	134	9198.7749196141
GLOBAL	III	9190001	9200000	0.0040754524504078	8786	35.806925229283	275	8519.8778135048
GLOBAL	III	9200001	9210000	0.0048282609145725	8427	40.687754727102	312	8290.6977491961
GLOBAL	III	9210001	9220000	0.0016047755412218	8849	14.200658764272	109	8724.8520900322
GLOBAL	III	9220001	9230000	0.0020219826444104	8710	17.611468832815	135	8530.461414791
GLOBAL	III	9230001	9240000	0.0012781712305211	9152	11.697823101729	90	9073.3729903537
GLOBAL	III	9240001	9250000	0.0013017010729129	8787	11.438047327685	88	8718.0257234727
GLOBAL	III	9250001	9260000	0.0018742499037337	7690	14.412981759712	109	7385.5852090032
GLOBAL	III	9260001	9270000	0.0017420021631578	7936	13.82452916682	106	7756.6720257235
GLOBAL	III	9270001	9280000	0.0022635398543846	9183	20.786086482813	159	8661.1028938907
GLOBAL	III	9280001	9290000	0.0013494257209184	9246	12.476790215611	96	9185.1318327974
GLOBAL	III	9290001	9300000	0.0016207266204202	8855	14.351534223821	110	8693.8617363344
GLOBAL	III	9300001	9310000	0.0016337448292682	7654	12.504682923219	96	7482.8263665595
GLOBAL	III	9310001	9320000	0.0027815953007943	8863	24.65327915094	186	8523.4421221865
GLOBAL	III	9320001	9330000	0.0039819168143097	8141	32.416784785295	249	7929.7797427653
GLOBAL	III	9330001	9340000	0.0031386196162453	9194	28.856468751759	222	9120.4919614148
GLOBAL	III	9340001	9350000	0.0029035220888346	8999	26.128795277423	201	8864.7572347267
GLOBAL	III	9350001	9360000	0.0017037895850637	9317	15.874207564039	122	9186.422829582
GLOBAL	III	9360001	9370000	0.0029223674083584	8721	25.485966168293	195	8587.3247588424
GLOBAL	III	9370001	9380000	0.0053236311445026	8544	45.48510449863	349	8389.6848874598
GLOBAL	III	9380001	9390000	0.0036516039335657	9074	33.134654093175	255	9001.2282958199
GLOBAL	III	9390001	9400000	0.0022734956699696	9149	20.800211884552	160	9085.0739549839
GLOBAL	III	9400001	9410000	0.0014229418778549	8587	12.21880190514	94	8518.9871382637
GLOBAL	III	9410001	9420000	0.0022155494647236	9444	20.92364914485	161	9378.307073955
GLOBAL	III	9420001	9430000	0.0021466134354227	9683	20.785657895198	160	9641.2122186495
GLOBAL	III	9430001	9440000	0.0012248528648546	9333	11.431551787688	88	9295.5803858521
GLOBAL	III	9440001	9450000	0.0020692495790707	8619	17.83486212201	137	8511.498392283
GLOBAL	III	9450001	9460000	0.0050667929398825	8444	42.783999584368	328	8230.3167202572
GLOBAL	III	9460001	9470000	0.0020634610454187	8266	17.056569001431	131	7931.8536977492
GLOBAL	III	9470001	9480000	0.001755919615204	8980	15.768158144532	119	8199.2041800643
GLOBAL	III	9480001	9490000	0.0015329558864988	9325	14.294813641601	110	9258.8504823151
GLOBAL	III	9490001	9500000	0.0014973166745996	9197	13.770821456293	106	9078.6993569132
GLOBAL	III	9500001	9510000	0.0011152844883781	9556	10.657658570941	82	9497.9903536977
GLOBAL	III	9510001	9520000	0.0016680962922239	9365	15.621721776677	120	9135.5932475884
GLOBAL	III	9520001	9530000	0.0012471370890942	9481	11.824106741702	91	9417.1366559486
GLOBAL	III	9530001	9540000	0.001412169308759	9201	12.993369809891	100	9151.5996784566
GLOBAL	III	9540001	9550000	0.0017274942191338	8671	14.979102374109	115	8572.8971061093
GLOBAL	III	9550001	9560000	0.0026592775638983	8968	23.84840119304	183	8578.2090032154
GLOBAL	III	9560001	9570000	0.0025033574496288	8076	20.217114763202	144	7597.3922829582
GLOBAL	III	9570001	9580000	0.00211598131402	8722	18.455589020883	142	8661.3054662379
GLOBAL	III	9580001	9590000	0.0020787678074476	9269	19.268098807232	148	9171.6302250804
GLOBAL	III	9590001	9600000	0.001683931054116	9419	15.860946598719	122	9316.9292604502
GLOBAL	III	9600001	9610000	0.0018747038196502	8603	16.128076960451	124	8483.7861736334
GLOBAL	III	9610001	9620000	0.0016202560539327	9381	15.199622041943	117	9328.0691318328
GLOBAL	III	9620001	9630000	0.0018695695133543	9249	17.291648429014	133	9174.4469453376
GLOBAL	III	9630001	9640000	0.0018855476625966	9312	17.5582198341	135	9213.0096463022
GLOBAL	III	9640001	9650000	0.002166842215308	9537	20.665174207393	159	9479.8745980707
GLOBAL	III	9650001	9660000	0.0051847746664523	8963	46.471135335412	355	8362.7942122187
GLOBAL	III	9660001	9670000	0.0044028303901766	9213	40.563276384697	309	8475.4138486312
GLOBAL	III	9670001	9680000	0.001958689129161	9236	18.090452796931	139	8506.270096463
GLOBAL	III	9680001	9690000	0.0033825224601379	8496	28.737910821332	221	8402.9131832797
GLOBAL	III	9690001	9700000	0.0020566604973145	9290	19.106376020052	147	9201.0948553055
GLOBAL	III	9700001	9710000	0.0022051775702483	8323	18.353692917176	141	8175.7234726688
GLOBAL	III	9710001	9720000	0.0018108966385284	7671	13.891388114151	104	6983.5418006431
GLOBAL	III	9720001	9730000	0.0019946799730996	8543	17.040551010189	131	8437.4774919614
GLOBAL	III	9730001	9740000	0.0021499589407017	9028	19.409829316655	149	8870.2154340836
GLOBAL	III	9740001	9750000	0.0023404050154621	9010	21.087049189314	162	8903.2909967846
GLOBAL	III	9750001	9760000	0.0034673399852324	8372	29.028570356365	219	7359.6205787781
GLOBAL	III	9760001	9770000	0.0080553105969403	7112	57.289368965439	432	6411.6784565916
GLOBAL	III	9770001	9780000	0.00921302197065	7162	65.983663353796	495	6146.6832797428
GLOBAL	III	9780001	9790000	0.0083568751810093	6451	53.910201792691	412	5608.5112540193
GLOBAL	III	9790001	9800000	0.0039873649345953	1465	5.8414896291821	42	781.18327974277
GLOBAL	III	9800001	9810000	0.0045490110968399	5458	24.828502566552	190	4563.6009693053
GLOBAL	III	9810001	9820000	0.0058459584147004	8088	47.282111658097	356	6836.8532258065
GLOBAL	III	9820001	9830000	0.0047514949714694	8589	40.81059030995	313	8434.8295819936
GLOBAL	III	9830001	9840000	0.00560231530943	8867	49.675729848716	382	8751.3006430868
GLOBAL	III	9840001	9850000	0.0029894701233861	8488	25.374622407301	194	8209.3906752412
GLOBAL	III	9850001	9860000	0.0039193774440314	8503	33.326466406599	256	8284.4823151125
GLOBAL	III	9860001	9870000	0.007518920729854	8632	64.9033237401	499	8476.0578778135
GLOBAL	III	9870001	9880000	0.0052008559177875	8607	44.763766884397	344	8463.8247588424
GLOBAL	III	9880001	9890000	0.0068559686173093	8740	59.921165715284	460	8514.0321543408
GLOBAL	III	9890001	9900000	0.0052936883895532	7600	40.232031760604	308	6633.4790996785
GLOBAL	III	9900001	9910000	0.0030861894601023	7885	24.334603892907	186	7551.7524115756
GLOBAL	III	9910001	9920000	0.001952975541841	8985	17.547485243441	135	8920.0964630225
GLOBAL	III	9920001	9930000	0.0040033038308564	8933	35.761513121041	273	8496.6189710611
GLOBAL	III	9930001	9940000	0.0063628557352145	8562	54.478770804906	416	7963.7604501608
GLOBAL	III	9940001	9950000	0.0055294101680098	8360	46.225869004562	355	8175.6945337621
GLOBAL	III	9950001	9960000	0.0034323747595605	9334	32.037786005738	246	9106.231511254
GLOBAL	III	9960001	9970000	0.0061577602833001	8000	49.262082266401	373	7255.2459807074
GLOBAL	III	9970001	9980000	0.0098210750741079	7840	76.997228581006	587	7304.6045016077
GLOBAL	III	9980001	9990000	0.010824405851751	7810	84.538609702177	640	6765.0482315113
GLOBAL	III	9990001	10000000	0.011156619892567	6498	72.495716061901	542	5145.6382636656
GLOBAL	III	10000001	10010000	0.013119838042976	7099	93.137730267084	695	6329.3553054662
GLOBAL	III	10010001	10020000	0.011031202061831	7343	81.002116740028	610	6518.3022508039
GLOBAL	III	10020001	10030000	0.0068759370175415	7796	53.604804988754	404	6482.7508038585
GLOBAL	III	10030001	10040000	0.0068840314278459	8151	56.111740168372	431	7977.8601286174
GLOBAL	III	10040001	10050000	0.0023298589566691	8766	20.423543614161	157	8648.229903537
GLOBAL	III	10050001	10060000	0.0035275023938858	8599	30.332993085024	233	8454.0209003215
GLOBAL	III	10060001	10070000	0.0040837841695948	9264	37.832176547126	291	9148.7942122187
GLOBAL	III	10070001	10080000	0.0028656826554409	8637	24.750901095043	190	8448.3713826367
GLOBAL	III	10080001	10090000	0.0026865255320309	8862	23.807989264858	183	8746.1061093248
GLOBAL	III	10090001	10100000	0.0021237893708402	7838	16.646261088646	128	7627.807073955
GLOBAL	III	10100001	10110000	0.0019890606263704	9038	17.977129941135	138	8861.9453376206
GLOBAL	III	10110001	10120000	0.0034919924193232	8619	30.097482662147	231	8507.8263665595
GLOBAL	III	10120001	10130000	0.0062167999575554	7234	44.972330892956	345	7040.8810289389
GLOBAL	III	10130001	10140000	0.0066602269999315	8260	55.013475019434	420	7598.6125401929
GLOBAL	III	10140001	10150000	0.0056119348738734	7909	44.384792917465	338	7128.6961414791
GLOBAL	III	10150001	10160000	0.0064566735570678	8001	51.6598451301	392	7326.2588424437
GLOBAL	III	10160001	10170000	0.0025798658592434	8814	22.738937683371	174	8363.9340836013
GLOBAL	III	10170001	10180000	0.0025053438520212	8727	21.864135796589	168	8606.9565916399
GLOBAL	III	10180001	10190000	0.0012666762002347	9337	11.826955681591	91	9290.9260450161
GLOBAL	III	10190001	10200000	0.001648930607038	7095	11.699162656934	89	6421.1607717042
GLOBAL	III	10200001	10210000	0.0018633586963261	9350	17.422403810649	134	9264.0723472669
GLOBAL	III	10210001	10220000	0.0023644524920089	8907	21.060178346323	162	8822.9485530547
GLOBAL	III	10220001	10230000	0.0018935788522989	9332	17.670877849653	136	9268.3054662379
GLOBAL	III	10230001	10240000	0.0021097689359396	9058	19.110287021741	147	8990.2266881029
GLOBAL	III	10240001	10250000	0.0025910900052472	8887	23.027016876632	177	8777.3649517685
GLOBAL	III	10250001	10260000	0.0016154635539031	9039	14.60217506373	112	8604.615755627
GLOBAL	III	10260001	10270000	0.0023996280082652	9197	22.069378792015	166	8356.8151125402
GLOBAL	III	10270001	10280000	0.0074899458998552	7368	55.185921390133	410	6458.5225080386
GLOBAL	III	10280001	10290000	0.0060927879632978	8594	52.361419756581	388	6604.536977492
GLOBAL	III	10290001	10300000	0.0048908976594861	9142	44.712586403022	342	8704.0482315113
GLOBAL	III	10300001	10310000	0.0046911963777878	9042	42.417797647957	326	8883.9372990354
GLOBAL	III	10310001	10320000	0.0051567698778364	8599	44.343064179515	341	8495.3681672026
GLOBAL	III	10320001	10330000	0.0047633497347662	8540	40.679006734903	312	8255.5610932476
GLOBAL	III	10330001	10340000	0.0077703892868841	7841	60.927622398458	463	6841.7588424437
GLOBAL	III	10340001	10350000	0.011644062074193	7952	92.593581613981	700	7422.4115755627
GLOBAL	III	10350001	10360000	0.0092351974916676	7750	71.572780560424	534	6406.2090032154
GLOBAL	III	10360001	10370000	0.0079734850540024	7690	61.316100065278	455	6519.270096463
GLOBAL	III	10370001	10380000	0.011562299937131	7150	82.670444550487	619	5984.1639871383
GLOBAL	III	10380001	10390000	0.0073637996066375	8012	58.998762448379	447	7443.0048231511
GLOBAL	III	10390001	10400000	0.0034509506303631	8833	30.482246917998	234	8641.5739549839
GLOBAL	III	10400001	10410000	0.0042944380753915	8675	37.254250304021	286	8475.7266881029
GLOBAL	III	10410001	10420000	0.0040002753018451	7589	30.358089265702	232	7363.2090032154
GLOBAL	III	10420001	10430000	0.0051946027758326	5402	28.061244195048	214	5069.4453376206
GLOBAL	III	10430001	10440000	0.005336024501855	8352	44.566476639493	340	7858.9517684887
GLOBAL	III	10440001	10450000	0.0045312862327938	8300	37.609675732189	289	8140.8440514469
GLOBAL	III	10450001	10460000	0.0050858299481688	8039	40.884986953329	314	7814.9019292605
GLOBAL	III	10460001	10470000	0.0041747688740519	8738	36.479130421466	280	8463.7556270096
GLOBAL	III	10470001	10480000	0.0026399286362238	8531	22.521231195625	173	8382.3247588424
GLOBAL	III	10480001	10490000	0.007762750080759	7379	57.28133284592	433	6473.3440514469
GLOBAL	III	10490001	10500000	0.0036649299976586	8116	29.744571860998	225	7072.7363344051
GLOBAL	III	10500001	10510000	0.0022319970104976	8859	19.773261515998	152	8742.2347266881
GLOBAL	III	10510001	10520000	0.0023517167573565	8910	20.953796308047	161	8766.5209003215
GLOBAL	III	10520001	10530000	0.0030828472953115	8783	27.076647794721	208	8635.884244373
GLOBAL	III	10530001	10540000	0.0025201597435113	9050	22.807445678777	175	8913.2572347267
GLOBAL	III	10540001	10550000	0.0020868084240602	8968	18.714497946972	144	8890.5868167203
GLOBAL	III	10550001	10560000	0.0017977402999013	9257	16.641681956186	128	9172.0948553055
GLOBAL	III	10560001	10570000	0.0030777055077562	8261	25.424925199574	195	8103.9919614148
GLOBAL	III	10570001	10580000	0.0045196207771359	7589	34.299402077684	263	7303.4115755627
GLOBAL	III	10580001	10590000	0.0061390940304308	8693	53.367144406535	409	8490.5450160772
GLOBAL	III	10590001	10600000	0.0025566127835983	8773	22.429163950508	172	8584.8633440514
GLOBAL	III	10600001	10610000	0.0021226446383622	8881	18.851207033295	145	8768.5128617363
GLOBAL	III	10610001	10620000	0.0021416723867822	9061	19.405693496633	149	8955.6318327974
GLOBAL	III	10620001	10630000	0.0021394309171996	8941	19.128651830681	147	8791.2041800643
GLOBAL	III	10630001	10640000	0.0024151913483157	8791	21.231947143043	163	8663.7733118971
GLOBAL	III	10640001	10650000	0.0023812941851098	8579	20.429122814057	157	8456.9163987138
GLOBAL	III	10650001	10660000	0.002120713335577	7702	16.333734110614	120	6463.6811594203
GLOBAL	III	10660001	10670000	0.0017258428660619	9190	15.860495939109	122	9092.768488746
GLOBAL	III	10670001	10680000	0.0018679092609614	9255	17.287500210197	133	9183.2861736334
GLOBAL	III	10680001	10690000	0.0020706342109887	9291	19.238262454296	148	9209.6221864952
GLOBAL	III	10690001	10700000	0.0029089355254929	8945	26.020428275534	200	8832.4147909968
GLOBAL	III	10700001	10710000	0.0028678844403847	8600	24.663806187309	189	8410.6993569132
GLOBAL	III	10710001	10720000	0.0028724546100735	8108	23.289861978476	179	7941.2154340836
GLOBAL	III	10720001	10730000	0.0027045063287134	8339	22.552878275141	173	8169.8617363344
GLOBAL	III	10730001	10740000	0.0018458469189646	8740	16.13270207175	124	8611.5546623794
GLOBAL	III	10740001	10750000	0.0041016381482145	9284	38.079608568023	293	9209.4951768489
GLOBAL	III	10750001	10760000	0.0045713595907274	8828	40.355962466941	310	8625.8360128617
GLOBAL	III	10760001	10770000	0.0026011623451275	8946	23.269998339511	179	8750.3151125402
GLOBAL	III	10770001	10780000	0.0018360016357107	8997	16.518506716489	127	8906.8344051447
GLOBAL	III	10780001	10790000	0.002439243931387	9062	22.104428506229	170	8965.9276527331
GLOBAL	III	10790001	10800000	0.0023673191565537	9160	21.684643474032	166	8766.4823151125
GLOBAL	III	10800001	10810000	0.0026936011577039	9013	24.277427234386	186	8782.8536977492
GLOBAL	III	10810001	10820000	0.0026831784138297	8868	23.794426173842	183	8769.7749196141
GLOBAL	III	10820001	10830000	0.0023345275801526	9530	22.248047838854	171	9429.0064308682
GLOBAL	III	10830001	10840000	0.0021727110049394	8677	18.852613389859	145	8590.0498392283
GLOBAL	III	10840001	10850000	0.0027464232108406	8815	24.20972060356	186	8680.1591639871
GLOBAL	III	10850001	10860000	0.002370513505468	8667	20.545240551891	158	8584.0482315113
GLOBAL	III	10860001	10870000	0.0024534359191476	9220	22.62067917454	174	9137.4147909968
GLOBAL	III	10870001	10880000	0.00256350409587	8231	21.100202213106	162	7890.0209003215
GLOBAL	III	10880001	10890000	0.0012227844439348	5601	6.8488156704789	50	3064.4437299035
GLOBAL	III	10890001	10900000	0.0023435841653311	8439	19.777506771229	152	8316.3922829582
GLOBAL	III	10900001	10910000	0.0019349753048928	4407	8.5274361686627	65	4188.9485530547
GLOBAL	III	10910001	10920000	0.0022247268578983	8852	19.693282146115	151	8707.2073954984
GLOBAL	III	10920001	10930000	0.0037947757592933	8716	33.075265518	254	8555.2974276527
GLOBAL	III	10930001	10940000	0.0027156418737676	8873	24.09589034594	185	8720.2508038585
GLOBAL	III	10940001	10950000	0.0019732657164735	8964	17.688353882469	136	8852.3167202572
GLOBAL	III	10950001	10960000	0.0029535540461151	8817	26.041486024597	200	8698.1028938907
GLOBAL	III	10960001	10970000	0.0024295258842251	8749	21.255921961086	163	8369.9019292604
GLOBAL	III	10970001	10980000	0.0022027658862387	9291	20.465897849044	157	9148.4453376206
GLOBAL	III	10980001	10990000	0.0032854159261541	9002	29.575314167239	226	8657.0932475884
GLOBAL	III	10990001	11000000	0.0040881785647757	8455	34.565549765178	260	6893.9163987138
GLOBAL	III	11000001	11010000	0.0049964038288213	7646	38.202503675168	288	6165.5868167203
GLOBAL	III	11010001	11020000	0.0056470614901764	8380	47.322375287678	356	6802.6012861736
GLOBAL	III	11020001	11030000	0.0051651101859714	8592	44.378626717866	337	8023.7491961415
GLOBAL	III	11030001	11040000	0.0023270168810308	8956	20.840763186512	160	8547.3697749196
GLOBAL	III	11040001	11050000	0.0023797239879291	9254	22.021965784296	169	9010.6221864952
GLOBAL	III	11050001	11060000	0.0020967866452992	9052	18.980112713249	146	8975.6607717042
GLOBAL	III	11060001	11070000	0.0024668683874181	8916	21.99459854222	169	8744.6591639871
GLOBAL	III	11070001	11080000	0.0022691831193338	9053	20.542914779329	158	8941.847266881
GLOBAL	III	11080001	11090000	0.007236762874689	8733	63.198650184659	486	8599.7845659164
GLOBAL	III	11090001	11100000	0.0035091264548886	8782	30.817148526832	237	8689.3987138264
GLOBAL	III	11100001	11110000	0.0021621874954233	9266	20.034829332592	154	9141.8054662379
GLOBAL	III	11110001	11120000	0.0018516722235804	9335	17.285360207123	133	9254.077170418
GLOBAL	III	11120001	11130000	0.0016924831111523	9369	15.856874268386	122	9302.5128617363
GLOBAL	III	11130001	11140000	0.0021088407474502	8888	18.743376563337	144	8760.4196141479
GLOBAL	III	11140001	11150000	0.0023820207167029	9061	21.583489714045	166	8959.7025723473
GLOBAL	III	11150001	11160000	0.0022603507678423	8919	20.160068498386	155	8807.963022508
GLOBAL	III	11160001	11170000	0.0020991115912446	9539	20.023425468882	154	9450.0948553055
GLOBAL	III	11170001	11180000	0.0022177936445466	8687	19.265973390177	148	8568.8681672026
GLOBAL	III	11180001	11190000	0.0026831888457659	9063	24.317740509176	187	8948.4694533762
GLOBAL	III	11190001	11200000	0.0022061458111361	8974	19.797952509135	152	8803.421221865
GLOBAL	III	11200001	11210000	0.0022890311873404	9093	20.814160586486	160	9001.9308681672
GLOBAL	III	11210001	11220000	0.0020066988908647	8880	17.819486150878	137	8808.1961414791
GLOBAL	III	11220001	11230000	0.002195365671563	8882	19.499237894822	150	8791.2411575563
GLOBAL	III	11230001	11240000	0.0023275147713301	8018	18.662013436525	143	7798.1864951768
GLOBAL	III	11240001	11250000	0.0026344127988387	9034	23.799285224709	183	8927.7508038585
GLOBAL	III	11250001	11260000	0.001411558599172	9115	12.866356631453	99	9067.4662379421
GLOBAL	III	11260001	11270000	0.0018888634476121	8888	16.788218322376	129	8795.1270096463
GLOBAL	III	11270001	11280000	0.001721190946294	9221	15.871101715777	122	9067.2041800643
GLOBAL	III	11280001	11290000	0.0017107553607234	9161	15.672229859587	120	8492.8263665595
GLOBAL	III	11290001	11300000	0.0020624042229021	9212	18.998867701374	146	9100.4823151125
GLOBAL	III	11300001	11310000	0.0017333942395607	8785	15.227868394541	117	8596.9421221865
GLOBAL	III	11310001	11320000	0.0021814767060293	9131	19.919063802754	153	9005.1816720257
GLOBAL	III	11320001	11330000	0.0019627820214551	9335	18.322570170284	141	9280.040192926
GLOBAL	III	11330001	11340000	0.0016643845157926	9138	15.209145705313	117	9036.0659163987
GLOBAL	III	11340001	11350000	0.0019639050081526	9223	18.113095890192	139	9013.9710610932
GLOBAL	III	11350001	11360000	0.0026675675664917	9415	25.11514863852	193	9231.192926045
GLOBAL	III	11360001	11370000	0.0014251298950967	9755	13.902142126668	107	9703.1736334405
GLOBAL	III	11370001	11380000	0.0014555935207416	9197	13.387093610261	103	9124.7491961415
GLOBAL	III	11380001	11390000	0.0018398602284913	9251	17.020546973773	131	9193.0080385852
GLOBAL	III	11390001	11400000	0.0018599094029192	9014	16.765223357913	129	8945.7588424437
GLOBAL	III	11400001	11410000	0.0014298560530343	9542	13.643686458053	105	9493.8874598071
GLOBAL	III	11410001	11420000	0.0020833656854259	9425	19.635721585139	151	9347.3118971061
GLOBAL	III	11420001	11430000	0.0017196308865617	9524	16.377764563614	126	9457.4163987138
GLOBAL	III	11430001	11440000	0.0020908823722456	9144	19.119028411814	147	9032.2282958199
GLOBAL	III	11440001	11450000	0.0017037516274964	9238	15.739257534812	121	9173.0916398714
GLOBAL	III	11450001	11460000	0.0018175739891533	9245	16.803471529723	129	9113.0787781351
GLOBAL	III	11460001	11470000	0.0023604872185896	9306	21.966694056195	169	9216.384244373
GLOBAL	III	11470001	11480000	0.0017937595394038	9137	16.389580911533	126	9038.308681672
GLOBAL	III	11480001	11490000	0.001664588393932	9367	15.592199485961	120	9271.6045016077
GLOBAL	III	11490001	11500000	0.0016139455245666	9420	15.203366841418	117	9365.3617363344
GLOBAL	III	11500001	11510000	0.0016907384292225	9301	15.725558130199	121	9239.2974276527
GLOBAL	III	11510001	11520000	0.0013835350063812	9402	13.007996129996	100	9307.6012861736
GLOBAL	III	11520001	11530000	0.0013484421822594	9730	13.120342433384	101	9684.9839228296
GLOBAL	III	11530001	11540000	0.0013494629050022	9246	12.47713401965	96	9175.3118971061
GLOBAL	III	11540001	11550000	0.002022181272948	9446	19.101524304267	147	9391.7025723473
GLOBAL	III	11550001	11560000	0.0019687564974967	9310	18.329122991695	141	9230.1575562701
GLOBAL	III	11560001	11570000	0.0014833775961253	9112	13.516536655894	104	9055.1720257235
GLOBAL	III	11570001	11580000	0.0013719599133442	9659	13.251760802991	102	9615.2652733119
GLOBAL	III	11580001	11590000	0.0016804389725482	9509	15.979294189961	123	9418.8488745981
GLOBAL	III	11590001	11600000	0.0022636515144458	9363	21.194569129756	163	9321.88585209
GLOBAL	III	11600001	11610000	0.0015542846451405	9612	14.93978400909	115	9562.2186495177
GLOBAL	III	11610001	11620000	0.0012693081797479	9519	12.08254456302	93	9472.922829582
GLOBAL	III	11620001	11630000	0.0017633389507124	9212	16.243878413963	125	9146.4549839228
GLOBAL	III	11630001	11640000	0.0016202674689067	9779	15.844595578438	122	9750.8601286174
GLOBAL	III	11640001	11650000	0.0014203999912602	9601	13.637260316089	105	9572.4935691318
GLOBAL	III	11650001	11660000	0.0010673161244841	8990	9.5951719591123	73	7629.1189710611
GLOBAL	III	11660001	11670000	0.0011597572124412	9326	10.815895763226	83	8861.1688102894
GLOBAL	III	11670001	11680000	0.0010289427000671	9844	10.128911939461	78	9819.2170418006
GLOBAL	III	11680001	11690000	0.0012179152085629	9705	11.819867099103	91	9677.5578778135
GLOBAL	III	11690001	11700000	0.0012082066207147	9460	11.429634631961	88	9427.0032154341
GLOBAL	III	11700001	11710000	0.0013535008495423	9692	13.118130233764	101	9661.4662379421
GLOBAL	III	11710001	11720000	0.0010673223174104	9736	10.391450082307	80	9705.6221864952
GLOBAL	III	11720001	11730000	0.00087221218802717	9529	8.3113099397109	64	9513.959807074
GLOBAL	III	11730001	11740000	0.0014566472263948	9629	14.026056142956	108	9609.7090032154
GLOBAL	III	11740001	11750000	0.0011593151004886	9751	11.304481544865	87	9720.7749196141
GLOBAL	III	11750001	11760000	0.001300809245357	9787	12.731020084309	98	9753.4019292604
GLOBAL	III	11760001	11770000	0.0011029956700815	9420	10.390219212168	80	9398.9726688103
GLOBAL	III	11770001	11780000	0.0011225064002701	9719	10.909639704225	84	9694.4758842444
GLOBAL	III	11780001	11790000	0.00096284635085326	9443	9.0921580911074	70	9409.61414791
GLOBAL	III	11790001	11800000	0.0012122502900006	9336	11.317568707445	87	9296.4501607717
GLOBAL	III	11800001	11810000	0.00097584405884224	9848	9.6101122914784	74	9827.5273311897
GLOBAL	III	11810001	11820000	0.0013974430928884	9020	12.604936697853	97	8970.2845659164
GLOBAL	III	11820001	11830000	0.0012178707512608	9598	11.689123470601	90	9571.4774919614
GLOBAL	III	11830001	11840000	0.0013811369997332	9691	13.384598664414	103	9647.617363344
GLOBAL	III	11840001	11850000	0.0011495950595031	9603	11.039561356409	85	9573.3038585209
GLOBAL	III	11850001	11860000	0.0012405714631442	9635	11.952906047394	92	9609.3311897106
GLOBAL	III	11860001	11870000	0.0014115952553944	9028	12.7438819657	98	8979.2106109325
GLOBAL	III	11870001	11880000	0.0013458319917651	9480	12.758487281933	98	9445.6334405145
GLOBAL	III	11880001	11890000	0.0012218838600967	3087	3.7719554761186	29	3074.9308681672
GLOBAL	IV	1	10000	0.0030510295268625	130	0.39663383849213	3	94.747330960854
GLOBAL	IV	10001	20000	0.0024525737588299	9173	22.497459089747	169	6875.9131832797
GLOBAL	IV	20001	30000	0.0022391120555562	9687	21.690278482173	167	9651.6720257235
GLOBAL	IV	30001	40000	0.0019595257807649	9611	18.833002278932	145	9578.0305466238
GLOBAL	IV	40001	50000	0.0023486658072732	9786	22.984043589976	177	9771.1511254019
GLOBAL	IV	50001	60000	0.00249589150301	9522	23.765878891661	183	9502.4180064309
GLOBAL	IV	60001	70000	0.0021708455282102	9751	21.167914745577	163	9729.5192926045
GLOBAL	IV	70001	80000	0.0018580408852021	9579	17.798173639351	137	9533.8569131833
GLOBAL	IV	80001	90000	0.0019821758265641	9636	19.100246264771	147	9580.1768488746
GLOBAL	IV	90001	100000	0.0023937480842646	9499	22.73821305243	175	9457.0578778135
GLOBAL	IV	100001	110000	0.0027064341210016	9551	25.849152289686	199	9520.1881028939
GLOBAL	IV	110001	120000	0.0024964057529686	9520	23.765782768261	183	9499.4372990354
GLOBAL	IV	120001	130000	0.0021251099600675	9533	20.258673249323	156	9507.6848874598
GLOBAL	IV	130001	140000	0.0030218261066097	9076	27.426093743589	211	8924.2041800643
GLOBAL	IV	140001	150000	0.0025656111919345	9418	24.162926205639	186	9377.5305466238
GLOBAL	IV	150001	160000	0.0039202253816966	9542	37.406790592149	288	9505.4887459807
GLOBAL	IV	160001	170000	0.0031711516043368	9869	31.2960951832	241	9848.6688102894
GLOBAL	IV	170001	180000	0.0029995171962696	9093	27.274609865679	210	9065.9035369775
GLOBAL	IV	180001	190000	0.0015339848959525	9566	14.674099514682	113	9546.5996784566
GLOBAL	IV	190001	200000	0.0031247757495368	9684	30.260328358515	233	9657.2556270096
GLOBAL	IV	200001	210000	0.0022869836818723	9296	21.259800306685	163	9066.7909967846
GLOBAL	IV	210001	220000	0.0030041974967309	9513	28.578930786401	220	9479.8520900322
GLOBAL	IV	220001	230000	0.0042815184824909	9676	41.427972836582	319	9648.3617363344
GLOBAL	IV	230001	240000	0.0048348568431114	9703	46.912615948709	361	9634.4726688103
GLOBAL	IV	240001	250000	0.0052917189923982	9745	51.56780158092	397	9680.3906752412
GLOBAL	IV	250001	260000	0.0053084041757276	9542	50.652792644793	390	9508.3022508039
GLOBAL	IV	260001	270000	0.0066959339530461	9408	62.995346630257	485	9367.5337620579
GLOBAL	IV	270001	280000	0.0080254531757552	9372	75.214547163178	579	9338.6639871383
GLOBAL	IV	280001	290000	0.0055857606962308	9350	52.226862509758	402	9264.2877813505
GLOBAL	IV	290001	300000	0.0013181196714948	9668	12.743580984011	98	9603.7749196141
GLOBAL	IV	300001	310000	0.0012114409920445	9649	11.689194132237	90	9600.3553054662
GLOBAL	IV	310001	320000	0.0016790505117395	9747	16.365705337925	126	9712.2540192926
GLOBAL	IV	320001	330000	0.001467268635131	9564	14.032957226393	108	9502.0530546624
GLOBAL	IV	330001	340000	0.0015870534406351	9820	15.584864787037	120	9794.9549839228
GLOBAL	IV	340001	350000	0.0014681307620287	9289	13.637466648484	105	9266.7234726688
GLOBAL	IV	350001	360000	0.0017910142889975	9720	17.408658889056	134	9670.9742765273
GLOBAL	IV	360001	370000	0.0019279914654398	9043	17.434826821972	134	8948.6103059581
GLOBAL	IV	370001	380000	0.0016156023637783	9246	14.937859455494	115	9218.268488746
GLOBAL	IV	380001	390000	0.0017547274464506	9551	16.75940184105	129	9432.2202572347
GLOBAL	IV	390001	400000	0.0014242387226165	9484	13.507480045295	104	9459.8215434084
GLOBAL	IV	400001	410000	0.0016141922194584	9656	15.586640071091	120	9627.3408360129
GLOBAL	IV	410001	420000	0.0015290843228862	9519	14.555353669554	112	9476.4646302251
GLOBAL	IV	420001	430000	0.0020096130645176	9632	19.356593037433	149	9589.2604501608
GLOBAL	IV	430001	440000	0.0034676430395869	9402	32.602779858196	251	9365.463022508
GLOBAL	IV	440001	450000	0.0015303605828787	9674	14.804708278768	114	9649.1398713826
GLOBAL	IV	450001	460000	0.0020049079891706	9592	19.231077432124	148	9536.0241157556
GLOBAL	IV	460001	470000	0.0030472835814106	8192	24.963347098916	192	7534.1028938907
GLOBAL	IV	470001	480000	0.0016427715604206	9252	15.198922477012	117	9201.7154340836
GLOBAL	IV	480001	490000	0.0019714579036567	9303	18.340472877718	141	9190.5691318328
GLOBAL	IV	490001	500000	0.0023000016430325	9509	21.870715623596	168	9396.9453376206
GLOBAL	IV	500001	510000	0.0016699261392967	8260	13.793589910591	106	7584.4855305466
GLOBAL	IV	510001	520000	0.0029275641230909	8240	24.123128374269	184	7486.1286173633
GLOBAL	IV	520001	530000	0.0019577577350399	9304	18.214977966812	140	9209.0916398714
GLOBAL	IV	530001	540000	0.0021837362276335	9579	20.918009324501	161	9531.2877813505
GLOBAL	IV	540001	550000	0.0022054679721657	8889	19.604404804581	150	8398.5530546624
GLOBAL	IV	550001	560000	0.0021383186249938	9023	19.294048953319	148	8212.1205787781
GLOBAL	IV	560001	570000	0.0020107112238141	9433	18.967038974238	146	9378.5530546624
GLOBAL	IV	570001	580000	0.0026866489872613	8950	24.045508435989	185	8893.8713826367
GLOBAL	IV	580001	590000	0.0025023286354985	9093	22.753674282588	175	8916.4180064309
GLOBAL	IV	590001	600000	0.0032125308129699	9430	30.294165566306	233	9348.7090032154
GLOBAL	IV	600001	610000	0.002751125733352	8871	24.405236380566	187	8439.3022508039
GLOBAL	IV	610001	620000	0.0024679364834156	9320	23.001168025433	177	9265.847266881
GLOBAL	IV	620001	630000	0.0026613288698544	9471	25.205445726391	194	9415.3971061093
GLOBAL	IV	630001	640000	0.0028591497497707	9042	25.852432037427	198	8725.5852090032
GLOBAL	IV	640001	650000	0.0022678911545701	9048	20.51987916655	157	8868.7636655949
GLOBAL	IV	650001	660000	0.0028434638164941	9504	27.02428011196	208	9443.1028938907
GLOBAL	IV	660001	670000	0.0022143837788685	8887	19.679228642805	150	8257.4180064309
GLOBAL	IV	670001	680000	0.0020830444616586	9299	19.370230448964	149	9210.7379421222
GLOBAL	IV	680001	690000	0.002370027035471	9230	21.875349537397	168	9037.617363344
GLOBAL	IV	690001	700000	0.0034591801182914	7864	27.202992450244	208	7620.5450160772
GLOBAL	IV	700001	710000	0.0026691597776386	7358	19.639677643865	151	7255.0691318328
GLOBAL	IV	710001	720000	0.0025131435174148	8765	22.027702930141	169	8517.5257234727
GLOBAL	IV	720001	730000	0.0027733894431172	9014	24.999332440258	192	8869.5321543408
GLOBAL	IV	730001	740000	0.0032908864092709	9205	30.292609397339	233	9021.845659164
GLOBAL	IV	740001	750000	0.0023533771290305	8976	21.123913110177	162	8838.9758842444
GLOBAL	IV	750001	760000	0.0027551801182077	9128	25.149284119	193	8936.2459807074
GLOBAL	IV	760001	770000	0.0033093269950619	8932	29.558908719893	227	8749.0080385852
GLOBAL	IV	770001	780000	0.0025570480056174	8512	21.765592623815	167	8359.0932475884
GLOBAL	IV	780001	790000	0.0024454834362982	9467	23.151391691435	178	9320.6382636656
GLOBAL	IV	790001	800000	0.0023910974297585	9414	22.509791203747	173	9307.3167202572
GLOBAL	IV	800001	810000	0.0023223231732693	9409	21.850738737291	168	9326.2459807074
GLOBAL	IV	810001	820000	0.0036334386315562	8952	32.526542629691	250	8817.4662379421
GLOBAL	IV	820001	830000	0.0024768197400133	9191	22.764450230462	175	9090.7154340836
GLOBAL	IV	830001	840000	0.0026795197574016	9367	25.099061567581	193	9275.4405144695
GLOBAL	IV	840001	850000	0.0028063888874791	9310	26.12748054243	201	9236.9485530547
GLOBAL	IV	850001	860000	0.0018983251543323	8903	16.90078884902	130	8806.0353697749
GLOBAL	IV	860001	870000	0.0020001959442479	9029	18.059769180615	139	8973.959807074
GLOBAL	IV	870001	880000	0.0020591936027346	9401	19.358479059308	149	9351.7234726688
GLOBAL	IV	880001	890000	0.001695772743894	9347	15.850387837177	122	9286.2025723473
GLOBAL	IV	890001	900000	0.0023319762074262	9311	21.713030467346	167	9214.2765273312
GLOBAL	IV	900001	910000	0.0023707521489762	9282	22.005321446797	169	9114.3954983923
GLOBAL	IV	910001	920000	0.0022008422969446	8748	19.252968413671	148	8442.2395498392
GLOBAL	IV	920001	930000	0.0019203763915573	9337	17.93055436797	138	9276.8424437299
GLOBAL	IV	930001	940000	0.0023102623245044	9403	21.723396637315	167	9300.4115755627
GLOBAL	IV	940001	950000	0.002759041317394	9092	25.085203657746	193	9024.7717041801
GLOBAL	IV	950001	960000	0.0023274867016943	9052	21.068409623736	162	8957.2202572347
GLOBAL	IV	960001	970000	0.0026679044263684	9161	24.440672449961	188	9075.1688102894
GLOBAL	IV	970001	980000	0.0022655941998526	9526	21.582050347796	166	9424.9951768489
GLOBAL	IV	980001	990000	0.002643089945083	9154	24.19484535729	186	9030.5546623794
GLOBAL	IV	990001	1000000	0.0027410235526177	7932	21.741798819363	165	7675.1720257235
GLOBAL	IV	1000001	1010000	0.0049582084233643	9047	44.856911606176	345	8979.6607717042
GLOBAL	IV	1010001	1020000	0.005768088142885	9262	53.4240323794	411	9130.6977491961
GLOBAL	IV	1020001	1030000	0.0024529255666784	8751	21.465551634003	165	8627.2765273312
GLOBAL	IV	1030001	1040000	0.0022464145214005	9370	21.048904065523	162	9312.8649517685
GLOBAL	IV	1040001	1050000	0.0019429954443683	8028	15.598367427389	120	7817.8762057878
GLOBAL	IV	1050001	1060000	0.0023593973159963	9419	22.223163319369	171	9347.5160771704
GLOBAL	IV	1060001	1070000	0.0021020058948975	9459	19.882873759835	153	9390.8311897106
GLOBAL	IV	1070001	1080000	0.0024856564151383	9340	23.216030917392	178	8995.9196141479
GLOBAL	IV	1080001	1090000	0.0025321511712092	8985	22.751378273315	175	8917.1835748792
GLOBAL	IV	1090001	1100000	0.0021750727552384	8795	19.129764882322	147	8687.7954911433
GLOBAL	IV	1100001	1110000	0.002395766576586	9024	21.619397587112	165	8623.6655948553
GLOBAL	IV	1110001	1120000	0.002018234144048	9342	18.854343373697	145	9255.0225080386
GLOBAL	IV	1120001	1130000	0.0036347053456589	9233	33.559234456469	258	9147.4292604502
GLOBAL	IV	1130001	1140000	0.0043469143665287	8970	38.991821867763	300	8885.7138263666
GLOBAL	IV	1140001	1150000	0.0053814097057102	8735	47.006613779379	361	8550.4517684887
GLOBAL	IV	1150001	1160000	0.0072595481020136	8877	64.443008501575	496	8816.4372990354
GLOBAL	IV	1160001	1170000	0.0049927802479993	7318	36.537165854859	281	7247.9324758842
GLOBAL	IV	1170001	1180000	0.004464207958643	8956	39.981446477606	307	8826.8601286174
GLOBAL	IV	1180001	1190000	0.0025880860996957	8965	23.202191883772	178	8700.7797427653
GLOBAL	IV	1190001	1200000	0.0019123184332271	8978	17.168794893513	132	8869.5852090032
GLOBAL	IV	1200001	1210000	0.00206483656962	9219	19.035728335326	146	9066.5160771704
GLOBAL	IV	1210001	1220000	0.0017495233175061	7726	13.516817151052	103	6666.9790996785
GLOBAL	IV	1220001	1230000	0.0032618866749147	4443	14.492562496646	110	3819.5177419355
GLOBAL	IV	1230001	1240000	0.0022577782966868	7632	17.231363960314	127	5373.5475040258
GLOBAL	IV	1240001	1250000	0.0010734457149618	3508	3.7656475680859	24	1463.3116197183
GLOBAL	IV	1250001	1260000	0.0022473957354448	8667	19.4781788391	148	8160.1897106109
GLOBAL	IV	1260001	1270000	0.0024667540592657	8941	22.055248043895	169	8750.8713826367
GLOBAL	IV	1270001	1280000	0.0025380787094848	9286	23.568598896276	181	9119.5305466238
GLOBAL	IV	1280001	1290000	0.0022077350984266	9622	21.242827117061	163	9509.4389067524
GLOBAL	IV	1290001	1300000	0.0023473608379954	9150	21.478351667658	165	9007.2893890675
GLOBAL	IV	1300001	1310000	0.0012499139287586	8947	11.182979920603	86	8874.6189710611
GLOBAL	IV	1310001	1320000	0.0016968600182668	9115	15.466879066502	119	9040.1398713826
GLOBAL	IV	1320001	1330000	0.0026869505485816	8891	23.889677327439	182	8247.9019292604
GLOBAL	IV	1330001	1340000	0.0020582351357458	9414	19.376225567911	149	9309.0884244373
GLOBAL	IV	1340001	1350000	0.0015673984710635	7578	11.877745613719	91	6841.5841423948
GLOBAL	IV	1350001	1360000	0.0037151807129083	9554	35.494836531126	273	9415.38585209
GLOBAL	IV	1360001	1370000	0.0012259315411924	9145	11.211143944205	86	8708.3263665595
GLOBAL	IV	1370001	1380000	0.0016003261157276	9338	14.943845268664	115	9290.4758842444
GLOBAL	IV	1380001	1390000	0.0013099531035611	9225	12.084317380351	93	9171.0128617363
GLOBAL	IV	1390001	1400000	0.001499409664761	9014	13.515678718156	104	8947.4469453376
GLOBAL	IV	1400001	1410000	0.0019773338434684	9462	18.709532826898	144	9403.8906752412
GLOBAL	IV	1410001	1420000	0.0021158867806825	9641	20.39926445256	157	9585.9951768489
GLOBAL	IV	1420001	1430000	0.0026797797003049	9553	25.599935477013	197	9493.7170418006
GLOBAL	IV	1430001	1440000	0.0020912532298811	9511	19.889909469399	153	9428.3022508039
GLOBAL	IV	1440001	1450000	0.0019505623116362	9461	18.45427003039	142	9407.2090032154
GLOBAL	IV	1450001	1460000	0.0019018077877115	9433	17.939752861482	138	9347.1752411576
GLOBAL	IV	1460001	1470000	0.0020921554383726	9566	20.013558923472	154	9490.6302250804
GLOBAL	IV	1470001	1480000	0.0022524427365181	9515	21.43199263797	165	9477.9276527331
GLOBAL	IV	1480001	1490000	0.0020612506716086	8896	18.33688597463	141	8783.6591639871
GLOBAL	IV	1490001	1500000	0.0020076087815296	9589	19.250960606087	148	9501.7459807074
GLOBAL	IV	1500001	1510000	0.0020506833970619	9442	19.362552635058	149	9381.1045016077
GLOBAL	IV	1510001	1520000	0.0022800183141007	9203	20.983008544669	161	8938.7475884244
GLOBAL	IV	1520001	1530000	0.0020131717022994	9297	18.716457316278	144	9232.5675241158
GLOBAL	IV	1530001	1540000	0.0018387232892874	9332	17.15896573563	132	9256.4196141479
GLOBAL	IV	1540001	1550000	0.004491504882696	9178	41.223031813384	317	9048.729903537
GLOBAL	IV	1550001	1560000	0.0031197914929309	9386	29.28236295265	224	8302.268488746
GLOBAL	IV	1560001	1570000	0.0013736852675681	8424	11.571924693994	89	7832.0659163987
GLOBAL	IV	1570001	1580000	0.0025920761713862	9029	23.403855751446	180	8943.1286173633
GLOBAL	IV	1580001	1590000	0.001958466633071	8042	15.749988663157	121	7853.9903536977
GLOBAL	IV	1590001	1600000	0.0019907066761313	9402	18.716624168986	144	9335.8906752412
GLOBAL	IV	1600001	1610000	0.0019197019642654	9677	18.576955908196	143	9631.6752411576
GLOBAL	IV	1610001	1620000	0.0021276735761958	9349	19.891620263855	153	9249.9774919614
GLOBAL	IV	1620001	1630000	0.001661580980512	9073	15.075524236185	116	8986.3392282958
GLOBAL	IV	1630001	1640000	0.0017182763106527	9306	15.990279346934	123	9237.4694533762
GLOBAL	IV	1640001	1650000	0.0019140275134734	9706	18.577551045772	143	9659.5498392283
GLOBAL	IV	1650001	1660000	0.0018435180493168	8464	15.603536769417	120	8055.2106109325
GLOBAL	IV	1660001	1670000	0.0026434103755663	9252	24.456832794739	183	8691.0080385852
GLOBAL	IV	1670001	1680000	0.0021781930668608	8574	18.675827355264	143	8406.6672025723
GLOBAL	IV	1680001	1690000	0.0027378388273901	9135	25.010157688209	192	9038.1575562701
GLOBAL	IV	1690001	1700000	0.0019100267925127	9522	18.187275118306	140	9476.4051446945
GLOBAL	IV	1700001	1710000	0.0019936468528012	7700	15.35108076657	117	6558.7170418006
GLOBAL	IV	1710001	1720000	0.0022932588804652	9348	21.437384014588	165	9290.5353697749
GLOBAL	IV	1720001	1730000	0.0020632273237721	9062	18.696966008023	143	8899.9372990354
GLOBAL	IV	1730001	1740000	0.0018258226348672	9406	17.173687703561	132	9291.2893890675
GLOBAL	IV	1740001	1750000	0.0021569868402033	9173	19.786040285185	152	9008.5096463023
GLOBAL	IV	1750001	1760000	0.0016327909455293	9552	15.596419111696	120	9477.8199356913
GLOBAL	IV	1760001	1770000	0.0018394416365292	8544	15.716189342506	118	7682.8727858293
GLOBAL	IV	1770001	1780000	0.0017793060310709	8704	15.487079694441	119	8640.7652733119
GLOBAL	IV	1780001	1790000	0.0022064449633074	8692	19.178419621068	145	7695.8118971061
GLOBAL	IV	1790001	1800000	0.0020483326236072	9027	18.490298593302	142	8890.3762057878
GLOBAL	IV	1800001	1810000	0.0023739058157335	7829	18.585308631378	139	7056.1591639871
GLOBAL	IV	1810001	1820000	0.0024221559971585	9427	22.833664585213	175	9231.3295819936
GLOBAL	IV	1820001	1830000	0.0024911875411333	9125	22.732086312841	175	8908.6881028939
GLOBAL	IV	1830001	1840000	0.0020950900524434	8747	18.325752688722	141	8676.1061093248
GLOBAL	IV	1840001	1850000	0.0016741877570544	9312	15.590036393691	120	9253.5048231511
GLOBAL	IV	1850001	1860000	0.0025171282003643	9194	23.142476674149	178	9124.3199356913
GLOBAL	IV	1860001	1870000	0.0021403362011472	7345	15.720769397426	121	6734.4887459807
GLOBAL	IV	1870001	1880000	0.0021711486989094	9231	20.041873639633	153	8581.1961414791
GLOBAL	IV	1880001	1890000	0.0020481124757614	9205	18.852875339384	145	9121.0128617363
GLOBAL	IV	1890001	1900000	0.00200318324905	9211	18.451320907	142	9124.7909967846
GLOBAL	IV	1900001	1910000	0.0021309827580678	9389	20.007797115499	154	9346.0900321543
GLOBAL	IV	1910001	1920000	0.0024813040103682	9178	22.773408207159	175	9028.6897106109
GLOBAL	IV	1920001	1930000	0.0023872960762909	8462	20.201299397574	155	7784.8888888889
GLOBAL	IV	1930001	1940000	0.0033982866390189	8180	27.797984707175	214	8031.7411575563
GLOBAL	IV	1940001	1950000	0.0022725334170796	9381	21.318635985623	164	9305.5305466238
GLOBAL	IV	1950001	1960000	0.002244833154232	8855	19.877997580724	153	8800.6414790997
GLOBAL	IV	1960001	1970000	0.0018252108753706	9412	17.178884758988	131	8970.6848874598
GLOBAL	IV	1970001	1980000	0.0022627008606547	9534	21.572590005482	166	9471.4099678457
GLOBAL	IV	1980001	1990000	0.0022417267922164	9333	20.922036151756	161	9245.536977492
GLOBAL	IV	1990001	2000000	0.002445898487348	8947	21.883453766303	168	8806.9855305466
GLOBAL	IV	2000001	2010000	0.0017461421796661	9266	16.179753436786	124	8591.0257234727
GLOBAL	IV	2010001	2020000	0.0020935411120391	4327	9.0587523917932	69	3724.1672025723
GLOBAL	IV	2020001	2030000	0.0024636094302101	3553	8.7532043055366	66	2906.5627009646
GLOBAL	IV	2030001	2040000	0.0021603963498639	7216	15.589420060618	118	5832.731078905
GLOBAL	IV	2040001	2050000	0.0020594557341414	8424	17.348855104407	133	7759.0305466238
GLOBAL	IV	2050001	2060000	0.0025773237745111	9155	23.595399155649	180	8856.797319933
GLOBAL	IV	2060001	2070000	0.0028814828646287	9024	26.002501370409	199	8592.5080385852
GLOBAL	IV	2070001	2080000	0.0021489422207012	9134	19.628438243885	151	9077.998392283
GLOBAL	IV	2080001	2090000	0.0019750668783741	9276	18.320720363798	141	9222.2090032154
GLOBAL	IV	2090001	2100000	0.0018251668271469	9324	17.017855496318	131	9275.4919614148
GLOBAL	IV	2100001	2110000	0.0017734117976477	9450	16.758741487771	129	9388.9871382637
GLOBAL	IV	2110001	2120000	0.0035038201232194	9252	32.417343780025	249	9125.7829581994
GLOBAL	IV	2120001	2130000	0.0023167582210394	8930	20.688650913882	159	8821.6028938907
GLOBAL	IV	2130001	2140000	0.0023764883584025	9403	22.346120034059	172	9362.0627009646
GLOBAL	IV	2140001	2150000	0.0033732929623037	8944	30.170732254844	227	7713.7974276527
GLOBAL	IV	2150001	2160000	0.0017491174601884	8533	14.925219287787	113	7264.2427652733
GLOBAL	IV	2160001	2170000	0.0028830460806493	9242	26.645111877361	203	8717.8295819936
GLOBAL	IV	2170001	2180000	0.0019947637160808	9580	19.109836400054	147	9482.4871382637
GLOBAL	IV	2180001	2190000	0.0022743609678322	9484	21.57003941892	166	9403.5884244373
GLOBAL	IV	2190001	2200000	0.0025086028004771	9486	23.796606165326	183	9400.8279742765
GLOBAL	IV	2200001	2210000	0.0020931164295191	9258	19.378071904488	149	9162.2491961415
GLOBAL	IV	2210001	2220000	0.0020009975718237	9286	18.581263451955	143	9195.7652733119
GLOBAL	IV	2220001	2230000	0.0023986304130068	9431	22.621483425067	174	9369.5675241158
GLOBAL	IV	2230001	2240000	0.0024428818336861	9272	22.650400361937	174	9166.3906752412
GLOBAL	IV	2240001	2250000	0.0024496005250078	9201	22.538774430597	173	8995.077170418
GLOBAL	IV	2250001	2260000	0.0019418779594187	9247	17.956545490745	138	8822.1382636656
GLOBAL	IV	2260001	2270000	0.0020824154548453	8677	18.069118901692	139	8605.9405144695
GLOBAL	IV	2270001	2280000	0.0018512475291958	9270	17.161064595645	132	9174.3729903537
GLOBAL	IV	2280001	2290000	0.0021282245564237	5991	12.750193317534	98	5756.2138263666
GLOBAL	IV	2290001	2300000	0.0020719069686097	6526	13.521264877147	104	5924.6264090177
GLOBAL	IV	2300001	2310000	0.0018841191621133	9324	17.567527067544	135	8890.6430868167
GLOBAL	IV	2310001	2320000	0.0015901647883579	9561	15.20356554149	117	9479.9051446945
GLOBAL	IV	2320001	2330000	0.0018224718867956	9066	16.522530125689	127	8934.7717041801
GLOBAL	IV	2330001	2340000	0.0016259441367562	9434	15.339156986158	118	9364.0691318328
GLOBAL	IV	2340001	2350000	0.0023236682684731	8472	19.686117570504	150	8002.0434083601
GLOBAL	IV	2350001	2360000	0.0016978872747277	9413	15.982212917012	123	9352.1816720257
GLOBAL	IV	2360001	2370000	0.0017430609791775	5584	9.733252507727	74	4120.5257234727
GLOBAL	IV	2370001	2380000	0.001485797112941	4424	6.5731664276511	50	3077.0308943089
GLOBAL	IV	2380001	2390000	0.0020248747561951	7380	14.94357570072	115	7218.7154340836
GLOBAL	IV	2390001	2400000	0.0023336647230619	9409	21.957451379289	169	9337.7427652733
GLOBAL	IV	2400001	2410000	0.002047380677377	9328	19.097966958572	147	9264.808681672
GLOBAL	IV	2410001	2420000	0.0018902936726182	9321	17.619427322475	135	8846.4903536977
GLOBAL	IV	2420001	2430000	0.0016691264919531	8646	14.431267649427	111	8337.8520900322
GLOBAL	IV	2430001	2440000	0.0022293754323901	9211	20.534777107745	158	9129.9421221865
GLOBAL	IV	2440001	2450000	0.0016016280679353	9248	14.811856372265	114	9217.5257234727
GLOBAL	IV	2450001	2460000	0.0022273512133065	9623	21.433800725648	165	9584.5530546624
GLOBAL	IV	2460001	2470000	0.0019305036278754	9556	18.447892667978	142	9508.1414790997
GLOBAL	IV	2470001	2480000	0.0019318699828587	9158	17.69206530302	136	8939.0578778135
GLOBAL	IV	2480001	2490000	0.0019740264524228	9282	18.322913531389	141	9216.3810289389
GLOBAL	IV	2490001	2500000	0.0017395576561748	9411	16.370977102261	126	9357.2958199357
GLOBAL	IV	2500001	2510000	0.0018066410046357	9639	17.414212643684	134	9552.7395498392
GLOBAL	IV	2510001	2520000	0.0022135060596547	9101	20.145118648918	155	9037.729903537
GLOBAL	IV	2520001	2530000	0.0020139094965281	9054	18.233936581565	140	8945.4051446945
GLOBAL	IV	2530001	2540000	0.0014532074567155	8597	12.493224505383	96	7674.6093247588
GLOBAL	IV	2540001	2550000	0.0025206339396702	9066	22.85206729705	174	8331.8022508039
GLOBAL	IV	2550001	2560000	0.0020177122586093	3168	6.3921124352744	45	2703.5530546624
GLOBAL	IV	2560001	2570000	0.0023874116428983	9044	21.591750898373	166	8885.4115755627
GLOBAL	IV	2570001	2580000	0.0015446055835562	8673	13.396364226183	102	8376.9517684887
GLOBAL	IV	2580001	2590000	0.0013810429335926	8641	11.933591989174	91	7677.4951768489
GLOBAL	IV	2590001	2600000	0.0020574757961561	9412	19.364962193421	149	9355.0353697749
GLOBAL	IV	2600001	2610000	0.0019926156089749	9455	18.840180582858	145	9396.2395498392
GLOBAL	IV	2610001	2620000	0.001701924437202	8934	15.204992921962	117	8379.1109324759
GLOBAL	IV	2620001	2630000	0.0020405876497669	9614	19.618209664859	151	9564.5
GLOBAL	IV	2630001	2640000	0.0018340417224231	9366	17.177634772215	132	9030.7652733119
GLOBAL	IV	2640001	2650000	0.001969295435219	9108	17.936342823974	138	9032.9501607717
GLOBAL	IV	2650001	2660000	0.0025101064099195	8406	21.099954481783	160	7982.1720257235
GLOBAL	IV	2660001	2670000	0.0020910649611405	9515	19.896483105252	153	9439.4887459807
GLOBAL	IV	2670001	2680000	0.0018822376380247	9182	17.282705992343	133	9137.2540192926
GLOBAL	IV	2680001	2690000	0.0020740173931426	9463	19.626426591309	151	9389.0048231511
GLOBAL	IV	2690001	2700000	0.0025236767938165	9013	22.745898942668	175	8947.3376205788
GLOBAL	IV	2700001	2710000	0.0019223757883382	9465	18.195286836621	140	9395.6897106109
GLOBAL	IV	2710001	2720000	0.0014776999893815	7413	10.954190021285	84	6915.8617363344
GLOBAL	IV	2720001	2730000	0.0016929772112514	8063	13.65047525432	104	7508.7909967846
GLOBAL	IV	2730001	2740000	0.0020466226945446	9457	19.354910822308	149	9414.3553054662
GLOBAL	IV	2740001	2750000	0.0017523925888679	9638	16.889559771508	130	9569.5980707395
GLOBAL	IV	2750001	2760000	0.0014992654495272	9290	13.928176026108	107	9047.5932475884
GLOBAL	IV	2760001	2770000	0.0019948055742843	9434	18.818995787798	144	9242.229903537
GLOBAL	IV	2770001	2780000	0.0020172401235899	9054	18.264092078983	140	8609.7556270096
GLOBAL	IV	2780001	2790000	0.00152658501371	7801	11.908889691952	91	6793.2427652733
GLOBAL	IV	2790001	2800000	0.002293701970281	1918	4.3993203789989	28	766.07246376812
GLOBAL	IV	2800001	2810000	0.0023681022227448	3798	8.9940522419847	67	3257.7250803859
GLOBAL	IV	2810001	2820000	0.0018706913460856	9257	17.316989790714	133	8850.0562700965
GLOBAL	IV	2820001	2830000	0.0018945582868341	9481	17.962307117474	138	9094.3745980707
GLOBAL	IV	2830001	2840000	0.0024801214003052	4173	10.349546603474	79	3621.8888888889
GLOBAL	IV	2840001	2850000	0.0023614813217973	9004	21.262777821463	162	8798.2411575563
GLOBAL	IV	2850001	2860000	0.0020355556838498	9255	18.83906785403	145	9198.8745980707
GLOBAL	IV	2860001	2870000	0.0022420446385312	9400	21.075219602193	161	8933.3938906752
GLOBAL	IV	2870001	2880000	0.0018661007354604	9402	17.545079114799	135	9344.3762057878
GLOBAL	IV	2880001	2890000	0.001951466357476	9543	18.622843449393	143	9405.3392282958
GLOBAL	IV	2890001	2900000	0.0018450680388214	9578	17.672061675831	136	9505.6688102894
GLOBAL	IV	2900001	2910000	0.0035716847215814	9029	32.248741351158	248	8940.3135048232
GLOBAL	IV	2910001	2920000	0.0045782724801903	9145	41.868301831341	322	8995.5353697749
GLOBAL	IV	2920001	2930000	0.0070877816783274	9548	67.67413946467	521	9497.0209003215
GLOBAL	IV	2930001	2940000	0.0049616532286906	9014	44.724342203417	344	8867.1559485531
GLOBAL	IV	2940001	2950000	0.0062382206873663	9167	57.185769041087	440	9020.8183279743
GLOBAL	IV	2950001	2960000	0.0040468270423031	9191	37.194387345808	286	9061.9083601286
GLOBAL	IV	2960001	2970000	0.0014710405784477	9459	13.914572831537	107	9171.4112903226
GLOBAL	IV	2970001	2980000	0.0016852970827441	8771	14.781740712748	113	8366.1207729469
GLOBAL	IV	2980001	2990000	0.0015784837536762	8309	13.115621509296	100	7290.2161290323
GLOBAL	IV	2990001	3000000	0.0017169173977547	9003	15.457407331985	118	7594.3397745572
GLOBAL	IV	3000001	3010000	0.00077875745373118	5467	4.2574669995484	25	1384.7295918367
GLOBAL	IV	3010001	3020000	0.001079201802515	2110	2.2771158033067	10	262.94755244755
GLOBAL	IV	3020001	3030000	0.0013784348594497	1866	2.5721594477332	12	569.12711864407
GLOBAL	IV	3030001	3040000	0.0015236006938	4530	6.9019111429139	37	1468.7926829268
GLOBAL	IV	3040001	3050000	0.0019002771174256	7950	15.107203083533	113	6803.7186495177
GLOBAL	IV	3050001	3060000	0.0015672597846556	8640	13.541124539425	104	8185.2829581994
GLOBAL	IV	3060001	3070000	0.0015103494321512	9377	14.162546625282	109	9317.2057877813
GLOBAL	IV	3070001	3080000	0.0026253259675886	8294	21.77445357518	165	7184.0032154341
GLOBAL	IV	3080001	3090000	0.0012893199174046	9574	12.343948889231	95	9526.7652733119
GLOBAL	IV	3090001	3100000	0.0016437508002158	9539	15.679738883259	119	8827.5337620579
GLOBAL	IV	3100001	3110000	0.0019948928829002	9148	18.249280092771	140	9045.7572347267
GLOBAL	IV	3110001	3120000	0.001532683529767	8943	13.706788806707	104	8259.6286173633
GLOBAL	IV	3120001	3130000	0.001703652028145	8935	15.222130871475	117	8824.5482315113
GLOBAL	IV	3130001	3140000	0.0018100776334333	9474	17.148675499147	132	9423.2508038585
GLOBAL	IV	3140001	3150000	0.0016553027537627	9266	15.338035316366	118	9187.4035369775
GLOBAL	IV	3150001	3160000	0.00223256946537	8800	19.646611295256	151	8694.1623794212
GLOBAL	IV	3160001	3170000	0.0018993494487121	9576	18.188170320867	140	9526.3118971061
GLOBAL	IV	3170001	3180000	0.0020344288414202	9142	18.598748468264	143	9047.8713826367
GLOBAL	IV	3180001	3190000	0.0019975980361543	9365	18.707505608585	144	9319.6575562701
GLOBAL	IV	3190001	3200000	0.0021281128105019	9117	19.402004493346	149	8997.0932475884
GLOBAL	IV	3200001	3210000	0.0015104673858652	9639	14.559395132354	112	9591.0643086817
GLOBAL	IV	3210001	3220000	0.0015300447530352	8945	13.6862503159	105	8275.3665594855
GLOBAL	IV	3220001	3230000	0.0017752442114833	9371	16.63581350581	128	9289.7475884244
GLOBAL	IV	3230001	3240000	0.0016105133117783	9090	14.639566004065	112	8876.229903537
GLOBAL	IV	3240001	3250000	0.0019599301320968	6087	11.930094714073	91	5497.4646302251
GLOBAL	IV	3250001	3260000	0.0018896766500862	9179	17.345341971141	133	8833.8215434084
GLOBAL	IV	3260001	3270000	0.0017426737338921	9545	16.63382079	128	9486.9485530547
GLOBAL	IV	3270001	3280000	0.0016909645605688	9450	15.979615097375	123	9352.3279742765
GLOBAL	IV	3280001	3290000	0.0017220961342446	9355	16.110209335858	124	9300.3874598071
GLOBAL	IV	3290001	3300000	0.0015141526508642	9359	14.170954659438	109	9276.4147909968
GLOBAL	IV	3300001	3310000	0.0014671706033234	9390	13.776731965206	106	9291.2379421222
GLOBAL	IV	3310001	3320000	0.0020185001358063	8825	17.813263698491	137	8727.4967845659
GLOBAL	IV	3320001	3330000	0.0015169823427083	9259	14.045739511136	108	9112.2459807074
GLOBAL	IV	3330001	3340000	0.0013736711260611	8598	11.810824341873	90	8067.691318328
GLOBAL	IV	3340001	3350000	0.0015994219903078	8480	13.56309847781	104	8237.0530546624
GLOBAL	IV	3350001	3360000	0.0016271147623219	9186	14.946676206689	115	9124.6414790997
GLOBAL	IV	3360001	3370000	0.0020040577256502	8947	17.930304471393	137	8203.6173633441
GLOBAL	IV	3370001	3380000	0.0017721021427929	9197	16.298023407266	125	8784.9147909968
GLOBAL	IV	3380001	3390000	0.0016186481106579	9001	14.569451644032	112	8359.5144694534
GLOBAL	IV	3390001	3400000	0.0015726013370848	9087	14.29022835009	110	9033.6109324759
GLOBAL	IV	3400001	3410000	0.0016818418023825	8978	15.09957570179	115	7244.2395498392
GLOBAL	IV	3410001	3420000	0.0015277970898699	9555	14.598101193707	112	9482.3488745981
GLOBAL	IV	3420001	3430000	0.0014041152387169	9438	13.252039623011	102	9389.5096463023
GLOBAL	IV	3430001	3440000	0.0019878753936484	9413	18.711871080413	144	9345.9823151125
GLOBAL	IV	3440001	3450000	0.0014151213690268	9637	13.637524633311	105	9609.9437299035
GLOBAL	IV	3450001	3460000	0.00172597962782	8962	15.468229424523	119	8908.5691318328
GLOBAL	IV	3460001	3470000	0.0020012034298894	9413	18.837327885549	145	9350.9051446945
GLOBAL	IV	3470001	3480000	0.0017745551722952	8890	15.775795481704	120	8434.2540192926
GLOBAL	IV	3480001	3490000	0.0012146521348722	9258	11.245249464647	86	8875.4807073955
GLOBAL	IV	3490001	3500000	0.0014943466107417	9391	14.033409021475	108	9307.5964630225
GLOBAL	IV	3500001	3510000	0.0014539961729986	9396	13.661748041495	105	9296.6993569132
GLOBAL	IV	3510001	3520000	0.0015675833266909	9199	14.42019902223	111	9144.3810289389
GLOBAL	IV	3520001	3530000	0.0014364929552945	8908	12.796279245764	98	8348.0450160772
GLOBAL	IV	3530001	3540000	0.0010231579636217	9520	9.7404638136789	75	9489.2459807074
GLOBAL	IV	3540001	3550000	0.0017099194619092	9293	15.890281559523	119	8558.5819935691
GLOBAL	IV	3550001	3560000	0.0015456970578327	9334	14.42753633781	111	9290.0321543408
GLOBAL	IV	3560001	3570000	0.0017645355489711	9292	16.396064321039	126	9169.7202572347
GLOBAL	IV	3570001	3580000	0.0015427044003938	9346	14.41811532608	111	9308.6430868167
GLOBAL	IV	3580001	3590000	0.0015329219757177	8654	13.265906777861	102	8316.2781350482
GLOBAL	IV	3590001	3600000	0.0015344391796344	9396	14.417590531845	111	9359.2122186495
GLOBAL	IV	3600001	3610000	0.0017562982002599	9540	16.755084830479	129	9507.9067524116
GLOBAL	IV	3610001	3620000	0.0013911162159328	9338	12.99024322438	100	9287.0691318328
GLOBAL	IV	3620001	3630000	0.0012606911409013	9588	12.087506658962	93	9532.6800643087
GLOBAL	IV	3630001	3640000	0.0014939344862626	9357	13.978744987959	107	8952.8729903537
GLOBAL	IV	3640001	3650000	0.0014961281426992	9214	13.78532470683	104	8597.7379421222
GLOBAL	IV	3650001	3660000	0.0013317579854369	9562	12.734269856748	98	9517.0434083601
GLOBAL	IV	3660001	3670000	0.001621648200223	9532	15.457550644526	119	9488.6784565916
GLOBAL	IV	3670001	3680000	0.0011957500199305	9451	11.301033438363	87	9402.7491961415
GLOBAL	IV	3680001	3690000	0.0012711963349851	9508	12.086534753038	93	9452.1945337621
GLOBAL	IV	3690001	3700000	0.0014159210516071	9725	13.769832226879	106	9690.0112540193
GLOBAL	IV	3700001	3710000	0.0021944481319623	9178	20.14064495515	155	9121.1704180064
GLOBAL	IV	3710001	3720000	0.0014862118631788	9268	13.774211547941	106	9198.5305466238
GLOBAL	IV	3720001	3730000	0.0013795217577713	9606	13.251686005151	102	9560.0144694534
GLOBAL	IV	3730001	3740000	0.0015060378809794	9317	14.031754937085	108	9242.2749196141
GLOBAL	IV	3740001	3750000	0.0015420190414355	8858	13.659204669036	105	8773.998392283
GLOBAL	IV	3750001	3760000	0.0016995182079161	9486	16.121629720292	124	9390.1720257235
GLOBAL	IV	3760001	3770000	0.0017883611722863	9448	16.896436355761	130	9378.7588424437
GLOBAL	IV	3770001	3780000	0.001409358149853	8941	12.601071217835	97	8903.4260450161
GLOBAL	IV	3780001	3790000	0.0012956377310952	9424	12.210089977841	94	9379.0289389068
GLOBAL	IV	3790001	3800000	0.0011939504434917	9357	11.171794299752	86	9317.5225080386
GLOBAL	IV	3800001	3810000	0.0011332966960831	8952	10.145272023336	78	8821.5225080386
GLOBAL	IV	3810001	3820000	0.0015207552498389	9061	13.77956331879	106	8993.1189710611
GLOBAL	IV	3820001	3830000	0.0013940063094391	9329	13.004684860757	100	9255.4839228296
GLOBAL	IV	3830001	3840000	0.0011241060270156	9597	10.788045541269	83	9508.6061093248
GLOBAL	IV	3840001	3850000	0.0010925755489086	9630	10.52150253599	81	9585.9437299035
GLOBAL	IV	3850001	3860000	0.001062649154804	9412	10.001653845015	77	9355.6221864952
GLOBAL	IV	3860001	3870000	0.00089870901757902	9250	8.313058412606	64	9216.2508038585
GLOBAL	IV	3870001	3880000	0.0012752312043437	9377	11.957843003131	92	9335.7813504823
GLOBAL	IV	3880001	3890000	0.0012650378101712	9037	11.432146690517	88	8978.0739549839
GLOBAL	IV	3890001	3900000	0.0022494747105706	8594	19.331985662644	148	8169.0836012862
GLOBAL	IV	3900001	3910000	0.0020735777196356	9423	19.539322852127	150	9273.615755627
GLOBAL	IV	3910001	3920000	0.001761278184143	9294	16.369319443425	126	9249.6350482315
GLOBAL	IV	3920001	3930000	0.0021086113912056	9069	19.122996706844	147	8937.8536977492
GLOBAL	IV	3930001	3940000	0.0010270426037838	9611	9.8709064649658	76	9533.4967845659
GLOBAL	IV	3940001	3950000	0.0010574145943871	9214	9.7430180726828	75	9178.729903537
GLOBAL	IV	3950001	3960000	0.0012666863692521	9741	12.338791922885	95	9704.807073955
GLOBAL	IV	3960001	3970000	0.00097836478117524	9557	9.3502322136917	72	9511.5723472669
GLOBAL	IV	3970001	3980000	0.0021050885415436	8776	18.474257040586	140	7748.1993569132
GLOBAL	IV	3980001	3990000	0.0012678502284395	9330	11.82904263134	91	9242.88585209
GLOBAL	IV	3990001	4000000	0.0014498017340861	9016	13.071412434521	100	8593.9356913183
GLOBAL	IV	4000001	4010000	0.0012041770663184	9494	11.432457067627	88	9442.2765273312
GLOBAL	IV	4010001	4020000	0.0013236269461325	9126	12.079419510405	93	9094.2363344051
GLOBAL	IV	4020001	4030000	0.001233898256919	9091	11.217369053651	86	8697.7877813505
GLOBAL	IV	4030001	4040000	0.0010858057502643	9458	10.269550786	79	9370.3183279743
GLOBAL	IV	4040001	4050000	0.0010358760902905	9279	9.6118942418055	74	8976.8231511254
GLOBAL	IV	4050001	4060000	0.0013202307639921	9742	12.861688102811	99	9708.6752411576
GLOBAL	IV	4060001	4070000	0.001896921175723	9096	17.254395014376	132	8890.9453376206
GLOBAL	IV	4070001	4080000	0.0013301586891758	9472	12.599263103873	97	9440.5096463023
GLOBAL	IV	4080001	4090000	0.0012537275597423	9633	12.077157582998	93	9608.0803858521
GLOBAL	IV	4090001	4100000	0.0011846288452071	9210	10.910431664358	84	9176.5643086817
GLOBAL	IV	4100001	4110000	0.0020710880893194	8743	18.107523164919	139	8418.9678456592
GLOBAL	IV	4110001	4120000	0.0010310081230023	9464	9.757460876094	75	9407.4372990354
GLOBAL	IV	4120001	4130000	0.0012290220623415	9140	11.233261649801	86	8702.4758842444
GLOBAL	IV	4130001	4140000	0.0010607978239563	9184	9.7423672152146	75	9135.7588424437
GLOBAL	IV	4140001	4150000	0.0015477500324433	9409	14.562780055259	112	9324.5836012862
GLOBAL	IV	4150001	4160000	0.0018180605385121	9432	17.147946999246	132	9392.8536977492
GLOBAL	IV	4160001	4170000	0.0011817258385213	9453	11.170854351542	86	9411.9292604502
GLOBAL	IV	4170001	4180000	0.0011710240618882	9538	11.169227502289	86	9503.8713826367
GLOBAL	IV	4180001	4190000	0.0010157998922054	9335	9.4824919937377	73	9294.0803858521
GLOBAL	IV	4190001	4200000	0.0010451156826914	9328	9.7488390881451	75	9281.1672025723
GLOBAL	IV	4200001	4210000	0.0011126403109216	9223	10.26188158763	79	9190.4967845659
GLOBAL	IV	4210001	4220000	0.0012932138111508	9444	12.213111232508	94	9395.5594855305
GLOBAL	IV	4220001	4230000	0.0012061683627357	9799	11.819243786447	91	9765.7266881029
GLOBAL	IV	4230001	4240000	0.0014496753435515	9501	13.773365439083	106	9444.4662379421
GLOBAL	IV	4240001	4250000	0.0013480659962516	9634	12.987267807888	100	9604.7122186495
GLOBAL	IV	4250001	4260000	0.0013872288817901	9181	12.736148363715	98	9127.0739549839
GLOBAL	IV	4260001	4270000	0.001399446821071	9747	13.640408164979	105	9688.7861736334
GLOBAL	IV	4270001	4280000	0.0010982336042814	9580	10.521077929016	81	9541.9871382637
GLOBAL	IV	4280001	4290000	0.0011206198032372	9157	10.261515538243	79	9123.0884244373
GLOBAL	IV	4290001	4300000	0.0011604095803238	9067	10.521433664796	81	9028.1688102894
GLOBAL	IV	4300001	4310000	0.0016028689758041	9503	15.232063877067	117	9360.1414790997
GLOBAL	IV	4310001	4320000	0.0014599282486439	9006	13.148113807287	101	8354.5819935691
GLOBAL	IV	4320001	4330000	0.0047157197886088	8905	41.993484717562	323	8787.0225080386
GLOBAL	IV	4330001	4340000	0.0079780403534045	9090	72.520386812447	558	9012.0353697749
GLOBAL	IV	4340001	4350000	0.0054993829837188	8679	47.729144915696	367	8453.4790996785
GLOBAL	IV	4350001	4360000	0.0045207541034285	9025	40.799805783442	314	8986.3681672026
GLOBAL	IV	4360001	4370000	0.0059710834639827	9058	54.086074016755	416	8977.3569131833
GLOBAL	IV	4370001	4380000	0.0073377546996102	9067	66.531421861366	512	8998.0273311897
GLOBAL	IV	4380001	4390000	0.0071977803669992	9117	65.622163605932	505	9046.5418006431
GLOBAL	IV	4390001	4400000	0.0063819433104412	8699	55.516524857528	427	8331.1286173633
GLOBAL	IV	4400001	4410000	0.0064199845695706	9268	59.500416990781	458	9218.6591639871
GLOBAL	IV	4410001	4420000	0.0062887161740684	9583	60.264767096097	464	9550.9372990354
GLOBAL	IV	4420001	4430000	0.0060328050773899	9473	57.148762498115	440	9441.7106109325
GLOBAL	IV	4430001	4440000	0.0062417717042064	9303	58.067202164232	447	9256.5836012862
GLOBAL	IV	4440001	4450000	0.0078210461680692	9157	71.61731976101	551	9085.7411575563
GLOBAL	IV	4450001	4460000	0.007719854192273	9078	70.080836357454	538	8976.5450160772
GLOBAL	IV	4460001	4470000	0.0062360538381939	8862	55.263909114074	425	8800.2138263666
GLOBAL	IV	4470001	4480000	0.0064531747814658	9148	59.033642900849	451	8683.6784565916
GLOBAL	IV	4480001	4490000	0.0059360193238866	9078	53.887183422243	413	8824.1495176849
GLOBAL	IV	4490001	4500000	0.005914783752628	9430	55.776410787282	429	9393.0948553055
GLOBAL	IV	4500001	4510000	0.0044916298231534	8725	39.189470207013	300	8324.4131832797
GLOBAL	IV	4510001	4520000	0.0064442291662737	8724	56.219455246572	431	8572.7073954984
GLOBAL	IV	4520001	4530000	0.0048145319649707	8653	41.660145092891	320	8414.9340836013
GLOBAL	IV	4530001	4540000	0.0059387662803606	9279	55.105812315466	424	9237.4035369775
GLOBAL	IV	4540001	4550000	0.0078490360110441	9202	72.226829373628	555	9101.0803858521
GLOBAL	IV	4550001	4560000	0.0047214496096309	8979	42.393896044876	326	8950.6945337621
GLOBAL	IV	4560001	4570000	0.0055312917963275	9076	50.202004343468	386	9007.0241157556
GLOBAL	IV	4570001	4580000	0.0059692700692978	9208	54.965038798094	423	9157.8135048232
GLOBAL	IV	4580001	4590000	0.0053554824461732	9058	48.509959997437	373	8839.270096463
GLOBAL	IV	4590001	4600000	0.0065123665474326	9214	60.004945368044	461	9030.9694533762
GLOBAL	IV	4600001	4610000	0.0065301422457026	9256	60.442996626224	465	9201.8922829582
GLOBAL	IV	4610001	4620000	0.0069844954957385	8828	61.65912623638	472	8657.4871382637
GLOBAL	IV	4620001	4630000	0.0075870810011193	8817	66.895293186869	514	8723.8569131833
GLOBAL	IV	4630001	4640000	0.0075792314444336	9044	68.546569183457	527	8935.3778135048
GLOBAL	IV	4640001	4650000	0.0051564438563758	8894	45.861411658606	352	8515.0932475884
GLOBAL	IV	4650001	4660000	0.0061201807275207	8935	54.683814800397	420	8845.9292604502
GLOBAL	IV	4660001	4670000	0.0050948522887758	8827	44.972261153024	346	8781.6430868167
GLOBAL	IV	4670001	4680000	0.0068610259553822	9090	62.366725934424	480	9001.191318328
GLOBAL	IV	4680001	4690000	0.0067256614201627	7855	52.830070455378	406	7372.3713826367
GLOBAL	IV	4690001	4700000	0.0042580383144937	9516	40.519492600722	309	8638.1559485531
GLOBAL	IV	4700001	4710000	0.0023171508178361	9346	21.656091543496	166	9193.2845659164
GLOBAL	IV	4710001	4720000	0.0012577945733223	9511	11.962884186869	92	9419.5273311897
GLOBAL	IV	4720001	4730000	0.0011245038554547	9476	10.655798534289	82	9433.5562700965
GLOBAL	IV	4730001	4740000	0.0012128420064668	8784	10.653604184805	82	8727.4758842444
GLOBAL	IV	4740001	4750000	0.0011127100070758	9233	10.273651495331	79	9181.6704180064
GLOBAL	IV	4750001	4760000	0.005665802494881	8512	48.227310836427	370	8430.5160771704
GLOBAL	IV	4760001	4770000	0.0064677467810629	9340	60.408754935127	464	9215.8392282958
GLOBAL	IV	4770001	4780000	0.0062965415863294	8505	53.552086191732	412	8377.9389067524
GLOBAL	IV	4780001	4790000	0.0069994721273673	8698	60.881408563841	465	8324.1993569132
GLOBAL	IV	4790001	4800000	0.0049908262476955	8506	42.451968062898	326	8351.5112540193
GLOBAL	IV	4800001	4810000	0.0056453652053902	6846	38.648170196101	288	5748.4823151125
GLOBAL	IV	4810001	4820000	0.0010014620102717	5051	5.0583846138826	29	1800.2427652733
GLOBAL	IV	4820001	4830000	0.0008334218603582	3782	3.1520014758747	18	1222.5909822866
GLOBAL	IV	4830001	4840000	0.00028159315931161	2155	0.60683325831653	3	867.03691275168
GLOBAL	IV	4840001	4850000	0.0018902998844929	3776	7.137772363845	40	1742.4938271605
GLOBAL	IV	4850001	4860000	0.0062227464197117	8573	53.347605056188	407	8303.6977491961
GLOBAL	IV	4860001	4870000	0.004661892756625	9168	42.740232792738	329	9115.7909967846
GLOBAL	IV	4870001	4880000	0.0045004917837444	8852	39.838353269705	306	8788.7363344051
GLOBAL	IV	4880001	4890000	0.005634205865065	8706	49.051396261256	375	8602.8279742765
GLOBAL	IV	4890001	4900000	0.0063229368101129	9377	59.290178468429	456	9300.8778135048
GLOBAL	IV	4900001	4910000	0.0047115475773302	8764	41.292002967721	316	8705.3971061093
GLOBAL	IV	4910001	4920000	0.0076469410178125	8466	64.7390026568	487	8085.4823151125
GLOBAL	IV	4920001	4930000	0.0071189581683056	8888	63.2733001999	482	8786.9099678457
GLOBAL	IV	4930001	4940000	0.0077529554346789	8870	68.768714705602	525	8715.1189710611
GLOBAL	IV	4940001	4950000	0.0062739411954363	8359	52.443874452652	400	7719.6961414791
GLOBAL	IV	4950001	4960000	0.0067358319934072	8853	59.632320637634	458	8741.2411575563
GLOBAL	IV	4960001	4970000	0.0075812692245589	8366	63.42489833266	487	7910.1302250804
GLOBAL	IV	4970001	4980000	0.0076130605832019	9477	72.148975147005	555	9394.3102893891
GLOBAL	IV	4980001	4990000	0.0029286204272035	9358	27.40602995777	211	9328.1318327974
GLOBAL	IV	4990001	5000000	0.0059923552947856	9457	56.669704022788	436	9380.1881028939
GLOBAL	IV	5000001	5010000	0.0052085050833107	9182	47.824493674959	368	9132.1848874598
GLOBAL	IV	5010001	5020000	0.0049364828811254	9290	45.859925965655	353	9246.1189710611
GLOBAL	IV	5020001	5030000	0.006326403155835	9182	58.089033776877	447	9115.8183279743
GLOBAL	IV	5030001	5040000	0.0064822652128526	9129	59.176599128131	453	9050.0900321543
GLOBAL	IV	5040001	5050000	0.0079992690635414	9009	72.065414993445	548	8705.2749196141
GLOBAL	IV	5050001	5060000	0.0085780626745006	9226	79.141206234942	609	9189.8327974277
GLOBAL	IV	5060001	5070000	0.0065286042654025	8718	56.916371985779	431	6942.9035369775
GLOBAL	IV	5070001	5080000	0.0050366427735261	7878	39.678671769838	303	6347.7909967846
GLOBAL	IV	5080001	5090000	0.0008233392222558	9552	7.8645362509874	55	7125.2747524752
GLOBAL	IV	5090001	5100000	0.0064178750292066	8725	55.995959629828	429	8097.6559485531
GLOBAL	IV	5100001	5110000	0.0065145826260863	8550	55.699681453038	427	8437.5337620579
GLOBAL	IV	5110001	5120000	0.0027200731497452	8998	24.475218201407	187	8088.3344051447
GLOBAL	IV	5120001	5130000	0.0049790415937163	8902	44.323428267262	341	8844.1237942122
GLOBAL	IV	5130001	5140000	0.0060250553663033	9324	56.177616235412	430	9232.9758842444
GLOBAL	IV	5140001	5150000	0.0064304549549533	9140	58.774358288274	452	9068.5032154341
GLOBAL	IV	5150001	5160000	0.0061061335143009	9022	55.089536566023	424	8956.3167202572
GLOBAL	IV	5160001	5170000	0.0022352450402651	9552	21.351060624613	161	9247.7122186495
GLOBAL	IV	5170001	5180000	0.0013666049211527	9294	12.701226137193	96	8971.001607717
GLOBAL	IV	5180001	5190000	0.0014486937613199	9412	13.635105681543	103	8608.5787781351
GLOBAL	IV	5190001	5200000	0.005609343563034	9366	52.537111811377	404	9312.9967845659
GLOBAL	IV	5200001	5210000	0.0054157866681997	9221	49.938968867469	384	9146.6961414791
GLOBAL	IV	5210001	5220000	0.0012310565487601	9708	11.951096975363	92	9668.5305466238
GLOBAL	IV	5220001	5230000	0.0013681709741553	9589	13.119391471175	101	9557.9389067524
GLOBAL	IV	5230001	5240000	0.001156611389609	9437	10.91494168374	84	9391.4389067524
GLOBAL	IV	5240001	5250000	0.0011446635890566	8800	10.073039583698	77	8325.2604501608
GLOBAL	IV	5250001	5260000	0.0015177035706064	9297	14.110090095928	108	8785.8118971061
GLOBAL	IV	5260001	5270000	0.0011324323025101	8669	9.8170556304598	74	7549.2057877814
GLOBAL	IV	5270001	5280000	0.001343510278004	9474	12.72841637381	98	9441.7909967846
GLOBAL	IV	5280001	5290000	0.0013823421743724	8973	12.403756330643	95	8518.1270096463
GLOBAL	IV	5290001	5300000	0.0015154776784964	9434	14.297016418935	110	9371.1189710611
GLOBAL	IV	5300001	5310000	0.0013351397132839	9438	12.601048613974	97	9391.4276527331
GLOBAL	IV	5310001	5320000	0.0012318949820142	9702	11.951845115501	92	9661.0884244373
GLOBAL	IV	5320001	5330000	0.00108351683141	9590	10.390926413222	80	9548.8874598071
GLOBAL	IV	5330001	5340000	0.0012432240941539	9716	12.0791652988	93	9684.4967845659
GLOBAL	IV	5340001	5350000	0.0011473297878968	9396	10.780310687079	83	9355.1109324759
GLOBAL	IV	5350001	5360000	0.001611912050843	8443	13.609373445268	104	7471.7926045016
GLOBAL	IV	5360001	5370000	0.0010961509959813	9604	10.527434165405	81	9516.3794212219
GLOBAL	IV	5370001	5380000	0.00116607059601	9383	10.941240402362	84	9173.4469453376
GLOBAL	IV	5380001	5390000	0.0013089762157387	9230	12.081850471268	92	8886.7331189711
GLOBAL	IV	5390001	5400000	0.0012953172165588	9330	12.085309630494	93	9279.5482315113
GLOBAL	IV	5400001	5410000	0.0012655984224788	9339	11.81942366753	91	9301.4758842444
GLOBAL	IV	5410001	5420000	0.001253405589762	9559	11.981304032535	92	9478.4003215434
GLOBAL	IV	5420001	5430000	0.0012901916289117	9264	11.952335250238	92	9220.3890675241
GLOBAL	IV	5430001	5440000	0.0015025664009235	9597	14.420129749662	111	9554.3954983923
GLOBAL	IV	5440001	5450000	0.0015044677024234	8393	12.626997426439	96	7930.3102893891
GLOBAL	IV	5450001	5460000	0.001564335282735	9405	14.712573334123	113	9307.3520900322
GLOBAL	IV	5460001	5470000	0.0011965214109201	9012	10.783050955212	83	8952.4405144695
GLOBAL	IV	5470001	5480000	0.0012133921461043	9099	11.040655137403	85	9067.5257234727
GLOBAL	IV	5480001	5490000	0.0012277739713319	9628	11.821007795983	91	9584.1511254019
GLOBAL	IV	5490001	5500000	0.0020043911473733	8616	17.269834125768	128	7160.6109324759
GLOBAL	IV	5500001	5510000	0.0027343320398442	8998	24.603519694518	188	7814.5209003215
GLOBAL	IV	5510001	5520000	0.0059668956355316	9287	55.414559767182	426	9165.3762057878
GLOBAL	IV	5520001	5530000	0.0056939015744599	9286	52.873570020435	407	9234.3922829582
GLOBAL	IV	5530001	5540000	0.0033975120620565	8832	30.006826532083	231	8804.7363344051
GLOBAL	IV	5540001	5550000	0.0060230097872844	8954	53.930029635345	415	8907.0916398714
GLOBAL	IV	5550001	5560000	0.0076851906606541	8910	68.475048786428	527	8812.8697749196
GLOBAL	IV	5560001	5570000	0.0033688322029752	9259	31.192017367348	240	9198.4035369775
GLOBAL	IV	5570001	5580000	0.0019403450305381	9371	18.182973281173	140	9346.3520900322
GLOBAL	IV	5580001	5590000	0.0062287707022827	9304	57.952482614039	446	9260.3938906752
GLOBAL	IV	5590001	5600000	0.0071903175147485	9360	67.301371938046	518	9273.0160771704
GLOBAL	IV	5600001	5610000	0.0098395156083756	9017	88.722912240723	682	8971.0803858521
GLOBAL	IV	5610001	5620000	0.010329542364312	8946	92.408085991137	711	8899.8022508039
GLOBAL	IV	5620001	5630000	0.0099518477807924	8367	83.26711038189	639	8239.0819935691
GLOBAL	IV	5630001	5640000	0.0052981287174616	8851	46.893737278253	354	8135.2363344051
GLOBAL	IV	5640001	5650000	0.0083740090209898	8761	73.364693032892	564	8635.3376205788
GLOBAL	IV	5650001	5660000	0.006124088686136	8438	51.675060333616	394	7082.3279742765
GLOBAL	IV	5660001	5670000	0.0093444248916976	8314	77.689548549574	593	7864.2909967846
GLOBAL	IV	5670001	5680000	0.011720444357603	8542	100.11603570265	770	8460.7877813505
GLOBAL	IV	5680001	5690000	0.0093880317131326	8887	83.431437834609	642	8830.1945337621
GLOBAL	IV	5690001	5700000	0.0087674385471581	9193	80.599062564025	620	9136.8553054662
GLOBAL	IV	5700001	5710000	0.0057261120584989	9077	51.975919154995	400	9038.7331189711
GLOBAL	IV	5710001	5720000	0.0079136676413991	8939	70.740275046467	544	8902.847266881
GLOBAL	IV	5720001	5730000	0.0059836402585257	8962	53.625383996908	406	8294.4147909968
GLOBAL	IV	5730001	5740000	0.011023874200159	8632	95.158082095771	730	8535.2877813505
GLOBAL	IV	5740001	5750000	0.0074513284627652	9091	67.740027054999	521	9053.0900321543
GLOBAL	IV	5750001	5760000	0.0077775176665061	8963	69.709890844894	536	8905.0482315113
GLOBAL	IV	5760001	5770000	0.0067930523286112	8441	57.340154705807	440	8337.652733119
GLOBAL	IV	5770001	5780000	0.0065921791611253	9212	60.727154432286	466	9135.0996784566
GLOBAL	IV	5780001	5790000	0.0050182035703933	9010	45.214014169243	345	8827.9855305466
GLOBAL	IV	5790001	5800000	0.0030430216965094	9308	28.324445951109	218	9263.9163987138
GLOBAL	IV	5800001	5810000	0.0039095802202929	9236	36.108882914625	278	9207.8569131833
GLOBAL	IV	5810001	5820000	0.0051530820189241	8979	46.269523447919	356	8917.307073955
GLOBAL	IV	5820001	5830000	0.0057629848220116	9016	51.959071155257	399	8952.961414791
GLOBAL	IV	5830001	5840000	0.0038722071713452	9118	35.306784988326	271	9011.3135048232
GLOBAL	IV	5840001	5850000	0.0049958116302182	8930	44.612597857849	343	8880.4308681672
GLOBAL	IV	5850001	5860000	0.0034708594888682	8943	31.039896408948	239	8924.8665594855
GLOBAL	IV	5860001	5870000	0.0044257428126729	9332	41.301031927863	318	9299.4035369775
GLOBAL	IV	5870001	5880000	0.0042211740369515	8995	37.969460462379	292	8923.5225080386
GLOBAL	IV	5880001	5890000	0.0015618095558385	9645	15.063653166063	116	9619.7186495177
GLOBAL	IV	5890001	5900000	0.0011470230353765	9284	10.648961860435	82	9259.192926045
GLOBAL	IV	5900001	5910000	0.0011686407393365	8891	10.390384813441	80	8856.2363344051
GLOBAL	IV	5910001	5920000	0.001212416849884	9322	11.302149874619	87	9287.7909967846
GLOBAL	IV	5920001	5930000	0.0017745416303836	7981	14.162616752092	106	7414.191318328
GLOBAL	IV	5930001	5940000	0.0012500351927625	9460	11.825332923533	91	9405.7491961415
GLOBAL	IV	5940001	5950000	0.0010774547514037	9300	10.020329188054	77	9226.7990353698
GLOBAL	IV	5950001	5960000	0.0010681207667155	9484	10.13005735153	78	9455.1977491961
GLOBAL	IV	5960001	5970000	0.0010520722485939	9630	10.13145575396	78	9596.3102893891
GLOBAL	IV	5970001	5980000	0.0011252153411461	9351	10.521888655057	81	9308.2926045016
GLOBAL	IV	5980001	5990000	0.0010581434979799	9452	10.001572342906	77	9421.9581993569
GLOBAL	IV	5990001	6000000	0.00064238293501586	9101	5.8463270915793	45	9070.1607717042
GLOBAL	IV	6000001	6010000	0.0010008422436154	9344	9.3518699243419	72	9300.2475884244
GLOBAL	IV	6010001	6020000	0.0010441119228434	9579	10.001548108917	77	9551.6511254019
GLOBAL	IV	6020001	6030000	0.0014941098188831	9456	14.128302447359	108	9345.2363344051
GLOBAL	IV	6030001	6040000	0.0034870290361621	9199	32.077180103655	246	9140.7234726688
GLOBAL	IV	6040001	6050000	0.0026643533078814	9264	24.682569044213	190	9233.7170418006
GLOBAL	IV	6050001	6060000	0.0026073998574307	9216	24.029797086082	185	9194.4710610932
GLOBAL	IV	6060001	6070000	0.0049546380665961	9389	46.519096807271	358	9334.4485530547
GLOBAL	IV	6070001	6080000	0.0055171975926223	8677	47.872723511183	367	8534.2491961415
GLOBAL	IV	6080001	6090000	0.0033093605102105	9499	31.43561548649	242	9458.0257234727
GLOBAL	IV	6090001	6100000	0.0037774772106979	9328	35.23630742139	271	9176.0144694534
GLOBAL	IV	6100001	6110000	0.002680278872178	9157	24.543313632534	189	9126.1720257235
GLOBAL	IV	6110001	6120000	0.0039793659176938	9138	36.363445755886	280	9114.1623794212
GLOBAL	IV	6120001	6130000	0.0028996513281522	9540	27.662673670572	213	9507.2202572347
GLOBAL	IV	6130001	6140000	0.0029351036021627	9337	27.405062333393	211	9307.0498392283
GLOBAL	IV	6140001	6150000	0.0045925673465635	9421	43.266576971974	333	9387.3890675241
GLOBAL	IV	6150001	6160000	0.0037171731529224	8945	33.250113852891	255	8704.8392282958
GLOBAL	IV	6160001	6170000	0.0014646523107593	9490	13.899550429106	107	9452.9276527331
GLOBAL	IV	6170001	6180000	0.0011316232782764	9642	10.911111649141	84	9618.4276527331
GLOBAL	IV	6180001	6190000	0.0012104065943329	7514	9.0949951498171	70	7113.3327974277
GLOBAL	IV	6190001	6200000	0.00097645148873805	4540	4.4330897588708	27	1602.4875621891
GLOBAL	IV	6200001	6210000	0.001345825364331	9280	12.489259380992	96	9202.847266881
GLOBAL	IV	6210001	6220000	0.002674168926217	9233	24.690601695762	190	9186.5659163987
GLOBAL	IV	6220001	6230000	0.0024045951188858	9251	22.244909444813	171	9037.4823151125
GLOBAL	IV	6230001	6240000	0.0036027691408493	9039	32.565430264137	250	8878.3762057878
GLOBAL	IV	6240001	6250000	0.0012444228466008	8774	10.918566056075	84	8455.652733119
GLOBAL	IV	6250001	6260000	0.00088833893915896	9359	8.3139641315887	64	9324.5514469453
GLOBAL	IV	6260001	6270000	0.0012378859351054	9445	11.691832657071	90	9407.4951768489
GLOBAL	IV	6270001	6280000	0.00090965956959868	9151	8.3242947213976	64	9109.3344051447
GLOBAL	IV	6280001	6290000	0.00070587598318908	9384	6.6239402262463	51	9344.8392282958
GLOBAL	IV	6290001	6300000	0.00098104019807767	9401	9.2227589021282	71	9364.4099678457
GLOBAL	IV	6300001	6310000	0.00094498885325924	9622	9.0926827460604	70	9595.0305466238
GLOBAL	IV	6310001	6320000	0.0009892552677831	9719	9.614571947584	74	9665.6286173633
GLOBAL	IV	6320001	6330000	0.00073512200410548	8679	6.3801238736314	49	8485.7893890675
GLOBAL	IV	6330001	6340000	0.0010854337363081	9460	10.268203145475	79	9179.154340836
GLOBAL	IV	6340001	6350000	0.001327935738611	9135	12.130692972211	93	8411.0996784566
GLOBAL	IV	6350001	6360000	0.0012051772770897	9487	11.43351682775	88	9304.0659163987
GLOBAL	IV	6360001	6370000	0.0010650766824365	9270	9.873260846186	76	9223.3954983923
GLOBAL	IV	6370001	6380000	0.0011474331888866	9175	10.527699508034	81	9110.7877813505
GLOBAL	IV	6380001	6390000	0.0008978772453561	8828	7.9264603220037	61	8375.6559485531
GLOBAL	IV	6390001	6400000	0.0011912759383413	9378	11.171785749765	86	9332.5610932476
GLOBAL	IV	6400001	6410000	0.0010552805465942	9477	10.000893740073	77	9434.7025723473
GLOBAL	IV	6410001	6420000	0.0007120652443624	9128	6.49973155054	50	9084.963022508
GLOBAL	IV	6420001	6430000	0.00083260393707438	9673	8.0537778833205	62	9629.9308681672
GLOBAL	IV	6430001	6440000	0.000949369466746	9303	8.8319841491381	68	9271.6864951768
GLOBAL	IV	6440001	6450000	0.00099694959008393	9643	9.6135848971794	74	9587.536977492
GLOBAL	IV	6450001	6460000	0.0013880829616024	9127	12.669033190545	97	8596.8665594855
GLOBAL	IV	6460001	6470000	0.00082048292558461	9655	7.9217626465195	61	9629.1945337621
GLOBAL	IV	6470001	6480000	0.0010008431904728	9342	9.3498770853967	72	9317.5610932476
GLOBAL	IV	6480001	6490000	0.001271897279359	9294	11.821013314362	91	9258.9196141479
GLOBAL	IV	6490001	6500000	0.00093858501247588	9546	8.9597325290947	69	9524.4453376206
GLOBAL	IV	6500001	6510000	0.0011647811968478	9369	10.912835033267	84	9320.0868167203
GLOBAL	IV	6510001	6520000	0.00096336803753276	9706	9.3504501722929	72	9681.4871382637
GLOBAL	IV	6520001	6530000	0.00091453354215309	9516	8.7027011871288	67	9485.036977492
GLOBAL	IV	6530001	6540000	0.00098753829018405	9733	9.6117101783614	74	9686.4292604502
GLOBAL	IV	6540001	6550000	0.00095278316101027	9540	9.089551356038	70	9521.6672025723
GLOBAL	IV	6550001	6560000	0.00094649653159711	9604	9.0901526894586	70	9573.8520900322
GLOBAL	IV	6560001	6570000	0.00098361243857123	9382	9.2282518986753	71	9314.4951768489
GLOBAL	IV	6570001	6580000	0.00078086695420366	9483	7.4049613267133	57	9451.1446945338
GLOBAL	IV	6580001	6590000	0.0011952565997084	9565	11.432629376211	88	9533.2218649518
GLOBAL	IV	6590001	6600000	0.0010594079101895	9445	10.00610771174	77	9391.2073954984
GLOBAL	IV	6600001	6610000	0.00093772757241295	9420	8.83339373213	68	9364.8054662379
GLOBAL	IV	6610001	6620000	0.0011149188292501	9129	10.178093992224	78	8959.7540192926
GLOBAL	IV	6620001	6630000	0.0013326197763988	9273	12.357383186546	95	9192.6028938907
GLOBAL	IV	6630001	6640000	0.0012530552390863	9233	11.569459022484	89	9181.3504823151
GLOBAL	IV	6640001	6650000	0.00086153431405045	9497	8.1819913805371	63	9465.6334405145
GLOBAL	IV	6650001	6660000	0.0009033000693808	9221	8.3293299397603	64	9156.4855305466
GLOBAL	IV	6660001	6670000	0.00079933791441516	9261	7.4026684253988	57	9234.963022508
GLOBAL	IV	6670001	6680000	0.0010931529973995	9623	10.519411293975	81	9596.2733118971
GLOBAL	IV	6680001	6690000	0.00095866666858271	9349	8.9625746845797	69	9302.2942122187
GLOBAL	IV	6690001	6700000	0.0010439050380803	9454	9.8690782300115	76	9425.6784565916
GLOBAL	IV	6700001	6710000	0.0007657096070428	9336	7.1486648913515	55	9277.9501607717
GLOBAL	IV	6710001	6720000	0.00083867231218633	9291	7.7921044525232	60	9270.2926045016
GLOBAL	IV	6720001	6730000	0.0007892357633948	9545	7.5332553616034	58	9524.8006430868
GLOBAL	IV	6730001	6740000	0.0007615960497822	9215	7.0181075987429	54	9178.3617363344
GLOBAL	IV	6740001	6750000	0.00060042797271961	9085	5.4548881321577	42	9066.4308681672
GLOBAL	IV	6750001	6760000	0.0010491676047185	9164	9.6145719296401	74	9116.461414791
GLOBAL	IV	6760001	6770000	0.0010588013042993	9327	9.8754397651994	76	9278.2090032154
GLOBAL	IV	6770001	6780000	0.0010040820005627	9701	9.7405994874584	75	9674.5900321543
GLOBAL	IV	6780001	6790000	0.00070320572883014	9418	6.6227915541222	51	9386.4839228296
GLOBAL	IV	6790001	6800000	0.00081768196449286	9055	7.4041101884829	57	9013.9356913183
GLOBAL	IV	6800001	6810000	0.0011061247051317	9558	10.572339931649	81	9481.1688102894
GLOBAL	IV	6810001	6820000	0.00079507934851948	9636	7.6613846023337	59	9611.9565916399
GLOBAL	IV	6820001	6830000	0.00083184141932601	9679	8.0513930976565	62	9661.7202572347
GLOBAL	IV	6830001	6840000	0.00072959335816952	9612	7.0128513587254	54	9590.5096463022
GLOBAL	IV	6840001	6850000	0.001051969711182	9383	9.8706318000203	76	9349.7797427653
GLOBAL	IV	6850001	6860000	0.0012074366286672	9681	11.689194002127	90	9644.3633440514
GLOBAL	IV	6860001	6870000	0.0010407981291723	9856	10.258106361122	79	9837.1028938907
GLOBAL	IV	6870001	6880000	0.0010866657872919	9801	10.650411381248	82	9761.9051446945
GLOBAL	IV	6880001	6890000	0.00080730598810408	9178	7.4094543588192	57	9123.8504823151
GLOBAL	IV	6890001	6900000	0.00093387935181838	8901	8.3124601105354	64	8875.3938906752
GLOBAL	IV	6900001	6910000	0.0010239516224223	9262	9.4838399268755	73	9189.3279742765
GLOBAL	IV	6910001	6920000	0.0010371873370206	9287	9.6323587989102	74	9230.2282958199
GLOBAL	IV	6920001	6930000	0.0009049965153664	9471	8.5712219970352	66	9449.5723472669
GLOBAL	IV	6930001	6940000	0.00070884297418667	9710	6.8828652793526	53	9693.5209003215
GLOBAL	IV	6940001	6950000	0.00085706842004465	9696	8.3101354007529	64	9674.8247588424
GLOBAL	IV	6950001	6960000	0.0011466748753126	9202	10.551702202627	81	8779.5546623794
GLOBAL	IV	6960001	6970000	0.00086102940555811	9352	8.0523470007795	62	8909.2556270096
GLOBAL	IV	6970001	6980000	0.00097046119419908	9369	9.0922509284512	70	9336.9662379421
GLOBAL	IV	6980001	6990000	0.00082992156979008	9703	8.0527289916732	62	9683.2893890675
GLOBAL	IV	6990001	7000000	0.0010050672510074	9691	9.7401067295128	75	9662.4083601286
GLOBAL	IV	7000001	7010000	0.00083654637682675	9315	7.7924295001412	60	9286.6012861736
GLOBAL	IV	7010001	7020000	0.00083963484614776	9743	8.1805623060177	63	9724.7749196141
GLOBAL	IV	7020001	7030000	0.0012880040257475	9378	12.07890175346	93	9347.9951768489
GLOBAL	IV	7030001	7040000	0.0010657559100073	9384	10.001053459509	77	9351.3344051447
GLOBAL	IV	7040001	7050000	0.0010356063816288	9781	10.129266018711	78	9762.6864951768
GLOBAL	IV	7050001	7060000	0.0007937609490229	8998	7.1422610193081	55	8730.152733119
GLOBAL	IV	7060001	7070000	0.0010376829926969	9638	10.001188683613	77	9599.3295819936
GLOBAL	IV	7070001	7080000	0.0011254902763432	9468	10.656141936417	82	9403.1463022508
GLOBAL	IV	7080001	7090000	0.0031266847994887	9222	28.834287220885	222	9185.9903536977
GLOBAL	IV	7090001	7100000	0.0025975486658027	9601	24.939064740372	192	9561.4389067524
GLOBAL	IV	7100001	7110000	0.001808452757815	9696	17.534757939774	135	9664.8247588424
GLOBAL	IV	7110001	7120000	0.00078678027080185	9574	7.5326343126569	58	9551.7733118971
GLOBAL	IV	7120001	7130000	0.00075545523082315	9799	7.4027058068361	57	9771.7106109325
GLOBAL	IV	7130001	7140000	0.00076493599898072	9510	7.2745413503066	56	9470.1012861736
GLOBAL	IV	7140001	7150000	0.00090238521728816	9502	8.5744643346721	66	9456.4453376206
GLOBAL	IV	7150001	7160000	0.00081156777451323	9288	7.5378414896789	58	9249.8167202572
GLOBAL	IV	7160001	7170000	0.0010549560874198	9726	10.260502906245	79	9688.3778135048
GLOBAL	IV	7170001	7180000	0.00099008959619675	9708	9.6117897998781	74	9670.8440514469
GLOBAL	IV	7180001	7190000	0.00098128033773061	9397	9.2210913336546	71	9334.2909967846
GLOBAL	IV	7190001	7200000	0.00090295533139727	9636	8.7008775733441	67	9611.6463022508
GLOBAL	IV	7200001	7210000	0.00068613103115548	9653	6.6232228437438	51	9624.4935691318
GLOBAL	IV	7210001	7220000	0.0010295902636337	9461	9.7409534842388	75	9426.7379421222
GLOBAL	IV	7220001	7230000	0.00091733718039136	9628	8.832122372808	68	9591.3987138264
GLOBAL	IV	7230001	7240000	0.00084682176819647	9813	8.3098620113119	64	9796.7138263666
GLOBAL	IV	7240001	7250000	0.00078665716057181	9081	7.1436336751526	55	9050.6446945338
GLOBAL	IV	7250001	7260000	0.00081648497528306	9069	7.4047022408421	57	9032.1704180064
GLOBAL	IV	7260001	7270000	0.00073755639799782	9509	7.0134237885613	54	9480.2009646302
GLOBAL	IV	7270001	7280000	0.00089931439339185	9387	8.4418642107693	65	9362.0112540193
GLOBAL	IV	7280001	7290000	0.00086000871004409	9665	8.3119841825761	64	9643.0836012862
GLOBAL	IV	7290001	7300000	0.00070712821538477	9194	6.5013368122476	50	8982.5289389068
GLOBAL	IV	7300001	7310000	0.00076377508803232	9524	7.2741939384198	56	9468.9405144695
GLOBAL	IV	7310001	7320000	0.00070695114254159	9185	6.4933462442445	50	9154.6816720257
GLOBAL	IV	7320001	7330000	0.00093859250829281	8994	8.4417010195855	65	8802.9710610932
GLOBAL	IV	7330001	7340000	0.0010972483180034	9707	10.650989422859	82	9669.1286173633
GLOBAL	IV	7340001	7350000	0.00078780975672085	9399	7.4046239034192	57	9371.0064308682
GLOBAL	IV	7350001	7360000	0.00086232899349921	9639	8.3119891683389	64	9610.4646302251
GLOBAL	IV	7360001	7370000	0.00079845577917439	9439	7.536624099627	58	9399.8231511254
GLOBAL	IV	7370001	7380000	0.0010413589379612	9239	9.6211152278233	74	9177.8569131833
GLOBAL	IV	7380001	7390000	0.0010233309090997	9521	9.7431335855378	75	9467.8118971061
GLOBAL	IV	7390001	7400000	0.00073836420432904	8988	6.6364174685094	51	8922.6752411576
GLOBAL	IV	7400001	7410000	0.0010531768329182	9744	10.262155059954	79	9700.3826366559
GLOBAL	IV	7410001	7420000	0.00099718959409141	9250	9.2240037453456	71	9208.1173633441
GLOBAL	IV	7420001	7430000	0.00074926586266346	9189	6.8850040120145	53	9149.807073955
GLOBAL	IV	7430001	7440000	0.00076968476243024	9280	7.1426745953526	55	9253.5305466238
GLOBAL	IV	7440001	7450000	0.0010455047296156	9443	9.8727011617602	76	9404.1575562701
GLOBAL	IV	7450001	7460000	0.00098740292207252	9733	9.6103926405318	74	9705.5723472669
GLOBAL	IV	7460001	7470000	0.00086803530272706	9574	8.3105699883089	64	9553.2926045016
GLOBAL	IV	7470001	7480000	0.00087681792501086	9480	8.312233929103	64	9452.8392282958
GLOBAL	IV	7480001	7490000	0.00088128686413746	9431	8.3114164156804	64	9385.6575562701
GLOBAL	IV	7490001	7500000	0.00097762501506044	9698	9.4810073960562	73	9673.3327974277
GLOBAL	IV	7500001	7510000	0.00073911393571973	9488	7.0127130221088	54	9469.3167202572
GLOBAL	IV	7510001	7520000	0.00083448777174842	9493	7.9217924172077	61	9466.384244373
GLOBAL	IV	7520001	7530000	0.00096587891523678	9548	9.2222118826808	71	9474.2363344051
GLOBAL	IV	7530001	7540000	0.00095775103316329	9628	9.2212269472962	71	9593.9035369775
GLOBAL	IV	7540001	7550000	0.00070459511090683	9400	6.6231940425242	51	9379.9774919614
GLOBAL	IV	7550001	7560000	0.00090797222579525	9443	8.5739817281845	66	9379.0594855305
GLOBAL	IV	7560001	7570000	0.00098733734773473	9472	9.3520593577434	72	9438.5514469453
GLOBAL	IV	7570001	7580000	0.00085241697394131	9447	8.0527831528236	62	9418.4565916399
GLOBAL	IV	7580001	7590000	0.0019544137656213	9703	18.963676767824	146	9654.4646302251
GLOBAL	IV	7590001	7600000	0.0023384842493598	9441	22.077629798206	170	9416.5675241158
GLOBAL	IV	7600001	7610000	0.0015302945842984	9593	14.680115947174	113	9547.4565916399
GLOBAL	IV	7610001	7620000	0.0031039357011165	9625	29.875381123246	230	9589.2524115756
GLOBAL	IV	7620001	7630000	0.0042075282871282	9569	40.26183817953	310	9536.615755627
GLOBAL	IV	7630001	7640000	0.0045612894584812	9484	43.259269224236	333	9442.7057877814
GLOBAL	IV	7640001	7650000	0.0035530437810858	9689	34.42544119494	265	9623.7331189711
GLOBAL	IV	7650001	7660000	0.0024929656017187	9068	22.606212076385	174	9015.6270096463
GLOBAL	IV	7660001	7670000	0.0029067767188154	9251	26.890591425761	207	9199.9662379421
GLOBAL	IV	7670001	7680000	0.0017542866988167	8959	15.716654534698	121	8926.3826366559
GLOBAL	IV	7680001	7690000	0.0033950790477124	9298	31.56744498563	243	9260.9292604502
GLOBAL	IV	7690001	7700000	0.0035998871851641	9670	34.810909080537	268	9638.8906752412
GLOBAL	IV	7700001	7710000	0.0017272536004318	9173	15.844097276761	122	9145.7926045016
GLOBAL	IV	7710001	7720000	0.0021290138727132	9578	20.391694872847	157	9543.8102893891
GLOBAL	IV	7720001	7730000	0.0018003965500627	9665	17.400832656356	134	9643.7556270096
GLOBAL	IV	7730001	7740000	0.0039295365916411	9125	35.857021398725	276	9078.4308681672
GLOBAL	IV	7740001	7750000	0.00432074292889	9589	41.431603945126	319	9557.077170418
GLOBAL	IV	7750001	7760000	0.0033920860777508	9077	30.789965327744	237	9042.3681672026
GLOBAL	IV	7760001	7770000	0.0026669965327098	5405	14.415116259296	111	4736.8440514469
GLOBAL	IV	7770001	7780000	0.0026975152390624	9440	25.464543856749	196	9400.5176848875
GLOBAL	IV	7780001	7790000	0.0024132720040683	9310	22.467562357876	173	9291.5530546624
GLOBAL	IV	7790001	7800000	0.0026589480046897	9623	25.587056649129	197	9596.3231511254
GLOBAL	IV	7800001	7810000	0.0019627504079019	9729	19.095598718478	147	9684.1881028939
GLOBAL	IV	7810001	7820000	0.0021032356628571	9448	19.871370542674	153	9422.4421221865
GLOBAL	IV	7820001	7830000	0.0031269100404717	9269	28.983329165132	223	9208.2427652733
GLOBAL	IV	7830001	7840000	0.002470356169605	9363	23.129944816012	178	9315.9549839228
GLOBAL	IV	7840001	7850000	0.0022521084883274	5457	12.289756020803	94	4777.0096463023
GLOBAL	IV	7850001	7860000	0.0022791581238523	9574	21.820659877762	168	9528.7491961415
GLOBAL	IV	7860001	7870000	0.0019676003475873	9702	19.089658572292	147	9678.7861736334
GLOBAL	IV	7870001	7880000	0.0016715680591403	9557	15.975175941204	123	9523.8520900322
GLOBAL	IV	7880001	7890000	0.0024716368116912	9564	23.638734467014	182	9543.7122186495
GLOBAL	IV	7890001	7900000	0.001847100357919	9703	17.922414772888	138	9677.7765273312
GLOBAL	IV	7900001	7910000	0.0035510841850598	9144	32.471113788187	250	9110.6688102894
GLOBAL	IV	7910001	7920000	0.0042712902677493	9307	39.752898521943	306	9256.1688102894
GLOBAL	IV	7920001	7930000	0.0016683352221919	8968	14.961630272617	115	8443.1864951768
GLOBAL	IV	7930001	7940000	0.0011476916454916	9067	10.406120149672	80	8664.4517684887
GLOBAL	IV	7940001	7950000	0.0011274917903457	9676	10.909610563385	84	9651.5176848875
GLOBAL	IV	7950001	7960000	0.0017771040712507	9288	16.505742613777	127	9242.0353697749
GLOBAL	IV	7960001	7970000	0.0033470924386908	9198	30.786556251078	237	9154.6993569132
GLOBAL	IV	7970001	7980000	0.0010144781785644	9382	9.5178342712908	73	9305.4437299035
GLOBAL	IV	7980001	7990000	0.00078368237150117	9611	7.5319712724977	58	9584.2331189711
GLOBAL	IV	7990001	8000000	0.0011170635731948	9653	10.783014672049	83	9609.152733119
GLOBAL	IV	8000001	8010000	0.0010186923873399	9439	9.6154374441012	74	9394.9099678457
GLOBAL	IV	8010001	8020000	0.00098468856988662	9366	9.222593145558	71	9328.501607717
GLOBAL	IV	8020001	8030000	0.0011502821170649	9373	10.78159428325	83	9328.2540192926
GLOBAL	IV	8030001	8040000	0.00095393193747721	9398	8.9650523484108	69	9248.9067524116
GLOBAL	IV	8040001	8050000	0.001032935529538	9306	9.6124980378809	74	9254.6945337621
GLOBAL	IV	8050001	8060000	0.0012597669295391	9381	11.817873566006	91	9345.578778135
GLOBAL	IV	8060001	8070000	0.00082026188545752	9499	7.7916676499609	60	9466.0691318328
GLOBAL	IV	8070001	8080000	0.0010217383298269	9535	9.7422749748992	75	9495.1575562701
GLOBAL	IV	8080001	8090000	0.00094976579800052	9438	8.9638896015289	69	9396.7813504823
GLOBAL	IV	8090001	8100000	0.00090650412998543	9173	8.3153623843564	64	9121.4758842444
GLOBAL	IV	8100001	8110000	0.0008898716392806	9490	8.4448818567729	65	9433.2797427653
GLOBAL	IV	8110001	8120000	0.0010185503108919	9442	9.6171520354411	74	9375.077170418
GLOBAL	IV	8120001	8130000	0.0013695915524366	9584	13.126165438552	101	9506.2845659164
GLOBAL	IV	8130001	8140000	0.0010386354922274	8894	9.2376240678708	71	8762.4131832797
GLOBAL	IV	8140001	8150000	0.00075804015408398	8796	6.6677211953227	51	8494.8906752412
GLOBAL	IV	8150001	8160000	0.0011831769280643	3485	4.1233715943042	22	1789.9060955519
GLOBAL	IV	8160001	8170000	0.00082505168667481	1623	1.3390588874732	8	696.37096774194
GLOBAL	IV	8170001	8180000	0.001108762778618	1415	1.5688993317444	7	496.19292604502
GLOBAL	IV	8180001	8190000	0.0015555153530527	2413	3.7534585469163	16	512.92443729904
GLOBAL	IV	8190001	8200000	0.0011102473263	7260	8.0603955889379	59	6511.4469453376
GLOBAL	IV	8200001	8210000	0.00093015624011535	9227	8.5825516275443	66	9101.3488745981
GLOBAL	IV	8210001	8220000	0.001217778351047	9498	11.566458778245	89	9426.7942122187
GLOBAL	IV	8220001	8230000	0.0025356242012519	9017	22.863723422688	176	8955.4356913183
GLOBAL	IV	8230001	8240000	0.00414914710026	9363	38.848464299734	299	9311.6945337621
GLOBAL	IV	8240001	8250000	0.0038576381741245	9563	36.890593859153	284	9519.1189710611
GLOBAL	IV	8250001	8260000	0.0036017287409728	9377	33.773410404102	260	9335.0096463022
GLOBAL	IV	8260001	8270000	0.0043004466958593	9308	40.028557845059	308	9226.9694533762
GLOBAL	IV	8270001	8280000	0.0038873170148135	9357	36.37362530761	280	9312.3601286174
GLOBAL	IV	8280001	8290000	0.0013807601556654	9502	13.119982999132	101	9464.5627009646
GLOBAL	IV	8290001	8300000	0.0052493662902624	9330	48.976587488148	377	9284.6752411576
GLOBAL	IV	8300001	8310000	0.0046440465750649	9509	44.160238882292	340	9476.5964630225
GLOBAL	IV	8310001	8320000	0.0049096980419151	9208	45.208499569955	348	9171.8167202572
GLOBAL	IV	8320001	8330000	0.0067500935688935	9334	63.005373372052	485	9294.4823151125
GLOBAL	IV	8330001	8340000	0.0055691259833381	9401	52.355353369362	403	9353.7909967846
GLOBAL	IV	8340001	8350000	0.0047071182591845	9281	43.686764563491	336	8912.6012861736
GLOBAL	IV	8350001	8360000	0.0055610838311253	9413	52.346482102382	403	9379.2073954984
GLOBAL	IV	8360001	8370000	0.0048365670306923	9535	46.116666637651	355	9492.7186495177
GLOBAL	IV	8370001	8380000	0.0031527220641343	8569	27.015675367567	208	8540.7942122187
GLOBAL	IV	8380001	8390000	0.0045874599386846	7770	35.644563723579	274	6982.7829581994
GLOBAL	IV	8390001	8400000	0.0057271643909507	9344	53.514624069044	412	9313.2491961415
GLOBAL	IV	8400001	8410000	0.0036256916843246	9243	33.512268238213	258	9209.577170418
GLOBAL	IV	8410001	8420000	0.0051610403135355	9188	47.419638400764	365	9131.3585209003
GLOBAL	IV	8420001	8430000	0.0040219848396317	8914	35.851972860477	276	8862.4389067524
GLOBAL	IV	8430001	8440000	0.0034651739288178	9519	32.984990628417	254	9497.9421221865
GLOBAL	IV	8440001	8450000	0.0025883539049716	9484	24.547948434751	189	9451.3151125402
GLOBAL	IV	8450001	8460000	0.0044473487349922	8967	39.879376106675	306	8850.9469453376
GLOBAL	IV	8460001	8470000	0.0011998054629199	9204	11.043009480714	85	9168.8810289389
GLOBAL	IV	8470001	8480000	0.0010831681405515	9496	10.285764662677	79	9440.6993569132
GLOBAL	IV	8480001	8490000	0.0015648957012145	9627	15.065250915592	116	9593.4742765273
GLOBAL	IV	8490001	8500000	0.0030853993625916	9472	29.224902762468	225	9417.9389067524
GLOBAL	IV	8500001	8510000	0.0015731372316803	9084	14.290378612584	110	9044.8054662379
GLOBAL	IV	8510001	8520000	0.002077729764454	9268	19.25639945696	148	9197.9903536977
GLOBAL	IV	8520001	8530000	0.0056291084013503	9092	51.179853585077	394	9053.8054662379
GLOBAL	IV	8530001	8540000	0.0031347717366568	9157	28.705104792566	221	9132.0836012862
GLOBAL	IV	8540001	8550000	0.0013546819469348	9396	12.728591573399	98	9363.1093247588
GLOBAL	IV	8550001	8560000	0.0022223737812476	9702	21.561470425665	166	9675.6881028939
GLOBAL	IV	8560001	8570000	0.0058031724497647	9112	52.878507362256	407	9046.4774919614
GLOBAL	IV	8570001	8580000	0.0025165483539789	8881	22.349465931687	172	8839.9437299035
GLOBAL	IV	8580001	8590000	0.0037716806714515	8818	33.25868016086	256	8760.5337620579
GLOBAL	IV	8590001	8600000	0.0043460594427061	9477	41.187605338525	317	9423.2170418006
GLOBAL	IV	8600001	8610000	0.0052117180718299	9223	48.067675776487	370	9166.5691318328
GLOBAL	IV	8610001	8620000	0.0038174256589464	9291	35.467701797271	273	9239.9340836013
GLOBAL	IV	8620001	8630000	0.0053001159044673	9166	48.580862380347	374	9129.1125401929
GLOBAL	IV	8630001	8640000	0.0054071006058817	9393	50.788895991047	391	9357.8665594855
GLOBAL	IV	8640001	8650000	0.0042112894621797	9532	40.142011153497	309	9483.1205787781
GLOBAL	IV	8650001	8660000	0.0025036528338927	9598	24.030059899702	185	9562.5707395498
GLOBAL	IV	8660001	8670000	0.0027363746756502	9354	25.596048716032	197	9315.3520900322
GLOBAL	IV	8670001	8680000	0.0036659194154584	9530	34.936212029318	269	9502.0466237942
GLOBAL	IV	8680001	8690000	0.0040514108853501	9363	37.933360119533	292	9318.8231511254
GLOBAL	IV	8690001	8700000	0.0036900791528937	9227	34.04836034375	262	9171.9581993569
GLOBAL	IV	8700001	8710000	0.0040703835249952	9357	38.08657864338	293	9307.1125401929
GLOBAL	IV	8710001	8720000	0.0050634439936592	8931	45.221618307371	348	8866.9035369775
GLOBAL	IV	8720001	8730000	0.0009022979341268	9359	8.4446063654927	65	9290.6704180064
GLOBAL	IV	8730001	8740000	0.0011879625455909	9623	11.431763576221	88	9577.4035369775
GLOBAL	IV	8740001	8750000	0.0010857314284038	7942	8.6228790043826	66	7412.4147909968
GLOBAL	IV	8750001	8760000	0.00091977361685102	9603	8.8325860426204	68	9571.2524115756
GLOBAL	IV	8760001	8770000	0.00083577284632209	6543	5.4684617334855	41	5550.9823151125
GLOBAL	IV	8770001	8780000	0.00076140342306215	9217	7.0178553503639	54	9174.9147909968
GLOBAL	IV	8780001	8790000	0.00086982912850829	9417	8.1911809031626	63	9375.1511254019
GLOBAL	IV	8790001	8800000	0.00098737262469243	9605	9.4837140601708	73	9549.6559485531
GLOBAL	IV	8800001	8810000	0.001030369136071	9329	9.6123136704066	74	9281.5659163987
GLOBAL	IV	8810001	8820000	0.0010572334726659	9213	9.7402919836706	75	9185.8118971061
GLOBAL	IV	8820001	8830000	0.00091443310869734	8949	8.1832618897325	63	8909.6752411576
GLOBAL	IV	8830001	8840000	0.0012125569539469	9536	11.562943112838	89	9482.6366559486
GLOBAL	IV	8840001	8850000	0.0016113646390875	8003	12.895751206618	95	5960.4209677419
GLOBAL	IV	8850001	8860000	0.00091832676967309	9196	8.4449329739137	65	9149.4742765273
GLOBAL	IV	8860001	8870000	0.0011523127858702	9469	10.911249769405	84	9417.5546623794
GLOBAL	IV	8870001	8880000	0.0012239741628527	9135	11.181003977659	86	8812.6366559486
GLOBAL	IV	8880001	8890000	0.0010868170311786	9562	10.39214445213	80	9524.3440514469
GLOBAL	IV	8890001	8900000	0.0013275850521362	9407	12.488592585446	96	9053.5064308682
GLOBAL	IV	8900001	8910000	0.0013406833304404	9495	12.729788222532	98	9452.8713826367
GLOBAL	IV	8910001	8920000	0.0011977673729504	9545	11.432689574812	88	9498.9919614148
GLOBAL	IV	8920001	8930000	0.0012422667103549	9525	11.83259041613	91	9445.4935691318
GLOBAL	IV	8930001	8940000	0.0010844464278363	9355	10.144996332408	78	9306.9356913183
GLOBAL	IV	8940001	8950000	0.00097935216131674	9547	9.3498750840909	72	9525.0321543408
GLOBAL	IV	8950001	8960000	0.0010296780426139	9461	9.7417839611696	75	9430.2218649518
GLOBAL	IV	8960001	8970000	0.0010377404325838	9265	9.6146651078887	74	9223.2588424437
GLOBAL	IV	8970001	8980000	0.0012541584966	9631	12.078800480755	93	9591.0610932476
GLOBAL	IV	8980001	8990000	0.0013358141661683	9723	12.988121137655	100	9693.9855305466
GLOBAL	IV	8990001	9000000	0.00102512219125	9376	9.6115456651598	74	9342.6623794212
GLOBAL	IV	9000001	9010000	0.001190669148905	9273	11.041075017796	85	9231.1897106109
GLOBAL	IV	9010001	9020000	0.0010172652257114	9449	9.612139117747	74	9411.3054662379
GLOBAL	IV	9020001	9030000	0.00078320367686958	8955	7.0135889263671	54	8919.0659163987
GLOBAL	IV	9030001	9040000	0.0008437973218814	9700	8.1848340222496	63	9663.7845659164
GLOBAL	IV	9040001	9050000	0.0023358049185828	9398	21.951894624841	169	9359.9742765273
GLOBAL	IV	9050001	9060000	0.0067501525780554	9412	63.532436064657	489	9372.8215434084
GLOBAL	IV	9060001	9070000	0.0055231951880678	8915	49.239285101625	379	8863.7138263666
GLOBAL	IV	9070001	9080000	0.005122208059836	9181	47.026992197354	362	9134.0916398714
GLOBAL	IV	9080001	9090000	0.0071659819189794	9534	68.32047161555	526	9501.8890675241
GLOBAL	IV	9090001	9100000	0.0079074615203018	8993	71.111801452074	547	8891.2250803858
GLOBAL	IV	9100001	9110000	0.0051119388899784	8995	45.981890315356	354	8957.654340836
GLOBAL	IV	9110001	9120000	0.005551732917609	9241	51.303563891625	395	9197.9967845659
GLOBAL	IV	9120001	9130000	0.005629914637551	9575	53.906432654551	415	9486.807073955
GLOBAL	IV	9130001	9140000	0.0038021570753829	9428	35.84673690671	276	9399.0128617363
GLOBAL	IV	9140001	9150000	0.0026518399342222	9746	25.844831998929	199	9724.2379421222
GLOBAL	IV	9150001	9160000	0.0053763418916277	9639	51.822559493399	399	9614.807073955
GLOBAL	IV	9160001	9170000	0.0070061963696028	9342	65.451886484829	503	9269.9083601286
GLOBAL	IV	9170001	9180000	0.0051691976002921	9172	47.411880389879	365	9151.0321543408
GLOBAL	IV	9180001	9190000	0.0060677396970616	9311	56.49672431934	435	9282.8601286174
GLOBAL	IV	9190001	9200000	0.0065110512258131	8920	58.078576934252	447	8746.1463022508
GLOBAL	IV	9200001	9210000	0.0011252925470344	1183	1.3312210831417	10	496.63621533442
GLOBAL	IV	9210001	9220000	0.0053817467521411	5027	27.054040923014	205	4864.2556270096
GLOBAL	IV	9220001	9230000	0.005109271331302	9180	46.903110821352	361	9132.9662379421
GLOBAL	IV	9230001	9240000	0.0036430993684461	9520	34.682305987607	267	9487.8215434084
GLOBAL	IV	9240001	9250000	0.0054464429707743	9109	49.611649020783	382	9083.3408360129
GLOBAL	IV	9250001	9260000	0.0068298803362145	9149	62.486575196027	481	9105.4356913183
GLOBAL	IV	9260001	9270000	0.0012933673728168	9440	12.20938799939	94	9405.6189710611
GLOBAL	IV	9270001	9280000	0.001255134906437	8826	11.077820684213	85	8666.7652733119
GLOBAL	IV	9280001	9290000	0.00097539518026581	9322	9.0926338704379	70	9287.0434083601
GLOBAL	IV	9290001	9300000	0.0012771639220607	9154	11.691158542544	90	9106.7668810289
GLOBAL	IV	9300001	9310000	0.0015577851243571	9094	14.166497920903	109	8997.2122186495
GLOBAL	IV	9310001	9320000	0.0010852904264272	9337	10.133356711551	78	9297.7347266881
GLOBAL	IV	9320001	9330000	0.00099548988888398	9394	9.3516320161761	72	9361.5353697749
GLOBAL	IV	9330001	9340000	0.00084040314387724	9592	8.0611469560705	62	9542.5980707395
GLOBAL	IV	9340001	9350000	0.0012564055567359	9615	12.080339428016	93	9563.0064308682
GLOBAL	IV	9350001	9360000	0.0016734616018119	8766	14.669564401483	112	7987.7363344051
GLOBAL	IV	9360001	9370000	0.0011835543249653	9445	11.178670599297	86	9403.7282958199
GLOBAL	IV	9370001	9380000	0.0013287423922876	9582	12.7320096029	98	9533.578778135
GLOBAL	IV	9380001	9390000	0.0012981650894651	6222	8.0771831866516	60	4457.2540192926
GLOBAL	IV	9390001	9400000	0.00066511129859834	6930	4.6092212992865	33	3096.8376205788
GLOBAL	IV	9400001	9410000	0.00121536528226	9513	11.561769930139	89	9464.2427652733
GLOBAL	IV	9410001	9420000	0.00089040475172679	9482	8.4428178558734	65	9443.7508038585
GLOBAL	IV	9420001	9430000	0.0010549571683947	9613	10.141303259779	78	9564.3987138264
GLOBAL	IV	9430001	9440000	0.0012427001107845	9408	11.691322642261	90	9363.7395498392
GLOBAL	IV	9440001	9450000	0.00089064763869907	9623	8.5707022272012	66	9591.0578778135
GLOBAL	IV	9450001	9460000	0.0014313568434386	9356	13.391774627212	101	9171.1414790997
GLOBAL	IV	9460001	9470000	0.0013942817225493	9131	12.731186408598	98	8953.0980707396
GLOBAL	IV	9470001	9480000	0.0013710826712347	9192	12.602991913989	97	9141.3167202572
GLOBAL	IV	9480001	9490000	0.0013561976437806	8776	11.901990521818	91	7365.961414791
GLOBAL	IV	9490001	9500000	0.0011483367570704	8831	10.140961901689	78	8237.8151125402
GLOBAL	IV	9500001	9510000	0.0011785421255201	9589	11.301040441612	87	9552.9533762058
GLOBAL	IV	9510001	9520000	0.0010838647135257	9120	9.8848461873547	76	9028.8022508039
GLOBAL	IV	9520001	9530000	0.0013524346728006	9411	12.727762705727	98	9375.8906752412
GLOBAL	IV	9530001	9540000	0.0012556749316549	9361	11.754373035221	90	9247.001607717
GLOBAL	IV	9540001	9550000	0.001329663141791	9678	12.868479886253	99	9607.2347266881
GLOBAL	IV	9550001	9560000	0.0013203980006751	9349	12.344400908311	95	9294.9051446945
GLOBAL	IV	9560001	9570000	0.0037397121116009	8594	32.139085887098	243	7483.3890675241
GLOBAL	IV	9570001	9580000	0.0014958101062026	9220	13.791369179188	106	8839.4196141479
GLOBAL	IV	9580001	9590000	0.0017652289326568	9592	16.932075922044	130	9412.8601286174
GLOBAL	IV	9590001	9600000	0.001488612048389	9180	13.665458604211	105	9053.231511254
GLOBAL	IV	9600001	9610000	0.0013549141249211	8739	11.840594537685	91	8450.6028938907
GLOBAL	IV	9610001	9620000	0.0014628791487472	9419	13.77885870205	106	9340.0691318328
GLOBAL	IV	9620001	9630000	0.0016392565191768	9435	15.466385258433	119	9363.1446945338
GLOBAL	IV	9630001	9640000	0.001007374727118	5795	5.8377365436489	40	3786.0996784566
GLOBAL	IV	9640001	9650000	0.0011464271796076	8986	10.301794635954	79	8748.7604501608
GLOBAL	IV	9650001	9660000	0.0016258197071621	9594	15.598114270513	120	9514.5466237942
GLOBAL	IV	9660001	9670000	0.0014920255559392	9579	14.292112800341	110	9497.4517684887
GLOBAL	IV	9670001	9680000	0.0013886559568649	8992	12.486794364129	96	8918.2250803859
GLOBAL	IV	9680001	9690000	0.0012960078630308	9423	12.212282093339	94	9362.229903537
GLOBAL	IV	9690001	9700000	0.0017375005739058	9433	16.389842913653	125	8811.9453376206
GLOBAL	IV	9700001	9710000	0.0011742551519098	9183	10.783185059987	83	9134.0996784566
GLOBAL	IV	9710001	9720000	0.0013886015976256	9371	13.012585571349	100	9242.2266881029
GLOBAL	IV	9720001	9730000	0.0012198320609004	9587	11.694529967852	90	9523.7781350482
GLOBAL	IV	9730001	9740000	0.0015026921653079	9158	13.76165484989	105	8808.1286173633
GLOBAL	IV	9740001	9750000	0.0016878813268241	9024	15.231441093261	117	8605.7604501608
GLOBAL	IV	9750001	9760000	0.0013211472653748	9358	12.363296109377	95	8705.729903537
GLOBAL	IV	9760001	9770000	0.0014813868937245	9564	14.167984251581	109	9515.3151125402
GLOBAL	IV	9770001	9780000	0.0015969162989896	9678	15.454955941622	119	9647.2491961415
GLOBAL	IV	9780001	9790000	0.0014468423570286	9284	13.432484442653	103	9135.3601286174
GLOBAL	IV	9790001	9800000	0.0014343224792561	9247	13.263179965681	102	9120.6382636656
GLOBAL	IV	9800001	9810000	0.0016203671467064	9385	15.20714567184	117	9307.5192926045
GLOBAL	IV	9810001	9820000	0.0014222755097084	9240	13.141825709706	101	9153.4003215434
GLOBAL	IV	9820001	9830000	0.0013897352080164	9535	13.251125208436	102	9481.1623794212
GLOBAL	IV	9830001	9840000	0.0014878383237418	5796	8.6235109244075	66	5036.9855305466
GLOBAL	IV	9840001	9850000	0.0013219135034563	8123	10.737903388576	82	6885.7395498392
GLOBAL	IV	9850001	9860000	0.0019178012384397	9483	18.186509144123	140	9438.1318327974
GLOBAL	IV	9860001	9870000	0.0016397410228363	9233	15.139728863847	116	8828.6945337621
GLOBAL	IV	9870001	9880000	0.0021214005284328	9495	20.14269801747	155	9443.6623794212
GLOBAL	IV	9880001	9890000	0.0016127226614462	9506	15.330541619707	118	9452.3874598071
GLOBAL	IV	9890001	9900000	0.0016623899789677	9093	15.116112078754	116	8934.6077170418
GLOBAL	IV	9900001	9910000	0.0024049846754944	9565	23.003678421104	177	9511.5450160772
GLOBAL	IV	9910001	9920000	0.0014639283022408	9584	14.030288848676	108	9529.6639871383
GLOBAL	IV	9920001	9930000	0.0019465337002279	6436	12.527890894667	96	6271.8536977492
GLOBAL	IV	9930001	9940000	0.0017627712535477	9362	16.503064475714	127	9280.8279742765
GLOBAL	IV	9940001	9950000	0.0017291027439357	9396	16.24664938202	125	9326.6045016077
GLOBAL	IV	9950001	9960000	0.0014915000035359	9321	13.902271532959	107	9258.8665594855
GLOBAL	IV	9960001	9970000	0.0016812027977828	9586	16.116010019546	124	9514.4565916399
GLOBAL	IV	9970001	9980000	0.001372054486831	9193	12.613296897437	97	9116.2459807074
GLOBAL	IV	9980001	9990000	0.0020283719131264	9164	18.58800021189	143	9092.9067524116
GLOBAL	IV	9990001	10000000	0.0016917387332944	9382	15.871892795768	122	9254.2942122187
GLOBAL	IV	10000001	10010000	0.00320511841749	8943	28.663374007613	217	8470.4678456592
GLOBAL	IV	10010001	10020000	0.0015448978007948	9504	14.682708698753	113	9433.7491961415
GLOBAL	IV	10020001	10030000	0.0019706571217294	9162	18.055160549285	138	8703.6688102894
GLOBAL	IV	10030001	10040000	0.0016616381894568	9400	15.619398980894	120	9321.8536977492
GLOBAL	IV	10040001	10050000	0.001674150400038	9473	15.85922673956	122	9393.1366559486
GLOBAL	IV	10050001	10060000	0.0014113772338665	9573	13.511114259804	104	9454.4083601286
GLOBAL	IV	10060001	10070000	0.0021642792137294	9154	19.811811922479	152	8701.3938906752
GLOBAL	IV	10070001	10080000	0.0025012929173848	6532	16.338445336358	122	5471.1726973684
GLOBAL	IV	10080001	10090000	0.002164985304033	2248	4.8668869634662	35	1014.4436493739
GLOBAL	IV	10090001	10100000	0.0015333952345821	3833	5.8775039341532	44	3046.9823151125
GLOBAL	IV	10100001	10110000	0.0014985711778755	9235	13.839304827681	106	9074.11414791
GLOBAL	IV	10110001	10120000	0.0014676705337659	9476	13.907645977966	107	9386.8311897106
GLOBAL	IV	10120001	10130000	0.0016903941601455	9034	15.271020842754	117	8591.0964630225
GLOBAL	IV	10130001	10140000	0.0020449811958751	9114	18.637958619206	142	8816.7347266881
GLOBAL	IV	10140001	10150000	0.0019971164718987	9062	18.097869468346	139	8873.8729903537
GLOBAL	IV	10150001	10160000	0.0016656664418929	8934	14.881063991871	112	8281.8874598071
GLOBAL	IV	10160001	10170000	0.0022103208051147	9544	21.095301764014	162	9399.3874598071
GLOBAL	IV	10170001	10180000	0.0016195379459237	8863	14.353964814722	110	8297.7491961415
GLOBAL	IV	10180001	10190000	0.0016833407455947	9666	16.271171646919	125	9565.1077170418
GLOBAL	IV	10190001	10200000	0.0018575616988409	9421	17.50008876478	134	9079.1012861736
GLOBAL	IV	10200001	10210000	0.0017724354074417	9532	16.894854303735	130	9446.498392283
GLOBAL	IV	10210001	10220000	0.0015181181138841	9244	14.033483844745	108	9169.1077170418
GLOBAL	IV	10220001	10230000	0.001719885420744	9441	16.237438257244	125	9358.2025723473
GLOBAL	IV	10230001	10240000	0.0015511580016905	9107	14.126395921396	108	8729.4180064309
GLOBAL	IV	10240001	10250000	0.0017377965024687	9346	16.241446112073	125	9285.3617363344
GLOBAL	IV	10250001	10260000	0.0018914078708448	9617	18.189669493915	140	9551.231511254
GLOBAL	IV	10260001	10270000	0.0014664548983021	9656	14.160088498005	109	9596.7234726688
GLOBAL	IV	10270001	10280000	0.0024005554703978	9213	22.116317548775	170	9086.0450160772
GLOBAL	IV	10280001	10290000	0.0017740455334724	9455	16.773600518982	129	9353.6446945338
GLOBAL	IV	10290001	10300000	0.0019934073284778	9320	18.578556301413	141	7849.1286173633
GLOBAL	IV	10300001	10310000	0.0017380787613075	9350	16.251036418226	125	9231.2974276527
GLOBAL	IV	10310001	10320000	0.0018682463096915	8756	16.358364687659	125	7803.347266881
GLOBAL	IV	10320001	10330000	0.0019322284203684	8891	17.179442885495	126	7622.0434782609
GLOBAL	IV	10330001	10340000	0.0017238928600758	7299	12.582693985693	96	6073.0948553055
GLOBAL	IV	10340001	10350000	0.0020864582931887	7044	14.697012217222	112	6207.6784565916
GLOBAL	IV	10350001	10360000	0.0021076878070617	8936	18.834298243903	144	8366.6591639871
GLOBAL	IV	10360001	10370000	0.0018459743512755	9433	17.413076055582	134	9361.6655948553
GLOBAL	IV	10370001	10380000	0.0018933333409695	9196	17.411093403555	134	9136.6559485531
GLOBAL	IV	10380001	10390000	0.0018659409735673	9472	17.674192901629	136	9391.0932475884
GLOBAL	IV	10390001	10400000	0.0020452839502153	9416	19.258393675227	148	9295.0723472669
GLOBAL	IV	10400001	10410000	0.0017479351206726	9344	16.332705767565	125	9100.8954983923
GLOBAL	IV	10410001	10420000	0.0018688102272966	9384	17.536915172951	135	9344.6430868167
GLOBAL	IV	10420001	10430000	0.0017724337854778	9456	16.760133875478	129	9407.1848874598
GLOBAL	IV	10430001	10440000	0.0015040641874891	8569	12.888326022594	98	7228.2974276527
GLOBAL	IV	10440001	10450000	0.0014580178365606	9334	13.609138486456	104	8921.7218649518
GLOBAL	IV	10450001	10460000	0.0015786396525174	8886	14.02779195227	107	8537.4855305466
GLOBAL	IV	10460001	10470000	0.0015800197937655	9226	14.577262617281	112	8998.5418006431
GLOBAL	IV	10470001	10480000	0.0020116681058306	9109	18.324284776011	141	9037.4147909968
GLOBAL	IV	10480001	10490000	0.0018424233120397	9108	16.780791526057	129	9004.8906752412
GLOBAL	IV	10490001	10500000	0.0010377218861801	7150	7.4197114861879	57	5994.6028938907
GLOBAL	IV	10500001	10510000	0.0017225311952576	9436	16.253804358451	125	9324.424437299
GLOBAL	IV	10510001	10520000	0.0019303818623702	8760	16.910145114363	128	7823.0514469453
GLOBAL	IV	10520001	10530000	0.0018374545456904	7334	13.475891638093	103	6696.8327974277
GLOBAL	IV	10530001	10540000	0.0017960048475588	6459	11.600395310382	88	5544.6189710611
GLOBAL	IV	10540001	10550000	0.0018759654109472	9066	17.007502415647	130	8538
GLOBAL	IV	10550001	10560000	0.0023879666058048	7065	16.870984070011	125	5619.8519736842
GLOBAL	IV	10560001	10570000	0.0012237752589851	6060	7.4160780694498	44	2399.8427835052
GLOBAL	IV	10570001	10580000	0.0020819392717818	4056	8.4443456863471	49	1279.2145214521
GLOBAL	IV	10580001	10590000	0.0020369774048098	7009	14.277174630312	108	6428.1650485437
GLOBAL	IV	10590001	10600000	0.0021628125047467	9214	19.928154418736	153	9071.6607717042
GLOBAL	IV	10600001	10610000	0.0017625920100782	9233	16.274012029052	125	9045.8518518519
GLOBAL	IV	10610001	10620000	0.0022650068100619	8971	20.319376093065	148	8428.6634460548
GLOBAL	IV	10620001	10630000	0.0023435639946343	8963	21.005364083907	158	8243.46215781
GLOBAL	IV	10630001	10640000	0.0017575367178483	9275	16.301153058043	125	9016.9500805153
GLOBAL	IV	10640001	10650000	0.0018328962832913	8891	16.296280854743	124	8468.4266886326
GLOBAL	IV	10650001	10660000	0.0019551259955989	8915	17.429948250764	134	8817.6237942122
GLOBAL	IV	10660001	10670000	0.002544478101097	9299	23.661101862101	182	9201.9324758842
GLOBAL	IV	10670001	10680000	0.0019443939332212	8493	16.513737674847	127	8371.9807073955
GLOBAL	IV	10680001	10690000	0.002552649564338	8647	22.072760782831	168	7949.1832797428
GLOBAL	IV	10690001	10700000	0.0015774400787491	9233	14.564504247091	112	9156.3295819936
GLOBAL	IV	10700001	10710000	0.0017357301126254	9366	16.256848234849	125	9305.2170418006
GLOBAL	IV	10710001	10720000	0.0022912901871307	8793	20.14731461544	155	8715.3794212219
GLOBAL	IV	10720001	10730000	0.0023423002898841	9216	21.586639471572	166	9114.231511254
GLOBAL	IV	10730001	10740000	0.0023209737607945	9317	21.624512529323	166	9079.2781350482
GLOBAL	IV	10740001	10750000	0.0024247579156171	8956	21.716131892267	167	8831.4163987138
GLOBAL	IV	10750001	10760000	0.0023167404011993	8793	20.371098347746	155	8146.1227786753
GLOBAL	IV	10760001	10770000	0.0027195301234754	8916	24.247330580907	184	8220.8135048232
GLOBAL	IV	10770001	10780000	0.0023580734415988	9133	21.536284742122	165	8920.1977491961
GLOBAL	IV	10780001	10790000	0.0021905252831992	9434	20.665415521702	159	9337.1800643087
GLOBAL	IV	10790001	10800000	0.0023248789381605	8681	20.182274062171	155	8545.0176848875
GLOBAL	IV	10800001	10810000	0.0021969453851068	9231	20.280002849921	156	9145.1800643087
GLOBAL	IV	10810001	10820000	0.0025583290117952	9155	23.421502102985	180	9038.3778135048
GLOBAL	IV	10820001	10830000	0.0023525194993689	8738	20.556315385485	158	8399.1012861736
GLOBAL	IV	10830001	10840000	0.0022465127486787	8830	19.836707570833	152	8673.1430868167
GLOBAL	IV	10840001	10850000	0.0018643633914792	9495	17.702130402095	136	9381.7657512116
GLOBAL	IV	10850001	10860000	0.0021282353336791	9127	19.424403890489	149	8917.6028938907
GLOBAL	IV	10860001	10870000	0.0017453441826673	8540	14.905239319979	113	7046.1446945338
GLOBAL	IV	10870001	10880000	0.0027216703561686	9079	24.710045163655	189	8668.731511254
GLOBAL	IV	10880001	10890000	0.0020606354922046	9464	19.501854298224	150	9314.7234726688
GLOBAL	IV	10890001	10900000	0.0022371447990511	8919	19.953094462737	153	8793.3922829582
GLOBAL	IV	10900001	10910000	0.0022480211362162	9124	20.510944846837	157	8248.4131832797
GLOBAL	IV	10910001	10920000	0.0020356317740952	9199	18.725776689902	144	9136.1350482315
GLOBAL	IV	10920001	10930000	0.0019084288756769	9403	17.94495671799	138	9287.1784565916
GLOBAL	IV	10930001	10940000	0.0022065898552228	9257	20.426402289798	151	8668.0418006431
GLOBAL	IV	10940001	10950000	0.0020319107760296	9342	18.982110469669	146	9249.1414790997
GLOBAL	IV	10950001	10960000	0.0023687464999129	9325	22.088561111688	170	9266.845659164
GLOBAL	IV	10960001	10970000	0.0023108412916877	9559	22.089331907242	170	9490.8279742765
GLOBAL	IV	10970001	10980000	0.0021842059547359	9166	20.020431781109	154	9099.1479099678
GLOBAL	IV	10980001	10990000	0.002161930902525	9284	20.071366499042	153	8688.8681672026
GLOBAL	IV	10990001	11000000	0.0018483283663662	9300	17.189453807206	131	8894.3906752412
GLOBAL	IV	11000001	11010000	0.0017549706937512	9342	16.394936221024	125	8571.2331189711
GLOBAL	IV	11010001	11020000	0.0018389150527453	8931	16.423350336068	126	8493.9003215434
GLOBAL	IV	11020001	11030000	0.0019116652543301	9526	18.210523212748	140	9451.3215434084
GLOBAL	IV	11030001	11040000	0.0022011606879703	9272	20.40916189886	157	9190.5932475884
GLOBAL	IV	11040001	11050000	0.0020295307613245	8811	17.88219553803	130	8396.6639871383
GLOBAL	IV	11050001	11060000	0.0021467227479263	9284	19.930173991748	153	9149.4260450161
GLOBAL	IV	11060001	11070000	0.0021705833234391	8665	18.808104497599	142	7907.5289389068
GLOBAL	IV	11070001	11080000	0.0015644119240324	6345	9.9261936579855	76	4780.5466237942
GLOBAL	IV	11080001	11090000	0.002526830482235	9231	23.325172181511	179	9129.3199356913
GLOBAL	IV	11090001	11100000	0.0024727699231342	8928	22.076889873742	169	8359.5836012862
GLOBAL	IV	11100001	11110000	0.0068092403025969	8441	57.476797394221	433	6517.8778135048
GLOBAL	IV	11110001	11120000	0.0089486919092859	8837	79.079590402359	606	8582.0724637681
GLOBAL	IV	11120001	11130000	0.0065383316647364	9007	58.890753304281	450	8787.3327974277
GLOBAL	IV	11130001	11140000	0.0023336244928409	9529	22.237107792281	171	9397.8467741935
GLOBAL	IV	11140001	11150000	0.0024088542748793	9622	23.177995832889	178	9476.8745980707
GLOBAL	IV	11150001	11160000	0.0016956795526925	9436	16.000432259206	123	9232.8681672026
GLOBAL	IV	11160001	11170000	0.0020385523828977	9498	19.362170532763	149	9440.9919614148
GLOBAL	IV	11170001	11180000	0.002108252822567	9190	19.374843439391	149	9096.4935691318
GLOBAL	IV	11180001	11190000	0.002423925378015	9491	23.005475762741	177	9412.2266881029
GLOBAL	IV	11190001	11200000	0.0019955493445616	9376	18.710270654609	144	9321.3729903537
GLOBAL	IV	11200001	11210000	0.0023881973676186	9359	22.351139163542	172	9298.0723472669
GLOBAL	IV	11210001	11220000	0.0021958553590133	9195	20.190890026127	152	7909.1961414791
GLOBAL	IV	11220001	11230000	0.0024863862950944	8794	21.865281079061	163	7016.8906752412
GLOBAL	IV	11230001	11240000	0.0022714178517618	9283	21.085571917905	160	8950.3987138264
GLOBAL	IV	11240001	11250000	0.0026351946382942	9208	24.264872229413	186	8992.3263327948
GLOBAL	IV	11250001	11260000	0.0022170001407698	9395	20.828716322533	160	9229.5016129032
GLOBAL	IV	11260001	11270000	0.0023613032724015	8796	20.770023584044	159	8489.7829581994
GLOBAL	IV	11270001	11280000	0.0022450155690654	9276	20.824764418651	160	9115.6189710611
GLOBAL	IV	11280001	11290000	0.0032631596293718	9018	29.427173537675	226	8903.8279742765
GLOBAL	IV	11290001	11300000	0.0077260929963643	8673	67.008404557468	515	8507.1848874598
GLOBAL	IV	11300001	11310000	0.0082336543809466	9226	75.963695318613	584	9069.9469453376
GLOBAL	IV	11310001	11320000	0.0065154528337153	8747	56.990665936508	438	8605.1012861736
GLOBAL	IV	11320001	11330000	0.0019154719731366	9434	18.07056259457	139	9340.7845659164
GLOBAL	IV	11330001	11340000	0.0024115589101678	9187	22.154991707712	170	9045
GLOBAL	IV	11340001	11350000	0.0025824223385238	9268	23.933890233439	184	9124.0819935691
GLOBAL	IV	11350001	11360000	0.0044639062868071	8749	39.054716103275	294	8399.1752411576
GLOBAL	IV	11360001	11370000	0.006035983748462	8550	51.60766104935	385	6598.078778135
GLOBAL	IV	11370001	11380000	0.0081884270648733	8045	65.875895736906	493	5959.4099678457
GLOBAL	IV	11380001	11390000	0.004043781316323	8843	35.759158180245	271	8492.0434083601
GLOBAL	IV	11390001	11400000	0.0022794517965619	9313	21.228534581381	163	9085.5659163987
GLOBAL	IV	11400001	11410000	0.0027378270401113	8887	24.331068905469	186	8383.2443729904
GLOBAL	IV	11410001	11420000	0.0038322270910824	5098	19.536693710338	145	2786.8129032258
GLOBAL	IV	11420001	11430000	0.0055452826951694	5853	32.456539614826	249	5054.8874598071
GLOBAL	IV	11430001	11440000	0.0027518142178301	9164	25.217625492195	194	9075.3327974277
GLOBAL	IV	11440001	11450000	0.0023891405374316	9041	21.600219598919	166	8899.3617363344
GLOBAL	IV	11450001	11460000	0.0024544343086747	9487	23.285218286397	179	9382.7443729904
GLOBAL	IV	11460001	11470000	0.0032238087918958	9253	29.829902751411	228	9136.7829581994
GLOBAL	IV	11470001	11480000	0.0073629220142101	7963	58.630947999155	440	7078.2942122186
GLOBAL	IV	11480001	11490000	0.0092529130030506	8013	74.143591893444	553	6314.0128617363
GLOBAL	IV	11490001	11500000	0.011576938931176	8111	93.900551670771	702	7009.1575562701
GLOBAL	IV	11500001	11510000	0.010664373411323	8571	91.404344508452	697	7997.8874598071
GLOBAL	IV	11510001	11520000	0.0093688774583684	8320	77.949060453625	595	7674.7636655949
GLOBAL	IV	11520001	11530000	0.012103579399996	8274	100.14501595557	763	7750.2363344051
GLOBAL	IV	11530001	11540000	0.0075480926999	9007	67.985670947999	521	8678.7636655949
GLOBAL	IV	11540001	11550000	0.0085911117670789	8976	77.1138192213	592	8757.2491961415
GLOBAL	IV	11550001	11560000	0.0069433439407543	8574	59.532230948028	457	8348.1430868167
GLOBAL	IV	11560001	11570000	0.002420878579721	9501	23.000767385929	177	9423.0900321543
GLOBAL	IV	11570001	11580000	0.0023111040490963	9341	21.588022922609	166	9243.5
GLOBAL	IV	11580001	11590000	0.0026029202888308	9536	24.821447874291	191	9461.9903536977
GLOBAL	IV	11590001	11600000	0.0026389876857388	9422	24.864541975031	191	9259.2009646302
GLOBAL	IV	11600001	11610000	0.0051307221646578	8976	46.053362149968	353	8759.3376205788
GLOBAL	IV	11610001	11620000	0.0081593093217838	9070	74.004935548579	567	8640.3440514469
GLOBAL	IV	11620001	11630000	0.0046942464372791	8606	40.398684839224	309	8310.0562700965
GLOBAL	IV	11630001	11640000	0.013694336771395	7119	97.489983475563	740	6363.7508038585
GLOBAL	IV	11640001	11650000	0.011816377753573	6632	78.366217261696	594	5624.4661290323
GLOBAL	IV	11650001	11660000	0.016335938800897	6225	101.69121903558	772	5554.6430868167
GLOBAL	IV	11660001	11670000	0.014317450679274	6645	95.139459763775	721	5741.2877813505
GLOBAL	IV	11670001	11680000	0.015911141727786	6926	110.20056760665	838	6278.7186495177
GLOBAL	IV	11680001	11690000	0.0096484942494727	7505	72.411949342293	552	6913.1655948553
GLOBAL	IV	11690001	11700000	0.0098104948333456	7839	76.904468998596	586	7394.2427652733
GLOBAL	IV	11700001	11710000	0.0085049438096185	7778	66.151452951213	503	7122.7797427653
GLOBAL	IV	11710001	11720000	0.012311674277452	7777	95.747890855745	726	7078.4694533762
GLOBAL	IV	11720001	11730000	0.0075235435974137	8341	62.753877146027	478	7673.6403225806
GLOBAL	IV	11730001	11740000	0.0079993342985638	8226	65.802523939986	503	7745.4372990354
GLOBAL	IV	11740001	11750000	0.0066044964363294	8547	56.448631041307	434	8390.501607717
GLOBAL	IV	11750001	11760000	0.0071091327800307	8681	61.714381663446	472	8252.4019292604
GLOBAL	IV	11760001	11770000	0.00478525396688	8900	42.588760305232	324	8489.1977491961
GLOBAL	IV	11770001	11780000	0.0022266949703451	9240	20.574661525989	158	9076.7106109325
GLOBAL	IV	11780001	11790000	0.0030014453556333	9154	27.475230785468	208	8729.1639871383
GLOBAL	IV	11790001	11800000	0.0078164862773307	8045	62.883632101125	481	7610.7186495177
GLOBAL	IV	11800001	11810000	0.0070514163995094	8581	60.50820412419	464	8195.8183279743
GLOBAL	IV	11810001	11820000	0.0092258119261781	8267	76.269787193714	584	7922.9469453376
GLOBAL	IV	11820001	11830000	0.0079803366402023	8465	67.553549659312	517	8028.9549839228
GLOBAL	IV	11830001	11840000	0.0084953768946801	8314	70.63056350237	540	7881.0321543408
GLOBAL	IV	11840001	11850000	0.0032002148453945	8900	28.481912124011	219	8787.9565916399
GLOBAL	IV	11850001	11860000	0.002949582586992	9347	27.569748440614	212	9221.3649517685
GLOBAL	IV	11860001	11870000	0.0025024092028227	9294	23.257391131034	179	9243.0498392283
GLOBAL	IV	11870001	11880000	0.0027750846145915	8822	24.481796469927	188	8422.1398713826
GLOBAL	IV	11880001	11890000	0.0011937183902507	9361	11.174397851137	86	9315.7556270096
GLOBAL	IV	11890001	11900000	0.0023068930002101	9132	21.066546877918	162	9030.1961414791
GLOBAL	IV	11900001	11910000	0.0023505377611945	9346	21.968125916124	169	9263.0353697749
GLOBAL	IV	11910001	11920000	0.002350911634851	9293	21.84702182267	168	9189.6736334405
GLOBAL	IV	11920001	11930000	0.0022364880073364	9298	20.794865492214	160	9220.9710610932
GLOBAL	IV	11930001	11940000	0.0023401815557928	9002	21.066314365247	162	8888.7170418006
GLOBAL	IV	11940001	11950000	0.0020680750798311	9054	18.72435177279	144	8975.6881028939
GLOBAL	IV	11950001	11960000	0.0021041048073673	9219	19.397742219119	149	9109.9533762058
GLOBAL	IV	11960001	11970000	0.0027022905240561	8860	23.942294043137	184	8728.347266881
GLOBAL	IV	11970001	11980000	0.0026950270159035	8639	23.28233839039	179	8534.5466237942
GLOBAL	IV	11980001	11990000	0.0048115359223086	8656	41.648654943503	320	8537.575562701
GLOBAL	IV	11990001	12000000	0.0079154883611264	8884	70.321198600247	541	8803.4147909968
GLOBAL	IV	12000001	12010000	0.0072310177881734	8506	61.507037306203	473	8394.5160771704
GLOBAL	IV	12010001	12020000	0.0037726315638257	8667	32.697397763678	251	8455.3938906752
GLOBAL	IV	12020001	12030000	0.0054472468515037	8473	46.154522572791	355	8365.6350482315
GLOBAL	IV	12030001	12040000	0.0050688492634168	8556	43.369074297794	333	8407.0707395498
GLOBAL	IV	12040001	12050000	0.0046402460176361	8329	38.648609080891	297	8180.2347266881
GLOBAL	IV	12050001	12060000	0.004393881850094	8614	37.84889825671	291	8480.4276527331
GLOBAL	IV	12060001	12070000	0.0031494878036995	8842	27.847771160311	214	8659.4115755627
GLOBAL	IV	12070001	12080000	0.0053125155508954	8457	44.927944013922	345	8180.3392282958
GLOBAL	IV	12080001	12090000	0.0061731452732907	8203	50.638310676804	389	8037.7604501608
GLOBAL	IV	12090001	12100000	0.006000508835451	8831	52.990493525868	406	8149.1768488746
GLOBAL	IV	12100001	12110000	0.0062911197860243	8749	55.041007007926	422	8431.6961414791
GLOBAL	IV	12110001	12120000	0.0035395474129908	7443	26.34485139489	199	6631.7669421488
GLOBAL	IV	12120001	12130000	0.0025008051406692	6044	15.114866270205	114	5270.8827470687
GLOBAL	IV	12130001	12140000	0.0038238564360274	5368	20.526461348595	155	4843.7854609929
GLOBAL	IV	12140001	12150000	0.001866638706283	2417	4.5116657530859	19	609.43113772455
GLOBAL	IV	12150001	12160000	0.0030689735813663	2654	8.1450558849462	55	1457.1147826087
GLOBAL	IV	12160001	12170000	0.0045121020047449	8555	38.601032650593	294	7715.3812600969
GLOBAL	IV	12170001	12180000	0.0024310628566403	8028	19.516572613108	149	7578.9063004847
GLOBAL	IV	12180001	12190000	0.0050224323067365	8478	42.580181096512	326	8259.3826366559
GLOBAL	IV	12190001	12200000	0.0033259248973704	8229	27.369035980461	210	7996.3810289389
GLOBAL	IV	12200001	12210000	0.0058672210071975	8605	50.487436766935	388	8465.5578778135
GLOBAL	IV	12210001	12220000	0.0071469721195463	8090	57.81900444713	442	7681.9083601286
GLOBAL	IV	12220001	12230000	0.0079737502607741	8250	65.783439651386	503	7215.6045016077
GLOBAL	IV	12230001	12240000	0.0061723723856582	8215	50.706039148182	389	8026.1720257235
GLOBAL	IV	12240001	12250000	0.0095146781222544	8230	78.305800946154	601	8065.6816720257
GLOBAL	IV	12250001	12260000	0.0055382670398343	8767	48.553987138227	373	8623.5289389068
GLOBAL	IV	12260001	12270000	0.0045024200673011	8040	36.199457341101	278	7862.6093247588
GLOBAL	IV	12270001	12280000	0.00607037335251	8007	48.605479433548	372	7613.6881028939
GLOBAL	IV	12280001	12290000	0.0096106533230181	7966	76.558464371162	585	7509.4710610932
GLOBAL	IV	12290001	12300000	0.0097346345536654	7672	74.684116295721	569	7217.1012861736
GLOBAL	IV	12300001	12310000	0.010221615143729	7809	79.820592657379	606	7012.5514469453
GLOBAL	IV	12310001	12320000	0.0095510169624082	8120	77.554257734755	590	7499.652733119
GLOBAL	IV	12320001	12330000	0.0084784123718543	7961	67.496640892332	514	7362.3729903537
GLOBAL	IV	12330001	12340000	0.01032162196621	7874	81.272451361936	617	7282.1254019293
GLOBAL	IV	12340001	12350000	0.005467348935857	8281	45.275116537832	344	7732.4517684887
GLOBAL	IV	12350001	12360000	0.0023869858729816	8777	20.950575007159	161	8651.3118971061
GLOBAL	IV	12360001	12370000	0.0024509326855995	8449	20.70793026063	159	8309.8183279743
GLOBAL	IV	12370001	12380000	0.0023211457749189	9574	22.222649649074	171	9501.7909967846
GLOBAL	IV	12380001	12390000	0.0025997490488711	9101	23.660316093776	182	9023.8279742765
GLOBAL	IV	12390001	12400000	0.0026892654709645	8952	24.074304496074	185	8814.1189710611
GLOBAL	IV	12400001	12410000	0.0027681112157758	8954	24.785667826057	190	8747.6977491961
GLOBAL	IV	12410001	12420000	0.0026744443931028	8951	23.938951762663	184	8827.729903537
GLOBAL	IV	12420001	12430000	0.0025472968665543	9023	22.98425962692	176	8865.7556270096
GLOBAL	IV	12430001	12440000	0.0030413161208321	9066	27.572571951464	212	8954.4662379421
GLOBAL	IV	12440001	12450000	0.0025392204929635	9223	23.419230606602	180	9101.3938906752
GLOBAL	IV	12450001	12460000	0.0019892845893005	8962	17.827968489311	137	8832.0948553055
GLOBAL	IV	12460001	12470000	0.0030883917796828	8653	26.723854069595	205	8432.2749196141
GLOBAL	IV	12470001	12480000	0.0030214604400061	8485	25.637091833452	197	8366.998392283
GLOBAL	IV	12480001	12490000	0.0025517030484336	9023	23.024016606017	177	8900.692926045
GLOBAL	IV	12490001	12500000	0.0022426525667543	8682	19.470709584561	149	8232.9163987138
GLOBAL	IV	12500001	12510000	0.002905977904805	8305	24.134146499406	185	8148.7508038585
GLOBAL	IV	12510001	12520000	0.0043943726107134	8268	36.332672745379	279	7970.3553054662
GLOBAL	IV	12520001	12530000	0.0057797405451703	9002	52.029224387623	400	8876.5241157556
GLOBAL	IV	12530001	12540000	0.00420541610003	8809	37.045510425164	284	8457.8922829582
GLOBAL	IV	12540001	12550000	0.0056883690302837	7599	43.225916261126	331	7290.2073954984
GLOBAL	IV	12550001	12560000	0.0081757907705593	7822	63.951035407315	488	7297.2508038585
GLOBAL	IV	12560001	12570000	0.0052563991023579	8462	44.479649204152	340	8062.8601286174
GLOBAL	IV	12570001	12580000	0.0026404877823895	8972	23.690456383598	182	8832.8633440514
GLOBAL	IV	12580001	12590000	0.0033301727489358	8596	28.626164949852	220	8444.578778135
GLOBAL	IV	12590001	12600000	0.0066005680310741	8686	57.332533917909	439	8371.1221864952
GLOBAL	IV	12600001	12610000	0.0024801649078887	7817	19.387449084966	149	7720.5
GLOBAL	IV	12610001	12620000	0.0059042581440395	8744	51.626833211481	397	8644.9887459807
GLOBAL	IV	12620001	12630000	0.0057635841059684	5571	32.10892705435	245	4572.9035369775
GLOBAL	IV	12630001	12640000	0.0046459408954883	4860	22.579272752073	165	2986.9203252033
GLOBAL	IV	12640001	12650000	0.0065608437569837	7817	51.286115648342	392	7355.1677419355
GLOBAL	IV	12650001	12660000	0.0043060325782987	8389	36.123307299348	274	7434.4345718901
GLOBAL	IV	12660001	12670000	0.0029608171034667	7667	22.700584732279	174	7132.5315024233
GLOBAL	IV	12670001	12680000	0.0023392989669417	7974	18.653569962393	141	6968.0434083601
GLOBAL	IV	12680001	12690000	0.0028412191965758	9022	25.633479591507	197	8904.5948553055
GLOBAL	IV	12690001	12700000	0.0024676532867257	8921	22.01393497088	169	8810.1752411576
GLOBAL	IV	12700001	12710000	0.0025027514676502	8998	22.519757705917	173	8860.0819935691
GLOBAL	IV	12710001	12720000	0.0026911041797893	8421	22.661788298005	174	8064.2238325282
GLOBAL	IV	12720001	12730000	0.0026839465284216	9115	24.464172606563	188	8962.9469453376
GLOBAL	IV	12730001	12740000	0.0030649217423736	8394	25.726953105484	197	8171.1768488746
GLOBAL	IV	12740001	12750000	0.0030460434103135	9016	27.463127387387	211	8860.5884244373
GLOBAL	IV	12750001	12760000	0.0091991832713816	8072	74.255807366593	566	7650.1318327974
GLOBAL	IV	12760001	12770000	0.0080388915794708	8217	66.055572108512	503	7751.5128617363
GLOBAL	IV	12770001	12780000	0.0058239005614159	8632	50.271909646142	385	8245.036977492
GLOBAL	IV	12780001	12790000	0.0097512159703777	8192	79.881961229334	609	7844.0482315113
GLOBAL	IV	12790001	12800000	0.0081256205159765	8486	68.954015698577	528	8102.4356913183
GLOBAL	IV	12800001	12810000	0.0066757227103465	8714	58.172247697959	446	8393.5289389068
GLOBAL	IV	12810001	12820000	0.0062428125910518	8014	50.029900104689	373	6758.4405144695
GLOBAL	IV	12820001	12830000	0.0051880644530699	8217	42.630325610875	319	7159.7282958199
GLOBAL	IV	12830001	12840000	0.0025776526161149	8710	22.451354286361	172	8537.1591639871
GLOBAL	IV	12840001	12850000	0.0027846223880386	9027	25.136786296825	193	8583.4742765273
GLOBAL	IV	12850001	12860000	0.0027558511995241	9035	24.8991155877	191	8862.8199356913
GLOBAL	IV	12860001	12870000	0.0029338187859095	8787	25.779465671786	198	8647.9581993569
GLOBAL	IV	12870001	12880000	0.002568683952138	8915	22.89981743331	176	8804.2604501608
GLOBAL	IV	12880001	12890000	0.002234973388279	8520	19.041973268137	146	7594.0450160772
GLOBAL	IV	12890001	12900000	0.0021469020372154	8499	18.246520414293	140	8172.6945337621
GLOBAL	IV	12900001	12910000	0.002393359810622	8689	20.795903394495	160	8605.7636655949
GLOBAL	IV	12910001	12920000	0.0027120076956219	8694	23.578194905737	181	8491.9774919614
GLOBAL	IV	12920001	12930000	0.0023825133783603	9011	21.468828052405	165	8911.2475884244
GLOBAL	IV	12930001	12940000	0.0019826294782172	8858	17.562131918048	135	8730.1993569132
GLOBAL	IV	12940001	12950000	0.0023572615498638	9264	21.837670997938	168	9194.8022508039
GLOBAL	IV	12950001	12960000	0.0027926321987477	9035	25.231431915686	194	8938.7733118971
GLOBAL	IV	12960001	12970000	0.0030423774127301	8376	25.482953209027	195	7734.8601286174
GLOBAL	IV	12970001	12980000	0.0028410853975573	9343	26.544260869378	204	9233.4003215434
GLOBAL	IV	12980001	12990000	0.002620096219508	8935	23.410559721304	180	8805.7990353698
GLOBAL	IV	12990001	13000000	0.0033524041028696	7878	26.410239522407	203	7794.5418006431
GLOBAL	IV	13000001	13010000	0.0036174850889442	9081	32.850382092703	252	8913.61414791
GLOBAL	IV	13010001	13020000	0.0028297816686164	8712	24.653057896986	187	8127.3408360129
GLOBAL	IV	13020001	13030000	0.0018429282824529	9238	17.0249714733	131	9153.0852090032
GLOBAL	IV	13030001	13040000	0.0019176590548623	9287	17.809299642506	137	9138.2491961415
GLOBAL	IV	13040001	13050000	0.0010811166703865	3961	4.2823031314008	32	2193.7122186495
GLOBAL	IV	13050001	13060000	0.0025122182184072	4738	11.902889918813	91	4344.3649517685
GLOBAL	IV	13060001	13070000	0.0030932394034601	9003	27.848434349351	214	8869.9919614148
GLOBAL	IV	13070001	13080000	0.0023968269942084	9280	22.242554506254	171	9163.4099678457
GLOBAL	IV	13080001	13090000	0.0027714553345082	8963	24.840554163197	191	8842.2057877813
GLOBAL	IV	13090001	13100000	0.0020416083291922	8600	17.557831631053	135	8500.8167202572
GLOBAL	IV	13100001	13110000	0.003012260801493	9250	27.863412413811	214	9123.3135048232
GLOBAL	IV	13110001	13120000	0.0019493037775906	8598	16.760113879724	129	8547.4919614148
GLOBAL	IV	13120001	13130000	0.001419834087588	9245	13.126366139751	101	9187.6221864952
GLOBAL	IV	13130001	13140000	0.0015574409505723	9092	14.160253122603	109	9056.1270096463
GLOBAL	IV	13140001	13150000	0.0018030540112516	8443	15.223185016997	117	8325.4453376206
GLOBAL	IV	13150001	13160000	0.0018048759099889	8207	14.812616593279	114	8162.2218649518
GLOBAL	IV	13160001	13170000	0.0012410612183008	8582	10.650787375457	82	8534.0594855305
GLOBAL	IV	13170001	13180000	0.0046934894618603	8571	40.227898177605	309	8449.1623794212
GLOBAL	IV	13180001	13190000	0.006167515663979	8398	51.794796546096	397	8158.6382636656
GLOBAL	IV	13190001	13200000	0.0060202274931245	8440	50.810720041971	390	8231.6093247588
GLOBAL	IV	13200001	13210000	0.0047451014028962	7768	36.859947697697	282	7435.9163987138
GLOBAL	IV	13210001	13220000	0.0086297275567202	8543	73.723762517061	564	7921.3408360129
GLOBAL	IV	13220001	13230000	0.0058325850650075	8595	50.13106863374	381	7818.961414791
GLOBAL	IV	13230001	13240000	0.0036819327522463	7528	27.71758975891	213	7438.6639871383
GLOBAL	IV	13240001	13250000	0.0030467530677711	8890	27.085634772485	208	8794.0578778135
GLOBAL	IV	13250001	13260000	0.004035712114373	9247	37.318229921607	287	9158.1012861736
GLOBAL	IV	13260001	13270000	0.0030873749890741	8291	25.597426034413	196	8106.0128617363
GLOBAL	IV	13270001	13280000	0.0019634306634559	9074	17.816169840199	137	8975.808681672
GLOBAL	IV	13280001	13290000	0.0027747475146114	8694	24.123654892031	185	8573.1993569132
GLOBAL	IV	13290001	13300000	0.0027358700474274	8745	23.925183564753	184	8656.0192926045
GLOBAL	IV	13300001	13310000	0.0034399626425653	8735	30.048073682808	231	8642.7990353698
GLOBAL	IV	13310001	13320000	0.0029491911931105	9049	26.687231106457	205	8959.8183279743
GLOBAL	IV	13320001	13330000	0.0023774850708741	9026	21.45918024971	165	8917.270096463
GLOBAL	IV	13330001	13340000	0.0030440055723916	8813	26.826821109487	206	8697.9678456592
GLOBAL	IV	13340001	13350000	0.0022780060570466	8394	19.121582842849	147	8311.9099678457
GLOBAL	IV	13350001	13360000	0.0021667020507065	9236	20.011660140326	154	9181.8135048232
GLOBAL	IV	13360001	13370000	0.0025302095083659	9295	23.518297380261	181	9248.2749196142
GLOBAL	IV	13370001	13380000	0.0021660792505789	8639	18.712758645751	144	8565.3311897106
GLOBAL	IV	13380001	13390000	0.0025244683140186	9072	22.901976544777	176	8953.384244373
GLOBAL	IV	13390001	13400000	0.0019307796340935	9154	17.674356770492	136	9096.1752411576
GLOBAL	IV	13400001	13410000	0.0014463891539655	9431	13.640896111049	105	9392.7379421222
GLOBAL	IV	13410001	13420000	0.0019661365751672	7938	15.607192133677	119	7615.2717041801
GLOBAL	IV	13420001	13430000	0.0019049473333351	9208	17.54075504535	135	9163.2443729904
GLOBAL	IV	13430001	13440000	0.0016897909175969	9150	15.461586896011	119	9087.1221864952
GLOBAL	IV	13440001	13450000	0.0018628688196237	9083	16.920437488642	130	8967.2395498392
GLOBAL	IV	13450001	13460000	0.0016788909620047	8979	15.07476194784	116	8920.38585209
GLOBAL	IV	13460001	13470000	0.0015754814020821	9400	14.809525179571	114	9361.3022508039
GLOBAL	IV	13470001	13480000	0.0018518128050694	8871	16.427431393771	126	8799.5144694534
GLOBAL	IV	13480001	13490000	0.0018896887723892	9098	17.192388451197	132	8959.1993569132
GLOBAL	IV	13490001	13500000	0.0015686966969623	9366	14.692413263749	113	9301.2942122187
GLOBAL	IV	13500001	13510000	0.001616963606841	9332	15.08950437904	116	9254.961414791
GLOBAL	IV	13510001	13520000	0.0013399920602317	9139	12.246187438458	94	8618.4855305466
GLOBAL	IV	13520001	13530000	0.0015135998452377	9456	14.312600136568	110	9337.3890675241
GLOBAL	IV	13530001	13540000	0.0015114623450703	9213	13.925102585133	107	9112.6736334405
GLOBAL	IV	13540001	13550000	0.0063254469517895	9493	60.047467913338	462	9448.3263665595
GLOBAL	IV	13550001	13560000	0.0064342985990789	9187	59.111901229737	454	9102.6061093248
GLOBAL	IV	13560001	13570000	0.0060048929699915	9196	55.220995752042	423	8402.7427652733
GLOBAL	IV	13570001	13580000	0.0074059479827228	8491	62.883904321299	478	7803.5225080386
GLOBAL	IV	13580001	13590000	0.0082046699160677	9023	74.030736652679	568	8874.2781350482
GLOBAL	IV	13590001	13600000	0.0091472540051824	8517	77.907162362139	599	8400.0128617363
GLOBAL	IV	13600001	13610000	0.0082406049023062	9064	74.692842834503	575	9028.4549839228
GLOBAL	IV	13610001	13620000	0.0090674904368756	9268	84.037501368963	647	9240.5562700965
GLOBAL	IV	13620001	13630000	0.0050857195077273	9313	47.363305775464	364	9271.5418006431
GLOBAL	IV	13630001	13640000	0.0065437758258145	9084	59.443659601699	457	8976.2202572347
GLOBAL	IV	13640001	13650000	0.0035514925606554	9475	33.65039201221	259	9379.3954983923
GLOBAL	IV	13650001	13660000	0.0061001872100212	9116	55.609306606553	428	9082.8151125402
GLOBAL	IV	13660001	13670000	0.010476796098821	9147	95.83125391592	737	9077.9003215434
GLOBAL	IV	13670001	13680000	0.0073868306723345	9436	69.702134224148	536	9239.7717041801
GLOBAL	IV	13680001	13690000	0.006701173608971	9292	62.267305174559	479	9262.1382636656
GLOBAL	IV	13690001	13700000	0.0098436594860866	9134	89.911985745915	691	9058.2170418006
GLOBAL	IV	13700001	13710000	0.011794413355954	9263	109.2516509162	840	9199.577170418
GLOBAL	IV	13710001	13720000	0.0067567490201898	9151	61.831010283757	476	9121.191318328
GLOBAL	IV	13720001	13730000	0.0055506971362052	9503	52.748274885358	406	9481.077170418
GLOBAL	IV	13730001	13740000	0.0039339690965941	9467	37.242885437457	286	9070.8215434084
GLOBAL	IV	13740001	13750000	0.0039109075437391	9764	38.186101257069	294	9740.7765273312
GLOBAL	IV	13750001	13760000	0.0063411685069926	9627	61.046429216818	470	9609.2588424437
GLOBAL	IV	13760001	13770000	0.0037915691988973	9625	36.493853539386	281	9610.807073955
GLOBAL	IV	13770001	13780000	0.0043904711107891	9618	42.22755114357	325	9580.4967845659
GLOBAL	IV	13780001	13790000	0.0018463471145288	9362	17.285501686219	133	9307.7282958199
GLOBAL	IV	13790001	13800000	0.004561570081808	7157	32.6471570755	250	5996.2781350482
GLOBAL	IV	13800001	13810000	0.0044565789764564	9025	40.220625262519	309	8930.7347266881
GLOBAL	IV	13810001	13820000	0.0026461498793454	9229	24.421317236478	188	9205.7717041801
GLOBAL	IV	13820001	13830000	0.0030857626044206	9386	28.962967805091	223	9372.2508038585
GLOBAL	IV	13830001	13840000	0.0034995330653908	9575	33.508029101117	258	9554.5498392283
GLOBAL	IV	13840001	13850000	0.0030443211192641	9684	29.481205718954	227	9669.231511254
GLOBAL	IV	13850001	13860000	0.0028854215646573	9768	28.184797843572	217	9741.6607717042
GLOBAL	IV	13860001	13870000	0.0030781660386825	9757	30.033666039425	231	9643.11414791
GLOBAL	IV	13870001	13880000	0.0046787877175466	9472	44.317477260601	338	9266.808681672
GLOBAL	IV	13880001	13890000	0.0028689450871618	9433	27.062759007197	208	9142.4051446945
GLOBAL	IV	13890001	13900000	0.0029359320854991	9379	27.536107029896	212	9345.577170418
GLOBAL	IV	13900001	13910000	0.00224839771565	9592	21.566630888515	166	9577.1623794212
GLOBAL	IV	13910001	13920000	0.002812061311031	9656	27.153264019316	209	9620.5868167203
GLOBAL	IV	13920001	13930000	0.0023265699500782	9603	22.342051230601	172	9570.3279742765
GLOBAL	IV	13930001	13940000	0.0030771546758682	9670	29.756085715646	229	9630.8199356913
GLOBAL	IV	13940001	13950000	0.00259369715847	9510	24.66605997705	189	9302.6832797428
GLOBAL	IV	13950001	13960000	0.0043724027730093	6592	28.822879079677	216	5392.0884244373
GLOBAL	V	1	10000	0.0056068677612885	1445	8.1019239150618	38	310.33164556962
GLOBAL	V	10001	20000	0.00072452590830642	574	0.41587787136789	2	150.68292682927
GLOBAL	V	20001	30000	0.0036673710733102	685	2.5121491852175	10	181.48205128205
GLOBAL	V	30001	40000	0.0011354505230872	1218	1.3829787371202	9	439.80143112701
GLOBAL	V	40001	50000	0.0056949973282682	4898	27.894096913857	204	3738.4737704918
GLOBAL	V	50001	60000	0.0061110137095219	8712	53.239151437355	409	8545.7813504823
GLOBAL	V	60001	70000	0.0067130218597533	9388	63.021849219364	485	9334.2829581994
GLOBAL	V	70001	80000	0.0064995778605394	9025	58.658690191368	451	8891.3617363344
GLOBAL	V	80001	90000	0.006307002700851	9372	59.109229312376	455	9328.2909967846
GLOBAL	V	90001	100000	0.006088117914254	7372	44.881605263881	345	7252.8697749196
GLOBAL	V	100001	110000	0.0064245319034967	8987	57.737268216725	444	8828.7733118971
GLOBAL	V	110001	120000	0.0063849042611298	8826	56.353165008732	433	8664.7893890675
GLOBAL	V	120001	130000	0.0062343446051085	8827	55.030559829292	423	8729.7154340836
GLOBAL	V	130001	140000	0.0036927924035387	8360	30.871744493584	237	8210.1237942122
GLOBAL	V	140001	150000	0.0046478531173324	8741	40.626884098602	312	8421.040192926
GLOBAL	V	150001	160000	0.005095903127586	9203	46.897596483174	360	8893.2926045016
GLOBAL	V	160001	170000	0.0055944511681333	8808	49.275925888918	379	8693.6495176849
GLOBAL	V	170001	180000	0.0065522227182653	8299	54.376896338884	418	8181.4003215434
GLOBAL	V	180001	190000	0.0048132116215538	8072	38.852244209182	298	7811.4710610932
GLOBAL	V	190001	200000	0.0081633305066211	8476	69.19238937412	531	8266.9485530547
GLOBAL	V	200001	210000	0.0068446275797716	8189	56.05065525075	430	7985.0884244373
GLOBAL	V	210001	220000	0.0065451626776228	8697	56.923279807286	437	8533.347266881
GLOBAL	V	220001	230000	0.0068030004980546	8289	56.390071128375	433	8081.459807074
GLOBAL	V	230001	240000	0.0063527419186618	9210	58.508753070875	450	9153.6414790997
GLOBAL	V	240001	250000	0.0049300105505205	8096	39.913365417014	306	7800.459807074
GLOBAL	V	250001	260000	0.0060658060897723	8571	51.990023995439	399	8417.9742765273
GLOBAL	V	260001	270000	0.0081337996170074	8824	71.772647820473	551	8657.3006430868
GLOBAL	V	270001	280000	0.0069172426994423	9039	62.524956760259	481	8981.5128617363
GLOBAL	V	280001	290000	0.0068045720602189	7866	53.524763825682	411	7602.1270096463
GLOBAL	V	290001	300000	0.0017118475180884	9191	15.73359053875	121	9113.6414790997
GLOBAL	V	300001	310000	0.0021489648503658	8856	19.031232714839	146	8661.6623794212
GLOBAL	V	310001	320000	0.0017607649235892	9155	16.119802875459	124	9065.3311897106
GLOBAL	V	320001	330000	0.0018021786841068	8944	16.118686150651	124	8874.7588424437
GLOBAL	V	330001	340000	0.0023304763766289	8662	20.18658637436	155	7908.5128617363
GLOBAL	V	340001	350000	0.0016871322263169	9396	15.852294398474	122	9332.8745980707
GLOBAL	V	350001	360000	0.0018525215369852	9123	16.900553981916	130	9042.7154340836
GLOBAL	V	360001	370000	0.0021966419606977	9469	20.800002725846	160	9374.8183279743
GLOBAL	V	370001	380000	0.002150152850461	9490	20.404950550875	156	9266.8215434084
GLOBAL	V	380001	390000	0.001410717763681	8933	12.601941782962	97	8804.8520900322
GLOBAL	V	390001	400000	0.0014238381688503	9669	13.767091254613	106	9638.1270096463
GLOBAL	V	400001	410000	0.0014849020927696	9550	14.18081498595	107	8913.0932475884
GLOBAL	V	410001	420000	0.0010741163700544	9080	9.7529766400943	75	9007.3408360129
GLOBAL	V	420001	430000	0.0012990159760166	9398	12.208152142604	94	9375.6350482315
GLOBAL	V	430001	440000	0.0014082275566571	9684	13.637275658668	105	9658.4147909968
GLOBAL	V	440001	450000	0.0011942337358417	9571	11.430011085741	88	9543.9742765273
GLOBAL	V	450001	460000	0.0017255229458623	9259	15.976616955739	123	9221.2990353698
GLOBAL	V	460001	470000	0.0016178757324093	9554	15.457184747438	119	9510.3987138264
GLOBAL	V	470001	480000	0.0016759059856348	8259	13.841307535358	103	7469.2765273312
GLOBAL	V	480001	490000	0.0018002058731855	9453	17.017346119222	131	9424.9356913183
GLOBAL	V	490001	500000	0.0016479478812068	9065	14.938647543139	115	9006.2154340836
GLOBAL	V	500001	510000	0.0012172591774929	9283	11.299816944667	87	9252.8424437299
GLOBAL	V	510001	520000	0.0016697058417163	9256	15.454797270926	119	9224.3633440514
GLOBAL	V	520001	530000	0.0013178806939542	9363	12.339316937494	95	9329.5321543408
GLOBAL	V	530001	540000	0.0017575255701368	9237	16.234263691353	125	9213.6302250804
GLOBAL	V	540001	550000	0.0056932709643074	8888	50.601792330764	389	8785.5064308682
GLOBAL	V	550001	560000	0.003919129432446	9091	35.628805670367	274	8855.0144927536
GLOBAL	V	560001	570000	0.012767925769868	7941	101.39009853852	778	7492.8585209003
GLOBAL	V	570001	580000	0.015397208282123	8294	127.70444549193	975	7821.1672025723
GLOBAL	V	580001	590000	0.016261827632471	8733	142.01454071437	1091	8612.4115755627
GLOBAL	V	590001	600000	0.020184836846905	8305	167.63507001354	1288	8186.538585209
GLOBAL	V	600001	610000	0.015203139579683	8061	122.55250815183	939	7703.3327974277
GLOBAL	V	610001	620000	0.016377143815701	8509	139.3531167278	1070	8372.5659163987
GLOBAL	V	620001	630000	0.015680461286488	7225	113.29133279488	864	6577.3054662379
GLOBAL	V	630001	640000	0.017302562118652	6502	112.50125889548	857	6069.7491961415
GLOBAL	V	640001	650000	0.011591117400949	6618	76.710014959483	588	5705.9308681672
GLOBAL	V	650001	660000	0.01455277613022	8558	124.54265812242	957	8459.5192926045
GLOBAL	V	660001	670000	0.014383959694528	8650	124.42125135767	955	8488.4292604502
GLOBAL	V	670001	680000	0.012165454166426	8424	102.48178589797	782	7747.8151125402
GLOBAL	V	680001	690000	0.0062430850762658	7707	48.115456682781	360	6458.0103270224
GLOBAL	V	690001	700000	0.00929523079928	7694	71.51750576966	528	5454.6800643087
GLOBAL	V	700001	710000	0.0096926440246463	5893	57.118751237241	398	4010.0986842105
GLOBAL	V	710001	720000	0.0052253313352514	8780	45.878409123507	346	6709.5080385852
GLOBAL	V	720001	730000	0.014465637022921	8521	123.26169307231	947	8402.9421221865
GLOBAL	V	730001	740000	0.012707827766589	8007	101.75157692708	777	7673.3617363344
GLOBAL	V	740001	750000	0.014462322240507	9106	131.69390632206	1012	9017.1125401929
GLOBAL	V	750001	760000	0.014541700729028	8638	125.61121089734	963	8380.5353697749
GLOBAL	V	760001	770000	0.010234911065279	8348	85.441037572949	656	8138.4710610932
GLOBAL	V	770001	780000	0.010412199089773	9024	93.959684586111	722	8928.3279742765
GLOBAL	V	780001	790000	0.015640192493545	8233	128.76570479936	985	7838.9839228296
GLOBAL	V	790001	800000	0.013457726634952	8792	118.3203325745	906	8431.5996784566
GLOBAL	V	800001	810000	0.014232637509764	7458	106.14701054782	803	6659.3954983923
GLOBAL	V	810001	820000	0.012032242925972	8453	101.70854945324	776	8098.3553054662
GLOBAL	V	820001	830000	0.0076795324801714	9245	70.997277779184	543	8802.9581993569
GLOBAL	V	830001	840000	0.0019718805697579	8776	17.305223880195	133	8547.8617363344
GLOBAL	V	840001	850000	0.004168789069588	7777	32.420672594186	246	6686.6993569132
GLOBAL	V	850001	860000	0.0097528796968684	8721	85.054863836389	653	8597.8360128617
GLOBAL	V	860001	870000	0.0022021739307474	9209	20.279819728253	156	9175.7572347267
GLOBAL	V	870001	880000	0.0056469698035502	9027	50.975196416647	392	8918.0739549839
GLOBAL	V	880001	890000	0.0083080348619757	9339	77.588737575991	597	9266.2909967846
GLOBAL	V	890001	900000	0.0090616748762648	9126	82.696844920793	636	9035.2604501608
GLOBAL	V	900001	910000	0.011054697294668	8665	95.7889520583	736	8553.2958199357
GLOBAL	V	910001	920000	0.0053430292647796	9063	48.423874226698	372	8441.5096463023
GLOBAL	V	920001	930000	0.0020303151074003	6831	13.869082498652	105	6109.5578778135
GLOBAL	V	930001	940000	0.0022726644189287	9440	21.453952114686	165	9381.3762057878
GLOBAL	V	940001	950000	0.0022832163078945	9518	21.73165281854	167	9410.692926045
GLOBAL	V	950001	960000	0.0014681943529574	9648	14.165139117333	109	9614.8006430868
GLOBAL	V	960001	970000	0.0019714266585138	9293	18.320467937569	141	9246.3890675241
GLOBAL	V	970001	980000	0.0018542195886242	9436	17.496416038258	134	8924.2893890675
GLOBAL	V	980001	990000	0.003245156302737	9054	29.381645164981	226	9004.768488746
GLOBAL	V	990001	1000000	0.0046573488814352	9288	43.25745641077	332	9166.6173633441
GLOBAL	V	1000001	1010000	0.002078889316354	8948	18.601901602736	143	8890.5160771704
GLOBAL	V	1010001	1020000	0.0012691283196289	9317	11.824468553983	91	9268.998392283
GLOBAL	V	1020001	1030000	0.0024944418924153	9064	22.609621312852	174	9011.9662379421
GLOBAL	V	1030001	1040000	0.0023026345235454	9031	20.795092382138	160	8966.3585209003
GLOBAL	V	1040001	1050000	0.010099319295616	8047	81.269222371823	621	7725.5868167203
GLOBAL	V	1050001	1060000	0.008867939263472	8254	73.195970680698	554	7295.731511254
GLOBAL	V	1060001	1070000	0.010126039930182	8149	82.517099391057	631	7814.0418006431
GLOBAL	V	1070001	1080000	0.0067590351406987	7552	51.044233382557	390	7124.4646302251
GLOBAL	V	1080001	1090000	0.0065760994136451	8779	57.73157675239	443	8552.6945337621
GLOBAL	V	1090001	1100000	0.0070326023175029	9050	63.645050973401	489	8918.1414790997
GLOBAL	V	1100001	1110000	0.0072588459865651	8294	60.204868612571	463	8211.2974276527
GLOBAL	V	1110001	1120000	0.0024236747924649	9226	22.360823635281	172	9145.9919614148
GLOBAL	V	1120001	1130000	0.0015817900583219	9348	14.786573465193	113	9226.5530546624
GLOBAL	V	1130001	1140000	0.0034124004497195	9370	31.974192213872	246	9296.231511254
GLOBAL	V	1140001	1150000	0.0051515250377002	9417	48.511911280023	373	9319.192926045
GLOBAL	V	1150001	1160000	0.0017140174952261	9328	15.988355195469	123	9272.1672025723
GLOBAL	V	1160001	1170000	0.0057759801427207	9141	52.79823448461	406	9061.4019292604
GLOBAL	V	1170001	1180000	0.0086909545907519	8776	76.271817488439	585	8545.9260450161
GLOBAL	V	1180001	1190000	0.0028859661996079	9325	26.911634811344	207	9222.3681672026
GLOBAL	V	1190001	1200000	0.0017334654621191	9078	15.736399465117	121	9023.4565916399
GLOBAL	V	1200001	1210000	0.0018554125124478	8865	16.448231922849	126	8543.2475884244
GLOBAL	V	1210001	1220000	0.0026744438449678	8868	23.716968017174	182	8485.732689211
GLOBAL	V	1220001	1230000	0.0061484025226404	8853	54.431807532936	418	8673.1223832528
GLOBAL	V	1230001	1240000	0.0062761646343203	8609	54.031501336863	414	8212.2395498392
GLOBAL	V	1240001	1250000	0.0077938003969498	8910	69.442761536823	534	8830.270096463
GLOBAL	V	1250001	1260000	0.002018928067266	9459	19.097040588269	147	9417.4662379421
GLOBAL	V	1260001	1270000	0.0020367388831669	8296	16.896785774753	130	8243.8006430868
GLOBAL	V	1270001	1280000	0.0018036204764792	9292	16.759241467445	129	9245.7154340836
GLOBAL	V	1280001	1290000	0.0020232047783267	9127	18.465790011788	142	9039.0707395498
GLOBAL	V	1290001	1300000	0.0021898610649905	9197	20.140152214718	155	9139.9356913183
GLOBAL	V	1300001	1310000	0.0023029211767243	9253	21.30892964823	164	9181.2652733119
GLOBAL	V	1310001	1320000	0.0018051377430557	8005	14.450127633161	111	7016.5032154341
GLOBAL	V	1320001	1330000	0.0015191249707569	9322	14.161282977396	109	9282.0659163987
GLOBAL	V	1330001	1340000	0.0021517453704148	9122	19.628221268924	151	9044.0466237942
GLOBAL	V	1340001	1350000	0.0014984167155237	8947	13.40633435379	103	8860.4083601286
GLOBAL	V	1350001	1360000	0.0015729065156069	9500	14.942611898266	115	9456.6575562701
GLOBAL	V	1360001	1370000	0.0021958788100229	9352	20.535858631334	158	9133.7250803859
GLOBAL	V	1370001	1380000	0.0021361193624053	9126	19.494225301311	150	9062.4421221865
GLOBAL	V	1380001	1390000	0.0024117254633084	9640	23.249033466293	179	9605.5659163987
GLOBAL	V	1390001	1400000	0.002301922023516	9372	21.573613204392	166	9335.2620578778
GLOBAL	V	1400001	1410000	0.0015139619791784	9437	14.287259197506	110	9401.0819935691
GLOBAL	V	1410001	1420000	0.006569660321964	8660	56.893258388208	437	8608.6832797428
GLOBAL	V	1420001	1430000	0.0043882562018977	8733	38.322641411173	295	8689.8762057878
GLOBAL	V	1430001	1440000	0.0019828183504909	8267	16.391959303509	126	8191.2106109325
GLOBAL	V	1440001	1450000	0.0014389874171266	9567	13.76679261965	106	9539.6205787781
GLOBAL	V	1450001	1460000	0.0015848851948845	9181	14.550830974234	112	9140.268488746
GLOBAL	V	1460001	1470000	0.0016723805255248	9554	15.977923540864	123	9517.5627009646
GLOBAL	V	1470001	1480000	0.0057229835540746	9261	53.000550694284	407	8939.231511254
GLOBAL	V	1480001	1490000	0.010735430666356	6559	70.413689740629	538	5909.7620578778
GLOBAL	V	1490001	1500000	0.010103111545263	8227	83.118298682875	628	6727.6457326892
GLOBAL	V	1500001	1510000	0.0099556582302827	8061	80.252560994309	599	6745.3784219002
GLOBAL	V	1510001	1520000	0.0051666477129185	6183	31.945382808975	235	4323.9516908213
GLOBAL	V	1520001	1530000	0.0066828953465805	6859	45.837979182195	345	5562.0144927536
GLOBAL	V	1530001	1540000	0.0099941116821818	8403	83.980520465373	640	7508.0933977456
GLOBAL	V	1540001	1550000	0.017084832681884	8053	137.58415758722	1045	7348.921221865
GLOBAL	V	1550001	1560000	0.010456729294157	8890	92.960323425053	714	8627.8231511254
GLOBAL	V	1560001	1570000	0.0083374813613077	8880	74.036834488413	568	8127.6221864952
GLOBAL	V	1570001	1580000	0.01040474305083	8416	87.566317515781	673	8011.9019292605
GLOBAL	V	1580001	1590000	0.012697668725062	8280	105.13669704351	805	7849.1784565916
GLOBAL	V	1590001	1600000	0.013210132774213	8637	114.09591677087	878	8582.7588424437
GLOBAL	V	1600001	1610000	0.011210816619776	8867	99.406310967552	765	8805.2974276527
GLOBAL	V	1610001	1620000	0.012497233620116	8488	106.07651896754	815	8352.3697749196
GLOBAL	V	1620001	1630000	0.0082148758032666	9043	74.287121888939	571	8926.9421221865
GLOBAL	V	1630001	1640000	0.0056060148642883	8900	49.893532292166	384	8857.5305466238
GLOBAL	V	1640001	1650000	0.0011354049815797	6917	7.8535962575868	60	5142.3697749196
GLOBAL	V	1650001	1660000	0.0019698559815592	8062	15.88097892333	121	6723.5305466238
GLOBAL	V	1660001	1670000	0.0016069799198773	9398	15.102397287007	116	9305.1350482315
GLOBAL	V	1670001	1680000	0.0018517554933448	9261	17.149107623867	132	9217.2202572347
GLOBAL	V	1680001	1690000	0.0017236029657337	9345	16.107069714781	124	9314.4180064309
GLOBAL	V	1690001	1700000	0.0014294084230679	9295	13.286351292416	102	9213.2668810289
GLOBAL	V	1700001	1710000	0.0020304576196013	9484	19.256860064298	148	9379.5562700965
GLOBAL	V	1710001	1720000	0.001544002973412	9256	14.291291521901	110	9202.8199356913
GLOBAL	V	1720001	1730000	0.0026064605428307	8855	23.080208106765	176	8107.6045016077
GLOBAL	V	1730001	1740000	0.0016701653847799	9686	16.177221916979	124	9178.7652733119
GLOBAL	V	1740001	1750000	0.0015634066853607	9339	14.600655034584	112	8875.6398713826
GLOBAL	V	1750001	1760000	0.001337226322558	9520	12.730394590752	98	9471.8424437299
GLOBAL	V	1760001	1770000	0.0016538276713733	9353	15.468250210354	119	9287.7508038585
GLOBAL	V	1770001	1780000	0.0015625158119999	9134	14.272019426807	108	7859.5241157556
GLOBAL	V	1780001	1790000	0.001788304656288	9443	16.886960869328	130	9398.5
GLOBAL	V	1790001	1800000	0.0014650593655195	9575	14.027943424849	108	9545.3617363344
GLOBAL	V	1800001	1810000	0.0019467781180532	9541	18.574210024346	143	9506.4131832797
GLOBAL	V	1810001	1820000	0.0016534298590971	9666	15.982053018033	123	9613.6045016077
GLOBAL	V	1820001	1830000	0.0015810316566641	9693	15.324939848045	118	9665.2893890675
GLOBAL	V	1830001	1840000	0.001693701748394	9304	15.758201067058	121	9217.1752411576
GLOBAL	V	1840001	1850000	0.0019205421860181	9021	17.325211060069	132	8404.3874598071
GLOBAL	V	1850001	1860000	0.0017511083050441	8638	15.126073538971	116	8535.6382636656
GLOBAL	V	1860001	1870000	0.0017070403681078	9588	16.367103049417	126	9553.3713826367
GLOBAL	V	1870001	1880000	0.0019089250240547	9236	17.630831522169	135	8905.8102893891
GLOBAL	V	1880001	1890000	0.002016645793427	6658	13.426827692637	103	6242.9919614148
GLOBAL	V	1890001	1900000	0.0011984996541915	9320	11.170016777064	86	9280.6864951768
GLOBAL	V	1900001	1910000	0.0016486726595134	6791	11.196136030755	86	6623.0884244373
GLOBAL	V	1910001	1920000	0.0022218252885383	9074	20.160842668196	155	8704.5900321543
GLOBAL	V	1920001	1930000	0.0016660538460691	9622	16.030770106877	123	9552.7363344051
GLOBAL	V	1930001	1940000	0.0017416433783573	9189	16.003961003725	123	8783.1495176849
GLOBAL	V	1940001	1950000	0.0017455852020752	9383	16.378825951072	126	9309.0659163987
GLOBAL	V	1950001	1960000	0.0019024570970671	9562	18.191294762155	140	9507.9662379421
GLOBAL	V	1960001	1970000	0.0023780952302059	9206	21.892744689275	168	8999.1366559486
GLOBAL	V	1970001	1980000	0.0018466447974554	9663	17.844128677812	137	9406.7540192926
GLOBAL	V	1980001	1990000	0.0020294062369386	8988	18.240303257604	140	8788.9678456592
GLOBAL	V	1990001	2000000	0.0062243566581754	9168	57.064901842152	439	9038.5578778135
GLOBAL	V	2000001	2010000	0.0014865982179938	9444	14.039433570734	108	9367.0241157556
GLOBAL	V	2010001	2020000	0.0015848382951997	9439	14.95928866839	115	9289.7427652733
GLOBAL	V	2020001	2030000	0.0017484567757619	9364	16.372549248234	126	9298.6237942122
GLOBAL	V	2030001	2040000	0.0034843311613304	8962	31.226575867843	239	8775.7749196141
GLOBAL	V	2040001	2050000	0.0066024616170056	8966	59.197670858072	455	8768.4485530547
GLOBAL	V	2050001	2060000	0.0024892098754329	9502	23.652472236364	182	9440.8118971061
GLOBAL	V	2060001	2070000	0.0031351571858191	8887	27.862141910374	214	8711.7958199357
GLOBAL	V	2070001	2080000	0.0019239308937482	9065	17.440433551828	132	8825.7282958199
GLOBAL	V	2080001	2090000	0.0017649186588975	9361	16.52140356594	124	8797.6768488746
GLOBAL	V	2090001	2100000	0.0016341005172645	9043	14.777170977623	110	6717.3906752412
GLOBAL	V	2100001	2110000	0.0014314263628079	8429	12.065492812108	88	6733.4099678457
GLOBAL	V	2110001	2120000	0.0018277186478393	9595	17.536960426018	135	9543.1382636656
GLOBAL	V	2120001	2130000	0.0016173433586348	9158	14.811630478378	114	9091.7202572347
GLOBAL	V	2130001	2140000	0.0029983508879285	9229	27.671780344692	213	9180.7620578778
GLOBAL	V	2140001	2150000	0.0051251328153478	9077	46.520830564912	358	8992.9646302251
GLOBAL	V	2150001	2160000	0.0071120581517918	9018	64.136540412858	493	8835.8778135048
GLOBAL	V	2160001	2170000	0.0040841301304287	8791	35.903587976598	275	8602.3745980707
GLOBAL	V	2170001	2180000	0.0023295565790187	9099	21.196635312491	163	9007.8585209003
GLOBAL	V	2180001	2190000	0.0021546176970921	6557	14.127828239833	105	5922.6768488746
GLOBAL	V	2190001	2200000	0.0020584495254992	9467	19.487341657901	150	9414.7765273312
GLOBAL	V	2200001	2210000	0.001940639695724	9172	17.79954728918	137	9085.4501607717
GLOBAL	V	2210001	2220000	0.0020012104525608	9153	18.317079272289	141	9087.1173633441
GLOBAL	V	2220001	2230000	0.0018197992764216	8712	15.854091296185	121	8028.6189710611
GLOBAL	V	2230001	2240000	0.0019855587433242	9185	18.237357057432	139	8790.7733118971
GLOBAL	V	2240001	2250000	0.0030877127544054	8848	27.320082450979	210	8424.0627009646
GLOBAL	V	2250001	2260000	0.004219036595533	8993	37.941796103629	290	8840.4549839228
GLOBAL	V	2260001	2270000	0.0066086743176951	8815	58.255464110483	433	7805.0996784566
GLOBAL	V	2270001	2280000	0.0057609662751778	8314	47.896673611828	362	7824.0627009646
GLOBAL	V	2280001	2290000	0.0048806860522812	8493	41.451666642025	316	7997.0064308682
GLOBAL	V	2290001	2300000	0.0031658131678787	8790	27.827497745654	212	7463.3118971061
GLOBAL	V	2300001	2310000	0.002389774378913	7816	18.678476545584	137	6482.1168831169
GLOBAL	V	2310001	2320000	0.0027917110073913	8561	23.899837934277	182	8111.0048231511
GLOBAL	V	2320001	2330000	0.0019146170724995	8756	16.764387086806	129	8701.8810289389
GLOBAL	V	2330001	2340000	0.0016578899397088	9328	15.464797357604	119	9285.0996784566
GLOBAL	V	2340001	2350000	0.0015119421326108	9536	14.417880176576	111	9497.2781350482
GLOBAL	V	2350001	2360000	0.0022647379651442	8863	20.072372585073	154	8747
GLOBAL	V	2360001	2370000	0.0018682970583297	9392	17.547045971832	135	9311.0948553055
GLOBAL	V	2370001	2380000	0.0046746928451646	8968	41.922645435437	322	8868.1816720257
GLOBAL	V	2380001	2390000	0.0078037146015783	8060	62.897939688721	481	7538.2540192926
GLOBAL	V	2390001	2400000	0.0069865103304894	6615	46.215765836188	351	4999.6093247588
GLOBAL	V	2400001	2410000	0.00470676137452	8625	40.595816855235	312	8248.0627009646
GLOBAL	V	2410001	2420000	0.0064932780193838	8166	53.024108306288	407	7999.1495176849
GLOBAL	V	2420001	2430000	0.0068834749207065	8159	56.162271878044	431	7957.7749196141
GLOBAL	V	2430001	2440000	0.0072906249821359	9238	67.350793584971	518	9156.8520900322
GLOBAL	V	2440001	2450000	0.0054291870142951	8326	45.203411081021	347	8166.2427652733
GLOBAL	V	2450001	2460000	0.0054164050911232	9222	49.950087750338	384	9160.8038585209
GLOBAL	V	2460001	2470000	0.0043494492703025	9028	39.266828012291	302	8973.4485530547
GLOBAL	V	2470001	2480000	0.0071838234366714	8794	63.174543302089	486	8722.7009646302
GLOBAL	V	2480001	2490000	0.0084976382215093	8597	73.054195790316	559	8257.1720257235
GLOBAL	V	2490001	2500000	0.0058069316420882	9006	52.297226368646	399	8860.2829581994
GLOBAL	V	2500001	2510000	0.0021187215996921	9265	19.629955621148	151	9199.1897106109
GLOBAL	V	2510001	2520000	0.011820997108823	8541	100.96313630646	776	8447.8215434084
GLOBAL	V	2520001	2530000	0.019274852120702	7868	151.65453648568	1158	7579.6736334405
GLOBAL	V	2530001	2540000	0.0090173011869454	3954	35.654408893182	269	3166.0980707395
GLOBAL	V	2540001	2550000	0.0061347369382587	3249	19.931760312402	146	1941.5281803543
GLOBAL	V	2550001	2560000	0.0030374525228944	5053	15.348247598185	109	2070.2274305556
GLOBAL	V	2560001	2570000	0.0013076257262859	5136	6.7159657302043	40	2087.9221311475
GLOBAL	V	2570001	2580000	0.014846790341177	5270	78.242585098002	589	3865.6237942122
GLOBAL	V	2580001	2590000	0.020062850305339	7678	154.04256464439	1162	6543.3938906752
GLOBAL	V	2590001	2600000	0.019721662733923	7599	149.86491511508	1129	6512.5032154341
GLOBAL	V	2600001	2610000	0.018627524590093	7399	137.8250544421	1037	6229.8258064516
GLOBAL	V	2610001	2620000	0.017944631573656	7712	138.38899869604	1050	7025.2620578778
GLOBAL	V	2620001	2630000	0.015096229164423	7176	108.3305404839	826	6834.2572347267
GLOBAL	V	2630001	2640000	0.019835101254639	8105	160.76349566885	1236	8049.6816720257
GLOBAL	V	2640001	2650000	0.011294571589779	7903	89.260999274024	685	7795.731511254
GLOBAL	V	2650001	2660000	0.013368255036942	8118	108.5234943899	826	7693.3778135048
GLOBAL	V	2660001	2670000	0.012457356323415	8105	100.96687300128	774	7480.8376205788
GLOBAL	V	2670001	2680000	0.010156125906827	8120	82.467742363437	630	6549.6254019293
GLOBAL	V	2680001	2690000	0.011395028486393	8104	92.345310853727	702	7256.9131832797
GLOBAL	V	2690001	2700000	0.013203220151743	7866	103.85652971361	793	7344.229903537
GLOBAL	V	2700001	2710000	0.0097290275721331	8501	82.706463390703	636	8386.5305466238
GLOBAL	V	2710001	2720000	0.007799009157606	7755	60.481316017235	463	7549.1366559486
GLOBAL	V	2720001	2730000	0.014101949349457	8632	121.72802678451	935	8485.0819935691
GLOBAL	V	2730001	2740000	0.017398339507993	8444	146.9115788055	1129	8302.3247588424
GLOBAL	V	2740001	2750000	0.017575998767711	7786	136.8467264054	1049	7562.7090032154
GLOBAL	V	2750001	2760000	0.021289801744454	7143	152.07305386063	1162	6787.6254019293
GLOBAL	V	2760001	2770000	0.015901569768003	7802	124.06404732996	948	7485.4276527331
GLOBAL	V	2770001	2780000	0.012365632573581	7394	91.431487249061	697	6076.8135048232
GLOBAL	V	2780001	2790000	0.014049031360013	8538	119.95062975179	918	8163.0659163987
GLOBAL	V	2790001	2800000	0.0010326799172488	5306	5.4793996409222	31	1221.0502431118
GLOBAL	V	2800001	2810000	0.00095580908583256	4247	4.0593211875309	22	915.10620915033
GLOBAL	V	2810001	2820000	0.00062962261657689	3230	2.0336810515433	10	404.00972447326
GLOBAL	V	2820001	2830000	0.00088663099264325	2467	2.1873186588509	9	444.70601336303
GLOBAL	V	2830001	2840000	0.0018167687942175	1346	2.4453707970167	12	521.32413793103
GLOBAL	V	2840001	2850000	0.0016809850118786	2588	4.3503892107419	24	737.98694029851
GLOBAL	V	2850001	2860000	0.011780042814159	7381	86.948496011311	667	6431.422829582
GLOBAL	V	2860001	2870000	0.0067015802293683	9152	61.332862259178	472	9089.2958199357
GLOBAL	V	2870001	2880000	0.0040028534840692	8995	36.005667089202	277	8929.7958199357
GLOBAL	V	2880001	2890000	0.0017404002142607	9106	15.848084351058	122	9050.8665594855
GLOBAL	V	2890001	2900000	0.0088900945084055	9085	80.766508608864	621	8951.3617363344
GLOBAL	V	2900001	2910000	0.0063258570122308	8681	54.914764723176	422	8483.8344051447
GLOBAL	V	2910001	2920000	0.0076915155318702	9005	69.262097364492	533	8921.5241157556
GLOBAL	V	2920001	2930000	0.0077295526226711	9294	71.838462075106	553	9238.9324758842
GLOBAL	V	2930001	2940000	0.0057166874138579	9160	52.364856710938	403	9096.268488746
GLOBAL	V	2940001	2950000	0.013486600233724	7702	103.87379500014	798	7599.3408360129
GLOBAL	V	2950001	2960000	0.010001789982556	7446	74.473328210113	570	7235.270096463
GLOBAL	V	2960001	2970000	0.01388491949486	7778	107.99690383102	820	7129.6816720257
GLOBAL	V	2970001	2980000	0.0054057326775213	9187	49.662466108388	380	8936.6479099678
GLOBAL	V	2980001	2990000	0.0018286196969827	9003	16.463063131935	125	8757.1205787781
GLOBAL	V	2990001	3000000	0.0076598872831424	9124	69.888811571391	537	9062.7765273312
GLOBAL	V	3000001	3010000	0.011271331783781	8736	98.466354463107	756	8479.4581993569
GLOBAL	V	3010001	3020000	0.013986968897061	8337	116.6093596948	894	8080.6591639871
GLOBAL	V	3020001	3030000	0.0158114883472	8987	142.09784577628	1090	8859.4276527331
GLOBAL	V	3030001	3040000	0.011781087550702	8472	99.809373729545	765	8095.0980707396
GLOBAL	V	3040001	3050000	0.017030934378189	8079	137.59291884139	1052	7695.2877813505
GLOBAL	V	3050001	3060000	0.01694371192589	8741	148.1049859442	1128	8176.229903537
GLOBAL	V	3060001	3070000	0.015350057087106	8029	123.24560835237	940	7439.9903536977
GLOBAL	V	3070001	3080000	0.012130542236375	8118	98.475741874888	749	7644.1736334405
GLOBAL	V	3080001	3090000	0.01158177082737	8672	100.43711661495	773	8640.9308681672
GLOBAL	V	3090001	3100000	0.012738357338502	8208	104.55643703443	804	8130.924437299
GLOBAL	V	3100001	3110000	0.016154747575155	7392	119.41589407554	913	7022.6864951768
GLOBAL	V	3110001	3120000	0.015762163994492	8519	134.27787506908	1029	8118.6414790997
GLOBAL	V	3120001	3130000	0.014747700550381	8243	121.56529563679	934	8054.7733118971
GLOBAL	V	3130001	3140000	0.014261072945082	8418	120.0497120517	920	8243.4308681672
GLOBAL	V	3140001	3150000	0.010644655035662	8362	89.010605408205	682	8007.1045016077
GLOBAL	V	3150001	3160000	0.0032232474485563	9330	30.07289869503	231	9244.3504823151
GLOBAL	V	3160001	3170000	0.0014108243015895	9758	13.766823534911	106	9729.2813504823
GLOBAL	V	3170001	3180000	0.0016274000968797	9739	15.849249543511	122	9684.2491961415
GLOBAL	V	3180001	3190000	0.0011592595286269	9532	11.050061826872	85	9501.6109324759
GLOBAL	V	3190001	3200000	0.0018320048815016	9431	17.277638037441	133	9395.8585209003
GLOBAL	V	3200001	3210000	0.0018384208191076	9326	17.145112558998	132	9285.421221865
GLOBAL	V	3210001	3220000	0.0011125498653931	9575	10.652664961139	82	9532.5482315113
GLOBAL	V	3220001	3230000	0.0015108254253213	9631	14.550759671269	112	9561.1591639871
GLOBAL	V	3230001	3240000	0.0013643123593941	9616	13.119227647933	101	9586.5980707396
GLOBAL	V	3240001	3250000	0.0011713998886347	9536	11.17046933802	86	9510.6045016077
GLOBAL	V	3250001	3260000	0.0016154410089032	9327	15.06721829004	116	9301.1012861736
GLOBAL	V	3260001	3270000	0.0015120648035703	9623	14.550599604757	112	9583.229903537
GLOBAL	V	3270001	3280000	0.001323298766132	9721	12.863787305569	99	9690.1736334405
GLOBAL	V	3280001	3290000	0.004620981274404	8695	40.179432180943	303	8181.5932475884
GLOBAL	V	3290001	3300000	0.0080772623097635	7913	63.915376657158	475	7019.0176848875
GLOBAL	V	3300001	3310000	0.0092941221546679	8634	80.245450683403	601	7051.3102893891
GLOBAL	V	3310001	3320000	0.011820600087569	8137	96.184222912549	736	7805.2363344051
GLOBAL	V	3320001	3330000	0.0093680371813378	8312	77.867125051279	592	7930.1784565916
GLOBAL	V	3330001	3340000	0.0024320401012125	9141	22.231278565183	171	9080.7765273312
GLOBAL	V	3340001	3350000	0.0075336327496638	9015	67.915699238219	521	8776.2958199357
GLOBAL	V	3350001	3360000	0.0084755828058632	9089	77.03457212249	591	8912.2733118971
GLOBAL	V	3360001	3370000	0.0084160834360749	9401	79.11960038254	609	9351.192926045
GLOBAL	V	3370001	3380000	0.0092140153456355	9600	88.454547318101	681	9561.7138263666
GLOBAL	V	3380001	3390000	0.0035312530662424	9480	33.476279067978	257	9270.3520900322
GLOBAL	V	3390001	3400000	0.0020553046530756	9620	19.772030762587	152	9547.5281803543
GLOBAL	V	3400001	3410000	0.0013561878219884	9489	12.868866242848	99	9417.9646302251
GLOBAL	V	3410001	3420000	0.0019263880764773	9578	18.4509449965	142	9546.5
GLOBAL	V	3420001	3430000	0.010106214045457	8684	87.762362770745	670	7979.3408360129
GLOBAL	V	3430001	3440000	0.0029760712088127	6866	20.433704919708	154	5219.2041800643
GLOBAL	V	3440001	3450000	0.0062972087777684	8358	52.632070964589	402	7585.2572347267
GLOBAL	V	3450001	3460000	0.0077804867390102	8670	67.456820027219	517	8380.0225080386
GLOBAL	V	3460001	3470000	0.0078958924602536	8777	69.302248123646	530	8528.8569131833
GLOBAL	V	3470001	3480000	0.0045985426681072	8869	40.784474923443	311	8715.8553054662
GLOBAL	V	3480001	3490000	0.007135896390404	8805	62.831567717507	479	8588.7041800643
GLOBAL	V	3490001	3500000	0.0014410305451918	9644	13.89729857783	107	9620.268488746
GLOBAL	V	3500001	3510000	0.0014601186259769	9613	14.036120351516	108	9531.922829582
GLOBAL	V	3510001	3520000	0.0016278543992834	9416	15.327877023653	118	9385.6591639871
GLOBAL	V	3520001	3530000	0.0019001362948921	9644	18.32491442794	141	9554.5707395498
GLOBAL	V	3530001	3540000	0.0015628598197205	9475	14.808096791851	114	9440.1189710611
GLOBAL	V	3540001	3550000	0.0015214233062264	9732	14.806491616196	114	9701.9839228296
GLOBAL	V	3550001	3560000	0.001956978406845	9232	18.066824651993	139	9147.7170418006
GLOBAL	V	3560001	3570000	0.007153682802004	8932	63.8966947875	490	8712.6945337621
GLOBAL	V	3570001	3580000	0.0061234891637083	8809	53.941816043107	414	8544.1045016077
GLOBAL	V	3580001	3590000	0.01063865754338	8939	95.098959780274	730	8696.8231511254
GLOBAL	V	3590001	3600000	0.003565219362593	8453	30.136799271998	231	7905.6591639871
GLOBAL	V	3600001	3610000	0.0020098236085381	9511	19.115432340806	147	9449.5659163987
GLOBAL	V	3610001	3620000	0.0013621182656341	9441	12.859758545851	99	9411.307073955
GLOBAL	V	3620001	3630000	0.0013674231672844	9688	13.247595644651	102	9658.3633440514
GLOBAL	V	3630001	3640000	0.0013063148015382	9554	12.480531613896	96	9516.0707395498
GLOBAL	V	3640001	3650000	0.0013580585012286	9659	13.117487063367	101	9632.2363344051
GLOBAL	V	3650001	3660000	0.001552366161092	8970	13.924724464995	107	8795.2459807074
GLOBAL	V	3660001	3670000	NA	0	NA	0	NA
GLOBAL	V	3670001	3680000	0.0013586961607406	3158	4.2907624756188	33	2654.2794830372
GLOBAL	V	3680001	3690000	0.0024937933151623	9587	23.907996512461	184	9530.7556270096
GLOBAL	V	3690001	3700000	0.012403546681835	9074	112.54978259097	865	8962.2556270096
GLOBAL	V	3700001	3710000	0.013207357637198	8315	109.8191787533	843	8090.4807073955
GLOBAL	V	3710001	3720000	0.013016017309006	8824	114.85333673467	883	8762.7508038585
GLOBAL	V	3720001	3730000	0.0099233372636334	8920	88.51616839161	681	8872.6173633441
GLOBAL	V	3730001	3740000	0.011878718479104	8706	103.41612307908	793	8388.9485530547
GLOBAL	V	3740001	3750000	0.0082478248901625	9184	75.748023791252	581	8818.3938906752
GLOBAL	V	3750001	3760000	0.0085413594162136	9442	80.647515607889	621	9402.0594855305
GLOBAL	V	3760001	3770000	0.012560449245962	8885	111.59959155037	859	8813.7797427653
GLOBAL	V	3770001	3780000	0.0049760038528928	9378	46.664964132429	358	9234.3247588424
GLOBAL	V	3780001	3790000	0.0084796379621818	9313	78.970868341799	608	9273.2202572347
GLOBAL	V	3790001	3800000	0.0067385015748381	9246	62.304185560953	477	8892.4356913183
GLOBAL	V	3800001	3810000	0.0099563907991917	8936	88.970308181577	685	8866.8263665595
GLOBAL	V	3810001	3820000	0.012227526044041	8639	105.63359749447	807	7859.7909967846
GLOBAL	V	3820001	3830000	0.012613897858699	9047	114.11793392765	878	8947.692926045
GLOBAL	V	3830001	3840000	0.0098485905920435	9359	92.172959350935	709	9214.6897106109
GLOBAL	V	3840001	3850000	0.012809617615645	8973	114.94069886518	880	8721.192926045
GLOBAL	V	3850001	3860000	0.013897189687374	7696	106.95277183403	819	7181.3327974277
GLOBAL	V	3860001	3870000	0.012402539785332	8664	107.45560470012	825	8551.4581993569
GLOBAL	V	3870001	3880000	0.0085377934794862	7995	68.259658868492	523	6752.5643086817
GLOBAL	V	3880001	3890000	0.0020570346883098	8045	16.548844067452	118	4999.546641791
GLOBAL	V	3890001	3900000	0.0010692622804659	8343	8.9208552059268	63	4743.187037037
GLOBAL	V	3900001	3910000	0.0021205955010649	5954	12.626025613341	90	4307.8944954128
GLOBAL	V	3910001	3920000	0.0099480835041197	8128	80.858022721485	617	7170.040192926
GLOBAL	V	3920001	3930000	0.011509793879455	8542	98.316659318308	756	8454.3424437299
GLOBAL	V	3930001	3940000	0.0097250539259106	9284	90.287400648154	695	9207.0241157556
GLOBAL	V	3940001	3950000	0.009183529205881	8703	79.924254678782	615	8628.4485530547
GLOBAL	V	3950001	3960000	0.0091683681020719	9265	84.944930465697	654	9228.498392283
GLOBAL	V	3960001	3970000	0.0067864251743253	9436	64.036707944933	493	9398.0932475884
GLOBAL	V	3970001	3980000	0.007152698544402	9407	67.28543520719	517	9292.0112540193
GLOBAL	V	3980001	3990000	0.0086532344059692	9427	81.574040745072	628	9377.3601286174
GLOBAL	V	3990001	4000000	0.007586050119131	9250	70.170963601962	540	9197.4758842444
GLOBAL	V	4000001	4010000	0.0066203855431391	8888	58.841986707421	453	8852.2556270096
GLOBAL	V	4010001	4020000	0.0057310190102843	8954	51.315544218086	395	8888.5514469453
GLOBAL	V	4020001	4030000	0.0084419553421462	9345	78.890072672356	607	9268.8954983923
GLOBAL	V	4030001	4040000	0.0042010096731013	7625	32.032698757397	246	6644.0080385852
GLOBAL	V	4040001	4050000	0.0012354869547904	9565	11.81743272257	91	9544.0305466238
GLOBAL	V	4050001	4060000	0.0062482210012793	9348	58.408369919959	449	9252.5466237942
GLOBAL	V	4060001	4070000	0.0085006059014657	8862	75.332369498789	576	8543.9935691318
GLOBAL	V	4070001	4080000	0.0096781084488793	8781	84.983470289609	649	8175.3617363344
GLOBAL	V	4080001	4090000	0.006933512821354	8946	62.027205699833	474	8719.4565916399
GLOBAL	V	4090001	4100000	0.0075964881945122	9019	68.512727026306	523	8762.8376205788
GLOBAL	V	4100001	4110000	0.0081988959144254	8950	73.380118434107	561	8779.5498392283
GLOBAL	V	4110001	4120000	0.0068907214013667	9193	63.346401842764	486	8783.1302250804
GLOBAL	V	4120001	4130000	0.0067048882830955	8970	60.142847899366	460	8831.3665594855
GLOBAL	V	4130001	4140000	0.0096529007675818	9524	91.934226910449	703	9338.884244373
GLOBAL	V	4140001	4150000	0.012851678965581	8754	112.50359766469	861	8616.4943639291
GLOBAL	V	4150001	4160000	0.011050077401631	8765	96.853928425294	737	8130.7588424437
GLOBAL	V	4160001	4170000	0.013872554042035	8192	113.64396271235	855	6977.8617363344
GLOBAL	V	4170001	4180000	0.013327298626207	9030	120.34550659465	925	8948.7057877814
GLOBAL	V	4180001	4190000	0.011509114707602	9027	103.89277846552	795	8840.8327974277
GLOBAL	V	4190001	4200000	0.01438699331972	9032	129.94332366371	999	8945.2990353698
GLOBAL	V	4200001	4210000	0.011532606813786	7880	90.876941692632	686	6625.0868167203
GLOBAL	V	4210001	4220000	0.014387496574232	8867	127.57393212372	981	8787.6607717042
GLOBAL	V	4220001	4230000	0.0053386987514956	5898	31.487645236321	239	4174.2363344051
GLOBAL	V	4230001	4240000	0.011590656281862	8720	101.07052277783	776	8030.3392282958
GLOBAL	V	4240001	4250000	0.010112940428441	8859	89.590539255555	688	8513.2588424437
GLOBAL	V	4250001	4260000	0.011126796153002	9082	101.05356266156	778	9051.2138263666
GLOBAL	V	4260001	4270000	0.0096872871423306	8836	85.596869189633	659	8809.8135048232
GLOBAL	V	4270001	4280000	0.0096389425426222	8830	85.111862651354	655	8761.998392283
GLOBAL	V	4280001	4290000	0.0099270667178355	9157	90.902149935219	699	9054.9855305466
GLOBAL	V	4290001	4300000	0.0086186314466849	8840	76.188701988694	586	8360.7266881029
GLOBAL	V	4300001	4310000	0.0075041813765081	9350	70.164095870351	540	9292.2717041801
GLOBAL	V	4310001	4320000	0.0084005312003104	9232	77.553704041266	597	9185.731511254
GLOBAL	V	4320001	4330000	0.0076405311329707	8473	64.73822028966	498	8287.2073954984
GLOBAL	V	4330001	4340000	0.00019570442182373	3555	0.69572921958334	5	798.20941176471
GLOBAL	V	4340001	4350000	0.0057008274393142	4671	26.628564969037	203	3099.0161030596
GLOBAL	V	4350001	4360000	0.0090290378178851	9214	83.193554453993	640	9155.8102893891
GLOBAL	V	4360001	4370000	0.0062187298197629	9320	57.958561920191	446	9198.0225080386
GLOBAL	V	4370001	4380000	0.005309973703399	9543	50.673079051537	389	9376.8054662379
GLOBAL	V	4380001	4390000	0.0016068762636842	9781	15.716856735095	121	9753.3038585209
GLOBAL	V	4390001	4400000	0.0017956929932668	9693	17.405652183735	134	9664.6221864952
GLOBAL	V	4400001	4410000	0.0013714783210679	9674	13.267681278011	102	9565.4565916399
GLOBAL	V	4410001	4420000	0.0015995323538622	9590	15.339515273538	118	9515.3360128617
GLOBAL	V	4420001	4430000	0.0014147771157016	9181	12.989068699256	100	9142.8151125402
GLOBAL	V	4430001	4440000	0.0014963488559908	9547	14.285642528144	110	9521.0241157556
GLOBAL	V	4440001	4450000	0.0015555935143722	9770	15.198148635417	117	9716.1479099678
GLOBAL	V	4450001	4460000	0.0014589684950628	9881	14.416067699716	111	9858.11414791
GLOBAL	V	4460001	4470000	0.0013557290594527	9677	13.119390108324	101	9646.0112540193
GLOBAL	V	4470001	4480000	0.0013661523840009	9416	12.863690847752	99	9338.1768488746
GLOBAL	V	4480001	4490000	0.0015649030329043	9796	15.32979011033	118	9737.1045016077
GLOBAL	V	4490001	4500000	0.0015221279421657	9648	14.685490386015	113	9574.9774919614
GLOBAL	V	4500001	4510000	0.0014300449282753	9632	13.774192749148	106	9602.5112903226
GLOBAL	V	4510001	4520000	0.0016487373625584	7853	12.947534508171	99	7535.6580645161
GLOBAL	V	4520001	4530000	0.0010703456386082	8142	8.7147541895483	67	7682.9048387097
GLOBAL	V	4530001	4540000	0.0012370082961746	9563	11.829510336318	91	9365.88585209
GLOBAL	V	4540001	4550000	0.0038759543642635	8944	34.666535833972	265	8525.3548387097
GLOBAL	V	4550001	4560000	0.0022031009636342	9334	20.563744394562	158	9167.9549839228
GLOBAL	V	4560001	4570000	0.0015416724868224	9773	15.066765213715	116	9749.6109324759
GLOBAL	V	4570001	4580000	0.0017085705573632	9654	16.494540160785	127	9628.6189710611
GLOBAL	V	4580001	4590000	0.0014559909988229	9902	14.417222870344	111	9873.4196141479
GLOBAL	V	4590001	4600000	0.0015972492219812	9528	15.218590587037	117	9468.191318328
GLOBAL	V	4600001	4610000	0.0036196596468475	8896	32.200492218355	243	7872.0578778135
GLOBAL	V	4610001	4620000	0.0067941341854219	9420	64.000744026674	488	8857.8247588424
GLOBAL	V	4620001	4630000	0.0083929977849899	9197	77.190400628552	594	9164.498392283
GLOBAL	V	4630001	4640000	0.010126778933187	8620	87.292834404071	670	8508.3745980707
GLOBAL	V	4640001	4650000	0.010742265400061	8446	90.729173568917	698	8412.9919614148
GLOBAL	V	4650001	4660000	0.013715843502005	9067	124.36155303268	954	8862.8392282958
GLOBAL	V	4660001	4670000	0.016874280517755	8650	145.96252647858	1122	8562.6109324759
GLOBAL	V	4670001	4680000	0.0098712160614836	8679	85.672284197616	659	8624.6720257235
GLOBAL	V	4680001	4690000	0.0060543439299916	8590	52.006814358628	400	8535.2282958199
GLOBAL	V	4690001	4700000	0.0085294095881165	9086	77.498215517627	596	8828.9774919614
GLOBAL	V	4700001	4710000	0.0080276367756343	8787	70.538844347499	543	8464.6977491961
GLOBAL	V	4710001	4720000	0.0078585110132941	9162	71.9996779038	554	9088.7620578778
GLOBAL	V	4720001	4730000	0.0058784555781111	9044	53.164752248437	409	8965.7990353698
GLOBAL	V	4730001	4740000	0.0053313519744522	9065	48.328705648409	372	8998.0112540193
GLOBAL	V	4740001	4750000	0.0039077715421591	9374	36.631450436199	282	9339.2475884244
GLOBAL	V	4750001	4760000	0.0015642864254956	9467	14.809099590167	114	9417.4163987138
GLOBAL	V	4760001	4770000	0.0014012749959062	9640	13.508290960536	104	9592.652733119
GLOBAL	V	4770001	4780000	0.001379861794555	9603	13.250812813111	102	9562.3745980707
GLOBAL	V	4780001	4790000	0.0012318392877719	9700	11.948841091388	92	9661.8729903537
GLOBAL	V	4790001	4800000	0.001224216263211	9450	11.568843687344	89	9365.229903537
GLOBAL	V	4800001	4810000	0.0040630149217796	9626	39.11058163705	301	9564.0691318328
GLOBAL	V	4810001	4820000	0.0081572346063799	8937	72.901205677217	561	8614.11414791
GLOBAL	V	4820001	4830000	0.0077875104075403	9224	71.831995999151	553	9174.5884244373
GLOBAL	V	4830001	4840000	0.0093134548337453	9241	86.065636118641	662	9150.038585209
GLOBAL	V	4840001	4850000	0.0085318001378568	9368	79.925903691443	615	9315.0996784566
GLOBAL	V	4850001	4860000	0.0069322446718285	9602	66.563413338898	512	9066.7893890675
GLOBAL	V	4860001	4870000	0.0096288280899768	9322	89.759935454764	691	9280.5627009646
GLOBAL	V	4870001	4880000	0.0014179255126196	9545	13.534099017954	104	9373.4662379421
GLOBAL	V	4880001	4890000	0.0016651424246115	6660	11.089848547912	80	5827.1900161031
GLOBAL	V	4890001	4900000	0.0014963601050966	9635	14.417429612605	111	9602.7009646302
GLOBAL	V	4900001	4910000	0.0015939999069148	9451	15.064893120252	116	9424.4469453376
GLOBAL	V	4910001	4920000	0.0013107587593313	9613	12.600323953452	97	9505.9774919614
GLOBAL	V	4920001	4930000	0.0013021650078944	9277	12.080184778236	93	8649.2090032154
GLOBAL	V	4930001	4940000	0.0010713238218017	8679	9.2980194494171	70	6776.5546623794
GLOBAL	V	4940001	4950000	0.0012954161023677	9624	12.467084569187	96	9595.2443729904
GLOBAL	V	4950001	4960000	0.0011616454551547	9624	11.179675860409	86	9560.4742765273
GLOBAL	V	4960001	4970000	0.0020156888276165	9487	19.122839907598	147	9400.5225080386
GLOBAL	V	4970001	4980000	0.002301464332644	9221	21.221802611311	156	8487.1495176849
GLOBAL	V	4980001	4990000	0.0016580232955078	2008	3.3293107773796	24	817.4487804878
GLOBAL	V	4990001	5000000	0.00033378587046155	419	0.13985627972339	1	147.97826086957
GLOBAL	V	5000001	5010000	NA	0	NA	0	NA
GLOBAL	V	5010001	5020000	0	2	0	0	2
GLOBAL	V	5020001	5030000	0.0014033833578888	707	0.99219203402741	5	209.88621444201
GLOBAL	V	5030001	5040000	0.0017892319233874	8532	15.265726770341	117	8229.5899513776
GLOBAL	V	5040001	5050000	0.0010676358179254	9387	10.021897422866	77	9231.5
GLOBAL	V	5050001	5060000	0.0016893050627482	9461	15.982515198661	123	9388.9967845659
GLOBAL	V	5060001	5070000	0.0015957710524983	9203	14.685880996142	113	9126.1318327974
GLOBAL	V	5070001	5080000	0.0012545914151009	9424	11.823269495911	91	9377.4196141479
GLOBAL	V	5080001	5090000	0.00083095090819324	9691	8.0527452513007	62	9656.6302250804
GLOBAL	V	5090001	5100000	0.0010851606858645	9694	10.519547688771	81	9661.4533762058
GLOBAL	V	5100001	5110000	0.0010943483905389	9257	10.130383051218	78	9230.3762057878
GLOBAL	V	5110001	5120000	0.0013908352289154	9341	12.991791873298	100	9296.8440514469
GLOBAL	V	5120001	5130000	0.001192429127659	9694	11.559407963526	89	9660.5321543408
GLOBAL	V	5130001	5140000	0.0012308734910429	9605	11.822539881467	91	9558.1446945338
GLOBAL	V	5140001	5150000	0.0012869269864064	9788	12.596441342946	97	9761.0192926045
GLOBAL	V	5150001	5160000	0.001455143340503	9639	14.026126659109	108	9608.7990353698
GLOBAL	V	5160001	5170000	0.0011056255203756	9631	10.648279386738	82	9599.4292604502
GLOBAL	V	5170001	5180000	0.0015420415364473	9159	14.123558432321	106	8293.1414790997
GLOBAL	V	5180001	5190000	0.0018241067382384	8161	14.886535090764	109	5845.2909967846
GLOBAL	V	5190001	5200000	0.0011455818168992	9169	10.503839679149	80	8691.6848874598
GLOBAL	V	5200001	5210000	0.0013392973000399	9558	12.801003593781	98	9189.0562700965
GLOBAL	V	5210001	5220000	0.001009282953301	9780	9.870787283284	76	9753.8311897106
GLOBAL	V	5220001	5230000	0.0013276092102053	9691	12.8658608561	99	9638.5418006431
GLOBAL	V	5230001	5240000	0.0012372029121751	9553	11.818999420008	91	9515.6768488746
GLOBAL	V	5240001	5250000	0.001046064211371	9686	10.132177951339	78	9621.1221864952
GLOBAL	V	5250001	5260000	0.0018712407807865	9071	16.974025122515	129	8206.9662379421
GLOBAL	V	5260001	5270000	0.0021808704155374	9162	19.981134747154	153	8549.0241157556
GLOBAL	V	5270001	5280000	0.0013065149419612	9246	12.080037153373	93	9197.3810289389
GLOBAL	V	5280001	5290000	0.001561996295009	9487	14.818658850751	114	9386.652733119
GLOBAL	V	5290001	5300000	0.00097433207317513	9597	9.3506649062617	72	9569.6109324759
GLOBAL	V	5300001	5310000	0.0015292267968352	9766	14.934428897893	115	9737.3215434084
GLOBAL	V	5310001	5320000	0.0013773216647188	9147	12.598361267183	97	9114.921221865
GLOBAL	V	5320001	5330000	0.0013602312167791	9643	13.116709623401	101	9612.7041800643
GLOBAL	V	5330001	5340000	0.0011229210966408	9599	10.778919606655	83	9571.1961414791
GLOBAL	V	5340001	5350000	0.0011606718190315	9623	11.16914491454	86	9589.9421221865
GLOBAL	V	5350001	5360000	0.002665498024407	9551	25.458171631112	196	9509.345659164
GLOBAL	V	5360001	5370000	0.004418912793054	9639	42.593900412248	328	9619.9147909968
GLOBAL	V	5370001	5380000	0.0056727696046563	9158	51.951224039442	400	9129.5852090032
GLOBAL	V	5380001	5390000	0.0045160195942138	9003	40.657724406706	313	8944.4855305466
GLOBAL	V	5390001	5400000	0.0052833998003318	8738	46.166347455299	355	8591.6688102894
GLOBAL	V	5400001	5410000	0.0059237090720262	8974	53.159365212363	409	8921.347266881
GLOBAL	V	5410001	5420000	0.0081543499376859	9511	77.556022257331	597	9448.8263665595
GLOBAL	V	5420001	5430000	0.0071094973491102	9644	68.563992434819	528	9627.9340836013
GLOBAL	V	5430001	5440000	0.0067817991095796	9249	62.724859964502	483	9226.4163987138
GLOBAL	V	5440001	5450000	0.0087463315834757	9291	81.262166742073	624	9238.9823151125
GLOBAL	V	5450001	5460000	0.0058965988205705	9453	55.740548650853	427	9387.8810289389
GLOBAL	V	5460001	5470000	0.0088523015282647	9101	80.564796208737	620	9051.6061093248
GLOBAL	V	5470001	5480000	0.007561247543605	9059	68.497341497518	527	9002.1205787781
GLOBAL	V	5480001	5490000	0.0088250451034598	9128	80.555011704381	620	9080.0176848875
GLOBAL	V	5490001	5500000	0.0086017580905555	9393	80.796313744588	622	9344.4083601286
GLOBAL	V	5500001	5510000	0.0086681611721155	9001	78.022118710212	599	8839.1848874598
GLOBAL	V	5510001	5520000	0.0062902013695808	8776	55.202807219441	425	8744.9372990354
GLOBAL	V	5520001	5530000	0.0063157278743291	8761	55.332091906997	426	8732.4260450161
GLOBAL	V	5530001	5540000	0.0052429157916295	8827	46.279217692713	356	8777.4003215434
GLOBAL	V	5540001	5550000	0.007777964442458	9002	70.017235911007	537	8918.345659164
GLOBAL	V	5550001	5560000	0.0075280763088225	8893	66.947182614359	512	8780.921221865
GLOBAL	V	5560001	5570000	0.0069599613724154	9269	64.511881960918	496	9158.6575562701
GLOBAL	V	5570001	5580000	0.005967559156119	9042	53.958669889628	414	8952.9099678457
GLOBAL	V	5580001	5590000	0.0059895340658522	9369	56.115944662969	432	9334.5594855305
GLOBAL	V	5590001	5600000	0.0061300620164378	9450	57.929086055337	446	9438.8874598071
GLOBAL	V	5600001	5610000	0.0057055272669938	9478	54.076987436567	416	9443.3151125402
GLOBAL	V	5610001	5620000	0.0039813881461759	9462	37.671894639117	290	9445.536977492
GLOBAL	V	5620001	5630000	0.0051628623010827	9313	48.081736609983	370	9267.3665594855
GLOBAL	V	5630001	5640000	0.0058314543541695	8659	50.494563252754	388	8549.1704180064
GLOBAL	V	5640001	5650000	0.0045066670228674	8938	40.280589850388	310	8903.9067524116
GLOBAL	V	5650001	5660000	0.0046304672201267	8554	39.609016600964	303	8442.3745980707
GLOBAL	V	5660001	5670000	0.0059122473350005	9081	53.689118049139	411	8984.8585209003
GLOBAL	V	5670001	5680000	0.0034994373935339	9037	31.624415725366	242	8737.154340836
GLOBAL	V	5680001	5690000	0.0055822772091631	8798	49.112874886217	374	8412.5257234727
GLOBAL	V	5690001	5700000	0.0020522558682949	9307	19.100345366221	147	9243.9823151125
GLOBAL	V	5700001	5710000	0.0046201295732973	9195	42.482091426469	327	9157.7234726688
GLOBAL	V	5710001	5720000	0.0045330616523983	9372	42.483853806276	327	9323.7942122187
GLOBAL	V	5720001	5730000	0.0010181541305581	9504	9.6765368568246	70	5022.7004830918
GLOBAL	V	5730001	5740000	0.0018575041717354	9004	16.724967562305	125	6943.3467741935
GLOBAL	V	5740001	5750000	0.0046229088105207	9078	41.966766181907	323	9008.2974276527
GLOBAL	V	5750001	5760000	0.0046597999393809	9008	41.975477853943	323	8949.0353697749
GLOBAL	V	5760001	5770000	0.0037810987119908	9276	35.073471652426	270	9231.7942122187
GLOBAL	V	5770001	5780000	0.0041645352806678	9359	38.97588569177	300	9303.5434083601
GLOBAL	V	5780001	5790000	0.0054892263482666	9513	52.21901025106	402	9473.8504823151
GLOBAL	V	5790001	5800000	0.0057128383216506	9391	53.649264678621	413	9350.8922829582
GLOBAL	V	5800001	5810000	0.0082536163177494	9252	76.362458171818	587	9159.8794212219
GLOBAL	V	5810001	5820000	0.0038045872586982	9357	35.599522979639	274	9304.075562701
GLOBAL	V	5820001	5830000	0.0022086490464297	8881	19.615012181342	151	8831.7122186495
GLOBAL	V	5830001	5840000	0.0020714681716044	8784	18.195776419373	140	8720.3038585209
GLOBAL	V	5840001	5850000	0.0011240086666671	9372	10.534209224004	81	9301.2524115756
GLOBAL	V	5850001	5860000	0.00092843494338562	5244	4.8687128431142	37	4758.4903536977
GLOBAL	V	5860001	5870000	0.0034953126746686	8635	30.182024945764	232	8335.2138263666
GLOBAL	V	5870001	5880000	0.0054356717316214	8471	46.045575238565	352	8328.8215434084
GLOBAL	V	5880001	5890000	0.0029456189612388	9348	27.53564604966	212	9308.7508038585
GLOBAL	V	5890001	5900000	0.0017033634459709	9381	15.979252486653	123	9309.9485530547
GLOBAL	V	5900001	5910000	0.0032493696979905	8957	29.104604384901	224	8906.4308681672
GLOBAL	V	5910001	5920000	0.0029416516847397	7722	22.71543430956	170	5472.2138263666
GLOBAL	V	5920001	5930000	0.0030070154134521	8222	24.723680729403	190	7544.2829581994
GLOBAL	V	5930001	5940000	0.0031408395288483	8668	27.224797036057	208	7775.7765273312
GLOBAL	V	5940001	5950000	0.0012284813597884	9423	11.575979853286	89	9324.7749196141
GLOBAL	V	5950001	5960000	0.0009261737418937	9396	8.7023284788332	67	9365.4356913183
GLOBAL	V	5960001	5970000	0.00091363762629768	9666	8.8312212957934	68	9638.1221864952
GLOBAL	V	5970001	5980000	0.00098434502036554	9368	9.2213441507844	71	9331.501607717
GLOBAL	V	5980001	5990000	0.0012099938822308	8698	10.524526787644	81	8446.3601286174
GLOBAL	V	5990001	6000000	0.0042493998977048	9050	38.457069074228	296	9006.6430868167
GLOBAL	V	6000001	6010000	0.0050035677218032	9007	45.067134470282	347	8971.0996784566
GLOBAL	V	6010001	6020000	0.0036346437654137	9256	33.642262692669	259	9219.0257234727
GLOBAL	V	6020001	6030000	0.0034707802785099	9504	32.986295766958	254	9480.0048231511
GLOBAL	V	6030001	6040000	0.0050200379084868	9547	47.926301912323	369	9511.1559485531
GLOBAL	V	6040001	6050000	0.0048533177960834	9260	44.941722791732	346	9223.3617363344
GLOBAL	V	6050001	6060000	0.0047316675252357	9608	45.461861582465	350	9555.6125401929
GLOBAL	V	6060001	6070000	0.0044254284223574	9714	42.98861169478	331	9683.5080385852
GLOBAL	V	6070001	6080000	0.0050016361570774	9142	45.724957748001	352	9108.7106109325
GLOBAL	V	6080001	6090000	0.0057507939487524	9327	53.637655160014	413	9304.347266881
GLOBAL	V	6090001	6100000	0.0073570255005687	9638	70.907011774481	546	9611.9485530547
GLOBAL	V	6100001	6110000	0.0055915116159168	9338	52.213535469431	402	9311.0305466238
GLOBAL	V	6110001	6120000	0.0041652755122167	9385	39.091110682154	301	9364.2106109325
GLOBAL	V	6120001	6130000	0.0038242729320824	9243	35.347754711237	272	9091.8585209003
GLOBAL	V	6130001	6140000	0.002447176264283	9555	23.382769205224	180	9525.2491961415
GLOBAL	V	6140001	6150000	0.0014830017007995	9286	13.771153793625	106	9242.5289389068
GLOBAL	V	6150001	6160000	0.0016751798007819	9228	15.458559201615	119	9196.1945337621
GLOBAL	V	6160001	6170000	0.002077359933487	9192	19.095092508612	147	9126.5128617363
GLOBAL	V	6170001	6180000	0.004245177770664	9118	38.707530912914	298	9089.2813504823
GLOBAL	V	6180001	6190000	0.0040366195147562	9269	37.415426282275	288	9233.7797427653
GLOBAL	V	6190001	6200000	0.0040500974828966	9301	37.669956688421	290	9264.3215434084
GLOBAL	V	6200001	6210000	0.0046592312711811	8625	40.185869713937	309	8561.6398713826
GLOBAL	V	6210001	6220000	0.0037500325483334	9076	34.035295408674	262	9035.5980707396
GLOBAL	V	6220001	6230000	0.0038936384333999	9106	35.455471574539	273	9071.3392282958
GLOBAL	V	6230001	6240000	0.002663992200454	9605	25.587645085361	197	9569.6897106109
GLOBAL	V	6240001	6250000	0.0036871546207734	9404	34.674002053753	267	9384.4131832797
GLOBAL	V	6250001	6260000	0.0032757337739313	9436	30.909823890816	238	9418.5932475884
GLOBAL	V	6260001	6270000	0.0033689285538055	9290	31.297346264853	241	9266.8102893891
GLOBAL	V	6270001	6280000	0.0043879568632849	9062	39.763665095088	306	8992.2234726688
GLOBAL	V	6280001	6290000	0.0055753467843217	9528	53.121904161017	409	9498.8311897106
GLOBAL	V	6290001	6300000	0.0050859497212286	9021	45.880352435203	353	8972.8665594855
GLOBAL	V	6300001	6310000	0.0045357279919185	9421	42.731093411864	329	9381.4565916399
GLOBAL	V	6310001	6320000	0.0029885803581901	9560	28.570828224297	220	9530.7974276527
GLOBAL	V	6320001	6330000	0.00077362025013821	9238	7.1467038707768	55	9215.2942122186
GLOBAL	V	6330001	6340000	0.00096701923589373	9265	8.9594332205554	69	9239.654340836
GLOBAL	V	6340001	6350000	0.00095113821399963	9561	9.0938324640505	70	9515.7282958199
GLOBAL	V	6350001	6360000	0.00094741133003872	9192	8.7086049457159	67	9153.3536977492
GLOBAL	V	6360001	6370000	0.0011089646509951	9486	10.519638679339	81	9460.538585209
GLOBAL	V	6370001	6380000	0.0010196900326377	9552	9.7400791917552	75	9525.8762057878
GLOBAL	V	6380001	6390000	0.00086246221583036	9488	8.1830415037984	63	9447.6012861736
GLOBAL	V	6390001	6400000	0.001529462808621	9514	14.551309161221	112	9471.2170418006
GLOBAL	V	6400001	6410000	0.00092951587349027	9367	8.7067751869833	67	9320.1366559486
GLOBAL	V	6410001	6420000	0.0022016878499688	8633	19.007171208781	146	8056.0803858521
GLOBAL	V	6420001	6430000	0.00077584159478071	9376	7.274290792664	56	9343.8665594855
GLOBAL	V	6430001	6440000	0.00099614027056424	8867	8.8327757790931	68	8830.6221864952
GLOBAL	V	6440001	6450000	0.0011201797071924	9394	10.522968169365	81	9343.3922829582
GLOBAL	V	6450001	6460000	0.0010330508217879	9179	9.482373493191	73	9136.2636655949
GLOBAL	V	6460001	6470000	0.0011048428451821	9291	10.265094874587	79	9257.1028938907
GLOBAL	V	6470001	6480000	0.00084092074319638	9432	7.9315644498282	61	9393.8971061093
GLOBAL	V	6480001	6490000	0.0018745248988867	9493	17.794864865131	137	9461.8167202572
GLOBAL	V	6490001	6500000	0.0032659162783811	9229	30.14114133318	232	9104.0675241158
GLOBAL	V	6500001	6510000	0.004256060293274	9217	39.228107723107	302	9179.3102893891
GLOBAL	V	6510001	6520000	0.0043251670634611	9520	41.17559044415	317	9485.9147909968
GLOBAL	V	6520001	6530000	0.0041038046070969	9589	39.351382377452	303	9561.0225080386
GLOBAL	V	6530001	6540000	0.0025458667972486	9592	24.419954319209	188	9548.2588424437
GLOBAL	V	6540001	6550000	0.0023001220265037	9253	21.283029111238	163	8640.3697749196
GLOBAL	V	6550001	6560000	0.0015131204732228	7830	11.847733305334	90	6529.2218649518
GLOBAL	V	6560001	6570000	0.0037473101118469	9359	35.071075336775	270	9324.8488745981
GLOBAL	V	6570001	6580000	0.0023414243987294	8989	21.047063920178	162	8948.1607717042
GLOBAL	V	6580001	6590000	0.0025765452118709	9276	23.900033385314	184	9231.5305466238
GLOBAL	V	6590001	6600000	0.0032241286226428	9347	30.135930235842	232	9314.8987138264
GLOBAL	V	6600001	6610000	0.0036594937349164	9113	33.348966406293	256	8477.4790996785
GLOBAL	V	6610001	6620000	0.0049310971363486	9310	45.908514339406	353	9105.9565916399
GLOBAL	V	6620001	6630000	0.0037667127412227	9486	35.731037063239	275	9440.001607717
GLOBAL	V	6630001	6640000	0.0036220822155615	9216	33.381109698615	257	9180.3665594855
GLOBAL	V	6640001	6650000	0.0033636410589896	8187	27.538129349948	212	7880.5723472669
GLOBAL	V	6650001	6660000	0.0022146346514263	8332	18.452335915684	141	7992.9790996785
GLOBAL	V	6660001	6670000	0.0019938737420612	9406	18.754376417828	144	9242.7765273312
GLOBAL	V	6670001	6680000	0.0021290120631651	9090	19.352719654171	149	9041.2057877814
GLOBAL	V	6680001	6690000	0.0032128348270217	9178	29.487398042405	227	9137.4372990354
GLOBAL	V	6690001	6700000	0.0038535040263094	9203	35.463797554125	273	9166.1688102894
GLOBAL	V	6700001	6710000	0.0038331007472053	9219	35.337355788485	272	9155.0032154341
GLOBAL	V	6710001	6720000	0.0033341725421594	9056	30.194266541795	232	8673.9049919485
GLOBAL	V	6720001	6730000	0.0035284762783595	9139	32.246744707928	248	9084.4340836013
GLOBAL	V	6730001	6740000	0.0037623109625537	9322	35.072262792925	270	9286.2073954984
GLOBAL	V	6740001	6750000	0.0031253832751594	9351	29.225459006016	225	9307.1028938907
GLOBAL	V	6750001	6760000	0.0029477253384825	8858	26.110951048278	201	8820.4967845659
GLOBAL	V	6760001	6770000	0.0051262255299095	9414	48.258287138568	370	9235.0064308682
GLOBAL	V	6770001	6780000	0.0026348891267248	9120	24.03018883573	185	9090.2845659164
GLOBAL	V	6780001	6790000	0.0011251592684335	9235	10.390845843983	80	9205.1334405145
GLOBAL	V	6790001	6800000	0.00098119257571227	9536	9.3566524019922	72	9493.5032154341
GLOBAL	V	6800001	6810000	0.0009462943181464	9334	8.8327111655785	68	9306.270096463
GLOBAL	V	6810001	6820000	0.0013005191485589	6588	8.5678201507061	64	5947.4019292605
GLOBAL	V	6820001	6830000	0.00083273440040813	8768	7.3014152227785	52	6832.5
GLOBAL	V	6830001	6840000	0.00092106905024629	9306	8.571468581592	66	9269.7443729904
GLOBAL	V	6840001	6850000	0.0011426013324024	9350	10.683322457963	82	8966.9131832797
GLOBAL	V	6850001	6860000	0.00095557374540809	9785	9.3502890988181	72	9763.3102893891
GLOBAL	V	6860001	6870000	0.0011146378715285	9437	10.518837593615	81	9412.0610932476
GLOBAL	V	6870001	6880000	0.00083881281875476	9290	7.7925710862317	60	9259.7893890675
GLOBAL	V	6880001	6890000	0.0008799442740083	9004	7.9230182431708	61	8968.6655948553
GLOBAL	V	6890001	6900000	0.00091774963481722	8668	7.9550538345957	61	8335.7845659164
GLOBAL	V	6900001	6910000	0.0011096333677774	9247	10.260779751838	79	9213.0144694534
GLOBAL	V	6910001	6920000	0.00085198444137809	9606	8.1841625438779	63	9564.2668810289
GLOBAL	V	6920001	6930000	0.0010885232416488	9804	10.671881861125	82	9622.6784565916
GLOBAL	V	6930001	6940000	0.00070466306388658	8700	6.1305686558132	47	8252.9485530547
GLOBAL	V	6940001	6950000	0.0009790268322634	9288	9.0932012180625	70	9255.7765273312
GLOBAL	V	6950001	6960000	0.0010546358119532	9241	9.7458895382592	75	9198.3585209003
GLOBAL	V	6960001	6970000	0.0008026228816071	9388	7.5350236125274	58	9344.6350482315
GLOBAL	V	6970001	6980000	0.00042868989413119	9392	4.0262554856802	31	9364.3890675241
GLOBAL	V	6980001	6990000	0.00087584874134511	9492	8.3135562528478	64	9453.1077170418
GLOBAL	V	6990001	7000000	0.0010150209817168	9020	9.1554892550853	70	8634.5980707396
GLOBAL	V	7000001	7010000	0.00097059030305497	9368	9.092489959019	70	9076.2797427653
GLOBAL	V	7010001	7020000	0.0010674197994124	9492	10.131948736022	78	9451.4469453376
GLOBAL	V	7020001	7030000	0.00077557640171019	9714	7.5339491662128	58	9682.6752411576
GLOBAL	V	7030001	7040000	0.0010993556957228	9158	10.067899461429	76	8220.2733118971
GLOBAL	V	7040001	7050000	0.0013361887821533	9533	12.737887660268	96	8677.2266881029
GLOBAL	V	7050001	7060000	0.0011220595678496	9610	10.782992447035	83	9568.2909967846
GLOBAL	V	7060001	7070000	0.0010571009203808	9338	9.8712083945155	76	9304.075562701
GLOBAL	V	7070001	7080000	0.0011875405633403	9625	11.43007792215	88	9588.3295819936
GLOBAL	V	7080001	7090000	0.00089508105665079	9577	8.5721912795446	66	9537.6093247588
GLOBAL	V	7090001	7100000	0.00079254515929791	9339	7.4015792426831	57	9324.0482315113
GLOBAL	V	7100001	7110000	0.00095294351808729	9403	8.9605279005748	69	9384.2170418006
GLOBAL	V	7110001	7120000	0.00086217518448799	9491	8.1829046759755	63	9447.8311897106
GLOBAL	V	7120001	7130000	0.00090068417614886	9375	8.4439141513956	65	9336.5192926045
GLOBAL	V	7130001	7140000	0.0012617334675016	9676	12.208533031545	94	9647.0916398714
GLOBAL	V	7140001	7150000	0.0010659888246149	9265	9.8763864600572	76	9222.4774919614
GLOBAL	V	7150001	7160000	0.00083893450539444	9445	7.9237364034504	61	9408.463022508
GLOBAL	V	7160001	7170000	0.0010184199129713	9437	9.6108287187104	74	9412.0128617363
GLOBAL	V	7170001	7180000	0.0010601134380384	9556	10.130444013895	78	9522.8665594855
GLOBAL	V	7180001	7190000	0.0013089871525033	9529	12.473338576204	96	9485.115755627
GLOBAL	V	7190001	7200000	0.00096443629465453	9428	9.0927053860029	70	9381.5852090032
GLOBAL	V	7200001	7210000	0.0010973807837342	9468	10.390001260395	80	9437.7556270096
GLOBAL	V	7210001	7220000	0.0011927630939497	9368	11.173804664121	86	9294.847266881
GLOBAL	V	7220001	7230000	0.0007888629868024	8892	7.014569678647	54	8858.0868167203
GLOBAL	V	7230001	7240000	0.00091590611906349	9642	8.8311668000101	68	9618.6414790997
GLOBAL	V	7240001	7250000	0.0011799043963752	8916	10.520027598082	81	8888.1221864952
GLOBAL	V	7250001	7260000	0.00090876463760342	9145	8.3106526108833	64	9122.845659164
GLOBAL	V	7260001	7270000	0.0010574807048494	9248	9.7795815584471	75	9127.3938906752
GLOBAL	V	7270001	7280000	0.0008549544686856	9571	8.1827692197899	63	9543.6109324759
GLOBAL	V	7280001	7290000	0.00097740107598074	9700	9.4807904370132	73	9674.9469453376
GLOBAL	V	7290001	7300000	0.0011103197151812	9474	10.519168981627	81	9443.1977491961
GLOBAL	V	7300001	7310000	0.0011348409517438	9272	10.522245304568	81	9237.7861736334
GLOBAL	V	7310001	7320000	0.0011435340104428	9201	10.521656430084	81	9164.692926045
GLOBAL	V	7320001	7330000	0.0010665273207987	9379	10.002959741771	77	9310.2620578778
GLOBAL	V	7330001	7340000	0.00086951181991264	9263	8.0542879878508	62	9224.2090032154
GLOBAL	V	7340001	7350000	0.0010904661908535	9173	10.002846368699	77	9148.2909967846
GLOBAL	V	7350001	7360000	0.00088362122961397	9566	8.4527206824872	65	9518.2765273312
GLOBAL	V	7360001	7370000	0.00070532063333706	9391	6.6236660676684	51	9345.2009646302
GLOBAL	V	7370001	7380000	0.00077970519725881	9160	7.1420996068907	55	9134.463022508
GLOBAL	V	7380001	7390000	0.0010152049843852	9466	9.6099303821899	74	9443.2540192926
GLOBAL	V	7390001	7400000	0.00083624763730647	9476	7.9242826111161	61	9434.8006430868
GLOBAL	V	7400001	7410000	0.0010610859870375	9425	10.000735427829	77	9400.9887459807
GLOBAL	V	7410001	7420000	0.0012634503803255	9357	11.822105208705	91	9314.6254019293
GLOBAL	V	7420001	7430000	0.0011399490277238	9683	11.038126435449	85	9659.6639871383
GLOBAL	V	7430001	7440000	0.0010631828704823	9650	10.259714700154	79	9628.6366559486
GLOBAL	V	7440001	7450000	0.0015785425900543	9462	14.936169987094	115	9431.8520900322
GLOBAL	V	7450001	7460000	0.0040529513707742	9519	38.580044098399	297	9483.5450160772
GLOBAL	V	7460001	7470000	0.0035521106915267	9288	32.9920041029	254	9252.3311897106
GLOBAL	V	7470001	7480000	0.0046680007305616	9461	44.163954911843	340	9428.6173633441
GLOBAL	V	7480001	7490000	0.0042270324204775	9126	38.575897869278	297	9083.9389067524
GLOBAL	V	7490001	7500000	0.0035662745478526	9287	33.119991725907	255	9253.0707395498
GLOBAL	V	7500001	7510000	0.0032190880127174	9121	29.361301763995	226	9077.4324758842
GLOBAL	V	7510001	7520000	0.002195805845349	9346	20.522001430631	158	9319.0144694534
GLOBAL	V	7520001	7530000	0.0019028385602329	9636	18.335752366404	141	9586.5064308682
GLOBAL	V	7530001	7540000	0.0027678666711298	9481	26.242143908982	202	9433.6945337621
GLOBAL	V	7540001	7550000	0.0047146132538683	9396	44.298506133347	341	9358.7845659164
GLOBAL	V	7550001	7560000	0.0049062245175097	9557	46.88878771384	361	9522.7411575563
GLOBAL	V	7560001	7570000	0.0013826234003407	9207	12.729813646937	98	9176.4469453376
GLOBAL	V	7570001	7580000	0.0010026072191207	9460	9.4846642928818	73	9429.8440514469
GLOBAL	V	7580001	7590000	0.00095445270686935	9526	9.0921164856374	70	9499.4662379421
GLOBAL	V	7590001	7600000	0.001213247975602	9211	11.17522710327	86	9176.8183279743
GLOBAL	V	7600001	7610000	0.0010351813607518	9160	9.4822612644866	73	9128.5418006431
GLOBAL	V	7610001	7620000	0.0010382462145911	9757	10.130168315765	78	9733.9839228296
GLOBAL	V	7620001	7630000	0.0009124727033368	9252	8.4421974512721	65	9221.1591639871
GLOBAL	V	7630001	7640000	0.00064524930069993	9259	5.9743632751807	46	9214.8745980707
GLOBAL	V	7640001	7650000	0.0009086425843696	9582	8.7066132434295	67	9541.3054662379
GLOBAL	V	7650001	7660000	0.0011717509434455	9427	11.046096143861	85	9356.0434083601
GLOBAL	V	7660001	7670000	0.00077377081759532	9232	7.14345218804	55	9201.1800643087
GLOBAL	V	7670001	7680000	0.00083046847329613	9853	8.1826058673868	63	9824.0112540193
GLOBAL	V	7680001	7690000	0.0014572209056202	9541	13.903344660522	107	9481.0321543408
GLOBAL	V	7690001	7700000	0.0012755240661405	9065	11.562625659564	89	8873.2138263666
GLOBAL	V	7700001	7710000	0.0011032832339356	9657	10.654406190117	82	9545.1816720257
GLOBAL	V	7710001	7720000	0.0010097644828141	9518	9.6109383474249	74	9488.0466237942
GLOBAL	V	7720001	7730000	0.00081656068088971	9862	8.0529214349344	62	9814.8697749196
GLOBAL	V	7730001	7740000	0.00093342244176439	9324	8.7032308470111	67	9288.4839228296
GLOBAL	V	7740001	7750000	0.0012006047631062	9196	11.040761401525	85	9152.3971061093
GLOBAL	V	7750001	7760000	0.0011057413576993	9632	10.65050075736	82	9595.3810289389
GLOBAL	V	7760001	7770000	0.00095771067357018	9492	9.0905897135281	70	9437.8376205788
GLOBAL	V	7770001	7780000	0.0014393738297481	9656	13.898593700048	107	9623.4003215434
GLOBAL	V	7780001	7790000	0.00085190953501188	9150	7.7949722453587	60	8835.3118971061
GLOBAL	V	7790001	7800000	0.00098837431319828	9330	9.2215323421399	71	9302.1816720257
GLOBAL	V	7800001	7810000	0.0028097902129203	9384	26.367071358044	203	9346.5868167203
GLOBAL	V	7810001	7820000	0.0036251690401118	8957	32.470639092281	250	8925.3151125402
GLOBAL	V	7820001	7830000	0.0042019377191361	8969	37.687179402932	290	8926.7186495177
GLOBAL	V	7830001	7840000	0.0041644584843314	8797	36.634741286664	282	8767.422829582
GLOBAL	V	7840001	7850000	0.0027787577355634	9349	25.978606069782	200	9315.9662379421
GLOBAL	V	7850001	7860000	0.0015256355832749	9620	14.676614311104	113	9591.4646302251
GLOBAL	V	7860001	7870000	0.0019951835732199	9246	18.447467317991	142	9199.4003215434
GLOBAL	V	7870001	7880000	0.0030177276962859	9126	27.539782956305	212	9074.7266881029
GLOBAL	V	7880001	7890000	0.0035107828309819	9397	32.990826262737	254	9370.3279742765
GLOBAL	V	7890001	7900000	0.0038948484543112	9571	37.277594556213	287	9510.3681672026
GLOBAL	V	7900001	7910000	0.0033797690091854	8993	30.394262699604	234	8955.7090032154
GLOBAL	V	7910001	7920000	0.003528323513604	9057	31.956026062712	246	9026.7379421222
GLOBAL	V	7920001	7930000	0.0017632948806915	9435	16.636687199324	128	9387.3681672026
GLOBAL	V	7930001	7940000	0.00089601554688596	9568	8.5730767526049	66	9529.4292604502
GLOBAL	V	7940001	7950000	0.0011833372074581	9221	10.911552389971	84	9190.1623794212
GLOBAL	V	7950001	7960000	0.00092894636935232	9228	8.5723170963832	66	9198.9565916399
GLOBAL	V	7960001	7970000	0.0010315894934319	9696	10.002291728315	77	9659.6061093248
GLOBAL	V	7970001	7980000	0.00074950492282816	9183	6.882703706331	53	9158.3344051447
GLOBAL	V	7980001	7990000	0.00075963796005454	9746	7.4034315586915	57	9718.4581993569
GLOBAL	V	7990001	8000000	0.00093349190597039	9461	8.8317669223859	68	9436.5305466238
GLOBAL	V	8000001	8010000	0.001109090719361	9262	10.272398242721	79	9151.6768488746
GLOBAL	V	8010001	8020000	0.0013135786154081	8809	11.57131402313	89	8540.9356913183
GLOBAL	V	8020001	8030000	0.0010763290771874	9552	10.281095345294	79	9379.6848874598
GLOBAL	V	8030001	8040000	0.00092561531121221	9404	8.7044863866396	67	9353.6125401929
GLOBAL	V	8040001	8050000	0.00093925728529523	9267	8.7040972628309	67	9226.9919614148
GLOBAL	V	8050001	8060000	0.0010645365384548	9404	10.010901607629	77	9365.3633440514
GLOBAL	V	8060001	8070000	0.0011827725402372	9227	10.913442228769	84	9186.3762057878
GLOBAL	V	8070001	8080000	0.0010485946141581	9538	10.00149542984	77	9501.7942122187
GLOBAL	V	8080001	8090000	0.0010471292217277	9055	9.4817551027442	73	9021.152733119
GLOBAL	V	8090001	8100000	0.0010557422503081	9230	9.7445009703434	75	9180.4485530547
GLOBAL	V	8100001	8110000	0.0012645468860752	9656	12.210464731942	94	9614.6575562701
GLOBAL	V	8110001	8120000	0.001039561465169	9494	9.8695965503144	76	9465.9437299035
GLOBAL	V	8120001	8130000	0.00087339070059918	9077	7.9277673893388	61	8784.5948553055
GLOBAL	V	8130001	8140000	0.00083954665550306	9281	7.7918325097239	60	9253.192926045
GLOBAL	V	8140001	8150000	0.00081830524635129	9365	7.6634286320798	59	9323.6221864952
GLOBAL	V	8150001	8160000	0.0009822486661777	9654	9.4826286232795	73	9618.1479099678
GLOBAL	V	8160001	8170000	0.00070154433455113	9441	6.6232800624972	51	9419.9774919614
GLOBAL	V	8170001	8180000	0.0011850248887396	8902	10.54909155956	79	8250.9774919614
GLOBAL	V	8180001	8190000	0.00092936043922715	9503	8.8317122539756	68	9465.1366559486
GLOBAL	V	8190001	8200000	0.0010633230013282	9666	10.278080130838	79	9589.7942122186
GLOBAL	V	8200001	8210000	0.0011400253053923	9457	10.781219313095	83	9415.1382636656
GLOBAL	V	8210001	8220000	0.00093362787203121	9461	8.8330532972873	68	9425.1350482315
GLOBAL	V	8220001	8230000	0.00087277254312661	9672	8.4414560371206	65	9653.3006430868
GLOBAL	V	8230001	8240000	0.0013110648721198	8984	11.778606811124	90	8264.0353697749
GLOBAL	V	8240001	8250000	0.0010476033772777	9053	9.4839533744949	73	9015.5514469453
GLOBAL	V	8250001	8260000	0.00083172069721498	9213	7.6626427834416	59	9158.0305466238
GLOBAL	V	8260001	8270000	0.0011793222088548	9477	11.176436573317	86	9431.6189710611
GLOBAL	V	8270001	8280000	0.00081160295230757	9124	7.4050653368543	57	9089.1848874598
GLOBAL	V	8280001	8290000	0.00090774512297603	9300	8.4420296436771	65	9273.6672025723
GLOBAL	V	8290001	8300000	0.00084711462534785	8892	7.5325432485931	58	8861.3022508039
GLOBAL	V	8300001	8310000	0.0010827685065152	9476	10.260314367738	79	9449.001607717
GLOBAL	V	8310001	8320000	0.0010740062127673	9796	10.520964860269	81	9758.8006430868
GLOBAL	V	8320001	8330000	0.00099962182293963	9139	9.1355438398453	70	8730.2861736334
GLOBAL	V	8330001	8340000	0.0013964571767863	9137	12.759429224297	98	8870.9324758842
GLOBAL	V	8340001	8350000	0.00093444832362868	9450	8.830536658291	68	9428.6607717042
GLOBAL	V	8350001	8360000	0.0010493576419012	9286	9.7443350626942	75	9226.0032154341
GLOBAL	V	8360001	8370000	0.00099292930698847	9548	9.4804890231259	73	9519.4180064309
GLOBAL	V	8370001	8380000	0.00099152609396034	9563	9.4819640365427	73	9537.1977491961
GLOBAL	V	8380001	8390000	0.00095652782097923	9099	8.70344664309	67	9061.1720257235
GLOBAL	V	8390001	8400000	0.0010901891990305	9295	10.133308604989	78	9237.1752411576
GLOBAL	V	8400001	8410000	0.00096225720758136	9449	9.0923683544363	70	9415.0225080386
GLOBAL	V	8410001	8420000	0.001108434251383	9492	10.521257914127	81	9441.8520900322
GLOBAL	V	8420001	8430000	0.0011729040052187	9633	11.298584282272	87	9602.4035369775
GLOBAL	V	8430001	8440000	0.00085810177386804	9392	8.0592918601687	62	9299.3135048232
GLOBAL	V	8440001	8450000	0.00095769513038485	9630	9.2226041056062	71	9597.0530546624
GLOBAL	V	8450001	8460000	0.0010523948875813	9625	10.12930079297	78	9597.0498392283
GLOBAL	V	8460001	8470000	0.0010324378031435	9562	9.8721702736579	76	9529.8617363344
GLOBAL	V	8470001	8480000	0.0011598532120206	9407	10.910739165477	84	9376.424437299
GLOBAL	V	8480001	8490000	0.0010172046235449	9322	9.4823815006851	73	9290.2347266881
GLOBAL	V	8490001	8500000	0.001095954406548	9599	10.520066348454	81	9566.5096463023
GLOBAL	V	8500001	8510000	0.00094970502106459	9322	8.8531502063641	68	9257.0337620579
GLOBAL	V	8510001	8520000	0.00096786899897749	9548	9.2412132022371	71	9488.0450160772
GLOBAL	V	8520001	8530000	0.0011204325993641	9739	10.911893085207	84	9701.9453376206
GLOBAL	V	8530001	8540000	0.0011330328131577	9629	10.909972957895	84	9597.4340836013
GLOBAL	V	8540001	8550000	0.001363470301496	9360	12.762082022003	98	9296.4742765273
GLOBAL	V	8550001	8560000	0.0010640379859797	8911	9.4816424930654	73	8884.9823151125
GLOBAL	V	8560001	8570000	0.00084830600740373	9035	7.6644447768927	59	8999.7990353698
GLOBAL	V	8570001	8580000	0.00090483300391443	8903	8.0557282338502	62	8833.3520900322
GLOBAL	V	8580001	8590000	0.00098618210656476	6611	6.5196499064996	50	6516.4276527331
GLOBAL	V	8590001	8600000	0.0011282376536079	8070	9.104877864616	70	7984.0418006431
GLOBAL	V	8600001	8610000	0.001508213374747	3559	5.3677314007247	37	1858.7122186495
GLOBAL	V	8610001	8620000	0.0010147678441796	1766	1.7920800128211	11	628.69168026101
GLOBAL	V	8620001	8630000	0.0011411482637437	3106	3.5444065071878	24	1302.9362745098
GLOBAL	V	8630001	8640000	0.0018233883045945	1544	2.8153115422939	21	1262.9684385382
GLOBAL	V	8640001	8650000	0.0012920969777341	6041	7.805557842492	60	5949.4871382637
GLOBAL	V	8650001	8660000	0.0010150494021493	9214	9.3526651914033	72	9164.1205787781
GLOBAL	V	8660001	8670000	0.0012725278712595	9291	11.823056451872	91	9232.0964630225
GLOBAL	V	8670001	8680000	0.0010274801394642	9357	9.6141316649661	74	9306.9565916399
GLOBAL	V	8680001	8690000	0.0024931706183111	8809	21.962339976703	169	8757.3906752412
GLOBAL	V	8690001	8700000	0.0035160459211629	9346	32.860965179189	253	9312.075562701
GLOBAL	V	8700001	8710000	0.0027176710291572	9280	25.219987150579	194	9198.2540192926
GLOBAL	V	8710001	8720000	0.0017004461369486	9166	15.586289291271	120	9136.9147909968
GLOBAL	V	8720001	8730000	0.0037345632825203	9322	34.813598919655	268	9289.8279742765
GLOBAL	V	8730001	8740000	0.0027607574360151	9597	26.494989113437	204	9568.3649517685
GLOBAL	V	8740001	8750000	0.0025653446390481	9279	23.803832905728	183	9235.8649517685
GLOBAL	V	8750001	8760000	0.0039843003072598	9097	36.245179895142	279	9062.2122186495
GLOBAL	V	8760001	8770000	0.0032477199559296	9039	29.356140681648	226	8986.4790996785
GLOBAL	V	8770001	8780000	0.0023510379251702	8952	21.046491506124	162	8913.9405144695
GLOBAL	V	8780001	8790000	0.0013494536732592	9720	13.11668970408	101	9696.5610932476
GLOBAL	V	8790001	8800000	0.0030151556022278	9562	28.830917868502	222	9538.578778135
GLOBAL	V	8800001	8810000	0.0037314167662458	8946	33.381254390835	257	8912.4678456592
GLOBAL	V	8810001	8820000	0.003076459897374	9203	28.312660435533	218	9178.2974276527
GLOBAL	V	8820001	8830000	0.0034580059544884	9465	32.730026359233	252	9439.0096463022
GLOBAL	V	8830001	8840000	0.0024458500640826	9457	23.130404056029	178	9423.5578778135
GLOBAL	V	8840001	8850000	0.0020295636047596	9470	19.219967337073	148	9448.6591639871
GLOBAL	V	8850001	8860000	0.0029635298868396	9250	27.412651453266	211	9209.6414790997
GLOBAL	V	8860001	8870000	0.0037492267873004	9286	34.815319946871	268	9242.0578778135
GLOBAL	V	8870001	8880000	0.0036383560785634	8889	32.34134718235	249	8859.807073955
GLOBAL	V	8880001	8890000	0.0036583482554224	9337	34.157997660879	263	9309.8247588424
GLOBAL	V	8890001	8900000	0.001620521334361	9378	15.197249073638	117	9345.922829582
GLOBAL	V	8900001	8910000	0.002992742606141	9157	27.404544044433	211	9129.5112540193
GLOBAL	V	8910001	8920000	0.002984675781132	9009	26.888944112218	207	8975.5932475884
GLOBAL	V	8920001	8930000	0.0036414686077426	9311	33.905714206692	261	9246.0627009646
GLOBAL	V	8930001	8940000	0.0044286424367835	9707	42.988832133857	331	9676.4099678457
GLOBAL	V	8940001	8950000	0.0031442976699011	9340	29.367740236877	226	9264.0241157556
GLOBAL	V	8950001	8960000	0.0019511017210943	9652	18.832033812002	145	9629.1688102894
GLOBAL	V	8960001	8970000	0.0036252116765836	9244	33.511456738339	258	9201.2861736334
GLOBAL	V	8970001	8980000	0.0036391773109282	9278	33.764287090792	259	8641.6768488746
GLOBAL	V	8980001	8990000	0.0044304605179594	9293	41.172269593396	317	9266.0112540193
GLOBAL	V	8990001	9000000	0.0030480094991424	9305	28.36172838952	218	9237.0627009646
GLOBAL	V	9000001	9010000	0.0055996380142717	9413	52.709392628339	405	9293.1173633441
GLOBAL	V	9010001	9020000	0.0053584201372272	9093	48.724114307807	375	9043.7540192926
GLOBAL	V	9020001	9030000	0.0060689778809487	9288	56.368666558251	434	9257.5273311897
GLOBAL	V	9030001	9040000	0.0054747257172493	9071	49.661236981169	382	8878.2009646302
GLOBAL	V	9040001	9050000	0.0040982069910839	9034	37.023201957452	285	8999.8906752412
GLOBAL	V	9050001	9060000	0.0043299779330284	9092	39.368159367094	303	9045.7540192926
GLOBAL	V	9060001	9070000	0.0041205187215377	9111	37.54204607193	289	9071.078778135
GLOBAL	V	9070001	9080000	0.0031984487381599	9018	28.843610720726	222	8974.461414791
GLOBAL	V	9080001	9090000	0.0013384968564593	8591	11.499026493842	88	8282.8376205788
GLOBAL	V	9090001	9100000	0.00087000245304244	9556	8.3137434412736	64	9522.9469453376
GLOBAL	V	9100001	9110000	0.0016875868166548	9467	15.976384393271	123	9430.7556270097
GLOBAL	V	9110001	9120000	0.0012602409906528	9482	11.94960507337	92	9438.2733118971
GLOBAL	V	9120001	9130000	0.001151615134966	9156	10.544188175748	81	9039.0900321543
GLOBAL	V	9130001	9140000	0.0012743221189638	9584	12.213103188149	94	9535.7218649518
GLOBAL	V	9140001	9150000	0.00099764791200737	9114	9.0925630700352	70	9079.5176848875
GLOBAL	V	9150001	9160000	0.00064233859552116	8897	5.7148864843517	44	8855.1254019293
GLOBAL	V	9160001	9170000	0.0010261102278936	9113	9.3509425067941	72	9076.6125401929
GLOBAL	V	9170001	9180000	0.00053740164048664	8701	4.6759316738743	36	8669.2990353698
GLOBAL	V	9180001	9190000	0.00064604071837165	8845	5.7142301539972	44	8809.3408360129
GLOBAL	V	9190001	9200000	0.00094949919954946	9171	8.7078571590681	67	8899.3649517685
GLOBAL	V	9200001	9210000	0.0011765273648711	9721	11.437022513912	88	9689.9099678457
GLOBAL	V	9210001	9220000	0.00093178698585032	9340	8.702890447842	67	9313.1672025723
GLOBAL	V	9220001	9230000	0.00083362305959101	9659	8.0519651325895	62	9621.8874598071
GLOBAL	V	9230001	9240000	0.001089169473226	9542	10.392855113522	80	9502.38585209
GLOBAL	V	9240001	9250000	0.0010517706756457	9633	10.131706918495	78	9600.7443729904
GLOBAL	V	9250001	9260000	0.0010467580061904	9452	9.8939566745113	76	9345.6366559486
GLOBAL	V	9260001	9270000	0.00099744694878316	9376	9.3520625917909	72	9338.0498392283
GLOBAL	V	9270001	9280000	0.00073967388773574	6216	4.5978128861654	34	2940.6125401929
GLOBAL	V	9280001	9290000	0.0012347166655087	7481	9.2369153746705	68	5843.8649517685
GLOBAL	V	9290001	9300000	0.0012474835180779	9269	11.562924729064	89	9205.2041800643
GLOBAL	V	9300001	9310000	0.0013262211081457	9306	12.341813632404	95	9254.6784565916
GLOBAL	V	9310001	9320000	0.001169638269407	9661	11.299875320741	87	9622.9356913183
GLOBAL	V	9320001	9330000	0.0043245304902243	9453	40.879786724091	314	8904.1254019293
GLOBAL	V	9330001	9340000	0.0035724580075321	9236	32.995222157567	254	9204.0627009646
GLOBAL	V	9340001	9350000	0.0037083083069372	9282	34.420517704991	265	9250.5819935691
GLOBAL	V	9350001	9360000	0.0037021841646084	9595	35.522457059417	273	9507.3906752412
GLOBAL	V	9360001	9370000	0.0036515818180948	9389	34.284701690092	264	9366.5578778135
GLOBAL	V	9370001	9380000	0.0034827916667307	9844	34.284601167297	264	9817.9935691318
GLOBAL	V	9380001	9390000	0.0024733697889932	9519	23.544007021426	181	9412.2990353698
GLOBAL	V	9390001	9400000	0.0046437057001288	9203	42.736023558285	329	9164.001607717
GLOBAL	V	9400001	9410000	0.0047145964639905	9593	45.227123879061	348	9528.8118971061
GLOBAL	V	9410001	9420000	0.0058318965764257	9400	54.819827818402	422	9360.0080385852
GLOBAL	V	9420001	9430000	0.0064353896143892	9165	58.980345815877	454	9114.8279742765
GLOBAL	V	9430001	9440000	0.0044000404291934	9396	41.342779872701	317	8815.0128617363
GLOBAL	V	9440001	9450000	0.0045183919961143	8940	40.394424445262	311	8905.6961414791
GLOBAL	V	9450001	9460000	0.0045436418958344	9179	41.706088961864	321	9141.6334405145
GLOBAL	V	9460001	9470000	0.0040786737659491	9180	37.442225171412	288	9104.4180064309
GLOBAL	V	9470001	9480000	0.0039015104488545	9058	35.339881645724	272	9015.729903537
GLOBAL	V	9480001	9490000	0.0024456369778868	8975	21.949591876534	169	8946.2009646302
GLOBAL	V	9490001	9500000	0.0051749759180885	9534	49.338220403056	379	9456.5225080386
GLOBAL	V	9500001	9510000	0.0060602582906113	9515	57.663357635167	444	9488.3167202572
GLOBAL	V	9510001	9520000	0.0057038361069219	9269	52.868856875059	406	9113.9646302251
GLOBAL	V	9520001	9530000	0.0043153042224266	9406	40.589751516145	312	8641.4276527331
GLOBAL	V	9530001	9540000	0.0062294217073901	8371	52.146489112562	401	7999.2395498392
GLOBAL	V	9540001	9550000	0.0041234278471579	9670	39.873547282016	307	9634.5739549839
GLOBAL	V	9550001	9560000	0.0012410229931789	9492	11.779790251254	90	9415.0241157556
GLOBAL	V	9560001	9570000	0.0010294455955544	9461	9.7395847795398	75	9435.1254019293
GLOBAL	V	9570001	9580000	0.0012137100526137	9455	11.475628547463	88	9287.3408360129
GLOBAL	V	9580001	9590000	0.0013400137360593	9209	12.34018649537	95	9154.8376205788
GLOBAL	V	9590001	9600000	0.00099579697953538	9275	9.2360169851907	71	9207.2138263666
GLOBAL	V	9600001	9610000	0.0015755060659515	9318	14.680565522536	113	9283.2443729904
GLOBAL	V	9610001	9620000	0.0010628737787541	9544	10.144067344429	78	9492.6286173633
GLOBAL	V	9620001	9630000	0.0011440098552849	9422	10.778860856495	83	9390.4276527331
GLOBAL	V	9630001	9640000	0.0011497484122121	9380	10.784640106549	83	9342.5723472669
GLOBAL	V	9640001	9650000	0.0012240462894547	9444	11.55989315761	89	9417.4758842444
GLOBAL	V	9650001	9660000	0.001136471659592	9830	11.171516413789	86	9784.7282958199
GLOBAL	V	9660001	9670000	0.0011313608434804	9208	10.417570646767	80	8811.2717041801
GLOBAL	V	9670001	9680000	0.0014024056962145	9540	13.378950341886	103	9516.308681672
GLOBAL	V	9680001	9690000	0.0011959195370536	9465	11.319378418212	87	9132.6446945338
GLOBAL	V	9690001	9700000	0.0012956241454575	8823	11.431291835372	88	8487.2926045016
GLOBAL	V	9700001	9710000	0.0014521069876776	9623	13.973625542421	107	9236.6752411576
GLOBAL	V	9710001	9720000	0.0011830353877642	9662	11.430487916578	88	9631.924437299
GLOBAL	V	9720001	9730000	0.0011675732403485	9344	10.909804357816	84	9313.2041800643
GLOBAL	V	9730001	9740000	0.0010621080715134	9538	10.130386786095	78	9507.9581993569
GLOBAL	V	9740001	9750000	0.00091078295606106	9309	8.4784785379724	65	9047.4163987138
GLOBAL	V	9750001	9760000	0.0010899971330491	8937	9.7413043780595	75	8903.1623794212
GLOBAL	V	9760001	9770000	0.00095560489014185	9514	9.0916249248095	70	9487.2282958199
GLOBAL	V	9770001	9780000	0.00090245179693809	9210	8.3115810497998	64	9174.3938906752
GLOBAL	V	9780001	9790000	0.0013738115592284	9549	13.118526579072	101	9519.3745980707
GLOBAL	V	9790001	9800000	0.0010840792247389	9707	10.523157034541	81	9667.1205787781
GLOBAL	V	9800001	9810000	0.0010297255643137	9461	9.742233563972	75	9418.6784565916
GLOBAL	V	9810001	9820000	0.0011271122042032	9220	10.391974522753	80	9164.7363344051
GLOBAL	V	9820001	9830000	0.00092136546552179	9306	8.5742270221458	66	9268.2138263666
GLOBAL	V	9830001	9840000	0.0010608261239629	9029	9.5781990732613	73	8398.8987138264
GLOBAL	V	9840001	9850000	0.00084264836134712	9248	7.7928120457382	60	9222.1077170418
GLOBAL	V	9850001	9860000	0.0013220563118136	8207	10.850116151054	83	7559.8601286174
GLOBAL	V	9860001	9870000	0.0011263333909668	7066	7.9586717405711	61	6964.5916398714
GLOBAL	V	9870001	9880000	0.00099940874646217	9487	9.4813907776866	73	9448.0643086817
GLOBAL	V	9880001	9890000	0.0012176743050795	9494	11.560599852425	89	9451.3713826367
GLOBAL	V	9890001	9900000	0.0008980616181345	9403	8.4444733953187	65	9352.3954983923
GLOBAL	V	9900001	9910000	0.0012597067146941	9282	11.69259772579	90	9245.4694533762
GLOBAL	V	9910001	9920000	0.0010097142835654	8879	8.9652531237773	69	8494.5321543408
GLOBAL	V	9920001	9930000	0.0011791861245802	9368	11.046615615067	85	9325.2282958199
GLOBAL	V	9930001	9940000	0.0012206716574927	9364	11.430369400762	88	9324.6334405145
GLOBAL	V	9940001	9950000	0.0010584310934516	8959	9.4824841662327	73	8917.3826366559
GLOBAL	V	9950001	9960000	0.00218492539891	9458	20.665024422891	159	9409.2363344051
GLOBAL	V	9960001	9970000	0.0028316205648123	9360	26.503968486643	204	9313.1784565916
GLOBAL	V	9970001	9980000	0.001200440073574	9005	10.809962862534	83	8688.0434083601
GLOBAL	V	9980001	9990000	0.00078653871066394	9247	7.2731234575095	56	9212.9276527331
GLOBAL	V	9990001	10000000	0.0012483035510696	9393	11.725315255196	90	9328.6382636656
GLOBAL	V	10000001	10010000	0.00097364493286588	9739	9.4823280011808	73	9701.2877813505
GLOBAL	V	10010001	10020000	0.00087559575163796	9642	8.4424942372932	65	9616.2138263666
GLOBAL	V	10020001	10030000	0.0010537321981923	8645	9.1095148533725	70	8278.7588424437
GLOBAL	V	10030001	10040000	0.0012330724444057	9376	11.561287238748	89	9341.1254019293
GLOBAL	V	10040001	10050000	0.00090251645044522	9214	8.3157865744022	64	9171.9051446945
GLOBAL	V	10050001	10060000	0.0023640391074595	9343	22.087217380994	170	9290.7234726688
GLOBAL	V	10060001	10070000	0.0039211134166308	9393	36.831018322413	283	9142.6286173633
GLOBAL	V	10070001	10080000	0.0033289499580101	9492	31.598393001432	243	9328.7990353698
GLOBAL	V	10080001	10090000	0.0045207287283016	9284	41.970445513552	323	9221.7877813505
GLOBAL	V	10090001	10100000	0.004722218583111	8695	41.05969058015	316	8650.2540192926
GLOBAL	V	10100001	10110000	0.0026547552868859	9249	24.553831648408	189	9205.5176848875
GLOBAL	V	10110001	10120000	0.0045466206373933	9210	41.874376070392	322	9080.691318328
GLOBAL	V	10120001	10130000	0.003044389174968	8422	25.63984563158	196	6293.921221865
GLOBAL	V	10130001	10140000	0.00028126586741153	3186	0.89611305357315	4	513.232
GLOBAL	V	10140001	10150000	0	49	0	0	38.333333333333
GLOBAL	V	10150001	10160000	0.0013531778754914	7091	9.5953843151092	63	4819.7191201354
GLOBAL	V	10160001	10170000	0.0025843221760355	2795	7.2231804820192	47	1590.8316326531
GLOBAL	V	10170001	10180000	0.00065209957315018	4182	2.727080414914	18	1351.2769230769
GLOBAL	V	10180001	10190000	0.00086531669296721	4279	3.7026901292067	22	1647.613559322
GLOBAL	V	10190001	10200000	0.00023499477994044	3332	0.78300260676155	3	1263.3231511254
GLOBAL	V	10200001	10210000	0.00148614294041	7702	11.446272927038	88	7107.4083601286
GLOBAL	V	10210001	10220000	0.00088131291360618	8994	7.926528344974	61	8929.959807074
GLOBAL	V	10220001	10230000	0.00097248430961865	9351	9.093700779244	70	9312.7459807074
GLOBAL	V	10230001	10240000	0.0010411386731399	9356	9.7408934258969	75	9322.7475884244
GLOBAL	V	10240001	10250000	0.00098488308407554	9628	9.4824543334793	73	9593.3954983923
GLOBAL	V	10250001	10260000	0.0012485806956579	9676	12.081266811186	93	9637.7379421222
GLOBAL	V	10260001	10270000	0.0010579821374944	8967	9.4869258269119	73	8924.5064308682
GLOBAL	V	10270001	10280000	0.00082905319456104	9562	7.9274066463927	61	9523.5080385852
GLOBAL	V	10280001	10290000	0.0052188287613449	9110	47.543530015852	366	9061.5916398714
GLOBAL	V	10290001	10300000	0.0056003964243594	9370	52.475714496247	404	9337.5675241158
GLOBAL	V	10300001	10310000	0.0028148515678603	9375	26.38923344869	203	9261.4405144695
GLOBAL	V	10310001	10320000	0.0041374874599474	9048	37.435986537604	288	8998.7234726688
GLOBAL	V	10320001	10330000	0.0039920844604463	7994	31.912723176808	244	6267.9436392915
GLOBAL	V	10330001	10340000	0.0069787309625888	9646	67.316838865132	518	9597.2334943639
GLOBAL	V	10340001	10350000	0.0088861819860056	9437	83.858899401935	645	9380.4485530547
GLOBAL	V	10350001	10360000	0.0078072338228138	9276	72.419900940421	557	9217.1768488746
GLOBAL	V	10360001	10370000	0.0052653658851216	9305	48.994229561056	377	9254.8697749196
GLOBAL	V	10370001	10380000	0.0013103825384149	9615	12.599328106859	97	9578.0675241158
GLOBAL	V	10380001	10390000	0.0015508529492259	9511	14.750162400088	113	9378.7073954984
GLOBAL	V	10390001	10400000	0.0015212995628009	9397	14.29565199164	110	9344.9292604502
GLOBAL	V	10400001	10410000	0.0014477217254041	9515	13.77507221722	106	9463.9437299035
GLOBAL	V	10410001	10420000	0.0014041933562441	9619	13.506935893712	104	9582.3874598071
GLOBAL	V	10420001	10430000	0.0011000080962116	9825	10.807579545279	83	9589.2990353698
GLOBAL	V	10430001	10440000	0.0018509109963653	9301	17.215323177194	132	9069.1575562701
GLOBAL	V	10440001	10450000	0.0049867322440321	9439	47.069765651419	362	9387.768488746
GLOBAL	V	10450001	10460000	0.0056337054372839	8647	48.714650916194	371	7695.6977491961
GLOBAL	V	10460001	10470000	0.0024520318663712	8592	21.067857795861	157	8437.2173038229
GLOBAL	V	10470001	10480000	0.0075646736343725	8674	65.615979104547	503	8419.2958199357
GLOBAL	V	10480001	10490000	0.0063160572598448	9303	58.758280688336	452	9243.6639871383
GLOBAL	V	10490001	10500000	0.0040408193809116	9677	39.103009149082	301	9637.4003215434
GLOBAL	V	10500001	10510000	0.0061487421809309	9274	57.023434985953	439	9238.036977492
GLOBAL	V	10510001	10520000	0.0086094250251772	9315	80.196794109525	617	9247.2106109325
GLOBAL	V	10520001	10530000	0.0089482464853861	9251	82.780228236306	636	9156.3890675241
GLOBAL	V	10530001	10540000	0.0064175438965312	9083	58.290551212193	448	8904.7363344051
GLOBAL	V	10540001	10550000	0.0052975068229784	9233	48.91188049656	376	8998.8295819936
GLOBAL	V	10550001	10560000	0.0059343280098849	9524	56.518539966144	435	9471.3102893891
GLOBAL	V	10560001	10570000	0.003763242831844	9304	35.013211307476	269	9071.7427652733
GLOBAL	V	10570001	10580000	0.0043854237063052	9477	41.560660464654	320	9445.6254019293
GLOBAL	V	10580001	10590000	0.0037572378473966	9264	34.807051418282	268	9236.5916398714
GLOBAL	V	10590001	10600000	0.0033080957704335	8881	29.37919853722	226	8831.6688102894
GLOBAL	V	10600001	10610000	0.0083826971852621	9503	79.660771351546	613	9471.6736334405
GLOBAL	V	10610001	10620000	0.0080547847597082	9148	73.68517098181	567	9116.1736334405
GLOBAL	V	10620001	10630000	0.0034080654822183	8757	29.844429427786	228	7476.5594855305
GLOBAL	V	10630001	10640000	0.0039052617910405	9025	35.244987664141	271	8983.5273311897
GLOBAL	V	10640001	10650000	0.005356164545726	9486	50.808576880756	391	9445.4051446945
GLOBAL	V	10650001	10660000	0.0075296070313229	9326	70.221115174118	539	9255.0048231511
GLOBAL	V	10660001	10670000	0.0071880555589673	9292	66.791412253924	514	9262.0803858521
GLOBAL	V	10670001	10680000	0.0080017930916161	8915	71.335985411758	547	8787.4533762058
GLOBAL	V	10680001	10690000	0.0084336793413773	9237	77.901896076302	599	9168.4308681672
GLOBAL	V	10690001	10700000	0.0082257227649432	9077	74.66488553739	573	8744.1350482315
GLOBAL	V	10700001	10710000	0.0061491784251697	9314	57.273447852031	440	9023.8617363344
GLOBAL	V	10710001	10720000	0.003007114733812	9335	28.071416040135	216	9301.3536977492
GLOBAL	V	10720001	10730000	0.0042096267126683	9501	39.995663397062	307	9435.5868167203
GLOBAL	V	10730001	10740000	0.0052403807504459	9368	49.091886870177	377	9286.2491961415
GLOBAL	V	10740001	10750000	0.001315235975539	9085	11.948918837772	92	9036.2491961415
GLOBAL	V	10750001	10760000	0.0013740179124799	9075	12.469212555755	96	9047.2604501608
GLOBAL	V	10760001	10770000	0.0032625740562409	9160	29.885178355167	230	9120.9871382637
GLOBAL	V	10770001	10780000	0.0043363950073717	9031	39.161983311574	301	8882.4823151125
GLOBAL	V	10780001	10790000	0.0013073589091607	9342	12.21334692938	94	9281.0450160772
GLOBAL	V	10790001	10800000	0.0068582627132509	8279	56.779557003005	436	8196.4774919614
GLOBAL	V	10800001	10810000	0.0062163546612537	8989	55.87881205001	430	8934.88585209
GLOBAL	V	10810001	10820000	0.0048132388649563	9287	44.700549338849	344	9232.1591639871
GLOBAL	V	10820001	10830000	0.0041096061323647	8903	36.587823396443	281	8717.691318328
GLOBAL	V	10830001	10840000	0.0063413426946129	8157	51.726332359958	397	7388.4147909968
GLOBAL	V	10840001	10850000	0.0044284727588449	9095	40.276959741695	310	9064.0241157556
GLOBAL	V	10850001	10860000	0.0017725713397182	4095	7.2586796361459	55	2917.2250803859
GLOBAL	V	10860001	10870000	0.0037704661426581	7996	30.148647276694	232	7931.1205787781
GLOBAL	V	10870001	10880000	0.00649763381476	8925	57.991381796733	446	8749.038585209
GLOBAL	V	10880001	10890000	0.006598727291186	9176	60.549921623923	466	9129.9147909968
GLOBAL	V	10890001	10900000	0.0042739803083665	8813	37.666588457634	290	8760.1704180064
GLOBAL	V	10900001	10910000	0.0069846226758303	8979	62.71492700628	482	8909.6897106109
GLOBAL	V	10910001	10920000	0.0079714180405315	9066	72.268875955458	555	8973.7749196141
GLOBAL	V	10920001	10930000	0.006550447081145	8489	55.60674527184	426	8111.2524115756
GLOBAL	V	10930001	10940000	0.0061669372186886	9161	56.495311860406	434	8996.0353697749
GLOBAL	V	10940001	10950000	0.0094596659078513	9068	85.780250452396	660	9001.0434083601
GLOBAL	V	10950001	10960000	0.0079444571883462	8822	70.08600131559	539	8738.036977492
GLOBAL	V	10960001	10970000	0.0056439467146868	9389	52.991015704194	408	9361.9260450161
GLOBAL	V	10970001	10980000	0.0048647321213934	9620	46.798723007804	360	9524.4678456592
GLOBAL	V	10980001	10990000	0.0035297185515018	9459	33.387607778656	257	9373.5868167203
GLOBAL	V	10990001	11000000	0.0042945004753366	9379	40.278119958182	310	9330.4083601286
GLOBAL	V	11000001	11010000	0.0011700223239819	9325	10.910458171131	84	9294.6302250804
GLOBAL	V	11010001	11020000	0.0012986636315037	9019	11.712647292531	90	8858.2106109325
GLOBAL	V	11020001	11030000	0.0020910550109806	8804	18.409648316673	141	8731.3954983923
GLOBAL	V	11030001	11040000	0.0010398210408495	9625	10.008277518176	77	9581.3054662379
GLOBAL	V	11040001	11050000	0.0017535871645909	9431	16.538080549257	127	9220.1077170418
GLOBAL	V	11050001	11060000	0.0031835321716978	9343	29.743741080172	229	9191.3440514469
GLOBAL	V	11060001	11070000	0.0045642342570324	9135	41.694279937991	321	9097.5530546624
GLOBAL	V	11070001	11080000	0.001158083393236	9549	11.05853832201	85	9458.0739549839
GLOBAL	V	11080001	11090000	0.0011591689658604	9413	10.911257475644	84	9376.7250803858
GLOBAL	V	11090001	11100000	0.0010039758586337	9189	9.2255341649855	71	9151.9003215434
GLOBAL	V	11100001	11110000	0.0015004725953176	9198	13.801346931731	106	9059.3408360129
GLOBAL	V	11110001	11120000	0.0019521289354828	9582	18.705299459796	144	9539.6382636656
GLOBAL	V	11120001	11130000	0.0013117831242827	9509	12.473745728804	96	9468.6832797428
GLOBAL	V	11130001	11140000	0.0012585873124123	9509	11.967906753728	92	9423.7781350482
GLOBAL	V	11140001	11150000	0.0014641569042813	9592	14.044193025866	108	9542.9180064309
GLOBAL	V	11150001	11160000	0.0011313336691781	9757	11.038422610171	85	9731.9083601286
GLOBAL	V	11160001	11170000	0.001082527663192	8541	9.2458687713228	71	8202.8102893891
GLOBAL	V	11170001	11180000	0.0013727347260039	9659	13.259244718472	102	9631.2330097087
GLOBAL	V	11180001	11190000	0.0017907676390507	9258	16.578926802332	127	8605.9131832797
GLOBAL	V	11190001	11200000	0.0014125973053075	9484	13.397072843536	103	9412.3311897106
GLOBAL	V	11200001	11210000	0.0011970480228676	9333	11.172049197423	86	9283.4919614148
GLOBAL	V	11210001	11220000	0.0011982693244521	9540	11.431489355273	88	9496.2041800643
GLOBAL	V	11220001	11230000	0.00098995140815822	8793	8.7046427319353	67	8761.3408360129
GLOBAL	V	11230001	11240000	0.0011801810061456	9465	11.170413223168	86	9416.3778135048
GLOBAL	V	11240001	11250000	0.001407181703557	9419	13.254244465804	102	9360.4533762058
GLOBAL	V	11250001	11260000	0.0013599569954837	9414	12.802635155484	97	9167.3376205788
GLOBAL	V	11260001	11270000	0.0017065468988634	8955	15.282127479322	115	7574.2721417069
GLOBAL	V	11270001	11280000	0.0020933708765423	8643	18.093004485955	134	7065.0731707317
GLOBAL	V	11280001	11290000	0.0023908136051473	8494	20.307570762121	153	7024.3971061093
GLOBAL	V	11290001	11300000	0.0014121774987915	9124	12.884707498974	99	8981.8762057878
GLOBAL	V	11300001	11310000	0.0013679901334541	9505	13.002746218481	100	9396.3633440514
GLOBAL	V	11310001	11320000	0.0011693951699677	9443	11.042598590005	85	9395.8729903537
GLOBAL	V	11320001	11330000	0.0012846034521223	9412	12.090687691375	93	9351.2491961415
GLOBAL	V	11330001	11340000	0.0013029769663765	9572	12.472095522156	96	9533.9807073955
GLOBAL	V	11340001	11350000	0.0013537681024498	9000	12.183912922048	92	8259.2331189711
GLOBAL	V	11350001	11360000	0.0012252221057969	9189	11.258565930168	86	8096.8681672026
GLOBAL	V	11360001	11370000	0.0013532328857624	9600	12.991035703319	100	9546.0241157556
GLOBAL	V	11370001	11380000	0.0016826372549089	9197	15.475214833397	119	9114.4549839228
GLOBAL	V	11380001	11390000	0.0032513908584299	9072	29.496617867676	227	9008.7250803859
GLOBAL	V	11390001	11400000	0.0056997011900121	8895	50.698842085158	390	8677.9405144695
GLOBAL	V	11400001	11410000	0.0056481029064577	9206	51.99643535685	400	9121.6173633441
GLOBAL	V	11410001	11420000	0.0047670267038905	9294	44.304746185958	341	9223.575562701
GLOBAL	V	11420001	11430000	0.0015928279918072	9138	14.555262189134	112	9088.922829582
GLOBAL	V	11430001	11440000	0.0013429814630568	9382	12.599852086399	97	9341.5530546624
GLOBAL	V	11440001	11450000	0.0014209541590136	9692	13.77188770916	106	9642.0627009646
GLOBAL	V	11450001	11460000	0.001346523380794	9839	13.248443543632	102	9813.4292604502
GLOBAL	V	11460001	11470000	0.0016121430676001	9670	15.589423463693	120	9636.0225080386
GLOBAL	V	11470001	11480000	0.0015617589883089	9731	15.197476715234	117	9702.3054662379
GLOBAL	V	11480001	11490000	0.009834242827723	9330	91.753485582656	706	9284.5209003215
GLOBAL	V	11490001	11500000	0.0092989508212745	8956	83.281403555335	640	8853.9855305466
GLOBAL	V	11500001	11510000	0.0081253924725282	8530	69.309597790666	532	8426.7266881029
GLOBAL	V	11510001	11520000	0.00890994131976	8675	77.293740948918	592	8409.5659163987
GLOBAL	V	11520001	11530000	0.005787200966277	9606	55.591852482057	426	8569.036977492
GLOBAL	V	11530001	11540000	0.0096025669844131	8908	85.539666697152	655	8332.8681672026
GLOBAL	V	11540001	11550000	0.0081835915724032	9407	76.983045921597	592	9346.61414791
GLOBAL	V	11550001	11560000	0.0092409390123002	8972	82.909704818358	636	8790.2668810289
GLOBAL	V	11560001	11570000	0.010055928431415	8996	90.463132169009	695	8871.075562701
GLOBAL	V	11570001	11580000	0.0081551761444354	9287	75.737120853371	583	9252.9260450161
GLOBAL	V	11580001	11590000	0.0065251032771357	9058	59.104385484295	454	8956.4099678457
GLOBAL	V	11590001	11600000	0.0090299866809884	8371	75.590018506554	580	8125.4807073955
GLOBAL	V	11600001	11610000	0.0076698735980625	9003	69.051872003357	531	8905.0530546624
GLOBAL	V	11610001	11620000	0.0016671272852254	9817	16.366188559058	126	9785.615755627
GLOBAL	V	11620001	11630000	0.0013807885268822	9232	12.747439680176	98	9130.3231511254
GLOBAL	V	11630001	11640000	0.0017249634911848	9376	16.173257693348	124	8887.7105691057
GLOBAL	V	11640001	11650000	0.0014658368157235	8856	12.981450840048	99	7805.3729903537
GLOBAL	V	11650001	11660000	0.0034921661747054	9385	32.773979549611	252	9260.4694533762
GLOBAL	V	11660001	11670000	0.0094814451992219	9183	87.068111264455	670	9124.7877813505
GLOBAL	V	11670001	11680000	0.012533587249142	9066	113.62950200072	874	9004.7524115756
GLOBAL	V	11680001	11690000	0.010372144851386	9225	95.683036254032	736	9175.4389067524
GLOBAL	V	11690001	11700000	0.010436500151305	8765	91.475923826189	701	8308.7829581994
GLOBAL	V	11700001	11710000	0.0094038022209887	8473	79.678416218437	610	7988.6045016077
GLOBAL	V	11710001	11720000	0.01265203550168	9042	114.39970500619	879	8929.2106109325
GLOBAL	V	11720001	11730000	0.017370166226459	8843	153.60437994057	1179	8718.0868167203
GLOBAL	V	11730001	11740000	0.016156049191904	8800	142.17323288875	1092	8714.8971061093
GLOBAL	V	11740001	11750000	0.013911468212431	8915	124.02073911382	953	8823.4469453376
GLOBAL	V	11750001	11760000	0.01261415950509	9150	115.41955947158	887	9001.4356913183
GLOBAL	V	11760001	11770000	0.011076085542048	7960	88.165640914705	666	6549.1993569132
GLOBAL	V	11770001	11780000	0.010305198913234	8192	84.42018949721	644	7784.5353697749
GLOBAL	V	11780001	11790000	0.014003517816543	8909	124.75734022758	958	8791.6752411576
GLOBAL	V	11790001	11800000	0.015084625894334	8564	129.18473615907	989	8364.8151125402
GLOBAL	V	11800001	11810000	0.01085282043937	9256	100.45370598681	772	9063.2234726688
GLOBAL	V	11810001	11820000	0.0096688731392146	9182	88.779593164269	680	9059.6414790997
GLOBAL	V	11820001	11830000	0.0091272817390543	8951	81.698298846275	628	8865.6061093248
GLOBAL	V	11830001	11840000	0.010037730592798	7815	78.444864582713	598	6962.3762057878
GLOBAL	V	11840001	11850000	0.0094409941800016	8296	78.322487717293	596	7548.5370967742
GLOBAL	V	11850001	11860000	0.0084596468622386	8575	72.541471843696	556	7977.2827140549
GLOBAL	V	11860001	11870000	0.00948824675847	9328	88.506365763008	678	9062.5339805825
GLOBAL	V	11870001	11880000	0.0094046331646678	8514	80.071046763981	614	8363.6945337621
GLOBAL	V	11880001	11890000	0.0044190732907963	9059	40.032384941323	307	8789.61414791
GLOBAL	V	11890001	11900000	0.0088197660975525	9018	79.536650667729	611	8898.501607717
GLOBAL	V	11900001	11910000	0.009871931770266	9194	90.762540695826	697	8933.0225080386
GLOBAL	V	11910001	11920000	0.012916290771307	8500	109.78847155611	838	8012.4372990354
GLOBAL	V	11920001	11930000	0.01109344978793	8866	98.354525819787	753	8401.2893890675
GLOBAL	V	11930001	11940000	0.0094480541871087	9110	86.071773644561	662	9064.6103059581
GLOBAL	V	11940001	11950000	0.012377448514754	8666	107.26296882886	824	8548.8003220612
GLOBAL	V	11950001	11960000	0.012247183494889	8661	106.07285624923	815	8568.5362318841
GLOBAL	V	11960001	11970000	0.010324436012985	9067	93.611661329738	719	8919.8438003221
GLOBAL	V	11970001	11980000	0.0078084122001281	9069	70.814490242961	545	9004.3713826367
GLOBAL	V	11980001	11990000	0.0073718667111153	8699	64.127868519992	492	8359.2347266881
GLOBAL	V	11990001	12000000	0.0063100840055696	7769	49.02304263927	374	5589.1125401929
GLOBAL	V	12000001	12010000	0.010101700602948	9002	90.935508827734	699	8876.3553054662
GLOBAL	V	12010001	12020000	0.010831810450344	8544	92.54698848774	711	8287.1205787781
GLOBAL	V	12020001	12030000	0.0075846702862153	8544	64.803422925423	497	7995.9565916399
GLOBAL	V	12030001	12040000	0.0031599548540475	9673	30.566243303202	235	9601.4967845659
GLOBAL	V	12040001	12050000	0.0022420497389685	9396	21.066299347348	162	9293.2652733119
GLOBAL	V	12050001	12060000	0.0018618921750946	9558	17.795965409554	137	9500.8874598071
GLOBAL	V	12060001	12070000	0.0026183411414205	9181	24.038990019381	185	9143.578778135
GLOBAL	V	12070001	12080000	0.0015662771509971	9294	14.556979841367	112	9190.1832797428
GLOBAL	V	12080001	12090000	0.0016694429313088	9570	15.976568852625	123	9538.2475884244
GLOBAL	V	12090001	12100000	0.0010562863917774	6165	6.5120056053075	50	5578.0482315113
GLOBAL	V	12100001	12110000	0.0032085541769377	6099	19.568971925143	145	4464.1712439418
GLOBAL	V	12110001	12120000	0.0016428302655383	9227	15.158394860122	116	8892.5739549839
GLOBAL	V	12120001	12130000	0.0012368656046424	9662	11.950595472055	92	9560.3183279743
GLOBAL	V	12130001	12140000	0.0017247299025206	9716	16.757475732891	129	9679.5466237942
GLOBAL	V	12140001	12150000	0.001912410964552	9374	17.926940381711	138	9323.8794212219
GLOBAL	V	12150001	12160000	0.0015790055843275	9303	14.689488950999	113	9196.1672025723
GLOBAL	V	12160001	12170000	0.0015219301350563	9145	13.91805108509	107	9017.4019292604
GLOBAL	V	12170001	12180000	0.0014425278186118	9548	13.773255612105	106	9500.6286173633
GLOBAL	V	12180001	12190000	0.0017772840128961	9429	16.758010957598	129	9373.3906752412
GLOBAL	V	12190001	12200000	0.001752215741767	9066	15.885587914859	122	8948.5884244373
GLOBAL	V	12200001	12210000	0.0016745535074919	7554	12.649577195594	97	6873.4019292604
GLOBAL	V	12210001	12220000	0.0040981851960666	8658	35.482087427544	271	8138.8311897106
GLOBAL	V	12220001	12230000	0.0031573487736509	8776	27.70889283756	213	7954.2866344605
GLOBAL	V	12230001	12240000	0.0062569688222324	8279	51.801444879262	397	7897.2652733119
GLOBAL	V	12240001	12250000	0.001736708300282	9018	15.661635451943	118	8471.6502636204
GLOBAL	V	12250001	12260000	0.004285692349486	8337	35.729817117665	271	7719.7658119658
GLOBAL	V	12260001	12270000	0.0087028205078666	8249	71.789566369391	547	7487.9130434783
GLOBAL	V	12270001	12280000	0.0035089633427046	8788	30.836769855688	235	8293.2612903226
GLOBAL	V	12280001	12290000	0.0023024998848217	8259	19.016346548742	146	7826.114331723
GLOBAL	V	12290001	12300000	NA	0	NA	0	NA
GLOBAL	V	12300001	12310000	0.0021546626970552	6693	14.42115743139	111	6543.8971061093
GLOBAL	V	12310001	12320000	0.0025546547004697	8105	20.705476347307	159	7990.3006430868
GLOBAL	V	12320001	12330000	0.0052524393077522	5694	29.907389418341	229	5132.6961414791
GLOBAL	V	12330001	12340000	0.0077276999730198	5798	44.805204443569	342	4851.8295819936
GLOBAL	V	12340001	12350000	0.012814379502003	7707	98.760422821934	755	7230.07568438
GLOBAL	V	12350001	12360000	0.010830911848417	7848	85.000996186375	640	6514.2951612903
GLOBAL	V	12360001	12370000	0.0069052688676972	8611	59.46127021974	448	8107.5082872928
GLOBAL	V	12370001	12380000	0.0026321811511589	8428	22.184022741968	164	6728.2038664323
GLOBAL	V	12380001	12390000	0.005201504144801	8211	42.709550532961	320	6783.7614213198
GLOBAL	V	12390001	12400000	0.0086018880318811	8160	70.19140634015	534	7765.4221854305
GLOBAL	V	12400001	12410000	0.0086981298047889	7611	66.201465944248	503	6947.8263665595
GLOBAL	V	12410001	12420000	0.017217512868075	6978	120.14380479342	908	6386.1672025723
GLOBAL	V	12420001	12430000	0.010972673109076	6638	72.836604098049	553	6044.0353697749
GLOBAL	V	12430001	12440000	0.015712087153458	7191	112.98561872052	860	6993.1692047377
GLOBAL	V	12440001	12450000	0.013508686348385	7849	106.02967914848	810	7344.692926045
GLOBAL	V	12450001	12460000	0.016055659882729	7494	120.32111516117	917	7083.7266881029
GLOBAL	V	12460001	12470000	0.016207183619089	7531	122.05629983536	931	7064.1736334405
GLOBAL	V	12470001	12480000	0.016453150028124	6125	100.77554392226	751	4807.7572347267
GLOBAL	V	12480001	12490000	0.016556357348993	6355	105.21565095285	783	5158.001607717
GLOBAL	V	12490001	12500000	0.014702493863553	7564	111.20966358392	827	5652.2218649518
GLOBAL	V	12500001	12510000	0.016770522706375	6701	112.37927265542	844	5701.1800643087
GLOBAL	V	12510001	12520000	0.011183692623195	8169	91.359585038879	680	5561.9276527331
GLOBAL	V	12520001	12530000	0.016374946696633	7673	125.64496600327	956	6878.808681672
GLOBAL	V	12530001	12540000	0.010193042763872	7504	76.488592900094	574	6326.0282392027
GLOBAL	V	12540001	12550000	0.01548011219929	6602	102.19970073971	774	5770.3151125402
GLOBAL	V	12550001	12560000	0.014861778931747	7307	108.59501865427	823	6379.9935691318
GLOBAL	V	12560001	12570000	0.014411080031237	6710	96.698347009598	728	5656.9516908213
GLOBAL	V	12570001	12580000	0.016598063737223	7758	128.76777847337	981	7294.8488745981
GLOBAL	V	12580001	12590000	0.0074805210610427	7668	57.360635496075	437	6977.3167202572
GLOBAL	V	12590001	12600000	0.011261042862934	7660	86.259588330077	649	6008.9967793881
GLOBAL	V	12600001	12610000	0.016175163618931	7704	124.61346052024	950	7285.5990338164
GLOBAL	V	12610001	12620000	0.012323798712261	7677	94.609802714031	722	7242.3022508039
GLOBAL	V	12620001	12630000	0.017502514491718	7484	130.98881845602	1003	7155.6848874598
GLOBAL	V	12630001	12640000	0.0093720531962777	7787	72.980178239415	553	6570.4051446945
GLOBAL	V	12640001	12650000	0.015569183381074	7208	112.22267381078	852	6494.4331723027
GLOBAL	V	12650001	12660000	0.0075168552523764	8344	62.720640225828	478	7767.0144694534
GLOBAL	V	12660001	12670000	0.0025129201850546	9052	22.746953515114	175	8977.8360128617
GLOBAL	V	12670001	12680000	0.0025689874806301	9161	23.534494310052	181	9075.422829582
GLOBAL	V	12680001	12690000	0.0022131366792003	8700	19.254289109042	148	8606.4356913183
GLOBAL	V	12690001	12700000	0.0032776376997305	8850	29.007093642615	223	8739.6607717042
GLOBAL	V	12700001	12710000	0.0069244844770927	8673	60.056053869825	462	8582.9935691318
GLOBAL	V	12710001	12720000	0.0050248693125421	8645	43.439995206926	334	8537.884244373
GLOBAL	V	12720001	12730000	0.0097742797863706	8037	78.555886643061	602	7779.0321543408
GLOBAL	V	12730001	12740000	0.01022240104295	7306	74.68486201979	571	6455.0305466238
GLOBAL	V	12740001	12750000	0.010702249728219	8004	85.660806824666	656	7646.5691318328
GLOBAL	V	12750001	12760000	0.0078222465523565	7352	57.509156652925	441	6990.3488745981
GLOBAL	V	12760001	12770000	0.0091289025869798	8113	74.062786688167	567	7630.9035369775
GLOBAL	V	12770001	12780000	0.014498419596906	7599	110.17349051689	835	6764.2765273312
GLOBAL	V	12780001	12790000	0.013075075999712	7178	93.852895525931	715	6430.1221864952
GLOBAL	V	12790001	12800000	0.015506244778702	8057	124.933814182	937	6859.0337620579
GLOBAL	V	12800001	12810000	0.01383415093495	7389	102.22054125835	762	5877.0225080386
GLOBAL	V	12810001	12820000	0.017210492300707	6748	116.13640204517	887	6472.3906752412
GLOBAL	V	12820001	12830000	0.0149852127998	7693	115.28124206886	883	7270.4541062802
GLOBAL	V	12830001	12840000	0.01521114219153	7652	116.39566004958	890	7352.9019292604
GLOBAL	V	12840001	12850000	0.0084768433382341	7561	64.093412480388	481	6338.5080645161
GLOBAL	V	12850001	12860000	0.016841243700346	6389	107.59870600151	820	5866.267310789
GLOBAL	V	12860001	12870000	0.013866378432788	7356	102.00107975159	776	6633.4276527331
GLOBAL	V	12870001	12880000	0.012843197378442	7642	98.14771436605	746	6862.0980707396
GLOBAL	V	12880001	12890000	0.017680349770103	7134	126.13161525992	962	6588.5562700965
GLOBAL	V	12890001	12900000	0.015360625576249	7225	110.9805197884	845	6698.0643086817
GLOBAL	V	12900001	12910000	0.015989874322623	7526	120.33979415206	917	7211.7572347267
GLOBAL	V	12910001	12920000	0.013581333132866	6685	90.791211993211	685	5683.4292604502
GLOBAL	V	12920001	12930000	0.01037338057004	6923	71.814913686389	537	5501.6978998384
GLOBAL	V	12930001	12940000	0.010603254383468	7463	79.132087463822	598	6401.6919354839
GLOBAL	V	12940001	12950000	0.016163553332333	6881	111.22141047978	842	5887.1655948553
GLOBAL	V	12950001	12960000	0.010776859146867	4924	53.065254439172	386	3349.435483871
GLOBAL	V	12960001	12970000	0.020826917904553	7369	153.47355803865	1171	6837.7186495177
GLOBAL	V	12970001	12980000	0.015374473493635	7079	108.83589786144	811	5173.2926045016
GLOBAL	V	12980001	12990000	0.022093737750708	6793	150.08276054056	1146	6375.7909967846
GLOBAL	V	12990001	13000000	0.019762300560347	7259	143.45453976756	1085	6278.6225806452
GLOBAL	V	13000001	13010000	0.018069620925776	7654	138.30487856589	1056	7155.2241935484
GLOBAL	V	13010001	13020000	0.018791010199422	6619	124.37769650997	948	6189.2193548387
GLOBAL	V	13020001	13030000	0.022483678018353	7078	159.1394730139	1209	6582.3874598071
GLOBAL	V	13030001	13040000	0.014271355333437	6076	86.712755005965	650	5002.914516129
GLOBAL	V	13040001	13050000	0.019303697600746	6974	134.62398706761	1020	6210.75
GLOBAL	V	13050001	13060000	0.010946827180229	7629	83.513344557967	625	5566.0241935484
GLOBAL	V	13060001	13070000	0.013005416756916	7327	95.290688577922	704	5229.1112903226
GLOBAL	V	13070001	13080000	0.017664443174152	5629	99.433150627304	745	4622.5532258065
GLOBAL	V	13080001	13090000	0.015683299480932	7072	110.91229392915	839	5945.0806451613
GLOBAL	V	13090001	13100000	0.01757669534932	6653	116.93775415902	889	6068.9855305466
GLOBAL	V	13100001	13110000	0.0137679379363	7502	103.28707039812	788	7022.7004830918
GLOBAL	V	13110001	13120000	0.011097080685831	6891	76.46998300606	582	6224.5410628019
GLOBAL	V	13120001	13130000	0.013971590997793	7112	99.365955176306	744	5044.0064516129
GLOBAL	V	13130001	13140000	0.018125519500795	5975	108.29997901725	817	5216.7887096774
GLOBAL	V	13140001	13150000	0.0069721222108576	7429	51.795895904461	388	5610.3098360656
GLOBAL	V	13150001	13160000	0.014282102535938	6939	99.103509496877	749	5985.4096774194
GLOBAL	V	13160001	13170000	0.014037716245476	7025	98.61495662447	750	6233.0434782609
GLOBAL	V	13170001	13180000	0.014201003065161	7830	111.19385400021	846	7198.8164251208
GLOBAL	V	13180001	13190000	0.018913531596379	6600	124.8293085361	943	5772.615755627
GLOBAL	V	13190001	13200000	0.014340900671599	6263	89.817060906224	670	4978.847266881
GLOBAL	V	13200001	13210000	0.014482118400949	7264	105.1981080645	802	6920.8906752412
GLOBAL	V	13210001	13220000	0.010350390422056	7871	81.467923012004	621	7375.5723472669
GLOBAL	V	13220001	13230000	0.011909580651886	7676	91.417941083875	693	7009.7652733119
GLOBAL	V	13230001	13240000	0.010807095245004	7538	81.46388395684	619	7043.4019292604
GLOBAL	V	13240001	13250000	0.0071466355257194	8241	58.895423367453	448	7412.8890675241
GLOBAL	V	13250001	13260000	0.011979615423901	7406	88.721031829408	674	6709.0241157556
GLOBAL	V	13260001	13270000	0.010027955228919	7522	75.43027923193	571	6476.8151125402
GLOBAL	V	13270001	13280000	0.014073512973347	7107	100.02045670158	762	6488.0932475884
GLOBAL	V	13280001	13290000	0.011479488720086	7515	86.268357731449	656	6762.4758842444
GLOBAL	V	13290001	13300000	0.0064365235190438	8400	54.066797559968	414	7998.0418006431
GLOBAL	V	13300001	13310000	0.0070113093029963	7854	55.066823265733	422	7678.038585209
GLOBAL	V	13310001	13320000	0.013907924322194	7422	103.22461431933	786	6940.4163987138
GLOBAL	V	13320001	13330000	0.0060925589868714	7992	48.691731423076	369	6986.0675241158
GLOBAL	V	13330001	13340000	0.0030572267759676	8021	24.522015970036	183	6608.4623115578
GLOBAL	V	13340001	13350000	0.0035736442595599	7644	27.316936720076	206	6758.6366559486
GLOBAL	V	13350001	13360000	0.0020661170583886	8892	18.371912883192	141	8754.3874598071
GLOBAL	V	13360001	13370000	0.0040748273796375	8588	34.994617536327	267	7894.2508038585
GLOBAL	V	13370001	13380000	0.0063147143597774	7924	50.037796586876	370	5400.2491961415
GLOBAL	V	13380001	13390000	0.01541783491182	6641	102.3898416494	764	5810.2636655949
GLOBAL	V	13390001	13400000	0.014471831403485	7204	104.25507343071	784	6305.2041800643
GLOBAL	V	13400001	13410000	0.017682172240405	7517	132.91688873113	1002	6900.7909967846
GLOBAL	V	13410001	13420000	0.017289410868418	7536	130.2930003044	973	6220.3311897106
GLOBAL	V	13420001	13430000	0.013885159983752	7399	102.73629871978	779	6738.7423510467
GLOBAL	V	13430001	13440000	0.00939714457254	7473	70.224861390591	535	7086.1591639871
GLOBAL	V	13440001	13450000	0.0088813578021685	7159	63.581640505724	483	6547.5996784566
GLOBAL	V	13450001	13460000	0.00809712025003	7871	63.732433487986	488	7493.6977491961
GLOBAL	V	13460001	13470000	0.0088474102990943	7992	70.708503110362	541	7635.4565916399
GLOBAL	V	13470001	13480000	0.0094559915738529	7902	74.721245416586	572	7505.5787781351
GLOBAL	V	13480001	13490000	0.0093001105571443	7923	73.684775944254	565	7655.5321543408
GLOBAL	V	13490001	13500000	0.0084930096604751	7720	65.566034578867	502	7353.922829582
GLOBAL	V	13500001	13510000	0.0095595596108446	7948	75.979379786993	581	7571.5337620579
GLOBAL	V	13510001	13520000	0.0088278629024378	7918	69.899018461503	536	7682.8327974277
GLOBAL	V	13520001	13530000	0.002889232344187	8864	25.610155498874	196	8415.0996784566
GLOBAL	V	13530001	13540000	0.0018147037537308	8699	15.786107953704	119	7219.4565916399
GLOBAL	V	13540001	13550000	0.0027258264689769	8683	23.668351230126	181	8257.3993558776
GLOBAL	V	13550001	13560000	0.0028047375225752	8404	23.571014139722	181	8206.6575562701
GLOBAL	V	13560001	13570000	0.0026490237856565	7984	21.149805904682	162	7587.9099678457
GLOBAL	V	13570001	13580000	0.0023982552204845	8709	20.886404715199	160	8426.8151125402
GLOBAL	V	13580001	13590000	0.0028741109588355	8590	24.688613136397	189	8189.4460547504
GLOBAL	V	13590001	13600000	0.0039948351340097	7277	29.070415270189	222	6770.114331723
GLOBAL	V	13600001	13610000	0.0042107855853559	8362	35.210589064746	269	7518.3171521036
GLOBAL	V	13610001	13620000	0.0026572497514579	8913	23.684067034744	182	8781.3172302738
GLOBAL	V	13620001	13630000	0.0037354252139495	9225	34.459297598684	265	9105.5739549839
GLOBAL	V	13630001	13640000	0.0023337224315069	8971	20.935823933048	161	8858.2620578778
GLOBAL	V	13640001	13650000	0.0080215696347273	8566	68.712765491074	525	8135.5289389068
GLOBAL	V	13650001	13660000	0.0087144204242469	7958	69.349357736157	533	7836.3745980707
GLOBAL	V	13660001	13670000	0.0071830470672913	8760	62.923492309472	484	8654.0225080386
GLOBAL	V	13670001	13680000	0.0085354885570515	7600	64.869713033591	492	6753.7813504823
GLOBAL	V	13680001	13690000	0.0073728602102528	8417	62.057364389698	471	7193.9871382637
GLOBAL	V	13690001	13700000	0.0066068461619791	7469	49.346533983822	369	5617.5048231511
GLOBAL	V	13700001	13710000	0.0076696321944428	8411	64.509276387459	493	7966.7331189711
GLOBAL	V	13710001	13720000	0.0070073267313161	8320	58.30095840455	448	8204.2877813505
GLOBAL	V	13720001	13730000	0.0035550784981013	8456	30.061743779944	231	8311.7893890675
GLOBAL	V	13730001	13740000	0.0042210461206682	8697	36.710438111451	282	8541.1205787781
GLOBAL	V	13740001	13750000	0.0028383739391604	8571	24.327703032544	187	8461.9694533762
GLOBAL	V	13750001	13760000	0.0021222369113477	8761	18.592917580317	143	8664.3954983923
GLOBAL	V	13760001	13770000	0.0024885449709215	8776	21.839470664807	168	8703.9147909968
GLOBAL	V	13770001	13780000	0.0058843544913598	8014	47.157216893758	350	7282.5
GLOBAL	V	13780001	13790000	0.010898595329254	7803	85.041739354171	613	5383.3311897106
GLOBAL	V	13790001	13800000	0.0084735326580661	7819	66.254551853419	490	5589.7069243156
GLOBAL	V	13800001	13810000	0.0086013398492268	7749	66.651782491659	490	6123.4
GLOBAL	V	13810001	13820000	0.010965650802181	6529	71.594734087439	524	5004.6205787781
GLOBAL	V	13820001	13830000	0.011908993937246	6176	73.549946556431	537	4362.8376205788
GLOBAL	V	13830001	13840000	0.0094927098630181	6758	64.151733254276	476	4987.886914378
GLOBAL	V	13840001	13850000	0.0098355126469075	7906	77.759562986451	567	4795.808681672
GLOBAL	V	13850001	13860000	0.014503621878976	7808	113.24427963105	851	6212.9646302251
GLOBAL	V	13860001	13870000	0.011615627229188	7055	81.948250101924	620	6629.6205787781
GLOBAL	V	13870001	13880000	0.0033022980825915	8203	27.088751171498	208	7914.7620578778
GLOBAL	V	13880001	13890000	0.0030267048800377	8543	25.857139790162	198	8227.2556270096
GLOBAL	V	13890001	13900000	0.0023311792394129	8610	20.071453251345	154	8198.3376205788
GLOBAL	V	13900001	13910000	0.0029599790224612	8791	26.021175586456	200	8668.921221865
GLOBAL	V	13910001	13920000	0.0037299980795553	8998	33.562522719839	258	8872.8151125402
GLOBAL	V	13920001	13930000	0.0045222964457493	8312	37.589328057068	288	7999.9339774557
GLOBAL	V	13930001	13940000	0.010847346471613	7594	82.374749105431	629	6731.8824476651
GLOBAL	V	13940001	13950000	0.013398853039276	7800	104.51105370635	796	7253.7813504823
GLOBAL	V	13950001	13960000	0.011796194071975	8308	98.00278034997	749	7694.3633440514
GLOBAL	V	13960001	13970000	0.013424170288129	8256	110.8299498988	847	7910.7797427653
GLOBAL	V	13970001	13980000	0.015126645158121	7682	116.20288810468	887	7335.9646302251
GLOBAL	V	13980001	13990000	0.013532582163351	7884	106.69087777586	814	7367.6270096463
GLOBAL	V	13990001	14000000	0.014694216362045	6938	101.94847311987	774	6308.9483870968
GLOBAL	V	14000001	14010000	0.014799777719006	8780	129.94204837287	995	8457.231884058
GLOBAL	V	14010001	14020000	0.012718734331967	8032	102.15687415436	783	7612.1334405145
GLOBAL	V	14020001	14030000	0.014140592185639	7968	112.67223853517	863	7627.3890675241
GLOBAL	V	14030001	14040000	0.013323453983564	7535	100.39222576615	766	7049.2250803859
GLOBAL	V	14040001	14050000	0.0091189523333298	8448	77.03690931197	592	8294.6864951768
GLOBAL	V	14050001	14060000	0.018337274909066	7839	143.74589801217	1102	7610.5707395498
GLOBAL	V	14060001	14070000	0.015932510110131	7054	112.38792631687	852	6330.2797427653
GLOBAL	V	14070001	14080000	0.014278118683339	7497	107.04305576899	819	7214.7122186495
GLOBAL	V	14080001	14090000	0.017135668943614	6438	110.31943665899	843	6156.4549839228
GLOBAL	V	14090001	14100000	0.013201987803202	6910	91.225735720127	690	6063.4774919614
GLOBAL	V	14100001	14110000	0.019728479246175	6958	137.27075859489	1038	6072.8295819936
GLOBAL	V	14110001	14120000	0.015296516313196	7056	107.93221910591	815	6098.1318327974
GLOBAL	V	14120001	14130000	0.0087681330794654	6183	54.213366830335	409	4406.8890675241
GLOBAL	V	14130001	14140000	0.012654376989222	7850	99.336859365394	761	7547.0916398714
GLOBAL	V	14140001	14150000	0.009371734851932	7708	72.237332238692	556	7660.4646302251
GLOBAL	V	14150001	14160000	0.0081087376683123	9011	73.067835129162	562	8902.4437299035
GLOBAL	V	14160001	14170000	0.0062952704359398	8054	50.702108091059	389	7816.8938906752
GLOBAL	V	14170001	14180000	0.014414813813628	7729	111.41209596553	853	7529.6398713826
GLOBAL	V	14180001	14190000	0.012087174426797	7981	96.467739100264	735	7589.3295819936
GLOBAL	V	14190001	14200000	0.0087087984847132	8554	74.495062238237	566	8246.38585209
GLOBAL	V	14200001	14210000	0.0023937856038418	9184	21.984526985683	169	9097.4887459807
GLOBAL	V	14210001	14220000	0.0025585694294781	9092	23.262513252815	179	9040.9292604502
GLOBAL	V	14220001	14230000	0.0021979466914592	9336	20.520030311463	158	9309.2041800643
GLOBAL	V	14230001	14240000	0.0029843824816177	9104	27.169818112648	209	9028.1961414791
GLOBAL	V	14240001	14250000	0.0036307247780381	8686	31.536475422039	242	8489.2524115756
GLOBAL	V	14250001	14260000	0.0033859254062562	9177	31.072637453214	239	9095.2266881029
GLOBAL	V	14260001	14270000	0.0025432237583683	8475	21.553821352172	165	7732.5610932476
GLOBAL	V	14270001	14280000	0.0037324819406785	8008	29.889715380953	228	7832.7845659164
GLOBAL	V	14280001	14290000	0.0030703068649421	9119	27.998128301407	215	9011.7154340836
GLOBAL	V	14290001	14300000	0.0029310170847218	8478	24.849162844272	191	8323.0964630225
GLOBAL	V	14300001	14310000	0.0064339463067734	8700	55.975332868929	422	8046.8215434084
GLOBAL	V	14310001	14320000	0.0065055756125594	8421	54.783452233363	414	7288.2909967846
GLOBAL	V	14320001	14330000	0.013202072595686	7930	104.69243568379	790	7260.3440514469
GLOBAL	V	14330001	14340000	0.012944924799715	7391	95.675939194691	726	6856.4405144695
GLOBAL	V	14340001	14350000	0.011884047429863	7949	94.466293019984	720	7315.0209003215
GLOBAL	V	14350001	14360000	0.0071962938741432	7501	53.979400349948	412	7008.7958199357
GLOBAL	V	14360001	14370000	0.0071515685355424	8426	60.259116480481	459	8029.1382636656
GLOBAL	V	14370001	14380000	0.0031442280152411	8530	26.820264970007	206	8361.3987138264
GLOBAL	V	14380001	14390000	0.0031400697643276	8480	26.627791601498	204	8182.3536977492
GLOBAL	V	14390001	14400000	0.0055706550135613	8449	47.06646420958	362	8346.9003215434
GLOBAL	V	14400001	14410000	0.011383909552378	7980	90.843598227977	698	7815.1784565916
GLOBAL	V	14410001	14420000	0.010964578903897	8426	92.38754184424	710	8270.7733118971
GLOBAL	V	14420001	14430000	0.015169308999453	7976	120.99040857964	931	7912.5144694534
GLOBAL	V	14430001	14440000	0.010739354446997	9082	97.534817087631	750	8930.8360128617
GLOBAL	V	14440001	14450000	0.012333839555125	8198	101.11281667291	777	8037.078778135
GLOBAL	V	14450001	14460000	0.011748802425683	7999	93.978670603037	721	7783.8938906752
GLOBAL	V	14460001	14470000	0.0086580249052501	8613	74.571568508919	573	8422.88585209
GLOBAL	V	14470001	14480000	0.012894918783463	9048	116.67322515277	898	8983.4887459807
GLOBAL	V	14480001	14490000	0.012298167166372	9105	111.97481204981	862	9050.5836012862
GLOBAL	V	14490001	14500000	0.010139310813803	8437	85.545365336058	656	8130.6752411576
GLOBAL	V	14500001	14510000	0.0074042608736966	8138	60.255874990143	462	7865.2491961415
GLOBAL	V	14510001	14520000	0.0083666934533896	8705	72.832066511756	559	8514.1286173633
GLOBAL	V	14520001	14530000	0.01024890014126	8173	83.764260854515	642	7887.1961414791
GLOBAL	V	14530001	14540000	0.01050841983019	8673	91.139525187239	699	8456.2186495177
GLOBAL	V	14540001	14550000	0.010477547239222	8436	88.388588510078	678	8217.8553054662
GLOBAL	V	14550001	14560000	0.0067449398028305	8653	58.363964113892	448	8368.6173633441
GLOBAL	V	14560001	14570000	0.006012449941398	8460	50.865326504227	390	8132.0048231511
GLOBAL	V	14570001	14580000	0.0067605619495906	8251	55.781396646072	428	7990.807073955
GLOBAL	V	14580001	14590000	0.010949245430794	7262	79.513420318427	608	6932.268488746
GLOBAL	V	14590001	14600000	0.0076443913795996	7576	57.913909091846	443	7267.4774919614
GLOBAL	V	14600001	14610000	0.0088088649630464	8309	73.192858977952	563	8184.8890675241
GLOBAL	V	14610001	14620000	0.0091623800909475	7695	70.504514799841	540	7496.3890675241
GLOBAL	V	14620001	14630000	0.0067841280333696	7653	51.918931839378	398	7414.345659164
GLOBAL	V	14630001	14640000	0.0034428327309629	8604	29.622132817205	227	8250.6221864952
GLOBAL	V	14640001	14650000	0.0022235812410163	8568	19.051644073027	146	8326.8376205788
GLOBAL	V	14650001	14660000	0.0029085213150276	8910	25.914924916896	199	8806.9839228296
GLOBAL	V	14660001	14670000	0.0019307172232809	8556	16.519216562391	127	8463.6045016077
GLOBAL	V	14670001	14680000	0.0022200610459064	8905	19.769643613796	152	8816.3987138264
GLOBAL	V	14680001	14690000	0.0044774843184146	8196	36.697461473726	282	8075.5128617363
GLOBAL	V	14690001	14700000	0.0069809435135896	7718	53.878922037884	414	7546.4099678457
GLOBAL	V	14700001	14710000	0.0050973426302426	8610	43.888120046389	337	8490.5032154341
GLOBAL	V	14710001	14720000	0.0022362791604405	8455	18.907740301525	145	8349.9807073955
GLOBAL	V	14720001	14730000	0.0027322626599257	8111	22.161382434657	170	7970.5466237942
GLOBAL	V	14730001	14740000	0.001529611795234	6386	9.7681009243645	74	5172.1864951768
GLOBAL	V	14740001	14750000	0.0021560821244157	6386	13.768740446519	98	5163.2652733119
GLOBAL	V	14750001	14760000	0.0023761032321872	9102	21.627291619368	165	8727.770096463
GLOBAL	V	14760001	14770000	0.0020425389025454	9099	18.585061474261	143	9038.2250803859
GLOBAL	V	14770001	14780000	0.0018894459535517	8733	16.500531512367	127	8666.9115755627
GLOBAL	V	14780001	14790000	0.0020975980932974	9230	19.360830401135	149	9163.8681672026
GLOBAL	V	14790001	14800000	0.0019539874321377	8864	17.320144598468	133	8769.6848874598
GLOBAL	V	14800001	14810000	0.0017060818044313	9142	15.596999856111	120	9097.5707395498
GLOBAL	V	14810001	14820000	0.0018182605540631	9151	16.638902330232	128	9056.9180064309
GLOBAL	V	14820001	14830000	0.0026827672363581	8399	22.532562018171	172	7938.8135048232
GLOBAL	V	14830001	14840000	0.0019124462147915	9417	18.009506004691	138	9307.8199356913
GLOBAL	V	14840001	14850000	0.0021123360091636	9164	19.357447187975	149	9090.0305466238
GLOBAL	V	14850001	14860000	0.0017223944853567	9577	16.495371986262	127	9546.1511254019
GLOBAL	V	14860001	14870000	0.0021770683901741	9382	20.425255636613	157	9261.7636655949
GLOBAL	V	14870001	14880000	0.0037774379983177	7622	28.791632423177	215	5991.1061093248
GLOBAL	V	14880001	14890000	0.0048913984661095	8087	39.556739395428	293	6753.9019607843
GLOBAL	V	14890001	14900000	0.0013150137964995	9408	12.371649797467	95	9216.5434083601
GLOBAL	V	14900001	14910000	0.001573778780648	9575	15.068931824704	116	9538.9517684887
GLOBAL	V	14910001	14920000	0.0012240481120726	9760	11.946709573829	92	9739.307073955
GLOBAL	V	14920001	14930000	0.0015906715182135	8988	14.296955605703	110	8754.7427652733
GLOBAL	V	14930001	14940000	0.0015318837476221	9582	14.678510069715	113	9538.9051446945
GLOBAL	V	14940001	14950000	0.0011968308277496	9671	11.574550935166	89	9601.1736334405
GLOBAL	V	14950001	14960000	0.0014135482888253	9747	13.77785517118	106	9691.4646302251
GLOBAL	V	14960001	14970000	0.0020352165797139	7995	16.271556554813	125	7435.4372990354
GLOBAL	V	14970001	14980000	0.0014992042488907	8842	13.255963968692	102	8779.6350482315
GLOBAL	V	14980001	14990000	0.0016596983997296	9858	16.361306824534	126	9840.1334405145
GLOBAL	V	14990001	15000000	0.0010580333850674	9579	10.13490179556	78	9542.9485530547
GLOBAL	V	15000001	15010000	0.0014027006789275	9629	13.506604837392	104	9600.2733118971
GLOBAL	V	15010001	15020000	0.0015244380031584	9290	14.162029049341	109	9262.5128617363
GLOBAL	V	15020001	15030000	0.0015501112166072	9639	14.941522016877	115	9579.0852090032
GLOBAL	V	15030001	15040000	0.0013557339257445	9388	12.727630094889	98	9360.1446945338
GLOBAL	V	15040001	15050000	0.0013427037565311	8516	11.434465190619	88	8244.1382636656
GLOBAL	V	15050001	15060000	0.0010713248713767	9455	10.129376658866	78	9435.9823151125
GLOBAL	V	15060001	15070000	0.0011651911139279	9585	11.168356826999	86	9554.0048231511
GLOBAL	V	15070001	15080000	0.0013585278904769	9655	13.116586782555	101	9633.1511254019
GLOBAL	V	15080001	15090000	0.0013767563217044	9621	13.245772571118	102	9599.0932475884
GLOBAL	V	15090001	15100000	0.0013185711575816	9356	12.336551750334	95	9329.001607717
GLOBAL	V	15100001	15110000	0.0014306504184221	8646	12.369403517677	95	7750.3954983923
GLOBAL	V	15110001	15120000	0.0011682055650182	8572	10.013858103336	77	8081.9389067524
GLOBAL	V	15120001	15130000	0.001549496640793	9807	15.195913556256	117	9783.1286173633
GLOBAL	V	15130001	15140000	0.0013566010872426	9797	13.290620851716	102	9502.4308681672
GLOBAL	V	15140001	15150000	0.0011611011236084	9617	11.166309505742	86	9604.9887459807
GLOBAL	V	15150001	15160000	0.0014791020170693	9746	14.415328258358	111	9725.8199356913
GLOBAL	V	15160001	15170000	0.0012658490177421	9849	12.467346975742	96	9789.2443729904
GLOBAL	V	15170001	15180000	0.001193282224989	9796	11.689392675992	90	9772.6704180064
GLOBAL	V	15180001	15190000	0.0013469224965826	9834	13.245635831394	102	9813.2556270096
GLOBAL	V	15190001	15200000	0.0011157657050279	9892	11.037154354136	85	9878.7652733119
GLOBAL	V	15200001	15210000	0.00095279819933688	9815	9.3517143264914	72	9789.8504823151
GLOBAL	V	15210001	15220000	0.0010477495412401	9791	10.258515758282	79	9774.3713826367
GLOBAL	V	15220001	15230000	0.0012154912712083	9723	11.818221629958	91	9702.2331189711
GLOBAL	V	15230001	15240000	0.0012729964860311	9793	12.466454587703	96	9775.2073954984
GLOBAL	V	15240001	15250000	0.0011280546468981	9785	11.038014719898	85	9763.4356913183
GLOBAL	V	15250001	15260000	0.0013657486188792	9614	13.130307221905	101	9580.3102893891
GLOBAL	V	15260001	15270000	0.00097045064766321	9641	9.356114694121	72	9612.2266881029
GLOBAL	V	15270001	15280000	0.0015227217308626	9807	14.93333201457	115	9780.8569131833
GLOBAL	V	15280001	15290000	0.001311895710481	9700	12.725388391666	98	9686.5032154341
GLOBAL	V	15290001	15300000	0.0011211054039937	9730	10.908355580859	84	9703.5225080386
GLOBAL	V	15300001	15310000	0.0015215893226204	9731	14.806585698419	114	9705.6591639871
GLOBAL	V	15310001	15320000	0.0012130009174806	9745	11.820693940849	91	9708.9260450161
GLOBAL	V	15320001	15330000	0.0016325750559013	9796	15.992705247609	123	9706.0932475884
GLOBAL	V	15330001	15340000	0.0046240279200431	346	1.5999136603349	12	304.87661141805
GLOBAL	X	1	10000	0	95	0	0	84.845744680851
GLOBAL	X	10001	20000	0.0027975031697921	8741	24.452975207153	160	5318.4801136364
GLOBAL	X	20001	30000	0.0043992620046715	5915	26.021634757632	171	2108.8665480427
GLOBAL	X	30001	40000	0.0014302707909446	6960	9.9546847049747	71	3812.6174957118
GLOBAL	X	40001	50000	0.0021531600812389	6477	13.946017846184	94	4659.2956989247
GLOBAL	X	50001	60000	0.00091865504942437	3835	3.5230421145425	19	1840.7314285714
GLOBAL	X	60001	70000	0.0014231671301509	1813	2.5802020069636	14	743.88555858311
GLOBAL	X	70001	80000	0.0024460242959071	6123	14.977006763839	106	5464.2673796791
GLOBAL	X	80001	90000	0.0020929210688337	8615	18.030515008002	129	7586.4386792453
GLOBAL	X	90001	100000	0.0018776954768498	8676	16.290885957149	116	6416.2830578512
GLOBAL	X	100001	110000	0.0039871880620319	8491	33.855213834712	242	7470.0144578313
GLOBAL	X	110001	120000	0.0020336799341123	7881	16.027431560739	108	4490.140625
GLOBAL	X	120001	130000	0.0018318852429646	7851	14.382131042515	93	3823.5356200528
GLOBAL	X	130001	140000	0.0018686990909955	8665	16.192277623476	116	6183.1569416499
GLOBAL	X	140001	150000	0.0014323159484492	8475	12.138877663107	87	7946.2421052632
GLOBAL	X	150001	160000	0.0021972011341783	8438	18.539983170197	133	7277.4686774942
GLOBAL	X	160001	170000	0.0018575847693258	8419	15.639006172954	112	7417.4196642686
GLOBAL	X	170001	180000	0.0020333125715268	8474	17.230290731118	121	7530.6666666667
GLOBAL	X	180001	190000	0.001431472011942	9054	12.960547596123	92	6428.9618473896
GLOBAL	X	190001	200000	0.0015534240951871	8949	13.901592227829	99	8220.750656168
GLOBAL	X	200001	210000	0.0014905464685698	8081	12.045106012512	86	7043.1610576923
GLOBAL	X	210001	220000	0.0020614866191864	8572	17.671063299665	127	7132.4138702461
GLOBAL	X	220001	230000	0.001606796094437	8664	13.921281362202	100	7737.3966346154
GLOBAL	X	230001	240000	0.0032209222997254	7437	23.953999143058	169	4420.1928104575
GLOBAL	X	240001	250000	0.0027035305506543	8276	22.374418837215	160	7777.952020202
GLOBAL	X	250001	260000	0.0027357640790454	7983	21.839604643019	157	5623.3598484848
GLOBAL	X	260001	270000	0.001638358481744	6748	11.055643034808	78	4953.2817551963
GLOBAL	X	270001	280000	0.0012489314337442	1914	2.3904547641865	12	751.10655737705
GLOBAL	X	280001	290000	0.0022958303804392	4465	10.250882648661	49	1146.5965909091
GLOBAL	X	290001	300000	0.0022995529698354	3021	6.9469495218728	34	673.92413793103
GLOBAL	X	300001	310000	0.0038210594379903	3393	12.964854673101	60	480.8152173913
GLOBAL	X	310001	320000	0.0033639097533234	474	1.5944932230753	8	236.64788732394
GLOBAL	X	320001	330000	0.0035811757738965	4535	16.240632134621	118	3162.85
GLOBAL	X	330001	340000	0.0022917736833284	8292	19.003387382159	143	6932.593495935
GLOBAL	X	340001	350000	0.0013714235278079	4871	6.6802040039523	50	3359.8928571429
GLOBAL	X	350001	360000	0.0022703365370897	8749	19.863174362997	152	8311.845659164
GLOBAL	X	360001	370000	0.00192966782825	8664	16.718642063958	128	8573.5215946844
GLOBAL	X	370001	380000	0.0024607784768017	8978	22.092869164726	168	8566.3207855974
GLOBAL	X	380001	390000	0.001614361844264	9217	14.879573118581	114	9051.9081967213
GLOBAL	X	390001	400000	0.0019990264820125	9236	18.463008587867	141	8709.8111658456
GLOBAL	X	400001	410000	0.001533731198956	8776	13.460025002037	95	7278.6955380577
GLOBAL	X	410001	420000	0.0020538886864571	8337	17.123269978993	130	7330.3436988543
GLOBAL	X	420001	430000	0.0019862244389135	5648	11.218195630983	86	5382.5024311183
GLOBAL	X	430001	440000	NA	0	NA	0	NA
GLOBAL	X	440001	450000	0.0015735561041973	5810	9.1423609653861	70	5205.3197389886
GLOBAL	X	450001	460000	0.0018450665994025	9321	17.197865773031	132	9093.0578778135
GLOBAL	X	460001	470000	0.0020314062201322	8980	18.242027856787	140	8889.0975609756
GLOBAL	X	470001	480000	0.0018946955899165	8015	15.185985153181	116	7548.2357723577
GLOBAL	X	480001	490000	0.0023956829801227	7755	18.578521510852	141	5741.2129032258
GLOBAL	X	490001	500000	0.002013795127931	8958	18.039576756006	137	8301.3220611916
GLOBAL	X	500001	510000	0.00099417573798749	5570	5.5375588605903	41	4327.3784219002
GLOBAL	X	510001	520000	0.002110341904064	8113	17.121203867671	131	7503.5594855305
GLOBAL	X	520001	530000	0.0020224239168984	9199	18.604277611548	143	9088.7165861514
GLOBAL	X	530001	540000	0.0009785331217106	9037	8.8430038208987	68	8933.3553054662
GLOBAL	X	540001	550000	0.0017633952298395	9149	16.133302957801	124	8745.3504823151
GLOBAL	X	550001	560000	0.0019275343276563	9509	18.328923921684	141	9446.038647343
GLOBAL	X	560001	570000	0.0020587691536283	8850	18.220107009611	140	8745.2399355878
GLOBAL	X	570001	580000	0.0021419118664441	9355	20.037585510584	154	9244.5555555556
GLOBAL	X	580001	590000	0.0019942734948774	8521	16.993204449851	129	7851.0080515298
GLOBAL	X	590001	600000	0.0012053606723618	6567	7.9156035354002	57	3029.5980707395
GLOBAL	X	600001	610000	0.00084238238374956	6813	5.7391511804858	34	1934.4861660079
GLOBAL	X	610001	620000	0.00045566212292261	3468	1.5802362422956	9	638.7995951417
GLOBAL	X	620001	630000	0.00044320283364643	3015	1.336256543444	8	609.30787589499
GLOBAL	X	630001	640000	0.0011820858921815	3928	4.643233384489	28	1013.0293103448
GLOBAL	X	640001	650000	0.0022668003057704	8189	18.562827703954	141	7276.0341463415
GLOBAL	X	650001	660000	0.0020319887849114	9048	18.385434525879	141	8884.3181818182
GLOBAL	X	660001	670000	0.0020337364549473	8571	17.431155155353	133	7673.6080645161
GLOBAL	X	670001	680000	0.0021323522500646	8069	17.205950305771	129	7113.0762987013
GLOBAL	X	680001	690000	0.0017975725447883	8982	16.145796597288	124	8891.3538961039
GLOBAL	X	690001	700000	0.0020501248382957	8409	17.239499765228	132	8137.7694805195
GLOBAL	X	700001	710000	0.0014288166125573	9036	12.910786911068	99	8831.2142857143
GLOBAL	X	710001	720000	0.0022332975585176	9549	21.325758386285	164	9437.6457326892
GLOBAL	X	720001	730000	0.0018610301794822	9648	17.955219171645	138	9507.1078904992
GLOBAL	X	730001	740000	0.0021243609552623	8877	18.857952199863	145	8541.690821256
GLOBAL	X	740001	750000	0.0021143941523146	9533	20.156519454015	155	9424.4508856683
GLOBAL	X	750001	760000	0.0017865946906021	9405	16.802923065112	129	9246.6463022508
GLOBAL	X	760001	770000	0.0023697462263144	8514	20.176019370841	155	8363.1642512077
GLOBAL	X	770001	780000	0.0027002995812735	7815	21.102841227653	160	7176.7181964573
GLOBAL	X	780001	790000	0.0034359965849969	8013	27.532640635581	210	7707.885668277
GLOBAL	X	790001	800000	0.0020752113173133	7880	16.352665180429	125	7480.8776167472
GLOBAL	X	800001	810000	0.0025028610814386	5164	12.924774624549	94	3719.806763285
GLOBAL	X	810001	820000	0.002092035548917	8890	18.598196029872	142	8363.4847020934
GLOBAL	X	820001	830000	0.0016372837099053	8997	14.730641538018	113	8726.1951612903
GLOBAL	X	830001	840000	0.0027335821913417	8404	22.973024736036	176	8082.5868167203
GLOBAL	X	840001	850000	0.0019558636450147	8589	16.798912847031	129	8450.4074074074
GLOBAL	X	850001	860000	0.0026234139242263	8361	21.934363820456	168	7968.0884244373
GLOBAL	X	860001	870000	0.0021291233855376	9016	19.196176444007	146	8799.4329896907
GLOBAL	X	870001	880000	0.0021409449200115	8290	17.748433386896	135	7464.115942029
GLOBAL	X	880001	890000	0.0023355124493138	8569	20.01300617817	153	8141.6392914654
GLOBAL	X	890001	900000	0.0018220545659784	7007	12.767136343811	97	6312.5909822866
GLOBAL	X	900001	910000	0.0029192132074786	3226	9.4173818073261	66	2314.7023026316
GLOBAL	X	910001	920000	0.0015208783476065	7990	12.151817997376	89	6470.6904376013
GLOBAL	X	920001	930000	0.0021882758637933	9008	19.71198898105	151	8688.5571658615
GLOBAL	X	930001	940000	0.0019109332269895	4835	9.2393621524944	67	3646.6048387097
GLOBAL	X	940001	950000	0.0028333403163585	6465	18.317545145258	139	5342.6811594203
GLOBAL	X	950001	960000	0.0024398774024541	7408	18.07461179738	131	4490.692431562
GLOBAL	X	960001	970000	0.0017987310656023	8632	15.526646558279	116	6805.3126022913
GLOBAL	X	970001	980000	0.0022805906383741	9042	20.621100552179	158	8919.2405271829
GLOBAL	X	980001	990000	0.0022885921888245	8266	18.917503032824	145	8040.8427876823
GLOBAL	X	990001	1000000	0.0020639751086466	8811	18.185684682285	139	8507.3608414239
GLOBAL	X	1000001	1010000	0.0022661653530685	8605	19.500352863155	149	7911.8652597403
GLOBAL	X	1010001	1020000	0.0024220067335297	8262	20.010619632422	152	7776.8230519481
GLOBAL	X	1020001	1030000	0.0026950885053856	9213	24.829850400118	190	9035.7224958949
GLOBAL	X	1030001	1040000	0.0023151755555643	9125	21.125976944525	162	8955.4395424837
GLOBAL	X	1040001	1050000	0.0022504531468195	9079	20.431864119974	156	8666.2093397746
GLOBAL	X	1050001	1060000	0.0020018205265911	8905	17.826211789294	136	8242.3220064725
GLOBAL	X	1060001	1070000	0.0027124322828316	9322	25.285293740556	193	8919.5897009967
GLOBAL	X	1070001	1080000	0.0022252407203126	8573	19.07698869524	142	6973.7345276873
GLOBAL	X	1080001	1090000	0.0023093214498202	9194	21.231901409647	162	9003.268852459
GLOBAL	X	1090001	1100000	0.0028561747541725	9155	26.148279874449	200	8914.9901153213
GLOBAL	X	1100001	1110000	0.0020867181426541	9300	19.406478726684	148	8730.3814935065
GLOBAL	X	1110001	1120000	0.0023922545766104	9066	21.68817999155	165	8261.9677419355
GLOBAL	X	1120001	1130000	0.0020503391157578	9261	18.988190551033	145	8705.001618123
GLOBAL	X	1130001	1140000	0.0025235603248303	9486	23.93849324134	183	9361.837520938
GLOBAL	X	1140001	1150000	0.0024488611302437	8704	21.314887277642	161	8207.9300813008
GLOBAL	X	1150001	1160000	0.0020800824145462	8992	18.7041010716	143	8765.9304635762
GLOBAL	X	1160001	1170000	0.0023069067312652	8798	20.296165421671	154	8093.3295638126
GLOBAL	X	1170001	1180000	0.0050283130450344	7424	37.330196046336	282	6728.0129240711
GLOBAL	X	1180001	1190000	0.0047174022725791	8208	38.720437853329	295	7803.9901315789
GLOBAL	X	1190001	1200000	0.0021020595835641	8488	17.842281745292	135	7650.2665562914
GLOBAL	X	1200001	1210000	0.0031953052076682	7900	25.242911140579	191	7059.2574257426
GLOBAL	X	1210001	1220000	0.0026745099573426	8073	21.591318885627	162	7202.0051457976
GLOBAL	X	1220001	1230000	0.0029617762725883	8305	24.597551943846	186	7368.868852459
GLOBAL	X	1230001	1240000	0.0010242947541239	5721	5.8599902883427	41	2625.2820512821
GLOBAL	X	1240001	1250000	0.0022575526241993	7087	15.999275447701	120	6563.2333333333
GLOBAL	X	1250001	1260000	0.002280429965103	7370	16.806768842809	128	6704.5652173913
GLOBAL	X	1260001	1270000	0.0019246652734688	7934	15.270294279702	117	7428.5593495935
GLOBAL	X	1270001	1280000	0.0028615462249004	9417	26.947180799887	207	9254.1274193548
GLOBAL	X	1280001	1290000	0.0026168214969992	6972	18.244479477078	139	6579.1900161031
GLOBAL	X	1290001	1300000	0.0016438031724397	7494	12.318660974263	94	6166.0838709677
GLOBAL	X	1300001	1310000	0.0024896443339003	7596	18.911338360307	140	6920.4154589372
GLOBAL	X	1310001	1320000	0.0022537693071482	9439	21.273328490172	163	8890.1860841424
GLOBAL	X	1320001	1330000	0.0028489986538854	9270	26.410217521518	203	8877.2028985507
GLOBAL	X	1330001	1340000	0.0012998880770196	6350	8.2542892890744	63	6084.6532258065
GLOBAL	X	1340001	1350000	0.0027405330569964	9172	25.136169198771	193	9008.5451612903
GLOBAL	X	1350001	1360000	0.0029132987643032	7968	23.213164553968	178	7742.6634304207
GLOBAL	X	1360001	1370000	0.0035970050302155	8340	29.999021951997	225	6989.8349514563
GLOBAL	X	1370001	1380000	0.0018811209198778	9642	18.137767909462	139	9298.8249594814
GLOBAL	X	1380001	1390000	0.0021413656839305	9378	20.0817273839	154	9186.6790923825
GLOBAL	X	1390001	1400000	0.0024441236685609	6502	15.891692092983	122	6319.5194174757
GLOBAL	X	1400001	1410000	0.0014341852022573	3792	5.4384302869597	32	1736.2524429967
GLOBAL	X	1410001	1420000	0.00078412702323682	3156	2.4747048853354	16	881.04248366013
GLOBAL	X	1420001	1430000	0.0022575650236014	6679	15.078276792634	114	5581.7544426494
GLOBAL	X	1430001	1440000	0.0017585646579321	8951	15.74091225315	121	8842.7403225806
GLOBAL	X	1440001	1450000	0.0023956821010547	7172	17.181832028764	130	6701.7451612903
GLOBAL	X	1450001	1460000	0.0018024996924802	6973	12.568830355664	95	6159.4241935484
GLOBAL	X	1460001	1470000	0.0020343459229154	8413	17.114952249487	131	8050.0807754443
GLOBAL	X	1470001	1480000	0.001887624848642	2725	5.1437777125495	39	2509.0725806452
GLOBAL	X	1480001	1490000	0.00064890688525771	1442	0.93572372854162	6	774.03174603175
GLOBAL	X	1490001	1500000	0.0012840275707055	1639	2.1045211883864	15	684.90359477124
GLOBAL	X	1500001	1510000	0.0026166516085593	7178	18.782325246239	144	6734.0629032258
GLOBAL	X	1510001	1520000	0.0024006691093015	7548	18.120250437008	138	6424.6655844156
GLOBAL	X	1520001	1530000	0.0016452015983584	6447	10.606614704617	77	4154.9022801303
GLOBAL	X	1530001	1540000	0.00022201637173686	2254	0.50042490189488	2	309.8275862069
GLOBAL	X	1540001	1550000	0.00078475512859815	3286	2.5787053525735	13	548.20165745856
GLOBAL	X	1550001	1560000	0.0002550697839254	6090	1.5533749841057	7	864.51050080775
GLOBAL	X	1560001	1570000	0.0010521870951887	6039	6.3541578678448	27	1347.7918699187
GLOBAL	X	1570001	1580000	0.0029600207400972	7480	22.140955135927	169	6329.8721682848
GLOBAL	X	1580001	1590000	0.0041137929021019	7849	32.289160488598	245	7385.8870967742
GLOBAL	X	1590001	1600000	0.0034629562687517	8206	28.417019141376	217	7842.5209677419
GLOBAL	X	1600001	1610000	0.0026865881077356	8934	24.00197815451	184	8621.2909967846
GLOBAL	X	1610001	1620000	0.003187094014349	8914	28.409756043907	215	8351.8921095008
GLOBAL	X	1620001	1630000	0.0024211467876878	8672	20.996184942829	161	8395.3220611916
GLOBAL	X	1630001	1640000	0.00080465922977727	4694	3.7770704245745	20	1199.6224489796
GLOBAL	X	1640001	1650000	0.0022632270357272	8465	19.158216857431	146	7888.6302250804
GLOBAL	X	1650001	1660000	0.002742170404387	8876	24.339504509339	187	8697.1559485531
GLOBAL	X	1660001	1670000	0.0021267156365554	8424	17.915452522343	136	7326.001610306
GLOBAL	X	1670001	1680000	0.0026733112232653	5022	13.425368963238	78	1546.2423208191
GLOBAL	X	1680001	1690000	0.0025780516284149	4617	11.902864368392	59	1108.6194539249
GLOBAL	X	1690001	1700000	0.0018007093664312	3707	6.6752296213603	37	1263.9948542024
GLOBAL	X	1700001	1710000	0.0022777297082078	2136	4.8652306567319	29	1145.1256198347
GLOBAL	X	1710001	1720000	0.0026226879762795	6358	16.675050153185	125	5651.677471637
GLOBAL	X	1720001	1730000	0.0025892853551364	8598	22.262675483463	171	8427.7861736334
GLOBAL	X	1730001	1740000	0.0020799370518632	9325	19.395413008624	149	9223.1258064516
GLOBAL	X	1740001	1750000	0.0023382666357105	8865	20.728733725574	159	8659.5434083601
GLOBAL	X	1750001	1760000	0.0024960001206803	8867	22.132033070072	169	7784.2909967846
GLOBAL	X	1760001	1770000	0.0020911905059052	8398	17.561817868592	134	7662.0739549839
GLOBAL	X	1770001	1780000	0.0021657634931365	8135	17.618486016665	128	6272.1183144246
GLOBAL	X	1780001	1790000	0.0022654885102928	8947	20.269325701589	155	8541.2041800643
GLOBAL	X	1790001	1800000	0.002279729742721	8760	19.970432546236	152	8410.2379421222
GLOBAL	X	1800001	1810000	0.0017434250328451	6863	11.965126000416	91	6363.2765273312
GLOBAL	X	1810001	1820000	0.0021914326593486	8919	19.54538788873	149	7883.7037037037
GLOBAL	X	1820001	1830000	0.0023191595022138	9244	21.438310438464	165	9191.8776167472
GLOBAL	X	1830001	1840000	0.0019424896941769	9101	17.678598706704	136	9041.7342995169
GLOBAL	X	1840001	1850000	0.0021536054877683	9774	21.049340037447	162	9713.384244373
GLOBAL	X	1850001	1860000	0.0021850493652671	9573	20.917477573702	161	9527.8376205788
GLOBAL	X	1860001	1870000	0.0031541283000614	8046	25.378116302294	189	5804.3349436393
GLOBAL	X	1870001	1880000	0.0028232537627749	9225	26.044515961599	195	7535.6864951768
GLOBAL	X	1880001	1890000	0.0022780401782946	9026	20.561590649287	157	8488.4389067524
GLOBAL	X	1890001	1900000	0.0019496783298778	9469	18.461504105613	142	9377.4186795491
GLOBAL	X	1900001	1910000	0.0021633152926414	9382	20.296224075562	156	9258.5080385852
GLOBAL	X	1910001	1920000	0.0020576662753832	9731	20.023150525754	154	9680.1511254019
GLOBAL	X	1920001	1930000	0.0020665347011236	9200	19.012119250337	146	9095.7347266881
GLOBAL	X	1930001	1940000	0.0020458765625123	9524	19.484928381367	150	9471.2620578778
GLOBAL	X	1940001	1950000	0.002858555611276	9122	26.07574428606	199	8685.1623794212
GLOBAL	X	1950001	1960000	0.0018430069179185	9659	17.801603820175	137	9619.4823151125
GLOBAL	X	1960001	1970000	0.0020479647836424	9263	18.97029779088	146	9201.4646302251
GLOBAL	X	1970001	1980000	0.0031559718181623	8962	28.28381943437	217	8867.9903536978
GLOBAL	X	1980001	1990000	0.0020386703603903	9620	19.612008866955	151	9589.6897106109
GLOBAL	X	1990001	2000000	0.0021161733896854	9248	19.57037150781	150	8894.1945337621
GLOBAL	X	2000001	2010000	0.0017074532237024	9009	15.382446092335	112	5762.9887096774
GLOBAL	X	2010001	2020000	0.0021195348489712	9033	19.145758290757	147	8679.4460547504
GLOBAL	X	2020001	2030000	0.0023062045033257	8544	19.704211276415	150	8053.6811594203
GLOBAL	X	2030001	2040000	0.0019666334245149	8264	16.252258620191	125	8170.7090032154
GLOBAL	X	2040001	2050000	0.0032654048014961	9233	30.149482532213	232	8903.191318328
GLOBAL	X	2050001	2060000	0.0081005743380529	9137	74.01494772679	558	8837.847266881
GLOBAL	X	2060001	2070000	0.0076614099607486	8113	62.157019011553	474	7058.3344051447
GLOBAL	X	2070001	2080000	0.0069077552969595	8800	60.788246613244	454	7650.4083601286
GLOBAL	X	2080001	2090000	0.0099235306662283	7785	77.254686236587	583	6749.8987138264
GLOBAL	X	2090001	2100000	0.0074856274565895	9135	68.381206815945	521	8200.8183279743
GLOBAL	X	2100001	2110000	0.0082953468723705	3601	29.871544087406	226	3161.3649517685
GLOBAL	X	2110001	2120000	0	593	0	0	343.78232405892
GLOBAL	X	2120001	2130000	0.001383006033009	1073	1.4839654734187	8	476.30508474576
GLOBAL	X	2130001	2140000	0.00081651193917928	496	0.40498992183292	3	298.23404255319
GLOBAL	X	2140001	2150000	0.001651739838347	7851	12.967809470862	99	6685.9324758842
GLOBAL	X	2150001	2160000	0.0051770181890734	9088	47.048741302299	361	8916.8536977492
GLOBAL	X	2160001	2170000	0.00625614043163	9287	58.100776188548	447	9140.1350482315
GLOBAL	X	2170001	2180000	0.0068725660700635	9189	63.152009617813	486	9144.8969404187
GLOBAL	X	2180001	2190000	0.0078605205189468	9160	72.002367953552	553	8966.4299516908
GLOBAL	X	2190001	2200000	0.0079309241748768	9180	72.805883925369	558	8852.2544283414
GLOBAL	X	2200001	2210000	0.0073320934570838	9427	69.119645019929	532	9385.3993558776
GLOBAL	X	2210001	2220000	0.0051744639904186	9491	49.110837733063	378	9450.5120772947
GLOBAL	X	2220001	2230000	0.0017426730008224	9585	16.703520712883	128	9231.9339774557
GLOBAL	X	2230001	2240000	0.0014164150519935	9751	13.811463171988	106	9327.5491143317
GLOBAL	X	2240001	2250000	0.0014801720424795	8877	13.13948722109	101	8684.2544283414
GLOBAL	X	2250001	2260000	0.001754391473193	9046	15.870225266504	122	8915.9003215434
GLOBAL	X	2260001	2270000	0.0017361585286929	9653	16.759138277472	129	9614.5948553055
GLOBAL	X	2270001	2280000	0.0048374186397644	9451	45.718443564413	352	9423.7845659164
GLOBAL	X	2280001	2290000	0.0059253175529931	9536	56.503828185343	435	9495.4565916399
GLOBAL	X	2290001	2300000	0.0085083687872584	9540	81.169838230445	625	9512.7620578778
GLOBAL	X	2300001	2310000	0.0070024834874396	9367	65.592262826847	504	9259.0819935691
GLOBAL	X	2310001	2320000	0.0081834799441349	9507	77.80034382889	596	8952.5160771704
GLOBAL	X	2320001	2330000	0.0067300823310679	9640	64.877993671494	498	9600.8794212219
GLOBAL	X	2330001	2340000	0.0078166966324598	9454	73.899049963275	569	9432.5128617363
GLOBAL	X	2340001	2350000	0.0078135786340632	9158	71.556753130751	551	9131.0948553055
GLOBAL	X	2350001	2360000	0.0031684785178262	9552	30.265306802276	233	9506.3231511254
GLOBAL	X	2360001	2370000	0.0015162156478956	9678	14.673935040333	113	9662.9308681672
GLOBAL	X	2370001	2380000	0.0013944953639164	9686	13.507082094894	104	9612.4405144695
GLOBAL	X	2380001	2390000	0.0015786346074313	9707	15.323806134336	118	9686.7282958199
GLOBAL	X	2390001	2400000	0.0015213526920432	9477	14.417859462494	111	9448.8183279743
GLOBAL	X	2400001	2410000	0.0019645194340455	9588	18.835812333628	145	9550.463022508
GLOBAL	X	2410001	2420000	0.0018540779535572	9599	17.797294276195	137	9551.1864951768
GLOBAL	X	2420001	2430000	0.0019417747414941	9836	19.099296357336	147	9803.5884244373
GLOBAL	X	2430001	2440000	0.0015870405537318	9331	14.808675406871	114	9281.4935691318
GLOBAL	X	2440001	2450000	0.0018984185871248	8633	16.389047662649	126	8291.1639871383
GLOBAL	X	2450001	2460000	0.0023212709337798	9446	21.926725240484	159	6258.6479099678
GLOBAL	X	2460001	2470000	0.0028165578652099	9137	25.734889214423	193	8020.4260450161
GLOBAL	X	2470001	2480000	0.0022389790907653	7169	16.051241101696	121	6833.8954983923
GLOBAL	X	2480001	2490000	0.0015894699918575	9561	15.196922592149	117	9525.8794212219
GLOBAL	X	2490001	2500000	0.0064206421114099	9280	59.583558793884	458	9191.4919614148
GLOBAL	X	2500001	2510000	0.0077150967166226	9342	72.074433526688	555	9300.4581993569
GLOBAL	X	2510001	2520000	0.00581467866039	9058	52.669359305813	405	8792.8536977492
GLOBAL	X	2520001	2530000	0.0088182879831574	9618	84.814293822008	653	9593.3183279743
GLOBAL	X	2530001	2540000	0.0097900439698513	9360	91.634811557809	705	9307.5948553055
GLOBAL	X	2540001	2550000	0.0094808536869465	9696	91.926357348633	707	9605.4903536977
GLOBAL	X	2550001	2560000	0.0085911015716702	9530	81.873197978017	629	9056.4501607717
GLOBAL	X	2560001	2570000	0.0082201935860522	9501	78.100059261082	601	9406.1366559486
GLOBAL	X	2570001	2580000	0.0075974735939888	9440	71.720150727254	552	9404.2427652733
GLOBAL	X	2580001	2590000	0.0024659949911997	9743	24.026189199258	185	9716.0707395498
GLOBAL	X	2590001	2600000	0.0018504229117635	9757	18.054576350077	139	9722.463022508
GLOBAL	X	2600001	2610000	0.0018330981071681	9148	16.769181484374	129	9069.075562701
GLOBAL	X	2610001	2620000	0.0020920259385354	9381	19.625295329401	151	9311.6977491961
GLOBAL	X	2620001	2630000	0.0018444326916587	9648	17.795086609123	137	9611.7057877813
GLOBAL	X	2630001	2640000	0.0017207467472576	9510	16.36430156642	126	9478.0321543408
GLOBAL	X	2640001	2650000	0.0014726060108022	9706	14.293113940847	110	9634.9549839228
GLOBAL	X	2650001	2660000	0.0015805489818247	9574	15.13217595199	116	9104.652733119
GLOBAL	X	2660001	2670000	0.0016797747767522	9693	16.28205691106	125	9553.9372990354
GLOBAL	X	2670001	2680000	0.0020512381197748	9248	18.969850131678	146	9206.3520900322
GLOBAL	X	2680001	2690000	0.0017020763031989	9690	16.493119377997	127	9631.1864951768
GLOBAL	X	2690001	2700000	0.0017972114649504	9558	17.177747181996	131	8855.0900321543
GLOBAL	X	2700001	2710000	0.0015647343959098	8964	14.026279124936	108	8537.2427652733
GLOBAL	X	2710001	2720000	0.0015898281708561	9559	15.197167485214	117	9514.6559485531
GLOBAL	X	2720001	2730000	0.0031505793195931	9770	30.781159952425	237	9729.8810289389
GLOBAL	X	2730001	2740000	0.0055967611009793	9566	53.538616691968	412	9519.0498392283
GLOBAL	X	2740001	2750000	0.002020573911072	9579	19.355077494159	149	9549.8344051447
GLOBAL	X	2750001	2760000	0.0015058156255949	9660	14.546178943247	112	9623.0418006431
GLOBAL	X	2760001	2770000	0.001515718989505	9254	14.026463528879	108	9232.4742765273
GLOBAL	X	2770001	2780000	0.0020757798815971	9326	19.358723175775	149	9293.231511254
GLOBAL	X	2780001	2790000	0.001795737189017	9481	17.025384289071	131	9416.8151125402
GLOBAL	X	2790001	2800000	0.0018376755718154	9471	17.404625340664	134	9441.9131832797
GLOBAL	X	2800001	2810000	0.001836633255977	9693	17.802486150185	137	9612.347266881
GLOBAL	X	2810001	2820000	0.0014298631269136	9447	13.507916959953	104	9419.8327974277
GLOBAL	X	2820001	2830000	0.0014051547701989	9616	13.511968270232	104	9569.3488745981
GLOBAL	X	2830001	2840000	0.001199130155286	9208	11.041590469873	85	9176.0048231511
GLOBAL	X	2840001	2850000	0.0013647294874958	9233	12.600547358049	97	9208.2282958199
GLOBAL	X	2850001	2860000	0.0017414233954541	9622	16.755975911059	129	9593.0418006431
GLOBAL	X	2860001	2870000	0.0015621074006453	9728	15.196180793477	117	9678.2909967846
GLOBAL	X	2870001	2880000	0.0015456130422674	9335	14.428297749566	111	9291.3649517685
GLOBAL	X	2880001	2890000	0.0013482049493228	9159	12.348209130847	95	9103.8617363344
GLOBAL	X	2890001	2900000	0.0012693884096094	9310	11.818006093463	91	9282.3102893891
GLOBAL	X	2900001	2910000	0.0013964044765521	9579	13.376158480893	103	9556.6012861736
GLOBAL	X	2910001	2920000	0.0040068425146093	9436	37.808565967854	291	9402.8665594855
GLOBAL	X	2920001	2930000	0.0036684434649918	9353	34.310951728069	264	9299.2877813505
GLOBAL	X	2930001	2940000	0.001952112043885	9515	18.574346097566	142	9167.0530546624
GLOBAL	X	2940001	2950000	0.0018320581552281	9371	17.168216972642	132	8949.308681672
GLOBAL	X	2950001	2960000	0.00176106780018	9441	16.626241101499	128	9414.2186495177
GLOBAL	X	2960001	2970000	0.0018984525530734	9786	18.578256684376	143	9737.424437299
GLOBAL	X	2970001	2980000	0.0013663376488717	9628	13.155098883336	101	9121.7909967846
GLOBAL	X	2980001	2990000	0.0016143345719699	9655	15.586400292369	120	9620.654340836
GLOBAL	X	2990001	3000000	0.001773033623992	9454	16.76225988122	129	9370.0128617363
GLOBAL	X	3000001	3010000	0.0018765377085637	9092	17.061480846262	128	8739.8295819936
GLOBAL	X	3010001	3020000	0.0012747147829709	8864	11.299071836254	87	8841.1736334405
GLOBAL	X	3020001	3030000	0.0014763827824309	8889	13.123566553028	101	8850.4453376206
GLOBAL	X	3030001	3040000	0.0012753643351645	9574	12.210338144865	94	9543.4196141479
GLOBAL	X	3040001	3050000	0.0016475233487483	8913	14.684375607394	113	8837.0273311897
GLOBAL	X	3050001	3060000	0.0014910369637809	9321	13.897955539402	107	9288.6173633441
GLOBAL	X	3060001	3070000	0.0015186393569873	9409	14.288877709893	110	9370.1575562701
GLOBAL	X	3070001	3080000	0.0014404699660268	9196	13.246561807582	102	9170.0305466238
GLOBAL	X	3080001	3090000	0.0016188060583477	9632	15.592339954005	120	9576.5080385852
GLOBAL	X	3090001	3100000	0.0015140085888601	9045	13.69420768624	104	7897.8922829582
GLOBAL	X	3100001	3110000	0.001664665510135	9519	15.845950990975	122	9487.308681672
GLOBAL	X	3110001	3120000	0.0013569068083436	9483	12.867547263522	99	9435.1302250804
GLOBAL	X	3120001	3130000	0.0019459796488098	9296	18.089826815336	139	9207.0916398714
GLOBAL	X	3130001	3140000	0.0013326678041947	9355	12.467107308241	96	9329.8022508039
GLOBAL	X	3140001	3150000	0.0051523468271829	9202	47.411895503737	365	9170.5144694534
GLOBAL	X	3150001	3160000	0.0034895157625856	8899	31.05320077125	239	8859.3794212219
GLOBAL	X	3160001	3170000	0.006700131733642	9214	61.735013793777	473	9120.3054662379
GLOBAL	X	3170001	3180000	0.0055949087450442	9634	53.901350849756	415	9608.307073955
GLOBAL	X	3180001	3190000	0.0054152299036325	9451	51.179337819231	394	9416.5
GLOBAL	X	3190001	3200000	0.0057322163705922	9339	53.53316868496	412	9276.498392283
GLOBAL	X	3200001	3210000	0.0055314109596428	9321	51.558281554831	397	9297.9790996785
GLOBAL	X	3210001	3220000	0.0055376755137058	9617	53.255825415309	410	9590.9807073955
GLOBAL	X	3220001	3230000	0.0015065578314122	9310	14.026053410447	108	9273.2829581994
GLOBAL	X	3230001	3240000	0.0052300939909098	9363	48.969370036888	377	9336.2250803859
GLOBAL	X	3240001	3250000	0.0050802782454322	9615	48.84687532983	376	9571.8697749196
GLOBAL	X	3250001	3260000	0.0051675585347375	8951	46.254816444435	356	8917.847266881
GLOBAL	X	3260001	3270000	0.0056725232726992	9367	53.134525495374	409	9326.4935691318
GLOBAL	X	3270001	3280000	0.0061723271130466	9153	56.495310065716	435	9130.11414791
GLOBAL	X	3280001	3290000	0.0065533996732954	9098	59.622830227642	459	9060.8536977492
GLOBAL	X	3290001	3300000	0.0077391337972902	9134	70.689248104448	544	9096.9051446945
GLOBAL	X	3300001	3310000	0.0070205330468611	9176	64.420411237998	496	9147.3762057878
GLOBAL	X	3310001	3320000	0.0076945140660761	9454	72.743935980683	560	9421.8617363344
GLOBAL	X	3320001	3330000	0.0033775164672234	8651	29.21889495795	225	8627.7395498392
GLOBAL	X	3330001	3340000	0.0045286726828457	9065	41.052417869996	316	9031.3906752412
GLOBAL	X	3340001	3350000	0.004052260339927	8850	35.862504008354	276	8802.6093247588
GLOBAL	X	3350001	3360000	0.0055806167311988	9402	52.468958506732	404	9372.8408360129
GLOBAL	X	3360001	3370000	0.0066196559848981	9029	59.768873887645	460	8988.4501607717
GLOBAL	X	3370001	3380000	0.0079281278830165	9441	74.849455343559	576	9387.268488746
GLOBAL	X	3380001	3390000	0.0056502804668868	9155	51.728317674348	398	9087.6077170418
GLOBAL	X	3390001	3400000	0.0076931409384257	9073	69.799867734336	537	8730.0948553055
GLOBAL	X	3400001	3410000	0.0088436196820004	9228	81.6089224255	628	9187.5064308682
GLOBAL	X	3410001	3420000	0.0051002823640369	9501	48.457782740715	373	9467.6511254019
GLOBAL	X	3420001	3430000	0.0055958983792001	9426	52.74693812234	406	9397.5498392283
GLOBAL	X	3430001	3440000	0.0066615685810477	9303	61.972572509487	477	9269.9260450161
GLOBAL	X	3440001	3450000	0.0053963317615695	9539	51.475608673612	396	9483.4565916399
GLOBAL	X	3450001	3460000	0.0041283109084586	9410	38.847405648595	299	9361.424437299
GLOBAL	X	3460001	3470000	0.0067950553137673	9182	62.392197891012	480	9122.038585209
GLOBAL	X	3470001	3480000	0.0052321804888221	9535	49.888840960919	384	9509.4276527331
GLOBAL	X	3480001	3490000	0.0056066269737928	9128	51.17729101678	394	9101.6189710611
GLOBAL	X	3490001	3500000	0.0059342961221655	9369	55.598420368568	428	9332.536977492
GLOBAL	X	3500001	3510000	0.0042999888950546	9363	40.260796024396	310	9330.3810289389
GLOBAL	X	3510001	3520000	0.0042626289845562	9234	39.361116043392	303	9189.0128617363
GLOBAL	X	3520001	3530000	0.0061034571408181	9322	56.896427466706	438	9286.9340836013
GLOBAL	X	3530001	3540000	0.0021271821079462	9403	20.001893361019	154	9374.2106109325
GLOBAL	X	3540001	3550000	0.0057342215997086	9196	52.73190183092	406	9171.036977492
GLOBAL	X	3550001	3560000	0.0064881427878423	9387	60.904196349475	469	9361.3520900322
GLOBAL	X	3560001	3570000	0.0060784164489685	9467	57.544368522385	443	9372.2861736334
GLOBAL	X	3570001	3580000	0.006538784637121	9099	59.496401413164	458	9062.884244373
GLOBAL	X	3580001	3590000	0.0042557630790339	9157	38.970022514713	300	9115.0739549839
GLOBAL	X	3590001	3600000	0.0045231830395217	9191	41.572575316244	320	9098.3279742765
GLOBAL	X	3600001	3610000	0.0036430616430823	9022	32.867702143888	253	8990.7540192926
GLOBAL	X	3610001	3620000	0.0052418500873226	9441	49.488306674413	381	9406.5032154341
GLOBAL	X	3620001	3630000	0.0055000235909105	9379	51.584721259149	397	9346.270096463
GLOBAL	X	3630001	3640000	0.0048335939083645	9165	44.299888170161	341	9128.4469453376
GLOBAL	X	3640001	3650000	0.0062118473745765	9332	57.968959699548	445	9235.6077170418
GLOBAL	X	3650001	3660000	0.0059942089888827	9040	54.187649259499	417	9005.2958199357
GLOBAL	X	3660001	3670000	0.0053650373645826	8855	47.507405863379	363	8498.3762057878
GLOBAL	X	3670001	3680000	0.0047628653994895	8896	42.370450593859	323	8737.5578778135
GLOBAL	X	3680001	3690000	0.0014982583207446	9709	14.546590036109	112	9685.3569131833
GLOBAL	X	3690001	3700000	0.0014700627683465	9806	14.415435506406	111	9784.6334405145
GLOBAL	X	3700001	3710000	0.0017859890360108	9889	17.661645577111	136	9868.4935691318
GLOBAL	X	3710001	3720000	0.0014748254405539	9247	13.637710848802	105	9185.0289389068
GLOBAL	X	3720001	3730000	0.0015514548987767	8886	13.78622823053	106	8823.5739549839
GLOBAL	X	3730001	3740000	0.0016992144478189	9635	16.371931204735	126	9582.0289389068
GLOBAL	X	3740001	3750000	0.0014846902857499	9447	14.025869129479	108	9422.5209003215
GLOBAL	X	3750001	3760000	0.0015558398172826	9545	14.850491055962	114	9431.8585209003
GLOBAL	X	3760001	3770000	0.0030113120518147	9272	27.920885344426	215	9239.1334405145
GLOBAL	X	3770001	3780000	0.0046678121110111	9468	44.194845067053	340	9422.5948553055
GLOBAL	X	3780001	3790000	0.0054006316514268	9429	50.922555841303	392	9374.4469453376
GLOBAL	X	3790001	3800000	0.0064450373607581	9532	61.434096122746	473	9497.8922829582
GLOBAL	X	3800001	3810000	0.0018033370791343	9435	17.014485341633	131	9407.6639871383
GLOBAL	X	3810001	3820000	0.001134880811496	9612	10.9084743601	84	9586.1623794212
GLOBAL	X	3820001	3830000	0.0014351593307693	9501	13.635448801639	105	9482.4115755627
GLOBAL	X	3830001	3840000	0.0014893991636313	9505	14.156739050315	109	9463.308681672
GLOBAL	X	3840001	3850000	0.0011865582474073	9633	11.430115597275	88	9600.729903537
GLOBAL	X	3850001	3860000	0.0015528574249328	9701	15.064269879273	116	9677.5321543408
GLOBAL	X	3860001	3870000	0.0034097105653275	9563	32.607062136227	251	9512.1559485531
GLOBAL	X	3870001	3880000	0.010899926460509	9097	99.156631011249	763	9030.5836012862
GLOBAL	X	3880001	3890000	0.006303663814418	9230	58.182817007078	448	9208.5980707396
GLOBAL	X	3890001	3900000	0.0074184218650793	9400	69.733165531745	537	9380.4389067524
GLOBAL	X	3900001	3910000	0.0070823230181965	8951	63.393873335877	488	8922.6832797428
GLOBAL	X	3910001	3920000	0.0094585295686429	8424	79.678653086248	613	8313.0466237942
GLOBAL	X	3920001	3930000	0.007324707445938	9061	66.369174167644	511	9035.7009646302
GLOBAL	X	3930001	3940000	0.0042993716543519	9333	40.126035650066	309	9302.463022508
GLOBAL	X	3940001	3950000	0.0065666848013691	9415	61.82533740489	476	9387.3810289389
GLOBAL	X	3950001	3960000	0.0074850302875414	9409	70.426649975477	541	9341.4485530547
GLOBAL	X	3960001	3970000	0.0033912156554702	4426	15.009520491111	112	3316.3424437299
GLOBAL	X	3970001	3980000	0.0056373388241023	9335	52.624557922995	405	9288.6125401929
GLOBAL	X	3980001	3990000	0.0052946205203587	9397	49.753549029811	383	9361.5836012862
GLOBAL	X	3990001	4000000	0.0069243016159747	9529	65.981670098623	508	9500.1977491961
GLOBAL	X	4000001	4010000	0.0036299890419313	9553	34.67728531757	267	9520.6591639871
GLOBAL	X	4010001	4020000	0.0049804064643286	9498	47.303900598193	364	9446.8360128617
GLOBAL	X	4020001	4030000	0.0044343154176215	9519	42.210248460339	325	9490.5723472669
GLOBAL	X	4030001	4040000	0.0056821629937196	9142	51.946334088585	400	9114.5916398714
GLOBAL	X	4040001	4050000	0.0051863914939675	9517	49.358887848089	380	9474.501607717
GLOBAL	X	4050001	4060000	0.0047527676037001	9210	43.772989630078	337	9183.9147909968
GLOBAL	X	4060001	4070000	0.0042353937958278	9724	41.18496927063	317	9684.3215434084
GLOBAL	X	4070001	4080000	0.0052251938906433	9396	49.095921796484	378	9356.6366559486
GLOBAL	X	4080001	4090000	0.0049302596085439	9588	47.271329126719	364	9559.9405144695
GLOBAL	X	4090001	4100000	0.0068350111388504	9463	64.679710406941	498	9438.038585209
GLOBAL	X	4100001	4110000	0.0033524334626696	9107	30.530611544532	235	9062.8392282958
GLOBAL	X	4110001	4120000	0.006268457541896	9367	58.71664179494	452	9314.8054662379
GLOBAL	X	4120001	4130000	0.0021838255389724	2700	5.8963289552255	43	1808.5996784566
GLOBAL	X	4130001	4140000	0.0046730040005215	5915	27.640818663085	211	4899.2733118971
GLOBAL	X	4140001	4150000	0.0016140105816526	1545	2.4936463486533	18	906.53242320819
GLOBAL	X	4150001	4160000	0.0018534869273087	2319	4.2982361844288	30	1340.8166939444
GLOBAL	X	4160001	4170000	0.0062763375156931	8573	53.807041522037	414	8382.2186495177
GLOBAL	X	4170001	4180000	0.0063638742720794	9144	58.191266343894	448	9112.6125401929
GLOBAL	X	4180001	4190000	0.0047850109172046	9477	45.347548462348	349	9412.498392283
GLOBAL	X	4190001	4200000	0.0053551174862358	9367	50.161385493571	386	9321.2331189711
GLOBAL	X	4200001	4210000	0.00237160599652	9258	21.956328315782	169	9212.2202572347
GLOBAL	X	4210001	4220000	0.0014782554341768	6506	9.6175298547541	74	6413.4083601286
GLOBAL	X	4220001	4230000	0.001217149457858	6545	7.9662432016809	61	5627.4758842444
GLOBAL	X	4230001	4240000	0.0013919669504046	9330	12.987051647275	100	9300.2845659164
GLOBAL	X	4240001	4250000	0.0039172367097302	9550	37.409610577923	288	9511.961414791
GLOBAL	X	4250001	4260000	0.0060348530567314	9534	57.536289042877	443	9503.7218649518
GLOBAL	X	4260001	4270000	0.003540521362178	9465	33.511034693015	258	9431.2122186495
GLOBAL	X	4270001	4280000	0.0050345457712883	9336	47.002519320748	361	9266.4517684887
GLOBAL	X	4280001	4290000	0.0037325475775706	8941	33.372707891059	257	8919.3697749196
GLOBAL	X	4290001	4300000	0.0055264924264058	9471	52.34140977049	403	9439.3762057878
GLOBAL	X	4300001	4310000	0.0047646021434408	9379	44.687203503332	344	9336.501607717
GLOBAL	X	4310001	4320000	0.0043703821993826	9004	39.350921323241	303	8980.961414791
GLOBAL	X	4320001	4330000	0.0042276733473245	9706	41.033797509132	316	9689.1479099678
GLOBAL	X	4330001	4340000	0.0057458578673231	9380	53.896146795491	415	9353.2459807074
GLOBAL	X	4340001	4350000	0.0048187048483892	8655	41.705890462809	321	8623.8553054662
GLOBAL	X	4350001	4360000	0.0051537328643533	9400	48.445088924921	373	9372.6173633441
GLOBAL	X	4360001	4370000	0.0054088720938677	9396	50.821762193981	391	9316.9790996785
GLOBAL	X	4370001	4380000	0.0054566051874693	8997	49.093076871661	378	8973.6350482315
GLOBAL	X	4380001	4390000	0.005491974854169	9293	51.036922319792	393	9233.498392283
GLOBAL	X	4390001	4400000	0.0077045655973302	9592	73.902193209592	569	9568.0578778135
GLOBAL	X	4400001	4410000	0.0078666408130722	9805	77.132413172173	594	9786.3167202572
GLOBAL	X	4410001	4420000	0.0068466939732131	9600	65.728262142846	506	9539.5498392283
GLOBAL	X	4420001	4430000	0.0052328360083944	9557	50.010213732225	385	9505.5466237942
GLOBAL	X	4430001	4440000	0.0049353328163659	9297	45.883789193754	353	9219.729903537
GLOBAL	X	4440001	4450000	0.0055517156328146	9474	52.596953905286	405	9450.3440514469
GLOBAL	X	4450001	4460000	0.0053490761637025	9303	49.762455550925	383	9277.7926045016
GLOBAL	X	4460001	4470000	0.0052275053110604	9349	48.871947153104	376	9306.0900321543
GLOBAL	X	4470001	4480000	0.0036490480959103	9291	33.903305859103	261	9252.0643086817
GLOBAL	X	4480001	4490000	0.0050614393625977	9266	46.89929713383	361	9219.7893890675
GLOBAL	X	4490001	4500000	0.0060248010601517	9506	57.271758877802	441	9480.3183279743
GLOBAL	X	4500001	4510000	0.0045658605828558	9671	44.156437696798	340	9646.001607717
GLOBAL	X	4510001	4520000	0.0046856293144911	9257	43.374870564245	334	9237.7363344051
GLOBAL	X	4520001	4530000	0.005451650824496	9339	50.912967049968	392	9309.268488746
GLOBAL	X	4530001	4540000	0.0055829464826091	8963	50.039949323625	385	8853.7958199357
GLOBAL	X	4540001	4550000	0.0045524116896366	9101	41.431498787383	319	9074.154340836
GLOBAL	X	4550001	4560000	0.0041190465060494	9333	38.443061040959	296	9314.1221864952
GLOBAL	X	4560001	4570000	0.0044624818327624	9082	40.528260005148	312	9049.0434083601
GLOBAL	X	4570001	4580000	0.0048007875554019	9118	43.773580930154	337	9084.2363344051
GLOBAL	X	4580001	4590000	0.0066232094707901	9374	62.085965579186	478	9332.3199356913
GLOBAL	X	4590001	4600000	0.0041181164306425	9339	38.45908934577	296	9260.3778135048
GLOBAL	X	4600001	4610000	0.003421362521276	9402	32.167650425037	247	9101.3536977492
GLOBAL	X	4610001	4620000	0.0062600602381595	9229	57.774095937974	444	9053.2138263666
GLOBAL	X	4620001	4630000	0.0068581468066716	9289	63.705325687172	490	9230.4260450161
GLOBAL	X	4630001	4640000	0.0047608811676463	9058	43.12406161654	332	9022.1623794212
GLOBAL	X	4640001	4650000	0.0054919206599478	8805	48.35636141084	372	8754.7250803858
GLOBAL	X	4650001	4660000	0.005863429677442	9347	54.80547719505	422	9324.191318328
GLOBAL	X	4660001	4670000	0.0045399264115461	9411	42.725247459061	329	9392.1270096463
GLOBAL	X	4670001	4680000	0.0048561178161613	9520	46.230241609855	356	9501.1398713826
GLOBAL	X	4680001	4690000	0.0087387245888118	9619	84.05779181978	647	9579.9855305466
GLOBAL	X	4690001	4700000	0.0062542143220423	9178	57.401179047705	442	9154.5594855305
GLOBAL	X	4700001	4710000	0.0059472692629337	9103	54.137992100485	416	8768.538585209
GLOBAL	X	4710001	4720000	0.0056108443620631	9031	50.671535433792	390	8992.4099678457
GLOBAL	X	4720001	4730000	0.0031620270287522	9580	30.292218935446	233	9519.6993569132
GLOBAL	X	4730001	4740000	0.0054789665422268	9481	51.946081786853	400	9460.5080385852
GLOBAL	X	4740001	4750000	0.0071991678622571	9454	68.060932969779	524	9425.1607717042
GLOBAL	X	4750001	4760000	0.0081297512555377	9524	77.427750957741	596	9480.540192926
GLOBAL	X	4760001	4770000	0.0068051554401287	9242	62.893246577669	484	9204.8360128617
GLOBAL	X	4770001	4780000	0.0062432486314721	8974	56.02691321883	431	8923.5032154341
GLOBAL	X	4780001	4790000	0.003933209370835	8818	34.683040232023	267	8786.3183279743
GLOBAL	X	4790001	4800000	0.0057725701912122	9584	55.324312712578	426	9561.3360128617
GLOBAL	X	4800001	4810000	0.0036857920892493	9090	33.503850091276	258	9066.3215434084
GLOBAL	X	4810001	4820000	0.0073295928561495	9126	66.88986440522	515	9091.961414791
GLOBAL	X	4820001	4830000	0.0061387610209572	9352	57.409693067992	442	9325.4003215434
GLOBAL	X	4830001	4840000	0.003368968725532	8928	30.07815278155	231	7989.3585209003
GLOBAL	X	4840001	4850000	0.0039134173186054	9425	36.883958227856	284	9397.6446945338
GLOBAL	X	4850001	4860000	0.0048089729207654	9371	45.064885240493	347	9342.9099678457
GLOBAL	X	4860001	4870000	0.0029798205385201	9289	27.679552982313	213	9234.3344051447
GLOBAL	X	4870001	4880000	0.0048931949732167	9687	47.40037970555	365	9662.9051446945
GLOBAL	X	4880001	4890000	0.0040681619554294	9068	36.890092611834	284	9029.0353697749
GLOBAL	X	4890001	4900000	0.0032418388270057	9615	31.17028032166	240	9587.3649517685
GLOBAL	X	4900001	4910000	0.00368076249295	9633	35.456785094587	273	9597.4951768489
GLOBAL	X	4910001	4920000	0.005189403173399	9658	50.119255848688	385	9487.3279742765
GLOBAL	X	4920001	4930000	0.0035586853126254	9343	33.248796875859	256	9314.2186495177
GLOBAL	X	4930001	4940000	0.0040361583046218	9044	36.503015707	281	9013.7331189711
GLOBAL	X	4940001	4950000	0.0055397308357014	9119	50.516805490761	389	9096.2893890675
GLOBAL	X	4950001	4960000	0.0056805922615888	9648	54.806354139809	422	9619.4131832797
GLOBAL	X	4960001	4970000	0.0040854259693628	9064	37.030300986305	285	8930.9646302251
GLOBAL	X	4970001	4980000	0.0052022864260744	9436	49.088774716438	378	9410.6334405145
GLOBAL	X	4980001	4990000	0.0044451264822765	9382	41.704176656718	321	9271.7186495177
GLOBAL	X	4990001	5000000	0.0063337120427159	9526	60.334940918911	464	9409.038585209
GLOBAL	X	5000001	5010000	0.0052299077257324	9560	49.997917858002	384	9472.2411575563
GLOBAL	X	5010001	5020000	0.0044457917015012	9206	40.92795840402	315	9166.4019292604
GLOBAL	X	5020001	5030000	0.0012502871018949	9350	11.690184402717	90	9310.7749196141
GLOBAL	X	5030001	5040000	0.0014517820763583	9126	13.248963228846	102	9088.424437299
GLOBAL	X	5040001	5050000	0.0015804603149438	9779	15.455321419836	119	9747.8794212219
GLOBAL	X	5050001	5060000	0.0012669792754536	9533	12.078113432899	93	9501.5884244373
GLOBAL	X	5060001	5070000	0.0015894289493446	9397	14.935863836991	115	9369.2733118971
GLOBAL	X	5070001	5080000	0.0010752017053415	9422	10.130550467728	78	9398.6302250804
GLOBAL	X	5080001	5090000	0.0014200403867507	9512	13.507424158773	104	9487.461414791
GLOBAL	X	5090001	5100000	0.0014045330122834	9523	13.375367875975	103	9499.268488746
GLOBAL	X	5100001	5110000	0.001196935516907	9439	11.297874344085	87	9414.9180064309
GLOBAL	X	5110001	5120000	0.0015969478076049	9357	14.942640635759	115	9322.1430868167
GLOBAL	X	5120001	5130000	0.001622527271093	9449	15.331260184557	118	9412.6028938907
GLOBAL	X	5130001	5140000	0.0015634393993417	9221	14.41647470133	111	9194.3038585209
GLOBAL	X	5140001	5150000	0.0015587440136584	9664	15.063702147995	116	9638.6848874598
GLOBAL	X	5150001	5160000	0.0015222269368434	9469	14.413966864971	111	9448.4372990354
GLOBAL	X	5160001	5170000	0.0015268623969423	9367	14.302120072158	110	9310.7282958199
GLOBAL	X	5170001	5180000	0.0013326129755739	9745	12.986313446968	100	9725.2363344051
GLOBAL	X	5180001	5190000	0.0012884923790337	9385	12.092500977231	93	9304.652733119
GLOBAL	X	5190001	5200000	0.0011747712540915	9397	11.039325474698	85	9374.7990353698
GLOBAL	X	5200001	5210000	0.0014176349596709	9436	13.376803479455	103	9409.2459807074
GLOBAL	X	5210001	5220000	0.0016840909094563	9072	15.278072730587	117	9016.3183279743
GLOBAL	X	5220001	5230000	0.0037512057618261	9040	33.910900086908	261	8992.2282958199
GLOBAL	X	5230001	5240000	0.0067166546492524	8941	60.053609218966	462	8875.1028938907
GLOBAL	X	5240001	5250000	0.0052434492995598	9560	50.127375303792	386	9536.5562700965
GLOBAL	X	5250001	5260000	0.0070962950072922	9483	67.294165554152	518	9444.4051446945
GLOBAL	X	5260001	5270000	0.0043291045951294	9331	40.394874977153	311	9300.5434083601
GLOBAL	X	5270001	5280000	0.0055029346488422	9322	51.298356796507	395	9295.5032154341
GLOBAL	X	5280001	5290000	0.0052657975452911	9593	50.514795851978	389	9572.6382636656
GLOBAL	X	5290001	5300000	0.0037315001697879	8981	33.512603024865	258	8941.5032154341
GLOBAL	X	5300001	5310000	0.0047290084765038	9201	43.511606992311	335	9161.8745980707
GLOBAL	X	5310001	5320000	0.0062017292772109	9423	58.438894979159	450	9402.6607717042
GLOBAL	X	5320001	5330000	0.0039973944571062	9583	38.307031082449	295	9561.2106109325
GLOBAL	X	5330001	5340000	0.0014183953139104	9796	13.894600495066	107	9774.3649517685
GLOBAL	X	5340001	5350000	0.0015045378573985	8900	13.390386930846	103	8288.9517684887
GLOBAL	X	5350001	5360000	0.0013589466737001	9270	12.5974356652	97	9242.9131832797
GLOBAL	X	5360001	5370000	0.0012423099363121	9409	11.688894190761	90	9384.1334405145
GLOBAL	X	5370001	5380000	0.0015607591603017	9489	14.810043672103	114	9442.6205787781
GLOBAL	X	5380001	5390000	0.0015769237052568	9636	15.195236823854	117	9612.0932475884
GLOBAL	X	5390001	5400000	0.0012647811508145	9344	11.81811507321	91	9322.5128617363
GLOBAL	X	5400001	5410000	0.001328673556497	9288	12.340719992744	95	9252.3778135048
GLOBAL	X	5410001	5420000	0.0013422600421545	9579	12.857508943798	99	9552.9292604502
GLOBAL	X	5420001	5430000	0.0015150455868116	9529	14.436869396728	111	9365.4517684887
GLOBAL	X	5430001	5440000	0.0015643541321784	9713	15.194571685848	117	9684.1752411576
GLOBAL	X	5440001	5450000	0.0014294590607156	9635	13.772838049995	106	9598.3810289389
GLOBAL	X	5450001	5460000	0.0014093343499052	9122	12.855947939835	99	9101.3520900322
GLOBAL	X	5460001	5470000	0.001811962829582	8818	15.977888231254	123	8779.9405144695
GLOBAL	X	5470001	5480000	0.0016183028626206	9871	15.974267556928	123	9843.0659163987
GLOBAL	X	5480001	5490000	0.0012849857830604	9803	12.596715631341	97	9780.2861736334
GLOBAL	X	5490001	5500000	0.0014962266179028	9548	14.285971747736	110	9484.3102893891
GLOBAL	X	5500001	5510000	0.0014299605467889	9445	13.505977364421	104	9423.9163987138
GLOBAL	X	5510001	5520000	0.0015702719486373	9760	15.3258542187	118	9730.3665594855
GLOBAL	X	5520001	5530000	0.0010837140886546	9228	10.000513610104	77	9184.6109324759
GLOBAL	X	5530001	5540000	0.0038347740791965	9519	36.503214459872	281	9456.8038585209
GLOBAL	X	5540001	5550000	0.0020867046008448	9522	19.869601209244	153	9490.6077170418
GLOBAL	X	5550001	5560000	0.0013406570244872	9783	13.115647670558	101	9758.922829582
GLOBAL	X	5560001	5570000	0.001780129431269	9487	16.888087914449	130	9438.61414791
GLOBAL	X	5570001	5580000	0.0016710611284654	9637	16.104016095021	124	9609.8681672026
GLOBAL	X	5580001	5590000	0.0014133488562057	9282	13.118704083302	101	9245.963022508
GLOBAL	X	5590001	5600000	0.0012896701000848	9165	11.819826467277	91	9129.4823151125
GLOBAL	X	5600001	5610000	0.0014999567618102	9790	14.684576698122	113	9729.7266881029
GLOBAL	X	5610001	5620000	0.0016319917667451	9789	15.975567404668	123	9756.8408360129
GLOBAL	X	5620001	5630000	0.00129216330094	9648	12.466791527469	96	9627.5337620579
GLOBAL	X	5630001	5640000	0.0015698714931317	9598	15.067626591078	116	9574.345659164
GLOBAL	X	5640001	5650000	0.0011502293703304	9258	10.648823510519	82	9227.8247588424
GLOBAL	X	5650001	5660000	0.0008695007004182	9262	8.0533154872734	62	9240.5418006431
GLOBAL	X	5660001	5670000	0.0013157249095028	9576	12.599381733398	97	9546.6366559486
GLOBAL	X	5670001	5680000	0.0013773056653379	9335	12.857148385929	99	9314.2958199357
GLOBAL	X	5680001	5690000	0.0014803733830918	9562	14.155330289124	109	9540.1398713826
GLOBAL	X	5690001	5700000	0.0014205510473998	9325	13.246638517003	102	9296.9051446945
GLOBAL	X	5700001	5710000	0.0013197375365504	8443	11.142544021095	84	6777.4549839228
GLOBAL	X	5710001	5720000	0.0012924858638776	9246	11.950324297412	92	9213.6607717042
GLOBAL	X	5720001	5730000	0.0014057440768255	9516	13.377060635071	103	9492.3408360129
GLOBAL	X	5730001	5740000	0.0015408419317718	9187	14.155714827188	109	9165.459807074
GLOBAL	X	5740001	5750000	0.0012894906500259	9467	12.207607983795	94	9441.6286173633
GLOBAL	X	5750001	5760000	0.0017163833072627	9307	15.974379440694	123	9282.5064308682
GLOBAL	X	5760001	5770000	0.0016106554960172	9193	14.806755974886	114	9163.1012861736
GLOBAL	X	5770001	5780000	0.0015979881754967	9022	14.417049319331	111	8996.2861736334
GLOBAL	X	5780001	5790000	0.0015619702085031	9479	14.805915606401	114	9454.8617363344
GLOBAL	X	5790001	5800000	0.0013386131259562	9219	12.34067440819	95	9192.9485530547
GLOBAL	X	5800001	5810000	0.0011012128866038	9552	10.51878549284	81	9525.1639871383
GLOBAL	X	5810001	5820000	0.0014981608905585	9626	14.421296732516	111	9460.9115755627
GLOBAL	X	5820001	5830000	0.00087126127850472	9837	8.5705971966509	66	9809.8424437299
GLOBAL	X	5830001	5840000	0.0010918869310059	9872	10.77910778289	83	9846.1575562701
GLOBAL	X	5840001	5850000	0.0013535019181108	9500	12.858268222052	99	9472.8199356913
GLOBAL	X	5850001	5860000	0.00133895146618	9120	12.211237371562	94	9089.3392282958
GLOBAL	X	5860001	5870000	0.0015271646730485	9355	14.286625516368	110	9298.7266881029
GLOBAL	X	5870001	5880000	0.0012143813136148	9626	11.689634524856	90	9587.6012861736
GLOBAL	X	5880001	5890000	0.001460434059364	9339	13.638993680401	105	9302.4549839228
GLOBAL	X	5890001	5900000	0.0014681928602229	9642	14.156315558269	109	9621.4453376206
GLOBAL	X	5900001	5910000	0.0016248521431702	9363	15.213490616502	117	9299.2041800643
GLOBAL	X	5910001	5920000	0.0012614906754112	9581	12.086342161115	93	9525.5852090032
GLOBAL	X	5920001	5930000	0.0013714801491972	9189	12.602531090973	97	9154.6302250804
GLOBAL	X	5930001	5940000	0.001544209035133	9251	14.285477784016	110	9219.1286173633
GLOBAL	X	5940001	5950000	0.0017028086554696	9230	15.716923889985	121	9185.9437299035
GLOBAL	X	5950001	5960000	0.0012951548274002	9028	11.692657781769	90	8973.577170418
GLOBAL	X	5960001	5970000	0.0013758048212493	6006	8.2630837564231	62	4494.1736334405
GLOBAL	X	5970001	5980000	0.00072493000907077	2958	2.1443429668313	13	1262.0665467626
GLOBAL	X	5980001	5990000	0.00083123588739264	5163	4.2916708866082	26	2822.7136752137
GLOBAL	X	5990001	6000000	0.0013595598889464	5757	7.8269862806642	57	4729.3875
GLOBAL	X	6000001	6010000	0.00054429015241622	2742	1.4924435979253	9	993.15208333333
GLOBAL	X	6010001	6020000	0.0019713901527777	6939	13.679476270125	105	6719.7106109325
GLOBAL	X	6020001	6030000	0.0013408006521941	9109	12.213353140836	94	9059.9919614148
GLOBAL	X	6030001	6040000	0.001356339790635	8746	11.862547808894	91	8665.8665594855
GLOBAL	X	6040001	6050000	0.0010943028719609	9173	10.038040244497	75	8869.536977492
GLOBAL	X	6050001	6060000	0.0012210947769124	9361	11.430668206677	88	9325.3135048232
GLOBAL	X	6060001	6070000	0.0012003071844128	8986	10.785960359133	83	8944.1623794212
GLOBAL	X	6070001	6080000	0.00094396593660071	9493	8.9610686361505	69	9471.6189710611
GLOBAL	X	6080001	6090000	0.0013120196477237	9305	12.208342822069	94	9274.7041800643
GLOBAL	X	6090001	6100000	0.0011695346354483	9222	10.785448408104	83	9187.0048231511
GLOBAL	X	6100001	6110000	0.0012719735121541	9395	11.950191146688	92	9361.9646302251
GLOBAL	X	6110001	6120000	0.0013376534213849	9224	12.338515158854	95	9199.8922829582
GLOBAL	X	6120001	6130000	0.0013622487748586	9534	12.987679819502	100	9509.422829582
GLOBAL	X	6130001	6140000	0.0014186615022729	9249	13.121200234522	101	9206.8520900322
GLOBAL	X	6140001	6150000	0.0012779996666599	9363	11.965910878936	92	8716.8713826367
GLOBAL	X	6150001	6160000	0.0014499335443798	9854	14.287645146318	110	9835.0064308682
GLOBAL	X	6160001	6170000	0.0012072327128374	9682	11.688427125692	90	9656.5048231511
GLOBAL	X	6170001	6180000	0.0014349844156548	9231	13.246341140909	102	9201.1736334405
GLOBAL	X	6180001	6190000	0.0018100249552539	9184	16.623269189052	128	9160.3279742765
GLOBAL	X	6190001	6200000	0.0015000215119559	9353	14.029701201323	108	9313.6704180064
GLOBAL	X	6200001	6210000	0.0017536271636509	9628	16.883922331631	130	9595.5980707396
GLOBAL	X	6210001	6220000	0.0011414525077653	9330	10.64975189745	82	9307.0948553055
GLOBAL	X	6220001	6230000	0.0012798391561042	9031	11.558227418777	89	9008.3890675241
GLOBAL	X	6230001	6240000	0.0015190904912915	9319	14.156404288345	109	9281.6607717042
GLOBAL	X	6240001	6250000	0.0015039463222494	9502	14.290497954014	110	9448.5
GLOBAL	X	6250001	6260000	0.0013446748896155	9176	12.338736787111	95	9153.3488745981
GLOBAL	X	6260001	6270000	0.0017679634721733	9623	17.013112492724	131	9592.7781350482
GLOBAL	X	6270001	6280000	0.0013571238518011	9378	12.72710748219	98	9349.8987138264
GLOBAL	X	6280001	6290000	0.0013447671324025	9368	12.597778496347	97	9343.1125401929
GLOBAL	X	6290001	6300000	0.0015741922606867	9404	14.803704019498	114	9374.4276527331
GLOBAL	X	6300001	6310000	0.0014131206673202	9558	13.506607338246	104	9530.8762057878
GLOBAL	X	6310001	6320000	0.0011544100275103	9450	10.909174759972	84	9424.308681672
GLOBAL	X	6320001	6330000	0.0013196823315351	9744	12.858984638478	99	9702.077170418
GLOBAL	X	6330001	6340000	0.0018332718189121	9502	17.419748823303	134	9432.5321543408
GLOBAL	X	6340001	6350000	0.0014363984989745	9495	13.638603747763	105	9461.7491961415
GLOBAL	X	6350001	6360000	0.0013985501535461	9475	13.251262704849	102	9443.88585209
GLOBAL	X	6360001	6370000	0.0014888826944633	9165	13.645609894756	105	9135.7363344051
GLOBAL	X	6370001	6380000	0.001539233688187	9534	14.675053983175	113	9506.921221865
GLOBAL	X	6380001	6390000	0.0015322043380476	9413	14.422639434042	111	9376.5562700965
GLOBAL	X	6390001	6400000	0.0012488770671739	9359	11.68824047168	90	9334.8585209003
GLOBAL	X	6400001	6410000	0.0013036203506412	9467	12.34137385952	95	9431.7620578778
GLOBAL	X	6410001	6420000	0.001243490733445	8878	11.039710731524	85	8841.6864951768
GLOBAL	X	6420001	6430000	0.0013358510356902	9337	12.472841120239	96	9295.959807074
GLOBAL	X	6430001	6440000	0.0012439041300037	9606	11.948943072816	92	9579.2540192926
GLOBAL	X	6440001	6450000	0.0013008233443301	9588	12.472294225437	96	9542.2572347267
GLOBAL	X	6450001	6460000	0.0012556361094039	9621	12.080475008575	93	9585.3729903537
GLOBAL	X	6460001	6470000	0.0018138608086174	9528	17.282465784506	133	9470.7379421222
GLOBAL	X	6470001	6480000	0.0012626193515168	7642	9.6489370842917	74	7281.5739549839
GLOBAL	X	6480001	6490000	0.0012551819225234	2046	2.568102213483	17	677.7982300885
GLOBAL	X	6490001	6500000	0.00063627380191459	2358	1.5003336249146	8	644.04848484848
GLOBAL	X	6500001	6510000	0.00064659923232476	3483	2.2521051261871	14	1710.8185654008
GLOBAL	X	6510001	6520000	0.0016087557804615	5797	9.3259572593351	69	3681.7647058824
GLOBAL	X	6520001	6530000	0.0023222540912893	7640	17.74202125745	135	7190.2090032154
GLOBAL	X	6530001	6540000	0.0013376536470358	8645	11.564015778624	89	8583.9533762058
GLOBAL	X	6540001	6550000	0.0016100464405759	9438	15.195618306155	117	9413.8151125402
GLOBAL	X	6550001	6560000	0.0015726013256782	9335	14.680233375206	113	9291.5819935691
GLOBAL	X	6560001	6570000	0.0010342514930246	9167	9.4809834365569	73	9136.9485530547
GLOBAL	X	6570001	6580000	0.0011181409505916	9061	10.13147515331	78	9031.8295819936
GLOBAL	X	6580001	6590000	0.0011819172939232	9560	11.299129329906	87	9536.2025723473
GLOBAL	X	6590001	6600000	0.0015033254293569	9504	14.287604880608	110	9462.4356913183
GLOBAL	X	6600001	6610000	0.0015326787531798	9661	14.80720943447	114	9634.5160771704
GLOBAL	X	6610001	6620000	0.0017816546077397	9695	17.273141422037	133	9666.9067524116
GLOBAL	X	6620001	6630000	0.0015091817527152	9466	14.285914471202	110	9443.7733118971
GLOBAL	X	6630001	6640000	0.0014599505563845	9340	13.635938196632	105	9320.0450160772
GLOBAL	X	6640001	6650000	0.0015749028178039	8990	14.158376332057	109	8964.5514469453
GLOBAL	X	6650001	6660000	0.0014547934569781	9464	13.768165276841	106	9439.8102893891
GLOBAL	X	6660001	6670000	0.0015256489726592	9619	14.675217468009	113	9594.4131832797
GLOBAL	X	6670001	6680000	0.0015260680086669	9702	14.805911820086	114	9674.8424437299
GLOBAL	X	6680001	6690000	0.0014758922316065	8824	13.023273051696	100	8464.5675241158
GLOBAL	X	6690001	6700000	0.0015113704169461	9284	14.031562950927	108	9244.6221864952
GLOBAL	X	6700001	6710000	0.0013409221920559	9589	12.858102899624	99	9559.4389067524
GLOBAL	X	6710001	6720000	0.0013445157731149	9369	12.596768278313	97	9348.5337620579
GLOBAL	X	6720001	6730000	0.0011522277684481	9358	10.782547457137	83	9312.1125401929
GLOBAL	X	6730001	6740000	0.0012566036893054	9715	12.207904841602	94	9691.9694533762
GLOBAL	X	6740001	6750000	0.0017960128649919	9473	17.013629870068	131	9445.8360128617
GLOBAL	X	6750001	6760000	0.0016019506986801	9488	15.199308229076	117	9458.7250803859
GLOBAL	X	6760001	6770000	0.0014888391640562	9252	13.774739945848	106	8962.4485530547
GLOBAL	X	6770001	6780000	0.0015595284570927	9328	14.54728144776	112	9291.2090032154
GLOBAL	X	6780001	6790000	0.0012586339015297	9496	11.951987528926	92	9457.2395498392
GLOBAL	X	6790001	6800000	0.0012720175873607	9597	12.207552785901	94	9566.9839228296
GLOBAL	X	6800001	6810000	0.0015052821431848	9230	13.893754181596	107	9211.8488745981
GLOBAL	X	6810001	6820000	0.0012298956174487	9187	11.299051037501	87	9158.0964630225
GLOBAL	X	6820001	6830000	0.0012116268470849	9325	11.298420349066	87	9305.3118971061
GLOBAL	X	6830001	6840000	0.0010283208181377	9724	9.9993916355709	77	9706.7620578778
GLOBAL	X	6840001	6850000	0.0012831112803164	9110	11.689143763682	90	9087.4758842444
GLOBAL	X	6850001	6860000	0.0013170463387847	9270	12.209019560535	94	9242.5160771704
GLOBAL	X	6860001	6870000	0.001680767293019	9659	16.23453128327	125	9633.7041800643
GLOBAL	X	6870001	6880000	0.0014790338150741	9747	14.416142595527	111	9713.0546623794
GLOBAL	X	6880001	6890000	0.0015139612298856	9695	14.677854123741	113	9667.5434083601
GLOBAL	X	6890001	6900000	0.0015437933520547	9673	14.933113094425	115	9657.8376205788
GLOBAL	X	6900001	6910000	0.001234100814618	9366	11.558588229713	89	9347.3247588424
GLOBAL	X	6910001	6920000	0.0014673739655495	9472	13.898966201685	107	9435.3392282958
GLOBAL	X	6920001	6930000	0.001325433648443	9309	12.338461833356	95	9273.5144694534
GLOBAL	X	6930001	6940000	0.0015984243464076	9182	14.676732348715	113	9155.4292604502
GLOBAL	X	6940001	6950000	0.001763664946598	9353	16.495558245531	127	9327.3874598071
GLOBAL	X	6950001	6960000	0.0015600009685926	9490	14.804409191943	114	9467.422829582
GLOBAL	X	6960001	6970000	0.0012442765753187	9498	11.818138912377	91	9477.8601286174
GLOBAL	X	6970001	6980000	0.0012090138345437	9456	11.432434819445	88	9394.6045016077
GLOBAL	X	6980001	6990000	0.0016158528101637	9726	15.715784431652	121	9695.9694533762
GLOBAL	X	6990001	7000000	0.0016283617415176	9570	15.583421866323	120	9549.961414791
GLOBAL	X	7000001	7010000	0.0020757607729042	9274	19.250605407913	148	9109.3360128617
GLOBAL	X	7010001	7020000	0.0012461965289659	9796	12.20774119775	94	9773.7909967846
GLOBAL	X	7020001	7030000	0.001391090974798	9523	13.247359353001	102	9498.7282958199
GLOBAL	X	7030001	7040000	0.0013689311597293	8254	11.299157792405	87	8230.2443729904
GLOBAL	X	7040001	7050000	0.0015429865919339	9513	14.678431449067	113	9463.4790996785
GLOBAL	X	7050001	7060000	0.0014829308003762	9370	13.895061599525	107	9320.7491961415
GLOBAL	X	7060001	7070000	0.001406164482495	9607	13.50902218333	104	9579.7717041801
GLOBAL	X	7070001	7080000	0.001409951756932	9487	13.376212318014	103	9464.8617363344
GLOBAL	X	7080001	7090000	0.0015764318495646	9556	15.064382754439	116	9528.3778135048
GLOBAL	X	7090001	7100000	0.0014856816690575	9528	14.15557494278	109	9501.7395498392
GLOBAL	X	7100001	7110000	0.0019840102443145	9431	18.71120061413	144	9389.3778135048
GLOBAL	X	7110001	7120000	0.0011617779743358	9613	11.16817166729	86	9592.8601286174
GLOBAL	X	7120001	7130000	0.001390518336281	9620	13.376786395023	103	9589.9967845659
GLOBAL	X	7130001	7140000	0.0015284817831734	9687	14.806403033601	114	9655.7556270096
GLOBAL	X	7140001	7150000	0.0010778883951282	8198	8.8365290632608	68	7923.1511254019
GLOBAL	X	7150001	7160000	0.001095672900457	8478	9.2891148500741	71	8102.2620578778
GLOBAL	X	7160001	7170000	0.0015170328771713	8990	13.63812556577	105	8948.6350482315
GLOBAL	X	7170001	7180000	0.0014984548722998	9101	13.6374377928	105	9072.4308681672
GLOBAL	X	7180001	7190000	0.0013886985619024	9633	13.377333246806	103	9604.2540192926
GLOBAL	X	7190001	7200000	0.0014865995809656	9613	14.290681771822	110	9555.1800643087
GLOBAL	X	7200001	7210000	0.0014152134815408	9453	13.378013041005	103	9423.0353697749
GLOBAL	X	7210001	7220000	0.0015733993732221	9574	15.063725599229	116	9555.6045016077
GLOBAL	X	7220001	7230000	0.0043492493772086	9293	40.4175744624	311	9230.6302250804
GLOBAL	X	7230001	7240000	0.0043860749926543	9277	40.689617706854	313	9196.4565916399
GLOBAL	X	7240001	7250000	0.0042109399580931	9529	40.126046860669	309	9508.9437299035
GLOBAL	X	7250001	7260000	0.0053274508418264	9316	49.630532042455	382	9271.540192926
GLOBAL	X	7260001	7270000	0.0048582216181447	9144	44.423578476315	342	9117.2138263666
GLOBAL	X	7270001	7280000	0.00583316427973	9333	54.44092222272	419	9271.4517684887
GLOBAL	X	7280001	7290000	0.0052641752930499	9007	47.414426864501	365	8976.424437299
GLOBAL	X	7290001	7300000	0.0048527696871067	9420	45.713090452546	352	9399.8954983923
GLOBAL	X	7300001	7310000	0.0048874644049122	9432	46.098564267132	355	9413.5594855305
GLOBAL	X	7310001	7320000	0.0051704116159639	9494	49.087887881962	378	9471.6398713826
GLOBAL	X	7320001	7330000	0.0047023976689071	9529	44.809147387015	345	9507.8778135048
GLOBAL	X	7330001	7340000	0.0040338970386155	9272	37.402293342042	288	9245.7556270096
GLOBAL	X	7340001	7350000	0.0019339315222269	9670	18.701117819934	144	9643.2942122186
GLOBAL	X	7350001	7360000	0.0013832098928755	9295	12.856935954278	99	9269.8344051447
GLOBAL	X	7360001	7370000	0.0012428337604372	8989	11.17183267257	86	8949.6270096463
GLOBAL	X	7370001	7380000	0.0013391874362815	9606	12.86423451292	99	9557.2009646302
GLOBAL	X	7380001	7390000	0.0012838749894892	9509	12.208367275053	94	9480.2974276527
GLOBAL	X	7390001	7400000	0.0019451010965335	9682	18.832468816638	145	9654.5900321543
GLOBAL	X	7400001	7410000	0.001411913741546	9199	12.988194508481	100	9171.5
GLOBAL	X	7410001	7420000	0.0015066551977047	9311	14.028466545829	108	9280.7347266881
GLOBAL	X	7420001	7430000	0.0013543002500908	9208	12.470396702836	96	9176.2282958199
GLOBAL	X	7430001	7440000	0.00143502580818	8870	12.728678918557	98	8843.4758842444
GLOBAL	X	7440001	7450000	0.0014406526643776	9301	13.399510431376	103	9153.0273311897
GLOBAL	X	7450001	7460000	0.0015465188685782	9070	14.026926138004	108	9046.959807074
GLOBAL	X	7460001	7470000	0.001234985164932	9056	11.184025653624	86	9011.6366559486
GLOBAL	X	7470001	7480000	0.0015874788410509	9407	14.933413457766	115	9387.2138263666
GLOBAL	X	7480001	7490000	0.0012594114442231	9488	11.949295782789	92	9439.7347266881
GLOBAL	X	7490001	7500000	0.0014566078533225	9368	13.645502369925	105	9332.8392282958
GLOBAL	X	7500001	7510000	0.0011640352380367	9150	10.650922428036	82	9114.1302250804
GLOBAL	X	7510001	7520000	0.001433824545143	9693	13.898061316071	107	9662.461414791
GLOBAL	X	7520001	7530000	0.0012693301278242	9515	12.077676166247	93	9495.0241157556
GLOBAL	X	7530001	7540000	0.0015250740650379	9453	14.416525136803	111	9419.2154340836
GLOBAL	X	7540001	7550000	0.0010907971524151	9167	9.9993374961894	77	9142.4324758842
GLOBAL	X	7550001	7560000	0.0017443672547122	9234	16.107487230013	124	9199.2556270096
GLOBAL	X	7560001	7570000	0.0014389750682102	9297	13.378151209151	103	9268.6028938907
GLOBAL	X	7570001	7580000	0.0013737321575196	9265	12.727628439419	98	9213.1045016077
GLOBAL	X	7580001	7590000	0.0011831126396992	9440	11.168583318761	86	9392.1897106109
GLOBAL	X	7590001	7600000	0.0012692059147048	9416	11.95084289286	92	9380.5160771704
GLOBAL	X	7600001	7610000	0.0013476214373536	9354	12.605650925005	97	9304.5610932476
GLOBAL	X	7610001	7620000	0.0013046396638447	9258	12.078354007875	93	9228.4790996785
GLOBAL	X	7620001	7630000	0.0012303984315799	9394	11.558362866262	89	9339.0803858521
GLOBAL	X	7630001	7640000	0.0012794965028203	9542	12.208955629911	94	9521.5337620579
GLOBAL	X	7640001	7650000	0.0013463055536609	9263	12.470828343561	96	9227.8247588424
GLOBAL	X	7650001	7660000	0.0015636277401969	9635	15.065553276797	116	9609.152733119
GLOBAL	X	7660001	7670000	0.0012321636967446	9698	11.949523531029	92	9666.2009646302
GLOBAL	X	7670001	7680000	0.0012789532027487	9546	12.208887273439	94	9521.0594855305
GLOBAL	X	7680001	7690000	0.0014085943425429	9592	13.511236933671	104	9549.8151125402
GLOBAL	X	7690001	7700000	0.0012902553628904	8699	11.223931401784	86	7985.4067524116
GLOBAL	X	7700001	7710000	0.0013537557109933	4360	5.9023748999306	38	2918.8762376238
GLOBAL	X	7710001	7720000	0.0010966527262076	8077	8.8576640695791	68	7866.3311897106
GLOBAL	X	7720001	7730000	0.0013681230762104	9588	13.117564054706	101	9562.6559485531
GLOBAL	X	7730001	7740000	0.0010428385363928	9590	10.000821564007	77	9563.8745980707
GLOBAL	X	7740001	7750000	0.0013142496703206	9881	12.986100992438	100	9861.2491961415
GLOBAL	X	7750001	7760000	0.0012753750270422	9165	11.688812122841	90	9137.5144694534
GLOBAL	X	7760001	7770000	0.0012225763739108	9242	11.299050847683	87	9214.4003215434
GLOBAL	X	7770001	7780000	0.0014350815997744	9692	13.908810865013	107	9631.578778135
GLOBAL	X	7780001	7790000	0.0015017720042956	9684	14.543160089598	112	9663.6045016077
GLOBAL	X	7790001	7800000	0.0013509433330754	9332	12.60700318426	97	9249.2009646302
GLOBAL	X	7800001	7810000	0.0015811273479718	9008	14.24279515053	109	8916.5948553055
GLOBAL	X	7810001	7820000	0.0013056787947062	8781	11.465165496315	88	8637.959807074
GLOBAL	X	7820001	7830000	0.0013345217485629	7703	10.27982102918	77	6736.2845659164
GLOBAL	X	7830001	7840000	0.0012729482763825	9285	11.819324746212	91	9255.8247588424
GLOBAL	X	7840001	7850000	0.0014624307530046	9502	13.89601701505	107	9474.6559485531
GLOBAL	X	7850001	7860000	0.0017207192488664	9531	16.400175160946	126	9353.3327974277
GLOBAL	X	7860001	7870000	0.0010024862103399	9465	9.4885319808671	73	9394.7990353698
GLOBAL	X	7870001	7880000	0.0012664920004383	9536	12.07726771618	93	9515.1591639871
GLOBAL	X	7880001	7890000	0.0014057408678826	9517	13.378435839639	103	9462.8874598071
GLOBAL	X	7890001	7900000	0.0014544596358095	9554	13.895907360524	107	9530.7861736334
GLOBAL	X	7900001	7910000	0.0011998119048109	9417	11.298628707604	87	9391.3376205788
GLOBAL	X	7910001	7920000	0.0014847505079587	9276	13.772545711825	106	9253.1205787781
GLOBAL	X	7920001	7930000	0.0013911981142237	9222	12.829629009371	98	8900.9163987138
GLOBAL	X	7930001	7940000	0.0010165060147962	9453	9.6090313578682	74	9427.6398713826
GLOBAL	X	7940001	7950000	0.0012021121614946	9183	11.038995979005	85	9153.6591639871
GLOBAL	X	7950001	7960000	0.001260926190658	9682	12.208287377951	94	9657.3118971061
GLOBAL	X	7960001	7970000	0.0016028812545749	9643	15.456583937866	119	9583.1463022508
GLOBAL	X	7970001	7980000	0.0013301413182602	9861	13.116523539364	101	9836.6655948553
GLOBAL	X	7980001	7990000	0.00090025251202635	9810	8.8314771429785	68	9794.6993569132
GLOBAL	X	7990001	8000000	0.0015567070207735	9679	15.067367254067	116	9649.2234726688
GLOBAL	X	8000001	8010000	0.0012986333943311	9500	12.337017246145	95	9476.4662379421
GLOBAL	X	8010001	8020000	0.0012953332039912	9425	12.208515447617	94	9402.1832797428
GLOBAL	X	8020001	8030000	0.0012623125329594	9672	12.209086818783	94	9645.0514469453
GLOBAL	X	8030001	8040000	0.0011817547145248	9121	10.778784751181	83	9097.1495176849
GLOBAL	X	8040001	8050000	0.0015898595396201	9311	14.803182173402	114	9290.4453376206
GLOBAL	X	8050001	8060000	0.0013615291237295	9157	12.467522185991	96	9129.7668810289
GLOBAL	X	8060001	8070000	0.0012581953307332	9393	11.818228741577	91	9369.3215434084
GLOBAL	X	8070001	8080000	0.0010874879258568	9077	9.8711279030018	76	9053.5176848875
GLOBAL	X	8080001	8090000	0.0014494126609234	9408	13.636074313967	105	9384.8488745981
GLOBAL	X	8090001	8100000	0.001344809720711	9464	12.727279196809	98	9430.3488745981
GLOBAL	X	8100001	8110000	0.0013621418686222	9725	13.246829672351	102	9698.6302250804
GLOBAL	X	8110001	8120000	0.0014026338979768	9536	13.375516851106	103	9512.0225080386
GLOBAL	X	8120001	8130000	0.002686733288331	9237	24.817355384313	191	9194.4421221865
GLOBAL	X	8130001	8140000	0.0028990045264204	9095	26.366446167793	203	9062.8633440514
GLOBAL	X	8140001	8150000	0.0065608979364526	9763	64.054046553587	493	9735.1093247588
GLOBAL	X	8150001	8160000	0.0067037273649494	9899	66.360197185635	511	9877.6623794212
GLOBAL	X	8160001	8170000	0.0066843355386467	9562	63.91561642054	492	9518.192926045
GLOBAL	X	8170001	8180000	0.0043423329462594	9361	40.648578709934	313	9335.4389067524
GLOBAL	X	8180001	8190000	0.0024687261582035	9154	22.598719252195	174	9124.6897106109
GLOBAL	X	8190001	8200000	0.0013610979346764	9255	12.59696138543	97	9223.1495176849
GLOBAL	X	8200001	8210000	0.0015450127093077	8426	13.018277088627	100	8166.8520900322
GLOBAL	X	8210001	8220000	0.0012865565812991	8884	11.429768668261	88	8858.8665594855
GLOBAL	X	8220001	8230000	0.0014481704321259	9505	13.764859957356	106	9486.9003215434
GLOBAL	X	8230001	8240000	0.0015736641817731	9327	14.677565823398	113	9301.152733119
GLOBAL	X	8240001	8250000	0.0011268127024614	9451	10.649506850962	82	9424.4581993569
GLOBAL	X	8250001	8260000	0.0034252408904498	8797	30.131844113287	232	8773.961414791
GLOBAL	X	8260001	8270000	0.0043086677094871	9134	39.355370858456	303	9094.2411575563
GLOBAL	X	8270001	8280000	0.0045994555245238	8670	39.877279397622	307	8644.001607717
GLOBAL	X	8280001	8290000	0.0066631661000537	9726	64.805953489123	499	9702.8311897106
GLOBAL	X	8290001	8300000	0.0050666014857568	9357	47.408190102226	365	9260.421221865
GLOBAL	X	8300001	8310000	0.0049029922550418	9297	45.583118995123	351	9275.4131832797
GLOBAL	X	8310001	8320000	0.0046089462269119	9496	43.766553370755	337	9469.0803858521
GLOBAL	X	8320001	8330000	0.0041280464042756	9468	39.084343355681	300	8796.4839228296
GLOBAL	X	8330001	8340000	0.0043470858311546	9353	40.658293778789	313	9301.7636655949
GLOBAL	X	8340001	8350000	0.0051390786272161	9405	48.333034488968	372	9364.7781350482
GLOBAL	X	8350001	8360000	0.0042468746346955	8961	38.056243601506	293	8939.231511254
GLOBAL	X	8360001	8370000	0.0038787573245565	9310	36.111230691621	278	9280.6591639871
GLOBAL	X	8370001	8380000	0.0029349605521642	9471	27.797011389547	214	9435.6832797428
GLOBAL	X	8380001	8390000	0.003843480202761	9598	36.8897229861	284	9552.6655948553
GLOBAL	X	8390001	8400000	0.0037344536000095	9459	35.32419660249	272	9436.9517684887
GLOBAL	X	8400001	8410000	0.0034316747453229	9538	32.731313720889	252	9510.0321543408
GLOBAL	X	8410001	8420000	0.0035388112381446	9212	32.599529125788	251	9167.4260450161
GLOBAL	X	8420001	8430000	0.0058928849929711	9477	55.846871078387	430	9427.4324758842
GLOBAL	X	8430001	8440000	0.0026439863390854	9540	25.223629674874	194	9425.4437299035
GLOBAL	X	8440001	8450000	0.0035464723309125	9085	32.21970112634	248	9039.2508038585
GLOBAL	X	8450001	8460000	0.0035889070428146	9302	33.384013312261	257	9274.6173633441
GLOBAL	X	8460001	8470000	0.0028382198310749	9110	25.856182661092	199	9065.8488745981
GLOBAL	X	8470001	8480000	0.0042084762921928	9660	40.653880982582	313	9638.345659164
GLOBAL	X	8480001	8490000	0.0030437772339347	9472	28.830657959829	222	9449.847266881
GLOBAL	X	8490001	8500000	0.0012430855837258	9717	12.079062617064	93	9686.7540192926
GLOBAL	X	8500001	8510000	0.0023506681423684	9392	22.077475193124	170	9364.9115755627
GLOBAL	X	8510001	8520000	0.0050389277041721	9613	48.439212020206	373	9594.4003215434
GLOBAL	X	8520001	8530000	0.004439398507198	9187	40.784754085628	314	9158.5916398714
GLOBAL	X	8530001	8540000	0.0032583354740281	9408	30.654420139656	236	9383.1881028939
GLOBAL	X	8540001	8550000	0.0023063286208653	9296	21.439630859564	165	9249.924437299
GLOBAL	X	8550001	8560000	0.0012631328898138	9563	12.079339825289	93	9535.1720257235
GLOBAL	X	8560001	8570000	0.0011552285267442	9556	11.039363801568	85	9530.2958199357
GLOBAL	X	8570001	8580000	0.0011764698769523	9384	11.03999332532	85	9361.3231511254
GLOBAL	X	8580001	8590000	0.0012158616120736	9400	11.429099153492	88	9367.4067524116
GLOBAL	X	8590001	8600000	0.0011582200733442	9645	11.171032607405	86	9608.8118971061
GLOBAL	X	8600001	8610000	0.0011588758536923	9861	11.42767479326	88	9826.0305466238
GLOBAL	X	8610001	8620000	0.0013016142388386	9777	12.725882413125	98	9761.8569131833
GLOBAL	X	8620001	8630000	0.00085964944367621	9668	8.3110908214616	64	9651.1816720257
GLOBAL	X	8630001	8640000	0.0055896006350579	9665	54.023490137835	416	9646.1398713826
GLOBAL	X	8640001	8650000	0.0028792306469041	8706	25.066582011947	193	8680.1077170418
GLOBAL	X	8650001	8660000	0.0050592491088646	9190	46.494499310466	358	9167.2459807074
GLOBAL	X	8660001	8670000	0.0036554731566553	8917	32.595854137896	251	8896.1028938907
GLOBAL	X	8670001	8680000	0.0048556923880116	9228	44.808329356571	345	9206.924437299
GLOBAL	X	8680001	8690000	0.0050995993150985	9448	48.181014329051	371	9423.8729903537
GLOBAL	X	8690001	8700000	0.0012587949128187	9392	11.822601821193	91	9362.9887459807
GLOBAL	X	8700001	8710000	0.0013040062183667	9262	12.077705594512	93	9237.7363344051
GLOBAL	X	8710001	8720000	0.0013810726746975	9216	12.727965770012	98	9192.3778135048
GLOBAL	X	8720001	8730000	0.0014220719634492	9500	13.509683652768	104	9462.3810289389
GLOBAL	X	8730001	8740000	0.0015265287484673	9190	14.028799198414	108	9149.2395498392
GLOBAL	X	8740001	8750000	0.0012431503473888	9299	11.560055080368	89	9270.7893890675
GLOBAL	X	8750001	8760000	0.0011539182234163	9567	11.039535643423	85	9543.4935691318
GLOBAL	X	8760001	8770000	0.0013562831574656	9481	12.858920615931	99	9439.1221864952
GLOBAL	X	8770001	8780000	0.0014578881021017	9625	14.032172982729	108	9569.5176848875
GLOBAL	X	8780001	8790000	0.0013442488977779	9276	12.469252775788	96	9247.4099678457
GLOBAL	X	8790001	8800000	0.0014971628757406	9108	13.636159472246	105	9086.1366559486
GLOBAL	X	8800001	8810000	0.0036640160138529	9252	33.899476160167	261	9227.0836012862
GLOBAL	X	8810001	8820000	0.0043008007391314	9575	41.180167077183	317	9521.6382636656
GLOBAL	X	8820001	8830000	0.0039000470132325	9590	37.4014508569	288	9566.7508038585
GLOBAL	X	8830001	8840000	0.0040583074104698	8609	34.937968496734	269	8579.8327974277
GLOBAL	X	8840001	8850000	0.0028580972623831	9362	26.757506570431	206	9333.4774919614
GLOBAL	X	8850001	8860000	0.003042139741771	9479	28.836442612247	222	9441.1045016077
GLOBAL	X	8860001	8870000	0.0045651129747413	9475	43.254445435674	333	9439.9823151125
GLOBAL	X	8870001	8880000	0.0051398701178691	9454	48.592332094335	374	9408.2781350482
GLOBAL	X	8880001	8890000	0.0020088779637946	9698	19.48209849288	150	9670.7717041801
GLOBAL	X	8890001	8900000	0.0013033608913193	9167	11.947909290724	92	9145.6559485531
GLOBAL	X	8900001	8910000	0.0014631692347997	9325	13.644053114507	105	9277.0466237942
GLOBAL	X	8910001	8920000	0.0018085913638254	9194	16.628188999011	128	9154.3135048232
GLOBAL	X	8920001	8930000	0.0014713410383612	9269	13.63786008457	105	9236.0530546624
GLOBAL	X	8930001	8940000	0.0030294957112027	9346	28.3136669169	218	9318.4308681672
GLOBAL	X	8940001	8950000	0.0034373392121345	9449	32.479418215459	250	9409.308681672
GLOBAL	X	8950001	8960000	0.001495324598807	9119	13.635865016521	105	9090.9147909968
GLOBAL	X	8960001	8970000	0.0029884073131598	9215	27.538173390767	212	9185.8392282958
GLOBAL	X	8970001	8980000	0.004368724924291	8891	38.842333301871	299	8815.8102893891
GLOBAL	X	8980001	8990000	0.0052209543187786	9208	48.074547367313	370	9156.268488746
GLOBAL	X	8990001	9000000	0.005294837444453	9446	50.015034500303	385	9409.5176848875
GLOBAL	X	9000001	9010000	0.0033309770507342	9514	31.690915660685	244	9471.7282958199
GLOBAL	X	9010001	9020000	0.0014173476233892	7294	10.338133565001	79	6761.0434083601
GLOBAL	X	9020001	9030000	0.0012236947128718	9234	11.299596978658	87	9197.540192926
GLOBAL	X	9030001	9040000	0.0012652389421253	9547	12.07923618047	93	9519.4790996785
GLOBAL	X	9040001	9050000	0.0041739799631684	9334	38.959928976214	300	9311.2411575563
GLOBAL	X	9050001	9060000	0.0044781032883344	9339	41.821006609755	322	9304.6366559486
GLOBAL	X	9060001	9070000	0.0045940221711897	9445	43.390539406886	334	9410.8006430868
GLOBAL	X	9070001	9080000	0.0047730982463061	9307	44.423225378371	342	9280.2363344051
GLOBAL	X	9080001	9090000	0.0043336261042434	9112	39.488001061866	304	9073.5337620579
GLOBAL	X	9090001	9100000	0.0024798333886684	8959	22.21682732908	171	8927.731511254
GLOBAL	X	9100001	9110000	0.0012557954484819	9205	11.559597103276	89	9173.7106109325
GLOBAL	X	9110001	9120000	0.0011736785474031	9296	10.910515776659	84	9267.0836012862
GLOBAL	X	9120001	9130000	0.0012028504276025	9192	11.056601130522	85	9112.8183279743
GLOBAL	X	9130001	9140000	0.0012528590218094	9334	11.694186109569	90	9309.3440514469
GLOBAL	X	9140001	9150000	0.0013273189985914	9589	12.727661877493	98	9566.0594855305
GLOBAL	X	9150001	9160000	0.001439487638147	9204	13.249044221505	102	9175.3585209003
GLOBAL	X	9160001	9170000	0.0024291493470454	9795	23.79351785431	183	9658.3038585209
GLOBAL	X	9170001	9180000	0.0014672952192729	9563	14.031744181907	108	9517.8247588424
GLOBAL	X	9180001	9190000	0.001538817167011	9284	14.28637857853	110	9254.0803858521
GLOBAL	X	9190001	9200000	0.0015413811369758	9521	14.675489805146	113	9498.078778135
GLOBAL	X	9200001	9210000	0.0015319020470702	9664	14.804301382887	114	9644.5723472669
GLOBAL	X	9210001	9220000	0.0016104246287156	9274	14.935078006708	115	9245.3729903537
GLOBAL	X	9220001	9230000	0.0016287478634447	9807	15.973130296802	123	9781.2427652733
GLOBAL	X	9230001	9240000	0.0015366288228359	9467	14.547265065788	112	9433.5080385852
GLOBAL	X	9240001	9250000	0.0013315029662793	9286	12.36433654487	95	9159.3295819936
GLOBAL	X	9250001	9260000	0.0012830549304365	6719	8.6208460776026	64	5887.4903536977
GLOBAL	X	9260001	9270000	0.0014268861719002	9284	13.247211219922	102	9253.7668810289
GLOBAL	X	9270001	9280000	0.0010603691187259	8940	9.4796999214098	73	8919.5289389068
GLOBAL	X	9280001	9290000	0.001613078770734	9663	15.587180161602	120	9619.1607717042
GLOBAL	X	9290001	9300000	0.0016506367660575	8658	14.291213120526	110	8424.7041800643
GLOBAL	X	9300001	9310000	0.0018226080721022	9417	17.163500214986	132	9311.8778135048
GLOBAL	X	9310001	9320000	0.0018174263375914	9519	17.300081307533	133	9408.5691318328
GLOBAL	X	9320001	9330000	0.0018035328098705	9577	17.27243372013	133	9556.1752411576
GLOBAL	X	9330001	9340000	0.0013416599530076	9391	12.599528618694	97	9361.7765273312
GLOBAL	X	9340001	9350000	0.0012823123138663	9622	12.338409084021	95	9597.1575562701
GLOBAL	X	9350001	9360000	0.0014574209820249	9536	13.897966484589	107	9501.1077170418
GLOBAL	X	9360001	9370000	0.0018551500731486	9102	16.885575965799	130	9070.4356913183
GLOBAL	X	9370001	9380000	0.00185608785603	9379	17.408248001705	134	9346.963022508
GLOBAL	X	9380001	9390000	0.0014909477753719	9757	14.547177444304	112	9720.9163987138
GLOBAL	X	9390001	9400000	0.0012487294851033	9882	12.339944771791	95	9849.5096463023
GLOBAL	X	9400001	9410000	0.0012674209326285	9632	12.207798423078	94	9605.424437299
GLOBAL	X	9410001	9420000	0.0012557310208111	9618	12.077620958161	93	9594.8344051447
GLOBAL	X	9420001	9430000	0.0013454169918955	9074	12.20831378446	94	9043.2459807074
GLOBAL	X	9430001	9440000	0.0014836399262419	9630	14.287452489709	110	9602.8569131833
GLOBAL	X	9440001	9450000	0.0012974845586127	8806	11.425649023144	87	8569.4469453376
GLOBAL	X	9450001	9460000	0.0011456952943466	9408	10.778701329213	83	9390.2781350482
GLOBAL	X	9460001	9470000	0.001031199782502	9445	9.7396819457317	75	9425.6720257235
GLOBAL	X	9470001	9480000	0.001133039810914	9742	11.038073837924	85	9706.1623794212
GLOBAL	X	9480001	9490000	0.0015649414790257	9462	14.807476274542	114	9429.3279742765
GLOBAL	X	9490001	9500000	0.0013264757381874	9594	12.726208232169	98	9573.8536977492
GLOBAL	X	9500001	9510000	0.0015068415881001	9395	14.1567767202	109	9360.3520900322
GLOBAL	X	9510001	9520000	0.0014468830821613	9245	13.376434094582	103	9221.9694533762
GLOBAL	X	9520001	9530000	0.0014041222988352	9250	12.988131264226	100	9225.4549839228
GLOBAL	X	9530001	9540000	0.00164665521278	9624	15.847409767795	122	9585.5836012862
GLOBAL	X	9540001	9550000	0.0017050828325342	9681	16.506906901764	127	9609.731511254
GLOBAL	X	9550001	9560000	0.0016525666364807	9590	15.84811404385	122	9544.0064308682
GLOBAL	X	9560001	9570000	0.0014355909268295	9499	13.636678213954	105	9473.6446945338
GLOBAL	X	9570001	9580000	0.0015616892647514	9231	14.41595360292	111	9201.0739549839
GLOBAL	X	9580001	9590000	0.0015158802552437	9425	14.287171405672	110	9392.6430868167
GLOBAL	X	9590001	9600000	0.0011789670418876	9367	11.043384281362	85	9335.9501607717
GLOBAL	X	9600001	9610000	0.0012743531386531	9376	11.948335028012	92	9347.3440514469
GLOBAL	X	9610001	9620000	0.0010379687085432	9634	9.9997905381048	77	9611.0627009646
GLOBAL	X	9620001	9630000	0.0015977205211178	9672	15.453152880251	119	9633.8745980707
GLOBAL	X	9630001	9640000	0.0013673409534782	9498	12.987004376136	100	9471.8360128617
GLOBAL	X	9640001	9650000	0.0014378105151551	9574	13.765597872094	106	9553.4115755627
GLOBAL	X	9650001	9660000	0.0011036253029378	9533	10.520860012906	81	9501.4887459807
GLOBAL	X	9660001	9670000	0.0011774823338473	8825	10.391281596203	80	8795.6848874598
GLOBAL	X	9670001	9680000	0.0014000213080035	9461	13.245601595021	102	9438.6205787781
GLOBAL	X	9680001	9690000	0.001401848314219	9728	13.637180400723	105	9704.0562700965
GLOBAL	X	9690001	9700000	0.0014956082489924	9378	14.025814159051	108	9350.1993569132
GLOBAL	X	9700001	9710000	0.0016664185285542	9352	15.584346079039	120	9323.9887459807
GLOBAL	X	9710001	9720000	0.0012083352339421	9566	11.55893484789	89	9530.0530546624
GLOBAL	X	9720001	9730000	0.0020060628006815	9001	18.056571268934	139	8969.4662379421
GLOBAL	X	9730001	9740000	0.0015983934104211	9102	14.548576821653	112	9076.3585209003
GLOBAL	X	9740001	9750000	0.0016291346306336	9249	15.06786619873	116	9214.7652733119
GLOBAL	X	9750001	9760000	0.0011635737401119	9486	11.037660498702	85	9466.4903536977
GLOBAL	X	9760001	9770000	0.0012963218585977	9122	11.825047994128	91	9052.3874598071
GLOBAL	X	9770001	9780000	0.0016849490250558	9409	15.85368537675	122	9312.4276527331
GLOBAL	X	9780001	9790000	0.0013261351259079	9012	11.951129754682	92	8980.2572347267
GLOBAL	X	9790001	9800000	0.001492199246504	9834	14.67428739012	113	9813.4405144695
GLOBAL	X	9800001	9810000	0.0013826840429833	8550	11.821948567508	91	8237.0836012862
GLOBAL	X	9810001	9820000	0.0010404756298746	8044	8.3695859667114	64	6902.4581993569
GLOBAL	X	9820001	9830000	0.0014703175258032	9187	13.507807109554	104	9162.9871382637
GLOBAL	X	9830001	9840000	0.0014377733816442	9756	14.026917111321	108	9725.0610932476
GLOBAL	X	9840001	9850000	0.0012305655848716	9815	12.078001215515	93	9792.1479099678
GLOBAL	X	9850001	9860000	0.0016966232213382	9568	16.233290981764	125	9530.1575562701
GLOBAL	X	9860001	9870000	0.0014129934476892	9283	13.116818174899	101	9256.1173633441
GLOBAL	X	9870001	9880000	0.0013914659798633	8868	12.339520309428	95	8838.4389067524
GLOBAL	X	9880001	9890000	0.0014134774111018	9649	13.638643539722	105	9613.0321543408
GLOBAL	X	9890001	9900000	0.0015217843310206	9474	14.417384752089	111	9431.7009646302
GLOBAL	X	9900001	9910000	0.0012850769907201	9400	12.079723712769	93	9370.575562701
GLOBAL	X	9910001	9920000	0.0015152675061253	9172	13.898033566181	107	9141.2202572347
GLOBAL	X	9920001	9930000	0.0012796426320741	8646	11.063790196913	85	8275.8183279743
GLOBAL	X	9930001	9940000	0.0017491079223171	9653	16.884138774127	130	9629.1800643087
GLOBAL	X	9940001	9950000	0.0011185327214967	9637	10.779299837064	83	9613.0418006431
GLOBAL	X	9950001	9960000	0.0016490323000102	9451	15.585004267396	120	9425.4196141479
GLOBAL	X	9960001	9970000	0.0011861707218475	9525	11.298276125598	87	9506.7781350482
GLOBAL	X	9970001	9980000	0.0014047973333657	9613	13.504316765644	104	9597.5080385852
GLOBAL	X	9980001	9990000	0.0014644650500571	9667	14.156983638902	109	9633.5980707395
GLOBAL	X	9990001	10000000	0.0009366277741954	9704	9.0890359207921	70	9690.5996784566
GLOBAL	X	10000001	10010000	0.0012059562097834	9154	11.039323144357	85	9128.2733118971
GLOBAL	X	10010001	10020000	0.0010890299802049	8946	9.7424622029128	75	8893.0305466238
GLOBAL	X	10020001	10030000	0.0011451381276789	7719	8.8393212075533	68	7245.3681672026
GLOBAL	X	10030001	10040000	0.0011920391350339	7121	8.4885106805763	65	6245.1061093248
GLOBAL	X	10040001	10050000	0.0015199400453087	9487	14.419671209844	111	9439.2057877814
GLOBAL	X	10050001	10060000	0.001355817589888	9675	13.117535182166	101	9643.6350482315
GLOBAL	X	10060001	10070000	0.0018519563908039	9299	17.221342478086	132	9126.9163987138
GLOBAL	X	10070001	10080000	0.0013406465919415	9590	12.856800816719	99	9567.8424437299
GLOBAL	X	10080001	10090000	0.0013823542098546	9208	12.728717564341	98	9179.5160771704
GLOBAL	X	10090001	10100000	0.0012453243067523	9282	11.559100215275	89	9253.0209003215
GLOBAL	X	10100001	10110000	0.0012155802755859	9191	11.17239831291	86	9160.4678456592
GLOBAL	X	10110001	10120000	0.0011370651695629	9593	10.907866171617	84	9573.845659164
GLOBAL	X	10120001	10130000	0.0015645774994932	9795	15.325036607536	118	9774.3520900322
GLOBAL	X	10130001	10140000	0.0011656238193858	9277	10.813492172442	83	9252.0739549839
GLOBAL	X	10140001	10150000	0.0014597798172616	9521	13.898563640147	107	9487.7427652733
GLOBAL	X	10150001	10160000	0.0013221624993028	9529	12.598886455856	97	9497.692926045
GLOBAL	X	10160001	10170000	0.0015055590806726	9661	14.545206278378	112	9617.4823151125
GLOBAL	X	10170001	10180000	0.0015483997965108	9562	14.805798854236	114	9528.9196141479
GLOBAL	X	10180001	10190000	0.0014227732559335	9583	13.634436111611	105	9559.5160771704
GLOBAL	X	10190001	10200000	0.0014393089085044	9745	14.026065313375	108	9685.6864951768
GLOBAL	X	10200001	10210000	0.0013526293195393	9506	12.858094311541	99	9480.501607717
GLOBAL	X	10210001	10220000	0.0017604132723585	9664	17.012633864073	131	9645.8215434084
GLOBAL	X	10220001	10230000	0.0013517997793873	9703	13.116513259395	101	9677.6816720257
GLOBAL	X	10230001	10240000	0.0015301970103322	9760	14.934722820842	115	9738.9501607717
GLOBAL	X	10240001	10250000	0.0015524850703041	9453	14.675641369585	113	9409.6446945338
GLOBAL	X	10250001	10260000	0.0015854563700783	9257	14.676569617815	113	9227.8231511254
GLOBAL	X	10260001	10270000	0.0013808209628518	9030	12.468813294552	96	8996.6398713826
GLOBAL	X	10270001	10280000	0.0013412459235596	9102	12.208020396239	94	9077.0996784566
GLOBAL	X	10280001	10290000	0.0013150378873115	9776	12.855810386357	99	9754.4726688103
GLOBAL	X	10290001	10300000	0.0011687542057809	9445	11.038883473601	85	9424.8199356913
GLOBAL	X	10300001	10310000	0.0013139864887885	9389	12.337019143235	95	9368.1752411576
GLOBAL	X	10310001	10320000	0.0013624823949021	9435	12.855021395901	99	9417.0675241158
GLOBAL	X	10320001	10330000	0.0014784879765931	9317	13.775072477918	106	9246.3810289389
GLOBAL	X	10330001	10340000	0.0012714408549077	9296	11.819314187222	91	9265.2652733119
GLOBAL	X	10340001	10350000	0.0013622570663811	9342	12.726205514133	98	9318.6028938907
GLOBAL	X	10350001	10360000	0.0016377061876965	9835	16.106840355995	124	9789.422829582
GLOBAL	X	10360001	10370000	0.0013244907882801	9414	12.468756280869	96	9384.9421221865
GLOBAL	X	10370001	10380000	0.0011906901305403	8837	10.522128683585	81	8807.8135048232
GLOBAL	X	10380001	10390000	0.0011100708483479	9244	10.261494922128	79	9197.4919614148
GLOBAL	X	10390001	10400000	0.001430444597272	8989	12.858266484878	99	8955.3665594855
GLOBAL	X	10400001	10410000	0.0013618663652798	9538	12.989481392039	100	9507.9678456592
GLOBAL	X	10410001	10420000	0.0011570361842172	8986	10.397127151376	80	8941.6463022508
GLOBAL	X	10420001	10430000	0.0016978631086527	9487	16.107627311789	124	9439.6334405145
GLOBAL	X	10430001	10440000	0.0011181575999596	9177	10.261332294829	79	9149.1446945338
GLOBAL	X	10440001	10450000	0.0013642102206259	9331	12.72944556866	98	9298.6382636656
GLOBAL	X	10450001	10460000	0.0010998868025968	9447	10.390630624132	80	9420.959807074
GLOBAL	X	10460001	10470000	0.0014968931777514	9457	14.156118781995	109	9425.1848874598
GLOBAL	X	10470001	10480000	0.0016458016078469	9075	14.93564959121	115	9052.2958199357
GLOBAL	X	10480001	10490000	0.0013251996559692	9702	12.857087062213	99	9671.2508038585
GLOBAL	X	10490001	10500000	0.0015877013886696	9819	15.589639935347	120	9780.8135048232
GLOBAL	X	10500001	10510000	0.0013068395532532	9541	12.468556177589	96	9506.9726688103
GLOBAL	X	10510001	10520000	0.0010349300317673	9163	9.4830638810835	73	9125.8376205788
GLOBAL	X	10520001	10530000	0.0015394063148351	9366	14.418079544746	111	9330.9276527331
GLOBAL	X	10530001	10540000	0.0014473926019069	9691	14.02668170508	108	9661.7459807074
GLOBAL	X	10540001	10550000	0.0013756048808375	9726	13.379133071026	103	9692.2170418006
GLOBAL	X	10550001	10560000	0.0012170838793066	9395	11.434503046086	88	9345.5144694534
GLOBAL	X	10560001	10570000	0.0011865154828737	9202	10.918315473404	84	9137.5900321543
GLOBAL	X	10570001	10580000	0.0016020257115556	7503	12.019998913802	92	7249.2540192926
GLOBAL	X	10580001	10590000	0.0011935925891843	3062	3.6547805080823	20	1376.5811688312
GLOBAL	X	10590001	10600000	0.001620152316922	3088	5.0030303546552	24	740.20142602496
GLOBAL	X	10600001	10610000	0.00060110070033236	3171	1.9060903207539	10	1346.8082191781
GLOBAL	X	10610001	10620000	0.0014099016656327	3156	4.4496496567367	24	1035.8424657534
GLOBAL	X	10620001	10630000	0.0014099442463519	7019	9.8963986651438	74	6415.6479099678
GLOBAL	X	10630001	10640000	0.0013063734723794	8856	11.569243471392	89	8781.0868167203
GLOBAL	X	10640001	10650000	0.0013759864047079	8877	12.214631314592	94	8816.9823151125
GLOBAL	X	10650001	10660000	0.0013335276269593	9547	12.731188254581	98	9505.231511254
GLOBAL	X	10660001	10670000	0.0012395250897323	9640	11.94902186502	92	9611.2877813505
GLOBAL	X	10670001	10680000	0.0013063517689353	9843	12.858420461631	99	9808.1045016077
GLOBAL	X	10680001	10690000	0.0012496369455325	9361	11.69785144713	90	9308.4131832797
GLOBAL	X	10690001	10700000	0.0015687486804717	9273	14.547006514014	112	9239.963022508
GLOBAL	X	10700001	10710000	0.0014573211864548	9802	14.28466226963	110	9778.0048231511
GLOBAL	X	10710001	10720000	0.001527227890807	9610	14.676660030656	113	9580.8054662379
GLOBAL	X	10720001	10730000	0.0013785043135357	9046	12.469950020244	96	9007.9405144695
GLOBAL	X	10730001	10740000	0.0014582409540105	9353	13.63892764286	105	9315.3167202572
GLOBAL	X	10740001	10750000	0.0012731443521925	9486	12.077047324898	93	9458.2749196141
GLOBAL	X	10750001	10760000	0.0017530140063011	8524	14.94269138971	115	8116.3874598071
GLOBAL	X	10760001	10770000	0.0015365488598682	9300	14.289904396774	110	9266.4742765273
GLOBAL	X	10770001	10780000	0.0019522658210739	9587	18.716372426636	144	9544.8231511254
GLOBAL	X	10780001	10790000	0.0016948262201971	9135	15.482237521501	119	8992.2652733119
GLOBAL	X	10790001	10800000	0.0018656341229581	9815	18.311198916833	141	9717.2845659164
GLOBAL	X	10800001	10810000	0.0015117081096646	9536	14.415648533762	111	9513.88585209
GLOBAL	X	10810001	10820000	0.0015698446008332	9101	14.287155712183	110	9078.5739549839
GLOBAL	X	10820001	10830000	0.0013753595417889	9725	13.375371543897	103	9704.7041800643
GLOBAL	X	10830001	10840000	0.0012168337443629	9712	11.817889325253	91	9691.5337620579
GLOBAL	X	10840001	10850000	0.0012865800431459	9591	12.339589193812	95	9560.0080385852
GLOBAL	X	10850001	10860000	0.0014239319779961	9680	13.783661547002	106	9621.5675241158
GLOBAL	X	10860001	10870000	0.0015584328823243	9665	15.062253807664	116	9651.0530546624
GLOBAL	X	10870001	10880000	0.0015502352379773	9383	14.545857237941	112	9352.2636655949
GLOBAL	X	10880001	10890000	0.0069600131014656	8961	62.368677402233	476	8313.7090032154
GLOBAL	X	10890001	10900000	0.0019409058600878	9387	18.219283308644	140	9282.7106109325
GLOBAL	X	10900001	10910000	0.001662677898861	9686	16.104698128368	124	9655.7025723473
GLOBAL	X	10910001	10920000	0.0012875718108504	9078	11.6885768989	90	9055.7009646302
GLOBAL	X	10920001	10930000	0.0014671038633765	9563	14.029914245469	108	9523.8327974277
GLOBAL	X	10930001	10940000	0.0013674445187073	9786	13.381812060069	103	9743.4421221865
GLOBAL	X	10940001	10950000	0.001571517609886	9256	14.545966997104	112	9225.9823151125
GLOBAL	X	10950001	10960000	0.0012212367032433	9571	11.688456486742	90	9549.7459807074
GLOBAL	X	10960001	10970000	0.0016603432805657	9621	15.974162702323	123	9586.9790996785
GLOBAL	X	10970001	10980000	0.001222751658834	9665	11.817894782631	91	9637.6173633441
GLOBAL	X	10980001	10990000	0.0018188465618405	9640	17.533680856143	135	9612.3311897106
GLOBAL	X	10990001	11000000	0.0014774038213469	9320	13.769403614953	106	9284.192926045
GLOBAL	X	11000001	11010000	0.0015778217077054	9075	14.318731997427	110	9000.3633440514
GLOBAL	X	11010001	11020000	0.0016164751046531	9480	15.324183992111	118	9451.2266881029
GLOBAL	X	11020001	11030000	0.0013738372649958	9735	13.374305774734	103	9720.3649517685
GLOBAL	X	11030001	11040000	0.0014530316221805	9475	13.76747462016	106	9447.2604501608
GLOBAL	X	11040001	11050000	0.0016741280429699	9162	15.338361129691	118	9123.2604501608
GLOBAL	X	11050001	11060000	0.0022637285391024	9580	21.686519404601	167	9550.5112540193
GLOBAL	X	11060001	11070000	0.0013354922838374	9434	12.599034205722	97	9407.7508038585
GLOBAL	X	11070001	11080000	0.001169840168144	9327	10.911099248279	84	9284.2331189711
GLOBAL	X	11080001	11090000	0.0017279033669052	9629	16.63798151993	128	9394.0707395498
GLOBAL	X	11090001	11100000	0.0016207965889825	8975	14.546649386118	112	8954.115755627
GLOBAL	X	11100001	11110000	0.0015154741432573	9341	14.156043972166	109	9317.0273311897
GLOBAL	X	11110001	11120000	0.0013435811582297	9472	12.726400730752	98	9450.8440514469
GLOBAL	X	11120001	11130000	0.0014378373744563	9483	13.635011821969	105	9451.5225080386
GLOBAL	X	11130001	11140000	0.001536215010483	9722	14.935082331916	115	9698.8745980707
GLOBAL	X	11140001	11150000	0.0013178514807253	9362	12.33772556255	95	9337.4147909968
GLOBAL	X	11150001	11160000	0.0015552766831509	9689	15.069075783049	116	9650.6848874598
GLOBAL	X	11160001	11170000	0.00124299636369	9617	11.953896029607	92	9574.7250803858
GLOBAL	X	11170001	11180000	0.0011299470623783	9425	10.649751062915	82	9401.5321543408
GLOBAL	X	11180001	11190000	0.0014970123600639	9631	14.417726039776	111	9600.1704180064
GLOBAL	X	11190001	11200000	0.0016635013927149	9604	15.976267375634	123	9570.0241157556
GLOBAL	X	11200001	11210000	0.0012443593636728	9499	11.820169595528	91	9463.8649517685
GLOBAL	X	11210001	11220000	0.0016580767853603	9638	15.980544057302	123	9604.1639871383
GLOBAL	X	11220001	11230000	0.0015711943365542	9505	14.934202168948	115	9486.1559485531
GLOBAL	X	11230001	11240000	0.001658887688322	9630	15.975088438541	123	9609.9517684887
GLOBAL	X	11240001	11250000	0.0013546807723646	9490	12.85592052974	99	9472.0868167203
GLOBAL	X	11250001	11260000	0.00073537669609856	8831	6.4941116032464	50	8813.1237942122
GLOBAL	X	11260001	11270000	0.0013820843384096	9793	13.534751926045	104	9751.3810289389
GLOBAL	X	11270001	11280000	0.0018121332062722	9676	17.53420090389	135	9650.2733118971
GLOBAL	X	11280001	11290000	0.0015009339112479	9524	14.294894570725	110	9468.3536977492
GLOBAL	X	11290001	11300000	0.0013913937237879	9335	12.98866041156	100	9311.4774919614
GLOBAL	X	11300001	11310000	0.0016749561199207	9537	15.974056515684	123	9512.7379421222
GLOBAL	X	11310001	11320000	0.0015246543094643	9801	14.94313688706	115	9743.8504823151
GLOBAL	X	11320001	11330000	0.0018194246364444	9640	17.539253495324	135	9590.6945337621
GLOBAL	X	11330001	11340000	0.0015559660617772	9777	15.212680185996	117	9656.3826366559
GLOBAL	X	11340001	11350000	0.001697882856012	9408	15.973681909361	123	9373.8681672026
GLOBAL	X	11350001	11360000	0.0015975851936503	9755	15.584443564058	120	9724.3424437299
GLOBAL	X	11360001	11370000	0.0011462619075489	9291	10.649919383037	82	9265.4710610932
GLOBAL	X	11370001	11380000	0.0014373139438866	9669	13.89738852344	107	9639.1800643087
GLOBAL	X	11380001	11390000	0.0011038507717493	9413	10.390547314476	80	9381.845659164
GLOBAL	X	11390001	11400000	0.0014742829819373	9433	13.906911368615	107	9373.5675241158
GLOBAL	X	11400001	11410000	0.0012553467764363	9520	11.950901311674	92	9476.075562701
GLOBAL	X	11410001	11420000	0.0014484044248946	9504	13.765635654198	106	9471.0643086817
GLOBAL	X	11420001	11430000	0.0014029042703205	9630	13.509968123186	104	9586.2508038585
GLOBAL	X	11430001	11440000	0.0020439418059078	7893	16.13283267403	123	7485.5530546624
GLOBAL	X	11440001	11450000	0.0018002035550599	5893	10.608599549968	80	4948.4741935484
GLOBAL	X	11450001	11460000	0.0015858013126374	8046	12.75935736148	96	7200.9901960784
GLOBAL	X	11460001	11470000	0.0015917322571381	7633	12.149692318735	92	6815.5
GLOBAL	X	11470001	11480000	0.0015676004805442	9777	15.326429898281	118	9744.4903536977
GLOBAL	X	11480001	11490000	0.0016492756633831	9300	15.338263669463	118	9247.2572347267
GLOBAL	X	11490001	11500000	0.0014370937916115	9400	13.508681641148	104	9369.4549839228
GLOBAL	X	11500001	11510000	0.0014573285295197	9716	14.159403992813	109	9674.3713826367
GLOBAL	X	11510001	11520000	0.0013362900827155	9718	12.98606702383	100	9696.2395498392
GLOBAL	X	11520001	11530000	0.0012264709944202	9545	11.706665641741	90	9508.2057877813
GLOBAL	X	11530001	11540000	0.0024494600549005	9447	23.140049138645	178	9369.0241157556
GLOBAL	X	11540001	11550000	0.0025274000877956	9259	23.4011974129	180	9157.2154340836
GLOBAL	X	11550001	11560000	0.0022269280372629	9399	20.930896622234	161	9290.7556270096
GLOBAL	X	11560001	11570000	0.0017279229454215	8756	15.129693310111	116	8397.8231511254
GLOBAL	X	11570001	11580000	0.0016372719794753	9518	15.583554700646	120	9486.152733119
GLOBAL	X	11580001	11590000	0.0014610175947323	9692	14.160182528145	109	9656.9646302251
GLOBAL	X	11590001	11600000	0.0017273472970517	9702	16.758723475995	129	9664.1945337621
GLOBAL	X	11600001	11610000	0.0017505616115719	9470	16.577818461585	127	9172.3263665595
GLOBAL	X	11610001	11620000	0.0018990786524392	9179	17.431642950739	134	9125.8906752412
GLOBAL	X	11620001	11630000	0.0015861683100107	9420	14.941705480301	115	9382.2090032154
GLOBAL	X	11630001	11640000	0.0013362213195117	9528	12.731516732307	98	9491.2749196141
GLOBAL	X	11640001	11650000	0.0016897311220414	9704	16.39715080829	126	9567.5852090032
GLOBAL	X	11650001	11660000	0.0018329494943791	9569	17.539493711714	135	9518.8906752412
GLOBAL	X	11660001	11670000	0.0014065107595727	9696	13.637528324817	105	9659.4790996785
GLOBAL	X	11670001	11680000	0.0026270291836852	6764	17.769225398446	134	5648.6736334405
GLOBAL	X	11680001	11690000	0.0022591954086074	8767	19.806366147261	151	8126.3971061093
GLOBAL	X	11690001	11700000	0.0013352353314283	9437	12.600615822689	97	9391.0128617363
GLOBAL	X	11700001	11710000	0.0012703998449904	9008	11.443761803674	88	8970.8392282958
GLOBAL	X	11710001	11720000	0.0014599699943814	9785	14.285806395022	110	9759.3922829582
GLOBAL	X	11720001	11730000	0.0017747163453012	9809	17.40819263106	134	9769.3311897106
GLOBAL	X	11730001	11740000	0.0019341908537073	9603	18.574034768151	143	9572.2266881029
GLOBAL	X	11740001	11750000	0.0016088024857166	9690	15.589296086594	120	9627.6045016077
GLOBAL	X	11750001	11760000	0.0016689390397998	9577	15.983429184163	123	9514.0257234727
GLOBAL	X	11760001	11770000	0.001701989123923	9772	16.631837718976	128	9714.6575562701
GLOBAL	X	11770001	11780000	0.0015193252275256	9830	14.934966986576	115	9802.7427652733
GLOBAL	X	11780001	11790000	0.0014923483711811	9747	14.545919573902	112	9706.461414791
GLOBAL	X	11790001	11800000	0.0017926611694611	9564	17.145011424726	132	9523.5916398714
GLOBAL	X	11800001	11810000	0.0014519460555895	9572	13.898027644103	107	9538.4742765273
GLOBAL	X	11810001	11820000	0.0013302917488287	9762	12.986308052066	100	9734.8360128617
GLOBAL	X	11820001	11830000	0.0015781808679036	9711	15.325714408212	118	9686.1832797428
GLOBAL	X	11830001	11840000	0.0014302143866249	9625	13.765813471264	106	9605.0289389068
GLOBAL	X	11840001	11850000	0.0017762512380181	9724	17.272267038488	133	9704.5610932476
GLOBAL	X	11850001	11860000	0.001547905556133	9817	15.195788844557	117	9787.6012861736
GLOBAL	X	11860001	11870000	0.0012545864854956	9538	11.966245898657	92	8756.1881028939
GLOBAL	X	11870001	11880000	0.0012536751658047	9636	12.080413897694	93	9592.2090032154
GLOBAL	X	11880001	11890000	0.0016788247093773	9444	15.854820555359	122	9382.9162640902
GLOBAL	X	11890001	11900000	0.0021566201033674	9708	20.936467963491	161	9604.7922705314
GLOBAL	X	11900001	11910000	0.0020474825387025	8326	17.047339617237	130	8051.731511254
GLOBAL	X	11910001	11920000	0.00197887135804	9393	18.587538666069	143	9313.3697749196
GLOBAL	X	11920001	11930000	0.0018894618428658	8284	15.6523019063	118	7286.347266881
GLOBAL	X	11930001	11940000	0.0028731766002686	9604	27.59398806898	211	9372.9726247987
GLOBAL	X	11940001	11950000	0.0017034784580726	9537	16.246074054638	125	9393.8295819936
GLOBAL	X	11950001	11960000	0.0018171116111757	9608	17.458808360176	134	9347.3778135048
GLOBAL	X	11960001	11970000	0.0057846669823194	9231	53.39826091379	411	9103.3231511254
GLOBAL	X	11970001	11980000	0.0068902104570654	9278	63.927372620653	492	9165.4807073955
GLOBAL	X	11980001	11990000	0.0078271006040266	9263	72.502432895098	558	9197.7958199357
GLOBAL	X	11990001	12000000	0.0085621541997869	9590	82.111058775956	632	9546.0450160772
GLOBAL	X	12000001	12010000	0.0050889371112614	9344	47.551028367627	366	9304.3392282958
GLOBAL	X	12010001	12020000	0.0018500575867221	9483	17.544096094886	135	9433.5265700483
GLOBAL	X	12020001	12030000	0.0015139351780093	9610	14.548917060669	112	9571.6254019293
GLOBAL	X	12030001	12040000	0.001449677317743	9764	14.154649330443	109	9746.3295819936
GLOBAL	X	12040001	12050000	0.0013970034742592	9668	13.506229589138	104	9644.5176848875
GLOBAL	X	12050001	12060000	0.0014272670242708	9373	13.37777381849	103	9344.8408360129
GLOBAL	X	12060001	12070000	0.0014640581423733	9229	13.511792595963	104	9157.8585209003
GLOBAL	X	12070001	12080000	0.0016674498278909	9426	15.7173820777	121	9390.4501607717
GLOBAL	X	12080001	12090000	0.0015274296349938	9608	14.67554393302	113	9583.4678456592
GLOBAL	X	12090001	12100000	0.0016707041400178	9178	15.333722597083	118	9124.5980707396
GLOBAL	X	12100001	12110000	0.0013584704013678	9476	12.872865523361	99	9414.154340836
GLOBAL	X	12110001	12120000	0.0017650614239747	9492	16.753963036368	129	9464.2347266881
GLOBAL	X	12120001	12130000	0.0013812533578481	9687	13.380201277475	103	9650.3344051447
GLOBAL	X	12130001	12140000	0.0017468400874881	9447	16.5023983065	127	9394.2861736334
GLOBAL	X	12140001	12150000	0.0022071404041718	9473	20.908241048719	161	9451.9019292605
GLOBAL	X	12150001	12160000	0.0017912756744441	9577	17.155047134151	132	9500.1045016077
GLOBAL	X	12160001	12170000	0.0023664579029946	9281	21.963095797693	169	9221.0353697749
GLOBAL	X	12170001	12180000	0.001514083197213	9778	14.804705502349	114	9751.9340836013
GLOBAL	X	12180001	12190000	0.0018329006934131	9848	18.050406028733	139	9831.8954983923
GLOBAL	X	12190001	12200000	0.0012298412164148	9830	12.089339157357	93	9778.0675241158
GLOBAL	X	12200001	12210000	0.0015601614361828	9657	15.066478989217	116	9622.6864951768
GLOBAL	X	12210001	12220000	0.0018708886185914	9719	18.18316648409	140	9689.1430868167
GLOBAL	X	12220001	12230000	0.0014566175924296	9544	13.901958302148	107	9503.5112540193
GLOBAL	X	12230001	12240000	0.0016258709537866	9589	15.59047657586	120	9109.6382636656
GLOBAL	X	12240001	12250000	0.00186672695946	9258	17.28215819068	133	9223.0321543408
GLOBAL	X	12250001	12260000	0.0016353497596772	9214	15.068112685666	116	9179.1752411576
GLOBAL	X	12260001	12270000	0.0016408000547247	9578	15.715582924153	121	9544.8954983923
GLOBAL	X	12270001	12280000	0.0017853463782334	9459	16.88759139171	130	9412.1318327974
GLOBAL	X	12280001	12290000	0.0052133027444503	9271	48.332529743799	372	9240.1382636656
GLOBAL	X	12290001	12300000	0.0077348805131794	9184	71.037142633039	547	9153.9790996785
GLOBAL	X	12300001	12310000	0.0042512681736302	9017	38.333685121624	295	8971.6093247588
GLOBAL	X	12310001	12320000	0.0057029473088089	9550	54.463146799125	419	9388.3424437299
GLOBAL	X	12320001	12330000	0.0062592450115158	9508	59.512901569493	458	9451.4646302251
GLOBAL	X	12330001	12340000	0.0057513443540215	9080	52.222206734515	402	9040.5884244373
GLOBAL	X	12340001	12350000	0.011175262387876	9137	102.10837243802	786	9100.8745980707
GLOBAL	X	12350001	12360000	0.012495172207767	9114	113.88099950158	876	9022.307073955
GLOBAL	X	12360001	12370000	0.011688019811168	8679	101.44032394113	780	8608.5980707395
GLOBAL	X	12370001	12380000	0.010925588866878	9193	100.43893845321	773	9150.5530546624
GLOBAL	X	12380001	12390000	0.010394353641728	8876	92.26028292398	710	8771.1173633441
GLOBAL	X	12390001	12400000	0.011463738927069	8947	102.56607218048	787	8211.3504823151
GLOBAL	X	12400001	12410000	0.011133077683138	8889	98.96192752541	761	8720.0546623794
GLOBAL	X	12410001	12420000	0.011655469121082	9098	106.04145806361	815	8937.7958199357
GLOBAL	X	12420001	12430000	0.013306613075396	8923	118.73490847175	913	8838.7347266881
GLOBAL	X	12430001	12440000	0.010373078020935	9302	96.49037175074	741	9027.2845659164
GLOBAL	X	12440001	12450000	0.011443925122551	9131	104.49448029402	802	9007.1045016077
GLOBAL	X	12450001	12460000	0.0088358153950582	8407	74.282700026255	562	7391.2887096774
GLOBAL	X	12460001	12470000	0.0091077149439119	9163	83.453992031064	641	8949.7556270096
GLOBAL	X	12470001	12480000	0.0089215102415413	9379	83.674844555416	644	9307.5659163987
GLOBAL	X	12480001	12490000	0.0066675103810256	9562	63.754734263366	491	9547.1495176849
GLOBAL	X	12490001	12500000	0.0028593470634645	9132	26.111557383558	201	9109.8488745981
GLOBAL	X	12500001	12510000	0.0015600178511899	9412	14.6828880154	113	9375.5723472669
GLOBAL	X	12510001	12520000	0.0017266666568539	9705	16.757299904767	129	9667.4421221865
GLOBAL	X	12520001	12530000	0.0015580492988422	9756	15.200328959505	117	9586.0739549839
GLOBAL	X	12530001	12540000	0.0015555326255588	9532	14.827336986827	114	9471.4389067524
GLOBAL	X	12540001	12550000	0.001652323534338	9355	15.457486663732	119	9328.1382636656
GLOBAL	X	12550001	12560000	0.0079410368462608	8839	70.190824684099	539	8621.5273311897
GLOBAL	X	12560001	12570000	0.006019446918171	9378	56.450373198608	434	9322.3681672026
GLOBAL	X	12570001	12580000	0.0054340317155415	9468	51.449412282747	396	9438.1012861736
GLOBAL	X	12580001	12590000	0.0079195871328014	9537	75.529102485527	581	9476.5514469453
GLOBAL	X	12590001	12600000	0.0030332281271779	9422	28.57907541427	220	9389.0900321543
GLOBAL	X	12600001	12610000	0.0014543939254686	7622	11.085390499922	84	7081.5819935691
GLOBAL	X	12610001	12620000	0.0042454037890983	9391	39.868586983422	307	9370.5627009646
GLOBAL	X	12620001	12630000	0.0025624822648195	9634	24.686954139271	190	9585.463022508
GLOBAL	X	12630001	12640000	0.0012191726293268	9700	11.82597450447	91	9649.8199356913
GLOBAL	X	12640001	12650000	0.0028558617446692	9595	27.401993440101	211	9572.6993569132
GLOBAL	X	12650001	12660000	0.0053809797276885	9413	50.651162176732	390	9386.9967845659
GLOBAL	X	12660001	12670000	0.0015511562583372	9379	14.548294546944	112	9335.3536977492
GLOBAL	X	12670001	12680000	0.0017572290821385	9830	17.273561877422	133	9806.075562701
GLOBAL	X	12680001	12690000	0.00165820598772	9197	15.250520469061	117	8878.11414791
GLOBAL	X	12690001	12700000	0.0015592679349669	9670	15.07812093113	116	9636.538585209
GLOBAL	X	12700001	12710000	0.0012998790761591	9591	12.467140219442	96	9569.7829581994
GLOBAL	X	12710001	12720000	0.0014578761976035	9445	13.769640686365	106	9413.4324758842
GLOBAL	X	12720001	12730000	0.001312308501853	9207	12.082424376561	93	9157.2331189711
GLOBAL	X	12730001	12740000	0.0014865140095001	9616	14.294318715353	110	9537.0723472669
GLOBAL	X	12740001	12750000	0.0013848633591538	9290	12.865380606539	99	9242.3938906752
GLOBAL	X	12750001	12760000	0.0016283688444908	9264	15.085208975363	116	9204.1977491961
GLOBAL	X	12760001	12770000	0.0035956364341795	9177	32.997155556466	254	9135.8167202572
GLOBAL	X	12770001	12780000	0.0021974604880961	9045	19.87603011483	153	9001.1205787781
GLOBAL	X	12780001	12790000	0.0016580903620592	9322	15.456718355116	119	9292.7749196142
GLOBAL	X	12790001	12800000	0.0014965010766895	9202	13.770802907697	106	9174.0128617363
GLOBAL	X	12800001	12810000	0.0016097612432896	9520	15.324927036117	118	9497.4646302251
GLOBAL	X	12810001	12820000	0.0013258305823315	9408	12.473414118575	96	9374.1012861736
GLOBAL	X	12820001	12830000	0.0012917558533946	9553	12.340143667479	95	9524.1864951768
GLOBAL	X	12830001	12840000	0.0012536661441867	9634	12.077819633095	93	9594.2668810289
GLOBAL	X	12840001	12850000	0.0015201201672854	9231	14.032229264211	108	9194.1784565916
GLOBAL	X	12850001	12860000	0.0028380511798548	8751	24.835785874909	191	8377.075562701
GLOBAL	X	12860001	12870000	0.0014910758027725	9669	14.417211937007	111	9633.7508038585
GLOBAL	X	12870001	12880000	0.0031547420675781	9304	29.351720196747	226	9275.3311897106
GLOBAL	X	12880001	12890000	0.0020825141489425	9544	19.875515037508	153	9506.9807073955
GLOBAL	X	12890001	12900000	0.0010624739176349	9168	9.7407608768766	75	9114.9131832797
GLOBAL	X	12900001	12910000	0.0015643370922572	9382	14.676610599557	113	9353.2138263666
GLOBAL	X	12910001	12920000	0.0016658997746223	9279	15.45788400872	119	9244.6672025723
GLOBAL	X	12920001	12930000	0.001631555418603	9239	15.073940512473	116	9193.1655948553
GLOBAL	X	12930001	12940000	0.0017593935699037	9303	16.367638380814	126	9267.6495176849
GLOBAL	X	12940001	12950000	0.0020340316147965	9592	19.510431249128	150	9550.4903536977
GLOBAL	X	12950001	12960000	0.0012652432403152	8333	10.543271921547	81	8213.6864951768
GLOBAL	X	12960001	12970000	0.0016657510132932	6468	10.77407755398	82	6059.2443729904
GLOBAL	X	12970001	12980000	0.0016261505564906	9664	15.715118977925	121	9635.2668810289
GLOBAL	X	12980001	12990000	0.0014694051728295	9547	14.028411185004	108	9514.7668810289
GLOBAL	X	12990001	13000000	0.001556802109017	9618	14.973322684526	115	9244.001607717
GLOBAL	X	13000001	13010000	0.0015043830843965	9460	14.231463978391	107	8974.7942122186
GLOBAL	X	13010001	13020000	0.0015080158010727	9045	13.640002920702	105	9007.8327974277
GLOBAL	X	13020001	13030000	0.0018657021418899	8910	16.623406084239	128	8876.6655948553
GLOBAL	X	13030001	13040000	0.0075671409772974	9083	68.732341496792	529	9039.3585209003
GLOBAL	X	13040001	13050000	0.0060652741778857	9018	54.696642536173	421	8983.8922829582
GLOBAL	X	13050001	13060000	0.0064565996773747	8979	57.973808503148	446	8924.884244373
GLOBAL	X	13060001	13070000	0.0061587966563691	9050	55.73710974014	429	9019.5273311897
GLOBAL	X	13070001	13080000	0.0066330346581607	9269	61.481598246491	473	9210.1720257235
GLOBAL	X	13080001	13090000	0.0049172038203217	9112	44.805561210772	345	9076.8118971061
GLOBAL	X	13090001	13100000	0.0057005663506603	9071	51.70983736684	398	9025.652733119
GLOBAL	X	13100001	13110000	0.0069988260974101	8919	62.4225299628	480	8766.4308681672
GLOBAL	X	13110001	13120000	0.0073325554531113	9198	67.444845057718	519	9142.9437299035
GLOBAL	X	13120001	13130000	0.0066097687528098	9363	61.887264832558	476	9289.0819935691
GLOBAL	X	13130001	13140000	0.0066782644382715	9031	60.31140614203	464	8961.6607717042
GLOBAL	X	13140001	13150000	0.0060030738015501	9131	54.814066881954	422	9091.7395498392
GLOBAL	X	13150001	13160000	0.0065585248481993	8820	57.846189161118	445	8751.5852090032
GLOBAL	X	13160001	13170000	0.0068274048932323	9305	63.529002531527	489	9274.5450160772
GLOBAL	X	13170001	13180000	0.006721293304364	9070	60.962130270581	469	9024.6430868167
GLOBAL	X	13180001	13190000	0.0077991460532752	9194	71.705348813812	552	9154.2781350482
GLOBAL	X	13190001	13200000	0.0072609713836374	9139	66.358017475062	510	9049.8167202572
GLOBAL	X	13200001	13210000	0.0052354915280123	9403	49.2293268379	379	9368.2411575563
GLOBAL	X	13210001	13220000	0.0061040414089737	9386	57.292532664628	441	9351.5578778135
GLOBAL	X	13220001	13230000	0.0059566521167225	9421	56.117619591643	432	9391.8263665595
GLOBAL	X	13230001	13240000	0.0053542640014401	9267	49.617964501345	382	9216.6881028939
GLOBAL	X	13240001	13250000	0.0041175455285289	8991	37.020851847004	285	8942.8408360129
GLOBAL	X	13250001	13260000	0.0066855014044356	9285	62.074880540185	478	9258.6061093248
GLOBAL	X	13260001	13270000	0.0067296889982748	9148	61.563194956218	474	9120.4662379421
GLOBAL	X	13270001	13280000	0.0064498457567909	9002	58.061511502632	447	8940.422829582
GLOBAL	X	13280001	13290000	0.0044535679972051	9331	41.556242981921	320	9305.9292604502
GLOBAL	X	13290001	13300000	0.0013128986347935	9299	12.208644404945	94	9271.7443729904
GLOBAL	X	13300001	13310000	0.0090459338842464	9104	82.354182082179	634	9053.9196141479
GLOBAL	X	13310001	13320000	0.0074556772253082	9424	70.262302171305	541	9393.8215434084
GLOBAL	X	13320001	13330000	0.0048648393850534	9104	44.289497761526	341	9064.498392283
GLOBAL	X	13330001	13340000	0.0059981983616612	9161	54.949495191178	423	9119.7009646302
GLOBAL	X	13340001	13350000	0.0065328723220353	9168	59.89337344842	461	9141.0627009646
GLOBAL	X	13350001	13360000	0.0044653029990435	9540	42.598990610875	328	9507.5466237942
GLOBAL	X	13360001	13370000	0.0013476119089562	9443	12.725499256274	98	9423.7154340836
GLOBAL	X	13370001	13380000	0.0013269635372167	9407	12.482745994598	96	9359.1189710611
GLOBAL	X	13380001	13390000	0.0026154748719651	8988	23.507888149222	181	8964.192926045
GLOBAL	X	13390001	13400000	0.0089225798959301	9232	82.373257599227	634	9168.038585209
GLOBAL	X	13400001	13410000	0.0077306946653648	9059	70.03236297354	538	8858.9871382637
GLOBAL	X	13410001	13420000	0.0063808437633674	8947	57.089409150849	439	8848.3006430868
GLOBAL	X	13420001	13430000	0.0085214159200782	9029	76.939864342387	592	8947.8311897106
GLOBAL	X	13430001	13440000	0.0060642832950647	9281	56.282613261495	433	9232.8906752412
GLOBAL	X	13440001	13450000	0.0079644715336259	9150	72.874914532677	561	9109.6479099678
GLOBAL	X	13450001	13460000	0.0079801559609139	9229	73.648859363274	567	9195.7636655949
GLOBAL	X	13460001	13470000	0.0060058868811106	8285	49.758772810002	382	7076.2347266881
GLOBAL	X	13470001	13480000	0.0083880116974984	9400	78.847309956485	607	9358.615755627
GLOBAL	X	13480001	13490000	0.0088738285796466	9212	81.745708875704	629	9161.3745980707
GLOBAL	X	13490001	13500000	0.0030716267683803	9670	29.702630850237	228	9528.5450160772
GLOBAL	X	13500001	13510000	0.0059380319173324	9277	55.087122097092	424	9237.2588424437
GLOBAL	X	13510001	13520000	0.0073337090266112	9369	68.70951987032	529	9335.6881028939
GLOBAL	X	13520001	13530000	0.0020602036103652	9839	20.270343322383	156	9792.5852090032
GLOBAL	X	13530001	13540000	0.0015922012103301	9546	15.199152753812	117	9514.2765273312
GLOBAL	X	13540001	13550000	0.003367430220082	8801	29.636753366941	228	8748.1398713826
GLOBAL	X	13550001	13560000	0.005837056703301	9196	53.677573443556	413	9151.8874598071
GLOBAL	X	13560001	13570000	0.0073783646758601	9266	68.36792708652	526	9222.5562700965
GLOBAL	X	13570001	13580000	0.0026614100839221	9470	25.203553494742	194	9423.538585209
GLOBAL	X	13580001	13590000	0.0016077881603979	9617	15.462098738547	119	9492.2443729904
GLOBAL	X	13590001	13600000	0.0015793366143998	9621	15.19479756714	117	9584.6028938907
GLOBAL	X	13600001	13610000	0.0066949941881277	8851	59.257393559118	456	8817.0418006431
GLOBAL	X	13610001	13620000	0.007368131962406	9137	67.322621740504	518	9085.0450160772
GLOBAL	X	13620001	13630000	0.0058736699334435	9578	56.258010622522	433	9529.5610932476
GLOBAL	X	13630001	13640000	0.0044081075966501	9488	41.824124877017	322	9446.3135048232
GLOBAL	X	13640001	13650000	0.0018725044620772	9779	18.311221134653	141	9755.8392282958
GLOBAL	X	13650001	13660000	0.0017972079893019	9828	17.662960118859	136	9789.7958199357
GLOBAL	X	13660001	13670000	0.0016253292823076	9348	15.193578131011	117	9328.4115755627
GLOBAL	X	13670001	13680000	0.0016952342293529	9652	16.362400781714	126	9629.3633440514
GLOBAL	X	13680001	13690000	0.0019193146739261	9542	18.314100618603	141	9501.1977491961
GLOBAL	X	13690001	13700000	0.0024250038201227	9533	23.117561417229	178	9509.575562701
GLOBAL	X	13700001	13710000	0.0033716180223123	9399	31.689837791714	244	9363.6109324759
GLOBAL	X	13710001	13720000	0.001556483031593	9263	14.417702321646	111	9234.0160771704
GLOBAL	X	13720001	13730000	0.001731586464535	9526	16.495092661161	127	9496.7990353698
GLOBAL	X	13730001	13740000	0.0012373869054439	9551	11.818282333895	91	9527.2588424437
GLOBAL	X	13740001	13750000	0.0012434310867233	9712	12.076202714257	93	9693.8199356913
GLOBAL	X	13750001	13760000	0.001447642343017	9891	14.318630414781	110	9769.2556270096
GLOBAL	X	13760001	13770000	0.0018624666637798	9624	17.924379172217	138	9562.6414790997
GLOBAL	X	13770001	13780000	0.0016790329299709	9591	16.103604831351	124	9560.8874598071
GLOBAL	X	13780001	13790000	0.0016412014249292	9659	15.852364563391	122	9623.1688102894
GLOBAL	X	13790001	13800000	0.002034648313908	9585	19.502104088808	150	9520.6463022508
GLOBAL	X	13800001	13810000	0.0019114473314566	9785	18.703512138303	144	9755.9003215434
GLOBAL	X	13810001	13820000	0.00175566550171	9696	17.02293270458	131	9657.845659164
GLOBAL	X	13820001	13830000	0.0014315046853129	9799	14.027314411381	108	9756.2909967846
GLOBAL	X	13830001	13840000	0.0016799362660309	9511	15.97787382622	123	9472.9951768489
GLOBAL	X	13840001	13850000	0.0012855663271173	9497	12.209023408633	94	9467.6623794212
GLOBAL	X	13850001	13860000	0.0017704165992849	9612	17.017244352326	131	9574.2427652733
GLOBAL	X	13860001	13870000	0.001674641854697	9618	16.106705358476	124	9568.9131832797
GLOBAL	X	13870001	13880000	0.0016508591517376	9362	15.455343378567	119	9329.1414790997
GLOBAL	X	13880001	13890000	0.0061804295894651	9355	57.817918809446	445	9318.6559485531
GLOBAL	X	13890001	13900000	0.0052202930772947	8983	46.893892713339	361	8932.7668810289
GLOBAL	X	13900001	13910000	0.0060144136584557	9156	55.06797145682	424	9121.9501607717
GLOBAL	X	13910001	13920000	0.0044116712393562	9424	41.575589759693	320	9380.4839228296
GLOBAL	X	13920001	13930000	0.0014700987777448	9805	14.414318515787	111	9780.4855305466
GLOBAL	X	13930001	13940000	0.0015616351385534	9647	15.065094181624	116	9611.4276527331
GLOBAL	X	13940001	13950000	0.0014067205910634	9422	13.254121408999	102	9358.6945337621
GLOBAL	X	13950001	13960000	0.0017026216076261	9460	16.106800408143	124	9420.5884244373
GLOBAL	X	13960001	13970000	0.0016103535485575	9123	14.69125542349	113	8864.5996784566
GLOBAL	X	13970001	13980000	0.0015967112626884	9435	15.064970763465	116	9406.2942122187
GLOBAL	X	13980001	13990000	0.0019104398206898	9653	18.441475589118	142	9623.6977491961
GLOBAL	X	13990001	14000000	0.0017223248737568	9656	16.630768980995	128	9592.8279742765
GLOBAL	X	14000001	14010000	0.0018380873427383	9187	16.886508417737	130	9137.463022508
GLOBAL	X	14010001	14020000	0.001399444031269	9658	13.515830453996	104	9600.2475884244
GLOBAL	X	14020001	14030000	0.0050662845676251	9383	47.536948098026	366	9346.8424437299
GLOBAL	X	14030001	14040000	0.0067978821135945	9230	62.744451908477	483	9179.3617363344
GLOBAL	X	14040001	14050000	0.0037874595192029	9341	35.378659368874	272	9219.0980707395
GLOBAL	X	14050001	14060000	0.0025940289814916	9513	24.67699770093	190	9470.0594855305
GLOBAL	X	14060001	14070000	0.0050901908761271	9466	48.183746833419	371	9442.845659164
GLOBAL	X	14070001	14080000	0.0064806299469367	8868	57.470226369434	442	8769.961414791
GLOBAL	X	14080001	14090000	0.0068079553472124	8767	59.685344529011	459	8666.5128617363
GLOBAL	X	14090001	14100000	0.0053849862315102	9004	48.486416028518	373	8907.9340836013
GLOBAL	X	14100001	14110000	0.0094963797138699	8801	83.577637861769	642	8669.8440514469
GLOBAL	X	14110001	14120000	0.0077816106487589	8608	66.984104464517	515	8522.0289389068
GLOBAL	X	14120001	14130000	0.0093647616407045	8928	83.60859192821	643	8854.0594855305
GLOBAL	X	14130001	14140000	0.0065099406437047	9401	61.199951991468	471	9280.8247588424
GLOBAL	X	14140001	14150000	0.0025614481515935	9081	23.260510664621	178	8241.8279742765
GLOBAL	X	14150001	14160000	0.0058861265436301	8654	50.938539108575	389	7968.5192926045
GLOBAL	X	14160001	14170000	0.0079441693905677	8519	67.676379038246	515	7727.8729903537
GLOBAL	X	14170001	14180000	0.0084305698989982	8384	70.681898033201	543	8264.4678456592
GLOBAL	X	14180001	14190000	0.0081352410763728	8997	73.192763964126	563	8864.7877813505
GLOBAL	X	14190001	14200000	0.0092958679078303	8777	81.589832627026	627	8604.538585209
GLOBAL	X	14200001	14210000	0.0082844416400989	8875	73.524419555878	565	8751.9887278583
GLOBAL	X	14210001	14220000	0.0054037105772774	7258	39.220131369879	301	6978.6328502415
GLOBAL	X	14220001	14230000	0.0066428603400111	8268	54.923169291211	422	8037.998389694
GLOBAL	X	14230001	14240000	0.0051247343333912	8209	42.068944142808	322	7898.1465378422
GLOBAL	X	14240001	14250000	0.0063248417589532	8086	51.142670462895	392	7824.1771336554
GLOBAL	X	14250001	14260000	0.0060493595707367	6068	36.70751387523	280	5359.1690821256
GLOBAL	X	14260001	14270000	0.0051358314976933	4696	24.117864713168	179	3753.1774193548
GLOBAL	X	14270001	14280000	0.0057176527062916	7581	43.345525166397	331	7395.2620578778
GLOBAL	X	14280001	14290000	0.0076008568220741	5929	45.065480098077	343	5489.1270096463
GLOBAL	X	14290001	14300000	0.0064249777941014	7596	48.804131323994	373	7254.0627009646
GLOBAL	X	14300001	14310000	0.0052694369755364	7861	41.423044064692	316	7389.4766505636
GLOBAL	X	14310001	14320000	0.0049795536508977	8307	41.365152178008	317	7945.3971061093
GLOBAL	X	14320001	14330000	0.007763239307652	7417	57.579945944855	441	7156.9308681672
GLOBAL	X	14330001	14340000	0.0023329610439673	8316	19.400904041632	149	8220.4276527331
GLOBAL	X	14340001	14350000	0.0042568411087284	8624	36.710997721673	282	8478.4533762058
GLOBAL	X	14350001	14360000	0.0019746027770469	8370	16.527425243882	127	8243.8360128617
GLOBAL	X	14360001	14370000	0.0019478813799619	7305	14.229273480621	109	7053.845659164
GLOBAL	X	14370001	14380000	0.0022674616364349	6134	13.908609677892	104	5047.3022508039
GLOBAL	X	14380001	14390000	0.0014080951498696	5972	8.4091442350214	54	2975.9226804124
GLOBAL	X	14390001	14400000	0.0025198074776677	5086	12.815740831418	89	2567.055
GLOBAL	X	14400001	14410000	0.0024098241705808	6233	15.02043405523	93	2482.6973684211
GLOBAL	X	14410001	14420000	0.0014258167415223	5279	7.5268865784964	51	1720.6247723133
GLOBAL	X	14420001	14430000	0.001044283121587	5533	5.7780185117409	37	1491.3431855501
GLOBAL	X	14430001	14440000	0.0023898519317264	7465	17.840244670338	123	6362.7459807074
GLOBAL	X	14440001	14450000	0.0020086842379434	8298	16.668061806454	128	8124.7443729904
GLOBAL	X	14450001	14460000	0.0018574056101373	8107	15.057987281383	114	7824.2861736334
GLOBAL	X	14460001	14470000	0.0016696115446055	9574	15.984860928053	123	9521.7826086957
GLOBAL	X	14470001	14480000	0.001623532465805	9366	15.20600507473	117	9305.4967845659
GLOBAL	X	14480001	14490000	0.001633283202033	9709	15.857546608539	122	9636.3215434084
GLOBAL	X	14490001	14500000	0.0017982605765849	9186	16.518821656509	127	8968.8778135048
GLOBAL	X	14500001	14510000	0.0016947217036018	8898	15.079633718649	116	8699.5209003215
GLOBAL	X	14510001	14520000	0.002324600832597	9341	21.714096377289	167	9270.077170418
GLOBAL	X	14520001	14530000	0.0026726314950444	9479	25.333873941526	195	9434.8697749196
GLOBAL	X	14530001	14540000	0.0020043661606967	9530	19.101609511439	147	9465.768488746
GLOBAL	X	14540001	14550000	0.0018927207721921	9744	18.44267120424	142	9715.2138263666
GLOBAL	X	14550001	14560000	0.0020608916064614	9209	18.978750803903	146	9121.9742765273
GLOBAL	X	14560001	14570000	0.0017940915505691	9344	16.763991448518	129	9285.924437299
GLOBAL	X	14570001	14580000	0.0019084800255739	8585	16.384301019552	126	8221.307073955
GLOBAL	X	14580001	14590000	0.0025279304596412	1671	4.2241717980605	31	1137.2540192926
GLOBAL	X	14590001	14600000	0.0020642727771356	6717	13.86572024402	105	5680.4115755627
GLOBAL	X	14600001	14610000	0.0023179231028619	8995	20.849718310242	160	8744.7234726688
GLOBAL	X	14610001	14620000	0.0031408617925402	8605	27.027115724808	207	8199.6881028939
GLOBAL	X	14620001	14630000	0.0026624619079253	9333	24.848756986667	191	9210.2270531401
GLOBAL	X	14630001	14640000	0.002696113259732	9409	25.367729660818	195	9283.3440514469
GLOBAL	X	14640001	14650000	0.0010571072155797	5232	5.530784951913	42	3648.2173913043
GLOBAL	X	14650001	14660000	0.0018963239904641	7628	14.46515939926	107	6484.67752443
GLOBAL	X	14660001	14670000	0.0023302497148267	6440	15.006808163484	113	5706.7234726688
GLOBAL	X	14670001	14680000	0.0019329581307029	5870	11.346464227226	86	4230.1028938907
GLOBAL	X	14680001	14690000	0.0016553555423636	5515	9.1292858161351	70	4793.3080645161
GLOBAL	X	14690001	14700000	0.0020602000428284	7590	15.636918325067	116	6868.884244373
GLOBAL	X	14700001	14710000	0.0020034332601842	8696	17.421855630562	134	8624.6270096463
GLOBAL	X	14710001	14720000	0.002212533859924	9097	20.127420523729	154	8958.8118971061
GLOBAL	X	14720001	14730000	0.0026374293455739	9476	24.992280478658	192	9345.5659163987
GLOBAL	X	14730001	14740000	0.0019140199471378	7608	14.561863757824	111	5892.4417475728
GLOBAL	X	14740001	14750000	0.0016231707028853	4612	7.486063281707	56	3055.8044982699
GLOBAL	X	14750001	14760000	0.0022138907141485	6015	13.316552645603	99	4217.1528455285
GLOBAL	X	14760001	14770000	0.0028306583477344	8303	23.502956261239	180	8010.2548387097
GLOBAL	X	14770001	14780000	0.003186627482452	8476	27.009854541263	206	7934.0966183575
GLOBAL	X	14780001	14790000	0.0027331775035728	8747	23.907103623751	183	8486.1426256078
GLOBAL	X	14790001	14800000	0.0027653585960484	8672	23.981189744932	183	8185.7288961039
GLOBAL	X	14800001	14810000	0.0074215472621844	8473	62.882769952489	477	7975.2751235585
GLOBAL	X	14810001	14820000	0.013691930575377	7505	102.75793896821	780	6809.142394822
GLOBAL	X	14820001	14830000	0.010459043510643	8186	85.617730178126	650	7420.2445923461
GLOBAL	X	14830001	14840000	0.0098205119048255	7044	69.175685857591	522	5324.6575562701
GLOBAL	X	14840001	14850000	0.017413972962448	7215	125.64181492406	951	6226.9196141479
GLOBAL	X	14850001	14860000	0.0098148672111877	6470	63.502190856385	476	4395.4324758842
GLOBAL	X	14860001	14870000	0.012948158401433	7788	100.84025763036	763	6793.6221864952
GLOBAL	X	14870001	14880000	0.011528713007684	8073	93.07130011103	715	7912.1752411576
GLOBAL	X	14880001	14890000	0.0093300123168449	8828	82.365348733107	633	8625.7668810289
GLOBAL	X	14890001	14900000	0.010711387987944	7781	83.345309934192	639	7549.6961414791
GLOBAL	X	14900001	14910000	0.0081944834510678	7141	58.516806324075	447	6503.0546623794
GLOBAL	X	14910001	14920000	0.0070769964545384	8690	61.499099189939	473	8581.6270096463
GLOBAL	X	14920001	14930000	0.004903432473738	9035	44.302512400223	341	8977.5546623794
GLOBAL	X	14930001	14940000	0.0035250662088054	9514	33.537479910574	258	9412.424437299
GLOBAL	X	14940001	14950000	0.0019129449278959	9777	18.702862560038	144	9728.6736334405
GLOBAL	X	14950001	14960000	0.0015884056980093	9811	15.58384830317	120	9764.5964630225
GLOBAL	X	14960001	14970000	0.0016944098587511	9658	16.364610415818	126	9632.0096463022
GLOBAL	X	14970001	14980000	0.0013718886534386	9561	13.116627415527	101	9529.6945337621
GLOBAL	X	14980001	14990000	0.0016454644095317	9786	16.102514711677	124	9757.1350482315
GLOBAL	X	14990001	15000000	0.0018306149839623	9862	18.053524971837	139	9832.2749196141
GLOBAL	X	15000001	15010000	0.0018184060651511	9502	17.278494431065	133	9462.8344051447
GLOBAL	X	15010001	15020000	0.0041930209232132	9344	39.179587506504	301	9226.6961414791
GLOBAL	X	15020001	15030000	0.0027934603876564	9300	25.979181605205	200	9051.4453376206
GLOBAL	X	15030001	15040000	0.0015679252669839	9444	14.807486221396	114	9407.9855305466
GLOBAL	X	15040001	15050000	0.0015555634281523	9369	14.574073758359	112	9025.7749196141
GLOBAL	X	15050001	15060000	0.0016911597748935	9489	16.047415103964	123	9433.2781350482
GLOBAL	X	15060001	15070000	0.0014006700869021	9832	13.771388294421	106	9795.3376205788
GLOBAL	X	15070001	15080000	0.0015068667744294	9309	14.027422803163	108	9280.3585209003
GLOBAL	X	15080001	15090000	0.0016390487663217	9434	15.462786061479	119	9397.4967845659
GLOBAL	X	15090001	15100000	0.0015350334141343	9646	14.80693231274	114	9620.6463022508
GLOBAL	X	15100001	15110000	0.0014664200570302	9568	14.030707105665	108	9495.6254019293
GLOBAL	X	15110001	15120000	0.0012573043567472	9709	12.207167999659	94	9679.2073954984
GLOBAL	X	15120001	15130000	0.0012996424972415	9594	12.468770118535	96	9565.9421221865
GLOBAL	X	15130001	15140000	0.0013664435629553	9611	13.132889083563	101	9199.4855305466
GLOBAL	X	15140001	15150000	0.0014001659381888	9463	13.249770273081	102	9436.9437299035
GLOBAL	X	15150001	15160000	0.0011988282610009	9750	11.688575544759	90	9722.6125401929
GLOBAL	X	15160001	15170000	0.0013090416995802	9624	12.59821731676	97	9601.0627009646
GLOBAL	X	15170001	15180000	0.0016455419913419	9787	16.104919469263	124	9758.7958199357
GLOBAL	X	15180001	15190000	0.0015994235883858	9670	15.466426099691	119	9652.3344051447
GLOBAL	X	15190001	15200000	0.0015940125211067	9695	15.45395139213	119	9671.3536977492
GLOBAL	X	15200001	15210000	0.0016167582730587	9879	15.971954979546	123	9858.8601286174
GLOBAL	X	15210001	15220000	0.0014653432150563	9394	13.765434162238	106	9368.4581993569
GLOBAL	X	15220001	15230000	0.001508920207664	9736	14.690847141816	113	9687.0948553055
GLOBAL	X	15230001	15240000	0.0015966012111635	9517	15.194853726643	117	9493.4324758842
GLOBAL	X	15240001	15250000	0.001493580071121	9740	14.547469892719	112	9693.0996784566
GLOBAL	X	15250001	15260000	0.0014780449957318	9667	14.28826097374	110	9630.4485530547
GLOBAL	X	15260001	15270000	0.0012340906200632	9366	11.558492747512	89	9337.7186495177
GLOBAL	X	15270001	15280000	0.0015113246984277	9625	14.546500222366	112	9592.2041800643
GLOBAL	X	15280001	15290000	0.0013989927586374	9654	13.505876091886	104	9622.6350482315
GLOBAL	X	15290001	15300000	0.0012507218247719	9659	12.080722105472	93	9629.5434083601
GLOBAL	X	15300001	15310000	0.0016108100997094	9594	15.454112096612	119	9567.3102893891
GLOBAL	X	15310001	15320000	0.0014658499079196	9657	14.15571256078	109	9627.7652733119
GLOBAL	X	15320001	15330000	0.0014550489154684	9823	14.292945496646	110	9794.6688102894
GLOBAL	X	15330001	15340000	0.0016848122462	9643	16.246644490107	125	9590.7893890675
GLOBAL	X	15340001	15350000	0.0015519481147488	9541	14.807136962818	114	9511.4163987138
GLOBAL	X	15350001	15360000	0.0020477847683608	9142	18.720848352354	144	9072.1430868167
GLOBAL	X	15360001	15370000	0.0016613491777756	9233	15.339236958402	118	8878.9067524116
GLOBAL	X	15370001	15380000	0.0016860369170346	9637	16.248337769463	125	9544.5916398714
GLOBAL	X	15380001	15390000	0.0016486694007598	9688	15.972309154561	123	9662.7090032154
GLOBAL	X	15390001	15400000	0.0013044520669106	8788	11.46352476401	88	8349.2106109325
GLOBAL	X	15400001	15410000	0.0016840003254459	9410	15.846443062446	122	9376.7266881029
GLOBAL	X	15410001	15420000	0.0015653951729833	9707	15.195290944149	117	9675.5450160772
GLOBAL	X	15420001	15430000	0.0022495008302374	6975	15.690268290906	120	6595.4421221865
GLOBAL	X	15430001	15440000	0.0015126450124249	9624	14.557695599577	112	9567.5578778135
GLOBAL	X	15440001	15450000	0.0014416438736288	9459	13.636509400655	105	9427.7363344051
GLOBAL	X	15450001	15460000	0.0015853686985954	8301	13.16014556704	100	7541.9903536977
GLOBAL	X	15460001	15470000	0.0016850217702834	8953	15.085999909348	116	8891.4372990354
GLOBAL	X	15470001	15480000	0.0013390350374673	9234	12.364649535973	95	9168.6800643087
GLOBAL	X	15480001	15490000	0.0016807003425109	9737	16.364979235029	126	9699.9839228296
GLOBAL	X	15490001	15500000	0.0017724653733348	9674	17.146830021641	132	9627.1559485531
GLOBAL	X	15500001	15510000	0.0019071410046321	9603	18.314275067482	141	9568.691318328
GLOBAL	X	15510001	15520000	0.0012873293879428	9484	12.209031915249	94	9450.536977492
GLOBAL	X	15520001	15530000	0.001919619171748	9743	18.702849590341	144	9714.1864951768
GLOBAL	X	15530001	15540000	0.0017019999025383	9467	16.11283307733	124	9404.9694533762
GLOBAL	X	15540001	15550000	0.0016057973684548	9562	15.354634437164	118	9405.7508038585
GLOBAL	X	15550001	15560000	0.0014938818440429	9665	14.438368022675	111	9621.5170731707
GLOBAL	X	15560001	15570000	0.001842643387404	9383	17.289522904012	133	9339.1334405145
GLOBAL	X	15570001	15580000	0.001892451905871	9062	17.149399171003	132	9012.5980707395
GLOBAL	X	15580001	15590000	0.0015178345633818	9754	14.804958331226	114	9727.7347266881
GLOBAL	X	15590001	15600000	0.0019235728785106	9588	18.44321675916	142	9555.6077170418
GLOBAL	X	15600001	15610000	0.0016910116699886	9369	15.843088336124	122	9348.4340836013
GLOBAL	X	15610001	15620000	0.0018863745419082	9638	18.180877834911	140	9615.1961414791
GLOBAL	X	15620001	15630000	0.0018866045069678	9091	17.151121572844	132	9037.1736334405
GLOBAL	X	15630001	15640000	0.0018660728798722	9470	17.67171017239	136	9436.1736334405
GLOBAL	X	15640001	15650000	0.0016268126821203	9421	15.326202278255	118	9393.1784565916
GLOBAL	X	15650001	15660000	0.001736410128136	9580	16.634809027543	128	9513.5578778135
GLOBAL	X	15660001	15670000	0.0020070683415497	9641	19.350145880881	149	9617.8762057878
GLOBAL	X	15670001	15680000	0.0017555698205146	9692	17.014982700428	131	9648.8440514469
GLOBAL	X	15680001	15690000	0.002186639420277	9328	20.396972512344	157	9247.6221864952
GLOBAL	X	15690001	15700000	0.0016786235427701	9612	16.134929493106	124	9369.5932475884
GLOBAL	X	15700001	15710000	0.0017032393429609	9014	15.35299943745	118	8399.7057877814
GLOBAL	X	15710001	15720000	0.001808390887586	9556	17.280983321772	133	9508.1463022508
GLOBAL	X	15720001	15730000	0.0022818640055835	9624	21.960659189736	169	9575.9163987138
GLOBAL	X	15730001	15740000	0.0018386779866746	9186	16.890095985592	130	9129.347266881
GLOBAL	X	15740001	15750000	0.0017335832099444	9448	16.378894167555	126	9372.1479099678
GLOBAL	X	15750001	15760000	0.0014650621548741	9401	13.773049317972	106	9342.5610932476
GLOBAL	X	15760001	15770000	0.0019005604154687	9500	18.055323946953	139	9443.7749196141
GLOBAL	X	15770001	15780000	0.0018598112577503	9708	18.05504769024	139	9661.1881028939
GLOBAL	X	15780001	15790000	0.0022483141896922	9763	21.950291433965	169	9721.3408360129
GLOBAL	X	15790001	15800000	0.0019389226364371	9511	18.441093195154	142	9487.0627009646
GLOBAL	X	15800001	15810000	0.0021501245460675	9185	19.74889395563	152	9122.0096463023
GLOBAL	X	15810001	15820000	0.0016768284149386	7848	13.159749400438	101	7711.5562700965
GLOBAL	X	15820001	15830000	0.0016998627028128	6755	11.4825725575	88	6535.2286634461
GLOBAL	X	15830001	15840000	0.0018304381853673	7418	13.578190459054	104	7218.6109324759
GLOBAL	X	15840001	15850000	0.0014752190276563	6474	9.5505679850468	73	6055.567961165
GLOBAL	X	15850001	15860000	0.0016451066641338	7715	12.691997913792	97	7277.1922455574
GLOBAL	X	15860001	15870000	0.0022441157509775	8814	19.779636229115	152	8729.2532467532
GLOBAL	X	15870001	15880000	0.003283044759278	9117	29.931519070338	229	8925.5399673736
GLOBAL	X	15880001	15890000	0.0024171040299593	8740	21.125489221844	162	8593.7630718954
GLOBAL	X	15890001	15900000	0.0028659387704707	8533	24.455055528426	187	8287.8311688312
GLOBAL	X	15900001	15910000	0.0012215560128784	6858	8.3774311363197	64	6415.3841166937
GLOBAL	X	15910001	15920000	0.0026465668398362	8949	23.684126649694	181	8721.9003322259
GLOBAL	X	15920001	15930000	0.0019833048745337	7664	15.200048558426	116	7111.8456486043
GLOBAL	X	15930001	15940000	0.0017158890894609	8326	14.286492558851	108	7779.5489864865
GLOBAL	X	15940001	15950000	0.0015462635655275	8611	13.314875562757	101	7563.48
GLOBAL	X	15950001	15960000	0.001096456129316	7852	8.6093735273895	64	5758.4653784219
GLOBAL	X	15960001	15970000	0.0014051452311369	8943	12.566213802057	95	8056.1041666667
GLOBAL	X	15970001	15980000	0.0013454307716706	1567	2.1082900192079	16	1435.4686940966
GLOBAL	MtDNA	1	10000	0.010401126314668	9313	96.865689368502	746	9303.3778135048
GLOBAL	MtDNA	10001	20000	0.01075051850759	3490	37.519309591488	289	3489.3617363344
