Orthogroup	Ce_transcript	Ct_transcript
OG0002539	transcript_C06B8.10.1	transcript_NIC58.10289.2
OG0002540	transcript_T03F7.2.1	transcript_NIC58.8341.1
OG0002541	transcript_T24A6.4.1	transcript_NIC58.7582.1
OG0002542	transcript_AC3.1a.1	transcript_NIC58.8562.1
OG0002543	transcript_F13A7.8.1	transcript_NIC58.9826.1
OG0002544	transcript_F33H12.5.1	transcript_NIC58.5869.1
OG0002545	transcript_T07H3.1.1	transcript_NIC58.16963.1
OG0002546	transcript_T07H3.6.1	transcript_NIC58.5421.1
OG0002548	transcript_Y75B8A.37.1	transcript_NIC58.11804.1
OG0002549	transcript_F54D10.8.1	transcript_NIC58.7313.1
OG0002550	transcript_F09E8.3a.1	transcript_NIC58.12543.1
OG0002552	transcript_F22F7.12.1	transcript_NIC58.13307.1
OG0002553	transcript_T05B4.3.1	transcript_NIC58.7640.1
OG0002554	transcript_T05B4.11.1	transcript_NIC58.7643.1
OG0002555	transcript_F35E8.1.1	transcript_NIC58.9178.1
OG0002557	transcript_C03G6.13.1	transcript_NIC58.7622.1
OG0002558	transcript_T05B4.12.1	transcript_NIC58.7644.3
OG0002561	transcript_W09G10.6.1	transcript_NIC58.5806.2
OG0002563	transcript_C18B10.8.1	transcript_NIC58.7572.1
OG0002566	transcript_C50B6.10.1	transcript_NIC58.7966.1
OG0002567	transcript_T19H12.7.1	transcript_NIC58.8351.1
OG0002568	transcript_C55A1.5.1	transcript_NIC58.16886.1
OG0002569	transcript_F22B8.5a.1	transcript_NIC58.10001.1
OG0002570	transcript_ZK418.1.1	transcript_NIC58.15363.1
OG0002572	transcript_T01G5.2.1	transcript_NIC58.8375.2
OG0002573	transcript_C17G1.3a.1	transcript_NIC58.17440.1
OG0002574	transcript_C49A9.8.2	transcript_NIC58.11673.1
OG0002575	transcript_C33A12.6a.1	transcript_NIC58.11485.1
OG0002576	transcript_F10D2.5.1	transcript_NIC58.8997.1
OG0002577	transcript_C35A5.2.1	transcript_NIC58.8533.1
OG0002578	transcript_C10H11.3.1	transcript_NIC58.1006.1
OG0002579	transcript_C10H11.6a.1	transcript_NIC58.10694.1
OG0002580	transcript_C36C5.5.1	transcript_NIC58.6629.1
OG0002581	transcript_C16C10.2.1	transcript_NIC58.15939.1
OG0002582	transcript_Y80D3A.4.1	transcript_NIC58.10473.1
OG0002583	transcript_Y17D7A.3a.1	transcript_NIC58.10479.1
OG0002584	transcript_Y17D7A.1.1	transcript_NIC58.10478.1
OG0002585	transcript_R11G11.2.1	transcript_NIC58.7804.2
OG0002586	transcript_C17E7.1.1	transcript_NIC58.7801.1
OG0002587	transcript_T01G6.7.1	transcript_NIC58.7394.1
OG0002588	transcript_M02H5.1.1	transcript_NIC58.7393.3
OG0002591	transcript_Y46G5A.13.1	transcript_NIC58.5620.1
OG0002592	transcript_C18A3.5a.1	transcript_NIC58.5003.1
OG0002595	transcript_R10E11.1b.1	transcript_NIC58.15714.1
OG0002597	transcript_T04C12.2a.1	transcript_NIC58.8404.1
OG0002598	transcript_Y48G1C.5.1	transcript_NIC58.6596.1
OG0002600	transcript_K07F5.8.1	transcript_NIC58.12168.1
OG0002601	transcript_C33H5.16.1	transcript_NIC58.2211.2
OG0002603	transcript_B0464.5a.1	transcript_NIC58.15796.4
OG0002604	transcript_F22D6.5a.2	transcript_NIC58.128.4
OG0002605	transcript_F57G8.4.1	transcript_NIC58.10088.1
OG0002606	transcript_T06G6.7.1	transcript_NIC58.6607.1
OG0002608	transcript_C29F9.9.1	transcript_NIC58.6568.2
OG0002610	transcript_C33A12.8.1	transcript_NIC58.11480.1
OG0002611	transcript_R07B5.7.1	transcript_NIC58.9274.1
OG0002612	transcript_T03G11.2.1	transcript_NIC58.18266.1
OG0002613	transcript_T02D1.3.1	transcript_NIC58.12264.1
OG0002614	transcript_C33A12.11.1	transcript_NIC58.11484.1
OG0002615	transcript_C33A12.10.1	transcript_NIC58.11481.1
OG0002616	transcript_C33A12.14.1	transcript_NIC58.11479.1
OG0002617	transcript_C33A12.13.1	transcript_NIC58.11478.1
OG0002618	transcript_T07H8.3.1	transcript_NIC58.8964.1
OG0002619	transcript_T01C4.3.1	transcript_NIC58.8994.1
OG0002620	transcript_T01C4.4.1	transcript_NIC58.8995.1
OG0002621	transcript_C03A7.6.1	transcript_NIC58.7153.1
OG0002622	transcript_E02C12.2.1	transcript_NIC58.9155.1
OG0002623	transcript_E02C12.3.1	transcript_NIC58.9154.1
OG0002624	transcript_Y43B11AL.2b.1	transcript_NIC58.11817.1
OG0002625	transcript_T10H4.9.1	transcript_NIC58.10000.1
OG0002627	transcript_F16B4.2b.1	transcript_NIC58.7695.1
OG0002628	transcript_Y17G7B.8.1	transcript_NIC58.4876.1
OG0002629	transcript_F53H1.4a.1	transcript_NIC58.13422.1
OG0002630	transcript_T26H2.9a.1	transcript_NIC58.10505.1
OG0002631	transcript_ZK697.2a.1	transcript_NIC58.6461.1
OG0002632	transcript_F59B2.9.1	transcript_NIC58.16195.1
OG0002633	transcript_F59B2.8.1	transcript_NIC58.16127.1
OG0002634	transcript_Y43B11AL.1.1	transcript_NIC58.11819.1
OG0002635	transcript_ZK1320.4.1	transcript_NIC58.3812.3
OG0002636	transcript_T10B9.8.2	transcript_NIC58.3765.1
OG0002637	transcript_T10B9.4.1	transcript_NIC58.3760.2
OG0002638	transcript_T10B9.7.1	transcript_NIC58.3767.1
OG0002639	transcript_T10B9.3.1	transcript_NIC58.3759.1
OG0002640	transcript_K11G9.1.1	transcript_NIC58.8912.1
OG0002642	transcript_B0238.7.1	transcript_NIC58.7927.1
OG0002643	transcript_C52A10.1.1	transcript_NIC58.7906.1
OG0002644	transcript_F13H6.3.1	transcript_NIC58.8909.1
OG0002645	transcript_F56C11.6b.1	transcript_NIC58.426.1
OG0002646	transcript_K11G9.2.1	transcript_NIC58.8911.2
OG0002647	transcript_D1054.8.1	transcript_NIC58.8476.1
OG0002648	transcript_F28H7.2.1	transcript_NIC58.8485.1
OG0002649	transcript_F02C12.2.1	transcript_NIC58.9672.1
OG0002650	transcript_Y45F10D.13d.1	transcript_NIC58.11255.1
OG0002651	transcript_F35D11.1.1	transcript_NIC58.10335.1
OG0002652	transcript_E03A3.4.1	transcript_NIC58.2213.1
OG0002653	transcript_F45E1.6.1	transcript_NIC58.18770.2
OG0002654	transcript_Y17G9A.5.1	transcript_NIC58.11278.1
OG0002655	transcript_T08B6.6.1	transcript_NIC58.11276.1
OG0002656	transcript_Y9C9A.7.1	transcript_NIC58.11294.1
OG0002657	transcript_Y9C9A.3.1	transcript_NIC58.11296.1
OG0002658	transcript_T08B6.7.1	transcript_NIC58.11277.1
OG0002659	transcript_T01G5.5.1	transcript_NIC58.9671.1
OG0002660	transcript_Y17G9A.1.1	transcript_NIC58.11279.1
OG0002661	transcript_Y6E2A.7.1	transcript_NIC58.6053.2
OG0002663	transcript_ZC196.5.1	transcript_NIC58.7076.3
OG0002664	transcript_Y2H9A.4b.1	transcript_NIC58.6680.1
OG0002665	transcript_Y6E2A.5.1	transcript_NIC58.9324.1
OG0002666	transcript_T26C12.6.1	transcript_NIC58.11794.1
OG0002667	transcript_R10D12.2.1	transcript_NIC58.6892.1
OG0002668	transcript_Y38E10A.19.1	transcript_NIC58.5643.1
OG0002669	transcript_Y38E10A.18.1	transcript_NIC58.5642.2
OG0002671	transcript_T22H2.5b.1	transcript_NIC58.2390.2
OG0002672	transcript_B0365.5a.1	transcript_NIC58.8682.1
OG0002673	transcript_F14E5.1.1	transcript_NIC58.3268.1
OG0002675	transcript_K10D11.5.1	transcript_NIC58.12408.2
OG0002676	transcript_Y69H2.8.1	transcript_NIC58.10551.1
OG0002677	transcript_F38H12.3a.1	transcript_NIC58.7631.1
OG0002678	transcript_Y41D4B.21a.1	transcript_NIC58.13637.1
OG0002679	transcript_R13D11.8a.1	transcript_NIC58.7686.1
OG0002680	transcript_F36A4.6.1	transcript_NIC58.13289.2
OG0002681	transcript_Y41E3.2.1	transcript_NIC58.10993.1
OG0002682	transcript_C24F3.6.1	transcript_NIC58.12307.1
OG0002683	transcript_C53B4.5.1	transcript_NIC58.11412.1
OG0002684	transcript_ZC513.8.1	transcript_NIC58.6837.1
OG0002685	transcript_F23H12.4a.1	transcript_NIC58.8075.1
OG0002686	transcript_F36A4.10.1	transcript_NIC58.13294.1
OG0002687	transcript_T05F1.13.1	transcript_NIC58.302.1
OG0002688	transcript_Y94H6A.2.1	transcript_NIC58.5608.1
OG0002689	transcript_C41C4.6.1	transcript_NIC58.3334.2
OG0002690	transcript_F07G11.9.1	transcript_NIC58.6537.1
OG0002691	transcript_K12D9.9.1	transcript_NIC58.10313.1
OG0002692	transcript_F10D2.1.1	transcript_NIC58.8832.1
OG0002694	transcript_C42D4.9.1	transcript_NIC58.11845.1
OG0002695	transcript_M7.13.1	transcript_NIC58.12013.1
OG0002696	transcript_F49E11.10a.1	transcript_NIC58.12415.1
OG0002697	transcript_T10H4.3.1	transcript_NIC58.9757.1
OG0002698	transcript_ZK1320.6.1	transcript_NIC58.3811.1
OG0002699	transcript_ZK945.4.1	transcript_NIC58.3950.1
OG0002700	transcript_R13A1.9.1	transcript_NIC58.11857.1
OG0002701	transcript_T19C3.1.1	transcript_NIC58.13686.2
OG0002702	transcript_Y73F8A.11.1	transcript_NIC58.10959.1
OG0002703	transcript_ZC518.1e.1	transcript_NIC58.12235.2
OG0002704	transcript_R13.3.1	transcript_NIC58.12757.3
OG0002705	transcript_T21D12.15.1	transcript_NIC58.13570.2
OG0002706	transcript_Y37E11AR.1.1	transcript_NIC58.12899.1
OG0002707	transcript_T07C4.6.1	transcript_NIC58.14252.1
OG0002708	transcript_H14A12.4.1	transcript_NIC58.16334.1
OG0002709	transcript_F21H11.3.1	transcript_NIC58.16485.1
OG0002710	transcript_ZK328.8b.1	transcript_NIC58.14451.1
OG0002711	transcript_Y46E12A.4.1	transcript_NIC58.14250.2
OG0002712	transcript_F57A8.5.1	transcript_NIC58.9619.1
OG0002714	transcript_C17E7.5.1	transcript_NIC58.7530.1
OG0002715	transcript_C17E7.7a.1	transcript_NIC58.7531.1
OG0002716	transcript_C17E7.6.2	transcript_NIC58.7220.1
OG0002717	transcript_F47C10.4.1	transcript_NIC58.7529.1
OG0002718	transcript_T24A6.11.1	transcript_NIC58.7687.1
OG0002719	transcript_F48G7.13.1	transcript_NIC58.6485.1
OG0002720	transcript_Y60A3A.8.1	transcript_NIC58.10390.1
OG0002721	transcript_D1025.3.1	transcript_NIC58.10717.1
OG0002723	transcript_ZK686.6.1	transcript_NIC58.3901.1
OG0002724	transcript_T07F8.1.1	transcript_NIC58.7198.1
OG0002725	transcript_F15A4.7.1	transcript_NIC58.5920.1
OG0002726	transcript_T12A2.11.1	transcript_NIC58.14354.1
OG0002727	transcript_T12A2.13.1	transcript_NIC58.14353.1
OG0002728	transcript_C18F10.5.1	transcript_NIC58.14355.1
OG0002729	transcript_F15A4.4.1	transcript_NIC58.5919.1
OG0002731	transcript_Y26D4A.6.1	transcript_NIC58.2989.1
OG0002732	transcript_Y53H1A.3.1	transcript_NIC58.2746.1
OG0002733	transcript_K04F1.12b.1	transcript_NIC58.6397.1
OG0002734	transcript_ZK370.3a.1	transcript_NIC58.16309.4
OG0002735	transcript_F49E12.2.1	transcript_NIC58.3443.1
OG0002736	transcript_Y77E11A.23.1	transcript_NIC58.16856.1
OG0002737	transcript_C09H5.6.1	transcript_NIC58.6828.1
OG0002738	transcript_F11G11.7.1	transcript_NIC58.5219.1
OG0002739	transcript_T20D3.2.1	transcript_NIC58.11436.1
OG0002740	transcript_Y53G8AM.5.1	transcript_NIC58.11437.1
OG0002742	transcript_C27D9.1.1	transcript_NIC58.5244.2
OG0002743	transcript_K08F4.7.1	transcript_NIC58.12320.1
OG0002744	transcript_F07C3.10.1	transcript_NIC58.9138.1
OG0002745	transcript_R02C2.4b.1	transcript_NIC58.7353.1
OG0002746	transcript_C56E10.1.1	transcript_NIC58.18529.1
OG0002747	transcript_C13C4.3a.1	transcript_NIC58.8157.1
OG0002748	transcript_C13C4.1.1	transcript_NIC58.8158.1
OG0002749	transcript_R07B7.16.1	transcript_NIC58.8160.1
OG0002750	transcript_C13C4.2.1	transcript_NIC58.8159.2
OG0002751	transcript_Y104H12BR.1b.1	transcript_NIC58.13396.1
OG0002752	transcript_Y47D3A.10.1	transcript_NIC58.14854.1
OG0002754	transcript_C24B9.4a.1	transcript_NIC58.7211.1
OG0002755	transcript_M02H5.2.1	transcript_NIC58.10729.1
OG0002756	transcript_F41B5.9.1	transcript_NIC58.7782.1
OG0002757	transcript_T01G6.6b.1	transcript_NIC58.6473.1
OG0002758	transcript_Y17D7A.4.1	transcript_NIC58.10480.1
OG0002759	transcript_C50H11.15.1	transcript_NIC58.6306.1
OG0002760	transcript_C12D5.7.1	transcript_NIC58.6541.2
OG0002761	transcript_Y49C4A.9.1	transcript_NIC58.10962.1
OG0002762	transcript_Y5H2B.6.2	transcript_NIC58.7774.1
OG0002763	transcript_Y37F4.2.1	transcript_NIC58.2153.1
OG0002765	transcript_F44F1.7.1	transcript_NIC58.2056.1
OG0002766	transcript_F35C5.5a.1	transcript_NIC58.3578.2
OG0002767	transcript_ZK666.6.1	transcript_NIC58.4287.3
OG0002768	transcript_C17H12.9.1	transcript_NIC58.11771.1
OG0002769	transcript_T02B5.2.1	transcript_NIC58.16504.1
OG0002770	transcript_T26C11.5.1	transcript_NIC58.16507.1
OG0002771	transcript_T26A5.5a.1	transcript_NIC58.14370.3
OG0002772	transcript_Y45F10B.14.1	transcript_NIC58.12489.1
OG0002773	transcript_C04E6.10.1	transcript_NIC58.8786.1
OG0002774	transcript_F21A3.11.1	transcript_NIC58.10251.2
OG0002775	transcript_F15A4.1.1	transcript_NIC58.5341.1
OG0002776	transcript_R11D1.2.1	transcript_NIC58.9518.1
OG0002777	transcript_Y57A10B.4.1	transcript_NIC58.5333.1
OG0002778	transcript_ZC455.3.1	transcript_NIC58.7095.1
OG0002779	transcript_C13D9.9.1	transcript_NIC58.7913.1
OG0002780	transcript_H23N18.2.1	transcript_NIC58.7411.1
OG0002781	transcript_F32H5.6a.1	transcript_NIC58.7977.1
OG0002782	transcript_F09F3.12.1	transcript_NIC58.18568.1
OG0002783	transcript_F55B12.7.1	transcript_NIC58.6778.1
OG0002784	transcript_F09F3.13.1	transcript_NIC58.6789.1
OG0002785	transcript_M151.10.1	transcript_NIC58.633.1
OG0002786	transcript_W09C3.8.1	transcript_NIC58.1039.1
OG0002787	transcript_T26H5.10.1	transcript_NIC58.2283.1
OG0002788	transcript_F54D10.7.1	transcript_NIC58.5714.1
OG0002789	transcript_C24B9.12.1	transcript_NIC58.7232.1
OG0002790	transcript_ZK678.6.1	transcript_NIC58.9749.1
OG0002793	transcript_C53A5.8.1	transcript_NIC58.7231.1
OG0002794	transcript_R05D8.6.1	transcript_NIC58.7233.1
OG0002795	transcript_F26A3.3.1	transcript_NIC58.822.1
OG0002796	transcript_F01D4.9.1	transcript_NIC58.12863.1
OG0002797	transcript_K08H2.9.1	transcript_NIC58.19538.1
OG0002798	transcript_C18G1.3b.1	transcript_NIC58.10370.1
OG0002799	transcript_C49F5.2.1	transcript_NIC58.19053.2
OG0002800	transcript_W01C8.4.1	transcript_NIC58.5657.1
OG0002801	transcript_R03H4.6.1	transcript_NIC58.9062.1
OG0002802	transcript_H12I19.4a.1	transcript_NIC58.13571.1
OG0002803	transcript_F39G3.6.1	transcript_NIC58.9058.1
OG0002804	transcript_Y67A10A.1.1	transcript_NIC58.9059.1
OG0002805	transcript_R03H4.5.1	transcript_NIC58.9061.1
OG0002806	transcript_F25B5.4.2	transcript_NIC58.14467.1
OG0002807	transcript_ZK1010.1.1	transcript_NIC58.13975.1
OG0002808	transcript_T28D9.9.1	transcript_NIC58.4732.1
OG0002809	transcript_C06E1.7.1	transcript_NIC58.14832.1
OG0002810	transcript_F18E3.1.1	transcript_NIC58.6564.1
OG0002811	transcript_F56D5.10.1	transcript_NIC58.10700.1
OG0002812	transcript_W07A8.1.1	transcript_NIC58.10698.1
OG0002813	transcript_C09E7.1.1	transcript_NIC58.15149.1
OG0002814	transcript_C31A11.6.1	transcript_NIC58.10095.1
OG0002815	transcript_W07A8.5.1	transcript_NIC58.10696.1
OG0002816	transcript_Y64G10A.8.1	transcript_NIC58.11181.1
OG0002818	transcript_C44B9.4.2	transcript_NIC58.14752.1
OG0002819	transcript_T13A10.13.1	transcript_NIC58.11685.1
OG0002820	transcript_Y73B6BL.11.1	transcript_NIC58.11689.1
OG0002821	transcript_F38H4.6.1	transcript_NIC58.14975.1
OG0002822	transcript_T05B4.14.1	transcript_NIC58.7030.1
OG0002823	transcript_Y51A2D.12.1	transcript_NIC58.10570.2
OG0002825	transcript_T07H8.5.1	transcript_NIC58.8961.3
OG0002826	transcript_T19C4.2.1	transcript_NIC58.8378.1
OG0002827	transcript_F36G9.12.1	transcript_NIC58.10108.1
OG0002828	transcript_C31A11.7.1	transcript_NIC58.10094.1
OG0002829	transcript_W06G6.1.1	transcript_NIC58.9684.1
OG0002830	transcript_F09B9.1a.1	transcript_NIC58.17474.2
OG0002831	transcript_T25B2.1.1	transcript_NIC58.18422.1
OG0002832	transcript_T13C5.10.1	transcript_NIC58.18427.1
OG0002833	transcript_F43A11.6.1	transcript_NIC58.8266.1
OG0002834	transcript_F43A11.4.1	transcript_NIC58.8265.1
OG0002835	transcript_F35B12.1a.1	transcript_NIC58.8264.1
OG0002836	transcript_F43A11.1.1	transcript_NIC58.8267.1
OG0002837	transcript_C06B3.3.1	transcript_NIC58.6804.1
OG0002838	transcript_F14H3.10.1	transcript_NIC58.9799.1
OG0002840	transcript_C17H12.3.2	transcript_NIC58.15575.1
OG0002841	transcript_C46H11.9.1	transcript_NIC58.588.1
OG0002842	transcript_C54D10.3.1	transcript_NIC58.8057.2
OG0002843	transcript_F36D1.8.1	transcript_NIC58.3021.2
OG0002844	transcript_C54F6.3.1	transcript_NIC58.7761.1
OG0002845	transcript_C34E11.4.1	transcript_NIC58.18989.1
OG0002846	transcript_B0024.4.1	transcript_NIC58.8576.1
OG0002847	transcript_C16D9.3.1	transcript_NIC58.6947.1
OG0002848	transcript_B0222.1.1	transcript_NIC58.9105.1
OG0002849	transcript_F21C10.6.1	transcript_NIC58.9097.1
OG0002850	transcript_F17C8.2.1	transcript_NIC58.15105.1
OG0002851	transcript_ZC373.7.1	transcript_NIC58.17466.1
OG0002852	transcript_B0024.1.1	transcript_NIC58.8578.1
OG0002853	transcript_B0024.2.1	transcript_NIC58.8577.1
OG0002854	transcript_B0222.7.1	transcript_NIC58.9115.1
OG0002855	transcript_F58D7.1.1	transcript_NIC58.8792.1
OG0002856	transcript_C04E6.2.1	transcript_NIC58.8791.1
OG0002857	transcript_T05A12.1.1	transcript_NIC58.11776.2
OG0002858	transcript_T07H8.1.1	transcript_NIC58.8965.1
OG0002859	transcript_E02C12.9.1	transcript_NIC58.6398.1
OG0002860	transcript_E02C12.19.1	transcript_NIC58.8443.1
OG0002861	transcript_C18B10.6.1	transcript_NIC58.7770.1
OG0002862	transcript_K08D8.3.1	transcript_NIC58.12405.1
OG0002863	transcript_C34D4.2.1	transcript_NIC58.3975.1
OG0002864	transcript_F23B12.1.1	transcript_NIC58.4237.1
OG0002865	transcript_F22D6.9.1	transcript_NIC58.130.1
OG0002866	transcript_Y71G12B.30a.1	transcript_NIC58.629.1
OG0002868	transcript_C05C10.2b.1	transcript_NIC58.3730.2
OG0002869	transcript_F16D3.1.1	transcript_NIC58.1121.2
OG0002870	transcript_ZK899.4.1	transcript_NIC58.17268.1
OG0002871	transcript_C44B11.3.1	transcript_NIC58.14119.1
OG0002872	transcript_T28D6.2.1	transcript_NIC58.14879.1
OG0002873	transcript_F32H2.9.1	transcript_NIC58.1572.1
OG0002874	transcript_F40F4.5.1	transcript_NIC58.17955.3
OG0002875	transcript_F02E11.3.1	transcript_NIC58.5854.1
OG0002876	transcript_Y38E10A.6b.1	transcript_NIC58.17046.2
OG0002878	transcript_R06B9.2b.1	transcript_NIC58.19251.1
OG0002879	transcript_C18H2.1.1	transcript_NIC58.16384.1
OG0002880	transcript_C18H2.5.1	transcript_NIC58.15368.1
OG0002881	transcript_F37A4.4.1	transcript_NIC58.15260.1
OG0002882	transcript_B0513.1a.1	transcript_NIC58.11225.1
OG0002883	transcript_B0213.16.1	transcript_NIC58.7599.1
OG0002884	transcript_T09H2.1.1	transcript_NIC58.7605.1
OG0002887	transcript_F58E6.6.1	transcript_NIC58.9251.1
OG0002888	transcript_F13A7.12.1	transcript_NIC58.8085.1
OG0002889	transcript_K01D12.1.1	transcript_NIC58.8084.1
OG0002890	transcript_T22H2.3.1	transcript_NIC58.2383.1
OG0002891	transcript_T22H2.1.1	transcript_NIC58.2382.1
OG0002892	transcript_F36D3.1.1	transcript_NIC58.16957.1
OG0002893	transcript_C13A2.5.1	transcript_NIC58.6727.1
OG0002894	transcript_Y41D4B.16.1	transcript_NIC58.13628.1
OG0002896	transcript_C34H4.3a.1	transcript_NIC58.13626.2
OG0002897	transcript_W07B8.5.1	transcript_NIC58.7337.1
OG0002898	transcript_F44C4.3.1	transcript_NIC58.8901.1
OG0002899	transcript_W07B8.4a.1	transcript_NIC58.7331.1
OG0002900	transcript_T11A5.7a.1	transcript_NIC58.9278.1
OG0002901	transcript_T11A5.3.1	transcript_NIC58.9277.1
OG0002902	transcript_T11A5.2.1	transcript_NIC58.9276.1
OG0002903	transcript_C06C6.5a.1	transcript_NIC58.9993.1
OG0002904	transcript_C06C6.4.1	transcript_NIC58.9994.1
OG0002905	transcript_C33G8.9.1	transcript_NIC58.8970.1
OG0002906	transcript_T10H4.2.1	transcript_NIC58.10194.1
OG0002907	transcript_ZK993.2a.1	transcript_NIC58.12286.1
OG0002908	transcript_C30F2.2.1	transcript_NIC58.17202.1
OG0002909	transcript_C27A12.8.1	transcript_NIC58.2016.4
OG0002910	transcript_C27D6.10.1	transcript_NIC58.5126.1
OG0002911	transcript_F58A6.10b.1	transcript_NIC58.5131.1
OG0002912	transcript_F23F12.10.1	transcript_NIC58.14093.1
OG0002913	transcript_C48B6.5.1	transcript_NIC58.1870.1
OG0002914	transcript_ZK1055.4.1	transcript_NIC58.8897.1
OG0002915	transcript_F32H2.11.1	transcript_NIC58.1585.1
OG0002916	transcript_F31F4.1b.1	transcript_NIC58.6504.1
OG0002917	transcript_D1014.5.1	transcript_NIC58.6911.1
OG0002918	transcript_D1014.6.1	transcript_NIC58.6910.1
OG0002919	transcript_D1014.7a.1	transcript_NIC58.6902.1
OG0002920	transcript_Y51B9A.4.1	transcript_NIC58.3742.1
OG0002921	transcript_Y40H7A.4b.1	transcript_NIC58.11009.1
OG0002923	transcript_C23G10.1b.1	transcript_NIC58.14811.1
OG0002924	transcript_F56B6.2h.1	transcript_NIC58.18008.4
OG0002925	transcript_C05B5.7b.1	transcript_NIC58.15647.1
OG0002926	transcript_C18H7.8.1	transcript_NIC58.12931.1
OG0002927	transcript_H23L24.1.1	transcript_NIC58.13158.1
OG0002929	transcript_K04F1.16.1	transcript_NIC58.6608.1
OG0002930	transcript_C51E3.3.1	transcript_NIC58.8946.1
OG0002931	transcript_C51E3.1.1	transcript_NIC58.8617.1
OG0002932	transcript_C51E3.5.1	transcript_NIC58.8614.1
OG0002933	transcript_F20A1.3.1	transcript_NIC58.9020.1
OG0002934	transcript_T19B10.10.1	transcript_NIC58.8359.1
OG0002935	transcript_F17A2.6.1	transcript_NIC58.19522.1
OG0002936	transcript_F17A2.12.1	transcript_NIC58.19521.1
OG0002937	transcript_R04D3.8.1	transcript_NIC58.19525.1
OG0002938	transcript_F40E3.6a.1	transcript_NIC58.859.2
OG0002939	transcript_C45E1.5.1	transcript_NIC58.1198.1
OG0002940	transcript_F52E10.2.1	transcript_NIC58.17010.1
OG0002941	transcript_F44B9.9.1	transcript_NIC58.16185.1
OG0002942	transcript_VC5.4.1	transcript_NIC58.8989.1
OG0002943	transcript_C55B7.11.2	transcript_NIC58.1806.1
OG0002944	transcript_K03D10.3a.1	transcript_NIC58.3006.1
OG0002945	transcript_C04F12.4.1	transcript_NIC58.283.1
OG0002946	transcript_F36D1.3.1	transcript_NIC58.2548.1
OG0002947	transcript_R07B5.6a.1	transcript_NIC58.9273.1
OG0002948	transcript_C33D9.4.1	transcript_NIC58.9271.1
OG0002949	transcript_C50C10.3.1	transcript_NIC58.7436.1
OG0002950	transcript_Y39E4B.9c.1	transcript_NIC58.15268.1
OG0002951	transcript_C42D4.12.1	transcript_NIC58.11853.1
OG0002953	transcript_F39E9.4.1	transcript_NIC58.5853.2
OG0002955	transcript_C55A6.7.1	transcript_NIC58.8285.1
OG0002956	transcript_C30G12.2.1	transcript_NIC58.4554.1
OG0002957	transcript_T07C12.6.1	transcript_NIC58.9297.1
OG0002958	transcript_Y57A10C.3.1	transcript_NIC58.5343.1
OG0002959	transcript_F58F9.3b.1	transcript_NIC58.11672.1
OG0002960	transcript_Y37D8A.9b.1	transcript_NIC58.13979.1
OG0002961	transcript_F57B1.9a.1	transcript_NIC58.8689.1
OG0002962	transcript_F57B1.1.1	transcript_NIC58.8688.1
OG0002963	transcript_Y38F2AR.1a.1	transcript_NIC58.13504.1
OG0002964	transcript_Y54G2A.6a.1	transcript_NIC58.13615.1
OG0002966	transcript_M199.1.1	transcript_NIC58.11020.1
OG0002968	transcript_Y41E3.17.1	transcript_NIC58.11017.2
OG0002969	transcript_Y39B6A.29a.1	transcript_NIC58.10481.1
OG0002970	transcript_ZK6.8.1	transcript_NIC58.7374.1
OG0002971	transcript_ZK6.6.1	transcript_NIC58.7387.1
OG0002972	transcript_C50C10.7.1	transcript_NIC58.9268.1
OG0002973	transcript_C50C10.6.1	transcript_NIC58.9267.1
OG0002974	transcript_F20D6.4d.1	transcript_NIC58.6927.1
OG0002976	transcript_C05E4.1.2	transcript_NIC58.6511.1
OG0002977	transcript_F20D6.3.1	transcript_NIC58.6527.1
OG0002978	transcript_C55A1.8.1	transcript_NIC58.14629.1
OG0002979	transcript_F44E7.7a.1	transcript_NIC58.8765.1
OG0002980	transcript_C04F1.1.1	transcript_NIC58.1968.1
OG0002981	transcript_Y71G12B.18a.1	transcript_NIC58.693.2
OG0002982	transcript_T13H10.1.1	transcript_NIC58.14860.1
OG0002983	transcript_ZK1236.2.1	transcript_NIC58.14998.1
OG0002984	transcript_K02E11.3.1	transcript_NIC58.9554.1
OG0002985	transcript_Y34B4A.2.1	transcript_NIC58.18287.1
OG0002986	transcript_C15H9.6a.2	transcript_NIC58.18400.1
OG0002987	transcript_F26D10.3.1	transcript_NIC58.10833.1
OG0002988	transcript_C12C8.1.1	transcript_NIC58.845.1
OG0002989	transcript_T11A5.6a.1	transcript_NIC58.9280.1
OG0002990	transcript_F44F1.3.1	transcript_NIC58.3100.1
OG0002992	transcript_W02B3.4.1	transcript_NIC58.13698.1
OG0002993	transcript_T07A5.1.1	transcript_NIC58.14631.1
OG0002994	transcript_Y25C1A.2.1	transcript_NIC58.5876.1
OG0002995	transcript_F32A5.8.1	transcript_NIC58.4556.3
OG0002996	transcript_C08B11.5.1	transcript_NIC58.3369.1
OG0002997	transcript_C08B11.6.1	transcript_NIC58.3370.1
OG0002998	transcript_F52G2.2a.1	transcript_NIC58.12486.1
OG0002999	transcript_Y47D3A.16.1	transcript_NIC58.14875.4
OG0003000	transcript_F22B3.5a.1	transcript_NIC58.12134.1
OG0003002	transcript_M199.136.1	transcript_NIC58.11000.1
OG0003003	transcript_T10H9.6b.1	transcript_NIC58.6662.1
OG0003004	transcript_T18H9.4.1	transcript_NIC58.9125.1
OG0003005	transcript_R08C7.7.1	transcript_NIC58.12544.1
OG0003006	transcript_C55C3.7.1	transcript_NIC58.11611.1
OG0003009	transcript_ZC443.1.1	transcript_NIC58.7098.1
OG0003010	transcript_C07D8.5.1	transcript_NIC58.18659.1
OG0003012	transcript_T11F9.6.1	transcript_NIC58.8298.2
OG0003014	transcript_K03B8.2.1	transcript_NIC58.8322.1
OG0003015	transcript_R09F10.6.1	transcript_NIC58.19208.2
OG0003016	transcript_C44C10.1.1	transcript_NIC58.18461.1
OG0003017	transcript_Y62E10A.23.1	transcript_NIC58.673.1
OG0003018	transcript_F52E1.4c.1	transcript_NIC58.6993.1
OG0003019	transcript_B0024.8a.1	transcript_NIC58.8575.2
OG0003020	transcript_B0024.6b.1	transcript_NIC58.9872.1
OG0003021	transcript_K08E7.9.1	transcript_NIC58.13591.1
OG0003022	transcript_C47A10.1.1	transcript_NIC58.10728.2
OG0003023	transcript_ZK455.7.1	transcript_NIC58.17710.2
OG0003024	transcript_F42E11.1a.1	transcript_NIC58.17711.2
OG0003025	transcript_C34G6.4b.1	transcript_NIC58.1062.3
OG0003026	transcript_D2092.1b.1	transcript_NIC58.1838.2
OG0003027	transcript_F43E2.1.1	transcript_NIC58.4534.1
OG0003028	transcript_F48A9.3.1	transcript_NIC58.2233.1
OG0003029	transcript_T18D3.4.1	transcript_NIC58.18874.1
OG0003030	transcript_R06C7.10.1	transcript_NIC58.905.1
OG0003031	transcript_F11C3.3.1	transcript_NIC58.2601.1
OG0003032	transcript_K12F2.1.1	transcript_NIC58.8128.1
OG0003033	transcript_F45G2.2a.1	transcript_NIC58.15336.1
OG0003034	transcript_F58G4.1.1	transcript_NIC58.6903.2
OG0003035	transcript_K02A2.2.1	transcript_NIC58.6400.1
OG0003036	transcript_E04F6.14.1	transcript_NIC58.4573.1
OG0003037	transcript_C48B4.1.1	transcript_NIC58.15753.1
OG0003038	transcript_F08A8.1a.1	transcript_NIC58.2824.1
OG0003039	transcript_K02E11.1.1	transcript_NIC58.9557.1
OG0003040	transcript_T01E8.2.1	transcript_NIC58.3906.1
OG0003041	transcript_Y39G8B.10.1	transcript_NIC58.4913.1
OG0003042	transcript_T16H12.2.1	transcript_NIC58.8041.1
OG0003043	transcript_R04A9.2.1	transcript_NIC58.3125.1
OG0003044	transcript_C16C10.3.1	transcript_NIC58.7368.3
OG0003045	transcript_C33G3.5.1	transcript_NIC58.16931.1
OG0003046	transcript_T28A11.9.1	transcript_NIC58.7828.1
OG0003047	transcript_T20C4.1a.1	transcript_NIC58.7829.1
OG0003048	transcript_Y105C5B.16a.1	transcript_NIC58.10866.1
OG0003049	transcript_T01H10.1.1	transcript_NIC58.17212.1
OG0003050	transcript_T01H10.7.1	transcript_NIC58.17104.1
OG0003051	transcript_T16G1.3.1	transcript_NIC58.8645.1
OG0003052	transcript_T20F5.6.1	transcript_NIC58.1368.2
OG0003053	transcript_C32E12.5.2	transcript_NIC58.1932.1
OG0003054	transcript_K08A8.2a.2	transcript_NIC58.18682.2
OG0003055	transcript_F40E10.2.2	transcript_NIC58.19463.1
OG0003056	transcript_F46F11.4.1	transcript_NIC58.786.1
OG0003057	transcript_ZK1010.9.1	transcript_NIC58.13923.1
OG0003058	transcript_F55H12.1.1	transcript_NIC58.14931.1
OG0003059	transcript_W04D2.1a.1	transcript_NIC58.8045.4
OG0003060	transcript_Y105E8A.14.1	transcript_NIC58.2544.2
OG0003061	transcript_R07B7.5.1	transcript_NIC58.8168.1
OG0003062	transcript_R07B7.4b.1	transcript_NIC58.8169.2
OG0003063	transcript_ZK550.6.1	transcript_NIC58.10844.1
OG0003064	transcript_T24E12.8.1	transcript_NIC58.5754.1
OG0003065	transcript_W01D2.3a.1	transcript_NIC58.3604.1
OG0003066	transcript_F55D10.5.2	transcript_NIC58.18192.1
OG0003067	transcript_K10D6.1.1	transcript_NIC58.8372.1
OG0003068	transcript_C53D6.3.1	transcript_NIC58.11403.1
OG0003069	transcript_F58G6.4b.1	transcript_NIC58.11301.1
OG0003070	transcript_F47A4.1b.1	transcript_NIC58.17410.3
OG0003071	transcript_C36E8.5.1	transcript_NIC58.15977.1
OG0003072	transcript_C54C6.2.1	transcript_NIC58.15504.2
OG0003073	transcript_ZK154.3.1	transcript_NIC58.18736.1
OG0003074	transcript_B0272.1.1	transcript_NIC58.17262.1
OG0003075	transcript_K01G5.7.1	transcript_NIC58.14724.3
OG0003076	transcript_B0285.8.1	transcript_NIC58.15034.1
OG0003077	transcript_B0285.10.1	transcript_NIC58.15037.1
OG0003078	transcript_B0285.9.1	transcript_NIC58.15036.1
OG0003079	transcript_Y75B12B.2.1	transcript_NIC58.10292.1
OG0003080	transcript_Y41D4B.27.1	transcript_NIC58.13635.4
OG0003081	transcript_Y41D4B.8.1	transcript_NIC58.13634.2
OG0003082	transcript_Y51A2D.17.1	transcript_NIC58.10562.1
OG0003083	transcript_R11E3.5a.1	transcript_NIC58.11274.1
OG0003084	transcript_F45F2.7.1	transcript_NIC58.7023.2
OG0003085	transcript_H19J13.1.1	transcript_NIC58.17122.1
OG0003086	transcript_T04B2.4.1	transcript_NIC58.12335.1
OG0003087	transcript_Y105C5B.6c.1	transcript_NIC58.10884.1
OG0003088	transcript_H25K10.3.1	transcript_NIC58.10883.1
OG0003089	transcript_Y73B6BL.39.1	transcript_NIC58.11705.1
OG0003090	transcript_Y105C5B.4.1	transcript_NIC58.10888.1
OG0003091	transcript_Y116F11B.9a.1	transcript_NIC58.7327.1
OG0003092	transcript_F56D5.3.2	transcript_NIC58.11450.1
OG0003093	transcript_W06H8.2.1	transcript_NIC58.8830.1
OG0003094	transcript_F17A9.4.1	transcript_NIC58.8823.1
OG0003095	transcript_R03G8.1.1	transcript_NIC58.19558.1
OG0003096	transcript_K03A11.4.1	transcript_NIC58.19559.1
OG0003097	transcript_Y39H10A.7a.1	transcript_NIC58.7276.1
OG0003098	transcript_Y97E10B.3.1	transcript_NIC58.7140.1
OG0003099	transcript_K01D12.13b.1	transcript_NIC58.8060.1
OG0003100	transcript_C04G6.10.1	transcript_NIC58.5143.1
OG0003101	transcript_C32D5.8b.1	transcript_NIC58.4759.1
OG0003102	transcript_C04F12.9.1	transcript_NIC58.4893.1
OG0003103	transcript_Y22F5A.4.1	transcript_NIC58.8584.1
OG0003104	transcript_Y22F5A.5.1	transcript_NIC58.8582.1
OG0003105	transcript_C54C8.6.1	transcript_NIC58.2499.2
OG0003106	transcript_ZC15.6.1	transcript_NIC58.10136.1
OG0003107	transcript_F21G4.4.1	transcript_NIC58.17432.1
OG0003108	transcript_F35E8.8.1	transcript_NIC58.9807.1
OG0003109	transcript_R05F9.5.1	transcript_NIC58.5208.1
OG0003110	transcript_ZK546.11.1	transcript_NIC58.5200.1
OG0003111	transcript_F52B11.4.1	transcript_NIC58.11696.1
OG0003112	transcript_T04C12.5.1	transcript_NIC58.8398.1
OG0003113	transcript_T25C8.2.1	transcript_NIC58.14787.1
OG0003114	transcript_T22D1.12b.1	transcript_NIC58.11803.1
OG0003115	transcript_C42D4.2.1	transcript_NIC58.11851.3
OG0003116	transcript_C17H12.4.1	transcript_NIC58.11767.1
OG0003117	transcript_C42D4.5.1	transcript_NIC58.11847.1
OG0003118	transcript_B0331.1.1	transcript_NIC58.9218.1
OG0003119	transcript_T19B10.1.1	transcript_NIC58.8368.1
OG0003120	transcript_F58E10.7.1	transcript_NIC58.6874.1
OG0003122	transcript_K09C4.5.1	transcript_NIC58.17965.1
OG0003123	transcript_K09C4.4.1	transcript_NIC58.17967.1
OG0003124	transcript_F41C6.5.1	transcript_NIC58.18570.2
OG0003125	transcript_F40B5.3a.1	transcript_NIC58.19202.2
OG0003126	transcript_C53B7.7.1	transcript_NIC58.19203.1
OG0003127	transcript_F41C6.4b.1	transcript_NIC58.18566.1
OG0003129	transcript_C29F7.6a.1	transcript_NIC58.5965.1
OG0003130	transcript_F18E9.5b.1	transcript_NIC58.19163.1
OG0003131	transcript_F21F3.5.1	transcript_NIC58.577.1
OG0003132	transcript_Y110A7A.3.1	transcript_NIC58.96.1
OG0003133	transcript_R01E6.4a.1	transcript_NIC58.19652.1
OG0003134	transcript_ZC504.2.1	transcript_NIC58.17533.1
OG0003135	transcript_C47E12.2.2	transcript_NIC58.5474.1
OG0003136	transcript_T27E9.1.1	transcript_NIC58.15352.1
OG0003137	transcript_Y77E11A.11a.1	transcript_NIC58.13446.1
OG0003139	transcript_Y39A3CL.5a.1	transcript_NIC58.14308.1
OG0003140	transcript_R07G3.2.1	transcript_NIC58.4495.1
OG0003141	transcript_Y38E10A.7.1	transcript_NIC58.5635.1
OG0003142	transcript_R09F10.1.1	transcript_NIC58.19207.2
OG0003143	transcript_F56H9.6.1	transcript_NIC58.8002.1
OG0003144	transcript_R134.1a.1	transcript_NIC58.3919.1
OG0003145	transcript_ZK970.5.1	transcript_NIC58.3917.2
OG0003146	transcript_ZK970.6.1	transcript_NIC58.3918.1
OG0003147	transcript_C17F4.6c.1	transcript_NIC58.5448.1
OG0003148	transcript_F54C9.8.1	transcript_NIC58.14712.1
OG0003149	transcript_C14C11.5.1	transcript_NIC58.8744.1
OG0003150	transcript_C53B4.2.1	transcript_NIC58.2063.1
OG0003151	transcript_B0244.6.1	transcript_NIC58.14515.1
OG0003152	transcript_K06H7.2.1	transcript_NIC58.15469.1
OG0003153	transcript_T20B12.4.1	transcript_NIC58.16290.4
OG0003154	transcript_K02D7.3a.1	transcript_NIC58.8691.3
OG0003155	transcript_T28C12.4a.1	transcript_NIC58.8850.3
OG0003156	transcript_ZK550.2.1	transcript_NIC58.10849.1
OG0003157	transcript_F14D7.6d.1	transcript_NIC58.9514.3
OG0003158	transcript_T28C12.1.1	transcript_NIC58.8851.1
OG0003159	transcript_T24A6.3.1	transcript_NIC58.7579.1
OG0003160	transcript_C35A5.3.1	transcript_NIC58.8532.1
OG0003161	transcript_T22F3.11.1	transcript_NIC58.7254.1
OG0003162	transcript_T22F3.10.1	transcript_NIC58.7255.2
OG0003163	transcript_C53B7.5.1	transcript_NIC58.18565.1
OG0003164	transcript_Y39H10B.1a.1	transcript_NIC58.7267.1
OG0003165	transcript_F08H9.6.1	transcript_NIC58.9444.1
OG0003166	transcript_Y65B4BR.9.1	transcript_NIC58.452.1
OG0003167	transcript_F33D11.4a.1	transcript_NIC58.1070.1
OG0003168	transcript_Y39G10AR.18a.1	transcript_NIC58.1036.2
OG0003169	transcript_C55C2.5a.1	transcript_NIC58.1155.2
OG0003171	transcript_T11F9.4a.1	transcript_NIC58.8301.1
OG0003172	transcript_F54D12.3.1	transcript_NIC58.6107.1
OG0003173	transcript_T11F8.4.1	transcript_NIC58.14512.1
OG0003174	transcript_Y113G7B.12.1	transcript_NIC58.825.1
OG0003175	transcript_F55F8.4.1	transcript_NIC58.817.1
OG0003176	transcript_K06A5.6.2	transcript_NIC58.1795.1
OG0003177	transcript_T10E9.9b.1	transcript_NIC58.1818.1
OG0003178	transcript_C17C3.12c.1	transcript_NIC58.5039.1
OG0003179	transcript_C55B7.4a.1	transcript_NIC58.1804.4
OG0003180	transcript_F26A1.8.1	transcript_NIC58.15123.1
OG0003181	transcript_C15A11.7a.1	transcript_NIC58.34.1
OG0003182	transcript_C15A11.4.1	transcript_NIC58.60.1
OG0003183	transcript_F26A1.7a.1	transcript_NIC58.15122.1
OG0003184	transcript_C09G5.5.1	transcript_NIC58.4241.1
OG0003185	transcript_C26C6.4a.1	transcript_NIC58.38.1
OG0003186	transcript_F54D1.5.1	transcript_NIC58.12050.1
OG0003187	transcript_C05C12.3.1	transcript_NIC58.12045.2
OG0003188	transcript_W07G9.2b.1	transcript_NIC58.12892.3
OG0003189	transcript_F31C3.5.1	transcript_NIC58.2722.2
OG0003190	transcript_Y110A2AL.12a.1	transcript_NIC58.5936.3
OG0003191	transcript_B0454.26.1	transcript_NIC58.5943.1
OG0003192	transcript_C33F10.8.1	transcript_NIC58.5320.1
OG0003193	transcript_F22B5.10.1	transcript_NIC58.3275.1
OG0003194	transcript_C53B4.1.1	transcript_NIC58.11414.1
OG0003195	transcript_C50E10.5.1	transcript_NIC58.5347.1
OG0003196	transcript_B0416.6.1	transcript_NIC58.17245.1
OG0003197	transcript_M01F1.1.1	transcript_NIC58.15530.1
OG0003198	transcript_F59F3.5.2	transcript_NIC58.17629.1
OG0003199	transcript_C36A4.6.1	transcript_NIC58.13880.1
OG0003200	transcript_H12C20.6a.2	transcript_NIC58.8271.1
OG0003201	transcript_H12C20.3a.1	transcript_NIC58.8270.2
OG0003202	transcript_B0280.8.1	transcript_NIC58.15369.2
OG0003203	transcript_Y45G5AM.1a.1	transcript_NIC58.7658.7
OG0003204	transcript_T28H11.2.1	transcript_NIC58.11532.1
OG0003205	transcript_T28H11.3.1	transcript_NIC58.11531.1
OG0003206	transcript_Y59E9AR.4.1	transcript_NIC58.11336.1
OG0003207	transcript_F49A5.6.1	transcript_NIC58.11540.1
OG0003208	transcript_W08D2.8.1	transcript_NIC58.15344.1
OG0003209	transcript_K09B11.5a.1	transcript_NIC58.14983.1
OG0003210	transcript_T07G12.12a.1	transcript_NIC58.1986.1
OG0003211	transcript_R02D1.2.1	transcript_NIC58.6550.1
OG0003212	transcript_F46B6.8.1	transcript_NIC58.9261.1
OG0003213	transcript_ZK6.7a.1	transcript_NIC58.7375.2
OG0003214	transcript_R11G11.14.1	transcript_NIC58.7793.1
OG0003215	transcript_F54F3.3.1	transcript_NIC58.8640.1
OG0003216	transcript_ZK697.7a.1	transcript_NIC58.7315.1
OG0003217	transcript_F18E3.7a.2	transcript_NIC58.10635.1
OG0003218	transcript_C47A10.5a.1	transcript_NIC58.10731.2
OG0003219	transcript_C33G8.6.1	transcript_NIC58.8973.1
OG0003221	transcript_Y46H3D.7a.1	transcript_NIC58.6585.1
OG0003222	transcript_Y46H3D.6a.1	transcript_NIC58.6584.2
OG0003223	transcript_T24A6.20.1	transcript_NIC58.7580.1
OG0003224	transcript_K09D9.1.1	transcript_NIC58.7613.1
OG0003225	transcript_C49G7.5.1	transcript_NIC58.7558.1
OG0003226	transcript_T09D3.7.1	transcript_NIC58.7944.1
OG0003227	transcript_K09A11.2.1	transcript_NIC58.19529.4
OG0003228	transcript_R04D3.1.1	transcript_NIC58.19527.1
OG0003229	transcript_C50F4.3.1	transcript_NIC58.9184.1
OG0003230	transcript_Y51A2D.1a.1	transcript_NIC58.10583.1
OG0003231	transcript_R07E3.1a.1	transcript_NIC58.17522.1
OG0003232	transcript_Y51A2D.8.1	transcript_NIC58.10584.1
OG0003233	transcript_C17G1.2.1	transcript_NIC58.17439.1
OG0003234	transcript_F13H8.8.2	transcript_NIC58.16068.1
OG0003235	transcript_F26H11.4.1	transcript_NIC58.2209.1
OG0003236	transcript_F17B5.6.1	transcript_NIC58.10368.1
OG0003237	transcript_F27C1.3.1	transcript_NIC58.1660.1
OG0003238	transcript_C47E12.10a.1	transcript_NIC58.2622.1
OG0003239	transcript_ZK1128.6a.1	transcript_NIC58.15616.4
OG0003240	transcript_ZK1128.5.1	transcript_NIC58.15618.3
OG0003241	transcript_T23B3.2.1	transcript_NIC58.1845.1
OG0003242	transcript_C12D8.1b.1	transcript_NIC58.8592.1
OG0003243	transcript_C06G4.1.1	transcript_NIC58.5626.1
OG0003244	transcript_F55F8.3.1	transcript_NIC58.820.1
OG0003245	transcript_R05H5.2.1	transcript_NIC58.3899.1
OG0003246	transcript_K06A5.7.1	transcript_NIC58.1797.3
OG0003247	transcript_M88.3.1	transcript_NIC58.11023.1
OG0003248	transcript_C36F7.5.1	transcript_NIC58.393.1
OG0003249	transcript_F44E5.15.1	transcript_NIC58.13406.1
OG0003250	transcript_K07D4.2.1	transcript_NIC58.264.1
OG0003251	transcript_C14C10.1.1	transcript_NIC58.8018.1
OG0003252	transcript_F01G4.6b.1	transcript_NIC58.12027.1
OG0003253	transcript_Y106G6E.6.2	transcript_NIC58.1446.3
OG0003254	transcript_F46F2.2c.1	transcript_NIC58.19371.2
OG0003255	transcript_F58A4.10.1	transcript_NIC58.15746.1
OG0003256	transcript_Y105E8A.4.1	transcript_NIC58.15563.1
OG0003257	transcript_T05G5.6.1	transcript_NIC58.15718.3
OG0003258	transcript_T16A1.7.1	transcript_NIC58.12579.1
OG0003259	transcript_Y4C6B.6.1	transcript_NIC58.11572.1
OG0003260	transcript_C33C12.3a.1	transcript_NIC58.5444.1
OG0003261	transcript_C33C12.8.1	transcript_NIC58.5449.1
OG0003262	transcript_M153.2.1	transcript_NIC58.17109.1
OG0003263	transcript_Y40B10A.8a.1	transcript_NIC58.7483.2
OG0003264	transcript_F26G1.1.1	transcript_NIC58.5234.3
OG0003265	transcript_F17A2.1a.1	transcript_NIC58.19244.1
OG0003266	transcript_Y102A5C.36.1	transcript_NIC58.19518.1
OG0003267	transcript_C10E2.6.1	transcript_NIC58.17139.1
OG0003268	transcript_T02G5.12.1	transcript_NIC58.5662.1
OG0003269	transcript_F32A11.7.1	transcript_NIC58.4050.1
OG0003270	transcript_W06G6.7.1	transcript_NIC58.9692.1
OG0003271	transcript_W07G1.2.1	transcript_NIC58.4922.1
OG0003272	transcript_Y49E10.16a.1	transcript_NIC58.13915.1
OG0003273	transcript_R107.1b.1	transcript_NIC58.16146.1
OG0003274	transcript_K08E5.2a.1	transcript_NIC58.15614.2
OG0003275	transcript_F31F6.6.1	transcript_NIC58.19434.2
OG0003276	transcript_C56G2.6c.1	transcript_NIC58.14433.1
OG0003277	transcript_C02F5.5.1	transcript_NIC58.15441.1
OG0003278	transcript_C05B5.8.1	transcript_NIC58.15648.1
OG0003279	transcript_K08C7.2.2	transcript_NIC58.12805.1
OG0003280	transcript_T28D6.9.1	transcript_NIC58.14864.1
OG0003281	transcript_Y75B8A.30.1	transcript_NIC58.13933.1
OG0003282	transcript_Y49E10.3.1	transcript_NIC58.13932.1
OG0003283	transcript_Y55F3AM.2.1	transcript_NIC58.13575.1
OG0003284	transcript_C44B12.4.1	transcript_NIC58.13577.1
OG0003285	transcript_R11E3.2.1	transcript_NIC58.12491.1
OG0003286	transcript_T07G12.5a.1	transcript_NIC58.12811.1
OG0003287	transcript_T08B6.4.1	transcript_NIC58.2033.1
OG0003288	transcript_F58D2.2.1	transcript_NIC58.13998.1
OG0003289	transcript_C06E7.3a.1	transcript_NIC58.11627.1
OG0003290	transcript_C49F5.1.2	transcript_NIC58.19050.1
OG0003291	transcript_C06E7.1a.1	transcript_NIC58.11628.3
OG0003292	transcript_F42A9.4.1	transcript_NIC58.2223.1
OG0003293	transcript_B0001.5.1	transcript_NIC58.12209.1
OG0003294	transcript_B0001.8b.1	transcript_NIC58.12208.1
OG0003295	transcript_Y67A10A.2.1	transcript_NIC58.11167.1
OG0003296	transcript_F10D2.10.1	transcript_NIC58.7751.1
OG0003297	transcript_C03A7.10.1	transcript_NIC58.7149.1
OG0003298	transcript_C08E8.4.1	transcript_NIC58.10445.1
OG0003299	transcript_C07G3.2.1	transcript_NIC58.6506.1
OG0003300	transcript_F59B1.6.1	transcript_NIC58.7258.1
OG0003301	transcript_B0238.6.1	transcript_NIC58.7923.1
OG0003302	transcript_B0238.8.1	transcript_NIC58.7928.1
OG0003303	transcript_T23D5.1.1	transcript_NIC58.9345.1
OG0003304	transcript_W02D7.3.1	transcript_NIC58.6969.2
OG0003305	transcript_C27H6.9.1	transcript_NIC58.9313.1
OG0003306	transcript_F46B6.7.1	transcript_NIC58.9260.1
OG0003307	transcript_T07C12.12.1	transcript_NIC58.9293.2
OG0003308	transcript_C44H9.1.1	transcript_NIC58.7103.1
OG0003309	transcript_C08B6.1b.1	transcript_NIC58.7105.1
OG0003310	transcript_F35E12.9b.1	transcript_NIC58.6746.1
OG0003311	transcript_F35E12.8a.1	transcript_NIC58.6745.4
OG0003312	transcript_F35E12.10.2	transcript_NIC58.6747.1
OG0003313	transcript_T10C6.3.1	transcript_NIC58.10012.1
OG0003314	transcript_F07G6.1.1	transcript_NIC58.20074.1
OG0003315	transcript_T21B6.1.2	transcript_NIC58.17615.2
OG0003316	transcript_F57C7.1d.1	transcript_NIC58.17558.1
OG0003317	transcript_C09C7.1.1	transcript_NIC58.18763.1
OG0003318	transcript_F42F12.2.1	transcript_NIC58.18899.1
OG0003319	transcript_C14F5.2.1	transcript_NIC58.18764.1
OG0003320	transcript_T21E8.3.1	transcript_NIC58.17597.1
OG0003321	transcript_C05A9.1a.1	transcript_NIC58.17596.1
OG0003322	transcript_C23H4.4a.1	transcript_NIC58.17115.2
OG0003323	transcript_F22E10.1.1	transcript_NIC58.18853.1
OG0003324	transcript_F22E10.2.1	transcript_NIC58.18852.1
OG0003325	transcript_ZK678.4.1	transcript_NIC58.19292.1
OG0003326	transcript_F02C12.5.1	transcript_NIC58.9688.1
OG0003327	transcript_Y48G1A.5a.1	transcript_NIC58.835.1
OG0003328	transcript_Y48G8AL.13a.2	transcript_NIC58.2046.1
OG0003329	transcript_C10C5.2.1	transcript_NIC58.541.1
OG0003330	transcript_Y56A3A.33.1	transcript_NIC58.14967.1
OG0003331	transcript_Y47G6A.30.1	transcript_NIC58.14617.6
OG0003332	transcript_F52C9.8b.1	transcript_NIC58.1862.1
OG0003333	transcript_E01A2.7.1	transcript_NIC58.1381.1
OG0003334	transcript_C50A2.2a.1	transcript_NIC58.17141.1
OG0003335	transcript_K06A5.1b.1	transcript_NIC58.1798.1
OG0003336	transcript_ZK973.2.1	transcript_NIC58.1428.2
OG0003337	transcript_C36B1.6a.1	transcript_NIC58.1625.2
OG0003338	transcript_W03G9.2.1	transcript_NIC58.7656.2
OG0003339	transcript_F55A12.7.1	transcript_NIC58.1647.1
OG0003340	transcript_C15A11.2.1	transcript_NIC58.630.1
OG0003341	transcript_T05E7.2.1	transcript_NIC58.1735.1
OG0003342	transcript_T06E4.6.1	transcript_NIC58.9216.1
OG0003343	transcript_T06E4.4.1	transcript_NIC58.9215.1
OG0003344	transcript_H05L14.1.1	transcript_NIC58.356.1
OG0003345	transcript_C52E4.4.1	transcript_NIC58.8184.3
OG0003346	transcript_ZK858.3.1	transcript_NIC58.1547.1
OG0003347	transcript_M04C9.3a.1	transcript_NIC58.833.1
OG0003348	transcript_M04C9.2.1	transcript_NIC58.841.1
OG0003349	transcript_M04C9.1a.1	transcript_NIC58.840.1
OG0003350	transcript_F59H5.1.1	transcript_NIC58.5445.2
OG0003351	transcript_F18A1.5.1	transcript_NIC58.4487.2
OG0003352	transcript_T05A7.10.1	transcript_NIC58.3519.1
OG0003353	transcript_T05A7.5.1	transcript_NIC58.3463.3
OG0003354	transcript_K12H6.3.1	transcript_NIC58.5904.1
OG0003355	transcript_C49D10.11.1	transcript_NIC58.5049.1
OG0003356	transcript_E04F6.9.1	transcript_NIC58.4567.1
OG0003357	transcript_R07A4.1.1	transcript_NIC58.17579.2
OG0003358	transcript_R186.5b.1	transcript_NIC58.8656.2
OG0003359	transcript_F14F11.1h.1	transcript_NIC58.3194.4
OG0003360	transcript_Y6E2A.9a.1	transcript_NIC58.9330.1
OG0003361	transcript_F37H8.4.1	transcript_NIC58.3920.1
OG0003362	transcript_AH6.2.1	transcript_NIC58.3921.1
OG0003363	transcript_ZK892.1f.1	transcript_NIC58.3932.1
OG0003364	transcript_W09H1.6b.1	transcript_NIC58.4058.2
OG0003365	transcript_F52H3.7a.1	transcript_NIC58.3937.1
OG0003366	transcript_Y38F2AL.5.1	transcript_NIC58.13495.1
OG0003367	transcript_C14B1.4.1	transcript_NIC58.15488.1
OG0003368	transcript_ZC302.2a.1	transcript_NIC58.8489.3
OG0003369	transcript_K04G11.4.1	transcript_NIC58.16971.1
OG0003370	transcript_T12B3.3.1	transcript_NIC58.11910.1
OG0003371	transcript_F48E8.2.1	transcript_NIC58.14685.1
OG0003372	transcript_R107.8.1	transcript_NIC58.16152.1
OG0003373	transcript_C38H2.2.1	transcript_NIC58.14665.1
OG0003374	transcript_K11D9.3.2	transcript_NIC58.14735.1
OG0003375	transcript_Y41C4A.2.1	transcript_NIC58.14900.9
OG0003376	transcript_Y56A3A.5.1	transcript_NIC58.14951.2
OG0003377	transcript_Y56A3A.12a.2	transcript_NIC58.14952.4
OG0003378	transcript_W02D7.6.1	transcript_NIC58.3385.1
OG0003379	transcript_Y41D4B.10a.1	transcript_NIC58.13632.3
OG0003380	transcript_F52C12.5.1	transcript_NIC58.13559.1
OG0003381	transcript_W09C2.3a.1	transcript_NIC58.11520.3
OG0003382	transcript_Y67D8C.10b.2	transcript_NIC58.12282.3
OG0003383	transcript_R05C11.3.1	transcript_NIC58.13532.1
OG0003384	transcript_Y54G2A.10a.1	transcript_NIC58.13436.1
OG0003385	transcript_C49H3.1.1	transcript_NIC58.12715.1
OG0003386	transcript_ZK896.8.1	transcript_NIC58.12400.1
OG0003387	transcript_T26C12.4.1	transcript_NIC58.12585.1
OG0003388	transcript_C17H12.1a.1	transcript_NIC58.11760.1
OG0003389	transcript_F58G6.5c.2	transcript_NIC58.11316.1
OG0003390	transcript_T10C6.6f.1	transcript_NIC58.10015.2
OG0003391	transcript_F28F8.7a.1	transcript_NIC58.11008.2
OG0003392	transcript_C49C3.13.1	transcript_NIC58.10821.1
OG0003393	transcript_C30H6.4.1	transcript_NIC58.10818.1
OG0003394	transcript_C30H6.1c.1	transcript_NIC58.10819.2
OG0003395	transcript_F16B12.4.1	transcript_NIC58.19589.1
OG0003396	transcript_H25P19.1.1	transcript_NIC58.6505.1
OG0003397	transcript_T03D3.5.1	transcript_NIC58.6595.1
OG0003398	transcript_R03H4.2.1	transcript_NIC58.9056.1
OG0003399	transcript_C35A5.5.1	transcript_NIC58.6590.1
OG0003400	transcript_Y40B10A.7.1	transcript_NIC58.7486.1
OG0003401	transcript_F22F7.4a.1	transcript_NIC58.7493.2
OG0003402	transcript_R08F11.4.1	transcript_NIC58.7538.1
OG0003403	transcript_K03B4.5.1	transcript_NIC58.6403.1
OG0003404	transcript_K11D12.6.1	transcript_NIC58.7902.1
OG0003405	transcript_F58G4.2.1	transcript_NIC58.6904.1
OG0003406	transcript_F21F8.7.1	transcript_NIC58.6964.2
OG0003407	transcript_F21F8.3.1	transcript_NIC58.6965.2
OG0003408	transcript_F21F8.4.2	transcript_NIC58.6963.3
OG0003409	transcript_C25E10.4.1	transcript_NIC58.9065.1
OG0003410	transcript_C25E10.3a.1	transcript_NIC58.9066.1
OG0003411	transcript_C25E10.5.1	transcript_NIC58.9064.1
OG0003412	transcript_T01C3.11a.1	transcript_NIC58.9376.1
OG0003413	transcript_C34B4.4.1	transcript_NIC58.8676.1
OG0003414	transcript_C46E1.2.1	transcript_NIC58.19342.2
OG0003415	transcript_M04G12.3.1	transcript_NIC58.7981.1
OG0003416	transcript_C06B3.8.1	transcript_NIC58.9719.1
OG0003417	transcript_Y75B12B.7.1	transcript_NIC58.10315.1
OG0003418	transcript_Y116F11B.8.1	transcript_NIC58.10394.1
OG0003419	transcript_F38B2.1e.1	transcript_NIC58.17689.1
OG0003420	transcript_F36H9.3.1	transcript_NIC58.7838.1
OG0003421	transcript_F08C6.2a.1	transcript_NIC58.18707.1
OG0003422	transcript_C14B9.4.1	transcript_NIC58.15467.4
OG0003423	transcript_Y71F9AL.5.1	transcript_NIC58.1018.1
OG0003424	transcript_Y44E3B.1a.2	transcript_NIC58.2903.3
OG0003425	transcript_Y41D4B.12a.2	transcript_NIC58.13631.1
OG0003426	transcript_Y77E11A.2.1	transcript_NIC58.13445.1
OG0003427	transcript_C44E4.6.2	transcript_NIC58.681.1
OG0003428	transcript_M01E11.2.1	transcript_NIC58.782.1
OG0003429	transcript_D1054.2.1	transcript_NIC58.8479.1
OG0003430	transcript_F48C1.11.1	transcript_NIC58.1644.1
OG0003431	transcript_F33D11.6.1	transcript_NIC58.1905.3
OG0003432	transcript_C31H5.6a.1	transcript_NIC58.1562.1
OG0003433	transcript_C10G11.3.1	transcript_NIC58.1758.1
OG0003434	transcript_W04A4.3.1	transcript_NIC58.2973.1
OG0003435	transcript_F57B10.12.1	transcript_NIC58.4482.1
OG0003436	transcript_F58H10.1.1	transcript_NIC58.496.1
OG0003437	transcript_C09G5.7.1	transcript_NIC58.6754.1
OG0003438	transcript_C03D6.4.1	transcript_NIC58.306.1
OG0003439	transcript_F25D7.5.1	transcript_NIC58.1483.3
OG0003440	transcript_Y106G6H.2.2	transcript_NIC58.1485.2
OG0003441	transcript_Y63D3A.5.1	transcript_NIC58.3002.1
OG0003442	transcript_T27C10.2.1	transcript_NIC58.2099.1
OG0003443	transcript_Y53H1A.5a.1	transcript_NIC58.2747.1
OG0003444	transcript_R06C1.4.1	transcript_NIC58.2199.1
OG0003445	transcript_R06C1.1.1	transcript_NIC58.2202.1
OG0003446	transcript_C48B4.4d.1	transcript_NIC58.15755.3
OG0003447	transcript_F33H1.5.1	transcript_NIC58.3897.1
OG0003448	transcript_C17A2.2.1	transcript_NIC58.6342.1
OG0003449	transcript_W07B3.2b.1	transcript_NIC58.13774.1
OG0003450	transcript_ZC416.1.1	transcript_NIC58.12875.1
OG0003451	transcript_T12C9.3a.1	transcript_NIC58.3285.3
OG0003452	transcript_F08F3.9b.1	transcript_NIC58.6900.1
OG0003453	transcript_D2096.3.2	transcript_NIC58.12951.1
OG0003454	transcript_T16D1.2.1	transcript_NIC58.5115.2
OG0003455	transcript_ZK75.3.1	transcript_NIC58.4822.1
OG0003456	transcript_C56C10.5.1	transcript_NIC58.4709.1
OG0003457	transcript_T19D12.5.1	transcript_NIC58.4696.1
OG0003458	transcript_F31E8.5.1	transcript_NIC58.4551.1
OG0003459	transcript_F53C11.3.1	transcript_NIC58.6739.1
OG0003460	transcript_Y32F6A.3.2	transcript_NIC58.8541.2
OG0003461	transcript_F35C5.9.1	transcript_NIC58.3581.1
OG0003462	transcript_F58G1.2b.1	transcript_NIC58.4007.1
OG0003463	transcript_Y54G11A.5.1	transcript_NIC58.5325.1
OG0003464	transcript_F40G9.3.1	transcript_NIC58.13795.1
OG0003465	transcript_F30H5.3.1	transcript_NIC58.13754.1
OG0003466	transcript_F23H11.1.1	transcript_NIC58.13746.1
OG0003467	transcript_K11D12.4.1	transcript_NIC58.7919.1
OG0003468	transcript_Y49E10.1.1	transcript_NIC58.13935.2
OG0003469	transcript_M01F1.5.2	transcript_NIC58.15523.1
OG0003470	transcript_C11D2.6m.1	transcript_NIC58.11666.2
OG0003471	transcript_C45G9.11.1	transcript_NIC58.15275.1
OG0003472	transcript_C04G2.2.1	transcript_NIC58.2042.1
OG0003473	transcript_ZC97.1a.1	transcript_NIC58.16367.2
OG0003474	transcript_C13G5.1.1	transcript_NIC58.16097.1
OG0003475	transcript_C40H1.8.1	transcript_NIC58.15836.1
OG0003476	transcript_K03H1.1.1	transcript_NIC58.5271.1
OG0003477	transcript_F58F6.1.1	transcript_NIC58.13402.1
OG0003478	transcript_K03H6.2a.1	transcript_NIC58.13439.1
OG0003479	transcript_Y69A2AR.4.1	transcript_NIC58.13451.1
OG0003480	transcript_C11E4.1.1	transcript_NIC58.17283.1
OG0003481	transcript_B0218.5.1	transcript_NIC58.15111.2
OG0003482	transcript_F53F1.3.1	transcript_NIC58.7985.1
OG0003483	transcript_Y116F11B.3.2	transcript_NIC58.11374.3
OG0003484	transcript_M7.8.1	transcript_NIC58.12011.1
OG0003485	transcript_C24A8.3.1	transcript_NIC58.18116.3
OG0003486	transcript_M117.3.1	transcript_NIC58.12146.2
OG0003487	transcript_W06D12.3.1	transcript_NIC58.19245.1
OG0003488	transcript_ZK822.3b.1	transcript_NIC58.12164.1
OG0003489	transcript_C42C1.1.1	transcript_NIC58.12222.1
OG0003490	transcript_B0416.5.1	transcript_NIC58.17243.2
OG0003491	transcript_Y105C5B.15a.1	transcript_NIC58.10872.1
OG0003492	transcript_F40F9.4.1	transcript_NIC58.9240.2
OG0003493	transcript_F22F7.1a.1	transcript_NIC58.7498.1
OG0003494	transcript_F16B4.9.1	transcript_NIC58.7164.1
OG0003495	transcript_T03D3.3.1	transcript_NIC58.6593.1
OG0003496	transcript_Y45G5AL.2b.1	transcript_NIC58.7651.1
OG0003497	transcript_K12G11.3.1	transcript_NIC58.8204.1
OG0003498	transcript_C04F5.6.1	transcript_NIC58.7883.1
OG0003499	transcript_ZC317.3.1	transcript_NIC58.8713.1
OG0003500	transcript_F44E7.2.2	transcript_NIC58.8763.1
OG0003501	transcript_F44E7.8b.1	transcript_NIC58.8766.1
OG0003502	transcript_Y57E12AL.1a.2	transcript_NIC58.8984.1
OG0003503	transcript_F25E5.4.1	transcript_NIC58.7750.1
OG0003504	transcript_F58G4.5.1	transcript_NIC58.6898.1
OG0003505	transcript_ZC190.5b.1	transcript_NIC58.7063.1
OG0003506	transcript_T19A5.4.1	transcript_NIC58.9045.1
OG0003507	transcript_F09F3.6.1	transcript_NIC58.6786.1
OG0003508	transcript_T03F7.6.1	transcript_NIC58.8346.1
OG0003509	transcript_R07B7.14.1	transcript_NIC58.8161.1
OG0003510	transcript_F53F1.7.1	transcript_NIC58.7990.1
OG0003511	transcript_D1086.5.1	transcript_NIC58.9581.3
OG0003512	transcript_C06C6.3.1	transcript_NIC58.9999.1
OG0003513	transcript_T20B3.7.1	transcript_NIC58.9885.1
OG0003514	transcript_T22H6.4.1	transcript_NIC58.18844.2
OG0003515	transcript_Y43F8C.12.1	transcript_NIC58.10765.1
OG0003516	transcript_F40F4.3.1	transcript_NIC58.17957.1
OG0003517	transcript_D1014.8.1	transcript_NIC58.6912.1
OG0003518	transcript_Y74C9A.4b.1	transcript_NIC58.11.2
OG0003519	transcript_Y73B6BL.37.1	transcript_NIC58.11719.1
OG0003520	transcript_Y65B4BR.1.1	transcript_NIC58.453.1
OG0003521	transcript_K12C11.2.1	transcript_NIC58.17069.2
OG0003522	transcript_C04B4.6a.1	transcript_NIC58.18891.1
OG0003523	transcript_Y66H1A.6c.1	transcript_NIC58.13547.1
OG0003524	transcript_F47G6.4a.1	transcript_NIC58.720.1
OG0003525	transcript_Y23H5A.4a.1	transcript_NIC58.1249.1
OG0003526	transcript_Y48B6A.5.1	transcript_NIC58.4068.1
OG0003527	transcript_Y54E10BL.4.1	transcript_NIC58.1182.3
OG0003528	transcript_C55B6.2.1	transcript_NIC58.18631.1
OG0003529	transcript_Y54E10A.9c.1	transcript_NIC58.1173.4
OG0003530	transcript_Y71H2AM.19.1	transcript_NIC58.15599.1
OG0003531	transcript_T28F2.8.1	transcript_NIC58.1315.1
OG0003532	transcript_T28F2.6.1	transcript_NIC58.1316.1
OG0003533	transcript_C18E3.5.1	transcript_NIC58.1407.2
OG0003534	transcript_F08G12.2.1	transcript_NIC58.17697.1
OG0003535	transcript_C14F11.1.1	transcript_NIC58.18441.1
OG0003536	transcript_C44E4.3.1	transcript_NIC58.682.1
OG0003537	transcript_C01H6.4.1	transcript_NIC58.142.1
OG0003538	transcript_C46H11.2.1	transcript_NIC58.589.1
OG0003539	transcript_F20B6.2.1	transcript_NIC58.18090.1
OG0003540	transcript_Y110A7A.12.1	transcript_NIC58.112.1
OG0003541	transcript_Y110A7A.6a.1	transcript_NIC58.99.2
OG0003542	transcript_K02B2.1.1	transcript_NIC58.11643.1
OG0003543	transcript_F59A3.8.1	transcript_NIC58.1788.4
OG0003544	transcript_W01B6.5.1	transcript_NIC58.16026.1
OG0003545	transcript_C32F10.5.1	transcript_NIC58.1112.2
OG0003546	transcript_T20B12.8.1	transcript_NIC58.16391.1
OG0003547	transcript_R06C7.3.2	transcript_NIC58.153.1
OG0003548	transcript_C47E12.8.1	transcript_NIC58.12347.1
OG0003549	transcript_W05G11.6.1	transcript_NIC58.13764.1
OG0003550	transcript_R11A5.4a.1	transcript_NIC58.69.1
OG0003551	transcript_F36D1.2.1	transcript_NIC58.6639.1
OG0003552	transcript_ZK265.5.1	transcript_NIC58.1138.1
OG0003553	transcript_C31H5.1.1	transcript_NIC58.1564.1
OG0003554	transcript_F35H12.5.1	transcript_NIC58.19914.2
OG0003555	transcript_F26H9.8.1	transcript_NIC58.844.1
OG0003556	transcript_F48E3.3.1	transcript_NIC58.18688.2
OG0003557	transcript_ZK1067.3.1	transcript_NIC58.3114.1
OG0003558	transcript_F16A11.1a.1	transcript_NIC58.404.2
OG0003559	transcript_F55F3.3a.1	transcript_NIC58.19620.1
OG0003560	transcript_C17E4.9a.1	transcript_NIC58.382.1
OG0003561	transcript_F30A10.4.1	transcript_NIC58.338.1
OG0003562	transcript_R07B7.6a.1	transcript_NIC58.8167.1
OG0003563	transcript_C03G5.1.1	transcript_NIC58.19169.1
OG0003564	transcript_C34B2.7.1	transcript_NIC58.1914.2
OG0003565	transcript_F58D5.8.1	transcript_NIC58.2226.1
OG0003566	transcript_C09B9.2.1	transcript_NIC58.2993.2
OG0003567	transcript_F31D4.8.1	transcript_NIC58.10657.1
OG0003568	transcript_W02D9.10.1	transcript_NIC58.2867.1
OG0003569	transcript_T08D10.2.1	transcript_NIC58.19041.2
OG0003570	transcript_Y40B1B.6.1	transcript_NIC58.2733.1
OG0003571	transcript_F23F1.6.1	transcript_NIC58.6286.1
OG0003572	transcript_B0454.6.1	transcript_NIC58.5942.1
OG0003573	transcript_Y39F10A.3.1	transcript_NIC58.9831.1
OG0003574	transcript_Y55F3AM.11.1	transcript_NIC58.13660.1
OG0003575	transcript_T07D3.7a.1	transcript_NIC58.5578.1
OG0003576	transcript_F48F7.1b.1	transcript_NIC58.19260.1
OG0003577	transcript_T07D3.9a.2	transcript_NIC58.6022.1
OG0003578	transcript_F57F4.1.1	transcript_NIC58.8860.1
OG0003579	transcript_Y110A2AM.3a.1	transcript_NIC58.5933.1
OG0003580	transcript_Y110A2AR.2f.1	transcript_NIC58.5932.2
OG0003581	transcript_Y46G5A.24.1	transcript_NIC58.3075.1
OG0003582	transcript_F53C3.12.1	transcript_NIC58.3053.1
OG0003583	transcript_F59A6.3.1	transcript_NIC58.3727.1
OG0003584	transcript_F26C11.3b.1	transcript_NIC58.3726.1
OG0003585	transcript_F09C12.2.1	transcript_NIC58.5141.1
OG0003586	transcript_C04G6.1a.1	transcript_NIC58.5142.1
OG0003587	transcript_F09E5.15c.1	transcript_NIC58.5095.4
OG0003588	transcript_R07E5.2.1	transcript_NIC58.15042.1
OG0003589	transcript_K05F1.3.1	transcript_NIC58.4986.1
OG0003590	transcript_T08G2.3.1	transcript_NIC58.17353.1
OG0003591	transcript_C14E2.6.1	transcript_NIC58.20086.1
OG0003592	transcript_H41C03.2.1	transcript_NIC58.4965.1
OG0003593	transcript_Y43F8C.14.1	transcript_NIC58.16374.2
OG0003594	transcript_K10B2.5.1	transcript_NIC58.4753.1
OG0003595	transcript_T19D12.10.1	transcript_NIC58.4690.1
OG0003596	transcript_T19D12.9.1	transcript_NIC58.4691.1
OG0003597	transcript_C44B7.9.1	transcript_NIC58.4639.1
OG0003598	transcript_C44B7.8.1	transcript_NIC58.4640.1
OG0003599	transcript_ZK1127.10.1	transcript_NIC58.4604.1
OG0003600	transcript_F22B8.6a.1	transcript_NIC58.12503.1
OG0003601	transcript_ZK1127.2.1	transcript_NIC58.2651.3
OG0003602	transcript_AH10.1.1	transcript_NIC58.2990.1
OG0003603	transcript_C06A1.1.1	transcript_NIC58.4272.1
OG0003604	transcript_C41C4.8.1	transcript_NIC58.3332.3
OG0003605	transcript_F22B5.3.1	transcript_NIC58.3272.1
OG0003606	transcript_C47G2.1.1	transcript_NIC58.4160.1
OG0003607	transcript_F13D12.5.1	transcript_NIC58.4319.2
OG0003608	transcript_T21B10.4.1	transcript_NIC58.4384.1
OG0003609	transcript_R02E12.2a.1	transcript_NIC58.18072.1
OG0003610	transcript_Y53C12A.4.1	transcript_NIC58.3784.1
OG0003611	transcript_Y75B12B.4.1	transcript_NIC58.13227.1
OG0003612	transcript_F52H3.3.1	transcript_NIC58.3940.1
OG0003613	transcript_C18D1.2.1	transcript_NIC58.3943.2
OG0003614	transcript_F11A5.9.1	transcript_NIC58.10126.1
OG0003615	transcript_C36B7.6.1	transcript_NIC58.18607.2
OG0003616	transcript_R166.2.1	transcript_NIC58.4275.1
OG0003617	transcript_C29F7.3.1	transcript_NIC58.19267.1
OG0003618	transcript_F40F8.1b.1	transcript_NIC58.4182.1
OG0003619	transcript_C05D12.2.1	transcript_NIC58.4135.2
OG0003620	transcript_C05D12.3a.1	transcript_NIC58.4134.1
OG0003621	transcript_Y48E1B.8.1	transcript_NIC58.4928.1
OG0003622	transcript_Y57G11C.31.2	transcript_NIC58.11086.1
OG0003623	transcript_Y48B6A.7.1	transcript_NIC58.4066.1
OG0003624	transcript_Y48B6A.8.1	transcript_NIC58.4065.1
OG0003625	transcript_C01G12.9.1	transcript_NIC58.15522.2
OG0003626	transcript_C01G12.13.1	transcript_NIC58.3647.1
OG0003627	transcript_F19H8.1a.1	transcript_NIC58.3651.1
OG0003628	transcript_ZK54.2a.1	transcript_NIC58.17387.3
OG0003629	transcript_F23H11.3.1	transcript_NIC58.13741.1
OG0003630	transcript_C05G5.4.1	transcript_NIC58.19453.1
OG0003631	transcript_F26A1.12.1	transcript_NIC58.15132.1
OG0003632	transcript_F26A1.11.1	transcript_NIC58.15131.1
OG0003633	transcript_F47G9.6.1	transcript_NIC58.8335.1
OG0003634	transcript_F40H6.5.1	transcript_NIC58.14412.2
OG0003635	transcript_T26A5.3.1	transcript_NIC58.14366.1
OG0003636	transcript_K09A9.5.1	transcript_NIC58.19326.1
OG0003637	transcript_F23F12.3.1	transcript_NIC58.14084.1
OG0003638	transcript_F23F12.13.1	transcript_NIC58.14088.1
OG0003639	transcript_ZK418.6.1	transcript_NIC58.15192.1
OG0003640	transcript_ZK418.7.1	transcript_NIC58.15191.3
OG0003641	transcript_F29F11.6.1	transcript_NIC58.8493.3
OG0003642	transcript_F56C9.1.1	transcript_NIC58.16176.1
OG0003643	transcript_C02C2.4.1	transcript_NIC58.16346.1
OG0003644	transcript_T28F3.4a.1	transcript_NIC58.10839.1
OG0003645	transcript_C29E4.1.1	transcript_NIC58.16422.1
OG0003646	transcript_T10B10.1.1	transcript_NIC58.19383.1
OG0003647	transcript_C27C12.1.1	transcript_NIC58.15620.2
OG0003648	transcript_R107.6b.1	transcript_NIC58.15869.3
OG0003649	transcript_K04H4.1a.1	transcript_NIC58.15814.1
OG0003650	transcript_F01G12.5b.1	transcript_NIC58.17181.5
OG0003651	transcript_C38C10.3.1	transcript_NIC58.15823.1
OG0003652	transcript_C48B4.2.1	transcript_NIC58.15752.1
OG0003653	transcript_C48B4.12b.1	transcript_NIC58.15731.2
OG0003654	transcript_F58A4.1.1	transcript_NIC58.15730.1
OG0003655	transcript_C07A9.4.1	transcript_NIC58.15736.1
OG0003656	transcript_C07A9.11.1	transcript_NIC58.15737.1
OG0003657	transcript_ZK1128.4.1	transcript_NIC58.15619.2
OG0003658	transcript_ZK1128.3.1	transcript_NIC58.15868.1
OG0003659	transcript_M163.2a.1	transcript_NIC58.19590.1
OG0003660	transcript_Y47D3A.6a.1	transcript_NIC58.14853.2
OG0003661	transcript_C11H1.2.1	transcript_NIC58.16985.1
OG0003662	transcript_Y75B8A.16.1	transcript_NIC58.15307.2
OG0003663	transcript_Y111B2A.19a.1	transcript_NIC58.16018.2
OG0003664	transcript_C13C4.5.1	transcript_NIC58.8155.1
OG0003665	transcript_C18H7.12.1	transcript_NIC58.12608.1
OG0003666	transcript_C18H7.6.1	transcript_NIC58.12609.1
OG0003667	transcript_C18H7.9.1	transcript_NIC58.12935.1
OG0003668	transcript_C23H5.1.1	transcript_NIC58.13679.2
OG0003669	transcript_K08D12.3a.1	transcript_NIC58.13646.1
OG0003670	transcript_K08D12.2.1	transcript_NIC58.13644.3
OG0003671	transcript_C23H5.7.1	transcript_NIC58.13522.1
OG0003672	transcript_Y76B12C.1a.1	transcript_NIC58.13514.1
OG0003673	transcript_Y54G2A.38.1	transcript_NIC58.13427.1
OG0003674	transcript_Y54G2A.77.1	transcript_NIC58.13428.1
OG0003675	transcript_Y4C6B.4a.1	transcript_NIC58.11569.3
OG0003676	transcript_Y4C6B.3a.1	transcript_NIC58.11570.1
OG0003677	transcript_F15B10.2a.1	transcript_NIC58.11747.1
OG0003678	transcript_C01B10.3.1	transcript_NIC58.11748.1
OG0003679	transcript_F55G1.5.1	transcript_NIC58.11892.1
OG0003680	transcript_F20D1.9.1	transcript_NIC58.19406.2
OG0003681	transcript_C46A5.1.1	transcript_NIC58.12676.1
OG0003682	transcript_F38H4.4.1	transcript_NIC58.2634.1
OG0003683	transcript_T01B11.7.1	transcript_NIC58.12969.1
OG0003684	transcript_T01B11.5a.1	transcript_NIC58.12966.2
OG0003685	transcript_F27C8.6.1	transcript_NIC58.11508.1
OG0003686	transcript_T09B9.1.1	transcript_NIC58.17303.1
OG0003687	transcript_F27C8.1.1	transcript_NIC58.11513.1
OG0003688	transcript_F52H2.2b.1	transcript_NIC58.17833.2
OG0003689	transcript_T04B2.6.1	transcript_NIC58.1830.1
OG0003690	transcript_K08F4.9.2	transcript_NIC58.12319.1
OG0003691	transcript_F01G10.3a.1	transcript_NIC58.12298.1
OG0003692	transcript_F01G10.2.1	transcript_NIC58.12296.1
OG0003693	transcript_F54D1.6.1	transcript_NIC58.12051.2
OG0003694	transcript_R09E10.5.1	transcript_NIC58.12779.1
OG0003695	transcript_T03D3.1.1	transcript_NIC58.4515.1
OG0003696	transcript_T25B9.7.1	transcript_NIC58.12745.1
OG0003697	transcript_M7.2b.1	transcript_NIC58.8678.1
OG0003698	transcript_C18C4.10b.2	transcript_NIC58.8729.3
OG0003699	transcript_T12A7.1.1	transcript_NIC58.12079.1
OG0003700	transcript_T28F3.1a.1	transcript_NIC58.10837.1
OG0003701	transcript_C06A12.4a.1	transcript_NIC58.6187.1
OG0003702	transcript_R01E6.1.1	transcript_NIC58.19649.1
OG0003703	transcript_Y58G8A.1.1	transcript_NIC58.7354.3
OG0003704	transcript_R03E1.3.1	transcript_NIC58.17077.1
OG0003705	transcript_Y39D8B.3.1	transcript_NIC58.7373.2
OG0003706	transcript_Y39D8B.2.1	transcript_NIC58.7371.1
OG0003707	transcript_T02B11.4.1	transcript_NIC58.7162.1
OG0003708	transcript_T02B11.3a.1	transcript_NIC58.7300.1
OG0003709	transcript_C14C10.3a.1	transcript_NIC58.8014.1
OG0003710	transcript_Y45G12B.3a.2	transcript_NIC58.7207.1
OG0003711	transcript_F37B4.7.1	transcript_NIC58.7307.1
OG0003712	transcript_C50E3.16.1	transcript_NIC58.7852.1
OG0003713	transcript_C31B8.1.1	transcript_NIC58.7221.1
OG0003714	transcript_C31B8.16.1	transcript_NIC58.7217.1
OG0003715	transcript_C54E10.3.1	transcript_NIC58.10449.1
OG0003716	transcript_C50H11.13.1	transcript_NIC58.6558.1
OG0003717	transcript_F27E11.1a.1	transcript_NIC58.7831.4
OG0003718	transcript_F27E11.2.1	transcript_NIC58.7832.1
OG0003719	transcript_C07G3.9a.2	transcript_NIC58.6507.1
OG0003720	transcript_C04F5.7.1	transcript_NIC58.7881.4
OG0003721	transcript_F07D10.1.1	transcript_NIC58.17884.1
OG0003722	transcript_T22F3.4a.1	transcript_NIC58.7576.1
OG0003723	transcript_K08F9.1a.1	transcript_NIC58.5742.1
OG0003724	transcript_C35A11.4.2	transcript_NIC58.8705.1
OG0003725	transcript_T14G8.1.1	transcript_NIC58.18838.1
OG0003726	transcript_F26F12.7.1	transcript_NIC58.8773.1
OG0003727	transcript_ZK1055.6b.1	transcript_NIC58.8898.1
OG0003728	transcript_ZK1055.7.1	transcript_NIC58.8899.1
OG0003729	transcript_T15B7.3.1	transcript_NIC58.8944.1
OG0003730	transcript_T15B7.4.1	transcript_NIC58.8942.1
OG0003731	transcript_C54F6.7.1	transcript_NIC58.7765.1
OG0003732	transcript_C54F6.11.1	transcript_NIC58.7764.1
OG0003733	transcript_T21B6.5.1	transcript_NIC58.17614.1
OG0003734	transcript_C50F4.14a.1	transcript_NIC58.9192.1
OG0003735	transcript_B0310.5a.1	transcript_NIC58.19981.1
OG0003736	transcript_R04B5.9.1	transcript_NIC58.7107.2
OG0003737	transcript_K07C5.6.1	transcript_NIC58.8566.2
OG0003738	transcript_K07C5.4.1	transcript_NIC58.8565.2
OG0003739	transcript_F32G8.2.1	transcript_NIC58.8508.1
OG0003740	transcript_F32D8.2.1	transcript_NIC58.8460.2
OG0003741	transcript_F28H7.4.1	transcript_NIC58.8486.2
OG0003742	transcript_C35C5.3b.1	transcript_NIC58.17737.2
OG0003743	transcript_C45B11.2.1	transcript_NIC58.17019.1
OG0003744	transcript_F17C11.11a.1	transcript_NIC58.8439.1
OG0003745	transcript_F17E5.2.2	transcript_NIC58.18886.2
OG0003746	transcript_F55A11.4a.1	transcript_NIC58.8230.7
OG0003747	transcript_K12G11.2.1	transcript_NIC58.8205.1
OG0003748	transcript_K12G11.1.1	transcript_NIC58.8207.1
OG0003749	transcript_C27A7.3a.1	transcript_NIC58.8150.1
OG0003750	transcript_C27A7.1a.1	transcript_NIC58.8151.1
OG0003751	transcript_B0365.1.1	transcript_NIC58.8679.3
OG0003752	transcript_D1005.1.1	transcript_NIC58.19863.2
OG0003753	transcript_C47E8.2.1	transcript_NIC58.9427.1
OG0003754	transcript_C50B6.5.1	transcript_NIC58.7960.1
OG0003755	transcript_R10D12.1.1	transcript_NIC58.6894.1
OG0003756	transcript_M162.5.1	transcript_NIC58.10630.1
OG0003757	transcript_K02E11.2.1	transcript_NIC58.9555.1
OG0003758	transcript_F40G12.1.1	transcript_NIC58.9545.1
OG0003759	transcript_K08F9.2.1	transcript_NIC58.9647.1
OG0003760	transcript_C04F6.4a.1	transcript_NIC58.17987.1
OG0003761	transcript_K06B4.12.1	transcript_NIC58.9609.1
OG0003762	transcript_W06D12.5.1	transcript_NIC58.10760.2
OG0003763	transcript_F36D3.3.1	transcript_NIC58.10509.1
OG0003764	transcript_T26H2.8.1	transcript_NIC58.10513.1
OG0003765	transcript_Y51A2D.9a.1	transcript_NIC58.10568.1
OG0003766	transcript_Y51A2D.10a.1	transcript_NIC58.10569.1
OG0003767	transcript_F57C12.4.1	transcript_NIC58.19967.2
OG0003768	transcript_F57C12.5b.2	transcript_NIC58.19966.4
OG0003769	transcript_F25E2.4.1	transcript_NIC58.19930.1
OG0003770	transcript_R04E5.10.1	transcript_NIC58.19119.1
OG0003771	transcript_Y41G9A.3.1	transcript_NIC58.17783.1
OG0003772	transcript_T20F7.6.1	transcript_NIC58.17126.1
OG0003773	transcript_F40F4.6b.1	transcript_NIC58.17953.2
OG0003774	transcript_F28B4.3.1	transcript_NIC58.17952.2
OG0003775	transcript_C52B9.5.1	transcript_NIC58.18100.1
OG0003776	transcript_F48D6.2b.1	transcript_NIC58.18098.1
OG0003777	transcript_C05E11.4.1	transcript_NIC58.18166.1
OG0003778	transcript_C05E11.5.1	transcript_NIC58.18165.1
OG0003779	transcript_W05H9.4.1	transcript_NIC58.18449.1
OG0003780	transcript_W05H9.2.1	transcript_NIC58.18450.1
OG0003781	transcript_T22E5.5.1	transcript_NIC58.18479.2
OG0003782	transcript_F53A9.10.1	transcript_NIC58.19147.1
OG0003783	transcript_C15B12.8.1	transcript_NIC58.18493.1
OG0003784	transcript_C15B12.1.1	transcript_NIC58.18494.1
OG0003785	transcript_F54F7.5.1	transcript_NIC58.12816.2
OG0003786	transcript_B0198.3a.1	transcript_NIC58.17218.1
OG0003787	transcript_Y62H9A.5.1	transcript_NIC58.19011.1
OG0003788	transcript_Y62H9A.3.1	transcript_NIC58.19009.1
OG0003789	transcript_T21H8.3.1	transcript_NIC58.19606.1
OG0003790	transcript_T21H8.4.1	transcript_NIC58.19607.1
OG0003791	transcript_F31B9.4.1	transcript_NIC58.17314.1
OG0003792	transcript_F31B9.2.1	transcript_NIC58.17315.1
OG0003793	transcript_Y74C9A.2a.1	transcript_NIC58.975.1
OG0003794	transcript_Y74C9A.5.2	transcript_NIC58.977.1
OG0003795	transcript_Y48G1C.2b.1	transcript_NIC58.979.1
OG0003796	transcript_Y48G1C.10a.1	transcript_NIC58.980.1
OG0003797	transcript_Y48G1C.9a.1	transcript_NIC58.981.1
OG0003798	transcript_Y48G1C.1.1	transcript_NIC58.3571.1
OG0003799	transcript_Y48G1C.13.1	transcript_NIC58.983.1
OG0003800	transcript_F53G12.10.1	transcript_NIC58.968.1
OG0003801	transcript_F53G12.9a.1	transcript_NIC58.969.1
OG0003802	transcript_F53G12.7a.1	transcript_NIC58.973.1
OG0003803	transcript_F53G12.6.1	transcript_NIC58.437.2
OG0003804	transcript_F53G12.4.1	transcript_NIC58.430.1
OG0003805	transcript_F53G12.18.1	transcript_NIC58.429.1
OG0003806	transcript_F56C11.2a.2	transcript_NIC58.427.1
OG0003807	transcript_F56C11.5a.1	transcript_NIC58.425.1
OG0003808	transcript_Y48G1BL.2a.1	transcript_NIC58.418.2
OG0003810	transcript_C53D5.2.1	transcript_NIC58.432.1
OG0003811	transcript_C53D5.4a.1	transcript_NIC58.839.1
OG0003812	transcript_C53D5.1a.1	transcript_NIC58.838.2
OG0003813	transcript_C53D5.5a.1	transcript_NIC58.837.1
OG0003814	transcript_C53D5.6.1	transcript_NIC58.836.2
OG0003815	transcript_Y48G1A.4.1	transcript_NIC58.834.2
OG0003816	transcript_Y48G1A.2.1	transcript_NIC58.440.1
OG0003817	transcript_R119.7a.1	transcript_NIC58.438.1
OG0003818	transcript_R119.2.1	transcript_NIC58.867.2
OG0003819	transcript_R119.4.1	transcript_NIC58.866.1
OG0003820	transcript_R119.6.1	transcript_NIC58.865.1
OG0003821	transcript_R119.5a.1	transcript_NIC58.864.1
OG0003822	transcript_Y50C1A.1a.1	transcript_NIC58.863.2
OG0003823	transcript_Y50C1A.2.1	transcript_NIC58.855.2
OG0003824	transcript_C07F11.2.1	transcript_NIC58.856.1
OG0003825	transcript_C07F11.1.1	transcript_NIC58.857.1
OG0003826	transcript_W04C9.5.1	transcript_NIC58.854.1
OG0003827	transcript_W04C9.3.1	transcript_NIC58.410.1
OG0003828	transcript_W04C9.9.1	transcript_NIC58.409.1
OG0003829	transcript_W04C9.6.1	transcript_NIC58.408.1
OG0003830	transcript_W04C9.2.1	transcript_NIC58.411.1
OG0003831	transcript_W04C9.1a.1	transcript_NIC58.412.1
OG0003832	transcript_Y65B4BL.3a.1	transcript_NIC58.413.2
OG0003833	transcript_Y65B4BL.4.1	transcript_NIC58.414.1
OG0003834	transcript_Y65B4BL.2a.1	transcript_NIC58.415.1
OG0003835	transcript_Y65B4BL.7c.1	transcript_NIC58.416.1
OG0003836	transcript_Y65B4BM.3.1	transcript_NIC58.474.1
OG0003837	transcript_Y65B4BR.8.1	transcript_NIC58.457.1
OG0003838	transcript_Y65B4BR.4a.1	transcript_NIC58.456.2
OG0003839	transcript_Y65B4BR.3.1	transcript_NIC58.455.2
OG0003840	transcript_Y65B4BR.2d.1	transcript_NIC58.454.1
OG0003841	transcript_Y65B4BR.6b.1	transcript_NIC58.451.1
OG0003842	transcript_F56A6.2a.1	transcript_NIC58.965.1
OG0003843	transcript_F56A6.4a.1	transcript_NIC58.529.1
OG0003845	transcript_Y65B4A.3.1	transcript_NIC58.531.1
OG0003846	transcript_Y65B4A.2c.1	transcript_NIC58.534.1
OG0003847	transcript_Y65B4A.7a.1	transcript_NIC58.535.1
OG0003848	transcript_Y65B4A.1.1	transcript_NIC58.510.1
OG0003849	transcript_Y18H1A.14a.1	transcript_NIC58.514.1
OG0003850	transcript_Y18H1A.4.1	transcript_NIC58.505.1
OG0003851	transcript_Y18H1A.2a.1	transcript_NIC58.506.1
OG0003852	transcript_Y18H1A.3e.1	transcript_NIC58.507.2
OG0003853	transcript_Y18H1A.15.1	transcript_NIC58.504.1
OG0003854	transcript_Y18H1A.13.1	transcript_NIC58.446.2
OG0003855	transcript_Y18H1A.12a.1	transcript_NIC58.447.1
OG0003856	transcript_Y18H1A.9.1	transcript_NIC58.465.1
OG0003857	transcript_T06A4.2.1	transcript_NIC58.464.1
OG0003858	transcript_T06A4.3a.1	transcript_NIC58.463.2
OG0003859	transcript_ZC123.3a.1	transcript_NIC58.442.3
OG0003860	transcript_ZC123.1.1	transcript_NIC58.441.1
OG0003861	transcript_ZC123.4a.1	transcript_NIC58.473.1
OG0003862	transcript_Y95B8A.8.1	transcript_NIC58.472.1
OG0003863	transcript_Y95B8A.10a.1	transcript_NIC58.471.1
OG0003864	transcript_Y95B8A.6c.1	transcript_NIC58.469.1
OG0003865	transcript_Y95B8A.11a.1	transcript_NIC58.468.1
OG0003866	transcript_Y95B8A.5a.1	transcript_NIC58.467.1
OG0003867	transcript_Y95B8A.4.1	transcript_NIC58.466.3
OG0003868	transcript_Y95B8A.12c.1	transcript_NIC58.449.1
OG0003869	transcript_Y95B8A.1a.1	transcript_NIC58.450.1
OG0003870	transcript_Y34D9B.1b.1	transcript_NIC58.443.4
OG0003871	transcript_F54A5.2a.1	transcript_NIC58.444.2
OG0003872	transcript_F54A5.3a.1	transcript_NIC58.445.1
OG0003873	transcript_F54A5.1.1	transcript_NIC58.883.1
OG0003874	transcript_C54G6.3.1	transcript_NIC58.884.1
OG0003875	transcript_C54G6.2a.1	transcript_NIC58.885.1
OG0003876	transcript_C54G6.1a.1	transcript_NIC58.882.1
OG0003877	transcript_C54G6.5.1	transcript_NIC58.868.1
OG0003878	transcript_Y34D9A.11.1	transcript_NIC58.869.1
OG0003879	transcript_Y34D9A.1.1	transcript_NIC58.870.1
OG0003880	transcript_Y34D9A.4.1	transcript_NIC58.872.1
OG0003881	transcript_Y34D9A.3a.1	transcript_NIC58.871.3
OG0003882	transcript_Y34D9A.7a.1	transcript_NIC58.873.1
OG0003883	transcript_Y34D9A.8b.1	transcript_NIC58.874.3
OG0003884	transcript_Y34D9A.10.1	transcript_NIC58.875.1
OG0003885	transcript_Y34D9A.2.1	transcript_NIC58.876.1
OG0003886	transcript_R06A10.2a.1	transcript_NIC58.878.1
OG0003887	transcript_R06A10.1a.1	transcript_NIC58.879.1
OG0003888	transcript_R06A10.5b.1	transcript_NIC58.880.1
OG0003889	transcript_R06A10.4.1	transcript_NIC58.881.1
OG0003891	transcript_ZK993.1a.1	transcript_NIC58.2028.1
OG0003892	transcript_Y48G8AL.10a.1	transcript_NIC58.2029.1
OG0003893	transcript_Y48G8AL.14.1	transcript_NIC58.2030.1
OG0003894	transcript_Y48G8AL.8.1	transcript_NIC58.2031.1
OG0003895	transcript_Y48G8AL.7.1	transcript_NIC58.2032.1
OG0003896	transcript_Y48G8AL.11a.1	transcript_NIC58.2039.1
OG0003897	transcript_Y48G8AL.6.1	transcript_NIC58.2040.1
OG0003898	transcript_Y48G8AL.5a.1	transcript_NIC58.2041.1
OG0003899	transcript_Y48G8AL.1a.1	transcript_NIC58.2043.1
OG0003900	transcript_Y48G8AL.15.1	transcript_NIC58.2047.1
OG0003901	transcript_Y48G8AR.1b.1	transcript_NIC58.2048.6
OG0003902	transcript_Y48G8AR.2.1	transcript_NIC58.2038.1
OG0003903	transcript_K12C11.4a.1	transcript_NIC58.2034.2
OG0003904	transcript_K12C11.5.1	transcript_NIC58.37.2
OG0003905	transcript_K12C11.3c.1	transcript_NIC58.657.2
OG0003906	transcript_K12C11.6.1	transcript_NIC58.658.1
OG0003907	transcript_K12C11.1a.1	transcript_NIC58.660.2
OG0003908	transcript_Y92H12BL.7.1	transcript_NIC58.661.3
OG0003909	transcript_Y92H12BR.6.1	transcript_NIC58.665.1
OG0003910	transcript_Y92H12BR.2.1	transcript_NIC58.667.1
OG0003911	transcript_F47G6.3.1	transcript_NIC58.14769.1
OG0003912	transcript_F47G6.2.1	transcript_NIC58.721.1
OG0003913	transcript_F47G6.1a.1	transcript_NIC58.722.2
OG0003914	transcript_Y92H12A.5b.1	transcript_NIC58.723.1
OG0003915	transcript_Y92H12A.4a.2	transcript_NIC58.724.2
OG0003916	transcript_Y92H12A.2a.1	transcript_NIC58.725.1
OG0003917	transcript_Y92H12A.1b.1	transcript_NIC58.726.2
OG0003918	transcript_Y73E7A.4.1	transcript_NIC58.713.1
OG0003919	transcript_Y73E7A.2.1	transcript_NIC58.708.1
OG0003920	transcript_Y73E7A.6.1	transcript_NIC58.707.1
OG0003921	transcript_Y73E7A.9a.1	transcript_NIC58.706.1
OG0003922	transcript_Y73E7A.7a.1	transcript_NIC58.705.1
OG0003923	transcript_Y73E7A.1a.1	transcript_NIC58.704.1
OG0003924	transcript_Y73E7A.8.1	transcript_NIC58.703.3
OG0003925	transcript_Y71G12B.20a.1	transcript_NIC58.606.1
OG0003926	transcript_Y71G12B.21.1	transcript_NIC58.650.1
OG0003927	transcript_Y71G12B.33b.1	transcript_NIC58.695.1
OG0003928	transcript_Y71G12B.23a.1	transcript_NIC58.641.1
OG0003929	transcript_Y71G12B.35.1	transcript_NIC58.642.1
OG0003930	transcript_Y71G12B.16.1	transcript_NIC58.643.1
OG0003931	transcript_Y71G12B.31a.1	transcript_NIC58.645.1
OG0003932	transcript_Y71G12B.15a.1	transcript_NIC58.646.1
OG0003933	transcript_Y71G12B.13.1	transcript_NIC58.647.6
OG0003934	transcript_Y71G12B.12a.1	transcript_NIC58.648.1
OG0003935	transcript_Y71G12B.11a.1	transcript_NIC58.649.1
OG0003936	transcript_Y71G12B.24a.1	transcript_NIC58.696.1
OG0003937	transcript_Y71G12B.10.1	transcript_NIC58.697.1
OG0003938	transcript_Y71G12B.9a.1	transcript_NIC58.698.2
OG0003939	transcript_Y71G12B.8.1	transcript_NIC58.702.1
OG0003940	transcript_Y71G12B.25a.1	transcript_NIC58.700.2
OG0003941	transcript_Y71G12B.26a.1	transcript_NIC58.701.1
OG0003942	transcript_Y71G12B.6a.1	transcript_NIC58.694.1
OG0003943	transcript_Y71G12B.27.1	transcript_NIC58.1395.1
OG0003944	transcript_Y71G12B.4.1	transcript_NIC58.632.1
OG0003945	transcript_Y71G12B.32.1	transcript_NIC58.605.2
OG0003946	transcript_Y71G12B.1a.1	transcript_NIC58.628.1
OG0003947	transcript_C53H9.3.1	transcript_NIC58.627.1
OG0003948	transcript_C53H9.2a.1	transcript_NIC58.626.1
OG0003949	transcript_M01D7.7a.1	transcript_NIC58.624.1
OG0003950	transcript_M01D7.6.1	transcript_NIC58.623.1
OG0003951	transcript_M01D7.5.1	transcript_NIC58.622.1
OG0003952	transcript_M01D7.4a.1	transcript_NIC58.621.1
OG0003953	transcript_M01D7.2a.1	transcript_NIC58.620.1
OG0003954	transcript_Y71G12A.3a.1	transcript_NIC58.619.1
OG0003955	transcript_Y71G12A.4.1	transcript_NIC58.618.1
OG0003956	transcript_Y71G12A.2b.1	transcript_NIC58.617.1
OG0003957	transcript_Y51F10.5.1	transcript_NIC58.612.1
OG0003958	transcript_Y51F10.4a.1	transcript_NIC58.611.1
OG0003959	transcript_Y51F10.10a.1	transcript_NIC58.609.2
OG0003960	transcript_Y51F10.11.1	transcript_NIC58.608.2
OG0003961	transcript_Y51F10.3a.1	transcript_NIC58.607.1
OG0003962	transcript_Y20F4.3a.1	transcript_NIC58.542.1
OG0003963	transcript_Y20F4.2.1	transcript_NIC58.543.1
OG0003964	transcript_Y20F4.8.1	transcript_NIC58.9221.1
OG0003965	transcript_Y37E3.1.1	transcript_NIC58.545.1
OG0003966	transcript_Y37E3.3.1	transcript_NIC58.546.1
OG0003967	transcript_Y37E3.4.1	transcript_NIC58.547.1
OG0003968	transcript_Y37E3.5a.1	transcript_NIC58.549.1
OG0003969	transcript_Y37E3.7.1	transcript_NIC58.550.1
OG0003970	transcript_Y37E3.8a.1	transcript_NIC58.551.1
OG0003971	transcript_Y37E3.9.1	transcript_NIC58.552.1
OG0003972	transcript_Y37E3.10a.1	transcript_NIC58.553.1
OG0003973	transcript_Y37E3.11i.1	transcript_NIC58.554.2
OG0003974	transcript_Y37E3.13a.1	transcript_NIC58.555.1
OG0003975	transcript_Y37E3.15a.1	transcript_NIC58.896.1
OG0003976	transcript_Y37E3.16.1	transcript_NIC58.895.1
OG0003977	transcript_Y37E3.17d.1	transcript_NIC58.894.1
OG0003978	transcript_W03F11.6c.1	transcript_NIC58.960.1
OG0003979	transcript_W03F11.5.1	transcript_NIC58.961.1
OG0003980	transcript_W03F11.1a.1	transcript_NIC58.963.1
OG0003981	transcript_W03F11.3.1	transcript_NIC58.962.1
OG0003982	transcript_F12B6.3a.1	transcript_NIC58.957.1
OG0003983	transcript_F12B6.2a.1	transcript_NIC58.958.3
OG0003984	transcript_F12B6.1a.1	transcript_NIC58.959.2
OG0003985	transcript_Y39G10AL.3.2	transcript_NIC58.181.1
OG0003986	transcript_Y39G10AR.11.1	transcript_NIC58.180.2
OG0003987	transcript_Y39G10AR.12a.1	transcript_NIC58.178.2
OG0003988	transcript_Y39G10AR.10.1	transcript_NIC58.179.1
OG0003989	transcript_Y39G10AR.9b.1	transcript_NIC58.176.2
OG0003990	transcript_Y39G10AR.21a.1	transcript_NIC58.175.1
OG0003991	transcript_Y39G10AR.20.1	transcript_NIC58.174.1
OG0003992	transcript_Y39G10AR.8.1	transcript_NIC58.170.1
OG0003993	transcript_Y39G10AR.7b.1	transcript_NIC58.169.3
OG0003994	transcript_Y39G10AR.14a.1	transcript_NIC58.955.3
OG0003995	transcript_Y39G10AR.32a.1	transcript_NIC58.956.1
OG0003996	transcript_Y39G10AR.3a.1	transcript_NIC58.1037.2
OG0003997	transcript_Y39G10AR.2a.1	transcript_NIC58.1035.1
OG0003998	transcript_F23C8.13a.1	transcript_NIC58.1034.2
OG0003999	transcript_F23C8.5a.1	transcript_NIC58.1033.1
OG0004000	transcript_F23C8.6.1	transcript_NIC58.1032.1
OG0004001	transcript_F23C8.8.1	transcript_NIC58.1031.1
OG0004002	transcript_T16H5.1a.1	transcript_NIC58.1029.1
OG0004003	transcript_Y74C10AR.3a.1	transcript_NIC58.1028.2
OG0004004	transcript_Y74C10AR.1a.1	transcript_NIC58.1027.1
OG0004005	transcript_Y23H5B.5.1	transcript_NIC58.1023.4
OG0004006	transcript_Y23H5B.4.1	transcript_NIC58.1026.1
OG0004007	transcript_Y23H5B.3.1	transcript_NIC58.1149.1
OG0004008	transcript_Y23H5B.8.1	transcript_NIC58.1148.1
OG0004009	transcript_C55C2.1.1	transcript_NIC58.1154.1
OG0004010	transcript_K07A3.2a.1	transcript_NIC58.1157.1
OG0004011	transcript_K07A3.3b.1	transcript_NIC58.1162.1
OG0004012	transcript_Y23H5A.5a.1	transcript_NIC58.1250.3
OG0004013	transcript_Y23H5A.3.1	transcript_NIC58.1248.1
OG0004014	transcript_Y23H5A.2a.1	transcript_NIC58.1247.1
OG0004015	transcript_F40E3.2.1	transcript_NIC58.1245.4
OG0004016	transcript_F40E3.5.2	transcript_NIC58.1242.1
OG0004017	transcript_F32B5.6a.1	transcript_NIC58.1228.2
OG0004018	transcript_F32B5.7a.1	transcript_NIC58.1227.1
OG0004019	transcript_F32B5.8a.1	transcript_NIC58.1226.1
OG0004020	transcript_Y71F9B.5a.2	transcript_NIC58.1230.1
OG0004021	transcript_Y71F9B.16a.1	transcript_NIC58.1231.1
OG0004022	transcript_Y71F9B.6c.1	transcript_NIC58.1232.1
OG0004023	transcript_Y71F9B.4.1	transcript_NIC58.1233.1
OG0004024	transcript_Y71F9B.3.1	transcript_NIC58.1234.1
OG0004025	transcript_Y71F9B.2a.1	transcript_NIC58.1235.1
OG0004026	transcript_Y71F9B.8a.1	transcript_NIC58.1236.1
OG0004027	transcript_Y71F9B.9a.1	transcript_NIC58.1238.1
OG0004028	transcript_Y71F9B.10c.1	transcript_NIC58.1239.3
OG0004029	transcript_Y71F9B.1.1	transcript_NIC58.1240.1
OG0004030	transcript_Y71F9B.13a.1	transcript_NIC58.1241.1
OG0004031	transcript_W03D8.8.1	transcript_NIC58.1223.2
OG0004032	transcript_W03D8.2b.1	transcript_NIC58.13715.1
OG0004033	transcript_W03D8.6a.1	transcript_NIC58.1220.3
OG0004034	transcript_W03D8.11.1	transcript_NIC58.1219.1
OG0004035	transcript_W10C8.2.1	transcript_NIC58.1217.2
OG0004036	transcript_W10C8.1a.1	transcript_NIC58.1216.1
OG0004037	transcript_Y71F9AL.10a.1	transcript_NIC58.1215.3
OG0004038	transcript_Y71F9AL.12f.1	transcript_NIC58.1214.2
OG0004039	transcript_Y71F9AL.13a.1	transcript_NIC58.1213.1
OG0004040	transcript_Y71F9AL.9.1	transcript_NIC58.1212.1
OG0004041	transcript_Y71F9AL.8.1	transcript_NIC58.1211.1
OG0004042	transcript_Y71F9AL.14.1	transcript_NIC58.1210.1
OG0004043	transcript_Y71F9AL.16.1	transcript_NIC58.1209.1
OG0004045	transcript_Y71F9AL.17.1	transcript_NIC58.1208.4
OG0004046	transcript_Y71F9AL.1.1	transcript_NIC58.1207.1
OG0004047	transcript_Y71F9AM.6.1	transcript_NIC58.1206.1
OG0004048	transcript_Y71F9AM.5a.1	transcript_NIC58.1205.1
OG0004049	transcript_Y71F9AM.4a.1	transcript_NIC58.1203.2
OG0004050	transcript_Y71F9AM.11.1	transcript_NIC58.1204.1
OG0004051	transcript_Y71F9AR.1.1	transcript_NIC58.1200.1
OG0004052	transcript_Y71F9AR.4.1	transcript_NIC58.1180.2
OG0004053	transcript_Y71F9AR.2.1	transcript_NIC58.1114.1
OG0004054	transcript_Y71F9AR.3.1	transcript_NIC58.1181.4
OG0004055	transcript_Y54E10BL.5.1	transcript_NIC58.1183.1
OG0004056	transcript_Y54E10BL.6.1	transcript_NIC58.1184.1
OG0004057	transcript_Y54E10BL.2.1	transcript_NIC58.1185.1
OG0004058	transcript_Y54E10BR.4.1	transcript_NIC58.1187.3
OG0004059	transcript_Y54E10BR.5.1	transcript_NIC58.1188.1
OG0004060	transcript_Y54E10BR.6.1	transcript_NIC58.1189.1
OG0004061	transcript_Y54E10BR.2.1	transcript_NIC58.1190.1
OG0004062	transcript_Y54E10BR.7.1	transcript_NIC58.1191.1
OG0004063	transcript_Y54E10BR.8.1	transcript_NIC58.1192.1
OG0004064	transcript_Y54E10BR.1a.1	transcript_NIC58.1193.1
OG0004065	transcript_M01B12.3.1	transcript_NIC58.1194.1
OG0004066	transcript_M01B12.4c.1	transcript_NIC58.1195.5
OG0004067	transcript_M01B12.5a.1	transcript_NIC58.1196.2
OG0004068	transcript_C45E1.1c.1	transcript_NIC58.1197.1
OG0004069	transcript_C45E1.4.1	transcript_NIC58.1199.1
OG0004070	transcript_K09H9.3.1	transcript_NIC58.1179.3
OG0004071	transcript_K09H9.8.1	transcript_NIC58.1178.1
OG0004072	transcript_K09H9.6.1	transcript_NIC58.1175.2
OG0004073	transcript_K09H9.2.1	transcript_NIC58.1174.2
OG0004074	transcript_Y54E10A.7.1	transcript_NIC58.1169.1
OG0004075	transcript_Y54E10A.6.1	transcript_NIC58.1168.1
OG0004076	transcript_Y54E10A.5.1	transcript_NIC58.1167.1
OG0004077	transcript_Y54E10A.10.1	transcript_NIC58.1166.1
OG0004078	transcript_Y54E10A.11.1	transcript_NIC58.1165.3
OG0004079	transcript_Y54E10A.17b.1	transcript_NIC58.1163.1
OG0004080	transcript_Y54E10A.14b.1	transcript_NIC58.1258.1
OG0004081	transcript_Y54E10A.15.1	transcript_NIC58.1257.1
OG0004082	transcript_Y54E10A.2.1	transcript_NIC58.1254.1
OG0004083	transcript_Y44E3B.2.1	transcript_NIC58.1253.1
OG0004084	transcript_W01B11.5d.1	transcript_NIC58.1251.3
OG0004085	transcript_W01B11.2a.1	transcript_NIC58.1269.1
OG0004086	transcript_W01B11.6.1	transcript_NIC58.1267.1
OG0004087	transcript_Y44E3A.2.1	transcript_NIC58.1262.1
OG0004088	transcript_Y44E3A.3.1	transcript_NIC58.1266.1
OG0004089	transcript_Y44E3A.4.1	transcript_NIC58.1265.1
OG0004090	transcript_Y44E3A.1a.1	transcript_NIC58.1264.1
OG0004091	transcript_Y44E3A.6d.1	transcript_NIC58.1263.1
OG0004092	transcript_W05F2.7.1	transcript_NIC58.1261.2
OG0004093	transcript_W05F2.3.1	transcript_NIC58.1260.1
OG0004094	transcript_W05F2.6a.1	transcript_NIC58.1259.4
OG0004095	transcript_W05F2.4e.1	transcript_NIC58.1278.3
OG0004096	transcript_K03E5.3a.1	transcript_NIC58.1277.1
OG0004097	transcript_K03E5.2a.1	transcript_NIC58.1276.2
OG0004098	transcript_K03E5.1.1	transcript_NIC58.1275.1
OG0004099	transcript_Y47G6A.28.1	transcript_NIC58.1271.1
OG0004100	transcript_Y47G6A.13.1	transcript_NIC58.1272.1
OG0004101	transcript_Y47G6A.11.1	transcript_NIC58.1270.2
OG0004102	transcript_Y47G6A.14.2	transcript_NIC58.1279.1
OG0004103	transcript_Y47G6A.10.1	transcript_NIC58.1280.2
OG0004104	transcript_Y47G6A.17.1	transcript_NIC58.1284.1
OG0004105	transcript_Y47G6A.7a.1	transcript_NIC58.1285.1
OG0004106	transcript_Y47G6A.18.1	transcript_NIC58.1286.1
OG0004107	transcript_Y47G6A.6.1	transcript_NIC58.1287.1
OG0004108	transcript_Y47G6A.19d.1	transcript_NIC58.1288.1
OG0004109	transcript_Y47G6A.5a.1	transcript_NIC58.1289.1
OG0004110	transcript_Y47G6A.20b.1	transcript_NIC58.1290.2
OG0004111	transcript_Y47G6A.4.1	transcript_NIC58.10016.2
OG0004112	transcript_Y47G6A.33.1	transcript_NIC58.1292.1
OG0004113	transcript_Y47G6A.23d.1	transcript_NIC58.1293.2
OG0004114	transcript_Y47G6A.3.1	transcript_NIC58.1294.1
OG0004115	transcript_Y47G6A.31.1	transcript_NIC58.1296.1
OG0004116	transcript_Y47G6A.24a.1	transcript_NIC58.1298.1
OG0004117	transcript_Y47G6A.25.1	transcript_NIC58.9519.1
OG0004118	transcript_Y47G6A.26.1	transcript_NIC58.1309.1
OG0004119	transcript_Y47G6A.32.1	transcript_NIC58.1323.1
OG0004120	transcript_T28F2.3.1	transcript_NIC58.1322.1
OG0004121	transcript_T28F2.4a.1	transcript_NIC58.1321.1
OG0004122	transcript_T28F2.2b.1	transcript_NIC58.1320.1
OG0004123	transcript_T28F2.5.1	transcript_NIC58.1317.1
OG0004124	transcript_T28F2.7.1	transcript_NIC58.1314.1
OG0004125	transcript_D1037.2.1	transcript_NIC58.1356.1
OG0004126	transcript_D1037.3.1	transcript_NIC58.1355.1
OG0004127	transcript_D1037.1.1	transcript_NIC58.1353.2
OG0004128	transcript_D1037.5.1	transcript_NIC58.1352.1
OG0004129	transcript_H26D21.2.1	transcript_NIC58.1351.1
OG0004130	transcript_H26D21.1.1	transcript_NIC58.1350.1
OG0004131	transcript_F21A9.2.1	transcript_NIC58.1349.1
OG0004132	transcript_F21A9.1b.1	transcript_NIC58.1348.1
OG0004133	transcript_T12F5.4.1	transcript_NIC58.1347.1
OG0004134	transcript_T12F5.3.1	transcript_NIC58.1345.1
OG0004135	transcript_T12F5.5a.1	transcript_NIC58.1325.5
OG0004136	transcript_T12F5.1.1	transcript_NIC58.1326.1
OG0004137	transcript_Y8G1A.2.1	transcript_NIC58.1327.1
OG0004138	transcript_ZK770.3.1	transcript_NIC58.1328.3
OG0004139	transcript_ZK770.1.1	transcript_NIC58.1329.1
OG0004140	transcript_C32E8.6a.1	transcript_NIC58.1330.2
OG0004141	transcript_C32E8.7.1	transcript_NIC58.1332.1
OG0004142	transcript_C32E8.5.1	transcript_NIC58.1333.1
OG0004143	transcript_C32E8.3.1	transcript_NIC58.1334.1
OG0004144	transcript_C32E8.2a.1	transcript_NIC58.1335.1
OG0004145	transcript_C32E8.10d.1	transcript_NIC58.1337.3
OG0004146	transcript_C32E8.11.1	transcript_NIC58.1338.2
OG0004147	transcript_F53F10.5.1	transcript_NIC58.1339.1
OG0004148	transcript_F53F10.3.1	transcript_NIC58.1341.1
OG0004149	transcript_F53F10.8.1	transcript_NIC58.1342.1
OG0004150	transcript_F53F10.2a.2	transcript_NIC58.1343.2
OG0004151	transcript_F53F10.1.1	transcript_NIC58.1300.1
OG0004152	transcript_T03F1.6b.1	transcript_NIC58.1301.1
OG0004153	transcript_T03F1.11.1	transcript_NIC58.1302.1
OG0004154	transcript_T03F1.7.1	transcript_NIC58.1303.1
OG0004155	transcript_T03F1.8a.1	transcript_NIC58.1304.1
OG0004156	transcript_T03F1.9.1	transcript_NIC58.1305.1
OG0004157	transcript_T03F1.3.1	transcript_NIC58.1306.1
OG0004158	transcript_T03F1.2.1	transcript_NIC58.1307.1
OG0004159	transcript_T03F1.1.2	transcript_NIC58.1308.1
OG0004160	transcript_T03F1.12.1	transcript_NIC58.1310.1
OG0004161	transcript_C50F2.3.1	transcript_NIC58.1311.1
OG0004162	transcript_C50F2.2.1	transcript_NIC58.1312.3
OG0004163	transcript_C50F2.4.1	transcript_NIC58.1313.1
OG0004164	transcript_C50F2.7.1	transcript_NIC58.1361.1
OG0004165	transcript_C50F2.8.1	transcript_NIC58.1362.1
OG0004166	transcript_T20F5.2.1	transcript_NIC58.1364.1
OG0004167	transcript_T20F5.3.1	transcript_NIC58.1365.1
OG0004168	transcript_T20F5.8.1	transcript_NIC58.1366.2
OG0004169	transcript_T20F5.4.1	transcript_NIC58.1367.3
OG0004170	transcript_T21E3.3.1	transcript_NIC58.1372.1
OG0004171	transcript_F28H1.5.1	transcript_NIC58.1398.1
OG0004172	transcript_F28H1.3.1	transcript_NIC58.1397.5
OG0004173	transcript_F28H1.1.1	transcript_NIC58.1396.1
OG0004174	transcript_F55C7.7a.1	transcript_NIC58.1394.3
OG0004175	transcript_C09D1.1b.1	transcript_NIC58.1391.5
OG0004176	transcript_C09D1.2.1	transcript_NIC58.1392.1
OG0004177	transcript_C24G7.4.1	transcript_NIC58.1390.3
OG0004178	transcript_H31G24.1.1	transcript_NIC58.1388.1
OG0004179	transcript_E01A2.3.1	transcript_NIC58.1387.2
OG0004180	transcript_E01A2.4.1	transcript_NIC58.1386.1
OG0004181	transcript_E01A2.2a.1	transcript_NIC58.1385.1
OG0004182	transcript_E01A2.5.1	transcript_NIC58.1384.1
OG0004183	transcript_E01A2.6.1	transcript_NIC58.1383.1
OG0004184	transcript_E01A2.1b.1	transcript_NIC58.1382.3
OG0004185	transcript_R12E2.9.1	transcript_NIC58.1375.1
OG0004186	transcript_R12E2.5.2	transcript_NIC58.1374.1
OG0004187	transcript_R12E2.4a.1	transcript_NIC58.1373.1
OG0004188	transcript_R12E2.11.1	transcript_NIC58.1400.1
OG0004189	transcript_R12E2.12.1	transcript_NIC58.1401.1
OG0004190	transcript_R12E2.3.1	transcript_NIC58.1402.1
OG0004191	transcript_R12E2.13.1	transcript_NIC58.1403.3
OG0004192	transcript_R12E2.2.1	transcript_NIC58.1404.1
OG0004193	transcript_R12E2.1.1	transcript_NIC58.1405.1
OG0004194	transcript_C18E3.3.1	transcript_NIC58.1408.1
OG0004195	transcript_C18E3.8.1	transcript_NIC58.1409.2
OG0004196	transcript_C18E3.1.1	transcript_NIC58.1414.1
OG0004197	transcript_C43E11.6a.1	transcript_NIC58.1411.6
OG0004198	transcript_C43E11.8.1	transcript_NIC58.1416.1
OG0004199	transcript_C43E11.11.1	transcript_NIC58.1418.2
OG0004200	transcript_C43E11.2a.1	transcript_NIC58.1420.1
OG0004201	transcript_C43E11.9.1	transcript_NIC58.1421.1
OG0004202	transcript_C43E11.10.1	transcript_NIC58.1422.3
OG0004203	transcript_C43E11.1.1	transcript_NIC58.1410.1
OG0004204	transcript_Y47D9A.5.1	transcript_NIC58.8817.1
OG0004205	transcript_Y47D9A.1a.1	transcript_NIC58.1424.4
OG0004206	transcript_ZK973.6a.1	transcript_NIC58.1425.3
OG0004208	transcript_ZK973.9.1	transcript_NIC58.1426.1
OG0004209	transcript_ZK973.10.1	transcript_NIC58.1427.1
OG0004210	transcript_ZK973.11.1	transcript_NIC58.1429.1
OG0004211	transcript_T21E12.4a.1	transcript_NIC58.1430.3
OG0004212	transcript_T21E12.3.1	transcript_NIC58.1431.1
OG0004213	transcript_C11D9.1.1	transcript_NIC58.1433.1
OG0004214	transcript_T21E12.5.1	transcript_NIC58.1432.1
OG0004215	transcript_C41D11.3c.1	transcript_NIC58.1058.1
OG0004216	transcript_C41D11.2.1	transcript_NIC58.1057.1
OG0004217	transcript_C41D11.8.1	transcript_NIC58.1056.1
OG0004218	transcript_C41D11.9.1	transcript_NIC58.1055.1
OG0004219	transcript_C41D11.5.1	transcript_NIC58.1054.2
OG0004220	transcript_T01A4.9.1	transcript_NIC58.1052.1
OG0004221	transcript_T01A4.1c.1	transcript_NIC58.763.5
OG0004222	transcript_Y119C1B.4.1	transcript_NIC58.764.2
OG0004223	transcript_Y119C1B.5.1	transcript_NIC58.766.3
OG0004224	transcript_Y119C1B.6.1	transcript_NIC58.767.1
OG0004225	transcript_Y119C1B.9.1	transcript_NIC58.769.1
OG0004226	transcript_Y119C1B.3.1	transcript_NIC58.754.1
OG0004227	transcript_D1007.15a.1	transcript_NIC58.753.1
OG0004228	transcript_D1007.14.1	transcript_NIC58.750.1
OG0004229	transcript_D1007.13b.1	transcript_NIC58.749.1
OG0004230	transcript_D1007.1.1	transcript_NIC58.744.1
OG0004231	transcript_D1007.2.1	transcript_NIC58.743.1
OG0004232	transcript_D1007.3.1	transcript_NIC58.742.1
OG0004233	transcript_D1007.18.1	transcript_NIC58.741.1
OG0004234	transcript_D1007.4.1	transcript_NIC58.740.1
OG0004235	transcript_D1007.5a.1	transcript_NIC58.739.1
OG0004236	transcript_D1007.6.1	transcript_NIC58.738.1
OG0004237	transcript_D1007.12.1	transcript_NIC58.737.1
OG0004238	transcript_D1007.10b.1	transcript_NIC58.736.1
OG0004239	transcript_D1007.19.1	transcript_NIC58.735.1
OG0004240	transcript_D1007.7.1	transcript_NIC58.733.3
OG0004241	transcript_D1007.16.1	transcript_NIC58.732.2
OG0004242	transcript_D1007.8.1	transcript_NIC58.731.1
OG0004243	transcript_C44E4.5.1	transcript_NIC58.730.1
OG0004244	transcript_C44E4.1d.1	transcript_NIC58.679.1
OG0004245	transcript_Y119C1A.1.1	transcript_NIC58.683.1
OG0004246	transcript_B0041.3.1	transcript_NIC58.684.1
OG0004247	transcript_B0041.4.1	transcript_NIC58.685.1
OG0004248	transcript_B0041.8.1	transcript_NIC58.686.1
OG0004249	transcript_B0041.5a.1	transcript_NIC58.687.1
OG0004250	transcript_B0041.6a.1	transcript_NIC58.688.1
OG0004251	transcript_B0041.2d.1	transcript_NIC58.689.1
OG0004253	transcript_B0041.7.1	transcript_NIC58.651.1
OG0004254	transcript_T04D1.3d.1	transcript_NIC58.652.3
OG0004255	transcript_T04D1.4.1	transcript_NIC58.653.1
OG0004256	transcript_W09C3.4.1	transcript_NIC58.654.1
OG0004257	transcript_W09C3.7.1	transcript_NIC58.1041.1
OG0004258	transcript_C10H11.7.1	transcript_NIC58.949.1
OG0004259	transcript_C10H11.8a.1	transcript_NIC58.1007.1
OG0004260	transcript_C10H11.9.1	transcript_NIC58.1008.3
OG0004261	transcript_C10H11.1.1	transcript_NIC58.1009.1
OG0004262	transcript_C10H11.10.1	transcript_NIC58.12248.2
OG0004263	transcript_M04F3.1.1	transcript_NIC58.1011.1
OG0004264	transcript_M04F3.4a.1	transcript_NIC58.1012.1
OG0004265	transcript_M04F3.5a.1	transcript_NIC58.1013.1
OG0004267	transcript_F54D7.4.1	transcript_NIC58.1015.1
OG0004268	transcript_F54D7.3a.1	transcript_NIC58.1016.2
OG0004269	transcript_F54D7.2.1	transcript_NIC58.1019.1
OG0004270	transcript_F57C9.6.1	transcript_NIC58.1020.1
OG0004271	transcript_F57C9.7.1	transcript_NIC58.1243.1
OG0004272	transcript_F57C9.5.1	transcript_NIC58.1244.1
OG0004273	transcript_F57C9.1b.1	transcript_NIC58.1003.2
OG0004274	transcript_C01F4.2a.1	transcript_NIC58.1002.1
OG0004275	transcript_F25F8.1.1	transcript_NIC58.566.1
OG0004276	transcript_F25F8.2.1	transcript_NIC58.565.1
OG0004277	transcript_F21F3.1.1	transcript_NIC58.475.1
OG0004278	transcript_F21F3.6.1	transcript_NIC58.458.1
OG0004279	transcript_F21F3.7.1	transcript_NIC58.459.1
OG0004280	transcript_F28B3.8.2	transcript_NIC58.460.1
OG0004281	transcript_F28B3.5a.1	transcript_NIC58.461.1
OG0004282	transcript_F28B3.4b.1	transcript_NIC58.462.2
OG0004283	transcript_W03G9.9.1	transcript_NIC58.568.1
OG0004284	transcript_W03G9.1.1	transcript_NIC58.567.1
OG0004285	transcript_W03G9.7.1	transcript_NIC58.564.1
OG0004286	transcript_F54C1.5a.1	transcript_NIC58.557.1
OG0004287	transcript_F54C1.1.1	transcript_NIC58.562.1
OG0004288	transcript_F54C1.6.1	transcript_NIC58.561.1
OG0004289	transcript_F54C1.7.1	transcript_NIC58.560.1
OG0004290	transcript_C46H11.4a.1	transcript_NIC58.559.6
OG0004291	transcript_C46H11.10a.1	transcript_NIC58.590.2
OG0004292	transcript_C46H11.11e.1	transcript_NIC58.591.1
OG0004293	transcript_C30F8.2.2	transcript_NIC58.593.1
OG0004294	transcript_C30F8.4a.1	transcript_NIC58.594.1
OG0004295	transcript_C30F8.3.1	transcript_NIC58.114.2
OG0004296	transcript_Y110A7A.20.1	transcript_NIC58.113.1
OG0004297	transcript_Y110A7A.13.1	transcript_NIC58.111.1
OG0004298	transcript_Y110A7A.11.1	transcript_NIC58.109.1
OG0004299	transcript_Y110A7A.21.1	transcript_NIC58.107.1
OG0004300	transcript_Y110A7A.16.1	transcript_NIC58.102.1
OG0004301	transcript_Y110A7A.9a.1	transcript_NIC58.101.1
OG0004302	transcript_Y110A7A.17b.1	transcript_NIC58.100.1
OG0004303	transcript_Y110A7A.5.1	transcript_NIC58.98.1
OG0004304	transcript_Y110A7A.4.1	transcript_NIC58.1688.1
OG0004305	transcript_Y110A7A.2.1	transcript_NIC58.97.1
OG0004306	transcript_Y110A7A.1b.1	transcript_NIC58.94.1
OG0004307	transcript_F56A3.4.2	transcript_NIC58.93.1
OG0004308	transcript_F56A3.3b.1	transcript_NIC58.92.1
OG0004309	transcript_F56A3.2.1	transcript_NIC58.91.1
OG0004310	transcript_F56A3.5.1	transcript_NIC58.89.3
OG0004311	transcript_F56A3.1.1	transcript_NIC58.1929.1
OG0004312	transcript_C32E12.2.1	transcript_NIC58.1930.1
OG0004313	transcript_C32E12.3.1	transcript_NIC58.1931.2
OG0004314	transcript_C32E12.4.1	transcript_NIC58.1936.1
OG0004315	transcript_B0261.4a.1	transcript_NIC58.1941.2
OG0004316	transcript_B0261.6a.1	transcript_NIC58.4972.1
OG0004317	transcript_B0261.9.1	transcript_NIC58.2234.1
OG0004318	transcript_B0261.7.1	transcript_NIC58.1943.1
OG0004319	transcript_C01G8.1a.1	transcript_NIC58.1947.1
OG0004320	transcript_C01G8.2.1	transcript_NIC58.1948.1
OG0004321	transcript_C01G8.3.1	transcript_NIC58.1949.1
OG0004322	transcript_C01G8.4.2	transcript_NIC58.1950.1
OG0004323	transcript_C01G8.5b.1	transcript_NIC58.1951.2
OG0004324	transcript_C01G8.6.1	transcript_NIC58.1638.2
OG0004325	transcript_C01G8.9c.1	transcript_NIC58.1639.3
OG0004326	transcript_F48C1.5.1	transcript_NIC58.1640.1
OG0004327	transcript_F48C1.6.1	transcript_NIC58.1641.1
OG0004328	transcript_F48C1.1a.1	transcript_NIC58.1642.1
OG0004329	transcript_F48C1.7.1	transcript_NIC58.1643.1
OG0004330	transcript_F48C1.8.1	transcript_NIC58.1645.1
OG0004331	transcript_F55A12.5.1	transcript_NIC58.1648.4
OG0004332	transcript_F55A12.8.1	transcript_NIC58.1649.2
OG0004333	transcript_F55A12.4a.1	transcript_NIC58.1650.1
OG0004334	transcript_F55A12.3.2	transcript_NIC58.1651.1
OG0004335	transcript_C24A11.1.1	transcript_NIC58.1663.1
OG0004336	transcript_C24A11.8c.1	transcript_NIC58.1655.6
OG0004337	transcript_C30H7.2b.1	transcript_NIC58.1656.2
OG0004338	transcript_F27C1.6.2	transcript_NIC58.1657.2
OG0004339	transcript_F27C1.4.1	transcript_NIC58.1658.1
OG0004340	transcript_F27C1.7b.1	transcript_NIC58.1661.1
OG0004341	transcript_F27C1.8.1	transcript_NIC58.1664.1
OG0004342	transcript_F27C1.11b.1	transcript_NIC58.1665.4
OG0004343	transcript_F27C1.1.1	transcript_NIC58.1437.1
OG0004344	transcript_T05E8.3.1	transcript_NIC58.1672.1
OG0004345	transcript_C09D4.4c.1	transcript_NIC58.1671.1
OG0004346	transcript_C09D4.5.1	transcript_NIC58.1670.1
OG0004347	transcript_C09D4.6.1	transcript_NIC58.1669.1
OG0004348	transcript_C09D4.3.1	transcript_NIC58.1667.1
OG0004349	transcript_C09D4.2.1	transcript_NIC58.1666.1
OG0004350	transcript_C09D4.1a.1	transcript_NIC58.1673.1
OG0004351	transcript_F59A3.3.1	transcript_NIC58.1674.1
OG0004352	transcript_F59A3.4.1	transcript_NIC58.1675.2
OG0004353	transcript_F59A3.2.1	transcript_NIC58.1676.1
OG0004354	transcript_F59A3.13.1	transcript_NIC58.1677.1
OG0004355	transcript_F59A3.7.1	transcript_NIC58.1678.1
OG0004356	transcript_F59A3.1.1	transcript_NIC58.1679.1
OG0004357	transcript_M01A10.2i.1	transcript_NIC58.777.1
OG0004358	transcript_M01A10.3.1	transcript_NIC58.778.1
OG0004359	transcript_M01E11.4c.1	transcript_NIC58.779.1
OG0004360	transcript_M01E11.7a.1	transcript_NIC58.785.4
OG0004361	transcript_F46F11.5.1	transcript_NIC58.788.1
OG0004362	transcript_F46F11.9b.1	transcript_NIC58.789.3
OG0004363	transcript_F46F11.7.1	transcript_NIC58.790.1
OG0004364	transcript_F46F11.10.1	transcript_NIC58.800.2
OG0004365	transcript_F46F11.8.1	transcript_NIC58.801.2
OG0004366	transcript_M01A12.1.1	transcript_NIC58.804.1
OG0004367	transcript_F55F8.8.1	transcript_NIC58.809.1
OG0004368	transcript_F55F8.9a.1	transcript_NIC58.810.2
OG0004369	transcript_T19B4.5.1	transcript_NIC58.811.2
OG0004370	transcript_T19B4.4.1	transcript_NIC58.812.1
OG0004371	transcript_T19B4.3.1	transcript_NIC58.813.1
OG0004372	transcript_T19B4.7.1	transcript_NIC58.808.2
OG0004373	transcript_T19B4.2.1	transcript_NIC58.807.1
OG0004374	transcript_T19B4.1.1	transcript_NIC58.805.1
OG0004375	transcript_C04F1.3.1	transcript_NIC58.1061.2
OG0004376	transcript_F56H1.4.1	transcript_NIC58.1962.1
OG0004377	transcript_F56H1.6.1	transcript_NIC58.1961.2
OG0004378	transcript_F56H1.1.1	transcript_NIC58.1959.1
OG0004379	transcript_F56H1.5.1	transcript_NIC58.1958.1
OG0004380	transcript_F56H1.7.1	transcript_NIC58.1955.1
OG0004381	transcript_T22E7.2.1	transcript_NIC58.1953.1
OG0004382	transcript_T22E7.1a.1	transcript_NIC58.1952.1
OG0004383	transcript_B0414.2.2	transcript_NIC58.1117.1
OG0004384	transcript_B0414.5.1	transcript_NIC58.1113.1
OG0004385	transcript_B0414.8a.1	transcript_NIC58.1109.1
OG0004386	transcript_C32F10.2.1	transcript_NIC58.1111.1
OG0004387	transcript_C32F10.4.1	transcript_NIC58.1110.1
OG0004388	transcript_C32F10.8a.2	transcript_NIC58.1101.1
OG0004389	transcript_C32F10.1a.1	transcript_NIC58.1100.2
OG0004390	transcript_F33D11.5.1	transcript_NIC58.1099.1
OG0004391	transcript_F33D11.3.1	transcript_NIC58.1069.1
OG0004392	transcript_F33D11.8.1	transcript_NIC58.1068.1
OG0004393	transcript_F33D11.9b.1	transcript_NIC58.1067.3
OG0004394	transcript_C34G6.5.1	transcript_NIC58.1064.2
OG0004395	transcript_C34G6.6c.1	transcript_NIC58.1063.1
OG0004396	transcript_C34G6.2.1	transcript_NIC58.1072.1
OG0004397	transcript_C34G6.7a.2	transcript_NIC58.1073.2
OG0004398	transcript_C34G6.1.1	transcript_NIC58.1074.1
OG0004399	transcript_B0207.5b.1	transcript_NIC58.1075.1
OG0004400	transcript_B0207.6.1	transcript_NIC58.1076.2
OG0004401	transcript_B0207.3.1	transcript_NIC58.1078.1
OG0004402	transcript_B0207.7.1	transcript_NIC58.1079.2
OG0004403	transcript_B0207.2.2	transcript_NIC58.1080.1
OG0004404	transcript_B0207.9.2	transcript_NIC58.1081.1
OG0004405	transcript_B0207.10.1	transcript_NIC58.1082.1
OG0004406	transcript_B0207.12b.1	transcript_NIC58.984.2
OG0004407	transcript_C06A5.3b.1	transcript_NIC58.986.2
OG0004408	transcript_C06A5.11a.1	transcript_NIC58.987.1
OG0004409	transcript_C06A5.7b.1	transcript_NIC58.988.1
OG0004410	transcript_C06A5.2.1	transcript_NIC58.15983.1
OG0004411	transcript_C06A5.1.1	transcript_NIC58.892.3
OG0004412	transcript_B0025.2.1	transcript_NIC58.890.3
OG0004413	transcript_B0025.5.1	transcript_NIC58.891.1
OG0004414	transcript_B0025.4.1	transcript_NIC58.889.2
OG0004415	transcript_B0025.1a.1	transcript_NIC58.888.2
OG0004416	transcript_C27A12.3.1	transcript_NIC58.887.1
OG0004417	transcript_C27A12.2.1	transcript_NIC58.886.1
OG0004418	transcript_C27A12.5.1	transcript_NIC58.2024.1
OG0004419	transcript_C27A12.9.1	transcript_NIC58.2019.1
OG0004420	transcript_C27A12.10.1	transcript_NIC58.2018.1
OG0004421	transcript_ZK484.3.1	transcript_NIC58.2020.1
OG0004422	transcript_ZK484.4.1	transcript_NIC58.2021.3
OG0004423	transcript_ZK484.2a.2	transcript_NIC58.2022.1
OG0004424	transcript_ZK484.6.1	transcript_NIC58.2011.1
OG0004425	transcript_ZK484.1a.1	transcript_NIC58.1909.1
OG0004426	transcript_T27A3.8a.1	transcript_NIC58.2004.1
OG0004427	transcript_T27A3.6.1	transcript_NIC58.2003.3
OG0004428	transcript_T27A3.1a.1	transcript_NIC58.2000.1
OG0004429	transcript_F56F4.5.1	transcript_NIC58.1999.2
OG0004430	transcript_F56F4.4.1	transcript_NIC58.1998.1
OG0004431	transcript_F56F4.2.1	transcript_NIC58.1993.1
OG0004432	transcript_T09B4.5.1	transcript_NIC58.1979.1
OG0004433	transcript_T09B4.6.1	transcript_NIC58.1980.1
OG0004434	transcript_T09B4.8.1	transcript_NIC58.1977.1
OG0004435	transcript_T09B4.4.1	transcript_NIC58.1971.1
OG0004436	transcript_T09B4.3.1	transcript_NIC58.1729.1
OG0004437	transcript_T09B4.9.1	transcript_NIC58.1730.1
OG0004438	transcript_T09B4.1.1	transcript_NIC58.1732.1
OG0004439	transcript_T05E7.3.1	transcript_NIC58.1733.1
OG0004440	transcript_T05E7.4.1	transcript_NIC58.1734.1
OG0004441	transcript_T08B2.9a.1	transcript_NIC58.1740.1
OG0004442	transcript_T08B2.15.1	transcript_NIC58.1741.1
OG0004443	transcript_T08B2.5b.1	transcript_NIC58.1742.7
OG0004444	transcript_T08B2.10.1	transcript_NIC58.1743.1
OG0004445	transcript_T08B2.2.1	transcript_NIC58.1744.1
OG0004446	transcript_C48E7.6.1	transcript_NIC58.1745.1
OG0004447	transcript_C48E7.10.1	transcript_NIC58.1746.1
OG0004448	transcript_C48E7.5.1	transcript_NIC58.1748.1
OG0004449	transcript_C48E7.11.1	transcript_NIC58.1749.1
OG0004450	transcript_C48E7.3.1	transcript_NIC58.1750.1
OG0004451	transcript_C48E7.2.1	transcript_NIC58.1751.2
OG0004452	transcript_C48E7.8.1	transcript_NIC58.1752.1
OG0004453	transcript_C48E7.9.1	transcript_NIC58.1753.1
OG0004454	transcript_C10G11.8.1	transcript_NIC58.3633.4
OG0004455	transcript_C10G11.7a.1	transcript_NIC58.1755.1
OG0004456	transcript_C10G11.6b.1	transcript_NIC58.1756.1
OG0004457	transcript_C10G11.5a.1	transcript_NIC58.1757.1
OG0004458	transcript_F26B1.4.1	transcript_NIC58.1762.1
OG0004459	transcript_F26B1.2a.1	transcript_NIC58.1764.2
OG0004460	transcript_F26B1.7.1	transcript_NIC58.1765.1
OG0004461	transcript_F26B1.1.1	transcript_NIC58.1766.1
OG0004462	transcript_K04F10.4d.1	transcript_NIC58.1768.1
OG0004463	transcript_K04F10.3a.1	transcript_NIC58.1772.2
OG0004464	transcript_K04F10.2.1	transcript_NIC58.1773.1
OG0004465	transcript_K04F10.1.1	transcript_NIC58.1774.1
OG0004466	transcript_K04F10.7.1	transcript_NIC58.1775.2
OG0004467	transcript_ZC308.4a.1	transcript_NIC58.1777.1
OG0004468	transcript_ZC308.1a.1	transcript_NIC58.1776.3
OG0004469	transcript_ZC328.2.1	transcript_NIC58.1778.1
OG0004470	transcript_ZC328.5.1	transcript_NIC58.1786.1
OG0004471	transcript_ZC328.4.1	transcript_NIC58.1784.1
OG0004472	transcript_ZC328.3a.1	transcript_NIC58.1783.1
OG0004473	transcript_R10A10.2.1	transcript_NIC58.1782.1
OG0004474	transcript_F37E3.1.1	transcript_NIC58.1781.1
OG0004475	transcript_F37E3.2.1	transcript_NIC58.1780.1
OG0004476	transcript_F37E3.3.1	transcript_NIC58.11741.1
OG0004477	transcript_T23H2.2.1	transcript_NIC58.1789.1
OG0004478	transcript_T23H2.1.1	transcript_NIC58.1791.1
OG0004479	transcript_T23H2.4.1	transcript_NIC58.1792.1
OG0004480	transcript_T23H2.5.1	transcript_NIC58.1793.1
OG0004481	transcript_K06A5.4.1	transcript_NIC58.1794.1
OG0004482	transcript_K06A5.8b.2	transcript_NIC58.1799.1
OG0004483	transcript_C55B7.6a.1	transcript_NIC58.1800.1
OG0004484	transcript_C55B7.8.1	transcript_NIC58.1801.1
OG0004485	transcript_C55B7.9a.2	transcript_NIC58.1802.1
OG0004486	transcript_C55B7.5.1	transcript_NIC58.1118.1
OG0004487	transcript_C55B7.2.1	transcript_NIC58.1805.1
OG0004488	transcript_C55B7.12b.1	transcript_NIC58.1809.1
OG0004489	transcript_T10E9.5.1	transcript_NIC58.1810.1
OG0004490	transcript_T10E9.6.1	transcript_NIC58.1811.1
OG0004491	transcript_T10E9.7.1	transcript_NIC58.1812.1
OG0004492	transcript_T10E9.3.1	transcript_NIC58.1813.1
OG0004493	transcript_T10E9.8.1	transcript_NIC58.1814.2
OG0004494	transcript_T10E9.2.1	transcript_NIC58.1815.1
OG0004495	transcript_T10E9.1.1	transcript_NIC58.1816.1
OG0004496	transcript_F57B10.8.1	transcript_NIC58.1819.1
OG0004497	transcript_F57B10.9.1	transcript_NIC58.1820.1
OG0004498	transcript_F57B10.10.1	transcript_NIC58.1821.1
OG0004499	transcript_F57B10.7.1	transcript_NIC58.1822.2
OG0004500	transcript_F57B10.11.1	transcript_NIC58.1823.1
OG0004501	transcript_F57B10.3a.1	transcript_NIC58.1824.3
OG0004502	transcript_F57B10.1.1	transcript_NIC58.1825.2
OG0004503	transcript_D2092.5.1	transcript_NIC58.1832.5
OG0004504	transcript_D2092.4.1	transcript_NIC58.1833.1
OG0004505	transcript_D2092.7.1	transcript_NIC58.1834.1
OG0004506	transcript_D2092.8.1	transcript_NIC58.1835.1
OG0004507	transcript_D2092.3.1	transcript_NIC58.1836.1
OG0004508	transcript_D2092.10.1	transcript_NIC58.1837.1
OG0004509	transcript_ZC581.3.1	transcript_NIC58.1839.1
OG0004510	transcript_ZC581.1.1	transcript_NIC58.1840.1
OG0004511	transcript_ZC581.9c.1	transcript_NIC58.1841.2
OG0004512	transcript_T23B3.4.1	transcript_NIC58.1842.1
OG0004513	transcript_T23B3.6.1	transcript_NIC58.1843.1
OG0004514	transcript_T23B3.1a.1	transcript_NIC58.1846.1
OG0004515	transcript_W02D3.4.1	transcript_NIC58.1847.2
OG0004516	transcript_W02D3.3.2	transcript_NIC58.1848.1
OG0004517	transcript_W02D3.5.1	transcript_NIC58.1849.1
OG0004518	transcript_W02D3.7.1	transcript_NIC58.1850.1
OG0004519	transcript_W02D3.8.1	transcript_NIC58.1089.1
OG0004520	transcript_W02D3.2.1	transcript_NIC58.1090.1
OG0004521	transcript_W02D3.12.1	transcript_NIC58.1092.1
OG0004522	transcript_W02D3.9.1	transcript_NIC58.1093.5
OG0004523	transcript_W02D3.10.1	transcript_NIC58.1094.1
OG0004524	transcript_W02D3.11a.1	transcript_NIC58.1095.1
OG0004525	transcript_F08B6.2.1	transcript_NIC58.1096.1
OG0004526	transcript_F08B6.3.1	transcript_NIC58.1097.1
OG0004527	transcript_F08B6.1.1	transcript_NIC58.1098.1
OG0004528	transcript_F08B6.4a.1	transcript_NIC58.1898.4
OG0004529	transcript_C37A2.5b.1	transcript_NIC58.1897.1
OG0004530	transcript_C37A2.4a.1	transcript_NIC58.1896.1
OG0004531	transcript_C37A2.6.1	transcript_NIC58.1895.2
OG0004532	transcript_C37A2.2.1	transcript_NIC58.1893.2
OG0004533	transcript_C37A2.8a.1	transcript_NIC58.1892.1
OG0004534	transcript_E02D9.3.1	transcript_NIC58.1891.2
OG0004535	transcript_K02F2.5.1	transcript_NIC58.1890.1
OG0004536	transcript_K02F2.4.1	transcript_NIC58.1889.1
OG0004537	transcript_K02F2.3.1	transcript_NIC58.1887.1
OG0004538	transcript_K02F2.6.1	transcript_NIC58.1888.1
OG0004539	transcript_K02F2.1a.1	transcript_NIC58.1883.1
OG0004540	transcript_H27M09.4.1	transcript_NIC58.1882.1
OG0004541	transcript_H27M09.3.1	transcript_NIC58.1202.1
OG0004542	transcript_H27M09.2.1	transcript_NIC58.1876.1
OG0004543	transcript_T21G5.6.1	transcript_NIC58.1874.1
OG0004544	transcript_T21G5.12.1	transcript_NIC58.1873.1
OG0004545	transcript_T21G5.1.1	transcript_NIC58.13557.1
OG0004546	transcript_T21G5.5d.2	transcript_NIC58.1872.2
OG0004547	transcript_C48B6.4.1	transcript_NIC58.10395.1
OG0004548	transcript_C48B6.6b.1	transcript_NIC58.1869.2
OG0004549	transcript_C48B6.3.1	transcript_NIC58.1868.1
OG0004550	transcript_C48B6.2.1	transcript_NIC58.1867.1
OG0004551	transcript_C48B6.8.1	transcript_NIC58.1865.1
OG0004552	transcript_C48B6.9.2	transcript_NIC58.1864.1
OG0004553	transcript_T10B11.3.1	transcript_NIC58.1863.1
OG0004554	transcript_T10B11.2.1	transcript_NIC58.1858.2
OG0004555	transcript_T10B11.5.1	transcript_NIC58.990.2
OG0004556	transcript_T10B11.6.1	transcript_NIC58.991.1
OG0004557	transcript_T10B11.1.1	transcript_NIC58.992.1
OG0004558	transcript_T10B11.8a.1	transcript_NIC58.993.3
OG0004559	transcript_C30F12.1.1	transcript_NIC58.994.1
OG0004560	transcript_C30F12.2.1	transcript_NIC58.995.3
OG0004561	transcript_C30F12.3.1	transcript_NIC58.996.1
OG0004562	transcript_C30F12.4.1	transcript_NIC58.997.1
OG0004563	transcript_C30F12.7.1	transcript_NIC58.998.1
OG0004564	transcript_C30F12.6.1	transcript_NIC58.999.2
OG0004565	transcript_C30F12.5a.1	transcript_NIC58.1000.1
OG0004566	transcript_H06O01.3a.1	transcript_NIC58.602.1
OG0004567	transcript_H06O01.2.1	transcript_NIC58.601.2
OG0004568	transcript_H06O01.1.2	transcript_NIC58.600.1
OG0004569	transcript_F15C11.2a.1	transcript_NIC58.599.1
OG0004570	transcript_F15C11.1.1	transcript_NIC58.598.4
OG0004571	transcript_W01A8.1c.1	transcript_NIC58.116.1
OG0004572	transcript_W01A8.3.1	transcript_NIC58.123.1
OG0004573	transcript_W01A8.4.1	transcript_NIC58.122.1
OG0004574	transcript_W01A8.5.1	transcript_NIC58.121.2
OG0004575	transcript_W01A8.6.1	transcript_NIC58.118.2
OG0004576	transcript_F22D6.1.1	transcript_NIC58.119.1
OG0004577	transcript_F22D6.2.2	transcript_NIC58.120.2
OG0004578	transcript_F22D6.3a.1	transcript_NIC58.126.1
OG0004579	transcript_F22D6.4.1	transcript_NIC58.127.1
OG0004580	transcript_F22D6.6.1	transcript_NIC58.129.1
OG0004581	transcript_F22D6.10.1	transcript_NIC58.133.1
OG0004582	transcript_K10D3.6.1	transcript_NIC58.135.1
OG0004583	transcript_K10D3.1.1	transcript_NIC58.157.3
OG0004584	transcript_K10D3.4.1	transcript_NIC58.158.1
OG0004585	transcript_H37N21.1.1	transcript_NIC58.159.3
OG0004586	transcript_K07G5.1.1	transcript_NIC58.160.1
OG0004587	transcript_K07G5.2.1	transcript_NIC58.161.1
OG0004588	transcript_K07G5.3.1	transcript_NIC58.162.1
OG0004589	transcript_K07G5.4.1	transcript_NIC58.163.1
OG0004590	transcript_M05B5.2.1	transcript_NIC58.145.1
OG0004591	transcript_M05B5.7.1	transcript_NIC58.146.1
OG0004592	transcript_M05B5.3b.1	transcript_NIC58.149.1
OG0004593	transcript_M05B5.4.1	transcript_NIC58.150.1
OG0004594	transcript_M05B5.5a.1	transcript_NIC58.154.2
OG0004595	transcript_C01H6.1.1	transcript_NIC58.155.1
OG0004596	transcript_C01H6.2.1	transcript_NIC58.138.1
OG0004597	transcript_C01H6.3.1	transcript_NIC58.139.1
OG0004598	transcript_C01H6.5a.1	transcript_NIC58.143.1
OG0004599	transcript_C01H6.6.1	transcript_NIC58.136.1
OG0004600	transcript_C01H6.7a.2	transcript_NIC58.144.2
OG0004601	transcript_C01H6.8a.1	transcript_NIC58.137.1
OG0004602	transcript_R06C7.6.1	transcript_NIC58.909.1
OG0004603	transcript_R06C7.5a.1	transcript_NIC58.908.1
OG0004604	transcript_R06C7.9a.1	transcript_NIC58.906.2
OG0004605	transcript_F21C3.2.1	transcript_NIC58.904.1
OG0004606	transcript_F21C3.7.1	transcript_NIC58.897.1
OG0004607	transcript_F21C3.3.2	transcript_NIC58.898.2
OG0004608	transcript_F21C3.4a.1	transcript_NIC58.899.4
OG0004609	transcript_F21C3.5.1	transcript_NIC58.900.1
OG0004610	transcript_F21C3.6.1	transcript_NIC58.901.1
OG0004611	transcript_F13G3.1.1	transcript_NIC58.902.1
OG0004612	transcript_F13G3.12.1	transcript_NIC58.903.1
OG0004613	transcript_F13G3.3a.1	transcript_NIC58.927.2
OG0004614	transcript_F13G3.5a.1	transcript_NIC58.926.3
OG0004615	transcript_F13G3.6.1	transcript_NIC58.925.1
OG0004616	transcript_F13G3.7a.1	transcript_NIC58.924.2
OG0004617	transcript_F13G3.11.1	transcript_NIC58.923.1
OG0004618	transcript_F13G3.8.1	transcript_NIC58.922.1
OG0004619	transcript_F13G3.9.1	transcript_NIC58.921.1
OG0004620	transcript_F13G3.10a.1	transcript_NIC58.920.1
OG0004621	transcript_F52A8.1.1	transcript_NIC58.919.1
OG0004622	transcript_F52A8.2a.1	transcript_NIC58.918.1
OG0004623	transcript_F52A8.3b.2	transcript_NIC58.917.2
OG0004624	transcript_F52A8.4b.1	transcript_NIC58.914.2
OG0004625	transcript_F52A8.5.2	transcript_NIC58.913.1
OG0004626	transcript_F52A8.6a.1	transcript_NIC58.912.3
OG0004627	transcript_F07A5.1b.1	transcript_NIC58.911.1
OG0004628	transcript_F07A5.2.1	transcript_NIC58.247.1
OG0004629	transcript_F07A5.3.1	transcript_NIC58.910.1
OG0004630	transcript_F07A5.4.1	transcript_NIC58.934.1
OG0004631	transcript_F07A5.5.1	transcript_NIC58.933.1
OG0004632	transcript_F07A5.7a.2	transcript_NIC58.932.1
OG0004633	transcript_C15A11.1.1	transcript_NIC58.929.1
OG0004634	transcript_C15A11.3.1	transcript_NIC58.59.2
OG0004635	transcript_ZK524.2d.1	transcript_NIC58.32.2
OG0004636	transcript_ZK524.1.1	transcript_NIC58.31.1
OG0004637	transcript_ZK524.4.1	transcript_NIC58.12.2
OG0004638	transcript_T28F4.1.2	transcript_NIC58.13.1
OG0004639	transcript_T28F4.2.1	transcript_NIC58.15.1
OG0004640	transcript_T28F4.3.2	transcript_NIC58.3094.1
OG0004641	transcript_T28F4.4b.1	transcript_NIC58.26.3
OG0004642	transcript_C26C6.1a.1	transcript_NIC58.28.2
OG0004643	transcript_C26C6.8.1	transcript_NIC58.29.1
OG0004644	transcript_C26C6.7.1	transcript_NIC58.30.2
OG0004645	transcript_C26C6.10.1	transcript_NIC58.56.1
OG0004646	transcript_C26C6.9.1	transcript_NIC58.55.1
OG0004647	transcript_C26C6.2.1	transcript_NIC58.54.1
OG0004648	transcript_C26C6.3.1	transcript_NIC58.53.1
OG0004649	transcript_C26C6.5b.1	transcript_NIC58.40.3
OG0004650	transcript_T25G3.1.1	transcript_NIC58.39.1
OG0004651	transcript_T25G3.3.1	transcript_NIC58.41.1
OG0004652	transcript_T25G3.4.1	transcript_NIC58.42.2
OG0004653	transcript_D2030.1.1	transcript_NIC58.43.2
OG0004654	transcript_D2030.2a.1	transcript_NIC58.44.1
OG0004655	transcript_D2030.3.1	transcript_NIC58.45.1
OG0004656	transcript_D2030.4.1	transcript_NIC58.46.1
OG0004657	transcript_D2030.5.1	transcript_NIC58.47.1
OG0004658	transcript_D2030.12.1	transcript_NIC58.48.1
OG0004659	transcript_D2030.7.1	transcript_NIC58.970.2
OG0004660	transcript_D2030.11.2	transcript_NIC58.51.1
OG0004661	transcript_D2030.8.1	transcript_NIC58.50.1
OG0004662	transcript_D2030.9a.2	transcript_NIC58.52.1
OG0004663	transcript_D2030.10a.1	transcript_NIC58.36.1
OG0004664	transcript_F29D11.2.1	transcript_NIC58.9.1
OG0004665	transcript_F26A3.2a.2	transcript_NIC58.435.1
OG0004666	transcript_F26A3.4.1	transcript_NIC58.503.2
OG0004667	transcript_F26A3.6.1	transcript_NIC58.502.1
OG0004668	transcript_F26A3.7.2	transcript_NIC58.23.1
OG0004669	transcript_T24B1.1.1	transcript_NIC58.22.1
OG0004670	transcript_T23G11.5a.1	transcript_NIC58.20.1
OG0004671	transcript_T23G11.6a.1	transcript_NIC58.19.1
OG0004672	transcript_T23G11.4.1	transcript_NIC58.17.1
OG0004673	transcript_T23G11.2.1	transcript_NIC58.5342.1
OG0004674	transcript_T23G11.11.1	transcript_NIC58.483.1
OG0004675	transcript_T23G11.1.1	transcript_NIC58.484.1
OG0004676	transcript_F27D4.1.1	transcript_NIC58.485.1
OG0004677	transcript_F27D4.2a.2	transcript_NIC58.486.1
OG0004678	transcript_F27D4.7.1	transcript_NIC58.487.1
OG0004679	transcript_F27D4.4a.1	transcript_NIC58.488.1
OG0004680	transcript_F27D4.5.2	transcript_NIC58.489.1
OG0004681	transcript_F27D4.8.1	transcript_NIC58.490.1
OG0004683	transcript_D2005.6.1	transcript_NIC58.68.1
OG0004684	transcript_D2005.2.1	transcript_NIC58.73.2
OG0004685	transcript_D2005.3.1	transcript_NIC58.75.1
OG0004686	transcript_D2005.4.1	transcript_NIC58.76.2
OG0004687	transcript_D2005.7.1	transcript_NIC58.77.2
OG0004688	transcript_D2005.5.1	transcript_NIC58.78.1
OG0004689	transcript_F30F8.2.1	transcript_NIC58.86.2
OG0004690	transcript_F30F8.1.1	transcript_NIC58.85.1
OG0004691	transcript_F30F8.3.1	transcript_NIC58.84.1
OG0004692	transcript_F30F8.9b.2	transcript_NIC58.83.1
OG0004693	transcript_F30F8.10e.1	transcript_NIC58.82.1
OG0004694	transcript_F30F8.5b.1	transcript_NIC58.81.1
OG0004695	transcript_F30F8.8.2	transcript_NIC58.80.1
OG0004696	transcript_R11A5.1a.1	transcript_NIC58.79.1
OG0004697	transcript_R11A5.2.1	transcript_NIC58.87.1
OG0004698	transcript_R11A5.7.1	transcript_NIC58.70.1
OG0004699	transcript_F55D12.1.2	transcript_NIC58.67.2
OG0004700	transcript_F55D12.2a.1	transcript_NIC58.66.1
OG0004701	transcript_F55D12.4a.1	transcript_NIC58.936.1
OG0004702	transcript_F55D12.6.1	transcript_NIC58.937.1
OG0004703	transcript_F20G4.2.1	transcript_NIC58.939.4
OG0004704	transcript_F20G4.1.2	transcript_NIC58.940.3
OG0004705	transcript_F20G4.3.1	transcript_NIC58.941.1
OG0004706	transcript_T22C1.1.1	transcript_NIC58.942.1
OG0004707	transcript_T22C1.2.1	transcript_NIC58.943.1
OG0004708	transcript_T22C1.3.1	transcript_NIC58.944.1
OG0004709	transcript_T22C1.4.1	transcript_NIC58.945.1
OG0004710	transcript_T22C1.5.1	transcript_NIC58.946.2
OG0004711	transcript_T22C1.6.1	transcript_NIC58.947.1
OG0004712	transcript_T22C1.7.1	transcript_NIC58.948.1
OG0004713	transcript_T22C1.8.1	transcript_NIC58.10820.2
OG0004714	transcript_T22C1.9.1	transcript_NIC58.950.1
OG0004715	transcript_T22C1.12.1	transcript_NIC58.6978.1
OG0004716	transcript_T22C1.10a.1	transcript_NIC58.952.1
OG0004717	transcript_T22C1.11.1	transcript_NIC58.953.1
OG0004718	transcript_H05L14.3.1	transcript_NIC58.358.1
OG0004719	transcript_H05L14.2a.1	transcript_NIC58.359.1
OG0004720	transcript_C54G4.5.1	transcript_NIC58.360.1
OG0004721	transcript_C54G4.4.1	transcript_NIC58.361.1
OG0004722	transcript_C54G4.1c.1	transcript_NIC58.341.1
OG0004723	transcript_C54G4.7.1	transcript_NIC58.342.1
OG0004724	transcript_C54G4.6.1	transcript_NIC58.343.1
OG0004725	transcript_C54G4.8.1	transcript_NIC58.344.1
OG0004726	transcript_C54G4.9.1	transcript_NIC58.345.1
OG0004727	transcript_K04G2.2.1	transcript_NIC58.347.1
OG0004728	transcript_K04G2.3.1	transcript_NIC58.348.1
OG0004729	transcript_K04G2.4.1	transcript_NIC58.349.1
OG0004730	transcript_K04G2.5b.1	transcript_NIC58.350.1
OG0004731	transcript_K04G2.11.1	transcript_NIC58.352.1
OG0004732	transcript_K04G2.6.1	transcript_NIC58.351.1
OG0004733	transcript_K04G2.12.1	transcript_NIC58.353.1
OG0004734	transcript_K04G2.7a.1	transcript_NIC58.354.1
OG0004735	transcript_K04G2.8b.1	transcript_NIC58.355.1
OG0004736	transcript_K04G2.9.1	transcript_NIC58.369.1
OG0004737	transcript_K04G2.10.1	transcript_NIC58.390.1
OG0004738	transcript_F18C12.4.1	transcript_NIC58.389.1
OG0004739	transcript_F18C12.1.1	transcript_NIC58.476.1
OG0004740	transcript_F18C12.2a.1	transcript_NIC58.5.2
OG0004741	transcript_C09H6.2a.1	transcript_NIC58.7.1
OG0004742	transcript_C09H6.3.1	transcript_NIC58.16.1
OG0004743	transcript_T28B8.1.1	transcript_NIC58.501.1
OG0004744	transcript_T28B8.5.1	transcript_NIC58.24.2
OG0004745	transcript_T28B8.2.1	transcript_NIC58.25.1
OG0004746	transcript_T28B8.6.1	transcript_NIC58.500.2
OG0004747	transcript_F08A10.1j.1	transcript_NIC58.1150.3
OG0004748	transcript_T02E1.7.1	transcript_NIC58.1152.1
OG0004749	transcript_T02E1.6.1	transcript_NIC58.1153.2
OG0004750	transcript_T02E1.5b.1	transcript_NIC58.1145.1
OG0004751	transcript_T02E1.3b.1	transcript_NIC58.1146.3
OG0004752	transcript_T02E1.2.1	transcript_NIC58.1144.1
OG0004753	transcript_T02E1.1.1	transcript_NIC58.1143.1
OG0004754	transcript_ZK265.1a.1	transcript_NIC58.1141.7
OG0004755	transcript_T02E1.8a.1	transcript_NIC58.1142.1
OG0004756	transcript_ZK265.9.1	transcript_NIC58.1140.3
OG0004757	transcript_ZK265.6.1	transcript_NIC58.1139.1
OG0004758	transcript_ZK265.7.1	transcript_NIC58.1137.3
OG0004759	transcript_ZK265.8a.1	transcript_NIC58.1136.2
OG0004760	transcript_T01G9.2a.1	transcript_NIC58.1133.2
OG0004761	transcript_T01G9.3.1	transcript_NIC58.1134.1
OG0004762	transcript_T01G9.4.1	transcript_NIC58.1132.4
OG0004763	transcript_T01G9.5b.1	transcript_NIC58.1131.2
OG0004764	transcript_F52B5.1c.1	transcript_NIC58.1130.2
OG0004765	transcript_F52B5.7.1	transcript_NIC58.1129.1
OG0004766	transcript_F52B5.3.1	transcript_NIC58.1127.1
OG0004767	transcript_F52B5.5a.1	transcript_NIC58.1126.3
OG0004768	transcript_F52B5.6.1	transcript_NIC58.1125.1
OG0004769	transcript_C34B7.1.1	transcript_NIC58.1124.1
OG0004770	transcript_C34B7.2.1	transcript_NIC58.1123.4
OG0004771	transcript_C34B7.3.1	transcript_NIC58.1122.1
OG0004772	transcript_F16D3.2.2	transcript_NIC58.1120.1
OG0004773	transcript_F16D3.4.1	transcript_NIC58.1119.1
OG0004774	transcript_T19A6.1b.1	transcript_NIC58.1087.2
OG0004775	transcript_F16D3.7.1	transcript_NIC58.1088.1
OG0004776	transcript_T19A6.2a.1	transcript_NIC58.1086.1
OG0004777	transcript_T19A6.3b.1	transcript_NIC58.1085.1
OG0004778	transcript_T19A6.4.1	transcript_NIC58.1851.1
OG0004779	transcript_F02E9.1.1	transcript_NIC58.1853.1
OG0004780	transcript_F02E9.2a.1	transcript_NIC58.1854.4
OG0004781	transcript_F02E9.7.1	transcript_NIC58.1855.3
OG0004782	transcript_F02E9.4b.1	transcript_NIC58.1856.4
OG0004783	transcript_F02E9.5a.1	transcript_NIC58.1857.1
OG0004784	transcript_F02E9.10c.1	transcript_NIC58.1861.1
OG0004785	transcript_F02E9.9b.1	transcript_NIC58.1860.1
OG0004786	transcript_F10D11.3.1	transcript_NIC58.11115.1
OG0004788	transcript_F10D11.6a.1	transcript_NIC58.1728.1
OG0004789	transcript_D1081.2.1	transcript_NIC58.1727.1
OG0004790	transcript_D1081.10.1	transcript_NIC58.1723.1
OG0004792	transcript_D1081.12.1	transcript_NIC58.1720.1
OG0004793	transcript_D1081.4.1	transcript_NIC58.1719.2
OG0004794	transcript_D1081.20.1	transcript_NIC58.1718.1
OG0004795	transcript_D1081.6.1	transcript_NIC58.1717.1
OG0004796	transcript_D1081.9.1	transcript_NIC58.1716.3
OG0004797	transcript_D1081.7.1	transcript_NIC58.1715.1
OG0004798	transcript_D1081.8.1	transcript_NIC58.1714.1
OG0004799	transcript_K02B12.4b.1	transcript_NIC58.1710.1
OG0004800	transcript_K02B12.5.1	transcript_NIC58.1705.1
OG0004801	transcript_K02B12.6.1	transcript_NIC58.1708.1
OG0004802	transcript_K02B12.9.1	transcript_NIC58.1707.1
OG0004803	transcript_K02B12.8b.1	transcript_NIC58.1704.1
OG0004804	transcript_M04C7.1.1	transcript_NIC58.1703.1
OG0004805	transcript_M04C7.4.1	transcript_NIC58.1702.1
OG0004807	transcript_T01H8.1e.1	transcript_NIC58.1699.2
OG0004808	transcript_R05D11.1.1	transcript_NIC58.1698.1
OG0004809	transcript_R05D11.3.1	transcript_NIC58.1697.1
OG0004810	transcript_R05D11.7.1	transcript_NIC58.1694.1
OG0004811	transcript_R05D11.8.1	transcript_NIC58.1693.2
OG0004812	transcript_F43G9.1.1	transcript_NIC58.1692.1
OG0004813	transcript_F43G9.2a.1	transcript_NIC58.1691.2
OG0004814	transcript_F43G9.3.1	transcript_NIC58.1690.1
OG0004815	transcript_F43G9.5.1	transcript_NIC58.1689.2
OG0004816	transcript_F43G9.6a.1	transcript_NIC58.1283.2
OG0004817	transcript_F43G9.11.1	transcript_NIC58.1687.1
OG0004818	transcript_F43G9.9.2	transcript_NIC58.1686.1
OG0004819	transcript_F43G9.10.1	transcript_NIC58.1685.1
OG0004820	transcript_F43G9.12a.1	transcript_NIC58.1684.1
OG0004821	transcript_VF39H2L.1.1	transcript_NIC58.1683.2
OG0004822	transcript_F39H2.2a.1	transcript_NIC58.1682.1
OG0004823	transcript_F39H2.1.1	transcript_NIC58.773.1
OG0004824	transcript_F39H2.4.2	transcript_NIC58.755.1
OG0004825	transcript_F39H2.3.1	transcript_NIC58.756.1
OG0004826	transcript_K07A12.1.1	transcript_NIC58.757.1
OG0004827	transcript_K07A12.2.1	transcript_NIC58.761.2
OG0004828	transcript_K07A12.4a.1	transcript_NIC58.1637.1
OG0004829	transcript_K07A12.7.2	transcript_NIC58.1636.1
OG0004830	transcript_K07A12.3.1	transcript_NIC58.1635.1
OG0004831	transcript_K07A12.5b.1	transcript_NIC58.1598.1
OG0004832	transcript_F39H11.5.1	transcript_NIC58.1633.1
OG0004833	transcript_F39H11.1.1	transcript_NIC58.1632.2
OG0004834	transcript_F39H11.2b.1	transcript_NIC58.1631.5
OG0004835	transcript_F39H11.3.1	transcript_NIC58.1630.3
OG0004836	transcript_C36B1.1d.1	transcript_NIC58.1629.2
OG0004837	transcript_C36B1.4.1	transcript_NIC58.1628.1
OG0004838	transcript_C36B1.3.1	transcript_NIC58.1627.1
OG0004839	transcript_C36B1.14.1	transcript_NIC58.1626.1
OG0004840	transcript_C36B1.5.1	transcript_NIC58.1624.1
OG0004841	transcript_C36B1.7.1	transcript_NIC58.1623.2
OG0004842	transcript_C36B1.8b.1	transcript_NIC58.1622.1
OG0004843	transcript_C36B1.9.1	transcript_NIC58.1621.1
OG0004844	transcript_C36B1.12c.1	transcript_NIC58.1620.4
OG0004846	transcript_DY3.8.1	transcript_NIC58.1619.1
OG0004847	transcript_DY3.1.1	transcript_NIC58.1618.1
OG0004848	transcript_DY3.2.1	transcript_NIC58.1617.4
OG0004849	transcript_DY3.4a.2	transcript_NIC58.1615.3
OG0004850	transcript_DY3.3.1	transcript_NIC58.1616.1
OG0004851	transcript_DY3.5.1	transcript_NIC58.1614.1
OG0004852	transcript_DY3.6.1	transcript_NIC58.1613.1
OG0004853	transcript_DY3.7.2	transcript_NIC58.1612.1
OG0004854	transcript_F36A2.3.2	transcript_NIC58.1611.3
OG0004855	transcript_F36A2.2.1	transcript_NIC58.1610.1
OG0004856	transcript_F36A2.1d.1	transcript_NIC58.1609.2
OG0004857	transcript_F36A2.8.2	transcript_NIC58.1607.1
OG0004858	transcript_F36A2.4.1	transcript_NIC58.1608.1
OG0004859	transcript_F36A2.7.1	transcript_NIC58.1606.1
OG0004860	transcript_F36A2.6.1	transcript_NIC58.1605.1
OG0004861	transcript_F36A2.9b.1	transcript_NIC58.1604.5
OG0004862	transcript_F36A2.11.1	transcript_NIC58.1681.1
OG0004863	transcript_F36A2.14.1	transcript_NIC58.2838.1
OG0004864	transcript_F36A2.12.1	transcript_NIC58.2839.1
OG0004865	transcript_F36A2.13.2	transcript_NIC58.8856.7
OG0004866	transcript_F29D10.4.1	transcript_NIC58.1602.1
OG0004867	transcript_F55H12.6a.1	transcript_NIC58.1601.1
OG0004868	transcript_F55H12.5.1	transcript_NIC58.9387.1
OG0004869	transcript_F55H12.3.1	transcript_NIC58.1599.1
OG0004870	transcript_F55H12.4.1	transcript_NIC58.1597.1
OG0004871	transcript_T08G11.5.1	transcript_NIC58.1596.1
OG0004872	transcript_T08G11.4a.1	transcript_NIC58.1595.1
OG0004873	transcript_T08G11.1a.1	transcript_NIC58.1594.2
OG0004874	transcript_T08G11.3.1	transcript_NIC58.1592.1
OG0004875	transcript_F53B6.1.1	transcript_NIC58.1591.1
OG0004876	transcript_F53B6.2a.1	transcript_NIC58.1590.4
OG0004877	transcript_F53B6.9.1	transcript_NIC58.1589.1
OG0004878	transcript_F53B6.4a.1	transcript_NIC58.1588.1
OG0004879	transcript_F53B6.7.1	transcript_NIC58.1587.1
OG0004880	transcript_F53B6.6.1	transcript_NIC58.1586.1
OG0004881	transcript_F32H2.1a.1	transcript_NIC58.1582.1
OG0004882	transcript_F32H2.2b.1	transcript_NIC58.1581.1
OG0004883	transcript_F32H2.3.1	transcript_NIC58.1580.1
OG0004884	transcript_F32H2.10.1	transcript_NIC58.1579.1
OG0004885	transcript_F32H2.4.1	transcript_NIC58.1578.1
OG0004886	transcript_F32H2.12.1	transcript_NIC58.1577.1
OG0004887	transcript_F32H2.8.1	transcript_NIC58.1574.1
OG0004888	transcript_F32H2.7.1	transcript_NIC58.1573.1
OG0004889	transcript_F36F2.7.1	transcript_NIC58.1571.1
OG0004890	transcript_F36F2.4.1	transcript_NIC58.1570.1
OG0004891	transcript_F36F2.6.1	transcript_NIC58.1569.1
OG0004892	transcript_F36F2.3a.1	transcript_NIC58.1568.2
OG0004893	transcript_F36F2.2.1	transcript_NIC58.1567.1
OG0004894	transcript_F36F2.1a.1	transcript_NIC58.1566.1
OG0004895	transcript_F36F2.5.1	transcript_NIC58.1565.1
OG0004896	transcript_C31H5.3b.1	transcript_NIC58.1563.2
OG0004897	transcript_C31H5.5.1	transcript_NIC58.1561.1
OG0004898	transcript_W06D4.1.1	transcript_NIC58.1560.1
OG0004899	transcript_W06D4.2.1	transcript_NIC58.1559.1
OG0004900	transcript_W06D4.4.1	transcript_NIC58.1558.1
OG0004901	transcript_W06D4.5.1	transcript_NIC58.1557.1
OG0004902	transcript_W06D4.6.1	transcript_NIC58.1556.2
OG0004903	transcript_T06D10.1.2	transcript_NIC58.1555.1
OG0004904	transcript_T06D10.2.1	transcript_NIC58.1554.2
OG0004906	transcript_W10D5.1.1	transcript_NIC58.1553.1
OG0004907	transcript_W10D5.3c.2	transcript_NIC58.1552.13
OG0004908	transcript_W10D5.2.2	transcript_NIC58.1551.1
OG0004909	transcript_ZK858.1.1	transcript_NIC58.1550.1
OG0004910	transcript_ZK858.2.1	transcript_NIC58.1549.1
OG0004911	transcript_ZK858.8.1	transcript_NIC58.1548.1
OG0004912	transcript_ZK858.4b.1	transcript_NIC58.1546.1
OG0004913	transcript_ZK858.5.1	transcript_NIC58.1545.1
OG0004914	transcript_ZK858.6a.1	transcript_NIC58.1544.1
OG0004915	transcript_ZK858.7.1	transcript_NIC58.1543.1
OG0004916	transcript_H32K16.2.1	transcript_NIC58.1541.1
OG0004917	transcript_F25H5.6.1	transcript_NIC58.524.1
OG0004918	transcript_F25H5.5a.1	transcript_NIC58.525.2
OG0004919	transcript_F25H5.4a.2	transcript_NIC58.526.3
OG0004920	transcript_F25H5.2.1	transcript_NIC58.115.1
OG0004921	transcript_F25H5.1i.1	transcript_NIC58.528.1
OG0004922	transcript_C45G3.5.1	transcript_NIC58.539.5
OG0004923	transcript_VF36H2L.1.1	transcript_NIC58.518.1
OG0004924	transcript_F36H2.6.1	transcript_NIC58.522.1
OG0004925	transcript_F36H2.3h.1	transcript_NIC58.556.3
OG0004926	transcript_F14B4.1.1	transcript_NIC58.523.1
OG0004927	transcript_F14B4.3.1	transcript_NIC58.848.2
OG0004928	transcript_F26H9.1a.1	transcript_NIC58.849.1
OG0004929	transcript_F26H9.2.2	transcript_NIC58.850.3
OG0004930	transcript_F26H9.4.1	transcript_NIC58.851.1
OG0004931	transcript_F26H9.6.1	transcript_NIC58.852.1
OG0004932	transcript_F26H9.7a.1	transcript_NIC58.853.4
OG0004933	transcript_F26H9.5.2	transcript_NIC58.846.1
OG0004934	transcript_C12C8.2a.1	transcript_NIC58.843.2
OG0004935	transcript_C12C8.3a.2	transcript_NIC58.842.1
OG0004936	transcript_M04C9.5b.1	transcript_NIC58.436.3
OG0004937	transcript_F16A11.3d.1	transcript_NIC58.407.1
OG0004938	transcript_F16A11.2a.1	transcript_NIC58.405.1
OG0004939	transcript_C17E4.19.1	transcript_NIC58.388.1
OG0004940	transcript_C17E4.20.1	transcript_NIC58.387.1
OG0004941	transcript_C17E4.3.1	transcript_NIC58.1451.1
OG0004942	transcript_C17E4.4.1	transcript_NIC58.386.2
OG0004943	transcript_C17E4.11.1	transcript_NIC58.385.1
OG0004944	transcript_C17E4.5.1	transcript_NIC58.384.1
OG0004945	transcript_C17E4.6.1	transcript_NIC58.383.1
OG0004946	transcript_C17E4.10a.1	transcript_NIC58.381.1
OG0004947	transcript_F46A9.6.1	transcript_NIC58.380.3
OG0004948	transcript_F46A9.3a.1	transcript_NIC58.399.2
OG0004949	transcript_F30A10.1.1	transcript_NIC58.401.1
OG0004950	transcript_F30A10.2.1	transcript_NIC58.152.2
OG0004951	transcript_F30A10.5a.1	transcript_NIC58.379.1
OG0004952	transcript_F30A10.6.1	transcript_NIC58.378.1
OG0004953	transcript_F30A10.3.1	transcript_NIC58.377.1
OG0004954	transcript_F30A10.8.2	transcript_NIC58.376.1
OG0004955	transcript_F30A10.9.1	transcript_NIC58.375.1
OG0004956	transcript_F30A10.10a.1	transcript_NIC58.374.3
OG0004957	transcript_C41G7.1b.1	transcript_NIC58.373.1
OG0004958	transcript_C41G7.9b.1	transcript_NIC58.371.2
OG0004959	transcript_C41G7.5a.1	transcript_NIC58.370.1
OG0004960	transcript_C41G7.8.1	transcript_NIC58.10861.1
OG0004961	transcript_C41G7.7.1	transcript_NIC58.367.1
OG0004962	transcript_C41G7.15.1	transcript_NIC58.368.1
OG0004963	transcript_C36F7.1.1	transcript_NIC58.366.2
OG0004964	transcript_C36F7.2.1	transcript_NIC58.365.2
OG0004965	transcript_C36F7.4e.1	transcript_NIC58.392.4
OG0004966	transcript_K07A1.3.1	transcript_NIC58.336.1
OG0004967	transcript_K07A1.16a.1	transcript_NIC58.324.1
OG0004968	transcript_K07A1.15.1	transcript_NIC58.322.1
OG0004969	transcript_K07A1.8.1	transcript_NIC58.321.1
OG0004970	transcript_K07A1.9a.1	transcript_NIC58.320.3
OG0004971	transcript_K07A1.11.1	transcript_NIC58.319.1
OG0004972	transcript_K07A1.12.1	transcript_NIC58.318.1
OG0004973	transcript_T05F1.1b.1	transcript_NIC58.317.1
OG0004974	transcript_T05F1.3.1	transcript_NIC58.316.1
OG0004975	transcript_T05F1.6.1	transcript_NIC58.315.2
OG0004976	transcript_T05F1.4.1	transcript_NIC58.314.1
OG0004977	transcript_T05F1.15.1	transcript_NIC58.298.1
OG0004978	transcript_T05F1.9.1	transcript_NIC58.300.1
OG0004979	transcript_T05F1.10.1	transcript_NIC58.301.1
OG0004980	transcript_C03D6.6.1	transcript_NIC58.403.1
OG0004981	transcript_C03D6.3a.1	transcript_NIC58.308.1
OG0004982	transcript_C03D6.1.1	transcript_NIC58.309.1
OG0004983	transcript_C03D6.8.1	transcript_NIC58.310.1
OG0004984	transcript_C04F12.5.1	transcript_NIC58.282.1
OG0004985	transcript_C04F12.8.1	transcript_NIC58.280.1
OG0004986	transcript_C04F12.10.1	transcript_NIC58.273.1
OG0004987	transcript_C16C2.4b.1	transcript_NIC58.272.1
OG0004988	transcript_C16C2.2a.1	transcript_NIC58.270.1
OG0004989	transcript_K02A11.1b.2	transcript_NIC58.268.1
OG0004990	transcript_K02A11.3.1	transcript_NIC58.275.1
OG0004991	transcript_K02A11.4.1	transcript_NIC58.276.1
OG0004992	transcript_F26E4.1.1	transcript_NIC58.277.3
OG0004993	transcript_F26E4.3.2	transcript_NIC58.251.2
OG0004994	transcript_F26E4.5.1	transcript_NIC58.255.1
OG0004995	transcript_F26E4.4.1	transcript_NIC58.256.1
OG0004996	transcript_F26E4.6.1	transcript_NIC58.257.1
OG0004997	transcript_F26E4.7a.1	transcript_NIC58.258.1
OG0004998	transcript_F26E4.12.1	transcript_NIC58.259.1
OG0004999	transcript_F26E4.10a.1	transcript_NIC58.260.6
OG0005000	transcript_F35C12.2a.1	transcript_NIC58.188.1
OG0005001	transcript_F35C12.7.2	transcript_NIC58.189.1
OG0005002	transcript_F35C12.3.1	transcript_NIC58.193.1
OG0005003	transcript_Y67A6A.2a.1	transcript_NIC58.192.2
OG0005004	transcript_K10C3.3.1	transcript_NIC58.202.2
OG0005005	transcript_K10C3.2.1	transcript_NIC58.201.1
OG0005006	transcript_K10C3.4a.2	transcript_NIC58.200.2
OG0005007	transcript_K10C3.5a.1	transcript_NIC58.199.1
OG0005008	transcript_K10C3.6c.1	transcript_NIC58.198.3
OG0005009	transcript_T23H4.1a.1	transcript_NIC58.197.1
OG0005010	transcript_T23H4.2.1	transcript_NIC58.196.2
OG0005011	transcript_T23H4.3.1	transcript_NIC58.195.1
OG0005012	transcript_F52F12.1a.1	transcript_NIC58.194.1
OG0005013	transcript_F52F12.2.1	transcript_NIC58.209.1
OG0005014	transcript_F52F12.4.2	transcript_NIC58.207.2
OG0005015	transcript_F52F12.6a.1	transcript_NIC58.206.1
OG0005016	transcript_F52F12.5.1	transcript_NIC58.205.1
OG0005017	transcript_F52F12.8.1	transcript_NIC58.5306.1
OG0005018	transcript_F52F12.9.1	transcript_NIC58.210.1
OG0005019	transcript_F52F12.7a.1	transcript_NIC58.211.1
OG0005020	transcript_Y106G6A.4.1	transcript_NIC58.212.1
OG0005021	transcript_Y106G6A.2a.1	transcript_NIC58.213.1
OG0005022	transcript_Y106G6A.5a.1	transcript_NIC58.214.1
OG0005023	transcript_Y106G6A.1.1	transcript_NIC58.215.1
OG0005024	transcript_T24D1.4.1	transcript_NIC58.221.1
OG0005025	transcript_T23D8.2.1	transcript_NIC58.228.2
OG0005026	transcript_T23D8.3.1	transcript_NIC58.229.1
OG0005027	transcript_T23D8.4.1	transcript_NIC58.230.1
OG0005028	transcript_T23D8.9a.1	transcript_NIC58.231.1
OG0005029	transcript_T23D8.7.1	transcript_NIC58.236.1
OG0005030	transcript_T23D8.8.1	transcript_NIC58.237.1
OG0005031	transcript_C03C11.2.1	transcript_NIC58.1600.1
OG0005032	transcript_F10G8.3.2	transcript_NIC58.241.1
OG0005033	transcript_F10G8.7.1	transcript_NIC58.243.1
OG0005034	transcript_F10G8.5.1	transcript_NIC58.242.1
OG0005035	transcript_F10G8.6.1	transcript_NIC58.244.1
OG0005036	transcript_F10G8.9b.1	transcript_NIC58.245.1
OG0005037	transcript_F10G8.8b.1	transcript_NIC58.246.1
OG0005038	transcript_B0379.1a.1	transcript_NIC58.248.2
OG0005039	transcript_B0379.3a.1	transcript_NIC58.187.2
OG0005040	transcript_B0379.4b.1	transcript_NIC58.186.3
OG0005041	transcript_Y106G6D.4.1	transcript_NIC58.1045.1
OG0005042	transcript_Y106G6D.8.1	transcript_NIC58.1442.1
OG0005043	transcript_Y106G6D.6.1	transcript_NIC58.1441.1
OG0005044	transcript_Y106G6D.5a.1	transcript_NIC58.1440.3
OG0005045	transcript_Y106G6D.7.1	transcript_NIC58.1439.1
OG0005046	transcript_F16C3.1.1	transcript_NIC58.1438.1
OG0005047	transcript_F16C3.2.1	transcript_NIC58.1444.1
OG0005048	transcript_F16C3.3.1	transcript_NIC58.1443.1
OG0005049	transcript_F16C3.4.1	transcript_NIC58.1445.1
OG0005050	transcript_C25A1.3.1	transcript_NIC58.1460.1
OG0005051	transcript_C25A1.1.1	transcript_NIC58.1459.1
OG0005052	transcript_C25A1.2.1	transcript_NIC58.1458.1
OG0005053	transcript_C25A1.4.1	transcript_NIC58.1457.3
OG0005054	transcript_C25A1.5.1	transcript_NIC58.1456.1
OG0005055	transcript_C25A1.16a.1	transcript_NIC58.1455.1
OG0005056	transcript_C25A1.7.1	transcript_NIC58.1454.3
OG0005057	transcript_C25A1.9a.1	transcript_NIC58.1453.1
OG0005058	transcript_C25A1.10a.1	transcript_NIC58.1452.1
OG0005059	transcript_C25A1.12b.1	transcript_NIC58.1450.2
OG0005060	transcript_C25A1.13.1	transcript_NIC58.1449.1
OG0005061	transcript_C25A1.11.1	transcript_NIC58.1448.1
OG0005062	transcript_Y106G6E.5b.1	transcript_NIC58.1447.1
OG0005063	transcript_ZC247.3.1	transcript_NIC58.1461.1
OG0005064	transcript_ZC247.2.1	transcript_NIC58.1462.1
OG0005065	transcript_ZC247.1.1	transcript_NIC58.1463.1
OG0005066	transcript_T20F10.2a.1	transcript_NIC58.1465.1
OG0005067	transcript_Y106G6G.2.1	transcript_NIC58.1466.1
OG0005068	transcript_Y106G6G.3.1	transcript_NIC58.1467.1
OG0005069	transcript_Y106G6G.1.1	transcript_NIC58.3538.1
OG0005070	transcript_ZC434.2.1	transcript_NIC58.1468.1
OG0005071	transcript_ZC434.6b.1	transcript_NIC58.1471.1
OG0005072	transcript_ZC434.7a.1	transcript_NIC58.1472.1
OG0005073	transcript_ZC434.9e.1	transcript_NIC58.1473.1
OG0005074	transcript_F45H11.1a.1	transcript_NIC58.1474.1
OG0005075	transcript_F45H11.3.1	transcript_NIC58.1477.3
OG0005076	transcript_F45H11.5.1	transcript_NIC58.1478.1
OG0005077	transcript_F45H11.4a.1	transcript_NIC58.1479.4
OG0005078	transcript_F25D7.1.1	transcript_NIC58.1480.1
OG0005079	transcript_F25D7.2.1	transcript_NIC58.1481.1
OG0005080	transcript_F25D7.3a.1	transcript_NIC58.1482.1
OG0005081	transcript_Y106G6H.1.1	transcript_NIC58.1484.3
OG0005082	transcript_Y106G6H.3a.1	transcript_NIC58.1486.1
OG0005083	transcript_Y106G6H.4.1	transcript_NIC58.1487.1
OG0005084	transcript_Y106G6H.5.1	transcript_NIC58.1488.1
OG0005085	transcript_Y106G6H.6a.1	transcript_NIC58.1489.1
OG0005086	transcript_Y106G6H.7.1	transcript_NIC58.1490.1
OG0005087	transcript_Y106G6H.8.1	transcript_NIC58.1491.1
OG0005088	transcript_Y106G6H.14.1	transcript_NIC58.1495.1
OG0005089	transcript_Y106G6H.16.1	transcript_NIC58.1496.1
OG0005090	transcript_F37D6.2c.1	transcript_NIC58.1497.4
OG0005091	transcript_F37D6.6.1	transcript_NIC58.1507.1
OG0005092	transcript_F59C6.7a.1	transcript_NIC58.1506.1
OG0005093	transcript_F59C6.8.1	transcript_NIC58.1505.1
OG0005094	transcript_F59C6.4.1	transcript_NIC58.1502.1
OG0005095	transcript_F59C6.5.1	transcript_NIC58.1501.1
OG0005096	transcript_F59C6.12.1	transcript_NIC58.1500.1
OG0005097	transcript_F59C6.3.1	transcript_NIC58.1510.1
OG0005098	transcript_F59C6.11.1	transcript_NIC58.1512.1
OG0005099	transcript_F25H2.1.1	transcript_NIC58.1513.1
OG0005100	transcript_F25H2.2.1	transcript_NIC58.1514.1
OG0005101	transcript_F25H2.4.1	transcript_NIC58.1515.2
OG0005102	transcript_F25H2.5.1	transcript_NIC58.1516.2
OG0005103	transcript_F25H2.7.1	transcript_NIC58.1518.1
OG0005104	transcript_F25H2.8.1	transcript_NIC58.1519.1
OG0005105	transcript_F25H2.9.1	transcript_NIC58.1520.1
OG0005106	transcript_F25H2.10.1	transcript_NIC58.1521.1
OG0005107	transcript_F25H2.11.1	transcript_NIC58.1522.1
OG0005108	transcript_F25H2.12a.1	transcript_NIC58.1523.1
OG0005109	transcript_F25H2.13.2	transcript_NIC58.1524.1
OG0005110	transcript_F29C6.1a.1	transcript_NIC58.1525.1
OG0005111	transcript_T22A3.2b.1	transcript_NIC58.1526.1
OG0005112	transcript_T22A3.3a.1	transcript_NIC58.1527.1
OG0005113	transcript_T22A3.4b.1	transcript_NIC58.1528.1
OG0005114	transcript_T22A3.6.1	transcript_NIC58.1529.1
OG0005115	transcript_T22A3.5a.1	transcript_NIC58.1530.1
OG0005116	transcript_C43H8.2.1	transcript_NIC58.1531.1
OG0005117	transcript_C43H8.1.1	transcript_NIC58.1533.1
OG0005118	transcript_B0511.6.1	transcript_NIC58.1532.1
OG0005119	transcript_B0511.5.1	transcript_NIC58.1534.1
OG0005120	transcript_B0511.7.1	transcript_NIC58.1535.1
OG0005121	transcript_B0511.19.1	transcript_NIC58.1536.1
OG0005122	transcript_B0511.13b.1	transcript_NIC58.1537.1
OG0005123	transcript_B0511.8.1	transcript_NIC58.1538.1
OG0005124	transcript_B0511.9c.1	transcript_NIC58.1539.1
OG0005125	transcript_B0511.10.1	transcript_NIC58.1540.1
OG0005126	transcript_B0511.11.1	transcript_NIC58.1900.1
OG0005127	transcript_B0511.12a.1	transcript_NIC58.1901.5
OG0005128	transcript_B0511.1.1	transcript_NIC58.1902.1
OG0005129	transcript_C34B2.2.1	transcript_NIC58.1915.2
OG0005130	transcript_C34B2.11.1	transcript_NIC58.1916.2
OG0005131	transcript_B0205.14.1	transcript_NIC58.1920.1
OG0005132	transcript_B0205.13.1	transcript_NIC58.1921.1
OG0005133	transcript_B0205.8.1	transcript_NIC58.1922.1
OG0005134	transcript_B0205.3.1	transcript_NIC58.1923.1
OG0005135	transcript_B0205.11.1	transcript_NIC58.1924.1
OG0005136	transcript_B0205.7.1	transcript_NIC58.1925.1
OG0005137	transcript_B0205.6.1	transcript_NIC58.1926.1
OG0005138	transcript_B0205.4.1	transcript_NIC58.1927.1
OG0005139	transcript_R13H8.1h.1	transcript_NIC58.1928.7
OG0005140	transcript_F55A3.3.1	transcript_NIC58.1436.1
OG0005141	transcript_F55A3.1.1	transcript_NIC58.1435.1
OG0005142	transcript_C35E7.6.1	transcript_NIC58.2053.1
OG0005144	transcript_C35E7.2a.1	transcript_NIC58.2058.1
OG0005145	transcript_C35E7.11.1	transcript_NIC58.2057.1
OG0005146	transcript_Y37F4.3.1	transcript_NIC58.2059.1
OG0005147	transcript_Y37F4.5.2	transcript_NIC58.11238.1
OG0005148	transcript_Y37F4.7.1	transcript_NIC58.2084.1
OG0005149	transcript_Y37F4.8.1	transcript_NIC58.2083.1
OG0005150	transcript_Y37F4.6.1	transcript_NIC58.2080.1
OG0005151	transcript_T27C10.6.1	transcript_NIC58.2091.1
OG0005152	transcript_T27C10.3.1	transcript_NIC58.2092.2
OG0005153	transcript_T27C10.8.1	transcript_NIC58.2090.1
OG0005154	transcript_F49D11.2.1	transcript_NIC58.2096.1
OG0005155	transcript_F49D11.10.1	transcript_NIC58.2113.1
OG0005156	transcript_F49D11.9b.1	transcript_NIC58.2114.1
OG0005157	transcript_F49D11.14.1	transcript_NIC58.2115.1
OG0005158	transcript_Y95D11A.3.1	transcript_NIC58.2117.1
OG0005159	transcript_Y95D11A.1.1	transcript_NIC58.2118.1
OG0005160	transcript_Y52B11A.1.1	transcript_NIC58.2737.1
OG0005161	transcript_Y52B11A.2a.1	transcript_NIC58.2738.1
OG0005162	transcript_Y52B11A.3c.1	transcript_NIC58.2740.1
OG0005163	transcript_Y52B11A.4.1	transcript_NIC58.2741.3
OG0005164	transcript_Y52B11A.7.1	transcript_NIC58.3020.1
OG0005165	transcript_Y52B11A.8.1	transcript_NIC58.3019.1
OG0005166	transcript_Y52B11A.9.1	transcript_NIC58.3018.2
OG0005167	transcript_Y52B11A.10.1	transcript_NIC58.3016.3
OG0005168	transcript_Y52B11B.1.1	transcript_NIC58.2767.1
OG0005169	transcript_Y52B11C.1.1	transcript_NIC58.2751.2
OG0005170	transcript_F28D9.1.1	transcript_NIC58.2752.1
OG0005171	transcript_F28D9.2a.1	transcript_NIC58.2753.1
OG0005172	transcript_W06H12.1.1	transcript_NIC58.2754.1
OG0005174	transcript_Y53H1A.1a.1	transcript_NIC58.2749.1
OG0005175	transcript_Y53H1A.2b.1	transcript_NIC58.2748.1
OG0005178	transcript_F36D1.9.1	transcript_NIC58.2550.1
OG0005179	transcript_F36D1.1.1	transcript_NIC58.2549.1
OG0005180	transcript_Y53H1B.2.1	transcript_NIC58.2525.1
OG0005181	transcript_Y53H1B.1.1	transcript_NIC58.2523.2
OG0005182	transcript_H25P06.1.1	transcript_NIC58.2520.1
OG0005183	transcript_H25P06.2b.1	transcript_NIC58.2519.2
OG0005184	transcript_F56G4.6.1	transcript_NIC58.2515.1
OG0005185	transcript_Y53H1C.2c.1	transcript_NIC58.2481.2
OG0005187	transcript_F32B4.8a.1	transcript_NIC58.2472.1
OG0005188	transcript_F32B4.1.1	transcript_NIC58.2471.1
OG0005189	transcript_F32B4.2.1	transcript_NIC58.2470.1
OG0005190	transcript_F32B4.6.1	transcript_NIC58.2469.1
OG0005191	transcript_F32B4.5a.1	transcript_NIC58.2465.3
OG0005192	transcript_F15D3.1a.1	transcript_NIC58.2467.4
OG0005193	transcript_F15D3.9.1	transcript_NIC58.2468.1
OG0005194	transcript_F15D3.6.1	transcript_NIC58.2398.1
OG0005195	transcript_F15D3.7.1	transcript_NIC58.2399.1
OG0005196	transcript_C17D12.6a.1	transcript_NIC58.2387.1
OG0005197	transcript_C17D12.5.1	transcript_NIC58.2386.1
OG0005198	transcript_C17D12.2a.1	transcript_NIC58.2385.2
OG0005199	transcript_C17D12.7.1	transcript_NIC58.2389.1
OG0005200	transcript_C17D12.1a.1	transcript_NIC58.2388.1
OG0005201	transcript_F11A6.1a.2	transcript_NIC58.2397.1
OG0005202	transcript_T22H2.6a.1	transcript_NIC58.2379.1
OG0005203	transcript_Y47H9C.2.1	transcript_NIC58.2280.1
OG0005204	transcript_Y47H9C.4a.1	transcript_NIC58.2268.1
OG0005205	transcript_Y47H9C.7.1	transcript_NIC58.2231.1
OG0005206	transcript_R09B3.1a.2	transcript_NIC58.2206.1
OG0005207	transcript_R09B3.5.1	transcript_NIC58.2203.1
OG0005208	transcript_R06C1.2.1	transcript_NIC58.2201.1
OG0005209	transcript_R06C1.3a.1	transcript_NIC58.2200.1
OG0005210	transcript_R06C1.6.1	transcript_NIC58.2220.1
OG0005211	transcript_Y53C10A.4.1	transcript_NIC58.2224.1
OG0005212	transcript_Y53C10A.5.1	transcript_NIC58.2214.2
OG0005213	transcript_Y53C10A.6b.1	transcript_NIC58.2215.1
OG0005214	transcript_F58D5.9.1	transcript_NIC58.2244.1
OG0005215	transcript_F58D5.4a.1	transcript_NIC58.2243.2
OG0005216	transcript_F58D5.1a.1	transcript_NIC58.2242.1
OG0005217	transcript_F58D5.2a.1	transcript_NIC58.2241.1
OG0005218	transcript_F58D5.3.1	transcript_NIC58.2240.1
OG0005219	transcript_R05D7.1.2	transcript_NIC58.2172.2
OG0005220	transcript_R05D7.3b.1	transcript_NIC58.2173.3
OG0005221	transcript_R05D7.4.1	transcript_NIC58.2174.1
OG0005222	transcript_R05D7.5a.1	transcript_NIC58.2175.1
OG0005223	transcript_R05D7.7.1	transcript_NIC58.2176.1
OG0005224	transcript_C15C6.1.1	transcript_NIC58.2177.1
OG0005225	transcript_C15C6.2b.1	transcript_NIC58.2840.1
OG0005226	transcript_C15C6.3.1	transcript_NIC58.2178.1
OG0005227	transcript_C15C6.4.1	transcript_NIC58.2179.1
OG0005229	transcript_F14B6.2.1	transcript_NIC58.2180.1
OG0005232	transcript_C54C8.11a.1	transcript_NIC58.2841.2
OG0005233	transcript_T27F6.4.1	transcript_NIC58.2837.1
OG0005234	transcript_T27F6.5a.1	transcript_NIC58.2844.1
OG0005235	transcript_T27F6.6.2	transcript_NIC58.2845.1
OG0005236	transcript_T27F6.7.1	transcript_NIC58.2846.1
OG0005237	transcript_T27F6.8.1	transcript_NIC58.2847.1
OG0005238	transcript_K11D2.1b.1	transcript_NIC58.2848.1
OG0005239	transcript_K11D2.2.1	transcript_NIC58.2849.1
OG0005240	transcript_K11D2.5.1	transcript_NIC58.2862.1
OG0005241	transcript_K11D2.4a.1	transcript_NIC58.2863.1
OG0005242	transcript_W02D9.1a.1	transcript_NIC58.2865.1
OG0005243	transcript_W02D9.3.1	transcript_NIC58.2866.1
OG0005244	transcript_C49G9.2.1	transcript_NIC58.2871.1
OG0005245	transcript_C49G9.1.1	transcript_NIC58.2870.1
OG0005246	transcript_F33E2.2a.1	transcript_NIC58.2869.2
OG0005247	transcript_T07D10.1.1	transcript_NIC58.2894.2
OG0005248	transcript_T07D10.2b.1	transcript_NIC58.2883.1
OG0005249	transcript_T07D10.6.1	transcript_NIC58.2882.1
OG0005250	transcript_H28O16.2.1	transcript_NIC58.2879.1
OG0005251	transcript_T26E3.3a.1	transcript_NIC58.2877.3
OG0005252	transcript_T26E3.2.1	transcript_NIC58.2876.1
OG0005253	transcript_T26E3.10.1	transcript_NIC58.2880.1
OG0005255	transcript_T06G6.6a.1	transcript_NIC58.2950.2
OG0005256	transcript_T06G6.12.1	transcript_NIC58.2951.1
OG0005257	transcript_T06G6.9.1	transcript_NIC58.2952.1
OG0005258	transcript_W02A11.1.1	transcript_NIC58.2953.1
OG0005259	transcript_W02A11.2.1	transcript_NIC58.2954.1
OG0005260	transcript_W02A11.3.1	transcript_NIC58.2955.1
OG0005261	transcript_W02A11.4.1	transcript_NIC58.2956.1
OG0005262	transcript_Y18D10A.1.1	transcript_NIC58.2787.1
OG0005263	transcript_Y18D10A.3.1	transcript_NIC58.2781.1
OG0005264	transcript_Y18D10A.6a.1	transcript_NIC58.2779.1
OG0005265	transcript_Y18D10A.7.1	transcript_NIC58.2806.1
OG0005266	transcript_Y18D10A.8.1	transcript_NIC58.2789.1
OG0005267	transcript_Y18D10A.9.1	transcript_NIC58.2790.1
OG0005268	transcript_Y18D10A.11.1	transcript_NIC58.1475.1
OG0005269	transcript_Y18D10A.23.1	transcript_NIC58.2801.1
OG0005270	transcript_Y18D10A.13.1	transcript_NIC58.2802.1
OG0005271	transcript_Y18D10A.16.1	transcript_NIC58.2803.1
OG0005272	transcript_Y18D10A.20.1	transcript_NIC58.2833.1
OG0005273	transcript_F08A8.8.1	transcript_NIC58.2827.1
OG0005274	transcript_C47B2.2.2	transcript_NIC58.2822.1
OG0005275	transcript_C47B2.4.1	transcript_NIC58.2820.1
OG0005276	transcript_C47B2.5.1	transcript_NIC58.2819.1
OG0005277	transcript_C47B2.6b.2	transcript_NIC58.2817.2
OG0005278	transcript_C47B2.8.1	transcript_NIC58.2818.1
OG0005279	transcript_C47B2.7b.1	transcript_NIC58.2816.2
OG0005280	transcript_CC4.2.1	transcript_NIC58.2815.2
OG0005281	transcript_CC4.3.2	transcript_NIC58.2814.1
OG0005282	transcript_ZK256.1c.1	transcript_NIC58.2813.2
OG0005283	transcript_W05B5.1g.1	transcript_NIC58.2812.2
OG0005284	transcript_W05B5.2.1	transcript_NIC58.2810.1
OG0005285	transcript_W05B5.3a.1	transcript_NIC58.2809.1
OG0005288	transcript_F22G12.4a.1	transcript_NIC58.2834.1
OG0005289	transcript_F22G12.5c.1	transcript_NIC58.2835.2
OG0005291	transcript_ZK1053.2.1	transcript_NIC58.2165.1
OG0005292	transcript_ZK1053.6.1	transcript_NIC58.2162.1
OG0005293	transcript_M01E5.2.1	transcript_NIC58.2159.1
OG0005294	transcript_M01E5.3c.1	transcript_NIC58.2160.2
OG0005295	transcript_M01E5.5a.1	transcript_NIC58.2161.7
OG0005296	transcript_T04D3.3a.1	transcript_NIC58.2134.5
OG0005297	transcript_T04D3.4a.1	transcript_NIC58.2145.1
OG0005298	transcript_T04D3.5.2	transcript_NIC58.2144.1
OG0005299	transcript_W08E3.2.1	transcript_NIC58.2142.1
OG0005300	transcript_W08E3.4a.1	transcript_NIC58.2141.1
OG0005301	transcript_W08E3.1.1	transcript_NIC58.2140.1
OG0005302	transcript_W08E3.3a.1	transcript_NIC58.2139.1
OG0005303	transcript_Y40B1A.3d.1	transcript_NIC58.2136.1
OG0005304	transcript_C01A2.5.1	transcript_NIC58.2125.1
OG0005305	transcript_C01A2.3.1	transcript_NIC58.2124.1
OG0005306	transcript_C01A2.4.1	transcript_NIC58.2122.1
OG0005307	transcript_C01A2.2a.1	transcript_NIC58.2100.1
OG0005308	transcript_C01A2.7b.1	transcript_NIC58.2110.1
OG0005309	transcript_W05H12.1.1	transcript_NIC58.2736.2
OG0005310	transcript_Y40B1B.7.1	transcript_NIC58.2735.1
OG0005311	transcript_Y40B1B.8.1	transcript_NIC58.2734.2
OG0005312	transcript_Y48G10A.6.1	transcript_NIC58.7754.1
OG0005313	transcript_Y48G10A.4a.1	transcript_NIC58.2709.2
OG0005314	transcript_Y48G10A.3.1	transcript_NIC58.2660.1
OG0005315	transcript_Y48G10A.1.1	transcript_NIC58.2661.1
OG0005316	transcript_Y87G2A.17.2	transcript_NIC58.2662.1
OG0005317	transcript_Y87G2A.14.1	transcript_NIC58.2663.1
OG0005318	transcript_Y87G2A.19.1	transcript_NIC58.2664.1
OG0005319	transcript_Y87G2A.18.1	transcript_NIC58.2665.1
OG0005320	transcript_Y87G2A.20.1	transcript_NIC58.10801.1
OG0005321	transcript_Y87G2A.2.1	transcript_NIC58.2676.1
OG0005322	transcript_Y87G2A.3b.1	transcript_NIC58.2678.1
OG0005323	transcript_Y87G2A.4.1	transcript_NIC58.2681.2
OG0005324	transcript_Y87G2A.5.1	transcript_NIC58.2680.1
OG0005325	transcript_Y87G2A.16.1	transcript_NIC58.2679.1
OG0005326	transcript_Y87G2A.15.1	transcript_NIC58.2683.1
OG0005327	transcript_Y87G2A.6.1	transcript_NIC58.2684.1
OG0005328	transcript_Y87G2A.8b.1	transcript_NIC58.2685.4
OG0005329	transcript_Y87G2A.10a.1	transcript_NIC58.2687.1
OG0005330	transcript_Y87G2A.11.1	transcript_NIC58.2688.3
OG0005331	transcript_Y87G2A.13.1	transcript_NIC58.2689.1
OG0005332	transcript_Y6B3A.1a.1	transcript_NIC58.2690.1
OG0005333	transcript_W09C5.1.1	transcript_NIC58.2691.1
OG0005334	transcript_W09C5.5.1	transcript_NIC58.2694.1
OG0005335	transcript_W09C5.6a.1	transcript_NIC58.2697.1
OG0005336	transcript_W09C5.7a.1	transcript_NIC58.2698.1
OG0005337	transcript_W09C5.8.1	transcript_NIC58.2699.1
OG0005338	transcript_W04A4.6.1	transcript_NIC58.2944.1
OG0005339	transcript_Y6B3B.11.1	transcript_NIC58.2967.2
OG0005340	transcript_Y6B3B.7a.1	transcript_NIC58.2961.1
OG0005341	transcript_Y6B3B.4.1	transcript_NIC58.2963.3
OG0005342	transcript_Y37H9A.3.1	transcript_NIC58.2964.1
OG0005343	transcript_Y37H9A.6.2	transcript_NIC58.2965.1
OG0005345	transcript_W09G3.7a.1	transcript_NIC58.2966.5
OG0005346	transcript_W09G3.3.1	transcript_NIC58.2929.1
OG0005347	transcript_W09G3.2.1	transcript_NIC58.2930.3
OG0005348	transcript_W09G3.8a.1	transcript_NIC58.2931.1
OG0005349	transcript_W09G3.6a.1	transcript_NIC58.2932.1
OG0005350	transcript_W09G3.1a.1	transcript_NIC58.2933.2
OG0005351	transcript_W04A8.6a.1	transcript_NIC58.2938.1
OG0005352	transcript_Y71A12B.4.1	transcript_NIC58.2942.1
OG0005353	transcript_Y71A12B.23.1	transcript_NIC58.9913.1
OG0005354	transcript_Y71A12B.9.1	transcript_NIC58.2958.1
OG0005355	transcript_Y71A12B.1a.1	transcript_NIC58.2957.1
OG0005357	transcript_ZC334.7.1	transcript_NIC58.3007.1
OG0005358	transcript_Y71A12C.2.1	transcript_NIC58.3012.1
OG0005359	transcript_F47G4.7.2	transcript_NIC58.3013.1
OG0005360	transcript_F47G4.6.1	transcript_NIC58.3015.1
OG0005361	transcript_Y63D3A.4.1	transcript_NIC58.3001.1
OG0005362	transcript_Y63D3A.6b.1	transcript_NIC58.3004.1
OG0005363	transcript_Y63D3A.7.1	transcript_NIC58.3005.1
OG0005364	transcript_K03D10.1.1	transcript_NIC58.3000.2
OG0005365	transcript_C37A5.7.1	transcript_NIC58.2988.1
OG0005366	transcript_C37A5.11.1	transcript_NIC58.2987.1
OG0005367	transcript_C37A5.9.1	transcript_NIC58.2986.1
OG0005368	transcript_ZK849.1.1	transcript_NIC58.2985.1
OG0005369	transcript_ZK849.2a.1	transcript_NIC58.2984.2
OG0005370	transcript_C49A1.1.1	transcript_NIC58.2983.1
OG0005371	transcript_C49A1.4a.1	transcript_NIC58.2982.1
OG0005372	transcript_C49A1.10.1	transcript_NIC58.2979.1
OG0005373	transcript_K04H8.3.1	transcript_NIC58.2977.1
OG0005374	transcript_F09C3.1.1	transcript_NIC58.2974.1
OG0005375	transcript_F09C3.2.2	transcript_NIC58.2975.2
OG0005379	transcript_F49B2.5.1	transcript_NIC58.2528.1
OG0005380	transcript_F49B2.6.1	transcript_NIC58.2529.1
OG0005381	transcript_Y105E8A.1b.1	transcript_NIC58.2533.2
OG0005382	transcript_Y105E8A.2.1	transcript_NIC58.2534.1
OG0005383	transcript_Y105E8A.3.1	transcript_NIC58.2535.1
OG0005384	transcript_Y105E8A.6.1	transcript_NIC58.2537.1
OG0005385	transcript_Y105E8A.7a.1	transcript_NIC58.2538.2
OG0005386	transcript_Y105E8A.8.1	transcript_NIC58.2539.1
OG0005387	transcript_Y105E8A.10a.1	transcript_NIC58.2540.4
OG0005388	transcript_Y105E8A.11.1	transcript_NIC58.2541.1
OG0005389	transcript_Y105E8A.12a.1	transcript_NIC58.2542.1
OG0005390	transcript_Y105E8A.27.1	transcript_NIC58.7810.1
OG0005391	transcript_Y105E8A.16.1	transcript_NIC58.2545.1
OG0005392	transcript_Y105E8A.17b.1	transcript_NIC58.2546.2
OG0005393	transcript_Y105E8A.19.1	transcript_NIC58.2569.1
OG0005394	transcript_Y105E8A.20b.1	transcript_NIC58.2568.1
OG0005395	transcript_Y105E8A.21a.1	transcript_NIC58.2565.2
OG0005396	transcript_Y105E8A.22.1	transcript_NIC58.2564.1
OG0005397	transcript_Y105E8A.26a.1	transcript_NIC58.2563.1
OG0005398	transcript_Y105E8B.1o.1	transcript_NIC58.2561.1
OG0005399	transcript_Y105E8B.2a.1	transcript_NIC58.2560.1
OG0005400	transcript_Y105E8B.7.1	transcript_NIC58.2559.1
OG0005401	transcript_Y105E8B.3.1	transcript_NIC58.2557.1
OG0005402	transcript_Y105E8B.8c.1	transcript_NIC58.2556.3
OG0005403	transcript_Y105E8B.9.1	transcript_NIC58.2553.1
OG0005404	transcript_Y54E5A.1.2	transcript_NIC58.2554.1
OG0005405	transcript_Y54E5A.2.1	transcript_NIC58.2547.1
OG0005406	transcript_Y54E5A.7a.1	transcript_NIC58.2580.1
OG0005407	transcript_Y54E5A.8a.1	transcript_NIC58.2579.1
OG0005408	transcript_K05C4.1.1	transcript_NIC58.2578.1
OG0005409	transcript_K05C4.2.1	transcript_NIC58.2577.1
OG0005410	transcript_K05C4.11.2	transcript_NIC58.2576.1
OG0005411	transcript_K05C4.7.1	transcript_NIC58.2573.1
OG0005412	transcript_K05C4.6b.1	transcript_NIC58.2574.1
OG0005413	transcript_K05C4.5.1	transcript_NIC58.2575.1
OG0005414	transcript_F39B2.11.1	transcript_NIC58.2721.1
OG0005415	transcript_F39B2.10.2	transcript_NIC58.2720.1
OG0005416	transcript_F39B2.9.1	transcript_NIC58.2719.1
OG0005417	transcript_F39B2.6.1	transcript_NIC58.2718.1
OG0005418	transcript_F39B2.8.1	transcript_NIC58.2717.2
OG0005419	transcript_F39B2.4b.1	transcript_NIC58.2716.1
OG0005420	transcript_F39B2.3.1	transcript_NIC58.2628.1
OG0005421	transcript_F39B2.2.1	transcript_NIC58.2627.1
OG0005422	transcript_F39B2.1.1	transcript_NIC58.2626.1
OG0005423	transcript_K11B4.1.2	transcript_NIC58.2625.1
OG0005424	transcript_K11B4.2.1	transcript_NIC58.2624.1
OG0005425	transcript_Y54E5B.1c.1	transcript_NIC58.2621.2
OG0005426	transcript_Y54E5B.2.1	transcript_NIC58.2620.1
OG0005427	transcript_Y54E5B.4.1	transcript_NIC58.2619.3
OG0005428	transcript_F32A7.3c.1	transcript_NIC58.2617.1
OG0005429	transcript_F32A7.4b.1	transcript_NIC58.2605.1
OG0005430	transcript_F32A7.6.1	transcript_NIC58.2602.1
OG0005431	transcript_F11C3.1.1	transcript_NIC58.2600.2
OG0005432	transcript_F11C3.2.1	transcript_NIC58.2599.1
OG0005433	transcript_ZK270.2d.1	transcript_NIC58.2636.1
OG0005434	transcript_ZK270.1.2	transcript_NIC58.2633.1
OG0005435	transcript_ZK909.2n.1	transcript_NIC58.2632.2
OG0005436	transcript_ZK909.4.1	transcript_NIC58.2650.2
OG0005437	transcript_ZK909.6.1	transcript_NIC58.2649.1
OG0005438	transcript_ZK337.2.1	transcript_NIC58.2647.1
OG0005439	transcript_ZK337.1c.1	transcript_NIC58.2655.1
OG0005440	transcript_ZK337.5.1	transcript_NIC58.2659.1
OG0005441	transcript_F33H2.5.1	transcript_NIC58.2710.1
OG0005442	transcript_F33H2.2.1	transcript_NIC58.2631.1
OG0005443	transcript_F33H2.7.2	transcript_NIC58.2598.1
OG0005444	transcript_F31C3.1.1	transcript_NIC58.2595.1
OG0005445	transcript_F31C3.3.1	transcript_NIC58.2594.1
OG0005446	transcript_F31C3.4.1	transcript_NIC58.2586.1
OG0005447	transcript_F31C3.6a.1	transcript_NIC58.2571.1
OG0005448	transcript_2L52.1a.1	transcript_NIC58.18417.1
OG0005449	transcript_C01B12.4.1	transcript_NIC58.6296.1
OG0005450	transcript_C01B12.5.1	transcript_NIC58.6295.2
OG0005451	transcript_C01B12.3.1	transcript_NIC58.6294.3
OG0005452	transcript_C01B12.2.1	transcript_NIC58.6293.1
OG0005453	transcript_F23F1.4.1	transcript_NIC58.6290.1
OG0005454	transcript_F23F1.5.1	transcript_NIC58.6289.1
OG0005455	transcript_F23F1.2.1	transcript_NIC58.6287.1
OG0005456	transcript_F23F1.7.1	transcript_NIC58.6285.1
OG0005457	transcript_F23F1.10.1	transcript_NIC58.6284.1
OG0005458	transcript_F23F1.8a.1	transcript_NIC58.6283.2
OG0005459	transcript_F23F1.1a.1	transcript_NIC58.6282.1
OG0005460	transcript_F23F1.9.1	transcript_NIC58.6281.1
OG0005461	transcript_C23H3.5.1	transcript_NIC58.6280.1
OG0005462	transcript_C23H3.4a.1	transcript_NIC58.6278.1
OG0005463	transcript_C23H3.7.1	transcript_NIC58.6279.2
OG0005464	transcript_C23H3.3b.1	transcript_NIC58.6277.1
OG0005465	transcript_C23H3.2a.1	transcript_NIC58.6274.2
OG0005466	transcript_C23H3.1a.1	transcript_NIC58.6273.1
OG0005467	transcript_C23H3.9b.1	transcript_NIC58.6272.6
OG0005468	transcript_C50D2.6a.1	transcript_NIC58.6271.2
OG0005469	transcript_C50D2.7.1	transcript_NIC58.6270.2
OG0005470	transcript_C50D2.8a.1	transcript_NIC58.6269.2
OG0005471	transcript_C50D2.5.1	transcript_NIC58.6268.1
OG0005472	transcript_C50D2.4.1	transcript_NIC58.6267.1
OG0005473	transcript_C50D2.3.1	transcript_NIC58.6265.1
OG0005474	transcript_C50D2.2.1	transcript_NIC58.6264.1
OG0005475	transcript_C50D2.1a.1	transcript_NIC58.6263.1
OG0005476	transcript_K10B4.3.1	transcript_NIC58.6262.1
OG0005477	transcript_K10B4.4.1	transcript_NIC58.6261.1
OG0005478	transcript_K10B4.6a.1	transcript_NIC58.6260.1
OG0005479	transcript_K10B4.1.1	transcript_NIC58.6259.1
OG0005480	transcript_T25D3.4a.1	transcript_NIC58.6258.1
OG0005481	transcript_T25D3.3.1	transcript_NIC58.6257.1
OG0005482	transcript_T25D3.2.1	transcript_NIC58.6255.2
OG0005483	transcript_T01D1.2l.1	transcript_NIC58.6254.2
OG0005484	transcript_T01D1.3.2	transcript_NIC58.6253.1
OG0005485	transcript_T01D1.4a.1	transcript_NIC58.6252.1
OG0005486	transcript_T01D1.8b.1	transcript_NIC58.6250.1
OG0005487	transcript_T01D1.6.1	transcript_NIC58.6249.1
OG0005488	transcript_F48A11.1c.1	transcript_NIC58.6248.2
OG0005489	transcript_F48A11.4a.1	transcript_NIC58.5469.2
OG0005490	transcript_Y43H11AL.3a.2	transcript_NIC58.6221.2
OG0005491	transcript_B0432.5a.1	transcript_NIC58.6222.1
OG0005492	transcript_B0432.14a.1	transcript_NIC58.6223.1
OG0005493	transcript_B0432.7a.1	transcript_NIC58.6224.1
OG0005494	transcript_B0432.8.1	transcript_NIC58.6225.3
OG0005495	transcript_B0432.9.1	transcript_NIC58.6226.1
OG0005496	transcript_B0432.10.2	transcript_NIC58.6227.1
OG0005497	transcript_B0432.4.1	transcript_NIC58.6228.1
OG0005498	transcript_B0432.3.1	transcript_NIC58.6229.1
OG0005499	transcript_B0432.1.1	transcript_NIC58.6231.1
OG0005500	transcript_K01A2.5a.2	transcript_NIC58.6235.1
OG0005501	transcript_K01A2.7.1	transcript_NIC58.6234.1
OG0005502	transcript_K01A2.2a.1	transcript_NIC58.6232.1
OG0005503	transcript_K01A2.10a.1	transcript_NIC58.6236.1
OG0005504	transcript_K01A2.1.1	transcript_NIC58.6237.1
OG0005505	transcript_K01A2.11d.1	transcript_NIC58.6239.2
OG0005506	transcript_D1069.2a.1	transcript_NIC58.6238.1
OG0005507	transcript_D1069.1.1	transcript_NIC58.6240.1
OG0005508	transcript_D1069.3b.1	transcript_NIC58.6241.2
OG0005509	transcript_D1069.4b.1	transcript_NIC58.6242.1
OG0005510	transcript_C41D7.2.2	transcript_NIC58.6244.1
OG0005512	transcript_C03H5.5.1	transcript_NIC58.6245.1
OG0005513	transcript_C03H5.3a.1	transcript_NIC58.6246.1
OG0005514	transcript_C03H5.2.1	transcript_NIC58.6247.1
OG0005515	transcript_C03H5.6.1	transcript_NIC58.6199.1
OG0005516	transcript_C24H12.5b.1	transcript_NIC58.6189.1
OG0005517	transcript_C24H12.4a.1	transcript_NIC58.6190.1
OG0005518	transcript_W10D9.6a.1	transcript_NIC58.6196.1
OG0005519	transcript_W10D9.4a.1	transcript_NIC58.6195.1
OG0005520	transcript_W10D9.5a.1	transcript_NIC58.6194.1
OG0005521	transcript_W07E6.1a.1	transcript_NIC58.6193.1
OG0005522	transcript_W07E6.2a.1	transcript_NIC58.6192.2
OG0005523	transcript_W07E6.4.1	transcript_NIC58.6191.2
OG0005524	transcript_W07E6.3b.1	transcript_NIC58.6208.1
OG0005525	transcript_T27A1.6.1	transcript_NIC58.6209.2
OG0005526	transcript_T27A1.4.1	transcript_NIC58.6214.1
OG0005527	transcript_C09E8.3.1	transcript_NIC58.6210.1
OG0005528	transcript_C09E8.1a.1	transcript_NIC58.6201.1
OG0005529	transcript_W08F4.5.1	transcript_NIC58.6197.1
OG0005530	transcript_W08F4.6.1	transcript_NIC58.6198.1
OG0005531	transcript_W08F4.3.1	transcript_NIC58.6205.1
OG0005532	transcript_W04H10.3a.1	transcript_NIC58.6206.1
OG0005533	transcript_T04B8.5a.1	transcript_NIC58.6207.1
OG0005535	transcript_K07E8.7a.1	transcript_NIC58.5890.1
OG0005536	transcript_K07E8.5.1	transcript_NIC58.5891.1
OG0005538	transcript_T02H6.11.1	transcript_NIC58.6002.1
OG0005539	transcript_T02H6.2.1	transcript_NIC58.6001.2
OG0005540	transcript_T02H6.1b.1	transcript_NIC58.6000.1
OG0005541	transcript_Y39F10B.1a.1	transcript_NIC58.5999.2
OG0005542	transcript_C08G5.4a.1	transcript_NIC58.5997.3
OG0005543	transcript_C08G5.7a.1	transcript_NIC58.5993.2
OG0005544	transcript_C08G5.6.1	transcript_NIC58.5996.2
OG0005545	transcript_Y39F10A.1.1	transcript_NIC58.5994.2
OG0005547	transcript_F28A10.6.1	transcript_NIC58.6008.3
OG0005548	transcript_T13B5.1.1	transcript_NIC58.6073.3
OG0005549	transcript_T13B5.3.1	transcript_NIC58.6089.1
OG0005550	transcript_T13B5.4.1	transcript_NIC58.6087.1
OG0005551	transcript_T13B5.8b.1	transcript_NIC58.6180.1
OG0005552	transcript_W09B6.3a.1	transcript_NIC58.6181.1
OG0005553	transcript_W09B6.2a.1	transcript_NIC58.6182.1
OG0005554	transcript_W09B6.4d.1	transcript_NIC58.6179.1
OG0005555	transcript_W09B6.1c.1	transcript_NIC58.19349.1
OG0005556	transcript_T23F4.2b.1	transcript_NIC58.6178.2
OG0005557	transcript_T23F4.3.1	transcript_NIC58.6176.1
OG0005558	transcript_T23F4.4.1	transcript_NIC58.6168.1
OG0005559	transcript_F53A10.2c.1	transcript_NIC58.6167.3
OG0005560	transcript_F47F6.1d.1	transcript_NIC58.6166.2
OG0005561	transcript_Y57G7A.5.1	transcript_NIC58.5332.1
OG0005562	transcript_Y57G7A.11.1	transcript_NIC58.6154.1
OG0005563	transcript_Y57G7A.1.2	transcript_NIC58.6164.1
OG0005564	transcript_Y57G7A.9.1	transcript_NIC58.6158.1
OG0005565	transcript_Y57G7A.10.1	transcript_NIC58.6159.1
OG0005566	transcript_F56D12.1a.2	transcript_NIC58.6160.1
OG0005567	transcript_F56D12.6a.1	transcript_NIC58.6161.1
OG0005568	transcript_F56D12.5.1	transcript_NIC58.6162.1
OG0005569	transcript_F56D12.4a.1	transcript_NIC58.6163.2
OG0005570	transcript_C13A10.1b.1	transcript_NIC58.6113.1
OG0005571	transcript_C13A10.2.1	transcript_NIC58.6111.1
OG0005572	transcript_F54D12.6a.1	transcript_NIC58.6110.3
OG0005573	transcript_Y51H7C.7.1	transcript_NIC58.6106.1
OG0005574	transcript_Y51H7C.6a.1	transcript_NIC58.6105.2
OG0005575	transcript_Y51H7C.9.1	transcript_NIC58.6104.1
OG0005576	transcript_Y51H7C.5.1	transcript_NIC58.13510.1
OG0005577	transcript_Y51H7C.10.1	transcript_NIC58.6103.1
OG0005578	transcript_Y51H7C.11.1	transcript_NIC58.6102.1
OG0005579	transcript_Y51H7C.3.1	transcript_NIC58.6100.1
OG0005580	transcript_H17B01.5.1	transcript_NIC58.6091.1
OG0005581	transcript_H17B01.4a.1	transcript_NIC58.6183.2
OG0005582	transcript_H17B01.1b.1	transcript_NIC58.6184.1
OG0005583	transcript_Y51H7BR.7.1	transcript_NIC58.6185.1
OG0005584	transcript_Y51H7BR.4a.1	transcript_NIC58.6186.1
OG0005589	transcript_F07E5.5.1	transcript_NIC58.5464.2
OG0005591	transcript_C33C12.9.1	transcript_NIC58.5450.1
OG0005592	transcript_Y59C2A.2a.1	transcript_NIC58.5451.2
OG0005593	transcript_Y59C2A.1.1	transcript_NIC58.5452.1
OG0005594	transcript_F54A3.5.1	transcript_NIC58.5453.1
OG0005595	transcript_F54A3.6a.1	transcript_NIC58.5454.1
OG0005596	transcript_F54A3.3.1	transcript_NIC58.5457.3
OG0005598	transcript_F43C11.6.1	transcript_NIC58.5463.1
OG0005599	transcript_T22D2.1.1	transcript_NIC58.5467.1
OG0005600	transcript_F53G2.4b.1	transcript_NIC58.5468.1
OG0005601	transcript_F53G2.6a.1	transcript_NIC58.5466.2
OG0005602	transcript_F53G2.7.1	transcript_NIC58.5465.1
OG0005604	transcript_K02F6.9.1	transcript_NIC58.5857.1
OG0005605	transcript_F09D1.1.1	transcript_NIC58.5864.1
OG0005607	transcript_F34D6.2.1	transcript_NIC58.5884.1
OG0005608	transcript_F34D6.3.1	transcript_NIC58.5874.1
OG0005609	transcript_F34D6.4.1	transcript_NIC58.5873.1
OG0005610	transcript_T05A8.3.1	transcript_NIC58.5878.1
OG0005611	transcript_T05A8.4.1	transcript_NIC58.5877.1
OG0005612	transcript_T05A8.5.1	transcript_NIC58.5896.1
OG0005613	transcript_T05A8.8.1	transcript_NIC58.5897.1
OG0005614	transcript_T05A8.7.1	transcript_NIC58.5898.1
OG0005615	transcript_F29A7.4.1	transcript_NIC58.5900.1
OG0005616	transcript_F29A7.6.1	transcript_NIC58.5901.1
OG0005617	transcript_F08D12.12.1	transcript_NIC58.5912.1
OG0005618	transcript_F08D12.1.1	transcript_NIC58.5913.1
OG0005619	transcript_K12H6.1.1	transcript_NIC58.5914.1
OG0005620	transcript_K12H6.12.1	transcript_NIC58.5911.1
OG0005621	transcript_K12H6.2.1	transcript_NIC58.5910.1
OG0005622	transcript_Y110A2AL.8c.1	transcript_NIC58.5906.2
OG0005623	transcript_Y110A2AL.13.1	transcript_NIC58.5935.1
OG0005624	transcript_Y110A2AL.14.1	transcript_NIC58.5934.1
OG0005625	transcript_Y110A2AR.3a.1	transcript_NIC58.5931.2
OG0005626	transcript_Y110A2AR.1.1	transcript_NIC58.5930.1
OG0005627	transcript_ZK355.2b.1	transcript_NIC58.5929.1
OG0005628	transcript_K08A2.5a.1	transcript_NIC58.5927.2
OG0005629	transcript_B0454.5.1	transcript_NIC58.5944.1
OG0005630	transcript_Y25C1A.7c.1	transcript_NIC58.5949.2
OG0005631	transcript_Y25C1A.8a.1	transcript_NIC58.5950.2
OG0005632	transcript_Y25C1A.5.1	transcript_NIC58.5951.1
OG0005633	transcript_Y25C1A.13.1	transcript_NIC58.5957.1
OG0005636	transcript_C17F4.2.1	transcript_NIC58.5435.1
OG0005637	transcript_F02E11.2a.1	transcript_NIC58.5438.1
OG0005638	transcript_F02E11.7c.1	transcript_NIC58.5436.1
OG0005639	transcript_F02E11.1.1	transcript_NIC58.5856.1
OG0005642	transcript_C16C8.18.1	transcript_NIC58.13847.1
OG0005643	transcript_C16C8.2.1	transcript_NIC58.5826.1
OG0005644	transcript_C16C8.26.1	transcript_NIC58.5825.1
OG0005645	transcript_Y49F6B.4.1	transcript_NIC58.5818.1
OG0005646	transcript_Y49F6B.9a.1	transcript_NIC58.5822.1
OG0005647	transcript_Y49F6B.10.1	transcript_NIC58.5821.1
OG0005648	transcript_Y49F6B.2.1	transcript_NIC58.5820.1
OG0005649	transcript_Y49F6B.1b.1	transcript_NIC58.5819.1
OG0005650	transcript_W09G10.1b.1	transcript_NIC58.5794.1
OG0005651	transcript_W09G10.3.1	transcript_NIC58.5796.1
OG0005652	transcript_W10G11.19.1	transcript_NIC58.5798.1
OG0005653	transcript_W10G11.20.1	transcript_NIC58.5799.1
OG0005654	transcript_W10G11.16b.1	transcript_NIC58.5801.1
OG0005656	transcript_F19B10.13.1	transcript_NIC58.5769.1
OG0005657	transcript_F19B10.1.1	transcript_NIC58.5767.1
OG0005659	transcript_F53C3.13b.1	transcript_NIC58.3057.2
OG0005660	transcript_K10G6.3g.1	transcript_NIC58.3032.1
OG0005661	transcript_K10G6.4.1	transcript_NIC58.3031.1
OG0005662	transcript_K10G6.2.1	transcript_NIC58.3054.2
OG0005663	transcript_K07D4.7a.1	transcript_NIC58.3070.1
OG0005664	transcript_K07D4.6.1	transcript_NIC58.3069.1
OG0005665	transcript_K07D4.5.1	transcript_NIC58.3068.1
OG0005666	transcript_K07D4.9.1	transcript_NIC58.3067.1
OG0005667	transcript_K07D4.4.1	transcript_NIC58.3066.1
OG0005668	transcript_K07D4.8.1	transcript_NIC58.3065.1
OG0005669	transcript_K07D4.3.2	transcript_NIC58.3064.1
OG0005670	transcript_W06A11.1.1	transcript_NIC58.3063.1
OG0005671	transcript_R11F4.2b.1	transcript_NIC58.3062.2
OG0005672	transcript_R11F4.1.1	transcript_NIC58.3060.1
OG0005673	transcript_T08H4.1c.1	transcript_NIC58.3078.3
OG0005674	transcript_T08H4.3.1	transcript_NIC58.3035.4
OG0005675	transcript_F56D3.1.1	transcript_NIC58.3036.1
OG0005676	transcript_R03H10.2.1	transcript_NIC58.3042.1
OG0005677	transcript_F31D5.3b.1	transcript_NIC58.3041.1
OG0005678	transcript_F31D5.4.1	transcript_NIC58.3039.1
OG0005679	transcript_F31D5.5.1	transcript_NIC58.3040.5
OG0005681	transcript_C16A11.1b.1	transcript_NIC58.3028.3
OG0005682	transcript_C16A11.8.1	transcript_NIC58.3029.1
OG0005683	transcript_C01F1.4.1	transcript_NIC58.3030.2
OG0005684	transcript_C01F1.5.1	transcript_NIC58.3052.1
OG0005685	transcript_C01F1.6.1	transcript_NIC58.3051.2
OG0005686	transcript_C01F1.3a.1	transcript_NIC58.3050.1
OG0005687	transcript_C01F1.1.1	transcript_NIC58.3049.1
OG0005688	transcript_Y52E8A.3.1	transcript_NIC58.9941.1
OG0005689	transcript_H20J04.6.1	transcript_NIC58.3048.1
OG0005690	transcript_H20J04.8.1	transcript_NIC58.3047.1
OG0005691	transcript_H20J04.5.1	transcript_NIC58.3046.1
OG0005692	transcript_H20J04.2.1	transcript_NIC58.3044.1
OG0005693	transcript_B0286.2a.1	transcript_NIC58.3294.3
OG0005694	transcript_B0286.6.1	transcript_NIC58.3304.1
OG0005695	transcript_B0286.3.1	transcript_NIC58.3299.1
OG0005696	transcript_B0286.4a.1	transcript_NIC58.3300.1
OG0005697	transcript_B0286.1.2	transcript_NIC58.3301.2
OG0005698	transcript_B0286.5.1	transcript_NIC58.3302.1
OG0005699	transcript_ZK430.8.1	transcript_NIC58.3303.1
OG0005700	transcript_ZK430.2.1	transcript_NIC58.3298.1
OG0005701	transcript_ZK430.7.1	transcript_NIC58.3296.1
OG0005702	transcript_ZK430.1.1	transcript_NIC58.3295.1
OG0005703	transcript_T12C9.7a.1	transcript_NIC58.11539.1
OG0005704	transcript_W06B4.3.1	transcript_NIC58.3288.1
OG0005705	transcript_T05C1.1.1	transcript_NIC58.3195.1
OG0005706	transcript_T05C1.3.1	transcript_NIC58.3206.1
OG0005707	transcript_B0304.3.1	transcript_NIC58.3198.2
OG0005708	transcript_B0304.1b.1	transcript_NIC58.3196.3
OG0005709	transcript_B0304.4.1	transcript_NIC58.3201.1
OG0005710	transcript_B0304.8.1	transcript_NIC58.3205.1
OG0005711	transcript_B0304.5.2	transcript_NIC58.3204.1
OG0005712	transcript_B0304.6.1	transcript_NIC58.3203.1
OG0005713	transcript_B0304.9.1	transcript_NIC58.3197.1
OG0005714	transcript_B0304.7.1	transcript_NIC58.3181.1
OG0005715	transcript_K07E1.1.1	transcript_NIC58.3179.1
OG0005716	transcript_M03A1.3.1	transcript_NIC58.3178.4
OG0005717	transcript_M03A1.7.1	transcript_NIC58.3174.1
OG0005718	transcript_M03A1.1.1	transcript_NIC58.3173.1
OG0005719	transcript_F35D11.5.1	transcript_NIC58.3171.1
OG0005720	transcript_F35D11.4.1	transcript_NIC58.3170.1
OG0005721	transcript_F35D11.3.1	transcript_NIC58.3450.2
OG0005722	transcript_F35D11.2b.1	transcript_NIC58.3451.1
OG0005723	transcript_F35D11.10.1	transcript_NIC58.3457.1
OG0005724	transcript_F35D11.11b.1	transcript_NIC58.3461.1
OG0005725	transcript_Y74E4A.1b.1	transcript_NIC58.3462.2
OG0005726	transcript_T05A7.1.1	transcript_NIC58.3471.2
OG0005727	transcript_T05A7.7.1	transcript_NIC58.3472.1
OG0005728	transcript_F10G7.7.1	transcript_NIC58.3479.1
OG0005729	transcript_F10G7.5b.1	transcript_NIC58.3481.1
OG0005730	transcript_F10G7.8.2	transcript_NIC58.3555.2
OG0005731	transcript_F10G7.4.1	transcript_NIC58.3556.1
OG0005732	transcript_F10G7.9a.1	transcript_NIC58.3559.2
OG0005733	transcript_F10G7.2.1	transcript_NIC58.3560.1
OG0005734	transcript_F10G7.10.2	transcript_NIC58.3569.1
OG0005735	transcript_F41C3.8b.1	transcript_NIC58.3570.1
OG0005736	transcript_F10G7.11.1	transcript_NIC58.3572.1
OG0005737	transcript_F41C3.7a.1	transcript_NIC58.3576.1
OG0005738	transcript_F41C3.11.1	transcript_NIC58.3575.1
OG0005739	transcript_F41C3.5.1	transcript_NIC58.3573.1
OG0005740	transcript_F41C3.2.1	transcript_NIC58.5246.1
OG0005741	transcript_F26G1.2a.1	transcript_NIC58.5241.1
OG0005742	transcript_F26G1.4.1	transcript_NIC58.5240.1
OG0005743	transcript_F26G1.5.1	transcript_NIC58.5239.1
OG0005744	transcript_F26G1.9.1	transcript_NIC58.5238.1
OG0005745	transcript_F26G1.6b.1	transcript_NIC58.5237.1
OG0005746	transcript_C33F10.4.1	transcript_NIC58.5233.1
OG0005747	transcript_C33F10.14.1	transcript_NIC58.5232.1
OG0005748	transcript_C33F10.5d.1	transcript_NIC58.5231.2
OG0005749	transcript_C33F10.7a.1	transcript_NIC58.5230.1
OG0005750	transcript_C33F10.2.1	transcript_NIC58.5235.1
OG0005751	transcript_T23B7.3a.1	transcript_NIC58.5229.1
OG0005752	transcript_F11G11.5.1	transcript_NIC58.5218.1
OG0005753	transcript_F11G11.11.1	transcript_NIC58.5214.1
OG0005754	transcript_R05F9.6.1	transcript_NIC58.5209.1
OG0005756	transcript_R05F9.9.1	transcript_NIC58.5207.1
OG0005757	transcript_R05F9.1b.1	transcript_NIC58.5205.3
OG0005758	transcript_ZK546.5.1	transcript_NIC58.5199.1
OG0005759	transcript_ZK546.4.1	transcript_NIC58.5198.1
OG0005760	transcript_ZK546.17.1	transcript_NIC58.5197.3
OG0005761	transcript_ZK546.14a.1	transcript_NIC58.5195.1
OG0005762	transcript_ZK546.2a.1	transcript_NIC58.5194.1
OG0005763	transcript_ZK546.15.1	transcript_NIC58.5193.1
OG0005764	transcript_ZK546.1b.1	transcript_NIC58.5189.3
OG0005765	transcript_Y38A8.1.1	transcript_NIC58.5192.1
OG0005766	transcript_Y38A8.2.1	transcript_NIC58.5191.1
OG0005767	transcript_Y38A8.3a.1	transcript_NIC58.5190.1
OG0005768	transcript_T27F7.2a.1	transcript_NIC58.5188.1
OG0005769	transcript_T27F7.3.1	transcript_NIC58.5187.1
OG0005770	transcript_T27F7.4.1	transcript_NIC58.5186.1
OG0005771	transcript_F59A6.10.1	transcript_NIC58.13728.1
OG0005772	transcript_F59A6.2.1	transcript_NIC58.307.1
OG0005773	transcript_F59A6.1a.1	transcript_NIC58.5176.2
OG0005774	transcript_F33G12.3.1	transcript_NIC58.5178.1
OG0005775	transcript_F33G12.7.1	transcript_NIC58.5170.1
OG0005776	transcript_F33G12.6a.1	transcript_NIC58.5169.1
OG0005777	transcript_C27A2.3.1	transcript_NIC58.5018.1
OG0005778	transcript_C27A2.12.1	transcript_NIC58.5166.1
OG0005779	transcript_C27A2.4.1	transcript_NIC58.5165.1
OG0005780	transcript_C27A2.5.1	transcript_NIC58.5156.1
OG0005781	transcript_C27A2.6.1	transcript_NIC58.5150.1
OG0005782	transcript_C04G6.3.1	transcript_NIC58.5149.1
OG0005783	transcript_F09C12.6.1	transcript_NIC58.5138.1
OG0005784	transcript_F09C12.1a.1	transcript_NIC58.5137.3
OG0005785	transcript_F58A6.2.1	transcript_NIC58.5136.1
OG0005786	transcript_F58A6.4.1	transcript_NIC58.5135.1
OG0005787	transcript_F58A6.1.1	transcript_NIC58.5134.1
OG0005788	transcript_F58A6.5.1	transcript_NIC58.5133.1
OG0005789	transcript_C27D6.15.1	transcript_NIC58.5125.1
OG0005790	transcript_C27D6.1.1	transcript_NIC58.5124.1
OG0005791	transcript_C27D6.12a.1	transcript_NIC58.5123.1
OG0005792	transcript_C34F11.5.1	transcript_NIC58.5120.1
OG0005793	transcript_C34F11.3d.1	transcript_NIC58.5119.1
OG0005794	transcript_C34F11.8.1	transcript_NIC58.5118.2
OG0005795	transcript_C34F11.9e.1	transcript_NIC58.5117.5
OG0005796	transcript_C54A12.1.1	transcript_NIC58.5114.1
OG0005797	transcript_C54A12.2b.1	transcript_NIC58.5113.2
OG0005798	transcript_C54A12.4.1	transcript_NIC58.5112.1
OG0005799	transcript_ZK622.3b.1	transcript_NIC58.5111.1
OG0005800	transcript_ZK622.2.1	transcript_NIC58.5110.2
OG0005801	transcript_ZK622.4.1	transcript_NIC58.5109.1
OG0005802	transcript_ZK622.1.1	transcript_NIC58.8777.1
OG0005803	transcript_F08B1.2a.1	transcript_NIC58.5108.1
OG0005804	transcript_F08B1.1e.1	transcript_NIC58.5107.6
OG0005805	transcript_F09E5.14.1	transcript_NIC58.5106.1
OG0005806	transcript_F09E5.8.1	transcript_NIC58.5105.1
OG0005807	transcript_F09E5.7.1	transcript_NIC58.5104.1
OG0005808	transcript_F09E5.4.1	transcript_NIC58.5103.1
OG0005809	transcript_F09E5.11.1	transcript_NIC58.5102.1
OG0005810	transcript_F09E5.17.1	transcript_NIC58.5101.1
OG0005811	transcript_F09E5.5.1	transcript_NIC58.5098.1
OG0005812	transcript_F09E5.16.1	transcript_NIC58.5100.1
OG0005813	transcript_F09E5.12.2	transcript_NIC58.5099.1
OG0005814	transcript_F09E5.13.1	transcript_NIC58.5097.1
OG0005815	transcript_F09E5.3.1	transcript_NIC58.5096.1
OG0005816	transcript_F09E5.1.1	transcript_NIC58.5094.1
OG0005817	transcript_EEED8.6.1	transcript_NIC58.5093.1
OG0005818	transcript_EEED8.7a.1	transcript_NIC58.5091.2
OG0005819	transcript_EEED8.8.1	transcript_NIC58.5090.1
OG0005820	transcript_EEED8.10a.1	transcript_NIC58.5083.1
OG0005821	transcript_EEED8.5.1	transcript_NIC58.5082.1
OG0005822	transcript_EEED8.11.1	transcript_NIC58.5081.1
OG0005823	transcript_EEED8.14.1	transcript_NIC58.5080.1
OG0005824	transcript_EEED8.3.1	transcript_NIC58.5079.2
OG0005825	transcript_EEED8.1.1	transcript_NIC58.5077.1
OG0005826	transcript_F07F6.2.1	transcript_NIC58.5074.1
OG0005827	transcript_F07F6.9.1	transcript_NIC58.5073.1
OG0005828	transcript_F07F6.5.1	transcript_NIC58.5072.1
OG0005829	transcript_F07F6.1.1	transcript_NIC58.5071.1
OG0005830	transcript_F07F6.6.1	transcript_NIC58.5070.1
OG0005831	transcript_F56D1.6.1	transcript_NIC58.5069.1
OG0005832	transcript_F56D1.5.1	transcript_NIC58.5068.1
OG0005833	transcript_F56D1.3.1	transcript_NIC58.5066.1
OG0005834	transcript_F56D1.2.1	transcript_NIC58.5065.1
OG0005835	transcript_F56D1.1.1	transcript_NIC58.5064.1
OG0005836	transcript_F12A10.4.1	transcript_NIC58.5062.1
OG0005837	transcript_F12A10.1.1	transcript_NIC58.5061.1
OG0005838	transcript_F12A10.7.1	transcript_NIC58.5059.1
OG0005839	transcript_F12A10.9.1	transcript_NIC58.5058.2
OG0005840	transcript_F12A10.8.1	transcript_NIC58.5057.1
OG0005841	transcript_ZK177.6.2	transcript_NIC58.5056.2
OG0005842	transcript_ZK177.5.1	transcript_NIC58.5055.2
OG0005843	transcript_ZK177.8a.2	transcript_NIC58.5054.3
OG0005844	transcript_ZK177.3.1	transcript_NIC58.5053.1
OG0005845	transcript_ZK177.11.1	transcript_NIC58.5046.1
OG0005846	transcript_C17C3.19.1	transcript_NIC58.5038.1
OG0005847	transcript_C17C3.3.1	transcript_NIC58.5035.1
OG0005848	transcript_C17C3.1a.1	transcript_NIC58.5034.1
OG0005849	transcript_T25E4.1.1	transcript_NIC58.5033.1
OG0005850	transcript_T25E4.2.1	transcript_NIC58.5032.1
OG0005851	transcript_C17G10.13.1	transcript_NIC58.5029.1
OG0005852	transcript_C17G10.4h.1	transcript_NIC58.5028.3
OG0005853	transcript_C17G10.2.1	transcript_NIC58.5027.2
OG0005854	transcript_C17G10.1.1	transcript_NIC58.5026.1
OG0005855	transcript_C17G10.10.1	transcript_NIC58.5025.1
OG0005856	transcript_F59E12.8.1	transcript_NIC58.5023.1
OG0005857	transcript_F59E12.9.1	transcript_NIC58.5022.3
OG0005858	transcript_F59E12.11.2	transcript_NIC58.5021.3
OG0005859	transcript_F59E12.12.1	transcript_NIC58.5020.1
OG0005860	transcript_F59E12.1.1	transcript_NIC58.5019.1
OG0005861	transcript_F59E12.13.1	transcript_NIC58.5016.1
OG0005862	transcript_C25H3.12.1	transcript_NIC58.5015.1
OG0005863	transcript_C25H3.6a.1	transcript_NIC58.5014.1
OG0005864	transcript_C25H3.16.1	transcript_NIC58.5013.1
OG0005865	transcript_C25H3.7a.1	transcript_NIC58.5012.1
OG0005866	transcript_C25H3.17.1	transcript_NIC58.5011.1
OG0005867	transcript_C25H3.11a.1	transcript_NIC58.5010.1
OG0005868	transcript_C25H3.5.1	transcript_NIC58.5009.1
OG0005869	transcript_C25H3.9.1	transcript_NIC58.5007.1
OG0005870	transcript_C25H3.4.1	transcript_NIC58.5006.2
OG0005872	transcript_C25H3.10a.1	transcript_NIC58.5005.1
OG0005873	transcript_C18A3.4a.1	transcript_NIC58.5004.1
OG0005874	transcript_C18A3.6a.1	transcript_NIC58.4997.1
OG0005875	transcript_F10C1.5.1	transcript_NIC58.4990.1
OG0005876	transcript_K05F1.6c.1	transcript_NIC58.4989.2
OG0005877	transcript_K05F1.13.1	transcript_NIC58.4988.1
OG0005878	transcript_K05F1.5.1	transcript_NIC58.4987.1
OG0005879	transcript_K05F1.1.1	transcript_NIC58.4985.1
OG0005880	transcript_K05F1.10.1	transcript_NIC58.4984.1
OG0005881	transcript_ZK1248.5.1	transcript_NIC58.4832.1
OG0005882	transcript_ZK1248.3a.1	transcript_NIC58.4983.1
OG0005883	transcript_ZK1248.10.1	transcript_NIC58.4970.2
OG0005884	transcript_ZK1248.11.1	transcript_NIC58.4982.1
OG0005885	transcript_ZK1248.13.1	transcript_NIC58.4980.1
OG0005886	transcript_ZK1248.2.1	transcript_NIC58.4979.2
OG0005887	transcript_ZK1248.14.1	transcript_NIC58.4976.1
OG0005888	transcript_ZK1248.15.1	transcript_NIC58.4975.1
OG0005889	transcript_ZK1248.19.1	transcript_NIC58.4974.1
OG0005890	transcript_ZK1248.16.1	transcript_NIC58.4973.1
OG0005891	transcript_ZK1248.1.1	transcript_NIC58.4971.2
OG0005892	transcript_H41C03.1.1	transcript_NIC58.4964.1
OG0005893	transcript_F55C12.4.1	transcript_NIC58.4963.1
OG0005894	transcript_F55C12.19.1	transcript_NIC58.4960.1
OG0005895	transcript_F55C12.5b.1	transcript_NIC58.4959.1
OG0005896	transcript_F55C12.6.1	transcript_NIC58.4958.1
OG0005897	transcript_F55C12.1b.1	transcript_NIC58.4957.2
OG0005898	transcript_F59G1.4a.1	transcript_NIC58.4956.1
OG0005899	transcript_F59G1.2.1	transcript_NIC58.4955.1
OG0005900	transcript_F59G1.8b.1	transcript_NIC58.14427.2
OG0005901	transcript_F59G1.3.1	transcript_NIC58.4837.1
OG0005902	transcript_F59G1.5.1	transcript_NIC58.4835.1
OG0005903	transcript_F28B12.3.1	transcript_NIC58.4834.1
OG0005904	transcript_F28B12.2i.1	transcript_NIC58.4833.2
OG0005905	transcript_B0034.3a.1	transcript_NIC58.4828.1
OG0005906	transcript_B0034.4.1	transcript_NIC58.4826.1
OG0005907	transcript_B0034.1.1	transcript_NIC58.4825.2
OG0005908	transcript_B0034.5.1	transcript_NIC58.4824.1
OG0005909	transcript_ZK75.2.1	transcript_NIC58.4823.1
OG0005910	transcript_ZK84.2.1	transcript_NIC58.4818.1
OG0005911	transcript_ZK84.5.1	transcript_NIC58.4549.1
OG0005912	transcript_ZK84.1.1	transcript_NIC58.4817.1
OG0005913	transcript_R12C12.9a.1	transcript_NIC58.4816.2
OG0005914	transcript_R12C12.3.1	transcript_NIC58.4815.1
OG0005915	transcript_R12C12.5.1	transcript_NIC58.4814.2
OG0005916	transcript_R12C12.6a.1	transcript_NIC58.4813.3
OG0005917	transcript_R12C12.2.1	transcript_NIC58.4812.2
OG0005918	transcript_R12C12.1a.1	transcript_NIC58.4811.1
OG0005919	transcript_F21H12.7.1	transcript_NIC58.4809.1
OG0005920	transcript_F21H12.6.1	transcript_NIC58.4808.1
OG0005921	transcript_F21H12.1.1	transcript_NIC58.4807.4
OG0005922	transcript_C29H12.3a.1	transcript_NIC58.4806.3
OG0005923	transcript_C29H12.6.1	transcript_NIC58.4805.1
OG0005924	transcript_C29H12.2.1	transcript_NIC58.4804.1
OG0005925	transcript_C29H12.1.1	transcript_NIC58.4803.1
OG0005926	transcript_F57F10.1e.1	transcript_NIC58.4802.4
OG0005927	transcript_H35N03.1.1	transcript_NIC58.4801.2
OG0005928	transcript_F40H3.5.1	transcript_NIC58.4800.1
OG0005929	transcript_F40H3.3.1	transcript_NIC58.4799.1
OG0005930	transcript_F40H3.2.1	transcript_NIC58.4798.1
OG0005931	transcript_F40H3.1a.1	transcript_NIC58.4796.1
OG0005932	transcript_F40H3.4.1	transcript_NIC58.4795.1
OG0005933	transcript_C30B5.3.1	transcript_NIC58.4794.3
OG0005934	transcript_C30B5.4.1	transcript_NIC58.4793.1
OG0005935	transcript_C30B5.2a.1	transcript_NIC58.4792.1
OG0005936	transcript_C30B5.17.1	transcript_NIC58.4790.1
OG0005937	transcript_C30B5.5.1	transcript_NIC58.4789.1
OG0005938	transcript_C30B5.9.1	transcript_NIC58.4788.1
OG0005939	transcript_C30B5.6b.1	transcript_NIC58.4787.1
OG0005940	transcript_C30B5.7.1	transcript_NIC58.4786.1
OG0005941	transcript_T24H7.5a.1	transcript_NIC58.4784.1
OG0005942	transcript_T24H7.4.1	transcript_NIC58.4783.1
OG0005943	transcript_T24H7.3.2	transcript_NIC58.4782.2
OG0005944	transcript_T24H7.2.1	transcript_NIC58.4781.1
OG0005945	transcript_T24H7.1.1	transcript_NIC58.4780.1
OG0005946	transcript_F13H8.5b.1	transcript_NIC58.4779.2
OG0005947	transcript_F13H8.11.1	transcript_NIC58.4778.1
OG0005948	transcript_F13H8.4.1	transcript_NIC58.4777.1
OG0005949	transcript_F13H8.12b.1	transcript_NIC58.4776.1
OG0005950	transcript_F13H8.3.1	transcript_NIC58.4775.1
OG0005951	transcript_F13H8.2.1	transcript_NIC58.4774.1
OG0005952	transcript_F13H8.10a.1	transcript_NIC58.4773.1
OG0005953	transcript_F13H8.9.1	transcript_NIC58.4772.1
OG0005954	transcript_F13H8.1b.1	transcript_NIC58.4771.1
OG0005955	transcript_F13H8.6.1	transcript_NIC58.4770.1
OG0005956	transcript_F13H8.7.1	transcript_NIC58.4769.1
OG0005957	transcript_C29F5.3.1	transcript_NIC58.4768.4
OG0005958	transcript_C29F5.1.1	transcript_NIC58.4767.1
OG0005959	transcript_C29F5.8.1	transcript_NIC58.4766.1
OG0005960	transcript_C29F5.7.1	transcript_NIC58.4765.1
OG0005961	transcript_C32D5.3.2	transcript_NIC58.4764.1
OG0005962	transcript_C32D5.4.1	transcript_NIC58.4763.1
OG0005963	transcript_C32D5.2.1	transcript_NIC58.4762.2
OG0005964	transcript_C32D5.6.1	transcript_NIC58.4761.2
OG0005965	transcript_C32D5.7.1	transcript_NIC58.4760.1
OG0005966	transcript_C32D5.9.1	transcript_NIC58.4758.1
OG0005967	transcript_C32D5.10.1	transcript_NIC58.4757.8
OG0005968	transcript_C32D5.11.1	transcript_NIC58.4756.1
OG0005969	transcript_C32D5.12.1	transcript_NIC58.4755.1
OG0005970	transcript_K10B2.4.1	transcript_NIC58.4754.1
OG0005971	transcript_K10B2.2a.1	transcript_NIC58.4752.1
OG0005972	transcript_K10B2.1b.1	transcript_NIC58.4751.1
OG0005973	transcript_F58F12.1.1	transcript_NIC58.4750.1
OG0005974	transcript_F58F12.4.1	transcript_NIC58.4749.1
OG0005975	transcript_F58F12.2.1	transcript_NIC58.4748.1
OG0005977	transcript_T25D10.2b.1	transcript_NIC58.4747.1
OG0005978	transcript_T25D10.1.1	transcript_NIC58.4746.1
OG0005979	transcript_T25D10.4.1	transcript_NIC58.4744.1
OG0005980	transcript_K03H9.2.1	transcript_NIC58.4743.1
OG0005981	transcript_K06A1.3.1	transcript_NIC58.4742.1
OG0005982	transcript_K06A1.2a.1	transcript_NIC58.4741.1
OG0005983	transcript_K06A1.4.1	transcript_NIC58.4740.1
OG0005984	transcript_K06A1.5.1	transcript_NIC58.4739.1
OG0005985	transcript_K06A1.1.1	transcript_NIC58.4738.1
OG0005986	transcript_K06A1.6e.1	transcript_NIC58.4737.1
OG0005987	transcript_T28D9.7.1	transcript_NIC58.4733.1
OG0005988	transcript_T28D9.4b.1	transcript_NIC58.4734.1
OG0005989	transcript_T28D9.3d.1	transcript_NIC58.4731.2
OG0005990	transcript_T28D9.10a.1	transcript_NIC58.4730.1
OG0005991	transcript_T28D9.2a.1	transcript_NIC58.4729.2
OG0005992	transcript_T28D9.1.1	transcript_NIC58.4728.1
OG0005993	transcript_R05G9.2b.1	transcript_NIC58.4727.1
OG0005994	transcript_R05G9.3.1	transcript_NIC58.4726.1
OG0005995	transcript_R05G9R.1.1	transcript_NIC58.4724.1
OG0005996	transcript_C56E6.2.1	transcript_NIC58.4722.1
OG0005997	transcript_C56E6.5.1	transcript_NIC58.4721.1
OG0005998	transcript_C56E6.1.1	transcript_NIC58.4720.1
OG0005999	transcript_F18C5.3.1	transcript_NIC58.4717.1
OG0006000	transcript_C56E6.6.1	transcript_NIC58.4718.1
OG0006001	transcript_F18C5.2.1	transcript_NIC58.4716.1
OG0006002	transcript_F18C5.10.1	transcript_NIC58.4715.1
OG0006003	transcript_F18C5.5.1	transcript_NIC58.4713.1
OG0006004	transcript_F18C5.9.1	transcript_NIC58.4712.1
OG0006005	transcript_C56C10.4.1	transcript_NIC58.4708.1
OG0006006	transcript_C56C10.7a.2	transcript_NIC58.4707.1
OG0006007	transcript_C56C10.8.1	transcript_NIC58.4706.1
OG0006008	transcript_C56C10.3.1	transcript_NIC58.4705.3
OG0006009	transcript_C56C10.9.1	transcript_NIC58.4704.1
OG0006010	transcript_C56C10.10.1	transcript_NIC58.4703.1
OG0006011	transcript_C56C10.13a.1	transcript_NIC58.4702.1
OG0006012	transcript_C56C10.12.1	transcript_NIC58.4700.1
OG0006013	transcript_C56C10.1.1	transcript_NIC58.4701.1
OG0006014	transcript_F54H5.4b.2	transcript_NIC58.4699.1
OG0006015	transcript_F54H5.3.1	transcript_NIC58.4698.1
OG0006016	transcript_F54H5.14.1	transcript_NIC58.4697.1
OG0006017	transcript_T19D12.4a.1	transcript_NIC58.4695.1
OG0006018	transcript_T19D12.6.1	transcript_NIC58.4694.1
OG0006019	transcript_T19D12.7.2	transcript_NIC58.4693.1
OG0006020	transcript_C18H9.8a.1	transcript_NIC58.4688.1
OG0006021	transcript_C18H9.3d.1	transcript_NIC58.4687.1
OG0006022	transcript_C18H9.5.1	transcript_NIC58.4686.1
OG0006023	transcript_C18H9.1.1	transcript_NIC58.4685.1
OG0006024	transcript_C18H9.6.1	transcript_NIC58.4684.1
OG0006025	transcript_C18H9.7.2	transcript_NIC58.4683.1
OG0006026	transcript_T14B4.6.1	transcript_NIC58.4682.2
OG0006027	transcript_T14B4.5.1	transcript_NIC58.4681.1
OG0006028	transcript_T14B4.4a.1	transcript_NIC58.4680.1
OG0006029	transcript_T14B4.8b.1	transcript_NIC58.4679.1
OG0006030	transcript_T14B4.3.1	transcript_NIC58.4677.1
OG0006031	transcript_T14B4.2.1	transcript_NIC58.4675.1
OG0006032	transcript_T14B4.1.1	transcript_NIC58.4674.1
OG0006033	transcript_F41G3.14.1	transcript_NIC58.4673.1
OG0006034	transcript_F41G3.6.1	transcript_NIC58.4672.1
OG0006035	transcript_F41G3.17.1	transcript_NIC58.4671.1
OG0006036	transcript_F41G3.16.1	transcript_NIC58.4670.1
OG0006037	transcript_F41G3.5.1	transcript_NIC58.4669.1
OG0006039	transcript_F41G3.11.1	transcript_NIC58.4665.1
OG0006040	transcript_F41G3.4.1	transcript_NIC58.4664.1
OG0006041	transcript_F41G3.3b.1	transcript_NIC58.4663.1
OG0006042	transcript_F41G3.12.1	transcript_NIC58.4661.3
OG0006043	transcript_F41G3.1.1	transcript_NIC58.4662.1
OG0006044	transcript_T13C2.4.2	transcript_NIC58.4660.1
OG0006045	transcript_T13C2.6b.1	transcript_NIC58.4657.2
OG0006046	transcript_T13C2.2.1	transcript_NIC58.4656.1
OG0006047	transcript_F31E8.4.1	transcript_NIC58.4655.1
OG0006048	transcript_F31E8.3a.1	transcript_NIC58.4654.1
OG0006049	transcript_F31E8.2b.1	transcript_NIC58.4653.2
OG0006050	transcript_C04A2.3a.1	transcript_NIC58.4652.4
OG0006051	transcript_C04A2.1.1	transcript_NIC58.4651.2
OG0006052	transcript_C04A2.15.1	transcript_NIC58.4648.1
OG0006053	transcript_C04A2.7a.1	transcript_NIC58.4647.2
OG0006054	transcript_C44B7.3.1	transcript_NIC58.4646.1
OG0006055	transcript_C44B7.4.1	transcript_NIC58.4645.1
OG0006056	transcript_C44B7.5.1	transcript_NIC58.4644.1
OG0006057	transcript_C44B7.6a.1	transcript_NIC58.4642.1
OG0006058	transcript_C44B7.7.1	transcript_NIC58.4641.1
OG0006059	transcript_C44B7.10.1	transcript_NIC58.4638.1
OG0006060	transcript_C44B7.12.1	transcript_NIC58.4637.1
OG0006061	transcript_C44B7.11.1	transcript_NIC58.4636.1
OG0006062	transcript_C44B7.2a.2	transcript_NIC58.4635.1
OG0006063	transcript_C44B7.1.1	transcript_NIC58.4634.1
OG0006064	transcript_B0252.3b.1	transcript_NIC58.4633.1
OG0006065	transcript_B0252.2.1	transcript_NIC58.4632.1
OG0006066	transcript_B0252.4b.1	transcript_NIC58.4631.1
OG0006067	transcript_B0252.8.1	transcript_NIC58.4630.1
OG0006068	transcript_B0252.5.1	transcript_NIC58.4629.1
OG0006069	transcript_B0252.1.1	transcript_NIC58.4628.1
OG0006070	transcript_F22D3.4.1	transcript_NIC58.4627.1
OG0006071	transcript_F22D3.2g.1	transcript_NIC58.4626.3
OG0006072	transcript_F22D3.6.1	transcript_NIC58.4625.1
OG0006073	transcript_C15F1.4.1	transcript_NIC58.4622.1
OG0006074	transcript_C15F1.5a.1	transcript_NIC58.4621.1
OG0006075	transcript_C15F1.6.1	transcript_NIC58.4620.1
OG0006076	transcript_C15F1.2.1	transcript_NIC58.4618.1
OG0006077	transcript_C15F1.1b.1	transcript_NIC58.4617.1
OG0006078	transcript_C52E12.2b.1	transcript_NIC58.4615.3
OG0006079	transcript_C52E12.3.2	transcript_NIC58.4614.1
OG0006080	transcript_C52E12.4.1	transcript_NIC58.4613.2
OG0006081	transcript_C52E12.1b.1	transcript_NIC58.4611.1
OG0006082	transcript_ZK1127.9a.1	transcript_NIC58.4608.1
OG0006083	transcript_ZK1127.5.1	transcript_NIC58.4607.5
OG0006084	transcript_ZK1127.4.1	transcript_NIC58.4606.1
OG0006085	transcript_ZK1127.11.1	transcript_NIC58.4602.1
OG0006086	transcript_ZK1127.1.1	transcript_NIC58.4603.1
OG0006087	transcript_T02G5.9b.1	transcript_NIC58.4601.2
OG0006088	transcript_T02G5.3.1	transcript_NIC58.4598.1
OG0006089	transcript_T02G5.13a.1	transcript_NIC58.4596.1
OG0006090	transcript_F10E7.8b.1	transcript_NIC58.4595.2
OG0006091	transcript_F10E7.7.1	transcript_NIC58.4594.1
OG0006092	transcript_F10E7.9.1	transcript_NIC58.4593.1
OG0006093	transcript_F10E7.5.2	transcript_NIC58.4592.1
OG0006094	transcript_F10E7.6.1	transcript_NIC58.4591.2
OG0006095	transcript_F10E7.10.1	transcript_NIC58.4590.1
OG0006096	transcript_F10E7.4.1	transcript_NIC58.4589.1
OG0006097	transcript_T07F8.3a.1	transcript_NIC58.4587.3
OG0006098	transcript_T07F8.2.1	transcript_NIC58.4586.1
OG0006099	transcript_C27H5.2a.1	transcript_NIC58.4584.1
OG0006100	transcript_C27H5.4a.1	transcript_NIC58.4583.2
OG0006101	transcript_C27H5.7a.1	transcript_NIC58.4582.1
OG0006102	transcript_C27H5.8.1	transcript_NIC58.4581.2
OG0006103	transcript_C27H5.1.1	transcript_NIC58.4580.1
OG0006104	transcript_C27H5.6.1	transcript_NIC58.4579.2
OG0006105	transcript_E04F6.4.1	transcript_NIC58.4578.1
OG0006106	transcript_E04F6.5a.2	transcript_NIC58.4577.1
OG0006107	transcript_E04F6.3.1	transcript_NIC58.4576.1
OG0006108	transcript_E04F6.6.1	transcript_NIC58.4575.3
OG0006109	transcript_E04F6.2.1	transcript_NIC58.4574.1
OG0006110	transcript_E04F6.10.2	transcript_NIC58.4565.1
OG0006111	transcript_E04F6.11i.1	transcript_NIC58.4564.2
OG0006112	transcript_F32A5.4a.1	transcript_NIC58.4563.1
OG0006113	transcript_F32A5.3.1	transcript_NIC58.4562.1
OG0006114	transcript_F32A5.5a.1	transcript_NIC58.4561.4
OG0006115	transcript_F32A5.2a.1	transcript_NIC58.4560.1
OG0006116	transcript_F32A5.6.1	transcript_NIC58.4559.1
OG0006117	transcript_F32A5.7.1	transcript_NIC58.4558.1
OG0006118	transcript_F32A5.1a.1	transcript_NIC58.4557.2
OG0006119	transcript_C30G12.4.1	transcript_NIC58.4555.2
OG0006120	transcript_C30G12.6a.1	transcript_NIC58.4553.3
OG0006121	transcript_C30G12.7.1	transcript_NIC58.4552.2
OG0006122	transcript_C30G12.1a.1	transcript_NIC58.4550.1
OG0006123	transcript_F45E12.3.1	transcript_NIC58.4548.1
OG0006124	transcript_F45E12.2a.1	transcript_NIC58.4547.1
OG0006125	transcript_F45E12.5a.1	transcript_NIC58.4546.2
OG0006126	transcript_F45E12.1b.1	transcript_NIC58.4545.2
OG0006127	transcript_F45E12.6.1	transcript_NIC58.4544.1
OG0006128	transcript_F21D12.3.2	transcript_NIC58.4543.3
OG0006129	transcript_F21D12.5.1	transcript_NIC58.4542.1
OG0006130	transcript_F43E2.4.1	transcript_NIC58.4540.1
OG0006131	transcript_F43E2.3b.1	transcript_NIC58.4539.2
OG0006132	transcript_F43E2.5.1	transcript_NIC58.4538.1
OG0006133	transcript_F43E2.11.1	transcript_NIC58.4537.1
OG0006134	transcript_F43E2.7.1	transcript_NIC58.4536.1
OG0006135	transcript_C07D10.5.1	transcript_NIC58.4533.2
OG0006136	transcript_C07D10.3.1	transcript_NIC58.4532.1
OG0006137	transcript_C07D10.2b.1	transcript_NIC58.4531.1
OG0006138	transcript_C07D10.1.1	transcript_NIC58.4530.1
OG0006139	transcript_C07D10.4.1	transcript_NIC58.4529.1
OG0006140	transcript_K02A2.5.1	transcript_NIC58.4528.1
OG0006141	transcript_K02A2.3b.1	transcript_NIC58.4527.1
OG0006142	transcript_D1022.2.1	transcript_NIC58.4524.2
OG0006143	transcript_D1022.6.1	transcript_NIC58.4523.2
OG0006144	transcript_D1022.7b.1	transcript_NIC58.4521.1
OG0006145	transcript_D1022.1a.1	transcript_NIC58.4522.1
OG0006146	transcript_D1022.8.1	transcript_NIC58.19327.2
OG0006147	transcript_D1022.9a.1	transcript_NIC58.9368.1
OG0006148	transcript_R10H1.5.1	transcript_NIC58.4518.1
OG0006149	transcript_R10H1.1.1	transcript_NIC58.4519.1
OG0006150	transcript_R10H1.4.2	transcript_NIC58.4520.1
OG0006151	transcript_C28F5.2d.1	transcript_NIC58.4516.1
OG0006152	transcript_ZK1290.6.1	transcript_NIC58.4517.1
OG0006153	transcript_ZK1290.5.1	transcript_NIC58.4514.1
OG0006154	transcript_ZK1290.12.1	transcript_NIC58.4513.1
OG0006155	transcript_ZK1290.8.1	transcript_NIC58.4512.1
OG0006156	transcript_ZK1290.13.1	transcript_NIC58.4511.1
OG0006157	transcript_ZK1290.4c.1	transcript_NIC58.4510.1
OG0006158	transcript_ZK1290.2a.1	transcript_NIC58.4508.2
OG0006159	transcript_ZK1290.10.1	transcript_NIC58.4507.1
OG0006160	transcript_ZK1290.14.2	transcript_NIC58.4506.1
OG0006161	transcript_ZK1290.11.1	transcript_NIC58.4505.1
OG0006162	transcript_ZK1290.1.1	transcript_NIC58.4504.1
OG0006163	transcript_F35D2.3.1	transcript_NIC58.4503.1
OG0006164	transcript_F35D2.6.1	transcript_NIC58.4501.1
OG0006165	transcript_F35D2.4.1	transcript_NIC58.4500.1
OG0006166	transcript_F35D2.5a.1	transcript_NIC58.4499.3
OG0006167	transcript_R07G3.5.1	transcript_NIC58.4498.1
OG0006168	transcript_R07G3.3d.1	transcript_NIC58.4496.3
OG0006169	transcript_R07G3.6.1	transcript_NIC58.4497.1
OG0006170	transcript_R07G3.7a.1	transcript_NIC58.4494.1
OG0006171	transcript_R07G3.9.1	transcript_NIC58.4493.1
OG0006172	transcript_R07G3.1.1	transcript_NIC58.4492.1
OG0006173	transcript_R07G3.8.1	transcript_NIC58.4491.1
OG0006174	transcript_R153.1d.1	transcript_NIC58.4490.2
OG0006175	transcript_F18A1.6b.1	transcript_NIC58.4489.1
OG0006176	transcript_F18A1.7.1	transcript_NIC58.4488.1
OG0006177	transcript_F18A1.3b.1	transcript_NIC58.4486.2
OG0006178	transcript_F18A1.2d.1	transcript_NIC58.4485.1
OG0006179	transcript_F18A1.8.1	transcript_NIC58.4483.2
OG0006180	transcript_B0495.5.2	transcript_NIC58.4479.1
OG0006181	transcript_B0495.6.1	transcript_NIC58.4478.1
OG0006182	transcript_B0495.7.1	transcript_NIC58.4476.3
OG0006183	transcript_B0495.8a.1	transcript_NIC58.4475.3
OG0006184	transcript_B0495.9.1	transcript_NIC58.4474.1
OG0006185	transcript_B0495.10a.1	transcript_NIC58.4472.1
OG0006186	transcript_B0228.4c.1	transcript_NIC58.4471.4
OG0006187	transcript_B0228.6.1	transcript_NIC58.4469.1
OG0006188	transcript_B0228.1.1	transcript_NIC58.4468.1
OG0006190	transcript_C06A8.7.1	transcript_NIC58.4466.1
OG0006191	transcript_C06A8.8a.1	transcript_NIC58.4464.1
OG0006192	transcript_C06A8.1a.1	transcript_NIC58.4462.4
OG0006193	transcript_C06A8.5.1	transcript_NIC58.4461.1
OG0006194	transcript_C06A8.9a.1	transcript_NIC58.4456.2
OG0006195	transcript_T05A6.1.1	transcript_NIC58.4455.3
OG0006196	transcript_T05A6.2b.1	transcript_NIC58.4453.1
OG0006197	transcript_T09A5.14.1	transcript_NIC58.4452.1
OG0006198	transcript_T09A5.1a.1	transcript_NIC58.4451.1
OG0006199	transcript_T09A5.2a.1	transcript_NIC58.4450.2
OG0006200	transcript_T09A5.3.1	transcript_NIC58.4447.1
OG0006201	transcript_T09A5.4.1	transcript_NIC58.4448.2
OG0006202	transcript_T09A5.5.1	transcript_NIC58.4446.1
OG0006203	transcript_T09A5.6.1	transcript_NIC58.4445.1
OG0006204	transcript_T09A5.7.1	transcript_NIC58.4444.1
OG0006205	transcript_T09A5.15.1	transcript_NIC58.4442.1
OG0006206	transcript_T09A5.9.1	transcript_NIC58.4441.1
OG0006207	transcript_T09A5.11.1	transcript_NIC58.4440.1
OG0006208	transcript_T09A5.12.1	transcript_NIC58.4439.1
OG0006209	transcript_T01H3.2.1	transcript_NIC58.4438.1
OG0006210	transcript_T01H3.1.1	transcript_NIC58.4437.3
OG0006211	transcript_T01H3.5.1	transcript_NIC58.4436.2
OG0006212	transcript_T01H3.4.1	transcript_NIC58.4435.1
OG0006213	transcript_ZK675.2.1	transcript_NIC58.4433.1
OG0006214	transcript_ZK675.3a.1	transcript_NIC58.4430.2
OG0006215	transcript_ZK675.4.1	transcript_NIC58.4431.1
OG0006216	transcript_ZK669.1a.1	transcript_NIC58.4432.2
OG0006217	transcript_ZK669.2.1	transcript_NIC58.4429.1
OG0006218	transcript_ZK669.3.1	transcript_NIC58.4428.1
OG0006219	transcript_ZK669.4.1	transcript_NIC58.4427.2
OG0006220	transcript_ZK669.5a.1	transcript_NIC58.4426.2
OG0006221	transcript_C04H4.1.1	transcript_NIC58.4425.1
OG0006222	transcript_DH11.5d.1	transcript_NIC58.4424.3
OG0006223	transcript_DH11.3.2	transcript_NIC58.3354.1
OG0006224	transcript_DH11.1a.1	transcript_NIC58.3357.1
OG0006225	transcript_DH11.2.1	transcript_NIC58.3359.1
OG0006226	transcript_C08B11.2.1	transcript_NIC58.3361.3
OG0006227	transcript_C08B11.3a.1	transcript_NIC58.3362.3
OG0006228	transcript_C08B11.4.1	transcript_NIC58.3363.2
OG0006229	transcript_C08B11.9.1	transcript_NIC58.3371.1
OG0006230	transcript_C08B11.8.2	transcript_NIC58.3397.1
OG0006231	transcript_T05H10.2.1	transcript_NIC58.3420.1
OG0006232	transcript_T05H10.4a.1	transcript_NIC58.3400.2
OG0006233	transcript_T05H10.8.1	transcript_NIC58.3401.1
OG0006234	transcript_T05H10.6b.1	transcript_NIC58.3403.1
OG0006235	transcript_T05H10.7a.1	transcript_NIC58.3404.2
OG0006236	transcript_K02C4.2.1	transcript_NIC58.3405.1
OG0006237	transcript_K02C4.5.1	transcript_NIC58.3406.1
OG0006238	transcript_K02C4.4a.1	transcript_NIC58.3408.1
OG0006239	transcript_C41C4.10a.1	transcript_NIC58.3409.1
OG0006240	transcript_C41C4.1.1	transcript_NIC58.3411.1
OG0006241	transcript_C41C4.3.1	transcript_NIC58.3412.2
OG0006242	transcript_C41C4.4a.1	transcript_NIC58.3337.1
OG0006243	transcript_C41C4.5e.1	transcript_NIC58.3336.5
OG0006244	transcript_C41C4.7a.1	transcript_NIC58.3333.1
OG0006245	transcript_F10B5.8.1	transcript_NIC58.3331.1
OG0006246	transcript_F10B5.1.1	transcript_NIC58.3330.1
OG0006247	transcript_F10B5.2.1	transcript_NIC58.3329.2
OG0006248	transcript_F10B5.3.1	transcript_NIC58.3328.1
OG0006249	transcript_F10B5.4.1	transcript_NIC58.3327.1
OG0006250	transcript_F10B5.9.1	transcript_NIC58.3326.1
OG0006251	transcript_F10B5.5.1	transcript_NIC58.3324.1
OG0006252	transcript_F10B5.6.1	transcript_NIC58.3323.1
OG0006253	transcript_F10B5.7.1	transcript_NIC58.3322.1
OG0006254	transcript_T05C12.11b.1	transcript_NIC58.3321.1
OG0006255	transcript_T05C12.2.1	transcript_NIC58.3316.3
OG0006256	transcript_T05C12.4.1	transcript_NIC58.3338.1
OG0006257	transcript_T05C12.5.1	transcript_NIC58.3342.1
OG0006258	transcript_T05C12.6a.1	transcript_NIC58.3343.2
OG0006259	transcript_T05C12.7.1	transcript_NIC58.3344.1
OG0006260	transcript_T05C12.8.1	transcript_NIC58.3345.1
OG0006261	transcript_T05C12.9.1	transcript_NIC58.3315.2
OG0006262	transcript_T05C12.10.1	transcript_NIC58.3314.1
OG0006263	transcript_M110.1.1	transcript_NIC58.3313.1
OG0006264	transcript_M110.8b.1	transcript_NIC58.3312.1
OG0006265	transcript_M110.2.1	transcript_NIC58.3310.1
OG0006266	transcript_M110.4e.1	transcript_NIC58.3308.2
OG0006267	transcript_M110.5e.1	transcript_NIC58.3307.3
OG0006268	transcript_M110.7.1	transcript_NIC58.3353.1
OG0006269	transcript_F35C11.1.1	transcript_NIC58.3348.1
OG0006270	transcript_F35C11.4.1	transcript_NIC58.3346.1
OG0006271	transcript_F35C11.7.1	transcript_NIC58.3427.1
OG0006272	transcript_F35C11.6.1	transcript_NIC58.3428.1
OG0006273	transcript_K01C8.1.2	transcript_NIC58.3429.1
OG0006274	transcript_K01C8.2.1	transcript_NIC58.3430.1
OG0006275	transcript_K01C8.3b.1	transcript_NIC58.3431.1
OG0006276	transcript_K01C8.5.1	transcript_NIC58.3432.1
OG0006277	transcript_K01C8.7a.1	transcript_NIC58.3433.1
OG0006278	transcript_K01C8.6.1	transcript_NIC58.3434.1
OG0006279	transcript_K01C8.8.1	transcript_NIC58.3435.1
OG0006280	transcript_K01C8.9.1	transcript_NIC58.3436.1
OG0006281	transcript_F14F11.2.1	transcript_NIC58.3208.1
OG0006282	transcript_C26D10.1.1	transcript_NIC58.3192.2
OG0006283	transcript_C26D10.3.1	transcript_NIC58.3191.1
OG0006284	transcript_C26D10.2a.1	transcript_NIC58.3190.4
OG0006285	transcript_C26D10.4.1	transcript_NIC58.3188.1
OG0006286	transcript_C26D10.6a.1	transcript_NIC58.3186.2
OG0006287	transcript_M195.1.1	transcript_NIC58.3185.2
OG0006288	transcript_M195.2b.1	transcript_NIC58.3184.2
OG0006289	transcript_M195.3.1	transcript_NIC58.3183.1
OG0006290	transcript_F49E12.12.1	transcript_NIC58.3448.1
OG0006291	transcript_F49E12.9a.1	transcript_NIC58.3447.1
OG0006292	transcript_F49E12.10.1	transcript_NIC58.3446.1
OG0006293	transcript_F49E12.8.1	transcript_NIC58.3441.1
OG0006294	transcript_F49E12.7.1	transcript_NIC58.3442.1
OG0006295	transcript_F49E12.1.1	transcript_NIC58.3444.1
OG0006296	transcript_F49E12.4.1	transcript_NIC58.3445.1
OG0006297	transcript_F49E12.5a.1	transcript_NIC58.3440.1
OG0006298	transcript_F49E12.6.1	transcript_NIC58.3439.2
OG0006299	transcript_F14E5.2a.1	transcript_NIC58.3266.2
OG0006300	transcript_F14E5.5.1	transcript_NIC58.3269.1
OG0006301	transcript_F22B5.2a.1	transcript_NIC58.3270.1
OG0006302	transcript_F22B5.1.1	transcript_NIC58.3271.1
OG0006303	transcript_F22B5.4.1	transcript_NIC58.3273.1
OG0006304	transcript_F22B5.5.1	transcript_NIC58.3247.1
OG0006305	transcript_F22B5.6.1	transcript_NIC58.3246.1
OG0006306	transcript_M05D6.4.1	transcript_NIC58.3243.1
OG0006307	transcript_M05D6.5a.1	transcript_NIC58.3244.1
OG0006308	transcript_M05D6.6.2	transcript_NIC58.3242.1
OG0006309	transcript_M05D6.7.1	transcript_NIC58.3241.2
OG0006310	transcript_T13H5.1c.1	transcript_NIC58.3230.3
OG0006311	transcript_M05D6.9b.1	transcript_NIC58.3231.1
OG0006312	transcript_T13H5.2a.1	transcript_NIC58.3245.1
OG0006313	transcript_T13H5.8.1	transcript_NIC58.3240.2
OG0006314	transcript_T13H5.3.1	transcript_NIC58.3237.1
OG0006315	transcript_T13H5.4.1	transcript_NIC58.3236.1
OG0006316	transcript_T13H5.5.1	transcript_NIC58.3235.1
OG0006317	transcript_T13H5.6.1	transcript_NIC58.3233.1
OG0006318	transcript_W01C9.1a.1	transcript_NIC58.3234.1
OG0006319	transcript_W01C9.2.1	transcript_NIC58.3126.1
OG0006320	transcript_W01C9.3b.1	transcript_NIC58.3265.4
OG0006321	transcript_W01C9.5b.1	transcript_NIC58.3255.1
OG0006322	transcript_F54C9.1.2	transcript_NIC58.3254.1
OG0006323	transcript_F54C9.14.1	transcript_NIC58.3253.1
OG0006324	transcript_F54C9.2.1	transcript_NIC58.3252.1
OG0006325	transcript_F54C9.4.1	transcript_NIC58.3251.1
OG0006326	transcript_F54C9.5.1	transcript_NIC58.3250.1
OG0006327	transcript_F54C9.6.2	transcript_NIC58.3249.1
OG0006328	transcript_F54C9.7.1	transcript_NIC58.3248.2
OG0006329	transcript_F54C9.9.1	transcript_NIC58.3129.1
OG0006330	transcript_F54C9.10.1	transcript_NIC58.3128.2
OG0006331	transcript_F54C9.11.1	transcript_NIC58.3127.1
OG0006332	transcript_F28C6.4a.1	transcript_NIC58.3133.1
OG0006333	transcript_F28C6.5.1	transcript_NIC58.3134.1
OG0006334	transcript_F28C6.3.1	transcript_NIC58.3135.1
OG0006335	transcript_F28C6.7a.1	transcript_NIC58.3136.1
OG0006336	transcript_F28C6.6.1	transcript_NIC58.3137.1
OG0006337	transcript_F28C6.8b.1	transcript_NIC58.3138.1
OG0006338	transcript_F28C6.10.1	transcript_NIC58.3139.1
OG0006339	transcript_F28C6.9a.1	transcript_NIC58.3140.1
OG0006340	transcript_T22C8.1.1	transcript_NIC58.3131.1
OG0006341	transcript_T22C8.2.1	transcript_NIC58.3141.1
OG0006342	transcript_T22C8.5.1	transcript_NIC58.3143.1
OG0006343	transcript_T22C8.6.1	transcript_NIC58.3144.1
OG0006344	transcript_T22C8.7a.1	transcript_NIC58.3169.1
OG0006345	transcript_T22C8.8.1	transcript_NIC58.3168.1
OG0006346	transcript_D2085.7a.1	transcript_NIC58.3167.1
OG0006347	transcript_D2085.1.1	transcript_NIC58.3166.1
OG0006348	transcript_D2085.2.1	transcript_NIC58.3165.1
OG0006349	transcript_D2085.6.1	transcript_NIC58.3164.1
OG0006350	transcript_D2085.3.1	transcript_NIC58.3163.1
OG0006351	transcript_D2085.4.1	transcript_NIC58.3162.2
OG0006352	transcript_D2085.5k.1	transcript_NIC58.3160.1
OG0006353	transcript_C34C6.3.1	transcript_NIC58.3159.1
OG0006354	transcript_C34C6.4.1	transcript_NIC58.3158.1
OG0006355	transcript_C34C6.5a.1	transcript_NIC58.17017.1
OG0006356	transcript_C34C6.6a.1	transcript_NIC58.3156.1
OG0006357	transcript_C34C6.7a.1	transcript_NIC58.3153.1
OG0006358	transcript_T01B7.3.1	transcript_NIC58.4344.1
OG0006359	transcript_T01B7.4.1	transcript_NIC58.4343.1
OG0006360	transcript_T01B7.5a.2	transcript_NIC58.4342.1
OG0006361	transcript_T01B7.6.1	transcript_NIC58.4341.1
OG0006362	transcript_T01B7.9.1	transcript_NIC58.4340.1
OG0006363	transcript_T01B7.7.1	transcript_NIC58.4339.1
OG0006364	transcript_K08F8.1a.1	transcript_NIC58.4336.1
OG0006365	transcript_K08F8.2.1	transcript_NIC58.4334.1
OG0006366	transcript_K08F8.7.1	transcript_NIC58.4333.1
OG0006367	transcript_K08F8.3.2	transcript_NIC58.4332.1
OG0006368	transcript_K08F8.4a.1	transcript_NIC58.4348.2
OG0006369	transcript_K08F8.5a.1	transcript_NIC58.4349.1
OG0006370	transcript_K08F8.6.1	transcript_NIC58.4350.1
OG0006371	transcript_F07H5.2.1	transcript_NIC58.4351.1
OG0006372	transcript_F07H5.6.1	transcript_NIC58.4356.1
OG0006373	transcript_F07H5.7.1	transcript_NIC58.4357.1
OG0006374	transcript_F07H5.8.1	transcript_NIC58.4358.1
OG0006375	transcript_F46C5.9.1	transcript_NIC58.4360.5
OG0006376	transcript_F46C5.8.1	transcript_NIC58.4361.1
OG0006377	transcript_F46C5.10.1	transcript_NIC58.4363.1
OG0006378	transcript_F46C5.1.1	transcript_NIC58.4364.1
OG0006379	transcript_F46C5.3.1	transcript_NIC58.4365.1
OG0006380	transcript_F46C5.2.1	transcript_NIC58.4366.1
OG0006381	transcript_F46C5.4.2	transcript_NIC58.4367.1
OG0006382	transcript_F46C5.7.1	transcript_NIC58.4368.1
OG0006383	transcript_F46C5.6.1	transcript_NIC58.4369.3
OG0006384	transcript_T14D7.1.1	transcript_NIC58.4370.1
OG0006385	transcript_T14D7.2.1	transcript_NIC58.4371.1
OG0006386	transcript_T07D4.1.1	transcript_NIC58.4372.2
OG0006387	transcript_T07D4.2b.1	transcript_NIC58.4373.2
OG0006388	transcript_T07D4.3a.1	transcript_NIC58.4374.3
OG0006389	transcript_T07D4.4a.1	transcript_NIC58.4375.1
OG0006390	transcript_B0457.1a.1	transcript_NIC58.4376.1
OG0006391	transcript_B0457.6.1	transcript_NIC58.4377.1
OG0006392	transcript_B0457.2.1	transcript_NIC58.4378.2
OG0006393	transcript_T21B10.7.1	transcript_NIC58.4379.1
OG0006394	transcript_T21B10.1.1	transcript_NIC58.4380.1
OG0006395	transcript_T21B10.2c.1	transcript_NIC58.4381.2
OG0006396	transcript_T21B10.3.1	transcript_NIC58.4382.1
OG0006397	transcript_T21B10.5a.1	transcript_NIC58.4383.1
OG0006398	transcript_T21B10.6.1	transcript_NIC58.4385.1
OG0006399	transcript_C18E9.10a.1	transcript_NIC58.4388.1
OG0006400	transcript_C18E9.1.1	transcript_NIC58.4387.1
OG0006401	transcript_C18E9.4.1	transcript_NIC58.4389.1
OG0006402	transcript_C18E9.2a.1	transcript_NIC58.4390.2
OG0006403	transcript_C18E9.3d.1	transcript_NIC58.4391.1
OG0006404	transcript_C18E9.5.1	transcript_NIC58.4392.1
OG0006405	transcript_C18E9.7.1	transcript_NIC58.4393.1
OG0006406	transcript_C18E9.9.1	transcript_NIC58.4395.2
OG0006407	transcript_F44G4.1.1	transcript_NIC58.4398.1
OG0006408	transcript_F44G4.2.1	transcript_NIC58.4399.1
OG0006409	transcript_F44G4.3.1	transcript_NIC58.4400.1
OG0006410	transcript_F44G4.4c.1	transcript_NIC58.4401.4
OG0006411	transcript_F44G4.5.1	transcript_NIC58.4402.1
OG0006412	transcript_F44G4.6a.1	transcript_NIC58.4403.2
OG0006413	transcript_F44G4.7.1	transcript_NIC58.4404.1
OG0006414	transcript_F44G4.8a.1	transcript_NIC58.4405.1
OG0006415	transcript_F37B12.1.1	transcript_NIC58.4406.2
OG0006416	transcript_F37B12.2.1	transcript_NIC58.4407.2
OG0006417	transcript_T24B8.7a.1	transcript_NIC58.4408.3
OG0006418	transcript_T24B8.2.1	transcript_NIC58.4409.1
OG0006419	transcript_T24B8.1a.1	transcript_NIC58.4410.1
OG0006420	transcript_T24B8.4a.1	transcript_NIC58.4413.1
OG0006421	transcript_T24B8.6.1	transcript_NIC58.4415.1
OG0006422	transcript_C07H4.1b.1	transcript_NIC58.4416.2
OG0006423	transcript_C07H4.2.1	transcript_NIC58.4417.2
OG0006424	transcript_T24H10.1.1	transcript_NIC58.4418.2
OG0006425	transcript_T24H10.6.1	transcript_NIC58.4419.1
OG0006426	transcript_T24H10.3.1	transcript_NIC58.4420.1
OG0006427	transcript_T24H10.4.1	transcript_NIC58.4421.4
OG0006428	transcript_T24H10.7a.1	transcript_NIC58.4422.3
OG0006429	transcript_C16D2.1a.1	transcript_NIC58.4423.1
OG0006430	transcript_C16D2.2.1	transcript_NIC58.3098.1
OG0006431	transcript_W07A12.4b.1	transcript_NIC58.3214.3
OG0006432	transcript_W07A12.8.1	transcript_NIC58.3228.1
OG0006433	transcript_T23G7.3.1	transcript_NIC58.3227.1
OG0006434	transcript_T23G7.2a.1	transcript_NIC58.3226.1
OG0006435	transcript_T23G7.1.1	transcript_NIC58.3225.1
OG0006436	transcript_T23G7.4.1	transcript_NIC58.3223.1
OG0006437	transcript_T23G7.5a.1	transcript_NIC58.3222.1
OG0006438	transcript_ZK1067.5.1	transcript_NIC58.3221.2
OG0006439	transcript_ZK1067.1d.1	transcript_NIC58.3220.4
OG0006440	transcript_ZK1067.4.1	transcript_NIC58.3219.1
OG0006441	transcript_ZK1067.2b.1	transcript_NIC58.3113.1
OG0006442	transcript_ZK1067.7.1	transcript_NIC58.3099.2
OG0006443	transcript_T26C5.1.1	transcript_NIC58.3215.1
OG0006444	transcript_T26C5.2.1	transcript_NIC58.3213.1
OG0006445	transcript_T26C5.3a.1	transcript_NIC58.3217.1
OG0006446	transcript_T26C5.5.1	transcript_NIC58.3218.1
OG0006447	transcript_T26C5.4.1	transcript_NIC58.3216.1
OG0006448	transcript_H32K21.1.1	transcript_NIC58.3212.1
OG0006449	transcript_C01G6.1a.1	transcript_NIC58.3210.1
OG0006450	transcript_C01G6.3.1	transcript_NIC58.3209.1
OG0006451	transcript_C01G6.6a.1	transcript_NIC58.3107.1
OG0006452	transcript_C01G6.7.1	transcript_NIC58.3102.1
OG0006453	transcript_C01G6.9.1	transcript_NIC58.3101.1
OG0006454	transcript_C01G6.8a.1	transcript_NIC58.3124.1
OG0006455	transcript_D2013.3.1	transcript_NIC58.3123.1
OG0006456	transcript_D2013.1.1	transcript_NIC58.3121.1
OG0006457	transcript_D2013.10.1	transcript_NIC58.3120.1
OG0006458	transcript_D2013.5.1	transcript_NIC58.3119.1
OG0006459	transcript_D2013.6.1	transcript_NIC58.3118.1
OG0006460	transcript_D2013.8a.1	transcript_NIC58.3116.2
OG0006461	transcript_F42A8.1.1	transcript_NIC58.3112.3
OG0006462	transcript_F42A8.2.1	transcript_NIC58.3148.1
OG0006463	transcript_F42A8.3.1	transcript_NIC58.3147.1
OG0006464	transcript_C06C3.1c.1	transcript_NIC58.3146.3
OG0006465	transcript_C06C3.3.1	transcript_NIC58.3155.1
OG0006466	transcript_Y51B9A.6a.1	transcript_NIC58.3749.1
OG0006467	transcript_M176.2.1	transcript_NIC58.3970.1
OG0006468	transcript_M176.4.2	transcript_NIC58.3971.1
OG0006469	transcript_M176.11.1	transcript_NIC58.3972.1
OG0006470	transcript_M176.10a.1	transcript_NIC58.3973.1
OG0006471	transcript_M176.5.1	transcript_NIC58.3974.1
OG0006472	transcript_T19H5.7.1	transcript_NIC58.3979.1
OG0006473	transcript_T19H5.4.1	transcript_NIC58.3980.1
OG0006474	transcript_F35H8.12.1	transcript_NIC58.3093.1
OG0006475	transcript_F35H8.1.1	transcript_NIC58.3845.1
OG0006476	transcript_F35H8.2.1	transcript_NIC58.3082.1
OG0006477	transcript_F35H8.3.1	transcript_NIC58.3081.1
OG0006478	transcript_F35H8.4.1	transcript_NIC58.16277.1
OG0006479	transcript_F35H8.5a.1	transcript_NIC58.3080.2
OG0006480	transcript_F35H8.6.1	transcript_NIC58.3086.2
OG0006481	transcript_E02H1.2.1	transcript_NIC58.3087.1
OG0006482	transcript_E02H1.4.2	transcript_NIC58.3088.1
OG0006483	transcript_E02H1.5.1	transcript_NIC58.3089.1
OG0006484	transcript_E02H1.6.1	transcript_NIC58.3090.1
OG0006485	transcript_E02H1.8.1	transcript_NIC58.3091.1
OG0006486	transcript_E02H1.7.2	transcript_NIC58.3092.1
OG0006487	transcript_T15H9.3.1	transcript_NIC58.3824.1
OG0006488	transcript_T15H9.7a.1	transcript_NIC58.3085.1
OG0006489	transcript_ZK1307.8.2	transcript_NIC58.3084.1
OG0006490	transcript_ZK1307.7b.1	transcript_NIC58.3083.1
OG0006491	transcript_ZK1307.6b.1	transcript_NIC58.3820.2
OG0006492	transcript_ZK1307.5.2	transcript_NIC58.3819.1
OG0006493	transcript_ZK1307.9.1	transcript_NIC58.3818.1
OG0006494	transcript_ZK1307.4.1	transcript_NIC58.3817.1
OG0006495	transcript_ZK1307.2.1	transcript_NIC58.3816.1
OG0006496	transcript_ZK1307.1a.1	transcript_NIC58.3815.1
OG0006498	transcript_ZK1320.5.1	transcript_NIC58.3808.1
OG0006499	transcript_ZK1320.12b.1	transcript_NIC58.3809.2
OG0006500	transcript_ZK1320.7.1	transcript_NIC58.3810.1
OG0006501	transcript_ZK1320.13.1	transcript_NIC58.3807.1
OG0006502	transcript_ZK1320.9.1	transcript_NIC58.3804.1
OG0006503	transcript_ZK1320.10.1	transcript_NIC58.3803.1
OG0006504	transcript_Y53C12A.8a.1	transcript_NIC58.3802.1
OG0006505	transcript_Y53C12A.7.1	transcript_NIC58.3800.1
OG0006506	transcript_Y53C12A.10.1	transcript_NIC58.3785.1
OG0006507	transcript_Y53C12A.3.1	transcript_NIC58.3786.1
OG0006508	transcript_Y53C12B.6.1	transcript_NIC58.3799.1
OG0006509	transcript_Y53C12B.5a.1	transcript_NIC58.3795.3
OG0006510	transcript_Y53C12B.2.1	transcript_NIC58.3794.1
OG0006511	transcript_Y53C12B.1.1	transcript_NIC58.3793.1
OG0006512	transcript_Y53C12B.3c.1	transcript_NIC58.3792.1
OG0006513	transcript_Y53C12B.7.2	transcript_NIC58.3791.1
OG0006514	transcript_ZK1321.1.1	transcript_NIC58.3789.1
OG0006515	transcript_ZK1321.2c.1	transcript_NIC58.3780.1
OG0006516	transcript_ZK1321.3.1	transcript_NIC58.3770.1
OG0006517	transcript_ZK1321.4b.1	transcript_NIC58.3769.1
OG0006518	transcript_T10B9.9.1	transcript_NIC58.3766.1
OG0006519	transcript_Y53C12C.1.1	transcript_NIC58.3758.1
OG0006520	transcript_ZK938.3.1	transcript_NIC58.3757.2
OG0006521	transcript_C08H9.1.1	transcript_NIC58.3933.1
OG0006522	transcript_C08H9.15.1	transcript_NIC58.3718.1
OG0006523	transcript_C08H9.3a.1	transcript_NIC58.3719.1
OG0006524	transcript_C08H9.16.1	transcript_NIC58.3721.2
OG0006525	transcript_F26C11.2.1	transcript_NIC58.3725.1
OG0006526	transcript_C05C10.3.1	transcript_NIC58.3708.1
OG0006527	transcript_C05C10.7.1	transcript_NIC58.3709.1
OG0006528	transcript_C05C10.5a.1	transcript_NIC58.6880.1
OG0006529	transcript_C05C10.6b.1	transcript_NIC58.3710.3
OG0006530	transcript_R53.1a.1	transcript_NIC58.3711.1
OG0006531	transcript_R53.3a.1	transcript_NIC58.3734.2
OG0006532	transcript_R53.2.1	transcript_NIC58.3733.1
OG0006533	transcript_R53.4.1	transcript_NIC58.3732.1
OG0006534	transcript_R53.6.1	transcript_NIC58.3731.1
OG0006535	transcript_R53.5.1	transcript_NIC58.3707.1
OG0006536	transcript_R53.7b.1	transcript_NIC58.3706.2
OG0006537	transcript_R53.8.1	transcript_NIC58.3705.1
OG0006538	transcript_ZK892.2.1	transcript_NIC58.3931.1
OG0006539	transcript_ZK892.5.1	transcript_NIC58.3938.1
OG0006540	transcript_F52H3.5.1	transcript_NIC58.3936.1
OG0006541	transcript_F52H3.1.2	transcript_NIC58.3939.2
OG0006542	transcript_C18D1.3.1	transcript_NIC58.3941.1
OG0006543	transcript_C18D1.4.1	transcript_NIC58.3944.1
OG0006544	transcript_C18D1.1a.1	transcript_NIC58.3945.1
OG0006545	transcript_ZK945.1.1	transcript_NIC58.3947.1
OG0006546	transcript_ZK945.2.1	transcript_NIC58.3948.1
OG0006547	transcript_ZK945.3.1	transcript_NIC58.3949.1
OG0006548	transcript_ZK945.6a.1	transcript_NIC58.3951.1
OG0006549	transcript_ZK945.7.1	transcript_NIC58.3953.1
OG0006550	transcript_F27E5.7.1	transcript_NIC58.3881.1
OG0006551	transcript_F27E5.8.1	transcript_NIC58.3882.1
OG0006552	transcript_F27E5.4.1	transcript_NIC58.3890.1
OG0006553	transcript_F27E5.1.1	transcript_NIC58.3891.1
OG0006554	transcript_F27E5.3.1	transcript_NIC58.3892.1
OG0006555	transcript_F27E5.2.1	transcript_NIC58.3893.1
OG0006556	transcript_F33H1.6.1	transcript_NIC58.3894.1
OG0006557	transcript_F33H1.1b.1	transcript_NIC58.3895.4
OG0006558	transcript_F33H1.4.1	transcript_NIC58.3896.2
OG0006559	transcript_R05H5.7.1	transcript_NIC58.3900.1
OG0006560	transcript_R05H5.3.1	transcript_NIC58.3902.1
OG0006561	transcript_R05H5.5.1	transcript_NIC58.3904.1
OG0006562	transcript_T01E8.1.1	transcript_NIC58.3905.1
OG0006563	transcript_T01E8.3.1	transcript_NIC58.3866.1
OG0006564	transcript_T01E8.8.1	transcript_NIC58.3869.2
OG0006565	transcript_T01E8.9.1	transcript_NIC58.3870.1
OG0006566	transcript_T01E8.6.1	transcript_NIC58.3872.1
OG0006567	transcript_T01E8.5.1	transcript_NIC58.3873.1
OG0006568	transcript_F54B3.3.1	transcript_NIC58.3878.1
OG0006569	transcript_F54B3.1a.1	transcript_NIC58.3879.2
OG0006570	transcript_F54B3.2.1	transcript_NIC58.4337.1
OG0006571	transcript_F54B3.4.1	transcript_NIC58.3911.1
OG0006572	transcript_ZK971.1.1	transcript_NIC58.3912.1
OG0006573	transcript_ZK970.1b.1	transcript_NIC58.3913.4
OG0006574	transcript_ZK970.2d.1	transcript_NIC58.3914.1
OG0006575	transcript_ZK970.3.1	transcript_NIC58.3915.1
OG0006576	transcript_ZK970.4.1	transcript_NIC58.3916.1
OG0006577	transcript_ZK970.8.1	transcript_NIC58.4046.1
OG0006578	transcript_M02G9.3.1	transcript_NIC58.3981.1
OG0006579	transcript_M02G9.2.1	transcript_NIC58.3982.1
OG0006580	transcript_M02G9.1b.1	transcript_NIC58.3983.2
OG0006581	transcript_C07E3.2.1	transcript_NIC58.3986.1
OG0006582	transcript_C07E3.10.1	transcript_NIC58.3987.1
OG0006583	transcript_C07E3.1a.1	transcript_NIC58.3988.1
OG0006584	transcript_C07E3.9.1	transcript_NIC58.3989.1
OG0006585	transcript_C07E3.3b.1	transcript_NIC58.3990.2
OG0006586	transcript_C07E3.6.1	transcript_NIC58.3992.1
OG0006587	transcript_T09F3.1.1	transcript_NIC58.3995.2
OG0006588	transcript_T09F3.2.1	transcript_NIC58.3996.1
OG0006589	transcript_T09F3.5.1	transcript_NIC58.4300.2
OG0006590	transcript_E04D5.5.1	transcript_NIC58.4299.1
OG0006591	transcript_E04D5.1a.1	transcript_NIC58.4298.1
OG0006592	transcript_E04D5.2.1	transcript_NIC58.4297.2
OG0006593	transcript_E04D5.3.1	transcript_NIC58.4296.1
OG0006594	transcript_ZK673.2.1	transcript_NIC58.4294.1
OG0006595	transcript_ZK673.3.1	transcript_NIC58.4293.2
OG0006596	transcript_ZK673.11c.1	transcript_NIC58.4291.2
OG0006597	transcript_ZK673.6.1	transcript_NIC58.4288.1
OG0006598	transcript_ZK673.7.1	transcript_NIC58.4290.1
OG0006599	transcript_ZK666.11a.1	transcript_NIC58.2524.1
OG0006600	transcript_ZK666.15.2	transcript_NIC58.11509.1
OG0006601	transcript_ZK666.12.1	transcript_NIC58.4284.1
OG0006602	transcript_F59B10.1.1	transcript_NIC58.4283.2
OG0006603	transcript_F59B10.2.1	transcript_NIC58.4281.1
OG0006604	transcript_F59B10.3.1	transcript_NIC58.4280.1
OG0006605	transcript_F59B10.4a.1	transcript_NIC58.4279.1
OG0006606	transcript_F59B10.5.1	transcript_NIC58.4278.1
OG0006607	transcript_F59B10.6.1	transcript_NIC58.4277.1
OG0006608	transcript_R166.1a.1	transcript_NIC58.4276.1
OG0006609	transcript_R166.4.1	transcript_NIC58.4274.1
OG0006610	transcript_R166.5b.2	transcript_NIC58.4273.3
OG0006611	transcript_C06A1.2a.1	transcript_NIC58.4271.1
OG0006612	transcript_C14A4.2.1	transcript_NIC58.4269.3
OG0006613	transcript_C14A4.14.1	transcript_NIC58.4268.1
OG0006614	transcript_C14A4.3.1	transcript_NIC58.4267.2
OG0006615	transcript_C14A4.4a.1	transcript_NIC58.4266.3
OG0006616	transcript_C14A4.5.1	transcript_NIC58.4265.1
OG0006617	transcript_C14A4.6.1	transcript_NIC58.4264.1
OG0006618	transcript_C14A4.7a.1	transcript_NIC58.4263.1
OG0006619	transcript_C14A4.8.1	transcript_NIC58.7523.1
OG0006620	transcript_C14A4.9.1	transcript_NIC58.4256.1
OG0006621	transcript_C14A4.15.1	transcript_NIC58.4257.1
OG0006622	transcript_C14A4.10.1	transcript_NIC58.4258.1
OG0006623	transcript_C14A4.11.1	transcript_NIC58.4259.1
OG0006624	transcript_C14A4.12a.1	transcript_NIC58.4260.1
OG0006625	transcript_C14A4.13.1	transcript_NIC58.4261.1
OG0006626	transcript_M28.1.1	transcript_NIC58.4262.1
OG0006627	transcript_M28.10.1	transcript_NIC58.4254.1
OG0006628	transcript_M28.7.1	transcript_NIC58.4253.1
OG0006629	transcript_M28.6.1	transcript_NIC58.4252.1
OG0006630	transcript_M28.5.1	transcript_NIC58.4251.1
OG0006631	transcript_D2089.1a.1	transcript_NIC58.4250.2
OG0006632	transcript_D2089.8.1	transcript_NIC58.4249.2
OG0006633	transcript_D2089.4a.1	transcript_NIC58.4247.8
OG0006634	transcript_D2089.5.1	transcript_NIC58.4246.1
OG0006635	transcript_C09G5.1.1	transcript_NIC58.4245.1
OG0006636	transcript_C09G5.2a.1	transcript_NIC58.4239.1
OG0006637	transcript_C09G5.3.1	transcript_NIC58.4243.2
OG0006638	transcript_C09G5.6.1	transcript_NIC58.4240.3
OG0006639	transcript_C09G5.13.1	transcript_NIC58.4238.1
OG0006640	transcript_C09G5.8a.1	transcript_NIC58.4236.2
OG0006641	transcript_C52A11.2.1	transcript_NIC58.4235.1
OG0006642	transcript_T19E10.1b.1	transcript_NIC58.4225.3
OG0006643	transcript_R06F6.1.1	transcript_NIC58.4226.3
OG0006644	transcript_R06F6.11.1	transcript_NIC58.4227.1
OG0006645	transcript_R06F6.2.1	transcript_NIC58.4228.1
OG0006646	transcript_R06F6.4.1	transcript_NIC58.4229.1
OG0006647	transcript_R06F6.5b.1	transcript_NIC58.4230.1
OG0006648	transcript_R06F6.6.1	transcript_NIC58.4231.1
OG0006649	transcript_R06F6.14.1	transcript_NIC58.4232.1
OG0006650	transcript_R06F6.7.1	transcript_NIC58.4233.1
OG0006651	transcript_R06F6.8b.1	transcript_NIC58.4234.1
OG0006652	transcript_R06F6.9.1	transcript_NIC58.4223.1
OG0006653	transcript_R06F6.12.1	transcript_NIC58.4222.1
OG0006654	transcript_M106.1.1	transcript_NIC58.4220.1
OG0006655	transcript_VM106R.1.1	transcript_NIC58.4221.1
OG0006656	transcript_M106.8.1	transcript_NIC58.4219.1
OG0006657	transcript_M106.2.1	transcript_NIC58.4218.1
OG0006658	transcript_M106.7.1	transcript_NIC58.4217.1
OG0006659	transcript_M106.3a.1	transcript_NIC58.4216.1
OG0006660	transcript_M106.4b.2	transcript_NIC58.4215.1
OG0006661	transcript_M106.5.1	transcript_NIC58.4214.1
OG0006662	transcript_F59E10.2.1	transcript_NIC58.4213.1
OG0006663	transcript_F59E10.3.1	transcript_NIC58.4211.1
OG0006664	transcript_F59E10.1.1	transcript_NIC58.4210.1
OG0006665	transcript_F44F4.1.1	transcript_NIC58.4209.1
OG0006666	transcript_F44F4.2.1	transcript_NIC58.5268.1
OG0006667	transcript_F44F4.3.1	transcript_NIC58.5267.1
OG0006668	transcript_F44F4.4.1	transcript_NIC58.5266.1
OG0006669	transcript_F44F4.5a.1	transcript_NIC58.5265.1
OG0006670	transcript_F44F4.6.1	transcript_NIC58.5264.1
OG0006671	transcript_F44F4.7.1	transcript_NIC58.5263.1
OG0006672	transcript_F44F4.13.1	transcript_NIC58.5262.1
OG0006673	transcript_Y19D2B.2.1	transcript_NIC58.5260.1
OG0006674	transcript_R03D7.1.1	transcript_NIC58.5259.1
OG0006675	transcript_R03D7.4.2	transcript_NIC58.5256.1
OG0006676	transcript_R03D7.5a.1	transcript_NIC58.5255.1
OG0006677	transcript_R03D7.7.1	transcript_NIC58.5254.1
OG0006678	transcript_C09D8.1j.1	transcript_NIC58.4207.6
OG0006679	transcript_F38A3.1.1	transcript_NIC58.4206.2
OG0006680	transcript_F38A3.2.1	transcript_NIC58.4203.1
OG0006681	transcript_F33A8.1.1	transcript_NIC58.4201.1
OG0006682	transcript_F33A8.7.1	transcript_NIC58.4202.1
OG0006683	transcript_F33A8.2.1	transcript_NIC58.4200.1
OG0006684	transcript_F33A8.10.1	transcript_NIC58.4199.1
OG0006685	transcript_F33A8.3.1	transcript_NIC58.4198.1
OG0006686	transcript_F33A8.4.1	transcript_NIC58.4197.1
OG0006687	transcript_F33A8.5.1	transcript_NIC58.4196.1
OG0006688	transcript_F33A8.6.1	transcript_NIC58.4195.1
OG0006689	transcript_F45E10.2b.1	transcript_NIC58.4194.1
OG0006690	transcript_F45E10.1c.1	transcript_NIC58.4192.1
OG0006691	transcript_C09H10.2.1	transcript_NIC58.4191.1
OG0006692	transcript_C09H10.3.1	transcript_NIC58.4190.1
OG0006693	transcript_C09H10.4.1	transcript_NIC58.4189.1
OG0006694	transcript_C09H10.8.1	transcript_NIC58.4186.2
OG0006695	transcript_W10C6.1.1	transcript_NIC58.4185.1
OG0006696	transcript_F40F8.10.1	transcript_NIC58.4184.1
OG0006697	transcript_F40F8.9.1	transcript_NIC58.4183.1
OG0006698	transcript_F40F8.3.1	transcript_NIC58.4181.1
OG0006699	transcript_F40F8.12.1	transcript_NIC58.4180.1
OG0006700	transcript_F40F8.11a.1	transcript_NIC58.4179.1
OG0006701	transcript_F40F8.4.1	transcript_NIC58.4178.2
OG0006702	transcript_F40F8.8b.1	transcript_NIC58.4177.1
OG0006703	transcript_F40F8.7.1	transcript_NIC58.4176.1
OG0006704	transcript_K07C10.1.1	transcript_NIC58.4175.1
OG0006705	transcript_F37H8.3a.1	transcript_NIC58.4172.1
OG0006706	transcript_F37H8.1.1	transcript_NIC58.4171.1
OG0006707	transcript_F37H8.5.1	transcript_NIC58.4170.1
OG0006708	transcript_T06D8.1a.1	transcript_NIC58.4169.4
OG0006709	transcript_T06D8.3.1	transcript_NIC58.4168.1
OG0006710	transcript_T06D8.2.1	transcript_NIC58.4167.1
OG0006711	transcript_T06D8.5.1	transcript_NIC58.4166.3
OG0006712	transcript_T06D8.7.1	transcript_NIC58.4165.2
OG0006713	transcript_T06D8.8.1	transcript_NIC58.4164.1
OG0006714	transcript_T06D8.9.2	transcript_NIC58.4163.1
OG0006715	transcript_T06D8.10.1	transcript_NIC58.4162.1
OG0006716	transcript_T05B9.2b.1	transcript_NIC58.4161.1
OG0006717	transcript_C47G2.2.1	transcript_NIC58.4159.2
OG0006718	transcript_C47G2.3.1	transcript_NIC58.4158.1
OG0006719	transcript_C47G2.4.1	transcript_NIC58.4157.2
OG0006720	transcript_C47G2.5c.1	transcript_NIC58.4156.2
OG0006721	transcript_T24F1.2.1	transcript_NIC58.4147.1
OG0006722	transcript_T24F1.3a.1	transcript_NIC58.4154.2
OG0006723	transcript_T24F1.7.1	transcript_NIC58.4153.1
OG0006724	transcript_T24F1.4.1	transcript_NIC58.4152.1
OG0006725	transcript_T24F1.6b.1	transcript_NIC58.4151.1
OG0006726	transcript_B0491.2.1	transcript_NIC58.4149.1
OG0006727	transcript_B0491.4a.1	transcript_NIC58.4146.3
OG0006728	transcript_B0491.5.1	transcript_NIC58.4145.1
OG0006729	transcript_B0491.6b.1	transcript_NIC58.4144.1
OG0006730	transcript_B0491.1.1	transcript_NIC58.4143.2
OG0006731	transcript_B0491.8a.1	transcript_NIC58.4142.1
OG0006732	transcript_C33B4.4.1	transcript_NIC58.4140.1
OG0006733	transcript_C33B4.5.1	transcript_NIC58.4139.1
OG0006734	transcript_C33B4.3c.1	transcript_NIC58.4138.1
OG0006735	transcript_C05D12.7.1	transcript_NIC58.4137.1
OG0006736	transcript_C05D12.1.2	transcript_NIC58.4136.1
OG0006738	transcript_VW02B12L.3.1	transcript_NIC58.4270.2
OG0006739	transcript_W02B12.13a.1	transcript_NIC58.4131.1
OG0006740	transcript_W02B12.1.1	transcript_NIC58.4130.1
OG0006741	transcript_W02B12.2.1	transcript_NIC58.4129.1
OG0006742	transcript_W02B12.3a.1	transcript_NIC58.4128.2
OG0006743	transcript_W02B12.6a.1	transcript_NIC58.4126.3
OG0006744	transcript_W02B12.8a.1	transcript_NIC58.4125.1
OG0006745	transcript_W02B12.7.1	transcript_NIC58.4124.2
OG0006746	transcript_W02B12.15b.1	transcript_NIC58.4122.1
OG0006747	transcript_W02B12.9d.1	transcript_NIC58.4121.2
OG0006748	transcript_W02B12.10.1	transcript_NIC58.4120.1
OG0006749	transcript_W02B12.11.1	transcript_NIC58.4119.1
OG0006750	transcript_W02B12.16.1	transcript_NIC58.4118.1
OG0006751	transcript_B0334.1.1	transcript_NIC58.4116.1
OG0006752	transcript_B0334.3a.1	transcript_NIC58.4114.1
OG0006753	transcript_B0334.11a.1	transcript_NIC58.4113.1
OG0006754	transcript_B0334.4.1	transcript_NIC58.4112.1
OG0006755	transcript_B0334.5.1	transcript_NIC58.4111.1
OG0006756	transcript_B0334.6.1	transcript_NIC58.4110.1
OG0006757	transcript_B0334.8a.1	transcript_NIC58.4102.3
OG0006758	transcript_Y62F5A.1a.1	transcript_NIC58.4101.3
OG0006759	transcript_Y62F5A.9.1	transcript_NIC58.4100.1
OG0006760	transcript_F54D5.12.2	transcript_NIC58.4098.1
OG0006761	transcript_F54D5.11.1	transcript_NIC58.4099.1
OG0006762	transcript_F54D5.9.1	transcript_NIC58.4097.1
OG0006763	transcript_F54D5.7.1	transcript_NIC58.4095.1
OG0006764	transcript_F54D5.15a.1	transcript_NIC58.4094.1
OG0006765	transcript_F54D5.5b.1	transcript_NIC58.4093.1
OG0006766	transcript_F54D5.2.1	transcript_NIC58.4091.3
OG0006767	transcript_F54D5.1a.1	transcript_NIC58.4090.2
OG0006768	transcript_D1043.1.1	transcript_NIC58.4088.1
OG0006769	transcript_F07A11.1.1	transcript_NIC58.4087.1
OG0006770	transcript_F07A11.3.1	transcript_NIC58.4083.2
OG0006771	transcript_F07A11.4a.2	transcript_NIC58.4082.1
OG0006772	transcript_F07A11.5.1	transcript_NIC58.4081.1
OG0006773	transcript_F07A11.6b.1	transcript_NIC58.4080.4
OG0006774	transcript_ZK20.1.1	transcript_NIC58.4078.2
OG0006775	transcript_ZK20.4a.1	transcript_NIC58.4077.1
OG0006776	transcript_ZK20.3.1	transcript_NIC58.4076.1
OG0006777	transcript_ZK20.5.1	transcript_NIC58.4075.1
OG0006778	transcript_ZK20.6.1	transcript_NIC58.4074.1
OG0006779	transcript_C47D12.1a.1	transcript_NIC58.4073.4
OG0006780	transcript_C47D12.2.1	transcript_NIC58.4072.1
OG0006781	transcript_C47D12.3a.1	transcript_NIC58.4071.1
OG0006782	transcript_C47D12.7a.1	transcript_NIC58.4327.1
OG0006783	transcript_C47D12.6a.1	transcript_NIC58.4328.2
OG0006784	transcript_C47D12.8.1	transcript_NIC58.4326.1
OG0006785	transcript_VF13D12L.3.1	transcript_NIC58.4322.1
OG0006786	transcript_F13D12.9.2	transcript_NIC58.4323.1
OG0006787	transcript_F13D12.3.1	transcript_NIC58.4321.1
OG0006788	transcript_F13D12.2b.1	transcript_NIC58.4320.2
OG0006789	transcript_F13D12.4a.1	transcript_NIC58.4318.2
OG0006790	transcript_F13D12.8.1	transcript_NIC58.4317.1
OG0006791	transcript_F13D12.6.1	transcript_NIC58.4316.1
OG0006792	transcript_F13D12.7a.1	transcript_NIC58.4315.1
OG0006793	transcript_F44E5.1.1	transcript_NIC58.4312.1
OG0006794	transcript_F43G6.9.1	transcript_NIC58.4311.1
OG0006795	transcript_F43G6.1.1	transcript_NIC58.4307.1
OG0006796	transcript_F43G6.4.1	transcript_NIC58.4308.1
OG0006798	transcript_T27D12.1b.1	transcript_NIC58.4304.3
OG0006799	transcript_T27D12.2c.1	transcript_NIC58.4303.3
OG0006800	transcript_K12D12.4.1	transcript_NIC58.4302.1
OG0006801	transcript_K12D12.2.1	transcript_NIC58.3997.1
OG0006802	transcript_K12D12.3.1	transcript_NIC58.3998.1
OG0006803	transcript_ZK930.2.1	transcript_NIC58.4000.1
OG0006804	transcript_ZK930.3a.1	transcript_NIC58.4002.1
OG0006805	transcript_ZK930.1a.1	transcript_NIC58.4003.2
OG0006806	transcript_W03C9.4i.1	transcript_NIC58.4005.3
OG0006807	transcript_W03C9.8.1	transcript_NIC58.4850.1
OG0006808	transcript_W03C9.6.1	transcript_NIC58.4855.1
OG0006809	transcript_W03C9.1.1	transcript_NIC58.4860.1
OG0006810	transcript_W03C9.2.1	transcript_NIC58.4864.1
OG0006811	transcript_W03C9.3.1	transcript_NIC58.4866.1
OG0006812	transcript_W03C9.5.1	transcript_NIC58.4867.1
OG0006813	transcript_W03C9.7c.1	transcript_NIC58.4868.1
OG0006814	transcript_Y17G7B.1.1	transcript_NIC58.4869.1
OG0006815	transcript_Y17G7B.21a.1	transcript_NIC58.4870.1
OG0006816	transcript_Y17G7B.20a.1	transcript_NIC58.4871.4
OG0006817	transcript_Y17G7B.2d.1	transcript_NIC58.4872.5
OG0006818	transcript_Y17G7B.23a.1	transcript_NIC58.4873.1
OG0006819	transcript_Y17G7B.5a.1	transcript_NIC58.3056.1
OG0006820	transcript_Y17G7B.6a.1	transcript_NIC58.4874.1
OG0006821	transcript_Y17G7B.12.1	transcript_NIC58.4875.1
OG0006822	transcript_Y17G7B.9.1	transcript_NIC58.4877.1
OG0006823	transcript_Y17G7B.7.1	transcript_NIC58.4878.1
OG0006824	transcript_Y17G7B.13.1	transcript_NIC58.4879.1
OG0006825	transcript_Y17G7B.10b.1	transcript_NIC58.4880.2
OG0006826	transcript_Y17G7B.14.1	transcript_NIC58.3736.1
OG0006827	transcript_Y17G7B.15a.1	transcript_NIC58.4881.4
OG0006828	transcript_Y17G7B.17.1	transcript_NIC58.4882.1
OG0006829	transcript_Y17G7B.18b.1	transcript_NIC58.4883.1
OG0006830	transcript_Y57A10A.11.1	transcript_NIC58.5367.1
OG0006831	transcript_Y57A10A.13.1	transcript_NIC58.5368.2
OG0006832	transcript_Y57A10A.14b.1	transcript_NIC58.5369.2
OG0006833	transcript_Y57A10A.15.1	transcript_NIC58.5366.1
OG0006834	transcript_Y57A10A.16.1	transcript_NIC58.5365.1
OG0006835	transcript_Y57A10A.35.1	transcript_NIC58.5364.1
OG0006836	transcript_Y57A10A.18c.1	transcript_NIC58.5363.6
OG0006837	transcript_Y57A10A.20.1	transcript_NIC58.5362.3
OG0006838	transcript_Y57A10A.24.1	transcript_NIC58.5361.1
OG0006839	transcript_Y57A10A.25.1	transcript_NIC58.5359.1
OG0006840	transcript_Y57A10A.10.1	transcript_NIC58.5356.1
OG0006841	transcript_Y57A10A.27.1	transcript_NIC58.5355.1
OG0006842	transcript_Y57A10A.28.1	transcript_NIC58.5354.1
OG0006843	transcript_Y57A10A.29.1	transcript_NIC58.5353.1
OG0006844	transcript_C50E10.1.1	transcript_NIC58.5360.1
OG0006845	transcript_C50E10.9.1	transcript_NIC58.5345.1
OG0006846	transcript_C44C11.1a.1	transcript_NIC58.5349.1
OG0006847	transcript_Y57A10B.1.1	transcript_NIC58.5350.1
OG0006848	transcript_Y57A10B.7.1	transcript_NIC58.5954.1
OG0006849	transcript_F57G9.7.1	transcript_NIC58.5979.1
OG0006850	transcript_Y57A10C.6.1	transcript_NIC58.5921.1
OG0006851	transcript_W05H5.3.1	transcript_NIC58.5977.1
OG0006852	transcript_W05H5.4.1	transcript_NIC58.12136.1
OG0006853	transcript_F15A4.11.1	transcript_NIC58.5339.1
OG0006854	transcript_F15A4.12.1	transcript_NIC58.5338.1
OG0006855	transcript_F15A4.5.1	transcript_NIC58.5925.1
OG0006856	transcript_T21B4.2.1	transcript_NIC58.5609.1
OG0006857	transcript_T21B4.4a.1	transcript_NIC58.5607.2
OG0006858	transcript_F49C5.4.1	transcript_NIC58.5592.1
OG0006859	transcript_F49C5.9.1	transcript_NIC58.5593.2
OG0006861	transcript_Y38E10A.8.1	transcript_NIC58.5634.2
OG0006862	transcript_Y38E10A.17.1	transcript_NIC58.818.1
OG0006863	transcript_Y38E10A.21d.1	transcript_NIC58.5640.3
OG0006864	transcript_Y38E10A.22a.1	transcript_NIC58.5639.1
OG0006865	transcript_Y38E10A.24.1	transcript_NIC58.5616.1
OG0006866	transcript_Y46G5A.2.1	transcript_NIC58.5619.3
OG0006867	transcript_Y46G5A.1a.1	transcript_NIC58.5617.2
OG0006868	transcript_Y46G5A.4.1	transcript_NIC58.5645.1
OG0006869	transcript_Y46G5A.5.1	transcript_NIC58.5646.2
OG0006870	transcript_Y46G5A.10.1	transcript_NIC58.5622.2
OG0006871	transcript_Y46G5A.12.1	transcript_NIC58.5621.1
OG0006872	transcript_Y46G5A.35.1	transcript_NIC58.5686.1
OG0006873	transcript_Y46G5A.17.1	transcript_NIC58.5685.1
OG0006874	transcript_Y46G5A.18a.1	transcript_NIC58.5684.1
OG0006875	transcript_Y46G5A.19b.1	transcript_NIC58.5683.2
OG0006876	transcript_Y46G5A.21.1	transcript_NIC58.3033.1
OG0006877	transcript_Y46G5A.22a.1	transcript_NIC58.3034.1
OG0006878	transcript_Y46G5A.36.1	transcript_NIC58.3071.1
OG0006879	transcript_Y46G5A.26a.1	transcript_NIC58.3059.2
OG0006880	transcript_Y46G5A.29.1	transcript_NIC58.3843.1
OG0006881	transcript_F35C5.2.1	transcript_NIC58.3846.2
OG0006882	transcript_F35C5.3.1	transcript_NIC58.3577.1
OG0006883	transcript_F35C5.12.1	transcript_NIC58.3585.1
OG0006884	transcript_F58G1.4.1	transcript_NIC58.4011.1
OG0006885	transcript_F58G1.5.1	transcript_NIC58.4012.1
OG0006886	transcript_F58G1.6.1	transcript_NIC58.4013.1
OG0006887	transcript_F58G1.7.1	transcript_NIC58.4014.1
OG0006888	transcript_Y38F1A.1.1	transcript_NIC58.4015.1
OG0006889	transcript_Y38F1A.2.1	transcript_NIC58.4016.1
OG0006890	transcript_Y38F1A.3.1	transcript_NIC58.4017.1
OG0006891	transcript_Y38F1A.4.1	transcript_NIC58.4018.1
OG0006892	transcript_Y38F1A.5.2	transcript_NIC58.4021.1
OG0006893	transcript_Y38F1A.6.1	transcript_NIC58.4022.1
OG0006894	transcript_Y38F1A.7.1	transcript_NIC58.4023.1
OG0006895	transcript_Y38F1A.8.1	transcript_NIC58.4024.2
OG0006896	transcript_Y38F1A.9.1	transcript_NIC58.4025.1
OG0006897	transcript_F18A11.5a.2	transcript_NIC58.4028.2
OG0006898	transcript_Y38F1A.10e.1	transcript_NIC58.4029.4
OG0006899	transcript_F18A11.2.2	transcript_NIC58.4030.1
OG0006900	transcript_F18A11.3.1	transcript_NIC58.4031.1
OG0006901	transcript_F42G4.3e.1	transcript_NIC58.4032.2
OG0006902	transcript_F42G4.5a.1	transcript_NIC58.4033.1
OG0006903	transcript_Y81G3A.4a.1	transcript_NIC58.4040.1
OG0006904	transcript_Y81G3A.5a.1	transcript_NIC58.4041.1
OG0006905	transcript_F29C12.3b.1	transcript_NIC58.4043.1
OG0006906	transcript_F29C12.6.1	transcript_NIC58.4048.1
OG0006907	transcript_F32A11.3.1	transcript_NIC58.4173.1
OG0006908	transcript_F32A11.2.1	transcript_NIC58.4052.1
OG0006909	transcript_F32A11.6.1	transcript_NIC58.4054.1
OG0006910	transcript_W09H1.1a.1	transcript_NIC58.4055.2
OG0006911	transcript_F15D4.1.1	transcript_NIC58.4059.1
OG0006912	transcript_F15D4.2.1	transcript_NIC58.4060.1
OG0006913	transcript_F15D4.8.1	transcript_NIC58.4063.1
OG0006914	transcript_F15D4.3.1	transcript_NIC58.4064.1
OG0006915	transcript_Y48C3A.5b.1	transcript_NIC58.5328.3
OG0006916	transcript_Y48C3A.4b.1	transcript_NIC58.5331.1
OG0006917	transcript_Y48C3A.3.1	transcript_NIC58.5327.1
OG0006918	transcript_Y48C3A.7.1	transcript_NIC58.4929.2
OG0006919	transcript_Y48C3A.10.1	transcript_NIC58.4931.1
OG0006920	transcript_Y48C3A.11.1	transcript_NIC58.4932.1
OG0006921	transcript_Y48C3A.20.1	transcript_NIC58.4933.1
OG0006922	transcript_Y48C3A.12d.1	transcript_NIC58.4934.5
OG0006923	transcript_Y48C3A.14a.1	transcript_NIC58.4935.4
OG0006924	transcript_Y48C3A.17d.1	transcript_NIC58.4936.2
OG0006925	transcript_Y48C3A.18a.1	transcript_NIC58.4937.1
OG0006926	transcript_Y48E1C.1a.1	transcript_NIC58.4938.1
OG0006927	transcript_Y48E1C.2b.1	transcript_NIC58.4939.2
OG0006928	transcript_Y48E1C.4a.1	transcript_NIC58.4940.1
OG0006929	transcript_E01G4.1b.1	transcript_NIC58.4941.1
OG0006930	transcript_E01G4.4a.1	transcript_NIC58.4942.3
OG0006931	transcript_E01G4.3c.1	transcript_NIC58.4943.1
OG0006932	transcript_E01G4.6.1	transcript_NIC58.4944.1
OG0006933	transcript_F45H10.1a.1	transcript_NIC58.4945.1
OG0006934	transcript_F45H10.3.1	transcript_NIC58.4946.1
OG0006935	transcript_F45H10.4.1	transcript_NIC58.4947.1
OG0006936	transcript_F54F11.1.1	transcript_NIC58.4948.1
OG0006937	transcript_F54F11.2a.1	transcript_NIC58.4949.1
OG0006938	transcript_Y48E1B.14.1	transcript_NIC58.4950.2
OG0006939	transcript_Y48E1B.1.1	transcript_NIC58.4951.1
OG0006940	transcript_Y48E1B.3c.1	transcript_NIC58.4952.4
OG0006941	transcript_Y48E1B.5.1	transcript_NIC58.4953.2
OG0006942	transcript_Y48E1B.7.1	transcript_NIC58.4954.2
OG0006943	transcript_Y48E1B.16.1	transcript_NIC58.4927.1
OG0006944	transcript_Y48E1B.9a.1	transcript_NIC58.4926.1
OG0006945	transcript_Y48E1B.11.1	transcript_NIC58.5292.1
OG0006946	transcript_Y48E1B.12.1	transcript_NIC58.5291.2
OG0006947	transcript_Y48E1B.10.1	transcript_NIC58.5290.1
OG0006948	transcript_C31C9.1a.2	transcript_NIC58.5287.1
OG0006949	transcript_C31C9.2.1	transcript_NIC58.5322.1
OG0006950	transcript_Y48E1A.1a.1	transcript_NIC58.5319.1
OG0006951	transcript_Y54G9A.3a.2	transcript_NIC58.5317.3
OG0006952	transcript_Y54G9A.4.1	transcript_NIC58.5316.1
OG0006953	transcript_Y54G9A.5.1	transcript_NIC58.5314.4
OG0006954	transcript_Y54G9A.7.1	transcript_NIC58.5312.1
OG0006955	transcript_Y54G9A.6.1	transcript_NIC58.5311.1
OG0006956	transcript_Y54G9A.9.1	transcript_NIC58.5310.1
OG0006957	transcript_R06B9.5.1	transcript_NIC58.5309.4
OG0006958	transcript_R06B9.6.1	transcript_NIC58.5307.1
OG0006959	transcript_ZK131.11b.1	transcript_NIC58.5301.4
OG0006960	transcript_F08G2.4.1	transcript_NIC58.5300.1
OG0006961	transcript_F08G2.7.1	transcript_NIC58.5299.2
OG0006962	transcript_F08G2.8.1	transcript_NIC58.5298.1
OG0006963	transcript_Y51H1A.2a.1	transcript_NIC58.5297.4
OG0006964	transcript_Y51H1A.3b.1	transcript_NIC58.5296.2
OG0006965	transcript_Y51H1A.4.1	transcript_NIC58.5295.3
OG0006966	transcript_Y51H1A.6a.1	transcript_NIC58.5294.2
OG0006967	transcript_W02B8.1.2	transcript_NIC58.5293.1
OG0006968	transcript_W02B8.5.1	transcript_NIC58.4924.1
OG0006969	transcript_W07G1.1.1	transcript_NIC58.4923.3
OG0006970	transcript_W07G1.3.2	transcript_NIC58.4921.2
OG0006971	transcript_W07G1.5b.1	transcript_NIC58.4920.2
OG0006972	transcript_Y39G8B.2.1	transcript_NIC58.4916.1
OG0006973	transcript_Y39G8B.9.1	transcript_NIC58.4914.1
OG0006975	transcript_F01D5.6.1	transcript_NIC58.4907.1
OG0006977	transcript_F01D5.9.2	transcript_NIC58.4908.1
OG0006978	transcript_W01G7.1.2	transcript_NIC58.4904.1
OG0006979	transcript_W01G7.3.1	transcript_NIC58.4903.1
OG0006980	transcript_W01G7.4.1	transcript_NIC58.4902.2
OG0006981	transcript_W01G7.5.1	transcript_NIC58.4899.2
OG0006982	transcript_Y39G8C.1.1	transcript_NIC58.4898.1
OG0006983	transcript_Y39G8C.4.1	transcript_NIC58.4897.1
OG0006984	transcript_K09E4.5.1	transcript_NIC58.4894.1
OG0006985	transcript_K09E4.6.1	transcript_NIC58.4895.1
OG0006986	transcript_K09E4.4.2	transcript_NIC58.4896.1
OG0006987	transcript_K09E4.3a.1	transcript_NIC58.4892.2
OG0006988	transcript_W03H9.4a.1	transcript_NIC58.4890.1
OG0006989	transcript_K09E4.1.1	transcript_NIC58.4891.1
OG0006990	transcript_Y48B6A.1.1	transcript_NIC58.5385.1
OG0006991	transcript_Y48B6A.2.1	transcript_NIC58.5386.1
OG0006992	transcript_Y48B6A.3.1	transcript_NIC58.5387.2
OG0006993	transcript_Y48B6A.4.1	transcript_NIC58.4889.1
OG0006994	transcript_Y48B6A.6a.2	transcript_NIC58.4067.2
OG0006995	transcript_Y48B6A.13.1	transcript_NIC58.5279.1
OG0006996	transcript_Y48B6A.12.2	transcript_NIC58.5280.1
OG0006997	transcript_Y48B6A.11.1	transcript_NIC58.5281.1
OG0006998	transcript_Y48B6A.14.1	transcript_NIC58.5282.1
OG0006999	transcript_Y54G11A.2.1	transcript_NIC58.5283.1
OG0007000	transcript_Y54G11A.3.1	transcript_NIC58.5286.1
OG0007001	transcript_Y54G11A.8a.1	transcript_NIC58.3666.1
OG0007002	transcript_Y54G11A.9.1	transcript_NIC58.3665.1
OG0007003	transcript_Y54G11A.10a.1	transcript_NIC58.3664.1
OG0007004	transcript_Y54G11A.17.1	transcript_NIC58.3663.1
OG0007005	transcript_Y54G11A.11.2	transcript_NIC58.3662.1
OG0007006	transcript_R06A4.8.1	transcript_NIC58.3661.1
OG0007007	transcript_R06A4.9a.1	transcript_NIC58.3660.1
OG0007008	transcript_R06A4.4c.1	transcript_NIC58.3676.3
OG0007009	transcript_R06A4.10c.1	transcript_NIC58.3681.1
OG0007010	transcript_F26H11.8.1	transcript_NIC58.3668.1
OG0007011	transcript_F26H11.1.1	transcript_NIC58.3669.1
OG0007012	transcript_F26H11.2s.1	transcript_NIC58.3670.1
OG0007013	transcript_F26H11.5.1	transcript_NIC58.3658.1
OG0007014	transcript_K04B12.1.1	transcript_NIC58.3696.1
OG0007015	transcript_K04B12.2a.1	transcript_NIC58.3695.1
OG0007016	transcript_K04B12.3a.1	transcript_NIC58.3683.3
OG0007017	transcript_Y54G11B.1.1	transcript_NIC58.3686.1
OG0007018	transcript_C13B4.1d.1	transcript_NIC58.3688.2
OG0007019	transcript_C13B4.2.1	transcript_NIC58.3689.1
OG0007020	transcript_K10H10.1.1	transcript_NIC58.3690.1
OG0007021	transcript_K10H10.2.1	transcript_NIC58.3694.1
OG0007022	transcript_K10H10.10a.1	transcript_NIC58.3701.1
OG0007023	transcript_K10H10.13.1	transcript_NIC58.3717.1
OG0007024	transcript_F57C2.6b.1	transcript_NIC58.4852.2
OG0007025	transcript_C04H5.1.1	transcript_NIC58.4853.1
OG0007026	transcript_C04H5.3.1	transcript_NIC58.4858.1
OG0007027	transcript_C04H5.8a.1	transcript_NIC58.4857.1
OG0007028	transcript_C01G12.1.1	transcript_NIC58.4859.1
OG0007029	transcript_C01G12.3.1	transcript_NIC58.4026.1
OG0007030	transcript_C01G12.7.1	transcript_NIC58.3653.1
OG0007031	transcript_C01G12.8.1	transcript_NIC58.12566.1
OG0007032	transcript_F19H8.2.2	transcript_NIC58.3650.1
OG0007033	transcript_F19H8.3.1	transcript_NIC58.3649.1
OG0007034	transcript_F19H8.4.1	transcript_NIC58.3646.2
OG0007035	transcript_F19H8.5.1	transcript_NIC58.3644.1
OG0007036	transcript_C38C6.6.1	transcript_NIC58.3634.3
OG0007037	transcript_C38C6.3.1	transcript_NIC58.3632.1
OG0007038	transcript_C38C6.4.1	transcript_NIC58.3626.1
OG0007039	transcript_C38C6.2a.1	transcript_NIC58.3643.3
OG0007040	transcript_ZC101.2d.1	transcript_NIC58.3628.1
OG0007041	transcript_ZC101.3.1	transcript_NIC58.3630.1
OG0007042	transcript_K02B7.3a.1	transcript_NIC58.3631.1
OG0007044	transcript_C09F9.2.1	transcript_NIC58.3636.1
OG0007045	transcript_C09F9.3f.1	transcript_NIC58.3637.6
OG0007046	transcript_Y54E2A.1.1	transcript_NIC58.3638.2
OG0007047	transcript_Y54E2A.5.1	transcript_NIC58.3620.1
OG0007048	transcript_Y54E2A.8a.1	transcript_NIC58.3612.1
OG0007049	transcript_Y54E2A.11.1	transcript_NIC58.3606.1
OG0007050	transcript_Y54E2A.12a.1	transcript_NIC58.3605.1
OG0007051	transcript_W01D2.5a.2	transcript_NIC58.3600.1
OG0007052	transcript_W01D2.1.1	transcript_NIC58.3599.1
OG0007053	transcript_W01D2.2b.1	transcript_NIC58.3598.2
OG0007054	transcript_R05H10.6.1	transcript_NIC58.3597.1
OG0007055	transcript_R05H10.7.1	transcript_NIC58.3587.1
OG0007056	transcript_R05H10.2.1	transcript_NIC58.4841.1
OG0007057	transcript_R05H10.5b.1	transcript_NIC58.4842.1
OG0007058	transcript_R03C1.3a.1	transcript_NIC58.4844.1
OG0007059	transcript_R03C1.1b.1	transcript_NIC58.4845.1
OG0007060	transcript_E01F3.1i.1	transcript_NIC58.4846.2
OG0007061	transcript_Y53F4B.1.1	transcript_NIC58.5392.2
OG0007062	transcript_Y53F4B.2.1	transcript_NIC58.5391.1
OG0007063	transcript_Y53F4B.3.1	transcript_NIC58.5390.1
OG0007064	transcript_Y53F4B.4b.1	transcript_NIC58.5388.1
OG0007066	transcript_Y53F4B.9.1	transcript_NIC58.4888.2
OG0007067	transcript_Y53F4B.11a.1	transcript_NIC58.4887.1
OG0007068	transcript_Y53F4B.51.1	transcript_NIC58.4886.1
OG0007069	transcript_Y53F4B.12b.1	transcript_NIC58.4884.1
OG0007070	transcript_Y53F4B.14a.1	transcript_NIC58.5394.1
OG0007071	transcript_Y53F4B.15.1	transcript_NIC58.5395.1
OG0007072	transcript_Y53F4B.18.1	transcript_NIC58.5403.1
OG0007073	transcript_Y53F4B.19.1	transcript_NIC58.4839.1
OG0007074	transcript_Y53F4B.20.1	transcript_NIC58.5393.1
OG0007075	transcript_Y53F4B.21.1	transcript_NIC58.5382.4
OG0007076	transcript_Y53F4B.39b.1	transcript_NIC58.5383.1
OG0007077	transcript_Y53F4B.22a.1	transcript_NIC58.4329.1
OG0007078	transcript_Y53F4B.23.1	transcript_NIC58.4330.1
OG0007079	transcript_Y53F4B.24b.1	transcript_NIC58.4331.1
OG0007080	transcript_Y53F4B.25a.1	transcript_NIC58.4347.1
OG0007081	transcript_Y53F4B.27a.1	transcript_NIC58.4346.1
OG0007082	transcript_Y53F4B.28.1	transcript_NIC58.4345.1
OG0007083	transcript_Y46E12BL.2a.2	transcript_NIC58.5273.1
OG0007084	transcript_Y46E12BL.1b.1	transcript_NIC58.5274.1
OG0007085	transcript_2RSSE.1b.1	transcript_NIC58.5278.1
OG0007086	transcript_H10E21.2.1	transcript_NIC58.13797.1
OG0007087	transcript_H10E21.3b.1	transcript_NIC58.13772.1
OG0007088	transcript_H10E21.1b.1	transcript_NIC58.13770.1
OG0007089	transcript_H10E21.4.1	transcript_NIC58.13771.1
OG0007090	transcript_H10E21.5.1	transcript_NIC58.13835.2
OG0007091	transcript_W05G11.3.1	transcript_NIC58.13837.1
OG0007092	transcript_F54C4.2.1	transcript_NIC58.13768.1
OG0007093	transcript_F54C4.3.1	transcript_NIC58.13767.1
OG0007094	transcript_F54C4.1.1	transcript_NIC58.13765.1
OG0007095	transcript_C29F9.7.1	transcript_NIC58.13769.3
OG0007097	transcript_F40G9.5.1	transcript_NIC58.13793.1
OG0007098	transcript_F40G9.11.1	transcript_NIC58.13794.2
OG0007099	transcript_F40G9.1.1	transcript_NIC58.13796.1
OG0007100	transcript_W10C4.1.1	transcript_NIC58.13792.1
OG0007101	transcript_Y50D7A.6.2	transcript_NIC58.13791.1
OG0007102	transcript_Y50D7A.5.1	transcript_NIC58.13790.1
OG0007103	transcript_Y50D7A.4.1	transcript_NIC58.13786.1
OG0007104	transcript_Y50D7A.3a.1	transcript_NIC58.13785.1
OG0007105	transcript_Y50D7A.2.1	transcript_NIC58.13784.1
OG0007106	transcript_Y50D7A.9.1	transcript_NIC58.13780.2
OG0007107	transcript_Y50D7A.13a.1	transcript_NIC58.13779.1
OG0007108	transcript_Y50D7A.1a.1	transcript_NIC58.13777.1
OG0007109	transcript_Y50D7A.7.1	transcript_NIC58.13778.1
OG0007110	transcript_Y50D7A.10.1	transcript_NIC58.13776.1
OG0007111	transcript_K10F12.3a.1	transcript_NIC58.13773.2
OG0007112	transcript_K10F12.4a.1	transcript_NIC58.13798.1
OG0007113	transcript_Y55B1BL.1a.1	transcript_NIC58.13799.1
OG0007114	transcript_Y55B1BM.1a.1	transcript_NIC58.13800.1
OG0007115	transcript_Y55B1BR.6a.1	transcript_NIC58.13762.2
OG0007116	transcript_Y55B1BR.4.1	transcript_NIC58.13761.1
OG0007117	transcript_F10C5.2.1	transcript_NIC58.13760.2
OG0007118	transcript_F30H5.2.1	transcript_NIC58.13756.1
OG0007119	transcript_F30H5.1.1	transcript_NIC58.13755.1
OG0007120	transcript_T22F7.3.1	transcript_NIC58.13753.1
OG0007121	transcript_T22F7.1.1	transcript_NIC58.13751.9
OG0007122	transcript_Y55B1AL.2.1	transcript_NIC58.13750.1
OG0007123	transcript_Y55B1AL.3a.1	transcript_NIC58.13749.2
OG0007124	transcript_Y55B1AR.2b.1	transcript_NIC58.13748.4
OG0007125	transcript_Y55B1AR.1.1	transcript_NIC58.13747.1
OG0007126	transcript_T19C3.3.1	transcript_NIC58.13687.1
OG0007127	transcript_T19C3.2.1	transcript_NIC58.13688.1
OG0007128	transcript_T19C3.4.1	transcript_NIC58.13689.1
OG0007129	transcript_T19C3.8.1	transcript_NIC58.13690.1
OG0007130	transcript_W06E11.4.1	transcript_NIC58.13695.1
OG0007131	transcript_W06E11.5a.1	transcript_NIC58.13694.1
OG0007132	transcript_W06E11.2.1	transcript_NIC58.13693.1
OG0007133	transcript_C09F5.2a.1	transcript_NIC58.13692.3
OG0007134	transcript_C09F5.1a.1	transcript_NIC58.13691.1
OG0007135	transcript_C09F5.3.1	transcript_NIC58.13696.2
OG0007136	transcript_W02B3.2.1	transcript_NIC58.13697.2
OG0007137	transcript_C24A1.3.1	transcript_NIC58.13699.1
OG0007138	transcript_C24A1.2a.1	transcript_NIC58.13700.1
OG0007139	transcript_C24A1.1.1	transcript_NIC58.13727.1
OG0007140	transcript_T17H7.4d.1	transcript_NIC58.13718.4
OG0007141	transcript_T17H7.1.1	transcript_NIC58.13719.1
OG0007142	transcript_T17H7.7b.1	transcript_NIC58.13721.1
OG0007143	transcript_F42G9.4.1	transcript_NIC58.13722.1
OG0007144	transcript_F42G9.9b.1	transcript_NIC58.13723.2
OG0007145	transcript_F42G9.8.1	transcript_NIC58.13724.1
OG0007146	transcript_F42G9.2.1	transcript_NIC58.13725.1
OG0007147	transcript_F42G9.6b.1	transcript_NIC58.13717.3
OG0007148	transcript_F42G9.1a.1	transcript_NIC58.13716.2
OG0007149	transcript_F42G9.7.1	transcript_NIC58.13714.1
OG0007150	transcript_B0412.3a.1	transcript_NIC58.13713.2
OG0007151	transcript_B0412.2.1	transcript_NIC58.13712.1
OG0007152	transcript_K02F3.5.1	transcript_NIC58.13711.2
OG0007153	transcript_K02F3.8.1	transcript_NIC58.13729.2
OG0007154	transcript_K02F3.9.1	transcript_NIC58.13701.2
OG0007155	transcript_K02F3.3.1	transcript_NIC58.13702.1
OG0007156	transcript_K02F3.2b.1	transcript_NIC58.13703.1
OG0007157	transcript_K02F3.10.1	transcript_NIC58.13704.1
OG0007158	transcript_K02F3.11.1	transcript_NIC58.13705.1
OG0007159	transcript_K02F3.12a.1	transcript_NIC58.13706.1
OG0007160	transcript_Y6D11A.1.1	transcript_NIC58.13707.1
OG0007161	transcript_Y6D11A.2.1	transcript_NIC58.13708.2
OG0007162	transcript_T24C4.2.1	transcript_NIC58.13709.1
OG0007163	transcript_T24C4.3.1	transcript_NIC58.13710.1
OG0007164	transcript_T24C4.1.1	transcript_NIC58.10253.1
OG0007165	transcript_T24C4.6b.1	transcript_NIC58.13738.3
OG0007166	transcript_T24C4.10.1	transcript_NIC58.13739.1
OG0007167	transcript_T24C4.7.1	transcript_NIC58.13740.1
OG0007168	transcript_F23H11.2.1	transcript_NIC58.13742.1
OG0007169	transcript_F23H11.4a.1	transcript_NIC58.13743.1
OG0007170	transcript_F23H11.9a.1	transcript_NIC58.13744.1
OG0007171	transcript_F23H11.5.1	transcript_NIC58.13745.1
OG0007172	transcript_F23H11.6.1	transcript_NIC58.13736.1
OG0007173	transcript_F23H11.7.1	transcript_NIC58.13735.1
OG0007174	transcript_F23H11.8a.1	transcript_NIC58.13734.1
OG0007176	transcript_R06B10.5.1	transcript_NIC58.13828.1
OG0007177	transcript_R06B10.4b.1	transcript_NIC58.13827.2
OG0007178	transcript_R06B10.3.1	transcript_NIC58.13834.1
OG0007179	transcript_BE0003N10.2.1	transcript_NIC58.13831.1
OG0007180	transcript_BE0003N10.1.1	transcript_NIC58.13832.1
OG0007181	transcript_BE0003N10.3a.1	transcript_NIC58.13838.1
OG0007182	transcript_Y92C3B.2a.1	transcript_NIC58.13840.6
OG0007183	transcript_F58B6.3b.1	transcript_NIC58.13842.3
OG0007184	transcript_F58B6.2.1	transcript_NIC58.13843.1
OG0007185	transcript_Y71D11A.3b.1	transcript_NIC58.14332.1
OG0007186	transcript_Y71D11A.2.1	transcript_NIC58.14340.1
OG0007187	transcript_Y71D11A.1a.1	transcript_NIC58.14338.2
OG0007188	transcript_Y119D3B.13.1	transcript_NIC58.13804.1
OG0007189	transcript_Y119D3B.15.1	transcript_NIC58.13809.1
OG0007190	transcript_Y119D3B.12a.2	transcript_NIC58.13807.2
OG0007191	transcript_Y119D3B.11.1	transcript_NIC58.13806.1
OG0007192	transcript_Y119D3B.17.2	transcript_NIC58.13825.1
OG0007193	transcript_Y82E9BR.22.1	transcript_NIC58.13871.1
OG0007194	transcript_Y82E9BR.14.1	transcript_NIC58.13870.2
OG0007195	transcript_Y82E9BR.3.1	transcript_NIC58.13869.1
OG0007196	transcript_Y82E9BR.16a.1	transcript_NIC58.13868.1
OG0007197	transcript_Y82E9BR.18.2	transcript_NIC58.14327.1
OG0007198	transcript_Y82E9BR.19.1	transcript_NIC58.14326.1
OG0007199	transcript_M01G5.6.1	transcript_NIC58.14325.1
OG0007200	transcript_M01G5.1.1	transcript_NIC58.14324.2
OG0007201	transcript_M01G5.3.1	transcript_NIC58.14346.1
OG0007202	transcript_M01G5.5.1	transcript_NIC58.14347.1
OG0007203	transcript_Y67D2.4a.1	transcript_NIC58.13874.3
OG0007204	transcript_Y67D2.5.1	transcript_NIC58.13873.1
OG0007205	transcript_Y67D2.3.1	transcript_NIC58.13872.1
OG0007206	transcript_Y67D2.7.1	transcript_NIC58.13850.1
OG0007207	transcript_Y67D2.2.1	transcript_NIC58.13851.1
OG0007208	transcript_Y67D2.1.1	transcript_NIC58.13852.1
OG0007209	transcript_Y22D7AL.7.1	transcript_NIC58.13853.1
OG0007210	transcript_Y22D7AL.8b.1	transcript_NIC58.13858.1
OG0007211	transcript_Y22D7AL.6b.1	transcript_NIC58.13861.1
OG0007212	transcript_Y22D7AL.9.1	transcript_NIC58.13862.1
OG0007213	transcript_Y22D7AL.10.1	transcript_NIC58.13863.1
OG0007214	transcript_Y22D7AL.5a.1	transcript_NIC58.13864.1
OG0007215	transcript_Y22D7AL.4.1	transcript_NIC58.13865.1
OG0007216	transcript_Y22D7AL.14.1	transcript_NIC58.13802.1
OG0007217	transcript_Y22D7AL.15.1	transcript_NIC58.13803.1
OG0007218	transcript_Y22D7AL.16.1	transcript_NIC58.19999.1
OG0007219	transcript_Y22D7AR.5.1	transcript_NIC58.14311.1
OG0007220	transcript_Y22D7AR.6.2	transcript_NIC58.14310.1
OG0007221	transcript_Y22D7AR.13.1	transcript_NIC58.14261.1
OG0007222	transcript_Y46E12A.3.1	transcript_NIC58.14262.1
OG0007223	transcript_Y46E12A.1.1	transcript_NIC58.14251.1
OG0007224	transcript_Y39A3CL.4b.1	transcript_NIC58.14288.1
OG0007225	transcript_Y39A3CL.2.1	transcript_NIC58.14282.2
OG0007226	transcript_Y39A3CL.6.1	transcript_NIC58.14276.1
OG0007227	transcript_Y39A3CL.7a.1	transcript_NIC58.14277.1
OG0007228	transcript_Y39A3CL.1a.1	transcript_NIC58.14278.1
OG0007229	transcript_Y39A3CR.6.1	transcript_NIC58.14287.2
OG0007230	transcript_Y39A3CR.4.1	transcript_NIC58.14286.1
OG0007231	transcript_Y39A3CR.3a.1	transcript_NIC58.14285.2
OG0007232	transcript_Y39A3CR.1a.1	transcript_NIC58.14283.1
OG0007233	transcript_B0524.2.1	transcript_NIC58.13844.1
OG0007234	transcript_B0524.6.1	transcript_NIC58.14341.1
OG0007235	transcript_F53A3.4b.1	transcript_NIC58.14342.3
OG0007236	transcript_F53A3.1.1	transcript_NIC58.14333.1
OG0007237	transcript_F53A3.2.1	transcript_NIC58.14334.1
OG0007238	transcript_F53A3.3a.2	transcript_NIC58.14335.1
OG0007239	transcript_F53A3.7.1	transcript_NIC58.14336.1
OG0007240	transcript_R155.1a.1	transcript_NIC58.14337.1
OG0007241	transcript_Y39A3B.7.1	transcript_NIC58.14253.1
OG0007242	transcript_Y39A3B.2b.1	transcript_NIC58.14254.1
OG0007243	transcript_Y39A3B.1b.1	transcript_NIC58.14255.2
OG0007244	transcript_Y39A3B.5b.1	transcript_NIC58.14256.2
OG0007245	transcript_M01E10.2a.1	transcript_NIC58.14260.2
OG0007246	transcript_Y48G9A.8.1	transcript_NIC58.14267.1
OG0007247	transcript_Y48G9A.11.1	transcript_NIC58.14265.2
OG0007248	transcript_Y48G9A.4b.1	transcript_NIC58.14275.1
OG0007249	transcript_Y48G9A.3.1	transcript_NIC58.14269.1
OG0007250	transcript_C39B5.6.1	transcript_NIC58.14268.1
OG0007251	transcript_C39B5.5.1	transcript_NIC58.14270.1
OG0007252	transcript_Y54F10BM.22.1	transcript_NIC58.14247.1
OG0007253	transcript_Y54F10BM.3.1	transcript_NIC58.14244.1
OG0007254	transcript_Y54F10BM.2.1	transcript_NIC58.14227.1
OG0007255	transcript_Y54F10BM.12.1	transcript_NIC58.14228.1
OG0007256	transcript_Y54F10BM.13.1	transcript_NIC58.14229.2
OG0007257	transcript_Y54F10BM.1.1	transcript_NIC58.14230.1
OG0007258	transcript_Y54F10BM.14.1	transcript_NIC58.14231.1
OG0007259	transcript_H04J21.3b.1	transcript_NIC58.14233.1
OG0007260	transcript_H14E04.2c.1	transcript_NIC58.14240.1
OG0007261	transcript_H14E04.3.1	transcript_NIC58.14239.1
OG0007262	transcript_H14E04.5.1	transcript_NIC58.14238.1
OG0007263	transcript_H14E04.1.1	transcript_NIC58.14237.1
OG0007264	transcript_W04B5.4.1	transcript_NIC58.14236.1
OG0007265	transcript_W04B5.5.1	transcript_NIC58.14235.2
OG0007266	transcript_W04B5.3b.1	transcript_NIC58.14234.2
OG0007268	transcript_E02H9.8b.1	transcript_NIC58.14194.1
OG0007269	transcript_Y54F10AL.1a.1	transcript_NIC58.14224.1
OG0007270	transcript_Y54F10AM.8.1	transcript_NIC58.15555.2
OG0007271	transcript_Y54F10AM.6.1	transcript_NIC58.15557.1
OG0007272	transcript_Y54F10AM.10.1	transcript_NIC58.15558.1
OG0007273	transcript_Y54F10AM.5.1	transcript_NIC58.15559.1
OG0007274	transcript_Y54F10AM.4a.1	transcript_NIC58.15560.2
OG0007275	transcript_Y54F10AR.2.1	transcript_NIC58.15561.1
OG0007276	transcript_Y71H2B.8.1	transcript_NIC58.14826.2
OG0007277	transcript_Y71H2B.4.1	transcript_NIC58.15579.1
OG0007278	transcript_Y71H2B.1.1	transcript_NIC58.15577.1
OG0007279	transcript_H19M22.3a.1	transcript_NIC58.15576.1
OG0007280	transcript_H19M22.2b.1	transcript_NIC58.15574.4
OG0007281	transcript_Y71H2AL.1.1	transcript_NIC58.15573.1
OG0007282	transcript_Y71H2AL.2.1	transcript_NIC58.15572.1
OG0007283	transcript_Y71H2AM.9.1	transcript_NIC58.15571.2
OG0007284	transcript_Y71H2AM.5.2	transcript_NIC58.15596.1
OG0007285	transcript_Y71H2AM.8.1	transcript_NIC58.15570.1
OG0007286	transcript_Y71H2AM.10.1	transcript_NIC58.15569.1
OG0007287	transcript_Y71H2AM.11.1	transcript_NIC58.15568.1
OG0007288	transcript_Y71H2AM.7.1	transcript_NIC58.15567.1
OG0007289	transcript_Y71H2AM.12.1	transcript_NIC58.15566.1
OG0007290	transcript_Y71H2AM.13.1	transcript_NIC58.15565.1
OG0007291	transcript_Y71H2AM.15a.1	transcript_NIC58.15601.4
OG0007292	transcript_Y71H2AM.16.1	transcript_NIC58.12957.1
OG0007293	transcript_Y71H2AM.17.1	transcript_NIC58.15600.1
OG0007294	transcript_Y71H2AM.6a.1	transcript_NIC58.15598.1
OG0007295	transcript_Y71H2AM.20a.1	transcript_NIC58.15597.2
OG0007296	transcript_Y71H2AM.3.1	transcript_NIC58.13954.1
OG0007297	transcript_Y71H2AM.23.1	transcript_NIC58.13955.1
OG0007298	transcript_Y71H2AM.2.2	transcript_NIC58.13956.2
OG0007299	transcript_Y71H2AM.1.1	transcript_NIC58.13957.1
OG0007300	transcript_Y71H2AR.1.1	transcript_NIC58.13958.1
OG0007301	transcript_Y71H2AR.3.1	transcript_NIC58.13959.1
OG0007302	transcript_H34I24.2.1	transcript_NIC58.13968.1
OG0007303	transcript_F56F11.3.1	transcript_NIC58.14135.1
OG0007304	transcript_F56F11.2.1	transcript_NIC58.13963.2
OG0007305	transcript_F56F11.1.1	transcript_NIC58.14011.1
OG0007306	transcript_T20B6.3.1	transcript_NIC58.13921.1
OG0007307	transcript_R10F2.1.1	transcript_NIC58.14013.1
OG0007308	transcript_R10F2.5.1	transcript_NIC58.14014.2
OG0007309	transcript_R10F2.6.1	transcript_NIC58.14138.2
OG0007310	transcript_H05C05.4.1	transcript_NIC58.14136.1
OG0007311	transcript_H05C05.1c.1	transcript_NIC58.14141.1
OG0007312	transcript_Y55D5A.3.1	transcript_NIC58.13965.1
OG0007313	transcript_Y55D5A.4.1	transcript_NIC58.13967.1
OG0007314	transcript_Y55D5A.5c.1	transcript_NIC58.13919.2
OG0007315	transcript_Y55D5A.6.1	transcript_NIC58.13920.1
OG0007316	transcript_H06I04.6b.1	transcript_NIC58.14115.1
OG0007317	transcript_H06I04.4a.2	transcript_NIC58.14114.1
OG0007318	transcript_H06I04.3a.1	transcript_NIC58.14113.1
OG0007319	transcript_H06I04.2a.1	transcript_NIC58.14112.1
OG0007320	transcript_H06I04.1a.1	transcript_NIC58.14111.2
OG0007321	transcript_Y53G8B.4a.1	transcript_NIC58.14116.1
OG0007322	transcript_C44B11.4.1	transcript_NIC58.14120.1
OG0007323	transcript_R148.5a.2	transcript_NIC58.14101.1
OG0007324	transcript_R148.4a.1	transcript_NIC58.14102.1
OG0007325	transcript_R148.3b.1	transcript_NIC58.14103.1
OG0007326	transcript_R148.2.1	transcript_NIC58.19586.1
OG0007327	transcript_R148.1.1	transcript_NIC58.14104.2
OG0007328	transcript_R148.7.1	transcript_NIC58.14121.1
OG0007329	transcript_R148.6.1	transcript_NIC58.14122.1
OG0007330	transcript_H09G03.2b.1	transcript_NIC58.14123.3
OG0007331	transcript_Y53G8AL.1.1	transcript_NIC58.14152.1
OG0007332	transcript_Y53G8AL.2.1	transcript_NIC58.14153.1
OG0007333	transcript_Y53G8AL.4b.1	transcript_NIC58.14154.1
OG0007334	transcript_Y53G8AM.8a.1	transcript_NIC58.14182.1
OG0007335	transcript_Y53G8AR.7a.1	transcript_NIC58.14183.1
OG0007336	transcript_Y53G8AR.8a.1	transcript_NIC58.14184.2
OG0007337	transcript_Y53G8AR.6.1	transcript_NIC58.14186.1
OG0007338	transcript_Y53G8AR.5.1	transcript_NIC58.14185.1
OG0007339	transcript_Y53G8AR.3b.1	transcript_NIC58.14187.1
OG0007340	transcript_Y53G8AR.9.1	transcript_NIC58.14188.1
OG0007341	transcript_Y53G8AR.2a.1	transcript_NIC58.14189.4
OG0007342	transcript_F45H7.2a.1	transcript_NIC58.15554.1
OG0007343	transcript_F45H7.4.2	transcript_NIC58.15553.2
OG0007344	transcript_F45H7.6b.1	transcript_NIC58.15552.1
OG0007345	transcript_C56G7.3a.1	transcript_NIC58.15550.1
OG0007346	transcript_C56G7.1.1	transcript_NIC58.15549.1
OG0007347	transcript_F59A2.1b.1	transcript_NIC58.15546.4
OG0007348	transcript_F59A2.5.1	transcript_NIC58.15545.1
OG0007349	transcript_F59A2.6a.1	transcript_NIC58.15544.6
OG0007350	transcript_K01A11.2.1	transcript_NIC58.15543.1
OG0007351	transcript_K01A11.1.1	transcript_NIC58.15542.1
OG0007352	transcript_K01A11.4a.1	transcript_NIC58.15541.1
OG0007353	transcript_C34C12.3.1	transcript_NIC58.15537.2
OG0007354	transcript_C34C12.5.1	transcript_NIC58.15535.1
OG0007355	transcript_C34C12.9.1	transcript_NIC58.15534.1
OG0007356	transcript_C34C12.6.1	transcript_NIC58.15532.1
OG0007357	transcript_C34C12.7.1	transcript_NIC58.15531.1
OG0007358	transcript_M01F1.9.1	transcript_NIC58.15529.1
OG0007359	transcript_M01F1.8a.1	transcript_NIC58.15528.2
OG0007360	transcript_M01F1.2.1	transcript_NIC58.15527.1
OG0007361	transcript_M01F1.3.1	transcript_NIC58.15526.1
OG0007362	transcript_M01F1.4a.1	transcript_NIC58.15525.1
OG0007363	transcript_M01F1.6.1	transcript_NIC58.15524.1
OG0007364	transcript_M01F1.7.1	transcript_NIC58.15502.3
OG0007365	transcript_C54C6.7.1	transcript_NIC58.15505.1
OG0007366	transcript_C54C6.11.1	transcript_NIC58.15506.1
OG0007367	transcript_C54C6.5.1	transcript_NIC58.15508.1
OG0007368	transcript_C54C6.4a.1	transcript_NIC58.15509.1
OG0007369	transcript_C48D5.1a.1	transcript_NIC58.15510.1
OG0007370	transcript_C48D5.3.1	transcript_NIC58.15511.1
OG0007371	transcript_C48D5.2a.1	transcript_NIC58.15512.2
OG0007372	transcript_C32A3.1a.1	transcript_NIC58.15513.2
OG0007373	transcript_C32A3.2.1	transcript_NIC58.15514.1
OG0007374	transcript_C32A3.3a.1	transcript_NIC58.15515.2
OG0007375	transcript_C46F11.1a.1	transcript_NIC58.15517.1
OG0007376	transcript_C46F11.3.1	transcript_NIC58.15518.2
OG0007377	transcript_C46F11.2a.1	transcript_NIC58.15519.2
OG0007378	transcript_C46F11.5b.1	transcript_NIC58.15520.1
OG0007379	transcript_C46F11.4.1	transcript_NIC58.15521.2
OG0007380	transcript_C46F11.6.1	transcript_NIC58.15501.1
OG0007381	transcript_T27D1.3.2	transcript_NIC58.15500.1
OG0007382	transcript_T27D1.1.1	transcript_NIC58.15491.1
OG0007383	transcript_C14B1.5.1	transcript_NIC58.15487.2
OG0007384	transcript_C14B1.10.1	transcript_NIC58.15486.2
OG0007385	transcript_C14B1.8.1	transcript_NIC58.15485.1
OG0007386	transcript_C14B1.9.1	transcript_NIC58.15484.2
OG0007387	transcript_F34D10.9.1	transcript_NIC58.15482.1
OG0007388	transcript_F34D10.2.1	transcript_NIC58.15480.1
OG0007389	transcript_F34D10.3.1	transcript_NIC58.15481.1
OG0007390	transcript_F34D10.5.1	transcript_NIC58.15479.2
OG0007391	transcript_F34D10.6a.1	transcript_NIC58.15478.1
OG0007392	transcript_C44F1.1.1	transcript_NIC58.15477.1
OG0007393	transcript_C44F1.5.1	transcript_NIC58.15474.3
OG0007394	transcript_T24A11.1a.1	transcript_NIC58.15473.2
OG0007395	transcript_T24A11.2.1	transcript_NIC58.15472.1
OG0007396	transcript_T24A11.3.1	transcript_NIC58.15471.2
OG0007397	transcript_R13G10.1.1	transcript_NIC58.14137.1
OG0007398	transcript_R13G10.2.1	transcript_NIC58.13883.1
OG0007399	transcript_R13G10.4.1	transcript_NIC58.168.1
OG0007401	transcript_C36A4.4.1	transcript_NIC58.13882.2
OG0007402	transcript_C36A4.9a.1	transcript_NIC58.16006.1
OG0007403	transcript_F13B10.2a.1	transcript_NIC58.16007.2
OG0007404	transcript_F13B10.1f.1	transcript_NIC58.16008.6
OG0007405	transcript_ZK1058.1.1	transcript_NIC58.16010.2
OG0007406	transcript_ZK1058.2.1	transcript_NIC58.15995.1
OG0007407	transcript_ZK1058.3.1	transcript_NIC58.15996.1
OG0007408	transcript_ZK1058.5.1	transcript_NIC58.15997.1
OG0007409	transcript_ZK1058.6.1	transcript_NIC58.15994.1
OG0007410	transcript_F37A8.4.1	transcript_NIC58.15982.1
OG0007411	transcript_F37A8.5.1	transcript_NIC58.15984.1
OG0007412	transcript_R10E9.3a.1	transcript_NIC58.15985.1
OG0007413	transcript_R10E9.1.2	transcript_NIC58.15986.3
OG0007414	transcript_Y1A5A.1.1	transcript_NIC58.15333.1
OG0007415	transcript_C36E8.2.1	transcript_NIC58.15988.2
OG0007416	transcript_C36E8.1.1	transcript_NIC58.15989.1
OG0007417	transcript_C36E8.3.1	transcript_NIC58.15990.1
OG0007418	transcript_C36E8.4.1	transcript_NIC58.15993.2
OG0007419	transcript_T02C12.2.1	transcript_NIC58.15978.1
OG0007420	transcript_T02C12.3.1	transcript_NIC58.15979.3
OG0007421	transcript_T02C12.5.1	transcript_NIC58.15980.1
OG0007422	transcript_T02C12.1.2	transcript_NIC58.15981.1
OG0007423	transcript_E03A3.2.1	transcript_NIC58.15974.1
OG0007424	transcript_E03A3.6a.1	transcript_NIC58.15973.3
OG0007425	transcript_C03C10.3.1	transcript_NIC58.15971.1
OG0007426	transcript_C03C10.7.1	transcript_NIC58.16241.1
OG0007427	transcript_C03C10.4.1	transcript_NIC58.15970.2
OG0007428	transcript_C30D11.1j.1	transcript_NIC58.15967.5
OG0007429	transcript_C16C10.12a.1	transcript_NIC58.15966.1
OG0007430	transcript_C16C10.11.1	transcript_NIC58.15965.1
OG0007431	transcript_C16C10.10.1	transcript_NIC58.15964.1
OG0007432	transcript_C16C10.9.1	transcript_NIC58.15963.1
OG0007433	transcript_C01G12.16.1	transcript_NIC58.15962.2
OG0007434	transcript_C16C10.8.1	transcript_NIC58.15938.1
OG0007435	transcript_C16C10.7a.1	transcript_NIC58.15937.2
OG0007436	transcript_C16C10.6.1	transcript_NIC58.15936.1
OG0007437	transcript_C16C10.5.1	transcript_NIC58.15935.1
OG0007438	transcript_C16C10.4.1	transcript_NIC58.15934.1
OG0007439	transcript_R74.2.1	transcript_NIC58.15955.1
OG0007440	transcript_R74.10a.1	transcript_NIC58.15956.1
OG0007441	transcript_R74.3.1	transcript_NIC58.15958.2
OG0007442	transcript_R74.5a.1	transcript_NIC58.15960.2
OG0007443	transcript_R74.6.1	transcript_NIC58.15959.1
OG0007444	transcript_R74.7.1	transcript_NIC58.15961.2
OG0007445	transcript_F43C1.1.1	transcript_NIC58.15932.1
OG0007446	transcript_F43C1.2b.1	transcript_NIC58.16439.3
OG0007447	transcript_F43C1.5.1	transcript_NIC58.16440.2
OG0007448	transcript_F43C1.4.1	transcript_NIC58.16441.2
OG0007449	transcript_F43C1.7.1	transcript_NIC58.16442.1
OG0007450	transcript_F43C1.6.1	transcript_NIC58.16443.1
OG0007451	transcript_F43C1.3.1	transcript_NIC58.16444.1
OG0007452	transcript_T08A11.1.1	transcript_NIC58.16445.2
OG0007453	transcript_T08A11.2.1	transcript_NIC58.16446.1
OG0007454	transcript_R10E4.1.2	transcript_NIC58.16426.1
OG0007455	transcript_R10E4.2q.1	transcript_NIC58.16423.2
OG0007456	transcript_R10E4.3.1	transcript_NIC58.16427.1
OG0007457	transcript_R10E4.4.1	transcript_NIC58.16428.1
OG0007458	transcript_R10E4.5d.1	transcript_NIC58.16429.3
OG0007459	transcript_R10E4.6.1	transcript_NIC58.16430.1
OG0007460	transcript_R10E4.7.1	transcript_NIC58.16431.1
OG0007461	transcript_R10E4.11a.1	transcript_NIC58.16432.1
OG0007462	transcript_R10E4.9.1	transcript_NIC58.16433.1
OG0007463	transcript_H38K22.1.1	transcript_NIC58.15024.1
OG0007464	transcript_H38K22.3.1	transcript_NIC58.15026.1
OG0007465	transcript_H38K22.5a.2	transcript_NIC58.15028.3
OG0007466	transcript_B0285.1b.1	transcript_NIC58.15029.2
OG0007467	transcript_B0285.3.1	transcript_NIC58.15030.1
OG0007468	transcript_B0285.4.1	transcript_NIC58.15031.1
OG0007469	transcript_B0285.5.2	transcript_NIC58.15032.1
OG0007470	transcript_B0285.7.1	transcript_NIC58.15033.1
OG0007471	transcript_R07E5.4.1	transcript_NIC58.15038.1
OG0007472	transcript_R07E5.6.1	transcript_NIC58.14284.1
OG0007473	transcript_R07E5.17.1	transcript_NIC58.15039.3
OG0007474	transcript_R07E5.3.1	transcript_NIC58.15040.1
OG0007475	transcript_R07E5.14.1	transcript_NIC58.15041.1
OG0007476	transcript_R07E5.1.1	transcript_NIC58.15043.3
OG0007477	transcript_R07E5.11.1	transcript_NIC58.15046.1
OG0007478	transcript_R07E5.10.2	transcript_NIC58.15047.2
OG0007479	transcript_R07E5.7.1	transcript_NIC58.15048.1
OG0007480	transcript_R07E5.8a.1	transcript_NIC58.15049.1
OG0007481	transcript_C28A5.3.1	transcript_NIC58.15051.1
OG0007482	transcript_C28A5.4b.1	transcript_NIC58.15052.1
OG0007483	transcript_F56F3.2a.1	transcript_NIC58.15053.2
OG0007484	transcript_F56F3.4.1	transcript_NIC58.16104.2
OG0007485	transcript_F56F3.1.1	transcript_NIC58.15054.1
OG0007486	transcript_F56F3.5.1	transcript_NIC58.15055.1
OG0007487	transcript_F56F3.6.1	transcript_NIC58.15056.1
OG0007488	transcript_C07G2.1a.1	transcript_NIC58.1010.1
OG0007489	transcript_C07G2.3.1	transcript_NIC58.15057.3
OG0007490	transcript_F25F2.1b.1	transcript_NIC58.15059.2
OG0007491	transcript_F25F2.2.1	transcript_NIC58.15058.2
OG0007492	transcript_M88.2.1	transcript_NIC58.15061.1
OG0007493	transcript_M88.7.1	transcript_NIC58.15062.1
OG0007494	transcript_M88.4.1	transcript_NIC58.15063.1
OG0007495	transcript_M88.5c.1	transcript_NIC58.15064.1
OG0007496	transcript_M88.6b.1	transcript_NIC58.15065.1
OG0007497	transcript_F35G12.1a.1	transcript_NIC58.15066.1
OG0007498	transcript_F35G12.2.2	transcript_NIC58.15067.1
OG0007499	transcript_F35G12.3a.1	transcript_NIC58.15068.2
OG0007500	transcript_F35G12.4c.1	transcript_NIC58.15069.1
OG0007501	transcript_F35G12.12.1	transcript_NIC58.15070.1
OG0007502	transcript_F35G12.7.1	transcript_NIC58.15071.1
OG0007503	transcript_F35G12.8.1	transcript_NIC58.15072.6
OG0007504	transcript_F35G12.9.1	transcript_NIC58.15073.2
OG0007505	transcript_F10F2.1b.1	transcript_NIC58.15075.1
OG0007506	transcript_F35G12.6.1	transcript_NIC58.15076.2
OG0007507	transcript_F10F2.3.1	transcript_NIC58.15079.1
OG0007508	transcript_F10F2.2.1	transcript_NIC58.15080.1
OG0007509	transcript_F10F2.4.1	transcript_NIC58.15081.1
OG0007510	transcript_T23F11.6.1	transcript_NIC58.15082.2
OG0007511	transcript_T23F11.1.1	transcript_NIC58.15083.2
OG0007512	transcript_T23F11.3b.1	transcript_NIC58.15084.1
OG0007513	transcript_T23F11.4.1	transcript_NIC58.15085.1
OG0007514	transcript_T04A8.4b.1	transcript_NIC58.15088.1
OG0007515	transcript_T04A8.5.1	transcript_NIC58.15089.1
OG0007516	transcript_T04A8.6.1	transcript_NIC58.15090.1
OG0007517	transcript_T04A8.8.1	transcript_NIC58.15091.3
OG0007518	transcript_T04A8.7a.1	transcript_NIC58.15092.1
OG0007519	transcript_T04A8.9.1	transcript_NIC58.15093.1
OG0007520	transcript_T04A8.10.1	transcript_NIC58.15094.1
OG0007521	transcript_T04A8.16.1	transcript_NIC58.15095.1
OG0007522	transcript_T04A8.11.1	transcript_NIC58.15096.1
OG0007523	transcript_T04A8.12.1	transcript_NIC58.15097.2
OG0007524	transcript_T04A8.18.1	transcript_NIC58.15098.1
OG0007525	transcript_T04A8.15.1	transcript_NIC58.15099.1
OG0007526	transcript_T04A8.14.1	transcript_NIC58.15100.1
OG0007527	transcript_F17C8.1.1	transcript_NIC58.15101.1
OG0007528	transcript_F17C8.3.1	transcript_NIC58.15102.1
OG0007529	transcript_F17C8.4.2	transcript_NIC58.15104.1
OG0007530	transcript_B0393.1.1	transcript_NIC58.15106.3
OG0007531	transcript_B0393.2.2	transcript_NIC58.15107.1
OG0007532	transcript_B0393.3.1	transcript_NIC58.15109.4
OG0007533	transcript_B0393.4.1	transcript_NIC58.15110.1
OG0007534	transcript_B0393.5.1	transcript_NIC58.15112.1
OG0007535	transcript_B0393.7.1	transcript_NIC58.15113.1
OG0007536	transcript_B0393.6.1	transcript_NIC58.15114.1
OG0007537	transcript_C38D4.5a.1	transcript_NIC58.15117.1
OG0007538	transcript_C38D4.9.1	transcript_NIC58.15118.1
OG0007539	transcript_C38D4.6a.1	transcript_NIC58.15119.1
OG0007540	transcript_C38D4.7.1	transcript_NIC58.15120.1
OG0007541	transcript_C38D4.8.1	transcript_NIC58.15121.1
OG0007542	transcript_F26A1.9.2	transcript_NIC58.15124.1
OG0007543	transcript_F26A1.3.1	transcript_NIC58.15125.1
OG0007544	transcript_F26A1.15.1	transcript_NIC58.15130.1
OG0007545	transcript_F26A1.19.1	transcript_NIC58.15129.1
OG0007546	transcript_F26A1.13.1	transcript_NIC58.15133.2
OG0007547	transcript_F26A1.1.1	transcript_NIC58.15134.1
OG0007548	transcript_C35D10.9b.1	transcript_NIC58.15135.3
OG0007549	transcript_C35D10.6.1	transcript_NIC58.15137.1
OG0007550	transcript_C35D10.10.1	transcript_NIC58.15138.1
OG0007551	transcript_C35D10.5.1	transcript_NIC58.15140.1
OG0007552	transcript_C35D10.4.1	transcript_NIC58.15139.1
OG0007553	transcript_C35D10.17.2	transcript_NIC58.15141.2
OG0007554	transcript_C35D10.3.1	transcript_NIC58.14936.1
OG0007555	transcript_C35D10.12.1	transcript_NIC58.15142.1
OG0007556	transcript_C35D10.13.1	transcript_NIC58.15145.1
OG0007557	transcript_C35D10.16.1	transcript_NIC58.15146.1
OG0007558	transcript_C35D10.1.1	transcript_NIC58.15147.1
OG0007559	transcript_F26F4.5.2	transcript_NIC58.15150.1
OG0007560	transcript_F26F4.6.2	transcript_NIC58.15151.1
OG0007561	transcript_F26F4.7.1	transcript_NIC58.15152.1
OG0007562	transcript_F26F4.4.1	transcript_NIC58.15153.1
OG0007563	transcript_F26F4.13.1	transcript_NIC58.15155.1
OG0007564	transcript_F26F4.8.1	transcript_NIC58.15156.1
OG0007565	transcript_F26F4.3.1	transcript_NIC58.15157.1
OG0007566	transcript_F26F4.12.1	transcript_NIC58.15158.3
OG0007567	transcript_F26F4.1.1	transcript_NIC58.15159.1
OG0007568	transcript_F26F4.10a.2	transcript_NIC58.15160.1
OG0007569	transcript_F26F4.11.1	transcript_NIC58.15161.1
OG0007570	transcript_C26E6.8b.1	transcript_NIC58.15162.1
OG0007571	transcript_C26E6.11.1	transcript_NIC58.15163.1
OG0007572	transcript_C26E6.9c.1	transcript_NIC58.15164.3
OG0007573	transcript_C26E6.12.1	transcript_NIC58.15165.1
OG0007574	transcript_C26E6.7c.1	transcript_NIC58.15166.1
OG0007575	transcript_C26E6.6.1	transcript_NIC58.15167.1
OG0007576	transcript_C26E6.5.1	transcript_NIC58.15168.1
OG0007577	transcript_C26E6.4.1	transcript_NIC58.15169.3
OG0007578	transcript_C26E6.2.1	transcript_NIC58.15170.1
OG0007579	transcript_C27F2.4.1	transcript_NIC58.15171.1
OG0007580	transcript_C27F2.5.2	transcript_NIC58.15172.3
OG0007581	transcript_C27F2.10.1	transcript_NIC58.15175.1
OG0007582	transcript_C27F2.1.1	transcript_NIC58.15176.2
OG0007583	transcript_C27F2.8.1	transcript_NIC58.15177.2
OG0007584	transcript_R144.5.1	transcript_NIC58.15178.1
OG0007585	transcript_R144.6.1	transcript_NIC58.15179.1
OG0007586	transcript_R144.12.1	transcript_NIC58.15180.2
OG0007587	transcript_R144.11.1	transcript_NIC58.15181.2
OG0007588	transcript_R144.4b.1	transcript_NIC58.15183.1
OG0007589	transcript_R144.9.1	transcript_NIC58.15184.1
OG0007590	transcript_R144.3b.1	transcript_NIC58.15185.1
OG0007591	transcript_R144.13.1	transcript_NIC58.15186.1
OG0007592	transcript_R144.1.1	transcript_NIC58.15299.1
OG0007593	transcript_C45G9.6a.1	transcript_NIC58.15300.1
OG0007594	transcript_C45G9.13.1	transcript_NIC58.15301.1
OG0007595	transcript_C45G9.7.2	transcript_NIC58.15286.1
OG0007596	transcript_C45G9.5.1	transcript_NIC58.15285.1
OG0007597	transcript_C45G9.2.1	transcript_NIC58.15273.3
OG0007598	transcript_C45G9.12.1	transcript_NIC58.15274.2
OG0007599	transcript_F54D8.4a.1	transcript_NIC58.15270.1
OG0007600	transcript_F54D8.10.1	transcript_NIC58.15269.1
OG0007601	transcript_F54D8.6.1	transcript_NIC58.16030.1
OG0007602	transcript_F54D8.1.1	transcript_NIC58.16028.1
OG0007603	transcript_F21H11.2a.1	transcript_NIC58.16484.3
OG0007604	transcript_Y54H5A.2.1	transcript_NIC58.16486.4
OG0007605	transcript_Y54H5A.1.2	transcript_NIC58.16487.1
OG0007606	transcript_Y54H5A.4.1	transcript_NIC58.16470.1
OG0007607	transcript_T10F2.5.1	transcript_NIC58.16471.1
OG0007608	transcript_T10F2.1a.1	transcript_NIC58.16472.3
OG0007609	transcript_T10F2.2.1	transcript_NIC58.16473.1
OG0007610	transcript_T10F2.4.1	transcript_NIC58.16475.1
OG0007611	transcript_K10D2.5.1	transcript_NIC58.16476.1
OG0007612	transcript_K10D2.4.1	transcript_NIC58.16477.1
OG0007613	transcript_K10D2.3.1	transcript_NIC58.16478.2
OG0007614	transcript_K10D2.1a.1	transcript_NIC58.16480.2
OG0007615	transcript_K10D2.7.1	transcript_NIC58.16481.2
OG0007616	transcript_K10D2.6.1	transcript_NIC58.16482.1
OG0007617	transcript_ZC155.5b.1	transcript_NIC58.16460.1
OG0007618	transcript_ZC155.2.1	transcript_NIC58.13857.1
OG0007619	transcript_ZC155.1.1	transcript_NIC58.16461.1
OG0007620	transcript_C34E10.10.1	transcript_NIC58.16462.1
OG0007621	transcript_C34E10.12a.1	transcript_NIC58.16463.1
OG0007622	transcript_C34E10.6.1	transcript_NIC58.16464.1
OG0007623	transcript_C34E10.5.1	transcript_NIC58.16465.1
OG0007624	transcript_C34E10.11.2	transcript_NIC58.16466.1
OG0007625	transcript_C34E10.4b.2	transcript_NIC58.16467.1
OG0007626	transcript_C34E10.7.1	transcript_NIC58.16468.1
OG0007627	transcript_C34E10.3.1	transcript_NIC58.16457.1
OG0007628	transcript_C34E10.2.1	transcript_NIC58.16456.1
OG0007629	transcript_C34E10.1.1	transcript_NIC58.16454.1
OG0007630	transcript_C34E10.9.1	transcript_NIC58.16455.1
OG0007631	transcript_ZC395.7.1	transcript_NIC58.16453.1
OG0007632	transcript_ZC395.6.1	transcript_NIC58.16452.2
OG0007633	transcript_ZC395.8.1	transcript_NIC58.15360.4
OG0007634	transcript_ZC395.4.2	transcript_NIC58.15361.1
OG0007635	transcript_ZC395.10.1	transcript_NIC58.15359.2
OG0007636	transcript_ZC395.3b.1	transcript_NIC58.15358.1
OG0007637	transcript_ZC395.2.1	transcript_NIC58.15357.1
OG0007638	transcript_T15B12.1b.1	transcript_NIC58.15356.1
OG0007639	transcript_T15B12.2.1	transcript_NIC58.15271.2
OG0007640	transcript_F52C9.5.1	transcript_NIC58.15355.1
OG0007641	transcript_F52C9.3.1	transcript_NIC58.14616.1
OG0007642	transcript_F52C9.1.1	transcript_NIC58.14615.2
OG0007643	transcript_ZK121.2.1	transcript_NIC58.14614.2
OG0007644	transcript_ZK121.1a.1	transcript_NIC58.14611.1
OG0007645	transcript_Y32H12A.2b.1	transcript_NIC58.14612.2
OG0007646	transcript_Y32H12A.4.1	transcript_NIC58.14594.1
OG0007647	transcript_Y32H12A.5.1	transcript_NIC58.14595.2
OG0007648	transcript_Y32H12A.7b.1	transcript_NIC58.14596.4
OG0007649	transcript_Y32H12A.8a.1	transcript_NIC58.14597.1
OG0007650	transcript_W03A5.2.1	transcript_NIC58.14598.1
OG0007651	transcript_W03A5.1.1	transcript_NIC58.14599.1
OG0007652	transcript_W03A5.3.1	transcript_NIC58.14600.1
OG0007653	transcript_W03A5.7.1	transcript_NIC58.14602.1
OG0007654	transcript_W03A5.6b.1	transcript_NIC58.14603.2
OG0007655	transcript_F48E8.6.1	transcript_NIC58.14592.1
OG0007656	transcript_F48E8.7a.1	transcript_NIC58.14591.1
OG0007657	transcript_F48E8.8b.1	transcript_NIC58.14590.1
OG0007658	transcript_F48E8.3.1	transcript_NIC58.14587.2
OG0007659	transcript_F48E8.1a.1	transcript_NIC58.14585.1
OG0007660	transcript_R02F2.5.1	transcript_NIC58.14584.1
OG0007661	transcript_R02F2.7.1	transcript_NIC58.14579.1
OG0007662	transcript_R02F2.2.1	transcript_NIC58.14575.1
OG0007663	transcript_R02F2.9.1	transcript_NIC58.14572.1
OG0007664	transcript_R02F2.1b.1	transcript_NIC58.14571.2
OG0007665	transcript_D1044.8.1	transcript_NIC58.14569.1
OG0007666	transcript_D1044.2c.1	transcript_NIC58.14567.2
OG0007667	transcript_D1044.1.1	transcript_NIC58.14565.1
OG0007668	transcript_F09F7.5a.2	transcript_NIC58.14564.1
OG0007669	transcript_F09F7.6.1	transcript_NIC58.14563.1
OG0007670	transcript_F09F7.7a.1	transcript_NIC58.14562.1
OG0007671	transcript_F09F7.4a.1	transcript_NIC58.14561.1
OG0007672	transcript_F09F7.3.1	transcript_NIC58.14560.1
OG0007673	transcript_F09F7.2a.1	transcript_NIC58.14559.1
OG0007674	transcript_F09F7.1.1	transcript_NIC58.14555.2
OG0007675	transcript_F56D2.3a.1	transcript_NIC58.14554.1
OG0007676	transcript_F56D2.6a.1	transcript_NIC58.14552.1
OG0007677	transcript_F56D2.1c.1	transcript_NIC58.14551.1
OG0007678	transcript_F56D2.7.1	transcript_NIC58.14550.1
OG0007679	transcript_C05D2.10b.1	transcript_NIC58.14549.1
OG0007680	transcript_C05D2.6a.1	transcript_NIC58.14548.1
OG0007681	transcript_C05D2.5.1	transcript_NIC58.14547.1
OG0007682	transcript_C05D2.8.1	transcript_NIC58.14545.1
OG0007683	transcript_C05D2.1a.1	transcript_NIC58.14542.3
OG0007684	transcript_C05H8.1b.1	transcript_NIC58.14541.2
OG0007685	transcript_F54E7.5.1	transcript_NIC58.14540.1
OG0007686	transcript_F54E7.6.1	transcript_NIC58.14539.1
OG0007687	transcript_F54E7.3i.1	transcript_NIC58.14538.3
OG0007688	transcript_F54E7.9.1	transcript_NIC58.14537.1
OG0007689	transcript_F54E7.8.1	transcript_NIC58.14536.1
OG0007690	transcript_F54E7.2.2	transcript_NIC58.14535.1
OG0007691	transcript_F54E7.1a.1	transcript_NIC58.14534.1
OG0007692	transcript_F54E7.7.1	transcript_NIC58.14533.1
OG0007693	transcript_B0336.6.2	transcript_NIC58.14532.1
OG0007694	transcript_B0336.5b.1	transcript_NIC58.14531.1
OG0007695	transcript_B0336.13.1	transcript_NIC58.14530.1
OG0007696	transcript_B0336.7a.1	transcript_NIC58.14517.1
OG0007697	transcript_B0336.8.1	transcript_NIC58.14518.1
OG0007698	transcript_B0336.9d.1	transcript_NIC58.14520.4
OG0007699	transcript_B0336.10.1	transcript_NIC58.14521.1
OG0007700	transcript_B0336.11a.1	transcript_NIC58.14522.2
OG0007701	transcript_B0336.3c.1	transcript_NIC58.14523.2
OG0007702	transcript_B0336.2.2	transcript_NIC58.14525.1
OG0007703	transcript_B0336.1a.1	transcript_NIC58.14526.2
OG0007704	transcript_B0244.9.1	transcript_NIC58.2109.1
OG0007705	transcript_B0244.7.1	transcript_NIC58.14514.1
OG0007706	transcript_B0244.2.1	transcript_NIC58.14511.1
OG0007707	transcript_Y37B11A.1a.1	transcript_NIC58.14513.1
OG0007708	transcript_W03A3.2.1	transcript_NIC58.14506.4
OG0007709	transcript_W03A3.1.1	transcript_NIC58.14507.1
OG0007710	transcript_R12B2.4.1	transcript_NIC58.14505.1
OG0007711	transcript_R12B2.3.1	transcript_NIC58.14504.1
OG0007712	transcript_R12B2.2.1	transcript_NIC58.14503.1
OG0007713	transcript_R12B2.1a.2	transcript_NIC58.14502.1
OG0007714	transcript_R12B2.8.1	transcript_NIC58.14501.1
OG0007715	transcript_F01F1.7.1	transcript_NIC58.14499.3
OG0007716	transcript_F01F1.8a.2	transcript_NIC58.14498.1
OG0007717	transcript_F01F1.6.2	transcript_NIC58.14497.1
OG0007718	transcript_F01F1.5.1	transcript_NIC58.14496.2
OG0007719	transcript_F01F1.9a.1	transcript_NIC58.14495.1
OG0007720	transcript_F01F1.4.1	transcript_NIC58.14494.1
OG0007721	transcript_F01F1.10b.1	transcript_NIC58.14491.1
OG0007722	transcript_F01F1.15.1	transcript_NIC58.14489.1
OG0007723	transcript_F01F1.11.1	transcript_NIC58.14490.1
OG0007724	transcript_F01F1.3.1	transcript_NIC58.14487.2
OG0007725	transcript_F01F1.12.2	transcript_NIC58.14486.1
OG0007726	transcript_F01F1.13.1	transcript_NIC58.14485.1
OG0007727	transcript_F01F1.2.1	transcript_NIC58.14484.1
OG0007728	transcript_F01F1.1a.1	transcript_NIC58.14483.1
OG0007729	transcript_F01F1.14.1	transcript_NIC58.14482.1
OG0007730	transcript_C28H8.5a.1	transcript_NIC58.14481.1
OG0007731	transcript_C28H8.8.1	transcript_NIC58.14480.1
OG0007732	transcript_C28H8.6a.1	transcript_NIC58.14479.2
OG0007733	transcript_C28H8.9a.1	transcript_NIC58.14477.2
OG0007734	transcript_C28H8.4.2	transcript_NIC58.14476.1
OG0007735	transcript_C28H8.3.1	transcript_NIC58.14475.2
OG0007736	transcript_C28H8.11a.1	transcript_NIC58.14474.1
OG0007737	transcript_C28H8.2.1	transcript_NIC58.14473.1
OG0007738	transcript_C28H8.12.2	transcript_NIC58.14472.1
OG0007739	transcript_C28H8.1.1	transcript_NIC58.14471.1
OG0007740	transcript_EGAP1.3.1	transcript_NIC58.14470.1
OG0007741	transcript_EGAP1.1.1	transcript_NIC58.14469.1
OG0007742	transcript_F25B5.5.1	transcript_NIC58.14466.1
OG0007743	transcript_F25B5.6b.1	transcript_NIC58.14465.2
OG0007744	transcript_F25B5.3b.1	transcript_NIC58.14464.3
OG0007745	transcript_F25B5.7a.1	transcript_NIC58.14463.2
OG0007746	transcript_F25B5.2b.1	transcript_NIC58.14462.2
OG0007747	transcript_F25B5.1b.1	transcript_NIC58.14461.2
OG0007748	transcript_T04C9.4c.1	transcript_NIC58.14460.3
OG0007749	transcript_T04C9.6b.1	transcript_NIC58.14459.1
OG0007750	transcript_T04C9.1a.1	transcript_NIC58.14457.1
OG0007751	transcript_ZK328.4.1	transcript_NIC58.14456.1
OG0007752	transcript_ZK328.2.1	transcript_NIC58.14455.1
OG0007753	transcript_ZK328.5b.1	transcript_NIC58.14453.3
OG0007754	transcript_ZK328.1b.1	transcript_NIC58.14452.1
OG0007755	transcript_ZK328.6.1	transcript_NIC58.14446.1
OG0007756	transcript_ZK328.7a.1	transcript_NIC58.14448.2
OG0007757	transcript_C05D10.1a.1	transcript_NIC58.14095.1
OG0007758	transcript_C05D10.3a.1	transcript_NIC58.14096.1
OG0007759	transcript_C05D10.4a.1	transcript_NIC58.14097.1
OG0007760	transcript_T17E9.2b.1	transcript_NIC58.14150.1
OG0007761	transcript_T17E9.1a.1	transcript_NIC58.14149.2
OG0007762	transcript_Y42G9A.4e.1	transcript_NIC58.14142.1
OG0007763	transcript_Y42G9A.6c.1	transcript_NIC58.14143.1
OG0007764	transcript_Y42G9A.3a.1	transcript_NIC58.14144.1
OG0007765	transcript_Y42G9A.2.1	transcript_NIC58.14145.1
OG0007766	transcript_Y42G9A.1.1	transcript_NIC58.14146.3
OG0007767	transcript_F42A10.3.1	transcript_NIC58.14147.2
OG0007768	transcript_F42A10.2b.1	transcript_NIC58.14825.2
OG0007769	transcript_F42A10.9.1	transcript_NIC58.14824.1
OG0007770	transcript_F42A10.4a.1	transcript_NIC58.14823.1
OG0007771	transcript_F42A10.5.2	transcript_NIC58.14822.1
OG0007772	transcript_F42A10.1.1	transcript_NIC58.14820.1
OG0007773	transcript_C23G10.7b.1	transcript_NIC58.14815.4
OG0007774	transcript_C23G10.8.1	transcript_NIC58.14808.1
OG0007775	transcript_C23G10.3.1	transcript_NIC58.14809.1
OG0007776	transcript_C23G10.2a.2	transcript_NIC58.14810.1
OG0007777	transcript_C23G10.10.1	transcript_NIC58.14806.2
OG0007778	transcript_T12A2.16b.2	transcript_NIC58.14805.1
OG0007779	transcript_T12A2.15.2	transcript_NIC58.14804.1
OG0007780	transcript_T12A2.21.1	transcript_NIC58.14802.1
OG0007781	transcript_T12A2.7.1	transcript_NIC58.14360.1
OG0007782	transcript_T12A2.8.1	transcript_NIC58.14359.1
OG0007783	transcript_T12A2.2.2	transcript_NIC58.14358.1
OG0007784	transcript_T12A2.1.1	transcript_NIC58.14350.1
OG0007785	transcript_C18F10.8.1	transcript_NIC58.14352.1
OG0007786	transcript_C18F10.7a.1	transcript_NIC58.14408.1
OG0007787	transcript_F47D12.4a.1	transcript_NIC58.14407.2
OG0007788	transcript_F47D12.6.1	transcript_NIC58.14406.1
OG0007790	transcript_F47D12.3.1	transcript_NIC58.14411.1
OG0007791	transcript_F47D12.9a.2	transcript_NIC58.14409.1
OG0007792	transcript_F47D12.1c.1	transcript_NIC58.14437.2
OG0007793	transcript_C56G2.5.1	transcript_NIC58.14435.1
OG0007794	transcript_C56G2.4.1	transcript_NIC58.14434.2
OG0007795	transcript_C56G2.9.1	transcript_NIC58.14421.2
OG0007796	transcript_C56G2.3.1	transcript_NIC58.14423.1
OG0007797	transcript_C56G2.1a.1	transcript_NIC58.14422.1
OG0007798	transcript_C56G2.15.1	transcript_NIC58.14425.2
OG0007799	transcript_C16A3.8.1	transcript_NIC58.14426.1
OG0007800	transcript_C16A3.9.1	transcript_NIC58.14398.3
OG0007801	transcript_C16A3.7.1	transcript_NIC58.14399.1
OG0007802	transcript_C16A3.6.2	transcript_NIC58.14401.1
OG0007803	transcript_C16A3.5.1	transcript_NIC58.14400.1
OG0007804	transcript_C16A3.4.1	transcript_NIC58.14402.1
OG0007805	transcript_C16A3.3.1	transcript_NIC58.14403.2
OG0007806	transcript_C16A3.2.1	transcript_NIC58.14404.1
OG0007807	transcript_C16A3.1c.1	transcript_NIC58.14405.1
OG0007808	transcript_C16A3.10.2	transcript_NIC58.14380.3
OG0007809	transcript_C05D11.4.1	transcript_NIC58.14382.1
OG0007810	transcript_C05D11.5.1	transcript_NIC58.14383.1
OG0007811	transcript_C05D11.6b.1	transcript_NIC58.14384.1
OG0007812	transcript_C05D11.7b.1	transcript_NIC58.14385.2
OG0007813	transcript_C05D11.8.1	transcript_NIC58.14386.1
OG0007814	transcript_C05D11.9.1	transcript_NIC58.14387.1
OG0007815	transcript_C05D11.10.1	transcript_NIC58.14388.1
OG0007816	transcript_C05D11.2.1	transcript_NIC58.14389.2
OG0007817	transcript_C05D11.1.1	transcript_NIC58.14390.1
OG0007818	transcript_C05D11.11b.1	transcript_NIC58.14393.1
OG0007819	transcript_C05D11.12.1	transcript_NIC58.14373.1
OG0007820	transcript_T26A5.6.1	transcript_NIC58.14372.2
OG0007821	transcript_T26A5.4.1	transcript_NIC58.14369.1
OG0007822	transcript_T26A5.8.1	transcript_NIC58.14368.1
OG0007823	transcript_T26A5.9.1	transcript_NIC58.14367.1
OG0007824	transcript_T26A5.2f.1	transcript_NIC58.14365.1
OG0007825	transcript_T26A5.1.1	transcript_NIC58.14364.1
OG0007826	transcript_F23F12.8.1	transcript_NIC58.14417.1
OG0007827	transcript_F23F12.12.1	transcript_NIC58.14086.1
OG0007828	transcript_K03F8.2.1	transcript_NIC58.14087.1
OG0007829	transcript_C09E7.10.1	transcript_NIC58.14082.1
OG0007830	transcript_C09E7.3.1	transcript_NIC58.14080.1
OG0007831	transcript_C09E7.2.1	transcript_NIC58.14079.2
OG0007834	transcript_F27B3.2a.1	transcript_NIC58.14068.1
OG0007835	transcript_F20H11.5.1	transcript_NIC58.2618.1
OG0007836	transcript_F20H11.1.1	transcript_NIC58.14074.1
OG0007837	transcript_F20H11.2.1	transcript_NIC58.14073.1
OG0007838	transcript_F20H11.4.1	transcript_NIC58.14075.1
OG0007839	transcript_Y40D12A.2.1	transcript_NIC58.14077.1
OG0007840	transcript_Y40D12A.1a.1	transcript_NIC58.14064.1
OG0007841	transcript_C13B9.2.2	transcript_NIC58.14063.2
OG0007842	transcript_C13B9.3.1	transcript_NIC58.14055.1
OG0007843	transcript_C13B9.4a.1	transcript_NIC58.15362.5
OG0007844	transcript_F37A4.7d.1	transcript_NIC58.15264.3
OG0007845	transcript_F37A4.8.1	transcript_NIC58.15262.1
OG0007846	transcript_F37A4.6.1	transcript_NIC58.15263.2
OG0007847	transcript_F37A4.5.1	transcript_NIC58.15261.1
OG0007848	transcript_F37A4.3.1	transcript_NIC58.15259.1
OG0007849	transcript_F37A4.9.1	transcript_NIC58.15258.2
OG0007850	transcript_F37A4.2.1	transcript_NIC58.15257.1
OG0007851	transcript_F37A4.1.1	transcript_NIC58.15256.2
OG0007852	transcript_Y102E9.2b.1	transcript_NIC58.15255.1
OG0007853	transcript_Y102E9.5b.1	transcript_NIC58.15254.2
OG0007854	transcript_Y102E9.1b.1	transcript_NIC58.15253.1
OG0007855	transcript_Y102E9.6.1	transcript_NIC58.15252.1
OG0007856	transcript_K07E12.1.1	transcript_NIC58.15248.3
OG0007857	transcript_R05H11.1.1	transcript_NIC58.15247.1
OG0007858	transcript_R05H11.2.1	transcript_NIC58.15246.1
OG0007859	transcript_F28F5.3c.1	transcript_NIC58.15245.4
OG0007860	transcript_F28F5.6.1	transcript_NIC58.15243.1
OG0007861	transcript_R13F6.4e.1	transcript_NIC58.15242.3
OG0007862	transcript_R13F6.5.1	transcript_NIC58.15241.1
OG0007863	transcript_R13F6.3.2	transcript_NIC58.15240.1
OG0007864	transcript_R13F6.6c.1	transcript_NIC58.15239.2
OG0007865	transcript_R13F6.9.1	transcript_NIC58.15238.1
OG0007866	transcript_R13F6.10.1	transcript_NIC58.15235.4
OG0007867	transcript_R13F6.1.1	transcript_NIC58.15237.2
OG0007868	transcript_K04C2.8.1	transcript_NIC58.15236.1
OG0007869	transcript_K04C2.3a.1	transcript_NIC58.15234.1
OG0007870	transcript_K04C2.7.1	transcript_NIC58.15232.1
OG0007871	transcript_K04C2.4.1	transcript_NIC58.15229.1
OG0007872	transcript_K04C2.2.1	transcript_NIC58.15228.1
OG0007873	transcript_T07E3.4a.1	transcript_NIC58.15227.1
OG0007874	transcript_T07E3.5.1	transcript_NIC58.15226.1
OG0007875	transcript_T07E3.3.1	transcript_NIC58.15225.1
OG0007876	transcript_T07E3.2.2	transcript_NIC58.15222.1
OG0007877	transcript_T07E3.6a.1	transcript_NIC58.15221.1
OG0007878	transcript_F57B9.7b.1	transcript_NIC58.15220.1
OG0007879	transcript_F57B9.5.1	transcript_NIC58.15217.1
OG0007880	transcript_F57B9.8.1	transcript_NIC58.15218.1
OG0007881	transcript_F57B9.4a.1	transcript_NIC58.15216.3
OG0007882	transcript_F57B9.9.1	transcript_NIC58.15215.1
OG0007883	transcript_F57B9.2a.1	transcript_NIC58.15214.1
OG0007884	transcript_F57B9.10a.1	transcript_NIC58.15213.2
OG0007885	transcript_F57B9.1.2	transcript_NIC58.15212.3
OG0007886	transcript_F31E3.4.1	transcript_NIC58.15211.1
OG0007887	transcript_F31E3.12.1	transcript_NIC58.15210.1
OG0007888	transcript_F31E3.3.1	transcript_NIC58.15208.3
OG0007889	transcript_F31E3.2a.1	transcript_NIC58.15207.1
OG0007890	transcript_C06E8.3d.1	transcript_NIC58.15206.2
OG0007891	transcript_C06E8.5.1	transcript_NIC58.15205.1
OG0007892	transcript_F11H8.2b.1	transcript_NIC58.15204.1
OG0007893	transcript_F11H8.3.1	transcript_NIC58.15203.1
OG0007894	transcript_F11H8.1.2	transcript_NIC58.15202.2
OG0007895	transcript_F11H8.4b.1	transcript_NIC58.15201.3
OG0007896	transcript_R01H2.7.1	transcript_NIC58.15200.1
OG0007897	transcript_R01H2.4a.1	transcript_NIC58.15044.1
OG0007898	transcript_R01H2.5.1	transcript_NIC58.15198.1
OG0007899	transcript_R01H2.6.1	transcript_NIC58.15197.1
OG0007900	transcript_R01H2.8.1	transcript_NIC58.15196.1
OG0007901	transcript_ZK418.3.1	transcript_NIC58.15195.1
OG0007902	transcript_ZK418.4.1	transcript_NIC58.15194.1
OG0007903	transcript_ZK418.5.1	transcript_NIC58.15193.1
OG0007904	transcript_ZK418.8.1	transcript_NIC58.15190.1
OG0007905	transcript_ZK418.9a.1	transcript_NIC58.15189.1
OG0007906	transcript_ZK418.2a.1	transcript_NIC58.14734.1
OG0007907	transcript_B0280.4.1	transcript_NIC58.15367.1
OG0007908	transcript_B0280.9.1	transcript_NIC58.15370.1
OG0007909	transcript_B0280.3.1	transcript_NIC58.15371.1
OG0007910	transcript_B0280.10a.1	transcript_NIC58.15372.1
OG0007911	transcript_B0280.1a.1	transcript_NIC58.15373.2
OG0007912	transcript_B0280.17.1	transcript_NIC58.15374.1
OG0007913	transcript_B0280.12b.1	transcript_NIC58.15375.1
OG0007914	transcript_K04G7.3a.1	transcript_NIC58.15376.1
OG0007915	transcript_K04G7.4a.1	transcript_NIC58.15377.1
OG0007916	transcript_K04G7.10.1	transcript_NIC58.15378.3
OG0007917	transcript_K04G7.11.1	transcript_NIC58.15379.1
OG0007918	transcript_K04G7.1.1	transcript_NIC58.15380.1
OG0007919	transcript_F37C12.7.1	transcript_NIC58.15381.1
OG0007920	transcript_F37C12.9.1	transcript_NIC58.15388.1
OG0007921	transcript_F37C12.4.1	transcript_NIC58.15389.1
OG0007922	transcript_F37C12.3.1	transcript_NIC58.15390.1
OG0007923	transcript_F37C12.1.1	transcript_NIC58.15392.1
OG0007924	transcript_F37C12.10.1	transcript_NIC58.15393.1
OG0007925	transcript_F37C12.11.1	transcript_NIC58.15395.1
OG0007926	transcript_F37C12.12.1	transcript_NIC58.15396.1
OG0007927	transcript_F37C12.18.1	transcript_NIC58.15412.1
OG0007928	transcript_F37C12.13a.1	transcript_NIC58.15399.1
OG0007929	transcript_R151.9.1	transcript_NIC58.15400.1
OG0007930	transcript_R151.5a.2	transcript_NIC58.15401.1
OG0007931	transcript_R151.3.1	transcript_NIC58.15403.1
OG0007932	transcript_R151.2d.1	transcript_NIC58.15402.1
OG0007933	transcript_R151.1a.1	transcript_NIC58.15404.1
OG0007934	transcript_R151.6.1	transcript_NIC58.16263.1
OG0007935	transcript_R151.7.1	transcript_NIC58.16264.1
OG0007936	transcript_R151.8.1	transcript_NIC58.16265.2
OG0007937	transcript_R151.10.2	transcript_NIC58.16266.1
OG0007938	transcript_T20H4.4.1	transcript_NIC58.16267.1
OG0007939	transcript_T20H4.5.1	transcript_NIC58.16268.1
OG0007940	transcript_T20H4.3a.1	transcript_NIC58.16269.2
OG0007941	transcript_T20H4.1a.1	transcript_NIC58.16270.1
OG0007942	transcript_B0361.4.1	transcript_NIC58.16273.1
OG0007943	transcript_B0361.5b.1	transcript_NIC58.16274.1
OG0007944	transcript_B0361.6.1	transcript_NIC58.16275.1
OG0007945	transcript_B0361.11.1	transcript_NIC58.16276.1
OG0007946	transcript_B0361.3.1	transcript_NIC58.16172.1
OG0007947	transcript_B0361.7.2	transcript_NIC58.16171.1
OG0007948	transcript_B0361.10.1	transcript_NIC58.16170.1
OG0007949	transcript_B0361.8.1	transcript_NIC58.16169.1
OG0007950	transcript_B0361.2a.1	transcript_NIC58.16166.2
OG0007951	transcript_B0361.9.1	transcript_NIC58.16167.1
OG0007952	transcript_F56C9.5.1	transcript_NIC58.16165.1
OG0007953	transcript_F56C9.6b.1	transcript_NIC58.16164.1
OG0007954	transcript_F56C9.3.1	transcript_NIC58.16163.1
OG0007955	transcript_F56C9.7.1	transcript_NIC58.16162.1
OG0007956	transcript_F56C9.8.1	transcript_NIC58.16174.1
OG0007957	transcript_F56C9.11.1	transcript_NIC58.16150.1
OG0007958	transcript_F56C9.10d.1	transcript_NIC58.16175.2
OG0007959	transcript_F08F8.3b.1	transcript_NIC58.16177.1
OG0007960	transcript_F08F8.6.1	transcript_NIC58.16178.1
OG0007961	transcript_F08F8.7.2	transcript_NIC58.16179.1
OG0007962	transcript_F08F8.8.1	transcript_NIC58.16180.1
OG0007963	transcript_F08F8.4.1	transcript_NIC58.16182.1
OG0007964	transcript_F08F8.2.1	transcript_NIC58.16183.1
OG0007965	transcript_F08F8.11.1	transcript_NIC58.16184.1
OG0007966	transcript_T20B12.6a.1	transcript_NIC58.16388.1
OG0007967	transcript_T20B12.7.1	transcript_NIC58.16389.1
OG0007968	transcript_T20B12.3.1	transcript_NIC58.16392.2
OG0007969	transcript_T20B12.2.1	transcript_NIC58.16394.2
OG0007970	transcript_T20B12.1.1	transcript_NIC58.16395.1
OG0007971	transcript_T20B12.9.1	transcript_NIC58.16399.2
OG0007972	transcript_Y69F12A.2a.1	transcript_NIC58.16397.2
OG0007973	transcript_H14A12.3.1	transcript_NIC58.16335.1
OG0007974	transcript_H14A12.2.1	transcript_NIC58.16336.1
OG0007975	transcript_H14A12.5.2	transcript_NIC58.16337.1
OG0007976	transcript_K07D8.1.1	transcript_NIC58.16333.4
OG0007977	transcript_C07H6.9b.1	transcript_NIC58.16330.1
OG0007978	transcript_C07H6.3.1	transcript_NIC58.16312.1
OG0007979	transcript_C07H6.6.1	transcript_NIC58.16313.1
OG0007980	transcript_C07H6.8.1	transcript_NIC58.16314.1
OG0007981	transcript_C07H6.1.1	transcript_NIC58.16316.1
OG0007982	transcript_C07H6.7.2	transcript_NIC58.16289.1
OG0007983	transcript_R13A5.5.1	transcript_NIC58.16288.1
OG0007985	transcript_R13A5.3.1	transcript_NIC58.16282.1
OG0007986	transcript_R13A5.8.1	transcript_NIC58.16283.1
OG0007987	transcript_R13A5.12.1	transcript_NIC58.16284.1
OG0007988	transcript_R13A5.9.1	transcript_NIC58.16285.1
OG0007989	transcript_R13A5.10.1	transcript_NIC58.16286.1
OG0007990	transcript_R13A5.1e.1	transcript_NIC58.16287.1
OG0007991	transcript_R13A5.11.1	transcript_NIC58.12246.1
OG0007992	transcript_Y80D4G.2.1	transcript_NIC58.12247.1
OG0007993	transcript_T04A6.3b.1	transcript_NIC58.16373.2
OG0007994	transcript_T04A6.2.1	transcript_NIC58.16385.1
OG0007995	transcript_T04A6.1.1	transcript_NIC58.16381.1
OG0007996	transcript_ZK783.2.1	transcript_NIC58.16383.1
OG0007997	transcript_ZK783.4.1	transcript_NIC58.16382.1
OG0007998	transcript_C03B8.4.1	transcript_NIC58.16378.3
OG0007999	transcript_C03B8.3.1	transcript_NIC58.16377.1
OG0008000	transcript_ZK112.2b.1	transcript_NIC58.16376.5
OG0008001	transcript_ZK112.6.1	transcript_NIC58.16375.1
OG0008002	transcript_ZK112.7.1	transcript_NIC58.16380.3
OG0008003	transcript_ZK112.1.1	transcript_NIC58.16372.2
OG0008004	transcript_ZK686.5.1	transcript_NIC58.16366.1
OG0008005	transcript_ZK686.3.1	transcript_NIC58.16365.1
OG0008006	transcript_ZK686.4.2	transcript_NIC58.16364.1
OG0008007	transcript_C08C3.3.1	transcript_NIC58.16357.1
OG0008008	transcript_C08C3.4a.1	transcript_NIC58.16356.1
OG0008009	transcript_C08C3.1b.1	transcript_NIC58.16355.3
OG0008010	transcript_C27D11.1.1	transcript_NIC58.16354.1
OG0008011	transcript_ZK652.6a.1	transcript_NIC58.16353.4
OG0008012	transcript_ZK652.5.1	transcript_NIC58.16352.1
OG0008013	transcript_ZK652.8.1	transcript_NIC58.16351.1
OG0008014	transcript_ZK652.4.1	transcript_NIC58.16358.1
OG0008015	transcript_ZK652.10.1	transcript_NIC58.16359.1
OG0008016	transcript_ZK652.9.1	transcript_NIC58.16360.1
OG0008017	transcript_ZK652.3.1	transcript_NIC58.16361.1
OG0008018	transcript_ZK652.11.1	transcript_NIC58.16362.1
OG0008019	transcript_ZK652.1.1	transcript_NIC58.16363.1
OG0008020	transcript_C02C2.3.1	transcript_NIC58.16339.1
OG0008021	transcript_C02C2.1.1	transcript_NIC58.16341.2
OG0008022	transcript_C02C2.5.1	transcript_NIC58.16340.1
OG0008023	transcript_ZK688.9.1	transcript_NIC58.16400.1
OG0008024	transcript_ZK688.11.1	transcript_NIC58.16401.1
OG0008025	transcript_ZK688.5e.1	transcript_NIC58.16402.2
OG0008026	transcript_ZK688.3.1	transcript_NIC58.16403.2
OG0008027	transcript_ZK688.4.1	transcript_NIC58.16342.1
OG0008028	transcript_ZK688.10.1	transcript_NIC58.16343.1
OG0008029	transcript_ZK688.2.1	transcript_NIC58.16345.1
OG0008030	transcript_ZK688.6.2	transcript_NIC58.16344.1
OG0008031	transcript_ZK688.1.1	transcript_NIC58.16404.1
OG0008032	transcript_ZK688.7.1	transcript_NIC58.16405.2
OG0008033	transcript_ZK688.8.1	transcript_NIC58.16412.5
OG0008034	transcript_C29E4.5a.1	transcript_NIC58.16411.5
OG0008035	transcript_C29E4.13b.1	transcript_NIC58.16410.1
OG0008036	transcript_C29E4.3a.1	transcript_NIC58.16414.1
OG0008037	transcript_C29E4.12.1	transcript_NIC58.16419.1
OG0008038	transcript_C29E4.2.1	transcript_NIC58.16420.1
OG0008039	transcript_C29E4.7.1	transcript_NIC58.16421.1
OG0008040	transcript_C29E4.8.2	transcript_NIC58.16437.1
OG0008041	transcript_C29E4.15.1	transcript_NIC58.16438.1
OG0008042	transcript_C29E4.9.1	transcript_NIC58.16436.2
OG0008043	transcript_F54H12.10.1	transcript_NIC58.1994.1
OG0008044	transcript_F54H12.8.1	transcript_NIC58.16112.1
OG0008045	transcript_F54H12.7.1	transcript_NIC58.16113.1
OG0008046	transcript_F54H12.1a.1	transcript_NIC58.16115.2
OG0008047	transcript_C06G4.4.1	transcript_NIC58.16116.2
OG0008048	transcript_C06G4.5.1	transcript_NIC58.16140.1
OG0008049	transcript_C06G4.6.1	transcript_NIC58.16138.2
OG0008050	transcript_F44B9.4a.1	transcript_NIC58.16194.2
OG0008051	transcript_F44B9.5.1	transcript_NIC58.16192.1
OG0008052	transcript_F44B9.6.1	transcript_NIC58.16191.1
OG0008053	transcript_F44B9.2.1	transcript_NIC58.16187.1
OG0008054	transcript_F44B9.1a.1	transcript_NIC58.16128.1
OG0008055	transcript_K12H4.5.1	transcript_NIC58.16130.1
OG0008056	transcript_K12H4.4.1	transcript_NIC58.16131.1
OG0008057	transcript_K12H4.3.1	transcript_NIC58.16132.1
OG0008058	transcript_K12H4.2.1	transcript_NIC58.16133.1
OG0008059	transcript_K12H4.7.1	transcript_NIC58.16134.1
OG0008060	transcript_K12H4.1.1	transcript_NIC58.16136.2
OG0008061	transcript_K12H4.8.1	transcript_NIC58.15278.2
OG0008062	transcript_K06H7.6.1	transcript_NIC58.15279.1
OG0008063	transcript_K06H7.7.1	transcript_NIC58.15280.1
OG0008064	transcript_K06H7.4.1	transcript_NIC58.15281.1
OG0008065	transcript_K06H7.3.1	transcript_NIC58.15282.3
OG0008066	transcript_K06H7.9.1	transcript_NIC58.15283.1
OG0008067	transcript_K06H7.1.1	transcript_NIC58.15468.1
OG0008068	transcript_C14B9.3.1	transcript_NIC58.15466.1
OG0008069	transcript_C14B9.6a.1	transcript_NIC58.15465.1
OG0008070	transcript_C14B9.7.1	transcript_NIC58.15464.1
OG0008071	transcript_C14B9.2.1	transcript_NIC58.15463.1
OG0008072	transcript_C14B9.1.1	transcript_NIC58.15462.1
OG0008073	transcript_C14B9.8b.1	transcript_NIC58.15461.2
OG0008074	transcript_D2007.4.1	transcript_NIC58.15460.1
OG0008075	transcript_D2007.2b.1	transcript_NIC58.15459.1
OG0008076	transcript_D2007.1.1	transcript_NIC58.15458.1
OG0008077	transcript_C50C3.7.1	transcript_NIC58.15456.4
OG0008078	transcript_C50C3.6.1	transcript_NIC58.15455.1
OG0008079	transcript_C50C3.5.1	transcript_NIC58.15454.1
OG0008080	transcript_C50C3.1.1	transcript_NIC58.15450.1
OG0008081	transcript_C50C3.9a.1	transcript_NIC58.15449.1
OG0008082	transcript_C30A5.10a.1	transcript_NIC58.15447.1
OG0008083	transcript_C30A5.7b.1	transcript_NIC58.15446.1
OG0008084	transcript_C30A5.2.1	transcript_NIC58.15444.3
OG0008085	transcript_C02F5.6b.1	transcript_NIC58.15443.1
OG0008086	transcript_C02F5.14.1	transcript_NIC58.15442.1
OG0008087	transcript_C02F5.11.1	transcript_NIC58.15440.1
OG0008088	transcript_C02F5.8.1	transcript_NIC58.15439.3
OG0008089	transcript_C02F5.9.1	transcript_NIC58.15438.1
OG0008090	transcript_C02F5.4.1	transcript_NIC58.15437.2
OG0008091	transcript_C02F5.3.1	transcript_NIC58.15436.1
OG0008092	transcript_C02F5.10.1	transcript_NIC58.15435.1
OG0008093	transcript_C02F5.2.1	transcript_NIC58.15434.2
OG0008094	transcript_C02F5.1.1	transcript_NIC58.9594.1
OG0008095	transcript_F09G8.5.1	transcript_NIC58.15433.1
OG0008096	transcript_F09G8.4.1	transcript_NIC58.15430.4
OG0008097	transcript_F09G8.6.1	transcript_NIC58.15431.1
OG0008098	transcript_F09G8.3.1	transcript_NIC58.15428.3
OG0008099	transcript_F09G8.7.1	transcript_NIC58.15427.1
OG0008100	transcript_F09G8.2.1	transcript_NIC58.15426.1
OG0008101	transcript_F09G8.9.1	transcript_NIC58.15425.1
OG0008102	transcript_F09G8.10.1	transcript_NIC58.15424.1
OG0008103	transcript_F09G8.8.1	transcript_NIC58.15423.1
OG0008104	transcript_F10E9.6c.1	transcript_NIC58.15422.2
OG0008105	transcript_F10E9.7.2	transcript_NIC58.15421.1
OG0008106	transcript_F10E9.5.1	transcript_NIC58.15420.1
OG0008107	transcript_F10E9.4.1	transcript_NIC58.15419.2
OG0008108	transcript_F10E9.8.1	transcript_NIC58.15415.3
OG0008109	transcript_F10E9.11.1	transcript_NIC58.15414.1
OG0008110	transcript_F10E9.1.1	transcript_NIC58.15410.1
OG0008111	transcript_F10E9.12.1	transcript_NIC58.15409.1
OG0008112	transcript_ZC262.13.1	transcript_NIC58.15408.1
OG0008113	transcript_ZC262.3.2	transcript_NIC58.15407.1
OG0008114	transcript_ZC262.8.1	transcript_NIC58.15406.1
OG0008115	transcript_ZC262.2a.1	transcript_NIC58.15405.1
OG0008116	transcript_R05D3.8.1	transcript_NIC58.14978.1
OG0008117	transcript_R05D3.4b.1	transcript_NIC58.14977.4
OG0008118	transcript_R05D3.9.1	transcript_NIC58.14979.1
OG0008119	transcript_R05D3.3.2	transcript_NIC58.14980.1
OG0008120	transcript_R05D3.2.1	transcript_NIC58.14984.2
OG0008121	transcript_R05D3.11.1	transcript_NIC58.14985.1
OG0008122	transcript_R05D3.12a.1	transcript_NIC58.14986.1
OG0008123	transcript_ZK353.4.1	transcript_NIC58.14987.2
OG0008124	transcript_ZK353.10b.1	transcript_NIC58.14988.1
OG0008125	transcript_ZK353.3.1	transcript_NIC58.14989.1
OG0008126	transcript_ZK353.2.1	transcript_NIC58.14990.1
OG0008127	transcript_ZK353.6.1	transcript_NIC58.14991.1
OG0008128	transcript_ZK353.7.1	transcript_NIC58.14992.3
OG0008129	transcript_ZK353.1b.1	transcript_NIC58.14993.2
OG0008130	transcript_ZK353.9.1	transcript_NIC58.14994.1
OG0008131	transcript_ZK1236.3a.1	transcript_NIC58.14996.1
OG0008132	transcript_ZK1236.1.1	transcript_NIC58.14999.1
OG0008133	transcript_ZK1236.5.1	transcript_NIC58.15000.1
OG0008134	transcript_ZK1236.9b.1	transcript_NIC58.15001.1
OG0008135	transcript_ZK1236.6.1	transcript_NIC58.15002.2
OG0008136	transcript_ZK1236.7a.1	transcript_NIC58.15003.1
OG0008137	transcript_C30C11.4.1	transcript_NIC58.15004.1
OG0008138	transcript_C30C11.2.1	transcript_NIC58.15005.1
OG0008139	transcript_F42H10.5a.1	transcript_NIC58.15007.1
OG0008140	transcript_F42H10.6.2	transcript_NIC58.15008.1
OG0008141	transcript_F42H10.3a.1	transcript_NIC58.15009.3
OG0008142	transcript_F42H10.7b.1	transcript_NIC58.15010.2
OG0008143	transcript_F42H10.2.1	transcript_NIC58.15011.1
OG0008144	transcript_C04D8.1a.1	transcript_NIC58.15012.3
OG0008145	transcript_ZC21.8.1	transcript_NIC58.15013.2
OG0008146	transcript_ZC21.3e.1	transcript_NIC58.15015.1
OG0008147	transcript_ZC21.2b.1	transcript_NIC58.15016.2
OG0008148	transcript_ZC21.6b.1	transcript_NIC58.15017.2
OG0008149	transcript_C02D5.2a.1	transcript_NIC58.15020.1
OG0008150	transcript_C06E1.3.1	transcript_NIC58.15022.1
OG0008151	transcript_C06E1.4.1	transcript_NIC58.15023.1
OG0008152	transcript_C06E1.8.1	transcript_NIC58.16069.1
OG0008153	transcript_C06E1.1.1	transcript_NIC58.16070.1
OG0008154	transcript_C06E1.9.1	transcript_NIC58.16071.1
OG0008155	transcript_F22B7.6a.1	transcript_NIC58.16098.1
OG0008156	transcript_F22B7.5a.1	transcript_NIC58.16099.1
OG0008157	transcript_F22B7.3.1	transcript_NIC58.16103.1
OG0008158	transcript_F22B7.2b.1	transcript_NIC58.16105.1
OG0008159	transcript_F22B7.9.1	transcript_NIC58.16106.2
OG0008160	transcript_F22B7.10.1	transcript_NIC58.16107.1
OG0008161	transcript_F22B7.1.1	transcript_NIC58.16108.1
OG0008162	transcript_B0523.5.1	transcript_NIC58.16291.2
OG0008163	transcript_B0303.2.1	transcript_NIC58.16292.1
OG0008164	transcript_B0303.3.2	transcript_NIC58.16224.1
OG0008165	transcript_B0303.4.2	transcript_NIC58.16225.3
OG0008166	transcript_B0303.9.1	transcript_NIC58.16297.1
OG0008167	transcript_B0303.11b.1	transcript_NIC58.16306.1
OG0008168	transcript_B0303.15.1	transcript_NIC58.16308.1
OG0008169	transcript_ZK370.4b.1	transcript_NIC58.16328.2
OG0008170	transcript_ZK370.5.1	transcript_NIC58.16329.2
OG0008171	transcript_ZK370.6b.1	transcript_NIC58.16324.1
OG0008172	transcript_ZK370.7.1	transcript_NIC58.16319.1
OG0008173	transcript_ZK370.2a.1	transcript_NIC58.16317.1
OG0008174	transcript_ZK370.8.1	transcript_NIC58.16318.1
OG0008175	transcript_PAR2.3a.1	transcript_NIC58.16244.1
OG0008176	transcript_PAR2.4a.2	transcript_NIC58.16245.3
OG0008177	transcript_PAR2.1.1	transcript_NIC58.16246.1
OG0008178	transcript_K02D10.1a.1	transcript_NIC58.16247.3
OG0008179	transcript_K02D10.5.1	transcript_NIC58.16248.1
OG0008180	transcript_K02D10.4.1	transcript_NIC58.16249.1
OG0008181	transcript_F54F2.5.1	transcript_NIC58.16250.1
OG0008182	transcript_F54F2.2a.2	transcript_NIC58.16252.2
OG0008183	transcript_F54F2.7.1	transcript_NIC58.16253.1
OG0008184	transcript_F54F2.8.1	transcript_NIC58.16254.1
OG0008185	transcript_F54F2.1.1	transcript_NIC58.16259.1
OG0008186	transcript_F54F2.9.1	transcript_NIC58.16256.1
OG0008187	transcript_F44E2.3.1	transcript_NIC58.16257.1
OG0008188	transcript_F44E2.10.1	transcript_NIC58.16255.1
OG0008189	transcript_F44E2.4.1	transcript_NIC58.16240.1
OG0008190	transcript_F44E2.6a.2	transcript_NIC58.16239.1
OG0008191	transcript_F44E2.8.1	transcript_NIC58.16237.1
OG0008192	transcript_F44E2.9.1	transcript_NIC58.16236.1
OG0008193	transcript_F44E2.11.1	transcript_NIC58.16298.1
OG0008194	transcript_K01F9.2.1	transcript_NIC58.16299.1
OG0008195	transcript_ZK637.1.1	transcript_NIC58.16300.2
OG0008196	transcript_ZK637.2.1	transcript_NIC58.16301.1
OG0008197	transcript_ZK637.14.1	transcript_NIC58.16302.1
OG0008198	transcript_ZK637.3.1	transcript_NIC58.16303.1
OG0008199	transcript_ZK637.4.1	transcript_NIC58.16304.1
OG0008200	transcript_ZK637.5.1	transcript_NIC58.16305.1
OG0008201	transcript_ZK637.7b.1	transcript_NIC58.16220.2
OG0008202	transcript_ZK637.8a.1	transcript_NIC58.16221.6
OG0008203	transcript_ZK637.9.1	transcript_NIC58.16222.1
OG0008204	transcript_ZK637.10.1	transcript_NIC58.16223.1
OG0008205	transcript_ZK637.13.1	transcript_NIC58.16126.1
OG0008206	transcript_ZK643.1a.1	transcript_NIC58.16122.3
OG0008207	transcript_ZK643.3b.1	transcript_NIC58.16121.2
OG0008208	transcript_ZK643.5.1	transcript_NIC58.16120.1
OG0008209	transcript_ZK643.2.1	transcript_NIC58.16119.1
OG0008210	transcript_ZK643.6.1	transcript_NIC58.16118.1
OG0008211	transcript_ZK643.8a.1	transcript_NIC58.16117.1
OG0008212	transcript_R08D7.1.1	transcript_NIC58.16201.1
OG0008213	transcript_R08D7.2.1	transcript_NIC58.16202.1
OG0008214	transcript_R08D7.3.1	transcript_NIC58.16203.1
OG0008215	transcript_R08D7.4a.1	transcript_NIC58.16204.2
OG0008216	transcript_R08D7.5.1	transcript_NIC58.16205.1
OG0008217	transcript_R08D7.6a.1	transcript_NIC58.16206.1
OG0008218	transcript_R08D7.7.2	transcript_NIC58.16207.1
OG0008219	transcript_F59B2.2.1	transcript_NIC58.16208.2
OG0008220	transcript_F59B2.3.1	transcript_NIC58.16209.1
OG0008221	transcript_F59B2.5a.1	transcript_NIC58.16210.1
OG0008222	transcript_F59B2.15.1	transcript_NIC58.16211.1
OG0008223	transcript_F59B2.6.1	transcript_NIC58.16212.1
OG0008224	transcript_F59B2.7.1	transcript_NIC58.16213.1
OG0008225	transcript_F59B2.12.1	transcript_NIC58.16199.1
OG0008226	transcript_F59B2.13a.1	transcript_NIC58.16145.1
OG0008227	transcript_R107.2.1	transcript_NIC58.16147.1
OG0008228	transcript_R107.5b.1	transcript_NIC58.16149.1
OG0008229	transcript_F02A9.7.1	transcript_NIC58.16153.2
OG0008230	transcript_F02A9.2.1	transcript_NIC58.16158.1
OG0008231	transcript_F02A9.10.1	transcript_NIC58.16160.1
OG0008232	transcript_ZK507.1.1	transcript_NIC58.15837.1
OG0008233	transcript_ZK507.4.1	transcript_NIC58.15882.1
OG0008234	transcript_ZK512.1.1	transcript_NIC58.15880.2
OG0008235	transcript_ZK512.9.1	transcript_NIC58.15879.1
OG0008236	transcript_ZK512.3.1	transcript_NIC58.15878.1
OG0008237	transcript_ZK512.5a.1	transcript_NIC58.15877.1
OG0008238	transcript_ZK512.10.1	transcript_NIC58.15876.1
OG0008239	transcript_ZK512.6a.1	transcript_NIC58.15874.1
OG0008240	transcript_ZK512.2a.1	transcript_NIC58.15872.1
OG0008241	transcript_ZK512.11.1	transcript_NIC58.15873.1
OG0008242	transcript_ZK512.4.1	transcript_NIC58.15867.1
OG0008243	transcript_F54G8.4a.1	transcript_NIC58.15863.1
OG0008244	transcript_F54G8.5.1	transcript_NIC58.15861.1
OG0008245	transcript_F54G8.2.1	transcript_NIC58.15860.2
OG0008246	transcript_F54G8.3.1	transcript_NIC58.15859.1
OG0008247	transcript_ZC84.2.1	transcript_NIC58.15858.1
OG0008248	transcript_ZC84.7.1	transcript_NIC58.15857.1
OG0008249	transcript_ZC84.3.1	transcript_NIC58.15856.1
OG0008250	transcript_ZC84.4.1	transcript_NIC58.15854.1
OG0008251	transcript_T23G5.3.1	transcript_NIC58.15851.1
OG0008252	transcript_T23G5.2a.1	transcript_NIC58.15841.2
OG0008253	transcript_T23G5.6.1	transcript_NIC58.15840.2
OG0008254	transcript_T23G5.5.1	transcript_NIC58.15839.1
OG0008255	transcript_T02C1.1.1	transcript_NIC58.15827.1
OG0008256	transcript_T02C1.2.1	transcript_NIC58.15828.1
OG0008257	transcript_M01A8.1a.1	transcript_NIC58.15830.1
OG0008258	transcript_M01A8.2a.1	transcript_NIC58.15831.2
OG0008259	transcript_K01B6.1.2	transcript_NIC58.15832.1
OG0008260	transcript_K01B6.4.1	transcript_NIC58.15833.1
OG0008261	transcript_K01B6.3.1	transcript_NIC58.15834.1
OG0008262	transcript_K01B6.2.1	transcript_NIC58.15835.2
OG0008263	transcript_C40H1.1.1	transcript_NIC58.15825.3
OG0008264	transcript_C40H1.7a.1	transcript_NIC58.15824.1
OG0008265	transcript_C40H1.3.1	transcript_NIC58.15822.1
OG0008266	transcript_C40H1.5.1	transcript_NIC58.15821.1
OG0008267	transcript_C40H1.6.1	transcript_NIC58.15820.1
OG0008268	transcript_C40H1.4.1	transcript_NIC58.15819.1
OG0008269	transcript_K04H4.2c.1	transcript_NIC58.15812.2
OG0008270	transcript_K04H4.7.1	transcript_NIC58.15813.1
OG0008271	transcript_K04H4.6b.1	transcript_NIC58.15811.1
OG0008272	transcript_C38C10.1.1	transcript_NIC58.15809.1
OG0008273	transcript_C38C10.2.1	transcript_NIC58.15808.3
OG0008274	transcript_C38C10.5b.1	transcript_NIC58.15806.1
OG0008275	transcript_T26G10.1.1	transcript_NIC58.15805.1
OG0008276	transcript_T26G10.5.1	transcript_NIC58.15803.1
OG0008277	transcript_F54C8.1.1	transcript_NIC58.15802.2
OG0008278	transcript_F54C8.4a.1	transcript_NIC58.15800.1
OG0008279	transcript_F54C8.6b.1	transcript_NIC58.15799.1
OG0008280	transcript_F54C8.7b.1	transcript_NIC58.15797.3
OG0008281	transcript_F54C8.5.1	transcript_NIC58.15798.1
OG0008282	transcript_B0464.6.2	transcript_NIC58.15795.1
OG0008283	transcript_B0464.9.1	transcript_NIC58.15794.1
OG0008284	transcript_B0464.7.1	transcript_NIC58.15793.1
OG0008285	transcript_B0464.8.1	transcript_NIC58.15792.4
OG0008286	transcript_B0464.4a.1	transcript_NIC58.15790.2
OG0008287	transcript_B0464.2a.2	transcript_NIC58.15787.3
OG0008288	transcript_F55H2.1b.2	transcript_NIC58.15786.2
OG0008289	transcript_F55H2.2.1	transcript_NIC58.15782.1
OG0008290	transcript_F55H2.5.1	transcript_NIC58.15781.1
OG0008291	transcript_F55H2.7.1	transcript_NIC58.15780.1
OG0008292	transcript_F55H2.6.1	transcript_NIC58.15779.1
OG0008293	transcript_ZK1098.1a.1	transcript_NIC58.15775.1
OG0008294	transcript_ZK1098.7.1	transcript_NIC58.15776.1
OG0008295	transcript_ZK1098.5.1	transcript_NIC58.15774.1
OG0008296	transcript_ZK1098.3.1	transcript_NIC58.15772.2
OG0008297	transcript_ZK1098.12.1	transcript_NIC58.15763.1
OG0008298	transcript_ZK1098.10e.1	transcript_NIC58.15762.7
OG0008299	transcript_ZK1098.11.1	transcript_NIC58.15761.1
OG0008300	transcript_C48B4.8a.1	transcript_NIC58.15759.1
OG0008301	transcript_C48B4.13.1	transcript_NIC58.15756.1
OG0008302	transcript_C48B4.3.1	transcript_NIC58.15754.2
OG0008303	transcript_F58A4.2.1	transcript_NIC58.15729.1
OG0008304	transcript_F58A4.5.1	transcript_NIC58.15728.2
OG0008305	transcript_F58A4.14a.1	transcript_NIC58.15727.1
OG0008306	transcript_F58A4.6.1	transcript_NIC58.15725.1
OG0008307	transcript_F58A4.7b.1	transcript_NIC58.15742.1
OG0008308	transcript_F58A4.8.1	transcript_NIC58.15744.1
OG0008309	transcript_F58A4.9.1	transcript_NIC58.15745.1
OG0008310	transcript_F58A4.11.1	transcript_NIC58.15751.1
OG0008311	transcript_C07A9.9.1	transcript_NIC58.15732.2
OG0008312	transcript_C07A9.2.1	transcript_NIC58.15734.5
OG0008313	transcript_C07A9.3b.1	transcript_NIC58.15735.1
OG0008314	transcript_C07A9.1.1	transcript_NIC58.15738.1
OG0008315	transcript_C07A9.12.1	transcript_NIC58.15739.1
OG0008316	transcript_T05G5.12.1	transcript_NIC58.15740.1
OG0008317	transcript_T05G5.1a.1	transcript_NIC58.15741.2
OG0008318	transcript_T05G5.10a.1	transcript_NIC58.15723.1
OG0008319	transcript_T05G5.3.1	transcript_NIC58.15722.1
OG0008320	transcript_T05G5.4.1	transcript_NIC58.15721.1
OG0008321	transcript_T05G5.5d.1	transcript_NIC58.15720.1
OG0008322	transcript_T05G5.9a.1	transcript_NIC58.15715.1
OG0008323	transcript_T05G5.7a.1	transcript_NIC58.15716.1
OG0008324	transcript_R10E11.3a.1	transcript_NIC58.15710.1
OG0008325	transcript_R10E11.4.1	transcript_NIC58.15709.1
OG0008326	transcript_R10E11.8.1	transcript_NIC58.15708.1
OG0008327	transcript_R10E11.6a.2	transcript_NIC58.15706.1
OG0008328	transcript_R10E11.5a.1	transcript_NIC58.15705.2
OG0008329	transcript_R10E11.9.1	transcript_NIC58.15704.1
OG0008330	transcript_ZK632.1a.1	transcript_NIC58.15703.2
OG0008331	transcript_ZK632.2.1	transcript_NIC58.15702.1
OG0008332	transcript_ZK632.3.1	transcript_NIC58.15699.2
OG0008333	transcript_ZK632.14.1	transcript_NIC58.15695.1
OG0008334	transcript_ZK632.6a.1	transcript_NIC58.15694.1
OG0008335	transcript_ZK632.7.2	transcript_NIC58.15693.1
OG0008336	transcript_ZK632.8.1	transcript_NIC58.15692.1
OG0008337	transcript_ZK632.13a.1	transcript_NIC58.15691.1
OG0008338	transcript_ZK632.9.1	transcript_NIC58.15690.1
OG0008339	transcript_ZK632.11.1	transcript_NIC58.15688.1
OG0008340	transcript_K11H3.5a.1	transcript_NIC58.15684.1
OG0008341	transcript_K11H3.2.1	transcript_NIC58.15682.1
OG0008342	transcript_K11H3.6.1	transcript_NIC58.15681.1
OG0008343	transcript_K11H3.7.1	transcript_NIC58.15678.2
OG0008344	transcript_ZK757.1a.1	transcript_NIC58.15676.1
OG0008345	transcript_ZK757.2.2	transcript_NIC58.15674.1
OG0008346	transcript_ZK757.10.1	transcript_NIC58.15673.1
OG0008347	transcript_F40F12.4.1	transcript_NIC58.15671.1
OG0008348	transcript_F40F12.5a.1	transcript_NIC58.15670.1
OG0008349	transcript_K03H1.3.2	transcript_NIC58.15667.1
OG0008350	transcript_K03H1.4.1	transcript_NIC58.15666.1
OG0008351	transcript_K03H1.6.1	transcript_NIC58.15665.1
OG0008352	transcript_K03H1.5.1	transcript_NIC58.15664.2
OG0008353	transcript_K03H1.12.1	transcript_NIC58.15669.1
OG0008354	transcript_K03H1.7.1	transcript_NIC58.15663.1
OG0008355	transcript_K03H1.13a.1	transcript_NIC58.15662.2
OG0008356	transcript_K03H1.2.1	transcript_NIC58.15660.2
OG0008357	transcript_R10E12.1b.1	transcript_NIC58.15659.2
OG0008358	transcript_R10E12.2.1	transcript_NIC58.15658.1
OG0008359	transcript_C05B5.12.1	transcript_NIC58.15654.1
OG0008360	transcript_C05B5.1.1	transcript_NIC58.15653.1
OG0008361	transcript_C05B5.4.1	transcript_NIC58.15652.1
OG0008362	transcript_C05B5.3.1	transcript_NIC58.15651.2
OG0008363	transcript_M04D8.2.1	transcript_NIC58.15646.1
OG0008364	transcript_M04D8.5.1	transcript_NIC58.15645.1
OG0008365	transcript_M04D8.8.1	transcript_NIC58.15643.1
OG0008366	transcript_M04D8.6.1	transcript_NIC58.15642.1
OG0008367	transcript_M04D8.7.1	transcript_NIC58.15641.1
OG0008368	transcript_T16G12.1.1	transcript_NIC58.15638.1
OG0008369	transcript_T16G12.4.1	transcript_NIC58.15637.1
OG0008370	transcript_T16G12.13.1	transcript_NIC58.15636.1
OG0008371	transcript_T16G12.5.1	transcript_NIC58.15634.1
OG0008372	transcript_T16G12.6.1	transcript_NIC58.15633.1
OG0008373	transcript_T16G12.9a.1	transcript_NIC58.15632.1
OG0008374	transcript_T16H12.3a.1	transcript_NIC58.15630.1
OG0008375	transcript_T16H12.11.2	transcript_NIC58.15629.1
OG0008376	transcript_T16H12.4.1	transcript_NIC58.15628.1
OG0008377	transcript_T16H12.5a.1	transcript_NIC58.15627.1
OG0008378	transcript_T16H12.9.1	transcript_NIC58.15624.1
OG0008379	transcript_ZK1128.8b.1	transcript_NIC58.15623.1
OG0008380	transcript_ZK1128.1.1	transcript_NIC58.15622.1
OG0008381	transcript_ZK1128.7.1	transcript_NIC58.15615.1
OG0008382	transcript_K08E5.3a.1	transcript_NIC58.15613.1
OG0008383	transcript_T20G5.6.1	transcript_NIC58.15612.1
OG0008384	transcript_T20G5.5.1	transcript_NIC58.15611.2
OG0008385	transcript_T20G5.7.1	transcript_NIC58.15610.1
OG0008386	transcript_T20G5.13.1	transcript_NIC58.15609.1
OG0008387	transcript_T20G5.12.1	transcript_NIC58.15608.1
OG0008388	transcript_T20G5.9.1	transcript_NIC58.15606.1
OG0008389	transcript_T20G5.10.1	transcript_NIC58.15605.1
OG0008390	transcript_T20G5.4a.1	transcript_NIC58.15604.1
OG0008391	transcript_T20G5.2.1	transcript_NIC58.15603.4
OG0008392	transcript_T20G5.14.1	transcript_NIC58.15602.1
OG0008393	transcript_Y70G10A.3.1	transcript_NIC58.14619.1
OG0008394	transcript_R01H10.1.1	transcript_NIC58.14620.1
OG0008395	transcript_R01H10.3c.1	transcript_NIC58.14621.1
OG0008396	transcript_R01H10.4.1	transcript_NIC58.14622.1
OG0008397	transcript_R01H10.5.1	transcript_NIC58.14623.1
OG0008398	transcript_R01H10.7.1	transcript_NIC58.14624.2
OG0008399	transcript_R01H10.8a.1	transcript_NIC58.14625.1
OG0008400	transcript_K10G9.3b.1	transcript_NIC58.14626.1
OG0008401	transcript_K10G9.2.1	transcript_NIC58.14627.1
OG0008402	transcript_T07A5.7.1	transcript_NIC58.14632.1
OG0008403	transcript_T07A5.2.1	transcript_NIC58.14634.1
OG0008404	transcript_T07A5.6c.1	transcript_NIC58.14635.1
OG0008405	transcript_T07C4.10.1	transcript_NIC58.14636.1
OG0008406	transcript_T07C4.9a.1	transcript_NIC58.14637.3
OG0008407	transcript_T07C4.11a.1	transcript_NIC58.14638.2
OG0008408	transcript_T07C4.7a.1	transcript_NIC58.14640.1
OG0008409	transcript_T07C4.8.1	transcript_NIC58.14639.1
OG0008410	transcript_T07C4.5.1	transcript_NIC58.14641.1
OG0008411	transcript_T07C4.4.1	transcript_NIC58.14646.1
OG0008412	transcript_T07C4.1.1	transcript_NIC58.14651.1
OG0008413	transcript_C38H2.1a.1	transcript_NIC58.14653.1
OG0008414	transcript_C38H2.3.1	transcript_NIC58.14666.1
OG0008415	transcript_M03C11.1.1	transcript_NIC58.14667.1
OG0008416	transcript_M03C11.2.1	transcript_NIC58.14668.1
OG0008417	transcript_M03C11.4.1	transcript_NIC58.14669.2
OG0008418	transcript_M03C11.5.1	transcript_NIC58.14670.4
OG0008419	transcript_M03C11.6.1	transcript_NIC58.14671.1
OG0008420	transcript_M03C11.7.1	transcript_NIC58.14672.1
OG0008421	transcript_M03C11.8.1	transcript_NIC58.14673.1
OG0008422	transcript_D2045.1d.1	transcript_NIC58.14678.2
OG0008423	transcript_D2045.5.1	transcript_NIC58.14677.1
OG0008424	transcript_D2045.9.1	transcript_NIC58.14676.1
OG0008425	transcript_D2045.8.1	transcript_NIC58.14675.1
OG0008426	transcript_F43D9.1.1	transcript_NIC58.14679.1
OG0008427	transcript_F43D9.6.1	transcript_NIC58.14688.1
OG0008428	transcript_F43D9.4.1	transcript_NIC58.14692.1
OG0008429	transcript_F43D9.3a.1	transcript_NIC58.14691.1
OG0008430	transcript_T21C12.1e.1	transcript_NIC58.14690.9
OG0008431	transcript_T21C12.2.1	transcript_NIC58.14694.4
OG0008432	transcript_T21C12.3.1	transcript_NIC58.14693.1
OG0008433	transcript_T21C12.8a.1	transcript_NIC58.14695.2
OG0008434	transcript_Y45F3A.1.1	transcript_NIC58.14696.1
OG0008435	transcript_Y45F3A.3a.1	transcript_NIC58.14697.2
OG0008436	transcript_Y45F3A.4.1	transcript_NIC58.14698.1
OG0008437	transcript_Y45F3A.9.1	transcript_NIC58.14699.1
OG0008438	transcript_Y39A1A.1b.1	transcript_NIC58.14700.2
OG0008439	transcript_Y39A1A.5b.1	transcript_NIC58.14701.1
OG0008440	transcript_Y39A1A.24.1	transcript_NIC58.14702.1
OG0008441	transcript_Y39A1A.6.1	transcript_NIC58.14703.1
OG0008442	transcript_Y39A1A.23a.1	transcript_NIC58.14705.3
OG0008443	transcript_Y39A1A.8b.1	transcript_NIC58.14706.1
OG0008444	transcript_Y39A1A.9.1	transcript_NIC58.14707.1
OG0008445	transcript_Y39A1A.11a.1	transcript_NIC58.14708.1
OG0008446	transcript_Y39A1A.12.1	transcript_NIC58.14709.2
OG0008447	transcript_Y39A1A.13a.1	transcript_NIC58.14710.1
OG0008448	transcript_Y39A1A.15a.1	transcript_NIC58.14711.2
OG0008450	transcript_Y39A1A.20.1	transcript_NIC58.14716.1
OG0008451	transcript_Y39A1A.21a.2	transcript_NIC58.14718.1
OG0008452	transcript_Y39A1A.22.1	transcript_NIC58.14717.1
OG0008453	transcript_W09D10.3.1	transcript_NIC58.14719.1
OG0008454	transcript_W09D10.5a.1	transcript_NIC58.14720.1
OG0008455	transcript_W09D10.4.1	transcript_NIC58.14721.1
OG0008456	transcript_W09D10.2.2	transcript_NIC58.14722.1
OG0008457	transcript_W09D10.1.2	transcript_NIC58.14723.1
OG0008458	transcript_K01G5.6.1	transcript_NIC58.14725.5
OG0008459	transcript_K01G5.4.1	transcript_NIC58.14726.1
OG0008460	transcript_K01G5.5.1	transcript_NIC58.14727.1
OG0008461	transcript_K01G5.1.1	transcript_NIC58.14731.5
OG0008462	transcript_Y39A1B.3.1	transcript_NIC58.14732.1
OG0008463	transcript_Y39A1B.2a.1	transcript_NIC58.14733.1
OG0008464	transcript_K11D9.1a.1	transcript_NIC58.14736.1
OG0008465	transcript_K11D9.2a.1	transcript_NIC58.14738.4
OG0008466	transcript_R17.3a.1	transcript_NIC58.14740.2
OG0008467	transcript_R17.2.1	transcript_NIC58.14741.1
OG0008468	transcript_Y39A1C.4.1	transcript_NIC58.14742.4
OG0008469	transcript_Y39A1C.2.1	transcript_NIC58.14743.1
OG0008470	transcript_Y39A1C.3.1	transcript_NIC58.14744.1
OG0008471	transcript_C44B9.1.1	transcript_NIC58.14745.1
OG0008472	transcript_C44B9.2.1	transcript_NIC58.14746.1
OG0008473	transcript_C44B9.5.1	transcript_NIC58.14753.1
OG0008474	transcript_M142.1c.1	transcript_NIC58.14754.1
OG0008475	transcript_M142.2.1	transcript_NIC58.14755.2
OG0008476	transcript_M142.4.1	transcript_NIC58.14756.2
OG0008477	transcript_M142.5b.1	transcript_NIC58.14757.1
OG0008478	transcript_M142.8a.1	transcript_NIC58.14758.2
OG0008479	transcript_M142.6a.1	transcript_NIC58.14759.2
OG0008480	transcript_Y52D3.1a.1	transcript_NIC58.14760.1
OG0008481	transcript_Y48A6A.1.1	transcript_NIC58.14761.1
OG0008482	transcript_W05B2.2.1	transcript_NIC58.14762.1
OG0008483	transcript_W05B2.4.1	transcript_NIC58.14785.1
OG0008484	transcript_Y48A6B.1.1	transcript_NIC58.16058.1
OG0008485	transcript_Y48A6B.3.1	transcript_NIC58.14833.1
OG0008486	transcript_Y48A6B.5.1	transcript_NIC58.14834.1
OG0008487	transcript_Y48A6B.6b.1	transcript_NIC58.14835.2
OG0008488	transcript_Y48A6B.7.1	transcript_NIC58.14836.2
OG0008489	transcript_Y48A6B.9a.1	transcript_NIC58.14837.1
OG0008490	transcript_Y48A6B.13f.1	transcript_NIC58.14838.5
OG0008491	transcript_Y48A6B.11c.1	transcript_NIC58.14840.5
OG0008492	transcript_W09D6.1c.1	transcript_NIC58.14841.1
OG0008493	transcript_W09D6.5.1	transcript_NIC58.14847.1
OG0008494	transcript_W09D6.6.1	transcript_NIC58.14848.2
OG0008495	transcript_Y48A6C.4.1	transcript_NIC58.14849.1
OG0008496	transcript_Y47D3A.29.1	transcript_NIC58.14850.1
OG0008497	transcript_Y47D3A.4.1	transcript_NIC58.14851.1
OG0008498	transcript_Y47D3A.11.1	transcript_NIC58.14855.1
OG0008499	transcript_Y47D3A.30a.1	transcript_NIC58.1295.1
OG0008500	transcript_Y47D3A.34.1	transcript_NIC58.14859.1
OG0008501	transcript_Y47D3A.14.1	transcript_NIC58.14877.3
OG0008502	transcript_Y47D3A.15.1	transcript_NIC58.14876.2
OG0008503	transcript_Y47D3A.32d.1	transcript_NIC58.14874.1
OG0008504	transcript_Y47D3A.17c.1	transcript_NIC58.14873.4
OG0008505	transcript_Y47D3A.20.1	transcript_NIC58.14872.1
OG0008506	transcript_Y47D3A.21.1	transcript_NIC58.14871.1
OG0008507	transcript_Y47D3A.23a.1	transcript_NIC58.14870.1
OG0008508	transcript_Y47D3A.22.1	transcript_NIC58.14730.1
OG0008509	transcript_Y47D3A.26a.1	transcript_NIC58.14863.3
OG0008510	transcript_Y47D3A.25.1	transcript_NIC58.14869.1
OG0008511	transcript_Y47D3A.27.2	transcript_NIC58.14868.1
OG0008512	transcript_Y47D3A.28.1	transcript_NIC58.14867.2
OG0008513	transcript_T28D6.6a.1	transcript_NIC58.14866.1
OG0008514	transcript_T28D6.7.1	transcript_NIC58.14862.1
OG0008515	transcript_T28D6.4.1	transcript_NIC58.14861.1
OG0008516	transcript_T28D6.3.1	transcript_NIC58.14878.1
OG0008517	transcript_Y47D3B.10.1	transcript_NIC58.14858.1
OG0008518	transcript_Y47D3B.1.1	transcript_NIC58.14940.1
OG0008519	transcript_Y47D3B.2a.1	transcript_NIC58.14939.1
OG0008520	transcript_Y47D3B.3.1	transcript_NIC58.14938.1
OG0008521	transcript_Y47D3B.12.1	transcript_NIC58.14937.1
OG0008522	transcript_Y47D3B.4.1	transcript_NIC58.14935.1
OG0008523	transcript_Y47D3B.5b.1	transcript_NIC58.14934.3
OG0008524	transcript_Y47D3B.6.1	transcript_NIC58.14933.1
OG0008525	transcript_Y47D3B.7.1	transcript_NIC58.14932.2
OG0008526	transcript_Y47D3B.11.1	transcript_NIC58.14930.1
OG0008527	transcript_Y47D3B.9a.1	transcript_NIC58.14929.2
OG0008528	transcript_Y66A7A.2a.1	transcript_NIC58.14927.1
OG0008529	transcript_Y66D12A.23.2	transcript_NIC58.14925.1
OG0008530	transcript_Y66D12A.24.1	transcript_NIC58.14926.1
OG0008531	transcript_Y66D12A.22.1	transcript_NIC58.14924.1
OG0008532	transcript_Y66D12A.21.1	transcript_NIC58.14923.2
OG0008533	transcript_Y66D12A.20.1	transcript_NIC58.14922.1
OG0008534	transcript_Y66D12A.19.1	transcript_NIC58.14921.1
OG0008535	transcript_Y66D12A.14.1	transcript_NIC58.14917.1
OG0008536	transcript_Y66D12A.13.1	transcript_NIC58.14915.1
OG0008537	transcript_Y66D12A.9.1	transcript_NIC58.14912.1
OG0008538	transcript_Y66D12A.8a.1	transcript_NIC58.14911.1
OG0008539	transcript_Y66D12A.7.1	transcript_NIC58.14910.1
OG0008540	transcript_Y66D12A.6.1	transcript_NIC58.14908.1
OG0008541	transcript_Y66D12A.5.1	transcript_NIC58.14906.4
OG0008542	transcript_Y66D12A.3.1	transcript_NIC58.14904.1
OG0008544	transcript_Y66A7A.9.1	transcript_NIC58.14903.1
OG0008545	transcript_Y66A7A.4.1	transcript_NIC58.14902.1
OG0008546	transcript_Y66A7A.6.1	transcript_NIC58.14901.1
OG0008547	transcript_Y66A7A.7.1	transcript_NIC58.10627.1
OG0008548	transcript_Y41C4A.6.1	transcript_NIC58.14899.1
OG0008549	transcript_Y41C4A.7.1	transcript_NIC58.15006.1
OG0008550	transcript_Y41C4A.16.1	transcript_NIC58.14896.1
OG0008551	transcript_Y41C4A.9.1	transcript_NIC58.14894.2
OG0008552	transcript_Y41C4A.10.1	transcript_NIC58.14893.1
OG0008553	transcript_Y41C4A.11.1	transcript_NIC58.14892.1
OG0008554	transcript_Y41C4A.32.1	transcript_NIC58.14891.1
OG0008555	transcript_Y41C4A.12b.1	transcript_NIC58.14888.1
OG0008556	transcript_Y41C4A.18.1	transcript_NIC58.14887.1
OG0008557	transcript_Y41C4A.13.1	transcript_NIC58.14886.2
OG0008558	transcript_Y41C4A.14.1	transcript_NIC58.14885.2
OG0008559	transcript_C24H11.7a.1	transcript_NIC58.14883.3
OG0008560	transcript_C24H11.6.1	transcript_NIC58.14882.2
OG0008561	transcript_C24H11.9.1	transcript_NIC58.14881.1
OG0008562	transcript_C24H11.4.1	transcript_NIC58.14880.1
OG0008563	transcript_C24H11.8b.1	transcript_NIC58.14941.2
OG0008564	transcript_C18D11.7.1	transcript_NIC58.14942.1
OG0008565	transcript_C18D11.1.1	transcript_NIC58.14943.1
OG0008566	transcript_C18D11.2.1	transcript_NIC58.14944.1
OG0008567	transcript_C18D11.3.1	transcript_NIC58.14945.1
OG0008568	transcript_C18D11.4a.1	transcript_NIC58.14946.1
OG0008569	transcript_Y56A3A.1a.1	transcript_NIC58.14947.2
OG0008570	transcript_Y56A3A.3.1	transcript_NIC58.14948.1
OG0008571	transcript_Y56A3A.2.1	transcript_NIC58.14949.1
OG0008572	transcript_Y56A3A.6.1	transcript_NIC58.14950.1
OG0008573	transcript_Y56A3A.19.1	transcript_NIC58.14953.1
OG0008574	transcript_Y56A3A.17.1	transcript_NIC58.14955.1
OG0008575	transcript_Y56A3A.18.1	transcript_NIC58.14956.1
OG0008576	transcript_Y56A3A.20.1	transcript_NIC58.14957.1
OG0008577	transcript_Y56A3A.21.1	transcript_NIC58.14958.1
OG0008578	transcript_Y56A3A.13.1	transcript_NIC58.14959.3
OG0008579	transcript_Y56A3A.36.1	transcript_NIC58.14960.1
OG0008580	transcript_Y56A3A.27.1	transcript_NIC58.14962.3
OG0008581	transcript_Y56A3A.28.1	transcript_NIC58.14963.1
OG0008582	transcript_Y56A3A.31b.1	transcript_NIC58.14965.1
OG0008583	transcript_Y56A3A.32a.1	transcript_NIC58.14966.1
OG0008584	transcript_Y79H2A.1a.1	transcript_NIC58.14968.1
OG0008585	transcript_Y79H2A.12.1	transcript_NIC58.14969.1
OG0008586	transcript_Y79H2A.2a.1	transcript_NIC58.14970.1
OG0008587	transcript_Y79H2A.3a.1	transcript_NIC58.14972.3
OG0008588	transcript_Y79H2A.6b.1	transcript_NIC58.14973.1
OG0008589	transcript_Y79H2A.11a.1	transcript_NIC58.14974.1
OG0008590	transcript_Y75B8A.1.1	transcript_NIC58.15298.1
OG0008591	transcript_Y75B8A.2a.1	transcript_NIC58.15297.1
OG0008592	transcript_Y75B8A.3.1	transcript_NIC58.15296.2
OG0008593	transcript_Y75B8A.4.1	transcript_NIC58.15294.1
OG0008594	transcript_Y75B8A.5.1	transcript_NIC58.15293.1
OG0008595	transcript_Y75B8A.6a.1	transcript_NIC58.15292.2
OG0008596	transcript_Y75B8A.7.1	transcript_NIC58.15291.1
OG0008597	transcript_Y75B8A.8.1	transcript_NIC58.15290.2
OG0008598	transcript_Y75B8A.9a.1	transcript_NIC58.15288.1
OG0008599	transcript_Y75B8A.11a.1	transcript_NIC58.15287.1
OG0008600	transcript_Y75B8A.12.1	transcript_NIC58.15304.1
OG0008601	transcript_Y75B8A.44.1	transcript_NIC58.15303.1
OG0008602	transcript_Y75B8A.13.1	transcript_NIC58.15305.1
OG0008603	transcript_Y75B8A.14.1	transcript_NIC58.15306.3
OG0008604	transcript_Y75B8A.17.1	transcript_NIC58.15308.1
OG0008605	transcript_Y75B8A.18a.1	transcript_NIC58.15309.1
OG0008606	transcript_Y75B8A.20.1	transcript_NIC58.15311.1
OG0008607	transcript_Y75B8A.22.1	transcript_NIC58.16025.1
OG0008608	transcript_Y75B8A.23.1	transcript_NIC58.16024.2
OG0008609	transcript_Y75B8A.24.2	transcript_NIC58.16023.4
OG0008610	transcript_Y75B8A.26.1	transcript_NIC58.13951.3
OG0008611	transcript_Y75B8A.29.1	transcript_NIC58.13941.2
OG0008612	transcript_Y75B8A.31.1	transcript_NIC58.13934.1
OG0008613	transcript_Y75B8A.33.1	transcript_NIC58.13937.1
OG0008614	transcript_Y49E10.2.1	transcript_NIC58.13931.1
OG0008615	transcript_Y49E10.11c.1	transcript_NIC58.13909.2
OG0008616	transcript_Y49E10.14a.1	transcript_NIC58.8583.1
OG0008617	transcript_Y49E10.15.1	transcript_NIC58.13910.1
OG0008618	transcript_Y49E10.27.1	transcript_NIC58.13907.1
OG0008619	transcript_Y49E10.19.2	transcript_NIC58.13900.4
OG0008620	transcript_Y49E10.20.1	transcript_NIC58.13901.1
OG0008621	transcript_Y49E10.22.1	transcript_NIC58.13904.1
OG0008622	transcript_Y49E10.29.1	transcript_NIC58.13906.2
OG0008623	transcript_Y49E10.23b.1	transcript_NIC58.13908.7
OG0008625	transcript_Y111B2A.4a.1	transcript_NIC58.13891.1
OG0008626	transcript_Y111B2A.8f.1	transcript_NIC58.13895.4
OG0008627	transcript_Y111B2A.10a.1	transcript_NIC58.13890.3
OG0008628	transcript_Y111B2A.11.1	transcript_NIC58.13887.2
OG0008629	transcript_Y111B2A.12a.1	transcript_NIC58.13886.1
OG0008630	transcript_Y111B2A.13.1	transcript_NIC58.13885.1
OG0008631	transcript_Y111B2A.15.1	transcript_NIC58.16014.1
OG0008632	transcript_Y111B2A.16.1	transcript_NIC58.16015.1
OG0008633	transcript_Y111B2A.17.1	transcript_NIC58.16016.2
OG0008634	transcript_Y111B2A.20a.1	transcript_NIC58.13949.1
OG0008635	transcript_Y111B2A.22a.1	transcript_NIC58.13950.1
OG0008636	transcript_ZC482.1.1	transcript_NIC58.14010.1
OG0008637	transcript_ZC482.5.1	transcript_NIC58.14009.1
OG0008638	transcript_BE10.2.1	transcript_NIC58.14008.1
OG0008639	transcript_BE10.4.1	transcript_NIC58.14003.1
OG0008640	transcript_Y37D8A.1.1	transcript_NIC58.14004.1
OG0008641	transcript_Y37D8A.25.1	transcript_NIC58.14005.1
OG0008642	transcript_Y37D8A.2.1	transcript_NIC58.14006.1
OG0008643	transcript_Y37D8A.3.1	transcript_NIC58.14002.1
OG0008644	transcript_Y37D8A.4.1	transcript_NIC58.14001.1
OG0008645	transcript_Y37D8A.10.1	transcript_NIC58.13980.1
OG0008646	transcript_Y37D8A.13.1	transcript_NIC58.13986.1
OG0008647	transcript_Y37D8A.14.1	transcript_NIC58.13985.1
OG0008648	transcript_Y37D8A.15.1	transcript_NIC58.13984.2
OG0008649	transcript_Y37D8A.16.1	transcript_NIC58.13983.1
OG0008650	transcript_Y37D8A.17a.1	transcript_NIC58.13982.1
OG0008651	transcript_Y37D8A.18.1	transcript_NIC58.13981.1
OG0008652	transcript_Y37D8A.21.1	transcript_NIC58.13989.1
OG0008653	transcript_Y37D8A.19.1	transcript_NIC58.13988.1
OG0008654	transcript_Y37D8A.22a.1	transcript_NIC58.13990.2
OG0008655	transcript_Y37D8A.23a.1	transcript_NIC58.13991.1
OG0008656	transcript_Y39E4A.2b.1	transcript_NIC58.13971.2
OG0008657	transcript_ZK1010.2.1	transcript_NIC58.13974.2
OG0008658	transcript_ZK1010.3.1	transcript_NIC58.13976.1
OG0008659	transcript_ZK1010.4a.1	transcript_NIC58.13977.1
OG0008660	transcript_ZK1010.12.1	transcript_NIC58.13927.1
OG0008661	transcript_ZK1010.8.1	transcript_NIC58.13926.1
OG0008662	transcript_ZK1010.10.1	transcript_NIC58.13925.1
OG0008663	transcript_F14F7.1.1	transcript_NIC58.14017.1
OG0008664	transcript_F14F7.4.1	transcript_NIC58.14024.2
OG0008665	transcript_F54F12.2a.1	transcript_NIC58.14031.3
OG0008666	transcript_Y39E4B.6a.1	transcript_NIC58.14043.1
OG0008667	transcript_Y39E4B.3a.1	transcript_NIC58.14042.1
OG0008668	transcript_Y39E4B.13.1	transcript_NIC58.11075.1
OG0008669	transcript_Y39E4B.7b.1	transcript_NIC58.14041.2
OG0008670	transcript_Y39E4B.8.1	transcript_NIC58.14040.1
OG0008671	transcript_Y39E4B.10b.1	transcript_NIC58.15267.4
OG0008672	transcript_Y39E4B.1.1	transcript_NIC58.15266.1
OG0008673	transcript_Y39E4B.5.1	transcript_NIC58.5203.1
OG0008674	transcript_Y39E4B.12a.1	transcript_NIC58.15265.3
OG0008675	transcript_Y39E4B.4.1	transcript_NIC58.16033.1
OG0008676	transcript_Y43F4A.1a.1	transcript_NIC58.16034.1
OG0008677	transcript_F56A8.1b.1	transcript_NIC58.16035.2
OG0008678	transcript_F56A8.9.1	transcript_NIC58.16036.1
OG0008679	transcript_F56A8.6.1	transcript_NIC58.16038.2
OG0008680	transcript_Y43F4B.4.1	transcript_NIC58.16041.3
OG0008681	transcript_Y43F4B.5a.1	transcript_NIC58.16043.1
OG0008682	transcript_Y43F4B.6.1	transcript_NIC58.15312.2
OG0008683	transcript_Y43F4B.10.1	transcript_NIC58.15315.1
OG0008684	transcript_Y43F4B.9a.2	transcript_NIC58.15314.1
OG0008685	transcript_F53A2.1.1	transcript_NIC58.15316.1
OG0008686	transcript_F53A2.4.1	transcript_NIC58.15321.1
OG0008687	transcript_F53A2.5.1	transcript_NIC58.15320.1
OG0008688	transcript_F53A2.7.1	transcript_NIC58.15318.1
OG0008689	transcript_F53A2.8b.1	transcript_NIC58.15317.3
OG0008690	transcript_F53A2.9.1	transcript_NIC58.15323.1
OG0008691	transcript_T03F6.5.1	transcript_NIC58.15328.1
OG0008692	transcript_T03F6.10.1	transcript_NIC58.15329.1
OG0008693	transcript_T03F6.6.1	transcript_NIC58.15330.1
OG0008694	transcript_T03F6.4.1	transcript_NIC58.15332.1
OG0008695	transcript_T03F6.3.1	transcript_NIC58.15341.1
OG0008696	transcript_T03F6.2.1	transcript_NIC58.6216.1
OG0008697	transcript_T03F6.1.1	transcript_NIC58.6215.1
OG0008698	transcript_F11F1.1a.1	transcript_NIC58.6212.1
OG0008699	transcript_F11F1.6.1	transcript_NIC58.15340.1
OG0008700	transcript_F11F1.7.1	transcript_NIC58.15335.1
OG0008701	transcript_F45G2.1.1	transcript_NIC58.15334.2
OG0008702	transcript_F45G2.5.1	transcript_NIC58.15337.2
OG0008703	transcript_F45G2.6.1	transcript_NIC58.15339.1
OG0008704	transcript_F45G2.7.1	transcript_NIC58.15343.1
OG0008705	transcript_F45G2.8.1	transcript_NIC58.15345.1
OG0008706	transcript_F45G2.9.1	transcript_NIC58.15346.1
OG0008707	transcript_F45G2.10.1	transcript_NIC58.15347.1
OG0008708	transcript_Y76A2A.2a.1	transcript_NIC58.15348.1
OG0008709	transcript_T27E9.7.1	transcript_NIC58.15349.1
OG0008710	transcript_Y76A2A.1.1	transcript_NIC58.15350.1
OG0008711	transcript_T27E9.2.1	transcript_NIC58.15351.1
OG0008712	transcript_T27E9.4b.2	transcript_NIC58.15354.1
OG0008713	transcript_T27E9.5.1	transcript_NIC58.16059.2
OG0008714	transcript_T27E9.9b.1	transcript_NIC58.16064.1
OG0008715	transcript_T28A8.1c.1	transcript_NIC58.14830.1
OG0008716	transcript_T28A8.7.1	transcript_NIC58.16048.1
OG0008717	transcript_Y76A2B.1c.1	transcript_NIC58.16047.2
OG0008718	transcript_Y76A2B.2.1	transcript_NIC58.16046.1
OG0008719	transcript_Y76A2B.3.1	transcript_NIC58.16057.1
OG0008720	transcript_Y76A2B.4.1	transcript_NIC58.16067.1
OG0008721	transcript_Y76A2B.5.1	transcript_NIC58.16066.1
OG0008722	transcript_Y76A2B.6.1	transcript_NIC58.16065.1
OG0008723	transcript_T05D4.1.1	transcript_NIC58.16061.1
OG0008724	transcript_T05D4.3.1	transcript_NIC58.16062.1
OG0008725	transcript_T05D4.4a.1	transcript_NIC58.14829.1
OG0008726	transcript_T05D4.5.1	transcript_NIC58.4282.1
OG0008727	transcript_T25C8.1.1	transcript_NIC58.14788.1
OG0008728	transcript_T12D8.8.1	transcript_NIC58.14791.1
OG0008729	transcript_T12D8.9b.1	transcript_NIC58.14790.2
OG0008730	transcript_T12D8.6.1	transcript_NIC58.14792.1
OG0008731	transcript_T12D8.7.1	transcript_NIC58.14793.1
OG0008732	transcript_T12D8.5a.2	transcript_NIC58.14794.1
OG0008733	transcript_T12D8.4.1	transcript_NIC58.14795.1
OG0008734	transcript_T12D8.3.1	transcript_NIC58.14796.2
OG0008735	transcript_T12D8.10.1	transcript_NIC58.14797.1
OG0008736	transcript_T12D8.2.1	transcript_NIC58.14798.1
OG0008737	transcript_T12D8.1.1	transcript_NIC58.14799.1
OG0008738	transcript_ZK525.1.1	transcript_NIC58.14801.1
OG0008739	transcript_ZK525.2.1	transcript_NIC58.14800.1
OG0008740	transcript_ZK520.3a.1	transcript_NIC58.14765.1
OG0008741	transcript_ZK520.2.1	transcript_NIC58.14766.1
OG0008742	transcript_ZK520.4c.1	transcript_NIC58.14767.1
OG0008743	transcript_W06F12.1a.1	transcript_NIC58.14768.1
OG0008744	transcript_W06F12.2e.1	transcript_NIC58.14770.5
OG0008745	transcript_W06F12.3.1	transcript_NIC58.14771.1
OG0008746	transcript_K08E3.1.1	transcript_NIC58.14772.1
OG0008747	transcript_K08E3.10.1	transcript_NIC58.14775.1
OG0008748	transcript_K08E3.3b.1	transcript_NIC58.14776.1
OG0008749	transcript_K08E3.4.1	transcript_NIC58.14777.2
OG0008750	transcript_K08E3.5b.1	transcript_NIC58.14778.1
OG0008751	transcript_K08E3.6.1	transcript_NIC58.14779.5
OG0008752	transcript_K08E3.7a.1	transcript_NIC58.14780.2
OG0008753	transcript_K08E3.8.2	transcript_NIC58.14781.1
OG0008755	transcript_B0545.3.1	transcript_NIC58.12577.3
OG0008756	transcript_B0545.1a.1	transcript_NIC58.12576.3
OG0008757	transcript_F29C4.6.2	transcript_NIC58.12575.1
OG0008758	transcript_F29C4.7a.1	transcript_NIC58.12574.1
OG0008759	transcript_F29C4.2.1	transcript_NIC58.12573.1
OG0008760	transcript_F29C4.1a.1	transcript_NIC58.12571.1
OG0008761	transcript_F29C4.8j.1	transcript_NIC58.12570.4
OG0008762	transcript_Y38C1AA.9.1	transcript_NIC58.12568.1
OG0008763	transcript_Y38C1AA.5b.1	transcript_NIC58.12564.1
OG0008764	transcript_Y38C1AA.4a.1	transcript_NIC58.12563.1
OG0008765	transcript_Y38C1AA.3a.1	transcript_NIC58.12562.1
OG0008766	transcript_Y38C1AA.2.1	transcript_NIC58.12561.1
OG0008767	transcript_Y38C1AA.13.1	transcript_NIC58.12560.1
OG0008768	transcript_Y38C1AA.14a.1	transcript_NIC58.12559.1
OG0008769	transcript_Y38C1AA.1c.1	transcript_NIC58.12558.2
OG0008770	transcript_Y38C1AA.11.1	transcript_NIC58.12556.1
OG0008771	transcript_R02D3.3a.1	transcript_NIC58.12552.1
OG0008772	transcript_R02D3.4a.1	transcript_NIC58.12553.1
OG0008773	transcript_R02D3.5.1	transcript_NIC58.12554.1
OG0008774	transcript_R02D3.2.1	transcript_NIC58.12557.1
OG0008775	transcript_R02D3.1b.1	transcript_NIC58.13545.1
OG0008776	transcript_R02D3.6.1	transcript_NIC58.13662.1
OG0008777	transcript_R02D3.7.1	transcript_NIC58.13668.2
OG0008778	transcript_T21D12.2a.1	transcript_NIC58.13666.1
OG0008779	transcript_T21D12.3.1	transcript_NIC58.13675.1
OG0008780	transcript_T21D12.4.1	transcript_NIC58.13663.1
OG0008781	transcript_T21D12.12.1	transcript_NIC58.13664.1
OG0008782	transcript_T21D12.9a.2	transcript_NIC58.13661.2
OG0008783	transcript_T21D12.14.1	transcript_NIC58.13566.1
OG0008784	transcript_T21D12.7.1	transcript_NIC58.13569.1
OG0008785	transcript_K02D7.1b.1	transcript_NIC58.13565.1
OG0008786	transcript_K02D7.4.1	transcript_NIC58.13598.3
OG0008787	transcript_K02D7.6.1	transcript_NIC58.13669.1
OG0008788	transcript_F18F11.1.1	transcript_NIC58.13671.1
OG0008789	transcript_F18F11.3d.1	transcript_NIC58.13672.3
OG0008790	transcript_Y66H1B.2l.1	transcript_NIC58.13673.2
OG0008791	transcript_Y66H1B.4.1	transcript_NIC58.13674.1
OG0008792	transcript_T07A9.11.2	transcript_NIC58.13544.1
OG0008793	transcript_T07A9.13b.1	transcript_NIC58.13543.1
OG0008794	transcript_T07A9.10.1	transcript_NIC58.13546.1
OG0008795	transcript_T07A9.15.1	transcript_NIC58.13556.1
OG0008796	transcript_T07A9.9.1	transcript_NIC58.13555.2
OG0008797	transcript_T07A9.8.1	transcript_NIC58.13554.1
OG0008798	transcript_T07A9.7.1	transcript_NIC58.13553.1
OG0008799	transcript_T07A9.12.1	transcript_NIC58.13551.1
OG0008800	transcript_T07A9.5b.1	transcript_NIC58.13550.1
OG0008801	transcript_Y66H1A.4.1	transcript_NIC58.13549.2
OG0008802	transcript_Y66H1A.5.1	transcript_NIC58.13548.1
OG0008803	transcript_Y66H1A.3.1	transcript_NIC58.13560.1
OG0008804	transcript_Y66H1A.2a.1	transcript_NIC58.13561.3
OG0008806	transcript_M04G7.1.1	transcript_NIC58.12596.1
OG0008807	transcript_M04G7.3a.1	transcript_NIC58.12597.2
OG0008808	transcript_W03G1.5.1	transcript_NIC58.12598.1
OG0008809	transcript_W03G1.6c.1	transcript_NIC58.12599.2
OG0008810	transcript_W03G1.7a.1	transcript_NIC58.12600.2
OG0008811	transcript_W03G1.1.1	transcript_NIC58.12601.1
OG0008812	transcript_F56A11.4a.1	transcript_NIC58.12602.1
OG0008813	transcript_F56A11.3.1	transcript_NIC58.12603.1
OG0008814	transcript_F56A11.5b.1	transcript_NIC58.12604.1
OG0008815	transcript_F56A11.1.1	transcript_NIC58.12606.1
OG0008816	transcript_F56A11.6.1	transcript_NIC58.12607.1
OG0008817	transcript_C18H7.7.2	transcript_NIC58.12817.1
OG0008818	transcript_C18H7.3.1	transcript_NIC58.12945.2
OG0008819	transcript_C18H7.2a.1	transcript_NIC58.12937.1
OG0008820	transcript_C18H7.1a.1	transcript_NIC58.12938.1
OG0008821	transcript_C05G6.1.1	transcript_NIC58.12939.2
OG0008822	transcript_K11H12.9b.1	transcript_NIC58.12941.1
OG0008823	transcript_K11H12.2.1	transcript_NIC58.12942.1
OG0008824	transcript_K11H12.8a.1	transcript_NIC58.12943.1
OG0008825	transcript_F41A4.1.1	transcript_NIC58.12929.1
OG0008826	transcript_Y55F3C.17.1	transcript_NIC58.12928.1
OG0008827	transcript_Y55F3C.7b.1	transcript_NIC58.12927.1
OG0008828	transcript_Y55F3C.3c.1	transcript_NIC58.12926.2
OG0008829	transcript_F56B3.10.1	transcript_NIC58.12924.1
OG0008830	transcript_F56B3.1.1	transcript_NIC58.12922.2
OG0008831	transcript_F56B3.2.1	transcript_NIC58.12921.1
OG0008832	transcript_F56B3.8a.1	transcript_NIC58.13343.1
OG0008833	transcript_F56B3.7.1	transcript_NIC58.13341.2
OG0008834	transcript_F56B3.4a.1	transcript_NIC58.13323.1
OG0008835	transcript_F56B3.6.1	transcript_NIC58.13324.1
OG0008836	transcript_F56B3.11a.1	transcript_NIC58.13327.1
OG0008837	transcript_F56B3.5.1	transcript_NIC58.13326.1
OG0008838	transcript_Y55F3BL.1.1	transcript_NIC58.13325.1
OG0008839	transcript_Y55F3BL.4.1	transcript_NIC58.13342.1
OG0008840	transcript_Y55F3BL.2a.1	transcript_NIC58.13359.2
OG0008841	transcript_Y55F3BR.5a.1	transcript_NIC58.13358.1
OG0008842	transcript_Y55F3BR.6b.1	transcript_NIC58.13357.1
OG0008843	transcript_Y55F3BR.4a.1	transcript_NIC58.13356.1
OG0008844	transcript_Y55F3BR.8a.1	transcript_NIC58.13362.2
OG0008845	transcript_Y55F3BR.11.1	transcript_NIC58.13363.1
OG0008846	transcript_Y55F3BR.2a.1	transcript_NIC58.13364.1
OG0008847	transcript_Y55F3BR.1.1	transcript_NIC58.13360.1
OG0008848	transcript_C44C8.6.2	transcript_NIC58.13352.1
OG0008849	transcript_F58H7.3.1	transcript_NIC58.13355.1
OG0008850	transcript_F58H7.1.1	transcript_NIC58.13354.1
OG0008851	transcript_F58H7.2.1	transcript_NIC58.13365.1
OG0008852	transcript_Y55F3AL.1b.1	transcript_NIC58.13366.2
OG0008853	transcript_Y55F3AM.5.1	transcript_NIC58.13367.1
OG0008854	transcript_Y55F3AM.8a.1	transcript_NIC58.13373.1
OG0008855	transcript_Y55F3AM.9a.1	transcript_NIC58.13374.1
OG0008856	transcript_Y55F3AM.4a.1	transcript_NIC58.13375.1
OG0008857	transcript_Y55F3AM.3a.1	transcript_NIC58.13368.1
OG0008858	transcript_Y55F3AM.10.1	transcript_NIC58.13537.1
OG0008859	transcript_Y55F3AM.13.1	transcript_NIC58.13535.1
OG0008860	transcript_Y55F3AM.1.1	transcript_NIC58.13536.1
OG0008861	transcript_Y55F3AM.14.2	transcript_NIC58.13656.1
OG0008862	transcript_Y55F3AM.15.1	transcript_NIC58.13657.2
OG0008863	transcript_Y55F3AR.3a.1	transcript_NIC58.13658.1
OG0008864	transcript_Y55F3AR.1.1	transcript_NIC58.13659.2
OG0008865	transcript_C44B12.2a.1	transcript_NIC58.13665.1
OG0008866	transcript_C44B12.5.1	transcript_NIC58.13381.3
OG0008867	transcript_C44B12.1.1	transcript_NIC58.13380.1
OG0008868	transcript_C44B12.6c.1	transcript_NIC58.13378.1
OG0008869	transcript_C50A2.3b.1	transcript_NIC58.13379.3
OG0008870	transcript_C50A2.4.1	transcript_NIC58.13377.1
OG0008871	transcript_Y104H12D.2.1	transcript_NIC58.13384.1
OG0008872	transcript_Y104H12D.4.1	transcript_NIC58.13385.1
OG0008873	transcript_Y104H12D.1a.1	transcript_NIC58.13386.1
OG0008874	transcript_Y104H12D.3a.1	transcript_NIC58.13387.1
OG0008875	transcript_W09G12.9.1	transcript_NIC58.13388.1
OG0008876	transcript_W09G12.10.1	transcript_NIC58.13389.1
OG0008877	transcript_W09G12.7.1	transcript_NIC58.13383.1
OG0008878	transcript_F58F6.4.1	transcript_NIC58.15289.1
OG0008879	transcript_F58F6.2.1	transcript_NIC58.13403.1
OG0008880	transcript_Y104H12A.1a.1	transcript_NIC58.13401.2
OG0008881	transcript_Y77E11A.14.2	transcript_NIC58.13400.1
OG0008882	transcript_Y77E11A.6a.1	transcript_NIC58.13399.1
OG0008883	transcript_Y77E11A.7j.1	transcript_NIC58.13398.1
OG0008884	transcript_Y77E11A.15.1	transcript_NIC58.13443.1
OG0008885	transcript_Y77E11A.12b.1	transcript_NIC58.13444.1
OG0008886	transcript_Y77E11A.16.1	transcript_NIC58.13441.1
OG0008887	transcript_Y77E11A.13a.1	transcript_NIC58.13434.1
OG0008888	transcript_Y77E11A.1a.2	transcript_NIC58.13433.1
OG0008889	transcript_K03H6.7.1	transcript_NIC58.13620.1
OG0008890	transcript_K03H6.4.1	transcript_NIC58.13621.1
OG0008891	transcript_K03H6.1.1	transcript_NIC58.13622.1
OG0008892	transcript_K03H6.5a.1	transcript_NIC58.13623.2
OG0008893	transcript_C34H4.5a.1	transcript_NIC58.13624.1
OG0008894	transcript_C34H4.4.1	transcript_NIC58.13625.1
OG0008895	transcript_Y41D4B.19b.1	transcript_NIC58.13629.2
OG0008896	transcript_Y41D4B.13a.1	transcript_NIC58.13630.1
OG0008898	transcript_Y41D4B.4a.1	transcript_NIC58.13638.2
OG0008899	transcript_Y41D4B.1.1	transcript_NIC58.13639.1
OG0008900	transcript_Y41D4B.24.1	transcript_NIC58.13640.1
OG0008901	transcript_K08D12.5a.1	transcript_NIC58.13641.1
OG0008902	transcript_K08D12.4.1	transcript_NIC58.13642.1
OG0008903	transcript_K08D12.6.1	transcript_NIC58.13648.1
OG0008904	transcript_K08D12.7.1	transcript_NIC58.11792.1
OG0008905	transcript_K08D12.8.1	transcript_NIC58.13650.1
OG0008906	transcript_Y41D4A.6d.1	transcript_NIC58.13651.4
OG0008907	transcript_Y41D4A.4e.1	transcript_NIC58.13652.1
OG0008908	transcript_Y41D4A.7a.1	transcript_NIC58.13653.1
OG0008909	transcript_Y41D4A.1.1	transcript_NIC58.13654.3
OG0008910	transcript_Y41D4A.8b.1	transcript_NIC58.13655.2
OG0008911	transcript_Y38C1BA.2b.1	transcript_NIC58.13539.1
OG0008912	transcript_Y38C1BA.3.1	transcript_NIC58.13540.1
OG0008913	transcript_K07A9.2.1	transcript_NIC58.13541.1
OG0008914	transcript_F55A8.2h.1	transcript_NIC58.13542.3
OG0008915	transcript_F52C12.4d.1	transcript_NIC58.13676.3
OG0008916	transcript_F52C12.2.1	transcript_NIC58.13528.1
OG0008917	transcript_F52C12.6a.1	transcript_NIC58.13527.1
OG0008918	transcript_F52C12.1a.1	transcript_NIC58.13526.1
OG0008919	transcript_Y48A5A.2.1	transcript_NIC58.13525.1
OG0008920	transcript_Y48A5A.1.1	transcript_NIC58.13524.1
OG0008921	transcript_Y48A5A.3a.1	transcript_NIC58.13523.1
OG0008922	transcript_Y76B12C.3a.1	transcript_NIC58.13529.1
OG0008923	transcript_Y76B12C.8.1	transcript_NIC58.13506.1
OG0008924	transcript_Y76B12C.6b.1	transcript_NIC58.13512.1
OG0008925	transcript_Y76B12C.2.1	transcript_NIC58.13511.1
OG0008926	transcript_Y76B12C.7a.1	transcript_NIC58.13513.2
OG0008927	transcript_R05C11.4a.1	transcript_NIC58.13515.1
OG0008928	transcript_R05C11.1.1	transcript_NIC58.13516.1
OG0008929	transcript_C23H5.11a.1	transcript_NIC58.13521.1
OG0008930	transcript_C23H5.8a.1	transcript_NIC58.13680.1
OG0008931	transcript_C23H5.2.1	transcript_NIC58.13677.1
OG0008932	transcript_C23H5.9.1	transcript_NIC58.13678.1
OG0008933	transcript_C54E4.2a.1	transcript_NIC58.13681.1
OG0008934	transcript_C54E4.5.1	transcript_NIC58.13682.1
OG0008935	transcript_C54E4.3.1	transcript_NIC58.13683.1
OG0008936	transcript_C54E4.4a.2	transcript_NIC58.13578.3
OG0008937	transcript_C54E4.1.1	transcript_NIC58.13582.1
OG0008938	transcript_Y71G10AL.1b.1	transcript_NIC58.13572.4
OG0008939	transcript_Y71G10AR.4.1	transcript_NIC58.13573.1
OG0008940	transcript_T04C4.1a.1	transcript_NIC58.13574.1
OG0008941	transcript_M70.4a.1	transcript_NIC58.13509.2
OG0008942	transcript_Y38F2AL.2.1	transcript_NIC58.13488.1
OG0008943	transcript_Y38F2AL.3a.1	transcript_NIC58.13489.1
OG0008944	transcript_Y38F2AL.1.2	transcript_NIC58.13491.2
OG0008945	transcript_Y38F2AR.5a.1	transcript_NIC58.13497.1
OG0008946	transcript_Y38F2AR.3b.1	transcript_NIC58.13500.2
OG0008947	transcript_Y38F2AR.9.1	transcript_NIC58.13501.1
OG0008948	transcript_Y38F2AR.2.1	transcript_NIC58.13502.1
OG0008949	transcript_Y38F2AR.10.1	transcript_NIC58.10850.1
OG0008950	transcript_Y38F2AR.12a.1	transcript_NIC58.13505.1
OG0008951	transcript_C45G7.4.1	transcript_NIC58.13520.1
OG0008952	transcript_C45G7.5.1	transcript_NIC58.13530.1
OG0008953	transcript_C45G7.13.1	transcript_NIC58.13531.1
OG0008954	transcript_Y69A2AL.1.1	transcript_NIC58.13517.1
OG0008955	transcript_Y69A2AL.2.1	transcript_NIC58.13533.1
OG0008956	transcript_Y69A2AR.21.1	transcript_NIC58.13480.1
OG0008957	transcript_Y69A2AR.18.1	transcript_NIC58.13479.1
OG0008958	transcript_Y69A2AR.16a.1	transcript_NIC58.13476.1
OG0008959	transcript_Y69A2AR.22.1	transcript_NIC58.13477.1
OG0008960	transcript_Y69A2AR.15.1	transcript_NIC58.13475.1
OG0008962	transcript_Y69A2AR.7a.1	transcript_NIC58.13474.2
OG0008963	transcript_Y69A2AR.6.1	transcript_NIC58.13473.1
OG0008964	transcript_Y69A2AR.32a.1	transcript_NIC58.13472.1
OG0008965	transcript_Y69A2AR.28.1	transcript_NIC58.13471.1
OG0008966	transcript_Y69A2AR.5.1	transcript_NIC58.13468.1
OG0008967	transcript_Y69A2AR.29.1	transcript_NIC58.13452.2
OG0008968	transcript_Y69A2AR.2a.1	transcript_NIC58.13454.2
OG0008969	transcript_Y69A2AR.31.1	transcript_NIC58.13455.5
OG0008970	transcript_Y69A2AR.1a.1	transcript_NIC58.13456.2
OG0008971	transcript_Y94H6A.3.1	transcript_NIC58.13463.1
OG0008972	transcript_Y94H6A.11a.1	transcript_NIC58.13464.1
OG0008973	transcript_Y94H6A.5a.1	transcript_NIC58.13465.1
OG0008974	transcript_Y94H6A.6.1	transcript_NIC58.13466.1
OG0008975	transcript_Y94H6A.7.1	transcript_NIC58.13460.2
OG0008976	transcript_Y94H6A.8.1	transcript_NIC58.13459.1
OG0008977	transcript_Y94H6A.9a.1	transcript_NIC58.13458.1
OG0008978	transcript_Y94H6A.1.1	transcript_NIC58.13431.1
OG0008979	transcript_Y54G2A.41.1	transcript_NIC58.13461.1
OG0008980	transcript_Y54G2A.11a.1	transcript_NIC58.13429.2
OG0008981	transcript_Y54G2A.52.1	transcript_NIC58.13442.1
OG0008982	transcript_Y54G2A.76.1	transcript_NIC58.13435.1
OG0008983	transcript_Y54G2A.16b.1	transcript_NIC58.13614.1
OG0008984	transcript_Y54G2A.17b.1	transcript_NIC58.13612.1
OG0008985	transcript_Y54G2A.5a.1	transcript_NIC58.13611.1
OG0008986	transcript_Y54G2A.75.1	transcript_NIC58.13610.1
OG0008987	transcript_Y54G2A.18.1	transcript_NIC58.13605.1
OG0008988	transcript_Y54G2A.23.1	transcript_NIC58.13607.1
OG0008989	transcript_Y54G2A.4.1	transcript_NIC58.13609.1
OG0008990	transcript_Y54G2A.35a.1	transcript_NIC58.12269.1
OG0008991	transcript_Y54G2A.25a.1	transcript_NIC58.12270.1
OG0008992	transcript_Y54G2A.57.1	transcript_NIC58.12271.1
OG0008993	transcript_Y54G2A.26a.1	transcript_NIC58.12272.3
OG0008994	transcript_Y54G2A.1.1	transcript_NIC58.12274.2
OG0008995	transcript_Y54G2A.29.1	transcript_NIC58.12275.1
OG0008996	transcript_Y67D8C.5h.1	transcript_NIC58.12276.3
OG0008997	transcript_Y67D8C.3c.1	transcript_NIC58.12285.3
OG0008998	transcript_Y67D8C.7.1	transcript_NIC58.12277.1
OG0008999	transcript_Y67D8C.8.1	transcript_NIC58.12278.1
OG0009000	transcript_Y67D8C.22a.1	transcript_NIC58.12279.2
OG0009002	transcript_Y67D8C.9b.1	transcript_NIC58.12280.3
OG0009003	transcript_T23E1.1.1	transcript_NIC58.12283.4
OG0009004	transcript_Y67D8B.4a.1	transcript_NIC58.12287.1
OG0009005	transcript_Y67D8B.2.1	transcript_NIC58.12288.1
OG0009006	transcript_M4.1b.1	transcript_NIC58.12293.1
OG0009007	transcript_Y67D8A.2b.1	transcript_NIC58.12292.2
OG0009008	transcript_Y67D8A.3.1	transcript_NIC58.12291.1
OG0009009	transcript_T26C12.1.1	transcript_NIC58.12290.1
OG0009010	transcript_T26C12.2.1	transcript_NIC58.12289.1
OG0009011	transcript_T26C12.3a.1	transcript_NIC58.12584.2
OG0009012	transcript_W08E12.8a.1	transcript_NIC58.12586.1
OG0009013	transcript_W08E12.6.1	transcript_NIC58.12588.1
OG0009014	transcript_W08E12.9.1	transcript_NIC58.12593.1
OG0009015	transcript_W08E12.1.1	transcript_NIC58.12594.1
OG0009016	transcript_F42A6.6a.1	transcript_NIC58.13297.1
OG0009017	transcript_F42A6.7d.2	transcript_NIC58.13296.4
OG0009018	transcript_F42A6.2.1	transcript_NIC58.13273.1
OG0009019	transcript_F42A6.9.1	transcript_NIC58.13272.1
OG0009020	transcript_Y55H10A.1.1	transcript_NIC58.13228.1
OG0009021	transcript_B0546.4a.1	transcript_NIC58.13224.1
OG0009022	transcript_B0546.1.1	transcript_NIC58.13223.1
OG0009023	transcript_C04C3.5b.1	transcript_NIC58.13217.2
OG0009024	transcript_C04C3.3.1	transcript_NIC58.13220.1
OG0009025	transcript_C04C3.2.1	transcript_NIC58.13221.1
OG0009026	transcript_C04C3.6.1	transcript_NIC58.13214.1
OG0009027	transcript_W05E7.1.1	transcript_NIC58.19181.1
OG0009028	transcript_C09G12.17.1	transcript_NIC58.11352.1
OG0009029	transcript_C09G12.1.1	transcript_NIC58.11350.1
OG0009030	transcript_C09G12.9.1	transcript_NIC58.11348.1
OG0009031	transcript_Y37E11C.1a.1	transcript_NIC58.11347.1
OG0009032	transcript_M57.2a.1	transcript_NIC58.11346.1
OG0009033	transcript_B0212.5.1	transcript_NIC58.11344.1
OG0009034	transcript_B0212.2.1	transcript_NIC58.11343.1
OG0009035	transcript_Y37E11B.3a.1	transcript_NIC58.12865.1
OG0009036	transcript_Y37E11B.4.1	transcript_NIC58.12866.1
OG0009037	transcript_Y37E11B.5.1	transcript_NIC58.12867.3
OG0009038	transcript_Y37E11B.7a.1	transcript_NIC58.12880.1
OG0009040	transcript_ZC416.6a.1	transcript_NIC58.12879.2
OG0009041	transcript_ZC416.8b.1	transcript_NIC58.12878.1
OG0009042	transcript_ZC416.8a.1	transcript_NIC58.12877.1
OG0009043	transcript_ZC416.2.1	transcript_NIC58.12876.1
OG0009044	transcript_CC8.3.1	transcript_NIC58.12874.1
OG0009045	transcript_CC8.2b.1	transcript_NIC58.12872.1
OG0009046	transcript_Y37E11AL.6b.1	transcript_NIC58.12870.1
OG0009047	transcript_Y37E11AL.7a.1	transcript_NIC58.12869.1
OG0009048	transcript_Y37E11AL.8.1	transcript_NIC58.12868.1
OG0009049	transcript_Y37E11AL.3.1	transcript_NIC58.12889.1
OG0009050	transcript_Y37E11AL.12.1	transcript_NIC58.12881.1
OG0009051	transcript_Y37E11AL.1.1	transcript_NIC58.12888.1
OG0009052	transcript_Y37E11AM.3b.1	transcript_NIC58.12887.1
OG0009053	transcript_Y37E11AM.4.1	transcript_NIC58.12886.1
OG0009054	transcript_Y37E11AM.2b.1	transcript_NIC58.12885.1
OG0009055	transcript_Y37E11AM.1a.1	transcript_NIC58.12884.1
OG0009056	transcript_Y37E11AR.2.1	transcript_NIC58.12882.2
OG0009057	transcript_Y37E11AR.5a.1	transcript_NIC58.12901.1
OG0009058	transcript_Y37E11AR.6a.1	transcript_NIC58.12898.1
OG0009059	transcript_K09B3.1b.1	transcript_NIC58.12891.3
OG0009060	transcript_M02B7.3b.1	transcript_NIC58.12902.2
OG0009061	transcript_M02B7.4b.1	transcript_NIC58.12903.1
OG0009062	transcript_M02B7.7.1	transcript_NIC58.12913.1
OG0009063	transcript_M02B7.5a.1	transcript_NIC58.12914.3
OG0009064	transcript_F28F9.3.1	transcript_NIC58.12916.1
OG0009065	transcript_M02B7.6a.1	transcript_NIC58.12915.1
OG0009066	transcript_F28F9.2.1	transcript_NIC58.12909.1
OG0009067	transcript_F28F9.1.1	transcript_NIC58.12908.2
OG0009068	transcript_F28F9.4.1	transcript_NIC58.12907.1
OG0009069	transcript_F37C4.4a.1	transcript_NIC58.12905.1
OG0009070	transcript_F37C4.5a.1	transcript_NIC58.12912.1
OG0009071	transcript_F37C4.6a.1	transcript_NIC58.12911.1
OG0009072	transcript_F37C4.8a.1	transcript_NIC58.12910.1
OG0009077	transcript_F47C12.2.1	transcript_NIC58.13304.2
OG0009078	transcript_W02C12.2b.1	transcript_NIC58.13303.1
OG0009079	transcript_W02C12.3c.1	transcript_NIC58.13291.1
OG0009080	transcript_F35F11.2.1	transcript_NIC58.13312.1
OG0009081	transcript_F35F11.1.1	transcript_NIC58.13290.1
OG0009082	transcript_W03D2.4.1	transcript_NIC58.2275.2
OG0009083	transcript_C35B1.8.1	transcript_NIC58.13314.1
OG0009084	transcript_C35B1.5.1	transcript_NIC58.13318.1
OG0009085	transcript_C35B1.2a.1	transcript_NIC58.13317.2
OG0009086	transcript_C35B1.7.1	transcript_NIC58.13315.1
OG0009087	transcript_F49F1.14.1	transcript_NIC58.13313.1
OG0009088	transcript_K08D10.2a.1	transcript_NIC58.13350.1
OG0009089	transcript_K08D10.12a.1	transcript_NIC58.13351.1
OG0009090	transcript_F30B5.4b.1	transcript_NIC58.13298.2
OG0009091	transcript_F36A4.8.1	transcript_NIC58.13293.1
OG0009092	transcript_F36A4.7.1	transcript_NIC58.13288.1
OG0009093	transcript_F36A4.14.1	transcript_NIC58.13306.1
OG0009094	transcript_F15E6.9a.1	transcript_NIC58.12582.1
OG0009095	transcript_F15E6.2a.1	transcript_NIC58.12581.2
OG0009096	transcript_W03B1.4a.1	transcript_NIC58.12551.1
OG0009097	transcript_F55F10.3.1	transcript_NIC58.12550.1
OG0009098	transcript_F55F10.1b.1	transcript_NIC58.12549.1
OG0009099	transcript_Y24D9A.8a.1	transcript_NIC58.12548.1
OG0009100	transcript_Y24D9A.4.1	transcript_NIC58.12547.2
OG0009101	transcript_Y24D9A.1a.1	transcript_NIC58.12545.1
OG0009102	transcript_R08C7.10b.1	transcript_NIC58.12532.1
OG0009103	transcript_R08C7.3.1	transcript_NIC58.12537.1
OG0009104	transcript_R08C7.2a.1	transcript_NIC58.12538.1
OG0009105	transcript_R08C7.12b.1	transcript_NIC58.12539.2
OG0009106	transcript_M01H9.2.1	transcript_NIC58.12540.1
OG0009107	transcript_M01H9.5.1	transcript_NIC58.12541.1
OG0009108	transcript_M01H9.3a.1	transcript_NIC58.12542.3
OG0009109	transcript_M01H9.10.1	transcript_NIC58.12536.1
OG0009110	transcript_M01H9.4d.1	transcript_NIC58.12535.1
OG0009111	transcript_M01H9.1.1	transcript_NIC58.12534.1
OG0009112	transcript_ZK180.1.1	transcript_NIC58.12531.2
OG0009113	transcript_ZK180.7.1	transcript_NIC58.12533.1
OG0009114	transcript_ZK180.3a.1	transcript_NIC58.12530.1
OG0009115	transcript_ZK180.4.1	transcript_NIC58.12529.1
OG0009116	transcript_ZK180.5a.1	transcript_NIC58.12527.1
OG0009117	transcript_ZK180.6a.1	transcript_NIC58.12526.1
OG0009118	transcript_ZK185.4a.1	transcript_NIC58.12524.1
OG0009119	transcript_ZK185.2.1	transcript_NIC58.12523.1
OG0009120	transcript_ZK185.1c.1	transcript_NIC58.12522.2
OG0009121	transcript_F28E10.2b.1	transcript_NIC58.12521.2
OG0009122	transcript_F28E10.1j.1	transcript_NIC58.12520.3
OG0009124	transcript_F19C7.1.1	transcript_NIC58.12519.1
OG0009125	transcript_F19C7.7.1	transcript_NIC58.12518.1
OG0009126	transcript_F19C7.8e.1	transcript_NIC58.12517.4
OG0009127	transcript_F29B9.8.1	transcript_NIC58.12516.1
OG0009128	transcript_F29B9.5.1	transcript_NIC58.12515.1
OG0009129	transcript_F29B9.4c.1	transcript_NIC58.12514.1
OG0009130	transcript_F29B9.9a.1	transcript_NIC58.12513.1
OG0009131	transcript_F29B9.10.1	transcript_NIC58.12511.1
OG0009132	transcript_F29B9.11.1	transcript_NIC58.12510.1
OG0009133	transcript_F29B9.12.1	transcript_NIC58.12508.1
OG0009134	transcript_T22B11.4c.1	transcript_NIC58.12507.2
OG0009135	transcript_T22B11.2.1	transcript_NIC58.12506.1
OG0009136	transcript_T22B11.1.1	transcript_NIC58.12504.1
OG0009137	transcript_T22B11.5a.1	transcript_NIC58.12501.5
OG0009138	transcript_K08F11.5.1	transcript_NIC58.12500.1
OG0009139	transcript_E04A4.4a.1	transcript_NIC58.12499.1
OG0009140	transcript_E04A4.6.1	transcript_NIC58.12497.1
OG0009141	transcript_E04A4.7.2	transcript_NIC58.12494.1
OG0009142	transcript_E04A4.8.1	transcript_NIC58.12495.1
OG0009143	transcript_Y17G9B.5.1	transcript_NIC58.12496.1
OG0009144	transcript_R11E3.6a.1	transcript_NIC58.11289.1
OG0009145	transcript_R11E3.7a.1	transcript_NIC58.11288.1
OG0009146	transcript_R11E3.8a.1	transcript_NIC58.11287.1
OG0009147	transcript_H06H21.11.1	transcript_NIC58.11052.1
OG0009148	transcript_H06H21.6.1	transcript_NIC58.11286.1
OG0009149	transcript_H06H21.3.1	transcript_NIC58.11053.1
OG0009150	transcript_H06H21.10f.1	transcript_NIC58.11282.2
OG0009151	transcript_E03H12.1.1	transcript_NIC58.11299.1
OG0009152	transcript_T28H11.4a.1	transcript_NIC58.11300.1
OG0009153	transcript_T28H11.8.1	transcript_NIC58.11533.3
OG0009154	transcript_C09B9.4.1	transcript_NIC58.10828.1
OG0009155	transcript_C09B9.1.1	transcript_NIC58.11535.1
OG0009156	transcript_C09B9.8a.1	transcript_NIC58.11536.2
OG0009157	transcript_C02B10.5a.1	transcript_NIC58.11565.5
OG0009158	transcript_C02B10.2.1	transcript_NIC58.11562.1
OG0009159	transcript_C02B10.3.1	transcript_NIC58.11560.1
OG0009160	transcript_AC7.3.1	transcript_NIC58.11559.1
OG0009161	transcript_AC7.1a.1	transcript_NIC58.11557.2
OG0009162	transcript_AC7.2c.1	transcript_NIC58.11555.1
OG0009163	transcript_C24D10.6.1	transcript_NIC58.11554.1
OG0009164	transcript_C24D10.4.1	transcript_NIC58.11553.1
OG0009165	transcript_W03F8.5a.1	transcript_NIC58.11552.1
OG0009166	transcript_W03F8.4.1	transcript_NIC58.11549.1
OG0009167	transcript_W03F8.6a.1	transcript_NIC58.11548.1
OG0009168	transcript_W03F8.3a.1	transcript_NIC58.11547.1
OG0009169	transcript_W03F8.9b.1	transcript_NIC58.11546.1
OG0009170	transcript_W03F8.1.1	transcript_NIC58.11545.3
OG0009171	transcript_Y59E9AL.36.1	transcript_NIC58.11544.1
OG0009172	transcript_Y59E9AL.7.1	transcript_NIC58.11543.1
OG0009173	transcript_Y59E9AL.4.1	transcript_NIC58.11542.1
OG0009174	transcript_Y59E9AL.1.1	transcript_NIC58.11541.1
OG0009175	transcript_F36H12.17.1	transcript_NIC58.11566.1
OG0009176	transcript_F36H12.1.1	transcript_NIC58.11567.1
OG0009177	transcript_Y4C6B.5.1	transcript_NIC58.11568.1
OG0009178	transcript_Y4C6B.2a.2	transcript_NIC58.11571.1
OG0009179	transcript_Y4C6B.7a.1	transcript_NIC58.11573.1
OG0009180	transcript_Y4C6B.1.1	transcript_NIC58.11574.1
OG0009181	transcript_F41H10.6c.1	transcript_NIC58.11575.3
OG0009182	transcript_F41H10.11.1	transcript_NIC58.11577.1
OG0009183	transcript_F41H10.7.1	transcript_NIC58.11578.1
OG0009184	transcript_F41H10.8.1	transcript_NIC58.11580.1
OG0009185	transcript_ZK616.6a.1	transcript_NIC58.11581.1
OG0009186	transcript_ZK616.4.1	transcript_NIC58.11582.1
OG0009187	transcript_ZK616.3a.1	transcript_NIC58.11583.1
OG0009188	transcript_ZK616.2.1	transcript_NIC58.11584.1
OG0009189	transcript_ZK616.1.1	transcript_NIC58.11586.1
OG0009190	transcript_ZK616.61.1	transcript_NIC58.11587.1
OG0009191	transcript_ZK616.8.1	transcript_NIC58.2755.1
OG0009192	transcript_ZK616.9b.1	transcript_NIC58.11588.2
OG0009193	transcript_Y4C6A.2d.1	transcript_NIC58.11589.3
OG0009194	transcript_T11F8.3a.1	transcript_NIC58.12920.1
OG0009195	transcript_T11F8.12.1	transcript_NIC58.11591.1
OG0009196	transcript_B0273.4c.1	transcript_NIC58.11592.1
OG0009197	transcript_F35D6.1a.1	transcript_NIC58.11593.1
OG0009198	transcript_T12E12.4b.2	transcript_NIC58.11594.3
OG0009199	transcript_T12E12.1.1	transcript_NIC58.11596.1
OG0009200	transcript_T12E12.6.1	transcript_NIC58.11598.1
OG0009201	transcript_F26D12.1a.1	transcript_NIC58.11600.4
OG0009202	transcript_C39H7.4.1	transcript_NIC58.11601.1
OG0009203	transcript_C39H7.9a.1	transcript_NIC58.11602.1
OG0009204	transcript_B0547.1.1	transcript_NIC58.11606.2
OG0009206	transcript_T19E7.3a.1	transcript_NIC58.11607.1
OG0009207	transcript_T19E7.6.1	transcript_NIC58.11608.1
OG0009208	transcript_C55C3.5.1	transcript_NIC58.11613.1
OG0009209	transcript_C55C3.1.1	transcript_NIC58.11614.1
OG0009210	transcript_H35B03.1.1	transcript_NIC58.11616.1
OG0009211	transcript_H35B03.2c.1	transcript_NIC58.11617.1
OG0009212	transcript_C45E5.4.1	transcript_NIC58.11619.1
OG0009213	transcript_C45E5.1.1	transcript_NIC58.11620.1
OG0009214	transcript_C45E5.6b.1	transcript_NIC58.11621.3
OG0009215	transcript_C31H1.2.1	transcript_NIC58.11622.1
OG0009216	transcript_C31H1.5.1	transcript_NIC58.11623.1
OG0009217	transcript_C31H1.6a.1	transcript_NIC58.11624.1
OG0009218	transcript_C31H1.8a.1	transcript_NIC58.4038.1
OG0009219	transcript_C10G6.1a.1	transcript_NIC58.11626.3
OG0009220	transcript_C06E7.4a.1	transcript_NIC58.11629.3
OG0009221	transcript_C06E7.6.1	transcript_NIC58.11630.1
OG0009222	transcript_C06E7.88.1	transcript_NIC58.11631.1
OG0009223	transcript_H04M03.4.1	transcript_NIC58.11634.1
OG0009224	transcript_H04M03.3.1	transcript_NIC58.11636.1
OG0009225	transcript_H04M03.1.1	transcript_NIC58.6928.1
OG0009226	transcript_H04M03.12a.1	transcript_NIC58.11637.2
OG0009227	transcript_H32C10.3.1	transcript_NIC58.11638.2
OG0009228	transcript_H32C10.2a.1	transcript_NIC58.11639.1
OG0009229	transcript_H32C10.1a.1	transcript_NIC58.11640.1
OG0009230	transcript_K02B2.3.1	transcript_NIC58.11641.1
OG0009231	transcript_K02B2.4a.1	transcript_NIC58.11644.1
OG0009232	transcript_K02B2.5.1	transcript_NIC58.11645.1
OG0009233	transcript_B0350.2f.1	transcript_NIC58.11646.2
OG0009234	transcript_C46G7.2.1	transcript_NIC58.11647.1
OG0009235	transcript_C46G7.1.1	transcript_NIC58.11648.1
OG0009236	transcript_C46G7.4a.1	transcript_NIC58.11649.3
OG0009237	transcript_H16O14.1d.1	transcript_NIC58.11650.4
OG0009238	transcript_K08B4.2.1	transcript_NIC58.11652.1
OG0009239	transcript_M03D4.1d.1	transcript_NIC58.11658.2
OG0009240	transcript_M03D4.4a.1	transcript_NIC58.11659.2
OG0009241	transcript_C11D2.3.1	transcript_NIC58.11662.1
OG0009242	transcript_C11D2.7.1	transcript_NIC58.11663.1
OG0009243	transcript_C11D2.4.1	transcript_NIC58.11664.1
OG0009244	transcript_C11D2.2.1	transcript_NIC58.11668.1
OG0009245	transcript_C49A9.7.1	transcript_NIC58.11669.1
OG0009246	transcript_C49A9.10.1	transcript_NIC58.11670.1
OG0009247	transcript_F58F9.7.1	transcript_NIC58.11682.1
OG0009248	transcript_T13A10.5a.1	transcript_NIC58.11683.1
OG0009249	transcript_Y73B6BL.6b.1	transcript_NIC58.11690.3
OG0009250	transcript_Y73B6BL.32.1	transcript_NIC58.11691.1
OG0009251	transcript_Y73B6BL.13.1	transcript_NIC58.11693.1
OG0009252	transcript_Y73B6BL.4.1	transcript_NIC58.11694.1
OG0009253	transcript_Y73B6BL.47.1	transcript_NIC58.11697.1
OG0009254	transcript_Y73B6BL.18b.1	transcript_NIC58.11698.1
OG0009255	transcript_Y73B6BL.33a.1	transcript_NIC58.11699.1
OG0009256	transcript_Y73B6BL.34.1	transcript_NIC58.11700.1
OG0009257	transcript_Y73B6BL.19.1	transcript_NIC58.11701.1
OG0009258	transcript_Y73B6BL.21a.1	transcript_NIC58.11702.1
OG0009259	transcript_Y73B6BL.35a.1	transcript_NIC58.11706.1
OG0009260	transcript_Y73B6BL.3.1	transcript_NIC58.11707.1
OG0009261	transcript_Y73B6BL.24.1	transcript_NIC58.11708.1
OG0009262	transcript_Y73B6BL.25.1	transcript_NIC58.11709.1
OG0009263	transcript_Y73B6BL.43.1	transcript_NIC58.11710.1
OG0009264	transcript_Y73B6BL.31a.1	transcript_NIC58.11712.1
OG0009265	transcript_Y73B6BL.42.1	transcript_NIC58.11715.1
OG0009266	transcript_Y73B6BL.36.1	transcript_NIC58.11716.1
OG0009267	transcript_Y73B6BL.27.1	transcript_NIC58.11717.1
OG0009268	transcript_Y73B6BL.1.1	transcript_NIC58.11718.1
OG0009269	transcript_Y73B6BL.44.1	transcript_NIC58.11720.1
OG0009270	transcript_Y73B6BR.1a.1	transcript_NIC58.11721.1
OG0009271	transcript_C01G5.7b.1	transcript_NIC58.11722.1
OG0009272	transcript_C01G5.9.1	transcript_NIC58.11723.1
OG0009273	transcript_C01G5.25.1	transcript_NIC58.11725.1
OG0009274	transcript_C01G5.8a.1	transcript_NIC58.11726.1
OG0009275	transcript_C43G2.1c.1	transcript_NIC58.11727.1
OG0009276	transcript_C43G2.4.2	transcript_NIC58.11730.2
OG0009277	transcript_C43G2.2a.1	transcript_NIC58.11732.2
OG0009278	transcript_F38A5.1a.1	transcript_NIC58.11733.1
OG0009279	transcript_F38A5.2a.1	transcript_NIC58.11734.2
OG0009280	transcript_F38A5.13.1	transcript_NIC58.11735.1
OG0009281	transcript_F38A5.3a.1	transcript_NIC58.11736.1
OG0009282	transcript_F38A5.11.1	transcript_NIC58.11740.1
OG0009283	transcript_F15B10.1a.1	transcript_NIC58.11746.1
OG0009284	transcript_C01B10.9.1	transcript_NIC58.11750.1
OG0009285	transcript_C01B10.8.1	transcript_NIC58.11751.1
OG0009286	transcript_C01B10.6a.1	transcript_NIC58.11752.1
OG0009287	transcript_C01B10.11.1	transcript_NIC58.11753.1
OG0009288	transcript_Y73B6A.4.1	transcript_NIC58.11754.2
OG0009289	transcript_Y73B6A.5b.1	transcript_NIC58.11755.4
OG0009290	transcript_H34C03.2b.1	transcript_NIC58.11756.2
OG0009291	transcript_H34C03.1.1	transcript_NIC58.11757.1
OG0009292	transcript_C17H12.13a.1	transcript_NIC58.11758.1
OG0009293	transcript_C17H12.12.1	transcript_NIC58.2872.1
OG0009294	transcript_C17H12.11.2	transcript_NIC58.11768.1
OG0009295	transcript_C17H12.37.1	transcript_NIC58.11769.1
OG0009296	transcript_C17H12.10.1	transcript_NIC58.11770.1
OG0009297	transcript_H20E11.1a.1	transcript_NIC58.11773.1
OG0009298	transcript_C05B10.1b.1	transcript_NIC58.11774.1
OG0009299	transcript_R13H7.2i.1	transcript_NIC58.11775.2
OG0009300	transcript_T05A12.2a.1	transcript_NIC58.11777.1
OG0009301	transcript_T05A12.3.1	transcript_NIC58.11779.3
OG0009302	transcript_T22D1.8.1	transcript_NIC58.11780.1
OG0009303	transcript_T22D1.5.1	transcript_NIC58.8917.1
OG0009304	transcript_T22D1.17a.1	transcript_NIC58.11781.1
OG0009305	transcript_T22D1.9.1	transcript_NIC58.11782.2
OG0009306	transcript_T22D1.4.1	transcript_NIC58.11783.1
OG0009307	transcript_T22D1.3a.1	transcript_NIC58.11784.3
OG0009308	transcript_B0478.1a.1	transcript_NIC58.11802.1
OG0009309	transcript_B0478.3.1	transcript_NIC58.11801.1
OG0009310	transcript_ZK381.1a.1	transcript_NIC58.1511.1
OG0009311	transcript_ZK381.5a.1	transcript_NIC58.11809.1
OG0009312	transcript_C06G3.6.2	transcript_NIC58.11811.1
OG0009313	transcript_C06G3.5a.1	transcript_NIC58.11812.1
OG0009314	transcript_C06G3.8a.1	transcript_NIC58.10792.1
OG0009315	transcript_C06G3.2.1	transcript_NIC58.12689.2
OG0009316	transcript_C06G3.11.1	transcript_NIC58.11813.1
OG0009317	transcript_C06G3.1a.1	transcript_NIC58.11816.1
OG0009318	transcript_Y43B11AR.5.1	transcript_NIC58.11820.1
OG0009319	transcript_Y43B11AR.1.1	transcript_NIC58.11823.1
OG0009320	transcript_Y43B11AR.3.1	transcript_NIC58.11824.1
OG0009321	transcript_Y43B11AR.4.1	transcript_NIC58.11825.2
OG0009322	transcript_ZC477.9d.1	transcript_NIC58.11826.7
OG0009323	transcript_ZC477.5.1	transcript_NIC58.11827.1
OG0009324	transcript_ZC477.3a.1	transcript_NIC58.11828.1
OG0009325	transcript_C34D4.9.1	transcript_NIC58.11831.1
OG0009326	transcript_C34D4.11a.1	transcript_NIC58.11834.1
OG0009327	transcript_C34D4.12a.1	transcript_NIC58.11835.1
OG0009328	transcript_C34D4.13.1	transcript_NIC58.11836.2
OG0009329	transcript_C34D4.14f.1	transcript_NIC58.11837.2
OG0009330	transcript_C34D4.4.1	transcript_NIC58.11838.3
OG0009331	transcript_C34D4.1.1	transcript_NIC58.11840.1
OG0009332	transcript_C42D4.8.1	transcript_NIC58.11841.2
OG0009333	transcript_C42D4.18.1	transcript_NIC58.11843.1
OG0009335	transcript_C42D4.13a.1	transcript_NIC58.11854.1
OG0009336	transcript_C42D4.1.1	transcript_NIC58.11855.1
OG0009337	transcript_R13A1.5.1	transcript_NIC58.11856.1
OG0009338	transcript_R13A1.4c.1	transcript_NIC58.11858.2
OG0009339	transcript_R13A1.2c.1	transcript_NIC58.11859.2
OG0009340	transcript_R13A1.8.1	transcript_NIC58.11860.1
OG0009341	transcript_R13A1.10.1	transcript_NIC58.11861.1
OG0009342	transcript_D2024.5a.1	transcript_NIC58.11862.1
OG0009343	transcript_D2024.3.1	transcript_NIC58.11865.1
OG0009344	transcript_D2024.7.1	transcript_NIC58.11866.1
OG0009345	transcript_D2024.8.1	transcript_NIC58.11868.2
OG0009346	transcript_C06E4.7.1	transcript_NIC58.11873.1
OG0009347	transcript_C06E4.2b.1	transcript_NIC58.11874.1
OG0009348	transcript_F42C5.2.1	transcript_NIC58.11877.1
OG0009349	transcript_F42C5.6.1	transcript_NIC58.11878.1
OG0009350	transcript_F42C5.7.1	transcript_NIC58.11879.1
OG0009351	transcript_F42C5.8a.1	transcript_NIC58.11880.1
OG0009352	transcript_F42C5.9.1	transcript_NIC58.11881.1
OG0009353	transcript_F42C5.10.1	transcript_NIC58.11882.1
OG0009354	transcript_Y40C5A.1.1	transcript_NIC58.11883.1
OG0009355	transcript_Y40C5A.2.1	transcript_NIC58.11884.1
OG0009356	transcript_Y40C5A.3m.1	transcript_NIC58.11912.1
OG0009357	transcript_Y40C5A.4b.2	transcript_NIC58.11911.2
OG0009358	transcript_T12B3.1.1	transcript_NIC58.11907.1
OG0009359	transcript_T12B3.4a.1	transcript_NIC58.11906.2
OG0009360	transcript_C48A7.1b.1	transcript_NIC58.11904.1
OG0009361	transcript_B0496.6.1	transcript_NIC58.11903.1
OG0009362	transcript_B0496.5.1	transcript_NIC58.11902.1
OG0009363	transcript_B0496.3e.1	transcript_NIC58.11901.7
OG0009364	transcript_B0496.7.1	transcript_NIC58.11900.1
OG0009365	transcript_B0496.8.1	transcript_NIC58.11898.1
OG0009366	transcript_F13B6.2.1	transcript_NIC58.11896.1
OG0009367	transcript_F13B6.3.1	transcript_NIC58.11894.1
OG0009368	transcript_F55G1.7a.1	transcript_NIC58.11893.1
OG0009369	transcript_F55G1.9.1	transcript_NIC58.11891.1
OG0009370	transcript_F55G1.4.1	transcript_NIC58.1944.1
OG0009371	transcript_F55G1.1.1	transcript_NIC58.11919.1
OG0009372	transcript_F55G1.13.1	transcript_NIC58.11920.1
OG0009373	transcript_F55G1.15.1	transcript_NIC58.11921.1
OG0009374	transcript_R05G6.6.1	transcript_NIC58.11922.1
OG0009375	transcript_R05G6.7.1	transcript_NIC58.11923.1
OG0009376	transcript_R05G6.5.1	transcript_NIC58.11924.2
OG0009377	transcript_R05G6.8.1	transcript_NIC58.11925.3
OG0009378	transcript_R05G6.4.1	transcript_NIC58.11926.1
OG0009379	transcript_R05G6.9.1	transcript_NIC58.11927.1
OG0009380	transcript_R05G6.10c.1	transcript_NIC58.11928.1
OG0009381	transcript_R05G6.1.1	transcript_NIC58.11929.1
OG0009382	transcript_F49E8.3b.1	transcript_NIC58.11930.3
OG0009383	transcript_F49E8.4.1	transcript_NIC58.11931.1
OG0009384	transcript_F49E8.2a.1	transcript_NIC58.11932.1
OG0009385	transcript_F49E8.5.2	transcript_NIC58.11933.1
OG0009386	transcript_F49E8.7a.1	transcript_NIC58.11934.1
OG0009387	transcript_F49E8.1b.1	transcript_NIC58.11935.5
OG0009388	transcript_F32E10.4.1	transcript_NIC58.11936.1
OG0009389	transcript_F32E10.8.1	transcript_NIC58.11937.1
OG0009390	transcript_F32E10.3b.1	transcript_NIC58.11938.2
OG0009391	transcript_F32E10.5.1	transcript_NIC58.11939.1
OG0009392	transcript_F32E10.1.1	transcript_NIC58.11941.1
OG0009393	transcript_F45E4.3a.1	transcript_NIC58.11942.1
OG0009394	transcript_F45E4.5b.1	transcript_NIC58.11943.1
OG0009395	transcript_F45E4.6.1	transcript_NIC58.11944.1
OG0009396	transcript_F45E4.1.1	transcript_NIC58.11946.1
OG0009397	transcript_F45E4.7a.1	transcript_NIC58.11947.1
OG0009398	transcript_F45E4.8.1	transcript_NIC58.11949.1
OG0009399	transcript_F45E4.9.1	transcript_NIC58.11950.2
OG0009400	transcript_F45E4.10b.1	transcript_NIC58.11951.3
OG0009401	transcript_F45E4.11.1	transcript_NIC58.11952.1
OG0009402	transcript_C08G9.1.1	transcript_NIC58.11953.1
OG0009403	transcript_C08G9.2.1	transcript_NIC58.11954.1
OG0009404	transcript_F33D4.2a.1	transcript_NIC58.11955.1
OG0009405	transcript_F33D4.3.1	transcript_NIC58.11956.1
OG0009406	transcript_F33D4.4.1	transcript_NIC58.11957.1
OG0009407	transcript_F33D4.5.2	transcript_NIC58.11958.1
OG0009408	transcript_F33D4.7.1	transcript_NIC58.11959.1
OG0009409	transcript_F33D4.8.1	transcript_NIC58.11960.1
OG0009410	transcript_F33D4.1a.1	transcript_NIC58.11961.2
OG0009411	transcript_F33D4.6c.1	transcript_NIC58.11962.1
OG0009412	transcript_C50F7.6a.1	transcript_NIC58.12733.2
OG0009413	transcript_C50F7.5.1	transcript_NIC58.12734.1
OG0009414	transcript_C50F7.4.1	transcript_NIC58.10834.1
OG0009415	transcript_C50F7.9.1	transcript_NIC58.12815.1
OG0009416	transcript_C50F7.3.1	transcript_NIC58.12735.1
OG0009417	transcript_C50F7.1b.1	transcript_NIC58.12669.1
OG0009418	transcript_C46A5.4.1	transcript_NIC58.12671.1
OG0009419	transcript_C46A5.3a.1	transcript_NIC58.12672.1
OG0009420	transcript_C46A5.6.1	transcript_NIC58.12675.1
OG0009421	transcript_C46A5.2.1	transcript_NIC58.12674.1
OG0009422	transcript_C46A5.8.1	transcript_NIC58.12677.1
OG0009423	transcript_C46A5.9.1	transcript_NIC58.12678.1
OG0009424	transcript_C33H5.7.1	transcript_NIC58.12679.1
OG0009425	transcript_C33H5.6.1	transcript_NIC58.12680.2
OG0009426	transcript_C33H5.8.1	transcript_NIC58.12681.1
OG0009427	transcript_C33H5.9.1	transcript_NIC58.12682.1
OG0009428	transcript_C33H5.19.1	transcript_NIC58.12683.1
OG0009429	transcript_C33H5.10.1	transcript_NIC58.12684.1
OG0009430	transcript_C33H5.11d.1	transcript_NIC58.12685.1
OG0009431	transcript_C33H5.13a.1	transcript_NIC58.12686.1
OG0009432	transcript_C33H5.14b.1	transcript_NIC58.12687.1
OG0009433	transcript_C33H5.15b.2	transcript_NIC58.12688.2
OG0009434	transcript_C33H5.17.1	transcript_NIC58.12690.1
OG0009435	transcript_C33H5.18b.1	transcript_NIC58.12691.2
OG0009436	transcript_T14A8.1.1	transcript_NIC58.12692.1
OG0009437	transcript_T14A8.2c.1	transcript_NIC58.12693.3
OG0009438	transcript_C06A6.3.1	transcript_NIC58.12695.1
OG0009439	transcript_C06A6.5.1	transcript_NIC58.12696.1
OG0009440	transcript_C06A6.2b.1	transcript_NIC58.12697.2
OG0009441	transcript_T06C10.4.1	transcript_NIC58.12698.1
OG0009442	transcript_T06C10.2.1	transcript_NIC58.12699.1
OG0009443	transcript_C55F2.1b.1	transcript_NIC58.12700.1
OG0009444	transcript_C55F2.2.2	transcript_NIC58.12701.1
OG0009445	transcript_C49H3.8.1	transcript_NIC58.12702.1
OG0009446	transcript_C49H3.6a.1	transcript_NIC58.12703.1
OG0009447	transcript_C49H3.9.2	transcript_NIC58.12705.2
OG0009448	transcript_C49H3.5d.1	transcript_NIC58.12706.2
OG0009449	transcript_C49H3.4.1	transcript_NIC58.12707.1
OG0009450	transcript_C49H3.10b.1	transcript_NIC58.12708.1
OG0009451	transcript_C49H3.16.1	transcript_NIC58.12709.1
OG0009452	transcript_C49H3.3.1	transcript_NIC58.12710.1
OG0009453	transcript_C49H3.11.1	transcript_NIC58.12713.1
OG0009454	transcript_C49H3.12a.1	transcript_NIC58.12714.1
OG0009455	transcript_F20D12.3.1	transcript_NIC58.12716.1
OG0009456	transcript_F20D12.7.1	transcript_NIC58.12717.1
OG0009457	transcript_F20D12.5.2	transcript_NIC58.12718.1
OG0009458	transcript_F20D12.4.2	transcript_NIC58.12719.1
OG0009459	transcript_F20D12.2.1	transcript_NIC58.12720.1
OG0009460	transcript_F20D12.6b.1	transcript_NIC58.12721.1
OG0009461	transcript_F20D12.1a.1	transcript_NIC58.12722.1
OG0009462	transcript_F57H12.4.1	transcript_NIC58.12723.1
OG0009463	transcript_F57H12.6.1	transcript_NIC58.12725.1
OG0009464	transcript_F57H12.3.1	transcript_NIC58.12726.1
OG0009465	transcript_F57H12.2.1	transcript_NIC58.12727.1
OG0009466	transcript_F57H12.1.1	transcript_NIC58.12728.1
OG0009467	transcript_F57H12.7a.1	transcript_NIC58.12729.1
OG0009468	transcript_Y42H9B.1.1	transcript_NIC58.12730.1
OG0009469	transcript_Y42H9B.2.1	transcript_NIC58.12731.1
OG0009470	transcript_Y42H9B.3.1	transcript_NIC58.12667.1
OG0009471	transcript_C26B2.8.1	transcript_NIC58.12666.2
OG0009472	transcript_C26B2.6.1	transcript_NIC58.12665.2
OG0009473	transcript_C26B2.1.1	transcript_NIC58.12664.1
OG0009474	transcript_C26B2.3a.2	transcript_NIC58.12663.1
OG0009475	transcript_C26B2.4.1	transcript_NIC58.12662.1
OG0009476	transcript_C18F3.4a.1	transcript_NIC58.12660.1
OG0009477	transcript_Y42H9AR.2.1	transcript_NIC58.3486.1
OG0009478	transcript_Y42H9AR.5.1	transcript_NIC58.12657.3
OG0009479	transcript_Y42H9AR.3b.1	transcript_NIC58.12656.1
OG0009480	transcript_Y42H9AR.4.1	transcript_NIC58.12655.1
OG0009481	transcript_Y42H9AR.1.2	transcript_NIC58.12654.1
OG0009482	transcript_F42G8.9.1	transcript_NIC58.12658.1
OG0009483	transcript_F42G8.19a.1	transcript_NIC58.12652.1
OG0009484	transcript_F42G8.10.1	transcript_NIC58.12651.1
OG0009485	transcript_F42G8.6.1	transcript_NIC58.12650.1
OG0009486	transcript_F42G8.11.1	transcript_NIC58.12649.1
OG0009487	transcript_F42G8.12.1	transcript_NIC58.12648.3
OG0009488	transcript_F42G8.4a.1	transcript_NIC58.12647.1
OG0009489	transcript_B0218.2.1	transcript_NIC58.12645.1
OG0009490	transcript_B0218.1.1	transcript_NIC58.12644.1
OG0009491	transcript_B0218.7.1	transcript_NIC58.13924.1
OG0009492	transcript_C07G1.3c.1	transcript_NIC58.12641.1
OG0009493	transcript_C07G1.4b.1	transcript_NIC58.12640.4
OG0009494	transcript_C07G1.5.2	transcript_NIC58.12639.2
OG0009495	transcript_C07G1.1.1	transcript_NIC58.12638.1
OG0009496	transcript_C07G1.6.1	transcript_NIC58.12637.1
OG0009497	transcript_T09A12.3a.1	transcript_NIC58.12635.1
OG0009498	transcript_T09A12.2b.1	transcript_NIC58.12632.1
OG0009500	transcript_T09A12.4c.1	transcript_NIC58.12631.1
OG0009501	transcript_K07H8.6c.1	transcript_NIC58.12630.3
OG0009502	transcript_K07H8.8.1	transcript_NIC58.12629.1
OG0009503	transcript_K07H8.11.1	transcript_NIC58.12628.1
OG0009504	transcript_K07H8.12.1	transcript_NIC58.12627.1
OG0009505	transcript_K07H8.9.1	transcript_NIC58.12626.1
OG0009506	transcript_K07H8.10.1	transcript_NIC58.12625.1
OG0009507	transcript_K07H8.3.1	transcript_NIC58.12624.2
OG0009508	transcript_K07H8.2a.1	transcript_NIC58.12623.1
OG0009509	transcript_F35H10.7a.1	transcript_NIC58.12621.1
OG0009510	transcript_F35H10.6.1	transcript_NIC58.12620.1
OG0009511	transcript_F35H10.4.1	transcript_NIC58.12618.1
OG0009512	transcript_F35H10.10.1	transcript_NIC58.12617.1
OG0009513	transcript_F35H10.3.2	transcript_NIC58.12616.1
OG0009514	transcript_F35H10.2.1	transcript_NIC58.12615.1
OG0009515	transcript_F17E9.15.1	transcript_NIC58.12944.1
OG0009516	transcript_F17E9.1.1	transcript_NIC58.12946.1
OG0009517	transcript_D2096.4a.1	transcript_NIC58.12955.2
OG0009518	transcript_D2096.12.1	transcript_NIC58.12954.2
OG0009519	transcript_D2096.6.1	transcript_NIC58.12952.1
OG0009520	transcript_D2096.7b.1	transcript_NIC58.12950.1
OG0009521	transcript_D2096.8.1	transcript_NIC58.12949.2
OG0009522	transcript_D2096.2a.1	transcript_NIC58.12948.1
OG0009523	transcript_T26A8.2.1	transcript_NIC58.12959.1
OG0009524	transcript_T26A8.4.2	transcript_NIC58.12960.1
OG0009525	transcript_T26A8.1.2	transcript_NIC58.12961.1
OG0009526	transcript_T01B11.1.1	transcript_NIC58.12964.1
OG0009527	transcript_T01B11.2a.1	transcript_NIC58.12965.1
OG0009528	transcript_T01B11.3.1	transcript_NIC58.2896.1
OG0009529	transcript_C28C12.11b.1	transcript_NIC58.12970.1
OG0009530	transcript_C28C12.7b.1	transcript_NIC58.12972.2
OG0009531	transcript_C28C12.5.1	transcript_NIC58.12973.1
OG0009532	transcript_C28C12.4.1	transcript_NIC58.12974.1
OG0009533	transcript_C28C12.13.1	transcript_NIC58.12975.1
OG0009534	transcript_C28C12.2.1	transcript_NIC58.5315.1
OG0009536	transcript_C28C12.10b.1	transcript_NIC58.12992.1
OG0009537	transcript_C09G4.3.1	transcript_NIC58.12990.1
OG0009538	transcript_C09G4.2c.1	transcript_NIC58.12989.6
OG0009540	transcript_Y59H11AL.1b.1	transcript_NIC58.12982.2
OG0009541	transcript_Y59H11AR.2a.1	transcript_NIC58.13001.1
OG0009542	transcript_Y59H11AR.4.1	transcript_NIC58.13006.1
OG0009543	transcript_Y59H11AR.10.1	transcript_NIC58.13010.1
OG0009544	transcript_F42A9.6b.1	transcript_NIC58.13012.1
OG0009545	transcript_F42A9.7.1	transcript_NIC58.13022.1
OG0009546	transcript_F42A9.3.1	transcript_NIC58.13021.1
OG0009547	transcript_F42A9.8a.1	transcript_NIC58.13020.1
OG0009548	transcript_F42A9.2.1	transcript_NIC58.13019.2
OG0009549	transcript_F42A9.1a.1	transcript_NIC58.13017.1
OG0009550	transcript_F42A9.9.1	transcript_NIC58.13018.1
OG0009551	transcript_F08B4.4.1	transcript_NIC58.13033.1
OG0009552	transcript_F08B4.5.1	transcript_NIC58.13037.1
OG0009553	transcript_F08B4.6.1	transcript_NIC58.13040.1
OG0009554	transcript_F08B4.1b.1	transcript_NIC58.13041.1
OG0009555	transcript_H23L24.3b.1	transcript_NIC58.16965.1
OG0009556	transcript_H23L24.4.1	transcript_NIC58.13046.1
OG0009557	transcript_H23L24.2.1	transcript_NIC58.13160.1
OG0009558	transcript_F21D5.9.1	transcript_NIC58.13157.1
OG0009559	transcript_F21D5.1.1	transcript_NIC58.13153.1
OG0009560	transcript_F21D5.2b.1	transcript_NIC58.13154.2
OG0009561	transcript_F21D5.3a.1	transcript_NIC58.13155.2
OG0009562	transcript_F21D5.5.1	transcript_NIC58.13126.1
OG0009563	transcript_F21D5.8.1	transcript_NIC58.13102.1
OG0009564	transcript_F21D5.6.1	transcript_NIC58.13103.1
OG0009565	transcript_F21D5.7.1	transcript_NIC58.13104.1
OG0009566	transcript_F20C5.7.1	transcript_NIC58.13105.1
OG0009567	transcript_F20C5.3b.1	transcript_NIC58.13161.2
OG0009568	transcript_F20C5.2a.1	transcript_NIC58.13162.1
OG0009569	transcript_F20C5.4.1	transcript_NIC58.13165.1
OG0009571	transcript_C33D9.3a.1	transcript_NIC58.13195.1
OG0009572	transcript_C33D9.1c.1	transcript_NIC58.13193.1
OG0009573	transcript_T28C6.1f.1	transcript_NIC58.13190.3
OG0009574	transcript_T28C6.10.1	transcript_NIC58.13188.1
OG0009575	transcript_T28C6.7c.1	transcript_NIC58.13177.1
OG0009576	transcript_T28C6.8.1	transcript_NIC58.13178.1
OG0009577	transcript_T11B7.3a.1	transcript_NIC58.13201.3
OG0009578	transcript_T11B7.4d.1	transcript_NIC58.13205.1
OG0009579	transcript_T11B7.5.1	transcript_NIC58.13204.1
OG0009580	transcript_C09G9.1a.1	transcript_NIC58.13209.1
OG0009581	transcript_C09G9.2a.1	transcript_NIC58.13208.2
OG0009582	transcript_C09G9.4.1	transcript_NIC58.15144.1
OG0009583	transcript_C09G9.7a.1	transcript_NIC58.13210.1
OG0009584	transcript_C09G9.5a.1	transcript_NIC58.11431.2
OG0009585	transcript_C27B7.1b.1	transcript_NIC58.11429.1
OG0009586	transcript_C27B7.2.1	transcript_NIC58.11428.1
OG0009587	transcript_C27B7.4a.1	transcript_NIC58.11426.1
OG0009588	transcript_C27B7.6.1	transcript_NIC58.11424.1
OG0009589	transcript_C27B7.7a.1	transcript_NIC58.11423.4
OG0009590	transcript_C27B7.9.1	transcript_NIC58.11422.1
OG0009591	transcript_C27B7.8.1	transcript_NIC58.11421.1
OG0009592	transcript_D1046.2.1	transcript_NIC58.11420.1
OG0009593	transcript_D1046.1c.1	transcript_NIC58.11419.3
OG0009594	transcript_D1046.3.1	transcript_NIC58.11418.1
OG0009595	transcript_D1046.4.1	transcript_NIC58.11416.2
OG0009596	transcript_D1046.5a.1	transcript_NIC58.11415.1
OG0009597	transcript_C53B4.3.2	transcript_NIC58.11413.1
OG0009598	transcript_C53B4.4k.1	transcript_NIC58.11411.1
OG0009599	transcript_C53B4.6a.1	transcript_NIC58.11410.1
OG0009600	transcript_C53B4.8.1	transcript_NIC58.11408.2
OG0009601	transcript_C53D6.8.1	transcript_NIC58.11406.1
OG0009602	transcript_C53D6.2.1	transcript_NIC58.11405.3
OG0009603	transcript_C53D6.11.1	transcript_NIC58.11404.1
OG0009604	transcript_C53D6.4a.1	transcript_NIC58.11402.1
OG0009605	transcript_C53D6.7.1	transcript_NIC58.11398.1
OG0009606	transcript_Y73F4A.3.1	transcript_NIC58.11397.2
OG0009607	transcript_Y73F4A.2.1	transcript_NIC58.11396.1
OG0009608	transcript_Y73F4A.1.1	transcript_NIC58.11395.1
OG0009609	transcript_ZC410.1a.1	transcript_NIC58.11394.1
OG0009610	transcript_ZC410.2.1	transcript_NIC58.11391.1
OG0009611	transcript_ZC410.3a.1	transcript_NIC58.11390.1
OG0009612	transcript_ZC410.4a.1	transcript_NIC58.11389.1
OG0009613	transcript_ZC410.5a.1	transcript_NIC58.11388.1
OG0009614	transcript_ZC410.7.1	transcript_NIC58.11387.2
OG0009615	transcript_C01F6.8b.1	transcript_NIC58.11386.1
OG0009616	transcript_C01F6.9a.1	transcript_NIC58.11385.1
OG0009617	transcript_C01F6.1.1	transcript_NIC58.11384.1
OG0009618	transcript_C01F6.4a.1	transcript_NIC58.11383.1
OG0009619	transcript_C01F6.5.1	transcript_NIC58.11382.1
OG0009620	transcript_F23B2.4.1	transcript_NIC58.11377.1
OG0009621	transcript_F23B2.5a.1	transcript_NIC58.11378.3
OG0009622	transcript_F23B2.6.1	transcript_NIC58.11379.1
OG0009623	transcript_C07C7.1.1	transcript_NIC58.11371.1
OG0009624	transcript_C46C2.5.1	transcript_NIC58.11370.1
OG0009625	transcript_C46C2.1n.1	transcript_NIC58.11369.1
OG0009626	transcript_C46C2.6a.1	transcript_NIC58.11367.1
OG0009627	transcript_C46C2.2.1	transcript_NIC58.11366.1
OG0009628	transcript_Y11D7A.3a.1	transcript_NIC58.11365.1
OG0009629	transcript_Y11D7A.4.1	transcript_NIC58.11364.1
OG0009630	transcript_Y11D7A.5.1	transcript_NIC58.11363.1
OG0009631	transcript_Y11D7A.8.1	transcript_NIC58.11361.1
OG0009632	transcript_Y11D7A.9.1	transcript_NIC58.11360.1
OG0009633	transcript_Y11D7A.10a.1	transcript_NIC58.11359.1
OG0009634	transcript_Y11D7A.13.1	transcript_NIC58.11357.1
OG0009635	transcript_Y11D7A.14.1	transcript_NIC58.11353.1
OG0009636	transcript_F49C12.6.1	transcript_NIC58.13213.1
OG0009637	transcript_F49C12.7b.1	transcript_NIC58.13212.1
OG0009638	transcript_F49C12.9.1	transcript_NIC58.11446.1
OG0009639	transcript_F49C12.8.2	transcript_NIC58.11445.1
OG0009640	transcript_F49C12.10.1	transcript_NIC58.11444.1
OG0009641	transcript_F49C12.12a.1	transcript_NIC58.11443.1
OG0009642	transcript_F49C12.13.1	transcript_NIC58.11442.1
OG0009643	transcript_F49C12.14.1	transcript_NIC58.11440.1
OG0009644	transcript_F49C12.15.1	transcript_NIC58.14601.1
OG0009645	transcript_T20D3.6a.1	transcript_NIC58.11459.1
OG0009646	transcript_T20D3.7c.1	transcript_NIC58.11458.3
OG0009647	transcript_C10C5.1g.1	transcript_NIC58.11457.3
OG0009648	transcript_C10C5.7.1	transcript_NIC58.11455.1
OG0009649	transcript_C10C5.6c.1	transcript_NIC58.11454.5
OG0009650	transcript_F56D5.1.1	transcript_NIC58.11451.1
OG0009651	transcript_F56D5.2.1	transcript_NIC58.972.1
OG0009652	transcript_F56D5.6a.1	transcript_NIC58.11465.2
OG0009653	transcript_F59B8.1e.1	transcript_NIC58.11467.1
OG0009654	transcript_F59B8.2b.1	transcript_NIC58.11468.3
OG0009655	transcript_F38E11.1.1	transcript_NIC58.11469.1
OG0009656	transcript_F38E11.4.1	transcript_NIC58.11474.1
OG0009657	transcript_F38E11.3.2	transcript_NIC58.11471.2
OG0009658	transcript_F38E11.6b.1	transcript_NIC58.11476.1
OG0009659	transcript_F38E11.12.1	transcript_NIC58.11477.1
OG0009660	transcript_C33A12.15.1	transcript_NIC58.11487.1
OG0009661	transcript_C33A12.7.1	transcript_NIC58.11488.1
OG0009662	transcript_C33A12.3a.1	transcript_NIC58.11490.2
OG0009663	transcript_C33A12.19a.1	transcript_NIC58.11491.1
OG0009664	transcript_C33A12.2.1	transcript_NIC58.11492.1
OG0009665	transcript_C33A12.1.1	transcript_NIC58.11493.1
OG0009666	transcript_F56H11.4a.1	transcript_NIC58.11494.1
OG0009667	transcript_F56H11.2a.1	transcript_NIC58.11497.2
OG0009668	transcript_F56H11.1g.1	transcript_NIC58.11498.3
OG0009669	transcript_T05A1.5a.1	transcript_NIC58.11499.1
OG0009670	transcript_T05A1.3a.1	transcript_NIC58.11502.1
OG0009671	transcript_T05A1.2.1	transcript_NIC58.11501.1
OG0009672	transcript_T05A1.1a.1	transcript_NIC58.11503.2
OG0009673	transcript_F27C8.5.1	transcript_NIC58.11504.1
OG0009674	transcript_F27C8.4a.1	transcript_NIC58.11511.1
OG0009675	transcript_W09C2.1a.1	transcript_NIC58.11515.3
OG0009676	transcript_W09C2.8.1	transcript_NIC58.11517.1
OG0009677	transcript_F58G6.8.1	transcript_NIC58.11521.1
OG0009678	transcript_F58G6.1.1	transcript_NIC58.11522.1
OG0009679	transcript_F58G6.9a.1	transcript_NIC58.11527.1
OG0009680	transcript_F58G6.3.1	transcript_NIC58.11526.2
OG0009681	transcript_ZK1251.3.1	transcript_NIC58.1584.1
OG0009682	transcript_ZK1251.8a.1	transcript_NIC58.11306.1
OG0009683	transcript_ZK1251.9a.1	transcript_NIC58.11305.1
OG0009684	transcript_K01H12.1a.1	transcript_NIC58.11304.1
OG0009685	transcript_K01H12.3a.1	transcript_NIC58.11321.1
OG0009686	transcript_K01H12.4.1	transcript_NIC58.11351.3
OG0009687	transcript_C28D4.2a.1	transcript_NIC58.11327.1
OG0009688	transcript_C28D4.10a.1	transcript_NIC58.11328.1
OG0009689	transcript_H27C11.1a.2	transcript_NIC58.11335.2
OG0009690	transcript_T13F2.8a.1	transcript_NIC58.11338.1
OG0009691	transcript_T13F2.7.1	transcript_NIC58.11339.1
OG0009692	transcript_T13F2.5.1	transcript_NIC58.11342.1
OG0009693	transcript_T13F2.4.1	transcript_NIC58.12378.1
OG0009694	transcript_T13F2.3b.1	transcript_NIC58.12377.2
OG0009695	transcript_T13F2.2.1	transcript_NIC58.12376.1
OG0009696	transcript_T13F2.1a.1	transcript_NIC58.12375.3
OG0009697	transcript_W08D2.4a.1	transcript_NIC58.12374.1
OG0009698	transcript_W08D2.3a.1	transcript_NIC58.12373.1
OG0009699	transcript_W08D2.1.1	transcript_NIC58.12372.2
OG0009700	transcript_W08D2.5a.1	transcript_NIC58.12370.1
OG0009701	transcript_W08D2.6.1	transcript_NIC58.12371.1
OG0009702	transcript_W08D2.7.1	transcript_NIC58.12369.1
OG0009703	transcript_K07F5.4.1	transcript_NIC58.1826.1
OG0009705	transcript_K07F5.12.1	transcript_NIC58.12367.1
OG0009706	transcript_K07F5.13c.1	transcript_NIC58.12366.3
OG0009707	transcript_K07F5.14.1	transcript_NIC58.12365.1
OG0009708	transcript_K07F5.16a.1	transcript_NIC58.12364.1
OG0009709	transcript_F32B6.1.1	transcript_NIC58.12362.2
OG0009710	transcript_F32B6.3.2	transcript_NIC58.12361.1
OG0009711	transcript_F32B6.2.1	transcript_NIC58.12360.1
OG0009712	transcript_F32B6.10a.1	transcript_NIC58.12359.1
OG0009713	transcript_F32B6.8b.1	transcript_NIC58.12358.4
OG0009714	transcript_F25H8.6.1	transcript_NIC58.12355.1
OG0009715	transcript_F25H8.5k.1	transcript_NIC58.12354.4
OG0009716	transcript_F25H8.1a.1	transcript_NIC58.12353.1
OG0009717	transcript_F25H8.2.1	transcript_NIC58.12352.1
OG0009718	transcript_F25H8.7.1	transcript_NIC58.12351.1
OG0009719	transcript_F25H8.3b.1	transcript_NIC58.12350.1
OG0009720	transcript_T13H10.2.1	transcript_NIC58.12349.1
OG0009721	transcript_C47E12.12.1	transcript_NIC58.2623.1
OG0009722	transcript_C47E12.14.1	transcript_NIC58.12348.1
OG0009723	transcript_C47E12.7.1	transcript_NIC58.12346.1
OG0009724	transcript_C47E12.6.1	transcript_NIC58.12345.1
OG0009725	transcript_C47E12.5a.1	transcript_NIC58.12344.1
OG0009726	transcript_C47E12.4c.1	transcript_NIC58.12343.3
OG0009727	transcript_C47E12.3a.1	transcript_NIC58.12342.1
OG0009728	transcript_C47E12.1.1	transcript_NIC58.12341.1
OG0009729	transcript_F44D12.1a.1	transcript_NIC58.12340.2
OG0009730	transcript_F44D12.2.1	transcript_NIC58.12339.1
OG0009731	transcript_F44D12.9c.1	transcript_NIC58.12337.2
OG0009732	transcript_T04B2.2a.1	transcript_NIC58.12642.2
OG0009733	transcript_T04B2.3a.1	transcript_NIC58.12336.1
OG0009734	transcript_T04B2.5.1	transcript_NIC58.12333.1
OG0009735	transcript_W01B6.1.1	transcript_NIC58.12332.1
OG0009736	transcript_W01B6.3.1	transcript_NIC58.12331.1
OG0009737	transcript_W01B6.7.1	transcript_NIC58.12330.1
OG0009738	transcript_C04G2.1a.1	transcript_NIC58.12329.1
OG0009739	transcript_C04G2.6.1	transcript_NIC58.13563.1
OG0009740	transcript_C04G2.11.1	transcript_NIC58.12328.1
OG0009741	transcript_K08F4.1.1	transcript_NIC58.12326.1
OG0009742	transcript_K08F4.4.1	transcript_NIC58.12325.2
OG0009743	transcript_K08F4.12.1	transcript_NIC58.12323.1
OG0009744	transcript_T14G10.8a.1	transcript_NIC58.12318.1
OG0009745	transcript_T14G10.7.1	transcript_NIC58.12317.2
OG0009746	transcript_T14G10.6.1	transcript_NIC58.12316.1
OG0009747	transcript_T14G10.5c.1	transcript_NIC58.12315.3
OG0009748	transcript_T14G10.4.1	transcript_NIC58.12314.1
OG0009749	transcript_T14G10.3.1	transcript_NIC58.12313.1
OG0009750	transcript_T14G10.1b.1	transcript_NIC58.12312.1
OG0009751	transcript_T14G10.2a.1	transcript_NIC58.12311.6
OG0009752	transcript_K04D7.2a.1	transcript_NIC58.12310.5
OG0009753	transcript_K04D7.3a.1	transcript_NIC58.12309.2
OG0009754	transcript_K04D7.4a.1	transcript_NIC58.12308.1
OG0009755	transcript_K04D7.5a.1	transcript_NIC58.12306.1
OG0009756	transcript_K04D7.6.1	transcript_NIC58.12305.3
OG0009757	transcript_C24F3.5a.1	transcript_NIC58.12304.1
OG0009758	transcript_C24F3.4a.1	transcript_NIC58.12303.2
OG0009759	transcript_C24F3.1b.1	transcript_NIC58.12302.1
OG0009760	transcript_C24F3.2.1	transcript_NIC58.12301.1
OG0009761	transcript_C24F3.3.1	transcript_NIC58.12300.1
OG0009762	transcript_F01G10.6.1	transcript_NIC58.12299.1
OG0009763	transcript_F01G10.7.1	transcript_NIC58.12297.1
OG0009764	transcript_F01G10.1.1	transcript_NIC58.12295.1
OG0009765	transcript_F01G10.10.1	transcript_NIC58.12294.1
OG0009766	transcript_F01G10.8b.1	transcript_NIC58.12789.1
OG0009767	transcript_F01G10.9.1	transcript_NIC58.12788.1
OG0009768	transcript_Y43C5A.3.1	transcript_NIC58.12786.1
OG0009769	transcript_Y43C5A.7.1	transcript_NIC58.12785.1
OG0009770	transcript_Y43C5A.4.1	transcript_NIC58.12784.2
OG0009771	transcript_Y43C5A.5a.1	transcript_NIC58.12783.1
OG0009772	transcript_Y43C5A.6a.1	transcript_NIC58.12782.1
OG0009773	transcript_R09E10.7.1	transcript_NIC58.12781.2
OG0009774	transcript_R09E10.6.1	transcript_NIC58.12780.1
OG0009775	transcript_R09E10.2.1	transcript_NIC58.12569.1
OG0009776	transcript_R09E10.1.2	transcript_NIC58.5031.1
OG0009777	transcript_K11E8.1r.1	transcript_NIC58.12775.1
OG0009778	transcript_Y43C5B.3.2	transcript_NIC58.12774.2
OG0009779	transcript_R11A8.2.1	transcript_NIC58.12772.2
OG0009780	transcript_R11A8.4a.1	transcript_NIC58.12853.3
OG0009781	transcript_R11A8.5.1	transcript_NIC58.12854.1
OG0009782	transcript_R11A8.6.2	transcript_NIC58.12855.1
OG0009783	transcript_R11A8.8.1	transcript_NIC58.12812.1
OG0009784	transcript_R11A8.7f.1	transcript_NIC58.12813.1
OG0009785	transcript_R10H10.1.1	transcript_NIC58.12814.1
OG0009786	transcript_R10H10.3.1	transcript_NIC58.12837.1
OG0009787	transcript_R10H10.2.1	transcript_NIC58.11791.1
OG0009788	transcript_R10H10.4.1	transcript_NIC58.12838.1
OG0009789	transcript_R10H10.5.1	transcript_NIC58.12839.1
OG0009790	transcript_R10H10.6.1	transcript_NIC58.12840.1
OG0009791	transcript_R10H10.7.1	transcript_NIC58.12841.1
OG0009792	transcript_F13B12.6.1	transcript_NIC58.12842.1
OG0009793	transcript_F13B12.1.1	transcript_NIC58.12843.1
OG0009794	transcript_F13B12.2.1	transcript_NIC58.12844.2
OG0009795	transcript_F13B12.5.1	transcript_NIC58.12845.1
OG0009796	transcript_F13B12.3a.1	transcript_NIC58.12846.3
OG0009797	transcript_F13B12.7.1	transcript_NIC58.12847.1
OG0009798	transcript_F01D4.7.1	transcript_NIC58.12849.1
OG0009799	transcript_F01D4.6a.1	transcript_NIC58.12850.2
OG0009800	transcript_F01D4.1b.1	transcript_NIC58.12851.1
OG0009801	transcript_F01D4.2.1	transcript_NIC58.12852.3
OG0009802	transcript_F01D4.4.1	transcript_NIC58.12862.1
OG0009803	transcript_F01D4.5a.1	transcript_NIC58.12861.1
OG0009804	transcript_C02F4.1.1	transcript_NIC58.12860.2
OG0009805	transcript_C02F4.2b.1	transcript_NIC58.12859.3
OG0009806	transcript_C02F4.4.1	transcript_NIC58.12858.1
OG0009807	transcript_T07G12.1a.1	transcript_NIC58.12857.4
OG0009808	transcript_C43F9.8.1	transcript_NIC58.12791.1
OG0009809	transcript_C43F9.9.1	transcript_NIC58.12792.1
OG0009810	transcript_C43F9.4a.1	transcript_NIC58.12794.1
OG0009811	transcript_C43F9.5.1	transcript_NIC58.12795.1
OG0009812	transcript_C43F9.6.1	transcript_NIC58.12796.1
OG0009813	transcript_C43F9.7.1	transcript_NIC58.12797.1
OG0009814	transcript_C43F9.11a.1	transcript_NIC58.12798.1
OG0009815	transcript_R09H10.6.1	transcript_NIC58.12801.1
OG0009816	transcript_R09H10.4.1	transcript_NIC58.12802.1
OG0009817	transcript_R09H10.7.1	transcript_NIC58.12803.1
OG0009818	transcript_R09H10.5.1	transcript_NIC58.12804.1
OG0009820	transcript_F56C4.1.1	transcript_NIC58.12828.1
OG0009821	transcript_F56C4.3a.1	transcript_NIC58.12830.2
OG0009822	transcript_K08C7.1.1	transcript_NIC58.12808.1
OG0009823	transcript_K08C7.7.1	transcript_NIC58.12827.2
OG0009824	transcript_K08C7.3f.1	transcript_NIC58.12826.1
OG0009825	transcript_K08C7.4.1	transcript_NIC58.12825.1
OG0009826	transcript_K08C7.6.1	transcript_NIC58.12822.1
OG0009828	transcript_R102.8.1	transcript_NIC58.12820.1
OG0009829	transcript_R102.4b.1	transcript_NIC58.12769.2
OG0009830	transcript_R102.5b.1	transcript_NIC58.12768.1
OG0009831	transcript_R102.11a.1	transcript_NIC58.12767.1
OG0009832	transcript_R102.6.2	transcript_NIC58.12766.1
OG0009833	transcript_R102.9.1	transcript_NIC58.12765.1
OG0009834	transcript_ZC168.1.1	transcript_NIC58.12738.1
OG0009835	transcript_ZC168.2.1	transcript_NIC58.12739.1
OG0009836	transcript_ZC168.3a.1	transcript_NIC58.12740.1
OG0009837	transcript_ZC168.5.1	transcript_NIC58.12742.1
OG0009838	transcript_T25B9.3a.1	transcript_NIC58.12743.1
OG0009839	transcript_T25B9.1.1	transcript_NIC58.12744.1
OG0009840	transcript_T25B9.4.1	transcript_NIC58.15701.1
OG0009841	transcript_T25B9.11b.1	transcript_NIC58.12746.1
OG0009842	transcript_T25B9.9.1	transcript_NIC58.12749.1
OG0009843	transcript_T25B9.10b.1	transcript_NIC58.12748.3
OG0009844	transcript_C06G8.1.1	transcript_NIC58.12750.1
OG0009845	transcript_C06G8.2.1	transcript_NIC58.12752.1
OG0009846	transcript_R13.4a.1	transcript_NIC58.12755.2
OG0009847	transcript_R13.2.1	transcript_NIC58.12756.1
OG0009848	transcript_T11G6.5a.1	transcript_NIC58.12758.1
OG0009849	transcript_T11G6.1a.1	transcript_NIC58.12760.1
OG0009850	transcript_T11G6.8a.1	transcript_NIC58.12761.2
OG0009851	transcript_F13E9.1.1	transcript_NIC58.12762.2
OG0009852	transcript_F13E9.11a.1	transcript_NIC58.12763.2
OG0009853	transcript_F13E9.12.1	transcript_NIC58.12764.1
OG0009854	transcript_F13E9.13.1	transcript_NIC58.12754.1
OG0009855	transcript_F13E9.5.1	transcript_NIC58.364.1
OG0009856	transcript_F13E9.10.1	transcript_NIC58.11963.1
OG0009857	transcript_F13E9.15.1	transcript_NIC58.11964.1
OG0009858	transcript_F13E9.14.1	transcript_NIC58.11965.1
OG0009859	transcript_F13E9.8.1	transcript_NIC58.11966.1
OG0009860	transcript_F13E9.4.1	transcript_NIC58.11967.1
OG0009861	transcript_F13E9.9a.1	transcript_NIC58.11968.1
OG0009862	transcript_ZK596.1.1	transcript_NIC58.11971.1
OG0009863	transcript_ZK596.3.1	transcript_NIC58.11972.1
OG0009864	transcript_ZK596.2.1	transcript_NIC58.15713.1
OG0009865	transcript_ZK593.2a.1	transcript_NIC58.11974.1
OG0009866	transcript_ZK593.3.2	transcript_NIC58.11975.1
OG0009867	transcript_ZK593.4a.1	transcript_NIC58.11976.1
OG0009868	transcript_ZK593.5b.1	transcript_NIC58.11977.3
OG0009869	transcript_ZK593.7.1	transcript_NIC58.11978.1
OG0009870	transcript_ZK593.6a.1	transcript_NIC58.11979.1
OG0009871	transcript_ZK593.8.1	transcript_NIC58.11980.1
OG0009872	transcript_Y69E1A.5.1	transcript_NIC58.11981.2
OG0009873	transcript_Y69E1A.6a.1	transcript_NIC58.11982.1
OG0009874	transcript_Y69E1A.7a.1	transcript_NIC58.11983.1
OG0009875	transcript_Y69E1A.8.1	transcript_NIC58.11984.3
OG0009876	transcript_F13H10.5.1	transcript_NIC58.11987.1
OG0009877	transcript_F13H10.9.1	transcript_NIC58.11988.1
OG0009878	transcript_F13H10.1.1	transcript_NIC58.11989.1
OG0009879	transcript_F13H10.6a.1	transcript_NIC58.11990.1
OG0009880	transcript_F13H10.2a.1	transcript_NIC58.11991.1
OG0009881	transcript_F13H10.3b.1	transcript_NIC58.11992.1
OG0009882	transcript_F13H10.4a.1	transcript_NIC58.11993.3
OG0009883	transcript_F13H10.8a.1	transcript_NIC58.11994.1
OG0009884	transcript_F36H1.6.1	transcript_NIC58.11995.1
OG0009885	transcript_F36H1.10a.1	transcript_NIC58.11998.1
OG0009886	transcript_F36H1.1a.1	transcript_NIC58.11999.1
OG0009887	transcript_F36H1.2e.1	transcript_NIC58.12000.3
OG0009888	transcript_F36H1.11.1	transcript_NIC58.12001.1
OG0009889	transcript_F36H1.3.1	transcript_NIC58.2629.1
OG0009890	transcript_F36H1.12.1	transcript_NIC58.12002.1
OG0009891	transcript_F36H1.4f.1	transcript_NIC58.12003.4
OG0009892	transcript_Y5F2A.1.1	transcript_NIC58.12004.1
OG0009893	transcript_Y5F2A.2.1	transcript_NIC58.12005.1
OG0009894	transcript_Y5F2A.4.1	transcript_NIC58.12006.2
OG0009895	transcript_M7.5.1	transcript_NIC58.12007.1
OG0009896	transcript_M7.3.1	transcript_NIC58.12008.2
OG0009897	transcript_M7.7.1	transcript_NIC58.12009.1
OG0009898	transcript_M7.9.1	transcript_NIC58.12014.1
OG0009899	transcript_T05E11.6.1	transcript_NIC58.12015.2
OG0009900	transcript_T05E11.1.1	transcript_NIC58.12016.1
OG0009901	transcript_T05E11.2b.1	transcript_NIC58.12017.1
OG0009902	transcript_T05E11.5.1	transcript_NIC58.12018.1
OG0009903	transcript_T05E11.3a.1	transcript_NIC58.12019.1
OG0009904	transcript_T05E11.4a.1	transcript_NIC58.12020.1
OG0009905	transcript_F01G4.2a.1	transcript_NIC58.12022.1
OG0009906	transcript_F01G4.5.1	transcript_NIC58.12028.1
OG0009907	transcript_C08F8.1a.1	transcript_NIC58.12030.1
OG0009908	transcript_C08F8.2b.1	transcript_NIC58.12031.1
OG0009909	transcript_C08F8.4b.1	transcript_NIC58.10848.1
OG0009910	transcript_C08F8.6.1	transcript_NIC58.3853.1
OG0009911	transcript_C08F8.8.1	transcript_NIC58.12032.1
OG0009912	transcript_C08F8.7.1	transcript_NIC58.12033.1
OG0009913	transcript_R07H5.2a.1	transcript_NIC58.12034.1
OG0009914	transcript_R07H5.1.1	transcript_NIC58.12035.1
OG0009915	transcript_R07H5.3a.1	transcript_NIC58.12036.1
OG0009916	transcript_R07H5.9.1	transcript_NIC58.12037.1
OG0009917	transcript_R07H5.8.1	transcript_NIC58.12038.1
OG0009918	transcript_C29F4.3.1	transcript_NIC58.12040.1
OG0009919	transcript_C29F4.2.1	transcript_NIC58.12042.1
OG0009920	transcript_C05C12.6.1	transcript_NIC58.12043.1
OG0009921	transcript_C05C12.4.1	transcript_NIC58.12044.3
OG0009922	transcript_C05C12.5.1	transcript_NIC58.4994.1
OG0009923	transcript_F54D1.1.1	transcript_NIC58.12047.1
OG0009924	transcript_F54D1.4a.2	transcript_NIC58.12049.1
OG0009925	transcript_B0035.16.1	transcript_NIC58.12052.2
OG0009926	transcript_B0035.15.1	transcript_NIC58.12053.1
OG0009927	transcript_B0035.1b.1	transcript_NIC58.12056.1
OG0009928	transcript_B0035.3.1	transcript_NIC58.12058.2
OG0009929	transcript_B0035.4.1	transcript_NIC58.12059.1
OG0009930	transcript_B0035.5.1	transcript_NIC58.12060.1
OG0009931	transcript_B0035.18.1	transcript_NIC58.13892.1
OG0009932	transcript_T01G1.1a.1	transcript_NIC58.12064.1
OG0009933	transcript_T01G1.2.1	transcript_NIC58.12065.1
OG0009934	transcript_H02I12.1.1	transcript_NIC58.2049.1
OG0009935	transcript_H02I12.3.1	transcript_NIC58.12078.1
OG0009936	transcript_F22B3.8.1	transcript_NIC58.4313.1
OG0009937	transcript_C10C6.1g.1	transcript_NIC58.12132.2
OG0009938	transcript_C10C6.2.1	transcript_NIC58.12131.1
OG0009939	transcript_C10C6.7b.1	transcript_NIC58.12130.1
OG0009940	transcript_C10C6.5.1	transcript_NIC58.12129.5
OG0009941	transcript_C10C6.6.1	transcript_NIC58.12128.3
OG0009942	transcript_H21P03.1.1	transcript_NIC58.12127.1
OG0009943	transcript_H21P03.2.1	transcript_NIC58.12126.1
OG0009944	transcript_H21P03.3b.1	transcript_NIC58.12125.1
OG0009945	transcript_M04B2.5a.1	transcript_NIC58.12124.1
OG0009946	transcript_M04B2.6.1	transcript_NIC58.12123.1
OG0009947	transcript_M04B2.4.1	transcript_NIC58.12122.1
OG0009948	transcript_M04B2.3.1	transcript_NIC58.12121.1
OG0009949	transcript_M04B2.1.1	transcript_NIC58.12120.1
OG0009950	transcript_M04B2.2.1	transcript_NIC58.12119.1
OG0009951	transcript_M04B2.7j.1	transcript_NIC58.12118.2
OG0009952	transcript_F12F6.9.1	transcript_NIC58.12116.1
OG0009953	transcript_F12F6.7.1	transcript_NIC58.12117.1
OG0009954	transcript_F12F6.5a.1	transcript_NIC58.12114.2
OG0009955	transcript_F12F6.1.2	transcript_NIC58.12113.2
OG0009956	transcript_F40F11.4.1	transcript_NIC58.12112.1
OG0009957	transcript_F40F11.3b.1	transcript_NIC58.12111.1
OG0009958	transcript_F40F11.2.1	transcript_NIC58.12110.2
OG0009959	transcript_F40F11.1.1	transcript_NIC58.12109.1
OG0009960	transcript_Y24F12A.2a.1	transcript_NIC58.12108.1
OG0009961	transcript_F58B3.4.2	transcript_NIC58.12103.1
OG0009962	transcript_F58B3.5a.1	transcript_NIC58.12102.1
OG0009963	transcript_F58B3.6.1	transcript_NIC58.12101.1
OG0009964	transcript_F58B3.7.1	transcript_NIC58.12100.1
OG0009965	transcript_F58B3.9.1	transcript_NIC58.12099.1
OG0009966	transcript_ZK809.7.1	transcript_NIC58.12098.1
OG0009967	transcript_ZK809.8b.1	transcript_NIC58.12097.1
OG0009968	transcript_ZK809.2.1	transcript_NIC58.12096.1
OG0009969	transcript_ZK809.3.1	transcript_NIC58.12095.1
OG0009970	transcript_ZK809.5b.1	transcript_NIC58.12094.1
OG0009971	transcript_ZK792.1a.1	transcript_NIC58.12093.1
OG0009972	transcript_ZK792.8.1	transcript_NIC58.12092.1
OG0009973	transcript_ZK792.4.1	transcript_NIC58.12090.1
OG0009974	transcript_ZK792.5.1	transcript_NIC58.12089.1
OG0009975	transcript_ZK792.6.1	transcript_NIC58.12088.1
OG0009976	transcript_ZK792.7a.1	transcript_NIC58.12087.1
OG0009977	transcript_T22B3.1.1	transcript_NIC58.12086.1
OG0009978	transcript_K01A6.2a.1	transcript_NIC58.12085.5
OG0009979	transcript_K01A6.6b.1	transcript_NIC58.12084.1
OG0009980	transcript_T12A7.6.1	transcript_NIC58.12135.1
OG0009981	transcript_T12A7.3.1	transcript_NIC58.12137.1
OG0009982	transcript_T12A7.2b.2	transcript_NIC58.12139.3
OG0009983	transcript_T12A7.4d.1	transcript_NIC58.12140.1
OG0009984	transcript_T12A7.5.1	transcript_NIC58.12141.1
OG0009985	transcript_H01G02.3a.1	transcript_NIC58.12142.4
OG0009986	transcript_H01G02.2.1	transcript_NIC58.12143.1
OG0009988	transcript_H01G02.1a.1	transcript_NIC58.12144.2
OG0009989	transcript_M117.1a.1	transcript_NIC58.12145.1
OG0009990	transcript_F38H4.3.1	transcript_NIC58.12147.2
OG0009991	transcript_F38H4.7.2	transcript_NIC58.12148.2
OG0009992	transcript_F38H4.5.1	transcript_NIC58.12149.1
OG0009993	transcript_F38H4.8b.1	transcript_NIC58.12150.1
OG0009994	transcript_F38H4.10.1	transcript_NIC58.12152.1
OG0009995	transcript_C29E6.2a.1	transcript_NIC58.12153.1
OG0009996	transcript_C29E6.4.1	transcript_NIC58.12154.1
OG0009997	transcript_C29E6.1a.1	transcript_NIC58.12155.1
OG0009998	transcript_C29E6.5a.1	transcript_NIC58.12157.2
OG0009999	transcript_VZK822L.2.1	transcript_NIC58.12158.1
OG0010000	transcript_ZK822.1.1	transcript_NIC58.12160.1
OG0010001	transcript_ZK822.2.1	transcript_NIC58.12162.1
OG0010002	transcript_ZK822.4.1	transcript_NIC58.12163.1
OG0010003	transcript_ZK822.5a.1	transcript_NIC58.12165.2
OG0010004	transcript_ZK829.3.1	transcript_NIC58.12166.2
OG0010005	transcript_ZK829.2.1	transcript_NIC58.12167.1
OG0010006	transcript_ZK829.4.2	transcript_NIC58.12169.1
OG0010007	transcript_ZK829.6.1	transcript_NIC58.12170.2
OG0010008	transcript_ZK829.7.1	transcript_NIC58.12171.1
OG0010009	transcript_ZK829.9.1	transcript_NIC58.12173.1
OG0010010	transcript_ZK617.1b.1	transcript_NIC58.12174.2
OG0010011	transcript_ZK617.3.1	transcript_NIC58.12176.1
OG0010012	transcript_ZK617.2.1	transcript_NIC58.12177.1
OG0010013	transcript_T12G3.7.1	transcript_NIC58.12178.1
OG0010014	transcript_T12G3.6b.1	transcript_NIC58.12180.1
OG0010015	transcript_T12G3.5.1	transcript_NIC58.12179.1
OG0010016	transcript_T12G3.1a.1	transcript_NIC58.12181.2
OG0010017	transcript_T12G3.2d.1	transcript_NIC58.12182.1
OG0010018	transcript_T12G3.4.1	transcript_NIC58.12184.1
OG0010019	transcript_T12G3.8a.1	transcript_NIC58.12185.2
OG0010020	transcript_K08E4.1.1	transcript_NIC58.12186.1
OG0010021	transcript_K08E4.2a.1	transcript_NIC58.12187.1
OG0010022	transcript_K08E4.3b.1	transcript_NIC58.12188.1
OG0010023	transcript_K08E4.5b.1	transcript_NIC58.12189.1
OG0010024	transcript_K08E4.6.1	transcript_NIC58.12190.2
OG0010025	transcript_F11A10.1a.1	transcript_NIC58.12191.3
OG0010026	transcript_F11A10.7.1	transcript_NIC58.12192.1
OG0010027	transcript_F11A10.6a.2	transcript_NIC58.12193.1
OG0010028	transcript_F11A10.8.1	transcript_NIC58.12194.1
OG0010029	transcript_F11A10.5.2	transcript_NIC58.12195.1
OG0010030	transcript_F11A10.4b.1	transcript_NIC58.12196.4
OG0010031	transcript_M18.3.1	transcript_NIC58.12197.1
OG0010032	transcript_M18.1a.1	transcript_NIC58.12198.1
OG0010033	transcript_M18.2.1	transcript_NIC58.12199.1
OG0010034	transcript_M18.5.1	transcript_NIC58.12200.1
OG0010035	transcript_M18.6a.1	transcript_NIC58.12201.1
OG0010036	transcript_M18.7a.1	transcript_NIC58.12202.1
OG0010037	transcript_M18.8.1	transcript_NIC58.12203.1
OG0010038	transcript_B0001.1a.1	transcript_NIC58.12204.1
OG0010039	transcript_B0001.4a.1	transcript_NIC58.12205.1
OG0010040	transcript_B0001.2.1	transcript_NIC58.12210.1
OG0010041	transcript_F20B10.3.1	transcript_NIC58.12212.1
OG0010042	transcript_F20B10.1.1	transcript_NIC58.12213.1
OG0010043	transcript_F35G2.1a.1	transcript_NIC58.12214.1
OG0010044	transcript_F35G2.2.1	transcript_NIC58.12215.1
OG0010045	transcript_F35G2.4.1	transcript_NIC58.12217.1
OG0010046	transcript_F35G2.5a.1	transcript_NIC58.12218.1
OG0010047	transcript_Y39C12A.1.1	transcript_NIC58.12219.2
OG0010048	transcript_Y39C12A.7.1	transcript_NIC58.12221.1
OG0010049	transcript_C42C1.2.1	transcript_NIC58.12223.4
OG0010050	transcript_C42C1.14.1	transcript_NIC58.12224.1
OG0010051	transcript_C42C1.4a.1	transcript_NIC58.12225.1
OG0010052	transcript_C42C1.5.2	transcript_NIC58.12226.1
OG0010053	transcript_C42C1.11a.2	transcript_NIC58.12227.3
OG0010054	transcript_C42C1.12.1	transcript_NIC58.12228.1
OG0010055	transcript_C42C1.10.1	transcript_NIC58.12229.2
OG0010056	transcript_F19B6.2a.1	transcript_NIC58.12233.1
OG0010057	transcript_F19B6.1d.1	transcript_NIC58.12234.1
OG0010058	transcript_ZC518.2.1	transcript_NIC58.12236.1
OG0010059	transcript_ZC518.3d.1	transcript_NIC58.12237.9
OG0010060	transcript_F28D1.1.1	transcript_NIC58.12238.1
OG0010061	transcript_F28D1.6.1	transcript_NIC58.12241.1
OG0010062	transcript_F28D1.8.1	transcript_NIC58.12242.1
OG0010063	transcript_F28D1.7a.1	transcript_NIC58.12243.1
OG0010064	transcript_F28D1.11.1	transcript_NIC58.12244.1
OG0010065	transcript_F28D1.9.1	transcript_NIC58.12245.3
OG0010066	transcript_F28D1.10.1	transcript_NIC58.12249.1
OG0010067	transcript_F08G5.1a.1	transcript_NIC58.12250.1
OG0010068	transcript_F08G5.2a.1	transcript_NIC58.12251.1
OG0010069	transcript_F08G5.3b.1	transcript_NIC58.12252.1
OG0010070	transcript_F08G5.5a.2	transcript_NIC58.12253.1
OG0010071	transcript_F08G5.4.1	transcript_NIC58.12254.1
OG0010072	transcript_C25G4.2.1	transcript_NIC58.12256.1
OG0010073	transcript_C25G4.3a.1	transcript_NIC58.12257.1
OG0010074	transcript_C25G4.5.1	transcript_NIC58.12258.1
OG0010075	transcript_T04A11.6.1	transcript_NIC58.709.1
OG0010076	transcript_F53B2.5.1	transcript_NIC58.1576.1
OG0010077	transcript_F53B2.6.1	transcript_NIC58.13600.1
OG0010078	transcript_ZK795.1.1	transcript_NIC58.13599.1
OG0010079	transcript_ZK795.2.1	transcript_NIC58.13583.2
OG0010080	transcript_ZK795.3.1	transcript_NIC58.13584.1
OG0010081	transcript_K08E7.1.1	transcript_NIC58.13585.1
OG0010082	transcript_K08E7.2.1	transcript_NIC58.13586.1
OG0010083	transcript_K08E7.3.1	transcript_NIC58.1319.1
OG0010084	transcript_K08E7.5a.1	transcript_NIC58.13587.2
OG0010085	transcript_K08E7.6.1	transcript_NIC58.13588.3
OG0010086	transcript_K08E7.8a.1	transcript_NIC58.13589.1
OG0010087	transcript_Y55D9A.2b.1	transcript_NIC58.13590.1
OG0010088	transcript_Y55D9A.1b.1	transcript_NIC58.13592.3
OG0010089	transcript_C01C7.1a.1	transcript_NIC58.13597.2
OG0010091	transcript_C26H9A.1b.1	transcript_NIC58.12379.1
OG0010092	transcript_C26H9A.2c.1	transcript_NIC58.12380.1
OG0010093	transcript_T23B5.4b.1	transcript_NIC58.12381.1
OG0010094	transcript_T23B5.1a.1	transcript_NIC58.12382.1
OG0010095	transcript_T23B5.3d.1	transcript_NIC58.12383.3
OG0010096	transcript_C27D8.4.1	transcript_NIC58.12384.1
OG0010097	transcript_C27D8.3b.1	transcript_NIC58.12385.1
OG0010098	transcript_C27D8.2.1	transcript_NIC58.7253.1
OG0010099	transcript_T23F6.1.1	transcript_NIC58.12386.1
OG0010100	transcript_T23F6.4a.1	transcript_NIC58.12387.2
OG0010101	transcript_T23F6.5.1	transcript_NIC58.12388.1
OG0010102	transcript_C36H8.2.1	transcript_NIC58.12389.1
OG0010103	transcript_C36H8.3.1	transcript_NIC58.12390.1
OG0010104	transcript_ZK897.1j.1	transcript_NIC58.12391.2
OG0010106	transcript_F07C6.1a.1	transcript_NIC58.12393.2
OG0010107	transcript_F07C6.4d.1	transcript_NIC58.12395.1
OG0010108	transcript_M02B1.4.1	transcript_NIC58.12397.1
OG0010109	transcript_M02B1.3b.1	transcript_NIC58.12398.1
OG0010110	transcript_ZK896.6.1	transcript_NIC58.12402.1
OG0010111	transcript_F55G11.10.1	transcript_NIC58.1995.1
OG0010112	transcript_K10D11.7a.1	transcript_NIC58.12409.1
OG0010113	transcript_F49E11.1b.1	transcript_NIC58.12410.3
OG0010114	transcript_F49E11.2.1	transcript_NIC58.12411.1
OG0010115	transcript_F49E11.3.1	transcript_NIC58.12412.1
OG0010116	transcript_C39E9.3.1	transcript_NIC58.10625.1
OG0010117	transcript_C39E9.7.1	transcript_NIC58.12419.2
OG0010118	transcript_C39E9.8a.1	transcript_NIC58.12420.2
OG0010119	transcript_C39E9.10.1	transcript_NIC58.12421.1
OG0010120	transcript_C39E9.9.1	transcript_NIC58.12422.1
OG0010121	transcript_C39E9.11.1	transcript_NIC58.12423.1
OG0010122	transcript_C39E9.12.1	transcript_NIC58.12424.1
OG0010123	transcript_C39E9.13.1	transcript_NIC58.12425.1
OG0010124	transcript_C39E9.14a.1	transcript_NIC58.12426.1
OG0010125	transcript_B0564.7a.1	transcript_NIC58.12427.3
OG0010126	transcript_B0564.2a.1	transcript_NIC58.12429.1
OG0010127	transcript_B0564.10b.1	transcript_NIC58.12432.1
OG0010128	transcript_F09E8.1b.1	transcript_NIC58.12434.1
OG0010129	transcript_F09E8.8.1	transcript_NIC58.12435.1
OG0010130	transcript_F09E8.2a.2	transcript_NIC58.12436.3
OG0010131	transcript_F09E8.6.1	transcript_NIC58.12437.1
OG0010132	transcript_F09E8.7a.1	transcript_NIC58.12438.1
OG0010133	transcript_C48D1.9a.1	transcript_NIC58.12442.1
OG0010134	transcript_C48D1.3.1	transcript_NIC58.12443.1
OG0010135	transcript_C48D1.5c.1	transcript_NIC58.12444.1
OG0010136	transcript_JC8.2.1	transcript_NIC58.12445.3
OG0010137	transcript_JC8.3a.1	transcript_NIC58.12446.1
OG0010138	transcript_JC8.5a.1	transcript_NIC58.12447.1
OG0010139	transcript_JC8.7a.1	transcript_NIC58.12448.1
OG0010140	transcript_JC8.8.1	transcript_NIC58.12449.1
OG0010141	transcript_JC8.14.1	transcript_NIC58.12450.1
OG0010142	transcript_JC8.12a.1	transcript_NIC58.12451.1
OG0010143	transcript_JC8.16.1	transcript_NIC58.12452.1
OG0010144	transcript_JC8.10b.1	transcript_NIC58.12453.2
OG0010145	transcript_Y67H2A.1.1	transcript_NIC58.12454.1
OG0010146	transcript_Y67H2A.10a.1	transcript_NIC58.12455.1
OG0010147	transcript_Y67H2A.2a.1	transcript_NIC58.12456.1
OG0010148	transcript_Y67H2A.4d.1	transcript_NIC58.12457.5
OG0010149	transcript_Y67H2A.5.1	transcript_NIC58.12458.1
OG0010150	transcript_Y67H2A.7a.1	transcript_NIC58.12459.1
OG0010151	transcript_W02A2.3a.1	transcript_NIC58.12461.1
OG0010152	transcript_W02A2.5.1	transcript_NIC58.12463.1
OG0010153	transcript_W02A2.8a.1	transcript_NIC58.1357.1
OG0010154	transcript_Y62E10A.5a.1	transcript_NIC58.12464.2
OG0010155	transcript_Y62E10A.1.1	transcript_NIC58.12465.1
OG0010156	transcript_Y62E10A.6.1	transcript_NIC58.12466.2
OG0010157	transcript_Y62E10A.8a.1	transcript_NIC58.12467.1
OG0010158	transcript_Y62E10A.10.1	transcript_NIC58.12468.1
OG0010159	transcript_Y62E10A.9.2	transcript_NIC58.12469.9
OG0010160	transcript_Y62E10A.12a.2	transcript_NIC58.12471.1
OG0010161	transcript_Y62E10A.13f.1	transcript_NIC58.12472.7
OG0010162	transcript_Y62E10A.16.1	transcript_NIC58.12474.2
OG0010163	transcript_Y62E10A.17b.1	transcript_NIC58.11016.1
OG0010164	transcript_K09B11.1a.2	transcript_NIC58.12475.1
OG0010165	transcript_K09B11.2a.1	transcript_NIC58.12476.1
OG0010166	transcript_K09B11.10.1	transcript_NIC58.12477.1
OG0010167	transcript_K09B11.9a.1	transcript_NIC58.12478.2
OG0010169	transcript_Y38H8A.5.1	transcript_NIC58.12479.1
OG0010170	transcript_Y45F10A.6a.1	transcript_NIC58.12480.1
OG0010171	transcript_Y38H8A.1.1	transcript_NIC58.12481.1
OG0010172	transcript_Y45F10A.7a.1	transcript_NIC58.12482.2
OG0010173	transcript_Y45F10A.5.1	transcript_NIC58.12484.1
OG0010174	transcript_Y45F10A.4.2	transcript_NIC58.12483.1
OG0010175	transcript_F52G2.1b.1	transcript_NIC58.12485.1
OG0010176	transcript_Y45F10B.13a.1	transcript_NIC58.12487.1
OG0010177	transcript_Y45F10B.10a.1	transcript_NIC58.12488.1
OG0010178	transcript_T23G4.1.1	transcript_NIC58.11260.1
OG0010179	transcript_C47A4.2b.1	transcript_NIC58.11259.2
OG0010180	transcript_Y45F10D.2.1	transcript_NIC58.11241.1
OG0010181	transcript_Y45F10D.16.1	transcript_NIC58.11242.1
OG0010182	transcript_Y45F10D.12.1	transcript_NIC58.11243.1
OG0010183	transcript_Y45F10D.3a.1	transcript_NIC58.11244.1
OG0010184	transcript_Y45F10D.11a.1	transcript_NIC58.11245.1
OG0010185	transcript_Y45F10D.4.1	transcript_NIC58.11246.1
OG0010186	transcript_Y45F10D.10a.1	transcript_NIC58.11248.1
OG0010187	transcript_Y45F10D.9.1	transcript_NIC58.11249.1
OG0010188	transcript_Y45F10D.7.2	transcript_NIC58.11250.1
OG0010189	transcript_Y45F10D.6.1	transcript_NIC58.11240.1
OG0010190	transcript_Y45F10D.14.1	transcript_NIC58.11239.1
OG0010191	transcript_Y45F10D.15.1	transcript_NIC58.11237.1
OG0010192	transcript_H08M01.2b.1	transcript_NIC58.11235.1
OG0010193	transcript_B0513.9a.1	transcript_NIC58.11234.1
OG0010194	transcript_B0513.5a.1	transcript_NIC58.11233.1
OG0010195	transcript_B0513.4a.1	transcript_NIC58.11231.1
OG0010196	transcript_B0513.2a.2	transcript_NIC58.11230.1
OG0010197	transcript_Y37A1A.3.1	transcript_NIC58.11221.1
OG0010198	transcript_Y37A1A.2.1	transcript_NIC58.11219.1
OG0010199	transcript_Y37A1A.4a.1	transcript_NIC58.11212.3
OG0010200	transcript_Y37A1B.17a.1	transcript_NIC58.11214.1
OG0010201	transcript_Y37A1B.11b.1	transcript_NIC58.11218.1
OG0010202	transcript_Y37A1B.7.1	transcript_NIC58.11996.1
OG0010203	transcript_Y37A1B.5a.1	transcript_NIC58.11196.1
OG0010204	transcript_Y37A1B.2b.1	transcript_NIC58.11202.4
OG0010205	transcript_Y37A1B.1a.1	transcript_NIC58.11201.1
OG0010206	transcript_F52B11.1a.2	transcript_NIC58.11200.2
OG0010207	transcript_F52B11.3.1	transcript_NIC58.11205.1
OG0010208	transcript_F52B11.5.1	transcript_NIC58.11207.1
OG0010209	transcript_Y37A1C.1g.2	transcript_NIC58.11194.1
OG0010210	transcript_R05A10.3.1	transcript_NIC58.11190.1
OG0010211	transcript_R05A10.2.1	transcript_NIC58.11189.1
OG0010212	transcript_R05A10.1.1	transcript_NIC58.11188.1
OG0010213	transcript_Y64G10A.2.1	transcript_NIC58.11183.2
OG0010214	transcript_Y64G10A.6.1	transcript_NIC58.11176.1
OG0010215	transcript_Y64G10A.7b.1	transcript_NIC58.11172.1
OG0010216	transcript_Y67A10A.11a.1	transcript_NIC58.11163.1
OG0010217	transcript_Y67A10A.6a.1	transcript_NIC58.11158.1
OG0010218	transcript_Y67A10A.7.1	transcript_NIC58.11157.1
OG0010219	transcript_Y67A10A.8a.1	transcript_NIC58.11155.1
OG0010220	transcript_Y67A10A.9.1	transcript_NIC58.11154.1
OG0010221	transcript_F55B11.1.1	transcript_NIC58.11137.1
OG0010222	transcript_F55B11.7a.1	transcript_NIC58.11102.1
OG0010223	transcript_LLC1.1a.1	transcript_NIC58.11114.1
OG0010224	transcript_LLC1.2a.1	transcript_NIC58.11113.1
OG0010225	transcript_LLC1.3a.1	transcript_NIC58.11112.2
OG0010226	transcript_Y57G11A.4.2	transcript_NIC58.11111.2
OG0010227	transcript_Y57G11A.1e.1	transcript_NIC58.11108.2
OG0010228	transcript_Y57G11A.5.1	transcript_NIC58.11107.1
OG0010229	transcript_Y57G11B.6.1	transcript_NIC58.11106.1
OG0010230	transcript_Y57G11B.2a.1	transcript_NIC58.11105.2
OG0010231	transcript_Y57G11B.97a.1	transcript_NIC58.11104.2
OG0010232	transcript_Y57G11B.3.1	transcript_NIC58.11103.1
OG0010233	transcript_F13G11.1b.1	transcript_NIC58.11098.2
OG0010234	transcript_Y57G11C.39.1	transcript_NIC58.11096.1
OG0010235	transcript_Y57G11C.32.1	transcript_NIC58.11093.1
OG0010236	transcript_Y57G11C.33a.1	transcript_NIC58.11094.1
OG0010237	transcript_Y57G11C.37b.1	transcript_NIC58.11095.1
OG0010238	transcript_Y57G11C.42a.1	transcript_NIC58.11083.2
OG0010239	transcript_Y57G11C.4.1	transcript_NIC58.11082.1
OG0010240	transcript_Y57G11C.34.1	transcript_NIC58.11081.1
OG0010241	transcript_Y57G11C.3a.1	transcript_NIC58.11080.1
OG0010242	transcript_Y57G11C.43.1	transcript_NIC58.11079.1
OG0010243	transcript_Y57G11C.44a.1	transcript_NIC58.11078.1
OG0010244	transcript_Y57G11C.36.2	transcript_NIC58.11077.1
OG0010245	transcript_Y57G11C.8.1	transcript_NIC58.11076.1
OG0010246	transcript_Y57G11C.45c.1	transcript_NIC58.11074.1
OG0010247	transcript_Y57G11C.9b.1	transcript_NIC58.11073.2
OG0010248	transcript_Y57G11C.10b.1	transcript_NIC58.11072.1
OG0010249	transcript_Y57G11C.11a.1	transcript_NIC58.11071.1
OG0010250	transcript_Y57G11C.12.2	transcript_NIC58.11070.1
OG0010251	transcript_Y57G11C.13.1	transcript_NIC58.11069.1
OG0010252	transcript_Y57G11C.46.1	transcript_NIC58.11055.1
OG0010253	transcript_Y57G11C.15a.1	transcript_NIC58.11054.1
OG0010254	transcript_Y57G11C.16.1	transcript_NIC58.11051.1
OG0010255	transcript_Y57G11C.17a.1	transcript_NIC58.11050.1
OG0010256	transcript_Y57G11C.22a.1	transcript_NIC58.11048.2
OG0010257	transcript_Y57G11C.38a.1	transcript_NIC58.11043.2
OG0010258	transcript_Y57G11C.24n.1	transcript_NIC58.11035.1
OG0010259	transcript_Y57G11C.47.1	transcript_NIC58.11032.1
OG0010261	transcript_Y57G11C.48.1	transcript_NIC58.11021.1
OG0010262	transcript_Y41E3.22a.1	transcript_NIC58.10472.1
OG0010263	transcript_Y41E3.3a.1	transcript_NIC58.10992.1
OG0010264	transcript_Y41E3.4a.1	transcript_NIC58.10982.2
OG0010265	transcript_Y41E3.7h.1	transcript_NIC58.10983.1
OG0010266	transcript_Y41E3.9a.1	transcript_NIC58.10984.1
OG0010267	transcript_Y41E3.8a.1	transcript_NIC58.10985.1
OG0010268	transcript_Y41E3.11a.1	transcript_NIC58.10987.1
OG0010269	transcript_Y41E3.18.1	transcript_NIC58.10980.2
OG0010271	transcript_Y40H7A.10.1	transcript_NIC58.10974.1
OG0010272	transcript_Y73F8A.1.1	transcript_NIC58.10969.1
OG0010273	transcript_Y73F8A.2.1	transcript_NIC58.10961.1
OG0010274	transcript_Y73F8A.5.1	transcript_NIC58.10966.1
OG0010275	transcript_Y73F8A.6.1	transcript_NIC58.10967.1
OG0010276	transcript_Y73F8A.10.1	transcript_NIC58.7359.1
OG0010277	transcript_Y73F8A.19.1	transcript_NIC58.10957.2
OG0010278	transcript_Y73F8A.21c.1	transcript_NIC58.10953.1
OG0010279	transcript_Y73F8A.24c.1	transcript_NIC58.10950.3
OG0010280	transcript_Y73F8A.27.1	transcript_NIC58.10949.1
OG0010281	transcript_Y73F8A.26a.1	transcript_NIC58.10948.1
OG0010282	transcript_Y73F8A.30b.1	transcript_NIC58.10946.1
OG0010283	transcript_Y105C5A.8a.1	transcript_NIC58.10941.1
OG0010284	transcript_Y105C5A.15c.1	transcript_NIC58.10938.3
OG0010285	transcript_Y105C5A.23.1	transcript_NIC58.10937.2
OG0010287	transcript_Y105C5B.2a.1	transcript_NIC58.10867.4
OG0010288	transcript_Y105C5B.8a.1	transcript_NIC58.10881.1
OG0010289	transcript_Y105C5B.9.1	transcript_NIC58.10882.1
OG0010290	transcript_Y105C5B.21e.1	transcript_NIC58.10935.3
OG0010291	transcript_Y105C5B.28a.1	transcript_NIC58.10896.2
OG0010293	transcript_Y7A9A.1.1	transcript_NIC58.10886.1
OG0010294	transcript_Y7A9D.1.1	transcript_NIC58.10907.1
OG0010295	transcript_Y65A5A.1a.1	transcript_NIC58.10908.2
OG0010296	transcript_Y65A5A.2a.1	transcript_NIC58.10909.1
OG0010297	transcript_Y10G11A.1a.1	transcript_NIC58.10910.1
OG0010298	transcript_Y51H4A.1.1	transcript_NIC58.10912.1
OG0010299	transcript_Y51H4A.4a.1	transcript_NIC58.10915.1
OG0010300	transcript_Y51H4A.7.2	transcript_NIC58.10918.2
OG0010301	transcript_Y51H4A.9.1	transcript_NIC58.10922.1
OG0010302	transcript_Y51H4A.15.1	transcript_NIC58.10924.1
OG0010303	transcript_Y51H4A.17a.1	transcript_NIC58.10923.2
OG0010304	transcript_T06A10.4a.1	transcript_NIC58.10928.1
OG0010305	transcript_Y116A8C.3.1	transcript_NIC58.10879.1
OG0010307	transcript_Y116A8C.10b.1	transcript_NIC58.10877.1
OG0010308	transcript_Y116A8C.9a.1	transcript_NIC58.10876.1
OG0010309	transcript_Y116A8C.12.1	transcript_NIC58.10875.1
OG0010310	transcript_Y116A8C.13a.1	transcript_NIC58.10874.1
OG0010311	transcript_Y116A8C.23.1	transcript_NIC58.13973.2
OG0010313	transcript_Y116A8C.26a.1	transcript_NIC58.10782.1
OG0010314	transcript_Y116A8C.42.1	transcript_NIC58.10783.1
OG0010315	transcript_Y116A8C.43a.1	transcript_NIC58.10784.1
OG0010316	transcript_Y116A8C.27a.1	transcript_NIC58.10785.2
OG0010317	transcript_Y116A8C.29.1	transcript_NIC58.16173.1
OG0010318	transcript_Y116A8C.28d.1	transcript_NIC58.10786.2
OG0010319	transcript_Y116A8C.30c.1	transcript_NIC58.10787.1
OG0010320	transcript_Y116A8C.32a.1	transcript_NIC58.10788.2
OG0010321	transcript_Y116A8C.34a.1	transcript_NIC58.10789.2
OG0010322	transcript_Y116A8C.35a.2	transcript_NIC58.10790.1
OG0010323	transcript_Y116A8C.36d.1	transcript_NIC58.10791.1
OG0010324	transcript_C52D10.3b.1	transcript_NIC58.10858.1
OG0010325	transcript_C52D10.13.1	transcript_NIC58.10859.1
OG0010326	transcript_C52D10.11.1	transcript_NIC58.10855.1
OG0010327	transcript_C52D10.12.2	transcript_NIC58.10854.1
OG0010328	transcript_Y116A8B.4.1	transcript_NIC58.10852.1
OG0010329	transcript_Y116A8B.5.1	transcript_NIC58.10851.1
OG0010330	transcript_ZK550.3.1	transcript_NIC58.10847.3
OG0010331	transcript_ZK550.4.1	transcript_NIC58.10846.1
OG0010332	transcript_F26D10.13.1	transcript_NIC58.10843.1
OG0010333	transcript_F26D10.9a.1	transcript_NIC58.10830.1
OG0010334	transcript_F26D10.11.1	transcript_NIC58.10831.1
OG0010335	transcript_F26D10.12a.1	transcript_NIC58.10832.1
OG0010336	transcript_T28F3.3.1	transcript_NIC58.10838.1
OG0010337	transcript_T28F3.5a.1	transcript_NIC58.10840.1
OG0010338	transcript_T28F3.6.1	transcript_NIC58.10841.1
OG0010339	transcript_C49C3.4a.1	transcript_NIC58.10827.1
OG0010342	transcript_C49C3.11.1	transcript_NIC58.10823.1
OG0010343	transcript_C49C3.12.1	transcript_NIC58.10822.1
OG0010344	transcript_C30H6.2.1	transcript_NIC58.10817.1
OG0010345	transcript_C30H6.10.1	transcript_NIC58.10816.1
OG0010346	transcript_C30H6.5b.1	transcript_NIC58.10815.1
OG0010347	transcript_C30H6.6.1	transcript_NIC58.10814.1
OG0010348	transcript_C30H6.9.1	transcript_NIC58.10813.1
OG0010349	transcript_C30H6.7a.1	transcript_NIC58.10812.1
OG0010350	transcript_C30H6.8.1	transcript_NIC58.10811.1
OG0010351	transcript_C30H6.12a.1	transcript_NIC58.10810.1
OG0010352	transcript_T02D1.8.1	transcript_NIC58.10809.1
OG0010353	transcript_T02D1.4.1	transcript_NIC58.10808.3
OG0010354	transcript_T02D1.5.1	transcript_NIC58.10804.2
OG0010355	transcript_T02D1.6a.1	transcript_NIC58.10805.1
OG0010356	transcript_C06A12.5.1	transcript_NIC58.10806.1
OG0010357	transcript_C06A12.8.1	transcript_NIC58.10807.1
OG0010358	transcript_F11E6.11a.1	transcript_NIC58.10802.1
OG0010359	transcript_F11E6.8a.1	transcript_NIC58.10799.1
OG0010360	transcript_F11E6.6.1	transcript_NIC58.10797.1
OG0010361	transcript_F11E6.5.1	transcript_NIC58.10796.1
OG0010362	transcript_4R79.1a.1	transcript_NIC58.10781.1
OG0010363	transcript_MTCE.3.1	transcript_NIC58.ND6-mRNA
OG0010364	transcript_MTCE.4.1	transcript_NIC58.ND4L-mRNA
OG0010365	transcript_MTCE.11.1	transcript_NIC58.ND1-mRNA
OG0010366	transcript_MTCE.12.1	transcript_NIC58.ATP6-mRNA
OG0010367	transcript_MTCE.16.1	transcript_NIC58.ND2-mRNA
OG0010368	transcript_MTCE.21.1	transcript_NIC58.CYTB-mRNA
OG0010369	transcript_MTCE.23.1	transcript_NIC58.COX3-mRNA
OG0010370	transcript_MTCE.25.1	transcript_NIC58.ND4-mRNA
OG0010371	transcript_MTCE.26.1	transcript_NIC58.COX1-mRNA
OG0010372	transcript_MTCE.31.1	transcript_NIC58.COX2-mRNA
OG0010373	transcript_MTCE.34.1	transcript_NIC58.ND3-mRNA
OG0010374	transcript_MTCE.35.1	transcript_NIC58.ND5-mRNA
OG0010375	transcript_B0348.5a.1	transcript_NIC58.7298.2
OG0010376	transcript_B0348.6b.1	transcript_NIC58.7297.3
OG0010377	transcript_B0348.4d.1	transcript_NIC58.7296.3
OG0010378	transcript_B0348.1.1	transcript_NIC58.7294.1
OG0010379	transcript_F56E10.2a.1	transcript_NIC58.7292.1
OG0010380	transcript_F56E10.4.1	transcript_NIC58.7291.1
OG0010381	transcript_F56E10.1b.1	transcript_NIC58.7290.1
OG0010382	transcript_Y38C9A.2a.1	transcript_NIC58.7289.1
OG0010383	transcript_W03F9.1a.1	transcript_NIC58.7288.1
OG0010384	transcript_W03F9.2a.1	transcript_NIC58.7287.1
OG0010385	transcript_W03F9.11.1	transcript_NIC58.7284.1
OG0010386	transcript_W03F9.4a.1	transcript_NIC58.7283.1
OG0010387	transcript_W03F9.5.1	transcript_NIC58.7282.1
OG0010388	transcript_Y108G3AL.3a.1	transcript_NIC58.7281.1
OG0010389	transcript_Y108G3AL.1a.2	transcript_NIC58.7279.1
OG0010390	transcript_Y108G3AL.7b.1	transcript_NIC58.7278.7
OG0010391	transcript_DC2.3b.1	transcript_NIC58.7277.2
OG0010392	transcript_Y58G8A.5.1	transcript_NIC58.7355.1
OG0010393	transcript_Y58G8A.4b.1	transcript_NIC58.7356.1
OG0010394	transcript_F33E11.3.1	transcript_NIC58.7357.4
OG0010395	transcript_T22H9.4.1	transcript_NIC58.7367.1
OG0010396	transcript_T22H9.2a.1	transcript_NIC58.7369.1
OG0010397	transcript_T22H9.1a.1	transcript_NIC58.7370.1
OG0010398	transcript_Y39D8B.1a.1	transcript_NIC58.7372.1
OG0010399	transcript_M02H5.8a.1	transcript_NIC58.7388.1
OG0010401	transcript_C14C6.13.1	transcript_NIC58.7443.1
OG0010402	transcript_C05E4.9a.1	transcript_NIC58.6303.1
OG0010403	transcript_C05E4.4a.1	transcript_NIC58.7768.1
OG0010404	transcript_C05E4.3.1	transcript_NIC58.7767.1
OG0010405	transcript_R13D11.10.1	transcript_NIC58.6305.1
OG0010406	transcript_K09C6.9.1	transcript_NIC58.7299.1
OG0010407	transcript_T02B11.9.1	transcript_NIC58.7161.1
OG0010408	transcript_T02B11.8a.1	transcript_NIC58.7160.1
OG0010409	transcript_T02B11.7.1	transcript_NIC58.7158.2
OG0010410	transcript_H24K24.4a.1	transcript_NIC58.7869.1
OG0010411	transcript_H24K24.3b.1	transcript_NIC58.7867.1
OG0010412	transcript_Y50D4C.3a.1	transcript_NIC58.7866.1
OG0010413	transcript_Y50D4C.6a.1	transcript_NIC58.7865.1
OG0010414	transcript_Y50D4C.4a.1	transcript_NIC58.7864.1
OG0010415	transcript_Y50D4C.1a.1	transcript_NIC58.7862.1
OG0010416	transcript_Y50D4C.5a.1	transcript_NIC58.7861.1
OG0010417	transcript_R09A1.2a.1	transcript_NIC58.7859.1
OG0010418	transcript_R09A1.3.1	transcript_NIC58.7857.1
OG0010419	transcript_R09A1.5a.1	transcript_NIC58.7503.1
OG0010420	transcript_C02E11.1b.1	transcript_NIC58.7505.1
OG0010421	transcript_K10C9.4a.1	transcript_NIC58.7502.2
OG0010422	transcript_K10C9.3.1	transcript_NIC58.7500.1
OG0010423	transcript_K10C9.1.1	transcript_NIC58.7501.1
OG0010424	transcript_Y50D4B.1a.1	transcript_NIC58.7330.1
OG0010425	transcript_W07B8.1a.1	transcript_NIC58.7336.1
OG0010426	transcript_T21H3.4a.1	transcript_NIC58.7335.1
OG0010427	transcript_T21H3.3a.1	transcript_NIC58.7334.3
OG0010428	transcript_T21H3.5a.1	transcript_NIC58.7332.1
OG0010429	transcript_T21H3.2b.1	transcript_NIC58.7338.1
OG0010430	transcript_T21H3.1a.1	transcript_NIC58.7339.1
OG0010431	transcript_F25A2.1.1	transcript_NIC58.7340.1
OG0010432	transcript_Y50D4A.4a.1	transcript_NIC58.7341.3
OG0010433	transcript_Y50D4A.2b.1	transcript_NIC58.7342.1
OG0010434	transcript_Y50D4A.1a.1	transcript_NIC58.7343.1
OG0010435	transcript_C39F7.2a.1	transcript_NIC58.7345.1
OG0010436	transcript_C39F7.1a.1	transcript_NIC58.7346.1
OG0010437	transcript_C39F7.4.1	transcript_NIC58.7348.1
OG0010438	transcript_C39F7.5.1	transcript_NIC58.7349.1
OG0010439	transcript_F16B3.1b.1	transcript_NIC58.7190.2
OG0010440	transcript_F16B3.3b.1	transcript_NIC58.7187.2
OG0010441	transcript_Y75B7AL.2a.1	transcript_NIC58.7743.1
OG0010442	transcript_Y75B7AL.1a.1	transcript_NIC58.7742.2
OG0010443	transcript_Y75B7AL.3.2	transcript_NIC58.7744.4
OG0010444	transcript_Y75B7AR.1.1	transcript_NIC58.7747.1
OG0010445	transcript_R12A1.2a.1	transcript_NIC58.7740.1
OG0010446	transcript_R12A1.3a.1	transcript_NIC58.7739.1
OG0010447	transcript_R12A1.4.1	transcript_NIC58.7738.1
OG0010448	transcript_R09B5.11.1	transcript_NIC58.7737.1
OG0010449	transcript_R09B5.8.1	transcript_NIC58.7735.1
OG0010451	transcript_R09B5.6.1	transcript_NIC58.7733.1
OG0010452	transcript_F53E2.1a.1	transcript_NIC58.7727.3
OG0010453	transcript_C38C3.5.1	transcript_NIC58.7726.1
OG0010454	transcript_C38C3.4b.1	transcript_NIC58.7725.1
OG0010455	transcript_C38C3.6b.1	transcript_NIC58.7723.1
OG0010456	transcript_C38C3.10.1	transcript_NIC58.7724.1
OG0010457	transcript_F52F10.2.1	transcript_NIC58.7712.2
OG0010458	transcript_F52F10.5b.1	transcript_NIC58.7713.1
OG0010459	transcript_Y46H3D.1.1	transcript_NIC58.7480.1
OG0010461	transcript_F36H9.7.1	transcript_NIC58.7837.1
OG0010462	transcript_F36H9.4a.1	transcript_NIC58.7836.1
OG0010463	transcript_F36H9.5.1	transcript_NIC58.7460.1
OG0010464	transcript_Y46H3A.5a.1	transcript_NIC58.7451.1
OG0010465	transcript_Y46H3A.6a.1	transcript_NIC58.7448.1
OG0010466	transcript_Y46H3A.7a.1	transcript_NIC58.7447.1
OG0010467	transcript_Y32G9B.1b.1	transcript_NIC58.7446.1
OG0010468	transcript_T10B5.10a.1	transcript_NIC58.7848.1
OG0010469	transcript_T10B5.3a.1	transcript_NIC58.7847.1
OG0010470	transcript_T10B5.6.1	transcript_NIC58.7846.1
OG0010471	transcript_T10B5.4a.1	transcript_NIC58.7845.1
OG0010472	transcript_T10B5.5a.1	transcript_NIC58.7844.1
OG0010473	transcript_Y32G9A.8a.2	transcript_NIC58.7843.1
OG0010474	transcript_Y32G9A.6d.1	transcript_NIC58.7842.2
OG0010475	transcript_T06A1.4c.1	transcript_NIC58.7835.3
OG0010476	transcript_T08B1.4b.1	transcript_NIC58.7471.1
OG0010477	transcript_T08B1.1b.1	transcript_NIC58.7472.2
OG0010478	transcript_T08B1.2c.1	transcript_NIC58.7468.2
OG0010479	transcript_F59A7.14.1	transcript_NIC58.7474.1
OG0010480	transcript_F59A7.3.1	transcript_NIC58.7492.1
OG0010481	transcript_Y40B10A.3a.1	transcript_NIC58.7491.1
OG0010482	transcript_Y40B10A.5d.1	transcript_NIC58.7490.1
OG0010483	transcript_Y40B10A.1a.1	transcript_NIC58.7482.2
OG0010484	transcript_Y40B10A.9a.1	transcript_NIC58.7481.1
OG0010485	transcript_F36F12.7.1	transcript_NIC58.7478.1
OG0010486	transcript_F36F12.1a.1	transcript_NIC58.7476.4
OG0010487	transcript_F22F7.7a.2	transcript_NIC58.7499.1
OG0010488	transcript_C45H4.12.1	transcript_NIC58.13308.1
OG0010489	transcript_Y5H2B.2b.1	transcript_NIC58.7772.1
OG0010490	transcript_Y5H2B.5.1	transcript_NIC58.7773.1
OG0010491	transcript_C29G2.3.1	transcript_NIC58.7174.1
OG0010492	transcript_C29G2.6.1	transcript_NIC58.7173.1
OG0010493	transcript_F53E10.4a.1	transcript_NIC58.7172.1
OG0010494	transcript_F53E10.6.1	transcript_NIC58.7171.1
OG0010495	transcript_F53E10.2b.1	transcript_NIC58.7170.1
OG0010496	transcript_W02H5.19.1	transcript_NIC58.7195.1
OG0010497	transcript_W02G9.5a.1	transcript_NIC58.7192.2
OG0010498	transcript_W02G9.1.1	transcript_NIC58.7202.1
OG0010499	transcript_W02G9.4a.1	transcript_NIC58.7204.1
OG0010500	transcript_W02G9.2b.1	transcript_NIC58.7205.1
OG0010501	transcript_W02G9.3.1	transcript_NIC58.7206.2
OG0010502	transcript_Y45G12B.2a.1	transcript_NIC58.7208.1
OG0010503	transcript_Y45G12B.1.1	transcript_NIC58.7209.1
OG0010504	transcript_C24B9.3.1	transcript_NIC58.7210.1
OG0010505	transcript_R05D8.10.1	transcript_NIC58.7236.1
OG0010506	transcript_F54E2.3g.1	transcript_NIC58.7237.1
OG0010507	transcript_F37B4.2.1	transcript_NIC58.7312.1
OG0010508	transcript_C31B8.8.1	transcript_NIC58.6554.1
OG0010509	transcript_F02C9.4.1	transcript_NIC58.6513.1
OG0010510	transcript_F02C9.1.1	transcript_NIC58.6514.1
OG0010511	transcript_Y73C8B.4.1	transcript_NIC58.6311.1
OG0010513	transcript_F27E11.3.1	transcript_NIC58.7830.1
OG0010514	transcript_C02A12.1.1	transcript_NIC58.7833.1
OG0010515	transcript_C07G3.10.1	transcript_NIC58.6508.1
OG0010517	transcript_T22F3.3a.1	transcript_NIC58.7577.1
OG0010518	transcript_T22F3.2a.1	transcript_NIC58.7575.1
OG0010519	transcript_T22F3.12.1	transcript_NIC58.7573.1
OG0010520	transcript_F59B1.2.1	transcript_NIC58.7262.1
OG0010521	transcript_F59B1.1b.1	transcript_NIC58.7260.1
OG0010522	transcript_F59B1.9a.1	transcript_NIC58.7259.1
OG0010523	transcript_W08A12.4.1	transcript_NIC58.7268.1
OG0010524	transcript_W08A12.3a.1	transcript_NIC58.7269.2
OG0010525	transcript_W08A12.1a.1	transcript_NIC58.7270.4
OG0010526	transcript_T27C4.4a.1	transcript_NIC58.7271.3
OG0010527	transcript_T27C4.1.1	transcript_NIC58.7273.2
OG0010528	transcript_T27C4.2a.1	transcript_NIC58.7272.1
OG0010529	transcript_Y39H10A.3a.1	transcript_NIC58.7274.1
OG0010530	transcript_Y39H10A.6a.1	transcript_NIC58.7275.2
OG0010531	transcript_R08F11.1a.1	transcript_NIC58.7417.1
OG0010532	transcript_R08F11.7.1	transcript_NIC58.7418.1
OG0010533	transcript_H10D18.5b.1	transcript_NIC58.7521.1
OG0010534	transcript_H10D18.1.1	transcript_NIC58.7522.1
OG0010535	transcript_F47C10.1.1	transcript_NIC58.7524.1
OG0010536	transcript_C17E7.12.1	transcript_NIC58.10978.1
OG0010537	transcript_C17E7.4.1	transcript_NIC58.7533.1
OG0010538	transcript_B0213.2.1	transcript_NIC58.7596.1
OG0010539	transcript_K09D9.9.1	transcript_NIC58.7595.1
OG0010540	transcript_T05B4.2.1	transcript_NIC58.7648.1
OG0010541	transcript_Y45G5AL.1b.1	transcript_NIC58.7652.2
OG0010542	transcript_Y45G5AM.6a.1	transcript_NIC58.7653.3
OG0010543	transcript_Y45G5AM.7a.1	transcript_NIC58.7655.1
OG0010544	transcript_Y45G5AM.9a.1	transcript_NIC58.7657.1
OG0010545	transcript_H43I07.3a.1	transcript_NIC58.7660.1
OG0010546	transcript_H43I07.2.1	transcript_NIC58.7661.1
OG0010547	transcript_H43I07.1a.1	transcript_NIC58.7662.1
OG0010548	transcript_E03D2.2a.1	transcript_NIC58.7663.1
OG0010549	transcript_E03D2.1.1	transcript_NIC58.7664.1
OG0010550	transcript_D2063.4a.1	transcript_NIC58.6312.1
OG0010551	transcript_D2063.3a.1	transcript_NIC58.6313.1
OG0010552	transcript_F32D1.1a.1	transcript_NIC58.6314.5
OG0010553	transcript_F32D1.10.1	transcript_NIC58.6315.1
OG0010554	transcript_F32D1.3a.1	transcript_NIC58.6316.1
OG0010555	transcript_F32D1.4a.1	transcript_NIC58.6320.1
OG0010556	transcript_F32D1.11.1	transcript_NIC58.6319.1
OG0010557	transcript_F32D1.9b.1	transcript_NIC58.6317.1
OG0010558	transcript_Y47D7A.5.1	transcript_NIC58.6321.1
OG0010559	transcript_Y47D7A.12.1	transcript_NIC58.6323.1
OG0010560	transcript_Y47D7A.16a.1	transcript_NIC58.7410.1
OG0010561	transcript_Y47D7A.14b.1	transcript_NIC58.6326.1
OG0010562	transcript_H22D07.1.1	transcript_NIC58.6325.1
OG0010563	transcript_T28F12.2a.1	transcript_NIC58.6330.1
OG0010564	transcript_T28F12.3a.1	transcript_NIC58.6334.3
OG0010565	transcript_Y61A9LA.8b.1	transcript_NIC58.6335.2
OG0010566	transcript_Y61A9LA.3c.1	transcript_NIC58.6417.2
OG0010567	transcript_Y61A9LA.1a.1	transcript_NIC58.6415.1
OG0010568	transcript_Y61A9LA.11b.1	transcript_NIC58.6412.1
OG0010569	transcript_F54D11.2.2	transcript_NIC58.6410.3
OG0010570	transcript_F54D11.1.1	transcript_NIC58.6409.1
OG0010571	transcript_F41F3.2.1	transcript_NIC58.6408.3
OG0010572	transcript_F41F3.3.1	transcript_NIC58.6407.1
OG0010573	transcript_F41F3.8.1	transcript_NIC58.6406.1
OG0010574	transcript_F41F3.4.1	transcript_NIC58.6405.1
OG0010576	transcript_K03B4.4a.1	transcript_NIC58.6418.1
OG0010577	transcript_K03B4.3b.1	transcript_NIC58.6419.1
OG0010578	transcript_K03B4.2.1	transcript_NIC58.6421.1
OG0010579	transcript_K03B4.1.1	transcript_NIC58.6420.1
OG0010580	transcript_K03B4.7a.1	transcript_NIC58.6422.1
OG0010581	transcript_ZC266.1.1	transcript_NIC58.6423.2
OG0010582	transcript_F39G3.7.1	transcript_NIC58.6424.1
OG0010583	transcript_F39G3.8.1	transcript_NIC58.6427.1
OG0010584	transcript_F39G3.3.1	transcript_NIC58.6428.1
OG0010585	transcript_C18G1.2a.1	transcript_NIC58.6431.1
OG0010586	transcript_C18G1.1.1	transcript_NIC58.6432.1
OG0010587	transcript_R02F11.9.1	transcript_NIC58.6434.1
OG0010588	transcript_R02F11.10.1	transcript_NIC58.6435.1
OG0010589	transcript_R02F11.2.1	transcript_NIC58.6436.1
OG0010590	transcript_R02F11.1.1	transcript_NIC58.6437.1
OG0010591	transcript_R02F11.3b.1	transcript_NIC58.6438.2
OG0010592	transcript_R02F11.4.1	transcript_NIC58.6439.1
OG0010593	transcript_C37H5.6a.1	transcript_NIC58.6440.1
OG0010594	transcript_C37H5.8.1	transcript_NIC58.6441.1
OG0010595	transcript_C37H5.5.1	transcript_NIC58.6442.1
OG0010596	transcript_C37H5.14b.1	transcript_NIC58.6443.1
OG0010597	transcript_C37H5.9b.1	transcript_NIC58.6444.1
OG0010599	transcript_C37H5.1c.1	transcript_NIC58.6446.2
OG0010600	transcript_C37H5.13a.1	transcript_NIC58.6447.1
OG0010601	transcript_T19H12.5.1	transcript_NIC58.6450.1
OG0010602	transcript_T19H12.4.1	transcript_NIC58.6451.1
OG0010603	transcript_T19H12.6b.1	transcript_NIC58.6452.1
OG0010604	transcript_H23N18.5.1	transcript_NIC58.6389.1
OG0010605	transcript_H23N18.6.1	transcript_NIC58.6388.1
OG0010606	transcript_F26G5.9.1	transcript_NIC58.6383.1
OG0010607	transcript_K11D12.3a.1	transcript_NIC58.7918.1
OG0010608	transcript_K11D12.5.1	transcript_NIC58.7920.1
OG0010609	transcript_K11D12.13.1	transcript_NIC58.7921.1
OG0010610	transcript_K11D12.7.1	transcript_NIC58.7901.1
OG0010611	transcript_K11D12.8.1	transcript_NIC58.7900.1
OG0010612	transcript_K11D12.9.1	transcript_NIC58.7899.1
OG0010613	transcript_K11D12.2.1	transcript_NIC58.7893.1
OG0010614	transcript_K11D12.12.1	transcript_NIC58.7892.1
OG0010615	transcript_K11D12.1.1	transcript_NIC58.7891.1
OG0010616	transcript_K11D12.10c.1	transcript_NIC58.7890.1
OG0010617	transcript_Y58A7A.1b.1	transcript_NIC58.7889.1
OG0010618	transcript_Y58A7A.6.1	transcript_NIC58.7887.1
OG0010619	transcript_C04F5.2b.1	transcript_NIC58.7886.1
OG0010620	transcript_C04F5.3.1	transcript_NIC58.7885.1
OG0010621	transcript_C04F5.8.1	transcript_NIC58.7882.2
OG0010622	transcript_F14F9.5.1	transcript_NIC58.7880.3
OG0010623	transcript_F14F9.8.1	transcript_NIC58.7879.1
OG0010624	transcript_Y47A7.2.1	transcript_NIC58.7909.2
OG0010625	transcript_Y47A7.1.1	transcript_NIC58.7908.2
OG0010626	transcript_Y49G5B.1b.1	transcript_NIC58.7907.3
OG0010627	transcript_B0238.12.1	transcript_NIC58.7930.2
OG0010628	transcript_B0238.11.1	transcript_NIC58.7931.1
OG0010629	transcript_B0238.10.2	transcript_NIC58.7932.1
OG0010630	transcript_B0238.9.1	transcript_NIC58.7933.2
OG0010631	transcript_C10G8.5a.1	transcript_NIC58.7936.5
OG0010632	transcript_C10G8.4.1	transcript_NIC58.7935.1
OG0010633	transcript_C10G8.3.1	transcript_NIC58.7937.1
OG0010634	transcript_C10G8.6.1	transcript_NIC58.7938.3
OG0010635	transcript_C10G8.7.1	transcript_NIC58.7939.1
OG0010636	transcript_C10G8.8a.1	transcript_NIC58.7940.1
OG0010637	transcript_T09D3.5.1	transcript_NIC58.7945.1
OG0010638	transcript_T09D3.3.1	transcript_NIC58.8700.1
OG0010639	transcript_T09D3.1.1	transcript_NIC58.8702.1
OG0010640	transcript_T09D3.4a.1	transcript_NIC58.8703.5
OG0010641	transcript_C35A11.2.2	transcript_NIC58.8704.1
OG0010642	transcript_C35A11.1.1	transcript_NIC58.8706.1
OG0010643	transcript_F08F3.4.1	transcript_NIC58.8708.1
OG0010644	transcript_F08F3.10.1	transcript_NIC58.8709.1
OG0010645	transcript_F08F3.3.1	transcript_NIC58.8710.1
OG0010646	transcript_F08F3.2a.1	transcript_NIC58.8711.1
OG0010647	transcript_F08F3.1.1	transcript_NIC58.8712.1
OG0010648	transcript_ZC317.2.1	transcript_NIC58.8714.1
OG0010649	transcript_T05C3.4.1	transcript_NIC58.8715.3
OG0010650	transcript_T05C3.2.1	transcript_NIC58.8716.2
OG0010651	transcript_T05C3.5.1	transcript_NIC58.8717.1
OG0010652	transcript_C24G6.4.1	transcript_NIC58.8718.1
OG0010653	transcript_C24G6.6.2	transcript_NIC58.8719.2
OG0010654	transcript_C24G6.3.1	transcript_NIC58.8720.1
OG0010655	transcript_C24G6.2a.2	transcript_NIC58.8721.2
OG0010656	transcript_C24G6.7.1	transcript_NIC58.8722.1
OG0010657	transcript_C24G6.8.1	transcript_NIC58.8723.3
OG0010658	transcript_C24G6.1.1	transcript_NIC58.15483.1
OG0010659	transcript_C18C4.2.1	transcript_NIC58.8724.2
OG0010660	transcript_C18C4.3.1	transcript_NIC58.8725.1
OG0010661	transcript_C18C4.7a.1	transcript_NIC58.8726.1
OG0010662	transcript_C18C4.1b.1	transcript_NIC58.8727.1
OG0010663	transcript_C18C4.9.1	transcript_NIC58.8728.1
OG0010664	transcript_CD4.6.1	transcript_NIC58.8730.1
OG0010665	transcript_CD4.11.1	transcript_NIC58.8731.2
OG0010666	transcript_CD4.3.1	transcript_NIC58.8733.2
OG0010667	transcript_CD4.2.1	transcript_NIC58.8734.1
OG0010668	transcript_CD4.7b.1	transcript_NIC58.8735.1
OG0010669	transcript_CD4.1.1	transcript_NIC58.8737.1
OG0010670	transcript_M03E7.4.1	transcript_NIC58.8738.1
OG0010671	transcript_M03E7.3.1	transcript_NIC58.8739.1
OG0010672	transcript_M03E7.2.1	transcript_NIC58.8740.2
OG0010673	transcript_M03E7.5.2	transcript_NIC58.8741.1
OG0010674	transcript_M03E7.1.1	transcript_NIC58.8742.2
OG0010675	transcript_T01C2.1.1	transcript_NIC58.8743.2
OG0010676	transcript_C14C11.4.1	transcript_NIC58.8745.1
OG0010677	transcript_C14C11.3.1	transcript_NIC58.8746.1
OG0010678	transcript_C14C11.7.1	transcript_NIC58.8748.1
OG0010679	transcript_C14C11.8b.1	transcript_NIC58.8749.1
OG0010680	transcript_F25B4.5.1	transcript_NIC58.8750.1
OG0010681	transcript_F25B4.6.1	transcript_NIC58.8751.3
OG0010682	transcript_F25B4.4.1	transcript_NIC58.8752.3
OG0010683	transcript_F25B4.7.1	transcript_NIC58.8753.1
OG0010684	transcript_F25B4.8a.1	transcript_NIC58.8754.1
OG0010685	transcript_F25B4.9.1	transcript_NIC58.8755.1
OG0010686	transcript_F25B4.2.2	transcript_NIC58.8756.1
OG0010687	transcript_F25B4.1.1	transcript_NIC58.8757.1
OG0010688	transcript_K09H11.9.1	transcript_NIC58.8758.1
OG0010689	transcript_K09H11.4.1	transcript_NIC58.8759.1
OG0010690	transcript_K09H11.6.1	transcript_NIC58.8760.2
OG0010691	transcript_K09H11.1.1	transcript_NIC58.8761.1
OG0010692	transcript_F44E7.9.1	transcript_NIC58.8767.1
OG0010693	transcript_ZC250.2.1	transcript_NIC58.8768.1
OG0010694	transcript_ZC250.3.1	transcript_NIC58.8769.1
OG0010695	transcript_ZC250.1b.1	transcript_NIC58.8770.4
OG0010696	transcript_ZC250.5.1	transcript_NIC58.8771.1
OG0010697	transcript_ZC250.4.1	transcript_NIC58.8772.1
OG0010698	transcript_F26F12.1.1	transcript_NIC58.8774.1
OG0010699	transcript_F26F12.3a.1	transcript_NIC58.8776.1
OG0010700	transcript_F26F12.8.2	transcript_NIC58.8778.1
OG0010701	transcript_F26F12.5.1	transcript_NIC58.8779.2
OG0010702	transcript_F26F12.4.2	transcript_NIC58.8780.2
OG0010703	transcript_C02G6.3.1	transcript_NIC58.8781.1
OG0010704	transcript_C04E6.8.1	transcript_NIC58.8782.1
OG0010705	transcript_C04E6.7.1	transcript_NIC58.8783.1
OG0010706	transcript_C04E6.6.1	transcript_NIC58.8784.1
OG0010707	transcript_C04E6.4.1	transcript_NIC58.8787.1
OG0010708	transcript_C04E6.11.1	transcript_NIC58.8789.1
OG0010709	transcript_C04E6.12d.1	transcript_NIC58.8790.1
OG0010710	transcript_M03F8.4.1	transcript_NIC58.8793.1
OG0010711	transcript_M03F8.5.1	transcript_NIC58.8794.1
OG0010712	transcript_M03F8.7.1	transcript_NIC58.8795.1
OG0010713	transcript_M03F8.3b.1	transcript_NIC58.8796.2
OG0010714	transcript_M03F8.2b.1	transcript_NIC58.8797.4
OG0010715	transcript_M03F8.1.1	transcript_NIC58.8798.1
OG0010716	transcript_M03F8.6a.1	transcript_NIC58.8799.1
OG0010717	transcript_C10F3.5a.1	transcript_NIC58.8800.1
OG0010718	transcript_C10F3.4b.1	transcript_NIC58.8801.1
OG0010719	transcript_C10F3.3.1	transcript_NIC58.8802.2
OG0010720	transcript_C10F3.2.1	transcript_NIC58.8803.1
OG0010721	transcript_C10F3.6.2	transcript_NIC58.8805.1
OG0010722	transcript_C10F3.1.1	transcript_NIC58.8806.1
OG0010723	transcript_F29G9.4b.1	transcript_NIC58.8807.1
OG0010724	transcript_F29G9.5.1	transcript_NIC58.8808.1
OG0010725	transcript_F29G9.3.1	transcript_NIC58.8809.1
OG0010726	transcript_F29G9.2a.1	transcript_NIC58.8810.1
OG0010727	transcript_F29G9.6b.1	transcript_NIC58.8811.1
OG0010728	transcript_R01B10.1a.1	transcript_NIC58.8812.1
OG0010729	transcript_R01B10.4.1	transcript_NIC58.8813.2
OG0010730	transcript_R01B10.5a.1	transcript_NIC58.8814.2
OG0010731	transcript_Y38A10A.2.1	transcript_NIC58.8815.1
OG0010732	transcript_Y38A10A.7.1	transcript_NIC58.8819.1
OG0010733	transcript_Y38A10A.5.1	transcript_NIC58.8821.1
OG0010734	transcript_F17A9.2.1	transcript_NIC58.8825.1
OG0010735	transcript_W06H8.8f.1	transcript_NIC58.8826.5
OG0010736	transcript_F12F3.1c.1	transcript_NIC58.8827.3
OG0010737	transcript_W06H8.1b.1	transcript_NIC58.8831.2
OG0010738	transcript_W06H8.6.1	transcript_NIC58.8833.1
OG0010739	transcript_K08B12.3.1	transcript_NIC58.8835.1
OG0010740	transcript_K08B12.2.2	transcript_NIC58.8836.1
OG0010741	transcript_K08B12.5a.2	transcript_NIC58.8838.2
OG0010742	transcript_K08B12.1.1	transcript_NIC58.8839.1
OG0010743	transcript_F31F7.2a.1	transcript_NIC58.8840.1
OG0010744	transcript_F31F7.1a.1	transcript_NIC58.8841.2
OG0010745	transcript_K12B6.3.1	transcript_NIC58.8842.1
OG0010746	transcript_K12B6.4.1	transcript_NIC58.8843.1
OG0010747	transcript_K12B6.2b.1	transcript_NIC58.8844.3
OG0010748	transcript_K12B6.5.1	transcript_NIC58.8845.1
OG0010749	transcript_K12B6.9.1	transcript_NIC58.8848.2
OG0010750	transcript_T28C12.6.1	transcript_NIC58.8852.1
OG0010751	transcript_F13H6.1b.1	transcript_NIC58.8855.1
OG0010752	transcript_F13H6.5.1	transcript_NIC58.8858.2
OG0010753	transcript_T05H4.7.1	transcript_NIC58.8862.1
OG0010754	transcript_T05H4.10.1	transcript_NIC58.8863.1
OG0010755	transcript_T05H4.11a.2	transcript_NIC58.8864.3
OG0010756	transcript_T05H4.12.1	transcript_NIC58.8865.1
OG0010757	transcript_T05H4.14.1	transcript_NIC58.8867.2
OG0010758	transcript_T05H4.6a.1	transcript_NIC58.8868.4
OG0010760	transcript_T05H4.3.1	transcript_NIC58.8869.1
OG0010761	transcript_W01A11.3a.1	transcript_NIC58.8873.1
OG0010762	transcript_W01A11.4.1	transcript_NIC58.8874.1
OG0010763	transcript_W01A11.5.1	transcript_NIC58.8875.1
OG0010764	transcript_W01A11.2.1	transcript_NIC58.8876.1
OG0010765	transcript_W01A11.1a.1	transcript_NIC58.8877.1
OG0010766	transcript_W01A11.6.1	transcript_NIC58.8878.1
OG0010767	transcript_W01A11.7.2	transcript_NIC58.8879.1
OG0010768	transcript_F46E10.8.1	transcript_NIC58.8881.1
OG0010769	transcript_F46E10.9.2	transcript_NIC58.8882.1
OG0010770	transcript_F46E10.10.1	transcript_NIC58.8883.1
OG0010771	transcript_F46E10.2.1	transcript_NIC58.8884.1
OG0010772	transcript_F46E10.18.1	transcript_NIC58.8885.1
OG0010773	transcript_F46E10.1a.1	transcript_NIC58.8886.3
OG0010774	transcript_F46E10.11.1	transcript_NIC58.8888.1
OG0010775	transcript_K04A8.6b.1	transcript_NIC58.8889.1
OG0010776	transcript_K04A8.5a.1	transcript_NIC58.8890.1
OG0010777	transcript_K04A8.4a.1	transcript_NIC58.8891.1
OG0010779	transcript_K04A8.8.1	transcript_NIC58.8892.1
OG0010780	transcript_K04A8.18.1	transcript_NIC58.8893.1
OG0010781	transcript_K04A8.9.1	transcript_NIC58.8895.2
OG0010782	transcript_F44C4.4a.1	transcript_NIC58.8900.2
OG0010783	transcript_F44C4.2.1	transcript_NIC58.8902.1
OG0010784	transcript_F44C4.5.1	transcript_NIC58.8903.1
OG0010785	transcript_T10H9.2.1	transcript_NIC58.8904.1
OG0010786	transcript_T10H9.1.1	transcript_NIC58.8905.1
OG0010787	transcript_T10H9.3.1	transcript_NIC58.8906.1
OG0010788	transcript_T10H9.4.1	transcript_NIC58.8907.1
OG0010789	transcript_T10H9.5a.1	transcript_NIC58.8908.2
OG0010790	transcript_K11G9.4.1	transcript_NIC58.8913.1
OG0010791	transcript_K11G9.5.1	transcript_NIC58.8914.2
OG0010792	transcript_W02F12.2.1	transcript_NIC58.8916.2
OG0010793	transcript_W02F12.4d.1	transcript_NIC58.8918.1
OG0010794	transcript_W02F12.5.1	transcript_NIC58.8919.1
OG0010795	transcript_W02F12.6.1	transcript_NIC58.8920.2
OG0010796	transcript_W02F12.7.1	transcript_NIC58.8921.1
OG0010797	transcript_ZC487.2.1	transcript_NIC58.8922.1
OG0010798	transcript_ZC487.1a.1	transcript_NIC58.8923.1
OG0010799	transcript_ZC487.4.1	transcript_NIC58.8924.1
OG0010800	transcript_ZC487.5.1	transcript_NIC58.8925.1
OG0010801	transcript_T25F10.3.1	transcript_NIC58.8926.1
OG0010802	transcript_T25F10.2.1	transcript_NIC58.8927.1
OG0010803	transcript_T25F10.4.1	transcript_NIC58.8928.1
OG0010804	transcript_T25F10.5.1	transcript_NIC58.8929.1
OG0010805	transcript_T25F10.6a.1	transcript_NIC58.8930.1
OG0010806	transcript_ZC404.12.1	transcript_NIC58.8931.1
OG0010807	transcript_ZC404.5.1	transcript_NIC58.8932.1
OG0010808	transcript_ZC404.15.1	transcript_NIC58.8933.1
OG0010809	transcript_ZC404.8.1	transcript_NIC58.8934.1
OG0010810	transcript_ZC404.3a.1	transcript_NIC58.8935.1
OG0010811	transcript_ZC404.9.1	transcript_NIC58.8937.2
OG0010812	transcript_ZC404.1.1	transcript_NIC58.8938.1
OG0010813	transcript_T15B7.13.1	transcript_NIC58.8940.1
OG0010814	transcript_T15B7.5.1	transcript_NIC58.8941.1
OG0010815	transcript_T15B7.14.1	transcript_NIC58.8943.1
OG0010816	transcript_T15B7.15.1	transcript_NIC58.8949.1
OG0010817	transcript_T15B7.2.1	transcript_NIC58.8950.1
OG0010818	transcript_T15B7.16.1	transcript_NIC58.8951.1
OG0010819	transcript_T15B7.1.1	transcript_NIC58.8952.1
OG0010820	transcript_C55H1.2.1	transcript_NIC58.8953.1
OG0010821	transcript_T19F4.1b.1	transcript_NIC58.8954.2
OG0010822	transcript_K11C4.3c.1	transcript_NIC58.8955.4
OG0010823	transcript_K11C4.2.1	transcript_NIC58.8956.1
OG0010824	transcript_K11C4.4.1	transcript_NIC58.8957.1
OG0010825	transcript_K11C4.5e.1	transcript_NIC58.8958.11
OG0010826	transcript_Y57E12B.3.1	transcript_NIC58.8959.1
OG0010827	transcript_T07H8.4a.1	transcript_NIC58.8962.1
OG0010828	transcript_T07H8.6.1	transcript_NIC58.8963.1
OG0010829	transcript_T07H8.7.1	transcript_NIC58.8966.1
OG0010830	transcript_C33G8.5.1	transcript_NIC58.8974.1
OG0010831	transcript_F20A1.4.1	transcript_NIC58.9021.1
OG0010832	transcript_F20A1.6a.1	transcript_NIC58.9022.1
OG0010833	transcript_F20A1.7b.1	transcript_NIC58.9024.1
OG0010834	transcript_F20A1.2.1	transcript_NIC58.9026.1
OG0010835	transcript_F20A1.8.1	transcript_NIC58.9027.1
OG0010836	transcript_F20A1.9.1	transcript_NIC58.8977.1
OG0010837	transcript_F20A1.10.1	transcript_NIC58.8979.1
OG0010838	transcript_Y57E12AL.4.1	transcript_NIC58.8980.1
OG0010839	transcript_Y57E12AL.2.1	transcript_NIC58.8981.1
OG0010840	transcript_Y57E12AL.5.1	transcript_NIC58.8982.2
OG0010841	transcript_Y57E12AL.6.2	transcript_NIC58.8983.1
OG0010842	transcript_Y57E12AM.1.1	transcript_NIC58.8985.1
OG0010843	transcript_Y57E12AR.1.1	transcript_NIC58.8986.1
OG0010844	transcript_F27B10.1b.1	transcript_NIC58.8987.1
OG0010845	transcript_VC5.3a.1	transcript_NIC58.8988.1
OG0010846	transcript_VC5.2.1	transcript_NIC58.8990.1
OG0010847	transcript_VC5.6.1	transcript_NIC58.8991.1
OG0010848	transcript_VC5.5.1	transcript_NIC58.8992.1
OG0010849	transcript_T01C4.2c.1	transcript_NIC58.8993.2
OG0010850	transcript_F10D2.16.1	transcript_NIC58.8996.1
OG0010851	transcript_F09G2.5.1	transcript_NIC58.9000.1
OG0010852	transcript_F09G2.4.1	transcript_NIC58.9001.2
OG0010853	transcript_F09G2.3.1	transcript_NIC58.9002.1
OG0010854	transcript_F09G2.8b.1	transcript_NIC58.9003.2
OG0010855	transcript_F09G2.9.1	transcript_NIC58.9004.1
OG0010856	transcript_F09G2.2.1	transcript_NIC58.9005.1
OG0010857	transcript_F09G2.1a.1	transcript_NIC58.9006.2
OG0010858	transcript_C13F10.4.1	transcript_NIC58.9007.2
OG0010859	transcript_C13F10.6.1	transcript_NIC58.9008.2
OG0010860	transcript_C13F10.2.1	transcript_NIC58.9009.1
OG0010861	transcript_C13F10.7.1	transcript_NIC58.9010.1
OG0010862	transcript_C05C8.3.1	transcript_NIC58.9011.1
OG0010863	transcript_C05C8.4.1	transcript_NIC58.9012.2
OG0010864	transcript_C05C8.2.1	transcript_NIC58.9013.1
OG0010865	transcript_C05C8.6.1	transcript_NIC58.9015.3
OG0010866	transcript_C05C8.9a.1	transcript_NIC58.9016.1
OG0010867	transcript_C05C8.1a.1	transcript_NIC58.9017.1
OG0010868	transcript_C05C8.7.1	transcript_NIC58.9019.1
OG0010870	transcript_F10G2.10a.1	transcript_NIC58.6535.1
OG0010871	transcript_F10G2.4.1	transcript_NIC58.4019.1
OG0010872	transcript_F25E5.8a.1	transcript_NIC58.7748.1
OG0010873	transcript_F25E5.16a.1	transcript_NIC58.7749.1
OG0010874	transcript_F25E5.3.1	transcript_NIC58.6309.1
OG0010875	transcript_F25E5.10.1	transcript_NIC58.6308.1
OG0010876	transcript_F25E5.1.1	transcript_NIC58.6307.1
OG0010877	transcript_C54F6.12.1	transcript_NIC58.7762.1
OG0010878	transcript_C54F6.14.1	transcript_NIC58.7756.1
OG0010879	transcript_F19F10.4.1	transcript_NIC58.2035.1
OG0010880	transcript_F19F10.9.1	transcript_NIC58.7815.1
OG0010881	transcript_F19F10.12.1	transcript_NIC58.7814.1
OG0010882	transcript_C50E3.6.1	transcript_NIC58.7812.3
OG0010883	transcript_F07C4.7.1	transcript_NIC58.7854.1
OG0010884	transcript_C12D5.11.1	transcript_NIC58.8967.1
OG0010885	transcript_ZK105.8.1	transcript_NIC58.6338.1
OG0010886	transcript_T05B11.7a.1	transcript_NIC58.6339.1
OG0010887	transcript_T05B11.3.1	transcript_NIC58.6340.1
OG0010888	transcript_T05B11.1.2	transcript_NIC58.6341.1
OG0010889	transcript_C26F1.7b.1	transcript_NIC58.6344.1
OG0010890	transcript_C26F1.6.1	transcript_NIC58.6345.1
OG0010891	transcript_C26F1.5.1	transcript_NIC58.6346.1
OG0010892	transcript_C26F1.4.1	transcript_NIC58.6347.1
OG0010893	transcript_C26F1.3.1	transcript_NIC58.6348.1
OG0010894	transcript_C26F1.1b.1	transcript_NIC58.6350.1
OG0010895	transcript_C26F1.10.1	transcript_NIC58.6351.1
OG0010896	transcript_ZK742.2.1	transcript_NIC58.6352.1
OG0010897	transcript_ZK742.1a.1	transcript_NIC58.6353.1
OG0010898	transcript_ZK742.3.1	transcript_NIC58.6354.1
OG0010899	transcript_ZK742.4.1	transcript_NIC58.6355.2
OG0010900	transcript_ZK742.5.1	transcript_NIC58.6356.1
OG0010901	transcript_C37C3.6b.1	transcript_NIC58.6357.2
OG0010902	transcript_C37C3.7.1	transcript_NIC58.6358.2
OG0010903	transcript_C37C3.12.1	transcript_NIC58.6359.2
OG0010904	transcript_C37C3.4.1	transcript_NIC58.6361.1
OG0010905	transcript_C37C3.8c.1	transcript_NIC58.6362.2
OG0010906	transcript_C37C3.2.1	transcript_NIC58.6363.1
OG0010907	transcript_C37C3.1a.1	transcript_NIC58.6364.1
OG0010908	transcript_C37C3.11.1	transcript_NIC58.6367.2
OG0010909	transcript_F40A3.5.2	transcript_NIC58.6368.1
OG0010910	transcript_F40A3.4.1	transcript_NIC58.6370.1
OG0010911	transcript_F40A3.2.1	transcript_NIC58.6378.1
OG0010912	transcript_F40A3.1.1	transcript_NIC58.6380.1
OG0010913	transcript_F40A3.6.1	transcript_NIC58.6379.1
OG0010914	transcript_F40A3.7.1	transcript_NIC58.6381.1
OG0010915	transcript_Y97E10B.7a.1	transcript_NIC58.7137.1
OG0010916	transcript_Y97E10B.10.1	transcript_NIC58.7132.1
OG0010917	transcript_F26D11.12.1	transcript_NIC58.7130.3
OG0010918	transcript_F26D11.6.1	transcript_NIC58.7129.1
OG0010919	transcript_F26D11.2.1	transcript_NIC58.7127.1
OG0010920	transcript_F26D11.10b.1	transcript_NIC58.7126.1
OG0010921	transcript_F26D11.11c.1	transcript_NIC58.7125.2
OG0010922	transcript_F26D11.1.1	transcript_NIC58.7123.1
OG0010923	transcript_Y97E10AL.3.1	transcript_NIC58.7122.1
OG0010924	transcript_Y97E10AL.2.1	transcript_NIC58.7121.1
OG0010925	transcript_Y97E10AR.1.1	transcript_NIC58.6868.1
OG0010926	transcript_Y97E10AR.7.1	transcript_NIC58.6861.1
OG0010927	transcript_Y97E10AR.5.1	transcript_NIC58.6860.1
OG0010928	transcript_Y97E10AR.6.1	transcript_NIC58.6859.1
OG0010929	transcript_F43H9.2b.2	transcript_NIC58.6846.2
OG0010930	transcript_F43H9.1a.1	transcript_NIC58.6845.1
OG0010931	transcript_F43H9.3.1	transcript_NIC58.6844.2
OG0010932	transcript_F43H9.4.1	transcript_NIC58.6843.2
OG0010933	transcript_ZC513.4.1	transcript_NIC58.6842.1
OG0010934	transcript_ZC513.5.1	transcript_NIC58.6840.1
OG0010935	transcript_ZC513.14.1	transcript_NIC58.6841.1
OG0010936	transcript_ZC513.3.1	transcript_NIC58.6838.1
OG0010937	transcript_ZC513.12.1	transcript_NIC58.6836.2
OG0010938	transcript_ZC513.2.1	transcript_NIC58.6835.2
OG0010939	transcript_C09H5.7.1	transcript_NIC58.6827.1
OG0010940	transcript_D1014.3a.1	transcript_NIC58.6913.1
OG0010941	transcript_D1014.4.2	transcript_NIC58.6914.1
OG0010942	transcript_D1014.2.1	transcript_NIC58.6915.1
OG0010943	transcript_D1014.1.1	transcript_NIC58.6916.1
OG0010944	transcript_F20D6.6.1	transcript_NIC58.6917.1
OG0010945	transcript_F20D6.5.1	transcript_NIC58.6918.1
OG0010946	transcript_F20D6.8.1	transcript_NIC58.6926.1
OG0010947	transcript_F20D6.2.1	transcript_NIC58.6929.1
OG0010948	transcript_F20D6.1.1	transcript_NIC58.6933.1
OG0010949	transcript_F20D6.10.1	transcript_NIC58.6934.1
OG0010950	transcript_F20D6.11.1	transcript_NIC58.6936.1
OG0010951	transcript_K07C11.3.1	transcript_NIC58.6938.1
OG0010952	transcript_K07C11.7a.1	transcript_NIC58.6939.2
OG0010953	transcript_K07C11.8.1	transcript_NIC58.6940.1
OG0010954	transcript_K07C11.9.1	transcript_NIC58.6941.1
OG0010955	transcript_K07C11.2.1	transcript_NIC58.6942.1
OG0010956	transcript_K07C11.1.1	transcript_NIC58.6943.1
OG0010957	transcript_C16D9.2.1	transcript_NIC58.6945.1
OG0010958	transcript_C16D9.1.1	transcript_NIC58.6959.1
OG0010959	transcript_C16D9.8.1	transcript_NIC58.6960.1
OG0010960	transcript_F21F8.11.1	transcript_NIC58.6967.3
OG0010961	transcript_W02D7.7.1	transcript_NIC58.6973.1
OG0010962	transcript_W02D7.2.1	transcript_NIC58.6974.1
OG0010963	transcript_W02D7.12.1	transcript_NIC58.6975.1
OG0010964	transcript_C08D8.2b.1	transcript_NIC58.6979.3
OG0010965	transcript_C08D8.7.2	transcript_NIC58.6980.1
OG0010966	transcript_C08D8.1.1	transcript_NIC58.6981.1
OG0010967	transcript_F38E1.7.1	transcript_NIC58.6983.1
OG0010968	transcript_F38E1.9.1	transcript_NIC58.6984.1
OG0010969	transcript_F38E1.6.1	transcript_NIC58.6985.1
OG0010970	transcript_F38E1.5.1	transcript_NIC58.6986.1
OG0010971	transcript_F38E1.10.1	transcript_NIC58.6987.2
OG0010972	transcript_F38E1.3.1	transcript_NIC58.6989.1
OG0010973	transcript_F52E1.14.1	transcript_NIC58.6991.1
OG0010974	transcript_F52E1.7a.1	transcript_NIC58.6992.2
OG0010975	transcript_F52E1.8.1	transcript_NIC58.6994.1
OG0010976	transcript_F52E1.9b.1	transcript_NIC58.6995.2
OG0010977	transcript_F52E1.13a.1	transcript_NIC58.6997.2
OG0010978	transcript_T23B12.5.1	transcript_NIC58.7018.1
OG0010979	transcript_T23B12.11.1	transcript_NIC58.7017.3
OG0010980	transcript_T23B12.6.1	transcript_NIC58.7016.2
OG0010981	transcript_T23B12.3.1	transcript_NIC58.7015.2
OG0010982	transcript_T23B12.2.1	transcript_NIC58.7014.1
OG0010983	transcript_T23B12.8b.1	transcript_NIC58.7013.1
OG0010984	transcript_ZK994.3.1	transcript_NIC58.7012.1
OG0010985	transcript_ZK994.6b.1	transcript_NIC58.7011.2
OG0010986	transcript_F45F2.9.1	transcript_NIC58.7020.1
OG0010987	transcript_F45F2.10.1	transcript_NIC58.7021.2
OG0010988	transcript_F45F2.11b.1	transcript_NIC58.7022.1
OG0010989	transcript_F45F2.1.1	transcript_NIC58.7036.1
OG0010990	transcript_F25G6.7a.1	transcript_NIC58.7038.3
OG0010991	transcript_F25G6.6.1	transcript_NIC58.7037.1
OG0010992	transcript_F25G6.4.1	transcript_NIC58.7039.1
OG0010993	transcript_F25G6.3.1	transcript_NIC58.7040.1
OG0010994	transcript_F25G6.8.1	transcript_NIC58.7041.1
OG0010995	transcript_F25G6.9.1	transcript_NIC58.7042.4
OG0010996	transcript_F25G6.2.1	transcript_NIC58.7043.1
OG0010997	transcript_C10B5.1.1	transcript_NIC58.7044.1
OG0010998	transcript_C10B5.3.2	transcript_NIC58.7045.2
OG0010999	transcript_F41E6.7.1	transcript_NIC58.7047.1
OG0011000	transcript_F41E6.15.1	transcript_NIC58.7048.1
OG0011001	transcript_F41E6.5b.1	transcript_NIC58.7049.2
OG0011002	transcript_F41E6.9.1	transcript_NIC58.7050.2
OG0011003	transcript_F41E6.4a.1	transcript_NIC58.7051.5
OG0011004	transcript_F41E6.2.1	transcript_NIC58.7052.1
OG0011005	transcript_F41E6.11.1	transcript_NIC58.7053.1
OG0011006	transcript_F41E6.17.1	transcript_NIC58.7054.1
OG0011007	transcript_F41E6.12.1	transcript_NIC58.7055.1
OG0011008	transcript_F41E6.13a.1	transcript_NIC58.7056.5
OG0011009	transcript_F41E6.14.2	transcript_NIC58.7070.2
OG0011010	transcript_F28A12.10.1	transcript_NIC58.7069.1
OG0011011	transcript_F28A12.1.1	transcript_NIC58.7068.1
OG0011012	transcript_F28A12.4.1	transcript_NIC58.7067.3
OG0011013	transcript_ZC190.4.1	transcript_NIC58.7066.2
OG0011014	transcript_ZC190.2.1	transcript_NIC58.7060.1
OG0011015	transcript_ZC190.1.1	transcript_NIC58.7058.1
OG0011016	transcript_ZC190.7.1	transcript_NIC58.7059.1
OG0011017	transcript_ZC178.2.1	transcript_NIC58.7074.1
OG0011018	transcript_ZC196.7.1	transcript_NIC58.7071.1
OG0011019	transcript_B0507.3a.1	transcript_NIC58.7091.3
OG0011020	transcript_B0507.2.1	transcript_NIC58.6636.1
OG0011021	transcript_B0507.1.1	transcript_NIC58.6635.1
OG0011022	transcript_C01B7.1c.1	transcript_NIC58.6634.2
OG0011023	transcript_C01B7.4a.1	transcript_NIC58.6632.1
OG0011024	transcript_K06C4.17.1	transcript_NIC58.9035.1
OG0011025	transcript_K06C4.6a.1	transcript_NIC58.9037.3
OG0011026	transcript_H14N18.3.1	transcript_NIC58.9038.1
OG0011027	transcript_H14N18.4a.1	transcript_NIC58.9039.3
OG0011028	transcript_H14N18.2.1	transcript_NIC58.9040.1
OG0011029	transcript_H14N18.1a.1	transcript_NIC58.9041.3
OG0011030	transcript_T19A5.3a.1	transcript_NIC58.9042.2
OG0011031	transcript_T19A5.2b.1	transcript_NIC58.9043.1
OG0011032	transcript_T19A5.1.1	transcript_NIC58.9044.1
OG0011033	transcript_F59E11.11.1	transcript_NIC58.9047.2
OG0011034	transcript_F59E11.7a.1	transcript_NIC58.9051.1
OG0011035	transcript_F59E11.6.1	transcript_NIC58.9052.1
OG0011036	transcript_F59E11.5.1	transcript_NIC58.9053.1
OG0011037	transcript_F59E11.2.1	transcript_NIC58.9054.1
OG0011038	transcript_C25E10.2.1	transcript_NIC58.9068.1
OG0011039	transcript_C25E10.17a.1	transcript_NIC58.9070.1
OG0011040	transcript_C25E10.7.1	transcript_NIC58.9071.1
OG0011041	transcript_C25E10.10.1	transcript_NIC58.9073.1
OG0011042	transcript_C25E10.11.1	transcript_NIC58.9075.1
OG0011043	transcript_C25E10.12.1	transcript_NIC58.9077.1
OG0011044	transcript_T27E4.4.1	transcript_NIC58.9078.1
OG0011045	transcript_T27E4.5.1	transcript_NIC58.9079.1
OG0011046	transcript_T27E4.6a.1	transcript_NIC58.9081.1
OG0011047	transcript_T27E4.7.1	transcript_NIC58.9082.1
OG0011048	transcript_T27E4.1.1	transcript_NIC58.9088.1
OG0011049	transcript_F21C10.10.1	transcript_NIC58.9089.1
OG0011050	transcript_F21C10.9.1	transcript_NIC58.9090.1
OG0011051	transcript_F21C10.12.1	transcript_NIC58.9091.1
OG0011052	transcript_F21C10.18.1	transcript_NIC58.9092.1
OG0011053	transcript_F21C10.8a.1	transcript_NIC58.9093.1
OG0011054	transcript_F21C10.7.1	transcript_NIC58.9094.2
OG0011055	transcript_F21C10.11a.1	transcript_NIC58.9096.1
OG0011056	transcript_F21C10.3.1	transcript_NIC58.9102.1
OG0011057	transcript_B0222.4.1	transcript_NIC58.9110.1
OG0011058	transcript_B0222.5.1	transcript_NIC58.9111.1
OG0011059	transcript_B0222.15.1	transcript_NIC58.9112.1
OG0011060	transcript_B0222.11.1	transcript_NIC58.9117.3
OG0011061	transcript_C24B5.5a.1	transcript_NIC58.9119.1
OG0011062	transcript_C24B5.2c.1	transcript_NIC58.9121.2
OG0011063	transcript_C24B5.3.1	transcript_NIC58.9122.1
OG0011064	transcript_C24B5.1.1	transcript_NIC58.9123.2
OG0011065	transcript_C24B5.4.1	transcript_NIC58.9124.1
OG0011066	transcript_T18H9.2.1	transcript_NIC58.9127.1
OG0011067	transcript_T18H9.5a.1	transcript_NIC58.9128.2
OG0011068	transcript_T18H9.6.1	transcript_NIC58.9129.1
OG0011069	transcript_T18H9.7.1	transcript_NIC58.9130.2
OG0011070	transcript_T18H9.1b.1	transcript_NIC58.9131.1
OG0011071	transcript_F07C3.2.1	transcript_NIC58.9132.1
OG0011072	transcript_F07C3.4.1	transcript_NIC58.9133.1
OG0011073	transcript_F07C3.1.1	transcript_NIC58.9136.1
OG0011074	transcript_F07C3.16.1	transcript_NIC58.9137.1
OG0011075	transcript_ZK682.2.1	transcript_NIC58.9139.1
OG0011076	transcript_ZK682.4.1	transcript_NIC58.9140.1
OG0011077	transcript_ZK682.5.1	transcript_NIC58.9141.1
OG0011078	transcript_ZK682.7.1	transcript_NIC58.9142.1
OG0011079	transcript_F44A2.5b.1	transcript_NIC58.9143.1
OG0011080	transcript_F44A2.3.1	transcript_NIC58.9144.1
OG0011081	transcript_K07B1.5b.2	transcript_NIC58.9147.1
OG0011082	transcript_K07B1.4a.1	transcript_NIC58.9148.1
OG0011083	transcript_K07B1.3.2	transcript_NIC58.9149.1
OG0011084	transcript_K07B1.2.1	transcript_NIC58.9150.1
OG0011085	transcript_K07B1.7a.1	transcript_NIC58.9152.2
OG0011086	transcript_K07B1.1.1	transcript_NIC58.9153.1
OG0011087	transcript_E02C12.4.1	transcript_NIC58.9156.1
OG0011088	transcript_E02C12.13.1	transcript_NIC58.9157.1
OG0011089	transcript_E02C12.5a.1	transcript_NIC58.9158.2
OG0011090	transcript_F36D4.3b.1	transcript_NIC58.9162.1
OG0011091	transcript_F36D4.2.1	transcript_NIC58.9163.1
OG0011092	transcript_F36D4.4d.1	transcript_NIC58.9164.2
OG0011093	transcript_F36D4.1.1	transcript_NIC58.9165.1
OG0011094	transcript_F36D4.5a.1	transcript_NIC58.9167.1
OG0011096	transcript_H24G06.1a.1	transcript_NIC58.9168.1
OG0011097	transcript_F07D3.3.1	transcript_NIC58.9169.1
OG0011098	transcript_F07D3.2.1	transcript_NIC58.9170.1
OG0011099	transcript_K06A4.2a.1	transcript_NIC58.9171.3
OG0011101	transcript_K06A4.3.1	transcript_NIC58.9173.1
OG0011102	transcript_K06A4.4.1	transcript_NIC58.9174.1
OG0011103	transcript_K06A4.5.1	transcript_NIC58.9175.1
OG0011104	transcript_F11A3.2a.1	transcript_NIC58.9180.1
OG0011105	transcript_C50F4.8.1	transcript_NIC58.9181.1
OG0011106	transcript_C50F4.9.1	transcript_NIC58.9182.2
OG0011107	transcript_C50F4.1.1	transcript_NIC58.9183.1
OG0011108	transcript_C50F4.10.1	transcript_NIC58.9321.1
OG0011109	transcript_C50F4.2.1	transcript_NIC58.9023.1
OG0011110	transcript_C50F4.4.1	transcript_NIC58.9185.1
OG0011111	transcript_C50F4.12.1	transcript_NIC58.9186.3
OG0011112	transcript_C50F4.16.1	transcript_NIC58.9187.1
OG0011113	transcript_C50F4.11.1	transcript_NIC58.9188.1
OG0011114	transcript_C50F4.6.1	transcript_NIC58.9190.1
OG0011115	transcript_F25B3.1.1	transcript_NIC58.9193.1
OG0011116	transcript_F25B3.3a.1	transcript_NIC58.9194.5
OG0011117	transcript_F25B3.5a.1	transcript_NIC58.9198.1
OG0011118	transcript_F25B3.2.1	transcript_NIC58.9199.1
OG0011119	transcript_K09G1.1e.1	transcript_NIC58.9201.2
OG0011120	transcript_K09G1.2.1	transcript_NIC58.9203.1
OG0011121	transcript_K09G1.4c.1	transcript_NIC58.9207.2
OG0011122	transcript_T06E4.11.1	transcript_NIC58.9208.1
OG0011123	transcript_T06E4.10.1	transcript_NIC58.9209.1
OG0011124	transcript_T06E4.7.1	transcript_NIC58.9212.1
OG0011125	transcript_T06E4.3a.2	transcript_NIC58.9214.3
OG0011126	transcript_B0331.2.1	transcript_NIC58.9226.1
OG0011127	transcript_ZK287.1a.1	transcript_NIC58.9227.2
OG0011128	transcript_ZK287.2a.1	transcript_NIC58.9228.2
OG0011129	transcript_ZK287.3.1	transcript_NIC58.9229.1
OG0011130	transcript_ZK287.9.1	transcript_NIC58.9230.1
OG0011131	transcript_ZK287.4a.1	transcript_NIC58.9231.1
OG0011132	transcript_ZK287.5.1	transcript_NIC58.9233.1
OG0011133	transcript_ZK287.6.1	transcript_NIC58.9234.1
OG0011134	transcript_ZK287.7.1	transcript_NIC58.9235.1
OG0011135	transcript_ZK287.8a.1	transcript_NIC58.9236.1
OG0011136	transcript_F40F9.1a.2	transcript_NIC58.9237.1
OG0011137	transcript_F40F9.2.1	transcript_NIC58.9238.1
OG0011138	transcript_F40F9.10.1	transcript_NIC58.9239.2
OG0011139	transcript_F40F9.5.2	transcript_NIC58.9242.1
OG0011140	transcript_F40F9.6a.1	transcript_NIC58.9243.4
OG0011141	transcript_F40F9.7a.2	transcript_NIC58.9244.3
OG0011142	transcript_F40F9.8.1	transcript_NIC58.9246.1
OG0011143	transcript_F40F9.9.1	transcript_NIC58.9247.3
OG0011144	transcript_F58E6.12.1	transcript_NIC58.9248.1
OG0011145	transcript_F58E6.1.1	transcript_NIC58.9249.1
OG0011146	transcript_F58E6.13c.1	transcript_NIC58.9250.1
OG0011147	transcript_F58E6.7.1	transcript_NIC58.9252.1
OG0011148	transcript_F58E6.11.1	transcript_NIC58.9253.1
OG0011149	transcript_F58E6.10b.1	transcript_NIC58.9254.3
OG0011150	transcript_F46B6.2.1	transcript_NIC58.9255.1
OG0011151	transcript_F46B6.12.1	transcript_NIC58.9256.1
OG0011152	transcript_F46B6.3b.1	transcript_NIC58.9257.1
OG0011153	transcript_F46B6.4.1	transcript_NIC58.9258.1
OG0011154	transcript_F46B6.5e.1	transcript_NIC58.9259.3
OG0011155	transcript_F46B6.9.1	transcript_NIC58.9262.1
OG0011156	transcript_C50H2.1b.1	transcript_NIC58.9281.2
OG0011157	transcript_C50H2.2a.1	transcript_NIC58.9284.1
OG0011158	transcript_C50H2.6.1	transcript_NIC58.9287.1
OG0011159	transcript_C50H2.13.1	transcript_NIC58.9291.1
OG0011160	transcript_T07C12.14.1	transcript_NIC58.9296.1
OG0011161	transcript_T07C12.15.1	transcript_NIC58.9299.1
OG0011162	transcript_T07C12.7.1	transcript_NIC58.9300.1
OG0011163	transcript_T07C12.8b.1	transcript_NIC58.9301.2
OG0011164	transcript_T07C12.9.1	transcript_NIC58.9302.3
OG0011165	transcript_C27H6.1a.1	transcript_NIC58.9311.2
OG0011166	transcript_C27H6.3.1	transcript_NIC58.9312.1
OG0011167	transcript_C27H6.8.1	transcript_NIC58.9315.1
OG0011168	transcript_K08H10.7.1	transcript_NIC58.9316.1
OG0011169	transcript_K08H10.9.1	transcript_NIC58.9317.1
OG0011170	transcript_K08H10.6.1	transcript_NIC58.9318.1
OG0011171	transcript_K08H10.10a.1	transcript_NIC58.9322.2
OG0011172	transcript_K08H10.4.1	transcript_NIC58.9323.1
OG0011173	transcript_T06E8.1a.1	transcript_NIC58.9612.1
OG0011174	transcript_F57A8.1.1	transcript_NIC58.9613.1
OG0011175	transcript_F57A8.2b.1	transcript_NIC58.9616.5
OG0011176	transcript_F57A8.8.1	transcript_NIC58.9617.1
OG0011177	transcript_F57A8.4.1	transcript_NIC58.9618.1
OG0011178	transcript_F57A8.6.1	transcript_NIC58.7120.1
OG0011179	transcript_F57A8.7.1	transcript_NIC58.7119.1
OG0011180	transcript_R04B5.1.1	transcript_NIC58.7118.1
OG0011181	transcript_R04B5.4b.1	transcript_NIC58.7113.2
OG0011182	transcript_R04B5.7.1	transcript_NIC58.7110.1
OG0011183	transcript_R04B5.8.1	transcript_NIC58.7108.1
OG0011184	transcript_C08B6.14.1	transcript_NIC58.7106.1
OG0011185	transcript_C08B6.5.1	transcript_NIC58.8624.1
OG0011186	transcript_C08B6.13.1	transcript_NIC58.8622.1
OG0011187	transcript_C08B6.6.1	transcript_NIC58.8621.1
OG0011188	transcript_C08B6.10.1	transcript_NIC58.8620.1
OG0011189	transcript_C08B6.9.1	transcript_NIC58.8619.1
OG0011190	transcript_C08B6.7b.2	transcript_NIC58.8618.1
OG0011191	transcript_C08B6.8a.1	transcript_NIC58.8948.2
OG0011192	transcript_C51E3.9a.1	transcript_NIC58.8947.1
OG0011193	transcript_C51E3.6.1	transcript_NIC58.8613.1
OG0011194	transcript_C51E3.7a.1	transcript_NIC58.8612.1
OG0011195	transcript_ZK856.1.1	transcript_NIC58.8611.1
OG0011196	transcript_ZK856.4b.1	transcript_NIC58.8610.1
OG0011197	transcript_ZK856.5.1	transcript_NIC58.8609.2
OG0011198	transcript_ZK856.6.1	transcript_NIC58.8608.2
OG0011199	transcript_ZK856.7.1	transcript_NIC58.8607.1
OG0011200	transcript_ZK856.11.1	transcript_NIC58.8605.1
OG0011201	transcript_ZK856.10.1	transcript_NIC58.8604.2
OG0011202	transcript_ZK856.13.1	transcript_NIC58.8603.1
OG0011203	transcript_ZK856.14a.1	transcript_NIC58.8602.2
OG0011204	transcript_C12D8.5.1	transcript_NIC58.8599.1
OG0011205	transcript_C12D8.4.1	transcript_NIC58.8598.1
OG0011206	transcript_C12D8.15.1	transcript_NIC58.8596.1
OG0011207	transcript_C12D8.12.1	transcript_NIC58.8593.1
OG0011208	transcript_C12D8.9a.1	transcript_NIC58.8591.1
OG0011209	transcript_C12D8.11.1	transcript_NIC58.8589.2
OG0011210	transcript_Y22F5A.1a.1	transcript_NIC58.8588.1
OG0011211	transcript_Y22F5A.2.1	transcript_NIC58.8586.1
OG0011212	transcript_Y22F5A.3b.1	transcript_NIC58.8585.2
OG0011213	transcript_Y22F5A.6.1	transcript_NIC58.8581.1
OG0011214	transcript_B0024.3.1	transcript_NIC58.8580.1
OG0011215	transcript_B0024.15.1	transcript_NIC58.8579.1
OG0011216	transcript_B0024.9a.1	transcript_NIC58.8574.1
OG0011217	transcript_B0024.10.1	transcript_NIC58.8573.2
OG0011218	transcript_B0024.11.1	transcript_NIC58.8572.1
OG0011219	transcript_B0024.12.1	transcript_NIC58.8571.1
OG0011220	transcript_B0024.13.1	transcript_NIC58.8570.1
OG0011221	transcript_B0024.14b.1	transcript_NIC58.8569.1
OG0011222	transcript_K07C5.1.1	transcript_NIC58.8568.1
OG0011223	transcript_K07C5.2.1	transcript_NIC58.8567.2
OG0011224	transcript_K07C5.7.1	transcript_NIC58.8564.2
OG0011225	transcript_K07C5.8b.1	transcript_NIC58.8563.2
OG0011226	transcript_AC3.5a.1	transcript_NIC58.8559.1
OG0011227	transcript_AC3.6.1	transcript_NIC58.8557.1
OG0011228	transcript_F15H10.7.1	transcript_NIC58.8552.1
OG0011229	transcript_F15H10.12.1	transcript_NIC58.8548.1
OG0011230	transcript_F15H10.4.1	transcript_NIC58.8545.1
OG0011231	transcript_Y32F6A.4.2	transcript_NIC58.8544.1
OG0011232	transcript_Y32F6A.1.2	transcript_NIC58.8542.1
OG0011233	transcript_Y32F6A.2.1	transcript_NIC58.8543.1
OG0011234	transcript_Y32F6A.5b.1	transcript_NIC58.8540.1
OG0011235	transcript_F22E12.1.1	transcript_NIC58.8539.2
OG0011236	transcript_F22E12.2.1	transcript_NIC58.8538.1
OG0011237	transcript_F22E12.4a.1	transcript_NIC58.8537.1
OG0011238	transcript_Y32F6B.3.1	transcript_NIC58.8536.1
OG0011239	transcript_Y32F6B.1.1	transcript_NIC58.8535.1
OG0011240	transcript_Y32F6B.2.1	transcript_NIC58.8534.1
OG0011241	transcript_C35A5.4.1	transcript_NIC58.13833.1
OG0011242	transcript_C35A5.11a.1	transcript_NIC58.8531.1
OG0011243	transcript_C35A5.10.1	transcript_NIC58.8530.1
OG0011244	transcript_C35A5.6a.1	transcript_NIC58.8529.1
OG0011245	transcript_C35A5.7.1	transcript_NIC58.8528.2
OG0011246	transcript_C35A5.8.1	transcript_NIC58.8500.2
OG0011247	transcript_C35A5.9.1	transcript_NIC58.8501.1
OG0011248	transcript_F25D1.3.1	transcript_NIC58.8502.1
OG0011249	transcript_F25D1.2.1	transcript_NIC58.8503.1
OG0011250	transcript_F25D1.1a.1	transcript_NIC58.8504.4
OG0011251	transcript_F25D1.4.1	transcript_NIC58.8505.1
OG0011252	transcript_F32G8.1.1	transcript_NIC58.8507.1
OG0011253	transcript_F32G8.3.1	transcript_NIC58.8509.1
OG0011254	transcript_F32G8.4.1	transcript_NIC58.8510.1
OG0011255	transcript_F32G8.5.1	transcript_NIC58.8511.1
OG0011256	transcript_F32G8.6.1	transcript_NIC58.8512.1
OG0011257	transcript_T21C9.2a.1	transcript_NIC58.8513.1
OG0011258	transcript_T21C9.3b.1	transcript_NIC58.8514.1
OG0011259	transcript_T21C9.1b.1	transcript_NIC58.8515.2
OG0011260	transcript_T21C9.4.1	transcript_NIC58.8516.1
OG0011261	transcript_T21C9.5a.1	transcript_NIC58.8517.1
OG0011262	transcript_T21C9.6.1	transcript_NIC58.8518.1
OG0011263	transcript_T21C9.9.1	transcript_NIC58.8520.1
OG0011264	transcript_T21C9.11.1	transcript_NIC58.8521.1
OG0011265	transcript_T21C9.12a.1	transcript_NIC58.8522.2
OG0011266	transcript_H27A22.1b.1	transcript_NIC58.8523.1
OG0011267	transcript_H09F14.1b.1	transcript_NIC58.8524.1
OG0011268	transcript_C32C4.5a.1	transcript_NIC58.8525.1
OG0011269	transcript_C32C4.1h.1	transcript_NIC58.8526.1
OG0011270	transcript_C32C4.3c.1	transcript_NIC58.8527.1
OG0011271	transcript_C32C4.2c.1	transcript_NIC58.8499.1
OG0011272	transcript_F29F11.3.1	transcript_NIC58.8497.2
OG0011273	transcript_F29F11.1.1	transcript_NIC58.8496.1
OG0011274	transcript_F29F11.4.1	transcript_NIC58.8495.2
OG0011275	transcript_F29F11.5d.1	transcript_NIC58.8494.3
OG0011276	transcript_C05A2.1.1	transcript_NIC58.8492.2
OG0011277	transcript_T28B11.1a.2	transcript_NIC58.8491.1
OG0011278	transcript_ZC302.1.2	transcript_NIC58.8490.1
OG0011279	transcript_ZC302.3.1	transcript_NIC58.8488.1
OG0011280	transcript_F28H7.11.1	transcript_NIC58.8487.1
OG0011281	transcript_F28H7.8.1	transcript_NIC58.8483.1
OG0011282	transcript_F28H7.9.1	transcript_NIC58.8482.1
OG0011283	transcript_F28H7.10a.1	transcript_NIC58.8481.2
OG0011284	transcript_D1054.1.1	transcript_NIC58.8480.1
OG0011285	transcript_D1054.3a.1	transcript_NIC58.8478.1
OG0011286	transcript_D1054.5.1	transcript_NIC58.8477.1
OG0011287	transcript_D1054.9b.1	transcript_NIC58.8475.9
OG0011288	transcript_D1054.10.1	transcript_NIC58.8474.1
OG0011289	transcript_D1054.11.1	transcript_NIC58.8473.1
OG0011290	transcript_D1054.19a.1	transcript_NIC58.8472.2
OG0011291	transcript_D1054.13b.1	transcript_NIC58.8470.1
OG0011292	transcript_D1054.15a.2	transcript_NIC58.8468.1
OG0011293	transcript_C29A12.3a.1	transcript_NIC58.8466.1
OG0011294	transcript_C29A12.4k.1	transcript_NIC58.8465.2
OG0011295	transcript_C29A12.6b.1	transcript_NIC58.8464.1
OG0011296	transcript_F53H10.2a.1	transcript_NIC58.8463.1
OG0011297	transcript_F32D8.1.1	transcript_NIC58.8462.1
OG0011298	transcript_F32D8.12a.2	transcript_NIC58.8459.2
OG0011299	transcript_F32D8.5b.1	transcript_NIC58.8457.1
OG0011300	transcript_F32D8.13b.1	transcript_NIC58.8456.2
OG0011301	transcript_F32D8.6.1	transcript_NIC58.8455.1
OG0011302	transcript_F32D8.7b.1	transcript_NIC58.8454.1
OG0011303	transcript_F32D8.9.1	transcript_NIC58.8453.1
OG0011304	transcript_F32D8.8.1	transcript_NIC58.8452.1
OG0011305	transcript_F32D8.15.1	transcript_NIC58.8451.1
OG0011306	transcript_F32D8.10.1	transcript_NIC58.8450.1
OG0011307	transcript_F58B4.2.1	transcript_NIC58.8449.1
OG0011308	transcript_F58B4.1b.1	transcript_NIC58.8448.2
OG0011309	transcript_F58B4.7.1	transcript_NIC58.8447.1
OG0011310	transcript_F58B4.6.2	transcript_NIC58.8446.1
OG0011311	transcript_F58B4.4.1	transcript_NIC58.8444.1
OG0011312	transcript_F17C11.12a.1	transcript_NIC58.8440.1
OG0011313	transcript_F17C11.17.1	transcript_NIC58.8438.4
OG0011314	transcript_F17C11.4b.1	transcript_NIC58.8436.1
OG0011315	transcript_F17C11.5.1	transcript_NIC58.8435.1
OG0011316	transcript_F17C11.7a.1	transcript_NIC58.8431.1
OG0011317	transcript_F17C11.8.1	transcript_NIC58.8432.1
OG0011318	transcript_F17C11.10.1	transcript_NIC58.8430.1
OG0011319	transcript_F17C11.9a.1	transcript_NIC58.8429.1
OG0011320	transcript_F17C11.22.1	transcript_NIC58.8428.1
OG0011321	transcript_F53B7.5b.1	transcript_NIC58.8427.2
OG0011322	transcript_F53B7.2a.1	transcript_NIC58.8426.1
OG0011323	transcript_F53B7.7.1	transcript_NIC58.8425.1
OG0011324	transcript_F53B7.3.1	transcript_NIC58.8424.1
OG0011325	transcript_F53B7.4.1	transcript_NIC58.8423.1
OG0011326	transcript_C13G3.1.1	transcript_NIC58.8422.1
OG0011327	transcript_C13G3.2.1	transcript_NIC58.8421.1
OG0011328	transcript_C13G3.3c.1	transcript_NIC58.8420.1
OG0011329	transcript_C45B11.9.1	transcript_NIC58.8414.1
OG0011330	transcript_C45B11.8.1	transcript_NIC58.8413.1
OG0011331	transcript_C45B11.5.1	transcript_NIC58.8412.2
OG0011332	transcript_C45B11.6.1	transcript_NIC58.8411.1
OG0011333	transcript_T04C12.33.1	transcript_NIC58.8407.1
OG0011334	transcript_T04C12.7.1	transcript_NIC58.8406.1
OG0011335	transcript_T04C12.11.1	transcript_NIC58.8403.1
OG0011336	transcript_T04C12.9.1	transcript_NIC58.8402.1
OG0011337	transcript_T04C12.3.1	transcript_NIC58.8401.1
OG0011338	transcript_T04C12.8.1	transcript_NIC58.8400.1
OG0011339	transcript_Y42A5A.1.1	transcript_NIC58.8394.1
OG0011340	transcript_Y42A5A.2a.1	transcript_NIC58.8396.1
OG0011341	transcript_Y42A5A.3.1	transcript_NIC58.8395.1
OG0011342	transcript_Y42A5A.4b.1	transcript_NIC58.8393.1
OG0011343	transcript_Y42A5A.5.1	transcript_NIC58.8392.1
OG0011344	transcript_H19N07.1a.1	transcript_NIC58.8391.1
OG0011345	transcript_H19N07.2k.1	transcript_NIC58.8390.4
OG0011346	transcript_H19N07.3a.1	transcript_NIC58.8389.1
OG0011347	transcript_H19N07.4a.1	transcript_NIC58.8387.2
OG0011348	transcript_C06H2.1.1	transcript_NIC58.8388.1
OG0011349	transcript_C06H2.6a.2	transcript_NIC58.8386.1
OG0011350	transcript_C06H2.2.1	transcript_NIC58.8385.1
OG0011351	transcript_C06H2.3a.1	transcript_NIC58.8384.1
OG0011352	transcript_C06H2.5b.1	transcript_NIC58.8383.3
OG0011353	transcript_C06H2.4.1	transcript_NIC58.8382.1
OG0011354	transcript_C06H2.7b.1	transcript_NIC58.8381.1
OG0011355	transcript_T19C4.7.1	transcript_NIC58.8380.1
OG0011356	transcript_T19C4.1.1	transcript_NIC58.8379.1
OG0011357	transcript_T19C4.6a.1	transcript_NIC58.8374.2
OG0011358	transcript_VK10D6R.1.1	transcript_NIC58.8373.1
OG0011359	transcript_K10D6.2b.2	transcript_NIC58.8371.2
OG0011360	transcript_K10D6.3a.1	transcript_NIC58.8370.1
OG0011361	transcript_K10D6.4b.1	transcript_NIC58.8369.4
OG0011362	transcript_T19B10.3.2	transcript_NIC58.8367.1
OG0011363	transcript_T19B10.4a.1	transcript_NIC58.8366.2
OG0011364	transcript_T19B10.5.1	transcript_NIC58.8365.2
OG0011365	transcript_T19B10.6.2	transcript_NIC58.8364.1
OG0011366	transcript_T19B10.7.2	transcript_NIC58.8363.1
OG0011367	transcript_T19B10.8.1	transcript_NIC58.8362.1
OG0011368	transcript_T19B10.11.1	transcript_NIC58.8361.1
OG0011369	transcript_T19B10.9.1	transcript_NIC58.8360.2
OG0011370	transcript_F07B10.6.1	transcript_NIC58.8358.1
OG0011371	transcript_F07B10.5.1	transcript_NIC58.8357.1
OG0011372	transcript_F07B10.1a.1	transcript_NIC58.8355.1
OG0011373	transcript_C03E10.5.1	transcript_NIC58.8349.3
OG0011374	transcript_C03E10.4.1	transcript_NIC58.8348.1
OG0011375	transcript_T03F7.5.1	transcript_NIC58.8344.1
OG0011376	transcript_T03F7.1.1	transcript_NIC58.8340.1
OG0011377	transcript_T03F7.7b.1	transcript_NIC58.8339.1
OG0011378	transcript_F47G9.3.1	transcript_NIC58.8338.1
OG0011379	transcript_F47G9.4.1	transcript_NIC58.8337.1
OG0011380	transcript_F47G9.1.1	transcript_NIC58.8336.1
OG0011381	transcript_T02E9.6.1	transcript_NIC58.8334.1
OG0011382	transcript_T02E9.5.2	transcript_NIC58.8333.1
OG0011383	transcript_T02E9.2a.1	transcript_NIC58.8332.2
OG0011384	transcript_T02E9.1.1	transcript_NIC58.8331.1
OG0011385	transcript_T02E9.3a.1	transcript_NIC58.8329.2
OG0011386	transcript_F55C10.1a.1	transcript_NIC58.8328.2
OG0011387	transcript_F55C10.5.1	transcript_NIC58.8327.1
OG0011388	transcript_K03B8.11.1	transcript_NIC58.8323.1
OG0011389	transcript_K03B8.6.1	transcript_NIC58.8321.1
OG0011390	transcript_K03B8.8.1	transcript_NIC58.8320.1
OG0011391	transcript_K03B8.7.1	transcript_NIC58.8319.1
OG0011392	transcript_K03B8.9.1	transcript_NIC58.8318.1
OG0011393	transcript_T26H10.1b.1	transcript_NIC58.8317.1
OG0011394	transcript_F57B7.1a.1	transcript_NIC58.8316.1
OG0011395	transcript_F57B7.4.1	transcript_NIC58.8304.1
OG0011396	transcript_F57B7.3.1	transcript_NIC58.8303.2
OG0011397	transcript_T11F9.2b.1	transcript_NIC58.8302.2
OG0011398	transcript_T11F9.22.1	transcript_NIC58.8296.1
OG0011399	transcript_T11F9.18.1	transcript_NIC58.8294.1
OG0011400	transcript_T11F9.12.1	transcript_NIC58.8290.1
OG0011401	transcript_C55A6.12a.1	transcript_NIC58.8289.1
OG0011402	transcript_C55A6.10c.1	transcript_NIC58.8288.2
OG0011403	transcript_C55A6.2b.1	transcript_NIC58.8287.1
OG0011404	transcript_C55A6.11.1	transcript_NIC58.8284.1
OG0011405	transcript_F38B7.1a.1	transcript_NIC58.8276.3
OG0011407	transcript_F38B7.3.1	transcript_NIC58.8281.1
OG0011408	transcript_H12C20.2.2	transcript_NIC58.8273.1
OG0011409	transcript_F35B12.9.1	transcript_NIC58.8263.1
OG0011410	transcript_F35B12.2.1	transcript_NIC58.8262.1
OG0011411	transcript_F35B12.3.1	transcript_NIC58.8261.2
OG0011412	transcript_F35B12.4.1	transcript_NIC58.8260.1
OG0011413	transcript_F35B12.5a.1	transcript_NIC58.8259.1
OG0011414	transcript_F35B12.6.1	transcript_NIC58.8258.1
OG0011415	transcript_F35B12.7.1	transcript_NIC58.8257.1
OG0011416	transcript_F35B12.8.1	transcript_NIC58.8256.1
OG0011417	transcript_F35B12.10c.1	transcript_NIC58.8255.1
OG0011418	transcript_T27F2.2e.1	transcript_NIC58.8254.1
OG0011419	transcript_T27F2.1.1	transcript_NIC58.8252.1
OG0011420	transcript_T27F2.4.1	transcript_NIC58.8251.1
OG0011421	transcript_F46F3.1a.1	transcript_NIC58.8250.2
OG0011422	transcript_F46F3.3b.1	transcript_NIC58.8249.1
OG0011423	transcript_F46F3.2.1	transcript_NIC58.8248.1
OG0011424	transcript_F46F3.4a.1	transcript_NIC58.8247.3
OG0011425	transcript_W05E10.2.1	transcript_NIC58.8246.1
OG0011426	transcript_W05E10.1.1	transcript_NIC58.8245.1
OG0011427	transcript_W05E10.5a.1	transcript_NIC58.8244.1
OG0011428	transcript_W05E10.3.1	transcript_NIC58.8243.1
OG0011429	transcript_W05E10.4b.1	transcript_NIC58.8242.1
OG0011430	transcript_B0240.3a.1	transcript_NIC58.8241.1
OG0011431	transcript_B0240.1.1	transcript_NIC58.8240.1
OG0011432	transcript_B0240.4.1	transcript_NIC58.8239.1
OG0011433	transcript_B0240.2.1	transcript_NIC58.8238.1
OG0011434	transcript_T04F3.1a.1	transcript_NIC58.8237.3
OG0011435	transcript_T04F3.2.1	transcript_NIC58.8236.1
OG0011436	transcript_T04F3.3.1	transcript_NIC58.8235.1
OG0011437	transcript_T04F3.4.1	transcript_NIC58.8234.1
OG0011438	transcript_F55A11.1.1	transcript_NIC58.8233.1
OG0011439	transcript_F55A11.2.1	transcript_NIC58.8232.1
OG0011440	transcript_F55A11.3.1	transcript_NIC58.8231.1
OG0011441	transcript_F55A11.7.1	transcript_NIC58.8229.1
OG0011442	transcript_F55A11.8a.1	transcript_NIC58.8228.1
OG0011443	transcript_D2023.1f.1	transcript_NIC58.8227.3
OG0011444	transcript_D2023.3a.1	transcript_NIC58.8226.1
OG0011445	transcript_D2023.2a.2	transcript_NIC58.8225.1
OG0011446	transcript_D2023.4.1	transcript_NIC58.8223.1
OG0011447	transcript_D2023.5.1	transcript_NIC58.8222.1
OG0011448	transcript_D2023.6.1	transcript_NIC58.8221.1
OG0011449	transcript_D2023.7.1	transcript_NIC58.8220.1
OG0011450	transcript_R13H4.1.1	transcript_NIC58.8214.1
OG0011451	transcript_R13H4.3.1	transcript_NIC58.8218.2
OG0011452	transcript_R13H4.2a.1	transcript_NIC58.8217.3
OG0011453	transcript_R13H4.8.1	transcript_NIC58.8215.2
OG0011454	transcript_R13H4.4b.1	transcript_NIC58.8213.1
OG0011455	transcript_R13H4.5.1	transcript_NIC58.8212.1
OG0011456	transcript_R13H4.7b.1	transcript_NIC58.8210.2
OG0011457	transcript_K12G11.6.1	transcript_NIC58.8198.1
OG0011458	transcript_R31.1a.1	transcript_NIC58.8197.5
OG0011459	transcript_R31.3.1	transcript_NIC58.8196.1
OG0011460	transcript_F58H1.1.1	transcript_NIC58.8194.1
OG0011461	transcript_F58H1.2.1	transcript_NIC58.8195.2
OG0011462	transcript_F58H1.3a.1	transcript_NIC58.8193.1
OG0011463	transcript_F58H1.8.1	transcript_NIC58.8192.1
OG0011464	transcript_F58H1.4.1	transcript_NIC58.8191.1
OG0011465	transcript_F58H1.5.1	transcript_NIC58.8189.2
OG0011466	transcript_F58H1.7a.1	transcript_NIC58.8188.1
OG0011467	transcript_C52E4.2c.1	transcript_NIC58.8186.1
OG0011468	transcript_C52E4.3.1	transcript_NIC58.8185.1
OG0011469	transcript_C52E4.5.1	transcript_NIC58.8183.1
OG0011470	transcript_C52E4.6a.1	transcript_NIC58.8182.1
OG0011471	transcript_C52E4.7.1	transcript_NIC58.8181.1
OG0011472	transcript_F57F5.2c.1	transcript_NIC58.8180.1
OG0011473	transcript_F57F5.1.1	transcript_NIC58.8179.1
OG0011474	transcript_F57F5.3.1	transcript_NIC58.8178.2
OG0011475	transcript_F57F5.4a.1	transcript_NIC58.8177.1
OG0011476	transcript_F57F5.5c.1	transcript_NIC58.8175.1
OG0011477	transcript_F10C2.3.1	transcript_NIC58.8176.1
OG0011478	transcript_F10C2.4.1	transcript_NIC58.8174.1
OG0011479	transcript_F10C2.7.1	transcript_NIC58.8171.1
OG0011480	transcript_R07B7.1.1	transcript_NIC58.8170.1
OG0011481	transcript_R07B7.10.1	transcript_NIC58.8165.2
OG0011482	transcript_R07B7.11.1	transcript_NIC58.8164.1
OG0011483	transcript_R07B7.12a.1	transcript_NIC58.8163.2
OG0011484	transcript_C13C4.4.1	transcript_NIC58.8156.1
OG0011485	transcript_C13C4.7.1	transcript_NIC58.8154.2
OG0011486	transcript_C13C4.6.1	transcript_NIC58.8153.1
OG0011487	transcript_C27A7.4.1	transcript_NIC58.8149.1
OG0011488	transcript_C27A7.5c.1	transcript_NIC58.8147.1
OG0011489	transcript_ZK863.2.1	transcript_NIC58.8144.1
OG0011490	transcript_ZK863.1.1	transcript_NIC58.8143.1
OG0011491	transcript_ZK863.9.1	transcript_NIC58.8142.1
OG0011492	transcript_ZK863.3.1	transcript_NIC58.8141.1
OG0011493	transcript_ZK863.5.1	transcript_NIC58.8139.1
OG0011494	transcript_ZK863.8.1	transcript_NIC58.8138.2
OG0011495	transcript_ZK863.6.2	transcript_NIC58.8137.1
OG0011496	transcript_ZK863.7a.1	transcript_NIC58.8136.1
OG0011497	transcript_ZK836.2a.1	transcript_NIC58.8132.1
OG0011498	transcript_ZK836.3.1	transcript_NIC58.8135.1
OG0011499	transcript_ZK836.1.1	transcript_NIC58.8133.1
OG0011500	transcript_K12F2.2a.1	transcript_NIC58.8131.2
OG0011501	transcript_T04H1.2.1	transcript_NIC58.8124.1
OG0011502	transcript_T04H1.4b.1	transcript_NIC58.8123.1
OG0011503	transcript_T04H1.5.1	transcript_NIC58.8122.1
OG0011504	transcript_T04H1.6.1	transcript_NIC58.8121.1
OG0011505	transcript_T04H1.7.1	transcript_NIC58.8120.1
OG0011506	transcript_T04H1.8.1	transcript_NIC58.8119.1
OG0011507	transcript_F55C5.3.1	transcript_NIC58.8116.1
OG0011508	transcript_F55C5.5.1	transcript_NIC58.8115.1
OG0011509	transcript_F55C5.4.1	transcript_NIC58.8114.1
OG0011510	transcript_F55C5.11.1	transcript_NIC58.8113.1
OG0011511	transcript_F55C5.7a.1	transcript_NIC58.8104.2
OG0011512	transcript_C51F7.1.1	transcript_NIC58.8090.1
OG0011513	transcript_R04F11.1.1	transcript_NIC58.8066.1
OG0011514	transcript_R04F11.3.1	transcript_NIC58.8067.1
OG0011515	transcript_R04F11.5.1	transcript_NIC58.8068.1
OG0011516	transcript_R04F11.2.2	transcript_NIC58.8069.1
OG0011517	transcript_R04F11.4b.1	transcript_NIC58.8070.1
OG0011518	transcript_F23H12.2.1	transcript_NIC58.8071.1
OG0011519	transcript_F23H12.1.1	transcript_NIC58.8073.1
OG0011520	transcript_F23H12.3a.1	transcript_NIC58.8074.1
OG0011521	transcript_F23H12.5.1	transcript_NIC58.8079.2
OG0011522	transcript_F23H12.8.1	transcript_NIC58.8080.1
OG0011523	transcript_F23H12.6.1	transcript_NIC58.8083.1
OG0011524	transcript_K01D12.4b.1	transcript_NIC58.8086.3
OG0011525	transcript_K01D12.5.1	transcript_NIC58.8087.1
OG0011526	transcript_K01D12.6.1	transcript_NIC58.8088.1
OG0011527	transcript_K01D12.14.1	transcript_NIC58.8061.1
OG0011528	transcript_C54D10.4.1	transcript_NIC58.8056.1
OG0011529	transcript_C54D10.5.1	transcript_NIC58.8055.1
OG0011530	transcript_C54D10.13.1	transcript_NIC58.8054.1
OG0011531	transcript_C54D10.14a.1	transcript_NIC58.8052.1
OG0011532	transcript_C54D10.8a.1	transcript_NIC58.8051.2
OG0011533	transcript_C54D10.9.1	transcript_NIC58.8050.1
OG0011534	transcript_C54D10.10.1	transcript_NIC58.8049.1
OG0011535	transcript_F28C1.1.1	transcript_NIC58.8048.1
OG0011536	transcript_F28C1.2b.1	transcript_NIC58.8047.3
OG0011537	transcript_F28C1.3a.1	transcript_NIC58.8046.1
OG0011538	transcript_W04D2.3b.1	transcript_NIC58.8037.1
OG0011539	transcript_W04D2.5.1	transcript_NIC58.8036.1
OG0011540	transcript_W04D2.4.1	transcript_NIC58.8035.1
OG0011541	transcript_W04D2.6c.1	transcript_NIC58.8034.2
OG0011542	transcript_T28H10.1a.1	transcript_NIC58.8033.1
OG0011543	transcript_T28H10.4.1	transcript_NIC58.8032.1
OG0011544	transcript_T28H10.2.1	transcript_NIC58.8031.1
OG0011545	transcript_T28H10.3.1	transcript_NIC58.8030.1
OG0011546	transcript_C13C12.1b.1	transcript_NIC58.8029.1
OG0011547	transcript_C13C12.2.2	transcript_NIC58.8028.1
OG0011548	transcript_F45D3.2b.1	transcript_NIC58.8026.1
OG0011549	transcript_F45D3.3.1	transcript_NIC58.8025.1
OG0011550	transcript_F45D3.4a.1	transcript_NIC58.8024.1
OG0011551	transcript_F45D3.5.1	transcript_NIC58.8023.1
OG0011552	transcript_E02A10.1.1	transcript_NIC58.8022.1
OG0011553	transcript_E02A10.4.1	transcript_NIC58.8021.1
OG0011554	transcript_E02A10.2a.1	transcript_NIC58.8020.1
OG0011555	transcript_E02A10.3d.1	transcript_NIC58.8019.4
OG0011556	transcript_C14C10.7.1	transcript_NIC58.8017.1
OG0011557	transcript_C14C10.2a.1	transcript_NIC58.8016.2
OG0011558	transcript_C14C10.4.1	transcript_NIC58.8015.1
OG0011559	transcript_C14C10.5a.1	transcript_NIC58.8013.2
OG0011560	transcript_C14C10.6.1	transcript_NIC58.8012.1
OG0011561	transcript_ZC116.3.1	transcript_NIC58.8006.3
OG0011562	transcript_F56H9.9.1	transcript_NIC58.8007.1
OG0011563	transcript_F56H9.2a.1	transcript_NIC58.7995.1
OG0011564	transcript_F56H9.8b.1	transcript_NIC58.7993.2
OG0011565	transcript_F56H9.5.1	transcript_NIC58.6672.1
OG0011566	transcript_W05B10.6.1	transcript_NIC58.6673.1
OG0011567	transcript_W05B10.2.1	transcript_NIC58.6671.1
OG0011568	transcript_W05B10.4.1	transcript_NIC58.6670.1
OG0011569	transcript_K10C8.2b.1	transcript_NIC58.6664.1
OG0011570	transcript_K10C8.1.1	transcript_NIC58.6665.1
OG0011571	transcript_K10C8.4.1	transcript_NIC58.6666.1
OG0011572	transcript_K10C8.3a.1	transcript_NIC58.6667.2
OG0011573	transcript_R11D1.1b.1	transcript_NIC58.6668.1
OG0011574	transcript_R11D1.7.1	transcript_NIC58.6661.2
OG0011575	transcript_R11D1.12a.1	transcript_NIC58.6660.1
OG0011576	transcript_R11D1.13.1	transcript_NIC58.6659.1
OG0011577	transcript_R11D1.8.2	transcript_NIC58.6658.1
OG0011578	transcript_R11D1.9.1	transcript_NIC58.6657.1
OG0011579	transcript_R11D1.10a.1	transcript_NIC58.6656.1
OG0011580	transcript_R11D1.11.1	transcript_NIC58.6655.1
OG0011581	transcript_C15C8.1.1	transcript_NIC58.6654.1
OG0011582	transcript_C15C8.2.1	transcript_NIC58.6653.1
OG0011583	transcript_C15C8.3a.1	transcript_NIC58.6652.2
OG0011584	transcript_C15C8.7.1	transcript_NIC58.6651.1
OG0011585	transcript_C15C8.4.1	transcript_NIC58.6650.1
OG0011586	transcript_C15C8.5.1	transcript_NIC58.6649.1
OG0011587	transcript_C15C8.6.1	transcript_NIC58.6648.1
OG0011588	transcript_C15C8.8.1	transcript_NIC58.6647.1
OG0011589	transcript_F18E2.5b.1	transcript_NIC58.6646.1
OG0011590	transcript_F18E2.1a.1	transcript_NIC58.6645.1
OG0011591	transcript_F18E2.2.1	transcript_NIC58.6643.1
OG0011592	transcript_F18E2.3.1	transcript_NIC58.6642.1
OG0011593	transcript_F18E2.4.1	transcript_NIC58.6641.1
OG0011594	transcript_ZC455.1c.1	transcript_NIC58.6640.2
OG0011595	transcript_ZC455.7b.1	transcript_NIC58.6638.1
OG0011597	transcript_ZC443.2.1	transcript_NIC58.7099.1
OG0011598	transcript_ZC443.3.1	transcript_NIC58.7100.3
OG0011599	transcript_ZC443.4.1	transcript_NIC58.7101.1
OG0011600	transcript_C44H9.5a.1	transcript_NIC58.8629.3
OG0011601	transcript_T07F10.1a.1	transcript_NIC58.8631.1
OG0011602	transcript_T07F10.6.1	transcript_NIC58.8632.1
OG0011603	transcript_T07F10.3.1	transcript_NIC58.8633.1
OG0011604	transcript_T07F10.4a.1	transcript_NIC58.8634.1
OG0011605	transcript_R90.5a.1	transcript_NIC58.8635.1
OG0011606	transcript_R90.1.1	transcript_NIC58.8636.1
OG0011607	transcript_R90.4.1	transcript_NIC58.8638.1
OG0011608	transcript_F54F3.1a.1	transcript_NIC58.8639.2
OG0011609	transcript_T16G1.1.1	transcript_NIC58.8642.1
OG0011610	transcript_T16G1.2a.1	transcript_NIC58.8643.1
OG0011611	transcript_T16G1.8.1	transcript_NIC58.8646.1
OG0011612	transcript_T16G1.9.1	transcript_NIC58.8647.3
OG0011613	transcript_T16G1.11.1	transcript_NIC58.8648.2
OG0011614	transcript_R186.6.1	transcript_NIC58.8649.1
OG0011615	transcript_R186.1.1	transcript_NIC58.8650.1
OG0011616	transcript_R186.2a.1	transcript_NIC58.8651.1
OG0011617	transcript_R186.3.1	transcript_NIC58.8652.1
OG0011618	transcript_R186.8.2	transcript_NIC58.8653.1
OG0011619	transcript_R186.4.1	transcript_NIC58.8654.1
OG0011620	transcript_R186.7.1	transcript_NIC58.8655.2
OG0011621	transcript_F15B9.8.1	transcript_NIC58.8657.1
OG0011622	transcript_F15B9.3a.1	transcript_NIC58.8659.1
OG0011623	transcript_F15B9.1.1	transcript_NIC58.8660.2
OG0011624	transcript_F15B9.2.1	transcript_NIC58.8661.1
OG0011625	transcript_F15B9.4.1	transcript_NIC58.8662.1
OG0011626	transcript_F15B9.5a.1	transcript_NIC58.8663.2
OG0011627	transcript_F15B9.6.1	transcript_NIC58.8665.1
OG0011628	transcript_F15B9.7a.1	transcript_NIC58.8666.1
OG0011629	transcript_W07G4.7.1	transcript_NIC58.8668.1
OG0011630	transcript_W07G4.3.1	transcript_NIC58.8669.1
OG0011631	transcript_W07G4.4.1	transcript_NIC58.8670.1
OG0011632	transcript_W07G4.5.1	transcript_NIC58.8671.1
OG0011633	transcript_W07G4.6b.1	transcript_NIC58.8672.1
OG0011634	transcript_C34B4.3.1	transcript_NIC58.8673.3
OG0011635	transcript_C34B4.2a.2	transcript_NIC58.8674.3
OG0011636	transcript_C34B4.1b.1	transcript_NIC58.8677.1
OG0011637	transcript_B0365.3.1	transcript_NIC58.8680.2
OG0011638	transcript_B0365.9.1	transcript_NIC58.8681.1
OG0011639	transcript_B0365.7.1	transcript_NIC58.8684.1
OG0011640	transcript_T09E8.2.1	transcript_NIC58.8685.1
OG0011641	transcript_T09E8.3.1	transcript_NIC58.8686.1
OG0011642	transcript_F57B1.5.1	transcript_NIC58.8692.1
OG0011643	transcript_F57B1.6a.1	transcript_NIC58.8693.1
OG0011644	transcript_C34D1.1.1	transcript_NIC58.8695.2
OG0011645	transcript_C34D1.3.1	transcript_NIC58.8696.1
OG0011646	transcript_C34D1.4a.1	transcript_NIC58.8697.1
OG0011647	transcript_C34D1.5a.1	transcript_NIC58.8698.2
OG0011648	transcript_F32F2.1b.1	transcript_NIC58.8699.2
OG0011649	transcript_C26E1.3.1	transcript_NIC58.7954.1
OG0011650	transcript_C50B6.3b.1	transcript_NIC58.7958.2
OG0011651	transcript_C50B6.7.1	transcript_NIC58.7962.1
OG0011652	transcript_C50B6.12.1	transcript_NIC58.7963.1
OG0011653	transcript_C50B6.9.1	transcript_NIC58.7965.1
OG0011654	transcript_C50B6.11.1	transcript_NIC58.7967.1
OG0011655	transcript_F32H5.7a.1	transcript_NIC58.7968.9
OG0011656	transcript_F32H5.1.1	transcript_NIC58.7971.1
OG0011657	transcript_F32H5.3a.1	transcript_NIC58.7972.1
OG0011658	transcript_F32H5.4.1	transcript_NIC58.7973.1
OG0011659	transcript_F32H5.5.1	transcript_NIC58.7975.1
OG0011660	transcript_M04G12.1a.1	transcript_NIC58.7978.2
OG0011661	transcript_M04G12.2.1	transcript_NIC58.7980.1
OG0011662	transcript_M04G12.4c.1	transcript_NIC58.7982.2
OG0011663	transcript_F53F1.1.1	transcript_NIC58.7983.1
OG0011664	transcript_Y2H9A.1.1	transcript_NIC58.6675.1
OG0011665	transcript_F25H9.2.1	transcript_NIC58.6682.1
OG0011666	transcript_F25H9.4.1	transcript_NIC58.6683.1
OG0011667	transcript_F25H9.5a.1	transcript_NIC58.6684.2
OG0011668	transcript_F25H9.6.1	transcript_NIC58.6685.1
OG0011669	transcript_F25H9.7a.1	transcript_NIC58.6686.1
OG0011670	transcript_T10G3.1.1	transcript_NIC58.6687.2
OG0011671	transcript_T10G3.8.2	transcript_NIC58.6688.1
OG0011672	transcript_T10G3.2.1	transcript_NIC58.6689.2
OG0011673	transcript_T10G3.4a.1	transcript_NIC58.6690.1
OG0011674	transcript_T10G3.3.2	transcript_NIC58.6691.1
OG0011675	transcript_T10G3.5a.1	transcript_NIC58.6692.3
OG0011676	transcript_T10G3.6a.1	transcript_NIC58.6693.1
OG0011677	transcript_R11G10.2.1	transcript_NIC58.6696.1
OG0011678	transcript_R11G10.3.1	transcript_NIC58.6701.1
OG0011679	transcript_C56A3.2a.1	transcript_NIC58.6702.2
OG0011680	transcript_C56A3.3b.1	transcript_NIC58.6703.1
OG0011681	transcript_C56A3.4a.1	transcript_NIC58.6704.3
OG0011682	transcript_C56A3.5.1	transcript_NIC58.6705.1
OG0011683	transcript_C56A3.6a.1	transcript_NIC58.6706.2
OG0011684	transcript_C56A3.7a.1	transcript_NIC58.6707.2
OG0011685	transcript_C56A3.8a.1	transcript_NIC58.6708.1
OG0011686	transcript_C56A3.1.1	transcript_NIC58.6709.1
OG0011687	transcript_C50B8.1.1	transcript_NIC58.6710.1
OG0011688	transcript_C50B8.3.1	transcript_NIC58.6711.1
OG0011689	transcript_C50B8.2.1	transcript_NIC58.6712.1
OG0011690	transcript_C50B8.4.1	transcript_NIC58.6713.1
OG0011691	transcript_C50B8.6.1	transcript_NIC58.6714.1
OG0011692	transcript_C50B8.5.1	transcript_NIC58.6715.1
OG0011693	transcript_F53F4.1.1	transcript_NIC58.6716.1
OG0011694	transcript_F53F4.2.1	transcript_NIC58.6718.1
OG0011695	transcript_F53F4.17.1	transcript_NIC58.6717.1
OG0011696	transcript_F53F4.3.1	transcript_NIC58.6719.1
OG0011697	transcript_F53F4.4c.1	transcript_NIC58.6720.1
OG0011698	transcript_F53F4.6a.1	transcript_NIC58.6721.1
OG0011699	transcript_F53F4.5a.1	transcript_NIC58.6722.2
OG0011700	transcript_F53F4.13.1	transcript_NIC58.6725.1
OG0011701	transcript_F53F4.7.1	transcript_NIC58.6726.1
OG0011702	transcript_F53F4.9a.1	transcript_NIC58.6771.3
OG0011703	transcript_F53F4.15.1	transcript_NIC58.6770.1
OG0011704	transcript_F53F4.11.1	transcript_NIC58.6769.1
OG0011705	transcript_F53F4.10.1	transcript_NIC58.6768.1
OG0011706	transcript_F53F4.12.1	transcript_NIC58.6767.1
OG0011707	transcript_F53F4.14.2	transcript_NIC58.6766.1
OG0011708	transcript_H37A05.2.1	transcript_NIC58.6765.1
OG0011709	transcript_F58G11.1a.1	transcript_NIC58.6762.2
OG0011710	transcript_F58G11.4a.1	transcript_NIC58.6760.2
OG0011711	transcript_F58G11.5.1	transcript_NIC58.6759.1
OG0011712	transcript_F58G11.6.1	transcript_NIC58.6758.1
OG0011713	transcript_T01D3.1b.1	transcript_NIC58.6755.1
OG0011714	transcript_T01D3.3b.1	transcript_NIC58.6752.2
OG0011715	transcript_T01D3.2.1	transcript_NIC58.6753.1
OG0011716	transcript_T01D3.5.1	transcript_NIC58.6751.1
OG0011717	transcript_T01D3.6a.1	transcript_NIC58.6750.2
OG0011718	transcript_F35E12.2a.1	transcript_NIC58.6749.1
OG0011719	transcript_F20G2.6b.1	transcript_NIC58.6744.1
OG0011720	transcript_F20G2.3a.1	transcript_NIC58.6743.2
OG0011721	transcript_F53C11.4b.2	transcript_NIC58.6738.1
OG0011722	transcript_F53C11.5b.1	transcript_NIC58.6737.1
OG0011723	transcript_F53C11.6.1	transcript_NIC58.6736.1
OG0011724	transcript_F53C11.7.2	transcript_NIC58.6735.1
OG0011725	transcript_F55B12.1.1	transcript_NIC58.6734.2
OG0011726	transcript_F55B12.3a.1	transcript_NIC58.6732.2
OG0011727	transcript_F55B12.4.2	transcript_NIC58.6731.2
OG0011728	transcript_F55B12.5.1	transcript_NIC58.6730.1
OG0011729	transcript_F09F3.5.1	transcript_NIC58.6785.1
OG0011730	transcript_T22G5.2.1	transcript_NIC58.6795.1
OG0011731	transcript_T22G5.7.1	transcript_NIC58.6799.1
OG0011732	transcript_T22G5.5b.1	transcript_NIC58.6803.1
OG0011733	transcript_C06B3.7.1	transcript_NIC58.6809.1
OG0011734	transcript_R10D12.17.1	transcript_NIC58.6893.1
OG0011735	transcript_R10D12.4.1	transcript_NIC58.6891.1
OG0011736	transcript_R10D12.8.1	transcript_NIC58.6888.1
OG0011737	transcript_R10D12.9.1	transcript_NIC58.6885.1
OG0011738	transcript_R10D12.11.1	transcript_NIC58.6883.1
OG0011739	transcript_R10D12.12.1	transcript_NIC58.6882.1
OG0011740	transcript_R10D12.13b.1	transcript_NIC58.6881.5
OG0011741	transcript_F58E10.2.1	transcript_NIC58.6877.1
OG0011742	transcript_F58E10.1b.1	transcript_NIC58.6873.1
OG0011743	transcript_F58E10.3a.1	transcript_NIC58.6872.1
OG0011744	transcript_F58E10.4.1	transcript_NIC58.6871.1
OG0011745	transcript_F58E10.5.1	transcript_NIC58.6870.1
OG0011746	transcript_T08G5.10.1	transcript_NIC58.9608.1
OG0011747	transcript_T08G5.1.1	transcript_NIC58.9601.1
OG0011748	transcript_T08G5.15.1	transcript_NIC58.9600.1
OG0011749	transcript_T08G5.2.1	transcript_NIC58.9598.1
OG0011750	transcript_T08G5.3a.1	transcript_NIC58.9596.1
OG0011751	transcript_T08G5.5b.1	transcript_NIC58.9589.2
OG0011752	transcript_D1086.18.1	transcript_NIC58.9584.1
OG0011753	transcript_D1086.19.1	transcript_NIC58.9582.1
OG0011754	transcript_D1086.3.1	transcript_NIC58.9577.1
OG0011755	transcript_D1086.8a.1	transcript_NIC58.9576.1
OG0011756	transcript_D1086.2a.1	transcript_NIC58.9575.1
OG0011757	transcript_D1086.1.1	transcript_NIC58.9574.1
OG0011758	transcript_ZC376.5.2	transcript_NIC58.9561.1
OG0011759	transcript_ZC376.6b.1	transcript_NIC58.9560.1
OG0011760	transcript_ZC376.7a.2	transcript_NIC58.9559.2
OG0011761	transcript_T16A9.4d.1	transcript_NIC58.9558.2
OG0011762	transcript_K02E11.10.1	transcript_NIC58.9556.1
OG0011764	transcript_F40G12.2.1	transcript_NIC58.9544.1
OG0011765	transcript_F40G12.4.1	transcript_NIC58.9538.1
OG0011766	transcript_F14D7.5a.1	transcript_NIC58.9515.1
OG0011767	transcript_F14D7.12.1	transcript_NIC58.9516.1
OG0011768	transcript_F14D7.11.1	transcript_NIC58.9507.1
OG0011769	transcript_F14D7.8.1	transcript_NIC58.9508.1
OG0011770	transcript_F47B8.9a.1	transcript_NIC58.9492.1
OG0011771	transcript_Y49A3A.1.1	transcript_NIC58.9495.2
OG0011772	transcript_Y49A3A.2.1	transcript_NIC58.9496.1
OG0011773	transcript_Y49A3A.3.1	transcript_NIC58.9497.1
OG0011774	transcript_F56A12.1.1	transcript_NIC58.9487.1
OG0011775	transcript_F56A12.2a.1	transcript_NIC58.9488.1
OG0011776	transcript_C15H11.10.1	transcript_NIC58.9489.1
OG0011777	transcript_C15H11.1.1	transcript_NIC58.15127.1
OG0011778	transcript_C15H11.2a.1	transcript_NIC58.9484.1
OG0011779	transcript_C15H11.3.1	transcript_NIC58.9483.1
OG0011780	transcript_C15H11.11a.1	transcript_NIC58.9482.1
OG0011781	transcript_C15H11.6.1	transcript_NIC58.9481.1
OG0011782	transcript_C15H11.4.1	transcript_NIC58.9474.1
OG0011783	transcript_C15H11.8.1	transcript_NIC58.9473.1
OG0011784	transcript_C15H11.9.1	transcript_NIC58.9472.1
OG0011785	transcript_F23B12.9.1	transcript_NIC58.9470.1
OG0011786	transcript_F23B12.4a.1	transcript_NIC58.9471.1
OG0011787	transcript_F23B12.5.1	transcript_NIC58.9435.1
OG0011788	transcript_F23B12.6.1	transcript_NIC58.9436.1
OG0011789	transcript_F23B12.7.1	transcript_NIC58.9437.1
OG0011790	transcript_F23B12.8b.1	transcript_NIC58.1787.1
OG0011792	transcript_R02D5.3.1	transcript_NIC58.9446.2
OG0011793	transcript_R02D5.4.1	transcript_NIC58.9447.1
OG0011794	transcript_R02D5.1.1	transcript_NIC58.9448.1
OG0011795	transcript_R02D5.6b.1	transcript_NIC58.9449.1
OG0011796	transcript_R02D5.8.1	transcript_NIC58.9451.1
OG0011797	transcript_C53A5.17.1	transcript_NIC58.9452.2
OG0011798	transcript_C53A5.1.1	transcript_NIC58.9453.1
OG0011799	transcript_C53A5.5a.1	transcript_NIC58.9455.1
OG0011800	transcript_C53A5.13a.1	transcript_NIC58.9457.3
OG0011801	transcript_Y40H4A.1b.1	transcript_NIC58.9458.3
OG0011802	transcript_R11H6.1.1	transcript_NIC58.9460.1
OG0011803	transcript_R11H6.3c.1	transcript_NIC58.9463.1
OG0011804	transcript_R11H6.4a.1	transcript_NIC58.9464.1
OG0011805	transcript_R11H6.5.1	transcript_NIC58.9466.2
OG0011806	transcript_F43D2.1.1	transcript_NIC58.8732.2
OG0011807	transcript_F43D2.4a.1	transcript_NIC58.9467.1
OG0011808	transcript_C54G10.2a.1	transcript_NIC58.9431.1
OG0011809	transcript_C54G10.3b.1	transcript_NIC58.9430.1
OG0011810	transcript_C54G10.4b.1	transcript_NIC58.9429.3
OG0011811	transcript_C47E8.9a.1	transcript_NIC58.9419.1
OG0011812	transcript_C47E8.1.1	transcript_NIC58.9420.1
OG0011813	transcript_C47E8.3.1	transcript_NIC58.9421.1
OG0011814	transcript_C47E8.4a.1	transcript_NIC58.9422.1
OG0011815	transcript_C47E8.6.1	transcript_NIC58.9425.1
OG0011816	transcript_C47E8.7.1	transcript_NIC58.9426.1
OG0011817	transcript_R08A2.5b.1	transcript_NIC58.9418.2
OG0011818	transcript_R08A2.7.1	transcript_NIC58.9411.1
OG0011819	transcript_Y50E8A.3.1	transcript_NIC58.9412.1
OG0011820	transcript_Y50E8A.4a.1	transcript_NIC58.9413.4
OG0011821	transcript_Y50E8A.6.1	transcript_NIC58.9414.1
OG0011822	transcript_Y50E8A.7.1	transcript_NIC58.9416.1
OG0011823	transcript_C48G7.3a.1	transcript_NIC58.9407.2
OG0011824	transcript_W06A7.2b.1	transcript_NIC58.9406.1
OG0011825	transcript_W06A7.4a.1	transcript_NIC58.9405.1
OG0011826	transcript_W06A7.3f.1	transcript_NIC58.9404.4
OG0011827	transcript_ZC412.1a.1	transcript_NIC58.9403.1
OG0011828	transcript_ZC412.3b.1	transcript_NIC58.9399.4
OG0011829	transcript_ZC412.10.1	transcript_NIC58.9396.1
OG0011831	transcript_H12D21.10a.1	transcript_NIC58.9393.1
OG0011832	transcript_H12D21.9b.1	transcript_NIC58.9392.1
OG0011833	transcript_H12D21.11.1	transcript_NIC58.9390.1
OG0011834	transcript_W09D12.1a.1	transcript_NIC58.9389.1
OG0011835	transcript_C30G7.2b.1	transcript_NIC58.9386.1
OG0011836	transcript_C30G7.1.1	transcript_NIC58.9385.2
OG0011837	transcript_F02D8.5.1	transcript_NIC58.9384.1
OG0011838	transcript_F02D8.1.1	transcript_NIC58.9383.1
OG0011839	transcript_F02D8.2.1	transcript_NIC58.9382.1
OG0011840	transcript_F02D8.3.1	transcript_NIC58.9381.1
OG0011841	transcript_F02D8.4.1	transcript_NIC58.9380.1
OG0011842	transcript_T01C3.1.1	transcript_NIC58.9379.1
OG0011843	transcript_T01C3.2.1	transcript_NIC58.9378.1
OG0011844	transcript_T01C3.4.1	transcript_NIC58.9377.1
OG0011845	transcript_T01C3.7.2	transcript_NIC58.9375.4
OG0011846	transcript_T01C3.8a.1	transcript_NIC58.9374.3
OG0011847	transcript_T01C3.10a.1	transcript_NIC58.9371.1
OG0011848	transcript_F14H8.6b.2	transcript_NIC58.9370.2
OG0011849	transcript_F14H8.8.1	transcript_NIC58.9369.1
OG0011850	transcript_C25D7.3.1	transcript_NIC58.9367.1
OG0011851	transcript_C25D7.5.2	transcript_NIC58.9366.1
OG0011852	transcript_C25D7.16.1	transcript_NIC58.9364.1
OG0011853	transcript_C25D7.6.1	transcript_NIC58.9363.1
OG0011854	transcript_C25D7.15a.1	transcript_NIC58.9362.1
OG0011855	transcript_C25D7.7.1	transcript_NIC58.9361.1
OG0011856	transcript_C25D7.8.1	transcript_NIC58.9360.1
OG0011857	transcript_C01G10.12.1	transcript_NIC58.9359.1
OG0011858	transcript_C01G10.11f.1	transcript_NIC58.9358.2
OG0011859	transcript_C01G10.10a.1	transcript_NIC58.9357.1
OG0011860	transcript_C01G10.9.1	transcript_NIC58.9356.1
OG0011861	transcript_C01G10.8.1	transcript_NIC58.9355.1
OG0011862	transcript_C01G10.7.1	transcript_NIC58.9354.1
OG0011863	transcript_C01G10.16.1	transcript_NIC58.9351.1
OG0011864	transcript_K08F9.4.1	transcript_NIC58.9654.1
OG0011865	transcript_Y75B12B.11.1	transcript_NIC58.10295.1
OG0011866	transcript_Y75B12B.6.1	transcript_NIC58.10297.1
OG0011867	transcript_T06E6.1.1	transcript_NIC58.10654.1
OG0011868	transcript_T06E6.2a.1	transcript_NIC58.10653.1
OG0011869	transcript_T23F1.5.1	transcript_NIC58.9782.1
OG0011870	transcript_T23F1.6.1	transcript_NIC58.9783.1
OG0011871	transcript_T23F1.7b.1	transcript_NIC58.9784.2
OG0011872	transcript_C06B8.7.1	transcript_NIC58.10278.2
OG0011873	transcript_F21A3.7a.1	transcript_NIC58.10262.1
OG0011874	transcript_F21A3.3.1	transcript_NIC58.10263.1
OG0011875	transcript_F21A3.4.1	transcript_NIC58.10250.1
OG0011876	transcript_F21A3.6.1	transcript_NIC58.10249.1
OG0011877	transcript_F28F8.1.1	transcript_NIC58.10247.1
OG0011878	transcript_F28F8.2.1	transcript_NIC58.10246.1
OG0011879	transcript_F28F8.3.1	transcript_NIC58.10245.1
OG0011880	transcript_F28F8.6.1	transcript_NIC58.10244.1
OG0011883	transcript_F53E4.1d.1	transcript_NIC58.9602.2
OG0011884	transcript_Y6E2A.4.2	transcript_NIC58.9327.1
OG0011885	transcript_Y6E2A.8.1	transcript_NIC58.9329.1
OG0011886	transcript_Y6E2A.10.1	transcript_NIC58.9331.1
OG0011887	transcript_F57A10.3.1	transcript_NIC58.9873.1
OG0011888	transcript_F57A10.4.1	transcript_NIC58.9856.2
OG0011889	transcript_T06C12.7.1	transcript_NIC58.9824.1
OG0011890	transcript_F36G9.3a.1	transcript_NIC58.10636.1
OG0011891	transcript_F36G9.7.1	transcript_NIC58.10121.1
OG0011892	transcript_T10C6.4.1	transcript_NIC58.10013.1
OG0011893	transcript_T10C6.5.1	transcript_NIC58.10014.1
OG0011894	transcript_F11A5.15.1	transcript_NIC58.10125.1
OG0011895	transcript_F21H7.2.2	transcript_NIC58.11667.1
OG0011897	transcript_T13F3.6.1	transcript_NIC58.10110.1
OG0011898	transcript_T13F3.7.1	transcript_NIC58.10109.1
OG0011899	transcript_F28G4.1.1	transcript_NIC58.10106.1
OG0011900	transcript_F57G8.7.1	transcript_NIC58.10089.1
OG0011901	transcript_W08G11.4.1	transcript_NIC58.10077.1
OG0011902	transcript_W08G11.3c.1	transcript_NIC58.10076.1
OG0011903	transcript_F13A7.1.1	transcript_NIC58.10081.1
OG0011904	transcript_F13A7.14.1	transcript_NIC58.9830.1
OG0011905	transcript_F26D2.2.1	transcript_NIC58.5042.1
OG0011906	transcript_Y32B12B.2a.1	transcript_NIC58.9774.3
OG0011907	transcript_T03E6.7a.1	transcript_NIC58.9673.3
OG0011909	transcript_Y70C5A.2.1	transcript_NIC58.9683.1
OG0011910	transcript_W06G6.3.1	transcript_NIC58.9689.1
OG0011912	transcript_F14F8.9.1	transcript_NIC58.9702.1
OG0011913	transcript_T25E12.5.1	transcript_NIC58.5167.1
OG0011914	transcript_T25E12.4f.1	transcript_NIC58.9920.2
OG0011915	transcript_W06H3.2a.1	transcript_NIC58.9893.1
OG0011916	transcript_Y102A5A.1.1	transcript_NIC58.9891.1
OG0011917	transcript_T20B3.1b.1	transcript_NIC58.9890.1
OG0011918	transcript_T20B3.2.1	transcript_NIC58.9887.1
OG0011920	transcript_F09C6.16.1	transcript_NIC58.10312.1
OG0011921	transcript_Y102A5C.18.1	transcript_NIC58.10243.1
OG0011925	transcript_F59A1.10.1	transcript_NIC58.10759.1
OG0011927	transcript_F59A1.4.1	transcript_NIC58.10758.1
OG0011928	transcript_F59A1.15.1	transcript_NIC58.10722.1
OG0011929	transcript_F59A1.16.1	transcript_NIC58.10723.1
OG0011930	transcript_F59A1.6.1	transcript_NIC58.10724.1
OG0011931	transcript_W06D12.2.1	transcript_NIC58.10761.1
OG0011932	transcript_W06D12.1.1	transcript_NIC58.10762.1
OG0011933	transcript_R12G8.2.1	transcript_NIC58.10725.1
OG0011934	transcript_Y59A8A.3.1	transcript_NIC58.10735.3
OG0011935	transcript_Y59A8A.1.1	transcript_NIC58.10734.2
OG0011936	transcript_Y59A8A.2.1	transcript_NIC58.10733.1
OG0011937	transcript_C06H5.6a.2	transcript_NIC58.10732.1
OG0011938	transcript_C06H5.7.1	transcript_NIC58.10736.1
OG0011939	transcript_E01B7.2.1	transcript_NIC58.10737.5
OG0011940	transcript_Y59A8B.1a.1	transcript_NIC58.10741.1
OG0011941	transcript_Y59A8B.23a.1	transcript_NIC58.10743.1
OG0011942	transcript_Y59A8B.22a.1	transcript_NIC58.10744.1
OG0011943	transcript_Y59A8B.21b.1	transcript_NIC58.10745.3
OG0011944	transcript_Y59A8B.20.1	transcript_NIC58.10746.1
OG0011945	transcript_Y59A8B.6.1	transcript_NIC58.10747.1
OG0011946	transcript_Y59A8B.10d.1	transcript_NIC58.10749.1
OG0011947	transcript_Y59A8B.13a.1	transcript_NIC58.10739.1
OG0011948	transcript_Y59A8B.14a.1	transcript_NIC58.10740.2
OG0011950	transcript_B0462.4.1	transcript_NIC58.10415.1
OG0011951	transcript_C08E8.10.1	transcript_NIC58.10416.1
OG0011952	transcript_C08E8.3.1	transcript_NIC58.10418.1
OG0011954	transcript_Y51A2D.18.1	transcript_NIC58.10581.1
OG0011955	transcript_Y51A2D.19i.1	transcript_NIC58.10582.1
OG0011956	transcript_Y51A2D.7b.1	transcript_NIC58.10566.2
OG0011957	transcript_Y51A2D.11.1	transcript_NIC58.10571.2
OG0011958	transcript_Y51A2D.21.1	transcript_NIC58.10572.1
OG0011959	transcript_Y51A2D.13b.1	transcript_NIC58.10564.1
OG0011960	transcript_Y51A2D.15a.1	transcript_NIC58.10563.1
OG0011961	transcript_Y69H2.15.1	transcript_NIC58.10561.3
OG0011962	transcript_Y69H2.3j.1	transcript_NIC58.10558.1
OG0011963	transcript_Y69H2.10a.1	transcript_NIC58.10559.1
OG0011964	transcript_Y69H2.17.1	transcript_NIC58.10557.1
OG0011965	transcript_Y69H2.6.1	transcript_NIC58.10555.2
OG0011966	transcript_Y69H2.7b.1	transcript_NIC58.10556.1
OG0011967	transcript_Y17D7B.3.1	transcript_NIC58.10535.1
OG0011968	transcript_Y17D7B.2.1	transcript_NIC58.10536.1
OG0011970	transcript_C54E10.6.1	transcript_NIC58.10532.1
OG0011971	transcript_C54E10.2a.1	transcript_NIC58.10450.1
OG0011972	transcript_Y80D3A.1.1	transcript_NIC58.10471.2
OG0011973	transcript_Y80D3A.2a.1	transcript_NIC58.10468.3
OG0011974	transcript_Y80D3A.5.1	transcript_NIC58.10475.1
OG0011975	transcript_Y80D3A.7a.1	transcript_NIC58.10474.1
OG0011976	transcript_Y80D3A.9.1	transcript_NIC58.10467.2
OG0011977	transcript_Y39B6A.43b.1	transcript_NIC58.10466.1
OG0011978	transcript_Y39B6A.41.1	transcript_NIC58.10465.1
OG0011979	transcript_Y39B6A.40a.1	transcript_NIC58.10463.1
OG0011980	transcript_Y39B6A.39a.1	transcript_NIC58.10464.1
OG0011981	transcript_Y39B6A.38.1	transcript_NIC58.10457.1
OG0011982	transcript_Y39B6A.37.1	transcript_NIC58.10458.2
OG0011983	transcript_Y39B6A.36.1	transcript_NIC58.10459.1
OG0011984	transcript_Y39B6A.35.1	transcript_NIC58.10460.1
OG0011985	transcript_Y39B6A.33.1	transcript_NIC58.10461.1
OG0011986	transcript_Y39B6A.25.1	transcript_NIC58.10455.1
OG0011987	transcript_Y39B6A.19a.1	transcript_NIC58.10454.2
OG0011988	transcript_Y39B6A.16.1	transcript_NIC58.10487.1
OG0011989	transcript_Y39B6A.14.1	transcript_NIC58.10488.2
OG0011990	transcript_Y39B6A.13.1	transcript_NIC58.10489.1
OG0011991	transcript_Y39B6A.12b.1	transcript_NIC58.10485.2
OG0011992	transcript_Y39B6A.11.1	transcript_NIC58.10486.2
OG0011993	transcript_Y39B6A.9.1	transcript_NIC58.10492.1
OG0011994	transcript_Y39B6A.8.1	transcript_NIC58.10483.1
OG0011995	transcript_Y39B6A.7.1	transcript_NIC58.10484.1
OG0011996	transcript_Y39B6A.6.1	transcript_NIC58.10496.2
OG0011997	transcript_Y39B6A.48a.1	transcript_NIC58.10497.2
OG0011998	transcript_Y39B6A.3b.1	transcript_NIC58.10499.1
OG0011999	transcript_Y39B6A.2a.1	transcript_NIC58.10498.1
OG0012000	transcript_Y39B6A.1.1	transcript_NIC58.10510.2
OG0012003	transcript_C14B4.2.2	transcript_NIC58.10620.2
OG0012004	transcript_Y43F8A.3a.1	transcript_NIC58.10619.1
OG0012005	transcript_Y43F8A.5.1	transcript_NIC58.10626.1
OG0012006	transcript_Y43F8B.11.1	transcript_NIC58.10649.3
OG0012007	transcript_Y43F8B.3d.1	transcript_NIC58.10776.3
OG0012008	transcript_Y43F8B.4b.1	transcript_NIC58.10777.1
OG0012009	transcript_Y43F8B.2a.1	transcript_NIC58.10778.8
OG0012010	transcript_Y43F8B.1d.1	transcript_NIC58.10779.1
OG0012011	transcript_Y43F8B.20.1	transcript_NIC58.10622.1
OG0012012	transcript_B0399.1a.1	transcript_NIC58.10774.7
OG0012013	transcript_Y43F8C.2.1	transcript_NIC58.10773.1
OG0012014	transcript_Y43F8C.3.1	transcript_NIC58.10771.5
OG0012015	transcript_Y43F8C.4.1	transcript_NIC58.10772.1
OG0012016	transcript_Y43F8C.6b.1	transcript_NIC58.10770.2
OG0012017	transcript_Y43F8C.7.1	transcript_NIC58.10769.2
OG0012018	transcript_Y43F8C.8.1	transcript_NIC58.10768.1
OG0012019	transcript_Y43F8C.10a.1	transcript_NIC58.10767.1
OG0012020	transcript_Y43F8C.11.1	transcript_NIC58.10766.1
OG0012021	transcript_Y43F8C.13.1	transcript_NIC58.10764.1
OG0012022	transcript_Y116F11A.6.1	transcript_NIC58.10763.1
OG0012023	transcript_Y116F11B.12a.2	transcript_NIC58.10384.1
OG0012024	transcript_Y60A3A.14.1	transcript_NIC58.10387.1
OG0012025	transcript_Y60A3A.10.2	transcript_NIC58.10386.1
OG0012026	transcript_Y60A3A.1.1	transcript_NIC58.10573.1
OG0012027	transcript_Y60A3A.23.1	transcript_NIC58.10574.1
OG0012028	transcript_Y60A3A.21b.1	transcript_NIC58.10575.1
OG0012029	transcript_Y113G7A.5.1	transcript_NIC58.10576.1
OG0012030	transcript_Y113G7A.16.1	transcript_NIC58.10577.1
OG0012031	transcript_Y113G7A.6a.1	transcript_NIC58.10578.6
OG0012032	transcript_Y113G7A.8b.1	transcript_NIC58.10579.1
OG0012033	transcript_Y113G7A.3.1	transcript_NIC58.10585.2
OG0012034	transcript_Y113G7A.4a.1	transcript_NIC58.10565.2
OG0012035	transcript_Y113G7A.11.1	transcript_NIC58.10587.1
OG0012036	transcript_Y113G7A.14.1	transcript_NIC58.10588.2
OG0012037	transcript_Y113G7B.11.1	transcript_NIC58.10612.1
OG0012038	transcript_Y113G7B.15.1	transcript_NIC58.10608.1
OG0012039	transcript_Y113G7B.18b.1	transcript_NIC58.10603.2
OG0012040	transcript_Y113G7B.17.1	transcript_NIC58.10604.1
OG0012041	transcript_Y113G7B.16.1	transcript_NIC58.10605.1
OG0012042	transcript_ZC15.8.1	transcript_NIC58.10606.1
OG0012043	transcript_ZC15.7.1	transcript_NIC58.10589.1
OG0012044	transcript_Y38H6A.1.1	transcript_NIC58.10613.1
OG0012045	transcript_Y38H6A.5a.1	transcript_NIC58.10614.1
OG0012046	transcript_Y38H6A.3.1	transcript_NIC58.10615.1
OG0012047	transcript_K02E2.1.1	transcript_NIC58.10616.1
OG0012048	transcript_F53H2.3b.1	transcript_NIC58.10371.3
OG0012049	transcript_F48F5.5.1	transcript_NIC58.10372.1
OG0012050	transcript_F48F5.6a.2	transcript_NIC58.10738.1
OG0012051	transcript_B0250.2.1	transcript_NIC58.10752.1
OG0012052	transcript_B0250.1.1	transcript_NIC58.10753.2
OG0012053	transcript_B0250.9.1	transcript_NIC58.10754.1
OG0012054	transcript_B0250.5.1	transcript_NIC58.10755.1
OG0012055	transcript_Y38H6C.1a.1	transcript_NIC58.10756.1
OG0012056	transcript_Y38H6C.14.1	transcript_NIC58.10713.1
OG0012057	transcript_Y38H6C.16.1	transcript_NIC58.10714.1
OG0012058	transcript_Y38H6C.20.1	transcript_NIC58.10716.1
OG0012060	transcript_F26F2.7b.1	transcript_NIC58.10712.2
OG0012061	transcript_F46B3.17.1	transcript_NIC58.10709.1
OG0012063	transcript_F46B3.4a.1	transcript_NIC58.10706.1
OG0012065	transcript_Y44A6B.4.2	transcript_NIC58.10690.1
OG0012066	transcript_W01F3.1a.1	transcript_NIC58.10684.1
OG0012067	transcript_W01F3.2.1	transcript_NIC58.10689.1
OG0012068	transcript_W01F3.3b.1	transcript_NIC58.10688.3
OG0012069	transcript_F53F8.1.1	transcript_NIC58.10686.1
OG0012070	transcript_F53F8.4.1	transcript_NIC58.10685.1
OG0012071	transcript_F53F8.7.1	transcript_NIC58.10705.1
OG0012072	transcript_F53F8.5.1	transcript_NIC58.10703.1
OG0012073	transcript_F53F8.6b.1	transcript_NIC58.10702.2
OG0012074	transcript_Y44A6C.1.1	transcript_NIC58.10701.3
OG0012075	transcript_W07A8.2c.1	transcript_NIC58.10699.1
OG0012076	transcript_W07A8.3d.1	transcript_NIC58.10695.1
OG0012077	transcript_F38A6.1a.1	transcript_NIC58.10692.1
OG0012078	transcript_F38A6.2a.1	transcript_NIC58.10691.2
OG0012079	transcript_F38A6.5.1	transcript_NIC58.10678.1
OG0012080	transcript_F38A6.4.1	transcript_NIC58.10679.1
OG0012081	transcript_F38A6.3b.1	transcript_NIC58.10680.4
OG0012082	transcript_Y44A6D.2.1	transcript_NIC58.10681.1
OG0012083	transcript_Y44A6D.3b.1	transcript_NIC58.10682.2
OG0012084	transcript_Y44A6D.5.1	transcript_NIC58.10683.1
OG0012085	transcript_Y44A6D.7a.1	transcript_NIC58.10617.1
OG0012086	transcript_T03D8.7.1	transcript_NIC58.10677.1
OG0012087	transcript_T03D8.6b.1	transcript_NIC58.10671.2
OG0012088	transcript_T03D8.4a.1	transcript_NIC58.10662.1
OG0012089	transcript_T03D8.3.1	transcript_NIC58.10663.1
OG0012090	transcript_T03D8.1d.1	transcript_NIC58.10664.2
OG0012091	transcript_F31D4.1.1	transcript_NIC58.10665.1
OG0012092	transcript_F31D4.2.1	transcript_NIC58.10667.3
OG0012093	transcript_F31D4.3.1	transcript_NIC58.10668.1
OG0012094	transcript_F31D4.4.1	transcript_NIC58.10669.1
OG0012095	transcript_F31D4.9.1	transcript_NIC58.10661.1
OG0012096	transcript_F31D4.5a.1	transcript_NIC58.10660.2
OG0012097	transcript_F31D4.6.1	transcript_NIC58.10659.1
OG0012098	transcript_F31D4.7.1	transcript_NIC58.10658.1
OG0012099	transcript_F25C8.3d.1	transcript_NIC58.10655.2
OG0012100	transcript_F25C8.4.1	transcript_NIC58.10650.2
OG0012101	transcript_F25C8.5.1	transcript_NIC58.10624.1
OG0012103	transcript_R57.2.1	transcript_NIC58.20050.1
OG0012104	transcript_R57.1a.1	transcript_NIC58.20049.1
OG0012105	transcript_M02E1.2.1	transcript_NIC58.20048.1
OG0012106	transcript_M02E1.4.1	transcript_NIC58.20044.1
OG0012107	transcript_C04E7.3.1	transcript_NIC58.20038.1
OG0012108	transcript_C04E7.1.1	transcript_NIC58.20036.2
OG0012109	transcript_C04E7.5.1	transcript_NIC58.20035.1
OG0012110	transcript_R04A9.3.1	transcript_NIC58.20012.1
OG0012111	transcript_R04A9.4.1	transcript_NIC58.20010.1
OG0012112	transcript_R04A9.5.1	transcript_NIC58.2197.1
OG0012113	transcript_R04A9.6.1	transcript_NIC58.19962.2
OG0012114	transcript_R04A9.1.1	transcript_NIC58.20007.1
OG0012115	transcript_ZK1193.2a.1	transcript_NIC58.20001.4
OG0012116	transcript_ZK1193.1.1	transcript_NIC58.20002.1
OG0012117	transcript_F52D1.2c.1	transcript_NIC58.20000.1
OG0012118	transcript_F52D1.3b.1	transcript_NIC58.19995.1
OG0012119	transcript_F52D1.1.1	transcript_NIC58.19994.1
OG0012120	transcript_F38G1.3.1	transcript_NIC58.19993.1
OG0012121	transcript_F38G1.1.1	transcript_NIC58.19989.1
OG0012122	transcript_F38G1.2.1	transcript_NIC58.19987.1
OG0012123	transcript_B0310.1b.1	transcript_NIC58.19986.1
OG0012124	transcript_B0310.2a.1	transcript_NIC58.19985.2
OG0012125	transcript_B0310.3.1	transcript_NIC58.19984.1
OG0012126	transcript_F28C10.3.1	transcript_NIC58.19980.1
OG0012127	transcript_F28C10.1.1	transcript_NIC58.19977.1
OG0012129	transcript_F57C12.3.1	transcript_NIC58.19974.1
OG0012130	transcript_F57C12.1.1	transcript_NIC58.19973.1
OG0012131	transcript_F13C5.2.1	transcript_NIC58.19965.1
OG0012132	transcript_F13C5.3a.1	transcript_NIC58.19964.1
OG0012133	transcript_F13C5.1.1	transcript_NIC58.19961.1
OG0012134	transcript_F13C5.5.1	transcript_NIC58.19960.1
OG0012135	transcript_F13C5.6b.1	transcript_NIC58.19959.1
OG0012136	transcript_M6.4.1	transcript_NIC58.19958.1
OG0012137	transcript_M6.3.1	transcript_NIC58.19957.1
OG0012138	transcript_M6.11.1	transcript_NIC58.19956.2
OG0012139	transcript_M6.1e.1	transcript_NIC58.19955.2
OG0012140	transcript_T19D7.3.1	transcript_NIC58.19954.1
OG0012141	transcript_T19D7.4.1	transcript_NIC58.19953.1
OG0012142	transcript_T19D7.5.1	transcript_NIC58.19952.1
OG0012143	transcript_T19D7.6.1	transcript_NIC58.19951.1
OG0012144	transcript_T19D7.1.2	transcript_NIC58.19950.1
OG0012145	transcript_T19D7.7.1	transcript_NIC58.19949.1
OG0012146	transcript_Y9C12A.1.1	transcript_NIC58.19948.1
OG0012147	transcript_F02G3.1c.1	transcript_NIC58.19947.2
OG0012148	transcript_M02A10.2e.1	transcript_NIC58.19945.2
OG0012149	transcript_M02A10.1.1	transcript_NIC58.19946.1
OG0012150	transcript_M02A10.3a.1	transcript_NIC58.19944.1
OG0012151	transcript_C02H7.2.1	transcript_NIC58.19943.1
OG0012152	transcript_C02H7.3a.1	transcript_NIC58.19942.2
OG0012153	transcript_C02H7.1.1	transcript_NIC58.19941.1
OG0012154	transcript_T04G9.5.1	transcript_NIC58.19940.1
OG0012155	transcript_T04G9.3.1	transcript_NIC58.19939.1
OG0012156	transcript_T04G9.7.1	transcript_NIC58.19938.1
OG0012157	transcript_T04G9.4.1	transcript_NIC58.19937.1
OG0012158	transcript_T04G9.2.1	transcript_NIC58.19936.1
OG0012159	transcript_T04G9.6a.1	transcript_NIC58.19935.1
OG0012160	transcript_T04G9.1a.1	transcript_NIC58.19934.4
OG0012161	transcript_F25E2.1.1	transcript_NIC58.19933.1
OG0012162	transcript_F25E2.2a.1	transcript_NIC58.19932.1
OG0012163	transcript_F25E2.3.1	transcript_NIC58.19931.1
OG0012164	transcript_F25E2.5d.1	transcript_NIC58.19929.4
OG0012165	transcript_F39H12.2.1	transcript_NIC58.19928.1
OG0012166	transcript_F39H12.1.1	transcript_NIC58.19927.1
OG0012167	transcript_F39H12.3.1	transcript_NIC58.19926.1
OG0012168	transcript_F39H12.4.1	transcript_NIC58.19925.1
OG0012169	transcript_F56F10.2.1	transcript_NIC58.19924.4
OG0012170	transcript_F56F10.4.1	transcript_NIC58.19922.1
OG0012171	transcript_F56F10.1.1	transcript_NIC58.19921.1
OG0012172	transcript_ZC13.1b.1	transcript_NIC58.19920.1
OG0012173	transcript_ZC13.2.1	transcript_NIC58.19919.1
OG0012174	transcript_ZC13.3.1	transcript_NIC58.19918.1
OG0012175	transcript_ZC13.4.1	transcript_NIC58.19917.1
OG0012176	transcript_ZC13.10.1	transcript_NIC58.19916.2
OG0012177	transcript_F35H12.6.2	transcript_NIC58.19915.1
OG0012178	transcript_F35H12.4.1	transcript_NIC58.19913.1
OG0012179	transcript_F35H12.2b.1	transcript_NIC58.19912.1
OG0012180	transcript_F35H12.1.1	transcript_NIC58.19911.1
OG0012181	transcript_F53H8.3.1	transcript_NIC58.19910.1
OG0012182	transcript_F53H8.4.1	transcript_NIC58.19909.1
OG0012183	transcript_F53H8.2.1	transcript_NIC58.19908.1
OG0012184	transcript_F53H8.1.1	transcript_NIC58.19907.1
OG0012185	transcript_C44C1.3.1	transcript_NIC58.19906.1
OG0012186	transcript_C44C1.6.1	transcript_NIC58.19905.1
OG0012187	transcript_C44C1.4.1	transcript_NIC58.19904.1
OG0012188	transcript_C44C1.1.1	transcript_NIC58.19902.1
OG0012189	transcript_C09E10.2b.1	transcript_NIC58.19901.3
OG0012190	transcript_F55A4.10.1	transcript_NIC58.19900.1
OG0012191	transcript_F55A4.2.1	transcript_NIC58.19898.2
OG0012192	transcript_F55A4.3.1	transcript_NIC58.19899.1
OG0012193	transcript_F55A4.5.1	transcript_NIC58.19897.2
OG0012194	transcript_F55A4.1.1	transcript_NIC58.19896.1
OG0012195	transcript_F55A4.8a.1	transcript_NIC58.19895.1
OG0012196	transcript_K03E6.3.1	transcript_NIC58.19894.1
OG0012197	transcript_K03E6.5b.1	transcript_NIC58.19893.1
OG0012198	transcript_K03E6.4.1	transcript_NIC58.19892.1
OG0012199	transcript_K03E6.6.1	transcript_NIC58.19890.1
OG0012200	transcript_K03E6.7.1	transcript_NIC58.19889.1
OG0012201	transcript_F49E7.2.1	transcript_NIC58.19867.1
OG0012202	transcript_F49E7.1a.1	transcript_NIC58.19868.1
OG0012203	transcript_C05D9.5.1	transcript_NIC58.19869.1
OG0012204	transcript_C05D9.7.1	transcript_NIC58.19870.1
OG0012205	transcript_C05D9.9b.1	transcript_NIC58.19871.1
OG0012206	transcript_C05D9.2.1	transcript_NIC58.19872.1
OG0012207	transcript_R193.2.1	transcript_NIC58.19874.1
OG0012208	transcript_T13G4.3.2	transcript_NIC58.19875.1
OG0012209	transcript_T13G4.2.1	transcript_NIC58.19876.2
OG0012210	transcript_T13G4.4.2	transcript_NIC58.19877.1
OG0012211	transcript_C46H3.2a.1	transcript_NIC58.19878.2
OG0012212	transcript_C25G6.3.1	transcript_NIC58.19879.2
OG0012213	transcript_C25G6.2.1	transcript_NIC58.19880.1
OG0012214	transcript_C25G6.5.1	transcript_NIC58.19881.3
OG0012215	transcript_C25G6.1.1	transcript_NIC58.19882.1
OG0012216	transcript_C52B11.5.1	transcript_NIC58.19883.1
OG0012217	transcript_C52B11.3.1	transcript_NIC58.19884.2
OG0012218	transcript_C52B11.2.1	transcript_NIC58.19885.1
OG0012219	transcript_H42K12.3.1	transcript_NIC58.19886.1
OG0012220	transcript_H42K12.1b.1	transcript_NIC58.19887.1
OG0012221	transcript_F21E9.2.1	transcript_NIC58.19888.2
OG0012222	transcript_W05H7.3.1	transcript_NIC58.20070.1
OG0012223	transcript_W05H7.4e.1	transcript_NIC58.20071.1
OG0012224	transcript_D1005.2.1	transcript_NIC58.19865.1
OG0012225	transcript_D1005.6.1	transcript_NIC58.19864.1
OG0012226	transcript_D1005.4.1	transcript_NIC58.19862.1
OG0012227	transcript_F09E10.3.1	transcript_NIC58.19861.1
OG0012228	transcript_F09E10.6.1	transcript_NIC58.19860.1
OG0012229	transcript_F09E10.7c.1	transcript_NIC58.19859.3
OG0012230	transcript_F09E10.8.1	transcript_NIC58.19858.1
OG0012231	transcript_K06A9.2.1	transcript_NIC58.20062.1
OG0012232	transcript_B0344.2.1	transcript_NIC58.19856.1
OG0012233	transcript_H11E01.3d.1	transcript_NIC58.19855.3
OG0012235	transcript_F07G6.8.1	transcript_NIC58.20073.1
OG0012237	transcript_Y102A11A.9a.1	transcript_NIC58.17774.3
OG0012238	transcript_Y102A11A.5.1	transcript_NIC58.17776.1
OG0012239	transcript_Y102A11A.6.1	transcript_NIC58.17777.1
OG0012240	transcript_Y102A11A.7.1	transcript_NIC58.17778.1
OG0012241	transcript_Y102A11A.8.1	transcript_NIC58.17779.1
OG0012242	transcript_Y102A11A.1.1	transcript_NIC58.17780.1
OG0012243	transcript_F49H12.7.1	transcript_NIC58.17915.1
OG0012244	transcript_F49H12.6a.1	transcript_NIC58.17914.1
OG0012245	transcript_F49H12.5.1	transcript_NIC58.17913.1
OG0012246	transcript_F49H12.3.1	transcript_NIC58.17912.2
OG0012247	transcript_F49H12.2.1	transcript_NIC58.17910.1
OG0012248	transcript_T21D9.1.1	transcript_NIC58.17907.1
OG0012249	transcript_T21D9.2.1	transcript_NIC58.17905.1
OG0012250	transcript_F53B1.3.1	transcript_NIC58.17904.1
OG0012251	transcript_F53B1.2.1	transcript_NIC58.17903.1
OG0012252	transcript_F53B1.4.1	transcript_NIC58.17902.2
OG0012253	transcript_F53B1.7.1	transcript_NIC58.17901.1
OG0012254	transcript_F53B1.8a.1	transcript_NIC58.17900.1
OG0012255	transcript_EGAP7.1.1	transcript_NIC58.17899.1
OG0012256	transcript_F48B9.5.1	transcript_NIC58.17898.1
OG0012257	transcript_F48B9.4.1	transcript_NIC58.17897.1
OG0012258	transcript_F48B9.3.1	transcript_NIC58.17896.1
OG0012259	transcript_F48B9.8.1	transcript_NIC58.17895.1
OG0012260	transcript_T24C12.2.1	transcript_NIC58.17894.1
OG0012261	transcript_T24C12.3.1	transcript_NIC58.17893.1
OG0012262	transcript_T24C12.1.1	transcript_NIC58.17892.1
OG0012263	transcript_T24C12.4.1	transcript_NIC58.17891.2
OG0012264	transcript_T14F9.4c.1	transcript_NIC58.17890.1
OG0012265	transcript_T14F9.3.2	transcript_NIC58.17889.1
OG0012266	transcript_T14F9.5.1	transcript_NIC58.17888.1
OG0012267	transcript_AH9.1.1	transcript_NIC58.17883.2
OG0012268	transcript_AH9.2.1	transcript_NIC58.17882.1
OG0012269	transcript_AH9.3.2	transcript_NIC58.17879.1
OG0012270	transcript_AH9.6.1	transcript_NIC58.17878.1
OG0012271	transcript_AH9.4.1	transcript_NIC58.17877.1
OG0012272	transcript_T10H10.3.1	transcript_NIC58.17876.1
OG0012273	transcript_T10H10.2.1	transcript_NIC58.17875.1
OG0012274	transcript_T10H10.1.1	transcript_NIC58.17874.2
OG0012275	transcript_T01B6.3a.1	transcript_NIC58.17873.1
OG0012276	transcript_T01B6.1.1	transcript_NIC58.17867.1
OG0012277	transcript_T01B6.4.1	transcript_NIC58.17872.1
OG0012278	transcript_T24D8.3.1	transcript_NIC58.17870.1
OG0012279	transcript_T24D8.4.1	transcript_NIC58.17869.1
OG0012280	transcript_T24D8.5.1	transcript_NIC58.17868.1
OG0012281	transcript_T24D8.1.1	transcript_NIC58.17866.2
OG0012282	transcript_F47G3.4.1	transcript_NIC58.16219.1
OG0012283	transcript_F47G3.1.1	transcript_NIC58.17856.1
OG0012284	transcript_C43H6.7b.1	transcript_NIC58.17855.1
OG0012285	transcript_C43H6.4.1	transcript_NIC58.17854.2
OG0012286	transcript_C43H6.3.1	transcript_NIC58.17853.1
OG0012287	transcript_C43H6.1.1	transcript_NIC58.17852.1
OG0012288	transcript_C43H6.9b.1	transcript_NIC58.17850.1
OG0012289	transcript_T07D1.1b.1	transcript_NIC58.17849.1
OG0012290	transcript_T07D1.2a.1	transcript_NIC58.17848.2
OG0012291	transcript_T07D1.4d.1	transcript_NIC58.17847.3
OG0012292	transcript_R04B3.1.1	transcript_NIC58.17846.1
OG0012293	transcript_R04B3.2.1	transcript_NIC58.17845.1
OG0012294	transcript_R04B3.3.1	transcript_NIC58.17844.1
OG0012295	transcript_K02E10.5.1	transcript_NIC58.17843.2
OG0012296	transcript_K02E10.6.1	transcript_NIC58.17842.1
OG0012297	transcript_K02E10.4b.1	transcript_NIC58.17841.1
OG0012298	transcript_K02E10.2a.1	transcript_NIC58.17840.1
OG0012299	transcript_K02E10.1.1	transcript_NIC58.17839.1
OG0012300	transcript_K02E10.7.1	transcript_NIC58.17838.1
OG0012301	transcript_K02E10.8b.1	transcript_NIC58.17837.1
OG0012302	transcript_R11B5.1.1	transcript_NIC58.17836.1
OG0012303	transcript_F52H2.3.1	transcript_NIC58.17835.1
OG0012304	transcript_F52H2.4.1	transcript_NIC58.17834.1
OG0012305	transcript_F52H2.5.2	transcript_NIC58.17832.1
OG0012306	transcript_F52H2.6a.1	transcript_NIC58.17829.2
OG0012307	transcript_F52H2.15.1	transcript_NIC58.17828.1
OG0012308	transcript_F52H2.7.1	transcript_NIC58.17827.1
OG0012309	transcript_F52H2.1.1	transcript_NIC58.17826.1
OG0012310	transcript_H01M10.3.1	transcript_NIC58.17825.1
OG0012311	transcript_H01M10.1.1	transcript_NIC58.17824.1
OG0012312	transcript_H01M10.2.1	transcript_NIC58.17823.1
OG0012313	transcript_T03G6.2c.1	transcript_NIC58.17822.1
OG0012314	transcript_T03G6.1.1	transcript_NIC58.17821.1
OG0012315	transcript_T03G6.3.1	transcript_NIC58.17819.1
OG0012316	transcript_F54G2.1a.1	transcript_NIC58.17818.1
OG0012317	transcript_C09B7.1a.1	transcript_NIC58.17817.2
OG0012318	transcript_T14G11.3.1	transcript_NIC58.17814.1
OG0012319	transcript_T14G11.1.1	transcript_NIC58.17813.1
OG0012320	transcript_T02C5.1b.1	transcript_NIC58.17812.3
OG0012321	transcript_T02C5.3c.1	transcript_NIC58.17811.2
OG0012322	transcript_T02C5.5p.1	transcript_NIC58.17809.2
OG0012323	transcript_C14A11.3b.1	transcript_NIC58.17808.5
OG0012324	transcript_C14A11.2.1	transcript_NIC58.17807.1
OG0012325	transcript_C14A11.5.1	transcript_NIC58.17806.2
OG0012326	transcript_C14A11.9.1	transcript_NIC58.17804.1
OG0012327	transcript_C14A11.6b.1	transcript_NIC58.17803.1
OG0012328	transcript_C14A11.7.1	transcript_NIC58.17801.1
OG0012329	transcript_Y71H10B.1b.1	transcript_NIC58.17800.1
OG0012330	transcript_F58H12.1.1	transcript_NIC58.17799.1
OG0012331	transcript_F53B3.2.1	transcript_NIC58.17797.1
OG0012332	transcript_F53B3.6.1	transcript_NIC58.17796.1
OG0012333	transcript_F53B3.3.1	transcript_NIC58.17795.3
OG0012334	transcript_F53B3.5.1	transcript_NIC58.17794.1
OG0012335	transcript_B0410.2a.1	transcript_NIC58.17793.1
OG0012336	transcript_B0410.3.1	transcript_NIC58.17792.1
OG0012337	transcript_F52B10.3a.1	transcript_NIC58.17791.1
OG0012338	transcript_F52B10.1a.1	transcript_NIC58.17790.3
OG0012339	transcript_F52B10.2.1	transcript_NIC58.17789.1
OG0012340	transcript_Y71H10A.2.1	transcript_NIC58.17788.1
OG0012341	transcript_Y71H10A.1a.1	transcript_NIC58.17787.1
OG0012342	transcript_Y41G9A.10.1	transcript_NIC58.17786.1
OG0012343	transcript_Y41G9A.5b.1	transcript_NIC58.17785.1
OG0012344	transcript_Y41G9A.4b.1	transcript_NIC58.17784.5
OG0012345	transcript_Y41G9A.2.1	transcript_NIC58.17782.1
OG0012346	transcript_Y41G9A.1.1	transcript_NIC58.17781.1
OG0012347	transcript_Y48D7A.2.2	transcript_NIC58.17917.1
OG0012348	transcript_M02F4.8b.1	transcript_NIC58.17918.1
OG0012349	transcript_M02F4.7.1	transcript_NIC58.17919.1
OG0012350	transcript_C33D12.2a.1	transcript_NIC58.17920.2
OG0012351	transcript_C33D12.6.1	transcript_NIC58.17922.1
OG0012352	transcript_C33D12.7.1	transcript_NIC58.17923.1
OG0012353	transcript_C33D12.1.1	transcript_NIC58.17924.1
OG0012354	transcript_F52E4.4.1	transcript_NIC58.17925.1
OG0012355	transcript_F52E4.5.1	transcript_NIC58.17926.1
OG0012356	transcript_F52E4.1a.1	transcript_NIC58.17927.1
OG0012357	transcript_F52E4.6.1	transcript_NIC58.17928.1
OG0012358	transcript_F52E4.7.1	transcript_NIC58.17929.3
OG0012359	transcript_F52E4.8.1	transcript_NIC58.17930.1
OG0012360	transcript_K10B3.5.1	transcript_NIC58.17931.1
OG0012361	transcript_K10B3.6d.1	transcript_NIC58.17932.2
OG0012362	transcript_K10B3.10b.1	transcript_NIC58.17935.2
OG0012363	transcript_K10B3.1b.1	transcript_NIC58.17937.1
OG0012364	transcript_C15C7.4.1	transcript_NIC58.17938.1
OG0012365	transcript_C15C7.5.1	transcript_NIC58.17941.2
OG0012366	transcript_C15C7.2.1	transcript_NIC58.17942.1
OG0012367	transcript_C15C7.1.1	transcript_NIC58.17943.1
OG0012368	transcript_C15C7.7.1	transcript_NIC58.17944.1
OG0012369	transcript_C15C7.6.1	transcript_NIC58.17945.1
OG0012370	transcript_F56E3.3b.1	transcript_NIC58.17947.2
OG0012371	transcript_F28B4.4.1	transcript_NIC58.17949.1
OG0012372	transcript_F28B4.2b.1	transcript_NIC58.17950.6
OG0012373	transcript_F40F4.8.1	transcript_NIC58.17954.2
OG0012374	transcript_F40F4.4a.1	transcript_NIC58.17956.1
OG0012375	transcript_K09C4.8.1	transcript_NIC58.17961.2
OG0012376	transcript_K09C4.10.1	transcript_NIC58.17964.2
OG0012377	transcript_F11D5.3a.1	transcript_NIC58.17969.1
OG0012378	transcript_F11D5.1a.1	transcript_NIC58.17971.1
OG0012379	transcript_ZK816.4.1	transcript_NIC58.17973.2
OG0012380	transcript_ZK816.1.1	transcript_NIC58.17976.1
OG0012381	transcript_ZK816.5.1	transcript_NIC58.17977.2
OG0012382	transcript_ZK563.2.1	transcript_NIC58.17978.1
OG0012383	transcript_ZK563.4a.1	transcript_NIC58.17979.1
OG0012384	transcript_ZK563.5.2	transcript_NIC58.17980.1
OG0012385	transcript_ZK563.7.1	transcript_NIC58.17981.1
OG0012386	transcript_ZK563.6.1	transcript_NIC58.17982.1
OG0012387	transcript_ZK563.1.1	transcript_NIC58.17983.1
OG0012388	transcript_C04F6.3.1	transcript_NIC58.17984.1
OG0012389	transcript_C04F6.9.1	transcript_NIC58.17985.1
OG0012390	transcript_C04F6.5.1	transcript_NIC58.17989.1
OG0012391	transcript_C04F6.7.1	transcript_NIC58.17990.1
OG0012392	transcript_ZK813.6.1	transcript_NIC58.17991.1
OG0012393	transcript_ZK813.4a.1	transcript_NIC58.17992.1
OG0012395	transcript_ZK813.5.1	transcript_NIC58.17997.1
OG0012396	transcript_ZK377.2b.1	transcript_NIC58.17998.1
OG0012397	transcript_ZK377.1.1	transcript_NIC58.17999.3
OG0012398	transcript_C12D12.3.1	transcript_NIC58.18000.1
OG0012399	transcript_C12D12.2a.1	transcript_NIC58.18001.2
OG0012400	transcript_C12D12.1c.1	transcript_NIC58.18002.2
OG0012401	transcript_F56B6.5d.1	transcript_NIC58.18005.2
OG0012402	transcript_F56B6.6.1	transcript_NIC58.18006.1
OG0012403	transcript_F56B6.4a.1	transcript_NIC58.18007.1
OG0012404	transcript_T27A10.3a.1	transcript_NIC58.18011.1
OG0012405	transcript_T27A10.2.1	transcript_NIC58.18012.1
OG0012406	transcript_T27A10.6a.1	transcript_NIC58.18013.3
OG0012407	transcript_T27A10.7.1	transcript_NIC58.18014.1
OG0012408	transcript_C18B2.3.1	transcript_NIC58.18015.1
OG0012409	transcript_C18B2.4.1	transcript_NIC58.18016.1
OG0012410	transcript_C18B2.5b.1	transcript_NIC58.18017.1
OG0012411	transcript_C18B2.6.1	transcript_NIC58.18018.1
OG0012412	transcript_C18B2.2.1	transcript_NIC58.18019.1
OG0012413	transcript_C18B2.1.1	transcript_NIC58.18020.1
OG0012414	transcript_R11G1.3.1	transcript_NIC58.18021.1
OG0012415	transcript_R11G1.6b.1	transcript_NIC58.18022.1
OG0012416	transcript_R11G1.4a.1	transcript_NIC58.18023.2
OG0012417	transcript_R11G1.2.1	transcript_NIC58.18024.1
OG0012418	transcript_R11G1.11.1	transcript_NIC58.18025.1
OG0012419	transcript_R11G1.7.1	transcript_NIC58.18027.1
OG0012420	transcript_R11G1.1.1	transcript_NIC58.18028.1
OG0012421	transcript_C02F12.3.2	transcript_NIC58.18029.1
OG0012422	transcript_C02F12.5.1	transcript_NIC58.18030.1
OG0012423	transcript_C02F12.4.1	transcript_NIC58.18032.1
OG0012424	transcript_C02F12.1b.1	transcript_NIC58.18033.3
OG0012425	transcript_C02F12.7.1	transcript_NIC58.18034.1
OG0012426	transcript_C02F12.8.1	transcript_NIC58.18035.2
OG0012427	transcript_C01C4.3f.1	transcript_NIC58.18036.1
OG0012428	transcript_C01C4.2.1	transcript_NIC58.18037.2
OG0012429	transcript_C01C4.1.1	transcript_NIC58.18038.2
OG0012430	transcript_T14G12.2.1	transcript_NIC58.18039.1
OG0012431	transcript_T14G12.3.1	transcript_NIC58.18040.1
OG0012432	transcript_T14G12.4a.1	transcript_NIC58.18041.1
OG0012433	transcript_F47B7.2b.1	transcript_NIC58.18042.1
OG0012434	transcript_F47B7.7a.1	transcript_NIC58.18043.1
OG0012435	transcript_F47B7.1.1	transcript_NIC58.18044.1
OG0012436	transcript_F35A5.4.1	transcript_NIC58.18045.4
OG0012437	transcript_F35A5.5.1	transcript_NIC58.18046.2
OG0012438	transcript_F35A5.3.1	transcript_NIC58.18047.1
OG0012439	transcript_F35A5.8a.2	transcript_NIC58.18048.1
OG0012440	transcript_F35A5.2.1	transcript_NIC58.18049.1
OG0012441	transcript_F35A5.1.1	transcript_NIC58.18050.1
OG0012442	transcript_K03C7.2a.1	transcript_NIC58.18051.3
OG0012443	transcript_ZC64.2.1	transcript_NIC58.18052.2
OG0012444	transcript_ZC64.3a.1	transcript_NIC58.18053.1
OG0012445	transcript_ZC64.4a.1	transcript_NIC58.18054.1
OG0012446	transcript_F47F2.1b.1	transcript_NIC58.18055.1
OG0012447	transcript_F47F2.3.1	transcript_NIC58.18057.1
OG0012448	transcript_T22B2.4a.1	transcript_NIC58.18058.3
OG0012449	transcript_T22B2.6.1	transcript_NIC58.18059.1
OG0012450	transcript_T19D2.1.1	transcript_NIC58.18060.2
OG0012451	transcript_T19D2.3.1	transcript_NIC58.18061.1
OG0012452	transcript_T19D2.2.2	transcript_NIC58.18062.1
OG0012453	transcript_C16B8.1.1	transcript_NIC58.18063.2
OG0012454	transcript_C16B8.2.1	transcript_NIC58.18064.1
OG0012455	transcript_C16B8.4.1	transcript_NIC58.18066.1
OG0012456	transcript_R02E12.5.1	transcript_NIC58.18067.1
OG0012457	transcript_R02E12.12.1	transcript_NIC58.18069.1
OG0012458	transcript_R02E12.4.1	transcript_NIC58.18070.1
OG0012459	transcript_R02E12.6.2	transcript_NIC58.18071.1
OG0012460	transcript_R02E12.8.1	transcript_NIC58.18073.1
OG0012461	transcript_T06F4.1b.1	transcript_NIC58.18074.1
OG0012462	transcript_T06F4.2b.1	transcript_NIC58.18077.1
OG0012463	transcript_R02E4.3.1	transcript_NIC58.18078.1
OG0012464	transcript_R02E4.2.1	transcript_NIC58.18079.1
OG0012465	transcript_F09F9.2.1	transcript_NIC58.18080.1
OG0012466	transcript_F09F9.1.1	transcript_NIC58.18081.1
OG0012467	transcript_F09F9.5.1	transcript_NIC58.18082.1
OG0012468	transcript_F09F9.3.1	transcript_NIC58.18083.1
OG0012469	transcript_F09F9.4.1	transcript_NIC58.18084.1
OG0012470	transcript_ZK470.2c.1	transcript_NIC58.18085.2
OG0012471	transcript_ZK470.6.1	transcript_NIC58.18088.3
OG0012472	transcript_F20B6.3.1	transcript_NIC58.18089.1
OG0012473	transcript_F20B6.4.2	transcript_NIC58.18091.1
OG0012474	transcript_F20B6.8b.1	transcript_NIC58.18094.7
OG0012475	transcript_W01H2.3b.1	transcript_NIC58.18095.1
OG0012476	transcript_F48D6.4a.1	transcript_NIC58.18096.2
OG0012477	transcript_F48D6.3.1	transcript_NIC58.18097.1
OG0012478	transcript_C52B9.4.1	transcript_NIC58.18101.2
OG0012479	transcript_C52B9.3a.1	transcript_NIC58.18108.1
OG0012480	transcript_C52B9.9.1	transcript_NIC58.18109.1
OG0012481	transcript_C52B9.10.1	transcript_NIC58.18110.1
OG0012482	transcript_C52B9.6.1	transcript_NIC58.18111.3
OG0012483	transcript_C52B9.11.1	transcript_NIC58.18113.1
OG0012484	transcript_C52B9.1a.1	transcript_NIC58.18114.1
OG0012485	transcript_C24A8.5.1	transcript_NIC58.18118.1
OG0012486	transcript_F14H12.3.1	transcript_NIC58.18120.1
OG0012487	transcript_F14H12.1.1	transcript_NIC58.18121.1
OG0012488	transcript_F14H12.6.1	transcript_NIC58.18123.1
OG0012489	transcript_F14H12.7.1	transcript_NIC58.18125.1
OG0012490	transcript_F14H12.8.1	transcript_NIC58.18127.1
OG0012491	transcript_R160.10.1	transcript_NIC58.18129.1
OG0012492	transcript_R160.4.1	transcript_NIC58.18131.1
OG0012493	transcript_R160.5b.1	transcript_NIC58.18134.1
OG0012494	transcript_R160.14.1	transcript_NIC58.18136.1
OG0012495	transcript_R160.6.1	transcript_NIC58.18137.1
OG0012496	transcript_R160.2.1	transcript_NIC58.18139.1
OG0012497	transcript_R160.1a.1	transcript_NIC58.18141.2
OG0012498	transcript_D1079.1d.1	transcript_NIC58.18142.1
OG0012499	transcript_F15A8.5a.2	transcript_NIC58.18143.2
OG0012500	transcript_F15A8.6b.1	transcript_NIC58.18144.2
OG0012501	transcript_F02E8.3.1	transcript_NIC58.18145.1
OG0012502	transcript_F02E8.5.1	transcript_NIC58.18146.2
OG0012503	transcript_F02E8.2a.1	transcript_NIC58.18148.1
OG0012504	transcript_F02E8.6.2	transcript_NIC58.18150.3
OG0012505	transcript_F46H6.5.1	transcript_NIC58.18151.1
OG0012506	transcript_F46H6.2a.1	transcript_NIC58.18152.1
OG0012507	transcript_F46H6.1.1	transcript_NIC58.18153.1
OG0012508	transcript_C07A12.7a.2	transcript_NIC58.18156.1
OG0012509	transcript_C07A12.4.1	transcript_NIC58.18157.1
OG0012510	transcript_C07A12.3a.1	transcript_NIC58.18159.4
OG0012511	transcript_C07A12.2.1	transcript_NIC58.18161.1
OG0012512	transcript_C07A12.18a.1	transcript_NIC58.18162.1
OG0012513	transcript_C05E11.6.1	transcript_NIC58.18164.1
OG0012514	transcript_C05E11.3b.1	transcript_NIC58.18167.1
OG0012515	transcript_C05E11.7.1	transcript_NIC58.18168.1
OG0012516	transcript_C05E11.2.1	transcript_NIC58.18169.1
OG0012517	transcript_C05E11.1b.1	transcript_NIC58.18170.1
OG0012518	transcript_C05E11.8a.1	transcript_NIC58.18171.1
OG0012519	transcript_T13H2.5a.1	transcript_NIC58.18173.1
OG0012520	transcript_T13H2.4c.1	transcript_NIC58.18174.2
OG0012521	transcript_C46C11.3.2	transcript_NIC58.18175.1
OG0012522	transcript_C46C11.2.1	transcript_NIC58.18176.1
OG0012523	transcript_C46C11.1a.1	transcript_NIC58.18177.2
OG0012524	transcript_F16H11.3.1	transcript_NIC58.18178.1
OG0012525	transcript_F16H11.4.1	transcript_NIC58.18179.1
OG0012526	transcript_F16H11.5.1	transcript_NIC58.18180.4
OG0012527	transcript_F16H11.1.1	transcript_NIC58.18181.1
OG0012528	transcript_K02G10.3.1	transcript_NIC58.18182.1
OG0012529	transcript_K02G10.4a.1	transcript_NIC58.18183.1
OG0012530	transcript_K02G10.15.1	transcript_NIC58.18184.1
OG0012531	transcript_K02G10.5c.1	transcript_NIC58.18185.2
OG0012532	transcript_K02G10.7a.1	transcript_NIC58.18186.1
OG0012533	transcript_K02G10.1.1	transcript_NIC58.18187.1
OG0012534	transcript_K02G10.8b.1	transcript_NIC58.18188.1
OG0012535	transcript_F55D10.3.1	transcript_NIC58.18189.1
OG0012536	transcript_F55D10.2.1	transcript_NIC58.18190.1
OG0012537	transcript_F55D10.4.1	transcript_NIC58.18191.1
OG0012538	transcript_F55D10.1.1	transcript_NIC58.18193.1
OG0012539	transcript_C39E6.1.1	transcript_NIC58.18194.2
OG0012540	transcript_C39E6.4.1	transcript_NIC58.18196.1
OG0012541	transcript_C39E6.6.1	transcript_NIC58.18197.1
OG0012542	transcript_F43C9.3.1	transcript_NIC58.18198.1
OG0012543	transcript_F43C9.2a.1	transcript_NIC58.18199.2
OG0012544	transcript_F43C9.1.1	transcript_NIC58.18200.3
OG0012545	transcript_F43C9.4a.2	transcript_NIC58.18201.2
OG0012546	transcript_R08E3.3b.1	transcript_NIC58.18204.1
OG0012547	transcript_R08E3.1a.1	transcript_NIC58.18205.1
OG0012548	transcript_F39C12.1.1	transcript_NIC58.18206.1
OG0012549	transcript_F39C12.2b.1	transcript_NIC58.18207.6
OG0012550	transcript_F39C12.4.1	transcript_NIC58.18208.1
OG0012551	transcript_F39C12.3b.1	transcript_NIC58.18209.2
OG0012552	transcript_T07F12.3.1	transcript_NIC58.18210.1
OG0012553	transcript_T07F12.2.1	transcript_NIC58.18211.1
OG0012554	transcript_T07F12.1.1	transcript_NIC58.18212.1
OG0012555	transcript_T07F12.4b.1	transcript_NIC58.18213.2
OG0012556	transcript_K05B2.2a.2	transcript_NIC58.18214.1
OG0012557	transcript_K05B2.3.1	transcript_NIC58.18215.1
OG0012558	transcript_K05B2.4.1	transcript_NIC58.18216.1
OG0012559	transcript_M03F4.3b.1	transcript_NIC58.18218.1
OG0012560	transcript_M03F4.6.1	transcript_NIC58.18221.2
OG0012561	transcript_M03F4.7a.1	transcript_NIC58.18222.2
OG0012562	transcript_ZC8.6.1	transcript_NIC58.18223.3
OG0012563	transcript_ZC8.4f.1	transcript_NIC58.18224.1
OG0012564	transcript_ZC8.3.1	transcript_NIC58.18225.1
OG0012565	transcript_ZC449.7.1	transcript_NIC58.18229.1
OG0012566	transcript_ZC449.3b.1	transcript_NIC58.18230.2
OG0012567	transcript_ZC449.2.1	transcript_NIC58.18231.1
OG0012568	transcript_ZC449.1.1	transcript_NIC58.18232.1
OG0012569	transcript_ZC449.4.1	transcript_NIC58.18233.1
OG0012570	transcript_ZC449.5.1	transcript_NIC58.18234.1
OG0012571	transcript_Y64H9A.2.1	transcript_NIC58.18236.1
OG0012572	transcript_C24H10.3.1	transcript_NIC58.18238.1
OG0012573	transcript_C24H10.2.1	transcript_NIC58.18240.1
OG0012574	transcript_C24H10.1b.1	transcript_NIC58.18241.1
OG0012575	transcript_C24H10.5.1	transcript_NIC58.18242.1
OG0012576	transcript_C42D8.4b.1	transcript_NIC58.18243.2
OG0012577	transcript_C42D8.3.1	transcript_NIC58.18244.1
OG0012578	transcript_C42D8.5.1	transcript_NIC58.18245.1
OG0012579	transcript_C42D8.9.1	transcript_NIC58.18247.1
OG0012580	transcript_C42D8.1.1	transcript_NIC58.18248.2
OG0012581	transcript_C42D8.8a.1	transcript_NIC58.18249.1
OG0012582	transcript_C31H2.1a.1	transcript_NIC58.18260.4
OG0012583	transcript_C31H2.14.1	transcript_NIC58.18259.1
OG0012584	transcript_C31H2.2.1	transcript_NIC58.18258.1
OG0012585	transcript_C31H2.3.1	transcript_NIC58.18257.1
OG0012586	transcript_C31H2.4.1	transcript_NIC58.18256.1
OG0012587	transcript_EGAP5.1.1	transcript_NIC58.18255.1
OG0012588	transcript_T03G11.4.1	transcript_NIC58.18254.1
OG0012589	transcript_T03G11.10.1	transcript_NIC58.18253.1
OG0012590	transcript_T03G11.3.1	transcript_NIC58.18252.2
OG0012591	transcript_T03G11.6.1	transcript_NIC58.18251.1
OG0012592	transcript_T03G11.9.1	transcript_NIC58.18267.1
OG0012593	transcript_T03G11.8.1	transcript_NIC58.18268.1
OG0012594	transcript_T03G11.1c.1	transcript_NIC58.18269.1
OG0012595	transcript_H28G03.2a.2	transcript_NIC58.18270.3
OG0012596	transcript_H28G03.6.1	transcript_NIC58.18275.3
OG0012597	transcript_Y34B4A.7.1	transcript_NIC58.18276.2
OG0012598	transcript_Y34B4A.10.1	transcript_NIC58.18277.1
OG0012599	transcript_Y34B4A.6.1	transcript_NIC58.18278.1
OG0012600	transcript_Y34B4A.9.1	transcript_NIC58.18279.1
OG0012601	transcript_Y34B4A.5.1	transcript_NIC58.18280.1
OG0012602	transcript_Y34B4A.4a.1	transcript_NIC58.18284.2
OG0012603	transcript_Y34B4A.8c.1	transcript_NIC58.18285.1
OG0012604	transcript_Y34B4A.3.1	transcript_NIC58.18286.1
OG0012605	transcript_F32A6.3c.1	transcript_NIC58.18289.3
OG0012606	transcript_F32A6.4a.2	transcript_NIC58.18290.2
OG0012607	transcript_F32A6.2.1	transcript_NIC58.18291.1
OG0012608	transcript_F32A6.5c.1	transcript_NIC58.18292.2
OG0012609	transcript_C26B9.5.1	transcript_NIC58.18293.1
OG0012610	transcript_C26B9.3.1	transcript_NIC58.18296.1
OG0012611	transcript_C26B9.2.1	transcript_NIC58.18297.1
OG0012612	transcript_C26B9.7.1	transcript_NIC58.18298.1
OG0012613	transcript_C26B9.1a.1	transcript_NIC58.18299.1
OG0012614	transcript_F35C8.6.1	transcript_NIC58.18303.1
OG0012615	transcript_F35C8.7c.1	transcript_NIC58.18304.3
OG0012616	transcript_F35C8.5.1	transcript_NIC58.18305.1
OG0012617	transcript_F35C8.3.2	transcript_NIC58.18306.1
OG0012618	transcript_C03F11.1.1	transcript_NIC58.18308.1
OG0012619	transcript_C03F11.2.1	transcript_NIC58.18309.1
OG0012620	transcript_C03F11.3.1	transcript_NIC58.18310.1
OG0012621	transcript_C03F11.4.2	transcript_NIC58.18313.1
OG0012622	transcript_C41A3.2a.1	transcript_NIC58.18314.2
OG0012623	transcript_C41A3.1a.1	transcript_NIC58.18315.1
OG0012624	transcript_C25F6.7a.1	transcript_NIC58.18316.3
OG0012625	transcript_C25F6.6.1	transcript_NIC58.18317.1
OG0012626	transcript_C25F6.4.1	transcript_NIC58.18318.1
OG0012627	transcript_C25F6.3.1	transcript_NIC58.18319.1
OG0012628	transcript_C25F6.2.1	transcript_NIC58.18320.1
OG0012629	transcript_T23F2.1.2	transcript_NIC58.18321.2
OG0012630	transcript_T23F2.2.1	transcript_NIC58.18322.1
OG0012631	transcript_C54G7.2.1	transcript_NIC58.18323.1
OG0012632	transcript_C54G7.3c.1	transcript_NIC58.18324.1
OG0012633	transcript_C54G7.1.1	transcript_NIC58.18325.1
OG0012634	transcript_C38C5.1b.1	transcript_NIC58.18327.1
OG0012635	transcript_F14D12.4e.1	transcript_NIC58.18328.2
OG0012636	transcript_F14D12.2.1	transcript_NIC58.18329.1
OG0012637	transcript_F14D12.5.1	transcript_NIC58.18330.1
OG0012638	transcript_F14D12.1b.1	transcript_NIC58.18331.2
OG0012639	transcript_F14D12.6b.1	transcript_NIC58.18332.2
OG0012640	transcript_T21F4.1.1	transcript_NIC58.18333.1
OG0012641	transcript_T22B7.4.1	transcript_NIC58.18335.1
OG0012642	transcript_T22B7.5.1	transcript_NIC58.18336.1
OG0012643	transcript_T22B7.3.1	transcript_NIC58.18337.1
OG0012644	transcript_T22B7.7.1	transcript_NIC58.18338.1
OG0012645	transcript_W01C8.1.1	transcript_NIC58.18341.1
OG0012646	transcript_W01C8.5a.1	transcript_NIC58.18342.3
OG0012647	transcript_W01C8.6.2	transcript_NIC58.18343.1
OG0012648	transcript_E03E2.1.1	transcript_NIC58.18344.1
OG0012649	transcript_C41G11.3a.2	transcript_NIC58.18345.4
OG0012650	transcript_C41G11.4b.1	transcript_NIC58.18346.1
OG0012651	transcript_C54H2.3.1	transcript_NIC58.18347.1
OG0012652	transcript_C54H2.4.1	transcript_NIC58.18348.1
OG0012653	transcript_C54H2.1a.2	transcript_NIC58.18349.1
OG0012654	transcript_C54H2.5.1	transcript_NIC58.18350.1
OG0012655	transcript_F46G11.3.2	transcript_NIC58.18351.1
OG0012656	transcript_F46G11.6.1	transcript_NIC58.18352.1
OG0012657	transcript_F46G11.1c.1	transcript_NIC58.18353.4
OG0012658	transcript_F46G11.4.1	transcript_NIC58.18354.1
OG0012659	transcript_F13D11.3.1	transcript_NIC58.18355.1
OG0012660	transcript_F13D11.2a.1	transcript_NIC58.18356.1
OG0012661	transcript_F13D11.1.1	transcript_NIC58.18357.1
OG0012662	transcript_F13D11.4.1	transcript_NIC58.18358.1
OG0012663	transcript_W06B11.3.1	transcript_NIC58.18359.1
OG0012664	transcript_W06B11.2.1	transcript_NIC58.18360.1
OG0012665	transcript_W06B11.1.1	transcript_NIC58.18361.1
OG0012666	transcript_W06B11.4b.1	transcript_NIC58.18362.1
OG0012667	transcript_F49E10.5a.1	transcript_NIC58.18363.2
OG0012668	transcript_F49E10.4.1	transcript_NIC58.18364.1
OG0012669	transcript_F49E10.3.1	transcript_NIC58.18365.1
OG0012670	transcript_F49E10.2b.1	transcript_NIC58.18366.2
OG0012671	transcript_F49E10.1.1	transcript_NIC58.18367.1
OG0012672	transcript_H05L03.3.1	transcript_NIC58.18368.1
OG0012673	transcript_Y23B4A.1.1	transcript_NIC58.18370.1
OG0012674	transcript_Y23B4A.2.2	transcript_NIC58.18371.1
OG0012675	transcript_C46F4.1a.1	transcript_NIC58.18372.1
OG0012676	transcript_C46F4.3.1	transcript_NIC58.18373.1
OG0012677	transcript_R07E4.4.1	transcript_NIC58.18379.1
OG0012678	transcript_R07E4.5.1	transcript_NIC58.18380.1
OG0012679	transcript_R07E4.3.1	transcript_NIC58.18381.1
OG0012680	transcript_R07E4.1a.1	transcript_NIC58.18382.1
OG0012681	transcript_R07E4.6c.1	transcript_NIC58.18383.5
OG0012682	transcript_F22F4.3.1	transcript_NIC58.18384.1
OG0012683	transcript_F22F4.5.1	transcript_NIC58.18385.1
OG0012684	transcript_F22F4.2.1	transcript_NIC58.18386.1
OG0012685	transcript_F22F4.9.1	transcript_NIC58.18387.1
OG0012686	transcript_F22F4.1.1	transcript_NIC58.18388.1
OG0012687	transcript_C09B8.3.1	transcript_NIC58.18389.1
OG0012688	transcript_C09B8.8.1	transcript_NIC58.4610.1
OG0012689	transcript_C09B8.4.1	transcript_NIC58.1817.1
OG0012690	transcript_C09B8.5.1	transcript_NIC58.4609.1
OG0012691	transcript_C09B8.1a.1	transcript_NIC58.18390.1
OG0012692	transcript_C09B8.6a.1	transcript_NIC58.18391.3
OG0012693	transcript_C09B8.7a.1	transcript_NIC58.18392.3
OG0012694	transcript_C45B2.6.2	transcript_NIC58.18393.1
OG0012695	transcript_C45B2.5.1	transcript_NIC58.18394.1
OG0012696	transcript_C45B2.7.1	transcript_NIC58.18395.1
OG0012697	transcript_C45B2.4e.1	transcript_NIC58.18396.1
OG0012698	transcript_C45B2.3.1	transcript_NIC58.18397.1
OG0012699	transcript_C45B2.2.1	transcript_NIC58.18398.1
OG0012700	transcript_C45B2.1.1	transcript_NIC58.18399.1
OG0012701	transcript_C15H9.5.1	transcript_NIC58.18401.1
OG0012702	transcript_C15H9.4.1	transcript_NIC58.18402.1
OG0012703	transcript_C15H9.11.1	transcript_NIC58.18403.2
OG0012704	transcript_C15H9.7.1	transcript_NIC58.18404.1
OG0012705	transcript_C15H9.8a.1	transcript_NIC58.18405.1
OG0012706	transcript_C15H9.3.1	transcript_NIC58.18406.2
OG0012707	transcript_C15H9.2.1	transcript_NIC58.18407.1
OG0012708	transcript_C15H9.1.1	transcript_NIC58.18413.3
OG0012709	transcript_Y72A10A.1c.1	transcript_NIC58.18414.2
OG0012710	transcript_C34H3.1.1	transcript_NIC58.18415.2
OG0012711	transcript_C34H3.2.1	transcript_NIC58.18420.1
OG0012712	transcript_T25B2.2a.1	transcript_NIC58.18421.3
OG0012713	transcript_T13C5.4.1	transcript_NIC58.18429.1
OG0012714	transcript_T13C5.1a.1	transcript_NIC58.18430.1
OG0012715	transcript_T13C5.5.1	transcript_NIC58.18431.1
OG0012716	transcript_T13C5.8.1	transcript_NIC58.18432.1
OG0012717	transcript_T13C5.6.1	transcript_NIC58.18433.1
OG0012718	transcript_C14F11.2.2	transcript_NIC58.18436.2
OG0012719	transcript_C14F11.3.1	transcript_NIC58.18437.3
OG0012720	transcript_C14F11.4a.1	transcript_NIC58.18438.2
OG0012721	transcript_C14F11.5b.1	transcript_NIC58.18439.3
OG0012722	transcript_C14F11.6.1	transcript_NIC58.18440.1
OG0012723	transcript_W05H9.1a.1	transcript_NIC58.18451.1
OG0012724	transcript_T07H6.5b.1	transcript_NIC58.18453.1
OG0012725	transcript_T07H6.2.1	transcript_NIC58.18454.1
OG0012726	transcript_T07H6.1a.1	transcript_NIC58.18455.2
OG0012727	transcript_T10E10.3a.1	transcript_NIC58.18456.1
OG0012728	transcript_T10E10.4a.1	transcript_NIC58.18457.1
OG0012729	transcript_C03B1.13.1	transcript_NIC58.18463.1
OG0012730	transcript_C03B1.7a.1	transcript_NIC58.18464.1
OG0012731	transcript_C03B1.9.1	transcript_NIC58.18466.1
OG0012732	transcript_C03B1.6.1	transcript_NIC58.18467.1
OG0012733	transcript_C03B1.5.1	transcript_NIC58.18468.1
OG0012734	transcript_C03B1.2.1	transcript_NIC58.18472.1
OG0012735	transcript_C03B1.1.1	transcript_NIC58.18473.1
OG0012736	transcript_C03B1.12.1	transcript_NIC58.18474.1
OG0012737	transcript_SSSD1.1a.1	transcript_NIC58.18475.2
OG0012738	transcript_T22E5.3.1	transcript_NIC58.18476.1
OG0012739	transcript_T22E5.2a.1	transcript_NIC58.18478.3
OG0012740	transcript_T22E5.1a.1	transcript_NIC58.18480.1
OG0012741	transcript_T22E5.6.1	transcript_NIC58.18482.1
OG0012742	transcript_K10C2.1.1	transcript_NIC58.18483.1
OG0012743	transcript_K10C2.3.1	transcript_NIC58.18485.1
OG0012744	transcript_K10C2.4.1	transcript_NIC58.18486.1
OG0012745	transcript_K10C2.5.1	transcript_NIC58.18487.1
OG0012746	transcript_K04E7.3.1	transcript_NIC58.18488.5
OG0012747	transcript_C15B12.2.1	transcript_NIC58.18490.1
OG0012748	transcript_C15B12.4.1	transcript_NIC58.18492.1
OG0012749	transcript_C15B12.5b.1	transcript_NIC58.18497.3
OG0012750	transcript_C15B12.6a.1	transcript_NIC58.18498.1
OG0012751	transcript_C15B12.7b.2	transcript_NIC58.18499.5
OG0012752	transcript_F22A3.3b.1	transcript_NIC58.18500.1
OG0012753	transcript_F22A3.2.1	transcript_NIC58.18501.1
OG0012754	transcript_F22A3.1b.1	transcript_NIC58.18502.1
OG0012755	transcript_F22A3.5.1	transcript_NIC58.18503.1
OG0012756	transcript_T14E8.2.1	transcript_NIC58.18505.1
OG0012757	transcript_T14E8.1a.1	transcript_NIC58.18515.1
OG0012758	transcript_T14E8.3b.1	transcript_NIC58.18516.1
OG0012759	transcript_T28B4.1c.1	transcript_NIC58.18518.1
OG0012760	transcript_T28B4.3.1	transcript_NIC58.18519.1
OG0012761	transcript_T28B4.4.2	transcript_NIC58.18520.1
OG0012762	transcript_F23G4.1.1	transcript_NIC58.18521.1
OG0012763	transcript_C25B8.8.1	transcript_NIC58.18523.2
OG0012764	transcript_C25B8.4b.1	transcript_NIC58.18524.1
OG0012765	transcript_C25B8.1b.1	transcript_NIC58.18525.3
OG0012766	transcript_C25B8.5a.1	transcript_NIC58.18526.2
OG0012767	transcript_C25B8.6.1	transcript_NIC58.18527.1
OG0012768	transcript_C56E10.3a.1	transcript_NIC58.18528.2
OG0012769	transcript_C56E10.4b.1	transcript_NIC58.18530.1
OG0012770	transcript_F38B6.5a.1	transcript_NIC58.18531.1
OG0012771	transcript_F38B6.4.1	transcript_NIC58.18532.3
OG0012772	transcript_F38B6.6.1	transcript_NIC58.18534.1
OG0012773	transcript_F38B6.3.1	transcript_NIC58.18535.1
OG0012774	transcript_F38B6.7.1	transcript_NIC58.18536.1
OG0012775	transcript_F38B6.2.1	transcript_NIC58.18537.1
OG0012776	transcript_K11G12.2.1	transcript_NIC58.18538.1
OG0012777	transcript_K11G12.7.1	transcript_NIC58.18539.1
OG0012778	transcript_K11G12.1a.1	transcript_NIC58.18540.1
OG0012779	transcript_K11G12.5.1	transcript_NIC58.18543.1
OG0012780	transcript_K11G12.6b.1	transcript_NIC58.18544.1
OG0012781	transcript_R03E9.2.1	transcript_NIC58.18546.1
OG0012782	transcript_R03E9.1.1	transcript_NIC58.18547.1
OG0012783	transcript_R03E9.3a.1	transcript_NIC58.18548.1
OG0012784	transcript_R03E9.4.2	transcript_NIC58.18549.1
OG0012785	transcript_H22K11.3.2	transcript_NIC58.18550.1
OG0012786	transcript_H22K11.2.1	transcript_NIC58.18551.1
OG0012787	transcript_H22K11.4a.1	transcript_NIC58.18552.2
OG0012788	transcript_H22K11.1.1	transcript_NIC58.18553.1
OG0012789	transcript_M03A8.3.2	transcript_NIC58.18554.1
OG0012790	transcript_M03A8.2.2	transcript_NIC58.18555.1
OG0012791	transcript_M03A8.1.1	transcript_NIC58.18556.1
OG0012792	transcript_M03A8.4.1	transcript_NIC58.18557.1
OG0012793	transcript_F41B4.1.1	transcript_NIC58.18558.1
OG0012794	transcript_F41B4.4a.1	transcript_NIC58.18559.2
OG0012795	transcript_C53B7.4.1	transcript_NIC58.18560.1
OG0012796	transcript_C53B7.3b.1	transcript_NIC58.18562.1
OG0012797	transcript_C53B7.2.1	transcript_NIC58.18563.1
OG0012798	transcript_C53B7.1.1	transcript_NIC58.18564.1
OG0012799	transcript_F41C6.1.1	transcript_NIC58.18576.1
OG0012800	transcript_F14B8.4.1	transcript_NIC58.18577.1
OG0012801	transcript_F14B8.3.1	transcript_NIC58.18578.1
OG0012802	transcript_F14B8.1a.1	transcript_NIC58.18581.1
OG0012803	transcript_F14B8.5a.1	transcript_NIC58.18582.3
OG0012804	transcript_F14B8.6.1	transcript_NIC58.18583.3
OG0012805	transcript_C16E9.1.1	transcript_NIC58.18584.4
OG0012806	transcript_C16E9.4a.2	transcript_NIC58.18586.3
OG0012807	transcript_F01E11.3.1	transcript_NIC58.18588.1
OG0012808	transcript_F01E11.18.1	transcript_NIC58.18589.1
OG0012809	transcript_F01E11.1.1	transcript_NIC58.18590.1
OG0012810	transcript_F01E11.4.1	transcript_NIC58.18591.3
OG0012811	transcript_F01E11.5c.1	transcript_NIC58.18592.3
OG0012812	transcript_R173.1.1	transcript_NIC58.18593.1
OG0012813	transcript_R173.4.1	transcript_NIC58.18594.1
OG0012814	transcript_R173.3.1	transcript_NIC58.18595.1
OG0012815	transcript_B0403.2.1	transcript_NIC58.18596.4
OG0012816	transcript_B0403.5.1	transcript_NIC58.18597.1
OG0012817	transcript_B0403.3.2	transcript_NIC58.18598.1
OG0012818	transcript_B0403.6.1	transcript_NIC58.18600.1
OG0012819	transcript_C36B7.4.1	transcript_NIC58.18601.2
OG0012820	transcript_C36B7.5b.1	transcript_NIC58.18606.1
OG0012821	transcript_C36B7.2.1	transcript_NIC58.18608.1
OG0012822	transcript_C36B7.1.1	transcript_NIC58.18609.1
OG0012823	transcript_C36B7.7.1	transcript_NIC58.18610.1
OG0012824	transcript_C54D1.3e.1	transcript_NIC58.18611.3
OG0012825	transcript_C54D1.7.1	transcript_NIC58.18614.1
OG0012826	transcript_C54D1.1.1	transcript_NIC58.18615.1
OG0012827	transcript_C54D1.6.1	transcript_NIC58.18616.2
OG0012828	transcript_C55B6.1a.1	transcript_NIC58.18632.2
OG0012829	transcript_ZK867.3.1	transcript_NIC58.18633.1
OG0012830	transcript_ZK867.1f.1	transcript_NIC58.18634.6
OG0012831	transcript_F46H5.7c.1	transcript_NIC58.18636.2
OG0012832	transcript_F46H5.4.1	transcript_NIC58.18637.1
OG0012833	transcript_F46H5.5.1	transcript_NIC58.18638.1
OG0012834	transcript_F46H5.8.1	transcript_NIC58.18639.1
OG0012835	transcript_F46H5.2a.2	transcript_NIC58.18640.1
OG0012836	transcript_F46H5.11.1	transcript_NIC58.18641.1
OG0012837	transcript_T10A3.1a.1	transcript_NIC58.18642.4
OG0012838	transcript_K03A1.2c.1	transcript_NIC58.18643.4
OG0012839	transcript_K03A1.4a.1	transcript_NIC58.18644.1
OG0012840	transcript_K03A1.5.1	transcript_NIC58.18645.1
OG0012841	transcript_T08A9.7.1	transcript_NIC58.18646.1
OG0012842	transcript_T08A9.12.1	transcript_NIC58.18647.1
OG0012843	transcript_T08A9.9.1	transcript_NIC58.18648.1
OG0012844	transcript_T08A9.13.1	transcript_NIC58.18650.1
OG0012845	transcript_T08A9.3.1	transcript_NIC58.18652.1
OG0012846	transcript_T08A9.11b.1	transcript_NIC58.18653.1
OG0012847	transcript_T08A9.2.1	transcript_NIC58.18654.1
OG0012848	transcript_T08A9.1.1	transcript_NIC58.18655.3
OG0012849	transcript_C56G3.1b.1	transcript_NIC58.18660.1
OG0012850	transcript_C10A4.6.1	transcript_NIC58.18663.1
OG0012851	transcript_C10A4.13.1	transcript_NIC58.18671.1
OG0012852	transcript_C10A4.10.1	transcript_NIC58.18672.1
OG0012853	transcript_C10A4.3.1	transcript_NIC58.18673.1
OG0012854	transcript_C10A4.2.1	transcript_NIC58.18674.1
OG0012855	transcript_C10A4.7.1	transcript_NIC58.18675.1
OG0012856	transcript_C10A4.9b.1	transcript_NIC58.18676.1
OG0012857	transcript_C10A4.8.1	transcript_NIC58.18677.2
OG0012858	transcript_C01C10.1a.1	transcript_NIC58.18678.1
OG0012859	transcript_C01C10.4.1	transcript_NIC58.18679.1
OG0012860	transcript_C01C10.2b.1	transcript_NIC58.18680.1
OG0012861	transcript_C01C10.3.1	transcript_NIC58.18681.1
OG0012862	transcript_K08A8.3a.1	transcript_NIC58.18683.1
OG0012863	transcript_K08A8.1a.1	transcript_NIC58.18684.1
OG0012864	transcript_F48E3.1.1	transcript_NIC58.18685.2
OG0012865	transcript_F48E3.2.1	transcript_NIC58.18686.1
OG0012866	transcript_F48E3.4.1	transcript_NIC58.18687.1
OG0012867	transcript_F48E3.8f.1	transcript_NIC58.18689.2
OG0012868	transcript_F46C8.3.1	transcript_NIC58.18690.1
OG0012869	transcript_F46C8.5.1	transcript_NIC58.18691.2
OG0012870	transcript_F46C8.7a.1	transcript_NIC58.18692.6
OG0012871	transcript_F46C8.1.1	transcript_NIC58.18693.3
OG0012872	transcript_F46C8.8.1	transcript_NIC58.18694.1
OG0012873	transcript_PDB1.1a.1	transcript_NIC58.18695.1
OG0012874	transcript_F08C6.5.1	transcript_NIC58.18696.1
OG0012875	transcript_F08C6.6.1	transcript_NIC58.18705.2
OG0012876	transcript_F08C6.7.1	transcript_NIC58.18706.3
OG0012877	transcript_F08C6.1a.1	transcript_NIC58.18708.1
OG0012878	transcript_C44E12.1.1	transcript_NIC58.18709.1
OG0012879	transcript_C44E12.3c.1	transcript_NIC58.18710.1
OG0012880	transcript_F26A10.1.1	transcript_NIC58.18713.1
OG0012881	transcript_F26A10.2.2	transcript_NIC58.18714.1
OG0012882	transcript_F27D9.12.1	transcript_NIC58.18716.1
OG0012883	transcript_F27D9.5.1	transcript_NIC58.18717.3
OG0012884	transcript_F27D9.6.1	transcript_NIC58.18718.1
OG0012885	transcript_F27D9.7.1	transcript_NIC58.18719.1
OG0012886	transcript_F27D9.2.1	transcript_NIC58.18720.1
OG0012887	transcript_F27D9.8.1	transcript_NIC58.18721.1
OG0012888	transcript_F27D9.1a.1	transcript_NIC58.18722.1
OG0012889	transcript_C53C9.2.1	transcript_NIC58.18723.1
OG0012890	transcript_C53C9.3d.1	transcript_NIC58.18724.5
OG0012891	transcript_K09F5.6b.1	transcript_NIC58.18726.1
OG0012892	transcript_K09F5.3.1	transcript_NIC58.18727.1
OG0012893	transcript_C47C12.3b.1	transcript_NIC58.18733.1
OG0012894	transcript_C47C12.6b.1	transcript_NIC58.18735.1
OG0012895	transcript_ZK154.1.1	transcript_NIC58.18737.1
OG0012896	transcript_ZK154.6a.1	transcript_NIC58.18738.2
OG0012897	transcript_ZK154.7.1	transcript_NIC58.18739.1
OG0012898	transcript_R03G5.5a.1	transcript_NIC58.18740.1
OG0012899	transcript_R03G5.6.2	transcript_NIC58.18746.1
OG0012900	transcript_R03G5.2.1	transcript_NIC58.18747.1
OG0012901	transcript_C54D2.4.1	transcript_NIC58.18749.1
OG0012902	transcript_C54D2.2.1	transcript_NIC58.18750.1
OG0012903	transcript_C54D2.1a.1	transcript_NIC58.18752.1
OG0012904	transcript_C54D2.6.1	transcript_NIC58.18753.1
OG0012905	transcript_C54D2.5d.1	transcript_NIC58.18754.5
OG0012906	transcript_C39D10.8b.1	transcript_NIC58.18755.1
OG0012907	transcript_C39D10.3a.1	transcript_NIC58.18756.1
OG0012908	transcript_C39D10.2.1	transcript_NIC58.18757.1
OG0012909	transcript_C39D10.5.1	transcript_NIC58.18758.1
OG0012910	transcript_C39D10.6.1	transcript_NIC58.18759.1
OG0012911	transcript_C39D10.11a.1	transcript_NIC58.18760.1
OG0012912	transcript_C39D10.7.1	transcript_NIC58.18762.1
OG0012913	transcript_C14F5.3e.1	transcript_NIC58.18765.5
OG0012914	transcript_C14F5.1a.1	transcript_NIC58.18766.2
OG0012915	transcript_C14F5.4.1	transcript_NIC58.18767.1
OG0012916	transcript_F45E1.5.1	transcript_NIC58.18769.2
OG0012917	transcript_F45E1.4.1	transcript_NIC58.18771.1
OG0012918	transcript_F45E1.7b.1	transcript_NIC58.18772.1
OG0012919	transcript_F45E1.1.2	transcript_NIC58.18773.1
OG0012920	transcript_C34D10.1.1	transcript_NIC58.18775.1
OG0012921	transcript_C18A11.5c.1	transcript_NIC58.18783.1
OG0012922	transcript_C18A11.7a.1	transcript_NIC58.18789.7
OG0012923	transcript_C18A11.3.1	transcript_NIC58.18790.1
OG0012924	transcript_C18A11.2.1	transcript_NIC58.18791.1
OG0012925	transcript_C18A11.1.1	transcript_NIC58.18793.1
OG0012926	transcript_C46F2.1.1	transcript_NIC58.18797.1
OG0012927	transcript_K07E3.4a.1	transcript_NIC58.18798.1
OG0012928	transcript_K07E3.3.1	transcript_NIC58.18799.1
OG0012929	transcript_K07E3.7c.1	transcript_NIC58.18800.1
OG0012930	transcript_K07E3.2.1	transcript_NIC58.18803.1
OG0012931	transcript_K07E3.9.1	transcript_NIC58.18804.1
OG0012932	transcript_C02B8.4.1	transcript_NIC58.18806.1
OG0012933	transcript_C02B8.12.1	transcript_NIC58.18807.1
OG0012934	transcript_C02B8.5.1	transcript_NIC58.18808.1
OG0012935	transcript_F22F1.3.1	transcript_NIC58.19566.1
OG0012936	transcript_C17H11.2.1	transcript_NIC58.19567.1
OG0012937	transcript_C17H11.1.1	transcript_NIC58.19568.1
OG0012938	transcript_C17H11.5.1	transcript_NIC58.19569.1
OG0012939	transcript_C17H11.6d.1	transcript_NIC58.19570.2
OG0012940	transcript_C47D2.2.1	transcript_NIC58.19571.1
OG0012941	transcript_C47D2.1.1	transcript_NIC58.19572.1
OG0012943	transcript_K02A6.2.1	transcript_NIC58.19573.1
OG0012944	transcript_K02A6.3.1	transcript_NIC58.19574.8
OG0012945	transcript_M60.4a.1	transcript_NIC58.19576.1
OG0012946	transcript_M60.2.1	transcript_NIC58.19577.1
OG0012947	transcript_M60.5.1	transcript_NIC58.19578.1
OG0012948	transcript_M60.6.1	transcript_NIC58.19579.1
OG0012949	transcript_M60.7.1	transcript_NIC58.19581.3
OG0012950	transcript_F13B9.5.1	transcript_NIC58.19582.1
OG0012951	transcript_F13B9.8.1	transcript_NIC58.19583.1
OG0012952	transcript_F13B9.1a.1	transcript_NIC58.19584.2
OG0012953	transcript_R09F10.3.1	transcript_NIC58.19585.1
OG0012954	transcript_R09F10.4.1	transcript_NIC58.19217.1
OG0012955	transcript_R09F10.5.1	transcript_NIC58.19216.1
OG0012956	transcript_R09F10.8.1	transcript_NIC58.17040.2
OG0012957	transcript_F55E10.6.1	transcript_NIC58.19206.1
OG0012958	transcript_F55E10.7.1	transcript_NIC58.19205.1
OG0012959	transcript_F40B5.2a.1	transcript_NIC58.19204.1
OG0012960	transcript_F41D9.1.1	transcript_NIC58.19201.2
OG0012961	transcript_F41D9.2b.1	transcript_NIC58.19200.1
OG0012962	transcript_F41D9.3e.1	transcript_NIC58.19199.1
OG0012963	transcript_F41D9.5.1	transcript_NIC58.19198.1
OG0012964	transcript_F08F1.5.1	transcript_NIC58.19196.1
OG0012965	transcript_F08F1.6.1	transcript_NIC58.19195.1
OG0012966	transcript_F08F1.7.1	transcript_NIC58.19194.1
OG0012967	transcript_F08F1.8.1	transcript_NIC58.19193.1
OG0012968	transcript_F08F1.3.1	transcript_NIC58.19192.1
OG0012969	transcript_F16F9.1.2	transcript_NIC58.19190.1
OG0012970	transcript_F16F9.2.1	transcript_NIC58.19189.1
OG0012971	transcript_F16F9.3.1	transcript_NIC58.19188.1
OG0012972	transcript_F16F9.4.1	transcript_NIC58.19187.1
OG0012973	transcript_F16F9.5.1	transcript_NIC58.19186.1
OG0012974	transcript_T01B10.4a.1	transcript_NIC58.19184.1
OG0012975	transcript_T01B10.5.1	transcript_NIC58.19183.1
OG0012976	transcript_H03E18.1.1	transcript_NIC58.19180.1
OG0012977	transcript_H03E18.2b.1	transcript_NIC58.19179.1
OG0012978	transcript_C03G5.14.1	transcript_NIC58.19178.1
OG0012979	transcript_C03G5.7.2	transcript_NIC58.19177.1
OG0012980	transcript_D2021.4a.2	transcript_NIC58.19167.1
OG0012981	transcript_D2021.2a.1	transcript_NIC58.19166.1
OG0012982	transcript_D2021.1a.1	transcript_NIC58.19165.2
OG0012983	transcript_F18E9.8a.2	transcript_NIC58.19162.1
OG0012984	transcript_F18E9.4.1	transcript_NIC58.19161.1
OG0012985	transcript_F18E9.3.1	transcript_NIC58.19160.1
OG0012986	transcript_F18E9.2a.1	transcript_NIC58.19159.1
OG0012987	transcript_K01A12.2.1	transcript_NIC58.19132.1
OG0012988	transcript_K01A12.3.1	transcript_NIC58.19133.1
OG0012989	transcript_F12D9.1.1	transcript_NIC58.19134.1
OG0012990	transcript_K09E2.4a.1	transcript_NIC58.19135.1
OG0012991	transcript_K09E2.2a.1	transcript_NIC58.19137.1
OG0012992	transcript_K09E2.3.2	transcript_NIC58.19136.1
OG0012993	transcript_K09E2.1.1	transcript_NIC58.19138.1
OG0012994	transcript_F53A9.5.1	transcript_NIC58.19139.2
OG0012995	transcript_F53A9.4.1	transcript_NIC58.19140.1
OG0012996	transcript_F53A9.3.1	transcript_NIC58.19141.1
OG0012997	transcript_F53A9.9.1	transcript_NIC58.19146.1
OG0012998	transcript_M02D8.3.1	transcript_NIC58.16622.1
OG0012999	transcript_M02D8.7.1	transcript_NIC58.19129.1
OG0013000	transcript_M02D8.4.1	transcript_NIC58.19128.1
OG0013001	transcript_M02D8.5.1	transcript_NIC58.19127.1
OG0013002	transcript_M02D8.1.1	transcript_NIC58.19126.1
OG0013003	transcript_ZK721.4.1	transcript_NIC58.19125.1
OG0013004	transcript_ZK721.2.1	transcript_NIC58.19124.2
OG0013005	transcript_ZK721.1.1	transcript_NIC58.19123.1
OG0013006	transcript_R04E5.7.1	transcript_NIC58.19122.1
OG0013007	transcript_R04E5.9.1	transcript_NIC58.19121.3
OG0013008	transcript_R04E5.2.1	transcript_NIC58.19120.1
OG0013009	transcript_C28G1.2.1	transcript_NIC58.19110.5
OG0013010	transcript_C06E2.5.1	transcript_NIC58.19106.1
OG0013011	transcript_C06E2.1.1	transcript_NIC58.19101.1
OG0013012	transcript_C06E2.2.1	transcript_NIC58.19096.1
OG0013013	transcript_D1009.3a.1	transcript_NIC58.18968.1
OG0013014	transcript_D1009.4.1	transcript_NIC58.18952.1
OG0013015	transcript_D1009.1a.1	transcript_NIC58.18951.1
OG0013016	transcript_D1009.5.1	transcript_NIC58.18950.1
OG0013017	transcript_D1073.1.1	transcript_NIC58.18949.1
OG0013018	transcript_C48C5.3.1	transcript_NIC58.18948.1
OG0013019	transcript_C48C5.1.1	transcript_NIC58.18947.3
OG0013020	transcript_C24A3.6.2	transcript_NIC58.18946.1
OG0013021	transcript_C24A3.2a.1	transcript_NIC58.18944.1
OG0013022	transcript_C24A3.1c.1	transcript_NIC58.18943.1
OG0013023	transcript_T25B6.4.1	transcript_NIC58.18941.1
OG0013024	transcript_T25B6.5.1	transcript_NIC58.18938.1
OG0013025	transcript_T25B6.6.1	transcript_NIC58.18937.1
OG0013026	transcript_F47E1.3.1	transcript_NIC58.18923.1
OG0013027	transcript_F47E1.20.1	transcript_NIC58.18922.1
OG0013028	transcript_C25A11.4f.1	transcript_NIC58.18920.2
OG0013029	transcript_C25A11.2.2	transcript_NIC58.18919.1
OG0013030	transcript_B0563.6a.1	transcript_NIC58.18918.3
OG0013031	transcript_B0563.5.1	transcript_NIC58.18917.1
OG0013032	transcript_B0563.4.1	transcript_NIC58.18915.1
OG0013033	transcript_B0563.7.1	transcript_NIC58.18916.1
OG0013034	transcript_B0563.2a.1	transcript_NIC58.18914.1
OG0013035	transcript_B0563.10.1	transcript_NIC58.18913.1
OG0013036	transcript_B0563.9.1	transcript_NIC58.18912.1
OG0013037	transcript_B0563.8.1	transcript_NIC58.18909.1
OG0013038	transcript_C35B8.4.2	transcript_NIC58.17230.1
OG0013039	transcript_C35B8.3b.1	transcript_NIC58.17231.1
OG0013040	transcript_C35B8.2b.1	transcript_NIC58.17232.1
OG0013041	transcript_C35B8.1.1	transcript_NIC58.17233.1
OG0013042	transcript_F18G5.4.1	transcript_NIC58.17234.1
OG0013043	transcript_F18G5.3.2	transcript_NIC58.17235.1
OG0013044	transcript_F18G5.2a.1	transcript_NIC58.17236.1
OG0013045	transcript_F18G5.1.1	transcript_NIC58.17238.1
OG0013046	transcript_F18G5.6.1	transcript_NIC58.17239.1
OG0013047	transcript_B0416.3.1	transcript_NIC58.17244.1
OG0013048	transcript_B0416.7a.1	transcript_NIC58.17246.1
OG0013049	transcript_B0416.2.1	transcript_NIC58.17247.1
OG0013050	transcript_B0416.1a.1	transcript_NIC58.17248.1
OG0013051	transcript_F35G8.2.1	transcript_NIC58.17249.1
OG0013052	transcript_F35G8.1.1	transcript_NIC58.17250.1
OG0013053	transcript_T20B5.2.1	transcript_NIC58.17251.1
OG0013054	transcript_T20B5.3b.1	transcript_NIC58.17253.1
OG0013055	transcript_E01H11.3.1	transcript_NIC58.17254.1
OG0013056	transcript_E01H11.1c.1	transcript_NIC58.17255.4
OG0013057	transcript_C23F12.4.1	transcript_NIC58.17256.1
OG0013058	transcript_C23F12.1a.1	transcript_NIC58.17258.1
OG0013059	transcript_B0272.4.1	transcript_NIC58.17259.1
OG0013060	transcript_B0272.3.1	transcript_NIC58.17261.1
OG0013061	transcript_B0272.2.1	transcript_NIC58.17263.2
OG0013062	transcript_ZK899.1.1	transcript_NIC58.17264.2
OG0013063	transcript_ZK899.7.1	transcript_NIC58.17265.1
OG0013064	transcript_ZK899.2.1	transcript_NIC58.17266.1
OG0013065	transcript_ZK899.3.1	transcript_NIC58.17267.1
OG0013066	transcript_ZK899.8c.1	transcript_NIC58.17272.2
OG0013067	transcript_C07B5.2.1	transcript_NIC58.17273.1
OG0013068	transcript_C07B5.6.1	transcript_NIC58.17274.1
OG0013069	transcript_C07B5.3.1	transcript_NIC58.17275.1
OG0013070	transcript_C07B5.4a.1	transcript_NIC58.17276.1
OG0013071	transcript_C07B5.5.1	transcript_NIC58.17277.3
OG0013072	transcript_F49E2.5l.1	transcript_NIC58.17278.3
OG0013073	transcript_F49E2.2c.1	transcript_NIC58.17281.1
OG0013074	transcript_F49E2.4b.2	transcript_NIC58.17282.2
OG0013075	transcript_C11E4.3a.1	transcript_NIC58.17285.1
OG0013076	transcript_C11E4.6.1	transcript_NIC58.17286.1
OG0013077	transcript_C11E4.8a.1	transcript_NIC58.17288.1
OG0013078	transcript_F34H10.3.1	transcript_NIC58.17290.1
OG0013079	transcript_F34H10.5.1	transcript_NIC58.17291.1
OG0013080	transcript_F34H10.4b.1	transcript_NIC58.17292.1
OG0013081	transcript_T14B1.2.1	transcript_NIC58.17293.1
OG0013082	transcript_T14B1.1.2	transcript_NIC58.17294.1
OG0013083	transcript_C43C3.1.1	transcript_NIC58.17295.1
OG0013084	transcript_C43C3.2b.1	transcript_NIC58.17296.2
OG0013085	transcript_C43C3.3.1	transcript_NIC58.17297.1
OG0013086	transcript_F15G9.1a.1	transcript_NIC58.17298.2
OG0013087	transcript_F15G9.2.1	transcript_NIC58.17299.1
OG0013088	transcript_F15G9.6.1	transcript_NIC58.17300.1
OG0013089	transcript_F15G9.4b.1	transcript_NIC58.17301.1
OG0013090	transcript_F15G9.5.1	transcript_NIC58.17302.1
OG0013091	transcript_T09B9.3.1	transcript_NIC58.17304.1
OG0013092	transcript_T09B9.2.1	transcript_NIC58.17305.1
OG0013093	transcript_T09B9.4.1	transcript_NIC58.17406.1
OG0013094	transcript_T09B9.5.1	transcript_NIC58.17407.1
OG0013095	transcript_F36G3.1.1	transcript_NIC58.17408.2
OG0013096	transcript_F36G3.2.1	transcript_NIC58.17409.1
OG0013097	transcript_F47A4.2.1	transcript_NIC58.17411.3
OG0013098	transcript_F47A4.3a.1	transcript_NIC58.17412.3
OG0013099	transcript_F47A4.5.1	transcript_NIC58.17413.1
OG0013100	transcript_R07B1.1.1	transcript_NIC58.17414.1
OG0013101	transcript_R07B1.10.1	transcript_NIC58.17415.1
OG0013102	transcript_R07B1.2.1	transcript_NIC58.17416.1
OG0013103	transcript_R07B1.11.1	transcript_NIC58.17417.1
OG0013104	transcript_R07B1.3.1	transcript_NIC58.17418.1
OG0013105	transcript_R07B1.4.1	transcript_NIC58.17419.2
OG0013106	transcript_R07B1.13.1	transcript_NIC58.17421.1
OG0013107	transcript_R07B1.8.1	transcript_NIC58.17425.1
OG0013108	transcript_R07B1.12.1	transcript_NIC58.17426.1
OG0013109	transcript_R07B1.9.1	transcript_NIC58.17427.1
OG0013110	transcript_F21G4.1.1	transcript_NIC58.17430.1
OG0013111	transcript_F21G4.3.1	transcript_NIC58.17431.1
OG0013112	transcript_F21G4.6.1	transcript_NIC58.17435.1
OG0013113	transcript_C17G1.4a.1	transcript_NIC58.17442.2
OG0013114	transcript_C17G1.8.2	transcript_NIC58.17443.1
OG0013115	transcript_C17G1.5.1	transcript_NIC58.17444.1
OG0013116	transcript_C17G1.6a.1	transcript_NIC58.17445.2
OG0013117	transcript_C17G1.7.1	transcript_NIC58.17446.1
OG0013118	transcript_ZC506.1.1	transcript_NIC58.17447.6
OG0013119	transcript_ZC506.3.1	transcript_NIC58.17448.1
OG0013120	transcript_ZC506.4c.1	transcript_NIC58.17449.2
OG0013121	transcript_F19C6.5.1	transcript_NIC58.17450.1
OG0013122	transcript_F19C6.1.1	transcript_NIC58.17451.3
OG0013123	transcript_F19C6.2.1	transcript_NIC58.17452.1
OG0013124	transcript_F19C6.3.1	transcript_NIC58.17453.1
OG0013125	transcript_F42G10.1.1	transcript_NIC58.17456.1
OG0013126	transcript_ZC374.2.1	transcript_NIC58.17458.3
OG0013127	transcript_ZC374.1.1	transcript_NIC58.17459.2
OG0013128	transcript_ZC373.2.1	transcript_NIC58.17462.2
OG0013129	transcript_ZC373.4.1	transcript_NIC58.17463.1
OG0013130	transcript_ZC373.5.1	transcript_NIC58.17464.1
OG0013131	transcript_ZC373.6.1	transcript_NIC58.17465.1
OG0013132	transcript_W07E11.1b.1	transcript_NIC58.17467.2
OG0013133	transcript_W07E11.4.1	transcript_NIC58.17468.1
OG0013134	transcript_W07E11.2.1	transcript_NIC58.17469.1
OG0013135	transcript_W07E11.3a.1	transcript_NIC58.17470.1
OG0013136	transcript_T06H11.1f.1	transcript_NIC58.17471.7
OG0013137	transcript_T06H11.4.1	transcript_NIC58.17473.1
OG0013138	transcript_F09B9.2b.1	transcript_NIC58.17485.1
OG0013139	transcript_F09B9.5.1	transcript_NIC58.17486.1
OG0013140	transcript_F09B9.3.1	transcript_NIC58.17487.1
OG0013141	transcript_F09B9.4.1	transcript_NIC58.17488.1
OG0013142	transcript_C07A4.1.1	transcript_NIC58.17489.1
OG0013143	transcript_F21A10.1a.1	transcript_NIC58.17491.3
OG0013144	transcript_F21A10.2e.1	transcript_NIC58.17492.1
OG0013145	transcript_F21A10.4.1	transcript_NIC58.17493.1
OG0013146	transcript_F44A6.1b.1	transcript_NIC58.17494.1
OG0013147	transcript_F44A6.3.1	transcript_NIC58.17496.1
OG0013148	transcript_F44A6.5.1	transcript_NIC58.17498.1
OG0013149	transcript_C14H10.3a.1	transcript_NIC58.17500.1
OG0013150	transcript_C14H10.1.1	transcript_NIC58.17501.1
OG0013151	transcript_C14H10.2a.1	transcript_NIC58.17502.2
OG0013152	transcript_C32A9.1.1	transcript_NIC58.17503.1
OG0013153	transcript_F41E7.2.2	transcript_NIC58.17504.1
OG0013154	transcript_F41E7.3.1	transcript_NIC58.17506.2
OG0013155	transcript_F41E7.4.1	transcript_NIC58.17507.1
OG0013156	transcript_F41E7.8.1	transcript_NIC58.17509.1
OG0013157	transcript_F41E7.6.1	transcript_NIC58.17510.1
OG0013158	transcript_F41E7.7b.1	transcript_NIC58.17511.1
OG0013159	transcript_F41E7.9.1	transcript_NIC58.17512.1
OG0013160	transcript_R07E3.6.1	transcript_NIC58.17513.1
OG0013161	transcript_R07E3.5a.1	transcript_NIC58.17514.1
OG0013162	transcript_R07E3.4.2	transcript_NIC58.17515.1
OG0013163	transcript_R07E3.2.1	transcript_NIC58.17516.1
OG0013164	transcript_Y49A10A.1.1	transcript_NIC58.17525.1
OG0013165	transcript_F46F6.1b.1	transcript_NIC58.17527.2
OG0013166	transcript_F46F6.4a.1	transcript_NIC58.17528.1
OG0013167	transcript_F46F6.2d.1	transcript_NIC58.17530.4
OG0013168	transcript_ZC504.5.1	transcript_NIC58.17531.2
OG0013169	transcript_ZC504.1.1	transcript_NIC58.17532.1
OG0013170	transcript_ZC504.4c.1	transcript_NIC58.17534.2
OG0013171	transcript_C39B10.2d.1	transcript_NIC58.17539.1
OG0013172	transcript_C39B10.1.1	transcript_NIC58.17540.2
OG0013173	transcript_C39B10.7.1	transcript_NIC58.17541.2
OG0013174	transcript_F14F3.1a.1	transcript_NIC58.17546.1
OG0013175	transcript_F14F3.4.1	transcript_NIC58.17547.1
OG0013176	transcript_F14F3.3.1	transcript_NIC58.17548.1
OG0013177	transcript_F14F3.2.1	transcript_NIC58.17549.1
OG0013178	transcript_F59F5.1.1	transcript_NIC58.17550.3
OG0013179	transcript_F59F5.2a.1	transcript_NIC58.17551.1
OG0013180	transcript_F59F5.3.1	transcript_NIC58.17552.1
OG0013181	transcript_F59F5.4.1	transcript_NIC58.17554.1
OG0013182	transcript_F59F5.5.1	transcript_NIC58.17555.1
OG0013183	transcript_F59F5.6.2	transcript_NIC58.17556.1
OG0013184	transcript_F59F5.7.1	transcript_NIC58.17557.1
OG0013185	transcript_F57C7.2a.1	transcript_NIC58.17564.2
OG0013186	transcript_F57C7.4.1	transcript_NIC58.17565.1
OG0013187	transcript_M79.4.1	transcript_NIC58.17566.1
OG0013188	transcript_M79.1a.1	transcript_NIC58.17567.2
OG0013189	transcript_F11A1.3a.1	transcript_NIC58.17570.2
OG0013190	transcript_F13E6.2.1	transcript_NIC58.17571.1
OG0013191	transcript_F13E6.1.1	transcript_NIC58.17572.1
OG0013192	transcript_F13E6.4.1	transcript_NIC58.17573.1
OG0013193	transcript_F13E6.5.1	transcript_NIC58.17574.1
OG0013194	transcript_F13E6.6.1	transcript_NIC58.17575.3
OG0013195	transcript_T01C1.4.1	transcript_NIC58.17576.1
OG0013196	transcript_T01C1.2.1	transcript_NIC58.17577.1
OG0013197	transcript_R07A4.2.1	transcript_NIC58.17580.1
OG0013198	transcript_R07A4.4.1	transcript_NIC58.17584.1
OG0013199	transcript_T05A10.1d.1	transcript_NIC58.17587.1
OG0013200	transcript_T05A10.2.1	transcript_NIC58.17588.1
OG0013201	transcript_T05A10.3.1	transcript_NIC58.17590.1
OG0013202	transcript_T05A10.5b.1	transcript_NIC58.17591.1
OG0013203	transcript_T05A10.6.1	transcript_NIC58.17592.2
OG0013204	transcript_F31B12.1k.1	transcript_NIC58.17593.4
OG0013205	transcript_F31B12.4.1	transcript_NIC58.17594.1
OG0013206	transcript_C05A9.2.1	transcript_NIC58.17595.1
OG0013207	transcript_T21E8.4.1	transcript_NIC58.17600.1
OG0013208	transcript_T21E8.6.1	transcript_NIC58.17601.1
OG0013209	transcript_T21E8.7.1	transcript_NIC58.17602.1
OG0013210	transcript_T21E8.5.1	transcript_NIC58.17603.1
OG0013211	transcript_F47B10.6.1	transcript_NIC58.17604.1
OG0013212	transcript_F47B10.5.1	transcript_NIC58.17605.1
OG0013213	transcript_F47B10.4.1	transcript_NIC58.17606.1
OG0013214	transcript_F47B10.3.1	transcript_NIC58.17607.1
OG0013215	transcript_F47B10.2.1	transcript_NIC58.17608.2
OG0013216	transcript_F47B10.1.1	transcript_NIC58.17609.2
OG0013217	transcript_F47B10.7.1	transcript_NIC58.17610.1
OG0013218	transcript_F47B10.8b.1	transcript_NIC58.17611.2
OG0013219	transcript_T21B6.2.1	transcript_NIC58.17616.2
OG0013220	transcript_T21B6.3.1	transcript_NIC58.17617.1
OG0013221	transcript_K09C8.7.1	transcript_NIC58.17618.1
OG0013222	transcript_K09C8.1.1	transcript_NIC58.17619.1
OG0013223	transcript_K09C8.6.1	transcript_NIC58.17620.1
OG0013224	transcript_K09C8.2.1	transcript_NIC58.17621.3
OG0013225	transcript_K09C8.3.1	transcript_NIC58.17622.1
OG0013226	transcript_K09C8.4.1	transcript_NIC58.17623.1
OG0013227	transcript_K09C8.9.1	transcript_NIC58.17624.1
OG0013228	transcript_K09C8.8.1	transcript_NIC58.17625.1
OG0013229	transcript_K09C8.5.1	transcript_NIC58.17626.2
OG0013230	transcript_F59F3.2.1	transcript_NIC58.17633.1
OG0013231	transcript_F59F3.4.1	transcript_NIC58.17634.1
OG0013232	transcript_F58A3.5.1	transcript_NIC58.17635.1
OG0013233	transcript_F58A3.4.1	transcript_NIC58.17636.1
OG0013234	transcript_F58A3.3.1	transcript_NIC58.17637.1
OG0013235	transcript_F58A3.2h.1	transcript_NIC58.17638.1
OG0013236	transcript_F58A3.1c.1	transcript_NIC58.17639.5
OG0013237	transcript_C09F12.3.1	transcript_NIC58.17640.2
OG0013238	transcript_C09F12.1.1	transcript_NIC58.17641.1
OG0013239	transcript_C09F12.2.1	transcript_NIC58.17642.1
OG0013240	transcript_W04G3.8.1	transcript_NIC58.17643.1
OG0013241	transcript_W04G3.1a.1	transcript_NIC58.17644.1
OG0013242	transcript_W04G3.2.1	transcript_NIC58.17645.1
OG0013243	transcript_W04G3.3.1	transcript_NIC58.17646.1
OG0013244	transcript_W04G3.4.1	transcript_NIC58.17647.1
OG0013245	transcript_W04G3.5.1	transcript_NIC58.17648.1
OG0013246	transcript_W04G3.6d.1	transcript_NIC58.17652.3
OG0013247	transcript_W04G3.7.1	transcript_NIC58.17653.1
OG0013248	transcript_W04G3.11.1	transcript_NIC58.17654.1
OG0013249	transcript_W02H3.3.1	transcript_NIC58.17657.1
OG0013250	transcript_W02H3.1a.1	transcript_NIC58.17659.1
OG0013251	transcript_R08B4.4.1	transcript_NIC58.17660.1
OG0013252	transcript_R08B4.5.1	transcript_NIC58.17662.1
OG0013253	transcript_R08B4.3.1	transcript_NIC58.17663.1
OG0013254	transcript_R08B4.2.1	transcript_NIC58.17664.2
OG0013255	transcript_C05C9.2.1	transcript_NIC58.17666.1
OG0013256	transcript_C05C9.1.1	transcript_NIC58.17669.1
OG0013257	transcript_F13D2.1b.1	transcript_NIC58.17670.2
OG0013258	transcript_F13D2.2.1	transcript_NIC58.17671.1
OG0013259	transcript_F13D2.3.1	transcript_NIC58.17672.1
OG0013260	transcript_C34F6.1.1	transcript_NIC58.17674.1
OG0013261	transcript_C34F6.11.1	transcript_NIC58.17677.1
OG0013262	transcript_C34F6.4.1	transcript_NIC58.17678.1
OG0013263	transcript_C34F6.5a.1	transcript_NIC58.17679.1
OG0013264	transcript_C34F6.7.1	transcript_NIC58.17680.1
OG0013265	transcript_C34F6.8.1	transcript_NIC58.17681.1
OG0013266	transcript_C34F6.9.1	transcript_NIC58.17682.1
OG0013267	transcript_C34F6.12.1	transcript_NIC58.17683.1
OG0013268	transcript_C34F6.10b.1	transcript_NIC58.17684.3
OG0013269	transcript_C03A3.1a.1	transcript_NIC58.17685.1
OG0013270	transcript_C03A3.2.1	transcript_NIC58.17686.1
OG0013271	transcript_C03A3.9.1	transcript_NIC58.17687.1
OG0013272	transcript_C03A3.3.1	transcript_NIC58.17688.1
OG0013273	transcript_F38B2.6.1	transcript_NIC58.17693.1
OG0013274	transcript_F38B2.4a.1	transcript_NIC58.17695.1
OG0013275	transcript_F08G12.10.1	transcript_NIC58.17696.1
OG0013276	transcript_F08G12.1.1	transcript_NIC58.17699.1
OG0013277	transcript_F08G12.4.1	transcript_NIC58.17701.1
OG0013278	transcript_F08G12.5.1	transcript_NIC58.17702.3
OG0013279	transcript_F08G12.8.1	transcript_NIC58.17703.1
OG0013280	transcript_ZK455.6.1	transcript_NIC58.17704.1
OG0013281	transcript_ZK455.4.1	transcript_NIC58.17705.1
OG0013282	transcript_ZK455.3.1	transcript_NIC58.17706.1
OG0013283	transcript_ZK455.2.1	transcript_NIC58.17707.1
OG0013284	transcript_ZK455.1.1	transcript_NIC58.17708.1
OG0013285	transcript_ZK455.8a.1	transcript_NIC58.17709.1
OG0013286	transcript_F42E11.2a.1	transcript_NIC58.17712.1
OG0013287	transcript_F42E11.3.1	transcript_NIC58.17713.1
OG0013288	transcript_F42E11.4.1	transcript_NIC58.17714.1
OG0013289	transcript_F08B12.1.1	transcript_NIC58.17716.1
OG0013290	transcript_F08B12.2.1	transcript_NIC58.17717.1
OG0013291	transcript_F08B12.3g.1	transcript_NIC58.17718.6
OG0013292	transcript_F08B12.4a.1	transcript_NIC58.17719.1
OG0013293	transcript_F46C3.1.1	transcript_NIC58.17721.1
OG0013294	transcript_F46C3.2.1	transcript_NIC58.17722.1
OG0013295	transcript_F46C3.3a.1	transcript_NIC58.17723.3
OG0013296	transcript_F48C5.1.1	transcript_NIC58.17724.1
OG0013297	transcript_F48C5.2.2	transcript_NIC58.17725.1
OG0013298	transcript_T25C12.1a.1	transcript_NIC58.17726.4
OG0013299	transcript_F29G6.1.1	transcript_NIC58.17731.1
OG0013300	transcript_F29G6.2.1	transcript_NIC58.17732.1
OG0013301	transcript_F29G6.3f.1	transcript_NIC58.17733.2
OG0013302	transcript_C35C5.8a.1	transcript_NIC58.17735.1
OG0013303	transcript_C35C5.2.1	transcript_NIC58.17736.1
OG0013304	transcript_C35C5.4a.1	transcript_NIC58.17738.1
OG0013305	transcript_C35C5.10b.1	transcript_NIC58.17739.3
OG0013306	transcript_C35C5.5.1	transcript_NIC58.17740.1
OG0013307	transcript_C35C5.6.1	transcript_NIC58.17741.1
OG0013308	transcript_H05G16.1a.1	transcript_NIC58.17742.2
OG0013309	transcript_F52D10.1.1	transcript_NIC58.17743.1
OG0013310	transcript_F52D10.2.1	transcript_NIC58.17744.1
OG0013311	transcript_F52D10.4.1	transcript_NIC58.17748.1
OG0013312	transcript_F52D10.5.1	transcript_NIC58.17749.1
OG0013313	transcript_Y71H9A.1.1	transcript_NIC58.17750.1
OG0013314	transcript_Y71H9A.2.1	transcript_NIC58.17751.1
OG0013315	transcript_Y71H9A.3.1	transcript_NIC58.17752.1
OG0013316	transcript_T04F8.8.1	transcript_NIC58.17753.1
OG0013317	transcript_T04F8.4.1	transcript_NIC58.17754.1
OG0013318	transcript_T04F8.2.1	transcript_NIC58.17755.1
OG0013319	transcript_T04F8.3.1	transcript_NIC58.17756.1
OG0013320	transcript_T04F8.1.1	transcript_NIC58.17757.1
OG0013321	transcript_T04F8.6.1	transcript_NIC58.17758.1
OG0013322	transcript_T04F8.9b.1	transcript_NIC58.17759.1
OG0013323	transcript_T04F8.7a.1	transcript_NIC58.17760.1
OG0013325	transcript_C44C10.9b.1	transcript_NIC58.18970.3
OG0013326	transcript_D1053.4.1	transcript_NIC58.18971.2
OG0013327	transcript_D1053.1.1	transcript_NIC58.18972.1
OG0013328	transcript_D1053.3.2	transcript_NIC58.18975.1
OG0013329	transcript_C40H5.2c.1	transcript_NIC58.18976.2
OG0013330	transcript_C40H5.4.1	transcript_NIC58.18977.1
OG0013331	transcript_C40H5.5a.1	transcript_NIC58.18978.1
OG0013332	transcript_Y102F5A.1.1	transcript_NIC58.18985.1
OG0013333	transcript_C34E11.1.1	transcript_NIC58.18986.2
OG0013334	transcript_C34E11.2e.1	transcript_NIC58.18990.5
OG0013335	transcript_C34E11.3e.1	transcript_NIC58.18991.3
OG0013336	transcript_F54F7.1.1	transcript_NIC58.18992.1
OG0013337	transcript_F54F7.2.1	transcript_NIC58.18993.1
OG0013338	transcript_F54F7.8.1	transcript_NIC58.18999.1
OG0013339	transcript_Y62H9A.2.1	transcript_NIC58.19008.1
OG0013340	transcript_Y62H9A.4.1	transcript_NIC58.19010.1
OG0013341	transcript_Y62H9A.6.1	transcript_NIC58.19012.1
OG0013342	transcript_Y62H9A.7.1	transcript_NIC58.19013.1
OG0013343	transcript_Y62H9A.9.1	transcript_NIC58.19018.1
OG0013344	transcript_Y62H9A.10a.1	transcript_NIC58.19024.1
OG0013345	transcript_Y62H9A.15b.1	transcript_NIC58.19026.1
OG0013346	transcript_Y62H9A.12.1	transcript_NIC58.19029.1
OG0013347	transcript_F55G7.1.1	transcript_NIC58.19032.1
OG0013348	transcript_F55G7.4.1	transcript_NIC58.19033.1
OG0013349	transcript_T08D10.4.1	transcript_NIC58.19042.1
OG0013350	transcript_T08D10.3.1	transcript_NIC58.19043.1
OG0013351	transcript_T08D10.5.1	transcript_NIC58.19046.1
OG0013352	transcript_C49F5.8.1	transcript_NIC58.19047.1
OG0013354	transcript_C49F5.7.1	transcript_NIC58.17228.1
OG0013355	transcript_W06B3.2e.1	transcript_NIC58.17227.1
OG0013356	transcript_W06B3.1.2	transcript_NIC58.17222.1
OG0013357	transcript_VW06B3R.1b.1	transcript_NIC58.17221.1
OG0013358	transcript_B0198.2b.1	transcript_NIC58.17220.1
OG0013359	transcript_B0198.1.1	transcript_NIC58.17219.1
OG0013360	transcript_C15A7.2.1	transcript_NIC58.17217.1
OG0013361	transcript_W03G11.4.1	transcript_NIC58.17216.1
OG0013362	transcript_W03G11.3.1	transcript_NIC58.17215.1
OG0013363	transcript_W03G11.1a.1	transcript_NIC58.17214.1
OG0013364	transcript_W03G11.2.1	transcript_NIC58.17213.1
OG0013365	transcript_T01H10.8.1	transcript_NIC58.17105.2
OG0013366	transcript_M153.3.1	transcript_NIC58.17106.1
OG0013367	transcript_M153.1.1	transcript_NIC58.17107.1
OG0013368	transcript_M153.4.1	transcript_NIC58.17108.1
OG0013369	transcript_F57G12.2b.1	transcript_NIC58.17110.2
OG0013370	transcript_F57G12.1.1	transcript_NIC58.17111.1
OG0013371	transcript_C23H4.1.2	transcript_NIC58.17112.3
OG0013372	transcript_C23H4.8.1	transcript_NIC58.17113.1
OG0013373	transcript_E01G6.3.1	transcript_NIC58.17118.1
OG0013374	transcript_E01G6.2.1	transcript_NIC58.17119.1
OG0013375	transcript_E01G6.1.1	transcript_NIC58.17120.1
OG0013376	transcript_F42F12.14.1	transcript_NIC58.18898.1
OG0013377	transcript_F42F12.4.1	transcript_NIC58.18892.1
OG0013378	transcript_F19H6.6.1	transcript_NIC58.18890.1
OG0013379	transcript_F19H6.5.1	transcript_NIC58.18889.2
OG0013380	transcript_F19H6.2.1	transcript_NIC58.18888.1
OG0013381	transcript_F19H6.1.2	transcript_NIC58.18887.1
OG0013382	transcript_F17E5.1a.1	transcript_NIC58.18885.3
OG0013383	transcript_T24D3.2.2	transcript_NIC58.18884.1
OG0013384	transcript_T18D3.7a.1	transcript_NIC58.18881.1
OG0013385	transcript_T18D3.6.1	transcript_NIC58.18880.1
OG0013386	transcript_T18D3.2.1	transcript_NIC58.18877.1
OG0013387	transcript_T18D3.5.1	transcript_NIC58.18876.1
OG0013388	transcript_T18D3.3a.1	transcript_NIC58.18875.1
OG0013389	transcript_F45E6.1.1	transcript_NIC58.18873.1
OG0013390	transcript_F45E6.2.1	transcript_NIC58.18872.2
OG0013391	transcript_F45E6.3.2	transcript_NIC58.18871.1
OG0013392	transcript_H20J18.1c.1	transcript_NIC58.18869.2
OG0013393	transcript_C16D6.2b.1	transcript_NIC58.18867.1
OG0013395	transcript_T24D5.2.1	transcript_NIC58.18866.1
OG0013396	transcript_R09A8.3.1	transcript_NIC58.18865.1
OG0013397	transcript_R09A8.5.1	transcript_NIC58.18863.1
OG0013398	transcript_H36L18.1.1	transcript_NIC58.18862.1
OG0013399	transcript_C02B4.3.1	transcript_NIC58.18860.1
OG0013400	transcript_C02B4.4.1	transcript_NIC58.18858.1
OG0013401	transcript_C02B4.1a.1	transcript_NIC58.18856.4
OG0013402	transcript_F22E10.5.1	transcript_NIC58.18848.2
OG0013403	transcript_T22H6.1.1	transcript_NIC58.18847.1
OG0013404	transcript_T22H6.2b.1	transcript_NIC58.18846.1
OG0013405	transcript_T22H6.7.1	transcript_NIC58.18842.1
OG0013406	transcript_T22H6.6a.1	transcript_NIC58.18841.2
OG0013407	transcript_C52G5.2.1	transcript_NIC58.18840.1
OG0013408	transcript_C52G5.3.1	transcript_NIC58.18839.1
OG0013409	transcript_T14G8.3.1	transcript_NIC58.18835.1
OG0013410	transcript_T14G8.6.1	transcript_NIC58.18837.1
OG0013411	transcript_T14G8.4.1	transcript_NIC58.18836.1
OG0013412	transcript_K02A4.1.1	transcript_NIC58.18834.1
OG0013413	transcript_K02A4.2.2	transcript_NIC58.18833.1
OG0013414	transcript_C34E7.1a.1	transcript_NIC58.18832.1
OG0013415	transcript_C34E7.3.1	transcript_NIC58.18831.2
OG0013416	transcript_C34E7.4.1	transcript_NIC58.18830.1
OG0013417	transcript_C05E7.1.1	transcript_NIC58.18829.2
OG0013418	transcript_C05E7.3.1	transcript_NIC58.18828.1
OG0013419	transcript_C05E7.4.1	transcript_NIC58.18827.1
OG0013420	transcript_VF11C1L.1b.1	transcript_NIC58.18826.3
OG0013421	transcript_F11C1.4.1	transcript_NIC58.18825.1
OG0013422	transcript_F11C1.2.1	transcript_NIC58.18822.1
OG0013423	transcript_F11C1.1.2	transcript_NIC58.18821.1
OG0013424	transcript_F11C1.7b.1	transcript_NIC58.18820.1
OG0013425	transcript_F11C1.5a.1	transcript_NIC58.18817.1
OG0013426	transcript_F11C1.6a.2	transcript_NIC58.18816.1
OG0013427	transcript_C53C7.1a.1	transcript_NIC58.18815.1
OG0013428	transcript_K03A11.6.1	transcript_NIC58.19563.1
OG0013429	transcript_K03A11.5.1	transcript_NIC58.19562.2
OG0013430	transcript_K03A11.2.1	transcript_NIC58.19561.1
OG0013431	transcript_K03A11.3.1	transcript_NIC58.19560.1
OG0013432	transcript_R03G8.6.1	transcript_NIC58.8630.1
OG0013433	transcript_F17H10.1.1	transcript_NIC58.19556.2
OG0013434	transcript_F17H10.2a.1	transcript_NIC58.19555.2
OG0013435	transcript_F17H10.3a.1	transcript_NIC58.19554.1
OG0013436	transcript_F17H10.4.1	transcript_NIC58.19553.1
OG0013437	transcript_F09A5.1.1	transcript_NIC58.19552.1
OG0013438	transcript_F09A5.2b.1	transcript_NIC58.19551.1
OG0013439	transcript_F09A5.9.1	transcript_NIC58.19550.1
OG0013440	transcript_F09A5.3a.1	transcript_NIC58.19549.1
OG0013441	transcript_F09A5.4c.1	transcript_NIC58.19548.1
OG0013442	transcript_F48C11.3.1	transcript_NIC58.19547.1
OG0013443	transcript_F48C11.2a.1	transcript_NIC58.19546.1
OG0013444	transcript_F48C11.1.1	transcript_NIC58.19545.2
OG0013445	transcript_R12H7.1a.2	transcript_NIC58.19544.1
OG0013446	transcript_R12H7.4.1	transcript_NIC58.19543.1
OG0013447	transcript_R12H7.2.1	transcript_NIC58.19542.1
OG0013448	transcript_R12H7.5.1	transcript_NIC58.19541.1
OG0013449	transcript_R12H7.3.1	transcript_NIC58.19540.1
OG0013450	transcript_K08H2.1.1	transcript_NIC58.19539.1
OG0013451	transcript_K08H2.7a.1	transcript_NIC58.19532.1
OG0013452	transcript_K08H2.8.1	transcript_NIC58.19531.2
OG0013453	transcript_F46G10.1a.1	transcript_NIC58.19286.1
OG0013454	transcript_F46G10.2.1	transcript_NIC58.19285.1
OG0013455	transcript_F46G10.4.1	transcript_NIC58.19282.1
OG0013456	transcript_F46G10.5b.1	transcript_NIC58.19281.1
OG0013457	transcript_F46G10.6.1	transcript_NIC58.19280.1
OG0013458	transcript_C49F8.15.1	transcript_NIC58.19278.1
OG0013459	transcript_C49F8.1.1	transcript_NIC58.19277.1
OG0013460	transcript_C49F8.3.1	transcript_NIC58.19275.1
OG0013461	transcript_F02C12.4.1	transcript_NIC58.19274.1
OG0013462	transcript_F02C12.1.1	transcript_NIC58.19273.1
OG0013463	transcript_F15A2.1a.1	transcript_NIC58.19661.3
OG0013464	transcript_F15A2.2.1	transcript_NIC58.19660.2
OG0013465	transcript_F15A2.6a.1	transcript_NIC58.19659.1
OG0013466	transcript_H06A10.1.1	transcript_NIC58.19658.2
OG0013467	transcript_F18H3.5.1	transcript_NIC58.19656.1
OG0013468	transcript_F18H3.1.1	transcript_NIC58.19655.1
OG0013469	transcript_F18H3.4.1	transcript_NIC58.19653.1
OG0013470	transcript_R01E6.5.1	transcript_NIC58.19651.2
OG0013471	transcript_R01E6.3a.1	transcript_NIC58.19650.3
OG0013472	transcript_R01E6.2.1	transcript_NIC58.19648.1
OG0013473	transcript_R01E6.7.1	transcript_NIC58.19647.1
OG0013474	transcript_F54B11.10.1	transcript_NIC58.19646.1
OG0013475	transcript_F54B11.3a.1	transcript_NIC58.19645.1
OG0013476	transcript_F54B11.4.1	transcript_NIC58.19643.1
OG0013477	transcript_F54B11.5.1	transcript_NIC58.19642.1
OG0013478	transcript_F54B11.8.1	transcript_NIC58.19640.1
OG0013479	transcript_F54B11.9.1	transcript_NIC58.19639.4
OG0013480	transcript_Y12A6A.2.1	transcript_NIC58.19638.1
OG0013481	transcript_C40C9.5e.1	transcript_NIC58.19637.6
OG0013482	transcript_C40C9.1.1	transcript_NIC58.19636.1
OG0013483	transcript_C40C9.2.1	transcript_NIC58.19635.1
OG0013484	transcript_C04A11.1a.1	transcript_NIC58.19634.1
OG0013485	transcript_C04A11.2.1	transcript_NIC58.19633.1
OG0013486	transcript_C04A11.3b.1	transcript_NIC58.19632.2
OG0013487	transcript_C04A11.4a.1	transcript_NIC58.19631.1
OG0013488	transcript_K02D3.2.1	transcript_NIC58.19630.1
OG0013489	transcript_K11E4.1.1	transcript_NIC58.19629.1
OG0013490	transcript_K11E4.3.1	transcript_NIC58.19626.1
OG0013491	transcript_K11E4.6.1	transcript_NIC58.19625.2
OG0013492	transcript_K11E4.4a.1	transcript_NIC58.19624.1
OG0013493	transcript_F55F3.1.2	transcript_NIC58.19622.1
OG0013494	transcript_F55F3.2b.1	transcript_NIC58.19621.1
OG0013495	transcript_F55F3.4a.1	transcript_NIC58.19619.4
OG0013496	transcript_ZK1086.2.1	transcript_NIC58.19618.1
OG0013497	transcript_ZK1086.1b.1	transcript_NIC58.19617.3
OG0013498	transcript_F19D8.1b.1	transcript_NIC58.19615.1
OG0013499	transcript_M03B6.1.1	transcript_NIC58.19614.2
OG0013500	transcript_M03B6.5.1	transcript_NIC58.19613.1
OG0013501	transcript_M03B6.2.1	transcript_NIC58.19612.1
OG0013502	transcript_M03B6.4.1	transcript_NIC58.19611.1
OG0013503	transcript_M03B6.3.1	transcript_NIC58.19610.1
OG0013504	transcript_T21H8.1h.1	transcript_NIC58.19609.4
OG0013505	transcript_T21H8.2.1	transcript_NIC58.19608.1
OG0013506	transcript_Y26E6A.3.1	transcript_NIC58.19605.1
OG0013507	transcript_Y26E6A.2.2	transcript_NIC58.19604.1
OG0013508	transcript_Y26E6A.1a.1	transcript_NIC58.19603.1
OG0013510	transcript_K02B9.4b.1	transcript_NIC58.19261.1
OG0013511	transcript_F48F7.2.1	transcript_NIC58.19259.2
OG0013512	transcript_F48F7.3.1	transcript_NIC58.19258.1
OG0013513	transcript_F48F7.4.1	transcript_NIC58.19257.1
OG0013514	transcript_F48F7.6.1	transcript_NIC58.19255.1
OG0013515	transcript_C31E10.7.1	transcript_NIC58.19664.1
OG0013516	transcript_C31E10.8.1	transcript_NIC58.19665.2
OG0013517	transcript_C04C11.1a.1	transcript_NIC58.19666.1
OG0013518	transcript_C04C11.2.1	transcript_NIC58.19667.1
OG0013519	transcript_C33G3.1b.1	transcript_NIC58.19668.2
OG0013520	transcript_C33G3.3.1	transcript_NIC58.19669.1
OG0013521	transcript_C33G3.4.1	transcript_NIC58.19670.1
OG0013522	transcript_F28H6.7.1	transcript_NIC58.19506.1
OG0013523	transcript_R03E1.1.1	transcript_NIC58.16975.1
OG0013524	transcript_C37E2.1.2	transcript_NIC58.16976.1
OG0013525	transcript_C37E2.4.1	transcript_NIC58.16978.1
OG0013526	transcript_C37E2.5d.1	transcript_NIC58.16979.1
OG0013527	transcript_K06G5.1.2	transcript_NIC58.16972.1
OG0013528	transcript_E02H4.7.1	transcript_NIC58.17018.1
OG0013529	transcript_E02H4.4.1	transcript_NIC58.16991.1
OG0013530	transcript_E02H4.1a.1	transcript_NIC58.16981.1
OG0013531	transcript_E02H4.3e.1	transcript_NIC58.16983.5
OG0013532	transcript_C11H1.5.1	transcript_NIC58.16984.1
OG0013533	transcript_C11H1.3.1	transcript_NIC58.16986.1
OG0013534	transcript_C11H1.4a.1	transcript_NIC58.16987.1
OG0013535	transcript_C11H1.9.1	transcript_NIC58.16988.1
OG0013536	transcript_C11H1.7a.2	transcript_NIC58.16989.1
OG0013537	transcript_K04G11.2.1	transcript_NIC58.16990.1
OG0013538	transcript_K04G11.5c.1	transcript_NIC58.16964.1
OG0013539	transcript_T14C1.1.1	transcript_NIC58.16967.1
OG0013540	transcript_F23D12.1.1	transcript_NIC58.17229.1
OG0013541	transcript_Y66C5A.1.1	transcript_NIC58.19599.1
OG0013542	transcript_M163.7.1	transcript_NIC58.19597.1
OG0013543	transcript_M163.21.1	transcript_NIC58.19596.1
OG0013544	transcript_M163.9.1	transcript_NIC58.19594.1
OG0013545	transcript_M163.1.1	transcript_NIC58.19496.1
OG0013546	transcript_D1025.2.1	transcript_NIC58.19495.1
OG0013547	transcript_D1025.10.1	transcript_NIC58.19494.1
OG0013548	transcript_T24C2.5.2	transcript_NIC58.19490.1
OG0013549	transcript_T24C2.2.1	transcript_NIC58.19482.1
OG0013550	transcript_T24C2.1.1	transcript_NIC58.19481.1
OG0013551	transcript_H01A20.1.1	transcript_NIC58.19480.2
OG0013552	transcript_C44H4.4.1	transcript_NIC58.19476.1
OG0013553	transcript_C44H4.1.1	transcript_NIC58.19478.1
OG0013554	transcript_C44H4.3.1	transcript_NIC58.19477.1
OG0013555	transcript_C44H4.5.1	transcript_NIC58.19475.1
OG0013556	transcript_C44H4.8.1	transcript_NIC58.19474.1
OG0013557	transcript_C44H4.6.1	transcript_NIC58.19473.1
OG0013558	transcript_F54E4.1e.1	transcript_NIC58.19471.3
OG0013559	transcript_F54E4.2.1	transcript_NIC58.19470.1
OG0013560	transcript_F54E4.3.1	transcript_NIC58.19469.1
OG0013561	transcript_F54E4.4.1	transcript_NIC58.19468.1
OG0013562	transcript_C26G2.1b.1	transcript_NIC58.19467.3
OG0013563	transcript_C26G2.2a.1	transcript_NIC58.19466.1
OG0013564	transcript_F40E10.4.1	transcript_NIC58.19465.2
OG0013565	transcript_F40E10.3.1	transcript_NIC58.19464.4
OG0013566	transcript_F40E10.1.1	transcript_NIC58.19462.1
OG0013567	transcript_F40E10.5.1	transcript_NIC58.19461.1
OG0013568	transcript_F40E10.6.1	transcript_NIC58.19460.1
OG0013569	transcript_F33C8.1.1	transcript_NIC58.19459.1
OG0013570	transcript_F33C8.3.1	transcript_NIC58.19458.1
OG0013571	transcript_F33C8.4.1	transcript_NIC58.19457.1
OG0013572	transcript_C05G5.1.1	transcript_NIC58.19456.1
OG0013573	transcript_C05G5.2a.1	transcript_NIC58.19455.3
OG0013574	transcript_C05G5.3.1	transcript_NIC58.19454.1
OG0013575	transcript_C05G5.5a.1	transcript_NIC58.19452.1
OG0013576	transcript_Y16B4A.2.1	transcript_NIC58.19451.1
OG0013577	transcript_Y16B4A.1.1	transcript_NIC58.19450.2
OG0013578	transcript_F42D1.2.1	transcript_NIC58.19449.1
OG0013579	transcript_F42D1.3.2	transcript_NIC58.19448.1
OG0013580	transcript_T04C10.3.1	transcript_NIC58.19445.1
OG0013581	transcript_T04C10.2b.1	transcript_NIC58.19444.1
OG0013582	transcript_T04C10.1.1	transcript_NIC58.19443.1
OG0013583	transcript_C27C12.7.1	transcript_NIC58.19442.1
OG0013584	transcript_C27C12.5.1	transcript_NIC58.19440.1
OG0013585	transcript_C27C12.4.1	transcript_NIC58.19439.1
OG0013586	transcript_C27C12.6.1	transcript_NIC58.19438.1
OG0013587	transcript_F31F6.8.1	transcript_NIC58.19437.1
OG0013588	transcript_F31F6.4a.1	transcript_NIC58.19436.1
OG0013589	transcript_F31F6.5.1	transcript_NIC58.19435.2
OG0013590	transcript_F31F6.7.1	transcript_NIC58.19433.1
OG0013591	transcript_Y70D2A.2.1	transcript_NIC58.19432.1
OG0013592	transcript_Y70D2A.1.1	transcript_NIC58.19431.1
OG0013593	transcript_F14F4.1.1	transcript_NIC58.19430.1
OG0013594	transcript_F14F4.3.1	transcript_NIC58.19429.1
OG0013595	transcript_F45B8.4.1	transcript_NIC58.19428.1
OG0013596	transcript_F45B8.3.1	transcript_NIC58.19427.1
OG0013597	transcript_F20D1.1.1	transcript_NIC58.19426.1
OG0013598	transcript_F20D1.2.1	transcript_NIC58.19425.1
OG0013599	transcript_F20D1.10.1	transcript_NIC58.19424.1
OG0013600	transcript_F20D1.6.1	transcript_NIC58.19414.1
OG0013601	transcript_F20D1.7.1	transcript_NIC58.19413.1
OG0013602	transcript_F20D1.8.1	transcript_NIC58.19407.3
OG0013603	transcript_C18B12.6.1	transcript_NIC58.19405.3
OG0013604	transcript_C18B12.2.1	transcript_NIC58.19404.1
OG0013605	transcript_C18B12.3.1	transcript_NIC58.19403.2
OG0013606	transcript_C18B12.4.1	transcript_NIC58.19402.1
OG0013607	transcript_H03G16.2.1	transcript_NIC58.19401.1
OG0013608	transcript_H40L08.3a.1	transcript_NIC58.19400.1
OG0013609	transcript_H40L08.2a.2	transcript_NIC58.19399.2
OG0013610	transcript_H40L08.1.1	transcript_NIC58.19398.1
OG0013611	transcript_F09B12.5.1	transcript_NIC58.19397.1
OG0013612	transcript_F09B12.6.1	transcript_NIC58.19396.1
OG0013613	transcript_F09B12.3.1	transcript_NIC58.19395.1
OG0013614	transcript_F09B12.2.1	transcript_NIC58.19394.1
OG0013615	transcript_F09B12.1a.1	transcript_NIC58.19392.2
OG0013616	transcript_R07D5.2.1	transcript_NIC58.19391.1
OG0013617	transcript_R07D5.1d.1	transcript_NIC58.19387.1
OG0013618	transcript_T10B10.8.1	transcript_NIC58.19386.1
OG0013619	transcript_T10B10.7.1	transcript_NIC58.19385.1
OG0013620	transcript_T10B10.2.1	transcript_NIC58.19384.1
OG0013621	transcript_T10B10.3b.1	transcript_NIC58.19381.1
OG0013622	transcript_T10B10.4a.1	transcript_NIC58.19380.3
OG0013623	transcript_T10B10.6.1	transcript_NIC58.19379.1
OG0013624	transcript_T10B10.5.1	transcript_NIC58.19378.1
OG0013625	transcript_H03A11.1.1	transcript_NIC58.19376.1
OG0013626	transcript_H03A11.2.1	transcript_NIC58.19375.1
OG0013627	transcript_F39B1.1.1	transcript_NIC58.19374.1
OG0013628	transcript_F46F2.3.1	transcript_NIC58.19373.1
OG0013629	transcript_F46F2.5.1	transcript_NIC58.19372.1
OG0013630	transcript_C02D4.1.1	transcript_NIC58.19370.1
OG0013631	transcript_C02D4.2e.1	transcript_NIC58.19369.3
OG0013632	transcript_Y15E3A.1a.2	transcript_NIC58.19368.1
OG0013633	transcript_Y15E3A.2.1	transcript_NIC58.19367.1
OG0013634	transcript_Y15E3A.3.1	transcript_NIC58.19365.1
OG0013635	transcript_Y15E3A.5.2	transcript_NIC58.19363.2
OG0013636	transcript_C33A11.1.1	transcript_NIC58.19362.2
OG0013637	transcript_C33A11.2.1	transcript_NIC58.19361.1
OG0013638	transcript_C33A11.4a.1	transcript_NIC58.19360.1
OG0013639	transcript_F39D8.2a.1	transcript_NIC58.19353.1
OG0013640	transcript_F39D8.1a.1	transcript_NIC58.19354.3
OG0013641	transcript_F39D8.3b.1	transcript_NIC58.19352.1
OG0013642	transcript_F39D8.4.1	transcript_NIC58.19351.1
OG0013643	transcript_R03A10.1.1	transcript_NIC58.19350.1
OG0013644	transcript_R03A10.2.1	transcript_NIC58.19348.1
OG0013645	transcript_R03A10.3.1	transcript_NIC58.19347.1
OG0013646	transcript_R03A10.5.1	transcript_NIC58.19345.1
OG0013647	transcript_R03A10.6.1	transcript_NIC58.19344.1
OG0013648	transcript_C46E1.3.1	transcript_NIC58.19343.1
OG0013649	transcript_H13N06.3.1	transcript_NIC58.19341.4
OG0013650	transcript_H13N06.4a.1	transcript_NIC58.19340.2
OG0013651	transcript_H13N06.6b.1	transcript_NIC58.19339.1
OG0013652	transcript_H13N06.7.1	transcript_NIC58.19338.1
OG0013653	transcript_H13N06.5.1	transcript_NIC58.19337.1
OG0013654	transcript_H30A04.1b.1	transcript_NIC58.19336.1
OG0013655	transcript_C02C6.2a.1	transcript_NIC58.19335.1
OG0013656	transcript_C02C6.3a.1	transcript_NIC58.19334.1
OG0013657	transcript_K09A9.6b.1	transcript_NIC58.19332.2
OG0013658	transcript_K09A9.4.1	transcript_NIC58.19325.1
OG0013659	transcript_K09A9.8.1	transcript_NIC58.19324.1
OG0013660	transcript_K09A9.2.1	transcript_NIC58.19322.1
OG0013661	transcript_K09A9.1.1	transcript_NIC58.19321.1
OG0013662	transcript_K09E9.2.2	transcript_NIC58.19318.1
OG0013663	transcript_K09E9.1b.1	transcript_NIC58.19313.1
OG0013664	transcript_K09E9.4.1	transcript_NIC58.19312.1
OG0013665	transcript_K09E9.7.1	transcript_NIC58.19311.1
OG0013666	transcript_H08J19.1.1	transcript_NIC58.19310.1
OG0013667	transcript_F59D12.5.1	transcript_NIC58.19309.1
OG0013668	transcript_F59D12.3.1	transcript_NIC58.19308.1
OG0013669	transcript_F59D12.1.1	transcript_NIC58.19307.2
OG0013670	transcript_F59D12.2.1	transcript_NIC58.19306.1
OG0013671	transcript_F59D12.4.1	transcript_NIC58.19305.1
OG0013672	transcript_C03H12.1a.1	transcript_NIC58.19304.1
OG0013673	transcript_ZK662.3c.1	transcript_NIC58.19303.7
OG0013674	transcript_ZK662.6.1	transcript_NIC58.19302.1
OG0013675	transcript_ZK678.8.1	transcript_NIC58.19294.1
OG0013676	transcript_Y7A5A.1.1	transcript_NIC58.19295.1
OG0013677	transcript_Y7A5A.2.1	transcript_NIC58.19296.2
OG0013678	transcript_Y7A5A.6.1	transcript_NIC58.17339.1
OG0013679	transcript_F59F4.3.1	transcript_NIC58.17307.1
OG0013680	transcript_F59F4.4.1	transcript_NIC58.17308.1
OG0013681	transcript_F53H4.4.1	transcript_NIC58.17310.1
OG0013682	transcript_F53H4.5.1	transcript_NIC58.17311.1
OG0013683	transcript_F53H4.3.1	transcript_NIC58.17312.1
OG0013684	transcript_F31B9.1.1	transcript_NIC58.17313.1
OG0013686	transcript_E03G2.2.1	transcript_NIC58.17316.2
OG0013687	transcript_E03G2.3.1	transcript_NIC58.17317.1
OG0013688	transcript_E03G2.4.1	transcript_NIC58.17318.1
OG0013689	transcript_C09G1.5b.2	transcript_NIC58.17319.1
OG0013690	transcript_C09G1.4.2	transcript_NIC58.17210.1
OG0013691	transcript_VB0395L.1.2	transcript_NIC58.17209.1
OG0013692	transcript_B0395.1.1	transcript_NIC58.17208.2
OG0013693	transcript_B0395.2.1	transcript_NIC58.17207.1
OG0013694	transcript_B0395.3.1	transcript_NIC58.17206.1
OG0013695	transcript_T27A8.1.1	transcript_NIC58.17205.1
OG0013696	transcript_C30F2.1.1	transcript_NIC58.17204.1
OG0013697	transcript_C30F2.4.2	transcript_NIC58.17203.1
OG0013698	transcript_C30F2.3.1	transcript_NIC58.17201.2
OG0013699	transcript_C30F2.5.1	transcript_NIC58.17200.1
OG0013700	transcript_ZK1073.2.1	transcript_NIC58.17199.2
OG0013701	transcript_ZK1073.1.1	transcript_NIC58.17198.1
OG0013702	transcript_F09C8.2.1	transcript_NIC58.17197.1
OG0013703	transcript_F09C8.1.1	transcript_NIC58.17196.1
OG0013704	transcript_R11.2.1	transcript_NIC58.17195.1
OG0013705	transcript_R11.1.1	transcript_NIC58.17194.1
OG0013706	transcript_R11.3.1	transcript_NIC58.17193.1
OG0013709	transcript_W10G6.6.1	transcript_NIC58.17192.1
OG0013710	transcript_F52E10.1b.1	transcript_NIC58.513.1
OG0013711	transcript_F52E10.4b.1	transcript_NIC58.17188.1
OG0013712	transcript_T01B4.3.1	transcript_NIC58.17186.1
OG0013713	transcript_C11G6.1a.1	transcript_NIC58.17185.3
OG0013714	transcript_C11G6.4a.1	transcript_NIC58.17184.2
OG0013715	transcript_W09B12.1.1	transcript_NIC58.17183.1
OG0013716	transcript_F01G12.2b.1	transcript_NIC58.17182.1
OG0013717	transcript_F01G12.18.1	transcript_NIC58.17179.1
OG0013718	transcript_T24D11.1e.1	transcript_NIC58.17178.3
OG0013719	transcript_F38E9.6.1	transcript_NIC58.17177.1
OG0013720	transcript_F38E9.5.2	transcript_NIC58.17176.1
OG0013721	transcript_F38E9.2.1	transcript_NIC58.17175.1
OG0013722	transcript_F38E9.1.1	transcript_NIC58.17174.2
OG0013723	transcript_K05G3.3.1	transcript_NIC58.17173.2
OG0013724	transcript_T27B1.2b.1	transcript_NIC58.17167.2
OG0013725	transcript_T27B1.1.1	transcript_NIC58.17166.1
OG0013726	transcript_K08B5.2.1	transcript_NIC58.17165.1
OG0013727	transcript_K08B5.1.1	transcript_NIC58.17164.1
OG0013728	transcript_F59C12.2a.1	transcript_NIC58.17163.2
OG0013729	transcript_F59C12.1a.1	transcript_NIC58.17162.1
OG0013730	transcript_F59C12.3.1	transcript_NIC58.17161.1
OG0013731	transcript_C06G1.4.1	transcript_NIC58.17160.1
OG0013732	transcript_C06G1.2.1	transcript_NIC58.17159.1
OG0013733	transcript_C06G1.1b.1	transcript_NIC58.17158.2
OG0013734	transcript_F43B10.1d.1	transcript_NIC58.17157.1
OG0013735	transcript_F43B10.2a.1	transcript_NIC58.17156.1
OG0013736	transcript_F22H10.3.1	transcript_NIC58.17155.1
OG0013737	transcript_T21F2.1a.1	transcript_NIC58.17148.1
OG0013738	transcript_C10E2.3a.1	transcript_NIC58.17147.1
OG0013739	transcript_C10E2.2.2	transcript_NIC58.17144.2
OG0013740	transcript_C10E2.5.1	transcript_NIC58.17143.1
OG0013741	transcript_C10E2.1.1	transcript_NIC58.17140.1
OG0013742	transcript_T01C8.3.1	transcript_NIC58.17138.1
OG0013743	transcript_T01C8.2.1	transcript_NIC58.17137.1
OG0013744	transcript_T01C8.1b.1	transcript_NIC58.17134.2
OG0013745	transcript_T01C8.7.1	transcript_NIC58.17133.2
OG0013746	transcript_F41G4.2a.1	transcript_NIC58.17132.1
OG0013747	transcript_F41G4.3c.1	transcript_NIC58.17131.3
OG0013748	transcript_F41G4.1.1	transcript_NIC58.17130.2
OG0013749	transcript_F41G4.8.1	transcript_NIC58.17129.1
OG0013750	transcript_T20F7.7.1	transcript_NIC58.17123.2
OG0013751	transcript_F52G3.1.1	transcript_NIC58.17338.3
OG0013752	transcript_F52G3.5.1	transcript_NIC58.17337.1
OG0013753	transcript_K02H8.1d.1	transcript_NIC58.17336.5
OG0013754	transcript_F35B3.5c.1	transcript_NIC58.17332.1
OG0013755	transcript_F35B3.7.1	transcript_NIC58.17331.1
OG0013756	transcript_C30G4.2.1	transcript_NIC58.17330.1
OG0013757	transcript_C30G4.3.1	transcript_NIC58.17329.3
OG0013758	transcript_C30G4.4c.1	transcript_NIC58.17328.3
OG0013759	transcript_C30G4.6a.1	transcript_NIC58.17327.1
OG0013760	transcript_C08A9.10.1	transcript_NIC58.17325.1
OG0013761	transcript_T23C6.4.1	transcript_NIC58.17345.1
OG0013762	transcript_T23C6.1.1	transcript_NIC58.17346.1
OG0013763	transcript_T23C6.5.1	transcript_NIC58.17347.1
OG0013764	transcript_B0302.1a.1	transcript_NIC58.17350.3
OG0013765	transcript_B0302.5.1	transcript_NIC58.17351.1
OG0013766	transcript_T08G2.2.1	transcript_NIC58.17352.1
OG0013767	transcript_T25G12.5.1	transcript_NIC58.17354.1
OG0013768	transcript_T25G12.4.1	transcript_NIC58.17355.1
OG0013769	transcript_T25G12.6.1	transcript_NIC58.17356.1
OG0013770	transcript_T25G12.3.2	transcript_NIC58.17358.2
OG0013771	transcript_C53C11.3.1	transcript_NIC58.17359.1
OG0013772	transcript_C53C11.5b.1	transcript_NIC58.17360.2
OG0013773	transcript_F10D7.1.1	transcript_NIC58.17362.1
OG0013774	transcript_F10D7.11.1	transcript_NIC58.17363.1
OG0013775	transcript_F10D7.2.1	transcript_NIC58.17364.1
OG0013776	transcript_F10D7.3.1	transcript_NIC58.17365.1
OG0013777	transcript_F10D7.4b.1	transcript_NIC58.17366.1
OG0013778	transcript_F10D7.5a.1	transcript_NIC58.17367.2
OG0013779	transcript_F11C7.3.1	transcript_NIC58.17368.2
OG0013780	transcript_F11C7.2.1	transcript_NIC58.17369.1
OG0013781	transcript_F11C7.7.1	transcript_NIC58.17370.1
OG0013782	transcript_F11C7.4.1	transcript_NIC58.17372.1
OG0013783	transcript_F11C7.5.1	transcript_NIC58.17373.1
OG0013784	transcript_C36E6.8.1	transcript_NIC58.17377.1
OG0013785	transcript_C36E6.2.2	transcript_NIC58.17382.1
OG0013786	transcript_R106.2.1	transcript_NIC58.17389.1
OG0013787	transcript_R09G11.2a.2	transcript_NIC58.17392.1
OG0013788	transcript_R09G11.1.1	transcript_NIC58.17393.1
OG0013789	transcript_F31A3.5.1	transcript_NIC58.17398.1
OG0013790	transcript_C16H3.2.1	transcript_NIC58.17399.1
OG0013791	transcript_C16H3.3a.1	transcript_NIC58.17400.2
OG0013792	transcript_C16H3.1b.1	transcript_NIC58.17401.2
OG0013793	transcript_H18N23.2b.1	transcript_NIC58.17402.1
OG0013794	transcript_T23E7.5.1	transcript_NIC58.17403.2
OG0013795	transcript_T23E7.2a.1	transcript_NIC58.17404.5
OG0013796	transcript_T23E7.6.2	transcript_NIC58.17405.1
OG0013797	transcript_cTel55X.1b.1	transcript_NIC58.19854.2
