chrom,x,window_start,window_stop
I,5000.5,1,10000
I,15000.5,10001,20000
I,25000.5,20001,30000
I,35000.5,30001,40000
I,45000.5,40001,50000
I,55000.5,50001,60000
I,65000.5,60001,70000
I,75000.5,70001,80000
I,85000.5,80001,90000
I,95000.5,90001,100000
I,105000.5,100001,110000
I,115000.5,110001,120000
I,125000.5,120001,130000
I,135000.5,130001,140000
I,145000.5,140001,150000
I,155000.5,150001,160000
I,165000.5,160001,170000
I,175000.5,170001,180000
I,185000.5,180001,190000
I,195000.5,190001,200000
I,205000.5,200001,210000
I,215000.5,210001,220000
I,225000.5,220001,230000
I,235000.5,230001,240000
I,245000.5,240001,250000
I,255000.5,250001,260000
I,265000.5,260001,270000
I,275000.5,270001,280000
I,285000.5,280001,290000
I,295000.5,290001,300000
I,305000.5,300001,310000
I,315000.5,310001,320000
I,325000.5,320001,330000
I,335000.5,330001,340000
I,345000.5,340001,350000
I,355000.5,350001,360000
I,365000.5,360001,370000
I,375000.5,370001,380000
I,385000.5,380001,390000
I,395000.5,390001,400000
I,405000.5,400001,410000
I,415000.5,410001,420000
I,425000.5,420001,430000
I,435000.5,430001,440000
I,445000.5,440001,450000
I,455000.5,450001,460000
I,465000.5,460001,470000
I,475000.5,470001,480000
I,485000.5,480001,490000
I,495000.5,490001,500000
I,505000.5,500001,510000
I,515000.5,510001,520000
I,525000.5,520001,530000
I,535000.5,530001,540000
I,545000.5,540001,550000
I,555000.5,550001,560000
I,565000.5,560001,570000
I,575000.5,570001,580000
I,585000.5,580001,590000
I,595000.5,590001,600000
I,605000.5,600001,610000
I,615000.5,610001,620000
I,625000.5,620001,630000
I,635000.5,630001,640000
I,645000.5,640001,650000
I,655000.5,650001,660000
I,665000.5,660001,670000
I,675000.5,670001,680000
I,685000.5,680001,690000
I,695000.5,690001,700000
I,705000.5,700001,710000
I,715000.5,710001,720000
I,725000.5,720001,730000
I,735000.5,730001,740000
I,745000.5,740001,750000
I,755000.5,750001,760000
I,765000.5,760001,770000
I,775000.5,770001,780000
I,785000.5,780001,790000
I,795000.5,790001,800000
I,805000.5,800001,810000
I,815000.5,810001,820000
I,825000.5,820001,830000
I,835000.5,830001,840000
I,845000.5,840001,850000
I,855000.5,850001,860000
I,865000.5,860001,870000
I,875000.5,870001,880000
I,885000.5,880001,890000
I,895000.5,890001,900000
I,905000.5,900001,910000
I,915000.5,910001,920000
I,925000.5,920001,930000
I,935000.5,930001,940000
I,945000.5,940001,950000
I,955000.5,950001,960000
I,965000.5,960001,970000
I,975000.5,970001,980000
I,985000.5,980001,990000
I,995000.5,990001,1000000
I,1005000.5,1000001,1010000
I,1015000.5,1010001,1020000
I,1025000.5,1020001,1030000
I,1035000.5,1030001,1040000
I,1045000.5,1040001,1050000
I,1055000.5,1050001,1060000
I,1065000.5,1060001,1070000
I,1075000.5,1070001,1080000
I,1085000.5,1080001,1090000
I,1095000.5,1090001,1100000
I,1105000.5,1100001,1110000
I,1115000.5,1110001,1120000
I,1125000.5,1120001,1130000
I,1135000.5,1130001,1140000
I,1145000.5,1140001,1150000
I,1155000.5,1150001,1160000
I,1165000.5,1160001,1170000
I,1175000.5,1170001,1180000
I,1185000.5,1180001,1190000
I,1195000.5,1190001,1200000
I,1205000.5,1200001,1210000
I,1215000.5,1210001,1220000
I,1225000.5,1220001,1230000
I,1235000.5,1230001,1240000
I,1245000.5,1240001,1250000
I,1255000.5,1250001,1260000
I,1265000.5,1260001,1270000
I,1275000.5,1270001,1280000
I,1285000.5,1280001,1290000
I,1295000.5,1290001,1300000
I,1305000.5,1300001,1310000
I,1315000.5,1310001,1320000
I,1325000.5,1320001,1330000
I,1335000.5,1330001,1340000
I,1345000.5,1340001,1350000
I,1355000.5,1350001,1360000
I,1365000.5,1360001,1370000
I,1375000.5,1370001,1380000
I,1385000.5,1380001,1390000
I,1395000.5,1390001,1400000
I,1405000.5,1400001,1410000
I,1415000.5,1410001,1420000
I,1425000.5,1420001,1430000
I,1435000.5,1430001,1440000
I,1445000.5,1440001,1450000
I,1455000.5,1450001,1460000
I,1465000.5,1460001,1470000
I,1475000.5,1470001,1480000
I,1485000.5,1480001,1490000
I,1495000.5,1490001,1500000
I,1505000.5,1500001,1510000
I,1515000.5,1510001,1520000
I,1525000.5,1520001,1530000
I,1535000.5,1530001,1540000
I,1545000.5,1540001,1550000
I,1555000.5,1550001,1560000
I,1565000.5,1560001,1570000
I,1575000.5,1570001,1580000
I,1585000.5,1580001,1590000
I,1595000.5,1590001,1600000
I,1605000.5,1600001,1610000
I,1615000.5,1610001,1620000
I,1625000.5,1620001,1630000
I,1635000.5,1630001,1640000
I,1645000.5,1640001,1650000
I,1655000.5,1650001,1660000
I,1665000.5,1660001,1670000
I,1675000.5,1670001,1680000
I,1685000.5,1680001,1690000
I,1695000.5,1690001,1700000
I,1705000.5,1700001,1710000
I,1715000.5,1710001,1720000
I,1725000.5,1720001,1730000
I,1735000.5,1730001,1740000
I,1745000.5,1740001,1750000
I,1755000.5,1750001,1760000
I,1765000.5,1760001,1770000
I,1775000.5,1770001,1780000
I,1785000.5,1780001,1790000
I,1795000.5,1790001,1800000
I,1805000.5,1800001,1810000
I,1815000.5,1810001,1820000
I,1825000.5,1820001,1830000
I,1835000.5,1830001,1840000
I,1845000.5,1840001,1850000
I,1855000.5,1850001,1860000
I,1865000.5,1860001,1870000
I,1875000.5,1870001,1880000
I,1885000.5,1880001,1890000
I,1895000.5,1890001,1900000
I,1905000.5,1900001,1910000
I,1915000.5,1910001,1920000
I,1925000.5,1920001,1930000
I,1935000.5,1930001,1940000
I,1945000.5,1940001,1950000
I,1955000.5,1950001,1960000
I,1965000.5,1960001,1970000
I,1975000.5,1970001,1980000
I,1985000.5,1980001,1990000
I,1995000.5,1990001,2000000
I,2005000.5,2000001,2010000
I,2015000.5,2010001,2020000
I,2025000.5,2020001,2030000
I,2035000.5,2030001,2040000
I,2045000.5,2040001,2050000
I,2055000.5,2050001,2060000
I,2065000.5,2060001,2070000
I,2075000.5,2070001,2080000
I,2085000.5,2080001,2090000
I,2095000.5,2090001,2100000
I,2105000.5,2100001,2110000
I,2115000.5,2110001,2120000
I,2125000.5,2120001,2130000
I,2135000.5,2130001,2140000
I,2145000.5,2140001,2150000
I,2155000.5,2150001,2160000
I,2165000.5,2160001,2170000
I,2175000.5,2170001,2180000
I,2185000.5,2180001,2190000
I,2195000.5,2190001,2200000
I,2205000.5,2200001,2210000
I,2215000.5,2210001,2220000
I,2225000.5,2220001,2230000
I,2235000.5,2230001,2240000
I,2245000.5,2240001,2250000
I,2255000.5,2250001,2260000
I,2265000.5,2260001,2270000
I,2275000.5,2270001,2280000
I,2285000.5,2280001,2290000
I,2295000.5,2290001,2300000
I,2305000.5,2300001,2310000
I,2315000.5,2310001,2320000
I,2325000.5,2320001,2330000
I,2335000.5,2330001,2340000
I,2345000.5,2340001,2350000
I,2355000.5,2350001,2360000
I,2365000.5,2360001,2370000
I,2375000.5,2370001,2380000
I,2385000.5,2380001,2390000
I,2395000.5,2390001,2400000
I,2405000.5,2400001,2410000
I,2415000.5,2410001,2420000
I,2425000.5,2420001,2430000
I,2435000.5,2430001,2440000
I,2445000.5,2440001,2450000
I,2455000.5,2450001,2460000
I,2465000.5,2460001,2470000
I,2475000.5,2470001,2480000
I,2485000.5,2480001,2490000
I,2495000.5,2490001,2500000
I,2505000.5,2500001,2510000
I,2515000.5,2510001,2520000
I,2525000.5,2520001,2530000
I,2535000.5,2530001,2540000
I,2545000.5,2540001,2550000
I,2555000.5,2550001,2560000
I,2565000.5,2560001,2570000
I,2575000.5,2570001,2580000
I,2585000.5,2580001,2590000
I,2595000.5,2590001,2600000
I,2605000.5,2600001,2610000
I,2615000.5,2610001,2620000
I,2625000.5,2620001,2630000
I,2635000.5,2630001,2640000
I,2645000.5,2640001,2650000
I,2655000.5,2650001,2660000
I,2665000.5,2660001,2670000
I,2675000.5,2670001,2680000
I,2685000.5,2680001,2690000
I,2695000.5,2690001,2700000
I,2705000.5,2700001,2710000
I,2715000.5,2710001,2720000
I,2725000.5,2720001,2730000
I,2735000.5,2730001,2740000
I,2745000.5,2740001,2750000
I,2755000.5,2750001,2760000
I,2765000.5,2760001,2770000
I,2775000.5,2770001,2780000
I,2785000.5,2780001,2790000
I,2795000.5,2790001,2800000
I,2805000.5,2800001,2810000
I,2815000.5,2810001,2820000
I,2825000.5,2820001,2830000
I,2835000.5,2830001,2840000
I,2845000.5,2840001,2850000
I,2855000.5,2850001,2860000
I,2865000.5,2860001,2870000
I,2875000.5,2870001,2880000
I,2885000.5,2880001,2890000
I,2895000.5,2890001,2900000
I,2905000.5,2900001,2910000
I,2915000.5,2910001,2920000
I,2925000.5,2920001,2930000
I,2935000.5,2930001,2940000
I,2945000.5,2940001,2950000
I,2955000.5,2950001,2960000
I,2965000.5,2960001,2970000
I,2975000.5,2970001,2980000
I,2985000.5,2980001,2990000
I,2995000.5,2990001,3000000
I,3005000.5,3000001,3010000
I,3015000.5,3010001,3020000
I,3025000.5,3020001,3030000
I,3035000.5,3030001,3040000
I,3045000.5,3040001,3050000
I,3055000.5,3050001,3060000
I,3065000.5,3060001,3070000
I,3075000.5,3070001,3080000
I,3085000.5,3080001,3090000
I,3095000.5,3090001,3100000
I,3105000.5,3100001,3110000
I,3115000.5,3110001,3120000
I,3125000.5,3120001,3130000
I,3135000.5,3130001,3140000
I,3145000.5,3140001,3150000
I,3155000.5,3150001,3160000
I,3165000.5,3160001,3170000
I,3175000.5,3170001,3180000
I,3185000.5,3180001,3190000
I,3195000.5,3190001,3200000
I,3205000.5,3200001,3210000
I,3215000.5,3210001,3220000
I,3225000.5,3220001,3230000
I,3235000.5,3230001,3240000
I,3245000.5,3240001,3250000
I,3255000.5,3250001,3260000
I,3265000.5,3260001,3270000
I,3275000.5,3270001,3280000
I,3285000.5,3280001,3290000
I,3295000.5,3290001,3300000
I,3305000.5,3300001,3310000
I,3315000.5,3310001,3320000
I,3325000.5,3320001,3330000
I,3335000.5,3330001,3340000
I,3345000.5,3340001,3350000
I,3355000.5,3350001,3360000
I,3365000.5,3360001,3370000
I,3375000.5,3370001,3380000
I,3385000.5,3380001,3390000
I,3395000.5,3390001,3400000
I,3405000.5,3400001,3410000
I,3415000.5,3410001,3420000
I,3425000.5,3420001,3430000
I,3435000.5,3430001,3440000
I,3445000.5,3440001,3450000
I,3455000.5,3450001,3460000
I,3465000.5,3460001,3470000
I,3475000.5,3470001,3480000
I,3485000.5,3480001,3490000
I,3495000.5,3490001,3500000
I,3505000.5,3500001,3510000
I,3515000.5,3510001,3520000
I,3525000.5,3520001,3530000
I,3535000.5,3530001,3540000
I,3545000.5,3540001,3550000
I,3555000.5,3550001,3560000
I,3565000.5,3560001,3570000
I,3575000.5,3570001,3580000
I,3585000.5,3580001,3590000
I,3595000.5,3590001,3600000
I,3605000.5,3600001,3610000
I,3615000.5,3610001,3620000
I,3625000.5,3620001,3630000
I,3635000.5,3630001,3640000
I,3645000.5,3640001,3650000
I,3655000.5,3650001,3660000
I,3665000.5,3660001,3670000
I,3675000.5,3670001,3680000
I,3685000.5,3680001,3690000
I,3695000.5,3690001,3700000
I,3705000.5,3700001,3710000
I,3715000.5,3710001,3720000
I,3725000.5,3720001,3730000
I,3735000.5,3730001,3740000
I,3745000.5,3740001,3750000
I,3755000.5,3750001,3760000
I,3765000.5,3760001,3770000
I,3775000.5,3770001,3780000
I,3785000.5,3780001,3790000
I,3795000.5,3790001,3800000
I,3805000.5,3800001,3810000
I,3815000.5,3810001,3820000
I,3825000.5,3820001,3830000
I,3835000.5,3830001,3840000
I,3845000.5,3840001,3850000
I,3855000.5,3850001,3860000
I,3865000.5,3860001,3870000
I,3875000.5,3870001,3880000
I,3885000.5,3880001,3890000
I,3895000.5,3890001,3900000
I,3905000.5,3900001,3910000
I,3915000.5,3910001,3920000
I,3925000.5,3920001,3930000
I,3935000.5,3930001,3940000
I,3945000.5,3940001,3950000
I,3955000.5,3950001,3960000
I,3965000.5,3960001,3970000
I,3975000.5,3970001,3980000
I,3985000.5,3980001,3990000
I,3995000.5,3990001,4000000
I,4005000.5,4000001,4010000
I,4015000.5,4010001,4020000
I,4025000.5,4020001,4030000
I,4035000.5,4030001,4040000
I,4045000.5,4040001,4050000
I,4055000.5,4050001,4060000
I,4065000.5,4060001,4070000
I,4075000.5,4070001,4080000
I,4085000.5,4080001,4090000
I,4095000.5,4090001,4100000
I,4105000.5,4100001,4110000
I,4115000.5,4110001,4120000
I,4125000.5,4120001,4130000
I,4135000.5,4130001,4140000
I,4145000.5,4140001,4150000
I,4155000.5,4150001,4160000
I,4165000.5,4160001,4170000
I,4175000.5,4170001,4180000
I,4185000.5,4180001,4190000
I,4195000.5,4190001,4200000
I,4205000.5,4200001,4210000
I,4215000.5,4210001,4220000
I,4225000.5,4220001,4230000
I,4235000.5,4230001,4240000
I,4245000.5,4240001,4250000
I,4255000.5,4250001,4260000
I,4265000.5,4260001,4270000
I,4275000.5,4270001,4280000
I,4285000.5,4280001,4290000
I,4295000.5,4290001,4300000
I,4305000.5,4300001,4310000
I,4315000.5,4310001,4320000
I,4325000.5,4320001,4330000
I,4335000.5,4330001,4340000
I,4345000.5,4340001,4350000
I,4355000.5,4350001,4360000
I,4365000.5,4360001,4370000
I,4375000.5,4370001,4380000
I,4385000.5,4380001,4390000
I,4395000.5,4390001,4400000
I,4405000.5,4400001,4410000
I,4415000.5,4410001,4420000
I,4425000.5,4420001,4430000
I,4435000.5,4430001,4440000
I,4445000.5,4440001,4450000
I,4455000.5,4450001,4460000
I,4465000.5,4460001,4470000
I,4475000.5,4470001,4480000
I,4485000.5,4480001,4490000
I,4495000.5,4490001,4500000
I,4505000.5,4500001,4510000
I,4515000.5,4510001,4520000
I,4525000.5,4520001,4530000
I,4535000.5,4530001,4540000
I,4545000.5,4540001,4550000
I,4555000.5,4550001,4560000
I,4565000.5,4560001,4570000
I,4575000.5,4570001,4580000
I,4585000.5,4580001,4590000
I,4595000.5,4590001,4600000
I,4605000.5,4600001,4610000
I,4615000.5,4610001,4620000
I,4625000.5,4620001,4630000
I,4635000.5,4630001,4640000
I,4645000.5,4640001,4650000
I,4655000.5,4650001,4660000
I,4665000.5,4660001,4670000
I,4675000.5,4670001,4680000
I,4685000.5,4680001,4690000
I,4695000.5,4690001,4700000
I,4705000.5,4700001,4710000
I,4715000.5,4710001,4720000
I,4725000.5,4720001,4730000
I,4735000.5,4730001,4740000
I,4745000.5,4740001,4750000
I,4755000.5,4750001,4760000
I,4765000.5,4760001,4770000
I,4775000.5,4770001,4780000
I,4785000.5,4780001,4790000
I,4795000.5,4790001,4800000
I,4805000.5,4800001,4810000
I,4815000.5,4810001,4820000
I,4825000.5,4820001,4830000
I,4835000.5,4830001,4840000
I,4845000.5,4840001,4850000
I,4855000.5,4850001,4860000
I,4865000.5,4860001,4870000
I,4875000.5,4870001,4880000
I,4885000.5,4880001,4890000
I,4895000.5,4890001,4900000
I,4905000.5,4900001,4910000
I,4915000.5,4910001,4920000
I,4925000.5,4920001,4930000
I,4935000.5,4930001,4940000
I,4945000.5,4940001,4950000
I,4955000.5,4950001,4960000
I,4965000.5,4960001,4970000
I,4975000.5,4970001,4980000
I,4985000.5,4980001,4990000
I,4995000.5,4990001,5000000
I,5005000.5,5000001,5010000
I,5015000.5,5010001,5020000
I,5025000.5,5020001,5030000
I,5035000.5,5030001,5040000
I,5045000.5,5040001,5050000
I,5055000.5,5050001,5060000
I,5065000.5,5060001,5070000
I,5075000.5,5070001,5080000
I,5085000.5,5080001,5090000
I,5095000.5,5090001,5100000
I,5105000.5,5100001,5110000
I,5115000.5,5110001,5120000
I,5125000.5,5120001,5130000
I,5135000.5,5130001,5140000
I,5145000.5,5140001,5150000
I,5155000.5,5150001,5160000
I,5165000.5,5160001,5170000
I,5175000.5,5170001,5180000
I,5185000.5,5180001,5190000
I,5195000.5,5190001,5200000
I,5205000.5,5200001,5210000
I,5215000.5,5210001,5220000
I,5225000.5,5220001,5230000
I,5235000.5,5230001,5240000
I,5245000.5,5240001,5250000
I,5255000.5,5250001,5260000
I,5265000.5,5260001,5270000
I,5275000.5,5270001,5280000
I,5285000.5,5280001,5290000
I,5295000.5,5290001,5300000
I,5305000.5,5300001,5310000
I,5315000.5,5310001,5320000
I,5325000.5,5320001,5330000
I,5335000.5,5330001,5340000
I,5345000.5,5340001,5350000
I,5355000.5,5350001,5360000
I,5365000.5,5360001,5370000
I,5375000.5,5370001,5380000
I,5385000.5,5380001,5390000
I,5395000.5,5390001,5400000
I,5405000.5,5400001,5410000
I,5415000.5,5410001,5420000
I,5425000.5,5420001,5430000
I,5435000.5,5430001,5440000
I,5445000.5,5440001,5450000
I,5455000.5,5450001,5460000
I,5465000.5,5460001,5470000
I,5475000.5,5470001,5480000
I,5485000.5,5480001,5490000
I,5495000.5,5490001,5500000
I,5505000.5,5500001,5510000
I,5515000.5,5510001,5520000
I,5525000.5,5520001,5530000
I,5535000.5,5530001,5540000
I,5545000.5,5540001,5550000
I,5555000.5,5550001,5560000
I,5565000.5,5560001,5570000
I,5575000.5,5570001,5580000
I,5585000.5,5580001,5590000
I,5595000.5,5590001,5600000
I,5605000.5,5600001,5610000
I,5615000.5,5610001,5620000
I,5625000.5,5620001,5630000
I,5635000.5,5630001,5640000
I,5645000.5,5640001,5650000
I,5655000.5,5650001,5660000
I,5665000.5,5660001,5670000
I,5675000.5,5670001,5680000
I,5685000.5,5680001,5690000
I,5695000.5,5690001,5700000
I,5705000.5,5700001,5710000
I,5715000.5,5710001,5720000
I,5725000.5,5720001,5730000
I,5735000.5,5730001,5740000
I,5745000.5,5740001,5750000
I,5755000.5,5750001,5760000
I,5765000.5,5760001,5770000
I,5775000.5,5770001,5780000
I,5785000.5,5780001,5790000
I,5795000.5,5790001,5800000
I,5805000.5,5800001,5810000
I,5815000.5,5810001,5820000
I,5825000.5,5820001,5830000
I,5835000.5,5830001,5840000
I,5845000.5,5840001,5850000
I,5855000.5,5850001,5860000
I,5865000.5,5860001,5870000
I,5875000.5,5870001,5880000
I,5885000.5,5880001,5890000
I,5895000.5,5890001,5900000
I,5905000.5,5900001,5910000
I,5915000.5,5910001,5920000
I,5925000.5,5920001,5930000
I,5935000.5,5930001,5940000
I,5945000.5,5940001,5950000
I,5955000.5,5950001,5960000
I,5965000.5,5960001,5970000
I,5975000.5,5970001,5980000
I,5985000.5,5980001,5990000
I,5995000.5,5990001,6000000
I,6005000.5,6000001,6010000
I,6015000.5,6010001,6020000
I,6025000.5,6020001,6030000
I,6035000.5,6030001,6040000
I,6045000.5,6040001,6050000
I,6055000.5,6050001,6060000
I,6065000.5,6060001,6070000
I,6075000.5,6070001,6080000
I,6085000.5,6080001,6090000
I,6095000.5,6090001,6100000
I,6105000.5,6100001,6110000
I,6115000.5,6110001,6120000
I,6125000.5,6120001,6130000
I,6135000.5,6130001,6140000
I,6145000.5,6140001,6150000
I,6155000.5,6150001,6160000
I,6165000.5,6160001,6170000
I,6175000.5,6170001,6180000
I,6185000.5,6180001,6190000
I,6195000.5,6190001,6200000
I,6205000.5,6200001,6210000
I,6215000.5,6210001,6220000
I,6225000.5,6220001,6230000
I,6235000.5,6230001,6240000
I,6245000.5,6240001,6250000
I,6255000.5,6250001,6260000
I,6265000.5,6260001,6270000
I,6275000.5,6270001,6280000
I,6285000.5,6280001,6290000
I,6295000.5,6290001,6300000
I,6305000.5,6300001,6310000
I,6315000.5,6310001,6320000
I,6325000.5,6320001,6330000
I,6335000.5,6330001,6340000
I,6345000.5,6340001,6350000
I,6355000.5,6350001,6360000
I,6365000.5,6360001,6370000
I,6375000.5,6370001,6380000
I,6385000.5,6380001,6390000
I,6395000.5,6390001,6400000
I,6405000.5,6400001,6410000
I,6415000.5,6410001,6420000
I,6425000.5,6420001,6430000
I,6435000.5,6430001,6440000
I,6445000.5,6440001,6450000
I,6455000.5,6450001,6460000
I,6465000.5,6460001,6470000
I,6475000.5,6470001,6480000
I,6485000.5,6480001,6490000
I,6495000.5,6490001,6500000
I,6505000.5,6500001,6510000
I,6515000.5,6510001,6520000
I,6525000.5,6520001,6530000
I,6535000.5,6530001,6540000
I,6545000.5,6540001,6550000
I,6555000.5,6550001,6560000
I,6565000.5,6560001,6570000
I,6575000.5,6570001,6580000
I,6585000.5,6580001,6590000
I,6595000.5,6590001,6600000
I,6605000.5,6600001,6610000
I,6615000.5,6610001,6620000
I,6625000.5,6620001,6630000
I,6635000.5,6630001,6640000
I,6645000.5,6640001,6650000
I,6655000.5,6650001,6660000
I,6665000.5,6660001,6670000
I,6675000.5,6670001,6680000
I,6685000.5,6680001,6690000
I,6695000.5,6690001,6700000
I,6705000.5,6700001,6710000
I,6715000.5,6710001,6720000
I,6725000.5,6720001,6730000
I,6735000.5,6730001,6740000
I,6745000.5,6740001,6750000
I,6755000.5,6750001,6760000
I,6765000.5,6760001,6770000
I,6775000.5,6770001,6780000
I,6785000.5,6780001,6790000
I,6795000.5,6790001,6800000
I,6805000.5,6800001,6810000
I,6815000.5,6810001,6820000
I,6825000.5,6820001,6830000
I,6835000.5,6830001,6840000
I,6845000.5,6840001,6850000
I,6855000.5,6850001,6860000
I,6865000.5,6860001,6870000
I,6875000.5,6870001,6880000
I,6885000.5,6880001,6890000
I,6895000.5,6890001,6900000
I,6905000.5,6900001,6910000
I,6915000.5,6910001,6920000
I,6925000.5,6920001,6930000
I,6935000.5,6930001,6940000
I,6945000.5,6940001,6950000
I,6955000.5,6950001,6960000
I,6965000.5,6960001,6970000
I,6975000.5,6970001,6980000
I,6985000.5,6980001,6990000
I,6995000.5,6990001,7000000
I,7005000.5,7000001,7010000
I,7015000.5,7010001,7020000
I,7025000.5,7020001,7030000
I,7035000.5,7030001,7040000
I,7045000.5,7040001,7050000
I,7055000.5,7050001,7060000
I,7065000.5,7060001,7070000
I,7075000.5,7070001,7080000
I,7085000.5,7080001,7090000
I,7095000.5,7090001,7100000
I,7105000.5,7100001,7110000
I,7115000.5,7110001,7120000
I,7125000.5,7120001,7130000
I,7135000.5,7130001,7140000
I,7145000.5,7140001,7150000
I,7155000.5,7150001,7160000
I,7165000.5,7160001,7170000
I,7175000.5,7170001,7180000
I,7185000.5,7180001,7190000
I,7195000.5,7190001,7200000
I,7205000.5,7200001,7210000
I,7215000.5,7210001,7220000
I,7225000.5,7220001,7230000
I,7235000.5,7230001,7240000
I,7245000.5,7240001,7250000
I,7255000.5,7250001,7260000
I,7265000.5,7260001,7270000
I,7275000.5,7270001,7280000
I,7285000.5,7280001,7290000
I,7295000.5,7290001,7300000
I,7305000.5,7300001,7310000
I,7315000.5,7310001,7320000
I,7325000.5,7320001,7330000
I,7335000.5,7330001,7340000
I,7345000.5,7340001,7350000
I,7355000.5,7350001,7360000
I,7365000.5,7360001,7370000
I,7375000.5,7370001,7380000
I,7385000.5,7380001,7390000
I,7395000.5,7390001,7400000
I,7405000.5,7400001,7410000
I,7415000.5,7410001,7420000
I,7425000.5,7420001,7430000
I,7435000.5,7430001,7440000
I,7445000.5,7440001,7450000
I,7455000.5,7450001,7460000
I,7465000.5,7460001,7470000
I,7475000.5,7470001,7480000
I,7485000.5,7480001,7490000
I,7495000.5,7490001,7500000
I,7505000.5,7500001,7510000
I,7515000.5,7510001,7520000
I,7525000.5,7520001,7530000
I,7535000.5,7530001,7540000
I,7545000.5,7540001,7550000
I,7555000.5,7550001,7560000
I,7565000.5,7560001,7570000
I,7575000.5,7570001,7580000
I,7585000.5,7580001,7590000
I,7595000.5,7590001,7600000
I,7605000.5,7600001,7610000
I,7615000.5,7610001,7620000
I,7625000.5,7620001,7630000
I,7635000.5,7630001,7640000
I,7645000.5,7640001,7650000
I,7655000.5,7650001,7660000
I,7665000.5,7660001,7670000
I,7675000.5,7670001,7680000
I,7685000.5,7680001,7690000
I,7695000.5,7690001,7700000
I,7705000.5,7700001,7710000
I,7715000.5,7710001,7720000
I,7725000.5,7720001,7730000
I,7735000.5,7730001,7740000
I,7745000.5,7740001,7750000
I,7755000.5,7750001,7760000
I,7765000.5,7760001,7770000
I,7775000.5,7770001,7780000
I,7785000.5,7780001,7790000
I,7795000.5,7790001,7800000
I,7805000.5,7800001,7810000
I,7815000.5,7810001,7820000
I,7825000.5,7820001,7830000
I,7835000.5,7830001,7840000
I,7845000.5,7840001,7850000
I,7855000.5,7850001,7860000
I,7865000.5,7860001,7870000
I,7875000.5,7870001,7880000
I,7885000.5,7880001,7890000
I,7895000.5,7890001,7900000
I,7905000.5,7900001,7910000
I,7915000.5,7910001,7920000
I,7925000.5,7920001,7930000
I,7935000.5,7930001,7940000
I,7945000.5,7940001,7950000
I,7955000.5,7950001,7960000
I,7965000.5,7960001,7970000
I,7975000.5,7970001,7980000
I,7985000.5,7980001,7990000
I,7995000.5,7990001,8000000
I,8005000.5,8000001,8010000
I,8015000.5,8010001,8020000
I,8025000.5,8020001,8030000
I,8035000.5,8030001,8040000
I,8045000.5,8040001,8050000
I,8055000.5,8050001,8060000
I,8065000.5,8060001,8070000
I,8075000.5,8070001,8080000
I,8085000.5,8080001,8090000
I,8095000.5,8090001,8100000
I,8105000.5,8100001,8110000
I,8115000.5,8110001,8120000
I,8125000.5,8120001,8130000
I,8135000.5,8130001,8140000
I,8145000.5,8140001,8150000
I,8155000.5,8150001,8160000
I,8165000.5,8160001,8170000
I,8175000.5,8170001,8180000
I,8185000.5,8180001,8190000
I,8195000.5,8190001,8200000
I,8205000.5,8200001,8210000
I,8215000.5,8210001,8220000
I,8225000.5,8220001,8230000
I,8235000.5,8230001,8240000
I,8245000.5,8240001,8250000
I,8255000.5,8250001,8260000
I,8265000.5,8260001,8270000
I,8275000.5,8270001,8280000
I,8285000.5,8280001,8290000
I,8295000.5,8290001,8300000
I,8305000.5,8300001,8310000
I,8315000.5,8310001,8320000
I,8325000.5,8320001,8330000
I,8335000.5,8330001,8340000
I,8345000.5,8340001,8350000
I,8355000.5,8350001,8360000
I,8365000.5,8360001,8370000
I,8375000.5,8370001,8380000
I,8385000.5,8380001,8390000
I,8395000.5,8390001,8400000
I,8405000.5,8400001,8410000
I,8415000.5,8410001,8420000
I,8425000.5,8420001,8430000
I,8435000.5,8430001,8440000
I,8445000.5,8440001,8450000
I,8455000.5,8450001,8460000
I,8465000.5,8460001,8470000
I,8475000.5,8470001,8480000
I,8485000.5,8480001,8490000
I,8495000.5,8490001,8500000
I,8505000.5,8500001,8510000
I,8515000.5,8510001,8520000
I,8525000.5,8520001,8530000
I,8535000.5,8530001,8540000
I,8545000.5,8540001,8550000
I,8555000.5,8550001,8560000
I,8565000.5,8560001,8570000
I,8575000.5,8570001,8580000
I,8585000.5,8580001,8590000
I,8595000.5,8590001,8600000
I,8605000.5,8600001,8610000
I,8615000.5,8610001,8620000
I,8625000.5,8620001,8630000
I,8635000.5,8630001,8640000
I,8645000.5,8640001,8650000
I,8655000.5,8650001,8660000
I,8665000.5,8660001,8670000
I,8675000.5,8670001,8680000
I,8685000.5,8680001,8690000
I,8695000.5,8690001,8700000
I,8705000.5,8700001,8710000
I,8715000.5,8710001,8720000
I,8725000.5,8720001,8730000
I,8735000.5,8730001,8740000
I,8745000.5,8740001,8750000
I,8755000.5,8750001,8760000
I,8765000.5,8760001,8770000
I,8775000.5,8770001,8780000
I,8785000.5,8780001,8790000
I,8795000.5,8790001,8800000
I,8805000.5,8800001,8810000
I,8815000.5,8810001,8820000
I,8825000.5,8820001,8830000
I,8835000.5,8830001,8840000
I,8845000.5,8840001,8850000
I,8855000.5,8850001,8860000
I,8865000.5,8860001,8870000
I,8875000.5,8870001,8880000
I,8885000.5,8880001,8890000
I,8895000.5,8890001,8900000
I,8905000.5,8900001,8910000
I,8915000.5,8910001,8920000
I,8925000.5,8920001,8930000
I,8935000.5,8930001,8940000
I,8945000.5,8940001,8950000
I,8955000.5,8950001,8960000
I,8965000.5,8960001,8970000
I,8975000.5,8970001,8980000
I,8985000.5,8980001,8990000
I,8995000.5,8990001,9000000
I,9005000.5,9000001,9010000
I,9015000.5,9010001,9020000
I,9025000.5,9020001,9030000
I,9035000.5,9030001,9040000
I,9045000.5,9040001,9050000
I,9055000.5,9050001,9060000
I,9065000.5,9060001,9070000
I,9075000.5,9070001,9080000
I,9085000.5,9080001,9090000
I,9095000.5,9090001,9100000
I,9105000.5,9100001,9110000
I,9115000.5,9110001,9120000
I,9125000.5,9120001,9130000
I,9135000.5,9130001,9140000
I,9145000.5,9140001,9150000
I,9155000.5,9150001,9160000
I,9165000.5,9160001,9170000
I,9175000.5,9170001,9180000
I,9185000.5,9180001,9190000
I,9195000.5,9190001,9200000
I,9205000.5,9200001,9210000
I,9215000.5,9210001,9220000
I,9225000.5,9220001,9230000
I,9235000.5,9230001,9240000
I,9245000.5,9240001,9250000
I,9255000.5,9250001,9260000
I,9265000.5,9260001,9270000
I,9275000.5,9270001,9280000
I,9285000.5,9280001,9290000
I,9295000.5,9290001,9300000
I,9305000.5,9300001,9310000
I,9315000.5,9310001,9320000
I,9325000.5,9320001,9330000
I,9335000.5,9330001,9340000
I,9345000.5,9340001,9350000
I,9355000.5,9350001,9360000
I,9365000.5,9360001,9370000
I,9375000.5,9370001,9380000
I,9385000.5,9380001,9390000
I,9395000.5,9390001,9400000
I,9405000.5,9400001,9410000
I,9415000.5,9410001,9420000
I,9425000.5,9420001,9430000
I,9435000.5,9430001,9440000
I,9445000.5,9440001,9450000
I,9455000.5,9450001,9460000
I,9465000.5,9460001,9470000
I,9475000.5,9470001,9480000
I,9485000.5,9480001,9490000
I,9495000.5,9490001,9500000
I,9505000.5,9500001,9510000
I,9515000.5,9510001,9520000
I,9525000.5,9520001,9530000
I,9535000.5,9530001,9540000
I,9545000.5,9540001,9550000
I,9555000.5,9550001,9560000
I,9565000.5,9560001,9570000
I,9575000.5,9570001,9580000
I,9585000.5,9580001,9590000
I,9595000.5,9590001,9600000
I,9605000.5,9600001,9610000
I,9615000.5,9610001,9620000
I,9625000.5,9620001,9630000
I,9635000.5,9630001,9640000
I,9645000.5,9640001,9650000
I,9655000.5,9650001,9660000
I,9665000.5,9660001,9670000
I,9675000.5,9670001,9680000
I,9685000.5,9680001,9690000
I,9695000.5,9690001,9700000
I,9705000.5,9700001,9710000
I,9715000.5,9710001,9720000
I,9725000.5,9720001,9730000
I,9735000.5,9730001,9740000
I,9745000.5,9740001,9750000
I,9755000.5,9750001,9760000
I,9765000.5,9760001,9770000
I,9775000.5,9770001,9780000
I,9785000.5,9780001,9790000
I,9795000.5,9790001,9800000
I,9805000.5,9800001,9810000
I,9815000.5,9810001,9820000
I,9825000.5,9820001,9830000
I,9835000.5,9830001,9840000
I,9845000.5,9840001,9850000
I,9855000.5,9850001,9860000
I,9865000.5,9860001,9870000
I,9875000.5,9870001,9880000
I,9885000.5,9880001,9890000
I,9895000.5,9890001,9900000
I,9905000.5,9900001,9910000
I,9915000.5,9910001,9920000
I,9925000.5,9920001,9930000
I,9935000.5,9930001,9940000
I,9945000.5,9940001,9950000
I,9955000.5,9950001,9960000
I,9965000.5,9960001,9970000
I,9975000.5,9970001,9980000
I,9985000.5,9980001,9990000
I,9995000.5,9990001,10000000
I,10005000.5,10000001,10010000
I,10015000.5,10010001,10020000
I,10025000.5,10020001,10030000
I,10035000.5,10030001,10040000
I,10045000.5,10040001,10050000
I,10055000.5,10050001,10060000
I,10065000.5,10060001,10070000
I,10075000.5,10070001,10080000
I,10085000.5,10080001,10090000
I,10095000.5,10090001,10100000
I,10105000.5,10100001,10110000
I,10115000.5,10110001,10120000
I,10125000.5,10120001,10130000
I,10135000.5,10130001,10140000
I,10145000.5,10140001,10150000
I,10155000.5,10150001,10160000
I,10165000.5,10160001,10170000
I,10175000.5,10170001,10180000
I,10185000.5,10180001,10190000
I,10195000.5,10190001,10200000
I,10205000.5,10200001,10210000
I,10215000.5,10210001,10220000
I,10225000.5,10220001,10230000
I,10235000.5,10230001,10240000
I,10245000.5,10240001,10250000
I,10255000.5,10250001,10260000
I,10265000.5,10260001,10270000
I,10275000.5,10270001,10280000
I,10285000.5,10280001,10290000
I,10295000.5,10290001,10300000
I,10305000.5,10300001,10310000
I,10315000.5,10310001,10320000
I,10325000.5,10320001,10330000
I,10335000.5,10330001,10340000
I,10345000.5,10340001,10350000
I,10355000.5,10350001,10360000
I,10365000.5,10360001,10370000
I,10375000.5,10370001,10380000
I,10385000.5,10380001,10390000
I,10395000.5,10390001,10400000
I,10405000.5,10400001,10410000
I,10415000.5,10410001,10420000
I,10425000.5,10420001,10430000
I,10435000.5,10430001,10440000
I,10445000.5,10440001,10450000
I,10455000.5,10450001,10460000
I,10465000.5,10460001,10470000
I,10475000.5,10470001,10480000
I,10485000.5,10480001,10490000
I,10495000.5,10490001,10500000
I,10505000.5,10500001,10510000
I,10515000.5,10510001,10520000
I,10525000.5,10520001,10530000
I,10535000.5,10530001,10540000
I,10545000.5,10540001,10550000
I,10555000.5,10550001,10560000
I,10565000.5,10560001,10570000
I,10575000.5,10570001,10580000
I,10585000.5,10580001,10590000
I,10595000.5,10590001,10600000
I,10605000.5,10600001,10610000
I,10615000.5,10610001,10620000
I,10625000.5,10620001,10630000
I,10635000.5,10630001,10640000
I,10645000.5,10640001,10650000
I,10655000.5,10650001,10660000
I,10665000.5,10660001,10670000
I,10675000.5,10670001,10680000
I,10685000.5,10680001,10690000
I,10695000.5,10690001,10700000
I,10705000.5,10700001,10710000
I,10715000.5,10710001,10720000
I,10725000.5,10720001,10730000
I,10735000.5,10730001,10740000
I,10745000.5,10740001,10750000
I,10755000.5,10750001,10760000
I,10765000.5,10760001,10770000
I,10775000.5,10770001,10780000
I,10785000.5,10780001,10790000
I,10795000.5,10790001,10800000
I,10805000.5,10800001,10810000
I,10815000.5,10810001,10820000
I,10825000.5,10820001,10830000
I,10835000.5,10830001,10840000
I,10845000.5,10840001,10850000
I,10855000.5,10850001,10860000
I,10865000.5,10860001,10870000
I,10875000.5,10870001,10880000
I,10885000.5,10880001,10890000
I,10895000.5,10890001,10900000
I,10905000.5,10900001,10910000
I,10915000.5,10910001,10920000
I,10925000.5,10920001,10930000
I,10935000.5,10930001,10940000
I,10945000.5,10940001,10950000
I,10955000.5,10950001,10960000
I,10965000.5,10960001,10970000
I,10975000.5,10970001,10980000
I,10985000.5,10980001,10990000
I,10995000.5,10990001,11000000
I,11005000.5,11000001,11010000
I,11015000.5,11010001,11020000
I,11025000.5,11020001,11030000
I,11035000.5,11030001,11040000
I,11045000.5,11040001,11050000
I,11055000.5,11050001,11060000
I,11065000.5,11060001,11070000
I,11075000.5,11070001,11080000
I,11085000.5,11080001,11090000
I,11095000.5,11090001,11100000
I,11105000.5,11100001,11110000
I,11115000.5,11110001,11120000
I,11125000.5,11120001,11130000
I,11135000.5,11130001,11140000
I,11145000.5,11140001,11150000
I,11155000.5,11150001,11160000
I,11165000.5,11160001,11170000
I,11175000.5,11170001,11180000
I,11185000.5,11180001,11190000
I,11195000.5,11190001,11200000
I,11205000.5,11200001,11210000
I,11215000.5,11210001,11220000
I,11225000.5,11220001,11230000
I,11235000.5,11230001,11240000
I,11245000.5,11240001,11250000
I,11255000.5,11250001,11260000
I,11265000.5,11260001,11270000
I,11275000.5,11270001,11280000
I,11285000.5,11280001,11290000
I,11295000.5,11290001,11300000
I,11305000.5,11300001,11310000
I,11315000.5,11310001,11320000
I,11325000.5,11320001,11330000
I,11335000.5,11330001,11340000
I,11345000.5,11340001,11350000
I,11355000.5,11350001,11360000
I,11365000.5,11360001,11370000
I,11375000.5,11370001,11380000
I,11385000.5,11380001,11390000
I,11395000.5,11390001,11400000
I,11405000.5,11400001,11410000
I,11415000.5,11410001,11420000
I,11425000.5,11420001,11430000
I,11435000.5,11430001,11440000
I,11445000.5,11440001,11450000
I,11455000.5,11450001,11460000
I,11465000.5,11460001,11470000
I,11475000.5,11470001,11480000
I,11485000.5,11480001,11490000
I,11495000.5,11490001,11500000
I,11505000.5,11500001,11510000
I,11515000.5,11510001,11520000
I,11525000.5,11520001,11530000
I,11535000.5,11530001,11540000
I,11545000.5,11540001,11550000
I,11555000.5,11550001,11560000
I,11565000.5,11560001,11570000
I,11575000.5,11570001,11580000
I,11585000.5,11580001,11590000
I,11595000.5,11590001,11600000
I,11605000.5,11600001,11610000
I,11615000.5,11610001,11620000
I,11625000.5,11620001,11630000
I,11635000.5,11630001,11640000
I,11645000.5,11640001,11650000
I,11655000.5,11650001,11660000
I,11665000.5,11660001,11670000
I,11675000.5,11670001,11680000
I,11685000.5,11680001,11690000
I,11695000.5,11690001,11700000
I,11705000.5,11700001,11710000
I,11715000.5,11710001,11720000
I,11725000.5,11720001,11730000
I,11735000.5,11730001,11740000
I,11745000.5,11740001,11750000
I,11755000.5,11750001,11760000
I,11765000.5,11760001,11770000
I,11775000.5,11770001,11780000
I,11785000.5,11780001,11790000
I,11795000.5,11790001,11800000
I,11805000.5,11800001,11810000
I,11815000.5,11810001,11820000
I,11825000.5,11820001,11830000
I,11835000.5,11830001,11840000
I,11845000.5,11840001,11850000
I,11855000.5,11850001,11860000
I,11865000.5,11860001,11870000
I,11875000.5,11870001,11880000
I,11885000.5,11880001,11890000
I,11895000.5,11890001,11900000
I,11905000.5,11900001,11910000
I,11915000.5,11910001,11920000
I,11925000.5,11920001,11930000
I,11935000.5,11930001,11940000
I,11945000.5,11940001,11950000
I,11955000.5,11950001,11960000
I,11965000.5,11960001,11970000
I,11975000.5,11970001,11980000
I,11985000.5,11980001,11990000
I,11995000.5,11990001,12000000
I,12005000.5,12000001,12010000
I,12015000.5,12010001,12020000
I,12025000.5,12020001,12030000
I,12035000.5,12030001,12040000
I,12045000.5,12040001,12050000
I,12055000.5,12050001,12060000
I,12065000.5,12060001,12070000
I,12075000.5,12070001,12080000
I,12085000.5,12080001,12090000
I,12095000.5,12090001,12100000
I,12105000.5,12100001,12110000
I,12115000.5,12110001,12120000
I,12125000.5,12120001,12130000
I,12135000.5,12130001,12140000
I,12145000.5,12140001,12150000
I,12155000.5,12150001,12160000
I,12165000.5,12160001,12170000
I,12175000.5,12170001,12180000
I,12185000.5,12180001,12190000
I,12195000.5,12190001,12200000
I,12205000.5,12200001,12210000
I,12215000.5,12210001,12220000
I,12225000.5,12220001,12230000
I,12235000.5,12230001,12240000
I,12245000.5,12240001,12250000
I,12255000.5,12250001,12260000
I,12265000.5,12260001,12270000
I,12275000.5,12270001,12280000
I,12285000.5,12280001,12290000
I,12295000.5,12290001,12300000
II,5000.5,1,10000
II,15000.5,10001,20000
II,25000.5,20001,30000
II,35000.5,30001,40000
II,45000.5,40001,50000
II,55000.5,50001,60000
II,65000.5,60001,70000
II,75000.5,70001,80000
II,85000.5,80001,90000
II,95000.5,90001,100000
II,105000.5,100001,110000
II,115000.5,110001,120000
II,125000.5,120001,130000
II,135000.5,130001,140000
II,145000.5,140001,150000
II,155000.5,150001,160000
II,165000.5,160001,170000
II,175000.5,170001,180000
II,185000.5,180001,190000
II,195000.5,190001,200000
II,205000.5,200001,210000
II,215000.5,210001,220000
II,225000.5,220001,230000
II,235000.5,230001,240000
II,245000.5,240001,250000
II,255000.5,250001,260000
II,265000.5,260001,270000
II,275000.5,270001,280000
II,285000.5,280001,290000
II,295000.5,290001,300000
II,305000.5,300001,310000
II,315000.5,310001,320000
II,325000.5,320001,330000
II,335000.5,330001,340000
II,345000.5,340001,350000
II,355000.5,350001,360000
II,365000.5,360001,370000
II,375000.5,370001,380000
II,385000.5,380001,390000
II,395000.5,390001,400000
II,405000.5,400001,410000
II,415000.5,410001,420000
II,425000.5,420001,430000
II,435000.5,430001,440000
II,445000.5,440001,450000
II,455000.5,450001,460000
II,465000.5,460001,470000
II,475000.5,470001,480000
II,485000.5,480001,490000
II,495000.5,490001,500000
II,505000.5,500001,510000
II,515000.5,510001,520000
II,525000.5,520001,530000
II,535000.5,530001,540000
II,545000.5,540001,550000
II,555000.5,550001,560000
II,565000.5,560001,570000
II,575000.5,570001,580000
II,585000.5,580001,590000
II,595000.5,590001,600000
II,605000.5,600001,610000
II,615000.5,610001,620000
II,625000.5,620001,630000
II,635000.5,630001,640000
II,645000.5,640001,650000
II,655000.5,650001,660000
II,665000.5,660001,670000
II,675000.5,670001,680000
II,685000.5,680001,690000
II,695000.5,690001,700000
II,705000.5,700001,710000
II,715000.5,710001,720000
II,725000.5,720001,730000
II,735000.5,730001,740000
II,745000.5,740001,750000
II,755000.5,750001,760000
II,765000.5,760001,770000
II,775000.5,770001,780000
II,785000.5,780001,790000
II,795000.5,790001,800000
II,805000.5,800001,810000
II,815000.5,810001,820000
II,825000.5,820001,830000
II,835000.5,830001,840000
II,845000.5,840001,850000
II,855000.5,850001,860000
II,865000.5,860001,870000
II,875000.5,870001,880000
II,885000.5,880001,890000
II,895000.5,890001,900000
II,905000.5,900001,910000
II,915000.5,910001,920000
II,925000.5,920001,930000
II,935000.5,930001,940000
II,945000.5,940001,950000
II,955000.5,950001,960000
II,965000.5,960001,970000
II,975000.5,970001,980000
II,985000.5,980001,990000
II,995000.5,990001,1000000
II,1005000.5,1000001,1010000
II,1015000.5,1010001,1020000
II,1025000.5,1020001,1030000
II,1035000.5,1030001,1040000
II,1045000.5,1040001,1050000
II,1055000.5,1050001,1060000
II,1065000.5,1060001,1070000
II,1075000.5,1070001,1080000
II,1085000.5,1080001,1090000
II,1095000.5,1090001,1100000
II,1105000.5,1100001,1110000
II,1115000.5,1110001,1120000
II,1125000.5,1120001,1130000
II,1135000.5,1130001,1140000
II,1145000.5,1140001,1150000
II,1155000.5,1150001,1160000
II,1165000.5,1160001,1170000
II,1175000.5,1170001,1180000
II,1185000.5,1180001,1190000
II,1195000.5,1190001,1200000
II,1205000.5,1200001,1210000
II,1215000.5,1210001,1220000
II,1225000.5,1220001,1230000
II,1235000.5,1230001,1240000
II,1245000.5,1240001,1250000
II,1255000.5,1250001,1260000
II,1265000.5,1260001,1270000
II,1275000.5,1270001,1280000
II,1285000.5,1280001,1290000
II,1295000.5,1290001,1300000
II,1305000.5,1300001,1310000
II,1315000.5,1310001,1320000
II,1325000.5,1320001,1330000
II,1335000.5,1330001,1340000
II,1345000.5,1340001,1350000
II,1355000.5,1350001,1360000
II,1365000.5,1360001,1370000
II,1375000.5,1370001,1380000
II,1385000.5,1380001,1390000
II,1395000.5,1390001,1400000
II,1405000.5,1400001,1410000
II,1415000.5,1410001,1420000
II,1425000.5,1420001,1430000
II,1435000.5,1430001,1440000
II,1445000.5,1440001,1450000
II,1455000.5,1450001,1460000
II,1465000.5,1460001,1470000
II,1475000.5,1470001,1480000
II,1485000.5,1480001,1490000
II,1495000.5,1490001,1500000
II,1505000.5,1500001,1510000
II,1515000.5,1510001,1520000
II,1525000.5,1520001,1530000
II,1535000.5,1530001,1540000
II,1545000.5,1540001,1550000
II,1555000.5,1550001,1560000
II,1565000.5,1560001,1570000
II,1575000.5,1570001,1580000
II,1585000.5,1580001,1590000
II,1595000.5,1590001,1600000
II,1605000.5,1600001,1610000
II,1615000.5,1610001,1620000
II,1625000.5,1620001,1630000
II,1635000.5,1630001,1640000
II,1645000.5,1640001,1650000
II,1655000.5,1650001,1660000
II,1665000.5,1660001,1670000
II,1675000.5,1670001,1680000
II,1685000.5,1680001,1690000
II,1695000.5,1690001,1700000
II,1705000.5,1700001,1710000
II,1715000.5,1710001,1720000
II,1725000.5,1720001,1730000
II,1735000.5,1730001,1740000
II,1745000.5,1740001,1750000
II,1755000.5,1750001,1760000
II,1765000.5,1760001,1770000
II,1775000.5,1770001,1780000
II,1785000.5,1780001,1790000
II,1795000.5,1790001,1800000
II,1805000.5,1800001,1810000
II,1815000.5,1810001,1820000
II,1825000.5,1820001,1830000
II,1835000.5,1830001,1840000
II,1845000.5,1840001,1850000
II,1855000.5,1850001,1860000
II,1865000.5,1860001,1870000
II,1875000.5,1870001,1880000
II,1885000.5,1880001,1890000
II,1895000.5,1890001,1900000
II,1905000.5,1900001,1910000
II,1915000.5,1910001,1920000
II,1925000.5,1920001,1930000
II,1935000.5,1930001,1940000
II,1945000.5,1940001,1950000
II,1955000.5,1950001,1960000
II,1965000.5,1960001,1970000
II,1975000.5,1970001,1980000
II,1985000.5,1980001,1990000
II,1995000.5,1990001,2000000
II,2005000.5,2000001,2010000
II,2015000.5,2010001,2020000
II,2025000.5,2020001,2030000
II,2035000.5,2030001,2040000
II,2045000.5,2040001,2050000
II,2055000.5,2050001,2060000
II,2065000.5,2060001,2070000
II,2075000.5,2070001,2080000
II,2085000.5,2080001,2090000
II,2095000.5,2090001,2100000
II,2105000.5,2100001,2110000
II,2115000.5,2110001,2120000
II,2125000.5,2120001,2130000
II,2135000.5,2130001,2140000
II,2145000.5,2140001,2150000
II,2155000.5,2150001,2160000
II,2165000.5,2160001,2170000
II,2175000.5,2170001,2180000
II,2185000.5,2180001,2190000
II,2195000.5,2190001,2200000
II,2205000.5,2200001,2210000
II,2215000.5,2210001,2220000
II,2225000.5,2220001,2230000
II,2235000.5,2230001,2240000
II,2245000.5,2240001,2250000
II,2255000.5,2250001,2260000
II,2265000.5,2260001,2270000
II,2275000.5,2270001,2280000
II,2285000.5,2280001,2290000
II,2295000.5,2290001,2300000
II,2305000.5,2300001,2310000
II,2315000.5,2310001,2320000
II,2325000.5,2320001,2330000
II,2335000.5,2330001,2340000
II,2345000.5,2340001,2350000
II,2355000.5,2350001,2360000
II,2365000.5,2360001,2370000
II,2375000.5,2370001,2380000
II,2385000.5,2380001,2390000
II,2395000.5,2390001,2400000
II,2405000.5,2400001,2410000
II,2415000.5,2410001,2420000
II,2425000.5,2420001,2430000
II,2435000.5,2430001,2440000
II,2445000.5,2440001,2450000
II,2455000.5,2450001,2460000
II,2465000.5,2460001,2470000
II,2475000.5,2470001,2480000
II,2485000.5,2480001,2490000
II,2495000.5,2490001,2500000
II,2505000.5,2500001,2510000
II,2515000.5,2510001,2520000
II,2525000.5,2520001,2530000
II,2535000.5,2530001,2540000
II,2545000.5,2540001,2550000
II,2555000.5,2550001,2560000
II,2565000.5,2560001,2570000
II,2575000.5,2570001,2580000
II,2585000.5,2580001,2590000
II,2595000.5,2590001,2600000
II,2605000.5,2600001,2610000
II,2615000.5,2610001,2620000
II,2625000.5,2620001,2630000
II,2635000.5,2630001,2640000
II,2645000.5,2640001,2650000
II,2655000.5,2650001,2660000
II,2665000.5,2660001,2670000
II,2675000.5,2670001,2680000
II,2685000.5,2680001,2690000
II,2695000.5,2690001,2700000
II,2705000.5,2700001,2710000
II,2715000.5,2710001,2720000
II,2725000.5,2720001,2730000
II,2735000.5,2730001,2740000
II,2745000.5,2740001,2750000
II,2755000.5,2750001,2760000
II,2765000.5,2760001,2770000
II,2775000.5,2770001,2780000
II,2785000.5,2780001,2790000
II,2795000.5,2790001,2800000
II,2805000.5,2800001,2810000
II,2815000.5,2810001,2820000
II,2825000.5,2820001,2830000
II,2835000.5,2830001,2840000
II,2845000.5,2840001,2850000
II,2855000.5,2850001,2860000
II,2865000.5,2860001,2870000
II,2875000.5,2870001,2880000
II,2885000.5,2880001,2890000
II,2895000.5,2890001,2900000
II,2905000.5,2900001,2910000
II,2915000.5,2910001,2920000
II,2925000.5,2920001,2930000
II,2935000.5,2930001,2940000
II,2945000.5,2940001,2950000
II,2955000.5,2950001,2960000
II,2965000.5,2960001,2970000
II,2975000.5,2970001,2980000
II,2985000.5,2980001,2990000
II,2995000.5,2990001,3000000
II,3005000.5,3000001,3010000
II,3015000.5,3010001,3020000
II,3025000.5,3020001,3030000
II,3035000.5,3030001,3040000
II,3045000.5,3040001,3050000
II,3055000.5,3050001,3060000
II,3065000.5,3060001,3070000
II,3075000.5,3070001,3080000
II,3085000.5,3080001,3090000
II,3095000.5,3090001,3100000
II,3105000.5,3100001,3110000
II,3115000.5,3110001,3120000
II,3125000.5,3120001,3130000
II,3135000.5,3130001,3140000
II,3145000.5,3140001,3150000
II,3155000.5,3150001,3160000
II,3165000.5,3160001,3170000
II,3175000.5,3170001,3180000
II,3185000.5,3180001,3190000
II,3195000.5,3190001,3200000
II,3205000.5,3200001,3210000
II,3215000.5,3210001,3220000
II,3225000.5,3220001,3230000
II,3235000.5,3230001,3240000
II,3245000.5,3240001,3250000
II,3255000.5,3250001,3260000
II,3265000.5,3260001,3270000
II,3275000.5,3270001,3280000
II,3285000.5,3280001,3290000
II,3295000.5,3290001,3300000
II,3305000.5,3300001,3310000
II,3315000.5,3310001,3320000
II,3325000.5,3320001,3330000
II,3335000.5,3330001,3340000
II,3345000.5,3340001,3350000
II,3355000.5,3350001,3360000
II,3365000.5,3360001,3370000
II,3375000.5,3370001,3380000
II,3385000.5,3380001,3390000
II,3395000.5,3390001,3400000
II,3405000.5,3400001,3410000
II,3415000.5,3410001,3420000
II,3425000.5,3420001,3430000
II,3435000.5,3430001,3440000
II,3445000.5,3440001,3450000
II,3455000.5,3450001,3460000
II,3465000.5,3460001,3470000
II,3475000.5,3470001,3480000
II,3485000.5,3480001,3490000
II,3495000.5,3490001,3500000
II,3505000.5,3500001,3510000
II,3515000.5,3510001,3520000
II,3525000.5,3520001,3530000
II,3535000.5,3530001,3540000
II,3545000.5,3540001,3550000
II,3555000.5,3550001,3560000
II,3565000.5,3560001,3570000
II,3575000.5,3570001,3580000
II,3585000.5,3580001,3590000
II,3595000.5,3590001,3600000
II,3605000.5,3600001,3610000
II,3615000.5,3610001,3620000
II,3625000.5,3620001,3630000
II,3635000.5,3630001,3640000
II,3645000.5,3640001,3650000
II,3655000.5,3650001,3660000
II,3665000.5,3660001,3670000
II,3675000.5,3670001,3680000
II,3685000.5,3680001,3690000
II,3695000.5,3690001,3700000
II,3705000.5,3700001,3710000
II,3715000.5,3710001,3720000
II,3725000.5,3720001,3730000
II,3735000.5,3730001,3740000
II,3745000.5,3740001,3750000
II,3755000.5,3750001,3760000
II,3765000.5,3760001,3770000
II,3775000.5,3770001,3780000
II,3785000.5,3780001,3790000
II,3795000.5,3790001,3800000
II,3805000.5,3800001,3810000
II,3815000.5,3810001,3820000
II,3825000.5,3820001,3830000
II,3835000.5,3830001,3840000
II,3845000.5,3840001,3850000
II,3855000.5,3850001,3860000
II,3865000.5,3860001,3870000
II,3875000.5,3870001,3880000
II,3885000.5,3880001,3890000
II,3895000.5,3890001,3900000
II,3905000.5,3900001,3910000
II,3915000.5,3910001,3920000
II,3925000.5,3920001,3930000
II,3935000.5,3930001,3940000
II,3945000.5,3940001,3950000
II,3955000.5,3950001,3960000
II,3965000.5,3960001,3970000
II,3975000.5,3970001,3980000
II,3985000.5,3980001,3990000
II,3995000.5,3990001,4000000
II,4005000.5,4000001,4010000
II,4015000.5,4010001,4020000
II,4025000.5,4020001,4030000
II,4035000.5,4030001,4040000
II,4045000.5,4040001,4050000
II,4055000.5,4050001,4060000
II,4065000.5,4060001,4070000
II,4075000.5,4070001,4080000
II,4085000.5,4080001,4090000
II,4095000.5,4090001,4100000
II,4105000.5,4100001,4110000
II,4115000.5,4110001,4120000
II,4125000.5,4120001,4130000
II,4135000.5,4130001,4140000
II,4145000.5,4140001,4150000
II,4155000.5,4150001,4160000
II,4165000.5,4160001,4170000
II,4175000.5,4170001,4180000
II,4185000.5,4180001,4190000
II,4195000.5,4190001,4200000
II,4205000.5,4200001,4210000
II,4215000.5,4210001,4220000
II,4225000.5,4220001,4230000
II,4235000.5,4230001,4240000
II,4245000.5,4240001,4250000
II,4255000.5,4250001,4260000
II,4265000.5,4260001,4270000
II,4275000.5,4270001,4280000
II,4285000.5,4280001,4290000
II,4295000.5,4290001,4300000
II,4305000.5,4300001,4310000
II,4315000.5,4310001,4320000
II,4325000.5,4320001,4330000
II,4335000.5,4330001,4340000
II,4345000.5,4340001,4350000
II,4355000.5,4350001,4360000
II,4365000.5,4360001,4370000
II,4375000.5,4370001,4380000
II,4385000.5,4380001,4390000
II,4395000.5,4390001,4400000
II,4405000.5,4400001,4410000
II,4415000.5,4410001,4420000
II,4425000.5,4420001,4430000
II,4435000.5,4430001,4440000
II,4445000.5,4440001,4450000
II,4455000.5,4450001,4460000
II,4465000.5,4460001,4470000
II,4475000.5,4470001,4480000
II,4485000.5,4480001,4490000
II,4495000.5,4490001,4500000
II,4505000.5,4500001,4510000
II,4515000.5,4510001,4520000
II,4525000.5,4520001,4530000
II,4535000.5,4530001,4540000
II,4545000.5,4540001,4550000
II,4555000.5,4550001,4560000
II,4565000.5,4560001,4570000
II,4575000.5,4570001,4580000
II,4585000.5,4580001,4590000
II,4595000.5,4590001,4600000
II,4605000.5,4600001,4610000
II,4615000.5,4610001,4620000
II,4625000.5,4620001,4630000
II,4635000.5,4630001,4640000
II,4645000.5,4640001,4650000
II,4655000.5,4650001,4660000
II,4665000.5,4660001,4670000
II,4675000.5,4670001,4680000
II,4685000.5,4680001,4690000
II,4695000.5,4690001,4700000
II,4705000.5,4700001,4710000
II,4715000.5,4710001,4720000
II,4725000.5,4720001,4730000
II,4735000.5,4730001,4740000
II,4745000.5,4740001,4750000
II,4755000.5,4750001,4760000
II,4765000.5,4760001,4770000
II,4775000.5,4770001,4780000
II,4785000.5,4780001,4790000
II,4795000.5,4790001,4800000
II,4805000.5,4800001,4810000
II,4815000.5,4810001,4820000
II,4825000.5,4820001,4830000
II,4835000.5,4830001,4840000
II,4845000.5,4840001,4850000
II,4855000.5,4850001,4860000
II,4865000.5,4860001,4870000
II,4875000.5,4870001,4880000
II,4885000.5,4880001,4890000
II,4895000.5,4890001,4900000
II,4905000.5,4900001,4910000
II,4915000.5,4910001,4920000
II,4925000.5,4920001,4930000
II,4935000.5,4930001,4940000
II,4945000.5,4940001,4950000
II,4955000.5,4950001,4960000
II,4965000.5,4960001,4970000
II,4975000.5,4970001,4980000
II,4985000.5,4980001,4990000
II,4995000.5,4990001,5000000
II,5005000.5,5000001,5010000
II,5015000.5,5010001,5020000
II,5025000.5,5020001,5030000
II,5035000.5,5030001,5040000
II,5045000.5,5040001,5050000
II,5055000.5,5050001,5060000
II,5065000.5,5060001,5070000
II,5075000.5,5070001,5080000
II,5085000.5,5080001,5090000
II,5095000.5,5090001,5100000
II,5105000.5,5100001,5110000
II,5115000.5,5110001,5120000
II,5125000.5,5120001,5130000
II,5135000.5,5130001,5140000
II,5145000.5,5140001,5150000
II,5155000.5,5150001,5160000
II,5165000.5,5160001,5170000
II,5175000.5,5170001,5180000
II,5185000.5,5180001,5190000
II,5195000.5,5190001,5200000
II,5205000.5,5200001,5210000
II,5215000.5,5210001,5220000
II,5225000.5,5220001,5230000
II,5235000.5,5230001,5240000
II,5245000.5,5240001,5250000
II,5255000.5,5250001,5260000
II,5265000.5,5260001,5270000
II,5275000.5,5270001,5280000
II,5285000.5,5280001,5290000
II,5295000.5,5290001,5300000
II,5305000.5,5300001,5310000
II,5315000.5,5310001,5320000
II,5325000.5,5320001,5330000
II,5335000.5,5330001,5340000
II,5345000.5,5340001,5350000
II,5355000.5,5350001,5360000
II,5365000.5,5360001,5370000
II,5375000.5,5370001,5380000
II,5385000.5,5380001,5390000
II,5395000.5,5390001,5400000
II,5405000.5,5400001,5410000
II,5415000.5,5410001,5420000
II,5425000.5,5420001,5430000
II,5435000.5,5430001,5440000
II,5445000.5,5440001,5450000
II,5455000.5,5450001,5460000
II,5465000.5,5460001,5470000
II,5475000.5,5470001,5480000
II,5485000.5,5480001,5490000
II,5495000.5,5490001,5500000
II,5505000.5,5500001,5510000
II,5515000.5,5510001,5520000
II,5525000.5,5520001,5530000
II,5535000.5,5530001,5540000
II,5545000.5,5540001,5550000
II,5555000.5,5550001,5560000
II,5565000.5,5560001,5570000
II,5575000.5,5570001,5580000
II,5585000.5,5580001,5590000
II,5595000.5,5590001,5600000
II,5605000.5,5600001,5610000
II,5615000.5,5610001,5620000
II,5625000.5,5620001,5630000
II,5635000.5,5630001,5640000
II,5645000.5,5640001,5650000
II,5655000.5,5650001,5660000
II,5665000.5,5660001,5670000
II,5675000.5,5670001,5680000
II,5685000.5,5680001,5690000
II,5695000.5,5690001,5700000
II,5705000.5,5700001,5710000
II,5715000.5,5710001,5720000
II,5725000.5,5720001,5730000
II,5735000.5,5730001,5740000
II,5745000.5,5740001,5750000
II,5755000.5,5750001,5760000
II,5765000.5,5760001,5770000
II,5775000.5,5770001,5780000
II,5785000.5,5780001,5790000
II,5795000.5,5790001,5800000
II,5805000.5,5800001,5810000
II,5815000.5,5810001,5820000
II,5825000.5,5820001,5830000
II,5835000.5,5830001,5840000
II,5845000.5,5840001,5850000
II,5855000.5,5850001,5860000
II,5865000.5,5860001,5870000
II,5875000.5,5870001,5880000
II,5885000.5,5880001,5890000
II,5895000.5,5890001,5900000
II,5905000.5,5900001,5910000
II,5915000.5,5910001,5920000
II,5925000.5,5920001,5930000
II,5935000.5,5930001,5940000
II,5945000.5,5940001,5950000
II,5955000.5,5950001,5960000
II,5965000.5,5960001,5970000
II,5975000.5,5970001,5980000
II,5985000.5,5980001,5990000
II,5995000.5,5990001,6000000
II,6005000.5,6000001,6010000
II,6015000.5,6010001,6020000
II,6025000.5,6020001,6030000
II,6035000.5,6030001,6040000
II,6045000.5,6040001,6050000
II,6055000.5,6050001,6060000
II,6065000.5,6060001,6070000
II,6075000.5,6070001,6080000
II,6085000.5,6080001,6090000
II,6095000.5,6090001,6100000
II,6105000.5,6100001,6110000
II,6115000.5,6110001,6120000
II,6125000.5,6120001,6130000
II,6135000.5,6130001,6140000
II,6145000.5,6140001,6150000
II,6155000.5,6150001,6160000
II,6165000.5,6160001,6170000
II,6175000.5,6170001,6180000
II,6185000.5,6180001,6190000
II,6195000.5,6190001,6200000
II,6205000.5,6200001,6210000
II,6215000.5,6210001,6220000
II,6225000.5,6220001,6230000
II,6235000.5,6230001,6240000
II,6245000.5,6240001,6250000
II,6255000.5,6250001,6260000
II,6265000.5,6260001,6270000
II,6275000.5,6270001,6280000
II,6285000.5,6280001,6290000
II,6295000.5,6290001,6300000
II,6305000.5,6300001,6310000
II,6315000.5,6310001,6320000
II,6325000.5,6320001,6330000
II,6335000.5,6330001,6340000
II,6345000.5,6340001,6350000
II,6355000.5,6350001,6360000
II,6365000.5,6360001,6370000
II,6375000.5,6370001,6380000
II,6385000.5,6380001,6390000
II,6395000.5,6390001,6400000
II,6405000.5,6400001,6410000
II,6415000.5,6410001,6420000
II,6425000.5,6420001,6430000
II,6435000.5,6430001,6440000
II,6445000.5,6440001,6450000
II,6455000.5,6450001,6460000
II,6465000.5,6460001,6470000
II,6475000.5,6470001,6480000
II,6485000.5,6480001,6490000
II,6495000.5,6490001,6500000
II,6505000.5,6500001,6510000
II,6515000.5,6510001,6520000
II,6525000.5,6520001,6530000
II,6535000.5,6530001,6540000
II,6545000.5,6540001,6550000
II,6555000.5,6550001,6560000
II,6565000.5,6560001,6570000
II,6575000.5,6570001,6580000
II,6585000.5,6580001,6590000
II,6595000.5,6590001,6600000
II,6605000.5,6600001,6610000
II,6615000.5,6610001,6620000
II,6625000.5,6620001,6630000
II,6635000.5,6630001,6640000
II,6645000.5,6640001,6650000
II,6655000.5,6650001,6660000
II,6665000.5,6660001,6670000
II,6675000.5,6670001,6680000
II,6685000.5,6680001,6690000
II,6695000.5,6690001,6700000
II,6705000.5,6700001,6710000
II,6715000.5,6710001,6720000
II,6725000.5,6720001,6730000
II,6735000.5,6730001,6740000
II,6745000.5,6740001,6750000
II,6755000.5,6750001,6760000
II,6765000.5,6760001,6770000
II,6775000.5,6770001,6780000
II,6785000.5,6780001,6790000
II,6795000.5,6790001,6800000
II,6805000.5,6800001,6810000
II,6815000.5,6810001,6820000
II,6825000.5,6820001,6830000
II,6835000.5,6830001,6840000
II,6845000.5,6840001,6850000
II,6855000.5,6850001,6860000
II,6865000.5,6860001,6870000
II,6875000.5,6870001,6880000
II,6885000.5,6880001,6890000
II,6895000.5,6890001,6900000
II,6905000.5,6900001,6910000
II,6915000.5,6910001,6920000
II,6925000.5,6920001,6930000
II,6935000.5,6930001,6940000
II,6945000.5,6940001,6950000
II,6955000.5,6950001,6960000
II,6965000.5,6960001,6970000
II,6975000.5,6970001,6980000
II,6985000.5,6980001,6990000
II,6995000.5,6990001,7000000
II,7005000.5,7000001,7010000
II,7015000.5,7010001,7020000
II,7025000.5,7020001,7030000
II,7035000.5,7030001,7040000
II,7045000.5,7040001,7050000
II,7055000.5,7050001,7060000
II,7065000.5,7060001,7070000
II,7075000.5,7070001,7080000
II,7085000.5,7080001,7090000
II,7095000.5,7090001,7100000
II,7105000.5,7100001,7110000
II,7115000.5,7110001,7120000
II,7125000.5,7120001,7130000
II,7135000.5,7130001,7140000
II,7145000.5,7140001,7150000
II,7155000.5,7150001,7160000
II,7165000.5,7160001,7170000
II,7175000.5,7170001,7180000
II,7185000.5,7180001,7190000
II,7195000.5,7190001,7200000
II,7205000.5,7200001,7210000
II,7215000.5,7210001,7220000
II,7225000.5,7220001,7230000
II,7235000.5,7230001,7240000
II,7245000.5,7240001,7250000
II,7255000.5,7250001,7260000
II,7265000.5,7260001,7270000
II,7275000.5,7270001,7280000
II,7285000.5,7280001,7290000
II,7295000.5,7290001,7300000
II,7305000.5,7300001,7310000
II,7315000.5,7310001,7320000
II,7325000.5,7320001,7330000
II,7335000.5,7330001,7340000
II,7345000.5,7340001,7350000
II,7355000.5,7350001,7360000
II,7365000.5,7360001,7370000
II,7375000.5,7370001,7380000
II,7385000.5,7380001,7390000
II,7395000.5,7390001,7400000
II,7405000.5,7400001,7410000
II,7415000.5,7410001,7420000
II,7425000.5,7420001,7430000
II,7435000.5,7430001,7440000
II,7445000.5,7440001,7450000
II,7455000.5,7450001,7460000
II,7465000.5,7460001,7470000
II,7475000.5,7470001,7480000
II,7485000.5,7480001,7490000
II,7495000.5,7490001,7500000
II,7505000.5,7500001,7510000
II,7515000.5,7510001,7520000
II,7525000.5,7520001,7530000
II,7535000.5,7530001,7540000
II,7545000.5,7540001,7550000
II,7555000.5,7550001,7560000
II,7565000.5,7560001,7570000
II,7575000.5,7570001,7580000
II,7585000.5,7580001,7590000
II,7595000.5,7590001,7600000
II,7605000.5,7600001,7610000
II,7615000.5,7610001,7620000
II,7625000.5,7620001,7630000
II,7635000.5,7630001,7640000
II,7645000.5,7640001,7650000
II,7655000.5,7650001,7660000
II,7665000.5,7660001,7670000
II,7675000.5,7670001,7680000
II,7685000.5,7680001,7690000
II,7695000.5,7690001,7700000
II,7705000.5,7700001,7710000
II,7715000.5,7710001,7720000
II,7725000.5,7720001,7730000
II,7735000.5,7730001,7740000
II,7745000.5,7740001,7750000
II,7755000.5,7750001,7760000
II,7765000.5,7760001,7770000
II,7775000.5,7770001,7780000
II,7785000.5,7780001,7790000
II,7795000.5,7790001,7800000
II,7805000.5,7800001,7810000
II,7815000.5,7810001,7820000
II,7825000.5,7820001,7830000
II,7835000.5,7830001,7840000
II,7845000.5,7840001,7850000
II,7855000.5,7850001,7860000
II,7865000.5,7860001,7870000
II,7875000.5,7870001,7880000
II,7885000.5,7880001,7890000
II,7895000.5,7890001,7900000
II,7905000.5,7900001,7910000
II,7915000.5,7910001,7920000
II,7925000.5,7920001,7930000
II,7935000.5,7930001,7940000
II,7945000.5,7940001,7950000
II,7955000.5,7950001,7960000
II,7965000.5,7960001,7970000
II,7975000.5,7970001,7980000
II,7985000.5,7980001,7990000
II,7995000.5,7990001,8000000
II,8005000.5,8000001,8010000
II,8015000.5,8010001,8020000
II,8025000.5,8020001,8030000
II,8035000.5,8030001,8040000
II,8045000.5,8040001,8050000
II,8055000.5,8050001,8060000
II,8065000.5,8060001,8070000
II,8075000.5,8070001,8080000
II,8085000.5,8080001,8090000
II,8095000.5,8090001,8100000
II,8105000.5,8100001,8110000
II,8115000.5,8110001,8120000
II,8125000.5,8120001,8130000
II,8135000.5,8130001,8140000
II,8145000.5,8140001,8150000
II,8155000.5,8150001,8160000
II,8165000.5,8160001,8170000
II,8175000.5,8170001,8180000
II,8185000.5,8180001,8190000
II,8195000.5,8190001,8200000
II,8205000.5,8200001,8210000
II,8215000.5,8210001,8220000
II,8225000.5,8220001,8230000
II,8235000.5,8230001,8240000
II,8245000.5,8240001,8250000
II,8255000.5,8250001,8260000
II,8265000.5,8260001,8270000
II,8275000.5,8270001,8280000
II,8285000.5,8280001,8290000
II,8295000.5,8290001,8300000
II,8305000.5,8300001,8310000
II,8315000.5,8310001,8320000
II,8325000.5,8320001,8330000
II,8335000.5,8330001,8340000
II,8345000.5,8340001,8350000
II,8355000.5,8350001,8360000
II,8365000.5,8360001,8370000
II,8375000.5,8370001,8380000
II,8385000.5,8380001,8390000
II,8395000.5,8390001,8400000
II,8405000.5,8400001,8410000
II,8415000.5,8410001,8420000
II,8425000.5,8420001,8430000
II,8435000.5,8430001,8440000
II,8445000.5,8440001,8450000
II,8455000.5,8450001,8460000
II,8465000.5,8460001,8470000
II,8475000.5,8470001,8480000
II,8485000.5,8480001,8490000
II,8495000.5,8490001,8500000
II,8505000.5,8500001,8510000
II,8515000.5,8510001,8520000
II,8525000.5,8520001,8530000
II,8535000.5,8530001,8540000
II,8545000.5,8540001,8550000
II,8555000.5,8550001,8560000
II,8565000.5,8560001,8570000
II,8575000.5,8570001,8580000
II,8585000.5,8580001,8590000
II,8595000.5,8590001,8600000
II,8605000.5,8600001,8610000
II,8615000.5,8610001,8620000
II,8625000.5,8620001,8630000
II,8635000.5,8630001,8640000
II,8645000.5,8640001,8650000
II,8655000.5,8650001,8660000
II,8665000.5,8660001,8670000
II,8675000.5,8670001,8680000
II,8685000.5,8680001,8690000
II,8695000.5,8690001,8700000
II,8705000.5,8700001,8710000
II,8715000.5,8710001,8720000
II,8725000.5,8720001,8730000
II,8735000.5,8730001,8740000
II,8745000.5,8740001,8750000
II,8755000.5,8750001,8760000
II,8765000.5,8760001,8770000
II,8775000.5,8770001,8780000
II,8785000.5,8780001,8790000
II,8795000.5,8790001,8800000
II,8805000.5,8800001,8810000
II,8815000.5,8810001,8820000
II,8825000.5,8820001,8830000
II,8835000.5,8830001,8840000
II,8845000.5,8840001,8850000
II,8855000.5,8850001,8860000
II,8865000.5,8860001,8870000
II,8875000.5,8870001,8880000
II,8885000.5,8880001,8890000
II,8895000.5,8890001,8900000
II,8905000.5,8900001,8910000
II,8915000.5,8910001,8920000
II,8925000.5,8920001,8930000
II,8935000.5,8930001,8940000
II,8945000.5,8940001,8950000
II,8955000.5,8950001,8960000
II,8965000.5,8960001,8970000
II,8975000.5,8970001,8980000
II,8985000.5,8980001,8990000
II,8995000.5,8990001,9000000
II,9005000.5,9000001,9010000
II,9015000.5,9010001,9020000
II,9025000.5,9020001,9030000
II,9035000.5,9030001,9040000
II,9045000.5,9040001,9050000
II,9055000.5,9050001,9060000
II,9065000.5,9060001,9070000
II,9075000.5,9070001,9080000
II,9085000.5,9080001,9090000
II,9095000.5,9090001,9100000
II,9105000.5,9100001,9110000
II,9115000.5,9110001,9120000
II,9125000.5,9120001,9130000
II,9135000.5,9130001,9140000
II,9145000.5,9140001,9150000
II,9155000.5,9150001,9160000
II,9165000.5,9160001,9170000
II,9175000.5,9170001,9180000
II,9185000.5,9180001,9190000
II,9195000.5,9190001,9200000
II,9205000.5,9200001,9210000
II,9215000.5,9210001,9220000
II,9225000.5,9220001,9230000
II,9235000.5,9230001,9240000
II,9245000.5,9240001,9250000
II,9255000.5,9250001,9260000
II,9265000.5,9260001,9270000
II,9275000.5,9270001,9280000
II,9285000.5,9280001,9290000
II,9295000.5,9290001,9300000
II,9305000.5,9300001,9310000
II,9315000.5,9310001,9320000
II,9325000.5,9320001,9330000
II,9335000.5,9330001,9340000
II,9345000.5,9340001,9350000
II,9355000.5,9350001,9360000
II,9365000.5,9360001,9370000
II,9375000.5,9370001,9380000
II,9385000.5,9380001,9390000
II,9395000.5,9390001,9400000
II,9405000.5,9400001,9410000
II,9415000.5,9410001,9420000
II,9425000.5,9420001,9430000
II,9435000.5,9430001,9440000
II,9445000.5,9440001,9450000
II,9455000.5,9450001,9460000
II,9465000.5,9460001,9470000
II,9475000.5,9470001,9480000
II,9485000.5,9480001,9490000
II,9495000.5,9490001,9500000
II,9505000.5,9500001,9510000
II,9515000.5,9510001,9520000
II,9525000.5,9520001,9530000
II,9535000.5,9530001,9540000
II,9545000.5,9540001,9550000
II,9555000.5,9550001,9560000
II,9565000.5,9560001,9570000
II,9575000.5,9570001,9580000
II,9585000.5,9580001,9590000
II,9595000.5,9590001,9600000
II,9605000.5,9600001,9610000
II,9615000.5,9610001,9620000
II,9625000.5,9620001,9630000
II,9635000.5,9630001,9640000
II,9645000.5,9640001,9650000
II,9655000.5,9650001,9660000
II,9665000.5,9660001,9670000
II,9675000.5,9670001,9680000
II,9685000.5,9680001,9690000
II,9695000.5,9690001,9700000
II,9705000.5,9700001,9710000
II,9715000.5,9710001,9720000
II,9725000.5,9720001,9730000
II,9735000.5,9730001,9740000
II,9745000.5,9740001,9750000
II,9755000.5,9750001,9760000
II,9765000.5,9760001,9770000
II,9775000.5,9770001,9780000
II,9785000.5,9780001,9790000
II,9795000.5,9790001,9800000
II,9805000.5,9800001,9810000
II,9815000.5,9810001,9820000
II,9825000.5,9820001,9830000
II,9835000.5,9830001,9840000
II,9845000.5,9840001,9850000
II,9855000.5,9850001,9860000
II,9865000.5,9860001,9870000
II,9875000.5,9870001,9880000
II,9885000.5,9880001,9890000
II,9895000.5,9890001,9900000
II,9905000.5,9900001,9910000
II,9915000.5,9910001,9920000
II,9925000.5,9920001,9930000
II,9935000.5,9930001,9940000
II,9945000.5,9940001,9950000
II,9955000.5,9950001,9960000
II,9965000.5,9960001,9970000
II,9975000.5,9970001,9980000
II,9985000.5,9980001,9990000
II,9995000.5,9990001,10000000
II,10005000.5,10000001,10010000
II,10015000.5,10010001,10020000
II,10025000.5,10020001,10030000
II,10035000.5,10030001,10040000
II,10045000.5,10040001,10050000
II,10055000.5,10050001,10060000
II,10065000.5,10060001,10070000
II,10075000.5,10070001,10080000
II,10085000.5,10080001,10090000
II,10095000.5,10090001,10100000
II,10105000.5,10100001,10110000
II,10115000.5,10110001,10120000
II,10125000.5,10120001,10130000
II,10135000.5,10130001,10140000
II,10145000.5,10140001,10150000
II,10155000.5,10150001,10160000
II,10165000.5,10160001,10170000
II,10175000.5,10170001,10180000
II,10185000.5,10180001,10190000
II,10195000.5,10190001,10200000
II,10205000.5,10200001,10210000
II,10215000.5,10210001,10220000
II,10225000.5,10220001,10230000
II,10235000.5,10230001,10240000
II,10245000.5,10240001,10250000
II,10255000.5,10250001,10260000
II,10265000.5,10260001,10270000
II,10275000.5,10270001,10280000
II,10285000.5,10280001,10290000
II,10295000.5,10290001,10300000
II,10305000.5,10300001,10310000
II,10315000.5,10310001,10320000
II,10325000.5,10320001,10330000
II,10335000.5,10330001,10340000
II,10345000.5,10340001,10350000
II,10355000.5,10350001,10360000
II,10365000.5,10360001,10370000
II,10375000.5,10370001,10380000
II,10385000.5,10380001,10390000
II,10395000.5,10390001,10400000
II,10405000.5,10400001,10410000
II,10415000.5,10410001,10420000
II,10425000.5,10420001,10430000
II,10435000.5,10430001,10440000
II,10445000.5,10440001,10450000
II,10455000.5,10450001,10460000
II,10465000.5,10460001,10470000
II,10475000.5,10470001,10480000
II,10485000.5,10480001,10490000
II,10495000.5,10490001,10500000
II,10505000.5,10500001,10510000
II,10515000.5,10510001,10520000
II,10525000.5,10520001,10530000
II,10535000.5,10530001,10540000
II,10545000.5,10540001,10550000
II,10555000.5,10550001,10560000
II,10565000.5,10560001,10570000
II,10575000.5,10570001,10580000
II,10585000.5,10580001,10590000
II,10595000.5,10590001,10600000
II,10605000.5,10600001,10610000
II,10615000.5,10610001,10620000
II,10625000.5,10620001,10630000
II,10635000.5,10630001,10640000
II,10645000.5,10640001,10650000
II,10655000.5,10650001,10660000
II,10665000.5,10660001,10670000
II,10675000.5,10670001,10680000
II,10685000.5,10680001,10690000
II,10695000.5,10690001,10700000
II,10705000.5,10700001,10710000
II,10715000.5,10710001,10720000
II,10725000.5,10720001,10730000
II,10735000.5,10730001,10740000
II,10745000.5,10740001,10750000
II,10755000.5,10750001,10760000
II,10765000.5,10760001,10770000
II,10775000.5,10770001,10780000
II,10785000.5,10780001,10790000
II,10795000.5,10790001,10800000
II,10805000.5,10800001,10810000
II,10815000.5,10810001,10820000
II,10825000.5,10820001,10830000
II,10835000.5,10830001,10840000
II,10845000.5,10840001,10850000
II,10855000.5,10850001,10860000
II,10865000.5,10860001,10870000
II,10875000.5,10870001,10880000
II,10885000.5,10880001,10890000
II,10895000.5,10890001,10900000
II,10905000.5,10900001,10910000
II,10915000.5,10910001,10920000
II,10925000.5,10920001,10930000
II,10935000.5,10930001,10940000
II,10945000.5,10940001,10950000
II,10955000.5,10950001,10960000
II,10965000.5,10960001,10970000
II,10975000.5,10970001,10980000
II,10985000.5,10980001,10990000
II,10995000.5,10990001,11000000
II,11005000.5,11000001,11010000
II,11015000.5,11010001,11020000
II,11025000.5,11020001,11030000
II,11035000.5,11030001,11040000
II,11045000.5,11040001,11050000
II,11055000.5,11050001,11060000
II,11065000.5,11060001,11070000
II,11075000.5,11070001,11080000
II,11085000.5,11080001,11090000
II,11095000.5,11090001,11100000
II,11105000.5,11100001,11110000
II,11115000.5,11110001,11120000
II,11125000.5,11120001,11130000
II,11135000.5,11130001,11140000
II,11145000.5,11140001,11150000
II,11155000.5,11150001,11160000
II,11165000.5,11160001,11170000
II,11175000.5,11170001,11180000
II,11185000.5,11180001,11190000
II,11195000.5,11190001,11200000
II,11205000.5,11200001,11210000
II,11215000.5,11210001,11220000
II,11225000.5,11220001,11230000
II,11235000.5,11230001,11240000
II,11245000.5,11240001,11250000
II,11255000.5,11250001,11260000
II,11265000.5,11260001,11270000
II,11275000.5,11270001,11280000
II,11285000.5,11280001,11290000
II,11295000.5,11290001,11300000
II,11305000.5,11300001,11310000
II,11315000.5,11310001,11320000
II,11325000.5,11320001,11330000
II,11335000.5,11330001,11340000
II,11345000.5,11340001,11350000
II,11355000.5,11350001,11360000
II,11365000.5,11360001,11370000
II,11375000.5,11370001,11380000
II,11385000.5,11380001,11390000
II,11395000.5,11390001,11400000
II,11405000.5,11400001,11410000
II,11415000.5,11410001,11420000
II,11425000.5,11420001,11430000
II,11435000.5,11430001,11440000
II,11445000.5,11440001,11450000
II,11455000.5,11450001,11460000
II,11465000.5,11460001,11470000
II,11475000.5,11470001,11480000
II,11485000.5,11480001,11490000
II,11495000.5,11490001,11500000
II,11505000.5,11500001,11510000
II,11515000.5,11510001,11520000
II,11525000.5,11520001,11530000
II,11535000.5,11530001,11540000
II,11545000.5,11540001,11550000
II,11555000.5,11550001,11560000
II,11565000.5,11560001,11570000
II,11575000.5,11570001,11580000
II,11585000.5,11580001,11590000
II,11595000.5,11590001,11600000
II,11605000.5,11600001,11610000
II,11615000.5,11610001,11620000
II,11625000.5,11620001,11630000
II,11635000.5,11630001,11640000
II,11645000.5,11640001,11650000
II,11655000.5,11650001,11660000
II,11665000.5,11660001,11670000
II,11675000.5,11670001,11680000
II,11685000.5,11680001,11690000
II,11695000.5,11690001,11700000
II,11705000.5,11700001,11710000
II,11715000.5,11710001,11720000
II,11725000.5,11720001,11730000
II,11735000.5,11730001,11740000
II,11745000.5,11740001,11750000
II,11755000.5,11750001,11760000
II,11765000.5,11760001,11770000
II,11775000.5,11770001,11780000
II,11785000.5,11780001,11790000
II,11795000.5,11790001,11800000
II,11805000.5,11800001,11810000
II,11815000.5,11810001,11820000
II,11825000.5,11820001,11830000
II,11835000.5,11830001,11840000
II,11845000.5,11840001,11850000
II,11855000.5,11850001,11860000
II,11865000.5,11860001,11870000
II,11875000.5,11870001,11880000
II,11885000.5,11880001,11890000
II,11895000.5,11890001,11900000
II,11905000.5,11900001,11910000
II,11915000.5,11910001,11920000
II,11925000.5,11920001,11930000
II,11935000.5,11930001,11940000
II,11945000.5,11940001,11950000
II,11955000.5,11950001,11960000
II,11965000.5,11960001,11970000
II,11975000.5,11970001,11980000
II,11985000.5,11980001,11990000
II,11995000.5,11990001,12000000
II,12005000.5,12000001,12010000
II,12015000.5,12010001,12020000
II,12025000.5,12020001,12030000
II,12035000.5,12030001,12040000
II,12045000.5,12040001,12050000
II,12055000.5,12050001,12060000
II,12065000.5,12060001,12070000
II,12075000.5,12070001,12080000
II,12085000.5,12080001,12090000
II,12095000.5,12090001,12100000
II,12105000.5,12100001,12110000
II,12115000.5,12110001,12120000
II,12125000.5,12120001,12130000
II,12135000.5,12130001,12140000
II,12145000.5,12140001,12150000
II,12155000.5,12150001,12160000
II,12165000.5,12160001,12170000
II,12175000.5,12170001,12180000
II,12185000.5,12180001,12190000
II,12195000.5,12190001,12200000
II,12205000.5,12200001,12210000
II,12215000.5,12210001,12220000
II,12225000.5,12220001,12230000
II,12235000.5,12230001,12240000
II,12245000.5,12240001,12250000
II,12255000.5,12250001,12260000
II,12265000.5,12260001,12270000
II,12275000.5,12270001,12280000
II,12285000.5,12280001,12290000
II,12295000.5,12290001,12300000
II,12305000.5,12300001,12310000
II,12315000.5,12310001,12320000
II,12325000.5,12320001,12330000
II,12335000.5,12330001,12340000
II,12345000.5,12340001,12350000
II,12355000.5,12350001,12360000
II,12365000.5,12360001,12370000
II,12375000.5,12370001,12380000
II,12385000.5,12380001,12390000
II,12395000.5,12390001,12400000
II,12405000.5,12400001,12410000
II,12415000.5,12410001,12420000
II,12425000.5,12420001,12430000
II,12435000.5,12430001,12440000
II,12445000.5,12440001,12450000
II,12455000.5,12450001,12460000
II,12465000.5,12460001,12470000
II,12475000.5,12470001,12480000
II,12485000.5,12480001,12490000
II,12495000.5,12490001,12500000
II,12505000.5,12500001,12510000
II,12515000.5,12510001,12520000
II,12525000.5,12520001,12530000
II,12535000.5,12530001,12540000
II,12545000.5,12540001,12550000
II,12555000.5,12550001,12560000
II,12565000.5,12560001,12570000
II,12575000.5,12570001,12580000
II,12585000.5,12580001,12590000
II,12595000.5,12590001,12600000
II,12605000.5,12600001,12610000
II,12615000.5,12610001,12620000
II,12625000.5,12620001,12630000
II,12635000.5,12630001,12640000
II,12645000.5,12640001,12650000
II,12655000.5,12650001,12660000
II,12665000.5,12660001,12670000
II,12675000.5,12670001,12680000
II,12685000.5,12680001,12690000
II,12695000.5,12690001,12700000
II,12705000.5,12700001,12710000
II,12715000.5,12710001,12720000
II,12725000.5,12720001,12730000
II,12735000.5,12730001,12740000
III,5000.5,1,10000
III,15000.5,10001,20000
III,25000.5,20001,30000
III,35000.5,30001,40000
III,45000.5,40001,50000
III,55000.5,50001,60000
III,65000.5,60001,70000
III,75000.5,70001,80000
III,85000.5,80001,90000
III,95000.5,90001,100000
III,105000.5,100001,110000
III,115000.5,110001,120000
III,125000.5,120001,130000
III,135000.5,130001,140000
III,145000.5,140001,150000
III,155000.5,150001,160000
III,165000.5,160001,170000
III,175000.5,170001,180000
III,185000.5,180001,190000
III,195000.5,190001,200000
III,205000.5,200001,210000
III,215000.5,210001,220000
III,225000.5,220001,230000
III,235000.5,230001,240000
III,245000.5,240001,250000
III,255000.5,250001,260000
III,265000.5,260001,270000
III,275000.5,270001,280000
III,285000.5,280001,290000
III,295000.5,290001,300000
III,305000.5,300001,310000
III,315000.5,310001,320000
III,325000.5,320001,330000
III,335000.5,330001,340000
III,345000.5,340001,350000
III,355000.5,350001,360000
III,365000.5,360001,370000
III,375000.5,370001,380000
III,385000.5,380001,390000
III,395000.5,390001,400000
III,405000.5,400001,410000
III,415000.5,410001,420000
III,425000.5,420001,430000
III,435000.5,430001,440000
III,445000.5,440001,450000
III,455000.5,450001,460000
III,465000.5,460001,470000
III,475000.5,470001,480000
III,485000.5,480001,490000
III,495000.5,490001,500000
III,505000.5,500001,510000
III,515000.5,510001,520000
III,525000.5,520001,530000
III,535000.5,530001,540000
III,545000.5,540001,550000
III,555000.5,550001,560000
III,565000.5,560001,570000
III,575000.5,570001,580000
III,585000.5,580001,590000
III,595000.5,590001,600000
III,605000.5,600001,610000
III,615000.5,610001,620000
III,625000.5,620001,630000
III,635000.5,630001,640000
III,645000.5,640001,650000
III,655000.5,650001,660000
III,665000.5,660001,670000
III,675000.5,670001,680000
III,685000.5,680001,690000
III,695000.5,690001,700000
III,705000.5,700001,710000
III,715000.5,710001,720000
III,725000.5,720001,730000
III,735000.5,730001,740000
III,745000.5,740001,750000
III,755000.5,750001,760000
III,765000.5,760001,770000
III,775000.5,770001,780000
III,785000.5,780001,790000
III,795000.5,790001,800000
III,805000.5,800001,810000
III,815000.5,810001,820000
III,825000.5,820001,830000
III,835000.5,830001,840000
III,845000.5,840001,850000
III,855000.5,850001,860000
III,865000.5,860001,870000
III,875000.5,870001,880000
III,885000.5,880001,890000
III,895000.5,890001,900000
III,905000.5,900001,910000
III,915000.5,910001,920000
III,925000.5,920001,930000
III,935000.5,930001,940000
III,945000.5,940001,950000
III,955000.5,950001,960000
III,965000.5,960001,970000
III,975000.5,970001,980000
III,985000.5,980001,990000
III,995000.5,990001,1000000
III,1005000.5,1000001,1010000
III,1015000.5,1010001,1020000
III,1025000.5,1020001,1030000
III,1035000.5,1030001,1040000
III,1045000.5,1040001,1050000
III,1055000.5,1050001,1060000
III,1065000.5,1060001,1070000
III,1075000.5,1070001,1080000
III,1085000.5,1080001,1090000
III,1095000.5,1090001,1100000
III,1105000.5,1100001,1110000
III,1115000.5,1110001,1120000
III,1125000.5,1120001,1130000
III,1135000.5,1130001,1140000
III,1145000.5,1140001,1150000
III,1155000.5,1150001,1160000
III,1165000.5,1160001,1170000
III,1175000.5,1170001,1180000
III,1185000.5,1180001,1190000
III,1195000.5,1190001,1200000
III,1205000.5,1200001,1210000
III,1215000.5,1210001,1220000
III,1225000.5,1220001,1230000
III,1235000.5,1230001,1240000
III,1245000.5,1240001,1250000
III,1255000.5,1250001,1260000
III,1265000.5,1260001,1270000
III,1275000.5,1270001,1280000
III,1285000.5,1280001,1290000
III,1295000.5,1290001,1300000
III,1305000.5,1300001,1310000
III,1315000.5,1310001,1320000
III,1325000.5,1320001,1330000
III,1335000.5,1330001,1340000
III,1345000.5,1340001,1350000
III,1355000.5,1350001,1360000
III,1365000.5,1360001,1370000
III,1375000.5,1370001,1380000
III,1385000.5,1380001,1390000
III,1395000.5,1390001,1400000
III,1405000.5,1400001,1410000
III,1415000.5,1410001,1420000
III,1425000.5,1420001,1430000
III,1435000.5,1430001,1440000
III,1445000.5,1440001,1450000
III,1455000.5,1450001,1460000
III,1465000.5,1460001,1470000
III,1475000.5,1470001,1480000
III,1485000.5,1480001,1490000
III,1495000.5,1490001,1500000
III,1505000.5,1500001,1510000
III,1515000.5,1510001,1520000
III,1525000.5,1520001,1530000
III,1535000.5,1530001,1540000
III,1545000.5,1540001,1550000
III,1555000.5,1550001,1560000
III,1565000.5,1560001,1570000
III,1575000.5,1570001,1580000
III,1585000.5,1580001,1590000
III,1595000.5,1590001,1600000
III,1605000.5,1600001,1610000
III,1615000.5,1610001,1620000
III,1625000.5,1620001,1630000
III,1635000.5,1630001,1640000
III,1645000.5,1640001,1650000
III,1655000.5,1650001,1660000
III,1665000.5,1660001,1670000
III,1675000.5,1670001,1680000
III,1685000.5,1680001,1690000
III,1695000.5,1690001,1700000
III,1705000.5,1700001,1710000
III,1715000.5,1710001,1720000
III,1725000.5,1720001,1730000
III,1735000.5,1730001,1740000
III,1745000.5,1740001,1750000
III,1755000.5,1750001,1760000
III,1765000.5,1760001,1770000
III,1775000.5,1770001,1780000
III,1785000.5,1780001,1790000
III,1795000.5,1790001,1800000
III,1805000.5,1800001,1810000
III,1815000.5,1810001,1820000
III,1825000.5,1820001,1830000
III,1835000.5,1830001,1840000
III,1845000.5,1840001,1850000
III,1855000.5,1850001,1860000
III,1865000.5,1860001,1870000
III,1875000.5,1870001,1880000
III,1885000.5,1880001,1890000
III,1895000.5,1890001,1900000
III,1905000.5,1900001,1910000
III,1915000.5,1910001,1920000
III,1925000.5,1920001,1930000
III,1935000.5,1930001,1940000
III,1945000.5,1940001,1950000
III,1955000.5,1950001,1960000
III,1965000.5,1960001,1970000
III,1975000.5,1970001,1980000
III,1985000.5,1980001,1990000
III,1995000.5,1990001,2000000
III,2005000.5,2000001,2010000
III,2015000.5,2010001,2020000
III,2025000.5,2020001,2030000
III,2035000.5,2030001,2040000
III,2045000.5,2040001,2050000
III,2055000.5,2050001,2060000
III,2065000.5,2060001,2070000
III,2075000.5,2070001,2080000
III,2085000.5,2080001,2090000
III,2095000.5,2090001,2100000
III,2105000.5,2100001,2110000
III,2115000.5,2110001,2120000
III,2125000.5,2120001,2130000
III,2135000.5,2130001,2140000
III,2145000.5,2140001,2150000
III,2155000.5,2150001,2160000
III,2165000.5,2160001,2170000
III,2175000.5,2170001,2180000
III,2185000.5,2180001,2190000
III,2195000.5,2190001,2200000
III,2205000.5,2200001,2210000
III,2215000.5,2210001,2220000
III,2225000.5,2220001,2230000
III,2235000.5,2230001,2240000
III,2245000.5,2240001,2250000
III,2255000.5,2250001,2260000
III,2265000.5,2260001,2270000
III,2275000.5,2270001,2280000
III,2285000.5,2280001,2290000
III,2295000.5,2290001,2300000
III,2305000.5,2300001,2310000
III,2315000.5,2310001,2320000
III,2325000.5,2320001,2330000
III,2335000.5,2330001,2340000
III,2345000.5,2340001,2350000
III,2355000.5,2350001,2360000
III,2365000.5,2360001,2370000
III,2375000.5,2370001,2380000
III,2385000.5,2380001,2390000
III,2395000.5,2390001,2400000
III,2405000.5,2400001,2410000
III,2415000.5,2410001,2420000
III,2425000.5,2420001,2430000
III,2435000.5,2430001,2440000
III,2445000.5,2440001,2450000
III,2455000.5,2450001,2460000
III,2465000.5,2460001,2470000
III,2475000.5,2470001,2480000
III,2485000.5,2480001,2490000
III,2495000.5,2490001,2500000
III,2505000.5,2500001,2510000
III,2515000.5,2510001,2520000
III,2525000.5,2520001,2530000
III,2535000.5,2530001,2540000
III,2545000.5,2540001,2550000
III,2555000.5,2550001,2560000
III,2565000.5,2560001,2570000
III,2575000.5,2570001,2580000
III,2585000.5,2580001,2590000
III,2595000.5,2590001,2600000
III,2605000.5,2600001,2610000
III,2615000.5,2610001,2620000
III,2625000.5,2620001,2630000
III,2635000.5,2630001,2640000
III,2645000.5,2640001,2650000
III,2655000.5,2650001,2660000
III,2665000.5,2660001,2670000
III,2675000.5,2670001,2680000
III,2685000.5,2680001,2690000
III,2695000.5,2690001,2700000
III,2705000.5,2700001,2710000
III,2715000.5,2710001,2720000
III,2725000.5,2720001,2730000
III,2735000.5,2730001,2740000
III,2745000.5,2740001,2750000
III,2755000.5,2750001,2760000
III,2765000.5,2760001,2770000
III,2775000.5,2770001,2780000
III,2785000.5,2780001,2790000
III,2795000.5,2790001,2800000
III,2805000.5,2800001,2810000
III,2815000.5,2810001,2820000
III,2825000.5,2820001,2830000
III,2835000.5,2830001,2840000
III,2845000.5,2840001,2850000
III,2855000.5,2850001,2860000
III,2865000.5,2860001,2870000
III,2875000.5,2870001,2880000
III,2885000.5,2880001,2890000
III,2895000.5,2890001,2900000
III,2905000.5,2900001,2910000
III,2915000.5,2910001,2920000
III,2925000.5,2920001,2930000
III,2935000.5,2930001,2940000
III,2945000.5,2940001,2950000
III,2955000.5,2950001,2960000
III,2965000.5,2960001,2970000
III,2975000.5,2970001,2980000
III,2985000.5,2980001,2990000
III,2995000.5,2990001,3000000
III,3005000.5,3000001,3010000
III,3015000.5,3010001,3020000
III,3025000.5,3020001,3030000
III,3035000.5,3030001,3040000
III,3045000.5,3040001,3050000
III,3055000.5,3050001,3060000
III,3065000.5,3060001,3070000
III,3075000.5,3070001,3080000
III,3085000.5,3080001,3090000
III,3095000.5,3090001,3100000
III,3105000.5,3100001,3110000
III,3115000.5,3110001,3120000
III,3125000.5,3120001,3130000
III,3135000.5,3130001,3140000
III,3145000.5,3140001,3150000
III,3155000.5,3150001,3160000
III,3165000.5,3160001,3170000
III,3175000.5,3170001,3180000
III,3185000.5,3180001,3190000
III,3195000.5,3190001,3200000
III,3205000.5,3200001,3210000
III,3215000.5,3210001,3220000
III,3225000.5,3220001,3230000
III,3235000.5,3230001,3240000
III,3245000.5,3240001,3250000
III,3255000.5,3250001,3260000
III,3265000.5,3260001,3270000
III,3275000.5,3270001,3280000
III,3285000.5,3280001,3290000
III,3295000.5,3290001,3300000
III,3305000.5,3300001,3310000
III,3315000.5,3310001,3320000
III,3325000.5,3320001,3330000
III,3335000.5,3330001,3340000
III,3345000.5,3340001,3350000
III,3355000.5,3350001,3360000
III,3365000.5,3360001,3370000
III,3375000.5,3370001,3380000
III,3385000.5,3380001,3390000
III,3395000.5,3390001,3400000
III,3405000.5,3400001,3410000
III,3415000.5,3410001,3420000
III,3425000.5,3420001,3430000
III,3435000.5,3430001,3440000
III,3445000.5,3440001,3450000
III,3455000.5,3450001,3460000
III,3465000.5,3460001,3470000
III,3475000.5,3470001,3480000
III,3485000.5,3480001,3490000
III,3495000.5,3490001,3500000
III,3505000.5,3500001,3510000
III,3515000.5,3510001,3520000
III,3525000.5,3520001,3530000
III,3535000.5,3530001,3540000
III,3545000.5,3540001,3550000
III,3555000.5,3550001,3560000
III,3565000.5,3560001,3570000
III,3575000.5,3570001,3580000
III,3585000.5,3580001,3590000
III,3595000.5,3590001,3600000
III,3605000.5,3600001,3610000
III,3615000.5,3610001,3620000
III,3625000.5,3620001,3630000
III,3635000.5,3630001,3640000
III,3645000.5,3640001,3650000
III,3655000.5,3650001,3660000
III,3665000.5,3660001,3670000
III,3675000.5,3670001,3680000
III,3685000.5,3680001,3690000
III,3695000.5,3690001,3700000
III,3705000.5,3700001,3710000
III,3715000.5,3710001,3720000
III,3725000.5,3720001,3730000
III,3735000.5,3730001,3740000
III,3745000.5,3740001,3750000
III,3755000.5,3750001,3760000
III,3765000.5,3760001,3770000
III,3775000.5,3770001,3780000
III,3785000.5,3780001,3790000
III,3795000.5,3790001,3800000
III,3805000.5,3800001,3810000
III,3815000.5,3810001,3820000
III,3825000.5,3820001,3830000
III,3835000.5,3830001,3840000
III,3845000.5,3840001,3850000
III,3855000.5,3850001,3860000
III,3865000.5,3860001,3870000
III,3875000.5,3870001,3880000
III,3885000.5,3880001,3890000
III,3895000.5,3890001,3900000
III,3905000.5,3900001,3910000
III,3915000.5,3910001,3920000
III,3925000.5,3920001,3930000
III,3935000.5,3930001,3940000
III,3945000.5,3940001,3950000
III,3955000.5,3950001,3960000
III,3965000.5,3960001,3970000
III,3975000.5,3970001,3980000
III,3985000.5,3980001,3990000
III,3995000.5,3990001,4000000
III,4005000.5,4000001,4010000
III,4015000.5,4010001,4020000
III,4025000.5,4020001,4030000
III,4035000.5,4030001,4040000
III,4045000.5,4040001,4050000
III,4055000.5,4050001,4060000
III,4065000.5,4060001,4070000
III,4075000.5,4070001,4080000
III,4085000.5,4080001,4090000
III,4095000.5,4090001,4100000
III,4105000.5,4100001,4110000
III,4115000.5,4110001,4120000
III,4125000.5,4120001,4130000
III,4135000.5,4130001,4140000
III,4145000.5,4140001,4150000
III,4155000.5,4150001,4160000
III,4165000.5,4160001,4170000
III,4175000.5,4170001,4180000
III,4185000.5,4180001,4190000
III,4195000.5,4190001,4200000
III,4205000.5,4200001,4210000
III,4215000.5,4210001,4220000
III,4225000.5,4220001,4230000
III,4235000.5,4230001,4240000
III,4245000.5,4240001,4250000
III,4255000.5,4250001,4260000
III,4265000.5,4260001,4270000
III,4275000.5,4270001,4280000
III,4285000.5,4280001,4290000
III,4295000.5,4290001,4300000
III,4305000.5,4300001,4310000
III,4315000.5,4310001,4320000
III,4325000.5,4320001,4330000
III,4335000.5,4330001,4340000
III,4345000.5,4340001,4350000
III,4355000.5,4350001,4360000
III,4365000.5,4360001,4370000
III,4375000.5,4370001,4380000
III,4385000.5,4380001,4390000
III,4395000.5,4390001,4400000
III,4405000.5,4400001,4410000
III,4415000.5,4410001,4420000
III,4425000.5,4420001,4430000
III,4435000.5,4430001,4440000
III,4445000.5,4440001,4450000
III,4455000.5,4450001,4460000
III,4465000.5,4460001,4470000
III,4475000.5,4470001,4480000
III,4485000.5,4480001,4490000
III,4495000.5,4490001,4500000
III,4505000.5,4500001,4510000
III,4515000.5,4510001,4520000
III,4525000.5,4520001,4530000
III,4535000.5,4530001,4540000
III,4545000.5,4540001,4550000
III,4555000.5,4550001,4560000
III,4565000.5,4560001,4570000
III,4575000.5,4570001,4580000
III,4585000.5,4580001,4590000
III,4595000.5,4590001,4600000
III,4605000.5,4600001,4610000
III,4615000.5,4610001,4620000
III,4625000.5,4620001,4630000
III,4635000.5,4630001,4640000
III,4645000.5,4640001,4650000
III,4655000.5,4650001,4660000
III,4665000.5,4660001,4670000
III,4675000.5,4670001,4680000
III,4685000.5,4680001,4690000
III,4695000.5,4690001,4700000
III,4705000.5,4700001,4710000
III,4715000.5,4710001,4720000
III,4725000.5,4720001,4730000
III,4735000.5,4730001,4740000
III,4745000.5,4740001,4750000
III,4755000.5,4750001,4760000
III,4765000.5,4760001,4770000
III,4775000.5,4770001,4780000
III,4785000.5,4780001,4790000
III,4795000.5,4790001,4800000
III,4805000.5,4800001,4810000
III,4815000.5,4810001,4820000
III,4825000.5,4820001,4830000
III,4835000.5,4830001,4840000
III,4845000.5,4840001,4850000
III,4855000.5,4850001,4860000
III,4865000.5,4860001,4870000
III,4875000.5,4870001,4880000
III,4885000.5,4880001,4890000
III,4895000.5,4890001,4900000
III,4905000.5,4900001,4910000
III,4915000.5,4910001,4920000
III,4925000.5,4920001,4930000
III,4935000.5,4930001,4940000
III,4945000.5,4940001,4950000
III,4955000.5,4950001,4960000
III,4965000.5,4960001,4970000
III,4975000.5,4970001,4980000
III,4985000.5,4980001,4990000
III,4995000.5,4990001,5000000
III,5005000.5,5000001,5010000
III,5015000.5,5010001,5020000
III,5025000.5,5020001,5030000
III,5035000.5,5030001,5040000
III,5045000.5,5040001,5050000
III,5055000.5,5050001,5060000
III,5065000.5,5060001,5070000
III,5075000.5,5070001,5080000
III,5085000.5,5080001,5090000
III,5095000.5,5090001,5100000
III,5105000.5,5100001,5110000
III,5115000.5,5110001,5120000
III,5125000.5,5120001,5130000
III,5135000.5,5130001,5140000
III,5145000.5,5140001,5150000
III,5155000.5,5150001,5160000
III,5165000.5,5160001,5170000
III,5175000.5,5170001,5180000
III,5185000.5,5180001,5190000
III,5195000.5,5190001,5200000
III,5205000.5,5200001,5210000
III,5215000.5,5210001,5220000
III,5225000.5,5220001,5230000
III,5235000.5,5230001,5240000
III,5245000.5,5240001,5250000
III,5255000.5,5250001,5260000
III,5265000.5,5260001,5270000
III,5275000.5,5270001,5280000
III,5285000.5,5280001,5290000
III,5295000.5,5290001,5300000
III,5305000.5,5300001,5310000
III,5315000.5,5310001,5320000
III,5325000.5,5320001,5330000
III,5335000.5,5330001,5340000
III,5345000.5,5340001,5350000
III,5355000.5,5350001,5360000
III,5365000.5,5360001,5370000
III,5375000.5,5370001,5380000
III,5385000.5,5380001,5390000
III,5395000.5,5390001,5400000
III,5405000.5,5400001,5410000
III,5415000.5,5410001,5420000
III,5425000.5,5420001,5430000
III,5435000.5,5430001,5440000
III,5445000.5,5440001,5450000
III,5455000.5,5450001,5460000
III,5465000.5,5460001,5470000
III,5475000.5,5470001,5480000
III,5485000.5,5480001,5490000
III,5495000.5,5490001,5500000
III,5505000.5,5500001,5510000
III,5515000.5,5510001,5520000
III,5525000.5,5520001,5530000
III,5535000.5,5530001,5540000
III,5545000.5,5540001,5550000
III,5555000.5,5550001,5560000
III,5565000.5,5560001,5570000
III,5575000.5,5570001,5580000
III,5585000.5,5580001,5590000
III,5595000.5,5590001,5600000
III,5605000.5,5600001,5610000
III,5615000.5,5610001,5620000
III,5625000.5,5620001,5630000
III,5635000.5,5630001,5640000
III,5645000.5,5640001,5650000
III,5655000.5,5650001,5660000
III,5665000.5,5660001,5670000
III,5675000.5,5670001,5680000
III,5685000.5,5680001,5690000
III,5695000.5,5690001,5700000
III,5705000.5,5700001,5710000
III,5715000.5,5710001,5720000
III,5725000.5,5720001,5730000
III,5735000.5,5730001,5740000
III,5745000.5,5740001,5750000
III,5755000.5,5750001,5760000
III,5765000.5,5760001,5770000
III,5775000.5,5770001,5780000
III,5785000.5,5780001,5790000
III,5795000.5,5790001,5800000
III,5805000.5,5800001,5810000
III,5815000.5,5810001,5820000
III,5825000.5,5820001,5830000
III,5835000.5,5830001,5840000
III,5845000.5,5840001,5850000
III,5855000.5,5850001,5860000
III,5865000.5,5860001,5870000
III,5875000.5,5870001,5880000
III,5885000.5,5880001,5890000
III,5895000.5,5890001,5900000
III,5905000.5,5900001,5910000
III,5915000.5,5910001,5920000
III,5925000.5,5920001,5930000
III,5935000.5,5930001,5940000
III,5945000.5,5940001,5950000
III,5955000.5,5950001,5960000
III,5965000.5,5960001,5970000
III,5975000.5,5970001,5980000
III,5985000.5,5980001,5990000
III,5995000.5,5990001,6000000
III,6005000.5,6000001,6010000
III,6015000.5,6010001,6020000
III,6025000.5,6020001,6030000
III,6035000.5,6030001,6040000
III,6045000.5,6040001,6050000
III,6055000.5,6050001,6060000
III,6065000.5,6060001,6070000
III,6075000.5,6070001,6080000
III,6085000.5,6080001,6090000
III,6095000.5,6090001,6100000
III,6105000.5,6100001,6110000
III,6115000.5,6110001,6120000
III,6125000.5,6120001,6130000
III,6135000.5,6130001,6140000
III,6145000.5,6140001,6150000
III,6155000.5,6150001,6160000
III,6165000.5,6160001,6170000
III,6175000.5,6170001,6180000
III,6185000.5,6180001,6190000
III,6195000.5,6190001,6200000
III,6205000.5,6200001,6210000
III,6215000.5,6210001,6220000
III,6225000.5,6220001,6230000
III,6235000.5,6230001,6240000
III,6245000.5,6240001,6250000
III,6255000.5,6250001,6260000
III,6265000.5,6260001,6270000
III,6275000.5,6270001,6280000
III,6285000.5,6280001,6290000
III,6295000.5,6290001,6300000
III,6305000.5,6300001,6310000
III,6315000.5,6310001,6320000
III,6325000.5,6320001,6330000
III,6335000.5,6330001,6340000
III,6345000.5,6340001,6350000
III,6355000.5,6350001,6360000
III,6365000.5,6360001,6370000
III,6375000.5,6370001,6380000
III,6385000.5,6380001,6390000
III,6395000.5,6390001,6400000
III,6405000.5,6400001,6410000
III,6415000.5,6410001,6420000
III,6425000.5,6420001,6430000
III,6435000.5,6430001,6440000
III,6445000.5,6440001,6450000
III,6455000.5,6450001,6460000
III,6465000.5,6460001,6470000
III,6475000.5,6470001,6480000
III,6485000.5,6480001,6490000
III,6495000.5,6490001,6500000
III,6505000.5,6500001,6510000
III,6515000.5,6510001,6520000
III,6525000.5,6520001,6530000
III,6535000.5,6530001,6540000
III,6545000.5,6540001,6550000
III,6555000.5,6550001,6560000
III,6565000.5,6560001,6570000
III,6575000.5,6570001,6580000
III,6585000.5,6580001,6590000
III,6595000.5,6590001,6600000
III,6605000.5,6600001,6610000
III,6615000.5,6610001,6620000
III,6625000.5,6620001,6630000
III,6635000.5,6630001,6640000
III,6645000.5,6640001,6650000
III,6655000.5,6650001,6660000
III,6665000.5,6660001,6670000
III,6675000.5,6670001,6680000
III,6685000.5,6680001,6690000
III,6695000.5,6690001,6700000
III,6705000.5,6700001,6710000
III,6715000.5,6710001,6720000
III,6725000.5,6720001,6730000
III,6735000.5,6730001,6740000
III,6745000.5,6740001,6750000
III,6755000.5,6750001,6760000
III,6765000.5,6760001,6770000
III,6775000.5,6770001,6780000
III,6785000.5,6780001,6790000
III,6795000.5,6790001,6800000
III,6805000.5,6800001,6810000
III,6815000.5,6810001,6820000
III,6825000.5,6820001,6830000
III,6835000.5,6830001,6840000
III,6845000.5,6840001,6850000
III,6855000.5,6850001,6860000
III,6865000.5,6860001,6870000
III,6875000.5,6870001,6880000
III,6885000.5,6880001,6890000
III,6895000.5,6890001,6900000
III,6905000.5,6900001,6910000
III,6915000.5,6910001,6920000
III,6925000.5,6920001,6930000
III,6935000.5,6930001,6940000
III,6945000.5,6940001,6950000
III,6955000.5,6950001,6960000
III,6965000.5,6960001,6970000
III,6975000.5,6970001,6980000
III,6985000.5,6980001,6990000
III,6995000.5,6990001,7000000
III,7005000.5,7000001,7010000
III,7015000.5,7010001,7020000
III,7025000.5,7020001,7030000
III,7035000.5,7030001,7040000
III,7045000.5,7040001,7050000
III,7055000.5,7050001,7060000
III,7065000.5,7060001,7070000
III,7075000.5,7070001,7080000
III,7085000.5,7080001,7090000
III,7095000.5,7090001,7100000
III,7105000.5,7100001,7110000
III,7115000.5,7110001,7120000
III,7125000.5,7120001,7130000
III,7135000.5,7130001,7140000
III,7145000.5,7140001,7150000
III,7155000.5,7150001,7160000
III,7165000.5,7160001,7170000
III,7175000.5,7170001,7180000
III,7185000.5,7180001,7190000
III,7195000.5,7190001,7200000
III,7205000.5,7200001,7210000
III,7215000.5,7210001,7220000
III,7225000.5,7220001,7230000
III,7235000.5,7230001,7240000
III,7245000.5,7240001,7250000
III,7255000.5,7250001,7260000
III,7265000.5,7260001,7270000
III,7275000.5,7270001,7280000
III,7285000.5,7280001,7290000
III,7295000.5,7290001,7300000
III,7305000.5,7300001,7310000
III,7315000.5,7310001,7320000
III,7325000.5,7320001,7330000
III,7335000.5,7330001,7340000
III,7345000.5,7340001,7350000
III,7355000.5,7350001,7360000
III,7365000.5,7360001,7370000
III,7375000.5,7370001,7380000
III,7385000.5,7380001,7390000
III,7395000.5,7390001,7400000
III,7405000.5,7400001,7410000
III,7415000.5,7410001,7420000
III,7425000.5,7420001,7430000
III,7435000.5,7430001,7440000
III,7445000.5,7440001,7450000
III,7455000.5,7450001,7460000
III,7465000.5,7460001,7470000
III,7475000.5,7470001,7480000
III,7485000.5,7480001,7490000
III,7495000.5,7490001,7500000
III,7505000.5,7500001,7510000
III,7515000.5,7510001,7520000
III,7525000.5,7520001,7530000
III,7535000.5,7530001,7540000
III,7545000.5,7540001,7550000
III,7555000.5,7550001,7560000
III,7565000.5,7560001,7570000
III,7575000.5,7570001,7580000
III,7585000.5,7580001,7590000
III,7595000.5,7590001,7600000
III,7605000.5,7600001,7610000
III,7615000.5,7610001,7620000
III,7625000.5,7620001,7630000
III,7635000.5,7630001,7640000
III,7645000.5,7640001,7650000
III,7655000.5,7650001,7660000
III,7665000.5,7660001,7670000
III,7675000.5,7670001,7680000
III,7685000.5,7680001,7690000
III,7695000.5,7690001,7700000
III,7705000.5,7700001,7710000
III,7715000.5,7710001,7720000
III,7725000.5,7720001,7730000
III,7735000.5,7730001,7740000
III,7745000.5,7740001,7750000
III,7755000.5,7750001,7760000
III,7765000.5,7760001,7770000
III,7775000.5,7770001,7780000
III,7785000.5,7780001,7790000
III,7795000.5,7790001,7800000
III,7805000.5,7800001,7810000
III,7815000.5,7810001,7820000
III,7825000.5,7820001,7830000
III,7835000.5,7830001,7840000
III,7845000.5,7840001,7850000
III,7855000.5,7850001,7860000
III,7865000.5,7860001,7870000
III,7875000.5,7870001,7880000
III,7885000.5,7880001,7890000
III,7895000.5,7890001,7900000
III,7905000.5,7900001,7910000
III,7915000.5,7910001,7920000
III,7925000.5,7920001,7930000
III,7935000.5,7930001,7940000
III,7945000.5,7940001,7950000
III,7955000.5,7950001,7960000
III,7965000.5,7960001,7970000
III,7975000.5,7970001,7980000
III,7985000.5,7980001,7990000
III,7995000.5,7990001,8000000
III,8005000.5,8000001,8010000
III,8015000.5,8010001,8020000
III,8025000.5,8020001,8030000
III,8035000.5,8030001,8040000
III,8045000.5,8040001,8050000
III,8055000.5,8050001,8060000
III,8065000.5,8060001,8070000
III,8075000.5,8070001,8080000
III,8085000.5,8080001,8090000
III,8095000.5,8090001,8100000
III,8105000.5,8100001,8110000
III,8115000.5,8110001,8120000
III,8125000.5,8120001,8130000
III,8135000.5,8130001,8140000
III,8145000.5,8140001,8150000
III,8155000.5,8150001,8160000
III,8165000.5,8160001,8170000
III,8175000.5,8170001,8180000
III,8185000.5,8180001,8190000
III,8195000.5,8190001,8200000
III,8205000.5,8200001,8210000
III,8215000.5,8210001,8220000
III,8225000.5,8220001,8230000
III,8235000.5,8230001,8240000
III,8245000.5,8240001,8250000
III,8255000.5,8250001,8260000
III,8265000.5,8260001,8270000
III,8275000.5,8270001,8280000
III,8285000.5,8280001,8290000
III,8295000.5,8290001,8300000
III,8305000.5,8300001,8310000
III,8315000.5,8310001,8320000
III,8325000.5,8320001,8330000
III,8335000.5,8330001,8340000
III,8345000.5,8340001,8350000
III,8355000.5,8350001,8360000
III,8365000.5,8360001,8370000
III,8375000.5,8370001,8380000
III,8385000.5,8380001,8390000
III,8395000.5,8390001,8400000
III,8405000.5,8400001,8410000
III,8415000.5,8410001,8420000
III,8425000.5,8420001,8430000
III,8435000.5,8430001,8440000
III,8445000.5,8440001,8450000
III,8455000.5,8450001,8460000
III,8465000.5,8460001,8470000
III,8475000.5,8470001,8480000
III,8485000.5,8480001,8490000
III,8495000.5,8490001,8500000
III,8505000.5,8500001,8510000
III,8515000.5,8510001,8520000
III,8525000.5,8520001,8530000
III,8535000.5,8530001,8540000
III,8545000.5,8540001,8550000
III,8555000.5,8550001,8560000
III,8565000.5,8560001,8570000
III,8575000.5,8570001,8580000
III,8585000.5,8580001,8590000
III,8595000.5,8590001,8600000
III,8605000.5,8600001,8610000
III,8615000.5,8610001,8620000
III,8625000.5,8620001,8630000
III,8635000.5,8630001,8640000
III,8645000.5,8640001,8650000
III,8655000.5,8650001,8660000
III,8665000.5,8660001,8670000
III,8675000.5,8670001,8680000
III,8685000.5,8680001,8690000
III,8695000.5,8690001,8700000
III,8705000.5,8700001,8710000
III,8715000.5,8710001,8720000
III,8725000.5,8720001,8730000
III,8735000.5,8730001,8740000
III,8745000.5,8740001,8750000
III,8755000.5,8750001,8760000
III,8765000.5,8760001,8770000
III,8775000.5,8770001,8780000
III,8785000.5,8780001,8790000
III,8795000.5,8790001,8800000
III,8805000.5,8800001,8810000
III,8815000.5,8810001,8820000
III,8825000.5,8820001,8830000
III,8835000.5,8830001,8840000
III,8845000.5,8840001,8850000
III,8855000.5,8850001,8860000
III,8865000.5,8860001,8870000
III,8875000.5,8870001,8880000
III,8885000.5,8880001,8890000
III,8895000.5,8890001,8900000
III,8905000.5,8900001,8910000
III,8915000.5,8910001,8920000
III,8925000.5,8920001,8930000
III,8935000.5,8930001,8940000
III,8945000.5,8940001,8950000
III,8955000.5,8950001,8960000
III,8965000.5,8960001,8970000
III,8975000.5,8970001,8980000
III,8985000.5,8980001,8990000
III,8995000.5,8990001,9000000
III,9005000.5,9000001,9010000
III,9015000.5,9010001,9020000
III,9025000.5,9020001,9030000
III,9035000.5,9030001,9040000
III,9045000.5,9040001,9050000
III,9055000.5,9050001,9060000
III,9065000.5,9060001,9070000
III,9075000.5,9070001,9080000
III,9085000.5,9080001,9090000
III,9095000.5,9090001,9100000
III,9105000.5,9100001,9110000
III,9115000.5,9110001,9120000
III,9125000.5,9120001,9130000
III,9135000.5,9130001,9140000
III,9145000.5,9140001,9150000
III,9155000.5,9150001,9160000
III,9165000.5,9160001,9170000
III,9175000.5,9170001,9180000
III,9185000.5,9180001,9190000
III,9195000.5,9190001,9200000
III,9205000.5,9200001,9210000
III,9215000.5,9210001,9220000
III,9225000.5,9220001,9230000
III,9235000.5,9230001,9240000
III,9245000.5,9240001,9250000
III,9255000.5,9250001,9260000
III,9265000.5,9260001,9270000
III,9275000.5,9270001,9280000
III,9285000.5,9280001,9290000
III,9295000.5,9290001,9300000
III,9305000.5,9300001,9310000
III,9315000.5,9310001,9320000
III,9325000.5,9320001,9330000
III,9335000.5,9330001,9340000
III,9345000.5,9340001,9350000
III,9355000.5,9350001,9360000
III,9365000.5,9360001,9370000
III,9375000.5,9370001,9380000
III,9385000.5,9380001,9390000
III,9395000.5,9390001,9400000
III,9405000.5,9400001,9410000
III,9415000.5,9410001,9420000
III,9425000.5,9420001,9430000
III,9435000.5,9430001,9440000
III,9445000.5,9440001,9450000
III,9455000.5,9450001,9460000
III,9465000.5,9460001,9470000
III,9475000.5,9470001,9480000
III,9485000.5,9480001,9490000
III,9495000.5,9490001,9500000
III,9505000.5,9500001,9510000
III,9515000.5,9510001,9520000
III,9525000.5,9520001,9530000
III,9535000.5,9530001,9540000
III,9545000.5,9540001,9550000
III,9555000.5,9550001,9560000
III,9565000.5,9560001,9570000
III,9575000.5,9570001,9580000
III,9585000.5,9580001,9590000
III,9595000.5,9590001,9600000
III,9605000.5,9600001,9610000
III,9615000.5,9610001,9620000
III,9625000.5,9620001,9630000
III,9635000.5,9630001,9640000
III,9645000.5,9640001,9650000
III,9655000.5,9650001,9660000
III,9665000.5,9660001,9670000
III,9675000.5,9670001,9680000
III,9685000.5,9680001,9690000
III,9695000.5,9690001,9700000
III,9705000.5,9700001,9710000
III,9715000.5,9710001,9720000
III,9725000.5,9720001,9730000
III,9735000.5,9730001,9740000
III,9745000.5,9740001,9750000
III,9755000.5,9750001,9760000
III,9765000.5,9760001,9770000
III,9775000.5,9770001,9780000
III,9785000.5,9780001,9790000
III,9795000.5,9790001,9800000
III,9805000.5,9800001,9810000
III,9815000.5,9810001,9820000
III,9825000.5,9820001,9830000
III,9835000.5,9830001,9840000
III,9845000.5,9840001,9850000
III,9855000.5,9850001,9860000
III,9865000.5,9860001,9870000
III,9875000.5,9870001,9880000
III,9885000.5,9880001,9890000
III,9895000.5,9890001,9900000
III,9905000.5,9900001,9910000
III,9915000.5,9910001,9920000
III,9925000.5,9920001,9930000
III,9935000.5,9930001,9940000
III,9945000.5,9940001,9950000
III,9955000.5,9950001,9960000
III,9965000.5,9960001,9970000
III,9975000.5,9970001,9980000
III,9985000.5,9980001,9990000
III,9995000.5,9990001,10000000
III,10005000.5,10000001,10010000
III,10015000.5,10010001,10020000
III,10025000.5,10020001,10030000
III,10035000.5,10030001,10040000
III,10045000.5,10040001,10050000
III,10055000.5,10050001,10060000
III,10065000.5,10060001,10070000
III,10075000.5,10070001,10080000
III,10085000.5,10080001,10090000
III,10095000.5,10090001,10100000
III,10105000.5,10100001,10110000
III,10115000.5,10110001,10120000
III,10125000.5,10120001,10130000
III,10135000.5,10130001,10140000
III,10145000.5,10140001,10150000
III,10155000.5,10150001,10160000
III,10165000.5,10160001,10170000
III,10175000.5,10170001,10180000
III,10185000.5,10180001,10190000
III,10195000.5,10190001,10200000
III,10205000.5,10200001,10210000
III,10215000.5,10210001,10220000
III,10225000.5,10220001,10230000
III,10235000.5,10230001,10240000
III,10245000.5,10240001,10250000
III,10255000.5,10250001,10260000
III,10265000.5,10260001,10270000
III,10275000.5,10270001,10280000
III,10285000.5,10280001,10290000
III,10295000.5,10290001,10300000
III,10305000.5,10300001,10310000
III,10315000.5,10310001,10320000
III,10325000.5,10320001,10330000
III,10335000.5,10330001,10340000
III,10345000.5,10340001,10350000
III,10355000.5,10350001,10360000
III,10365000.5,10360001,10370000
III,10375000.5,10370001,10380000
III,10385000.5,10380001,10390000
III,10395000.5,10390001,10400000
III,10405000.5,10400001,10410000
III,10415000.5,10410001,10420000
III,10425000.5,10420001,10430000
III,10435000.5,10430001,10440000
III,10445000.5,10440001,10450000
III,10455000.5,10450001,10460000
III,10465000.5,10460001,10470000
III,10475000.5,10470001,10480000
III,10485000.5,10480001,10490000
III,10495000.5,10490001,10500000
III,10505000.5,10500001,10510000
III,10515000.5,10510001,10520000
III,10525000.5,10520001,10530000
III,10535000.5,10530001,10540000
III,10545000.5,10540001,10550000
III,10555000.5,10550001,10560000
III,10565000.5,10560001,10570000
III,10575000.5,10570001,10580000
III,10585000.5,10580001,10590000
III,10595000.5,10590001,10600000
III,10605000.5,10600001,10610000
III,10615000.5,10610001,10620000
III,10625000.5,10620001,10630000
III,10635000.5,10630001,10640000
III,10645000.5,10640001,10650000
III,10655000.5,10650001,10660000
III,10665000.5,10660001,10670000
III,10675000.5,10670001,10680000
III,10685000.5,10680001,10690000
III,10695000.5,10690001,10700000
III,10705000.5,10700001,10710000
III,10715000.5,10710001,10720000
III,10725000.5,10720001,10730000
III,10735000.5,10730001,10740000
III,10745000.5,10740001,10750000
III,10755000.5,10750001,10760000
III,10765000.5,10760001,10770000
III,10775000.5,10770001,10780000
III,10785000.5,10780001,10790000
III,10795000.5,10790001,10800000
III,10805000.5,10800001,10810000
III,10815000.5,10810001,10820000
III,10825000.5,10820001,10830000
III,10835000.5,10830001,10840000
III,10845000.5,10840001,10850000
III,10855000.5,10850001,10860000
III,10865000.5,10860001,10870000
III,10875000.5,10870001,10880000
III,10885000.5,10880001,10890000
III,10895000.5,10890001,10900000
III,10905000.5,10900001,10910000
III,10915000.5,10910001,10920000
III,10925000.5,10920001,10930000
III,10935000.5,10930001,10940000
III,10945000.5,10940001,10950000
III,10955000.5,10950001,10960000
III,10965000.5,10960001,10970000
III,10975000.5,10970001,10980000
III,10985000.5,10980001,10990000
III,10995000.5,10990001,11000000
III,11005000.5,11000001,11010000
III,11015000.5,11010001,11020000
III,11025000.5,11020001,11030000
III,11035000.5,11030001,11040000
III,11045000.5,11040001,11050000
III,11055000.5,11050001,11060000
III,11065000.5,11060001,11070000
III,11075000.5,11070001,11080000
III,11085000.5,11080001,11090000
III,11095000.5,11090001,11100000
III,11105000.5,11100001,11110000
III,11115000.5,11110001,11120000
III,11125000.5,11120001,11130000
III,11135000.5,11130001,11140000
III,11145000.5,11140001,11150000
III,11155000.5,11150001,11160000
III,11165000.5,11160001,11170000
III,11175000.5,11170001,11180000
III,11185000.5,11180001,11190000
III,11195000.5,11190001,11200000
III,11205000.5,11200001,11210000
III,11215000.5,11210001,11220000
III,11225000.5,11220001,11230000
III,11235000.5,11230001,11240000
III,11245000.5,11240001,11250000
III,11255000.5,11250001,11260000
III,11265000.5,11260001,11270000
III,11275000.5,11270001,11280000
III,11285000.5,11280001,11290000
III,11295000.5,11290001,11300000
III,11305000.5,11300001,11310000
III,11315000.5,11310001,11320000
III,11325000.5,11320001,11330000
III,11335000.5,11330001,11340000
III,11345000.5,11340001,11350000
III,11355000.5,11350001,11360000
III,11365000.5,11360001,11370000
III,11375000.5,11370001,11380000
III,11385000.5,11380001,11390000
III,11395000.5,11390001,11400000
III,11405000.5,11400001,11410000
III,11415000.5,11410001,11420000
III,11425000.5,11420001,11430000
III,11435000.5,11430001,11440000
III,11445000.5,11440001,11450000
III,11455000.5,11450001,11460000
III,11465000.5,11460001,11470000
III,11475000.5,11470001,11480000
III,11485000.5,11480001,11490000
III,11495000.5,11490001,11500000
III,11505000.5,11500001,11510000
III,11515000.5,11510001,11520000
III,11525000.5,11520001,11530000
III,11535000.5,11530001,11540000
III,11545000.5,11540001,11550000
III,11555000.5,11550001,11560000
III,11565000.5,11560001,11570000
III,11575000.5,11570001,11580000
III,11585000.5,11580001,11590000
III,11595000.5,11590001,11600000
III,11605000.5,11600001,11610000
III,11615000.5,11610001,11620000
III,11625000.5,11620001,11630000
III,11635000.5,11630001,11640000
III,11645000.5,11640001,11650000
III,11655000.5,11650001,11660000
III,11665000.5,11660001,11670000
III,11675000.5,11670001,11680000
III,11685000.5,11680001,11690000
III,11695000.5,11690001,11700000
III,11705000.5,11700001,11710000
III,11715000.5,11710001,11720000
III,11725000.5,11720001,11730000
III,11735000.5,11730001,11740000
III,11745000.5,11740001,11750000
III,11755000.5,11750001,11760000
III,11765000.5,11760001,11770000
III,11775000.5,11770001,11780000
III,11785000.5,11780001,11790000
III,11795000.5,11790001,11800000
III,11805000.5,11800001,11810000
III,11815000.5,11810001,11820000
III,11825000.5,11820001,11830000
III,11835000.5,11830001,11840000
III,11845000.5,11840001,11850000
III,11855000.5,11850001,11860000
III,11865000.5,11860001,11870000
III,11875000.5,11870001,11880000
III,11885000.5,11880001,11890000
IV,5000.5,1,10000
IV,15000.5,10001,20000
IV,25000.5,20001,30000
IV,35000.5,30001,40000
IV,45000.5,40001,50000
IV,55000.5,50001,60000
IV,65000.5,60001,70000
IV,75000.5,70001,80000
IV,85000.5,80001,90000
IV,95000.5,90001,100000
IV,105000.5,100001,110000
IV,115000.5,110001,120000
IV,125000.5,120001,130000
IV,135000.5,130001,140000
IV,145000.5,140001,150000
IV,155000.5,150001,160000
IV,165000.5,160001,170000
IV,175000.5,170001,180000
IV,185000.5,180001,190000
IV,195000.5,190001,200000
IV,205000.5,200001,210000
IV,215000.5,210001,220000
IV,225000.5,220001,230000
IV,235000.5,230001,240000
IV,245000.5,240001,250000
IV,255000.5,250001,260000
IV,265000.5,260001,270000
IV,275000.5,270001,280000
IV,285000.5,280001,290000
IV,295000.5,290001,300000
IV,305000.5,300001,310000
IV,315000.5,310001,320000
IV,325000.5,320001,330000
IV,335000.5,330001,340000
IV,345000.5,340001,350000
IV,355000.5,350001,360000
IV,365000.5,360001,370000
IV,375000.5,370001,380000
IV,385000.5,380001,390000
IV,395000.5,390001,400000
IV,405000.5,400001,410000
IV,415000.5,410001,420000
IV,425000.5,420001,430000
IV,435000.5,430001,440000
IV,445000.5,440001,450000
IV,455000.5,450001,460000
IV,465000.5,460001,470000
IV,475000.5,470001,480000
IV,485000.5,480001,490000
IV,495000.5,490001,500000
IV,505000.5,500001,510000
IV,515000.5,510001,520000
IV,525000.5,520001,530000
IV,535000.5,530001,540000
IV,545000.5,540001,550000
IV,555000.5,550001,560000
IV,565000.5,560001,570000
IV,575000.5,570001,580000
IV,585000.5,580001,590000
IV,595000.5,590001,600000
IV,605000.5,600001,610000
IV,615000.5,610001,620000
IV,625000.5,620001,630000
IV,635000.5,630001,640000
IV,645000.5,640001,650000
IV,655000.5,650001,660000
IV,665000.5,660001,670000
IV,675000.5,670001,680000
IV,685000.5,680001,690000
IV,695000.5,690001,700000
IV,705000.5,700001,710000
IV,715000.5,710001,720000
IV,725000.5,720001,730000
IV,735000.5,730001,740000
IV,745000.5,740001,750000
IV,755000.5,750001,760000
IV,765000.5,760001,770000
IV,775000.5,770001,780000
IV,785000.5,780001,790000
IV,795000.5,790001,800000
IV,805000.5,800001,810000
IV,815000.5,810001,820000
IV,825000.5,820001,830000
IV,835000.5,830001,840000
IV,845000.5,840001,850000
IV,855000.5,850001,860000
IV,865000.5,860001,870000
IV,875000.5,870001,880000
IV,885000.5,880001,890000
IV,895000.5,890001,900000
IV,905000.5,900001,910000
IV,915000.5,910001,920000
IV,925000.5,920001,930000
IV,935000.5,930001,940000
IV,945000.5,940001,950000
IV,955000.5,950001,960000
IV,965000.5,960001,970000
IV,975000.5,970001,980000
IV,985000.5,980001,990000
IV,995000.5,990001,1000000
IV,1005000.5,1000001,1010000
IV,1015000.5,1010001,1020000
IV,1025000.5,1020001,1030000
IV,1035000.5,1030001,1040000
IV,1045000.5,1040001,1050000
IV,1055000.5,1050001,1060000
IV,1065000.5,1060001,1070000
IV,1075000.5,1070001,1080000
IV,1085000.5,1080001,1090000
IV,1095000.5,1090001,1100000
IV,1105000.5,1100001,1110000
IV,1115000.5,1110001,1120000
IV,1125000.5,1120001,1130000
IV,1135000.5,1130001,1140000
IV,1145000.5,1140001,1150000
IV,1155000.5,1150001,1160000
IV,1165000.5,1160001,1170000
IV,1175000.5,1170001,1180000
IV,1185000.5,1180001,1190000
IV,1195000.5,1190001,1200000
IV,1205000.5,1200001,1210000
IV,1215000.5,1210001,1220000
IV,1225000.5,1220001,1230000
IV,1235000.5,1230001,1240000
IV,1245000.5,1240001,1250000
IV,1255000.5,1250001,1260000
IV,1265000.5,1260001,1270000
IV,1275000.5,1270001,1280000
IV,1285000.5,1280001,1290000
IV,1295000.5,1290001,1300000
IV,1305000.5,1300001,1310000
IV,1315000.5,1310001,1320000
IV,1325000.5,1320001,1330000
IV,1335000.5,1330001,1340000
IV,1345000.5,1340001,1350000
IV,1355000.5,1350001,1360000
IV,1365000.5,1360001,1370000
IV,1375000.5,1370001,1380000
IV,1385000.5,1380001,1390000
IV,1395000.5,1390001,1400000
IV,1405000.5,1400001,1410000
IV,1415000.5,1410001,1420000
IV,1425000.5,1420001,1430000
IV,1435000.5,1430001,1440000
IV,1445000.5,1440001,1450000
IV,1455000.5,1450001,1460000
IV,1465000.5,1460001,1470000
IV,1475000.5,1470001,1480000
IV,1485000.5,1480001,1490000
IV,1495000.5,1490001,1500000
IV,1505000.5,1500001,1510000
IV,1515000.5,1510001,1520000
IV,1525000.5,1520001,1530000
IV,1535000.5,1530001,1540000
IV,1545000.5,1540001,1550000
IV,1555000.5,1550001,1560000
IV,1565000.5,1560001,1570000
IV,1575000.5,1570001,1580000
IV,1585000.5,1580001,1590000
IV,1595000.5,1590001,1600000
IV,1605000.5,1600001,1610000
IV,1615000.5,1610001,1620000
IV,1625000.5,1620001,1630000
IV,1635000.5,1630001,1640000
IV,1645000.5,1640001,1650000
IV,1655000.5,1650001,1660000
IV,1665000.5,1660001,1670000
IV,1675000.5,1670001,1680000
IV,1685000.5,1680001,1690000
IV,1695000.5,1690001,1700000
IV,1705000.5,1700001,1710000
IV,1715000.5,1710001,1720000
IV,1725000.5,1720001,1730000
IV,1735000.5,1730001,1740000
IV,1745000.5,1740001,1750000
IV,1755000.5,1750001,1760000
IV,1765000.5,1760001,1770000
IV,1775000.5,1770001,1780000
IV,1785000.5,1780001,1790000
IV,1795000.5,1790001,1800000
IV,1805000.5,1800001,1810000
IV,1815000.5,1810001,1820000
IV,1825000.5,1820001,1830000
IV,1835000.5,1830001,1840000
IV,1845000.5,1840001,1850000
IV,1855000.5,1850001,1860000
IV,1865000.5,1860001,1870000
IV,1875000.5,1870001,1880000
IV,1885000.5,1880001,1890000
IV,1895000.5,1890001,1900000
IV,1905000.5,1900001,1910000
IV,1915000.5,1910001,1920000
IV,1925000.5,1920001,1930000
IV,1935000.5,1930001,1940000
IV,1945000.5,1940001,1950000
IV,1955000.5,1950001,1960000
IV,1965000.5,1960001,1970000
IV,1975000.5,1970001,1980000
IV,1985000.5,1980001,1990000
IV,1995000.5,1990001,2000000
IV,2005000.5,2000001,2010000
IV,2015000.5,2010001,2020000
IV,2025000.5,2020001,2030000
IV,2035000.5,2030001,2040000
IV,2045000.5,2040001,2050000
IV,2055000.5,2050001,2060000
IV,2065000.5,2060001,2070000
IV,2075000.5,2070001,2080000
IV,2085000.5,2080001,2090000
IV,2095000.5,2090001,2100000
IV,2105000.5,2100001,2110000
IV,2115000.5,2110001,2120000
IV,2125000.5,2120001,2130000
IV,2135000.5,2130001,2140000
IV,2145000.5,2140001,2150000
IV,2155000.5,2150001,2160000
IV,2165000.5,2160001,2170000
IV,2175000.5,2170001,2180000
IV,2185000.5,2180001,2190000
IV,2195000.5,2190001,2200000
IV,2205000.5,2200001,2210000
IV,2215000.5,2210001,2220000
IV,2225000.5,2220001,2230000
IV,2235000.5,2230001,2240000
IV,2245000.5,2240001,2250000
IV,2255000.5,2250001,2260000
IV,2265000.5,2260001,2270000
IV,2275000.5,2270001,2280000
IV,2285000.5,2280001,2290000
IV,2295000.5,2290001,2300000
IV,2305000.5,2300001,2310000
IV,2315000.5,2310001,2320000
IV,2325000.5,2320001,2330000
IV,2335000.5,2330001,2340000
IV,2345000.5,2340001,2350000
IV,2355000.5,2350001,2360000
IV,2365000.5,2360001,2370000
IV,2375000.5,2370001,2380000
IV,2385000.5,2380001,2390000
IV,2395000.5,2390001,2400000
IV,2405000.5,2400001,2410000
IV,2415000.5,2410001,2420000
IV,2425000.5,2420001,2430000
IV,2435000.5,2430001,2440000
IV,2445000.5,2440001,2450000
IV,2455000.5,2450001,2460000
IV,2465000.5,2460001,2470000
IV,2475000.5,2470001,2480000
IV,2485000.5,2480001,2490000
IV,2495000.5,2490001,2500000
IV,2505000.5,2500001,2510000
IV,2515000.5,2510001,2520000
IV,2525000.5,2520001,2530000
IV,2535000.5,2530001,2540000
IV,2545000.5,2540001,2550000
IV,2555000.5,2550001,2560000
IV,2565000.5,2560001,2570000
IV,2575000.5,2570001,2580000
IV,2585000.5,2580001,2590000
IV,2595000.5,2590001,2600000
IV,2605000.5,2600001,2610000
IV,2615000.5,2610001,2620000
IV,2625000.5,2620001,2630000
IV,2635000.5,2630001,2640000
IV,2645000.5,2640001,2650000
IV,2655000.5,2650001,2660000
IV,2665000.5,2660001,2670000
IV,2675000.5,2670001,2680000
IV,2685000.5,2680001,2690000
IV,2695000.5,2690001,2700000
IV,2705000.5,2700001,2710000
IV,2715000.5,2710001,2720000
IV,2725000.5,2720001,2730000
IV,2735000.5,2730001,2740000
IV,2745000.5,2740001,2750000
IV,2755000.5,2750001,2760000
IV,2765000.5,2760001,2770000
IV,2775000.5,2770001,2780000
IV,2785000.5,2780001,2790000
IV,2795000.5,2790001,2800000
IV,2805000.5,2800001,2810000
IV,2815000.5,2810001,2820000
IV,2825000.5,2820001,2830000
IV,2835000.5,2830001,2840000
IV,2845000.5,2840001,2850000
IV,2855000.5,2850001,2860000
IV,2865000.5,2860001,2870000
IV,2875000.5,2870001,2880000
IV,2885000.5,2880001,2890000
IV,2895000.5,2890001,2900000
IV,2905000.5,2900001,2910000
IV,2915000.5,2910001,2920000
IV,2925000.5,2920001,2930000
IV,2935000.5,2930001,2940000
IV,2945000.5,2940001,2950000
IV,2955000.5,2950001,2960000
IV,2965000.5,2960001,2970000
IV,2975000.5,2970001,2980000
IV,2985000.5,2980001,2990000
IV,2995000.5,2990001,3000000
IV,3005000.5,3000001,3010000
IV,3015000.5,3010001,3020000
IV,3025000.5,3020001,3030000
IV,3035000.5,3030001,3040000
IV,3045000.5,3040001,3050000
IV,3055000.5,3050001,3060000
IV,3065000.5,3060001,3070000
IV,3075000.5,3070001,3080000
IV,3085000.5,3080001,3090000
IV,3095000.5,3090001,3100000
IV,3105000.5,3100001,3110000
IV,3115000.5,3110001,3120000
IV,3125000.5,3120001,3130000
IV,3135000.5,3130001,3140000
IV,3145000.5,3140001,3150000
IV,3155000.5,3150001,3160000
IV,3165000.5,3160001,3170000
IV,3175000.5,3170001,3180000
IV,3185000.5,3180001,3190000
IV,3195000.5,3190001,3200000
IV,3205000.5,3200001,3210000
IV,3215000.5,3210001,3220000
IV,3225000.5,3220001,3230000
IV,3235000.5,3230001,3240000
IV,3245000.5,3240001,3250000
IV,3255000.5,3250001,3260000
IV,3265000.5,3260001,3270000
IV,3275000.5,3270001,3280000
IV,3285000.5,3280001,3290000
IV,3295000.5,3290001,3300000
IV,3305000.5,3300001,3310000
IV,3315000.5,3310001,3320000
IV,3325000.5,3320001,3330000
IV,3335000.5,3330001,3340000
IV,3345000.5,3340001,3350000
IV,3355000.5,3350001,3360000
IV,3365000.5,3360001,3370000
IV,3375000.5,3370001,3380000
IV,3385000.5,3380001,3390000
IV,3395000.5,3390001,3400000
IV,3405000.5,3400001,3410000
IV,3415000.5,3410001,3420000
IV,3425000.5,3420001,3430000
IV,3435000.5,3430001,3440000
IV,3445000.5,3440001,3450000
IV,3455000.5,3450001,3460000
IV,3465000.5,3460001,3470000
IV,3475000.5,3470001,3480000
IV,3485000.5,3480001,3490000
IV,3495000.5,3490001,3500000
IV,3505000.5,3500001,3510000
IV,3515000.5,3510001,3520000
IV,3525000.5,3520001,3530000
IV,3535000.5,3530001,3540000
IV,3545000.5,3540001,3550000
IV,3555000.5,3550001,3560000
IV,3565000.5,3560001,3570000
IV,3575000.5,3570001,3580000
IV,3585000.5,3580001,3590000
IV,3595000.5,3590001,3600000
IV,3605000.5,3600001,3610000
IV,3615000.5,3610001,3620000
IV,3625000.5,3620001,3630000
IV,3635000.5,3630001,3640000
IV,3645000.5,3640001,3650000
IV,3655000.5,3650001,3660000
IV,3665000.5,3660001,3670000
IV,3675000.5,3670001,3680000
IV,3685000.5,3680001,3690000
IV,3695000.5,3690001,3700000
IV,3705000.5,3700001,3710000
IV,3715000.5,3710001,3720000
IV,3725000.5,3720001,3730000
IV,3735000.5,3730001,3740000
IV,3745000.5,3740001,3750000
IV,3755000.5,3750001,3760000
IV,3765000.5,3760001,3770000
IV,3775000.5,3770001,3780000
IV,3785000.5,3780001,3790000
IV,3795000.5,3790001,3800000
IV,3805000.5,3800001,3810000
IV,3815000.5,3810001,3820000
IV,3825000.5,3820001,3830000
IV,3835000.5,3830001,3840000
IV,3845000.5,3840001,3850000
IV,3855000.5,3850001,3860000
IV,3865000.5,3860001,3870000
IV,3875000.5,3870001,3880000
IV,3885000.5,3880001,3890000
IV,3895000.5,3890001,3900000
IV,3905000.5,3900001,3910000
IV,3915000.5,3910001,3920000
IV,3925000.5,3920001,3930000
IV,3935000.5,3930001,3940000
IV,3945000.5,3940001,3950000
IV,3955000.5,3950001,3960000
IV,3965000.5,3960001,3970000
IV,3975000.5,3970001,3980000
IV,3985000.5,3980001,3990000
IV,3995000.5,3990001,4000000
IV,4005000.5,4000001,4010000
IV,4015000.5,4010001,4020000
IV,4025000.5,4020001,4030000
IV,4035000.5,4030001,4040000
IV,4045000.5,4040001,4050000
IV,4055000.5,4050001,4060000
IV,4065000.5,4060001,4070000
IV,4075000.5,4070001,4080000
IV,4085000.5,4080001,4090000
IV,4095000.5,4090001,4100000
IV,4105000.5,4100001,4110000
IV,4115000.5,4110001,4120000
IV,4125000.5,4120001,4130000
IV,4135000.5,4130001,4140000
IV,4145000.5,4140001,4150000
IV,4155000.5,4150001,4160000
IV,4165000.5,4160001,4170000
IV,4175000.5,4170001,4180000
IV,4185000.5,4180001,4190000
IV,4195000.5,4190001,4200000
IV,4205000.5,4200001,4210000
IV,4215000.5,4210001,4220000
IV,4225000.5,4220001,4230000
IV,4235000.5,4230001,4240000
IV,4245000.5,4240001,4250000
IV,4255000.5,4250001,4260000
IV,4265000.5,4260001,4270000
IV,4275000.5,4270001,4280000
IV,4285000.5,4280001,4290000
IV,4295000.5,4290001,4300000
IV,4305000.5,4300001,4310000
IV,4315000.5,4310001,4320000
IV,4325000.5,4320001,4330000
IV,4335000.5,4330001,4340000
IV,4345000.5,4340001,4350000
IV,4355000.5,4350001,4360000
IV,4365000.5,4360001,4370000
IV,4375000.5,4370001,4380000
IV,4385000.5,4380001,4390000
IV,4395000.5,4390001,4400000
IV,4405000.5,4400001,4410000
IV,4415000.5,4410001,4420000
IV,4425000.5,4420001,4430000
IV,4435000.5,4430001,4440000
IV,4445000.5,4440001,4450000
IV,4455000.5,4450001,4460000
IV,4465000.5,4460001,4470000
IV,4475000.5,4470001,4480000
IV,4485000.5,4480001,4490000
IV,4495000.5,4490001,4500000
IV,4505000.5,4500001,4510000
IV,4515000.5,4510001,4520000
IV,4525000.5,4520001,4530000
IV,4535000.5,4530001,4540000
IV,4545000.5,4540001,4550000
IV,4555000.5,4550001,4560000
IV,4565000.5,4560001,4570000
IV,4575000.5,4570001,4580000
IV,4585000.5,4580001,4590000
IV,4595000.5,4590001,4600000
IV,4605000.5,4600001,4610000
IV,4615000.5,4610001,4620000
IV,4625000.5,4620001,4630000
IV,4635000.5,4630001,4640000
IV,4645000.5,4640001,4650000
IV,4655000.5,4650001,4660000
IV,4665000.5,4660001,4670000
IV,4675000.5,4670001,4680000
IV,4685000.5,4680001,4690000
IV,4695000.5,4690001,4700000
IV,4705000.5,4700001,4710000
IV,4715000.5,4710001,4720000
IV,4725000.5,4720001,4730000
IV,4735000.5,4730001,4740000
IV,4745000.5,4740001,4750000
IV,4755000.5,4750001,4760000
IV,4765000.5,4760001,4770000
IV,4775000.5,4770001,4780000
IV,4785000.5,4780001,4790000
IV,4795000.5,4790001,4800000
IV,4805000.5,4800001,4810000
IV,4815000.5,4810001,4820000
IV,4825000.5,4820001,4830000
IV,4835000.5,4830001,4840000
IV,4845000.5,4840001,4850000
IV,4855000.5,4850001,4860000
IV,4865000.5,4860001,4870000
IV,4875000.5,4870001,4880000
IV,4885000.5,4880001,4890000
IV,4895000.5,4890001,4900000
IV,4905000.5,4900001,4910000
IV,4915000.5,4910001,4920000
IV,4925000.5,4920001,4930000
IV,4935000.5,4930001,4940000
IV,4945000.5,4940001,4950000
IV,4955000.5,4950001,4960000
IV,4965000.5,4960001,4970000
IV,4975000.5,4970001,4980000
IV,4985000.5,4980001,4990000
IV,4995000.5,4990001,5000000
IV,5005000.5,5000001,5010000
IV,5015000.5,5010001,5020000
IV,5025000.5,5020001,5030000
IV,5035000.5,5030001,5040000
IV,5045000.5,5040001,5050000
IV,5055000.5,5050001,5060000
IV,5065000.5,5060001,5070000
IV,5075000.5,5070001,5080000
IV,5085000.5,5080001,5090000
IV,5095000.5,5090001,5100000
IV,5105000.5,5100001,5110000
IV,5115000.5,5110001,5120000
IV,5125000.5,5120001,5130000
IV,5135000.5,5130001,5140000
IV,5145000.5,5140001,5150000
IV,5155000.5,5150001,5160000
IV,5165000.5,5160001,5170000
IV,5175000.5,5170001,5180000
IV,5185000.5,5180001,5190000
IV,5195000.5,5190001,5200000
IV,5205000.5,5200001,5210000
IV,5215000.5,5210001,5220000
IV,5225000.5,5220001,5230000
IV,5235000.5,5230001,5240000
IV,5245000.5,5240001,5250000
IV,5255000.5,5250001,5260000
IV,5265000.5,5260001,5270000
IV,5275000.5,5270001,5280000
IV,5285000.5,5280001,5290000
IV,5295000.5,5290001,5300000
IV,5305000.5,5300001,5310000
IV,5315000.5,5310001,5320000
IV,5325000.5,5320001,5330000
IV,5335000.5,5330001,5340000
IV,5345000.5,5340001,5350000
IV,5355000.5,5350001,5360000
IV,5365000.5,5360001,5370000
IV,5375000.5,5370001,5380000
IV,5385000.5,5380001,5390000
IV,5395000.5,5390001,5400000
IV,5405000.5,5400001,5410000
IV,5415000.5,5410001,5420000
IV,5425000.5,5420001,5430000
IV,5435000.5,5430001,5440000
IV,5445000.5,5440001,5450000
IV,5455000.5,5450001,5460000
IV,5465000.5,5460001,5470000
IV,5475000.5,5470001,5480000
IV,5485000.5,5480001,5490000
IV,5495000.5,5490001,5500000
IV,5505000.5,5500001,5510000
IV,5515000.5,5510001,5520000
IV,5525000.5,5520001,5530000
IV,5535000.5,5530001,5540000
IV,5545000.5,5540001,5550000
IV,5555000.5,5550001,5560000
IV,5565000.5,5560001,5570000
IV,5575000.5,5570001,5580000
IV,5585000.5,5580001,5590000
IV,5595000.5,5590001,5600000
IV,5605000.5,5600001,5610000
IV,5615000.5,5610001,5620000
IV,5625000.5,5620001,5630000
IV,5635000.5,5630001,5640000
IV,5645000.5,5640001,5650000
IV,5655000.5,5650001,5660000
IV,5665000.5,5660001,5670000
IV,5675000.5,5670001,5680000
IV,5685000.5,5680001,5690000
IV,5695000.5,5690001,5700000
IV,5705000.5,5700001,5710000
IV,5715000.5,5710001,5720000
IV,5725000.5,5720001,5730000
IV,5735000.5,5730001,5740000
IV,5745000.5,5740001,5750000
IV,5755000.5,5750001,5760000
IV,5765000.5,5760001,5770000
IV,5775000.5,5770001,5780000
IV,5785000.5,5780001,5790000
IV,5795000.5,5790001,5800000
IV,5805000.5,5800001,5810000
IV,5815000.5,5810001,5820000
IV,5825000.5,5820001,5830000
IV,5835000.5,5830001,5840000
IV,5845000.5,5840001,5850000
IV,5855000.5,5850001,5860000
IV,5865000.5,5860001,5870000
IV,5875000.5,5870001,5880000
IV,5885000.5,5880001,5890000
IV,5895000.5,5890001,5900000
IV,5905000.5,5900001,5910000
IV,5915000.5,5910001,5920000
IV,5925000.5,5920001,5930000
IV,5935000.5,5930001,5940000
IV,5945000.5,5940001,5950000
IV,5955000.5,5950001,5960000
IV,5965000.5,5960001,5970000
IV,5975000.5,5970001,5980000
IV,5985000.5,5980001,5990000
IV,5995000.5,5990001,6000000
IV,6005000.5,6000001,6010000
IV,6015000.5,6010001,6020000
IV,6025000.5,6020001,6030000
IV,6035000.5,6030001,6040000
IV,6045000.5,6040001,6050000
IV,6055000.5,6050001,6060000
IV,6065000.5,6060001,6070000
IV,6075000.5,6070001,6080000
IV,6085000.5,6080001,6090000
IV,6095000.5,6090001,6100000
IV,6105000.5,6100001,6110000
IV,6115000.5,6110001,6120000
IV,6125000.5,6120001,6130000
IV,6135000.5,6130001,6140000
IV,6145000.5,6140001,6150000
IV,6155000.5,6150001,6160000
IV,6165000.5,6160001,6170000
IV,6175000.5,6170001,6180000
IV,6185000.5,6180001,6190000
IV,6195000.5,6190001,6200000
IV,6205000.5,6200001,6210000
IV,6215000.5,6210001,6220000
IV,6225000.5,6220001,6230000
IV,6235000.5,6230001,6240000
IV,6245000.5,6240001,6250000
IV,6255000.5,6250001,6260000
IV,6265000.5,6260001,6270000
IV,6275000.5,6270001,6280000
IV,6285000.5,6280001,6290000
IV,6295000.5,6290001,6300000
IV,6305000.5,6300001,6310000
IV,6315000.5,6310001,6320000
IV,6325000.5,6320001,6330000
IV,6335000.5,6330001,6340000
IV,6345000.5,6340001,6350000
IV,6355000.5,6350001,6360000
IV,6365000.5,6360001,6370000
IV,6375000.5,6370001,6380000
IV,6385000.5,6380001,6390000
IV,6395000.5,6390001,6400000
IV,6405000.5,6400001,6410000
IV,6415000.5,6410001,6420000
IV,6425000.5,6420001,6430000
IV,6435000.5,6430001,6440000
IV,6445000.5,6440001,6450000
IV,6455000.5,6450001,6460000
IV,6465000.5,6460001,6470000
IV,6475000.5,6470001,6480000
IV,6485000.5,6480001,6490000
IV,6495000.5,6490001,6500000
IV,6505000.5,6500001,6510000
IV,6515000.5,6510001,6520000
IV,6525000.5,6520001,6530000
IV,6535000.5,6530001,6540000
IV,6545000.5,6540001,6550000
IV,6555000.5,6550001,6560000
IV,6565000.5,6560001,6570000
IV,6575000.5,6570001,6580000
IV,6585000.5,6580001,6590000
IV,6595000.5,6590001,6600000
IV,6605000.5,6600001,6610000
IV,6615000.5,6610001,6620000
IV,6625000.5,6620001,6630000
IV,6635000.5,6630001,6640000
IV,6645000.5,6640001,6650000
IV,6655000.5,6650001,6660000
IV,6665000.5,6660001,6670000
IV,6675000.5,6670001,6680000
IV,6685000.5,6680001,6690000
IV,6695000.5,6690001,6700000
IV,6705000.5,6700001,6710000
IV,6715000.5,6710001,6720000
IV,6725000.5,6720001,6730000
IV,6735000.5,6730001,6740000
IV,6745000.5,6740001,6750000
IV,6755000.5,6750001,6760000
IV,6765000.5,6760001,6770000
IV,6775000.5,6770001,6780000
IV,6785000.5,6780001,6790000
IV,6795000.5,6790001,6800000
IV,6805000.5,6800001,6810000
IV,6815000.5,6810001,6820000
IV,6825000.5,6820001,6830000
IV,6835000.5,6830001,6840000
IV,6845000.5,6840001,6850000
IV,6855000.5,6850001,6860000
IV,6865000.5,6860001,6870000
IV,6875000.5,6870001,6880000
IV,6885000.5,6880001,6890000
IV,6895000.5,6890001,6900000
IV,6905000.5,6900001,6910000
IV,6915000.5,6910001,6920000
IV,6925000.5,6920001,6930000
IV,6935000.5,6930001,6940000
IV,6945000.5,6940001,6950000
IV,6955000.5,6950001,6960000
IV,6965000.5,6960001,6970000
IV,6975000.5,6970001,6980000
IV,6985000.5,6980001,6990000
IV,6995000.5,6990001,7000000
IV,7005000.5,7000001,7010000
IV,7015000.5,7010001,7020000
IV,7025000.5,7020001,7030000
IV,7035000.5,7030001,7040000
IV,7045000.5,7040001,7050000
IV,7055000.5,7050001,7060000
IV,7065000.5,7060001,7070000
IV,7075000.5,7070001,7080000
IV,7085000.5,7080001,7090000
IV,7095000.5,7090001,7100000
IV,7105000.5,7100001,7110000
IV,7115000.5,7110001,7120000
IV,7125000.5,7120001,7130000
IV,7135000.5,7130001,7140000
IV,7145000.5,7140001,7150000
IV,7155000.5,7150001,7160000
IV,7165000.5,7160001,7170000
IV,7175000.5,7170001,7180000
IV,7185000.5,7180001,7190000
IV,7195000.5,7190001,7200000
IV,7205000.5,7200001,7210000
IV,7215000.5,7210001,7220000
IV,7225000.5,7220001,7230000
IV,7235000.5,7230001,7240000
IV,7245000.5,7240001,7250000
IV,7255000.5,7250001,7260000
IV,7265000.5,7260001,7270000
IV,7275000.5,7270001,7280000
IV,7285000.5,7280001,7290000
IV,7295000.5,7290001,7300000
IV,7305000.5,7300001,7310000
IV,7315000.5,7310001,7320000
IV,7325000.5,7320001,7330000
IV,7335000.5,7330001,7340000
IV,7345000.5,7340001,7350000
IV,7355000.5,7350001,7360000
IV,7365000.5,7360001,7370000
IV,7375000.5,7370001,7380000
IV,7385000.5,7380001,7390000
IV,7395000.5,7390001,7400000
IV,7405000.5,7400001,7410000
IV,7415000.5,7410001,7420000
IV,7425000.5,7420001,7430000
IV,7435000.5,7430001,7440000
IV,7445000.5,7440001,7450000
IV,7455000.5,7450001,7460000
IV,7465000.5,7460001,7470000
IV,7475000.5,7470001,7480000
IV,7485000.5,7480001,7490000
IV,7495000.5,7490001,7500000
IV,7505000.5,7500001,7510000
IV,7515000.5,7510001,7520000
IV,7525000.5,7520001,7530000
IV,7535000.5,7530001,7540000
IV,7545000.5,7540001,7550000
IV,7555000.5,7550001,7560000
IV,7565000.5,7560001,7570000
IV,7575000.5,7570001,7580000
IV,7585000.5,7580001,7590000
IV,7595000.5,7590001,7600000
IV,7605000.5,7600001,7610000
IV,7615000.5,7610001,7620000
IV,7625000.5,7620001,7630000
IV,7635000.5,7630001,7640000
IV,7645000.5,7640001,7650000
IV,7655000.5,7650001,7660000
IV,7665000.5,7660001,7670000
IV,7675000.5,7670001,7680000
IV,7685000.5,7680001,7690000
IV,7695000.5,7690001,7700000
IV,7705000.5,7700001,7710000
IV,7715000.5,7710001,7720000
IV,7725000.5,7720001,7730000
IV,7735000.5,7730001,7740000
IV,7745000.5,7740001,7750000
IV,7755000.5,7750001,7760000
IV,7765000.5,7760001,7770000
IV,7775000.5,7770001,7780000
IV,7785000.5,7780001,7790000
IV,7795000.5,7790001,7800000
IV,7805000.5,7800001,7810000
IV,7815000.5,7810001,7820000
IV,7825000.5,7820001,7830000
IV,7835000.5,7830001,7840000
IV,7845000.5,7840001,7850000
IV,7855000.5,7850001,7860000
IV,7865000.5,7860001,7870000
IV,7875000.5,7870001,7880000
IV,7885000.5,7880001,7890000
IV,7895000.5,7890001,7900000
IV,7905000.5,7900001,7910000
IV,7915000.5,7910001,7920000
IV,7925000.5,7920001,7930000
IV,7935000.5,7930001,7940000
IV,7945000.5,7940001,7950000
IV,7955000.5,7950001,7960000
IV,7965000.5,7960001,7970000
IV,7975000.5,7970001,7980000
IV,7985000.5,7980001,7990000
IV,7995000.5,7990001,8000000
IV,8005000.5,8000001,8010000
IV,8015000.5,8010001,8020000
IV,8025000.5,8020001,8030000
IV,8035000.5,8030001,8040000
IV,8045000.5,8040001,8050000
IV,8055000.5,8050001,8060000
IV,8065000.5,8060001,8070000
IV,8075000.5,8070001,8080000
IV,8085000.5,8080001,8090000
IV,8095000.5,8090001,8100000
IV,8105000.5,8100001,8110000
IV,8115000.5,8110001,8120000
IV,8125000.5,8120001,8130000
IV,8135000.5,8130001,8140000
IV,8145000.5,8140001,8150000
IV,8155000.5,8150001,8160000
IV,8165000.5,8160001,8170000
IV,8175000.5,8170001,8180000
IV,8185000.5,8180001,8190000
IV,8195000.5,8190001,8200000
IV,8205000.5,8200001,8210000
IV,8215000.5,8210001,8220000
IV,8225000.5,8220001,8230000
IV,8235000.5,8230001,8240000
IV,8245000.5,8240001,8250000
IV,8255000.5,8250001,8260000
IV,8265000.5,8260001,8270000
IV,8275000.5,8270001,8280000
IV,8285000.5,8280001,8290000
IV,8295000.5,8290001,8300000
IV,8305000.5,8300001,8310000
IV,8315000.5,8310001,8320000
IV,8325000.5,8320001,8330000
IV,8335000.5,8330001,8340000
IV,8345000.5,8340001,8350000
IV,8355000.5,8350001,8360000
IV,8365000.5,8360001,8370000
IV,8375000.5,8370001,8380000
IV,8385000.5,8380001,8390000
IV,8395000.5,8390001,8400000
IV,8405000.5,8400001,8410000
IV,8415000.5,8410001,8420000
IV,8425000.5,8420001,8430000
IV,8435000.5,8430001,8440000
IV,8445000.5,8440001,8450000
IV,8455000.5,8450001,8460000
IV,8465000.5,8460001,8470000
IV,8475000.5,8470001,8480000
IV,8485000.5,8480001,8490000
IV,8495000.5,8490001,8500000
IV,8505000.5,8500001,8510000
IV,8515000.5,8510001,8520000
IV,8525000.5,8520001,8530000
IV,8535000.5,8530001,8540000
IV,8545000.5,8540001,8550000
IV,8555000.5,8550001,8560000
IV,8565000.5,8560001,8570000
IV,8575000.5,8570001,8580000
IV,8585000.5,8580001,8590000
IV,8595000.5,8590001,8600000
IV,8605000.5,8600001,8610000
IV,8615000.5,8610001,8620000
IV,8625000.5,8620001,8630000
IV,8635000.5,8630001,8640000
IV,8645000.5,8640001,8650000
IV,8655000.5,8650001,8660000
IV,8665000.5,8660001,8670000
IV,8675000.5,8670001,8680000
IV,8685000.5,8680001,8690000
IV,8695000.5,8690001,8700000
IV,8705000.5,8700001,8710000
IV,8715000.5,8710001,8720000
IV,8725000.5,8720001,8730000
IV,8735000.5,8730001,8740000
IV,8745000.5,8740001,8750000
IV,8755000.5,8750001,8760000
IV,8765000.5,8760001,8770000
IV,8775000.5,8770001,8780000
IV,8785000.5,8780001,8790000
IV,8795000.5,8790001,8800000
IV,8805000.5,8800001,8810000
IV,8815000.5,8810001,8820000
IV,8825000.5,8820001,8830000
IV,8835000.5,8830001,8840000
IV,8845000.5,8840001,8850000
IV,8855000.5,8850001,8860000
IV,8865000.5,8860001,8870000
IV,8875000.5,8870001,8880000
IV,8885000.5,8880001,8890000
IV,8895000.5,8890001,8900000
IV,8905000.5,8900001,8910000
IV,8915000.5,8910001,8920000
IV,8925000.5,8920001,8930000
IV,8935000.5,8930001,8940000
IV,8945000.5,8940001,8950000
IV,8955000.5,8950001,8960000
IV,8965000.5,8960001,8970000
IV,8975000.5,8970001,8980000
IV,8985000.5,8980001,8990000
IV,8995000.5,8990001,9000000
IV,9005000.5,9000001,9010000
IV,9015000.5,9010001,9020000
IV,9025000.5,9020001,9030000
IV,9035000.5,9030001,9040000
IV,9045000.5,9040001,9050000
IV,9055000.5,9050001,9060000
IV,9065000.5,9060001,9070000
IV,9075000.5,9070001,9080000
IV,9085000.5,9080001,9090000
IV,9095000.5,9090001,9100000
IV,9105000.5,9100001,9110000
IV,9115000.5,9110001,9120000
IV,9125000.5,9120001,9130000
IV,9135000.5,9130001,9140000
IV,9145000.5,9140001,9150000
IV,9155000.5,9150001,9160000
IV,9165000.5,9160001,9170000
IV,9175000.5,9170001,9180000
IV,9185000.5,9180001,9190000
IV,9195000.5,9190001,9200000
IV,9205000.5,9200001,9210000
IV,9215000.5,9210001,9220000
IV,9225000.5,9220001,9230000
IV,9235000.5,9230001,9240000
IV,9245000.5,9240001,9250000
IV,9255000.5,9250001,9260000
IV,9265000.5,9260001,9270000
IV,9275000.5,9270001,9280000
IV,9285000.5,9280001,9290000
IV,9295000.5,9290001,9300000
IV,9305000.5,9300001,9310000
IV,9315000.5,9310001,9320000
IV,9325000.5,9320001,9330000
IV,9335000.5,9330001,9340000
IV,9345000.5,9340001,9350000
IV,9355000.5,9350001,9360000
IV,9365000.5,9360001,9370000
IV,9375000.5,9370001,9380000
IV,9385000.5,9380001,9390000
IV,9395000.5,9390001,9400000
IV,9405000.5,9400001,9410000
IV,9415000.5,9410001,9420000
IV,9425000.5,9420001,9430000
IV,9435000.5,9430001,9440000
IV,9445000.5,9440001,9450000
IV,9455000.5,9450001,9460000
IV,9465000.5,9460001,9470000
IV,9475000.5,9470001,9480000
IV,9485000.5,9480001,9490000
IV,9495000.5,9490001,9500000
IV,9505000.5,9500001,9510000
IV,9515000.5,9510001,9520000
IV,9525000.5,9520001,9530000
IV,9535000.5,9530001,9540000
IV,9545000.5,9540001,9550000
IV,9555000.5,9550001,9560000
IV,9565000.5,9560001,9570000
IV,9575000.5,9570001,9580000
IV,9585000.5,9580001,9590000
IV,9595000.5,9590001,9600000
IV,9605000.5,9600001,9610000
IV,9615000.5,9610001,9620000
IV,9625000.5,9620001,9630000
IV,9635000.5,9630001,9640000
IV,9645000.5,9640001,9650000
IV,9655000.5,9650001,9660000
IV,9665000.5,9660001,9670000
IV,9675000.5,9670001,9680000
IV,9685000.5,9680001,9690000
IV,9695000.5,9690001,9700000
IV,9705000.5,9700001,9710000
IV,9715000.5,9710001,9720000
IV,9725000.5,9720001,9730000
IV,9735000.5,9730001,9740000
IV,9745000.5,9740001,9750000
IV,9755000.5,9750001,9760000
IV,9765000.5,9760001,9770000
IV,9775000.5,9770001,9780000
IV,9785000.5,9780001,9790000
IV,9795000.5,9790001,9800000
IV,9805000.5,9800001,9810000
IV,9815000.5,9810001,9820000
IV,9825000.5,9820001,9830000
IV,9835000.5,9830001,9840000
IV,9845000.5,9840001,9850000
IV,9855000.5,9850001,9860000
IV,9865000.5,9860001,9870000
IV,9875000.5,9870001,9880000
IV,9885000.5,9880001,9890000
IV,9895000.5,9890001,9900000
IV,9905000.5,9900001,9910000
IV,9915000.5,9910001,9920000
IV,9925000.5,9920001,9930000
IV,9935000.5,9930001,9940000
IV,9945000.5,9940001,9950000
IV,9955000.5,9950001,9960000
IV,9965000.5,9960001,9970000
IV,9975000.5,9970001,9980000
IV,9985000.5,9980001,9990000
IV,9995000.5,9990001,10000000
IV,10005000.5,10000001,10010000
IV,10015000.5,10010001,10020000
IV,10025000.5,10020001,10030000
IV,10035000.5,10030001,10040000
IV,10045000.5,10040001,10050000
IV,10055000.5,10050001,10060000
IV,10065000.5,10060001,10070000
IV,10075000.5,10070001,10080000
IV,10085000.5,10080001,10090000
IV,10095000.5,10090001,10100000
IV,10105000.5,10100001,10110000
IV,10115000.5,10110001,10120000
IV,10125000.5,10120001,10130000
IV,10135000.5,10130001,10140000
IV,10145000.5,10140001,10150000
IV,10155000.5,10150001,10160000
IV,10165000.5,10160001,10170000
IV,10175000.5,10170001,10180000
IV,10185000.5,10180001,10190000
IV,10195000.5,10190001,10200000
IV,10205000.5,10200001,10210000
IV,10215000.5,10210001,10220000
IV,10225000.5,10220001,10230000
IV,10235000.5,10230001,10240000
IV,10245000.5,10240001,10250000
IV,10255000.5,10250001,10260000
IV,10265000.5,10260001,10270000
IV,10275000.5,10270001,10280000
IV,10285000.5,10280001,10290000
IV,10295000.5,10290001,10300000
IV,10305000.5,10300001,10310000
IV,10315000.5,10310001,10320000
IV,10325000.5,10320001,10330000
IV,10335000.5,10330001,10340000
IV,10345000.5,10340001,10350000
IV,10355000.5,10350001,10360000
IV,10365000.5,10360001,10370000
IV,10375000.5,10370001,10380000
IV,10385000.5,10380001,10390000
IV,10395000.5,10390001,10400000
IV,10405000.5,10400001,10410000
IV,10415000.5,10410001,10420000
IV,10425000.5,10420001,10430000
IV,10435000.5,10430001,10440000
IV,10445000.5,10440001,10450000
IV,10455000.5,10450001,10460000
IV,10465000.5,10460001,10470000
IV,10475000.5,10470001,10480000
IV,10485000.5,10480001,10490000
IV,10495000.5,10490001,10500000
IV,10505000.5,10500001,10510000
IV,10515000.5,10510001,10520000
IV,10525000.5,10520001,10530000
IV,10535000.5,10530001,10540000
IV,10545000.5,10540001,10550000
IV,10555000.5,10550001,10560000
IV,10565000.5,10560001,10570000
IV,10575000.5,10570001,10580000
IV,10585000.5,10580001,10590000
IV,10595000.5,10590001,10600000
IV,10605000.5,10600001,10610000
IV,10615000.5,10610001,10620000
IV,10625000.5,10620001,10630000
IV,10635000.5,10630001,10640000
IV,10645000.5,10640001,10650000
IV,10655000.5,10650001,10660000
IV,10665000.5,10660001,10670000
IV,10675000.5,10670001,10680000
IV,10685000.5,10680001,10690000
IV,10695000.5,10690001,10700000
IV,10705000.5,10700001,10710000
IV,10715000.5,10710001,10720000
IV,10725000.5,10720001,10730000
IV,10735000.5,10730001,10740000
IV,10745000.5,10740001,10750000
IV,10755000.5,10750001,10760000
IV,10765000.5,10760001,10770000
IV,10775000.5,10770001,10780000
IV,10785000.5,10780001,10790000
IV,10795000.5,10790001,10800000
IV,10805000.5,10800001,10810000
IV,10815000.5,10810001,10820000
IV,10825000.5,10820001,10830000
IV,10835000.5,10830001,10840000
IV,10845000.5,10840001,10850000
IV,10855000.5,10850001,10860000
IV,10865000.5,10860001,10870000
IV,10875000.5,10870001,10880000
IV,10885000.5,10880001,10890000
IV,10895000.5,10890001,10900000
IV,10905000.5,10900001,10910000
IV,10915000.5,10910001,10920000
IV,10925000.5,10920001,10930000
IV,10935000.5,10930001,10940000
IV,10945000.5,10940001,10950000
IV,10955000.5,10950001,10960000
IV,10965000.5,10960001,10970000
IV,10975000.5,10970001,10980000
IV,10985000.5,10980001,10990000
IV,10995000.5,10990001,11000000
IV,11005000.5,11000001,11010000
IV,11015000.5,11010001,11020000
IV,11025000.5,11020001,11030000
IV,11035000.5,11030001,11040000
IV,11045000.5,11040001,11050000
IV,11055000.5,11050001,11060000
IV,11065000.5,11060001,11070000
IV,11075000.5,11070001,11080000
IV,11085000.5,11080001,11090000
IV,11095000.5,11090001,11100000
IV,11105000.5,11100001,11110000
IV,11115000.5,11110001,11120000
IV,11125000.5,11120001,11130000
IV,11135000.5,11130001,11140000
IV,11145000.5,11140001,11150000
IV,11155000.5,11150001,11160000
IV,11165000.5,11160001,11170000
IV,11175000.5,11170001,11180000
IV,11185000.5,11180001,11190000
IV,11195000.5,11190001,11200000
IV,11205000.5,11200001,11210000
IV,11215000.5,11210001,11220000
IV,11225000.5,11220001,11230000
IV,11235000.5,11230001,11240000
IV,11245000.5,11240001,11250000
IV,11255000.5,11250001,11260000
IV,11265000.5,11260001,11270000
IV,11275000.5,11270001,11280000
IV,11285000.5,11280001,11290000
IV,11295000.5,11290001,11300000
IV,11305000.5,11300001,11310000
IV,11315000.5,11310001,11320000
IV,11325000.5,11320001,11330000
IV,11335000.5,11330001,11340000
IV,11345000.5,11340001,11350000
IV,11355000.5,11350001,11360000
IV,11365000.5,11360001,11370000
IV,11375000.5,11370001,11380000
IV,11385000.5,11380001,11390000
IV,11395000.5,11390001,11400000
IV,11405000.5,11400001,11410000
IV,11415000.5,11410001,11420000
IV,11425000.5,11420001,11430000
IV,11435000.5,11430001,11440000
IV,11445000.5,11440001,11450000
IV,11455000.5,11450001,11460000
IV,11465000.5,11460001,11470000
IV,11475000.5,11470001,11480000
IV,11485000.5,11480001,11490000
IV,11495000.5,11490001,11500000
IV,11505000.5,11500001,11510000
IV,11515000.5,11510001,11520000
IV,11525000.5,11520001,11530000
IV,11535000.5,11530001,11540000
IV,11545000.5,11540001,11550000
IV,11555000.5,11550001,11560000
IV,11565000.5,11560001,11570000
IV,11575000.5,11570001,11580000
IV,11585000.5,11580001,11590000
IV,11595000.5,11590001,11600000
IV,11605000.5,11600001,11610000
IV,11615000.5,11610001,11620000
IV,11625000.5,11620001,11630000
IV,11635000.5,11630001,11640000
IV,11645000.5,11640001,11650000
IV,11655000.5,11650001,11660000
IV,11665000.5,11660001,11670000
IV,11675000.5,11670001,11680000
IV,11685000.5,11680001,11690000
IV,11695000.5,11690001,11700000
IV,11705000.5,11700001,11710000
IV,11715000.5,11710001,11720000
IV,11725000.5,11720001,11730000
IV,11735000.5,11730001,11740000
IV,11745000.5,11740001,11750000
IV,11755000.5,11750001,11760000
IV,11765000.5,11760001,11770000
IV,11775000.5,11770001,11780000
IV,11785000.5,11780001,11790000
IV,11795000.5,11790001,11800000
IV,11805000.5,11800001,11810000
IV,11815000.5,11810001,11820000
IV,11825000.5,11820001,11830000
IV,11835000.5,11830001,11840000
IV,11845000.5,11840001,11850000
IV,11855000.5,11850001,11860000
IV,11865000.5,11860001,11870000
IV,11875000.5,11870001,11880000
IV,11885000.5,11880001,11890000
IV,11895000.5,11890001,11900000
IV,11905000.5,11900001,11910000
IV,11915000.5,11910001,11920000
IV,11925000.5,11920001,11930000
IV,11935000.5,11930001,11940000
IV,11945000.5,11940001,11950000
IV,11955000.5,11950001,11960000
IV,11965000.5,11960001,11970000
IV,11975000.5,11970001,11980000
IV,11985000.5,11980001,11990000
IV,11995000.5,11990001,12000000
IV,12005000.5,12000001,12010000
IV,12015000.5,12010001,12020000
IV,12025000.5,12020001,12030000
IV,12035000.5,12030001,12040000
IV,12045000.5,12040001,12050000
IV,12055000.5,12050001,12060000
IV,12065000.5,12060001,12070000
IV,12075000.5,12070001,12080000
IV,12085000.5,12080001,12090000
IV,12095000.5,12090001,12100000
IV,12105000.5,12100001,12110000
IV,12115000.5,12110001,12120000
IV,12125000.5,12120001,12130000
IV,12135000.5,12130001,12140000
IV,12145000.5,12140001,12150000
IV,12155000.5,12150001,12160000
IV,12165000.5,12160001,12170000
IV,12175000.5,12170001,12180000
IV,12185000.5,12180001,12190000
IV,12195000.5,12190001,12200000
IV,12205000.5,12200001,12210000
IV,12215000.5,12210001,12220000
IV,12225000.5,12220001,12230000
IV,12235000.5,12230001,12240000
IV,12245000.5,12240001,12250000
IV,12255000.5,12250001,12260000
IV,12265000.5,12260001,12270000
IV,12275000.5,12270001,12280000
IV,12285000.5,12280001,12290000
IV,12295000.5,12290001,12300000
IV,12305000.5,12300001,12310000
IV,12315000.5,12310001,12320000
IV,12325000.5,12320001,12330000
IV,12335000.5,12330001,12340000
IV,12345000.5,12340001,12350000
IV,12355000.5,12350001,12360000
IV,12365000.5,12360001,12370000
IV,12375000.5,12370001,12380000
IV,12385000.5,12380001,12390000
IV,12395000.5,12390001,12400000
IV,12405000.5,12400001,12410000
IV,12415000.5,12410001,12420000
IV,12425000.5,12420001,12430000
IV,12435000.5,12430001,12440000
IV,12445000.5,12440001,12450000
IV,12455000.5,12450001,12460000
IV,12465000.5,12460001,12470000
IV,12475000.5,12470001,12480000
IV,12485000.5,12480001,12490000
IV,12495000.5,12490001,12500000
IV,12505000.5,12500001,12510000
IV,12515000.5,12510001,12520000
IV,12525000.5,12520001,12530000
IV,12535000.5,12530001,12540000
IV,12545000.5,12540001,12550000
IV,12555000.5,12550001,12560000
IV,12565000.5,12560001,12570000
IV,12575000.5,12570001,12580000
IV,12585000.5,12580001,12590000
IV,12595000.5,12590001,12600000
IV,12605000.5,12600001,12610000
IV,12615000.5,12610001,12620000
IV,12625000.5,12620001,12630000
IV,12635000.5,12630001,12640000
IV,12645000.5,12640001,12650000
IV,12655000.5,12650001,12660000
IV,12665000.5,12660001,12670000
IV,12675000.5,12670001,12680000
IV,12685000.5,12680001,12690000
IV,12695000.5,12690001,12700000
IV,12705000.5,12700001,12710000
IV,12715000.5,12710001,12720000
IV,12725000.5,12720001,12730000
IV,12735000.5,12730001,12740000
IV,12745000.5,12740001,12750000
IV,12755000.5,12750001,12760000
IV,12765000.5,12760001,12770000
IV,12775000.5,12770001,12780000
IV,12785000.5,12780001,12790000
IV,12795000.5,12790001,12800000
IV,12805000.5,12800001,12810000
IV,12815000.5,12810001,12820000
IV,12825000.5,12820001,12830000
IV,12835000.5,12830001,12840000
IV,12845000.5,12840001,12850000
IV,12855000.5,12850001,12860000
IV,12865000.5,12860001,12870000
IV,12875000.5,12870001,12880000
IV,12885000.5,12880001,12890000
IV,12895000.5,12890001,12900000
IV,12905000.5,12900001,12910000
IV,12915000.5,12910001,12920000
IV,12925000.5,12920001,12930000
IV,12935000.5,12930001,12940000
IV,12945000.5,12940001,12950000
IV,12955000.5,12950001,12960000
IV,12965000.5,12960001,12970000
IV,12975000.5,12970001,12980000
IV,12985000.5,12980001,12990000
IV,12995000.5,12990001,13000000
IV,13005000.5,13000001,13010000
IV,13015000.5,13010001,13020000
IV,13025000.5,13020001,13030000
IV,13035000.5,13030001,13040000
IV,13045000.5,13040001,13050000
IV,13055000.5,13050001,13060000
IV,13065000.5,13060001,13070000
IV,13075000.5,13070001,13080000
IV,13085000.5,13080001,13090000
IV,13095000.5,13090001,13100000
IV,13105000.5,13100001,13110000
IV,13115000.5,13110001,13120000
IV,13125000.5,13120001,13130000
IV,13135000.5,13130001,13140000
IV,13145000.5,13140001,13150000
IV,13155000.5,13150001,13160000
IV,13165000.5,13160001,13170000
IV,13175000.5,13170001,13180000
IV,13185000.5,13180001,13190000
IV,13195000.5,13190001,13200000
IV,13205000.5,13200001,13210000
IV,13215000.5,13210001,13220000
IV,13225000.5,13220001,13230000
IV,13235000.5,13230001,13240000
IV,13245000.5,13240001,13250000
IV,13255000.5,13250001,13260000
IV,13265000.5,13260001,13270000
IV,13275000.5,13270001,13280000
IV,13285000.5,13280001,13290000
IV,13295000.5,13290001,13300000
IV,13305000.5,13300001,13310000
IV,13315000.5,13310001,13320000
IV,13325000.5,13320001,13330000
IV,13335000.5,13330001,13340000
IV,13345000.5,13340001,13350000
IV,13355000.5,13350001,13360000
IV,13365000.5,13360001,13370000
IV,13375000.5,13370001,13380000
IV,13385000.5,13380001,13390000
IV,13395000.5,13390001,13400000
IV,13405000.5,13400001,13410000
IV,13415000.5,13410001,13420000
IV,13425000.5,13420001,13430000
IV,13435000.5,13430001,13440000
IV,13445000.5,13440001,13450000
IV,13455000.5,13450001,13460000
IV,13465000.5,13460001,13470000
IV,13475000.5,13470001,13480000
IV,13485000.5,13480001,13490000
IV,13495000.5,13490001,13500000
IV,13505000.5,13500001,13510000
IV,13515000.5,13510001,13520000
IV,13525000.5,13520001,13530000
IV,13535000.5,13530001,13540000
IV,13545000.5,13540001,13550000
IV,13555000.5,13550001,13560000
IV,13565000.5,13560001,13570000
IV,13575000.5,13570001,13580000
IV,13585000.5,13580001,13590000
IV,13595000.5,13590001,13600000
IV,13605000.5,13600001,13610000
IV,13615000.5,13610001,13620000
IV,13625000.5,13620001,13630000
IV,13635000.5,13630001,13640000
IV,13645000.5,13640001,13650000
IV,13655000.5,13650001,13660000
IV,13665000.5,13660001,13670000
IV,13675000.5,13670001,13680000
IV,13685000.5,13680001,13690000
IV,13695000.5,13690001,13700000
IV,13705000.5,13700001,13710000
IV,13715000.5,13710001,13720000
IV,13725000.5,13720001,13730000
IV,13735000.5,13730001,13740000
IV,13745000.5,13740001,13750000
IV,13755000.5,13750001,13760000
IV,13765000.5,13760001,13770000
IV,13775000.5,13770001,13780000
IV,13785000.5,13780001,13790000
IV,13795000.5,13790001,13800000
IV,13805000.5,13800001,13810000
IV,13815000.5,13810001,13820000
IV,13825000.5,13820001,13830000
IV,13835000.5,13830001,13840000
IV,13845000.5,13840001,13850000
IV,13855000.5,13850001,13860000
IV,13865000.5,13860001,13870000
IV,13875000.5,13870001,13880000
IV,13885000.5,13880001,13890000
IV,13895000.5,13890001,13900000
IV,13905000.5,13900001,13910000
IV,13915000.5,13910001,13920000
IV,13925000.5,13920001,13930000
IV,13935000.5,13930001,13940000
IV,13945000.5,13940001,13950000
IV,13955000.5,13950001,13960000
V,5000.5,1,10000
V,15000.5,10001,20000
V,25000.5,20001,30000
V,35000.5,30001,40000
V,45000.5,40001,50000
V,55000.5,50001,60000
V,65000.5,60001,70000
V,75000.5,70001,80000
V,85000.5,80001,90000
V,95000.5,90001,100000
V,105000.5,100001,110000
V,115000.5,110001,120000
V,125000.5,120001,130000
V,135000.5,130001,140000
V,145000.5,140001,150000
V,155000.5,150001,160000
V,165000.5,160001,170000
V,175000.5,170001,180000
V,185000.5,180001,190000
V,195000.5,190001,200000
V,205000.5,200001,210000
V,215000.5,210001,220000
V,225000.5,220001,230000
V,235000.5,230001,240000
V,245000.5,240001,250000
V,255000.5,250001,260000
V,265000.5,260001,270000
V,275000.5,270001,280000
V,285000.5,280001,290000
V,295000.5,290001,300000
V,305000.5,300001,310000
V,315000.5,310001,320000
V,325000.5,320001,330000
V,335000.5,330001,340000
V,345000.5,340001,350000
V,355000.5,350001,360000
V,365000.5,360001,370000
V,375000.5,370001,380000
V,385000.5,380001,390000
V,395000.5,390001,400000
V,405000.5,400001,410000
V,415000.5,410001,420000
V,425000.5,420001,430000
V,435000.5,430001,440000
V,445000.5,440001,450000
V,455000.5,450001,460000
V,465000.5,460001,470000
V,475000.5,470001,480000
V,485000.5,480001,490000
V,495000.5,490001,500000
V,505000.5,500001,510000
V,515000.5,510001,520000
V,525000.5,520001,530000
V,535000.5,530001,540000
V,545000.5,540001,550000
V,555000.5,550001,560000
V,565000.5,560001,570000
V,575000.5,570001,580000
V,585000.5,580001,590000
V,595000.5,590001,600000
V,605000.5,600001,610000
V,615000.5,610001,620000
V,625000.5,620001,630000
V,635000.5,630001,640000
V,645000.5,640001,650000
V,655000.5,650001,660000
V,665000.5,660001,670000
V,675000.5,670001,680000
V,685000.5,680001,690000
V,695000.5,690001,700000
V,705000.5,700001,710000
V,715000.5,710001,720000
V,725000.5,720001,730000
V,735000.5,730001,740000
V,745000.5,740001,750000
V,755000.5,750001,760000
V,765000.5,760001,770000
V,775000.5,770001,780000
V,785000.5,780001,790000
V,795000.5,790001,800000
V,805000.5,800001,810000
V,815000.5,810001,820000
V,825000.5,820001,830000
V,835000.5,830001,840000
V,845000.5,840001,850000
V,855000.5,850001,860000
V,865000.5,860001,870000
V,875000.5,870001,880000
V,885000.5,880001,890000
V,895000.5,890001,900000
V,905000.5,900001,910000
V,915000.5,910001,920000
V,925000.5,920001,930000
V,935000.5,930001,940000
V,945000.5,940001,950000
V,955000.5,950001,960000
V,965000.5,960001,970000
V,975000.5,970001,980000
V,985000.5,980001,990000
V,995000.5,990001,1000000
V,1005000.5,1000001,1010000
V,1015000.5,1010001,1020000
V,1025000.5,1020001,1030000
V,1035000.5,1030001,1040000
V,1045000.5,1040001,1050000
V,1055000.5,1050001,1060000
V,1065000.5,1060001,1070000
V,1075000.5,1070001,1080000
V,1085000.5,1080001,1090000
V,1095000.5,1090001,1100000
V,1105000.5,1100001,1110000
V,1115000.5,1110001,1120000
V,1125000.5,1120001,1130000
V,1135000.5,1130001,1140000
V,1145000.5,1140001,1150000
V,1155000.5,1150001,1160000
V,1165000.5,1160001,1170000
V,1175000.5,1170001,1180000
V,1185000.5,1180001,1190000
V,1195000.5,1190001,1200000
V,1205000.5,1200001,1210000
V,1215000.5,1210001,1220000
V,1225000.5,1220001,1230000
V,1235000.5,1230001,1240000
V,1245000.5,1240001,1250000
V,1255000.5,1250001,1260000
V,1265000.5,1260001,1270000
V,1275000.5,1270001,1280000
V,1285000.5,1280001,1290000
V,1295000.5,1290001,1300000
V,1305000.5,1300001,1310000
V,1315000.5,1310001,1320000
V,1325000.5,1320001,1330000
V,1335000.5,1330001,1340000
V,1345000.5,1340001,1350000
V,1355000.5,1350001,1360000
V,1365000.5,1360001,1370000
V,1375000.5,1370001,1380000
V,1385000.5,1380001,1390000
V,1395000.5,1390001,1400000
V,1405000.5,1400001,1410000
V,1415000.5,1410001,1420000
V,1425000.5,1420001,1430000
V,1435000.5,1430001,1440000
V,1445000.5,1440001,1450000
V,1455000.5,1450001,1460000
V,1465000.5,1460001,1470000
V,1475000.5,1470001,1480000
V,1485000.5,1480001,1490000
V,1495000.5,1490001,1500000
V,1505000.5,1500001,1510000
V,1515000.5,1510001,1520000
V,1525000.5,1520001,1530000
V,1535000.5,1530001,1540000
V,1545000.5,1540001,1550000
V,1555000.5,1550001,1560000
V,1565000.5,1560001,1570000
V,1575000.5,1570001,1580000
V,1585000.5,1580001,1590000
V,1595000.5,1590001,1600000
V,1605000.5,1600001,1610000
V,1615000.5,1610001,1620000
V,1625000.5,1620001,1630000
V,1635000.5,1630001,1640000
V,1645000.5,1640001,1650000
V,1655000.5,1650001,1660000
V,1665000.5,1660001,1670000
V,1675000.5,1670001,1680000
V,1685000.5,1680001,1690000
V,1695000.5,1690001,1700000
V,1705000.5,1700001,1710000
V,1715000.5,1710001,1720000
V,1725000.5,1720001,1730000
V,1735000.5,1730001,1740000
V,1745000.5,1740001,1750000
V,1755000.5,1750001,1760000
V,1765000.5,1760001,1770000
V,1775000.5,1770001,1780000
V,1785000.5,1780001,1790000
V,1795000.5,1790001,1800000
V,1805000.5,1800001,1810000
V,1815000.5,1810001,1820000
V,1825000.5,1820001,1830000
V,1835000.5,1830001,1840000
V,1845000.5,1840001,1850000
V,1855000.5,1850001,1860000
V,1865000.5,1860001,1870000
V,1875000.5,1870001,1880000
V,1885000.5,1880001,1890000
V,1895000.5,1890001,1900000
V,1905000.5,1900001,1910000
V,1915000.5,1910001,1920000
V,1925000.5,1920001,1930000
V,1935000.5,1930001,1940000
V,1945000.5,1940001,1950000
V,1955000.5,1950001,1960000
V,1965000.5,1960001,1970000
V,1975000.5,1970001,1980000
V,1985000.5,1980001,1990000
V,1995000.5,1990001,2000000
V,2005000.5,2000001,2010000
V,2015000.5,2010001,2020000
V,2025000.5,2020001,2030000
V,2035000.5,2030001,2040000
V,2045000.5,2040001,2050000
V,2055000.5,2050001,2060000
V,2065000.5,2060001,2070000
V,2075000.5,2070001,2080000
V,2085000.5,2080001,2090000
V,2095000.5,2090001,2100000
V,2105000.5,2100001,2110000
V,2115000.5,2110001,2120000
V,2125000.5,2120001,2130000
V,2135000.5,2130001,2140000
V,2145000.5,2140001,2150000
V,2155000.5,2150001,2160000
V,2165000.5,2160001,2170000
V,2175000.5,2170001,2180000
V,2185000.5,2180001,2190000
V,2195000.5,2190001,2200000
V,2205000.5,2200001,2210000
V,2215000.5,2210001,2220000
V,2225000.5,2220001,2230000
V,2235000.5,2230001,2240000
V,2245000.5,2240001,2250000
V,2255000.5,2250001,2260000
V,2265000.5,2260001,2270000
V,2275000.5,2270001,2280000
V,2285000.5,2280001,2290000
V,2295000.5,2290001,2300000
V,2305000.5,2300001,2310000
V,2315000.5,2310001,2320000
V,2325000.5,2320001,2330000
V,2335000.5,2330001,2340000
V,2345000.5,2340001,2350000
V,2355000.5,2350001,2360000
V,2365000.5,2360001,2370000
V,2375000.5,2370001,2380000
V,2385000.5,2380001,2390000
V,2395000.5,2390001,2400000
V,2405000.5,2400001,2410000
V,2415000.5,2410001,2420000
V,2425000.5,2420001,2430000
V,2435000.5,2430001,2440000
V,2445000.5,2440001,2450000
V,2455000.5,2450001,2460000
V,2465000.5,2460001,2470000
V,2475000.5,2470001,2480000
V,2485000.5,2480001,2490000
V,2495000.5,2490001,2500000
V,2505000.5,2500001,2510000
V,2515000.5,2510001,2520000
V,2525000.5,2520001,2530000
V,2535000.5,2530001,2540000
V,2545000.5,2540001,2550000
V,2555000.5,2550001,2560000
V,2565000.5,2560001,2570000
V,2575000.5,2570001,2580000
V,2585000.5,2580001,2590000
V,2595000.5,2590001,2600000
V,2605000.5,2600001,2610000
V,2615000.5,2610001,2620000
V,2625000.5,2620001,2630000
V,2635000.5,2630001,2640000
V,2645000.5,2640001,2650000
V,2655000.5,2650001,2660000
V,2665000.5,2660001,2670000
V,2675000.5,2670001,2680000
V,2685000.5,2680001,2690000
V,2695000.5,2690001,2700000
V,2705000.5,2700001,2710000
V,2715000.5,2710001,2720000
V,2725000.5,2720001,2730000
V,2735000.5,2730001,2740000
V,2745000.5,2740001,2750000
V,2755000.5,2750001,2760000
V,2765000.5,2760001,2770000
V,2775000.5,2770001,2780000
V,2785000.5,2780001,2790000
V,2795000.5,2790001,2800000
V,2805000.5,2800001,2810000
V,2815000.5,2810001,2820000
V,2825000.5,2820001,2830000
V,2835000.5,2830001,2840000
V,2845000.5,2840001,2850000
V,2855000.5,2850001,2860000
V,2865000.5,2860001,2870000
V,2875000.5,2870001,2880000
V,2885000.5,2880001,2890000
V,2895000.5,2890001,2900000
V,2905000.5,2900001,2910000
V,2915000.5,2910001,2920000
V,2925000.5,2920001,2930000
V,2935000.5,2930001,2940000
V,2945000.5,2940001,2950000
V,2955000.5,2950001,2960000
V,2965000.5,2960001,2970000
V,2975000.5,2970001,2980000
V,2985000.5,2980001,2990000
V,2995000.5,2990001,3000000
V,3005000.5,3000001,3010000
V,3015000.5,3010001,3020000
V,3025000.5,3020001,3030000
V,3035000.5,3030001,3040000
V,3045000.5,3040001,3050000
V,3055000.5,3050001,3060000
V,3065000.5,3060001,3070000
V,3075000.5,3070001,3080000
V,3085000.5,3080001,3090000
V,3095000.5,3090001,3100000
V,3105000.5,3100001,3110000
V,3115000.5,3110001,3120000
V,3125000.5,3120001,3130000
V,3135000.5,3130001,3140000
V,3145000.5,3140001,3150000
V,3155000.5,3150001,3160000
V,3165000.5,3160001,3170000
V,3175000.5,3170001,3180000
V,3185000.5,3180001,3190000
V,3195000.5,3190001,3200000
V,3205000.5,3200001,3210000
V,3215000.5,3210001,3220000
V,3225000.5,3220001,3230000
V,3235000.5,3230001,3240000
V,3245000.5,3240001,3250000
V,3255000.5,3250001,3260000
V,3265000.5,3260001,3270000
V,3275000.5,3270001,3280000
V,3285000.5,3280001,3290000
V,3295000.5,3290001,3300000
V,3305000.5,3300001,3310000
V,3315000.5,3310001,3320000
V,3325000.5,3320001,3330000
V,3335000.5,3330001,3340000
V,3345000.5,3340001,3350000
V,3355000.5,3350001,3360000
V,3365000.5,3360001,3370000
V,3375000.5,3370001,3380000
V,3385000.5,3380001,3390000
V,3395000.5,3390001,3400000
V,3405000.5,3400001,3410000
V,3415000.5,3410001,3420000
V,3425000.5,3420001,3430000
V,3435000.5,3430001,3440000
V,3445000.5,3440001,3450000
V,3455000.5,3450001,3460000
V,3465000.5,3460001,3470000
V,3475000.5,3470001,3480000
V,3485000.5,3480001,3490000
V,3495000.5,3490001,3500000
V,3505000.5,3500001,3510000
V,3515000.5,3510001,3520000
V,3525000.5,3520001,3530000
V,3535000.5,3530001,3540000
V,3545000.5,3540001,3550000
V,3555000.5,3550001,3560000
V,3565000.5,3560001,3570000
V,3575000.5,3570001,3580000
V,3585000.5,3580001,3590000
V,3595000.5,3590001,3600000
V,3605000.5,3600001,3610000
V,3615000.5,3610001,3620000
V,3625000.5,3620001,3630000
V,3635000.5,3630001,3640000
V,3645000.5,3640001,3650000
V,3655000.5,3650001,3660000
V,3665000.5,3660001,3670000
V,3675000.5,3670001,3680000
V,3685000.5,3680001,3690000
V,3695000.5,3690001,3700000
V,3705000.5,3700001,3710000
V,3715000.5,3710001,3720000
V,3725000.5,3720001,3730000
V,3735000.5,3730001,3740000
V,3745000.5,3740001,3750000
V,3755000.5,3750001,3760000
V,3765000.5,3760001,3770000
V,3775000.5,3770001,3780000
V,3785000.5,3780001,3790000
V,3795000.5,3790001,3800000
V,3805000.5,3800001,3810000
V,3815000.5,3810001,3820000
V,3825000.5,3820001,3830000
V,3835000.5,3830001,3840000
V,3845000.5,3840001,3850000
V,3855000.5,3850001,3860000
V,3865000.5,3860001,3870000
V,3875000.5,3870001,3880000
V,3885000.5,3880001,3890000
V,3895000.5,3890001,3900000
V,3905000.5,3900001,3910000
V,3915000.5,3910001,3920000
V,3925000.5,3920001,3930000
V,3935000.5,3930001,3940000
V,3945000.5,3940001,3950000
V,3955000.5,3950001,3960000
V,3965000.5,3960001,3970000
V,3975000.5,3970001,3980000
V,3985000.5,3980001,3990000
V,3995000.5,3990001,4000000
V,4005000.5,4000001,4010000
V,4015000.5,4010001,4020000
V,4025000.5,4020001,4030000
V,4035000.5,4030001,4040000
V,4045000.5,4040001,4050000
V,4055000.5,4050001,4060000
V,4065000.5,4060001,4070000
V,4075000.5,4070001,4080000
V,4085000.5,4080001,4090000
V,4095000.5,4090001,4100000
V,4105000.5,4100001,4110000
V,4115000.5,4110001,4120000
V,4125000.5,4120001,4130000
V,4135000.5,4130001,4140000
V,4145000.5,4140001,4150000
V,4155000.5,4150001,4160000
V,4165000.5,4160001,4170000
V,4175000.5,4170001,4180000
V,4185000.5,4180001,4190000
V,4195000.5,4190001,4200000
V,4205000.5,4200001,4210000
V,4215000.5,4210001,4220000
V,4225000.5,4220001,4230000
V,4235000.5,4230001,4240000
V,4245000.5,4240001,4250000
V,4255000.5,4250001,4260000
V,4265000.5,4260001,4270000
V,4275000.5,4270001,4280000
V,4285000.5,4280001,4290000
V,4295000.5,4290001,4300000
V,4305000.5,4300001,4310000
V,4315000.5,4310001,4320000
V,4325000.5,4320001,4330000
V,4335000.5,4330001,4340000
V,4345000.5,4340001,4350000
V,4355000.5,4350001,4360000
V,4365000.5,4360001,4370000
V,4375000.5,4370001,4380000
V,4385000.5,4380001,4390000
V,4395000.5,4390001,4400000
V,4405000.5,4400001,4410000
V,4415000.5,4410001,4420000
V,4425000.5,4420001,4430000
V,4435000.5,4430001,4440000
V,4445000.5,4440001,4450000
V,4455000.5,4450001,4460000
V,4465000.5,4460001,4470000
V,4475000.5,4470001,4480000
V,4485000.5,4480001,4490000
V,4495000.5,4490001,4500000
V,4505000.5,4500001,4510000
V,4515000.5,4510001,4520000
V,4525000.5,4520001,4530000
V,4535000.5,4530001,4540000
V,4545000.5,4540001,4550000
V,4555000.5,4550001,4560000
V,4565000.5,4560001,4570000
V,4575000.5,4570001,4580000
V,4585000.5,4580001,4590000
V,4595000.5,4590001,4600000
V,4605000.5,4600001,4610000
V,4615000.5,4610001,4620000
V,4625000.5,4620001,4630000
V,4635000.5,4630001,4640000
V,4645000.5,4640001,4650000
V,4655000.5,4650001,4660000
V,4665000.5,4660001,4670000
V,4675000.5,4670001,4680000
V,4685000.5,4680001,4690000
V,4695000.5,4690001,4700000
V,4705000.5,4700001,4710000
V,4715000.5,4710001,4720000
V,4725000.5,4720001,4730000
V,4735000.5,4730001,4740000
V,4745000.5,4740001,4750000
V,4755000.5,4750001,4760000
V,4765000.5,4760001,4770000
V,4775000.5,4770001,4780000
V,4785000.5,4780001,4790000
V,4795000.5,4790001,4800000
V,4805000.5,4800001,4810000
V,4815000.5,4810001,4820000
V,4825000.5,4820001,4830000
V,4835000.5,4830001,4840000
V,4845000.5,4840001,4850000
V,4855000.5,4850001,4860000
V,4865000.5,4860001,4870000
V,4875000.5,4870001,4880000
V,4885000.5,4880001,4890000
V,4895000.5,4890001,4900000
V,4905000.5,4900001,4910000
V,4915000.5,4910001,4920000
V,4925000.5,4920001,4930000
V,4935000.5,4930001,4940000
V,4945000.5,4940001,4950000
V,4955000.5,4950001,4960000
V,4965000.5,4960001,4970000
V,4975000.5,4970001,4980000
V,4985000.5,4980001,4990000
V,4995000.5,4990001,5000000
V,5005000.5,5000001,5010000
V,5015000.5,5010001,5020000
V,5025000.5,5020001,5030000
V,5035000.5,5030001,5040000
V,5045000.5,5040001,5050000
V,5055000.5,5050001,5060000
V,5065000.5,5060001,5070000
V,5075000.5,5070001,5080000
V,5085000.5,5080001,5090000
V,5095000.5,5090001,5100000
V,5105000.5,5100001,5110000
V,5115000.5,5110001,5120000
V,5125000.5,5120001,5130000
V,5135000.5,5130001,5140000
V,5145000.5,5140001,5150000
V,5155000.5,5150001,5160000
V,5165000.5,5160001,5170000
V,5175000.5,5170001,5180000
V,5185000.5,5180001,5190000
V,5195000.5,5190001,5200000
V,5205000.5,5200001,5210000
V,5215000.5,5210001,5220000
V,5225000.5,5220001,5230000
V,5235000.5,5230001,5240000
V,5245000.5,5240001,5250000
V,5255000.5,5250001,5260000
V,5265000.5,5260001,5270000
V,5275000.5,5270001,5280000
V,5285000.5,5280001,5290000
V,5295000.5,5290001,5300000
V,5305000.5,5300001,5310000
V,5315000.5,5310001,5320000
V,5325000.5,5320001,5330000
V,5335000.5,5330001,5340000
V,5345000.5,5340001,5350000
V,5355000.5,5350001,5360000
V,5365000.5,5360001,5370000
V,5375000.5,5370001,5380000
V,5385000.5,5380001,5390000
V,5395000.5,5390001,5400000
V,5405000.5,5400001,5410000
V,5415000.5,5410001,5420000
V,5425000.5,5420001,5430000
V,5435000.5,5430001,5440000
V,5445000.5,5440001,5450000
V,5455000.5,5450001,5460000
V,5465000.5,5460001,5470000
V,5475000.5,5470001,5480000
V,5485000.5,5480001,5490000
V,5495000.5,5490001,5500000
V,5505000.5,5500001,5510000
V,5515000.5,5510001,5520000
V,5525000.5,5520001,5530000
V,5535000.5,5530001,5540000
V,5545000.5,5540001,5550000
V,5555000.5,5550001,5560000
V,5565000.5,5560001,5570000
V,5575000.5,5570001,5580000
V,5585000.5,5580001,5590000
V,5595000.5,5590001,5600000
V,5605000.5,5600001,5610000
V,5615000.5,5610001,5620000
V,5625000.5,5620001,5630000
V,5635000.5,5630001,5640000
V,5645000.5,5640001,5650000
V,5655000.5,5650001,5660000
V,5665000.5,5660001,5670000
V,5675000.5,5670001,5680000
V,5685000.5,5680001,5690000
V,5695000.5,5690001,5700000
V,5705000.5,5700001,5710000
V,5715000.5,5710001,5720000
V,5725000.5,5720001,5730000
V,5735000.5,5730001,5740000
V,5745000.5,5740001,5750000
V,5755000.5,5750001,5760000
V,5765000.5,5760001,5770000
V,5775000.5,5770001,5780000
V,5785000.5,5780001,5790000
V,5795000.5,5790001,5800000
V,5805000.5,5800001,5810000
V,5815000.5,5810001,5820000
V,5825000.5,5820001,5830000
V,5835000.5,5830001,5840000
V,5845000.5,5840001,5850000
V,5855000.5,5850001,5860000
V,5865000.5,5860001,5870000
V,5875000.5,5870001,5880000
V,5885000.5,5880001,5890000
V,5895000.5,5890001,5900000
V,5905000.5,5900001,5910000
V,5915000.5,5910001,5920000
V,5925000.5,5920001,5930000
V,5935000.5,5930001,5940000
V,5945000.5,5940001,5950000
V,5955000.5,5950001,5960000
V,5965000.5,5960001,5970000
V,5975000.5,5970001,5980000
V,5985000.5,5980001,5990000
V,5995000.5,5990001,6000000
V,6005000.5,6000001,6010000
V,6015000.5,6010001,6020000
V,6025000.5,6020001,6030000
V,6035000.5,6030001,6040000
V,6045000.5,6040001,6050000
V,6055000.5,6050001,6060000
V,6065000.5,6060001,6070000
V,6075000.5,6070001,6080000
V,6085000.5,6080001,6090000
V,6095000.5,6090001,6100000
V,6105000.5,6100001,6110000
V,6115000.5,6110001,6120000
V,6125000.5,6120001,6130000
V,6135000.5,6130001,6140000
V,6145000.5,6140001,6150000
V,6155000.5,6150001,6160000
V,6165000.5,6160001,6170000
V,6175000.5,6170001,6180000
V,6185000.5,6180001,6190000
V,6195000.5,6190001,6200000
V,6205000.5,6200001,6210000
V,6215000.5,6210001,6220000
V,6225000.5,6220001,6230000
V,6235000.5,6230001,6240000
V,6245000.5,6240001,6250000
V,6255000.5,6250001,6260000
V,6265000.5,6260001,6270000
V,6275000.5,6270001,6280000
V,6285000.5,6280001,6290000
V,6295000.5,6290001,6300000
V,6305000.5,6300001,6310000
V,6315000.5,6310001,6320000
V,6325000.5,6320001,6330000
V,6335000.5,6330001,6340000
V,6345000.5,6340001,6350000
V,6355000.5,6350001,6360000
V,6365000.5,6360001,6370000
V,6375000.5,6370001,6380000
V,6385000.5,6380001,6390000
V,6395000.5,6390001,6400000
V,6405000.5,6400001,6410000
V,6415000.5,6410001,6420000
V,6425000.5,6420001,6430000
V,6435000.5,6430001,6440000
V,6445000.5,6440001,6450000
V,6455000.5,6450001,6460000
V,6465000.5,6460001,6470000
V,6475000.5,6470001,6480000
V,6485000.5,6480001,6490000
V,6495000.5,6490001,6500000
V,6505000.5,6500001,6510000
V,6515000.5,6510001,6520000
V,6525000.5,6520001,6530000
V,6535000.5,6530001,6540000
V,6545000.5,6540001,6550000
V,6555000.5,6550001,6560000
V,6565000.5,6560001,6570000
V,6575000.5,6570001,6580000
V,6585000.5,6580001,6590000
V,6595000.5,6590001,6600000
V,6605000.5,6600001,6610000
V,6615000.5,6610001,6620000
V,6625000.5,6620001,6630000
V,6635000.5,6630001,6640000
V,6645000.5,6640001,6650000
V,6655000.5,6650001,6660000
V,6665000.5,6660001,6670000
V,6675000.5,6670001,6680000
V,6685000.5,6680001,6690000
V,6695000.5,6690001,6700000
V,6705000.5,6700001,6710000
V,6715000.5,6710001,6720000
V,6725000.5,6720001,6730000
V,6735000.5,6730001,6740000
V,6745000.5,6740001,6750000
V,6755000.5,6750001,6760000
V,6765000.5,6760001,6770000
V,6775000.5,6770001,6780000
V,6785000.5,6780001,6790000
V,6795000.5,6790001,6800000
V,6805000.5,6800001,6810000
V,6815000.5,6810001,6820000
V,6825000.5,6820001,6830000
V,6835000.5,6830001,6840000
V,6845000.5,6840001,6850000
V,6855000.5,6850001,6860000
V,6865000.5,6860001,6870000
V,6875000.5,6870001,6880000
V,6885000.5,6880001,6890000
V,6895000.5,6890001,6900000
V,6905000.5,6900001,6910000
V,6915000.5,6910001,6920000
V,6925000.5,6920001,6930000
V,6935000.5,6930001,6940000
V,6945000.5,6940001,6950000
V,6955000.5,6950001,6960000
V,6965000.5,6960001,6970000
V,6975000.5,6970001,6980000
V,6985000.5,6980001,6990000
V,6995000.5,6990001,7000000
V,7005000.5,7000001,7010000
V,7015000.5,7010001,7020000
V,7025000.5,7020001,7030000
V,7035000.5,7030001,7040000
V,7045000.5,7040001,7050000
V,7055000.5,7050001,7060000
V,7065000.5,7060001,7070000
V,7075000.5,7070001,7080000
V,7085000.5,7080001,7090000
V,7095000.5,7090001,7100000
V,7105000.5,7100001,7110000
V,7115000.5,7110001,7120000
V,7125000.5,7120001,7130000
V,7135000.5,7130001,7140000
V,7145000.5,7140001,7150000
V,7155000.5,7150001,7160000
V,7165000.5,7160001,7170000
V,7175000.5,7170001,7180000
V,7185000.5,7180001,7190000
V,7195000.5,7190001,7200000
V,7205000.5,7200001,7210000
V,7215000.5,7210001,7220000
V,7225000.5,7220001,7230000
V,7235000.5,7230001,7240000
V,7245000.5,7240001,7250000
V,7255000.5,7250001,7260000
V,7265000.5,7260001,7270000
V,7275000.5,7270001,7280000
V,7285000.5,7280001,7290000
V,7295000.5,7290001,7300000
V,7305000.5,7300001,7310000
V,7315000.5,7310001,7320000
V,7325000.5,7320001,7330000
V,7335000.5,7330001,7340000
V,7345000.5,7340001,7350000
V,7355000.5,7350001,7360000
V,7365000.5,7360001,7370000
V,7375000.5,7370001,7380000
V,7385000.5,7380001,7390000
V,7395000.5,7390001,7400000
V,7405000.5,7400001,7410000
V,7415000.5,7410001,7420000
V,7425000.5,7420001,7430000
V,7435000.5,7430001,7440000
V,7445000.5,7440001,7450000
V,7455000.5,7450001,7460000
V,7465000.5,7460001,7470000
V,7475000.5,7470001,7480000
V,7485000.5,7480001,7490000
V,7495000.5,7490001,7500000
V,7505000.5,7500001,7510000
V,7515000.5,7510001,7520000
V,7525000.5,7520001,7530000
V,7535000.5,7530001,7540000
V,7545000.5,7540001,7550000
V,7555000.5,7550001,7560000
V,7565000.5,7560001,7570000
V,7575000.5,7570001,7580000
V,7585000.5,7580001,7590000
V,7595000.5,7590001,7600000
V,7605000.5,7600001,7610000
V,7615000.5,7610001,7620000
V,7625000.5,7620001,7630000
V,7635000.5,7630001,7640000
V,7645000.5,7640001,7650000
V,7655000.5,7650001,7660000
V,7665000.5,7660001,7670000
V,7675000.5,7670001,7680000
V,7685000.5,7680001,7690000
V,7695000.5,7690001,7700000
V,7705000.5,7700001,7710000
V,7715000.5,7710001,7720000
V,7725000.5,7720001,7730000
V,7735000.5,7730001,7740000
V,7745000.5,7740001,7750000
V,7755000.5,7750001,7760000
V,7765000.5,7760001,7770000
V,7775000.5,7770001,7780000
V,7785000.5,7780001,7790000
V,7795000.5,7790001,7800000
V,7805000.5,7800001,7810000
V,7815000.5,7810001,7820000
V,7825000.5,7820001,7830000
V,7835000.5,7830001,7840000
V,7845000.5,7840001,7850000
V,7855000.5,7850001,7860000
V,7865000.5,7860001,7870000
V,7875000.5,7870001,7880000
V,7885000.5,7880001,7890000
V,7895000.5,7890001,7900000
V,7905000.5,7900001,7910000
V,7915000.5,7910001,7920000
V,7925000.5,7920001,7930000
V,7935000.5,7930001,7940000
V,7945000.5,7940001,7950000
V,7955000.5,7950001,7960000
V,7965000.5,7960001,7970000
V,7975000.5,7970001,7980000
V,7985000.5,7980001,7990000
V,7995000.5,7990001,8000000
V,8005000.5,8000001,8010000
V,8015000.5,8010001,8020000
V,8025000.5,8020001,8030000
V,8035000.5,8030001,8040000
V,8045000.5,8040001,8050000
V,8055000.5,8050001,8060000
V,8065000.5,8060001,8070000
V,8075000.5,8070001,8080000
V,8085000.5,8080001,8090000
V,8095000.5,8090001,8100000
V,8105000.5,8100001,8110000
V,8115000.5,8110001,8120000
V,8125000.5,8120001,8130000
V,8135000.5,8130001,8140000
V,8145000.5,8140001,8150000
V,8155000.5,8150001,8160000
V,8165000.5,8160001,8170000
V,8175000.5,8170001,8180000
V,8185000.5,8180001,8190000
V,8195000.5,8190001,8200000
V,8205000.5,8200001,8210000
V,8215000.5,8210001,8220000
V,8225000.5,8220001,8230000
V,8235000.5,8230001,8240000
V,8245000.5,8240001,8250000
V,8255000.5,8250001,8260000
V,8265000.5,8260001,8270000
V,8275000.5,8270001,8280000
V,8285000.5,8280001,8290000
V,8295000.5,8290001,8300000
V,8305000.5,8300001,8310000
V,8315000.5,8310001,8320000
V,8325000.5,8320001,8330000
V,8335000.5,8330001,8340000
V,8345000.5,8340001,8350000
V,8355000.5,8350001,8360000
V,8365000.5,8360001,8370000
V,8375000.5,8370001,8380000
V,8385000.5,8380001,8390000
V,8395000.5,8390001,8400000
V,8405000.5,8400001,8410000
V,8415000.5,8410001,8420000
V,8425000.5,8420001,8430000
V,8435000.5,8430001,8440000
V,8445000.5,8440001,8450000
V,8455000.5,8450001,8460000
V,8465000.5,8460001,8470000
V,8475000.5,8470001,8480000
V,8485000.5,8480001,8490000
V,8495000.5,8490001,8500000
V,8505000.5,8500001,8510000
V,8515000.5,8510001,8520000
V,8525000.5,8520001,8530000
V,8535000.5,8530001,8540000
V,8545000.5,8540001,8550000
V,8555000.5,8550001,8560000
V,8565000.5,8560001,8570000
V,8575000.5,8570001,8580000
V,8585000.5,8580001,8590000
V,8595000.5,8590001,8600000
V,8605000.5,8600001,8610000
V,8615000.5,8610001,8620000
V,8625000.5,8620001,8630000
V,8635000.5,8630001,8640000
V,8645000.5,8640001,8650000
V,8655000.5,8650001,8660000
V,8665000.5,8660001,8670000
V,8675000.5,8670001,8680000
V,8685000.5,8680001,8690000
V,8695000.5,8690001,8700000
V,8705000.5,8700001,8710000
V,8715000.5,8710001,8720000
V,8725000.5,8720001,8730000
V,8735000.5,8730001,8740000
V,8745000.5,8740001,8750000
V,8755000.5,8750001,8760000
V,8765000.5,8760001,8770000
V,8775000.5,8770001,8780000
V,8785000.5,8780001,8790000
V,8795000.5,8790001,8800000
V,8805000.5,8800001,8810000
V,8815000.5,8810001,8820000
V,8825000.5,8820001,8830000
V,8835000.5,8830001,8840000
V,8845000.5,8840001,8850000
V,8855000.5,8850001,8860000
V,8865000.5,8860001,8870000
V,8875000.5,8870001,8880000
V,8885000.5,8880001,8890000
V,8895000.5,8890001,8900000
V,8905000.5,8900001,8910000
V,8915000.5,8910001,8920000
V,8925000.5,8920001,8930000
V,8935000.5,8930001,8940000
V,8945000.5,8940001,8950000
V,8955000.5,8950001,8960000
V,8965000.5,8960001,8970000
V,8975000.5,8970001,8980000
V,8985000.5,8980001,8990000
V,8995000.5,8990001,9000000
V,9005000.5,9000001,9010000
V,9015000.5,9010001,9020000
V,9025000.5,9020001,9030000
V,9035000.5,9030001,9040000
V,9045000.5,9040001,9050000
V,9055000.5,9050001,9060000
V,9065000.5,9060001,9070000
V,9075000.5,9070001,9080000
V,9085000.5,9080001,9090000
V,9095000.5,9090001,9100000
V,9105000.5,9100001,9110000
V,9115000.5,9110001,9120000
V,9125000.5,9120001,9130000
V,9135000.5,9130001,9140000
V,9145000.5,9140001,9150000
V,9155000.5,9150001,9160000
V,9165000.5,9160001,9170000
V,9175000.5,9170001,9180000
V,9185000.5,9180001,9190000
V,9195000.5,9190001,9200000
V,9205000.5,9200001,9210000
V,9215000.5,9210001,9220000
V,9225000.5,9220001,9230000
V,9235000.5,9230001,9240000
V,9245000.5,9240001,9250000
V,9255000.5,9250001,9260000
V,9265000.5,9260001,9270000
V,9275000.5,9270001,9280000
V,9285000.5,9280001,9290000
V,9295000.5,9290001,9300000
V,9305000.5,9300001,9310000
V,9315000.5,9310001,9320000
V,9325000.5,9320001,9330000
V,9335000.5,9330001,9340000
V,9345000.5,9340001,9350000
V,9355000.5,9350001,9360000
V,9365000.5,9360001,9370000
V,9375000.5,9370001,9380000
V,9385000.5,9380001,9390000
V,9395000.5,9390001,9400000
V,9405000.5,9400001,9410000
V,9415000.5,9410001,9420000
V,9425000.5,9420001,9430000
V,9435000.5,9430001,9440000
V,9445000.5,9440001,9450000
V,9455000.5,9450001,9460000
V,9465000.5,9460001,9470000
V,9475000.5,9470001,9480000
V,9485000.5,9480001,9490000
V,9495000.5,9490001,9500000
V,9505000.5,9500001,9510000
V,9515000.5,9510001,9520000
V,9525000.5,9520001,9530000
V,9535000.5,9530001,9540000
V,9545000.5,9540001,9550000
V,9555000.5,9550001,9560000
V,9565000.5,9560001,9570000
V,9575000.5,9570001,9580000
V,9585000.5,9580001,9590000
V,9595000.5,9590001,9600000
V,9605000.5,9600001,9610000
V,9615000.5,9610001,9620000
V,9625000.5,9620001,9630000
V,9635000.5,9630001,9640000
V,9645000.5,9640001,9650000
V,9655000.5,9650001,9660000
V,9665000.5,9660001,9670000
V,9675000.5,9670001,9680000
V,9685000.5,9680001,9690000
V,9695000.5,9690001,9700000
V,9705000.5,9700001,9710000
V,9715000.5,9710001,9720000
V,9725000.5,9720001,9730000
V,9735000.5,9730001,9740000
V,9745000.5,9740001,9750000
V,9755000.5,9750001,9760000
V,9765000.5,9760001,9770000
V,9775000.5,9770001,9780000
V,9785000.5,9780001,9790000
V,9795000.5,9790001,9800000
V,9805000.5,9800001,9810000
V,9815000.5,9810001,9820000
V,9825000.5,9820001,9830000
V,9835000.5,9830001,9840000
V,9845000.5,9840001,9850000
V,9855000.5,9850001,9860000
V,9865000.5,9860001,9870000
V,9875000.5,9870001,9880000
V,9885000.5,9880001,9890000
V,9895000.5,9890001,9900000
V,9905000.5,9900001,9910000
V,9915000.5,9910001,9920000
V,9925000.5,9920001,9930000
V,9935000.5,9930001,9940000
V,9945000.5,9940001,9950000
V,9955000.5,9950001,9960000
V,9965000.5,9960001,9970000
V,9975000.5,9970001,9980000
V,9985000.5,9980001,9990000
V,9995000.5,9990001,10000000
V,10005000.5,10000001,10010000
V,10015000.5,10010001,10020000
V,10025000.5,10020001,10030000
V,10035000.5,10030001,10040000
V,10045000.5,10040001,10050000
V,10055000.5,10050001,10060000
V,10065000.5,10060001,10070000
V,10075000.5,10070001,10080000
V,10085000.5,10080001,10090000
V,10095000.5,10090001,10100000
V,10105000.5,10100001,10110000
V,10115000.5,10110001,10120000
V,10125000.5,10120001,10130000
V,10135000.5,10130001,10140000
V,10145000.5,10140001,10150000
V,10155000.5,10150001,10160000
V,10165000.5,10160001,10170000
V,10175000.5,10170001,10180000
V,10185000.5,10180001,10190000
V,10195000.5,10190001,10200000
V,10205000.5,10200001,10210000
V,10215000.5,10210001,10220000
V,10225000.5,10220001,10230000
V,10235000.5,10230001,10240000
V,10245000.5,10240001,10250000
V,10255000.5,10250001,10260000
V,10265000.5,10260001,10270000
V,10275000.5,10270001,10280000
V,10285000.5,10280001,10290000
V,10295000.5,10290001,10300000
V,10305000.5,10300001,10310000
V,10315000.5,10310001,10320000
V,10325000.5,10320001,10330000
V,10335000.5,10330001,10340000
V,10345000.5,10340001,10350000
V,10355000.5,10350001,10360000
V,10365000.5,10360001,10370000
V,10375000.5,10370001,10380000
V,10385000.5,10380001,10390000
V,10395000.5,10390001,10400000
V,10405000.5,10400001,10410000
V,10415000.5,10410001,10420000
V,10425000.5,10420001,10430000
V,10435000.5,10430001,10440000
V,10445000.5,10440001,10450000
V,10455000.5,10450001,10460000
V,10465000.5,10460001,10470000
V,10475000.5,10470001,10480000
V,10485000.5,10480001,10490000
V,10495000.5,10490001,10500000
V,10505000.5,10500001,10510000
V,10515000.5,10510001,10520000
V,10525000.5,10520001,10530000
V,10535000.5,10530001,10540000
V,10545000.5,10540001,10550000
V,10555000.5,10550001,10560000
V,10565000.5,10560001,10570000
V,10575000.5,10570001,10580000
V,10585000.5,10580001,10590000
V,10595000.5,10590001,10600000
V,10605000.5,10600001,10610000
V,10615000.5,10610001,10620000
V,10625000.5,10620001,10630000
V,10635000.5,10630001,10640000
V,10645000.5,10640001,10650000
V,10655000.5,10650001,10660000
V,10665000.5,10660001,10670000
V,10675000.5,10670001,10680000
V,10685000.5,10680001,10690000
V,10695000.5,10690001,10700000
V,10705000.5,10700001,10710000
V,10715000.5,10710001,10720000
V,10725000.5,10720001,10730000
V,10735000.5,10730001,10740000
V,10745000.5,10740001,10750000
V,10755000.5,10750001,10760000
V,10765000.5,10760001,10770000
V,10775000.5,10770001,10780000
V,10785000.5,10780001,10790000
V,10795000.5,10790001,10800000
V,10805000.5,10800001,10810000
V,10815000.5,10810001,10820000
V,10825000.5,10820001,10830000
V,10835000.5,10830001,10840000
V,10845000.5,10840001,10850000
V,10855000.5,10850001,10860000
V,10865000.5,10860001,10870000
V,10875000.5,10870001,10880000
V,10885000.5,10880001,10890000
V,10895000.5,10890001,10900000
V,10905000.5,10900001,10910000
V,10915000.5,10910001,10920000
V,10925000.5,10920001,10930000
V,10935000.5,10930001,10940000
V,10945000.5,10940001,10950000
V,10955000.5,10950001,10960000
V,10965000.5,10960001,10970000
V,10975000.5,10970001,10980000
V,10985000.5,10980001,10990000
V,10995000.5,10990001,11000000
V,11005000.5,11000001,11010000
V,11015000.5,11010001,11020000
V,11025000.5,11020001,11030000
V,11035000.5,11030001,11040000
V,11045000.5,11040001,11050000
V,11055000.5,11050001,11060000
V,11065000.5,11060001,11070000
V,11075000.5,11070001,11080000
V,11085000.5,11080001,11090000
V,11095000.5,11090001,11100000
V,11105000.5,11100001,11110000
V,11115000.5,11110001,11120000
V,11125000.5,11120001,11130000
V,11135000.5,11130001,11140000
V,11145000.5,11140001,11150000
V,11155000.5,11150001,11160000
V,11165000.5,11160001,11170000
V,11175000.5,11170001,11180000
V,11185000.5,11180001,11190000
V,11195000.5,11190001,11200000
V,11205000.5,11200001,11210000
V,11215000.5,11210001,11220000
V,11225000.5,11220001,11230000
V,11235000.5,11230001,11240000
V,11245000.5,11240001,11250000
V,11255000.5,11250001,11260000
V,11265000.5,11260001,11270000
V,11275000.5,11270001,11280000
V,11285000.5,11280001,11290000
V,11295000.5,11290001,11300000
V,11305000.5,11300001,11310000
V,11315000.5,11310001,11320000
V,11325000.5,11320001,11330000
V,11335000.5,11330001,11340000
V,11345000.5,11340001,11350000
V,11355000.5,11350001,11360000
V,11365000.5,11360001,11370000
V,11375000.5,11370001,11380000
V,11385000.5,11380001,11390000
V,11395000.5,11390001,11400000
V,11405000.5,11400001,11410000
V,11415000.5,11410001,11420000
V,11425000.5,11420001,11430000
V,11435000.5,11430001,11440000
V,11445000.5,11440001,11450000
V,11455000.5,11450001,11460000
V,11465000.5,11460001,11470000
V,11475000.5,11470001,11480000
V,11485000.5,11480001,11490000
V,11495000.5,11490001,11500000
V,11505000.5,11500001,11510000
V,11515000.5,11510001,11520000
V,11525000.5,11520001,11530000
V,11535000.5,11530001,11540000
V,11545000.5,11540001,11550000
V,11555000.5,11550001,11560000
V,11565000.5,11560001,11570000
V,11575000.5,11570001,11580000
V,11585000.5,11580001,11590000
V,11595000.5,11590001,11600000
V,11605000.5,11600001,11610000
V,11615000.5,11610001,11620000
V,11625000.5,11620001,11630000
V,11635000.5,11630001,11640000
V,11645000.5,11640001,11650000
V,11655000.5,11650001,11660000
V,11665000.5,11660001,11670000
V,11675000.5,11670001,11680000
V,11685000.5,11680001,11690000
V,11695000.5,11690001,11700000
V,11705000.5,11700001,11710000
V,11715000.5,11710001,11720000
V,11725000.5,11720001,11730000
V,11735000.5,11730001,11740000
V,11745000.5,11740001,11750000
V,11755000.5,11750001,11760000
V,11765000.5,11760001,11770000
V,11775000.5,11770001,11780000
V,11785000.5,11780001,11790000
V,11795000.5,11790001,11800000
V,11805000.5,11800001,11810000
V,11815000.5,11810001,11820000
V,11825000.5,11820001,11830000
V,11835000.5,11830001,11840000
V,11845000.5,11840001,11850000
V,11855000.5,11850001,11860000
V,11865000.5,11860001,11870000
V,11875000.5,11870001,11880000
V,11885000.5,11880001,11890000
V,11895000.5,11890001,11900000
V,11905000.5,11900001,11910000
V,11915000.5,11910001,11920000
V,11925000.5,11920001,11930000
V,11935000.5,11930001,11940000
V,11945000.5,11940001,11950000
V,11955000.5,11950001,11960000
V,11965000.5,11960001,11970000
V,11975000.5,11970001,11980000
V,11985000.5,11980001,11990000
V,11995000.5,11990001,12000000
V,12005000.5,12000001,12010000
V,12015000.5,12010001,12020000
V,12025000.5,12020001,12030000
V,12035000.5,12030001,12040000
V,12045000.5,12040001,12050000
V,12055000.5,12050001,12060000
V,12065000.5,12060001,12070000
V,12075000.5,12070001,12080000
V,12085000.5,12080001,12090000
V,12095000.5,12090001,12100000
V,12105000.5,12100001,12110000
V,12115000.5,12110001,12120000
V,12125000.5,12120001,12130000
V,12135000.5,12130001,12140000
V,12145000.5,12140001,12150000
V,12155000.5,12150001,12160000
V,12165000.5,12160001,12170000
V,12175000.5,12170001,12180000
V,12185000.5,12180001,12190000
V,12195000.5,12190001,12200000
V,12205000.5,12200001,12210000
V,12215000.5,12210001,12220000
V,12225000.5,12220001,12230000
V,12235000.5,12230001,12240000
V,12245000.5,12240001,12250000
V,12255000.5,12250001,12260000
V,12265000.5,12260001,12270000
V,12275000.5,12270001,12280000
V,12285000.5,12280001,12290000
V,12295000.5,12290001,12300000
V,12305000.5,12300001,12310000
V,12315000.5,12310001,12320000
V,12325000.5,12320001,12330000
V,12335000.5,12330001,12340000
V,12345000.5,12340001,12350000
V,12355000.5,12350001,12360000
V,12365000.5,12360001,12370000
V,12375000.5,12370001,12380000
V,12385000.5,12380001,12390000
V,12395000.5,12390001,12400000
V,12405000.5,12400001,12410000
V,12415000.5,12410001,12420000
V,12425000.5,12420001,12430000
V,12435000.5,12430001,12440000
V,12445000.5,12440001,12450000
V,12455000.5,12450001,12460000
V,12465000.5,12460001,12470000
V,12475000.5,12470001,12480000
V,12485000.5,12480001,12490000
V,12495000.5,12490001,12500000
V,12505000.5,12500001,12510000
V,12515000.5,12510001,12520000
V,12525000.5,12520001,12530000
V,12535000.5,12530001,12540000
V,12545000.5,12540001,12550000
V,12555000.5,12550001,12560000
V,12565000.5,12560001,12570000
V,12575000.5,12570001,12580000
V,12585000.5,12580001,12590000
V,12595000.5,12590001,12600000
V,12605000.5,12600001,12610000
V,12615000.5,12610001,12620000
V,12625000.5,12620001,12630000
V,12635000.5,12630001,12640000
V,12645000.5,12640001,12650000
V,12655000.5,12650001,12660000
V,12665000.5,12660001,12670000
V,12675000.5,12670001,12680000
V,12685000.5,12680001,12690000
V,12695000.5,12690001,12700000
V,12705000.5,12700001,12710000
V,12715000.5,12710001,12720000
V,12725000.5,12720001,12730000
V,12735000.5,12730001,12740000
V,12745000.5,12740001,12750000
V,12755000.5,12750001,12760000
V,12765000.5,12760001,12770000
V,12775000.5,12770001,12780000
V,12785000.5,12780001,12790000
V,12795000.5,12790001,12800000
V,12805000.5,12800001,12810000
V,12815000.5,12810001,12820000
V,12825000.5,12820001,12830000
V,12835000.5,12830001,12840000
V,12845000.5,12840001,12850000
V,12855000.5,12850001,12860000
V,12865000.5,12860001,12870000
V,12875000.5,12870001,12880000
V,12885000.5,12880001,12890000
V,12895000.5,12890001,12900000
V,12905000.5,12900001,12910000
V,12915000.5,12910001,12920000
V,12925000.5,12920001,12930000
V,12935000.5,12930001,12940000
V,12945000.5,12940001,12950000
V,12955000.5,12950001,12960000
V,12965000.5,12960001,12970000
V,12975000.5,12970001,12980000
V,12985000.5,12980001,12990000
V,12995000.5,12990001,13000000
V,13005000.5,13000001,13010000
V,13015000.5,13010001,13020000
V,13025000.5,13020001,13030000
V,13035000.5,13030001,13040000
V,13045000.5,13040001,13050000
V,13055000.5,13050001,13060000
V,13065000.5,13060001,13070000
V,13075000.5,13070001,13080000
V,13085000.5,13080001,13090000
V,13095000.5,13090001,13100000
V,13105000.5,13100001,13110000
V,13115000.5,13110001,13120000
V,13125000.5,13120001,13130000
V,13135000.5,13130001,13140000
V,13145000.5,13140001,13150000
V,13155000.5,13150001,13160000
V,13165000.5,13160001,13170000
V,13175000.5,13170001,13180000
V,13185000.5,13180001,13190000
V,13195000.5,13190001,13200000
V,13205000.5,13200001,13210000
V,13215000.5,13210001,13220000
V,13225000.5,13220001,13230000
V,13235000.5,13230001,13240000
V,13245000.5,13240001,13250000
V,13255000.5,13250001,13260000
V,13265000.5,13260001,13270000
V,13275000.5,13270001,13280000
V,13285000.5,13280001,13290000
V,13295000.5,13290001,13300000
V,13305000.5,13300001,13310000
V,13315000.5,13310001,13320000
V,13325000.5,13320001,13330000
V,13335000.5,13330001,13340000
V,13345000.5,13340001,13350000
V,13355000.5,13350001,13360000
V,13365000.5,13360001,13370000
V,13375000.5,13370001,13380000
V,13385000.5,13380001,13390000
V,13395000.5,13390001,13400000
V,13405000.5,13400001,13410000
V,13415000.5,13410001,13420000
V,13425000.5,13420001,13430000
V,13435000.5,13430001,13440000
V,13445000.5,13440001,13450000
V,13455000.5,13450001,13460000
V,13465000.5,13460001,13470000
V,13475000.5,13470001,13480000
V,13485000.5,13480001,13490000
V,13495000.5,13490001,13500000
V,13505000.5,13500001,13510000
V,13515000.5,13510001,13520000
V,13525000.5,13520001,13530000
V,13535000.5,13530001,13540000
V,13545000.5,13540001,13550000
V,13555000.5,13550001,13560000
V,13565000.5,13560001,13570000
V,13575000.5,13570001,13580000
V,13585000.5,13580001,13590000
V,13595000.5,13590001,13600000
V,13605000.5,13600001,13610000
V,13615000.5,13610001,13620000
V,13625000.5,13620001,13630000
V,13635000.5,13630001,13640000
V,13645000.5,13640001,13650000
V,13655000.5,13650001,13660000
V,13665000.5,13660001,13670000
V,13675000.5,13670001,13680000
V,13685000.5,13680001,13690000
V,13695000.5,13690001,13700000
V,13705000.5,13700001,13710000
V,13715000.5,13710001,13720000
V,13725000.5,13720001,13730000
V,13735000.5,13730001,13740000
V,13745000.5,13740001,13750000
V,13755000.5,13750001,13760000
V,13765000.5,13760001,13770000
V,13775000.5,13770001,13780000
V,13785000.5,13780001,13790000
V,13795000.5,13790001,13800000
V,13805000.5,13800001,13810000
V,13815000.5,13810001,13820000
V,13825000.5,13820001,13830000
V,13835000.5,13830001,13840000
V,13845000.5,13840001,13850000
V,13855000.5,13850001,13860000
V,13865000.5,13860001,13870000
V,13875000.5,13870001,13880000
V,13885000.5,13880001,13890000
V,13895000.5,13890001,13900000
V,13905000.5,13900001,13910000
V,13915000.5,13910001,13920000
V,13925000.5,13920001,13930000
V,13935000.5,13930001,13940000
V,13945000.5,13940001,13950000
V,13955000.5,13950001,13960000
V,13965000.5,13960001,13970000
V,13975000.5,13970001,13980000
V,13985000.5,13980001,13990000
V,13995000.5,13990001,14000000
V,14005000.5,14000001,14010000
V,14015000.5,14010001,14020000
V,14025000.5,14020001,14030000
V,14035000.5,14030001,14040000
V,14045000.5,14040001,14050000
V,14055000.5,14050001,14060000
V,14065000.5,14060001,14070000
V,14075000.5,14070001,14080000
V,14085000.5,14080001,14090000
V,14095000.5,14090001,14100000
V,14105000.5,14100001,14110000
V,14115000.5,14110001,14120000
V,14125000.5,14120001,14130000
V,14135000.5,14130001,14140000
V,14145000.5,14140001,14150000
V,14155000.5,14150001,14160000
V,14165000.5,14160001,14170000
V,14175000.5,14170001,14180000
V,14185000.5,14180001,14190000
V,14195000.5,14190001,14200000
V,14205000.5,14200001,14210000
V,14215000.5,14210001,14220000
V,14225000.5,14220001,14230000
V,14235000.5,14230001,14240000
V,14245000.5,14240001,14250000
V,14255000.5,14250001,14260000
V,14265000.5,14260001,14270000
V,14275000.5,14270001,14280000
V,14285000.5,14280001,14290000
V,14295000.5,14290001,14300000
V,14305000.5,14300001,14310000
V,14315000.5,14310001,14320000
V,14325000.5,14320001,14330000
V,14335000.5,14330001,14340000
V,14345000.5,14340001,14350000
V,14355000.5,14350001,14360000
V,14365000.5,14360001,14370000
V,14375000.5,14370001,14380000
V,14385000.5,14380001,14390000
V,14395000.5,14390001,14400000
V,14405000.5,14400001,14410000
V,14415000.5,14410001,14420000
V,14425000.5,14420001,14430000
V,14435000.5,14430001,14440000
V,14445000.5,14440001,14450000
V,14455000.5,14450001,14460000
V,14465000.5,14460001,14470000
V,14475000.5,14470001,14480000
V,14485000.5,14480001,14490000
V,14495000.5,14490001,14500000
V,14505000.5,14500001,14510000
V,14515000.5,14510001,14520000
V,14525000.5,14520001,14530000
V,14535000.5,14530001,14540000
V,14545000.5,14540001,14550000
V,14555000.5,14550001,14560000
V,14565000.5,14560001,14570000
V,14575000.5,14570001,14580000
V,14585000.5,14580001,14590000
V,14595000.5,14590001,14600000
V,14605000.5,14600001,14610000
V,14615000.5,14610001,14620000
V,14625000.5,14620001,14630000
V,14635000.5,14630001,14640000
V,14645000.5,14640001,14650000
V,14655000.5,14650001,14660000
V,14665000.5,14660001,14670000
V,14675000.5,14670001,14680000
V,14685000.5,14680001,14690000
V,14695000.5,14690001,14700000
V,14705000.5,14700001,14710000
V,14715000.5,14710001,14720000
V,14725000.5,14720001,14730000
V,14735000.5,14730001,14740000
V,14745000.5,14740001,14750000
V,14755000.5,14750001,14760000
V,14765000.5,14760001,14770000
V,14775000.5,14770001,14780000
V,14785000.5,14780001,14790000
V,14795000.5,14790001,14800000
V,14805000.5,14800001,14810000
V,14815000.5,14810001,14820000
V,14825000.5,14820001,14830000
V,14835000.5,14830001,14840000
V,14845000.5,14840001,14850000
V,14855000.5,14850001,14860000
V,14865000.5,14860001,14870000
V,14875000.5,14870001,14880000
V,14885000.5,14880001,14890000
V,14895000.5,14890001,14900000
V,14905000.5,14900001,14910000
V,14915000.5,14910001,14920000
V,14925000.5,14920001,14930000
V,14935000.5,14930001,14940000
V,14945000.5,14940001,14950000
V,14955000.5,14950001,14960000
V,14965000.5,14960001,14970000
V,14975000.5,14970001,14980000
V,14985000.5,14980001,14990000
V,14995000.5,14990001,15000000
V,15005000.5,15000001,15010000
V,15015000.5,15010001,15020000
V,15025000.5,15020001,15030000
V,15035000.5,15030001,15040000
V,15045000.5,15040001,15050000
V,15055000.5,15050001,15060000
V,15065000.5,15060001,15070000
V,15075000.5,15070001,15080000
V,15085000.5,15080001,15090000
V,15095000.5,15090001,15100000
V,15105000.5,15100001,15110000
V,15115000.5,15110001,15120000
V,15125000.5,15120001,15130000
V,15135000.5,15130001,15140000
V,15145000.5,15140001,15150000
V,15155000.5,15150001,15160000
V,15165000.5,15160001,15170000
V,15175000.5,15170001,15180000
V,15185000.5,15180001,15190000
V,15195000.5,15190001,15200000
V,15205000.5,15200001,15210000
V,15215000.5,15210001,15220000
V,15225000.5,15220001,15230000
V,15235000.5,15230001,15240000
V,15245000.5,15240001,15250000
V,15255000.5,15250001,15260000
V,15265000.5,15260001,15270000
V,15275000.5,15270001,15280000
V,15285000.5,15280001,15290000
V,15295000.5,15290001,15300000
V,15305000.5,15300001,15310000
V,15315000.5,15310001,15320000
V,15325000.5,15320001,15330000
V,15335000.5,15330001,15340000
X,5000.5,1,10000
X,15000.5,10001,20000
X,25000.5,20001,30000
X,35000.5,30001,40000
X,45000.5,40001,50000
X,55000.5,50001,60000
X,65000.5,60001,70000
X,75000.5,70001,80000
X,85000.5,80001,90000
X,95000.5,90001,100000
X,105000.5,100001,110000
X,115000.5,110001,120000
X,125000.5,120001,130000
X,135000.5,130001,140000
X,145000.5,140001,150000
X,155000.5,150001,160000
X,165000.5,160001,170000
X,175000.5,170001,180000
X,185000.5,180001,190000
X,195000.5,190001,200000
X,205000.5,200001,210000
X,215000.5,210001,220000
X,225000.5,220001,230000
X,235000.5,230001,240000
X,245000.5,240001,250000
X,255000.5,250001,260000
X,265000.5,260001,270000
X,275000.5,270001,280000
X,285000.5,280001,290000
X,295000.5,290001,300000
X,305000.5,300001,310000
X,315000.5,310001,320000
X,325000.5,320001,330000
X,335000.5,330001,340000
X,345000.5,340001,350000
X,355000.5,350001,360000
X,365000.5,360001,370000
X,375000.5,370001,380000
X,385000.5,380001,390000
X,395000.5,390001,400000
X,405000.5,400001,410000
X,415000.5,410001,420000
X,425000.5,420001,430000
X,435000.5,430001,440000
X,445000.5,440001,450000
X,455000.5,450001,460000
X,465000.5,460001,470000
X,475000.5,470001,480000
X,485000.5,480001,490000
X,495000.5,490001,500000
X,505000.5,500001,510000
X,515000.5,510001,520000
X,525000.5,520001,530000
X,535000.5,530001,540000
X,545000.5,540001,550000
X,555000.5,550001,560000
X,565000.5,560001,570000
X,575000.5,570001,580000
X,585000.5,580001,590000
X,595000.5,590001,600000
X,605000.5,600001,610000
X,615000.5,610001,620000
X,625000.5,620001,630000
X,635000.5,630001,640000
X,645000.5,640001,650000
X,655000.5,650001,660000
X,665000.5,660001,670000
X,675000.5,670001,680000
X,685000.5,680001,690000
X,695000.5,690001,700000
X,705000.5,700001,710000
X,715000.5,710001,720000
X,725000.5,720001,730000
X,735000.5,730001,740000
X,745000.5,740001,750000
X,755000.5,750001,760000
X,765000.5,760001,770000
X,775000.5,770001,780000
X,785000.5,780001,790000
X,795000.5,790001,800000
X,805000.5,800001,810000
X,815000.5,810001,820000
X,825000.5,820001,830000
X,835000.5,830001,840000
X,845000.5,840001,850000
X,855000.5,850001,860000
X,865000.5,860001,870000
X,875000.5,870001,880000
X,885000.5,880001,890000
X,895000.5,890001,900000
X,905000.5,900001,910000
X,915000.5,910001,920000
X,925000.5,920001,930000
X,935000.5,930001,940000
X,945000.5,940001,950000
X,955000.5,950001,960000
X,965000.5,960001,970000
X,975000.5,970001,980000
X,985000.5,980001,990000
X,995000.5,990001,1000000
X,1005000.5,1000001,1010000
X,1015000.5,1010001,1020000
X,1025000.5,1020001,1030000
X,1035000.5,1030001,1040000
X,1045000.5,1040001,1050000
X,1055000.5,1050001,1060000
X,1065000.5,1060001,1070000
X,1075000.5,1070001,1080000
X,1085000.5,1080001,1090000
X,1095000.5,1090001,1100000
X,1105000.5,1100001,1110000
X,1115000.5,1110001,1120000
X,1125000.5,1120001,1130000
X,1135000.5,1130001,1140000
X,1145000.5,1140001,1150000
X,1155000.5,1150001,1160000
X,1165000.5,1160001,1170000
X,1175000.5,1170001,1180000
X,1185000.5,1180001,1190000
X,1195000.5,1190001,1200000
X,1205000.5,1200001,1210000
X,1215000.5,1210001,1220000
X,1225000.5,1220001,1230000
X,1235000.5,1230001,1240000
X,1245000.5,1240001,1250000
X,1255000.5,1250001,1260000
X,1265000.5,1260001,1270000
X,1275000.5,1270001,1280000
X,1285000.5,1280001,1290000
X,1295000.5,1290001,1300000
X,1305000.5,1300001,1310000
X,1315000.5,1310001,1320000
X,1325000.5,1320001,1330000
X,1335000.5,1330001,1340000
X,1345000.5,1340001,1350000
X,1355000.5,1350001,1360000
X,1365000.5,1360001,1370000
X,1375000.5,1370001,1380000
X,1385000.5,1380001,1390000
X,1395000.5,1390001,1400000
X,1405000.5,1400001,1410000
X,1415000.5,1410001,1420000
X,1425000.5,1420001,1430000
X,1435000.5,1430001,1440000
X,1445000.5,1440001,1450000
X,1455000.5,1450001,1460000
X,1465000.5,1460001,1470000
X,1475000.5,1470001,1480000
X,1485000.5,1480001,1490000
X,1495000.5,1490001,1500000
X,1505000.5,1500001,1510000
X,1515000.5,1510001,1520000
X,1525000.5,1520001,1530000
X,1535000.5,1530001,1540000
X,1545000.5,1540001,1550000
X,1555000.5,1550001,1560000
X,1565000.5,1560001,1570000
X,1575000.5,1570001,1580000
X,1585000.5,1580001,1590000
X,1595000.5,1590001,1600000
X,1605000.5,1600001,1610000
X,1615000.5,1610001,1620000
X,1625000.5,1620001,1630000
X,1635000.5,1630001,1640000
X,1645000.5,1640001,1650000
X,1655000.5,1650001,1660000
X,1665000.5,1660001,1670000
X,1675000.5,1670001,1680000
X,1685000.5,1680001,1690000
X,1695000.5,1690001,1700000
X,1705000.5,1700001,1710000
X,1715000.5,1710001,1720000
X,1725000.5,1720001,1730000
X,1735000.5,1730001,1740000
X,1745000.5,1740001,1750000
X,1755000.5,1750001,1760000
X,1765000.5,1760001,1770000
X,1775000.5,1770001,1780000
X,1785000.5,1780001,1790000
X,1795000.5,1790001,1800000
X,1805000.5,1800001,1810000
X,1815000.5,1810001,1820000
X,1825000.5,1820001,1830000
X,1835000.5,1830001,1840000
X,1845000.5,1840001,1850000
X,1855000.5,1850001,1860000
X,1865000.5,1860001,1870000
X,1875000.5,1870001,1880000
X,1885000.5,1880001,1890000
X,1895000.5,1890001,1900000
X,1905000.5,1900001,1910000
X,1915000.5,1910001,1920000
X,1925000.5,1920001,1930000
X,1935000.5,1930001,1940000
X,1945000.5,1940001,1950000
X,1955000.5,1950001,1960000
X,1965000.5,1960001,1970000
X,1975000.5,1970001,1980000
X,1985000.5,1980001,1990000
X,1995000.5,1990001,2000000
X,2005000.5,2000001,2010000
X,2015000.5,2010001,2020000
X,2025000.5,2020001,2030000
X,2035000.5,2030001,2040000
X,2045000.5,2040001,2050000
X,2055000.5,2050001,2060000
X,2065000.5,2060001,2070000
X,2075000.5,2070001,2080000
X,2085000.5,2080001,2090000
X,2095000.5,2090001,2100000
X,2105000.5,2100001,2110000
X,2115000.5,2110001,2120000
X,2125000.5,2120001,2130000
X,2135000.5,2130001,2140000
X,2145000.5,2140001,2150000
X,2155000.5,2150001,2160000
X,2165000.5,2160001,2170000
X,2175000.5,2170001,2180000
X,2185000.5,2180001,2190000
X,2195000.5,2190001,2200000
X,2205000.5,2200001,2210000
X,2215000.5,2210001,2220000
X,2225000.5,2220001,2230000
X,2235000.5,2230001,2240000
X,2245000.5,2240001,2250000
X,2255000.5,2250001,2260000
X,2265000.5,2260001,2270000
X,2275000.5,2270001,2280000
X,2285000.5,2280001,2290000
X,2295000.5,2290001,2300000
X,2305000.5,2300001,2310000
X,2315000.5,2310001,2320000
X,2325000.5,2320001,2330000
X,2335000.5,2330001,2340000
X,2345000.5,2340001,2350000
X,2355000.5,2350001,2360000
X,2365000.5,2360001,2370000
X,2375000.5,2370001,2380000
X,2385000.5,2380001,2390000
X,2395000.5,2390001,2400000
X,2405000.5,2400001,2410000
X,2415000.5,2410001,2420000
X,2425000.5,2420001,2430000
X,2435000.5,2430001,2440000
X,2445000.5,2440001,2450000
X,2455000.5,2450001,2460000
X,2465000.5,2460001,2470000
X,2475000.5,2470001,2480000
X,2485000.5,2480001,2490000
X,2495000.5,2490001,2500000
X,2505000.5,2500001,2510000
X,2515000.5,2510001,2520000
X,2525000.5,2520001,2530000
X,2535000.5,2530001,2540000
X,2545000.5,2540001,2550000
X,2555000.5,2550001,2560000
X,2565000.5,2560001,2570000
X,2575000.5,2570001,2580000
X,2585000.5,2580001,2590000
X,2595000.5,2590001,2600000
X,2605000.5,2600001,2610000
X,2615000.5,2610001,2620000
X,2625000.5,2620001,2630000
X,2635000.5,2630001,2640000
X,2645000.5,2640001,2650000
X,2655000.5,2650001,2660000
X,2665000.5,2660001,2670000
X,2675000.5,2670001,2680000
X,2685000.5,2680001,2690000
X,2695000.5,2690001,2700000
X,2705000.5,2700001,2710000
X,2715000.5,2710001,2720000
X,2725000.5,2720001,2730000
X,2735000.5,2730001,2740000
X,2745000.5,2740001,2750000
X,2755000.5,2750001,2760000
X,2765000.5,2760001,2770000
X,2775000.5,2770001,2780000
X,2785000.5,2780001,2790000
X,2795000.5,2790001,2800000
X,2805000.5,2800001,2810000
X,2815000.5,2810001,2820000
X,2825000.5,2820001,2830000
X,2835000.5,2830001,2840000
X,2845000.5,2840001,2850000
X,2855000.5,2850001,2860000
X,2865000.5,2860001,2870000
X,2875000.5,2870001,2880000
X,2885000.5,2880001,2890000
X,2895000.5,2890001,2900000
X,2905000.5,2900001,2910000
X,2915000.5,2910001,2920000
X,2925000.5,2920001,2930000
X,2935000.5,2930001,2940000
X,2945000.5,2940001,2950000
X,2955000.5,2950001,2960000
X,2965000.5,2960001,2970000
X,2975000.5,2970001,2980000
X,2985000.5,2980001,2990000
X,2995000.5,2990001,3000000
X,3005000.5,3000001,3010000
X,3015000.5,3010001,3020000
X,3025000.5,3020001,3030000
X,3035000.5,3030001,3040000
X,3045000.5,3040001,3050000
X,3055000.5,3050001,3060000
X,3065000.5,3060001,3070000
X,3075000.5,3070001,3080000
X,3085000.5,3080001,3090000
X,3095000.5,3090001,3100000
X,3105000.5,3100001,3110000
X,3115000.5,3110001,3120000
X,3125000.5,3120001,3130000
X,3135000.5,3130001,3140000
X,3145000.5,3140001,3150000
X,3155000.5,3150001,3160000
X,3165000.5,3160001,3170000
X,3175000.5,3170001,3180000
X,3185000.5,3180001,3190000
X,3195000.5,3190001,3200000
X,3205000.5,3200001,3210000
X,3215000.5,3210001,3220000
X,3225000.5,3220001,3230000
X,3235000.5,3230001,3240000
X,3245000.5,3240001,3250000
X,3255000.5,3250001,3260000
X,3265000.5,3260001,3270000
X,3275000.5,3270001,3280000
X,3285000.5,3280001,3290000
X,3295000.5,3290001,3300000
X,3305000.5,3300001,3310000
X,3315000.5,3310001,3320000
X,3325000.5,3320001,3330000
X,3335000.5,3330001,3340000
X,3345000.5,3340001,3350000
X,3355000.5,3350001,3360000
X,3365000.5,3360001,3370000
X,3375000.5,3370001,3380000
X,3385000.5,3380001,3390000
X,3395000.5,3390001,3400000
X,3405000.5,3400001,3410000
X,3415000.5,3410001,3420000
X,3425000.5,3420001,3430000
X,3435000.5,3430001,3440000
X,3445000.5,3440001,3450000
X,3455000.5,3450001,3460000
X,3465000.5,3460001,3470000
X,3475000.5,3470001,3480000
X,3485000.5,3480001,3490000
X,3495000.5,3490001,3500000
X,3505000.5,3500001,3510000
X,3515000.5,3510001,3520000
X,3525000.5,3520001,3530000
X,3535000.5,3530001,3540000
X,3545000.5,3540001,3550000
X,3555000.5,3550001,3560000
X,3565000.5,3560001,3570000
X,3575000.5,3570001,3580000
X,3585000.5,3580001,3590000
X,3595000.5,3590001,3600000
X,3605000.5,3600001,3610000
X,3615000.5,3610001,3620000
X,3625000.5,3620001,3630000
X,3635000.5,3630001,3640000
X,3645000.5,3640001,3650000
X,3655000.5,3650001,3660000
X,3665000.5,3660001,3670000
X,3675000.5,3670001,3680000
X,3685000.5,3680001,3690000
X,3695000.5,3690001,3700000
X,3705000.5,3700001,3710000
X,3715000.5,3710001,3720000
X,3725000.5,3720001,3730000
X,3735000.5,3730001,3740000
X,3745000.5,3740001,3750000
X,3755000.5,3750001,3760000
X,3765000.5,3760001,3770000
X,3775000.5,3770001,3780000
X,3785000.5,3780001,3790000
X,3795000.5,3790001,3800000
X,3805000.5,3800001,3810000
X,3815000.5,3810001,3820000
X,3825000.5,3820001,3830000
X,3835000.5,3830001,3840000
X,3845000.5,3840001,3850000
X,3855000.5,3850001,3860000
X,3865000.5,3860001,3870000
X,3875000.5,3870001,3880000
X,3885000.5,3880001,3890000
X,3895000.5,3890001,3900000
X,3905000.5,3900001,3910000
X,3915000.5,3910001,3920000
X,3925000.5,3920001,3930000
X,3935000.5,3930001,3940000
X,3945000.5,3940001,3950000
X,3955000.5,3950001,3960000
X,3965000.5,3960001,3970000
X,3975000.5,3970001,3980000
X,3985000.5,3980001,3990000
X,3995000.5,3990001,4000000
X,4005000.5,4000001,4010000
X,4015000.5,4010001,4020000
X,4025000.5,4020001,4030000
X,4035000.5,4030001,4040000
X,4045000.5,4040001,4050000
X,4055000.5,4050001,4060000
X,4065000.5,4060001,4070000
X,4075000.5,4070001,4080000
X,4085000.5,4080001,4090000
X,4095000.5,4090001,4100000
X,4105000.5,4100001,4110000
X,4115000.5,4110001,4120000
X,4125000.5,4120001,4130000
X,4135000.5,4130001,4140000
X,4145000.5,4140001,4150000
X,4155000.5,4150001,4160000
X,4165000.5,4160001,4170000
X,4175000.5,4170001,4180000
X,4185000.5,4180001,4190000
X,4195000.5,4190001,4200000
X,4205000.5,4200001,4210000
X,4215000.5,4210001,4220000
X,4225000.5,4220001,4230000
X,4235000.5,4230001,4240000
X,4245000.5,4240001,4250000
X,4255000.5,4250001,4260000
X,4265000.5,4260001,4270000
X,4275000.5,4270001,4280000
X,4285000.5,4280001,4290000
X,4295000.5,4290001,4300000
X,4305000.5,4300001,4310000
X,4315000.5,4310001,4320000
X,4325000.5,4320001,4330000
X,4335000.5,4330001,4340000
X,4345000.5,4340001,4350000
X,4355000.5,4350001,4360000
X,4365000.5,4360001,4370000
X,4375000.5,4370001,4380000
X,4385000.5,4380001,4390000
X,4395000.5,4390001,4400000
X,4405000.5,4400001,4410000
X,4415000.5,4410001,4420000
X,4425000.5,4420001,4430000
X,4435000.5,4430001,4440000
X,4445000.5,4440001,4450000
X,4455000.5,4450001,4460000
X,4465000.5,4460001,4470000
X,4475000.5,4470001,4480000
X,4485000.5,4480001,4490000
X,4495000.5,4490001,4500000
X,4505000.5,4500001,4510000
X,4515000.5,4510001,4520000
X,4525000.5,4520001,4530000
X,4535000.5,4530001,4540000
X,4545000.5,4540001,4550000
X,4555000.5,4550001,4560000
X,4565000.5,4560001,4570000
X,4575000.5,4570001,4580000
X,4585000.5,4580001,4590000
X,4595000.5,4590001,4600000
X,4605000.5,4600001,4610000
X,4615000.5,4610001,4620000
X,4625000.5,4620001,4630000
X,4635000.5,4630001,4640000
X,4645000.5,4640001,4650000
X,4655000.5,4650001,4660000
X,4665000.5,4660001,4670000
X,4675000.5,4670001,4680000
X,4685000.5,4680001,4690000
X,4695000.5,4690001,4700000
X,4705000.5,4700001,4710000
X,4715000.5,4710001,4720000
X,4725000.5,4720001,4730000
X,4735000.5,4730001,4740000
X,4745000.5,4740001,4750000
X,4755000.5,4750001,4760000
X,4765000.5,4760001,4770000
X,4775000.5,4770001,4780000
X,4785000.5,4780001,4790000
X,4795000.5,4790001,4800000
X,4805000.5,4800001,4810000
X,4815000.5,4810001,4820000
X,4825000.5,4820001,4830000
X,4835000.5,4830001,4840000
X,4845000.5,4840001,4850000
X,4855000.5,4850001,4860000
X,4865000.5,4860001,4870000
X,4875000.5,4870001,4880000
X,4885000.5,4880001,4890000
X,4895000.5,4890001,4900000
X,4905000.5,4900001,4910000
X,4915000.5,4910001,4920000
X,4925000.5,4920001,4930000
X,4935000.5,4930001,4940000
X,4945000.5,4940001,4950000
X,4955000.5,4950001,4960000
X,4965000.5,4960001,4970000
X,4975000.5,4970001,4980000
X,4985000.5,4980001,4990000
X,4995000.5,4990001,5000000
X,5005000.5,5000001,5010000
X,5015000.5,5010001,5020000
X,5025000.5,5020001,5030000
X,5035000.5,5030001,5040000
X,5045000.5,5040001,5050000
X,5055000.5,5050001,5060000
X,5065000.5,5060001,5070000
X,5075000.5,5070001,5080000
X,5085000.5,5080001,5090000
X,5095000.5,5090001,5100000
X,5105000.5,5100001,5110000
X,5115000.5,5110001,5120000
X,5125000.5,5120001,5130000
X,5135000.5,5130001,5140000
X,5145000.5,5140001,5150000
X,5155000.5,5150001,5160000
X,5165000.5,5160001,5170000
X,5175000.5,5170001,5180000
X,5185000.5,5180001,5190000
X,5195000.5,5190001,5200000
X,5205000.5,5200001,5210000
X,5215000.5,5210001,5220000
X,5225000.5,5220001,5230000
X,5235000.5,5230001,5240000
X,5245000.5,5240001,5250000
X,5255000.5,5250001,5260000
X,5265000.5,5260001,5270000
X,5275000.5,5270001,5280000
X,5285000.5,5280001,5290000
X,5295000.5,5290001,5300000
X,5305000.5,5300001,5310000
X,5315000.5,5310001,5320000
X,5325000.5,5320001,5330000
X,5335000.5,5330001,5340000
X,5345000.5,5340001,5350000
X,5355000.5,5350001,5360000
X,5365000.5,5360001,5370000
X,5375000.5,5370001,5380000
X,5385000.5,5380001,5390000
X,5395000.5,5390001,5400000
X,5405000.5,5400001,5410000
X,5415000.5,5410001,5420000
X,5425000.5,5420001,5430000
X,5435000.5,5430001,5440000
X,5445000.5,5440001,5450000
X,5455000.5,5450001,5460000
X,5465000.5,5460001,5470000
X,5475000.5,5470001,5480000
X,5485000.5,5480001,5490000
X,5495000.5,5490001,5500000
X,5505000.5,5500001,5510000
X,5515000.5,5510001,5520000
X,5525000.5,5520001,5530000
X,5535000.5,5530001,5540000
X,5545000.5,5540001,5550000
X,5555000.5,5550001,5560000
X,5565000.5,5560001,5570000
X,5575000.5,5570001,5580000
X,5585000.5,5580001,5590000
X,5595000.5,5590001,5600000
X,5605000.5,5600001,5610000
X,5615000.5,5610001,5620000
X,5625000.5,5620001,5630000
X,5635000.5,5630001,5640000
X,5645000.5,5640001,5650000
X,5655000.5,5650001,5660000
X,5665000.5,5660001,5670000
X,5675000.5,5670001,5680000
X,5685000.5,5680001,5690000
X,5695000.5,5690001,5700000
X,5705000.5,5700001,5710000
X,5715000.5,5710001,5720000
X,5725000.5,5720001,5730000
X,5735000.5,5730001,5740000
X,5745000.5,5740001,5750000
X,5755000.5,5750001,5760000
X,5765000.5,5760001,5770000
X,5775000.5,5770001,5780000
X,5785000.5,5780001,5790000
X,5795000.5,5790001,5800000
X,5805000.5,5800001,5810000
X,5815000.5,5810001,5820000
X,5825000.5,5820001,5830000
X,5835000.5,5830001,5840000
X,5845000.5,5840001,5850000
X,5855000.5,5850001,5860000
X,5865000.5,5860001,5870000
X,5875000.5,5870001,5880000
X,5885000.5,5880001,5890000
X,5895000.5,5890001,5900000
X,5905000.5,5900001,5910000
X,5915000.5,5910001,5920000
X,5925000.5,5920001,5930000
X,5935000.5,5930001,5940000
X,5945000.5,5940001,5950000
X,5955000.5,5950001,5960000
X,5965000.5,5960001,5970000
X,5975000.5,5970001,5980000
X,5985000.5,5980001,5990000
X,5995000.5,5990001,6000000
X,6005000.5,6000001,6010000
X,6015000.5,6010001,6020000
X,6025000.5,6020001,6030000
X,6035000.5,6030001,6040000
X,6045000.5,6040001,6050000
X,6055000.5,6050001,6060000
X,6065000.5,6060001,6070000
X,6075000.5,6070001,6080000
X,6085000.5,6080001,6090000
X,6095000.5,6090001,6100000
X,6105000.5,6100001,6110000
X,6115000.5,6110001,6120000
X,6125000.5,6120001,6130000
X,6135000.5,6130001,6140000
X,6145000.5,6140001,6150000
X,6155000.5,6150001,6160000
X,6165000.5,6160001,6170000
X,6175000.5,6170001,6180000
X,6185000.5,6180001,6190000
X,6195000.5,6190001,6200000
X,6205000.5,6200001,6210000
X,6215000.5,6210001,6220000
X,6225000.5,6220001,6230000
X,6235000.5,6230001,6240000
X,6245000.5,6240001,6250000
X,6255000.5,6250001,6260000
X,6265000.5,6260001,6270000
X,6275000.5,6270001,6280000
X,6285000.5,6280001,6290000
X,6295000.5,6290001,6300000
X,6305000.5,6300001,6310000
X,6315000.5,6310001,6320000
X,6325000.5,6320001,6330000
X,6335000.5,6330001,6340000
X,6345000.5,6340001,6350000
X,6355000.5,6350001,6360000
X,6365000.5,6360001,6370000
X,6375000.5,6370001,6380000
X,6385000.5,6380001,6390000
X,6395000.5,6390001,6400000
X,6405000.5,6400001,6410000
X,6415000.5,6410001,6420000
X,6425000.5,6420001,6430000
X,6435000.5,6430001,6440000
X,6445000.5,6440001,6450000
X,6455000.5,6450001,6460000
X,6465000.5,6460001,6470000
X,6475000.5,6470001,6480000
X,6485000.5,6480001,6490000
X,6495000.5,6490001,6500000
X,6505000.5,6500001,6510000
X,6515000.5,6510001,6520000
X,6525000.5,6520001,6530000
X,6535000.5,6530001,6540000
X,6545000.5,6540001,6550000
X,6555000.5,6550001,6560000
X,6565000.5,6560001,6570000
X,6575000.5,6570001,6580000
X,6585000.5,6580001,6590000
X,6595000.5,6590001,6600000
X,6605000.5,6600001,6610000
X,6615000.5,6610001,6620000
X,6625000.5,6620001,6630000
X,6635000.5,6630001,6640000
X,6645000.5,6640001,6650000
X,6655000.5,6650001,6660000
X,6665000.5,6660001,6670000
X,6675000.5,6670001,6680000
X,6685000.5,6680001,6690000
X,6695000.5,6690001,6700000
X,6705000.5,6700001,6710000
X,6715000.5,6710001,6720000
X,6725000.5,6720001,6730000
X,6735000.5,6730001,6740000
X,6745000.5,6740001,6750000
X,6755000.5,6750001,6760000
X,6765000.5,6760001,6770000
X,6775000.5,6770001,6780000
X,6785000.5,6780001,6790000
X,6795000.5,6790001,6800000
X,6805000.5,6800001,6810000
X,6815000.5,6810001,6820000
X,6825000.5,6820001,6830000
X,6835000.5,6830001,6840000
X,6845000.5,6840001,6850000
X,6855000.5,6850001,6860000
X,6865000.5,6860001,6870000
X,6875000.5,6870001,6880000
X,6885000.5,6880001,6890000
X,6895000.5,6890001,6900000
X,6905000.5,6900001,6910000
X,6915000.5,6910001,6920000
X,6925000.5,6920001,6930000
X,6935000.5,6930001,6940000
X,6945000.5,6940001,6950000
X,6955000.5,6950001,6960000
X,6965000.5,6960001,6970000
X,6975000.5,6970001,6980000
X,6985000.5,6980001,6990000
X,6995000.5,6990001,7000000
X,7005000.5,7000001,7010000
X,7015000.5,7010001,7020000
X,7025000.5,7020001,7030000
X,7035000.5,7030001,7040000
X,7045000.5,7040001,7050000
X,7055000.5,7050001,7060000
X,7065000.5,7060001,7070000
X,7075000.5,7070001,7080000
X,7085000.5,7080001,7090000
X,7095000.5,7090001,7100000
X,7105000.5,7100001,7110000
X,7115000.5,7110001,7120000
X,7125000.5,7120001,7130000
X,7135000.5,7130001,7140000
X,7145000.5,7140001,7150000
X,7155000.5,7150001,7160000
X,7165000.5,7160001,7170000
X,7175000.5,7170001,7180000
X,7185000.5,7180001,7190000
X,7195000.5,7190001,7200000
X,7205000.5,7200001,7210000
X,7215000.5,7210001,7220000
X,7225000.5,7220001,7230000
X,7235000.5,7230001,7240000
X,7245000.5,7240001,7250000
X,7255000.5,7250001,7260000
X,7265000.5,7260001,7270000
X,7275000.5,7270001,7280000
X,7285000.5,7280001,7290000
X,7295000.5,7290001,7300000
X,7305000.5,7300001,7310000
X,7315000.5,7310001,7320000
X,7325000.5,7320001,7330000
X,7335000.5,7330001,7340000
X,7345000.5,7340001,7350000
X,7355000.5,7350001,7360000
X,7365000.5,7360001,7370000
X,7375000.5,7370001,7380000
X,7385000.5,7380001,7390000
X,7395000.5,7390001,7400000
X,7405000.5,7400001,7410000
X,7415000.5,7410001,7420000
X,7425000.5,7420001,7430000
X,7435000.5,7430001,7440000
X,7445000.5,7440001,7450000
X,7455000.5,7450001,7460000
X,7465000.5,7460001,7470000
X,7475000.5,7470001,7480000
X,7485000.5,7480001,7490000
X,7495000.5,7490001,7500000
X,7505000.5,7500001,7510000
X,7515000.5,7510001,7520000
X,7525000.5,7520001,7530000
X,7535000.5,7530001,7540000
X,7545000.5,7540001,7550000
X,7555000.5,7550001,7560000
X,7565000.5,7560001,7570000
X,7575000.5,7570001,7580000
X,7585000.5,7580001,7590000
X,7595000.5,7590001,7600000
X,7605000.5,7600001,7610000
X,7615000.5,7610001,7620000
X,7625000.5,7620001,7630000
X,7635000.5,7630001,7640000
X,7645000.5,7640001,7650000
X,7655000.5,7650001,7660000
X,7665000.5,7660001,7670000
X,7675000.5,7670001,7680000
X,7685000.5,7680001,7690000
X,7695000.5,7690001,7700000
X,7705000.5,7700001,7710000
X,7715000.5,7710001,7720000
X,7725000.5,7720001,7730000
X,7735000.5,7730001,7740000
X,7745000.5,7740001,7750000
X,7755000.5,7750001,7760000
X,7765000.5,7760001,7770000
X,7775000.5,7770001,7780000
X,7785000.5,7780001,7790000
X,7795000.5,7790001,7800000
X,7805000.5,7800001,7810000
X,7815000.5,7810001,7820000
X,7825000.5,7820001,7830000
X,7835000.5,7830001,7840000
X,7845000.5,7840001,7850000
X,7855000.5,7850001,7860000
X,7865000.5,7860001,7870000
X,7875000.5,7870001,7880000
X,7885000.5,7880001,7890000
X,7895000.5,7890001,7900000
X,7905000.5,7900001,7910000
X,7915000.5,7910001,7920000
X,7925000.5,7920001,7930000
X,7935000.5,7930001,7940000
X,7945000.5,7940001,7950000
X,7955000.5,7950001,7960000
X,7965000.5,7960001,7970000
X,7975000.5,7970001,7980000
X,7985000.5,7980001,7990000
X,7995000.5,7990001,8000000
X,8005000.5,8000001,8010000
X,8015000.5,8010001,8020000
X,8025000.5,8020001,8030000
X,8035000.5,8030001,8040000
X,8045000.5,8040001,8050000
X,8055000.5,8050001,8060000
X,8065000.5,8060001,8070000
X,8075000.5,8070001,8080000
X,8085000.5,8080001,8090000
X,8095000.5,8090001,8100000
X,8105000.5,8100001,8110000
X,8115000.5,8110001,8120000
X,8125000.5,8120001,8130000
X,8135000.5,8130001,8140000
X,8145000.5,8140001,8150000
X,8155000.5,8150001,8160000
X,8165000.5,8160001,8170000
X,8175000.5,8170001,8180000
X,8185000.5,8180001,8190000
X,8195000.5,8190001,8200000
X,8205000.5,8200001,8210000
X,8215000.5,8210001,8220000
X,8225000.5,8220001,8230000
X,8235000.5,8230001,8240000
X,8245000.5,8240001,8250000
X,8255000.5,8250001,8260000
X,8265000.5,8260001,8270000
X,8275000.5,8270001,8280000
X,8285000.5,8280001,8290000
X,8295000.5,8290001,8300000
X,8305000.5,8300001,8310000
X,8315000.5,8310001,8320000
X,8325000.5,8320001,8330000
X,8335000.5,8330001,8340000
X,8345000.5,8340001,8350000
X,8355000.5,8350001,8360000
X,8365000.5,8360001,8370000
X,8375000.5,8370001,8380000
X,8385000.5,8380001,8390000
X,8395000.5,8390001,8400000
X,8405000.5,8400001,8410000
X,8415000.5,8410001,8420000
X,8425000.5,8420001,8430000
X,8435000.5,8430001,8440000
X,8445000.5,8440001,8450000
X,8455000.5,8450001,8460000
X,8465000.5,8460001,8470000
X,8475000.5,8470001,8480000
X,8485000.5,8480001,8490000
X,8495000.5,8490001,8500000
X,8505000.5,8500001,8510000
X,8515000.5,8510001,8520000
X,8525000.5,8520001,8530000
X,8535000.5,8530001,8540000
X,8545000.5,8540001,8550000
X,8555000.5,8550001,8560000
X,8565000.5,8560001,8570000
X,8575000.5,8570001,8580000
X,8585000.5,8580001,8590000
X,8595000.5,8590001,8600000
X,8605000.5,8600001,8610000
X,8615000.5,8610001,8620000
X,8625000.5,8620001,8630000
X,8635000.5,8630001,8640000
X,8645000.5,8640001,8650000
X,8655000.5,8650001,8660000
X,8665000.5,8660001,8670000
X,8675000.5,8670001,8680000
X,8685000.5,8680001,8690000
X,8695000.5,8690001,8700000
X,8705000.5,8700001,8710000
X,8715000.5,8710001,8720000
X,8725000.5,8720001,8730000
X,8735000.5,8730001,8740000
X,8745000.5,8740001,8750000
X,8755000.5,8750001,8760000
X,8765000.5,8760001,8770000
X,8775000.5,8770001,8780000
X,8785000.5,8780001,8790000
X,8795000.5,8790001,8800000
X,8805000.5,8800001,8810000
X,8815000.5,8810001,8820000
X,8825000.5,8820001,8830000
X,8835000.5,8830001,8840000
X,8845000.5,8840001,8850000
X,8855000.5,8850001,8860000
X,8865000.5,8860001,8870000
X,8875000.5,8870001,8880000
X,8885000.5,8880001,8890000
X,8895000.5,8890001,8900000
X,8905000.5,8900001,8910000
X,8915000.5,8910001,8920000
X,8925000.5,8920001,8930000
X,8935000.5,8930001,8940000
X,8945000.5,8940001,8950000
X,8955000.5,8950001,8960000
X,8965000.5,8960001,8970000
X,8975000.5,8970001,8980000
X,8985000.5,8980001,8990000
X,8995000.5,8990001,9000000
X,9005000.5,9000001,9010000
X,9015000.5,9010001,9020000
X,9025000.5,9020001,9030000
X,9035000.5,9030001,9040000
X,9045000.5,9040001,9050000
X,9055000.5,9050001,9060000
X,9065000.5,9060001,9070000
X,9075000.5,9070001,9080000
X,9085000.5,9080001,9090000
X,9095000.5,9090001,9100000
X,9105000.5,9100001,9110000
X,9115000.5,9110001,9120000
X,9125000.5,9120001,9130000
X,9135000.5,9130001,9140000
X,9145000.5,9140001,9150000
X,9155000.5,9150001,9160000
X,9165000.5,9160001,9170000
X,9175000.5,9170001,9180000
X,9185000.5,9180001,9190000
X,9195000.5,9190001,9200000
X,9205000.5,9200001,9210000
X,9215000.5,9210001,9220000
X,9225000.5,9220001,9230000
X,9235000.5,9230001,9240000
X,9245000.5,9240001,9250000
X,9255000.5,9250001,9260000
X,9265000.5,9260001,9270000
X,9275000.5,9270001,9280000
X,9285000.5,9280001,9290000
X,9295000.5,9290001,9300000
X,9305000.5,9300001,9310000
X,9315000.5,9310001,9320000
X,9325000.5,9320001,9330000
X,9335000.5,9330001,9340000
X,9345000.5,9340001,9350000
X,9355000.5,9350001,9360000
X,9365000.5,9360001,9370000
X,9375000.5,9370001,9380000
X,9385000.5,9380001,9390000
X,9395000.5,9390001,9400000
X,9405000.5,9400001,9410000
X,9415000.5,9410001,9420000
X,9425000.5,9420001,9430000
X,9435000.5,9430001,9440000
X,9445000.5,9440001,9450000
X,9455000.5,9450001,9460000
X,9465000.5,9460001,9470000
X,9475000.5,9470001,9480000
X,9485000.5,9480001,9490000
X,9495000.5,9490001,9500000
X,9505000.5,9500001,9510000
X,9515000.5,9510001,9520000
X,9525000.5,9520001,9530000
X,9535000.5,9530001,9540000
X,9545000.5,9540001,9550000
X,9555000.5,9550001,9560000
X,9565000.5,9560001,9570000
X,9575000.5,9570001,9580000
X,9585000.5,9580001,9590000
X,9595000.5,9590001,9600000
X,9605000.5,9600001,9610000
X,9615000.5,9610001,9620000
X,9625000.5,9620001,9630000
X,9635000.5,9630001,9640000
X,9645000.5,9640001,9650000
X,9655000.5,9650001,9660000
X,9665000.5,9660001,9670000
X,9675000.5,9670001,9680000
X,9685000.5,9680001,9690000
X,9695000.5,9690001,9700000
X,9705000.5,9700001,9710000
X,9715000.5,9710001,9720000
X,9725000.5,9720001,9730000
X,9735000.5,9730001,9740000
X,9745000.5,9740001,9750000
X,9755000.5,9750001,9760000
X,9765000.5,9760001,9770000
X,9775000.5,9770001,9780000
X,9785000.5,9780001,9790000
X,9795000.5,9790001,9800000
X,9805000.5,9800001,9810000
X,9815000.5,9810001,9820000
X,9825000.5,9820001,9830000
X,9835000.5,9830001,9840000
X,9845000.5,9840001,9850000
X,9855000.5,9850001,9860000
X,9865000.5,9860001,9870000
X,9875000.5,9870001,9880000
X,9885000.5,9880001,9890000
X,9895000.5,9890001,9900000
X,9905000.5,9900001,9910000
X,9915000.5,9910001,9920000
X,9925000.5,9920001,9930000
X,9935000.5,9930001,9940000
X,9945000.5,9940001,9950000
X,9955000.5,9950001,9960000
X,9965000.5,9960001,9970000
X,9975000.5,9970001,9980000
X,9985000.5,9980001,9990000
X,9995000.5,9990001,10000000
X,10005000.5,10000001,10010000
X,10015000.5,10010001,10020000
X,10025000.5,10020001,10030000
X,10035000.5,10030001,10040000
X,10045000.5,10040001,10050000
X,10055000.5,10050001,10060000
X,10065000.5,10060001,10070000
X,10075000.5,10070001,10080000
X,10085000.5,10080001,10090000
X,10095000.5,10090001,10100000
X,10105000.5,10100001,10110000
X,10115000.5,10110001,10120000
X,10125000.5,10120001,10130000
X,10135000.5,10130001,10140000
X,10145000.5,10140001,10150000
X,10155000.5,10150001,10160000
X,10165000.5,10160001,10170000
X,10175000.5,10170001,10180000
X,10185000.5,10180001,10190000
X,10195000.5,10190001,10200000
X,10205000.5,10200001,10210000
X,10215000.5,10210001,10220000
X,10225000.5,10220001,10230000
X,10235000.5,10230001,10240000
X,10245000.5,10240001,10250000
X,10255000.5,10250001,10260000
X,10265000.5,10260001,10270000
X,10275000.5,10270001,10280000
X,10285000.5,10280001,10290000
X,10295000.5,10290001,10300000
X,10305000.5,10300001,10310000
X,10315000.5,10310001,10320000
X,10325000.5,10320001,10330000
X,10335000.5,10330001,10340000
X,10345000.5,10340001,10350000
X,10355000.5,10350001,10360000
X,10365000.5,10360001,10370000
X,10375000.5,10370001,10380000
X,10385000.5,10380001,10390000
X,10395000.5,10390001,10400000
X,10405000.5,10400001,10410000
X,10415000.5,10410001,10420000
X,10425000.5,10420001,10430000
X,10435000.5,10430001,10440000
X,10445000.5,10440001,10450000
X,10455000.5,10450001,10460000
X,10465000.5,10460001,10470000
X,10475000.5,10470001,10480000
X,10485000.5,10480001,10490000
X,10495000.5,10490001,10500000
X,10505000.5,10500001,10510000
X,10515000.5,10510001,10520000
X,10525000.5,10520001,10530000
X,10535000.5,10530001,10540000
X,10545000.5,10540001,10550000
X,10555000.5,10550001,10560000
X,10565000.5,10560001,10570000
X,10575000.5,10570001,10580000
X,10585000.5,10580001,10590000
X,10595000.5,10590001,10600000
X,10605000.5,10600001,10610000
X,10615000.5,10610001,10620000
X,10625000.5,10620001,10630000
X,10635000.5,10630001,10640000
X,10645000.5,10640001,10650000
X,10655000.5,10650001,10660000
X,10665000.5,10660001,10670000
X,10675000.5,10670001,10680000
X,10685000.5,10680001,10690000
X,10695000.5,10690001,10700000
X,10705000.5,10700001,10710000
X,10715000.5,10710001,10720000
X,10725000.5,10720001,10730000
X,10735000.5,10730001,10740000
X,10745000.5,10740001,10750000
X,10755000.5,10750001,10760000
X,10765000.5,10760001,10770000
X,10775000.5,10770001,10780000
X,10785000.5,10780001,10790000
X,10795000.5,10790001,10800000
X,10805000.5,10800001,10810000
X,10815000.5,10810001,10820000
X,10825000.5,10820001,10830000
X,10835000.5,10830001,10840000
X,10845000.5,10840001,10850000
X,10855000.5,10850001,10860000
X,10865000.5,10860001,10870000
X,10875000.5,10870001,10880000
X,10885000.5,10880001,10890000
X,10895000.5,10890001,10900000
X,10905000.5,10900001,10910000
X,10915000.5,10910001,10920000
X,10925000.5,10920001,10930000
X,10935000.5,10930001,10940000
X,10945000.5,10940001,10950000
X,10955000.5,10950001,10960000
X,10965000.5,10960001,10970000
X,10975000.5,10970001,10980000
X,10985000.5,10980001,10990000
X,10995000.5,10990001,11000000
X,11005000.5,11000001,11010000
X,11015000.5,11010001,11020000
X,11025000.5,11020001,11030000
X,11035000.5,11030001,11040000
X,11045000.5,11040001,11050000
X,11055000.5,11050001,11060000
X,11065000.5,11060001,11070000
X,11075000.5,11070001,11080000
X,11085000.5,11080001,11090000
X,11095000.5,11090001,11100000
X,11105000.5,11100001,11110000
X,11115000.5,11110001,11120000
X,11125000.5,11120001,11130000
X,11135000.5,11130001,11140000
X,11145000.5,11140001,11150000
X,11155000.5,11150001,11160000
X,11165000.5,11160001,11170000
X,11175000.5,11170001,11180000
X,11185000.5,11180001,11190000
X,11195000.5,11190001,11200000
X,11205000.5,11200001,11210000
X,11215000.5,11210001,11220000
X,11225000.5,11220001,11230000
X,11235000.5,11230001,11240000
X,11245000.5,11240001,11250000
X,11255000.5,11250001,11260000
X,11265000.5,11260001,11270000
X,11275000.5,11270001,11280000
X,11285000.5,11280001,11290000
X,11295000.5,11290001,11300000
X,11305000.5,11300001,11310000
X,11315000.5,11310001,11320000
X,11325000.5,11320001,11330000
X,11335000.5,11330001,11340000
X,11345000.5,11340001,11350000
X,11355000.5,11350001,11360000
X,11365000.5,11360001,11370000
X,11375000.5,11370001,11380000
X,11385000.5,11380001,11390000
X,11395000.5,11390001,11400000
X,11405000.5,11400001,11410000
X,11415000.5,11410001,11420000
X,11425000.5,11420001,11430000
X,11435000.5,11430001,11440000
X,11445000.5,11440001,11450000
X,11455000.5,11450001,11460000
X,11465000.5,11460001,11470000
X,11475000.5,11470001,11480000
X,11485000.5,11480001,11490000
X,11495000.5,11490001,11500000
X,11505000.5,11500001,11510000
X,11515000.5,11510001,11520000
X,11525000.5,11520001,11530000
X,11535000.5,11530001,11540000
X,11545000.5,11540001,11550000
X,11555000.5,11550001,11560000
X,11565000.5,11560001,11570000
X,11575000.5,11570001,11580000
X,11585000.5,11580001,11590000
X,11595000.5,11590001,11600000
X,11605000.5,11600001,11610000
X,11615000.5,11610001,11620000
X,11625000.5,11620001,11630000
X,11635000.5,11630001,11640000
X,11645000.5,11640001,11650000
X,11655000.5,11650001,11660000
X,11665000.5,11660001,11670000
X,11675000.5,11670001,11680000
X,11685000.5,11680001,11690000
X,11695000.5,11690001,11700000
X,11705000.5,11700001,11710000
X,11715000.5,11710001,11720000
X,11725000.5,11720001,11730000
X,11735000.5,11730001,11740000
X,11745000.5,11740001,11750000
X,11755000.5,11750001,11760000
X,11765000.5,11760001,11770000
X,11775000.5,11770001,11780000
X,11785000.5,11780001,11790000
X,11795000.5,11790001,11800000
X,11805000.5,11800001,11810000
X,11815000.5,11810001,11820000
X,11825000.5,11820001,11830000
X,11835000.5,11830001,11840000
X,11845000.5,11840001,11850000
X,11855000.5,11850001,11860000
X,11865000.5,11860001,11870000
X,11875000.5,11870001,11880000
X,11885000.5,11880001,11890000
X,11895000.5,11890001,11900000
X,11905000.5,11900001,11910000
X,11915000.5,11910001,11920000
X,11925000.5,11920001,11930000
X,11935000.5,11930001,11940000
X,11945000.5,11940001,11950000
X,11955000.5,11950001,11960000
X,11965000.5,11960001,11970000
X,11975000.5,11970001,11980000
X,11985000.5,11980001,11990000
X,11995000.5,11990001,12000000
X,12005000.5,12000001,12010000
X,12015000.5,12010001,12020000
X,12025000.5,12020001,12030000
X,12035000.5,12030001,12040000
X,12045000.5,12040001,12050000
X,12055000.5,12050001,12060000
X,12065000.5,12060001,12070000
X,12075000.5,12070001,12080000
X,12085000.5,12080001,12090000
X,12095000.5,12090001,12100000
X,12105000.5,12100001,12110000
X,12115000.5,12110001,12120000
X,12125000.5,12120001,12130000
X,12135000.5,12130001,12140000
X,12145000.5,12140001,12150000
X,12155000.5,12150001,12160000
X,12165000.5,12160001,12170000
X,12175000.5,12170001,12180000
X,12185000.5,12180001,12190000
X,12195000.5,12190001,12200000
X,12205000.5,12200001,12210000
X,12215000.5,12210001,12220000
X,12225000.5,12220001,12230000
X,12235000.5,12230001,12240000
X,12245000.5,12240001,12250000
X,12255000.5,12250001,12260000
X,12265000.5,12260001,12270000
X,12275000.5,12270001,12280000
X,12285000.5,12280001,12290000
X,12295000.5,12290001,12300000
X,12305000.5,12300001,12310000
X,12315000.5,12310001,12320000
X,12325000.5,12320001,12330000
X,12335000.5,12330001,12340000
X,12345000.5,12340001,12350000
X,12355000.5,12350001,12360000
X,12365000.5,12360001,12370000
X,12375000.5,12370001,12380000
X,12385000.5,12380001,12390000
X,12395000.5,12390001,12400000
X,12405000.5,12400001,12410000
X,12415000.5,12410001,12420000
X,12425000.5,12420001,12430000
X,12435000.5,12430001,12440000
X,12445000.5,12440001,12450000
X,12455000.5,12450001,12460000
X,12465000.5,12460001,12470000
X,12475000.5,12470001,12480000
X,12485000.5,12480001,12490000
X,12495000.5,12490001,12500000
X,12505000.5,12500001,12510000
X,12515000.5,12510001,12520000
X,12525000.5,12520001,12530000
X,12535000.5,12530001,12540000
X,12545000.5,12540001,12550000
X,12555000.5,12550001,12560000
X,12565000.5,12560001,12570000
X,12575000.5,12570001,12580000
X,12585000.5,12580001,12590000
X,12595000.5,12590001,12600000
X,12605000.5,12600001,12610000
X,12615000.5,12610001,12620000
X,12625000.5,12620001,12630000
X,12635000.5,12630001,12640000
X,12645000.5,12640001,12650000
X,12655000.5,12650001,12660000
X,12665000.5,12660001,12670000
X,12675000.5,12670001,12680000
X,12685000.5,12680001,12690000
X,12695000.5,12690001,12700000
X,12705000.5,12700001,12710000
X,12715000.5,12710001,12720000
X,12725000.5,12720001,12730000
X,12735000.5,12730001,12740000
X,12745000.5,12740001,12750000
X,12755000.5,12750001,12760000
X,12765000.5,12760001,12770000
X,12775000.5,12770001,12780000
X,12785000.5,12780001,12790000
X,12795000.5,12790001,12800000
X,12805000.5,12800001,12810000
X,12815000.5,12810001,12820000
X,12825000.5,12820001,12830000
X,12835000.5,12830001,12840000
X,12845000.5,12840001,12850000
X,12855000.5,12850001,12860000
X,12865000.5,12860001,12870000
X,12875000.5,12870001,12880000
X,12885000.5,12880001,12890000
X,12895000.5,12890001,12900000
X,12905000.5,12900001,12910000
X,12915000.5,12910001,12920000
X,12925000.5,12920001,12930000
X,12935000.5,12930001,12940000
X,12945000.5,12940001,12950000
X,12955000.5,12950001,12960000
X,12965000.5,12960001,12970000
X,12975000.5,12970001,12980000
X,12985000.5,12980001,12990000
X,12995000.5,12990001,13000000
X,13005000.5,13000001,13010000
X,13015000.5,13010001,13020000
X,13025000.5,13020001,13030000
X,13035000.5,13030001,13040000
X,13045000.5,13040001,13050000
X,13055000.5,13050001,13060000
X,13065000.5,13060001,13070000
X,13075000.5,13070001,13080000
X,13085000.5,13080001,13090000
X,13095000.5,13090001,13100000
X,13105000.5,13100001,13110000
X,13115000.5,13110001,13120000
X,13125000.5,13120001,13130000
X,13135000.5,13130001,13140000
X,13145000.5,13140001,13150000
X,13155000.5,13150001,13160000
X,13165000.5,13160001,13170000
X,13175000.5,13170001,13180000
X,13185000.5,13180001,13190000
X,13195000.5,13190001,13200000
X,13205000.5,13200001,13210000
X,13215000.5,13210001,13220000
X,13225000.5,13220001,13230000
X,13235000.5,13230001,13240000
X,13245000.5,13240001,13250000
X,13255000.5,13250001,13260000
X,13265000.5,13260001,13270000
X,13275000.5,13270001,13280000
X,13285000.5,13280001,13290000
X,13295000.5,13290001,13300000
X,13305000.5,13300001,13310000
X,13315000.5,13310001,13320000
X,13325000.5,13320001,13330000
X,13335000.5,13330001,13340000
X,13345000.5,13340001,13350000
X,13355000.5,13350001,13360000
X,13365000.5,13360001,13370000
X,13375000.5,13370001,13380000
X,13385000.5,13380001,13390000
X,13395000.5,13390001,13400000
X,13405000.5,13400001,13410000
X,13415000.5,13410001,13420000
X,13425000.5,13420001,13430000
X,13435000.5,13430001,13440000
X,13445000.5,13440001,13450000
X,13455000.5,13450001,13460000
X,13465000.5,13460001,13470000
X,13475000.5,13470001,13480000
X,13485000.5,13480001,13490000
X,13495000.5,13490001,13500000
X,13505000.5,13500001,13510000
X,13515000.5,13510001,13520000
X,13525000.5,13520001,13530000
X,13535000.5,13530001,13540000
X,13545000.5,13540001,13550000
X,13555000.5,13550001,13560000
X,13565000.5,13560001,13570000
X,13575000.5,13570001,13580000
X,13585000.5,13580001,13590000
X,13595000.5,13590001,13600000
X,13605000.5,13600001,13610000
X,13615000.5,13610001,13620000
X,13625000.5,13620001,13630000
X,13635000.5,13630001,13640000
X,13645000.5,13640001,13650000
X,13655000.5,13650001,13660000
X,13665000.5,13660001,13670000
X,13675000.5,13670001,13680000
X,13685000.5,13680001,13690000
X,13695000.5,13690001,13700000
X,13705000.5,13700001,13710000
X,13715000.5,13710001,13720000
X,13725000.5,13720001,13730000
X,13735000.5,13730001,13740000
X,13745000.5,13740001,13750000
X,13755000.5,13750001,13760000
X,13765000.5,13760001,13770000
X,13775000.5,13770001,13780000
X,13785000.5,13780001,13790000
X,13795000.5,13790001,13800000
X,13805000.5,13800001,13810000
X,13815000.5,13810001,13820000
X,13825000.5,13820001,13830000
X,13835000.5,13830001,13840000
X,13845000.5,13840001,13850000
X,13855000.5,13850001,13860000
X,13865000.5,13860001,13870000
X,13875000.5,13870001,13880000
X,13885000.5,13880001,13890000
X,13895000.5,13890001,13900000
X,13905000.5,13900001,13910000
X,13915000.5,13910001,13920000
X,13925000.5,13920001,13930000
X,13935000.5,13930001,13940000
X,13945000.5,13940001,13950000
X,13955000.5,13950001,13960000
X,13965000.5,13960001,13970000
X,13975000.5,13970001,13980000
X,13985000.5,13980001,13990000
X,13995000.5,13990001,14000000
X,14005000.5,14000001,14010000
X,14015000.5,14010001,14020000
X,14025000.5,14020001,14030000
X,14035000.5,14030001,14040000
X,14045000.5,14040001,14050000
X,14055000.5,14050001,14060000
X,14065000.5,14060001,14070000
X,14075000.5,14070001,14080000
X,14085000.5,14080001,14090000
X,14095000.5,14090001,14100000
X,14105000.5,14100001,14110000
X,14115000.5,14110001,14120000
X,14125000.5,14120001,14130000
X,14135000.5,14130001,14140000
X,14145000.5,14140001,14150000
X,14155000.5,14150001,14160000
X,14165000.5,14160001,14170000
X,14175000.5,14170001,14180000
X,14185000.5,14180001,14190000
X,14195000.5,14190001,14200000
X,14205000.5,14200001,14210000
X,14215000.5,14210001,14220000
X,14225000.5,14220001,14230000
X,14235000.5,14230001,14240000
X,14245000.5,14240001,14250000
X,14255000.5,14250001,14260000
X,14265000.5,14260001,14270000
X,14275000.5,14270001,14280000
X,14285000.5,14280001,14290000
X,14295000.5,14290001,14300000
X,14305000.5,14300001,14310000
X,14315000.5,14310001,14320000
X,14325000.5,14320001,14330000
X,14335000.5,14330001,14340000
X,14345000.5,14340001,14350000
X,14355000.5,14350001,14360000
X,14365000.5,14360001,14370000
X,14375000.5,14370001,14380000
X,14385000.5,14380001,14390000
X,14395000.5,14390001,14400000
X,14405000.5,14400001,14410000
X,14415000.5,14410001,14420000
X,14425000.5,14420001,14430000
X,14435000.5,14430001,14440000
X,14445000.5,14440001,14450000
X,14455000.5,14450001,14460000
X,14465000.5,14460001,14470000
X,14475000.5,14470001,14480000
X,14485000.5,14480001,14490000
X,14495000.5,14490001,14500000
X,14505000.5,14500001,14510000
X,14515000.5,14510001,14520000
X,14525000.5,14520001,14530000
X,14535000.5,14530001,14540000
X,14545000.5,14540001,14550000
X,14555000.5,14550001,14560000
X,14565000.5,14560001,14570000
X,14575000.5,14570001,14580000
X,14585000.5,14580001,14590000
X,14595000.5,14590001,14600000
X,14605000.5,14600001,14610000
X,14615000.5,14610001,14620000
X,14625000.5,14620001,14630000
X,14635000.5,14630001,14640000
X,14645000.5,14640001,14650000
X,14655000.5,14650001,14660000
X,14665000.5,14660001,14670000
X,14675000.5,14670001,14680000
X,14685000.5,14680001,14690000
X,14695000.5,14690001,14700000
X,14705000.5,14700001,14710000
X,14715000.5,14710001,14720000
X,14725000.5,14720001,14730000
X,14735000.5,14730001,14740000
X,14745000.5,14740001,14750000
X,14755000.5,14750001,14760000
X,14765000.5,14760001,14770000
X,14775000.5,14770001,14780000
X,14785000.5,14780001,14790000
X,14795000.5,14790001,14800000
X,14805000.5,14800001,14810000
X,14815000.5,14810001,14820000
X,14825000.5,14820001,14830000
X,14835000.5,14830001,14840000
X,14845000.5,14840001,14850000
X,14855000.5,14850001,14860000
X,14865000.5,14860001,14870000
X,14875000.5,14870001,14880000
X,14885000.5,14880001,14890000
X,14895000.5,14890001,14900000
X,14905000.5,14900001,14910000
X,14915000.5,14910001,14920000
X,14925000.5,14920001,14930000
X,14935000.5,14930001,14940000
X,14945000.5,14940001,14950000
X,14955000.5,14950001,14960000
X,14965000.5,14960001,14970000
X,14975000.5,14970001,14980000
X,14985000.5,14980001,14990000
X,14995000.5,14990001,15000000
X,15005000.5,15000001,15010000
X,15015000.5,15010001,15020000
X,15025000.5,15020001,15030000
X,15035000.5,15030001,15040000
X,15045000.5,15040001,15050000
X,15055000.5,15050001,15060000
X,15065000.5,15060001,15070000
X,15075000.5,15070001,15080000
X,15085000.5,15080001,15090000
X,15095000.5,15090001,15100000
X,15105000.5,15100001,15110000
X,15115000.5,15110001,15120000
X,15125000.5,15120001,15130000
X,15135000.5,15130001,15140000
X,15145000.5,15140001,15150000
X,15155000.5,15150001,15160000
X,15165000.5,15160001,15170000
X,15175000.5,15170001,15180000
X,15185000.5,15180001,15190000
X,15195000.5,15190001,15200000
X,15205000.5,15200001,15210000
X,15215000.5,15210001,15220000
X,15225000.5,15220001,15230000
X,15235000.5,15230001,15240000
X,15245000.5,15240001,15250000
X,15255000.5,15250001,15260000
X,15265000.5,15260001,15270000
X,15275000.5,15270001,15280000
X,15285000.5,15280001,15290000
X,15295000.5,15290001,15300000
X,15305000.5,15300001,15310000
X,15315000.5,15310001,15320000
X,15325000.5,15320001,15330000
X,15335000.5,15330001,15340000
X,15345000.5,15340001,15350000
X,15355000.5,15350001,15360000
X,15365000.5,15360001,15370000
X,15375000.5,15370001,15380000
X,15385000.5,15380001,15390000
X,15395000.5,15390001,15400000
X,15405000.5,15400001,15410000
X,15415000.5,15410001,15420000
X,15425000.5,15420001,15430000
X,15435000.5,15430001,15440000
X,15445000.5,15440001,15450000
X,15455000.5,15450001,15460000
X,15465000.5,15460001,15470000
X,15475000.5,15470001,15480000
X,15485000.5,15480001,15490000
X,15495000.5,15490001,15500000
X,15505000.5,15500001,15510000
X,15515000.5,15510001,15520000
X,15525000.5,15520001,15530000
X,15535000.5,15530001,15540000
X,15545000.5,15540001,15550000
X,15555000.5,15550001,15560000
X,15565000.5,15560001,15570000
X,15575000.5,15570001,15580000
X,15585000.5,15580001,15590000
X,15595000.5,15590001,15600000
X,15605000.5,15600001,15610000
X,15615000.5,15610001,15620000
X,15625000.5,15620001,15630000
X,15635000.5,15630001,15640000
X,15645000.5,15640001,15650000
X,15655000.5,15650001,15660000
X,15665000.5,15660001,15670000
X,15675000.5,15670001,15680000
X,15685000.5,15680001,15690000
X,15695000.5,15690001,15700000
X,15705000.5,15700001,15710000
X,15715000.5,15710001,15720000
X,15725000.5,15720001,15730000
X,15735000.5,15730001,15740000
X,15745000.5,15740001,15750000
X,15755000.5,15750001,15760000
X,15765000.5,15760001,15770000
X,15775000.5,15770001,15780000
X,15785000.5,15780001,15790000
X,15795000.5,15790001,15800000
X,15805000.5,15800001,15810000
X,15815000.5,15810001,15820000
X,15825000.5,15820001,15830000
X,15835000.5,15830001,15840000
X,15845000.5,15840001,15850000
X,15855000.5,15850001,15860000
X,15865000.5,15860001,15870000
X,15875000.5,15870001,15880000
X,15885000.5,15880001,15890000
X,15895000.5,15890001,15900000
X,15905000.5,15900001,15910000
X,15915000.5,15910001,15920000
X,15925000.5,15920001,15930000
X,15935000.5,15930001,15940000
X,15945000.5,15940001,15950000
X,15955000.5,15950001,15960000
X,15965000.5,15960001,15970000
X,15975000.5,15970001,15980000
